ISO-10303-21;
HEADER;
/* Generated by software containing ST-Developer
 * from STEP Tools, Inc. (www.steptools.com) 
 */
/* OPTION: using custom renumber hook */

FILE_DESCRIPTION(
/* description */ ('STEP AP242',
'CAx-IF Rec.Pracs.---Representation and Presentation of Product Manufa
cturing Information (PMI)---4.0---2014-10-13',
'CAx-IF Rec.Pracs.---3D Tessellated Geometry---0.4---2014-09-14','2;1'),

/* implementation_level */ '2;1');

FILE_NAME(
/* name */ '67fd5bb326dae911dc53d7a3',
/* time_stamp */ '2025-04-14T19:02:12Z',
/* author */ (''),
/* organization */ (''),
/* preprocessor_version */ 'ST-DEVELOPER v20',
/* originating_system */ 'ONSHAPE BY PTC INC, 1.196',
/* authorisation */ '  ');

FILE_SCHEMA (('AP242_MANAGED_MODEL_BASED_3D_ENGINEERING_MIM_LF { 1 0 10303 442 1 1 4 }'));
ENDSEC;

DATA;
#10=SHAPE_REPRESENTATION_RELATIONSHIP('','',#3156,#11);
#11=ADVANCED_BREP_SHAPE_REPRESENTATION('',(#3154),#4650);
#12=CYLINDRICAL_SURFACE('',#3163,0.0002);
#13=CYLINDRICAL_SURFACE('',#3172,0.0002);
#14=CIRCLE('',#3159,0.0002);
#15=CIRCLE('',#3161,0.0002);
#16=CIRCLE('',#3169,0.0002);
#17=CIRCLE('',#3171,0.0002);
#18=ORIENTED_EDGE('',*,*,#738,.T.);
#19=ORIENTED_EDGE('',*,*,#739,.T.);
#20=ORIENTED_EDGE('',*,*,#740,.T.);
#21=ORIENTED_EDGE('',*,*,#741,.T.);
#22=ORIENTED_EDGE('',*,*,#742,.T.);
#23=ORIENTED_EDGE('',*,*,#743,.T.);
#24=ORIENTED_EDGE('',*,*,#744,.T.);
#25=ORIENTED_EDGE('',*,*,#745,.F.);
#26=ORIENTED_EDGE('',*,*,#746,.F.);
#27=ORIENTED_EDGE('',*,*,#747,.F.);
#28=ORIENTED_EDGE('',*,*,#748,.F.);
#29=ORIENTED_EDGE('',*,*,#749,.F.);
#30=ORIENTED_EDGE('',*,*,#750,.F.);
#31=ORIENTED_EDGE('',*,*,#751,.F.);
#32=ORIENTED_EDGE('',*,*,#742,.F.);
#33=ORIENTED_EDGE('',*,*,#752,.F.);
#34=ORIENTED_EDGE('',*,*,#749,.T.);
#35=ORIENTED_EDGE('',*,*,#753,.T.);
#36=ORIENTED_EDGE('',*,*,#741,.F.);
#37=ORIENTED_EDGE('',*,*,#754,.F.);
#38=ORIENTED_EDGE('',*,*,#750,.T.);
#39=ORIENTED_EDGE('',*,*,#752,.T.);
#40=ORIENTED_EDGE('',*,*,#740,.F.);
#41=ORIENTED_EDGE('',*,*,#755,.T.);
#42=ORIENTED_EDGE('',*,*,#751,.T.);
#43=ORIENTED_EDGE('',*,*,#754,.T.);
#44=ORIENTED_EDGE('',*,*,#746,.T.);
#45=ORIENTED_EDGE('',*,*,#756,.T.);
#46=ORIENTED_EDGE('',*,*,#738,.F.);
#47=ORIENTED_EDGE('',*,*,#757,.F.);
#48=ORIENTED_EDGE('',*,*,#744,.F.);
#49=ORIENTED_EDGE('',*,*,#758,.F.);
#50=ORIENTED_EDGE('',*,*,#747,.T.);
#51=ORIENTED_EDGE('',*,*,#757,.T.);
#52=ORIENTED_EDGE('',*,*,#743,.F.);
#53=ORIENTED_EDGE('',*,*,#753,.F.);
#54=ORIENTED_EDGE('',*,*,#748,.T.);
#55=ORIENTED_EDGE('',*,*,#758,.T.);
#56=ORIENTED_EDGE('',*,*,#759,.T.);
#57=ORIENTED_EDGE('',*,*,#760,.T.);
#58=ORIENTED_EDGE('',*,*,#761,.T.);
#59=ORIENTED_EDGE('',*,*,#762,.T.);
#60=ORIENTED_EDGE('',*,*,#763,.T.);
#61=ORIENTED_EDGE('',*,*,#764,.T.);
#62=ORIENTED_EDGE('',*,*,#765,.T.);
#63=ORIENTED_EDGE('',*,*,#766,.F.);
#64=ORIENTED_EDGE('',*,*,#767,.F.);
#65=ORIENTED_EDGE('',*,*,#768,.F.);
#66=ORIENTED_EDGE('',*,*,#769,.F.);
#67=ORIENTED_EDGE('',*,*,#770,.F.);
#68=ORIENTED_EDGE('',*,*,#771,.F.);
#69=ORIENTED_EDGE('',*,*,#772,.F.);
#70=ORIENTED_EDGE('',*,*,#765,.F.);
#71=ORIENTED_EDGE('',*,*,#773,.F.);
#72=ORIENTED_EDGE('',*,*,#768,.T.);
#73=ORIENTED_EDGE('',*,*,#774,.T.);
#74=ORIENTED_EDGE('',*,*,#764,.F.);
#75=ORIENTED_EDGE('',*,*,#775,.F.);
#76=ORIENTED_EDGE('',*,*,#769,.T.);
#77=ORIENTED_EDGE('',*,*,#773,.T.);
#78=ORIENTED_EDGE('',*,*,#763,.F.);
#79=ORIENTED_EDGE('',*,*,#776,.F.);
#80=ORIENTED_EDGE('',*,*,#770,.T.);
#81=ORIENTED_EDGE('',*,*,#775,.T.);
#82=ORIENTED_EDGE('',*,*,#762,.F.);
#83=ORIENTED_EDGE('',*,*,#777,.F.);
#84=ORIENTED_EDGE('',*,*,#771,.T.);
#85=ORIENTED_EDGE('',*,*,#776,.T.);
#86=ORIENTED_EDGE('',*,*,#761,.F.);
#87=ORIENTED_EDGE('',*,*,#778,.T.);
#88=ORIENTED_EDGE('',*,*,#772,.T.);
#89=ORIENTED_EDGE('',*,*,#777,.T.);
#90=ORIENTED_EDGE('',*,*,#767,.T.);
#91=ORIENTED_EDGE('',*,*,#779,.T.);
#92=ORIENTED_EDGE('',*,*,#759,.F.);
#93=ORIENTED_EDGE('',*,*,#774,.F.);
#94=ORIENTED_EDGE('',*,*,#780,.T.);
#95=ORIENTED_EDGE('',*,*,#781,.T.);
#96=ORIENTED_EDGE('',*,*,#782,.T.);
#97=ORIENTED_EDGE('',*,*,#783,.T.);
#98=ORIENTED_EDGE('',*,*,#784,.T.);
#99=ORIENTED_EDGE('',*,*,#785,.F.);
#100=ORIENTED_EDGE('',*,*,#786,.T.);
#101=ORIENTED_EDGE('',*,*,#781,.F.);
#102=ORIENTED_EDGE('',*,*,#787,.T.);
#103=ORIENTED_EDGE('',*,*,#788,.F.);
#104=ORIENTED_EDGE('',*,*,#789,.T.);
#105=ORIENTED_EDGE('',*,*,#790,.F.);
#106=ORIENTED_EDGE('',*,*,#791,.T.);
#107=ORIENTED_EDGE('',*,*,#790,.T.);
#108=ORIENTED_EDGE('',*,*,#792,.T.);
#109=ORIENTED_EDGE('',*,*,#793,.T.);
#110=ORIENTED_EDGE('',*,*,#794,.T.);
#111=ORIENTED_EDGE('',*,*,#795,.F.);
#112=ORIENTED_EDGE('',*,*,#796,.F.);
#113=ORIENTED_EDGE('',*,*,#797,.T.);
#114=ORIENTED_EDGE('',*,*,#798,.F.);
#115=ORIENTED_EDGE('',*,*,#799,.T.);
#116=ORIENTED_EDGE('',*,*,#797,.F.);
#117=ORIENTED_EDGE('',*,*,#800,.F.);
#118=ORIENTED_EDGE('',*,*,#801,.F.);
#119=ORIENTED_EDGE('',*,*,#802,.F.);
#120=ORIENTED_EDGE('',*,*,#795,.T.);
#121=ORIENTED_EDGE('',*,*,#803,.T.);
#122=ORIENTED_EDGE('',*,*,#804,.F.);
#123=ORIENTED_EDGE('',*,*,#803,.F.);
#124=ORIENTED_EDGE('',*,*,#794,.F.);
#125=ORIENTED_EDGE('',*,*,#799,.F.);
#126=ORIENTED_EDGE('',*,*,#802,.T.);
#127=ORIENTED_EDGE('',*,*,#805,.T.);
#128=ORIENTED_EDGE('',*,*,#800,.T.);
#129=ORIENTED_EDGE('',*,*,#796,.T.);
#130=ORIENTED_EDGE('',*,*,#806,.T.);
#131=ORIENTED_EDGE('',*,*,#807,.F.);
#132=ORIENTED_EDGE('',*,*,#808,.F.);
#133=ORIENTED_EDGE('',*,*,#809,.T.);
#134=ORIENTED_EDGE('',*,*,#810,.F.);
#135=ORIENTED_EDGE('',*,*,#811,.F.);
#136=ORIENTED_EDGE('',*,*,#812,.T.);
#137=ORIENTED_EDGE('',*,*,#813,.T.);
#138=ORIENTED_EDGE('',*,*,#811,.T.);
#139=ORIENTED_EDGE('',*,*,#814,.T.);
#140=ORIENTED_EDGE('',*,*,#815,.T.);
#141=ORIENTED_EDGE('',*,*,#808,.T.);
#142=ORIENTED_EDGE('',*,*,#816,.T.);
#143=ORIENTED_EDGE('',*,*,#817,.T.);
#144=ORIENTED_EDGE('',*,*,#818,.T.);
#145=ORIENTED_EDGE('',*,*,#819,.T.);
#146=ORIENTED_EDGE('',*,*,#820,.F.);
#147=ORIENTED_EDGE('',*,*,#813,.F.);
#148=ORIENTED_EDGE('',*,*,#821,.F.);
#149=ORIENTED_EDGE('',*,*,#822,.F.);
#150=ORIENTED_EDGE('',*,*,#823,.F.);
#151=ORIENTED_EDGE('',*,*,#824,.F.);
#152=ORIENTED_EDGE('',*,*,#806,.F.);
#153=ORIENTED_EDGE('',*,*,#825,.F.);
#154=ORIENTED_EDGE('',*,*,#821,.T.);
#155=ORIENTED_EDGE('',*,*,#812,.F.);
#156=ORIENTED_EDGE('',*,*,#819,.F.);
#157=ORIENTED_EDGE('',*,*,#826,.T.);
#158=ORIENTED_EDGE('',*,*,#822,.T.);
#159=ORIENTED_EDGE('',*,*,#826,.F.);
#160=ORIENTED_EDGE('',*,*,#818,.F.);
#161=ORIENTED_EDGE('',*,*,#827,.T.);
#162=ORIENTED_EDGE('',*,*,#823,.T.);
#163=ORIENTED_EDGE('',*,*,#827,.F.);
#164=ORIENTED_EDGE('',*,*,#817,.F.);
#165=ORIENTED_EDGE('',*,*,#828,.T.);
#166=ORIENTED_EDGE('',*,*,#824,.T.);
#167=ORIENTED_EDGE('',*,*,#828,.F.);
#168=ORIENTED_EDGE('',*,*,#816,.F.);
#169=ORIENTED_EDGE('',*,*,#807,.T.);
#170=ORIENTED_EDGE('',*,*,#829,.T.);
#171=ORIENTED_EDGE('',*,*,#830,.F.);
#172=ORIENTED_EDGE('',*,*,#831,.F.);
#173=ORIENTED_EDGE('',*,*,#832,.T.);
#174=ORIENTED_EDGE('',*,*,#833,.F.);
#175=ORIENTED_EDGE('',*,*,#834,.T.);
#176=ORIENTED_EDGE('',*,*,#832,.F.);
#177=ORIENTED_EDGE('',*,*,#835,.F.);
#178=ORIENTED_EDGE('',*,*,#836,.F.);
#179=ORIENTED_EDGE('',*,*,#837,.F.);
#180=ORIENTED_EDGE('',*,*,#830,.T.);
#181=ORIENTED_EDGE('',*,*,#838,.T.);
#182=ORIENTED_EDGE('',*,*,#839,.F.);
#183=ORIENTED_EDGE('',*,*,#838,.F.);
#184=ORIENTED_EDGE('',*,*,#829,.F.);
#185=ORIENTED_EDGE('',*,*,#834,.F.);
#186=ORIENTED_EDGE('',*,*,#837,.T.);
#187=ORIENTED_EDGE('',*,*,#840,.T.);
#188=ORIENTED_EDGE('',*,*,#835,.T.);
#189=ORIENTED_EDGE('',*,*,#831,.T.);
#190=ORIENTED_EDGE('',*,*,#841,.T.);
#191=ORIENTED_EDGE('',*,*,#842,.F.);
#192=ORIENTED_EDGE('',*,*,#843,.F.);
#193=ORIENTED_EDGE('',*,*,#844,.T.);
#194=ORIENTED_EDGE('',*,*,#845,.F.);
#195=ORIENTED_EDGE('',*,*,#846,.F.);
#196=ORIENTED_EDGE('',*,*,#847,.T.);
#197=ORIENTED_EDGE('',*,*,#848,.T.);
#198=ORIENTED_EDGE('',*,*,#846,.T.);
#199=ORIENTED_EDGE('',*,*,#849,.T.);
#200=ORIENTED_EDGE('',*,*,#850,.T.);
#201=ORIENTED_EDGE('',*,*,#843,.T.);
#202=ORIENTED_EDGE('',*,*,#851,.T.);
#203=ORIENTED_EDGE('',*,*,#852,.T.);
#204=ORIENTED_EDGE('',*,*,#853,.T.);
#205=ORIENTED_EDGE('',*,*,#854,.T.);
#206=ORIENTED_EDGE('',*,*,#855,.F.);
#207=ORIENTED_EDGE('',*,*,#848,.F.);
#208=ORIENTED_EDGE('',*,*,#856,.F.);
#209=ORIENTED_EDGE('',*,*,#857,.F.);
#210=ORIENTED_EDGE('',*,*,#858,.F.);
#211=ORIENTED_EDGE('',*,*,#859,.F.);
#212=ORIENTED_EDGE('',*,*,#841,.F.);
#213=ORIENTED_EDGE('',*,*,#860,.F.);
#214=ORIENTED_EDGE('',*,*,#856,.T.);
#215=ORIENTED_EDGE('',*,*,#847,.F.);
#216=ORIENTED_EDGE('',*,*,#854,.F.);
#217=ORIENTED_EDGE('',*,*,#861,.T.);
#218=ORIENTED_EDGE('',*,*,#857,.T.);
#219=ORIENTED_EDGE('',*,*,#861,.F.);
#220=ORIENTED_EDGE('',*,*,#853,.F.);
#221=ORIENTED_EDGE('',*,*,#862,.T.);
#222=ORIENTED_EDGE('',*,*,#858,.T.);
#223=ORIENTED_EDGE('',*,*,#862,.F.);
#224=ORIENTED_EDGE('',*,*,#852,.F.);
#225=ORIENTED_EDGE('',*,*,#863,.T.);
#226=ORIENTED_EDGE('',*,*,#859,.T.);
#227=ORIENTED_EDGE('',*,*,#863,.F.);
#228=ORIENTED_EDGE('',*,*,#851,.F.);
#229=ORIENTED_EDGE('',*,*,#842,.T.);
#230=ORIENTED_EDGE('',*,*,#864,.T.);
#231=ORIENTED_EDGE('',*,*,#865,.F.);
#232=ORIENTED_EDGE('',*,*,#866,.F.);
#233=ORIENTED_EDGE('',*,*,#867,.T.);
#234=ORIENTED_EDGE('',*,*,#868,.F.);
#235=ORIENTED_EDGE('',*,*,#869,.T.);
#236=ORIENTED_EDGE('',*,*,#867,.F.);
#237=ORIENTED_EDGE('',*,*,#870,.F.);
#238=ORIENTED_EDGE('',*,*,#871,.F.);
#239=ORIENTED_EDGE('',*,*,#872,.F.);
#240=ORIENTED_EDGE('',*,*,#865,.T.);
#241=ORIENTED_EDGE('',*,*,#873,.T.);
#242=ORIENTED_EDGE('',*,*,#874,.F.);
#243=ORIENTED_EDGE('',*,*,#873,.F.);
#244=ORIENTED_EDGE('',*,*,#864,.F.);
#245=ORIENTED_EDGE('',*,*,#869,.F.);
#246=ORIENTED_EDGE('',*,*,#872,.T.);
#247=ORIENTED_EDGE('',*,*,#875,.T.);
#248=ORIENTED_EDGE('',*,*,#870,.T.);
#249=ORIENTED_EDGE('',*,*,#866,.T.);
#250=ORIENTED_EDGE('',*,*,#876,.T.);
#251=ORIENTED_EDGE('',*,*,#877,.F.);
#252=ORIENTED_EDGE('',*,*,#878,.F.);
#253=ORIENTED_EDGE('',*,*,#879,.T.);
#254=ORIENTED_EDGE('',*,*,#880,.F.);
#255=ORIENTED_EDGE('',*,*,#881,.F.);
#256=ORIENTED_EDGE('',*,*,#882,.T.);
#257=ORIENTED_EDGE('',*,*,#883,.T.);
#258=ORIENTED_EDGE('',*,*,#881,.T.);
#259=ORIENTED_EDGE('',*,*,#884,.T.);
#260=ORIENTED_EDGE('',*,*,#885,.T.);
#261=ORIENTED_EDGE('',*,*,#878,.T.);
#262=ORIENTED_EDGE('',*,*,#886,.T.);
#263=ORIENTED_EDGE('',*,*,#887,.T.);
#264=ORIENTED_EDGE('',*,*,#888,.T.);
#265=ORIENTED_EDGE('',*,*,#889,.T.);
#266=ORIENTED_EDGE('',*,*,#890,.F.);
#267=ORIENTED_EDGE('',*,*,#883,.F.);
#268=ORIENTED_EDGE('',*,*,#891,.F.);
#269=ORIENTED_EDGE('',*,*,#892,.F.);
#270=ORIENTED_EDGE('',*,*,#893,.F.);
#271=ORIENTED_EDGE('',*,*,#894,.F.);
#272=ORIENTED_EDGE('',*,*,#876,.F.);
#273=ORIENTED_EDGE('',*,*,#895,.F.);
#274=ORIENTED_EDGE('',*,*,#891,.T.);
#275=ORIENTED_EDGE('',*,*,#882,.F.);
#276=ORIENTED_EDGE('',*,*,#889,.F.);
#277=ORIENTED_EDGE('',*,*,#896,.T.);
#278=ORIENTED_EDGE('',*,*,#892,.T.);
#279=ORIENTED_EDGE('',*,*,#896,.F.);
#280=ORIENTED_EDGE('',*,*,#888,.F.);
#281=ORIENTED_EDGE('',*,*,#897,.T.);
#282=ORIENTED_EDGE('',*,*,#893,.T.);
#283=ORIENTED_EDGE('',*,*,#897,.F.);
#284=ORIENTED_EDGE('',*,*,#887,.F.);
#285=ORIENTED_EDGE('',*,*,#898,.T.);
#286=ORIENTED_EDGE('',*,*,#894,.T.);
#287=ORIENTED_EDGE('',*,*,#898,.F.);
#288=ORIENTED_EDGE('',*,*,#886,.F.);
#289=ORIENTED_EDGE('',*,*,#877,.T.);
#290=ORIENTED_EDGE('',*,*,#899,.T.);
#291=ORIENTED_EDGE('',*,*,#900,.F.);
#292=ORIENTED_EDGE('',*,*,#901,.F.);
#293=ORIENTED_EDGE('',*,*,#902,.T.);
#294=ORIENTED_EDGE('',*,*,#903,.F.);
#295=ORIENTED_EDGE('',*,*,#904,.T.);
#296=ORIENTED_EDGE('',*,*,#902,.F.);
#297=ORIENTED_EDGE('',*,*,#905,.F.);
#298=ORIENTED_EDGE('',*,*,#906,.F.);
#299=ORIENTED_EDGE('',*,*,#907,.F.);
#300=ORIENTED_EDGE('',*,*,#900,.T.);
#301=ORIENTED_EDGE('',*,*,#908,.T.);
#302=ORIENTED_EDGE('',*,*,#909,.F.);
#303=ORIENTED_EDGE('',*,*,#908,.F.);
#304=ORIENTED_EDGE('',*,*,#899,.F.);
#305=ORIENTED_EDGE('',*,*,#904,.F.);
#306=ORIENTED_EDGE('',*,*,#907,.T.);
#307=ORIENTED_EDGE('',*,*,#910,.T.);
#308=ORIENTED_EDGE('',*,*,#905,.T.);
#309=ORIENTED_EDGE('',*,*,#901,.T.);
#310=ORIENTED_EDGE('',*,*,#911,.T.);
#311=ORIENTED_EDGE('',*,*,#912,.F.);
#312=ORIENTED_EDGE('',*,*,#913,.F.);
#313=ORIENTED_EDGE('',*,*,#914,.T.);
#314=ORIENTED_EDGE('',*,*,#915,.F.);
#315=ORIENTED_EDGE('',*,*,#916,.F.);
#316=ORIENTED_EDGE('',*,*,#917,.T.);
#317=ORIENTED_EDGE('',*,*,#918,.T.);
#318=ORIENTED_EDGE('',*,*,#916,.T.);
#319=ORIENTED_EDGE('',*,*,#919,.T.);
#320=ORIENTED_EDGE('',*,*,#920,.T.);
#321=ORIENTED_EDGE('',*,*,#913,.T.);
#322=ORIENTED_EDGE('',*,*,#921,.T.);
#323=ORIENTED_EDGE('',*,*,#922,.T.);
#324=ORIENTED_EDGE('',*,*,#923,.T.);
#325=ORIENTED_EDGE('',*,*,#924,.T.);
#326=ORIENTED_EDGE('',*,*,#925,.F.);
#327=ORIENTED_EDGE('',*,*,#918,.F.);
#328=ORIENTED_EDGE('',*,*,#926,.F.);
#329=ORIENTED_EDGE('',*,*,#927,.F.);
#330=ORIENTED_EDGE('',*,*,#928,.F.);
#331=ORIENTED_EDGE('',*,*,#929,.F.);
#332=ORIENTED_EDGE('',*,*,#911,.F.);
#333=ORIENTED_EDGE('',*,*,#930,.F.);
#334=ORIENTED_EDGE('',*,*,#926,.T.);
#335=ORIENTED_EDGE('',*,*,#917,.F.);
#336=ORIENTED_EDGE('',*,*,#924,.F.);
#337=ORIENTED_EDGE('',*,*,#931,.T.);
#338=ORIENTED_EDGE('',*,*,#927,.T.);
#339=ORIENTED_EDGE('',*,*,#931,.F.);
#340=ORIENTED_EDGE('',*,*,#923,.F.);
#341=ORIENTED_EDGE('',*,*,#932,.T.);
#342=ORIENTED_EDGE('',*,*,#928,.T.);
#343=ORIENTED_EDGE('',*,*,#932,.F.);
#344=ORIENTED_EDGE('',*,*,#922,.F.);
#345=ORIENTED_EDGE('',*,*,#933,.T.);
#346=ORIENTED_EDGE('',*,*,#929,.T.);
#347=ORIENTED_EDGE('',*,*,#933,.F.);
#348=ORIENTED_EDGE('',*,*,#921,.F.);
#349=ORIENTED_EDGE('',*,*,#912,.T.);
#350=ORIENTED_EDGE('',*,*,#934,.T.);
#351=ORIENTED_EDGE('',*,*,#935,.F.);
#352=ORIENTED_EDGE('',*,*,#936,.F.);
#353=ORIENTED_EDGE('',*,*,#937,.T.);
#354=ORIENTED_EDGE('',*,*,#938,.F.);
#355=ORIENTED_EDGE('',*,*,#939,.T.);
#356=ORIENTED_EDGE('',*,*,#937,.F.);
#357=ORIENTED_EDGE('',*,*,#940,.F.);
#358=ORIENTED_EDGE('',*,*,#941,.F.);
#359=ORIENTED_EDGE('',*,*,#942,.F.);
#360=ORIENTED_EDGE('',*,*,#935,.T.);
#361=ORIENTED_EDGE('',*,*,#943,.T.);
#362=ORIENTED_EDGE('',*,*,#944,.F.);
#363=ORIENTED_EDGE('',*,*,#943,.F.);
#364=ORIENTED_EDGE('',*,*,#934,.F.);
#365=ORIENTED_EDGE('',*,*,#939,.F.);
#366=ORIENTED_EDGE('',*,*,#942,.T.);
#367=ORIENTED_EDGE('',*,*,#945,.T.);
#368=ORIENTED_EDGE('',*,*,#940,.T.);
#369=ORIENTED_EDGE('',*,*,#936,.T.);
#370=ORIENTED_EDGE('',*,*,#946,.T.);
#371=ORIENTED_EDGE('',*,*,#947,.F.);
#372=ORIENTED_EDGE('',*,*,#948,.F.);
#373=ORIENTED_EDGE('',*,*,#949,.T.);
#374=ORIENTED_EDGE('',*,*,#950,.F.);
#375=ORIENTED_EDGE('',*,*,#951,.F.);
#376=ORIENTED_EDGE('',*,*,#952,.T.);
#377=ORIENTED_EDGE('',*,*,#953,.T.);
#378=ORIENTED_EDGE('',*,*,#951,.T.);
#379=ORIENTED_EDGE('',*,*,#954,.T.);
#380=ORIENTED_EDGE('',*,*,#955,.T.);
#381=ORIENTED_EDGE('',*,*,#948,.T.);
#382=ORIENTED_EDGE('',*,*,#956,.T.);
#383=ORIENTED_EDGE('',*,*,#957,.T.);
#384=ORIENTED_EDGE('',*,*,#958,.T.);
#385=ORIENTED_EDGE('',*,*,#959,.T.);
#386=ORIENTED_EDGE('',*,*,#960,.F.);
#387=ORIENTED_EDGE('',*,*,#953,.F.);
#388=ORIENTED_EDGE('',*,*,#961,.F.);
#389=ORIENTED_EDGE('',*,*,#962,.F.);
#390=ORIENTED_EDGE('',*,*,#963,.F.);
#391=ORIENTED_EDGE('',*,*,#964,.F.);
#392=ORIENTED_EDGE('',*,*,#946,.F.);
#393=ORIENTED_EDGE('',*,*,#965,.F.);
#394=ORIENTED_EDGE('',*,*,#961,.T.);
#395=ORIENTED_EDGE('',*,*,#952,.F.);
#396=ORIENTED_EDGE('',*,*,#959,.F.);
#397=ORIENTED_EDGE('',*,*,#966,.T.);
#398=ORIENTED_EDGE('',*,*,#962,.T.);
#399=ORIENTED_EDGE('',*,*,#966,.F.);
#400=ORIENTED_EDGE('',*,*,#958,.F.);
#401=ORIENTED_EDGE('',*,*,#967,.T.);
#402=ORIENTED_EDGE('',*,*,#963,.T.);
#403=ORIENTED_EDGE('',*,*,#967,.F.);
#404=ORIENTED_EDGE('',*,*,#957,.F.);
#405=ORIENTED_EDGE('',*,*,#968,.T.);
#406=ORIENTED_EDGE('',*,*,#964,.T.);
#407=ORIENTED_EDGE('',*,*,#968,.F.);
#408=ORIENTED_EDGE('',*,*,#956,.F.);
#409=ORIENTED_EDGE('',*,*,#947,.T.);
#410=ORIENTED_EDGE('',*,*,#969,.T.);
#411=ORIENTED_EDGE('',*,*,#970,.F.);
#412=ORIENTED_EDGE('',*,*,#971,.T.);
#413=ORIENTED_EDGE('',*,*,#972,.F.);
#414=ORIENTED_EDGE('',*,*,#973,.T.);
#415=ORIENTED_EDGE('',*,*,#974,.T.);
#416=ORIENTED_EDGE('',*,*,#975,.T.);
#417=ORIENTED_EDGE('',*,*,#970,.T.);
#418=ORIENTED_EDGE('',*,*,#976,.T.);
#419=ORIENTED_EDGE('',*,*,#977,.F.);
#420=ORIENTED_EDGE('',*,*,#978,.T.);
#421=ORIENTED_EDGE('',*,*,#979,.F.);
#422=ORIENTED_EDGE('',*,*,#980,.T.);
#423=ORIENTED_EDGE('',*,*,#981,.T.);
#424=ORIENTED_EDGE('',*,*,#982,.T.);
#425=ORIENTED_EDGE('',*,*,#977,.T.);
#426=ORIENTED_EDGE('',*,*,#814,.F.);
#427=ORIENTED_EDGE('',*,*,#810,.T.);
#428=ORIENTED_EDGE('',*,*,#820,.T.);
#429=ORIENTED_EDGE('',*,*,#983,.F.);
#430=ORIENTED_EDGE('',*,*,#984,.F.);
#431=ORIENTED_EDGE('',*,*,#985,.F.);
#432=ORIENTED_EDGE('',*,*,#986,.T.);
#433=ORIENTED_EDGE('',*,*,#987,.F.);
#434=ORIENTED_EDGE('',*,*,#954,.F.);
#435=ORIENTED_EDGE('',*,*,#950,.T.);
#436=ORIENTED_EDGE('',*,*,#960,.T.);
#437=ORIENTED_EDGE('',*,*,#988,.F.);
#438=ORIENTED_EDGE('',*,*,#919,.F.);
#439=ORIENTED_EDGE('',*,*,#915,.T.);
#440=ORIENTED_EDGE('',*,*,#925,.T.);
#441=ORIENTED_EDGE('',*,*,#989,.F.);
#442=ORIENTED_EDGE('',*,*,#884,.F.);
#443=ORIENTED_EDGE('',*,*,#880,.T.);
#444=ORIENTED_EDGE('',*,*,#890,.T.);
#445=ORIENTED_EDGE('',*,*,#990,.F.);
#446=ORIENTED_EDGE('',*,*,#849,.F.);
#447=ORIENTED_EDGE('',*,*,#845,.T.);
#448=ORIENTED_EDGE('',*,*,#855,.T.);
#449=ORIENTED_EDGE('',*,*,#991,.F.);
#450=ORIENTED_EDGE('',*,*,#815,.F.);
#451=ORIENTED_EDGE('',*,*,#991,.T.);
#452=ORIENTED_EDGE('',*,*,#860,.T.);
#453=ORIENTED_EDGE('',*,*,#844,.F.);
#454=ORIENTED_EDGE('',*,*,#850,.F.);
#455=ORIENTED_EDGE('',*,*,#990,.T.);
#456=ORIENTED_EDGE('',*,*,#895,.T.);
#457=ORIENTED_EDGE('',*,*,#879,.F.);
#458=ORIENTED_EDGE('',*,*,#885,.F.);
#459=ORIENTED_EDGE('',*,*,#989,.T.);
#460=ORIENTED_EDGE('',*,*,#930,.T.);
#461=ORIENTED_EDGE('',*,*,#914,.F.);
#462=ORIENTED_EDGE('',*,*,#920,.F.);
#463=ORIENTED_EDGE('',*,*,#988,.T.);
#464=ORIENTED_EDGE('',*,*,#965,.T.);
#465=ORIENTED_EDGE('',*,*,#949,.F.);
#466=ORIENTED_EDGE('',*,*,#955,.F.);
#467=ORIENTED_EDGE('',*,*,#987,.T.);
#468=ORIENTED_EDGE('',*,*,#992,.T.);
#469=ORIENTED_EDGE('',*,*,#993,.T.);
#470=ORIENTED_EDGE('',*,*,#994,.F.);
#471=ORIENTED_EDGE('',*,*,#983,.T.);
#472=ORIENTED_EDGE('',*,*,#825,.T.);
#473=ORIENTED_EDGE('',*,*,#809,.F.);
#474=ORIENTED_EDGE('',*,*,#995,.F.);
#475=ORIENTED_EDGE('',*,*,#996,.F.);
#476=ORIENTED_EDGE('',*,*,#997,.F.);
#477=ORIENTED_EDGE('',*,*,#998,.F.);
#478=ORIENTED_EDGE('',*,*,#999,.T.);
#479=ORIENTED_EDGE('',*,*,#1000,.T.);
#480=ORIENTED_EDGE('',*,*,#1001,.T.);
#481=ORIENTED_EDGE('',*,*,#1002,.T.);
#482=ORIENTED_EDGE('',*,*,#996,.T.);
#483=ORIENTED_EDGE('',*,*,#1003,.F.);
#484=ORIENTED_EDGE('',*,*,#1002,.F.);
#485=ORIENTED_EDGE('',*,*,#1004,.T.);
#486=ORIENTED_EDGE('',*,*,#997,.T.);
#487=ORIENTED_EDGE('',*,*,#1004,.F.);
#488=ORIENTED_EDGE('',*,*,#1001,.F.);
#489=ORIENTED_EDGE('',*,*,#1005,.T.);
#490=ORIENTED_EDGE('',*,*,#995,.T.);
#491=ORIENTED_EDGE('',*,*,#1006,.F.);
#492=ORIENTED_EDGE('',*,*,#999,.F.);
#493=ORIENTED_EDGE('',*,*,#1003,.T.);
#494=ORIENTED_EDGE('',*,*,#982,.F.);
#495=ORIENTED_EDGE('',*,*,#1007,.T.);
#496=ORIENTED_EDGE('',*,*,#1008,.F.);
#497=ORIENTED_EDGE('',*,*,#1009,.F.);
#498=ORIENTED_EDGE('',*,*,#1010,.T.);
#499=ORIENTED_EDGE('',*,*,#978,.F.);
#500=ORIENTED_EDGE('',*,*,#1011,.F.);
#501=ORIENTED_EDGE('',*,*,#1012,.F.);
#502=ORIENTED_EDGE('',*,*,#1013,.T.);
#503=ORIENTED_EDGE('',*,*,#1009,.T.);
#504=ORIENTED_EDGE('',*,*,#1014,.F.);
#505=ORIENTED_EDGE('',*,*,#1015,.F.);
#506=ORIENTED_EDGE('',*,*,#1016,.T.);
#507=ORIENTED_EDGE('',*,*,#1012,.T.);
#508=ORIENTED_EDGE('',*,*,#1000,.F.);
#509=ORIENTED_EDGE('',*,*,#1006,.T.);
#510=ORIENTED_EDGE('',*,*,#998,.T.);
#511=ORIENTED_EDGE('',*,*,#1005,.F.);
#512=ORIENTED_EDGE('',*,*,#1017,.F.);
#513=ORIENTED_EDGE('',*,*,#1018,.F.);
#514=ORIENTED_EDGE('',*,*,#1019,.T.);
#515=ORIENTED_EDGE('',*,*,#1015,.T.);
#516=ORIENTED_EDGE('',*,*,#975,.F.);
#517=ORIENTED_EDGE('',*,*,#1020,.T.);
#518=ORIENTED_EDGE('',*,*,#1018,.T.);
#519=ORIENTED_EDGE('',*,*,#1021,.F.);
#520=ORIENTED_EDGE('',*,*,#1022,.F.);
#521=ORIENTED_EDGE('',*,*,#971,.F.);
#522=ORIENTED_EDGE('',*,*,#981,.F.);
#523=ORIENTED_EDGE('',*,*,#1023,.T.);
#524=ORIENTED_EDGE('',*,*,#1024,.F.);
#525=ORIENTED_EDGE('',*,*,#1007,.F.);
#526=ORIENTED_EDGE('',*,*,#1025,.T.);
#527=ORIENTED_EDGE('',*,*,#1026,.F.);
#528=ORIENTED_EDGE('',*,*,#1027,.T.);
#529=ORIENTED_EDGE('',*,*,#1028,.T.);
#530=ORIENTED_EDGE('',*,*,#1021,.T.);
#531=ORIENTED_EDGE('',*,*,#1017,.T.);
#532=ORIENTED_EDGE('',*,*,#1014,.T.);
#533=ORIENTED_EDGE('',*,*,#1011,.T.);
#534=ORIENTED_EDGE('',*,*,#1008,.T.);
#535=ORIENTED_EDGE('',*,*,#1024,.T.);
#536=ORIENTED_EDGE('',*,*,#1029,.T.);
#537=ORIENTED_EDGE('',*,*,#1030,.T.);
#538=ORIENTED_EDGE('',*,*,#1031,.T.);
#539=ORIENTED_EDGE('',*,*,#1032,.T.);
#540=ORIENTED_EDGE('',*,*,#1033,.T.);
#541=ORIENTED_EDGE('',*,*,#1026,.T.);
#542=ORIENTED_EDGE('',*,*,#1034,.T.);
#543=ORIENTED_EDGE('',*,*,#1030,.F.);
#544=ORIENTED_EDGE('',*,*,#1035,.T.);
#545=ORIENTED_EDGE('',*,*,#1036,.F.);
#546=ORIENTED_EDGE('',*,*,#1037,.F.);
#547=ORIENTED_EDGE('',*,*,#1038,.F.);
#548=ORIENTED_EDGE('',*,*,#1039,.F.);
#549=ORIENTED_EDGE('',*,*,#1040,.F.);
#550=ORIENTED_EDGE('',*,*,#1041,.T.);
#551=ORIENTED_EDGE('',*,*,#1042,.T.);
#552=ORIENTED_EDGE('',*,*,#1043,.T.);
#553=ORIENTED_EDGE('',*,*,#1044,.T.);
#554=ORIENTED_EDGE('',*,*,#1038,.T.);
#555=ORIENTED_EDGE('',*,*,#1045,.F.);
#556=ORIENTED_EDGE('',*,*,#1044,.F.);
#557=ORIENTED_EDGE('',*,*,#1046,.T.);
#558=ORIENTED_EDGE('',*,*,#1037,.T.);
#559=ORIENTED_EDGE('',*,*,#1047,.F.);
#560=ORIENTED_EDGE('',*,*,#1041,.F.);
#561=ORIENTED_EDGE('',*,*,#1045,.T.);
#562=ORIENTED_EDGE('',*,*,#1048,.F.);
#563=ORIENTED_EDGE('',*,*,#1049,.F.);
#564=ORIENTED_EDGE('',*,*,#1050,.F.);
#565=ORIENTED_EDGE('',*,*,#1051,.F.);
#566=ORIENTED_EDGE('',*,*,#1052,.F.);
#567=ORIENTED_EDGE('',*,*,#1053,.F.);
#568=ORIENTED_EDGE('',*,*,#1054,.F.);
#569=ORIENTED_EDGE('',*,*,#1055,.F.);
#570=ORIENTED_EDGE('',*,*,#1056,.T.);
#571=ORIENTED_EDGE('',*,*,#1050,.T.);
#572=ORIENTED_EDGE('',*,*,#1057,.F.);
#573=ORIENTED_EDGE('',*,*,#1058,.T.);
#574=ORIENTED_EDGE('',*,*,#1057,.T.);
#575=ORIENTED_EDGE('',*,*,#1049,.T.);
#576=ORIENTED_EDGE('',*,*,#1059,.F.);
#577=ORIENTED_EDGE('',*,*,#1060,.T.);
#578=ORIENTED_EDGE('',*,*,#1061,.T.);
#579=ORIENTED_EDGE('',*,*,#1059,.T.);
#580=ORIENTED_EDGE('',*,*,#1048,.T.);
#581=ORIENTED_EDGE('',*,*,#1062,.F.);
#582=ORIENTED_EDGE('',*,*,#1063,.T.);
#583=ORIENTED_EDGE('',*,*,#1064,.F.);
#584=ORIENTED_EDGE('',*,*,#1047,.T.);
#585=ORIENTED_EDGE('',*,*,#1040,.T.);
#586=ORIENTED_EDGE('',*,*,#1065,.T.);
#587=ORIENTED_EDGE('',*,*,#1066,.F.);
#588=ORIENTED_EDGE('',*,*,#1067,.T.);
#589=ORIENTED_EDGE('',*,*,#1064,.T.);
#590=ORIENTED_EDGE('',*,*,#1068,.T.);
#591=ORIENTED_EDGE('',*,*,#1042,.F.);
#592=ORIENTED_EDGE('',*,*,#1069,.T.);
#593=ORIENTED_EDGE('',*,*,#1066,.T.);
#594=ORIENTED_EDGE('',*,*,#1070,.T.);
#595=ORIENTED_EDGE('',*,*,#1071,.T.);
#596=ORIENTED_EDGE('',*,*,#1054,.T.);
#597=ORIENTED_EDGE('',*,*,#1072,.F.);
#598=ORIENTED_EDGE('',*,*,#1072,.T.);
#599=ORIENTED_EDGE('',*,*,#1053,.T.);
#600=ORIENTED_EDGE('',*,*,#1073,.F.);
#601=ORIENTED_EDGE('',*,*,#1074,.T.);
#602=ORIENTED_EDGE('',*,*,#1073,.T.);
#603=ORIENTED_EDGE('',*,*,#1052,.T.);
#604=ORIENTED_EDGE('',*,*,#1075,.F.);
#605=ORIENTED_EDGE('',*,*,#1076,.T.);
#606=ORIENTED_EDGE('',*,*,#1032,.F.);
#607=ORIENTED_EDGE('',*,*,#1077,.F.);
#608=ORIENTED_EDGE('',*,*,#1058,.F.);
#609=ORIENTED_EDGE('',*,*,#1060,.F.);
#610=ORIENTED_EDGE('',*,*,#1061,.F.);
#611=ORIENTED_EDGE('',*,*,#1067,.F.);
#612=ORIENTED_EDGE('',*,*,#1069,.F.);
#613=ORIENTED_EDGE('',*,*,#1074,.F.);
#614=ORIENTED_EDGE('',*,*,#1076,.F.);
#615=ORIENTED_EDGE('',*,*,#1078,.F.);
#616=ORIENTED_EDGE('',*,*,#1036,.T.);
#617=ORIENTED_EDGE('',*,*,#1079,.T.);
#618=ORIENTED_EDGE('',*,*,#1080,.T.);
#619=ORIENTED_EDGE('',*,*,#1081,.T.);
#620=ORIENTED_EDGE('',*,*,#1082,.T.);
#621=ORIENTED_EDGE('',*,*,#1083,.T.);
#622=ORIENTED_EDGE('',*,*,#1084,.F.);
#623=ORIENTED_EDGE('',*,*,#1085,.T.);
#624=ORIENTED_EDGE('',*,*,#1082,.F.);
#625=ORIENTED_EDGE('',*,*,#1086,.F.);
#626=ORIENTED_EDGE('',*,*,#992,.F.);
#627=ORIENTED_EDGE('',*,*,#986,.F.);
#628=ORIENTED_EDGE('',*,*,#1087,.T.);
#629=ORIENTED_EDGE('',*,*,#783,.F.);
#630=ORIENTED_EDGE('',*,*,#993,.F.);
#631=ORIENTED_EDGE('',*,*,#1086,.T.);
#632=ORIENTED_EDGE('',*,*,#1081,.F.);
#633=ORIENTED_EDGE('',*,*,#1088,.F.);
#634=ORIENTED_EDGE('',*,*,#1065,.F.);
#635=ORIENTED_EDGE('',*,*,#1039,.T.);
#636=ORIENTED_EDGE('',*,*,#1046,.F.);
#637=ORIENTED_EDGE('',*,*,#1043,.F.);
#638=ORIENTED_EDGE('',*,*,#1068,.F.);
#639=ORIENTED_EDGE('',*,*,#1063,.F.);
#640=ORIENTED_EDGE('',*,*,#1089,.F.);
#641=ORIENTED_EDGE('',*,*,#1070,.F.);
#642=ORIENTED_EDGE('',*,*,#945,.F.);
#643=ORIENTED_EDGE('',*,*,#941,.T.);
#644=ORIENTED_EDGE('',*,*,#944,.T.);
#645=ORIENTED_EDGE('',*,*,#938,.T.);
#646=ORIENTED_EDGE('',*,*,#910,.F.);
#647=ORIENTED_EDGE('',*,*,#906,.T.);
#648=ORIENTED_EDGE('',*,*,#909,.T.);
#649=ORIENTED_EDGE('',*,*,#903,.T.);
#650=ORIENTED_EDGE('',*,*,#875,.F.);
#651=ORIENTED_EDGE('',*,*,#871,.T.);
#652=ORIENTED_EDGE('',*,*,#874,.T.);
#653=ORIENTED_EDGE('',*,*,#868,.T.);
#654=ORIENTED_EDGE('',*,*,#840,.F.);
#655=ORIENTED_EDGE('',*,*,#836,.T.);
#656=ORIENTED_EDGE('',*,*,#839,.T.);
#657=ORIENTED_EDGE('',*,*,#833,.T.);
#658=ORIENTED_EDGE('',*,*,#805,.F.);
#659=ORIENTED_EDGE('',*,*,#801,.T.);
#660=ORIENTED_EDGE('',*,*,#804,.T.);
#661=ORIENTED_EDGE('',*,*,#798,.T.);
#662=ORIENTED_EDGE('',*,*,#1034,.F.);
#663=ORIENTED_EDGE('',*,*,#1078,.T.);
#664=ORIENTED_EDGE('',*,*,#1075,.T.);
#665=ORIENTED_EDGE('',*,*,#1055,.T.);
#666=ORIENTED_EDGE('',*,*,#1071,.F.);
#667=ORIENTED_EDGE('',*,*,#1089,.T.);
#668=ORIENTED_EDGE('',*,*,#1062,.T.);
#669=ORIENTED_EDGE('',*,*,#1051,.T.);
#670=ORIENTED_EDGE('',*,*,#1056,.F.);
#671=ORIENTED_EDGE('',*,*,#1077,.T.);
#672=ORIENTED_EDGE('',*,*,#1031,.F.);
#673=ORIENTED_EDGE('',*,*,#1025,.F.);
#674=ORIENTED_EDGE('',*,*,#974,.F.);
#675=ORIENTED_EDGE('',*,*,#1090,.F.);
#676=ORIENTED_EDGE('',*,*,#979,.T.);
#677=ORIENTED_EDGE('',*,*,#1010,.F.);
#678=ORIENTED_EDGE('',*,*,#1013,.F.);
#679=ORIENTED_EDGE('',*,*,#1016,.F.);
#680=ORIENTED_EDGE('',*,*,#1019,.F.);
#681=ORIENTED_EDGE('',*,*,#1020,.F.);
#682=ORIENTED_EDGE('',*,*,#1091,.F.);
#683=ORIENTED_EDGE('',*,*,#972,.T.);
#684=ORIENTED_EDGE('',*,*,#1022,.T.);
#685=ORIENTED_EDGE('',*,*,#1028,.F.);
#686=ORIENTED_EDGE('',*,*,#784,.F.);
#687=ORIENTED_EDGE('',*,*,#780,.F.);
#688=ORIENTED_EDGE('',*,*,#1087,.F.);
#689=ORIENTED_EDGE('',*,*,#985,.T.);
#690=ORIENTED_EDGE('',*,*,#1092,.F.);
#691=ORIENTED_EDGE('',*,*,#787,.F.);
#692=ORIENTED_EDGE('',*,*,#791,.F.);
#693=ORIENTED_EDGE('',*,*,#1093,.F.);
#694=ORIENTED_EDGE('',*,*,#1094,.F.);
#695=ORIENTED_EDGE('',*,*,#785,.T.);
#696=ORIENTED_EDGE('',*,*,#1093,.T.);
#697=ORIENTED_EDGE('',*,*,#793,.F.);
#698=ORIENTED_EDGE('',*,*,#1095,.F.);
#699=ORIENTED_EDGE('',*,*,#1096,.T.);
#700=ORIENTED_EDGE('',*,*,#1079,.F.);
#701=ORIENTED_EDGE('',*,*,#1035,.F.);
#702=ORIENTED_EDGE('',*,*,#1029,.F.);
#703=ORIENTED_EDGE('',*,*,#1023,.F.);
#704=ORIENTED_EDGE('',*,*,#980,.F.);
#705=ORIENTED_EDGE('',*,*,#976,.F.);
#706=ORIENTED_EDGE('',*,*,#1090,.T.);
#707=ORIENTED_EDGE('',*,*,#973,.F.);
#708=ORIENTED_EDGE('',*,*,#969,.F.);
#709=ORIENTED_EDGE('',*,*,#1091,.T.);
#710=ORIENTED_EDGE('',*,*,#1027,.F.);
#711=ORIENTED_EDGE('',*,*,#1033,.F.);
#712=ORIENTED_EDGE('',*,*,#1083,.F.);
#713=ORIENTED_EDGE('',*,*,#1085,.F.);
#714=ORIENTED_EDGE('',*,*,#1097,.F.);
#715=ORIENTED_EDGE('',*,*,#788,.T.);
#716=ORIENTED_EDGE('',*,*,#1092,.T.);
#717=ORIENTED_EDGE('',*,*,#984,.T.);
#718=ORIENTED_EDGE('',*,*,#994,.T.);
#719=ORIENTED_EDGE('',*,*,#1088,.T.);
#720=ORIENTED_EDGE('',*,*,#1080,.F.);
#721=ORIENTED_EDGE('',*,*,#1096,.F.);
#722=ORIENTED_EDGE('',*,*,#779,.F.);
#723=ORIENTED_EDGE('',*,*,#766,.T.);
#724=ORIENTED_EDGE('',*,*,#778,.F.);
#725=ORIENTED_EDGE('',*,*,#760,.F.);
#726=ORIENTED_EDGE('',*,*,#786,.F.);
#727=ORIENTED_EDGE('',*,*,#1094,.T.);
#728=ORIENTED_EDGE('',*,*,#1084,.T.);
#729=ORIENTED_EDGE('',*,*,#782,.F.);
#730=ORIENTED_EDGE('',*,*,#756,.F.);
#731=ORIENTED_EDGE('',*,*,#745,.T.);
#732=ORIENTED_EDGE('',*,*,#755,.F.);
#733=ORIENTED_EDGE('',*,*,#739,.F.);
#734=ORIENTED_EDGE('',*,*,#1097,.T.);
#735=ORIENTED_EDGE('',*,*,#1095,.T.);
#736=ORIENTED_EDGE('',*,*,#792,.F.);
#737=ORIENTED_EDGE('',*,*,#789,.F.);
#738=EDGE_CURVE('',#1098,#1099,#1338,.T.);
#739=EDGE_CURVE('',#1099,#1100,#1339,.T.);
#740=EDGE_CURVE('',#1100,#1101,#1340,.T.);
#741=EDGE_CURVE('',#1101,#1102,#14,.T.);
#742=EDGE_CURVE('',#1102,#1103,#1341,.T.);
#743=EDGE_CURVE('',#1103,#1104,#1342,.T.);
#744=EDGE_CURVE('',#1104,#1098,#1343,.T.);
#745=EDGE_CURVE('',#1105,#1106,#1344,.T.);
#746=EDGE_CURVE('',#1107,#1105,#1345,.T.);
#747=EDGE_CURVE('',#1108,#1107,#1346,.T.);
#748=EDGE_CURVE('',#1109,#1108,#1347,.T.);
#749=EDGE_CURVE('',#1110,#1109,#1348,.T.);
#750=EDGE_CURVE('',#1111,#1110,#15,.T.);
#751=EDGE_CURVE('',#1106,#1111,#1349,.T.);
#752=EDGE_CURVE('',#1110,#1102,#1350,.T.);
#753=EDGE_CURVE('',#1109,#1103,#1351,.T.);
#754=EDGE_CURVE('',#1111,#1101,#1352,.T.);
#755=EDGE_CURVE('',#1100,#1106,#1353,.T.);
#756=EDGE_CURVE('',#1105,#1099,#1354,.T.);
#757=EDGE_CURVE('',#1107,#1098,#1355,.T.);
#758=EDGE_CURVE('',#1108,#1104,#1356,.T.);
#759=EDGE_CURVE('',#1112,#1113,#1357,.T.);
#760=EDGE_CURVE('',#1113,#1114,#1358,.T.);
#761=EDGE_CURVE('',#1114,#1115,#1359,.T.);
#762=EDGE_CURVE('',#1115,#1116,#1360,.T.);
#763=EDGE_CURVE('',#1116,#1117,#1361,.T.);
#764=EDGE_CURVE('',#1117,#1118,#1362,.T.);
#765=EDGE_CURVE('',#1118,#1112,#16,.T.);
#766=EDGE_CURVE('',#1119,#1120,#1363,.T.);
#767=EDGE_CURVE('',#1121,#1119,#1364,.T.);
#768=EDGE_CURVE('',#1122,#1121,#17,.T.);
#769=EDGE_CURVE('',#1123,#1122,#1365,.T.);
#770=EDGE_CURVE('',#1124,#1123,#1366,.T.);
#771=EDGE_CURVE('',#1125,#1124,#1367,.T.);
#772=EDGE_CURVE('',#1120,#1125,#1368,.T.);
#773=EDGE_CURVE('',#1122,#1118,#1369,.T.);
#774=EDGE_CURVE('',#1121,#1112,#1370,.T.);
#775=EDGE_CURVE('',#1123,#1117,#1371,.T.);
#776=EDGE_CURVE('',#1124,#1116,#1372,.T.);
#777=EDGE_CURVE('',#1125,#1115,#1373,.T.);
#778=EDGE_CURVE('',#1114,#1120,#1374,.T.);
#779=EDGE_CURVE('',#1119,#1113,#1375,.T.);
#780=EDGE_CURVE('',#1126,#1127,#1376,.T.);
#781=EDGE_CURVE('',#1127,#1128,#1377,.T.);
#782=EDGE_CURVE('',#1128,#1129,#1378,.T.);
#783=EDGE_CURVE('',#1129,#1126,#1379,.T.);
#784=EDGE_CURVE('',#1127,#1130,#1380,.T.);
#785=EDGE_CURVE('',#1131,#1130,#1381,.T.);
#786=EDGE_CURVE('',#1131,#1128,#1382,.T.);
#787=EDGE_CURVE('',#1132,#1133,#1383,.T.);
#788=EDGE_CURVE('',#1134,#1133,#1384,.T.);
#789=EDGE_CURVE('',#1134,#1135,#1385,.T.);
#790=EDGE_CURVE('',#1132,#1135,#1386,.T.);
#791=EDGE_CURVE('',#1136,#1132,#1387,.T.);
#792=EDGE_CURVE('',#1135,#1137,#1388,.T.);
#793=EDGE_CURVE('',#1137,#1136,#1389,.T.);
#794=EDGE_CURVE('',#1138,#1139,#1390,.T.);
#795=EDGE_CURVE('',#1140,#1139,#1391,.T.);
#796=EDGE_CURVE('',#1141,#1140,#1392,.T.);
#797=EDGE_CURVE('',#1141,#1138,#1393,.T.);
#798=EDGE_CURVE('',#1142,#1143,#1394,.T.);
#799=EDGE_CURVE('',#1142,#1138,#1395,.T.);
#800=EDGE_CURVE('',#1143,#1141,#1396,.T.);
#801=EDGE_CURVE('',#1144,#1145,#1397,.T.);
#802=EDGE_CURVE('',#1140,#1144,#1398,.T.);
#803=EDGE_CURVE('',#1139,#1145,#1399,.T.);
#804=EDGE_CURVE('',#1145,#1142,#1400,.T.);
#805=EDGE_CURVE('',#1144,#1143,#1401,.T.);
#806=EDGE_CURVE('',#1146,#1147,#1402,.T.);
#807=EDGE_CURVE('',#1148,#1147,#1403,.T.);
#808=EDGE_CURVE('',#1149,#1148,#1404,.T.);
#809=EDGE_CURVE('',#1149,#1146,#1405,.T.);
#810=EDGE_CURVE('',#1150,#1151,#1406,.T.);
#811=EDGE_CURVE('',#1152,#1150,#1407,.T.);
#812=EDGE_CURVE('',#1152,#1153,#1408,.T.);
#813=EDGE_CURVE('',#1153,#1151,#1409,.T.);
#814=EDGE_CURVE('',#1150,#1154,#1410,.T.);
#815=EDGE_CURVE('',#1154,#1149,#1411,.T.);
#816=EDGE_CURVE('',#1148,#1155,#1412,.T.);
#817=EDGE_CURVE('',#1155,#1156,#1413,.T.);
#818=EDGE_CURVE('',#1156,#1157,#1414,.T.);
#819=EDGE_CURVE('',#1157,#1152,#1415,.T.);
#820=EDGE_CURVE('',#1151,#1158,#1416,.T.);
#821=EDGE_CURVE('',#1159,#1153,#1417,.T.);
#822=EDGE_CURVE('',#1160,#1159,#1418,.T.);
#823=EDGE_CURVE('',#1161,#1160,#1419,.T.);
#824=EDGE_CURVE('',#1147,#1161,#1420,.T.);
#825=EDGE_CURVE('',#1158,#1146,#1421,.T.);
#826=EDGE_CURVE('',#1157,#1159,#1422,.T.);
#827=EDGE_CURVE('',#1156,#1160,#1423,.T.);
#828=EDGE_CURVE('',#1155,#1161,#1424,.T.);
#829=EDGE_CURVE('',#1162,#1163,#1425,.T.);
#830=EDGE_CURVE('',#1164,#1163,#1426,.T.);
#831=EDGE_CURVE('',#1165,#1164,#1427,.T.);
#832=EDGE_CURVE('',#1165,#1162,#1428,.T.);
#833=EDGE_CURVE('',#1166,#1167,#1429,.T.);
#834=EDGE_CURVE('',#1166,#1162,#1430,.T.);
#835=EDGE_CURVE('',#1167,#1165,#1431,.T.);
#836=EDGE_CURVE('',#1168,#1169,#1432,.T.);
#837=EDGE_CURVE('',#1164,#1168,#1433,.T.);
#838=EDGE_CURVE('',#1163,#1169,#1434,.T.);
#839=EDGE_CURVE('',#1169,#1166,#1435,.T.);
#840=EDGE_CURVE('',#1168,#1167,#1436,.T.);
#841=EDGE_CURVE('',#1170,#1171,#1437,.T.);
#842=EDGE_CURVE('',#1172,#1171,#1438,.T.);
#843=EDGE_CURVE('',#1173,#1172,#1439,.T.);
#844=EDGE_CURVE('',#1173,#1170,#1440,.T.);
#845=EDGE_CURVE('',#1174,#1175,#1441,.T.);
#846=EDGE_CURVE('',#1176,#1174,#1442,.T.);
#847=EDGE_CURVE('',#1176,#1177,#1443,.T.);
#848=EDGE_CURVE('',#1177,#1175,#1444,.T.);
#849=EDGE_CURVE('',#1174,#1178,#1445,.T.);
#850=EDGE_CURVE('',#1178,#1173,#1446,.T.);
#851=EDGE_CURVE('',#1172,#1179,#1447,.T.);
#852=EDGE_CURVE('',#1179,#1180,#1448,.T.);
#853=EDGE_CURVE('',#1180,#1181,#1449,.T.);
#854=EDGE_CURVE('',#1181,#1176,#1450,.T.);
#855=EDGE_CURVE('',#1175,#1182,#1451,.T.);
#856=EDGE_CURVE('',#1183,#1177,#1452,.T.);
#857=EDGE_CURVE('',#1184,#1183,#1453,.T.);
#858=EDGE_CURVE('',#1185,#1184,#1454,.T.);
#859=EDGE_CURVE('',#1171,#1185,#1455,.T.);
#860=EDGE_CURVE('',#1182,#1170,#1456,.T.);
#861=EDGE_CURVE('',#1181,#1183,#1457,.T.);
#862=EDGE_CURVE('',#1180,#1184,#1458,.T.);
#863=EDGE_CURVE('',#1179,#1185,#1459,.T.);
#864=EDGE_CURVE('',#1186,#1187,#1460,.T.);
#865=EDGE_CURVE('',#1188,#1187,#1461,.T.);
#866=EDGE_CURVE('',#1189,#1188,#1462,.T.);
#867=EDGE_CURVE('',#1189,#1186,#1463,.T.);
#868=EDGE_CURVE('',#1190,#1191,#1464,.T.);
#869=EDGE_CURVE('',#1190,#1186,#1465,.T.);
#870=EDGE_CURVE('',#1191,#1189,#1466,.T.);
#871=EDGE_CURVE('',#1192,#1193,#1467,.T.);
#872=EDGE_CURVE('',#1188,#1192,#1468,.T.);
#873=EDGE_CURVE('',#1187,#1193,#1469,.T.);
#874=EDGE_CURVE('',#1193,#1190,#1470,.T.);
#875=EDGE_CURVE('',#1192,#1191,#1471,.T.);
#876=EDGE_CURVE('',#1194,#1195,#1472,.T.);
#877=EDGE_CURVE('',#1196,#1195,#1473,.T.);
#878=EDGE_CURVE('',#1197,#1196,#1474,.T.);
#879=EDGE_CURVE('',#1197,#1194,#1475,.T.);
#880=EDGE_CURVE('',#1198,#1199,#1476,.T.);
#881=EDGE_CURVE('',#1200,#1198,#1477,.T.);
#882=EDGE_CURVE('',#1200,#1201,#1478,.T.);
#883=EDGE_CURVE('',#1201,#1199,#1479,.T.);
#884=EDGE_CURVE('',#1198,#1202,#1480,.T.);
#885=EDGE_CURVE('',#1202,#1197,#1481,.T.);
#886=EDGE_CURVE('',#1196,#1203,#1482,.T.);
#887=EDGE_CURVE('',#1203,#1204,#1483,.T.);
#888=EDGE_CURVE('',#1204,#1205,#1484,.T.);
#889=EDGE_CURVE('',#1205,#1200,#1485,.T.);
#890=EDGE_CURVE('',#1199,#1206,#1486,.T.);
#891=EDGE_CURVE('',#1207,#1201,#1487,.T.);
#892=EDGE_CURVE('',#1208,#1207,#1488,.T.);
#893=EDGE_CURVE('',#1209,#1208,#1489,.T.);
#894=EDGE_CURVE('',#1195,#1209,#1490,.T.);
#895=EDGE_CURVE('',#1206,#1194,#1491,.T.);
#896=EDGE_CURVE('',#1205,#1207,#1492,.T.);
#897=EDGE_CURVE('',#1204,#1208,#1493,.T.);
#898=EDGE_CURVE('',#1203,#1209,#1494,.T.);
#899=EDGE_CURVE('',#1210,#1211,#1495,.T.);
#900=EDGE_CURVE('',#1212,#1211,#1496,.T.);
#901=EDGE_CURVE('',#1213,#1212,#1497,.T.);
#902=EDGE_CURVE('',#1213,#1210,#1498,.T.);
#903=EDGE_CURVE('',#1214,#1215,#1499,.T.);
#904=EDGE_CURVE('',#1214,#1210,#1500,.T.);
#905=EDGE_CURVE('',#1215,#1213,#1501,.T.);
#906=EDGE_CURVE('',#1216,#1217,#1502,.T.);
#907=EDGE_CURVE('',#1212,#1216,#1503,.T.);
#908=EDGE_CURVE('',#1211,#1217,#1504,.T.);
#909=EDGE_CURVE('',#1217,#1214,#1505,.T.);
#910=EDGE_CURVE('',#1216,#1215,#1506,.T.);
#911=EDGE_CURVE('',#1218,#1219,#1507,.T.);
#912=EDGE_CURVE('',#1220,#1219,#1508,.T.);
#913=EDGE_CURVE('',#1221,#1220,#1509,.T.);
#914=EDGE_CURVE('',#1221,#1218,#1510,.T.);
#915=EDGE_CURVE('',#1222,#1223,#1511,.T.);
#916=EDGE_CURVE('',#1224,#1222,#1512,.T.);
#917=EDGE_CURVE('',#1224,#1225,#1513,.T.);
#918=EDGE_CURVE('',#1225,#1223,#1514,.T.);
#919=EDGE_CURVE('',#1222,#1226,#1515,.T.);
#920=EDGE_CURVE('',#1226,#1221,#1516,.T.);
#921=EDGE_CURVE('',#1220,#1227,#1517,.T.);
#922=EDGE_CURVE('',#1227,#1228,#1518,.T.);
#923=EDGE_CURVE('',#1228,#1229,#1519,.T.);
#924=EDGE_CURVE('',#1229,#1224,#1520,.T.);
#925=EDGE_CURVE('',#1223,#1230,#1521,.T.);
#926=EDGE_CURVE('',#1231,#1225,#1522,.T.);
#927=EDGE_CURVE('',#1232,#1231,#1523,.T.);
#928=EDGE_CURVE('',#1233,#1232,#1524,.T.);
#929=EDGE_CURVE('',#1219,#1233,#1525,.T.);
#930=EDGE_CURVE('',#1230,#1218,#1526,.T.);
#931=EDGE_CURVE('',#1229,#1231,#1527,.T.);
#932=EDGE_CURVE('',#1228,#1232,#1528,.T.);
#933=EDGE_CURVE('',#1227,#1233,#1529,.T.);
#934=EDGE_CURVE('',#1234,#1235,#1530,.T.);
#935=EDGE_CURVE('',#1236,#1235,#1531,.T.);
#936=EDGE_CURVE('',#1237,#1236,#1532,.T.);
#937=EDGE_CURVE('',#1237,#1234,#1533,.T.);
#938=EDGE_CURVE('',#1238,#1239,#1534,.T.);
#939=EDGE_CURVE('',#1238,#1234,#1535,.T.);
#940=EDGE_CURVE('',#1239,#1237,#1536,.T.);
#941=EDGE_CURVE('',#1240,#1241,#1537,.T.);
#942=EDGE_CURVE('',#1236,#1240,#1538,.T.);
#943=EDGE_CURVE('',#1235,#1241,#1539,.T.);
#944=EDGE_CURVE('',#1241,#1238,#1540,.T.);
#945=EDGE_CURVE('',#1240,#1239,#1541,.T.);
#946=EDGE_CURVE('',#1242,#1243,#1542,.T.);
#947=EDGE_CURVE('',#1244,#1243,#1543,.T.);
#948=EDGE_CURVE('',#1245,#1244,#1544,.T.);
#949=EDGE_CURVE('',#1245,#1242,#1545,.T.);
#950=EDGE_CURVE('',#1246,#1247,#1546,.T.);
#951=EDGE_CURVE('',#1248,#1246,#1547,.T.);
#952=EDGE_CURVE('',#1248,#1249,#1548,.T.);
#953=EDGE_CURVE('',#1249,#1247,#1549,.T.);
#954=EDGE_CURVE('',#1246,#1250,#1550,.T.);
#955=EDGE_CURVE('',#1250,#1245,#1551,.T.);
#956=EDGE_CURVE('',#1244,#1251,#1552,.T.);
#957=EDGE_CURVE('',#1251,#1252,#1553,.T.);
#958=EDGE_CURVE('',#1252,#1253,#1554,.T.);
#959=EDGE_CURVE('',#1253,#1248,#1555,.T.);
#960=EDGE_CURVE('',#1247,#1254,#1556,.T.);
#961=EDGE_CURVE('',#1255,#1249,#1557,.T.);
#962=EDGE_CURVE('',#1256,#1255,#1558,.T.);
#963=EDGE_CURVE('',#1257,#1256,#1559,.T.);
#964=EDGE_CURVE('',#1243,#1257,#1560,.T.);
#965=EDGE_CURVE('',#1254,#1242,#1561,.T.);
#966=EDGE_CURVE('',#1253,#1255,#1562,.T.);
#967=EDGE_CURVE('',#1252,#1256,#1563,.T.);
#968=EDGE_CURVE('',#1251,#1257,#1564,.T.);
#969=EDGE_CURVE('',#1258,#1259,#1565,.T.);
#970=EDGE_CURVE('',#1260,#1259,#1566,.T.);
#971=EDGE_CURVE('',#1260,#1261,#1567,.T.);
#972=EDGE_CURVE('',#1258,#1261,#1568,.T.);
#973=EDGE_CURVE('',#1259,#1262,#1569,.T.);
#974=EDGE_CURVE('',#1262,#1263,#1570,.T.);
#975=EDGE_CURVE('',#1263,#1260,#1571,.T.);
#976=EDGE_CURVE('',#1264,#1265,#1572,.T.);
#977=EDGE_CURVE('',#1266,#1265,#1573,.T.);
#978=EDGE_CURVE('',#1266,#1267,#1574,.T.);
#979=EDGE_CURVE('',#1264,#1267,#1575,.T.);
#980=EDGE_CURVE('',#1265,#1268,#1576,.T.);
#981=EDGE_CURVE('',#1268,#1269,#1577,.T.);
#982=EDGE_CURVE('',#1269,#1266,#1578,.T.);
#983=EDGE_CURVE('',#1270,#1158,#1579,.T.);
#984=EDGE_CURVE('',#1271,#1270,#1580,.T.);
#985=EDGE_CURVE('',#1272,#1271,#1581,.T.);
#986=EDGE_CURVE('',#1272,#1273,#1582,.T.);
#987=EDGE_CURVE('',#1250,#1273,#1583,.T.);
#988=EDGE_CURVE('',#1226,#1254,#1584,.T.);
#989=EDGE_CURVE('',#1202,#1230,#1585,.T.);
#990=EDGE_CURVE('',#1178,#1206,#1586,.T.);
#991=EDGE_CURVE('',#1154,#1182,#1587,.T.);
#992=EDGE_CURVE('',#1273,#1274,#1588,.T.);
#993=EDGE_CURVE('',#1274,#1275,#1589,.T.);
#994=EDGE_CURVE('',#1270,#1275,#1590,.T.);
#995=EDGE_CURVE('',#1276,#1277,#1591,.T.);
#996=EDGE_CURVE('',#1278,#1276,#1592,.T.);
#997=EDGE_CURVE('',#1279,#1278,#1593,.T.);
#998=EDGE_CURVE('',#1277,#1279,#1594,.T.);
#999=EDGE_CURVE('',#1280,#1281,#1595,.T.);
#1000=EDGE_CURVE('',#1281,#1282,#1596,.T.);
#1001=EDGE_CURVE('',#1282,#1283,#1597,.T.);
#1002=EDGE_CURVE('',#1283,#1280,#1598,.T.);
#1003=EDGE_CURVE('',#1280,#1276,#1599,.T.);
#1004=EDGE_CURVE('',#1283,#1278,#1600,.T.);
#1005=EDGE_CURVE('',#1282,#1279,#1601,.T.);
#1006=EDGE_CURVE('',#1281,#1277,#1602,.T.);
#1007=EDGE_CURVE('',#1269,#1284,#1603,.T.);
#1008=EDGE_CURVE('',#1285,#1284,#1604,.T.);
#1009=EDGE_CURVE('',#1286,#1285,#1605,.T.);
#1010=EDGE_CURVE('',#1286,#1267,#1606,.T.);
#1011=EDGE_CURVE('',#1287,#1285,#1607,.T.);
#1012=EDGE_CURVE('',#1288,#1287,#1608,.T.);
#1013=EDGE_CURVE('',#1288,#1286,#1609,.T.);
#1014=EDGE_CURVE('',#1289,#1287,#1610,.T.);
#1015=EDGE_CURVE('',#1290,#1289,#1611,.T.);
#1016=EDGE_CURVE('',#1290,#1288,#1612,.T.);
#1017=EDGE_CURVE('',#1291,#1289,#1613,.T.);
#1018=EDGE_CURVE('',#1292,#1291,#1614,.T.);
#1019=EDGE_CURVE('',#1292,#1290,#1615,.T.);
#1020=EDGE_CURVE('',#1263,#1292,#1616,.T.);
#1021=EDGE_CURVE('',#1293,#1291,#1617,.T.);
#1022=EDGE_CURVE('',#1261,#1293,#1618,.T.);
#1023=EDGE_CURVE('',#1268,#1294,#1619,.T.);
#1024=EDGE_CURVE('',#1284,#1294,#1620,.T.);
#1025=EDGE_CURVE('',#1295,#1296,#1621,.T.);
#1026=EDGE_CURVE('',#1297,#1296,#1622,.T.);
#1027=EDGE_CURVE('',#1297,#1298,#1623,.T.);
#1028=EDGE_CURVE('',#1298,#1293,#1624,.T.);
#1029=EDGE_CURVE('',#1294,#1299,#1625,.T.);
#1030=EDGE_CURVE('',#1299,#1295,#1626,.T.);
#1031=EDGE_CURVE('',#1296,#1300,#1627,.T.);
#1032=EDGE_CURVE('',#1300,#1301,#1628,.T.);
#1033=EDGE_CURVE('',#1301,#1297,#1629,.T.);
#1034=EDGE_CURVE('',#1302,#1295,#1630,.T.);
#1035=EDGE_CURVE('',#1299,#1303,#1631,.T.);
#1036=EDGE_CURVE('',#1302,#1303,#1632,.T.);
#1037=EDGE_CURVE('',#1304,#1305,#1633,.T.);
#1038=EDGE_CURVE('',#1306,#1304,#1634,.T.);
#1039=EDGE_CURVE('',#1307,#1306,#1635,.T.);
#1040=EDGE_CURVE('',#1305,#1307,#1636,.T.);
#1041=EDGE_CURVE('',#1308,#1309,#1637,.T.);
#1042=EDGE_CURVE('',#1309,#1310,#1638,.T.);
#1043=EDGE_CURVE('',#1310,#1311,#1639,.T.);
#1044=EDGE_CURVE('',#1311,#1308,#1640,.T.);
#1045=EDGE_CURVE('',#1308,#1304,#1641,.T.);
#1046=EDGE_CURVE('',#1311,#1306,#1642,.T.);
#1047=EDGE_CURVE('',#1309,#1305,#1643,.T.);
#1048=EDGE_CURVE('',#1312,#1313,#1644,.T.);
#1049=EDGE_CURVE('',#1314,#1312,#1645,.T.);
#1050=EDGE_CURVE('',#1315,#1314,#1646,.T.);
#1051=EDGE_CURVE('',#1313,#1315,#1647,.T.);
#1052=EDGE_CURVE('',#1316,#1317,#1648,.T.);
#1053=EDGE_CURVE('',#1318,#1316,#1649,.T.);
#1054=EDGE_CURVE('',#1319,#1318,#1650,.T.);
#1055=EDGE_CURVE('',#1317,#1319,#1651,.T.);
#1056=EDGE_CURVE('',#1320,#1315,#1652,.T.);
#1057=EDGE_CURVE('',#1321,#1314,#1653,.T.);
#1058=EDGE_CURVE('',#1321,#1320,#1654,.T.);
#1059=EDGE_CURVE('',#1322,#1312,#1655,.T.);
#1060=EDGE_CURVE('',#1322,#1321,#1656,.T.);
#1061=EDGE_CURVE('',#1323,#1322,#1657,.T.);
#1062=EDGE_CURVE('',#1324,#1313,#1658,.T.);
#1063=EDGE_CURVE('',#1324,#1325,#1659,.T.);
#1064=EDGE_CURVE('',#1323,#1325,#1660,.T.);
#1065=EDGE_CURVE('',#1307,#1326,#1661,.T.);
#1066=EDGE_CURVE('',#1327,#1326,#1662,.T.);
#1067=EDGE_CURVE('',#1327,#1323,#1663,.T.);
#1068=EDGE_CURVE('',#1325,#1310,#1664,.T.);
#1069=EDGE_CURVE('',#1328,#1327,#1665,.T.);
#1070=EDGE_CURVE('',#1326,#1329,#1666,.T.);
#1071=EDGE_CURVE('',#1329,#1319,#1667,.T.);
#1072=EDGE_CURVE('',#1328,#1318,#1668,.T.);
#1073=EDGE_CURVE('',#1330,#1316,#1669,.T.);
#1074=EDGE_CURVE('',#1330,#1328,#1670,.T.);
#1075=EDGE_CURVE('',#1331,#1317,#1671,.T.);
#1076=EDGE_CURVE('',#1331,#1330,#1672,.T.);
#1077=EDGE_CURVE('',#1320,#1300,#1673,.T.);
#1078=EDGE_CURVE('',#1302,#1331,#1674,.T.);
#1079=EDGE_CURVE('',#1303,#1332,#1675,.T.);
#1080=EDGE_CURVE('',#1332,#1333,#1676,.T.);
#1081=EDGE_CURVE('',#1333,#1334,#1677,.T.);
#1082=EDGE_CURVE('',#1334,#1335,#1678,.T.);
#1083=EDGE_CURVE('',#1335,#1301,#1679,.T.);
#1084=EDGE_CURVE('',#1336,#1129,#1680,.T.);
#1085=EDGE_CURVE('',#1336,#1335,#1681,.T.);
#1086=EDGE_CURVE('',#1274,#1334,#1682,.T.);
#1087=EDGE_CURVE('',#1272,#1126,#1683,.T.);
#1088=EDGE_CURVE('',#1275,#1333,#1684,.T.);
#1089=EDGE_CURVE('',#1329,#1324,#1685,.T.);
#1090=EDGE_CURVE('',#1264,#1262,#1686,.T.);
#1091=EDGE_CURVE('',#1258,#1298,#1687,.T.);
#1092=EDGE_CURVE('',#1133,#1271,#1688,.T.);
#1093=EDGE_CURVE('',#1130,#1136,#1689,.T.);
#1094=EDGE_CURVE('',#1131,#1336,#1690,.T.);
#1095=EDGE_CURVE('',#1337,#1137,#1691,.T.);
#1096=EDGE_CURVE('',#1337,#1332,#1692,.T.);
#1097=EDGE_CURVE('',#1134,#1337,#1693,.T.);
#1098=VERTEX_POINT('',#3921);
#1099=VERTEX_POINT('',#3922);
#1100=VERTEX_POINT('',#3924);
#1101=VERTEX_POINT('',#3926);
#1102=VERTEX_POINT('',#3928);
#1103=VERTEX_POINT('',#3930);
#1104=VERTEX_POINT('',#3932);
#1105=VERTEX_POINT('',#3936);
#1106=VERTEX_POINT('',#3937);
#1107=VERTEX_POINT('',#3939);
#1108=VERTEX_POINT('',#3941);
#1109=VERTEX_POINT('',#3943);
#1110=VERTEX_POINT('',#3945);
#1111=VERTEX_POINT('',#3947);
#1112=VERTEX_POINT('',#3964);
#1113=VERTEX_POINT('',#3965);
#1114=VERTEX_POINT('',#3967);
#1115=VERTEX_POINT('',#3969);
#1116=VERTEX_POINT('',#3971);
#1117=VERTEX_POINT('',#3973);
#1118=VERTEX_POINT('',#3975);
#1119=VERTEX_POINT('',#3979);
#1120=VERTEX_POINT('',#3980);
#1121=VERTEX_POINT('',#3982);
#1122=VERTEX_POINT('',#3984);
#1123=VERTEX_POINT('',#3986);
#1124=VERTEX_POINT('',#3988);
#1125=VERTEX_POINT('',#3990);
#1126=VERTEX_POINT('',#4007);
#1127=VERTEX_POINT('',#4008);
#1128=VERTEX_POINT('',#4010);
#1129=VERTEX_POINT('',#4012);
#1130=VERTEX_POINT('',#4016);
#1131=VERTEX_POINT('',#4018);
#1132=VERTEX_POINT('',#4022);
#1133=VERTEX_POINT('',#4023);
#1134=VERTEX_POINT('',#4025);
#1135=VERTEX_POINT('',#4027);
#1136=VERTEX_POINT('',#4031);
#1137=VERTEX_POINT('',#4033);
#1138=VERTEX_POINT('',#4037);
#1139=VERTEX_POINT('',#4038);
#1140=VERTEX_POINT('',#4040);
#1141=VERTEX_POINT('',#4042);
#1142=VERTEX_POINT('',#4046);
#1143=VERTEX_POINT('',#4047);
#1144=VERTEX_POINT('',#4052);
#1145=VERTEX_POINT('',#4053);
#1146=VERTEX_POINT('',#4062);
#1147=VERTEX_POINT('',#4063);
#1148=VERTEX_POINT('',#4065);
#1149=VERTEX_POINT('',#4067);
#1150=VERTEX_POINT('',#4071);
#1151=VERTEX_POINT('',#4072);
#1152=VERTEX_POINT('',#4074);
#1153=VERTEX_POINT('',#4076);
#1154=VERTEX_POINT('',#4080);
#1155=VERTEX_POINT('',#4083);
#1156=VERTEX_POINT('',#4085);
#1157=VERTEX_POINT('',#4087);
#1158=VERTEX_POINT('',#4091);
#1159=VERTEX_POINT('',#4093);
#1160=VERTEX_POINT('',#4095);
#1161=VERTEX_POINT('',#4097);
#1162=VERTEX_POINT('',#4109);
#1163=VERTEX_POINT('',#4110);
#1164=VERTEX_POINT('',#4112);
#1165=VERTEX_POINT('',#4114);
#1166=VERTEX_POINT('',#4118);
#1167=VERTEX_POINT('',#4119);
#1168=VERTEX_POINT('',#4124);
#1169=VERTEX_POINT('',#4125);
#1170=VERTEX_POINT('',#4134);
#1171=VERTEX_POINT('',#4135);
#1172=VERTEX_POINT('',#4137);
#1173=VERTEX_POINT('',#4139);
#1174=VERTEX_POINT('',#4143);
#1175=VERTEX_POINT('',#4144);
#1176=VERTEX_POINT('',#4146);
#1177=VERTEX_POINT('',#4148);
#1178=VERTEX_POINT('',#4152);
#1179=VERTEX_POINT('',#4155);
#1180=VERTEX_POINT('',#4157);
#1181=VERTEX_POINT('',#4159);
#1182=VERTEX_POINT('',#4163);
#1183=VERTEX_POINT('',#4165);
#1184=VERTEX_POINT('',#4167);
#1185=VERTEX_POINT('',#4169);
#1186=VERTEX_POINT('',#4181);
#1187=VERTEX_POINT('',#4182);
#1188=VERTEX_POINT('',#4184);
#1189=VERTEX_POINT('',#4186);
#1190=VERTEX_POINT('',#4190);
#1191=VERTEX_POINT('',#4191);
#1192=VERTEX_POINT('',#4196);
#1193=VERTEX_POINT('',#4197);
#1194=VERTEX_POINT('',#4206);
#1195=VERTEX_POINT('',#4207);
#1196=VERTEX_POINT('',#4209);
#1197=VERTEX_POINT('',#4211);
#1198=VERTEX_POINT('',#4215);
#1199=VERTEX_POINT('',#4216);
#1200=VERTEX_POINT('',#4218);
#1201=VERTEX_POINT('',#4220);
#1202=VERTEX_POINT('',#4224);
#1203=VERTEX_POINT('',#4227);
#1204=VERTEX_POINT('',#4229);
#1205=VERTEX_POINT('',#4231);
#1206=VERTEX_POINT('',#4235);
#1207=VERTEX_POINT('',#4237);
#1208=VERTEX_POINT('',#4239);
#1209=VERTEX_POINT('',#4241);
#1210=VERTEX_POINT('',#4253);
#1211=VERTEX_POINT('',#4254);
#1212=VERTEX_POINT('',#4256);
#1213=VERTEX_POINT('',#4258);
#1214=VERTEX_POINT('',#4262);
#1215=VERTEX_POINT('',#4263);
#1216=VERTEX_POINT('',#4268);
#1217=VERTEX_POINT('',#4269);
#1218=VERTEX_POINT('',#4278);
#1219=VERTEX_POINT('',#4279);
#1220=VERTEX_POINT('',#4281);
#1221=VERTEX_POINT('',#4283);
#1222=VERTEX_POINT('',#4287);
#1223=VERTEX_POINT('',#4288);
#1224=VERTEX_POINT('',#4290);
#1225=VERTEX_POINT('',#4292);
#1226=VERTEX_POINT('',#4296);
#1227=VERTEX_POINT('',#4299);
#1228=VERTEX_POINT('',#4301);
#1229=VERTEX_POINT('',#4303);
#1230=VERTEX_POINT('',#4307);
#1231=VERTEX_POINT('',#4309);
#1232=VERTEX_POINT('',#4311);
#1233=VERTEX_POINT('',#4313);
#1234=VERTEX_POINT('',#4325);
#1235=VERTEX_POINT('',#4326);
#1236=VERTEX_POINT('',#4328);
#1237=VERTEX_POINT('',#4330);
#1238=VERTEX_POINT('',#4334);
#1239=VERTEX_POINT('',#4335);
#1240=VERTEX_POINT('',#4340);
#1241=VERTEX_POINT('',#4341);
#1242=VERTEX_POINT('',#4350);
#1243=VERTEX_POINT('',#4351);
#1244=VERTEX_POINT('',#4353);
#1245=VERTEX_POINT('',#4355);
#1246=VERTEX_POINT('',#4359);
#1247=VERTEX_POINT('',#4360);
#1248=VERTEX_POINT('',#4362);
#1249=VERTEX_POINT('',#4364);
#1250=VERTEX_POINT('',#4368);
#1251=VERTEX_POINT('',#4371);
#1252=VERTEX_POINT('',#4373);
#1253=VERTEX_POINT('',#4375);
#1254=VERTEX_POINT('',#4379);
#1255=VERTEX_POINT('',#4381);
#1256=VERTEX_POINT('',#4383);
#1257=VERTEX_POINT('',#4385);
#1258=VERTEX_POINT('',#4397);
#1259=VERTEX_POINT('',#4398);
#1260=VERTEX_POINT('',#4400);
#1261=VERTEX_POINT('',#4402);
#1262=VERTEX_POINT('',#4406);
#1263=VERTEX_POINT('',#4408);
#1264=VERTEX_POINT('',#4412);
#1265=VERTEX_POINT('',#4413);
#1266=VERTEX_POINT('',#4415);
#1267=VERTEX_POINT('',#4417);
#1268=VERTEX_POINT('',#4421);
#1269=VERTEX_POINT('',#4423);
#1270=VERTEX_POINT('',#4427);
#1271=VERTEX_POINT('',#4429);
#1272=VERTEX_POINT('',#4431);
#1273=VERTEX_POINT('',#4433);
#1274=VERTEX_POINT('',#4441);
#1275=VERTEX_POINT('',#4443);
#1276=VERTEX_POINT('',#4447);
#1277=VERTEX_POINT('',#4448);
#1278=VERTEX_POINT('',#4450);
#1279=VERTEX_POINT('',#4452);
#1280=VERTEX_POINT('',#4456);
#1281=VERTEX_POINT('',#4457);
#1282=VERTEX_POINT('',#4459);
#1283=VERTEX_POINT('',#4461);
#1284=VERTEX_POINT('',#4472);
#1285=VERTEX_POINT('',#4474);
#1286=VERTEX_POINT('',#4476);
#1287=VERTEX_POINT('',#4480);
#1288=VERTEX_POINT('',#4482);
#1289=VERTEX_POINT('',#4486);
#1290=VERTEX_POINT('',#4488);
#1291=VERTEX_POINT('',#4492);
#1292=VERTEX_POINT('',#4494);
#1293=VERTEX_POINT('',#4499);
#1294=VERTEX_POINT('',#4503);
#1295=VERTEX_POINT('',#4507);
#1296=VERTEX_POINT('',#4508);
#1297=VERTEX_POINT('',#4510);
#1298=VERTEX_POINT('',#4512);
#1299=VERTEX_POINT('',#4515);
#1300=VERTEX_POINT('',#4519);
#1301=VERTEX_POINT('',#4521);
#1302=VERTEX_POINT('',#4525);
#1303=VERTEX_POINT('',#4527);
#1304=VERTEX_POINT('',#4531);
#1305=VERTEX_POINT('',#4532);
#1306=VERTEX_POINT('',#4534);
#1307=VERTEX_POINT('',#4536);
#1308=VERTEX_POINT('',#4540);
#1309=VERTEX_POINT('',#4541);
#1310=VERTEX_POINT('',#4543);
#1311=VERTEX_POINT('',#4545);
#1312=VERTEX_POINT('',#4554);
#1313=VERTEX_POINT('',#4555);
#1314=VERTEX_POINT('',#4557);
#1315=VERTEX_POINT('',#4559);
#1316=VERTEX_POINT('',#4563);
#1317=VERTEX_POINT('',#4564);
#1318=VERTEX_POINT('',#4566);
#1319=VERTEX_POINT('',#4568);
#1320=VERTEX_POINT('',#4572);
#1321=VERTEX_POINT('',#4574);
#1322=VERTEX_POINT('',#4578);
#1323=VERTEX_POINT('',#4582);
#1324=VERTEX_POINT('',#4584);
#1325=VERTEX_POINT('',#4586);
#1326=VERTEX_POINT('',#4590);
#1327=VERTEX_POINT('',#4592);
#1328=VERTEX_POINT('',#4597);
#1329=VERTEX_POINT('',#4599);
#1330=VERTEX_POINT('',#4604);
#1331=VERTEX_POINT('',#4608);
#1332=VERTEX_POINT('',#4614);
#1333=VERTEX_POINT('',#4616);
#1334=VERTEX_POINT('',#4618);
#1335=VERTEX_POINT('',#4620);
#1336=VERTEX_POINT('',#4624);
#1337=VERTEX_POINT('',#4643);
#1338=LINE('',#3920,#1694);
#1339=LINE('',#3923,#1695);
#1340=LINE('',#3925,#1696);
#1341=LINE('',#3929,#1697);
#1342=LINE('',#3931,#1698);
#1343=LINE('',#3933,#1699);
#1344=LINE('',#3935,#1700);
#1345=LINE('',#3938,#1701);
#1346=LINE('',#3940,#1702);
#1347=LINE('',#3942,#1703);
#1348=LINE('',#3944,#1704);
#1349=LINE('',#3948,#1705);
#1350=LINE('',#3950,#1706);
#1351=LINE('',#3951,#1707);
#1352=LINE('',#3953,#1708);
#1353=LINE('',#3955,#1709);
#1354=LINE('',#3957,#1710);
#1355=LINE('',#3958,#1711);
#1356=LINE('',#3960,#1712);
#1357=LINE('',#3963,#1713);
#1358=LINE('',#3966,#1714);
#1359=LINE('',#3968,#1715);
#1360=LINE('',#3970,#1716);
#1361=LINE('',#3972,#1717);
#1362=LINE('',#3974,#1718);
#1363=LINE('',#3978,#1719);
#1364=LINE('',#3981,#1720);
#1365=LINE('',#3985,#1721);
#1366=LINE('',#3987,#1722);
#1367=LINE('',#3989,#1723);
#1368=LINE('',#3991,#1724);
#1369=LINE('',#3993,#1725);
#1370=LINE('',#3994,#1726);
#1371=LINE('',#3996,#1727);
#1372=LINE('',#3998,#1728);
#1373=LINE('',#4000,#1729);
#1374=LINE('',#4002,#1730);
#1375=LINE('',#4004,#1731);
#1376=LINE('',#4006,#1732);
#1377=LINE('',#4009,#1733);
#1378=LINE('',#4011,#1734);
#1379=LINE('',#4013,#1735);
#1380=LINE('',#4015,#1736);
#1381=LINE('',#4017,#1737);
#1382=LINE('',#4019,#1738);
#1383=LINE('',#4021,#1739);
#1384=LINE('',#4024,#1740);
#1385=LINE('',#4026,#1741);
#1386=LINE('',#4028,#1742);
#1387=LINE('',#4030,#1743);
#1388=LINE('',#4032,#1744);
#1389=LINE('',#4034,#1745);
#1390=LINE('',#4036,#1746);
#1391=LINE('',#4039,#1747);
#1392=LINE('',#4041,#1748);
#1393=LINE('',#4043,#1749);
#1394=LINE('',#4045,#1750);
#1395=LINE('',#4048,#1751);
#1396=LINE('',#4049,#1752);
#1397=LINE('',#4051,#1753);
#1398=LINE('',#4054,#1754);
#1399=LINE('',#4055,#1755);
#1400=LINE('',#4057,#1756);
#1401=LINE('',#4059,#1757);
#1402=LINE('',#4061,#1758);
#1403=LINE('',#4064,#1759);
#1404=LINE('',#4066,#1760);
#1405=LINE('',#4068,#1761);
#1406=LINE('',#4070,#1762);
#1407=LINE('',#4073,#1763);
#1408=LINE('',#4075,#1764);
#1409=LINE('',#4077,#1765);
#1410=LINE('',#4079,#1766);
#1411=LINE('',#4081,#1767);
#1412=LINE('',#4082,#1768);
#1413=LINE('',#4084,#1769);
#1414=LINE('',#4086,#1770);
#1415=LINE('',#4088,#1771);
#1416=LINE('',#4090,#1772);
#1417=LINE('',#4092,#1773);
#1418=LINE('',#4094,#1774);
#1419=LINE('',#4096,#1775);
#1420=LINE('',#4098,#1776);
#1421=LINE('',#4099,#1777);
#1422=LINE('',#4101,#1778);
#1423=LINE('',#4103,#1779);
#1424=LINE('',#4105,#1780);
#1425=LINE('',#4108,#1781);
#1426=LINE('',#4111,#1782);
#1427=LINE('',#4113,#1783);
#1428=LINE('',#4115,#1784);
#1429=LINE('',#4117,#1785);
#1430=LINE('',#4120,#1786);
#1431=LINE('',#4121,#1787);
#1432=LINE('',#4123,#1788);
#1433=LINE('',#4126,#1789);
#1434=LINE('',#4127,#1790);
#1435=LINE('',#4129,#1791);
#1436=LINE('',#4131,#1792);
#1437=LINE('',#4133,#1793);
#1438=LINE('',#4136,#1794);
#1439=LINE('',#4138,#1795);
#1440=LINE('',#4140,#1796);
#1441=LINE('',#4142,#1797);
#1442=LINE('',#4145,#1798);
#1443=LINE('',#4147,#1799);
#1444=LINE('',#4149,#1800);
#1445=LINE('',#4151,#1801);
#1446=LINE('',#4153,#1802);
#1447=LINE('',#4154,#1803);
#1448=LINE('',#4156,#1804);
#1449=LINE('',#4158,#1805);
#1450=LINE('',#4160,#1806);
#1451=LINE('',#4162,#1807);
#1452=LINE('',#4164,#1808);
#1453=LINE('',#4166,#1809);
#1454=LINE('',#4168,#1810);
#1455=LINE('',#4170,#1811);
#1456=LINE('',#4171,#1812);
#1457=LINE('',#4173,#1813);
#1458=LINE('',#4175,#1814);
#1459=LINE('',#4177,#1815);
#1460=LINE('',#4180,#1816);
#1461=LINE('',#4183,#1817);
#1462=LINE('',#4185,#1818);
#1463=LINE('',#4187,#1819);
#1464=LINE('',#4189,#1820);
#1465=LINE('',#4192,#1821);
#1466=LINE('',#4193,#1822);
#1467=LINE('',#4195,#1823);
#1468=LINE('',#4198,#1824);
#1469=LINE('',#4199,#1825);
#1470=LINE('',#4201,#1826);
#1471=LINE('',#4203,#1827);
#1472=LINE('',#4205,#1828);
#1473=LINE('',#4208,#1829);
#1474=LINE('',#4210,#1830);
#1475=LINE('',#4212,#1831);
#1476=LINE('',#4214,#1832);
#1477=LINE('',#4217,#1833);
#1478=LINE('',#4219,#1834);
#1479=LINE('',#4221,#1835);
#1480=LINE('',#4223,#1836);
#1481=LINE('',#4225,#1837);
#1482=LINE('',#4226,#1838);
#1483=LINE('',#4228,#1839);
#1484=LINE('',#4230,#1840);
#1485=LINE('',#4232,#1841);
#1486=LINE('',#4234,#1842);
#1487=LINE('',#4236,#1843);
#1488=LINE('',#4238,#1844);
#1489=LINE('',#4240,#1845);
#1490=LINE('',#4242,#1846);
#1491=LINE('',#4243,#1847);
#1492=LINE('',#4245,#1848);
#1493=LINE('',#4247,#1849);
#1494=LINE('',#4249,#1850);
#1495=LINE('',#4252,#1851);
#1496=LINE('',#4255,#1852);
#1497=LINE('',#4257,#1853);
#1498=LINE('',#4259,#1854);
#1499=LINE('',#4261,#1855);
#1500=LINE('',#4264,#1856);
#1501=LINE('',#4265,#1857);
#1502=LINE('',#4267,#1858);
#1503=LINE('',#4270,#1859);
#1504=LINE('',#4271,#1860);
#1505=LINE('',#4273,#1861);
#1506=LINE('',#4275,#1862);
#1507=LINE('',#4277,#1863);
#1508=LINE('',#4280,#1864);
#1509=LINE('',#4282,#1865);
#1510=LINE('',#4284,#1866);
#1511=LINE('',#4286,#1867);
#1512=LINE('',#4289,#1868);
#1513=LINE('',#4291,#1869);
#1514=LINE('',#4293,#1870);
#1515=LINE('',#4295,#1871);
#1516=LINE('',#4297,#1872);
#1517=LINE('',#4298,#1873);
#1518=LINE('',#4300,#1874);
#1519=LINE('',#4302,#1875);
#1520=LINE('',#4304,#1876);
#1521=LINE('',#4306,#1877);
#1522=LINE('',#4308,#1878);
#1523=LINE('',#4310,#1879);
#1524=LINE('',#4312,#1880);
#1525=LINE('',#4314,#1881);
#1526=LINE('',#4315,#1882);
#1527=LINE('',#4317,#1883);
#1528=LINE('',#4319,#1884);
#1529=LINE('',#4321,#1885);
#1530=LINE('',#4324,#1886);
#1531=LINE('',#4327,#1887);
#1532=LINE('',#4329,#1888);
#1533=LINE('',#4331,#1889);
#1534=LINE('',#4333,#1890);
#1535=LINE('',#4336,#1891);
#1536=LINE('',#4337,#1892);
#1537=LINE('',#4339,#1893);
#1538=LINE('',#4342,#1894);
#1539=LINE('',#4343,#1895);
#1540=LINE('',#4345,#1896);
#1541=LINE('',#4347,#1897);
#1542=LINE('',#4349,#1898);
#1543=LINE('',#4352,#1899);
#1544=LINE('',#4354,#1900);
#1545=LINE('',#4356,#1901);
#1546=LINE('',#4358,#1902);
#1547=LINE('',#4361,#1903);
#1548=LINE('',#4363,#1904);
#1549=LINE('',#4365,#1905);
#1550=LINE('',#4367,#1906);
#1551=LINE('',#4369,#1907);
#1552=LINE('',#4370,#1908);
#1553=LINE('',#4372,#1909);
#1554=LINE('',#4374,#1910);
#1555=LINE('',#4376,#1911);
#1556=LINE('',#4378,#1912);
#1557=LINE('',#4380,#1913);
#1558=LINE('',#4382,#1914);
#1559=LINE('',#4384,#1915);
#1560=LINE('',#4386,#1916);
#1561=LINE('',#4387,#1917);
#1562=LINE('',#4389,#1918);
#1563=LINE('',#4391,#1919);
#1564=LINE('',#4393,#1920);
#1565=LINE('',#4396,#1921);
#1566=LINE('',#4399,#1922);
#1567=LINE('',#4401,#1923);
#1568=LINE('',#4403,#1924);
#1569=LINE('',#4405,#1925);
#1570=LINE('',#4407,#1926);
#1571=LINE('',#4409,#1927);
#1572=LINE('',#4411,#1928);
#1573=LINE('',#4414,#1929);
#1574=LINE('',#4416,#1930);
#1575=LINE('',#4418,#1931);
#1576=LINE('',#4420,#1932);
#1577=LINE('',#4422,#1933);
#1578=LINE('',#4424,#1934);
#1579=LINE('',#4426,#1935);
#1580=LINE('',#4428,#1936);
#1581=LINE('',#4430,#1937);
#1582=LINE('',#4432,#1938);
#1583=LINE('',#4434,#1939);
#1584=LINE('',#4435,#1940);
#1585=LINE('',#4436,#1941);
#1586=LINE('',#4437,#1942);
#1587=LINE('',#4438,#1943);
#1588=LINE('',#4440,#1944);
#1589=LINE('',#4442,#1945);
#1590=LINE('',#4444,#1946);
#1591=LINE('',#4446,#1947);
#1592=LINE('',#4449,#1948);
#1593=LINE('',#4451,#1949);
#1594=LINE('',#4453,#1950);
#1595=LINE('',#4455,#1951);
#1596=LINE('',#4458,#1952);
#1597=LINE('',#4460,#1953);
#1598=LINE('',#4462,#1954);
#1599=LINE('',#4464,#1955);
#1600=LINE('',#4465,#1956);
#1601=LINE('',#4467,#1957);
#1602=LINE('',#4469,#1958);
#1603=LINE('',#4471,#1959);
#1604=LINE('',#4473,#1960);
#1605=LINE('',#4475,#1961);
#1606=LINE('',#4477,#1962);
#1607=LINE('',#4479,#1963);
#1608=LINE('',#4481,#1964);
#1609=LINE('',#4483,#1965);
#1610=LINE('',#4485,#1966);
#1611=LINE('',#4487,#1967);
#1612=LINE('',#4489,#1968);
#1613=LINE('',#4491,#1969);
#1614=LINE('',#4493,#1970);
#1615=LINE('',#4495,#1971);
#1616=LINE('',#4497,#1972);
#1617=LINE('',#4498,#1973);
#1618=LINE('',#4500,#1974);
#1619=LINE('',#4502,#1975);
#1620=LINE('',#4504,#1976);
#1621=LINE('',#4506,#1977);
#1622=LINE('',#4509,#1978);
#1623=LINE('',#4511,#1979);
#1624=LINE('',#4513,#1980);
#1625=LINE('',#4514,#1981);
#1626=LINE('',#4516,#1982);
#1627=LINE('',#4518,#1983);
#1628=LINE('',#4520,#1984);
#1629=LINE('',#4522,#1985);
#1630=LINE('',#4524,#1986);
#1631=LINE('',#4526,#1987);
#1632=LINE('',#4528,#1988);
#1633=LINE('',#4530,#1989);
#1634=LINE('',#4533,#1990);
#1635=LINE('',#4535,#1991);
#1636=LINE('',#4537,#1992);
#1637=LINE('',#4539,#1993);
#1638=LINE('',#4542,#1994);
#1639=LINE('',#4544,#1995);
#1640=LINE('',#4546,#1996);
#1641=LINE('',#4548,#1997);
#1642=LINE('',#4549,#1998);
#1643=LINE('',#4551,#1999);
#1644=LINE('',#4553,#2000);
#1645=LINE('',#4556,#2001);
#1646=LINE('',#4558,#2002);
#1647=LINE('',#4560,#2003);
#1648=LINE('',#4562,#2004);
#1649=LINE('',#4565,#2005);
#1650=LINE('',#4567,#2006);
#1651=LINE('',#4569,#2007);
#1652=LINE('',#4571,#2008);
#1653=LINE('',#4573,#2009);
#1654=LINE('',#4575,#2010);
#1655=LINE('',#4577,#2011);
#1656=LINE('',#4579,#2012);
#1657=LINE('',#4581,#2013);
#1658=LINE('',#4583,#2014);
#1659=LINE('',#4585,#2015);
#1660=LINE('',#4587,#2016);
#1661=LINE('',#4589,#2017);
#1662=LINE('',#4591,#2018);
#1663=LINE('',#4593,#2019);
#1664=LINE('',#4594,#2020);
#1665=LINE('',#4596,#2021);
#1666=LINE('',#4598,#2022);
#1667=LINE('',#4600,#2023);
#1668=LINE('',#4601,#2024);
#1669=LINE('',#4603,#2025);
#1670=LINE('',#4605,#2026);
#1671=LINE('',#4607,#2027);
#1672=LINE('',#4609,#2028);
#1673=LINE('',#4611,#2029);
#1674=LINE('',#4612,#2030);
#1675=LINE('',#4613,#2031);
#1676=LINE('',#4615,#2032);
#1677=LINE('',#4617,#2033);
#1678=LINE('',#4619,#2034);
#1679=LINE('',#4621,#2035);
#1680=LINE('',#4623,#2036);
#1681=LINE('',#4625,#2037);
#1682=LINE('',#4626,#2038);
#1683=LINE('',#4627,#2039);
#1684=LINE('',#4629,#2040);
#1685=LINE('',#4631,#2041);
#1686=LINE('',#4634,#2042);
#1687=LINE('',#4636,#2043);
#1688=LINE('',#4638,#2044);
#1689=LINE('',#4639,#2045);
#1690=LINE('',#4641,#2046);
#1691=LINE('',#4642,#2047);
#1692=LINE('',#4644,#2048);
#1693=LINE('',#4646,#2049);
#1694=VECTOR('',#3296,1.);
#1695=VECTOR('',#3297,1.);
#1696=VECTOR('',#3298,1.);
#1697=VECTOR('',#3301,1.);
#1698=VECTOR('',#3302,1.);
#1699=VECTOR('',#3303,1.);
#1700=VECTOR('',#3306,1.);
#1701=VECTOR('',#3307,1.);
#1702=VECTOR('',#3308,1.);
#1703=VECTOR('',#3309,1.);
#1704=VECTOR('',#3310,1.);
#1705=VECTOR('',#3313,1.);
#1706=VECTOR('',#3316,1.);
#1707=VECTOR('',#3317,1.);
#1708=VECTOR('',#3320,1.);
#1709=VECTOR('',#3323,1.);
#1710=VECTOR('',#3326,1.);
#1711=VECTOR('',#3327,1.);
#1712=VECTOR('',#3330,1.);
#1713=VECTOR('',#3335,1.);
#1714=VECTOR('',#3336,1.);
#1715=VECTOR('',#3337,1.);
#1716=VECTOR('',#3338,1.);
#1717=VECTOR('',#3339,1.);
#1718=VECTOR('',#3340,1.);
#1719=VECTOR('',#3345,1.);
#1720=VECTOR('',#3346,1.);
#1721=VECTOR('',#3349,1.);
#1722=VECTOR('',#3350,1.);
#1723=VECTOR('',#3351,1.);
#1724=VECTOR('',#3352,1.);
#1725=VECTOR('',#3355,1.);
#1726=VECTOR('',#3356,1.);
#1727=VECTOR('',#3359,1.);
#1728=VECTOR('',#3362,1.);
#1729=VECTOR('',#3365,1.);
#1730=VECTOR('',#3368,1.);
#1731=VECTOR('',#3371,1.);
#1732=VECTOR('',#3374,1.);
#1733=VECTOR('',#3375,1.);
#1734=VECTOR('',#3376,1.);
#1735=VECTOR('',#3377,1.);
#1736=VECTOR('',#3380,1.);
#1737=VECTOR('',#3381,1.);
#1738=VECTOR('',#3382,1.);
#1739=VECTOR('',#3385,1.);
#1740=VECTOR('',#3386,1.);
#1741=VECTOR('',#3387,1.);
#1742=VECTOR('',#3388,1.);
#1743=VECTOR('',#3391,1.);
#1744=VECTOR('',#3392,1.);
#1745=VECTOR('',#3393,1.);
#1746=VECTOR('',#3396,1.);
#1747=VECTOR('',#3397,1.);
#1748=VECTOR('',#3398,1.);
#1749=VECTOR('',#3399,1.);
#1750=VECTOR('',#3402,1.);
#1751=VECTOR('',#3403,1.);
#1752=VECTOR('',#3404,1.);
#1753=VECTOR('',#3407,1.);
#1754=VECTOR('',#3408,1.);
#1755=VECTOR('',#3409,1.);
#1756=VECTOR('',#3412,1.);
#1757=VECTOR('',#3415,1.);
#1758=VECTOR('',#3418,1.);
#1759=VECTOR('',#3419,1.);
#1760=VECTOR('',#3420,1.);
#1761=VECTOR('',#3421,1.);
#1762=VECTOR('',#3424,1.);
#1763=VECTOR('',#3425,1.);
#1764=VECTOR('',#3426,1.);
#1765=VECTOR('',#3427,1.);
#1766=VECTOR('',#3430,1.);
#1767=VECTOR('',#3431,1.);
#1768=VECTOR('',#3432,1.);
#1769=VECTOR('',#3433,1.);
#1770=VECTOR('',#3434,1.);
#1771=VECTOR('',#3435,1.);
#1772=VECTOR('',#3438,1.);
#1773=VECTOR('',#3439,1.);
#1774=VECTOR('',#3440,1.);
#1775=VECTOR('',#3441,1.);
#1776=VECTOR('',#3442,1.);
#1777=VECTOR('',#3443,1.);
#1778=VECTOR('',#3446,1.);
#1779=VECTOR('',#3449,1.);
#1780=VECTOR('',#3452,1.);
#1781=VECTOR('',#3457,1.);
#1782=VECTOR('',#3458,1.);
#1783=VECTOR('',#3459,1.);
#1784=VECTOR('',#3460,1.);
#1785=VECTOR('',#3463,1.);
#1786=VECTOR('',#3464,1.);
#1787=VECTOR('',#3465,1.);
#1788=VECTOR('',#3468,1.);
#1789=VECTOR('',#3469,1.);
#1790=VECTOR('',#3470,1.);
#1791=VECTOR('',#3473,1.);
#1792=VECTOR('',#3476,1.);
#1793=VECTOR('',#3479,1.);
#1794=VECTOR('',#3480,1.);
#1795=VECTOR('',#3481,1.);
#1796=VECTOR('',#3482,1.);
#1797=VECTOR('',#3485,1.);
#1798=VECTOR('',#3486,1.);
#1799=VECTOR('',#3487,1.);
#1800=VECTOR('',#3488,1.);
#1801=VECTOR('',#3491,1.);
#1802=VECTOR('',#3492,1.);
#1803=VECTOR('',#3493,1.);
#1804=VECTOR('',#3494,1.);
#1805=VECTOR('',#3495,1.);
#1806=VECTOR('',#3496,1.);
#1807=VECTOR('',#3499,1.);
#1808=VECTOR('',#3500,1.);
#1809=VECTOR('',#3501,1.);
#1810=VECTOR('',#3502,1.);
#1811=VECTOR('',#3503,1.);
#1812=VECTOR('',#3504,1.);
#1813=VECTOR('',#3507,1.);
#1814=VECTOR('',#3510,1.);
#1815=VECTOR('',#3513,1.);
#1816=VECTOR('',#3518,1.);
#1817=VECTOR('',#3519,1.);
#1818=VECTOR('',#3520,1.);
#1819=VECTOR('',#3521,1.);
#1820=VECTOR('',#3524,1.);
#1821=VECTOR('',#3525,1.);
#1822=VECTOR('',#3526,1.);
#1823=VECTOR('',#3529,1.);
#1824=VECTOR('',#3530,1.);
#1825=VECTOR('',#3531,1.);
#1826=VECTOR('',#3534,1.);
#1827=VECTOR('',#3537,1.);
#1828=VECTOR('',#3540,1.);
#1829=VECTOR('',#3541,1.);
#1830=VECTOR('',#3542,1.);
#1831=VECTOR('',#3543,1.);
#1832=VECTOR('',#3546,1.);
#1833=VECTOR('',#3547,1.);
#1834=VECTOR('',#3548,1.);
#1835=VECTOR('',#3549,1.);
#1836=VECTOR('',#3552,1.);
#1837=VECTOR('',#3553,1.);
#1838=VECTOR('',#3554,1.);
#1839=VECTOR('',#3555,1.);
#1840=VECTOR('',#3556,1.);
#1841=VECTOR('',#3557,1.);
#1842=VECTOR('',#3560,1.);
#1843=VECTOR('',#3561,1.);
#1844=VECTOR('',#3562,1.);
#1845=VECTOR('',#3563,1.);
#1846=VECTOR('',#3564,1.);
#1847=VECTOR('',#3565,1.);
#1848=VECTOR('',#3568,1.);
#1849=VECTOR('',#3571,1.);
#1850=VECTOR('',#3574,1.);
#1851=VECTOR('',#3579,1.);
#1852=VECTOR('',#3580,1.);
#1853=VECTOR('',#3581,1.);
#1854=VECTOR('',#3582,1.);
#1855=VECTOR('',#3585,1.);
#1856=VECTOR('',#3586,1.);
#1857=VECTOR('',#3587,1.);
#1858=VECTOR('',#3590,1.);
#1859=VECTOR('',#3591,1.);
#1860=VECTOR('',#3592,1.);
#1861=VECTOR('',#3595,1.);
#1862=VECTOR('',#3598,1.);
#1863=VECTOR('',#3601,1.);
#1864=VECTOR('',#3602,1.);
#1865=VECTOR('',#3603,1.);
#1866=VECTOR('',#3604,1.);
#1867=VECTOR('',#3607,1.);
#1868=VECTOR('',#3608,1.);
#1869=VECTOR('',#3609,1.);
#1870=VECTOR('',#3610,1.);
#1871=VECTOR('',#3613,1.);
#1872=VECTOR('',#3614,1.);
#1873=VECTOR('',#3615,1.);
#1874=VECTOR('',#3616,1.);
#1875=VECTOR('',#3617,1.);
#1876=VECTOR('',#3618,1.);
#1877=VECTOR('',#3621,1.);
#1878=VECTOR('',#3622,1.);
#1879=VECTOR('',#3623,1.);
#1880=VECTOR('',#3624,1.);
#1881=VECTOR('',#3625,1.);
#1882=VECTOR('',#3626,1.);
#1883=VECTOR('',#3629,1.);
#1884=VECTOR('',#3632,1.);
#1885=VECTOR('',#3635,1.);
#1886=VECTOR('',#3640,1.);
#1887=VECTOR('',#3641,1.);
#1888=VECTOR('',#3642,1.);
#1889=VECTOR('',#3643,1.);
#1890=VECTOR('',#3646,1.);
#1891=VECTOR('',#3647,1.);
#1892=VECTOR('',#3648,1.);
#1893=VECTOR('',#3651,1.);
#1894=VECTOR('',#3652,1.);
#1895=VECTOR('',#3653,1.);
#1896=VECTOR('',#3656,1.);
#1897=VECTOR('',#3659,1.);
#1898=VECTOR('',#3662,1.);
#1899=VECTOR('',#3663,1.);
#1900=VECTOR('',#3664,1.);
#1901=VECTOR('',#3665,1.);
#1902=VECTOR('',#3668,1.);
#1903=VECTOR('',#3669,1.);
#1904=VECTOR('',#3670,1.);
#1905=VECTOR('',#3671,1.);
#1906=VECTOR('',#3674,1.);
#1907=VECTOR('',#3675,1.);
#1908=VECTOR('',#3676,1.);
#1909=VECTOR('',#3677,1.);
#1910=VECTOR('',#3678,1.);
#1911=VECTOR('',#3679,1.);
#1912=VECTOR('',#3682,1.);
#1913=VECTOR('',#3683,1.);
#1914=VECTOR('',#3684,1.);
#1915=VECTOR('',#3685,1.);
#1916=VECTOR('',#3686,1.);
#1917=VECTOR('',#3687,1.);
#1918=VECTOR('',#3690,1.);
#1919=VECTOR('',#3693,1.);
#1920=VECTOR('',#3696,1.);
#1921=VECTOR('',#3701,1.);
#1922=VECTOR('',#3702,1.);
#1923=VECTOR('',#3703,1.);
#1924=VECTOR('',#3704,1.);
#1925=VECTOR('',#3707,1.);
#1926=VECTOR('',#3708,1.);
#1927=VECTOR('',#3709,1.);
#1928=VECTOR('',#3712,1.);
#1929=VECTOR('',#3713,1.);
#1930=VECTOR('',#3714,1.);
#1931=VECTOR('',#3715,1.);
#1932=VECTOR('',#3718,1.);
#1933=VECTOR('',#3719,1.);
#1934=VECTOR('',#3720,1.);
#1935=VECTOR('',#3723,1.);
#1936=VECTOR('',#3724,1.);
#1937=VECTOR('',#3725,1.);
#1938=VECTOR('',#3726,1.);
#1939=VECTOR('',#3727,1.);
#1940=VECTOR('',#3728,1.);
#1941=VECTOR('',#3729,1.);
#1942=VECTOR('',#3730,1.);
#1943=VECTOR('',#3731,1.);
#1944=VECTOR('',#3734,1.);
#1945=VECTOR('',#3735,1.);
#1946=VECTOR('',#3736,1.);
#1947=VECTOR('',#3739,1.);
#1948=VECTOR('',#3740,1.);
#1949=VECTOR('',#3741,1.);
#1950=VECTOR('',#3742,1.);
#1951=VECTOR('',#3745,1.);
#1952=VECTOR('',#3746,1.);
#1953=VECTOR('',#3747,1.);
#1954=VECTOR('',#3748,1.);
#1955=VECTOR('',#3751,1.);
#1956=VECTOR('',#3752,1.);
#1957=VECTOR('',#3755,1.);
#1958=VECTOR('',#3758,1.);
#1959=VECTOR('',#3761,1.);
#1960=VECTOR('',#3762,1.);
#1961=VECTOR('',#3763,1.);
#1962=VECTOR('',#3764,1.);
#1963=VECTOR('',#3767,1.);
#1964=VECTOR('',#3768,1.);
#1965=VECTOR('',#3769,1.);
#1966=VECTOR('',#3772,1.);
#1967=VECTOR('',#3773,1.);
#1968=VECTOR('',#3774,1.);
#1969=VECTOR('',#3777,1.);
#1970=VECTOR('',#3778,1.);
#1971=VECTOR('',#3779,1.);
#1972=VECTOR('',#3782,1.);
#1973=VECTOR('',#3783,1.);
#1974=VECTOR('',#3784,1.);
#1975=VECTOR('',#3787,1.);
#1976=VECTOR('',#3788,1.);
#1977=VECTOR('',#3791,1.);
#1978=VECTOR('',#3792,1.);
#1979=VECTOR('',#3793,1.);
#1980=VECTOR('',#3794,1.);
#1981=VECTOR('',#3795,1.);
#1982=VECTOR('',#3796,1.);
#1983=VECTOR('',#3799,1.);
#1984=VECTOR('',#3800,1.);
#1985=VECTOR('',#3801,1.);
#1986=VECTOR('',#3804,1.);
#1987=VECTOR('',#3805,1.);
#1988=VECTOR('',#3806,1.);
#1989=VECTOR('',#3809,1.);
#1990=VECTOR('',#3810,1.);
#1991=VECTOR('',#3811,1.);
#1992=VECTOR('',#3812,1.);
#1993=VECTOR('',#3815,1.);
#1994=VECTOR('',#3816,1.);
#1995=VECTOR('',#3817,1.);
#1996=VECTOR('',#3818,1.);
#1997=VECTOR('',#3821,1.);
#1998=VECTOR('',#3822,1.);
#1999=VECTOR('',#3825,1.);
#2000=VECTOR('',#3828,1.);
#2001=VECTOR('',#3829,1.);
#2002=VECTOR('',#3830,1.);
#2003=VECTOR('',#3831,1.);
#2004=VECTOR('',#3834,1.);
#2005=VECTOR('',#3835,1.);
#2006=VECTOR('',#3836,1.);
#2007=VECTOR('',#3837,1.);
#2008=VECTOR('',#3840,1.);
#2009=VECTOR('',#3841,1.);
#2010=VECTOR('',#3842,1.);
#2011=VECTOR('',#3845,1.);
#2012=VECTOR('',#3846,1.);
#2013=VECTOR('',#3849,1.);
#2014=VECTOR('',#3850,1.);
#2015=VECTOR('',#3851,1.);
#2016=VECTOR('',#3852,1.);
#2017=VECTOR('',#3855,1.);
#2018=VECTOR('',#3856,1.);
#2019=VECTOR('',#3857,1.);
#2020=VECTOR('',#3858,1.);
#2021=VECTOR('',#3861,1.);
#2022=VECTOR('',#3862,1.);
#2023=VECTOR('',#3863,1.);
#2024=VECTOR('',#3864,1.);
#2025=VECTOR('',#3867,1.);
#2026=VECTOR('',#3868,1.);
#2027=VECTOR('',#3871,1.);
#2028=VECTOR('',#3872,1.);
#2029=VECTOR('',#3875,1.);
#2030=VECTOR('',#3876,1.);
#2031=VECTOR('',#3877,1.);
#2032=VECTOR('',#3878,1.);
#2033=VECTOR('',#3879,1.);
#2034=VECTOR('',#3880,1.);
#2035=VECTOR('',#3881,1.);
#2036=VECTOR('',#3884,1.);
#2037=VECTOR('',#3885,1.);
#2038=VECTOR('',#3886,1.);
#2039=VECTOR('',#3887,1.);
#2040=VECTOR('',#3890,1.);
#2041=VECTOR('',#3893,1.);
#2042=VECTOR('',#3898,1.);
#2043=VECTOR('',#3901,1.);
#2044=VECTOR('',#3904,1.);
#2045=VECTOR('',#3905,1.);
#2046=VECTOR('',#3908,1.);
#2047=VECTOR('',#3909,1.);
#2048=VECTOR('',#3910,1.);
#2049=VECTOR('',#3913,1.);
#2050=EDGE_LOOP('',(#18,#19,#20,#21,#22,#23,#24));
#2051=EDGE_LOOP('',(#25,#26,#27,#28,#29,#30,#31));
#2052=EDGE_LOOP('',(#32,#33,#34,#35));
#2053=EDGE_LOOP('',(#36,#37,#38,#39));
#2054=EDGE_LOOP('',(#40,#41,#42,#43));
#2055=EDGE_LOOP('',(#44,#45,#46,#47));
#2056=EDGE_LOOP('',(#48,#49,#50,#51));
#2057=EDGE_LOOP('',(#52,#53,#54,#55));
#2058=EDGE_LOOP('',(#56,#57,#58,#59,#60,#61,#62));
#2059=EDGE_LOOP('',(#63,#64,#65,#66,#67,#68,#69));
#2060=EDGE_LOOP('',(#70,#71,#72,#73));
#2061=EDGE_LOOP('',(#74,#75,#76,#77));
#2062=EDGE_LOOP('',(#78,#79,#80,#81));
#2063=EDGE_LOOP('',(#82,#83,#84,#85));
#2064=EDGE_LOOP('',(#86,#87,#88,#89));
#2065=EDGE_LOOP('',(#90,#91,#92,#93));
#2066=EDGE_LOOP('',(#94,#95,#96,#97));
#2067=EDGE_LOOP('',(#98,#99,#100,#101));
#2068=EDGE_LOOP('',(#102,#103,#104,#105));
#2069=EDGE_LOOP('',(#106,#107,#108,#109));
#2070=EDGE_LOOP('',(#110,#111,#112,#113));
#2071=EDGE_LOOP('',(#114,#115,#116,#117));
#2072=EDGE_LOOP('',(#118,#119,#120,#121));
#2073=EDGE_LOOP('',(#122,#123,#124,#125));
#2074=EDGE_LOOP('',(#126,#127,#128,#129));
#2075=EDGE_LOOP('',(#130,#131,#132,#133));
#2076=EDGE_LOOP('',(#134,#135,#136,#137));
#2077=EDGE_LOOP('',(#138,#139,#140,#141,#142,#143,#144,#145));
#2078=EDGE_LOOP('',(#146,#147,#148,#149,#150,#151,#152,#153));
#2079=EDGE_LOOP('',(#154,#155,#156,#157));
#2080=EDGE_LOOP('',(#158,#159,#160,#161));
#2081=EDGE_LOOP('',(#162,#163,#164,#165));
#2082=EDGE_LOOP('',(#166,#167,#168,#169));
#2083=EDGE_LOOP('',(#170,#171,#172,#173));
#2084=EDGE_LOOP('',(#174,#175,#176,#177));
#2085=EDGE_LOOP('',(#178,#179,#180,#181));
#2086=EDGE_LOOP('',(#182,#183,#184,#185));
#2087=EDGE_LOOP('',(#186,#187,#188,#189));
#2088=EDGE_LOOP('',(#190,#191,#192,#193));
#2089=EDGE_LOOP('',(#194,#195,#196,#197));
#2090=EDGE_LOOP('',(#198,#199,#200,#201,#202,#203,#204,#205));
#2091=EDGE_LOOP('',(#206,#207,#208,#209,#210,#211,#212,#213));
#2092=EDGE_LOOP('',(#214,#215,#216,#217));
#2093=EDGE_LOOP('',(#218,#219,#220,#221));
#2094=EDGE_LOOP('',(#222,#223,#224,#225));
#2095=EDGE_LOOP('',(#226,#227,#228,#229));
#2096=EDGE_LOOP('',(#230,#231,#232,#233));
#2097=EDGE_LOOP('',(#234,#235,#236,#237));
#2098=EDGE_LOOP('',(#238,#239,#240,#241));
#2099=EDGE_LOOP('',(#242,#243,#244,#245));
#2100=EDGE_LOOP('',(#246,#247,#248,#249));
#2101=EDGE_LOOP('',(#250,#251,#252,#253));
#2102=EDGE_LOOP('',(#254,#255,#256,#257));
#2103=EDGE_LOOP('',(#258,#259,#260,#261,#262,#263,#264,#265));
#2104=EDGE_LOOP('',(#266,#267,#268,#269,#270,#271,#272,#273));
#2105=EDGE_LOOP('',(#274,#275,#276,#277));
#2106=EDGE_LOOP('',(#278,#279,#280,#281));
#2107=EDGE_LOOP('',(#282,#283,#284,#285));
#2108=EDGE_LOOP('',(#286,#287,#288,#289));
#2109=EDGE_LOOP('',(#290,#291,#292,#293));
#2110=EDGE_LOOP('',(#294,#295,#296,#297));
#2111=EDGE_LOOP('',(#298,#299,#300,#301));
#2112=EDGE_LOOP('',(#302,#303,#304,#305));
#2113=EDGE_LOOP('',(#306,#307,#308,#309));
#2114=EDGE_LOOP('',(#310,#311,#312,#313));
#2115=EDGE_LOOP('',(#314,#315,#316,#317));
#2116=EDGE_LOOP('',(#318,#319,#320,#321,#322,#323,#324,#325));
#2117=EDGE_LOOP('',(#326,#327,#328,#329,#330,#331,#332,#333));
#2118=EDGE_LOOP('',(#334,#335,#336,#337));
#2119=EDGE_LOOP('',(#338,#339,#340,#341));
#2120=EDGE_LOOP('',(#342,#343,#344,#345));
#2121=EDGE_LOOP('',(#346,#347,#348,#349));
#2122=EDGE_LOOP('',(#350,#351,#352,#353));
#2123=EDGE_LOOP('',(#354,#355,#356,#357));
#2124=EDGE_LOOP('',(#358,#359,#360,#361));
#2125=EDGE_LOOP('',(#362,#363,#364,#365));
#2126=EDGE_LOOP('',(#366,#367,#368,#369));
#2127=EDGE_LOOP('',(#370,#371,#372,#373));
#2128=EDGE_LOOP('',(#374,#375,#376,#377));
#2129=EDGE_LOOP('',(#378,#379,#380,#381,#382,#383,#384,#385));
#2130=EDGE_LOOP('',(#386,#387,#388,#389,#390,#391,#392,#393));
#2131=EDGE_LOOP('',(#394,#395,#396,#397));
#2132=EDGE_LOOP('',(#398,#399,#400,#401));
#2133=EDGE_LOOP('',(#402,#403,#404,#405));
#2134=EDGE_LOOP('',(#406,#407,#408,#409));
#2135=EDGE_LOOP('',(#410,#411,#412,#413));
#2136=EDGE_LOOP('',(#414,#415,#416,#417));
#2137=EDGE_LOOP('',(#418,#419,#420,#421));
#2138=EDGE_LOOP('',(#422,#423,#424,#425));
#2139=EDGE_LOOP('',(#426,#427,#428,#429,#430,#431,#432,#433,#434,#435,#436,
#437,#438,#439,#440,#441,#442,#443,#444,#445,#446,#447,#448,#449));
#2140=EDGE_LOOP('',(#450,#451,#452,#453,#454,#455,#456,#457,#458,#459,#460,
#461,#462,#463,#464,#465,#466,#467,#468,#469,#470,#471,#472,#473));
#2141=EDGE_LOOP('',(#474,#475,#476,#477));
#2142=EDGE_LOOP('',(#478,#479,#480,#481));
#2143=EDGE_LOOP('',(#482,#483,#484,#485));
#2144=EDGE_LOOP('',(#486,#487,#488,#489));
#2145=EDGE_LOOP('',(#490,#491,#492,#493));
#2146=EDGE_LOOP('',(#494,#495,#496,#497,#498,#499));
#2147=EDGE_LOOP('',(#500,#501,#502,#503));
#2148=EDGE_LOOP('',(#504,#505,#506,#507));
#2149=EDGE_LOOP('',(#508,#509,#510,#511));
#2150=EDGE_LOOP('',(#512,#513,#514,#515));
#2151=EDGE_LOOP('',(#516,#517,#518,#519,#520,#521));
#2152=EDGE_LOOP('',(#522,#523,#524,#525));
#2153=EDGE_LOOP('',(#526,#527,#528,#529,#530,#531,#532,#533,#534,#535,#536,
#537));
#2154=EDGE_LOOP('',(#538,#539,#540,#541));
#2155=EDGE_LOOP('',(#542,#543,#544,#545));
#2156=EDGE_LOOP('',(#546,#547,#548,#549));
#2157=EDGE_LOOP('',(#550,#551,#552,#553));
#2158=EDGE_LOOP('',(#554,#555,#556,#557));
#2159=EDGE_LOOP('',(#558,#559,#560,#561));
#2160=EDGE_LOOP('',(#562,#563,#564,#565));
#2161=EDGE_LOOP('',(#566,#567,#568,#569));
#2162=EDGE_LOOP('',(#570,#571,#572,#573));
#2163=EDGE_LOOP('',(#574,#575,#576,#577));
#2164=EDGE_LOOP('',(#578,#579,#580,#581,#582,#583));
#2165=EDGE_LOOP('',(#584,#585,#586,#587,#588,#589,#590,#591));
#2166=EDGE_LOOP('',(#592,#593,#594,#595,#596,#597));
#2167=EDGE_LOOP('',(#598,#599,#600,#601));
#2168=EDGE_LOOP('',(#602,#603,#604,#605));
#2169=EDGE_LOOP('',(#606,#607,#608,#609,#610,#611,#612,#613,#614,#615,#616,
#617,#618,#619,#620,#621));
#2170=EDGE_LOOP('',(#622,#623,#624,#625,#626,#627,#628,#629));
#2171=EDGE_LOOP('',(#630,#631,#632,#633));
#2172=EDGE_LOOP('',(#634,#635,#636,#637,#638,#639,#640,#641));
#2173=EDGE_LOOP('',(#642,#643,#644,#645));
#2174=EDGE_LOOP('',(#646,#647,#648,#649));
#2175=EDGE_LOOP('',(#650,#651,#652,#653));
#2176=EDGE_LOOP('',(#654,#655,#656,#657));
#2177=EDGE_LOOP('',(#658,#659,#660,#661));
#2178=EDGE_LOOP('',(#662,#663,#664,#665,#666,#667,#668,#669,#670,#671,#672,
#673));
#2179=EDGE_LOOP('',(#674,#675,#676,#677,#678,#679,#680,#681));
#2180=EDGE_LOOP('',(#682,#683,#684,#685));
#2181=EDGE_LOOP('',(#686,#687,#688,#689,#690,#691,#692,#693));
#2182=EDGE_LOOP('',(#694,#695,#696,#697,#698,#699,#700,#701,#702,#703,#704,
#705,#706,#707,#708,#709,#710,#711,#712,#713));
#2183=EDGE_LOOP('',(#714,#715,#716,#717,#718,#719,#720,#721));
#2184=EDGE_LOOP('',(#722,#723,#724,#725));
#2185=EDGE_LOOP('',(#726,#727,#728,#729));
#2186=EDGE_LOOP('',(#730,#731,#732,#733));
#2187=EDGE_LOOP('',(#734,#735,#736,#737));
#2188=FACE_BOUND('',#2050,.T.);
#2189=FACE_BOUND('',#2051,.T.);
#2190=FACE_BOUND('',#2052,.T.);
#2191=FACE_BOUND('',#2053,.T.);
#2192=FACE_BOUND('',#2054,.T.);
#2193=FACE_BOUND('',#2055,.T.);
#2194=FACE_BOUND('',#2056,.T.);
#2195=FACE_BOUND('',#2057,.T.);
#2196=FACE_BOUND('',#2058,.T.);
#2197=FACE_BOUND('',#2059,.T.);
#2198=FACE_BOUND('',#2060,.T.);
#2199=FACE_BOUND('',#2061,.T.);
#2200=FACE_BOUND('',#2062,.T.);
#2201=FACE_BOUND('',#2063,.T.);
#2202=FACE_BOUND('',#2064,.T.);
#2203=FACE_BOUND('',#2065,.T.);
#2204=FACE_BOUND('',#2066,.T.);
#2205=FACE_BOUND('',#2067,.T.);
#2206=FACE_BOUND('',#2068,.T.);
#2207=FACE_BOUND('',#2069,.T.);
#2208=FACE_BOUND('',#2070,.T.);
#2209=FACE_BOUND('',#2071,.T.);
#2210=FACE_BOUND('',#2072,.T.);
#2211=FACE_BOUND('',#2073,.T.);
#2212=FACE_BOUND('',#2074,.T.);
#2213=FACE_BOUND('',#2075,.T.);
#2214=FACE_BOUND('',#2076,.T.);
#2215=FACE_BOUND('',#2077,.T.);
#2216=FACE_BOUND('',#2078,.T.);
#2217=FACE_BOUND('',#2079,.T.);
#2218=FACE_BOUND('',#2080,.T.);
#2219=FACE_BOUND('',#2081,.T.);
#2220=FACE_BOUND('',#2082,.T.);
#2221=FACE_BOUND('',#2083,.T.);
#2222=FACE_BOUND('',#2084,.T.);
#2223=FACE_BOUND('',#2085,.T.);
#2224=FACE_BOUND('',#2086,.T.);
#2225=FACE_BOUND('',#2087,.T.);
#2226=FACE_BOUND('',#2088,.T.);
#2227=FACE_BOUND('',#2089,.T.);
#2228=FACE_BOUND('',#2090,.T.);
#2229=FACE_BOUND('',#2091,.T.);
#2230=FACE_BOUND('',#2092,.T.);
#2231=FACE_BOUND('',#2093,.T.);
#2232=FACE_BOUND('',#2094,.T.);
#2233=FACE_BOUND('',#2095,.T.);
#2234=FACE_BOUND('',#2096,.T.);
#2235=FACE_BOUND('',#2097,.T.);
#2236=FACE_BOUND('',#2098,.T.);
#2237=FACE_BOUND('',#2099,.T.);
#2238=FACE_BOUND('',#2100,.T.);
#2239=FACE_BOUND('',#2101,.T.);
#2240=FACE_BOUND('',#2102,.T.);
#2241=FACE_BOUND('',#2103,.T.);
#2242=FACE_BOUND('',#2104,.T.);
#2243=FACE_BOUND('',#2105,.T.);
#2244=FACE_BOUND('',#2106,.T.);
#2245=FACE_BOUND('',#2107,.T.);
#2246=FACE_BOUND('',#2108,.T.);
#2247=FACE_BOUND('',#2109,.T.);
#2248=FACE_BOUND('',#2110,.T.);
#2249=FACE_BOUND('',#2111,.T.);
#2250=FACE_BOUND('',#2112,.T.);
#2251=FACE_BOUND('',#2113,.T.);
#2252=FACE_BOUND('',#2114,.T.);
#2253=FACE_BOUND('',#2115,.T.);
#2254=FACE_BOUND('',#2116,.T.);
#2255=FACE_BOUND('',#2117,.T.);
#2256=FACE_BOUND('',#2118,.T.);
#2257=FACE_BOUND('',#2119,.T.);
#2258=FACE_BOUND('',#2120,.T.);
#2259=FACE_BOUND('',#2121,.T.);
#2260=FACE_BOUND('',#2122,.T.);
#2261=FACE_BOUND('',#2123,.T.);
#2262=FACE_BOUND('',#2124,.T.);
#2263=FACE_BOUND('',#2125,.T.);
#2264=FACE_BOUND('',#2126,.T.);
#2265=FACE_BOUND('',#2127,.T.);
#2266=FACE_BOUND('',#2128,.T.);
#2267=FACE_BOUND('',#2129,.T.);
#2268=FACE_BOUND('',#2130,.T.);
#2269=FACE_BOUND('',#2131,.T.);
#2270=FACE_BOUND('',#2132,.T.);
#2271=FACE_BOUND('',#2133,.T.);
#2272=FACE_BOUND('',#2134,.T.);
#2273=FACE_BOUND('',#2135,.T.);
#2274=FACE_BOUND('',#2136,.T.);
#2275=FACE_BOUND('',#2137,.T.);
#2276=FACE_BOUND('',#2138,.T.);
#2277=FACE_BOUND('',#2139,.T.);
#2278=FACE_BOUND('',#2140,.T.);
#2279=FACE_BOUND('',#2141,.T.);
#2280=FACE_BOUND('',#2142,.T.);
#2281=FACE_BOUND('',#2143,.T.);
#2282=FACE_BOUND('',#2144,.T.);
#2283=FACE_BOUND('',#2145,.T.);
#2284=FACE_BOUND('',#2146,.T.);
#2285=FACE_BOUND('',#2147,.T.);
#2286=FACE_BOUND('',#2148,.T.);
#2287=FACE_BOUND('',#2149,.T.);
#2288=FACE_BOUND('',#2150,.T.);
#2289=FACE_BOUND('',#2151,.T.);
#2290=FACE_BOUND('',#2152,.T.);
#2291=FACE_BOUND('',#2153,.T.);
#2292=FACE_BOUND('',#2154,.T.);
#2293=FACE_BOUND('',#2155,.T.);
#2294=FACE_BOUND('',#2156,.T.);
#2295=FACE_BOUND('',#2157,.T.);
#2296=FACE_BOUND('',#2158,.T.);
#2297=FACE_BOUND('',#2159,.T.);
#2298=FACE_BOUND('',#2160,.T.);
#2299=FACE_BOUND('',#2161,.T.);
#2300=FACE_BOUND('',#2162,.T.);
#2301=FACE_BOUND('',#2163,.T.);
#2302=FACE_BOUND('',#2164,.T.);
#2303=FACE_BOUND('',#2165,.T.);
#2304=FACE_BOUND('',#2166,.T.);
#2305=FACE_BOUND('',#2167,.T.);
#2306=FACE_BOUND('',#2168,.T.);
#2307=FACE_BOUND('',#2169,.T.);
#2308=FACE_BOUND('',#2170,.T.);
#2309=FACE_BOUND('',#2171,.T.);
#2310=FACE_BOUND('',#2172,.T.);
#2311=FACE_BOUND('',#2173,.T.);
#2312=FACE_BOUND('',#2174,.T.);
#2313=FACE_BOUND('',#2175,.T.);
#2314=FACE_BOUND('',#2176,.T.);
#2315=FACE_BOUND('',#2177,.T.);
#2316=FACE_BOUND('',#2178,.T.);
#2317=FACE_BOUND('',#2179,.T.);
#2318=FACE_BOUND('',#2180,.T.);
#2319=FACE_BOUND('',#2181,.T.);
#2320=FACE_BOUND('',#2182,.T.);
#2321=FACE_BOUND('',#2183,.T.);
#2322=FACE_BOUND('',#2184,.T.);
#2323=FACE_BOUND('',#2185,.T.);
#2324=FACE_BOUND('',#2186,.T.);
#2325=FACE_BOUND('',#2187,.T.);
#2326=PLANE('',#3158);
#2327=PLANE('',#3160);
#2328=PLANE('',#3162);
#2329=PLANE('',#3164);
#2330=PLANE('',#3165);
#2331=PLANE('',#3166);
#2332=PLANE('',#3167);
#2333=PLANE('',#3168);
#2334=PLANE('',#3170);
#2335=PLANE('',#3173);
#2336=PLANE('',#3174);
#2337=PLANE('',#3175);
#2338=PLANE('',#3176);
#2339=PLANE('',#3177);
#2340=PLANE('',#3178);
#2341=PLANE('',#3179);
#2342=PLANE('',#3180);
#2343=PLANE('',#3181);
#2344=PLANE('',#3182);
#2345=PLANE('',#3183);
#2346=PLANE('',#3184);
#2347=PLANE('',#3185);
#2348=PLANE('',#3186);
#2349=PLANE('',#3187);
#2350=PLANE('',#3188);
#2351=PLANE('',#3189);
#2352=PLANE('',#3190);
#2353=PLANE('',#3191);
#2354=PLANE('',#3192);
#2355=PLANE('',#3193);
#2356=PLANE('',#3194);
#2357=PLANE('',#3195);
#2358=PLANE('',#3196);
#2359=PLANE('',#3197);
#2360=PLANE('',#3198);
#2361=PLANE('',#3199);
#2362=PLANE('',#3200);
#2363=PLANE('',#3201);
#2364=PLANE('',#3202);
#2365=PLANE('',#3203);
#2366=PLANE('',#3204);
#2367=PLANE('',#3205);
#2368=PLANE('',#3206);
#2369=PLANE('',#3207);
#2370=PLANE('',#3208);
#2371=PLANE('',#3209);
#2372=PLANE('',#3210);
#2373=PLANE('',#3211);
#2374=PLANE('',#3212);
#2375=PLANE('',#3213);
#2376=PLANE('',#3214);
#2377=PLANE('',#3215);
#2378=PLANE('',#3216);
#2379=PLANE('',#3217);
#2380=PLANE('',#3218);
#2381=PLANE('',#3219);
#2382=PLANE('',#3220);
#2383=PLANE('',#3221);
#2384=PLANE('',#3222);
#2385=PLANE('',#3223);
#2386=PLANE('',#3224);
#2387=PLANE('',#3225);
#2388=PLANE('',#3226);
#2389=PLANE('',#3227);
#2390=PLANE('',#3228);
#2391=PLANE('',#3229);
#2392=PLANE('',#3230);
#2393=PLANE('',#3231);
#2394=PLANE('',#3232);
#2395=PLANE('',#3233);
#2396=PLANE('',#3234);
#2397=PLANE('',#3235);
#2398=PLANE('',#3236);
#2399=PLANE('',#3237);
#2400=PLANE('',#3238);
#2401=PLANE('',#3239);
#2402=PLANE('',#3240);
#2403=PLANE('',#3241);
#2404=PLANE('',#3242);
#2405=PLANE('',#3243);
#2406=PLANE('',#3244);
#2407=PLANE('',#3245);
#2408=PLANE('',#3246);
#2409=PLANE('',#3247);
#2410=PLANE('',#3248);
#2411=PLANE('',#3249);
#2412=PLANE('',#3250);
#2413=PLANE('',#3251);
#2414=PLANE('',#3252);
#2415=PLANE('',#3253);
#2416=PLANE('',#3254);
#2417=PLANE('',#3255);
#2418=PLANE('',#3256);
#2419=PLANE('',#3257);
#2420=PLANE('',#3258);
#2421=PLANE('',#3259);
#2422=PLANE('',#3260);
#2423=PLANE('',#3261);
#2424=PLANE('',#3262);
#2425=PLANE('',#3263);
#2426=PLANE('',#3264);
#2427=PLANE('',#3265);
#2428=PLANE('',#3266);
#2429=PLANE('',#3267);
#2430=PLANE('',#3268);
#2431=PLANE('',#3269);
#2432=PLANE('',#3270);
#2433=PLANE('',#3271);
#2434=PLANE('',#3272);
#2435=PLANE('',#3273);
#2436=PLANE('',#3274);
#2437=PLANE('',#3275);
#2438=PLANE('',#3276);
#2439=PLANE('',#3277);
#2440=PLANE('',#3278);
#2441=PLANE('',#3279);
#2442=PLANE('',#3280);
#2443=PLANE('',#3281);
#2444=PLANE('',#3282);
#2445=PLANE('',#3283);
#2446=PLANE('',#3284);
#2447=PLANE('',#3285);
#2448=PLANE('',#3286);
#2449=PLANE('',#3287);
#2450=PLANE('',#3288);
#2451=PLANE('',#3289);
#2452=PLANE('',#3290);
#2453=PLANE('',#3291);
#2454=OVER_RIDING_STYLED_ITEM('',(#2667),#2534,#2665);
#2455=OVER_RIDING_STYLED_ITEM('',(#2668),#2535,#2665);
#2456=OVER_RIDING_STYLED_ITEM('',(#2669),#2536,#2665);
#2457=OVER_RIDING_STYLED_ITEM('',(#2670),#2537,#2665);
#2458=OVER_RIDING_STYLED_ITEM('',(#2671),#2538,#2665);
#2459=OVER_RIDING_STYLED_ITEM('',(#2672),#2539,#2665);
#2460=OVER_RIDING_STYLED_ITEM('',(#2673),#2540,#2665);
#2461=OVER_RIDING_STYLED_ITEM('',(#2674),#2541,#2665);
#2462=OVER_RIDING_STYLED_ITEM('',(#2675),#2542,#2665);
#2463=OVER_RIDING_STYLED_ITEM('',(#2676),#2543,#2665);
#2464=OVER_RIDING_STYLED_ITEM('',(#2677),#2544,#2665);
#2465=OVER_RIDING_STYLED_ITEM('',(#2678),#2545,#2665);
#2466=OVER_RIDING_STYLED_ITEM('',(#2679),#2546,#2665);
#2467=OVER_RIDING_STYLED_ITEM('',(#2680),#2547,#2665);
#2468=OVER_RIDING_STYLED_ITEM('',(#2681),#2548,#2665);
#2469=OVER_RIDING_STYLED_ITEM('',(#2682),#2554,#2665);
#2470=OVER_RIDING_STYLED_ITEM('',(#2683),#2555,#2665);
#2471=OVER_RIDING_STYLED_ITEM('',(#2684),#2556,#2665);
#2472=OVER_RIDING_STYLED_ITEM('',(#2685),#2557,#2665);
#2473=OVER_RIDING_STYLED_ITEM('',(#2686),#2558,#2665);
#2474=OVER_RIDING_STYLED_ITEM('',(#2687),#2559,#2665);
#2475=OVER_RIDING_STYLED_ITEM('',(#2688),#2560,#2665);
#2476=OVER_RIDING_STYLED_ITEM('',(#2689),#2561,#2665);
#2477=OVER_RIDING_STYLED_ITEM('',(#2690),#2562,#2665);
#2478=OVER_RIDING_STYLED_ITEM('',(#2691),#2563,#2665);
#2479=OVER_RIDING_STYLED_ITEM('',(#2692),#2564,#2665);
#2480=OVER_RIDING_STYLED_ITEM('',(#2693),#2565,#2665);
#2481=OVER_RIDING_STYLED_ITEM('',(#2694),#2566,#2665);
#2482=OVER_RIDING_STYLED_ITEM('',(#2695),#2567,#2665);
#2483=OVER_RIDING_STYLED_ITEM('',(#2696),#2568,#2665);
#2484=OVER_RIDING_STYLED_ITEM('',(#2697),#2569,#2665);
#2485=OVER_RIDING_STYLED_ITEM('',(#2698),#2570,#2665);
#2486=OVER_RIDING_STYLED_ITEM('',(#2699),#2571,#2665);
#2487=OVER_RIDING_STYLED_ITEM('',(#2700),#2572,#2665);
#2488=OVER_RIDING_STYLED_ITEM('',(#2701),#2573,#2665);
#2489=OVER_RIDING_STYLED_ITEM('',(#2702),#2574,#2665);
#2490=OVER_RIDING_STYLED_ITEM('',(#2703),#2575,#2665);
#2491=OVER_RIDING_STYLED_ITEM('',(#2704),#2576,#2665);
#2492=OVER_RIDING_STYLED_ITEM('',(#2705),#2577,#2665);
#2493=OVER_RIDING_STYLED_ITEM('',(#2706),#2578,#2665);
#2494=OVER_RIDING_STYLED_ITEM('',(#2707),#2579,#2665);
#2495=OVER_RIDING_STYLED_ITEM('',(#2708),#2580,#2665);
#2496=OVER_RIDING_STYLED_ITEM('',(#2709),#2581,#2665);
#2497=OVER_RIDING_STYLED_ITEM('',(#2710),#2582,#2665);
#2498=OVER_RIDING_STYLED_ITEM('',(#2711),#2583,#2665);
#2499=OVER_RIDING_STYLED_ITEM('',(#2712),#2584,#2665);
#2500=OVER_RIDING_STYLED_ITEM('',(#2713),#2585,#2665);
#2501=OVER_RIDING_STYLED_ITEM('',(#2714),#2586,#2665);
#2502=OVER_RIDING_STYLED_ITEM('',(#2715),#2587,#2665);
#2503=OVER_RIDING_STYLED_ITEM('',(#2716),#2588,#2665);
#2504=OVER_RIDING_STYLED_ITEM('',(#2717),#2589,#2665);
#2505=OVER_RIDING_STYLED_ITEM('',(#2718),#2590,#2665);
#2506=OVER_RIDING_STYLED_ITEM('',(#2719),#2591,#2665);
#2507=OVER_RIDING_STYLED_ITEM('',(#2720),#2592,#2665);
#2508=OVER_RIDING_STYLED_ITEM('',(#2721),#2593,#2665);
#2509=OVER_RIDING_STYLED_ITEM('',(#2722),#2594,#2665);
#2510=OVER_RIDING_STYLED_ITEM('',(#2723),#2595,#2665);
#2511=OVER_RIDING_STYLED_ITEM('',(#2724),#2596,#2665);
#2512=OVER_RIDING_STYLED_ITEM('',(#2725),#2597,#2665);
#2513=OVER_RIDING_STYLED_ITEM('',(#2726),#2598,#2665);
#2514=OVER_RIDING_STYLED_ITEM('',(#2727),#2599,#2665);
#2515=OVER_RIDING_STYLED_ITEM('',(#2728),#2600,#2665);
#2516=OVER_RIDING_STYLED_ITEM('',(#2729),#2601,#2665);
#2517=OVER_RIDING_STYLED_ITEM('',(#2730),#2602,#2665);
#2518=OVER_RIDING_STYLED_ITEM('',(#2731),#2603,#2665);
#2519=OVER_RIDING_STYLED_ITEM('',(#2732),#2604,#2665);
#2520=OVER_RIDING_STYLED_ITEM('',(#2733),#2605,#2665);
#2521=OVER_RIDING_STYLED_ITEM('',(#2734),#2606,#2665);
#2522=OVER_RIDING_STYLED_ITEM('',(#2735),#2607,#2665);
#2523=OVER_RIDING_STYLED_ITEM('',(#2736),#2608,#2665);
#2524=OVER_RIDING_STYLED_ITEM('',(#2737),#2609,#2665);
#2525=OVER_RIDING_STYLED_ITEM('',(#2738),#2610,#2665);
#2526=OVER_RIDING_STYLED_ITEM('',(#2739),#2611,#2665);
#2527=OVER_RIDING_STYLED_ITEM('',(#2740),#2612,#2665);
#2528=OVER_RIDING_STYLED_ITEM('',(#2741),#2613,#2665);
#2529=OVER_RIDING_STYLED_ITEM('',(#2742),#2614,#2665);
#2530=OVER_RIDING_STYLED_ITEM('',(#2743),#2615,#2665);
#2531=OVER_RIDING_STYLED_ITEM('',(#2744),#2616,#2665);
#2532=OVER_RIDING_STYLED_ITEM('',(#2745),#2617,#2665);
#2533=OVER_RIDING_STYLED_ITEM('',(#2746),#2618,#2665);
#2534=ADVANCED_FACE('',(#2188),#2326,.T.);
#2535=ADVANCED_FACE('',(#2189),#2327,.F.);
#2536=ADVANCED_FACE('',(#2190),#2328,.T.);
#2537=ADVANCED_FACE('',(#2191),#12,.T.);
#2538=ADVANCED_FACE('',(#2192),#2329,.T.);
#2539=ADVANCED_FACE('',(#2193),#2330,.T.);
#2540=ADVANCED_FACE('',(#2194),#2331,.T.);
#2541=ADVANCED_FACE('',(#2195),#2332,.T.);
#2542=ADVANCED_FACE('',(#2196),#2333,.T.);
#2543=ADVANCED_FACE('',(#2197),#2334,.F.);
#2544=ADVANCED_FACE('',(#2198),#13,.T.);
#2545=ADVANCED_FACE('',(#2199),#2335,.T.);
#2546=ADVANCED_FACE('',(#2200),#2336,.T.);
#2547=ADVANCED_FACE('',(#2201),#2337,.T.);
#2548=ADVANCED_FACE('',(#2202),#2338,.T.);
#2549=ADVANCED_FACE('',(#2203),#2339,.T.);
#2550=ADVANCED_FACE('',(#2204),#2340,.F.);
#2551=ADVANCED_FACE('',(#2205),#2341,.T.);
#2552=ADVANCED_FACE('',(#2206),#2342,.F.);
#2553=ADVANCED_FACE('',(#2207),#2343,.T.);
#2554=ADVANCED_FACE('',(#2208),#2344,.F.);
#2555=ADVANCED_FACE('',(#2209),#2345,.F.);
#2556=ADVANCED_FACE('',(#2210),#2346,.F.);
#2557=ADVANCED_FACE('',(#2211),#2347,.F.);
#2558=ADVANCED_FACE('',(#2212),#2348,.T.);
#2559=ADVANCED_FACE('',(#2213),#2349,.F.);
#2560=ADVANCED_FACE('',(#2214),#2350,.F.);
#2561=ADVANCED_FACE('',(#2215),#2351,.T.);
#2562=ADVANCED_FACE('',(#2216),#2352,.F.);
#2563=ADVANCED_FACE('',(#2217),#2353,.F.);
#2564=ADVANCED_FACE('',(#2218),#2354,.T.);
#2565=ADVANCED_FACE('',(#2219),#2355,.F.);
#2566=ADVANCED_FACE('',(#2220),#2356,.F.);
#2567=ADVANCED_FACE('',(#2221),#2357,.F.);
#2568=ADVANCED_FACE('',(#2222),#2358,.F.);
#2569=ADVANCED_FACE('',(#2223),#2359,.F.);
#2570=ADVANCED_FACE('',(#2224),#2360,.F.);
#2571=ADVANCED_FACE('',(#2225),#2361,.T.);
#2572=ADVANCED_FACE('',(#2226),#2362,.F.);
#2573=ADVANCED_FACE('',(#2227),#2363,.F.);
#2574=ADVANCED_FACE('',(#2228),#2364,.T.);
#2575=ADVANCED_FACE('',(#2229),#2365,.F.);
#2576=ADVANCED_FACE('',(#2230),#2366,.F.);
#2577=ADVANCED_FACE('',(#2231),#2367,.T.);
#2578=ADVANCED_FACE('',(#2232),#2368,.F.);
#2579=ADVANCED_FACE('',(#2233),#2369,.F.);
#2580=ADVANCED_FACE('',(#2234),#2370,.F.);
#2581=ADVANCED_FACE('',(#2235),#2371,.F.);
#2582=ADVANCED_FACE('',(#2236),#2372,.F.);
#2583=ADVANCED_FACE('',(#2237),#2373,.F.);
#2584=ADVANCED_FACE('',(#2238),#2374,.T.);
#2585=ADVANCED_FACE('',(#2239),#2375,.F.);
#2586=ADVANCED_FACE('',(#2240),#2376,.F.);
#2587=ADVANCED_FACE('',(#2241),#2377,.T.);
#2588=ADVANCED_FACE('',(#2242),#2378,.F.);
#2589=ADVANCED_FACE('',(#2243),#2379,.F.);
#2590=ADVANCED_FACE('',(#2244),#2380,.T.);
#2591=ADVANCED_FACE('',(#2245),#2381,.F.);
#2592=ADVANCED_FACE('',(#2246),#2382,.F.);
#2593=ADVANCED_FACE('',(#2247),#2383,.F.);
#2594=ADVANCED_FACE('',(#2248),#2384,.F.);
#2595=ADVANCED_FACE('',(#2249),#2385,.F.);
#2596=ADVANCED_FACE('',(#2250),#2386,.F.);
#2597=ADVANCED_FACE('',(#2251),#2387,.T.);
#2598=ADVANCED_FACE('',(#2252),#2388,.F.);
#2599=ADVANCED_FACE('',(#2253),#2389,.F.);
#2600=ADVANCED_FACE('',(#2254),#2390,.T.);
#2601=ADVANCED_FACE('',(#2255),#2391,.F.);
#2602=ADVANCED_FACE('',(#2256),#2392,.F.);
#2603=ADVANCED_FACE('',(#2257),#2393,.T.);
#2604=ADVANCED_FACE('',(#2258),#2394,.F.);
#2605=ADVANCED_FACE('',(#2259),#2395,.F.);
#2606=ADVANCED_FACE('',(#2260),#2396,.F.);
#2607=ADVANCED_FACE('',(#2261),#2397,.F.);
#2608=ADVANCED_FACE('',(#2262),#2398,.F.);
#2609=ADVANCED_FACE('',(#2263),#2399,.F.);
#2610=ADVANCED_FACE('',(#2264),#2400,.T.);
#2611=ADVANCED_FACE('',(#2265),#2401,.F.);
#2612=ADVANCED_FACE('',(#2266),#2402,.F.);
#2613=ADVANCED_FACE('',(#2267),#2403,.T.);
#2614=ADVANCED_FACE('',(#2268),#2404,.F.);
#2615=ADVANCED_FACE('',(#2269),#2405,.F.);
#2616=ADVANCED_FACE('',(#2270),#2406,.T.);
#2617=ADVANCED_FACE('',(#2271),#2407,.F.);
#2618=ADVANCED_FACE('',(#2272),#2408,.F.);
#2619=ADVANCED_FACE('',(#2273),#2409,.F.);
#2620=ADVANCED_FACE('',(#2274),#2410,.F.);
#2621=ADVANCED_FACE('',(#2275),#2411,.F.);
#2622=ADVANCED_FACE('',(#2276),#2412,.F.);
#2623=ADVANCED_FACE('',(#2277),#2413,.T.);
#2624=ADVANCED_FACE('',(#2278),#2414,.T.);
#2625=ADVANCED_FACE('',(#2279),#2415,.T.);
#2626=ADVANCED_FACE('',(#2280),#2416,.F.);
#2627=ADVANCED_FACE('',(#2281),#2417,.F.);
#2628=ADVANCED_FACE('',(#2282),#2418,.F.);
#2629=ADVANCED_FACE('',(#2283),#2419,.F.);
#2630=ADVANCED_FACE('',(#2284),#2420,.T.);
#2631=ADVANCED_FACE('',(#2285),#2421,.T.);
#2632=ADVANCED_FACE('',(#2286,#2287),#2422,.T.);
#2633=ADVANCED_FACE('',(#2288),#2423,.T.);
#2634=ADVANCED_FACE('',(#2289),#2424,.T.);
#2635=ADVANCED_FACE('',(#2290),#2425,.T.);
#2636=ADVANCED_FACE('',(#2291),#2426,.F.);
#2637=ADVANCED_FACE('',(#2292),#2427,.T.);
#2638=ADVANCED_FACE('',(#2293),#2428,.T.);
#2639=ADVANCED_FACE('',(#2294),#2429,.F.);
#2640=ADVANCED_FACE('',(#2295),#2430,.T.);
#2641=ADVANCED_FACE('',(#2296),#2431,.F.);
#2642=ADVANCED_FACE('',(#2297),#2432,.F.);
#2643=ADVANCED_FACE('',(#2298),#2433,.T.);
#2644=ADVANCED_FACE('',(#2299),#2434,.T.);
#2645=ADVANCED_FACE('',(#2300),#2435,.F.);
#2646=ADVANCED_FACE('',(#2301),#2436,.F.);
#2647=ADVANCED_FACE('',(#2302),#2437,.F.);
#2648=ADVANCED_FACE('',(#2303),#2438,.F.);
#2649=ADVANCED_FACE('',(#2304),#2439,.F.);
#2650=ADVANCED_FACE('',(#2305),#2440,.F.);
#2651=ADVANCED_FACE('',(#2306),#2441,.F.);
#2652=ADVANCED_FACE('',(#2307),#2442,.T.);
#2653=ADVANCED_FACE('',(#2308),#2443,.T.);
#2654=ADVANCED_FACE('',(#2309),#2444,.T.);
#2655=ADVANCED_FACE('',(#2310,#2311,#2312,#2313,#2314,#2315),#2445,.T.);
#2656=ADVANCED_FACE('',(#2316),#2446,.F.);
#2657=ADVANCED_FACE('',(#2317),#2447,.F.);
#2658=ADVANCED_FACE('',(#2318),#2448,.T.);
#2659=ADVANCED_FACE('',(#2319),#2449,.F.);
#2660=ADVANCED_FACE('',(#2320),#2450,.T.);
#2661=ADVANCED_FACE('',(#2321),#2451,.T.);
#2662=ADVANCED_FACE('',(#2322,#2323),#2452,.T.);
#2663=ADVANCED_FACE('',(#2324,#2325),#2453,.T.);
#2664=CLOSED_SHELL('',(#2534,#2535,#2536,#2537,#2538,#2539,#2540,#2541,
#2542,#2543,#2544,#2545,#2546,#2547,#2548,#2549,#2550,#2551,#2552,#2553,
#2554,#2555,#2556,#2557,#2558,#2559,#2560,#2561,#2562,#2563,#2564,#2565,
#2566,#2567,#2568,#2569,#2570,#2571,#2572,#2573,#2574,#2575,#2576,#2577,
#2578,#2579,#2580,#2581,#2582,#2583,#2584,#2585,#2586,#2587,#2588,#2589,
#2590,#2591,#2592,#2593,#2594,#2595,#2596,#2597,#2598,#2599,#2600,#2601,
#2602,#2603,#2604,#2605,#2606,#2607,#2608,#2609,#2610,#2611,#2612,#2613,
#2614,#2615,#2616,#2617,#2618,#2619,#2620,#2621,#2622,#2623,#2624,#2625,
#2626,#2627,#2628,#2629,#2630,#2631,#2632,#2633,#2634,#2635,#2636,#2637,
#2638,#2639,#2640,#2641,#2642,#2643,#2644,#2645,#2646,#2647,#2648,#2649,
#2650,#2651,#2652,#2653,#2654,#2655,#2656,#2657,#2658,#2659,#2660,#2661,
#2662,#2663));
#2665=STYLED_ITEM('',(#2666),#3154);
#2666=PRESENTATION_STYLE_ASSIGNMENT((#2747));
#2667=PRESENTATION_STYLE_ASSIGNMENT((#2748));
#2668=PRESENTATION_STYLE_ASSIGNMENT((#2749));
#2669=PRESENTATION_STYLE_ASSIGNMENT((#2750));
#2670=PRESENTATION_STYLE_ASSIGNMENT((#2751));
#2671=PRESENTATION_STYLE_ASSIGNMENT((#2752));
#2672=PRESENTATION_STYLE_ASSIGNMENT((#2753));
#2673=PRESENTATION_STYLE_ASSIGNMENT((#2754));
#2674=PRESENTATION_STYLE_ASSIGNMENT((#2755));
#2675=PRESENTATION_STYLE_ASSIGNMENT((#2756));
#2676=PRESENTATION_STYLE_ASSIGNMENT((#2757));
#2677=PRESENTATION_STYLE_ASSIGNMENT((#2758));
#2678=PRESENTATION_STYLE_ASSIGNMENT((#2759));
#2679=PRESENTATION_STYLE_ASSIGNMENT((#2760));
#2680=PRESENTATION_STYLE_ASSIGNMENT((#2761));
#2681=PRESENTATION_STYLE_ASSIGNMENT((#2762));
#2682=PRESENTATION_STYLE_ASSIGNMENT((#2763));
#2683=PRESENTATION_STYLE_ASSIGNMENT((#2764));
#2684=PRESENTATION_STYLE_ASSIGNMENT((#2765));
#2685=PRESENTATION_STYLE_ASSIGNMENT((#2766));
#2686=PRESENTATION_STYLE_ASSIGNMENT((#2767));
#2687=PRESENTATION_STYLE_ASSIGNMENT((#2768));
#2688=PRESENTATION_STYLE_ASSIGNMENT((#2769));
#2689=PRESENTATION_STYLE_ASSIGNMENT((#2770));
#2690=PRESENTATION_STYLE_ASSIGNMENT((#2771));
#2691=PRESENTATION_STYLE_ASSIGNMENT((#2772));
#2692=PRESENTATION_STYLE_ASSIGNMENT((#2773));
#2693=PRESENTATION_STYLE_ASSIGNMENT((#2774));
#2694=PRESENTATION_STYLE_ASSIGNMENT((#2775));
#2695=PRESENTATION_STYLE_ASSIGNMENT((#2776));
#2696=PRESENTATION_STYLE_ASSIGNMENT((#2777));
#2697=PRESENTATION_STYLE_ASSIGNMENT((#2778));
#2698=PRESENTATION_STYLE_ASSIGNMENT((#2779));
#2699=PRESENTATION_STYLE_ASSIGNMENT((#2780));
#2700=PRESENTATION_STYLE_ASSIGNMENT((#2781));
#2701=PRESENTATION_STYLE_ASSIGNMENT((#2782));
#2702=PRESENTATION_STYLE_ASSIGNMENT((#2783));
#2703=PRESENTATION_STYLE_ASSIGNMENT((#2784));
#2704=PRESENTATION_STYLE_ASSIGNMENT((#2785));
#2705=PRESENTATION_STYLE_ASSIGNMENT((#2786));
#2706=PRESENTATION_STYLE_ASSIGNMENT((#2787));
#2707=PRESENTATION_STYLE_ASSIGNMENT((#2788));
#2708=PRESENTATION_STYLE_ASSIGNMENT((#2789));
#2709=PRESENTATION_STYLE_ASSIGNMENT((#2790));
#2710=PRESENTATION_STYLE_ASSIGNMENT((#2791));
#2711=PRESENTATION_STYLE_ASSIGNMENT((#2792));
#2712=PRESENTATION_STYLE_ASSIGNMENT((#2793));
#2713=PRESENTATION_STYLE_ASSIGNMENT((#2794));
#2714=PRESENTATION_STYLE_ASSIGNMENT((#2795));
#2715=PRESENTATION_STYLE_ASSIGNMENT((#2796));
#2716=PRESENTATION_STYLE_ASSIGNMENT((#2797));
#2717=PRESENTATION_STYLE_ASSIGNMENT((#2798));
#2718=PRESENTATION_STYLE_ASSIGNMENT((#2799));
#2719=PRESENTATION_STYLE_ASSIGNMENT((#2800));
#2720=PRESENTATION_STYLE_ASSIGNMENT((#2801));
#2721=PRESENTATION_STYLE_ASSIGNMENT((#2802));
#2722=PRESENTATION_STYLE_ASSIGNMENT((#2803));
#2723=PRESENTATION_STYLE_ASSIGNMENT((#2804));
#2724=PRESENTATION_STYLE_ASSIGNMENT((#2805));
#2725=PRESENTATION_STYLE_ASSIGNMENT((#2806));
#2726=PRESENTATION_STYLE_ASSIGNMENT((#2807));
#2727=PRESENTATION_STYLE_ASSIGNMENT((#2808));
#2728=PRESENTATION_STYLE_ASSIGNMENT((#2809));
#2729=PRESENTATION_STYLE_ASSIGNMENT((#2810));
#2730=PRESENTATION_STYLE_ASSIGNMENT((#2811));
#2731=PRESENTATION_STYLE_ASSIGNMENT((#2812));
#2732=PRESENTATION_STYLE_ASSIGNMENT((#2813));
#2733=PRESENTATION_STYLE_ASSIGNMENT((#2814));
#2734=PRESENTATION_STYLE_ASSIGNMENT((#2815));
#2735=PRESENTATION_STYLE_ASSIGNMENT((#2816));
#2736=PRESENTATION_STYLE_ASSIGNMENT((#2817));
#2737=PRESENTATION_STYLE_ASSIGNMENT((#2818));
#2738=PRESENTATION_STYLE_ASSIGNMENT((#2819));
#2739=PRESENTATION_STYLE_ASSIGNMENT((#2820));
#2740=PRESENTATION_STYLE_ASSIGNMENT((#2821));
#2741=PRESENTATION_STYLE_ASSIGNMENT((#2822));
#2742=PRESENTATION_STYLE_ASSIGNMENT((#2823));
#2743=PRESENTATION_STYLE_ASSIGNMENT((#2824));
#2744=PRESENTATION_STYLE_ASSIGNMENT((#2825));
#2745=PRESENTATION_STYLE_ASSIGNMENT((#2826));
#2746=PRESENTATION_STYLE_ASSIGNMENT((#2827));
#2747=SURFACE_STYLE_USAGE(.BOTH.,#2828);
#2748=SURFACE_STYLE_USAGE(.BOTH.,#2829);
#2749=SURFACE_STYLE_USAGE(.BOTH.,#2830);
#2750=SURFACE_STYLE_USAGE(.BOTH.,#2831);
#2751=SURFACE_STYLE_USAGE(.BOTH.,#2832);
#2752=SURFACE_STYLE_USAGE(.BOTH.,#2833);
#2753=SURFACE_STYLE_USAGE(.BOTH.,#2834);
#2754=SURFACE_STYLE_USAGE(.BOTH.,#2835);
#2755=SURFACE_STYLE_USAGE(.BOTH.,#2836);
#2756=SURFACE_STYLE_USAGE(.BOTH.,#2837);
#2757=SURFACE_STYLE_USAGE(.BOTH.,#2838);
#2758=SURFACE_STYLE_USAGE(.BOTH.,#2839);
#2759=SURFACE_STYLE_USAGE(.BOTH.,#2840);
#2760=SURFACE_STYLE_USAGE(.BOTH.,#2841);
#2761=SURFACE_STYLE_USAGE(.BOTH.,#2842);
#2762=SURFACE_STYLE_USAGE(.BOTH.,#2843);
#2763=SURFACE_STYLE_USAGE(.BOTH.,#2844);
#2764=SURFACE_STYLE_USAGE(.BOTH.,#2845);
#2765=SURFACE_STYLE_USAGE(.BOTH.,#2846);
#2766=SURFACE_STYLE_USAGE(.BOTH.,#2847);
#2767=SURFACE_STYLE_USAGE(.BOTH.,#2848);
#2768=SURFACE_STYLE_USAGE(.BOTH.,#2849);
#2769=SURFACE_STYLE_USAGE(.BOTH.,#2850);
#2770=SURFACE_STYLE_USAGE(.BOTH.,#2851);
#2771=SURFACE_STYLE_USAGE(.BOTH.,#2852);
#2772=SURFACE_STYLE_USAGE(.BOTH.,#2853);
#2773=SURFACE_STYLE_USAGE(.BOTH.,#2854);
#2774=SURFACE_STYLE_USAGE(.BOTH.,#2855);
#2775=SURFACE_STYLE_USAGE(.BOTH.,#2856);
#2776=SURFACE_STYLE_USAGE(.BOTH.,#2857);
#2777=SURFACE_STYLE_USAGE(.BOTH.,#2858);
#2778=SURFACE_STYLE_USAGE(.BOTH.,#2859);
#2779=SURFACE_STYLE_USAGE(.BOTH.,#2860);
#2780=SURFACE_STYLE_USAGE(.BOTH.,#2861);
#2781=SURFACE_STYLE_USAGE(.BOTH.,#2862);
#2782=SURFACE_STYLE_USAGE(.BOTH.,#2863);
#2783=SURFACE_STYLE_USAGE(.BOTH.,#2864);
#2784=SURFACE_STYLE_USAGE(.BOTH.,#2865);
#2785=SURFACE_STYLE_USAGE(.BOTH.,#2866);
#2786=SURFACE_STYLE_USAGE(.BOTH.,#2867);
#2787=SURFACE_STYLE_USAGE(.BOTH.,#2868);
#2788=SURFACE_STYLE_USAGE(.BOTH.,#2869);
#2789=SURFACE_STYLE_USAGE(.BOTH.,#2870);
#2790=SURFACE_STYLE_USAGE(.BOTH.,#2871);
#2791=SURFACE_STYLE_USAGE(.BOTH.,#2872);
#2792=SURFACE_STYLE_USAGE(.BOTH.,#2873);
#2793=SURFACE_STYLE_USAGE(.BOTH.,#2874);
#2794=SURFACE_STYLE_USAGE(.BOTH.,#2875);
#2795=SURFACE_STYLE_USAGE(.BOTH.,#2876);
#2796=SURFACE_STYLE_USAGE(.BOTH.,#2877);
#2797=SURFACE_STYLE_USAGE(.BOTH.,#2878);
#2798=SURFACE_STYLE_USAGE(.BOTH.,#2879);
#2799=SURFACE_STYLE_USAGE(.BOTH.,#2880);
#2800=SURFACE_STYLE_USAGE(.BOTH.,#2881);
#2801=SURFACE_STYLE_USAGE(.BOTH.,#2882);
#2802=SURFACE_STYLE_USAGE(.BOTH.,#2883);
#2803=SURFACE_STYLE_USAGE(.BOTH.,#2884);
#2804=SURFACE_STYLE_USAGE(.BOTH.,#2885);
#2805=SURFACE_STYLE_USAGE(.BOTH.,#2886);
#2806=SURFACE_STYLE_USAGE(.BOTH.,#2887);
#2807=SURFACE_STYLE_USAGE(.BOTH.,#2888);
#2808=SURFACE_STYLE_USAGE(.BOTH.,#2889);
#2809=SURFACE_STYLE_USAGE(.BOTH.,#2890);
#2810=SURFACE_STYLE_USAGE(.BOTH.,#2891);
#2811=SURFACE_STYLE_USAGE(.BOTH.,#2892);
#2812=SURFACE_STYLE_USAGE(.BOTH.,#2893);
#2813=SURFACE_STYLE_USAGE(.BOTH.,#2894);
#2814=SURFACE_STYLE_USAGE(.BOTH.,#2895);
#2815=SURFACE_STYLE_USAGE(.BOTH.,#2896);
#2816=SURFACE_STYLE_USAGE(.BOTH.,#2897);
#2817=SURFACE_STYLE_USAGE(.BOTH.,#2898);
#2818=SURFACE_STYLE_USAGE(.BOTH.,#2899);
#2819=SURFACE_STYLE_USAGE(.BOTH.,#2900);
#2820=SURFACE_STYLE_USAGE(.BOTH.,#2901);
#2821=SURFACE_STYLE_USAGE(.BOTH.,#2902);
#2822=SURFACE_STYLE_USAGE(.BOTH.,#2903);
#2823=SURFACE_STYLE_USAGE(.BOTH.,#2904);
#2824=SURFACE_STYLE_USAGE(.BOTH.,#2905);
#2825=SURFACE_STYLE_USAGE(.BOTH.,#2906);
#2826=SURFACE_STYLE_USAGE(.BOTH.,#2907);
#2827=SURFACE_STYLE_USAGE(.BOTH.,#2908);
#2828=SURFACE_SIDE_STYLE('',(#2909));
#2829=SURFACE_SIDE_STYLE('',(#2910));
#2830=SURFACE_SIDE_STYLE('',(#2911));
#2831=SURFACE_SIDE_STYLE('',(#2912));
#2832=SURFACE_SIDE_STYLE('',(#2913));
#2833=SURFACE_SIDE_STYLE('',(#2914));
#2834=SURFACE_SIDE_STYLE('',(#2915));
#2835=SURFACE_SIDE_STYLE('',(#2916));
#2836=SURFACE_SIDE_STYLE('',(#2917));
#2837=SURFACE_SIDE_STYLE('',(#2918));
#2838=SURFACE_SIDE_STYLE('',(#2919));
#2839=SURFACE_SIDE_STYLE('',(#2920));
#2840=SURFACE_SIDE_STYLE('',(#2921));
#2841=SURFACE_SIDE_STYLE('',(#2922));
#2842=SURFACE_SIDE_STYLE('',(#2923));
#2843=SURFACE_SIDE_STYLE('',(#2924));
#2844=SURFACE_SIDE_STYLE('',(#2925));
#2845=SURFACE_SIDE_STYLE('',(#2926));
#2846=SURFACE_SIDE_STYLE('',(#2927));
#2847=SURFACE_SIDE_STYLE('',(#2928));
#2848=SURFACE_SIDE_STYLE('',(#2929));
#2849=SURFACE_SIDE_STYLE('',(#2930));
#2850=SURFACE_SIDE_STYLE('',(#2931));
#2851=SURFACE_SIDE_STYLE('',(#2932));
#2852=SURFACE_SIDE_STYLE('',(#2933));
#2853=SURFACE_SIDE_STYLE('',(#2934));
#2854=SURFACE_SIDE_STYLE('',(#2935));
#2855=SURFACE_SIDE_STYLE('',(#2936));
#2856=SURFACE_SIDE_STYLE('',(#2937));
#2857=SURFACE_SIDE_STYLE('',(#2938));
#2858=SURFACE_SIDE_STYLE('',(#2939));
#2859=SURFACE_SIDE_STYLE('',(#2940));
#2860=SURFACE_SIDE_STYLE('',(#2941));
#2861=SURFACE_SIDE_STYLE('',(#2942));
#2862=SURFACE_SIDE_STYLE('',(#2943));
#2863=SURFACE_SIDE_STYLE('',(#2944));
#2864=SURFACE_SIDE_STYLE('',(#2945));
#2865=SURFACE_SIDE_STYLE('',(#2946));
#2866=SURFACE_SIDE_STYLE('',(#2947));
#2867=SURFACE_SIDE_STYLE('',(#2948));
#2868=SURFACE_SIDE_STYLE('',(#2949));
#2869=SURFACE_SIDE_STYLE('',(#2950));
#2870=SURFACE_SIDE_STYLE('',(#2951));
#2871=SURFACE_SIDE_STYLE('',(#2952));
#2872=SURFACE_SIDE_STYLE('',(#2953));
#2873=SURFACE_SIDE_STYLE('',(#2954));
#2874=SURFACE_SIDE_STYLE('',(#2955));
#2875=SURFACE_SIDE_STYLE('',(#2956));
#2876=SURFACE_SIDE_STYLE('',(#2957));
#2877=SURFACE_SIDE_STYLE('',(#2958));
#2878=SURFACE_SIDE_STYLE('',(#2959));
#2879=SURFACE_SIDE_STYLE('',(#2960));
#2880=SURFACE_SIDE_STYLE('',(#2961));
#2881=SURFACE_SIDE_STYLE('',(#2962));
#2882=SURFACE_SIDE_STYLE('',(#2963));
#2883=SURFACE_SIDE_STYLE('',(#2964));
#2884=SURFACE_SIDE_STYLE('',(#2965));
#2885=SURFACE_SIDE_STYLE('',(#2966));
#2886=SURFACE_SIDE_STYLE('',(#2967));
#2887=SURFACE_SIDE_STYLE('',(#2968));
#2888=SURFACE_SIDE_STYLE('',(#2969));
#2889=SURFACE_SIDE_STYLE('',(#2970));
#2890=SURFACE_SIDE_STYLE('',(#2971));
#2891=SURFACE_SIDE_STYLE('',(#2972));
#2892=SURFACE_SIDE_STYLE('',(#2973));
#2893=SURFACE_SIDE_STYLE('',(#2974));
#2894=SURFACE_SIDE_STYLE('',(#2975));
#2895=SURFACE_SIDE_STYLE('',(#2976));
#2896=SURFACE_SIDE_STYLE('',(#2977));
#2897=SURFACE_SIDE_STYLE('',(#2978));
#2898=SURFACE_SIDE_STYLE('',(#2979));
#2899=SURFACE_SIDE_STYLE('',(#2980));
#2900=SURFACE_SIDE_STYLE('',(#2981));
#2901=SURFACE_SIDE_STYLE('',(#2982));
#2902=SURFACE_SIDE_STYLE('',(#2983));
#2903=SURFACE_SIDE_STYLE('',(#2984));
#2904=SURFACE_SIDE_STYLE('',(#2985));
#2905=SURFACE_SIDE_STYLE('',(#2986));
#2906=SURFACE_SIDE_STYLE('',(#2987));
#2907=SURFACE_SIDE_STYLE('',(#2988));
#2908=SURFACE_SIDE_STYLE('',(#2989));
#2909=SURFACE_STYLE_FILL_AREA(#2990);
#2910=SURFACE_STYLE_FILL_AREA(#2991);
#2911=SURFACE_STYLE_FILL_AREA(#2992);
#2912=SURFACE_STYLE_FILL_AREA(#2993);
#2913=SURFACE_STYLE_FILL_AREA(#2994);
#2914=SURFACE_STYLE_FILL_AREA(#2995);
#2915=SURFACE_STYLE_FILL_AREA(#2996);
#2916=SURFACE_STYLE_FILL_AREA(#2997);
#2917=SURFACE_STYLE_FILL_AREA(#2998);
#2918=SURFACE_STYLE_FILL_AREA(#2999);
#2919=SURFACE_STYLE_FILL_AREA(#3000);
#2920=SURFACE_STYLE_FILL_AREA(#3001);
#2921=SURFACE_STYLE_FILL_AREA(#3002);
#2922=SURFACE_STYLE_FILL_AREA(#3003);
#2923=SURFACE_STYLE_FILL_AREA(#3004);
#2924=SURFACE_STYLE_FILL_AREA(#3005);
#2925=SURFACE_STYLE_FILL_AREA(#3006);
#2926=SURFACE_STYLE_FILL_AREA(#3007);
#2927=SURFACE_STYLE_FILL_AREA(#3008);
#2928=SURFACE_STYLE_FILL_AREA(#3009);
#2929=SURFACE_STYLE_FILL_AREA(#3010);
#2930=SURFACE_STYLE_FILL_AREA(#3011);
#2931=SURFACE_STYLE_FILL_AREA(#3012);
#2932=SURFACE_STYLE_FILL_AREA(#3013);
#2933=SURFACE_STYLE_FILL_AREA(#3014);
#2934=SURFACE_STYLE_FILL_AREA(#3015);
#2935=SURFACE_STYLE_FILL_AREA(#3016);
#2936=SURFACE_STYLE_FILL_AREA(#3017);
#2937=SURFACE_STYLE_FILL_AREA(#3018);
#2938=SURFACE_STYLE_FILL_AREA(#3019);
#2939=SURFACE_STYLE_FILL_AREA(#3020);
#2940=SURFACE_STYLE_FILL_AREA(#3021);
#2941=SURFACE_STYLE_FILL_AREA(#3022);
#2942=SURFACE_STYLE_FILL_AREA(#3023);
#2943=SURFACE_STYLE_FILL_AREA(#3024);
#2944=SURFACE_STYLE_FILL_AREA(#3025);
#2945=SURFACE_STYLE_FILL_AREA(#3026);
#2946=SURFACE_STYLE_FILL_AREA(#3027);
#2947=SURFACE_STYLE_FILL_AREA(#3028);
#2948=SURFACE_STYLE_FILL_AREA(#3029);
#2949=SURFACE_STYLE_FILL_AREA(#3030);
#2950=SURFACE_STYLE_FILL_AREA(#3031);
#2951=SURFACE_STYLE_FILL_AREA(#3032);
#2952=SURFACE_STYLE_FILL_AREA(#3033);
#2953=SURFACE_STYLE_FILL_AREA(#3034);
#2954=SURFACE_STYLE_FILL_AREA(#3035);
#2955=SURFACE_STYLE_FILL_AREA(#3036);
#2956=SURFACE_STYLE_FILL_AREA(#3037);
#2957=SURFACE_STYLE_FILL_AREA(#3038);
#2958=SURFACE_STYLE_FILL_AREA(#3039);
#2959=SURFACE_STYLE_FILL_AREA(#3040);
#2960=SURFACE_STYLE_FILL_AREA(#3041);
#2961=SURFACE_STYLE_FILL_AREA(#3042);
#2962=SURFACE_STYLE_FILL_AREA(#3043);
#2963=SURFACE_STYLE_FILL_AREA(#3044);
#2964=SURFACE_STYLE_FILL_AREA(#3045);
#2965=SURFACE_STYLE_FILL_AREA(#3046);
#2966=SURFACE_STYLE_FILL_AREA(#3047);
#2967=SURFACE_STYLE_FILL_AREA(#3048);
#2968=SURFACE_STYLE_FILL_AREA(#3049);
#2969=SURFACE_STYLE_FILL_AREA(#3050);
#2970=SURFACE_STYLE_FILL_AREA(#3051);
#2971=SURFACE_STYLE_FILL_AREA(#3052);
#2972=SURFACE_STYLE_FILL_AREA(#3053);
#2973=SURFACE_STYLE_FILL_AREA(#3054);
#2974=SURFACE_STYLE_FILL_AREA(#3055);
#2975=SURFACE_STYLE_FILL_AREA(#3056);
#2976=SURFACE_STYLE_FILL_AREA(#3057);
#2977=SURFACE_STYLE_FILL_AREA(#3058);
#2978=SURFACE_STYLE_FILL_AREA(#3059);
#2979=SURFACE_STYLE_FILL_AREA(#3060);
#2980=SURFACE_STYLE_FILL_AREA(#3061);
#2981=SURFACE_STYLE_FILL_AREA(#3062);
#2982=SURFACE_STYLE_FILL_AREA(#3063);
#2983=SURFACE_STYLE_FILL_AREA(#3064);
#2984=SURFACE_STYLE_FILL_AREA(#3065);
#2985=SURFACE_STYLE_FILL_AREA(#3066);
#2986=SURFACE_STYLE_FILL_AREA(#3067);
#2987=SURFACE_STYLE_FILL_AREA(#3068);
#2988=SURFACE_STYLE_FILL_AREA(#3069);
#2989=SURFACE_STYLE_FILL_AREA(#3070);
#2990=FILL_AREA_STYLE('',(#3071));
#2991=FILL_AREA_STYLE('',(#3072));
#2992=FILL_AREA_STYLE('',(#3073));
#2993=FILL_AREA_STYLE('',(#3074));
#2994=FILL_AREA_STYLE('',(#3075));
#2995=FILL_AREA_STYLE('',(#3076));
#2996=FILL_AREA_STYLE('',(#3077));
#2997=FILL_AREA_STYLE('',(#3078));
#2998=FILL_AREA_STYLE('',(#3079));
#2999=FILL_AREA_STYLE('',(#3080));
#3000=FILL_AREA_STYLE('',(#3081));
#3001=FILL_AREA_STYLE('',(#3082));
#3002=FILL_AREA_STYLE('',(#3083));
#3003=FILL_AREA_STYLE('',(#3084));
#3004=FILL_AREA_STYLE('',(#3085));
#3005=FILL_AREA_STYLE('',(#3086));
#3006=FILL_AREA_STYLE('',(#3087));
#3007=FILL_AREA_STYLE('',(#3088));
#3008=FILL_AREA_STYLE('',(#3089));
#3009=FILL_AREA_STYLE('',(#3090));
#3010=FILL_AREA_STYLE('',(#3091));
#3011=FILL_AREA_STYLE('',(#3092));
#3012=FILL_AREA_STYLE('',(#3093));
#3013=FILL_AREA_STYLE('',(#3094));
#3014=FILL_AREA_STYLE('',(#3095));
#3015=FILL_AREA_STYLE('',(#3096));
#3016=FILL_AREA_STYLE('',(#3097));
#3017=FILL_AREA_STYLE('',(#3098));
#3018=FILL_AREA_STYLE('',(#3099));
#3019=FILL_AREA_STYLE('',(#3100));
#3020=FILL_AREA_STYLE('',(#3101));
#3021=FILL_AREA_STYLE('',(#3102));
#3022=FILL_AREA_STYLE('',(#3103));
#3023=FILL_AREA_STYLE('',(#3104));
#3024=FILL_AREA_STYLE('',(#3105));
#3025=FILL_AREA_STYLE('',(#3106));
#3026=FILL_AREA_STYLE('',(#3107));
#3027=FILL_AREA_STYLE('',(#3108));
#3028=FILL_AREA_STYLE('',(#3109));
#3029=FILL_AREA_STYLE('',(#3110));
#3030=FILL_AREA_STYLE('',(#3111));
#3031=FILL_AREA_STYLE('',(#3112));
#3032=FILL_AREA_STYLE('',(#3113));
#3033=FILL_AREA_STYLE('',(#3114));
#3034=FILL_AREA_STYLE('',(#3115));
#3035=FILL_AREA_STYLE('',(#3116));
#3036=FILL_AREA_STYLE('',(#3117));
#3037=FILL_AREA_STYLE('',(#3118));
#3038=FILL_AREA_STYLE('',(#3119));
#3039=FILL_AREA_STYLE('',(#3120));
#3040=FILL_AREA_STYLE('',(#3121));
#3041=FILL_AREA_STYLE('',(#3122));
#3042=FILL_AREA_STYLE('',(#3123));
#3043=FILL_AREA_STYLE('',(#3124));
#3044=FILL_AREA_STYLE('',(#3125));
#3045=FILL_AREA_STYLE('',(#3126));
#3046=FILL_AREA_STYLE('',(#3127));
#3047=FILL_AREA_STYLE('',(#3128));
#3048=FILL_AREA_STYLE('',(#3129));
#3049=FILL_AREA_STYLE('',(#3130));
#3050=FILL_AREA_STYLE('',(#3131));
#3051=FILL_AREA_STYLE('',(#3132));
#3052=FILL_AREA_STYLE('',(#3133));
#3053=FILL_AREA_STYLE('',(#3134));
#3054=FILL_AREA_STYLE('',(#3135));
#3055=FILL_AREA_STYLE('',(#3136));
#3056=FILL_AREA_STYLE('',(#3137));
#3057=FILL_AREA_STYLE('',(#3138));
#3058=FILL_AREA_STYLE('',(#3139));
#3059=FILL_AREA_STYLE('',(#3140));
#3060=FILL_AREA_STYLE('',(#3141));
#3061=FILL_AREA_STYLE('',(#3142));
#3062=FILL_AREA_STYLE('',(#3143));
#3063=FILL_AREA_STYLE('',(#3144));
#3064=FILL_AREA_STYLE('',(#3145));
#3065=FILL_AREA_STYLE('',(#3146));
#3066=FILL_AREA_STYLE('',(#3147));
#3067=FILL_AREA_STYLE('',(#3148));
#3068=FILL_AREA_STYLE('',(#3149));
#3069=FILL_AREA_STYLE('',(#3150));
#3070=FILL_AREA_STYLE('',(#3151));
#3071=FILL_AREA_STYLE_COLOUR('',#3152);
#3072=FILL_AREA_STYLE_COLOUR('',#3153);
#3073=FILL_AREA_STYLE_COLOUR('',#3153);
#3074=FILL_AREA_STYLE_COLOUR('',#3153);
#3075=FILL_AREA_STYLE_COLOUR('',#3153);
#3076=FILL_AREA_STYLE_COLOUR('',#3153);
#3077=FILL_AREA_STYLE_COLOUR('',#3153);
#3078=FILL_AREA_STYLE_COLOUR('',#3153);
#3079=FILL_AREA_STYLE_COLOUR('',#3153);
#3080=FILL_AREA_STYLE_COLOUR('',#3153);
#3081=FILL_AREA_STYLE_COLOUR('',#3153);
#3082=FILL_AREA_STYLE_COLOUR('',#3153);
#3083=FILL_AREA_STYLE_COLOUR('',#3153);
#3084=FILL_AREA_STYLE_COLOUR('',#3153);
#3085=FILL_AREA_STYLE_COLOUR('',#3153);
#3086=FILL_AREA_STYLE_COLOUR('',#3153);
#3087=FILL_AREA_STYLE_COLOUR('',#3153);
#3088=FILL_AREA_STYLE_COLOUR('',#3153);
#3089=FILL_AREA_STYLE_COLOUR('',#3153);
#3090=FILL_AREA_STYLE_COLOUR('',#3153);
#3091=FILL_AREA_STYLE_COLOUR('',#3153);
#3092=FILL_AREA_STYLE_COLOUR('',#3153);
#3093=FILL_AREA_STYLE_COLOUR('',#3153);
#3094=FILL_AREA_STYLE_COLOUR('',#3153);
#3095=FILL_AREA_STYLE_COLOUR('',#3153);
#3096=FILL_AREA_STYLE_COLOUR('',#3153);
#3097=FILL_AREA_STYLE_COLOUR('',#3153);
#3098=FILL_AREA_STYLE_COLOUR('',#3153);
#3099=FILL_AREA_STYLE_COLOUR('',#3153);
#3100=FILL_AREA_STYLE_COLOUR('',#3153);
#3101=FILL_AREA_STYLE_COLOUR('',#3153);
#3102=FILL_AREA_STYLE_COLOUR('',#3153);
#3103=FILL_AREA_STYLE_COLOUR('',#3153);
#3104=FILL_AREA_STYLE_COLOUR('',#3153);
#3105=FILL_AREA_STYLE_COLOUR('',#3153);
#3106=FILL_AREA_STYLE_COLOUR('',#3153);
#3107=FILL_AREA_STYLE_COLOUR('',#3153);
#3108=FILL_AREA_STYLE_COLOUR('',#3153);
#3109=FILL_AREA_STYLE_COLOUR('',#3153);
#3110=FILL_AREA_STYLE_COLOUR('',#3153);
#3111=FILL_AREA_STYLE_COLOUR('',#3153);
#3112=FILL_AREA_STYLE_COLOUR('',#3153);
#3113=FILL_AREA_STYLE_COLOUR('',#3153);
#3114=FILL_AREA_STYLE_COLOUR('',#3153);
#3115=FILL_AREA_STYLE_COLOUR('',#3153);
#3116=FILL_AREA_STYLE_COLOUR('',#3153);
#3117=FILL_AREA_STYLE_COLOUR('',#3153);
#3118=FILL_AREA_STYLE_COLOUR('',#3153);
#3119=FILL_AREA_STYLE_COLOUR('',#3153);
#3120=FILL_AREA_STYLE_COLOUR('',#3153);
#3121=FILL_AREA_STYLE_COLOUR('',#3153);
#3122=FILL_AREA_STYLE_COLOUR('',#3153);
#3123=FILL_AREA_STYLE_COLOUR('',#3153);
#3124=FILL_AREA_STYLE_COLOUR('',#3153);
#3125=FILL_AREA_STYLE_COLOUR('',#3153);
#3126=FILL_AREA_STYLE_COLOUR('',#3153);
#3127=FILL_AREA_STYLE_COLOUR('',#3153);
#3128=FILL_AREA_STYLE_COLOUR('',#3153);
#3129=FILL_AREA_STYLE_COLOUR('',#3153);
#3130=FILL_AREA_STYLE_COLOUR('',#3153);
#3131=FILL_AREA_STYLE_COLOUR('',#3153);
#3132=FILL_AREA_STYLE_COLOUR('',#3153);
#3133=FILL_AREA_STYLE_COLOUR('',#3153);
#3134=FILL_AREA_STYLE_COLOUR('',#3153);
#3135=FILL_AREA_STYLE_COLOUR('',#3153);
#3136=FILL_AREA_STYLE_COLOUR('',#3153);
#3137=FILL_AREA_STYLE_COLOUR('',#3153);
#3138=FILL_AREA_STYLE_COLOUR('',#3153);
#3139=FILL_AREA_STYLE_COLOUR('',#3153);
#3140=FILL_AREA_STYLE_COLOUR('',#3153);
#3141=FILL_AREA_STYLE_COLOUR('',#3153);
#3142=FILL_AREA_STYLE_COLOUR('',#3153);
#3143=FILL_AREA_STYLE_COLOUR('',#3153);
#3144=FILL_AREA_STYLE_COLOUR('',#3153);
#3145=FILL_AREA_STYLE_COLOUR('',#3153);
#3146=FILL_AREA_STYLE_COLOUR('',#3153);
#3147=FILL_AREA_STYLE_COLOUR('',#3153);
#3148=FILL_AREA_STYLE_COLOUR('',#3153);
#3149=FILL_AREA_STYLE_COLOUR('',#3153);
#3150=FILL_AREA_STYLE_COLOUR('',#3153);
#3151=FILL_AREA_STYLE_COLOUR('',#3153);
#3152=COLOUR_RGB('',0.901960784313726,0.901960784313726,0.901960784313726);
#3153=COLOUR_RGB('',1.,0.807843137254902,0.498039215686275);
#3154=MANIFOLD_SOLID_BREP('5019400507wbm000_01',#2664);
#3155=SHAPE_DEFINITION_REPRESENTATION(#4655,#3156);
#3156=SHAPE_REPRESENTATION('5019400507wbm000_01',(#3157),#4650);
#3157=AXIS2_PLACEMENT_3D('',#3918,#3292,#3293);
#3158=AXIS2_PLACEMENT_3D('',#3919,#3294,#3295);
#3159=AXIS2_PLACEMENT_3D('',#3927,#3299,#3300);
#3160=AXIS2_PLACEMENT_3D('',#3934,#3304,#3305);
#3161=AXIS2_PLACEMENT_3D('',#3946,#3311,#3312);
#3162=AXIS2_PLACEMENT_3D('',#3949,#3314,#3315);
#3163=AXIS2_PLACEMENT_3D('',#3952,#3318,#3319);
#3164=AXIS2_PLACEMENT_3D('',#3954,#3321,#3322);
#3165=AXIS2_PLACEMENT_3D('',#3956,#3324,#3325);
#3166=AXIS2_PLACEMENT_3D('',#3959,#3328,#3329);
#3167=AXIS2_PLACEMENT_3D('',#3961,#3331,#3332);
#3168=AXIS2_PLACEMENT_3D('',#3962,#3333,#3334);
#3169=AXIS2_PLACEMENT_3D('',#3976,#3341,#3342);
#3170=AXIS2_PLACEMENT_3D('',#3977,#3343,#3344);
#3171=AXIS2_PLACEMENT_3D('',#3983,#3347,#3348);
#3172=AXIS2_PLACEMENT_3D('',#3992,#3353,#3354);
#3173=AXIS2_PLACEMENT_3D('',#3995,#3357,#3358);
#3174=AXIS2_PLACEMENT_3D('',#3997,#3360,#3361);
#3175=AXIS2_PLACEMENT_3D('',#3999,#3363,#3364);
#3176=AXIS2_PLACEMENT_3D('',#4001,#3366,#3367);
#3177=AXIS2_PLACEMENT_3D('',#4003,#3369,#3370);
#3178=AXIS2_PLACEMENT_3D('',#4005,#3372,#3373);
#3179=AXIS2_PLACEMENT_3D('',#4014,#3378,#3379);
#3180=AXIS2_PLACEMENT_3D('',#4020,#3383,#3384);
#3181=AXIS2_PLACEMENT_3D('',#4029,#3389,#3390);
#3182=AXIS2_PLACEMENT_3D('',#4035,#3394,#3395);
#3183=AXIS2_PLACEMENT_3D('',#4044,#3400,#3401);
#3184=AXIS2_PLACEMENT_3D('',#4050,#3405,#3406);
#3185=AXIS2_PLACEMENT_3D('',#4056,#3410,#3411);
#3186=AXIS2_PLACEMENT_3D('',#4058,#3413,#3414);
#3187=AXIS2_PLACEMENT_3D('',#4060,#3416,#3417);
#3188=AXIS2_PLACEMENT_3D('',#4069,#3422,#3423);
#3189=AXIS2_PLACEMENT_3D('',#4078,#3428,#3429);
#3190=AXIS2_PLACEMENT_3D('',#4089,#3436,#3437);
#3191=AXIS2_PLACEMENT_3D('',#4100,#3444,#3445);
#3192=AXIS2_PLACEMENT_3D('',#4102,#3447,#3448);
#3193=AXIS2_PLACEMENT_3D('',#4104,#3450,#3451);
#3194=AXIS2_PLACEMENT_3D('',#4106,#3453,#3454);
#3195=AXIS2_PLACEMENT_3D('',#4107,#3455,#3456);
#3196=AXIS2_PLACEMENT_3D('',#4116,#3461,#3462);
#3197=AXIS2_PLACEMENT_3D('',#4122,#3466,#3467);
#3198=AXIS2_PLACEMENT_3D('',#4128,#3471,#3472);
#3199=AXIS2_PLACEMENT_3D('',#4130,#3474,#3475);
#3200=AXIS2_PLACEMENT_3D('',#4132,#3477,#3478);
#3201=AXIS2_PLACEMENT_3D('',#4141,#3483,#3484);
#3202=AXIS2_PLACEMENT_3D('',#4150,#3489,#3490);
#3203=AXIS2_PLACEMENT_3D('',#4161,#3497,#3498);
#3204=AXIS2_PLACEMENT_3D('',#4172,#3505,#3506);
#3205=AXIS2_PLACEMENT_3D('',#4174,#3508,#3509);
#3206=AXIS2_PLACEMENT_3D('',#4176,#3511,#3512);
#3207=AXIS2_PLACEMENT_3D('',#4178,#3514,#3515);
#3208=AXIS2_PLACEMENT_3D('',#4179,#3516,#3517);
#3209=AXIS2_PLACEMENT_3D('',#4188,#3522,#3523);
#3210=AXIS2_PLACEMENT_3D('',#4194,#3527,#3528);
#3211=AXIS2_PLACEMENT_3D('',#4200,#3532,#3533);
#3212=AXIS2_PLACEMENT_3D('',#4202,#3535,#3536);
#3213=AXIS2_PLACEMENT_3D('',#4204,#3538,#3539);
#3214=AXIS2_PLACEMENT_3D('',#4213,#3544,#3545);
#3215=AXIS2_PLACEMENT_3D('',#4222,#3550,#3551);
#3216=AXIS2_PLACEMENT_3D('',#4233,#3558,#3559);
#3217=AXIS2_PLACEMENT_3D('',#4244,#3566,#3567);
#3218=AXIS2_PLACEMENT_3D('',#4246,#3569,#3570);
#3219=AXIS2_PLACEMENT_3D('',#4248,#3572,#3573);
#3220=AXIS2_PLACEMENT_3D('',#4250,#3575,#3576);
#3221=AXIS2_PLACEMENT_3D('',#4251,#3577,#3578);
#3222=AXIS2_PLACEMENT_3D('',#4260,#3583,#3584);
#3223=AXIS2_PLACEMENT_3D('',#4266,#3588,#3589);
#3224=AXIS2_PLACEMENT_3D('',#4272,#3593,#3594);
#3225=AXIS2_PLACEMENT_3D('',#4274,#3596,#3597);
#3226=AXIS2_PLACEMENT_3D('',#4276,#3599,#3600);
#3227=AXIS2_PLACEMENT_3D('',#4285,#3605,#3606);
#3228=AXIS2_PLACEMENT_3D('',#4294,#3611,#3612);
#3229=AXIS2_PLACEMENT_3D('',#4305,#3619,#3620);
#3230=AXIS2_PLACEMENT_3D('',#4316,#3627,#3628);
#3231=AXIS2_PLACEMENT_3D('',#4318,#3630,#3631);
#3232=AXIS2_PLACEMENT_3D('',#4320,#3633,#3634);
#3233=AXIS2_PLACEMENT_3D('',#4322,#3636,#3637);
#3234=AXIS2_PLACEMENT_3D('',#4323,#3638,#3639);
#3235=AXIS2_PLACEMENT_3D('',#4332,#3644,#3645);
#3236=AXIS2_PLACEMENT_3D('',#4338,#3649,#3650);
#3237=AXIS2_PLACEMENT_3D('',#4344,#3654,#3655);
#3238=AXIS2_PLACEMENT_3D('',#4346,#3657,#3658);
#3239=AXIS2_PLACEMENT_3D('',#4348,#3660,#3661);
#3240=AXIS2_PLACEMENT_3D('',#4357,#3666,#3667);
#3241=AXIS2_PLACEMENT_3D('',#4366,#3672,#3673);
#3242=AXIS2_PLACEMENT_3D('',#4377,#3680,#3681);
#3243=AXIS2_PLACEMENT_3D('',#4388,#3688,#3689);
#3244=AXIS2_PLACEMENT_3D('',#4390,#3691,#3692);
#3245=AXIS2_PLACEMENT_3D('',#4392,#3694,#3695);
#3246=AXIS2_PLACEMENT_3D('',#4394,#3697,#3698);
#3247=AXIS2_PLACEMENT_3D('',#4395,#3699,#3700);
#3248=AXIS2_PLACEMENT_3D('',#4404,#3705,#3706);
#3249=AXIS2_PLACEMENT_3D('',#4410,#3710,#3711);
#3250=AXIS2_PLACEMENT_3D('',#4419,#3716,#3717);
#3251=AXIS2_PLACEMENT_3D('',#4425,#3721,#3722);
#3252=AXIS2_PLACEMENT_3D('',#4439,#3732,#3733);
#3253=AXIS2_PLACEMENT_3D('',#4445,#3737,#3738);
#3254=AXIS2_PLACEMENT_3D('',#4454,#3743,#3744);
#3255=AXIS2_PLACEMENT_3D('',#4463,#3749,#3750);
#3256=AXIS2_PLACEMENT_3D('',#4466,#3753,#3754);
#3257=AXIS2_PLACEMENT_3D('',#4468,#3756,#3757);
#3258=AXIS2_PLACEMENT_3D('',#4470,#3759,#3760);
#3259=AXIS2_PLACEMENT_3D('',#4478,#3765,#3766);
#3260=AXIS2_PLACEMENT_3D('',#4484,#3770,#3771);
#3261=AXIS2_PLACEMENT_3D('',#4490,#3775,#3776);
#3262=AXIS2_PLACEMENT_3D('',#4496,#3780,#3781);
#3263=AXIS2_PLACEMENT_3D('',#4501,#3785,#3786);
#3264=AXIS2_PLACEMENT_3D('',#4505,#3789,#3790);
#3265=AXIS2_PLACEMENT_3D('',#4517,#3797,#3798);
#3266=AXIS2_PLACEMENT_3D('',#4523,#3802,#3803);
#3267=AXIS2_PLACEMENT_3D('',#4529,#3807,#3808);
#3268=AXIS2_PLACEMENT_3D('',#4538,#3813,#3814);
#3269=AXIS2_PLACEMENT_3D('',#4547,#3819,#3820);
#3270=AXIS2_PLACEMENT_3D('',#4550,#3823,#3824);
#3271=AXIS2_PLACEMENT_3D('',#4552,#3826,#3827);
#3272=AXIS2_PLACEMENT_3D('',#4561,#3832,#3833);
#3273=AXIS2_PLACEMENT_3D('',#4570,#3838,#3839);
#3274=AXIS2_PLACEMENT_3D('',#4576,#3843,#3844);
#3275=AXIS2_PLACEMENT_3D('',#4580,#3847,#3848);
#3276=AXIS2_PLACEMENT_3D('',#4588,#3853,#3854);
#3277=AXIS2_PLACEMENT_3D('',#4595,#3859,#3860);
#3278=AXIS2_PLACEMENT_3D('',#4602,#3865,#3866);
#3279=AXIS2_PLACEMENT_3D('',#4606,#3869,#3870);
#3280=AXIS2_PLACEMENT_3D('',#4610,#3873,#3874);
#3281=AXIS2_PLACEMENT_3D('',#4622,#3882,#3883);
#3282=AXIS2_PLACEMENT_3D('',#4628,#3888,#3889);
#3283=AXIS2_PLACEMENT_3D('',#4630,#3891,#3892);
#3284=AXIS2_PLACEMENT_3D('',#4632,#3894,#3895);
#3285=AXIS2_PLACEMENT_3D('',#4633,#3896,#3897);
#3286=AXIS2_PLACEMENT_3D('',#4635,#3899,#3900);
#3287=AXIS2_PLACEMENT_3D('',#4637,#3902,#3903);
#3288=AXIS2_PLACEMENT_3D('',#4640,#3906,#3907);
#3289=AXIS2_PLACEMENT_3D('',#4645,#3911,#3912);
#3290=AXIS2_PLACEMENT_3D('',#4647,#3914,#3915);
#3291=AXIS2_PLACEMENT_3D('',#4648,#3916,#3917);
#3292=DIRECTION('',(0.,0.,1.));
#3293=DIRECTION('',(1.,0.,0.));
#3294=DIRECTION('',(0.,1.,0.));
#3295=DIRECTION('',(1.,0.,0.));
#3296=DIRECTION('',(0.,0.,1.));
#3297=DIRECTION('',(1.,0.,0.));
#3298=DIRECTION('',(0.,0.,-1.));
#3299=DIRECTION('',(0.,1.,0.));
#3300=DIRECTION('',(-1.,0.,0.));
#3301=DIRECTION('',(-1.,0.,0.));
#3302=DIRECTION('',(0.,0.,1.));
#3303=DIRECTION('',(1.,0.,-1.09239513600554E-14));
#3304=DIRECTION('',(0.,1.,0.));
#3305=DIRECTION('',(1.,0.,0.));
#3306=DIRECTION('',(1.,0.,0.));
#3307=DIRECTION('',(0.,0.,1.));
#3308=DIRECTION('',(1.,0.,-1.09239513600554E-14));
#3309=DIRECTION('',(0.,0.,1.));
#3310=DIRECTION('',(-1.,0.,0.));
#3311=DIRECTION('',(0.,1.,0.));
#3312=DIRECTION('',(-1.,0.,0.));
#3313=DIRECTION('',(0.,0.,-1.));
#3314=DIRECTION('',(0.,0.,-1.));
#3315=DIRECTION('',(0.,1.,0.));
#3316=DIRECTION('',(0.,1.,0.));
#3317=DIRECTION('',(0.,1.,0.));
#3318=DIRECTION('',(0.,1.,0.));
#3319=DIRECTION('',(1.,0.,0.));
#3320=DIRECTION('',(0.,1.,0.));
#3321=DIRECTION('',(1.,0.,0.));
#3322=DIRECTION('',(0.,-1.,0.));
#3323=DIRECTION('',(0.,-1.,0.));
#3324=DIRECTION('',(-1.,0.,0.));
#3325=DIRECTION('',(0.,1.,0.));
#3326=DIRECTION('',(0.,1.,0.));
#3327=DIRECTION('',(0.,1.,0.));
#3328=DIRECTION('',(1.09239513600554E-14,0.,1.));
#3329=DIRECTION('',(1.,0.,-1.0923553728226E-14));
#3330=DIRECTION('',(0.,1.,0.));
#3331=DIRECTION('',(-1.,0.,0.));
#3332=DIRECTION('',(0.,1.,0.));
#3333=DIRECTION('',(0.,1.,0.));
#3334=DIRECTION('',(1.,0.,0.));
#3335=DIRECTION('',(0.,0.,1.));
#3336=DIRECTION('',(1.,0.,0.));
#3337=DIRECTION('',(0.,0.,-1.));
#3338=DIRECTION('',(1.,0.,-1.09239513600554E-14));
#3339=DIRECTION('',(0.,0.,-1.));
#3340=DIRECTION('',(-1.,0.,0.));
#3341=DIRECTION('',(0.,1.,0.));
#3342=DIRECTION('',(1.,0.,0.));
#3343=DIRECTION('',(0.,1.,0.));
#3344=DIRECTION('',(1.,0.,0.));
#3345=DIRECTION('',(1.,0.,0.));
#3346=DIRECTION('',(0.,0.,1.));
#3347=DIRECTION('',(0.,1.,0.));
#3348=DIRECTION('',(1.,0.,0.));
#3349=DIRECTION('',(-1.,0.,0.));
#3350=DIRECTION('',(0.,0.,-1.));
#3351=DIRECTION('',(1.,0.,-1.09239513600554E-14));
#3352=DIRECTION('',(0.,0.,-1.));
#3353=DIRECTION('',(0.,1.,0.));
#3354=DIRECTION('',(1.,0.,0.));
#3355=DIRECTION('',(0.,1.,0.));
#3356=DIRECTION('',(0.,1.,0.));
#3357=DIRECTION('',(0.,0.,-1.));
#3358=DIRECTION('',(0.,1.,0.));
#3359=DIRECTION('',(0.,1.,0.));
#3360=DIRECTION('',(1.,0.,0.));
#3361=DIRECTION('',(0.,-1.,0.));
#3362=DIRECTION('',(0.,1.,0.));
#3363=DIRECTION('',(1.09239513600554E-14,0.,1.));
#3364=DIRECTION('',(1.,0.,-1.0923553728226E-14));
#3365=DIRECTION('',(0.,1.,0.));
#3366=DIRECTION('',(1.,0.,0.));
#3367=DIRECTION('',(0.,-1.,0.));
#3368=DIRECTION('',(0.,-1.,0.));
#3369=DIRECTION('',(-1.,0.,0.));
#3370=DIRECTION('',(0.,1.,0.));
#3371=DIRECTION('',(0.,1.,0.));
#3372=DIRECTION('',(0.,-1.,0.));
#3373=DIRECTION('',(-1.,0.,0.));
#3374=DIRECTION('',(-1.,0.,0.));
#3375=DIRECTION('',(0.,0.,1.));
#3376=DIRECTION('',(1.,0.,0.));
#3377=DIRECTION('',(0.,0.,-1.));
#3378=DIRECTION('',(1.,0.,0.));
#3379=DIRECTION('',(0.,-1.,0.));
#3380=DIRECTION('',(0.,1.,0.));
#3381=DIRECTION('',(0.,0.,-1.));
#3382=DIRECTION('',(0.,-1.,0.));
#3383=DIRECTION('',(0.,-1.,0.));
#3384=DIRECTION('',(-1.,0.,0.));
#3385=DIRECTION('',(-1.,0.,0.));
#3386=DIRECTION('',(0.,0.,-1.));
#3387=DIRECTION('',(1.,0.,0.));
#3388=DIRECTION('',(0.,0.,1.));
#3389=DIRECTION('',(-1.,0.,0.));
#3390=DIRECTION('',(0.,1.,0.));
#3391=DIRECTION('',(0.,-1.,0.));
#3392=DIRECTION('',(0.,1.,0.));
#3393=DIRECTION('',(0.,0.,-1.));
#3394=DIRECTION('',(0.,8.67361737988431E-15,-1.));
#3395=DIRECTION('',(0.,1.,8.67361737988404E-15));
#3396=DIRECTION('',(0.,-1.,-8.67361737988431E-15));
#3397=DIRECTION('',(-1.,0.,0.));
#3398=DIRECTION('',(0.,-1.,-6.19544098563145E-15));
#3399=DIRECTION('',(-1.,0.,0.));
#3400=DIRECTION('',(0.,-1.,-2.4093381610789E-15));
#3401=DIRECTION('',(0.,2.40931406769729E-15,-1.));
#3402=DIRECTION('',(1.,0.,0.));
#3403=DIRECTION('',(0.,-2.4093381610789E-15,1.));
#3404=DIRECTION('',(0.,-2.4093381610789E-15,1.));
#3405=DIRECTION('',(0.,1.,5.94303413066128E-15));
#3406=DIRECTION('',(0.,-5.94294578826204E-15,1.));
#3407=DIRECTION('',(-1.,0.,0.));
#3408=DIRECTION('',(0.,5.94303413066128E-15,-1.));
#3409=DIRECTION('',(0.,5.94303413066128E-15,-1.));
#3410=DIRECTION('',(1.,0.,0.));
#3411=DIRECTION('',(0.,-1.,0.));
#3412=DIRECTION('',(0.,1.,0.));
#3413=DIRECTION('',(1.,0.,0.));
#3414=DIRECTION('',(0.,-1.,0.));
#3415=DIRECTION('',(0.,1.,0.));
#3416=DIRECTION('',(0.,0.573576436351044,-0.819152044288993));
#3417=DIRECTION('',(0.,0.819152044288993,0.573576436351044));
#3418=DIRECTION('',(0.,-0.819152044288993,-0.573576436351044));
#3419=DIRECTION('',(-1.,0.,0.));
#3420=DIRECTION('',(0.,-0.819152044288993,-0.573576436351044));
#3421=DIRECTION('',(-1.,0.,0.));
#3422=DIRECTION('',(0.,-8.32252980132056E-16,1.));
#3423=DIRECTION('',(0.,-1.,-8.32667268468867E-16));
#3424=DIRECTION('',(-1.,0.,0.));
#3425=DIRECTION('',(0.,1.,8.32252980132056E-16));
#3426=DIRECTION('',(-1.,0.,0.));
#3427=DIRECTION('',(0.,1.,8.32252980132056E-16));
#3428=DIRECTION('',(1.,0.,0.));
#3429=DIRECTION('',(0.,-1.,0.));
#3430=DIRECTION('',(0.,-3.94255335449302E-16,1.));
#3431=DIRECTION('',(0.,-1.,8.00653251149442E-16));
#3432=DIRECTION('',(0.,-1.,0.));
#3433=DIRECTION('',(0.,3.09772049281573E-16,-1.));
#3434=DIRECTION('',(0.,1.,0.));
#3435=DIRECTION('',(0.,0.819152044288991,0.573576436351047));
#3436=DIRECTION('',(1.,0.,0.));
#3437=DIRECTION('',(0.,-1.,0.));
#3438=DIRECTION('',(0.,-3.94255335449302E-16,1.));
#3439=DIRECTION('',(0.,0.819152044288991,0.573576436351047));
#3440=DIRECTION('',(0.,1.,0.));
#3441=DIRECTION('',(0.,3.09772049281573E-16,-1.));
#3442=DIRECTION('',(0.,-1.,0.));
#3443=DIRECTION('',(0.,-1.,8.00653251149442E-16));
#3444=DIRECTION('',(0.,-0.573576436351047,0.819152044288991));
#3445=DIRECTION('',(0.,-0.819152044288991,-0.573576436351047));
#3446=DIRECTION('',(-1.,0.,0.));
#3447=DIRECTION('',(0.,0.,-1.));
#3448=DIRECTION('',(0.,1.,0.));
#3449=DIRECTION('',(-1.,0.,0.));
#3450=DIRECTION('',(0.,1.,3.09772049281573E-16));
#3451=DIRECTION('',(0.,-3.09756560679109E-16,1.));
#3452=DIRECTION('',(-1.,0.,0.));
#3453=DIRECTION('',(0.,0.,-1.));
#3454=DIRECTION('',(0.,1.,0.));
#3455=DIRECTION('',(0.,8.67361737988431E-15,-1.));
#3456=DIRECTION('',(0.,1.,8.67361737988404E-15));
#3457=DIRECTION('',(0.,-1.,-8.67361737988431E-15));
#3458=DIRECTION('',(-1.,0.,0.));
#3459=DIRECTION('',(0.,-1.,-8.67361737988431E-15));
#3460=DIRECTION('',(-1.,0.,0.));
#3461=DIRECTION('',(0.,-1.,-2.4093381610789E-15));
#3462=DIRECTION('',(0.,2.40931406769729E-15,-1.));
#3463=DIRECTION('',(1.,0.,0.));
#3464=DIRECTION('',(0.,-2.4093381610789E-15,1.));
#3465=DIRECTION('',(0.,-2.4093381610789E-15,1.));
#3466=DIRECTION('',(0.,1.,5.94303413066128E-15));
#3467=DIRECTION('',(0.,-5.94294578826204E-15,1.));
#3468=DIRECTION('',(-1.,0.,0.));
#3469=DIRECTION('',(0.,5.94303413066128E-15,-1.));
#3470=DIRECTION('',(0.,5.94303413066128E-15,-1.));
#3471=DIRECTION('',(1.,0.,0.));
#3472=DIRECTION('',(0.,-1.,0.));
#3473=DIRECTION('',(0.,1.,0.));
#3474=DIRECTION('',(1.,0.,0.));
#3475=DIRECTION('',(0.,-1.,0.));
#3476=DIRECTION('',(0.,1.,0.));
#3477=DIRECTION('',(0.,0.573576436351044,-0.819152044288993));
#3478=DIRECTION('',(0.,0.819152044288993,0.573576436351044));
#3479=DIRECTION('',(0.,-0.819152044288993,-0.573576436351044));
#3480=DIRECTION('',(-1.,0.,0.));
#3481=DIRECTION('',(0.,-0.819152044288993,-0.573576436351044));
#3482=DIRECTION('',(-1.,0.,0.));
#3483=DIRECTION('',(0.,-8.32252980132056E-16,1.));
#3484=DIRECTION('',(0.,-1.,-8.32667268468867E-16));
#3485=DIRECTION('',(-1.,0.,0.));
#3486=DIRECTION('',(0.,1.,8.32252980132056E-16));
#3487=DIRECTION('',(-1.,0.,0.));
#3488=DIRECTION('',(0.,1.,8.32252980132056E-16));
#3489=DIRECTION('',(1.,0.,0.));
#3490=DIRECTION('',(0.,-1.,0.));
#3491=DIRECTION('',(0.,-3.94255335449302E-16,1.));
#3492=DIRECTION('',(0.,-1.,8.00653251149442E-16));
#3493=DIRECTION('',(0.,-1.,0.));
#3494=DIRECTION('',(0.,3.09772049281573E-16,-1.));
#3495=DIRECTION('',(0.,1.,0.));
#3496=DIRECTION('',(0.,0.819152044288991,0.573576436351047));
#3497=DIRECTION('',(1.,0.,0.));
#3498=DIRECTION('',(0.,-1.,0.));
#3499=DIRECTION('',(0.,-3.94255335449302E-16,1.));
#3500=DIRECTION('',(0.,0.819152044288991,0.573576436351047));
#3501=DIRECTION('',(0.,1.,0.));
#3502=DIRECTION('',(0.,3.09772049281573E-16,-1.));
#3503=DIRECTION('',(0.,-1.,0.));
#3504=DIRECTION('',(0.,-1.,8.00653251149442E-16));
#3505=DIRECTION('',(0.,-0.573576436351047,0.819152044288991));
#3506=DIRECTION('',(0.,-0.819152044288991,-0.573576436351047));
#3507=DIRECTION('',(-1.,0.,0.));
#3508=DIRECTION('',(0.,0.,-1.));
#3509=DIRECTION('',(0.,1.,0.));
#3510=DIRECTION('',(-1.,0.,0.));
#3511=DIRECTION('',(0.,1.,3.09772049281573E-16));
#3512=DIRECTION('',(0.,-3.09756560679109E-16,1.));
#3513=DIRECTION('',(-1.,0.,0.));
#3514=DIRECTION('',(0.,0.,-1.));
#3515=DIRECTION('',(0.,1.,0.));
#3516=DIRECTION('',(0.,8.67361737988431E-15,-1.));
#3517=DIRECTION('',(0.,1.,8.67361737988404E-15));
#3518=DIRECTION('',(0.,-1.,-8.67361737988431E-15));
#3519=DIRECTION('',(-1.,0.,0.));
#3520=DIRECTION('',(0.,-1.,-8.67361737988431E-15));
#3521=DIRECTION('',(-1.,0.,0.));
#3522=DIRECTION('',(0.,-1.,-2.4093381610789E-15));
#3523=DIRECTION('',(0.,2.40931406769729E-15,-1.));
#3524=DIRECTION('',(1.,0.,0.));
#3525=DIRECTION('',(0.,-2.4093381610789E-15,1.));
#3526=DIRECTION('',(0.,-2.4093381610789E-15,1.));
#3527=DIRECTION('',(0.,1.,5.94303413066128E-15));
#3528=DIRECTION('',(0.,-5.94294578826204E-15,1.));
#3529=DIRECTION('',(-1.,0.,0.));
#3530=DIRECTION('',(0.,5.94303413066128E-15,-1.));
#3531=DIRECTION('',(0.,5.94303413066128E-15,-1.));
#3532=DIRECTION('',(1.,0.,0.));
#3533=DIRECTION('',(0.,-1.,0.));
#3534=DIRECTION('',(0.,1.,0.));
#3535=DIRECTION('',(1.,0.,0.));
#3536=DIRECTION('',(0.,-1.,0.));
#3537=DIRECTION('',(0.,1.,0.));
#3538=DIRECTION('',(0.,0.573576436351044,-0.819152044288993));
#3539=DIRECTION('',(0.,0.819152044288993,0.573576436351044));
#3540=DIRECTION('',(0.,-0.819152044288993,-0.573576436351044));
#3541=DIRECTION('',(-1.,0.,0.));
#3542=DIRECTION('',(0.,-0.819152044288993,-0.573576436351044));
#3543=DIRECTION('',(-1.,0.,0.));
#3544=DIRECTION('',(0.,-8.32252980132056E-16,1.));
#3545=DIRECTION('',(0.,-1.,-8.32667268468867E-16));
#3546=DIRECTION('',(-1.,0.,0.));
#3547=DIRECTION('',(0.,1.,8.32252980132056E-16));
#3548=DIRECTION('',(-1.,0.,0.));
#3549=DIRECTION('',(0.,1.,8.32252980132056E-16));
#3550=DIRECTION('',(1.,0.,0.));
#3551=DIRECTION('',(0.,-1.,0.));
#3552=DIRECTION('',(0.,-3.94255335449302E-16,1.));
#3553=DIRECTION('',(0.,-1.,8.00653251149442E-16));
#3554=DIRECTION('',(0.,-1.,0.));
#3555=DIRECTION('',(0.,3.09772049281573E-16,-1.));
#3556=DIRECTION('',(0.,1.,0.));
#3557=DIRECTION('',(0.,0.819152044288991,0.573576436351047));
#3558=DIRECTION('',(1.,0.,0.));
#3559=DIRECTION('',(0.,-1.,0.));
#3560=DIRECTION('',(0.,-3.94255335449302E-16,1.));
#3561=DIRECTION('',(0.,0.819152044288991,0.573576436351047));
#3562=DIRECTION('',(0.,1.,0.));
#3563=DIRECTION('',(0.,3.09772049281573E-16,-1.));
#3564=DIRECTION('',(0.,-1.,0.));
#3565=DIRECTION('',(0.,-1.,8.00653251149442E-16));
#3566=DIRECTION('',(0.,-0.573576436351047,0.819152044288991));
#3567=DIRECTION('',(0.,-0.819152044288991,-0.573576436351047));
#3568=DIRECTION('',(-1.,0.,0.));
#3569=DIRECTION('',(0.,0.,-1.));
#3570=DIRECTION('',(0.,1.,0.));
#3571=DIRECTION('',(-1.,0.,0.));
#3572=DIRECTION('',(0.,1.,3.09772049281573E-16));
#3573=DIRECTION('',(0.,-3.09756560679109E-16,1.));
#3574=DIRECTION('',(-1.,0.,0.));
#3575=DIRECTION('',(0.,0.,-1.));
#3576=DIRECTION('',(0.,1.,0.));
#3577=DIRECTION('',(0.,8.67361737988431E-15,-1.));
#3578=DIRECTION('',(0.,1.,8.67361737988404E-15));
#3579=DIRECTION('',(0.,-1.,-8.67361737988431E-15));
#3580=DIRECTION('',(-1.,0.,0.));
#3581=DIRECTION('',(0.,-1.,-8.67361737988431E-15));
#3582=DIRECTION('',(-1.,0.,0.));
#3583=DIRECTION('',(0.,-1.,-2.4093381610789E-15));
#3584=DIRECTION('',(0.,2.40931406769729E-15,-1.));
#3585=DIRECTION('',(1.,0.,0.));
#3586=DIRECTION('',(0.,-2.4093381610789E-15,1.));
#3587=DIRECTION('',(0.,-2.4093381610789E-15,1.));
#3588=DIRECTION('',(0.,1.,5.94303413066128E-15));
#3589=DIRECTION('',(0.,-5.94294578826204E-15,1.));
#3590=DIRECTION('',(-1.,0.,0.));
#3591=DIRECTION('',(0.,5.94303413066128E-15,-1.));
#3592=DIRECTION('',(0.,5.94303413066128E-15,-1.));
#3593=DIRECTION('',(1.,0.,0.));
#3594=DIRECTION('',(0.,-1.,0.));
#3595=DIRECTION('',(0.,1.,0.));
#3596=DIRECTION('',(1.,0.,0.));
#3597=DIRECTION('',(0.,-1.,0.));
#3598=DIRECTION('',(0.,1.,0.));
#3599=DIRECTION('',(0.,0.573576436351044,-0.819152044288993));
#3600=DIRECTION('',(0.,0.819152044288993,0.573576436351044));
#3601=DIRECTION('',(0.,-0.819152044288993,-0.573576436351044));
#3602=DIRECTION('',(-1.,0.,0.));
#3603=DIRECTION('',(0.,-0.819152044288993,-0.573576436351044));
#3604=DIRECTION('',(-1.,0.,0.));
#3605=DIRECTION('',(0.,-8.32252980132056E-16,1.));
#3606=DIRECTION('',(0.,-1.,-8.32667268468867E-16));
#3607=DIRECTION('',(-1.,0.,0.));
#3608=DIRECTION('',(0.,1.,8.32252980132056E-16));
#3609=DIRECTION('',(-1.,0.,0.));
#3610=DIRECTION('',(0.,1.,8.32252980132056E-16));
#3611=DIRECTION('',(1.,0.,0.));
#3612=DIRECTION('',(0.,-1.,0.));
#3613=DIRECTION('',(0.,-3.94255335449302E-16,1.));
#3614=DIRECTION('',(0.,-1.,8.00653251149442E-16));
#3615=DIRECTION('',(0.,-1.,0.));
#3616=DIRECTION('',(0.,3.09772049281573E-16,-1.));
#3617=DIRECTION('',(0.,1.,0.));
#3618=DIRECTION('',(0.,0.819152044288991,0.573576436351047));
#3619=DIRECTION('',(1.,0.,0.));
#3620=DIRECTION('',(0.,-1.,0.));
#3621=DIRECTION('',(0.,-3.94255335449302E-16,1.));
#3622=DIRECTION('',(0.,0.819152044288991,0.573576436351047));
#3623=DIRECTION('',(0.,1.,0.));
#3624=DIRECTION('',(0.,3.09772049281573E-16,-1.));
#3625=DIRECTION('',(0.,-1.,0.));
#3626=DIRECTION('',(0.,-1.,8.00653251149442E-16));
#3627=DIRECTION('',(0.,-0.573576436351047,0.819152044288991));
#3628=DIRECTION('',(0.,-0.819152044288991,-0.573576436351047));
#3629=DIRECTION('',(-1.,0.,0.));
#3630=DIRECTION('',(0.,0.,-1.));
#3631=DIRECTION('',(0.,1.,0.));
#3632=DIRECTION('',(-1.,0.,0.));
#3633=DIRECTION('',(0.,1.,3.09772049281573E-16));
#3634=DIRECTION('',(0.,-3.09756560679109E-16,1.));
#3635=DIRECTION('',(-1.,0.,0.));
#3636=DIRECTION('',(0.,0.,-1.));
#3637=DIRECTION('',(0.,1.,0.));
#3638=DIRECTION('',(0.,8.67361737988431E-15,-1.));
#3639=DIRECTION('',(0.,1.,8.67361737988404E-15));
#3640=DIRECTION('',(0.,-1.,-8.67361737988431E-15));
#3641=DIRECTION('',(-1.,0.,0.));
#3642=DIRECTION('',(0.,-1.,-8.67361737988431E-15));
#3643=DIRECTION('',(-1.,0.,0.));
#3644=DIRECTION('',(0.,-1.,-2.4093381610789E-15));
#3645=DIRECTION('',(0.,2.40931406769729E-15,-1.));
#3646=DIRECTION('',(1.,0.,0.));
#3647=DIRECTION('',(0.,-2.4093381610789E-15,1.));
#3648=DIRECTION('',(0.,-2.4093381610789E-15,1.));
#3649=DIRECTION('',(0.,1.,5.94303413066128E-15));
#3650=DIRECTION('',(0.,-5.94294578826204E-15,1.));
#3651=DIRECTION('',(-1.,0.,0.));
#3652=DIRECTION('',(0.,5.94303413066128E-15,-1.));
#3653=DIRECTION('',(0.,5.94303413066128E-15,-1.));
#3654=DIRECTION('',(1.,0.,0.));
#3655=DIRECTION('',(0.,-1.,0.));
#3656=DIRECTION('',(0.,1.,0.));
#3657=DIRECTION('',(1.,0.,0.));
#3658=DIRECTION('',(0.,-1.,0.));
#3659=DIRECTION('',(0.,1.,0.));
#3660=DIRECTION('',(0.,0.573576436351044,-0.819152044288993));
#3661=DIRECTION('',(0.,0.819152044288993,0.573576436351044));
#3662=DIRECTION('',(0.,-0.819152044288993,-0.573576436351044));
#3663=DIRECTION('',(-1.,0.,0.));
#3664=DIRECTION('',(0.,-0.819152044288993,-0.573576436351044));
#3665=DIRECTION('',(-1.,0.,0.));
#3666=DIRECTION('',(0.,-8.32252980132056E-16,1.));
#3667=DIRECTION('',(0.,-1.,-8.32667268468867E-16));
#3668=DIRECTION('',(-1.,0.,0.));
#3669=DIRECTION('',(0.,1.,8.32252980132056E-16));
#3670=DIRECTION('',(-1.,0.,0.));
#3671=DIRECTION('',(0.,1.,8.32252980132056E-16));
#3672=DIRECTION('',(1.,0.,0.));
#3673=DIRECTION('',(0.,-1.,0.));
#3674=DIRECTION('',(0.,-3.94255335449302E-16,1.));
#3675=DIRECTION('',(0.,-1.,8.00653251149442E-16));
#3676=DIRECTION('',(0.,-1.,0.));
#3677=DIRECTION('',(0.,3.09772049281573E-16,-1.));
#3678=DIRECTION('',(0.,1.,0.));
#3679=DIRECTION('',(0.,0.819152044288991,0.573576436351047));
#3680=DIRECTION('',(1.,0.,0.));
#3681=DIRECTION('',(0.,-1.,0.));
#3682=DIRECTION('',(0.,-3.94255335449302E-16,1.));
#3683=DIRECTION('',(0.,0.819152044288991,0.573576436351047));
#3684=DIRECTION('',(0.,1.,0.));
#3685=DIRECTION('',(0.,3.09772049281573E-16,-1.));
#3686=DIRECTION('',(0.,-1.,0.));
#3687=DIRECTION('',(0.,-1.,8.00653251149442E-16));
#3688=DIRECTION('',(0.,-0.573576436351047,0.819152044288991));
#3689=DIRECTION('',(0.,-0.819152044288991,-0.573576436351047));
#3690=DIRECTION('',(-1.,0.,0.));
#3691=DIRECTION('',(0.,0.,-1.));
#3692=DIRECTION('',(0.,1.,0.));
#3693=DIRECTION('',(-1.,0.,0.));
#3694=DIRECTION('',(0.,1.,3.09772049281573E-16));
#3695=DIRECTION('',(0.,-3.09756560679109E-16,1.));
#3696=DIRECTION('',(-1.,0.,0.));
#3697=DIRECTION('',(0.,0.,-1.));
#3698=DIRECTION('',(0.,1.,0.));
#3699=DIRECTION('',(0.,0.,1.));
#3700=DIRECTION('',(0.,-1.,0.));
#3701=DIRECTION('',(-1.,0.,0.));
#3702=DIRECTION('',(0.,-1.,0.));
#3703=DIRECTION('',(1.,-1.23908819712629E-15,0.));
#3704=DIRECTION('',(0.,1.,0.));
#3705=DIRECTION('',(-1.,0.,0.));
#3706=DIRECTION('',(0.,1.,0.));
#3707=DIRECTION('',(0.,0.,-1.));
#3708=DIRECTION('',(0.,1.,0.));
#3709=DIRECTION('',(0.,0.,1.));
#3710=DIRECTION('',(1.,0.,0.));
#3711=DIRECTION('',(0.,-1.,0.));
#3712=DIRECTION('',(0.,0.,1.));
#3713=DIRECTION('',(0.,-1.,0.));
#3714=DIRECTION('',(0.,0.,-1.));
#3715=DIRECTION('',(0.,1.,0.));
#3716=DIRECTION('',(0.,0.,1.));
#3717=DIRECTION('',(0.,-1.,0.));
#3718=DIRECTION('',(-1.,0.,0.));
#3719=DIRECTION('',(0.,1.,0.));
#3720=DIRECTION('',(1.,0.,0.));
#3721=DIRECTION('',(0.,-1.,-3.94255335449302E-16));
#3722=DIRECTION('',(0.,3.94215909915729E-16,-1.));
#3723=DIRECTION('',(1.,0.,0.));
#3724=DIRECTION('',(0.,-3.94255335449302E-16,1.));
#3725=DIRECTION('',(-1.,0.,0.));
#3726=DIRECTION('',(0.,-3.94255335449302E-16,1.));
#3727=DIRECTION('',(1.,0.,0.));
#3728=DIRECTION('',(1.,0.,0.));
#3729=DIRECTION('',(1.,0.,0.));
#3730=DIRECTION('',(1.,0.,0.));
#3731=DIRECTION('',(1.,0.,0.));
#3732=DIRECTION('',(0.,0.,-1.));
#3733=DIRECTION('',(0.,1.,0.));
#3734=DIRECTION('',(0.,-1.,0.));
#3735=DIRECTION('',(-1.,0.,0.));
#3736=DIRECTION('',(0.,-1.,0.));
#3737=DIRECTION('',(-1.,0.,0.));
#3738=DIRECTION('',(0.,1.,0.));
#3739=DIRECTION('',(0.,-0.628722149442037,0.777630026941466));
#3740=DIRECTION('',(0.,0.,1.));
#3741=DIRECTION('',(0.,1.,0.));
#3742=DIRECTION('',(0.,0.,-1.));
#3743=DIRECTION('',(-1.,0.,0.));
#3744=DIRECTION('',(0.,1.,0.));
#3745=DIRECTION('',(0.,-0.628722149442037,0.777630026941466));
#3746=DIRECTION('',(0.,0.,-1.));
#3747=DIRECTION('',(0.,1.,0.));
#3748=DIRECTION('',(0.,0.,1.));
#3749=DIRECTION('',(0.,-1.,0.));
#3750=DIRECTION('',(-1.,0.,0.));
#3751=DIRECTION('',(-1.,0.,0.));
#3752=DIRECTION('',(-1.,0.,0.));
#3753=DIRECTION('',(0.,0.,1.));
#3754=DIRECTION('',(0.,-1.,0.));
#3755=DIRECTION('',(-1.,0.,0.));
#3756=DIRECTION('',(0.,-0.777630026941466,-0.628722149442037));
#3757=DIRECTION('',(0.,0.628722149442037,-0.777630026941466));
#3758=DIRECTION('',(-1.,0.,0.));
#3759=DIRECTION('',(1.23908819712629E-15,1.,0.));
#3760=DIRECTION('',(1.,-1.23945992358543E-15,0.));
#3761=DIRECTION('',(0.,0.,1.));
#3762=DIRECTION('',(-1.,1.23908819712629E-15,0.));
#3763=DIRECTION('',(0.,0.,1.));
#3764=DIRECTION('',(-1.,1.23908819712629E-15,0.));
#3765=DIRECTION('',(1.,-4.05309223359067E-16,0.));
#3766=DIRECTION('',(-4.05274772075082E-16,-1.,0.));
#3767=DIRECTION('',(4.05309223359067E-16,1.,0.));
#3768=DIRECTION('',(0.,0.,1.));
#3769=DIRECTION('',(4.05309223359067E-16,1.,0.));
#3770=DIRECTION('',(0.,1.,0.));
#3771=DIRECTION('',(1.,0.,0.));
#3772=DIRECTION('',(-1.,0.,0.));
#3773=DIRECTION('',(0.,0.,1.));
#3774=DIRECTION('',(-1.,0.,0.));
#3775=DIRECTION('',(-1.,-4.05309223359067E-16,0.));
#3776=DIRECTION('',(-4.05274772075082E-16,1.,0.));
#3777=DIRECTION('',(4.05309223359067E-16,-1.,0.));
#3778=DIRECTION('',(0.,0.,1.));
#3779=DIRECTION('',(4.05309223359067E-16,-1.,0.));
#3780=DIRECTION('',(1.23908819712629E-15,1.,0.));
#3781=DIRECTION('',(1.,-1.23945992358543E-15,0.));
#3782=DIRECTION('',(-1.,1.23908819712629E-15,0.));
#3783=DIRECTION('',(-1.,1.23908819712629E-15,0.));
#3784=DIRECTION('',(0.,0.,1.));
#3785=DIRECTION('',(-1.,0.,0.));
#3786=DIRECTION('',(0.,1.,0.));
#3787=DIRECTION('',(0.,0.,1.));
#3788=DIRECTION('',(0.,-1.,0.));
#3789=DIRECTION('',(0.,0.,-1.));
#3790=DIRECTION('',(0.,1.,0.));
#3791=DIRECTION('',(1.,0.,0.));
#3792=DIRECTION('',(4.05309223359067E-16,-1.,0.));
#3793=DIRECTION('',(1.,0.,0.));
#3794=DIRECTION('',(0.,1.,0.));
#3795=DIRECTION('',(1.,0.,0.));
#3796=DIRECTION('',(-4.05309223359067E-16,-1.,0.));
#3797=DIRECTION('',(-1.,-4.05309223359067E-16,0.));
#3798=DIRECTION('',(-4.05274772075082E-16,1.,0.));
#3799=DIRECTION('',(0.,0.,1.));
#3800=DIRECTION('',(-4.05309223359067E-16,1.,0.));
#3801=DIRECTION('',(0.,0.,-1.));
#3802=DIRECTION('',(1.,-4.05309223359067E-16,0.));
#3803=DIRECTION('',(-4.05274772075082E-16,-1.,0.));
#3804=DIRECTION('',(0.,0.,-1.));
#3805=DIRECTION('',(0.,0.,1.));
#3806=DIRECTION('',(4.05309223359067E-16,1.,0.));
#3807=DIRECTION('',(1.,0.,0.));
#3808=DIRECTION('',(0.,-1.,0.));
#3809=DIRECTION('',(0.,-1.,-3.21245088143853E-15));
#3810=DIRECTION('',(0.,-3.94255335449302E-16,1.));
#3811=DIRECTION('',(0.,1.,-3.21245088143852E-15));
#3812=DIRECTION('',(0.,0.,-1.));
#3813=DIRECTION('',(1.,0.,0.));
#3814=DIRECTION('',(0.,-1.,0.));
#3815=DIRECTION('',(0.,-1.,-3.21245088143853E-15));
#3816=DIRECTION('',(0.,0.,-1.));
#3817=DIRECTION('',(0.,1.,-3.21245088143852E-15));
#3818=DIRECTION('',(0.,-3.94255335449302E-16,1.));
#3819=DIRECTION('',(0.,-1.,-3.94255335449302E-16));
#3820=DIRECTION('',(0.,3.94215909915729E-16,-1.));
#3821=DIRECTION('',(-1.,0.,0.));
#3822=DIRECTION('',(-1.,0.,0.));
#3823=DIRECTION('',(0.,3.21245088143853E-15,-1.));
#3824=DIRECTION('',(0.,1.,3.21227419664005E-15));
#3825=DIRECTION('',(-1.,0.,0.));
#3826=DIRECTION('',(0.,0.,1.));
#3827=DIRECTION('',(0.,-1.,0.));
#3828=DIRECTION('',(0.,1.,0.));
#3829=DIRECTION('',(-1.,0.,0.));
#3830=DIRECTION('',(0.,-1.,0.));
#3831=DIRECTION('',(1.,0.,0.));
#3832=DIRECTION('',(0.,0.,1.));
#3833=DIRECTION('',(0.,-1.,0.));
#3834=DIRECTION('',(0.,1.,0.));
#3835=DIRECTION('',(-1.,0.,0.));
#3836=DIRECTION('',(0.,-1.,0.));
#3837=DIRECTION('',(1.,0.,0.));
#3838=DIRECTION('',(1.,0.,0.));
#3839=DIRECTION('',(0.,-1.,0.));
#3840=DIRECTION('',(0.,0.,-1.));
#3841=DIRECTION('',(0.,0.,-1.));
#3842=DIRECTION('',(0.,1.,0.));
#3843=DIRECTION('',(0.,-1.,0.));
#3844=DIRECTION('',(-1.,0.,0.));
#3845=DIRECTION('',(0.,0.,-1.));
#3846=DIRECTION('',(1.,0.,0.));
#3847=DIRECTION('',(1.,0.,0.));
#3848=DIRECTION('',(0.,-1.,0.));
#3849=DIRECTION('',(0.,1.,0.));
#3850=DIRECTION('',(0.,0.,1.));
#3851=DIRECTION('',(0.,-1.,0.));
#3852=DIRECTION('',(0.,0.,-1.));
#3853=DIRECTION('',(0.,-1.,0.));
#3854=DIRECTION('',(-1.,0.,0.));
#3855=DIRECTION('',(-1.,0.,0.));
#3856=DIRECTION('',(0.,0.,-1.));
#3857=DIRECTION('',(1.,0.,0.));
#3858=DIRECTION('',(-1.,0.,0.));
#3859=DIRECTION('',(-1.,0.,0.));
#3860=DIRECTION('',(0.,1.,0.));
#3861=DIRECTION('',(0.,-1.,0.));
#3862=DIRECTION('',(0.,1.,0.));
#3863=DIRECTION('',(0.,0.,1.));
#3864=DIRECTION('',(0.,0.,-1.));
#3865=DIRECTION('',(0.,-1.,0.));
#3866=DIRECTION('',(-1.,0.,0.));
#3867=DIRECTION('',(0.,0.,-1.));
#3868=DIRECTION('',(1.,0.,0.));
#3869=DIRECTION('',(-1.,0.,0.));
#3870=DIRECTION('',(0.,1.,0.));
#3871=DIRECTION('',(0.,0.,-1.));
#3872=DIRECTION('',(0.,-1.,0.));
#3873=DIRECTION('',(0.,0.,1.));
#3874=DIRECTION('',(0.,-1.,0.));
#3875=DIRECTION('',(-1.,0.,0.));
#3876=DIRECTION('',(-1.,0.,0.));
#3877=DIRECTION('',(-1.,0.,0.));
#3878=DIRECTION('',(0.,-1.,0.));
#3879=DIRECTION('',(1.,0.,0.));
#3880=DIRECTION('',(0.,1.,0.));
#3881=DIRECTION('',(-1.,0.,0.));
#3882=DIRECTION('',(1.,0.,0.));
#3883=DIRECTION('',(0.,-1.,0.));
#3884=DIRECTION('',(0.,-1.,0.));
#3885=DIRECTION('',(0.,0.,1.));
#3886=DIRECTION('',(0.,0.,1.));
#3887=DIRECTION('',(0.,1.,0.));
#3888=DIRECTION('',(0.,-1.,0.));
#3889=DIRECTION('',(-1.,0.,0.));
#3890=DIRECTION('',(0.,0.,1.));
#3891=DIRECTION('',(0.,0.,1.));
#3892=DIRECTION('',(0.,-1.,0.));
#3893=DIRECTION('',(1.,0.,0.));
#3894=DIRECTION('',(0.,1.,0.));
#3895=DIRECTION('',(1.,0.,0.));
#3896=DIRECTION('',(0.,0.,1.));
#3897=DIRECTION('',(0.,-1.,0.));
#3898=DIRECTION('',(1.,0.,0.));
#3899=DIRECTION('',(1.,0.,0.));
#3900=DIRECTION('',(0.,-1.,0.));
#3901=DIRECTION('',(0.,0.,1.));
#3902=DIRECTION('',(0.,0.,1.));
#3903=DIRECTION('',(0.,-1.,0.));
#3904=DIRECTION('',(0.,-1.,0.));
#3905=DIRECTION('',(-1.,0.,0.));
#3906=DIRECTION('',(0.,1.,0.));
#3907=DIRECTION('',(1.,0.,0.));
#3908=DIRECTION('',(1.,0.,0.));
#3909=DIRECTION('',(1.,0.,0.));
#3910=DIRECTION('',(0.,0.,1.));
#3911=DIRECTION('',(-1.,0.,0.));
#3912=DIRECTION('',(0.,1.,0.));
#3913=DIRECTION('',(0.,1.,0.));
#3914=DIRECTION('',(0.,0.,-1.));
#3915=DIRECTION('',(0.,1.,0.));
#3916=DIRECTION('',(0.,0.,-1.));
#3917=DIRECTION('',(0.,1.,0.));
#3918=CARTESIAN_POINT('',(0.,0.,0.));
#3919=CARTESIAN_POINT('',(-0.00322,0.00277500051223803,-0.0067));
#3920=CARTESIAN_POINT('',(-0.003223,0.00277500051223803,-0.006697));
#3921=CARTESIAN_POINT('',(-0.003223,0.00277500051223803,-0.006697));
#3922=CARTESIAN_POINT('',(-0.003223,0.00277500051223803,-0.0066));
#3923=CARTESIAN_POINT('',(0.,0.00277500051223803,-0.0066));
#3924=CARTESIAN_POINT('',(-0.00302,0.00277500051223803,-0.0066));
#3925=CARTESIAN_POINT('',(-0.00302,0.00277500051223803,-0.0065));
#3926=CARTESIAN_POINT('',(-0.00302,0.00277500051223803,-0.0067));
#3927=CARTESIAN_POINT('',(-0.00322,0.00277500051223803,-0.0067));
#3928=CARTESIAN_POINT('',(-0.00322,0.00277500051223803,-0.0069));
#3929=CARTESIAN_POINT('',(-0.00322,0.00277500051223803,-0.0069));
#3930=CARTESIAN_POINT('',(-0.00362,0.00277500051223803,-0.0069));
#3931=CARTESIAN_POINT('',(-0.00362,0.00277500051223803,-0.0069));
#3932=CARTESIAN_POINT('',(-0.00362,0.00277500051223803,-0.006697));
#3933=CARTESIAN_POINT('',(-0.00362,0.00277500051223803,-0.006697));
#3934=CARTESIAN_POINT('',(-0.00322,0.00167500051223803,-0.0067));
#3935=CARTESIAN_POINT('',(0.,0.00167500051223803,-0.0066));
#3936=CARTESIAN_POINT('',(-0.003223,0.00167500051223803,-0.0066));
#3937=CARTESIAN_POINT('',(-0.00302,0.00167500051223803,-0.0066));
#3938=CARTESIAN_POINT('',(-0.003223,0.00167500051223803,-0.006697));
#3939=CARTESIAN_POINT('',(-0.003223,0.00167500051223803,-0.006697));
#3940=CARTESIAN_POINT('',(-0.00362,0.00167500051223803,-0.006697));
#3941=CARTESIAN_POINT('',(-0.00362,0.00167500051223803,-0.006697));
#3942=CARTESIAN_POINT('',(-0.00362,0.00167500051223803,-0.0069));
#3943=CARTESIAN_POINT('',(-0.00362,0.00167500051223803,-0.0069));
#3944=CARTESIAN_POINT('',(-0.00322,0.00167500051223803,-0.0069));
#3945=CARTESIAN_POINT('',(-0.00322,0.00167500051223803,-0.0069));
#3946=CARTESIAN_POINT('',(-0.00322,0.00167500051223803,-0.0067));
#3947=CARTESIAN_POINT('',(-0.00302,0.00167500051223803,-0.0067));
#3948=CARTESIAN_POINT('',(-0.00302,0.00167500051223803,-0.0065));
#3949=CARTESIAN_POINT('',(-0.00322,0.00167500051223803,-0.0069));
#3950=CARTESIAN_POINT('',(-0.00322,0.00167500051223803,-0.0069));
#3951=CARTESIAN_POINT('',(-0.00362,0.00167500051223803,-0.0069));
#3952=CARTESIAN_POINT('',(-0.00322,0.00167500051223803,-0.0067));
#3953=CARTESIAN_POINT('',(-0.00302,0.00167500051223803,-0.0067));
#3954=CARTESIAN_POINT('',(-0.00302,0.00167500051223803,-0.0065));
#3955=CARTESIAN_POINT('',(-0.00302,0.,-0.0066));
#3956=CARTESIAN_POINT('',(-0.003223,0.00167500051223803,-0.006697));
#3957=CARTESIAN_POINT('',(-0.003223,0.,-0.0066));
#3958=CARTESIAN_POINT('',(-0.003223,0.00167500051223803,-0.006697));
#3959=CARTESIAN_POINT('',(-0.00362,0.00167500051223803,-0.006697));
#3960=CARTESIAN_POINT('',(-0.00362,0.00167500051223803,-0.006697));
#3961=CARTESIAN_POINT('',(-0.00362,0.00167500051223803,-0.0069));
#3962=CARTESIAN_POINT('',(-0.00322,0.00277500051223803,-0.0067));
#3963=CARTESIAN_POINT('',(0.00302,0.00277500051223803,-0.0067));
#3964=CARTESIAN_POINT('',(0.00302,0.00277500051223803,-0.0067));
#3965=CARTESIAN_POINT('',(0.00302,0.00277500051223803,-0.0066));
#3966=CARTESIAN_POINT('',(-0.00322,0.00277500051223803,-0.0066));
#3967=CARTESIAN_POINT('',(0.003223,0.00277500051223803,-0.0066));
#3968=CARTESIAN_POINT('',(0.003223,0.00277500051223803,-0.0067));
#3969=CARTESIAN_POINT('',(0.003223,0.00277500051223803,-0.006697));
#3970=CARTESIAN_POINT('',(-0.00322,0.00277500051223803,-0.006697));
#3971=CARTESIAN_POINT('',(0.00362,0.00277500051223803,-0.006697));
#3972=CARTESIAN_POINT('',(0.00362,0.00277500051223803,-0.0067));
#3973=CARTESIAN_POINT('',(0.00362,0.00277500051223803,-0.0069));
#3974=CARTESIAN_POINT('',(-0.00322,0.00277500051223803,-0.0069));
#3975=CARTESIAN_POINT('',(0.00322,0.00277500051223803,-0.0069));
#3976=CARTESIAN_POINT('',(0.00322,0.00277500051223803,-0.0067));
#3977=CARTESIAN_POINT('',(-0.00322,0.00167500051223803,-0.0067));
#3978=CARTESIAN_POINT('',(0.,0.00167500051223803,-0.0066));
#3979=CARTESIAN_POINT('',(0.00302,0.00167500051223803,-0.0066));
#3980=CARTESIAN_POINT('',(0.003223,0.00167500051223803,-0.0066));
#3981=CARTESIAN_POINT('',(0.00302,0.00167500051223803,-0.0067));
#3982=CARTESIAN_POINT('',(0.00302,0.00167500051223803,-0.0067));
#3983=CARTESIAN_POINT('',(0.00322,0.00167500051223803,-0.0067));
#3984=CARTESIAN_POINT('',(0.00322,0.00167500051223803,-0.0069));
#3985=CARTESIAN_POINT('',(-0.00322,0.00167500051223803,-0.0069));
#3986=CARTESIAN_POINT('',(0.00362,0.00167500051223803,-0.0069));
#3987=CARTESIAN_POINT('',(0.00362,0.00167500051223803,-0.006697));
#3988=CARTESIAN_POINT('',(0.00362,0.00167500051223803,-0.006697));
#3989=CARTESIAN_POINT('',(-0.00362,0.00167500051223803,-0.006697));
#3990=CARTESIAN_POINT('',(0.003223,0.00167500051223803,-0.006697));
#3991=CARTESIAN_POINT('',(0.003223,0.00167500051223803,-0.0065));
#3992=CARTESIAN_POINT('',(0.00322,0.00167500051223803,-0.0067));
#3993=CARTESIAN_POINT('',(0.00322,0.00167500051223803,-0.0069));
#3994=CARTESIAN_POINT('',(0.00302,0.00167500051223803,-0.0067));
#3995=CARTESIAN_POINT('',(-0.00322,0.00167500051223803,-0.0069));
#3996=CARTESIAN_POINT('',(0.00362,0.00167500051223803,-0.0069));
#3997=CARTESIAN_POINT('',(0.00362,0.00167500051223803,-0.006697));
#3998=CARTESIAN_POINT('',(0.00362,0.00167500051223803,-0.00669700000000012));
#3999=CARTESIAN_POINT('',(-0.00362,0.00167500051223803,-0.006697));
#4000=CARTESIAN_POINT('',(0.003223,0.00167500051223803,-0.00669700000000011));
#4001=CARTESIAN_POINT('',(0.003223,0.00167500051223803,-0.0065));
#4002=CARTESIAN_POINT('',(0.003223,0.,-0.0066));
#4003=CARTESIAN_POINT('',(0.00302,0.00167500051223803,-0.0067));
#4004=CARTESIAN_POINT('',(0.00302,0.,-0.0066));
#4005=CARTESIAN_POINT('',(-0.0026,0.00129000051223803,-0.0066));
#4006=CARTESIAN_POINT('',(-0.0026,0.00129000051223803,-0.00685));
#4007=CARTESIAN_POINT('',(0.0035,0.00129000051223803,-0.00685));
#4008=CARTESIAN_POINT('',(0.0026,0.00129000051223803,-0.00685));
#4009=CARTESIAN_POINT('',(0.0026,0.00129000051223803,-0.0066));
#4010=CARTESIAN_POINT('',(0.0026,0.00129000051223803,-0.0066));
#4011=CARTESIAN_POINT('',(-0.0026,0.00129000051223803,-0.0066));
#4012=CARTESIAN_POINT('',(0.0035,0.00129000051223803,-0.0066));
#4013=CARTESIAN_POINT('',(0.0035,0.00129000051223803,-0.0066));
#4014=CARTESIAN_POINT('',(0.0026,0.00295000051223803,-0.00522));
#4015=CARTESIAN_POINT('',(0.0026,0.00295000051223803,-0.00685));
#4016=CARTESIAN_POINT('',(0.0026,0.00295000051223803,-0.00685));
#4017=CARTESIAN_POINT('',(0.0026,0.00295000051223803,-0.00685));
#4018=CARTESIAN_POINT('',(0.0026,0.00295000051223803,-0.0066));
#4019=CARTESIAN_POINT('',(0.0026,0.00295000051223803,-0.0066));
#4020=CARTESIAN_POINT('',(-0.0026,0.00129000051223803,-0.0066));
#4021=CARTESIAN_POINT('',(-0.0026,0.00129000051223803,-0.00685));
#4022=CARTESIAN_POINT('',(-0.0026,0.00129000051223803,-0.00685));
#4023=CARTESIAN_POINT('',(-0.0035,0.00129000051223803,-0.00685));
#4024=CARTESIAN_POINT('',(-0.0035,0.00129000051223803,-0.0066));
#4025=CARTESIAN_POINT('',(-0.0035,0.00129000051223803,-0.0066));
#4026=CARTESIAN_POINT('',(-0.0026,0.00129000051223803,-0.0066));
#4027=CARTESIAN_POINT('',(-0.0026,0.00129000051223803,-0.0066));
#4028=CARTESIAN_POINT('',(-0.0026,0.00129000051223803,-0.00522));
#4029=CARTESIAN_POINT('',(-0.0026,0.00442000051223803,-0.00522));
#4030=CARTESIAN_POINT('',(-0.0026,0.00442000051223803,-0.00685));
#4031=CARTESIAN_POINT('',(-0.0026,0.00295000051223803,-0.00685));
#4032=CARTESIAN_POINT('',(-0.0026,0.00442000051223803,-0.0066));
#4033=CARTESIAN_POINT('',(-0.0026,0.00295000051223803,-0.0066));
#4034=CARTESIAN_POINT('',(-0.0026,0.00295000051223803,-0.00522));
#4035=CARTESIAN_POINT('',(-0.001875,0.00191999999999802,-0.0036));
#4036=CARTESIAN_POINT('',(-0.002125,0.00191999999999802,-0.0036));
#4037=CARTESIAN_POINT('',(-0.002125,0.00191999999999802,-0.0036));
#4038=CARTESIAN_POINT('',(-0.002125,0.00143999999999803,-0.0036));
#4039=CARTESIAN_POINT('',(-0.001875,0.00143999999999803,-0.0036));
#4040=CARTESIAN_POINT('',(-0.001875,0.00143999999999803,-0.0036));
#4041=CARTESIAN_POINT('',(-0.001875,0.00181999999999802,-0.0036));
#4042=CARTESIAN_POINT('',(-0.001875,0.00191999999999802,-0.0036));
#4043=CARTESIAN_POINT('',(-0.001875,0.00191999999999802,-0.0036));
#4044=CARTESIAN_POINT('',(-0.001875,0.00191999999999803,-0.0063));
#4045=CARTESIAN_POINT('',(0.,0.00191999999999803,-0.0056));
#4046=CARTESIAN_POINT('',(-0.002125,0.00191999999999802,-0.0056));
#4047=CARTESIAN_POINT('',(-0.001875,0.00191999999999803,-0.0056));
#4048=CARTESIAN_POINT('',(-0.002125,0.00191999999999803,-0.0063));
#4049=CARTESIAN_POINT('',(-0.001875,0.00191999999999803,-0.0063));
#4050=CARTESIAN_POINT('',(-0.001875,0.00143999999999803,-0.0036));
#4051=CARTESIAN_POINT('',(0.,0.00143999999999804,-0.0056));
#4052=CARTESIAN_POINT('',(-0.001875,0.00143999999999804,-0.0056));
#4053=CARTESIAN_POINT('',(-0.002125,0.00143999999999804,-0.0056));
#4054=CARTESIAN_POINT('',(-0.001875,0.00143999999999803,-0.0036));
#4055=CARTESIAN_POINT('',(-0.002125,0.00143999999999803,-0.0036));
#4056=CARTESIAN_POINT('',(-0.002125,0.,0.));
#4057=CARTESIAN_POINT('',(-0.002125,0.,-0.0056));
#4058=CARTESIAN_POINT('',(-0.001875,0.,0.));
#4059=CARTESIAN_POINT('',(-0.001875,0.,-0.0056));
#4060=CARTESIAN_POINT('',(-0.001875,0.000356682425575916,-0.0063));
#4061=CARTESIAN_POINT('',(-0.002125,0.000356682425575916,-0.0063));
#4062=CARTESIAN_POINT('',(-0.002125,0.000356682425575916,-0.0063));
#4063=CARTESIAN_POINT('',(-0.002125,-3.54576109614865E-7,-0.00655));
#4064=CARTESIAN_POINT('',(-0.001875,-3.54576109614865E-7,-0.00655));
#4065=CARTESIAN_POINT('',(-0.001875,-3.54576109614865E-7,-0.00655));
#4066=CARTESIAN_POINT('',(-0.001875,0.000356682425575916,-0.0063));
#4067=CARTESIAN_POINT('',(-0.001875,0.000356682425575916,-0.0063));
#4068=CARTESIAN_POINT('',(-0.001875,0.000356682425575916,-0.0063));
#4069=CARTESIAN_POINT('',(-0.001875,0.000395629601346458,-0.0067));
#4070=CARTESIAN_POINT('',(0.0035,0.000550000512238034,-0.0067));
#4071=CARTESIAN_POINT('',(-0.001875,0.000550000512238034,-0.0067));
#4072=CARTESIAN_POINT('',(-0.002125,0.000550000512238034,-0.0067));
#4073=CARTESIAN_POINT('',(-0.001875,0.000395629601346458,-0.0067));
#4074=CARTESIAN_POINT('',(-0.001875,0.000395629601346458,-0.0067));
#4075=CARTESIAN_POINT('',(-0.001875,0.000395629601346458,-0.0067));
#4076=CARTESIAN_POINT('',(-0.002125,0.000395629601346458,-0.0067));
#4077=CARTESIAN_POINT('',(-0.002125,0.000395629601346458,-0.0067));
#4078=CARTESIAN_POINT('',(-0.001875,0.,0.));
#4079=CARTESIAN_POINT('',(-0.001875,0.000550000512238034,-0.00685));
#4080=CARTESIAN_POINT('',(-0.001875,0.000550000512238034,-0.0063));
#4081=CARTESIAN_POINT('',(-0.001875,0.00143999999999804,-0.0063));
#4082=CARTESIAN_POINT('',(-0.001875,-3.54576109614868E-7,-0.00655));
#4083=CARTESIAN_POINT('',(-0.001875,-0.000650000000001965,-0.00655));
#4084=CARTESIAN_POINT('',(-0.001875,-0.000650000000001965,-0.00655));
#4085=CARTESIAN_POINT('',(-0.001875,-0.000650000000001965,-0.0069));
#4086=CARTESIAN_POINT('',(-0.001875,0.,-0.0069));
#4087=CARTESIAN_POINT('',(-0.001875,0.000109999999998035,-0.0069));
#4088=CARTESIAN_POINT('',(-0.001875,0.000109999999998035,-0.0069));
#4089=CARTESIAN_POINT('',(-0.002125,0.,0.));
#4090=CARTESIAN_POINT('',(-0.002125,0.000550000512238034,-0.00685));
#4091=CARTESIAN_POINT('',(-0.002125,0.000550000512238034,-0.0063));
#4092=CARTESIAN_POINT('',(-0.002125,0.000109999999998035,-0.0069));
#4093=CARTESIAN_POINT('',(-0.002125,0.000109999999998035,-0.0069));
#4094=CARTESIAN_POINT('',(-0.002125,0.00167500051223803,-0.0069));
#4095=CARTESIAN_POINT('',(-0.002125,-0.000650000000001965,-0.0069));
#4096=CARTESIAN_POINT('',(-0.002125,-0.000650000000001965,-0.00655));
#4097=CARTESIAN_POINT('',(-0.002125,-0.000650000000001965,-0.00655));
#4098=CARTESIAN_POINT('',(-0.002125,-3.54576109614868E-7,-0.00655));
#4099=CARTESIAN_POINT('',(-0.002125,0.00143999999999804,-0.0063));
#4100=CARTESIAN_POINT('',(-0.001875,0.000109999999998035,-0.0069));
#4101=CARTESIAN_POINT('',(-0.001875,0.000109999999997978,-0.0069));
#4102=CARTESIAN_POINT('',(-0.00322,0.00167500051223803,-0.0069));
#4103=CARTESIAN_POINT('',(-0.00322,-0.000650000000001965,-0.0069));
#4104=CARTESIAN_POINT('',(-0.001875,-0.000650000000001965,-0.00655));
#4105=CARTESIAN_POINT('',(-0.001875,-0.000650000000001965,-0.00655));
#4106=CARTESIAN_POINT('',(-0.001875,-3.54576109614868E-7,-0.00655));
#4107=CARTESIAN_POINT('',(-0.001875,0.00191999999999802,-0.0036));
#4108=CARTESIAN_POINT('',(-0.001125,0.00191999999999802,-0.0036));
#4109=CARTESIAN_POINT('',(-0.001125,0.00191999999999802,-0.0036));
#4110=CARTESIAN_POINT('',(-0.001125,0.00143999999999803,-0.0036));
#4111=CARTESIAN_POINT('',(-0.001875,0.00143999999999803,-0.0036));
#4112=CARTESIAN_POINT('',(-0.000875,0.00143999999999803,-0.0036));
#4113=CARTESIAN_POINT('',(-0.000875,3.12250225675836E-17,-0.0036));
#4114=CARTESIAN_POINT('',(-0.000875,0.00191999999999802,-0.0036));
#4115=CARTESIAN_POINT('',(-0.001875,0.00191999999999802,-0.0036));
#4116=CARTESIAN_POINT('',(-0.001875,0.00191999999999803,-0.0063));
#4117=CARTESIAN_POINT('',(0.,0.00191999999999803,-0.0056));
#4118=CARTESIAN_POINT('',(-0.001125,0.00191999999999803,-0.0056));
#4119=CARTESIAN_POINT('',(-0.000875,0.00191999999999803,-0.0056));
#4120=CARTESIAN_POINT('',(-0.001125,0.00191999999999803,-0.0063));
#4121=CARTESIAN_POINT('',(-0.000875,0.00191999999999802,4.62592926926671E-18));
#4122=CARTESIAN_POINT('',(-0.001875,0.00143999999999803,-0.0036));
#4123=CARTESIAN_POINT('',(0.,0.00143999999999804,-0.0056));
#4124=CARTESIAN_POINT('',(-0.000875,0.00143999999999804,-0.0056));
#4125=CARTESIAN_POINT('',(-0.001125,0.00143999999999804,-0.0056));
#4126=CARTESIAN_POINT('',(-0.000875,0.00143999999999801,8.55796914814041E-18));
#4127=CARTESIAN_POINT('',(-0.001125,0.00143999999999803,-0.0036));
#4128=CARTESIAN_POINT('',(-0.001125,0.,0.));
#4129=CARTESIAN_POINT('',(-0.001125,0.,-0.0056));
#4130=CARTESIAN_POINT('',(-0.000875,0.,0.));
#4131=CARTESIAN_POINT('',(-0.000875,0.,-0.0056));
#4132=CARTESIAN_POINT('',(-0.001875,0.000356682425575916,-0.0063));
#4133=CARTESIAN_POINT('',(-0.001125,0.000356682425575916,-0.0063));
#4134=CARTESIAN_POINT('',(-0.001125,0.000356682425575917,-0.0063));
#4135=CARTESIAN_POINT('',(-0.001125,-3.54576109614171E-7,-0.00655));
#4136=CARTESIAN_POINT('',(-0.001875,-3.54576109613545E-7,-0.00655));
#4137=CARTESIAN_POINT('',(-0.000875,-3.54576109614092E-7,-0.00655));
#4138=CARTESIAN_POINT('',(-0.000875,0.00307737668110495,-0.00439494937311472));
#4139=CARTESIAN_POINT('',(-0.000875,0.000356682425575917,-0.0063));
#4140=CARTESIAN_POINT('',(-0.001875,0.000356682425575859,-0.0063));
#4141=CARTESIAN_POINT('',(-0.001875,0.000395629601346458,-0.0067));
#4142=CARTESIAN_POINT('',(0.0035,0.000550000512238034,-0.0067));
#4143=CARTESIAN_POINT('',(-0.000875,0.000550000512238034,-0.0067));
#4144=CARTESIAN_POINT('',(-0.001125,0.000550000512238034,-0.0067));
#4145=CARTESIAN_POINT('',(-0.000875,5.57609496688478E-18,-0.0067));
#4146=CARTESIAN_POINT('',(-0.000875,0.000395629601346458,-0.0067));
#4147=CARTESIAN_POINT('',(-0.001875,0.000395629601346458,-0.0067));
#4148=CARTESIAN_POINT('',(-0.001125,0.000395629601346458,-0.0067));
#4149=CARTESIAN_POINT('',(-0.001125,0.000395629601346458,-0.0067));
#4150=CARTESIAN_POINT('',(-0.000875,0.,0.));
#4151=CARTESIAN_POINT('',(-0.000875,0.000550000512238034,-0.00685));
#4152=CARTESIAN_POINT('',(-0.000875,0.000550000512238034,-0.0063));
#4153=CARTESIAN_POINT('',(-0.000875,0.00143999999999804,-0.0063));
#4154=CARTESIAN_POINT('',(-0.000875,0.,-0.00655));
#4155=CARTESIAN_POINT('',(-0.000875,-0.000650000000001965,-0.00655));
#4156=CARTESIAN_POINT('',(-0.000875,-0.000650000000001967,-2.01351832033632E-19));
#4157=CARTESIAN_POINT('',(-0.000875,-0.000650000000001965,-0.0069));
#4158=CARTESIAN_POINT('',(-0.000875,0.,-0.0069));
#4159=CARTESIAN_POINT('',(-0.000875,0.000109999999998035,-0.0069));
#4160=CARTESIAN_POINT('',(-0.000875,0.00327812843382783,-0.00468165258861585));
#4161=CARTESIAN_POINT('',(-0.001125,0.,0.));
#4162=CARTESIAN_POINT('',(-0.001125,0.000550000512238034,-0.00685));
#4163=CARTESIAN_POINT('',(-0.001125,0.000550000512238034,-0.0063));
#4164=CARTESIAN_POINT('',(-0.001125,0.000109999999998035,-0.0069));
#4165=CARTESIAN_POINT('',(-0.001125,0.000109999999998035,-0.0069));
#4166=CARTESIAN_POINT('',(-0.001125,0.00167500051223803,-0.0069));
#4167=CARTESIAN_POINT('',(-0.001125,-0.000650000000001965,-0.0069));
#4168=CARTESIAN_POINT('',(-0.001125,-0.000650000000001965,-0.00655));
#4169=CARTESIAN_POINT('',(-0.001125,-0.000650000000001965,-0.00655));
#4170=CARTESIAN_POINT('',(-0.001125,-3.54576109614868E-7,-0.00655));
#4171=CARTESIAN_POINT('',(-0.001125,0.00143999999999804,-0.0063));
#4172=CARTESIAN_POINT('',(-0.001875,0.000109999999998035,-0.0069));
#4173=CARTESIAN_POINT('',(-0.001875,0.000109999999997978,-0.0069));
#4174=CARTESIAN_POINT('',(-0.00322,0.00167500051223803,-0.0069));
#4175=CARTESIAN_POINT('',(-0.00322,-0.000650000000001965,-0.0069));
#4176=CARTESIAN_POINT('',(-0.001875,-0.000650000000001965,-0.00655));
#4177=CARTESIAN_POINT('',(-0.001875,-0.000650000000001965,-0.00655));
#4178=CARTESIAN_POINT('',(-0.001875,-3.54576109614868E-7,-0.00655));
#4179=CARTESIAN_POINT('',(-0.001875,0.00191999999999802,-0.0036));
#4180=CARTESIAN_POINT('',(-0.000125,0.00191999999999802,-0.0036));
#4181=CARTESIAN_POINT('',(-0.000125,0.00191999999999802,-0.0036));
#4182=CARTESIAN_POINT('',(-0.000125,0.00143999999999803,-0.0036));
#4183=CARTESIAN_POINT('',(-0.001875,0.00143999999999803,-0.0036));
#4184=CARTESIAN_POINT('',(0.000125,0.00143999999999803,-0.0036));
#4185=CARTESIAN_POINT('',(0.000125,3.12250225675836E-17,-0.0036));
#4186=CARTESIAN_POINT('',(0.000125,0.00191999999999802,-0.0036));
#4187=CARTESIAN_POINT('',(-0.001875,0.00191999999999802,-0.0036));
#4188=CARTESIAN_POINT('',(-0.001875,0.00191999999999803,-0.0063));
#4189=CARTESIAN_POINT('',(0.,0.00191999999999803,-0.0056));
#4190=CARTESIAN_POINT('',(-0.000125,0.00191999999999803,-0.0056));
#4191=CARTESIAN_POINT('',(0.000125,0.00191999999999803,-0.0056));
#4192=CARTESIAN_POINT('',(-0.000125,0.00191999999999803,-0.0063));
#4193=CARTESIAN_POINT('',(0.000125,0.00191999999999802,4.62592926926671E-18));
#4194=CARTESIAN_POINT('',(-0.001875,0.00143999999999803,-0.0036));
#4195=CARTESIAN_POINT('',(0.,0.00143999999999804,-0.0056));
#4196=CARTESIAN_POINT('',(0.000125,0.00143999999999804,-0.0056));
#4197=CARTESIAN_POINT('',(-0.000125,0.00143999999999804,-0.0056));
#4198=CARTESIAN_POINT('',(0.000125,0.00143999999999801,8.55796914814041E-18));
#4199=CARTESIAN_POINT('',(-0.000125,0.00143999999999803,-0.0036));
#4200=CARTESIAN_POINT('',(-0.000125,0.,0.));
#4201=CARTESIAN_POINT('',(-0.000125,0.,-0.0056));
#4202=CARTESIAN_POINT('',(0.000125,0.,0.));
#4203=CARTESIAN_POINT('',(0.000125,0.,-0.0056));
#4204=CARTESIAN_POINT('',(-0.001875,0.000356682425575916,-0.0063));
#4205=CARTESIAN_POINT('',(-0.000125,0.000356682425575916,-0.0063));
#4206=CARTESIAN_POINT('',(-0.000125,0.000356682425575917,-0.0063));
#4207=CARTESIAN_POINT('',(-0.000125,-3.54576109614171E-7,-0.00655));
#4208=CARTESIAN_POINT('',(-0.001875,-3.54576109613545E-7,-0.00655));
#4209=CARTESIAN_POINT('',(0.000125,-3.54576109614092E-7,-0.00655));
#4210=CARTESIAN_POINT('',(0.000125,0.00307737668110495,-0.00439494937311472));
#4211=CARTESIAN_POINT('',(0.000125,0.000356682425575917,-0.0063));
#4212=CARTESIAN_POINT('',(-0.001875,0.000356682425575859,-0.0063));
#4213=CARTESIAN_POINT('',(-0.001875,0.000395629601346458,-0.0067));
#4214=CARTESIAN_POINT('',(0.0035,0.000550000512238034,-0.0067));
#4215=CARTESIAN_POINT('',(0.000125,0.000550000512238034,-0.0067));
#4216=CARTESIAN_POINT('',(-0.000125,0.000550000512238034,-0.0067));
#4217=CARTESIAN_POINT('',(0.000125,5.57609496688478E-18,-0.0067));
#4218=CARTESIAN_POINT('',(0.000125,0.000395629601346458,-0.0067));
#4219=CARTESIAN_POINT('',(-0.001875,0.000395629601346458,-0.0067));
#4220=CARTESIAN_POINT('',(-0.000125,0.000395629601346458,-0.0067));
#4221=CARTESIAN_POINT('',(-0.000125,0.000395629601346458,-0.0067));
#4222=CARTESIAN_POINT('',(0.000125,0.,0.));
#4223=CARTESIAN_POINT('',(0.000125,0.000550000512238034,-0.00685));
#4224=CARTESIAN_POINT('',(0.000125,0.000550000512238034,-0.0063));
#4225=CARTESIAN_POINT('',(0.000125,0.00143999999999804,-0.0063));
#4226=CARTESIAN_POINT('',(0.000125,0.,-0.00655));
#4227=CARTESIAN_POINT('',(0.000125,-0.000650000000001965,-0.00655));
#4228=CARTESIAN_POINT('',(0.000125,-0.000650000000001967,-2.01351832033632E-19));
#4229=CARTESIAN_POINT('',(0.000125,-0.000650000000001965,-0.0069));
#4230=CARTESIAN_POINT('',(0.000125,0.,-0.0069));
#4231=CARTESIAN_POINT('',(0.000125,0.000109999999998035,-0.0069));
#4232=CARTESIAN_POINT('',(0.000125,0.00327812843382783,-0.00468165258861585));
#4233=CARTESIAN_POINT('',(-0.000125,0.,0.));
#4234=CARTESIAN_POINT('',(-0.000125,0.000550000512238034,-0.00685));
#4235=CARTESIAN_POINT('',(-0.000125,0.000550000512238034,-0.0063));
#4236=CARTESIAN_POINT('',(-0.000125,0.000109999999998035,-0.0069));
#4237=CARTESIAN_POINT('',(-0.000125,0.000109999999998035,-0.0069));
#4238=CARTESIAN_POINT('',(-0.000125,0.00167500051223803,-0.0069));
#4239=CARTESIAN_POINT('',(-0.000125,-0.000650000000001965,-0.0069));
#4240=CARTESIAN_POINT('',(-0.000125,-0.000650000000001965,-0.00655));
#4241=CARTESIAN_POINT('',(-0.000125,-0.000650000000001965,-0.00655));
#4242=CARTESIAN_POINT('',(-0.000125,-3.54576109614868E-7,-0.00655));
#4243=CARTESIAN_POINT('',(-0.000125,0.00143999999999804,-0.0063));
#4244=CARTESIAN_POINT('',(-0.001875,0.000109999999998035,-0.0069));
#4245=CARTESIAN_POINT('',(-0.001875,0.000109999999997978,-0.0069));
#4246=CARTESIAN_POINT('',(-0.00322,0.00167500051223803,-0.0069));
#4247=CARTESIAN_POINT('',(-0.00322,-0.000650000000001965,-0.0069));
#4248=CARTESIAN_POINT('',(-0.001875,-0.000650000000001965,-0.00655));
#4249=CARTESIAN_POINT('',(-0.001875,-0.000650000000001965,-0.00655));
#4250=CARTESIAN_POINT('',(-0.001875,-3.54576109614868E-7,-0.00655));
#4251=CARTESIAN_POINT('',(-0.001875,0.00191999999999802,-0.0036));
#4252=CARTESIAN_POINT('',(0.000875,0.00191999999999802,-0.0036));
#4253=CARTESIAN_POINT('',(0.000875,0.00191999999999802,-0.0036));
#4254=CARTESIAN_POINT('',(0.000875,0.00143999999999803,-0.0036));
#4255=CARTESIAN_POINT('',(-0.001875,0.00143999999999803,-0.0036));
#4256=CARTESIAN_POINT('',(0.001125,0.00143999999999803,-0.0036));
#4257=CARTESIAN_POINT('',(0.001125,3.12250225675836E-17,-0.0036));
#4258=CARTESIAN_POINT('',(0.001125,0.00191999999999802,-0.0036));
#4259=CARTESIAN_POINT('',(-0.001875,0.00191999999999802,-0.0036));
#4260=CARTESIAN_POINT('',(-0.001875,0.00191999999999803,-0.0063));
#4261=CARTESIAN_POINT('',(0.,0.00191999999999803,-0.0056));
#4262=CARTESIAN_POINT('',(0.000875,0.00191999999999803,-0.0056));
#4263=CARTESIAN_POINT('',(0.001125,0.00191999999999803,-0.0056));
#4264=CARTESIAN_POINT('',(0.000875,0.00191999999999803,-0.0063));
#4265=CARTESIAN_POINT('',(0.001125,0.00191999999999802,4.62592926926671E-18));
#4266=CARTESIAN_POINT('',(-0.001875,0.00143999999999803,-0.0036));
#4267=CARTESIAN_POINT('',(0.,0.00143999999999804,-0.0056));
#4268=CARTESIAN_POINT('',(0.001125,0.00143999999999804,-0.0056));
#4269=CARTESIAN_POINT('',(0.000875,0.00143999999999804,-0.0056));
#4270=CARTESIAN_POINT('',(0.001125,0.00143999999999801,8.55796914814041E-18));
#4271=CARTESIAN_POINT('',(0.000875,0.00143999999999803,-0.0036));
#4272=CARTESIAN_POINT('',(0.000875,0.,0.));
#4273=CARTESIAN_POINT('',(0.000875,0.,-0.0056));
#4274=CARTESIAN_POINT('',(0.001125,0.,0.));
#4275=CARTESIAN_POINT('',(0.001125,0.,-0.0056));
#4276=CARTESIAN_POINT('',(-0.001875,0.000356682425575916,-0.0063));
#4277=CARTESIAN_POINT('',(0.000875,0.000356682425575916,-0.0063));
#4278=CARTESIAN_POINT('',(0.000875,0.000356682425575917,-0.0063));
#4279=CARTESIAN_POINT('',(0.000875,-3.54576109614171E-7,-0.00655));
#4280=CARTESIAN_POINT('',(-0.001875,-3.54576109613545E-7,-0.00655));
#4281=CARTESIAN_POINT('',(0.001125,-3.54576109614092E-7,-0.00655));
#4282=CARTESIAN_POINT('',(0.001125,0.00307737668110495,-0.00439494937311472));
#4283=CARTESIAN_POINT('',(0.001125,0.000356682425575917,-0.0063));
#4284=CARTESIAN_POINT('',(-0.001875,0.000356682425575859,-0.0063));
#4285=CARTESIAN_POINT('',(-0.001875,0.000395629601346458,-0.0067));
#4286=CARTESIAN_POINT('',(0.0035,0.000550000512238034,-0.0067));
#4287=CARTESIAN_POINT('',(0.001125,0.000550000512238034,-0.0067));
#4288=CARTESIAN_POINT('',(0.000875,0.000550000512238034,-0.0067));
#4289=CARTESIAN_POINT('',(0.001125,5.57609496688478E-18,-0.0067));
#4290=CARTESIAN_POINT('',(0.001125,0.000395629601346458,-0.0067));
#4291=CARTESIAN_POINT('',(-0.001875,0.000395629601346458,-0.0067));
#4292=CARTESIAN_POINT('',(0.000875,0.000395629601346458,-0.0067));
#4293=CARTESIAN_POINT('',(0.000875,0.000395629601346458,-0.0067));
#4294=CARTESIAN_POINT('',(0.001125,0.,0.));
#4295=CARTESIAN_POINT('',(0.001125,0.000550000512238034,-0.00685));
#4296=CARTESIAN_POINT('',(0.001125,0.000550000512238034,-0.0063));
#4297=CARTESIAN_POINT('',(0.001125,0.00143999999999804,-0.0063));
#4298=CARTESIAN_POINT('',(0.001125,0.,-0.00655));
#4299=CARTESIAN_POINT('',(0.001125,-0.000650000000001965,-0.00655));
#4300=CARTESIAN_POINT('',(0.001125,-0.000650000000001967,-2.01351832033632E-19));
#4301=CARTESIAN_POINT('',(0.001125,-0.000650000000001965,-0.0069));
#4302=CARTESIAN_POINT('',(0.001125,0.,-0.0069));
#4303=CARTESIAN_POINT('',(0.001125,0.000109999999998035,-0.0069));
#4304=CARTESIAN_POINT('',(0.001125,0.00327812843382783,-0.00468165258861585));
#4305=CARTESIAN_POINT('',(0.000875,0.,0.));
#4306=CARTESIAN_POINT('',(0.000875,0.000550000512238034,-0.00685));
#4307=CARTESIAN_POINT('',(0.000875,0.000550000512238034,-0.0063));
#4308=CARTESIAN_POINT('',(0.000875,0.000109999999998035,-0.0069));
#4309=CARTESIAN_POINT('',(0.000875,0.000109999999998035,-0.0069));
#4310=CARTESIAN_POINT('',(0.000875,0.00167500051223803,-0.0069));
#4311=CARTESIAN_POINT('',(0.000875,-0.000650000000001965,-0.0069));
#4312=CARTESIAN_POINT('',(0.000875,-0.000650000000001965,-0.00655));
#4313=CARTESIAN_POINT('',(0.000875,-0.000650000000001965,-0.00655));
#4314=CARTESIAN_POINT('',(0.000875,-3.54576109614868E-7,-0.00655));
#4315=CARTESIAN_POINT('',(0.000875,0.00143999999999804,-0.0063));
#4316=CARTESIAN_POINT('',(-0.001875,0.000109999999998035,-0.0069));
#4317=CARTESIAN_POINT('',(-0.001875,0.000109999999997978,-0.0069));
#4318=CARTESIAN_POINT('',(-0.00322,0.00167500051223803,-0.0069));
#4319=CARTESIAN_POINT('',(-0.00322,-0.000650000000001965,-0.0069));
#4320=CARTESIAN_POINT('',(-0.001875,-0.000650000000001965,-0.00655));
#4321=CARTESIAN_POINT('',(-0.001875,-0.000650000000001965,-0.00655));
#4322=CARTESIAN_POINT('',(-0.001875,-3.54576109614868E-7,-0.00655));
#4323=CARTESIAN_POINT('',(-0.001875,0.00191999999999802,-0.0036));
#4324=CARTESIAN_POINT('',(0.001875,0.00191999999999802,-0.0036));
#4325=CARTESIAN_POINT('',(0.001875,0.00191999999999802,-0.0036));
#4326=CARTESIAN_POINT('',(0.001875,0.00143999999999803,-0.0036));
#4327=CARTESIAN_POINT('',(-0.001875,0.00143999999999803,-0.0036));
#4328=CARTESIAN_POINT('',(0.002125,0.00143999999999803,-0.0036));
#4329=CARTESIAN_POINT('',(0.002125,3.12250225675836E-17,-0.0036));
#4330=CARTESIAN_POINT('',(0.002125,0.00191999999999802,-0.0036));
#4331=CARTESIAN_POINT('',(-0.001875,0.00191999999999802,-0.0036));
#4332=CARTESIAN_POINT('',(-0.001875,0.00191999999999803,-0.0063));
#4333=CARTESIAN_POINT('',(0.,0.00191999999999803,-0.0056));
#4334=CARTESIAN_POINT('',(0.001875,0.00191999999999803,-0.0056));
#4335=CARTESIAN_POINT('',(0.002125,0.00191999999999803,-0.0056));
#4336=CARTESIAN_POINT('',(0.001875,0.00191999999999803,-0.0063));
#4337=CARTESIAN_POINT('',(0.002125,0.00191999999999802,4.62592926926671E-18));
#4338=CARTESIAN_POINT('',(-0.001875,0.00143999999999803,-0.0036));
#4339=CARTESIAN_POINT('',(0.,0.00143999999999804,-0.0056));
#4340=CARTESIAN_POINT('',(0.002125,0.00143999999999804,-0.0056));
#4341=CARTESIAN_POINT('',(0.001875,0.00143999999999804,-0.0056));
#4342=CARTESIAN_POINT('',(0.002125,0.00143999999999801,8.55796914814041E-18));
#4343=CARTESIAN_POINT('',(0.001875,0.00143999999999803,-0.0036));
#4344=CARTESIAN_POINT('',(0.001875,0.,0.));
#4345=CARTESIAN_POINT('',(0.001875,0.,-0.0056));
#4346=CARTESIAN_POINT('',(0.002125,0.,0.));
#4347=CARTESIAN_POINT('',(0.002125,0.,-0.0056));
#4348=CARTESIAN_POINT('',(-0.001875,0.000356682425575916,-0.0063));
#4349=CARTESIAN_POINT('',(0.001875,0.000356682425575916,-0.0063));
#4350=CARTESIAN_POINT('',(0.001875,0.000356682425575917,-0.0063));
#4351=CARTESIAN_POINT('',(0.001875,-3.54576109614171E-7,-0.00655));
#4352=CARTESIAN_POINT('',(-0.001875,-3.54576109613545E-7,-0.00655));
#4353=CARTESIAN_POINT('',(0.002125,-3.54576109614092E-7,-0.00655));
#4354=CARTESIAN_POINT('',(0.002125,0.00307737668110495,-0.00439494937311472));
#4355=CARTESIAN_POINT('',(0.002125,0.000356682425575917,-0.0063));
#4356=CARTESIAN_POINT('',(-0.001875,0.000356682425575859,-0.0063));
#4357=CARTESIAN_POINT('',(-0.001875,0.000395629601346458,-0.0067));
#4358=CARTESIAN_POINT('',(0.0035,0.000550000512238034,-0.0067));
#4359=CARTESIAN_POINT('',(0.002125,0.000550000512238034,-0.0067));
#4360=CARTESIAN_POINT('',(0.001875,0.000550000512238034,-0.0067));
#4361=CARTESIAN_POINT('',(0.002125,5.57609496688478E-18,-0.0067));
#4362=CARTESIAN_POINT('',(0.002125,0.000395629601346458,-0.0067));
#4363=CARTESIAN_POINT('',(-0.001875,0.000395629601346458,-0.0067));
#4364=CARTESIAN_POINT('',(0.001875,0.000395629601346458,-0.0067));
#4365=CARTESIAN_POINT('',(0.001875,0.000395629601346458,-0.0067));
#4366=CARTESIAN_POINT('',(0.002125,0.,0.));
#4367=CARTESIAN_POINT('',(0.002125,0.000550000512238034,-0.00685));
#4368=CARTESIAN_POINT('',(0.002125,0.000550000512238034,-0.0063));
#4369=CARTESIAN_POINT('',(0.002125,0.00143999999999804,-0.0063));
#4370=CARTESIAN_POINT('',(0.002125,0.,-0.00655));
#4371=CARTESIAN_POINT('',(0.002125,-0.000650000000001965,-0.00655));
#4372=CARTESIAN_POINT('',(0.002125,-0.000650000000001967,-2.01351832033632E-19));
#4373=CARTESIAN_POINT('',(0.002125,-0.000650000000001965,-0.0069));
#4374=CARTESIAN_POINT('',(0.002125,0.,-0.0069));
#4375=CARTESIAN_POINT('',(0.002125,0.000109999999998035,-0.0069));
#4376=CARTESIAN_POINT('',(0.002125,0.00327812843382783,-0.00468165258861585));
#4377=CARTESIAN_POINT('',(0.001875,0.,0.));
#4378=CARTESIAN_POINT('',(0.001875,0.000550000512238034,-0.00685));
#4379=CARTESIAN_POINT('',(0.001875,0.000550000512238034,-0.0063));
#4380=CARTESIAN_POINT('',(0.001875,0.000109999999998035,-0.0069));
#4381=CARTESIAN_POINT('',(0.001875,0.000109999999998035,-0.0069));
#4382=CARTESIAN_POINT('',(0.001875,0.00167500051223803,-0.0069));
#4383=CARTESIAN_POINT('',(0.001875,-0.000650000000001965,-0.0069));
#4384=CARTESIAN_POINT('',(0.001875,-0.000650000000001965,-0.00655));
#4385=CARTESIAN_POINT('',(0.001875,-0.000650000000001965,-0.00655));
#4386=CARTESIAN_POINT('',(0.001875,-3.54576109614868E-7,-0.00655));
#4387=CARTESIAN_POINT('',(0.001875,0.00143999999999804,-0.0063));
#4388=CARTESIAN_POINT('',(-0.001875,0.000109999999998035,-0.0069));
#4389=CARTESIAN_POINT('',(-0.001875,0.000109999999997978,-0.0069));
#4390=CARTESIAN_POINT('',(-0.00322,0.00167500051223803,-0.0069));
#4391=CARTESIAN_POINT('',(-0.00322,-0.000650000000001965,-0.0069));
#4392=CARTESIAN_POINT('',(-0.001875,-0.000650000000001965,-0.00655));
#4393=CARTESIAN_POINT('',(-0.001875,-0.000650000000001965,-0.00655));
#4394=CARTESIAN_POINT('',(-0.001875,-3.54576109614868E-7,-0.00655));
#4395=CARTESIAN_POINT('',(-0.0026,-0.010132999487762,-0.00489));
#4396=CARTESIAN_POINT('',(-0.0026,0.00295000051223803,-0.00489));
#4397=CARTESIAN_POINT('',(0.0026,0.00295000051223803,-0.00489));
#4398=CARTESIAN_POINT('',(0.00225,0.00295000051223803,-0.00489));
#4399=CARTESIAN_POINT('',(0.00225,-0.010132999487762,-0.00489));
#4400=CARTESIAN_POINT('',(0.00225,0.00442000051223804,-0.00489));
#4401=CARTESIAN_POINT('',(-0.0026,0.00442000051223803,-0.00489));
#4402=CARTESIAN_POINT('',(0.0026,0.00442000051223804,-0.00489));
#4403=CARTESIAN_POINT('',(0.0026,0.00295000051223803,-0.00489));
#4404=CARTESIAN_POINT('',(0.00225,-0.010132999487762,-0.00522));
#4405=CARTESIAN_POINT('',(0.00225,0.00295000051223803,-0.00522));
#4406=CARTESIAN_POINT('',(0.00225,0.00295000051223803,-0.00522));
#4407=CARTESIAN_POINT('',(0.00225,-0.010132999487762,-0.00522));
#4408=CARTESIAN_POINT('',(0.00225,0.00442000051223804,-0.00522));
#4409=CARTESIAN_POINT('',(0.00225,0.00442000051223802,-0.00522));
#4410=CARTESIAN_POINT('',(-0.00225,-0.010132999487762,-0.00489));
#4411=CARTESIAN_POINT('',(-0.00225,0.00295000051223803,-0.00489));
#4412=CARTESIAN_POINT('',(-0.00225,0.00295000051223803,-0.00522));
#4413=CARTESIAN_POINT('',(-0.00225,0.00295000051223803,-0.00489));
#4414=CARTESIAN_POINT('',(-0.00225,-0.010132999487762,-0.00489));
#4415=CARTESIAN_POINT('',(-0.00225,0.00442000051223803,-0.00489));
#4416=CARTESIAN_POINT('',(-0.00225,0.00442000051223803,-0.00489));
#4417=CARTESIAN_POINT('',(-0.00225,0.00442000051223804,-0.00522));
#4418=CARTESIAN_POINT('',(-0.00225,-0.010132999487762,-0.00522));
#4419=CARTESIAN_POINT('',(-0.0026,-0.010132999487762,-0.00489));
#4420=CARTESIAN_POINT('',(-0.0026,0.00295000051223803,-0.00489));
#4421=CARTESIAN_POINT('',(-0.0026,0.00295000051223803,-0.00489));
#4422=CARTESIAN_POINT('',(-0.0026,-0.010132999487762,-0.00489));
#4423=CARTESIAN_POINT('',(-0.0026,0.00442000051223803,-0.00489));
#4424=CARTESIAN_POINT('',(-0.0026,0.00442000051223803,-0.00489));
#4425=CARTESIAN_POINT('',(0.0035,0.000550000512238034,-0.00685));
#4426=CARTESIAN_POINT('',(0.0035,0.000550000512238034,-0.0063));
#4427=CARTESIAN_POINT('',(-0.0035,0.000550000512238034,-0.0063));
#4428=CARTESIAN_POINT('',(-0.0035,0.000550000512238034,-0.00685));
#4429=CARTESIAN_POINT('',(-0.0035,0.000550000512238034,-0.00685));
#4430=CARTESIAN_POINT('',(0.0035,0.000550000512238034,-0.00685));
#4431=CARTESIAN_POINT('',(0.0035,0.000550000512238034,-0.00685));
#4432=CARTESIAN_POINT('',(0.0035,0.000550000512238034,-0.00685));
#4433=CARTESIAN_POINT('',(0.0035,0.000550000512238034,-0.0063));
#4434=CARTESIAN_POINT('',(0.0035,0.000550000512238034,-0.0063));
#4435=CARTESIAN_POINT('',(0.0035,0.000550000512238034,-0.0063));
#4436=CARTESIAN_POINT('',(0.0035,0.000550000512238034,-0.0063));
#4437=CARTESIAN_POINT('',(0.0035,0.000550000512238034,-0.0063));
#4438=CARTESIAN_POINT('',(0.0035,0.000550000512238034,-0.0063));
#4439=CARTESIAN_POINT('',(0.0035,0.000550000512238034,-0.0063));
#4440=CARTESIAN_POINT('',(0.0035,0.000550000512238034,-0.0063));
#4441=CARTESIAN_POINT('',(0.0035,-4.99994877619654E-5,-0.0063));
#4442=CARTESIAN_POINT('',(0.0035,-4.99994877619654E-5,-0.0063));
#4443=CARTESIAN_POINT('',(-0.0035,-4.99994877619654E-5,-0.0063));
#4444=CARTESIAN_POINT('',(-0.0035,0.000550000512238034,-0.0063));
#4445=CARTESIAN_POINT('',(-0.0008,0.,0.));
#4446=CARTESIAN_POINT('',(-0.0008,0.00373000051223803,-0.00409));
#4447=CARTESIAN_POINT('',(-0.0008,0.00373000051223803,-0.00409));
#4448=CARTESIAN_POINT('',(-0.0008,0.00335000051223804,-0.00362));
#4449=CARTESIAN_POINT('',(-0.0008,0.00373000051223803,-0.00434));
#4450=CARTESIAN_POINT('',(-0.0008,0.00373000051223803,-0.00434));
#4451=CARTESIAN_POINT('',(-0.0008,0.00335000051223803,-0.00434));
#4452=CARTESIAN_POINT('',(-0.0008,0.00335000051223803,-0.00434));
#4453=CARTESIAN_POINT('',(-0.0008,0.00335000051223804,-0.00362));
#4454=CARTESIAN_POINT('',(0.0008,0.,0.));
#4455=CARTESIAN_POINT('',(0.0008,0.00373000051223803,-0.00409));
#4456=CARTESIAN_POINT('',(0.0008,0.00373000051223803,-0.00409));
#4457=CARTESIAN_POINT('',(0.0008,0.00335000051223804,-0.00362));
#4458=CARTESIAN_POINT('',(0.0008,0.00335000051223804,-0.00362));
#4459=CARTESIAN_POINT('',(0.0008,0.00335000051223803,-0.00434));
#4460=CARTESIAN_POINT('',(0.0008,0.00335000051223803,-0.00434));
#4461=CARTESIAN_POINT('',(0.0008,0.00373000051223803,-0.00434));
#4462=CARTESIAN_POINT('',(0.0008,0.00373000051223803,-0.00434));
#4463=CARTESIAN_POINT('',(0.0008,0.00373000051223803,-0.00434));
#4464=CARTESIAN_POINT('',(0.0008,0.00373000051223803,-0.00409));
#4465=CARTESIAN_POINT('',(0.0008,0.00373000051223803,-0.00434));
#4466=CARTESIAN_POINT('',(0.0008,0.00335000051223803,-0.00434));
#4467=CARTESIAN_POINT('',(0.0008,0.00335000051223804,-0.00434));
#4468=CARTESIAN_POINT('',(0.0008,0.00373000051223803,-0.00409));
#4469=CARTESIAN_POINT('',(0.0008,0.00335000051223804,-0.00362));
#4470=CARTESIAN_POINT('',(-0.0019,0.00442000051223803,-0.00522));
#4471=CARTESIAN_POINT('',(-0.0026,0.00442000051223803,-0.00522));
#4472=CARTESIAN_POINT('',(-0.0026,0.00442000051223803,-0.00234));
#4473=CARTESIAN_POINT('',(-0.0019,0.00442000051223803,-0.00234));
#4474=CARTESIAN_POINT('',(-0.0019,0.00442000051223803,-0.00234));
#4475=CARTESIAN_POINT('',(-0.0019,0.00442000051223803,-0.00522));
#4476=CARTESIAN_POINT('',(-0.0019,0.00442000051223803,-0.00522));
#4477=CARTESIAN_POINT('',(-0.0019,0.00442000051223803,-0.00522));
#4478=CARTESIAN_POINT('',(-0.0019,0.00335000051223803,-0.00522));
#4479=CARTESIAN_POINT('',(-0.0019,0.00335000051223803,-0.00234));
#4480=CARTESIAN_POINT('',(-0.0019,0.00335000051223803,-0.00234));
#4481=CARTESIAN_POINT('',(-0.0019,0.00335000051223803,-0.00522));
#4482=CARTESIAN_POINT('',(-0.0019,0.00335000051223803,-0.00522));
#4483=CARTESIAN_POINT('',(-0.0019,0.00335000051223803,-0.00522));
#4484=CARTESIAN_POINT('',(0.0019,0.00335000051223803,-0.00522));
#4485=CARTESIAN_POINT('',(0.0019,0.00335000051223803,-0.00234));
#4486=CARTESIAN_POINT('',(0.0019,0.00335000051223803,-0.00234));
#4487=CARTESIAN_POINT('',(0.0019,0.00335000051223803,-0.00522));
#4488=CARTESIAN_POINT('',(0.0019,0.00335000051223803,-0.00522));
#4489=CARTESIAN_POINT('',(0.0019,0.00335000051223803,-0.00522));
#4490=CARTESIAN_POINT('',(0.0019,0.00442000051223803,-0.00522));
#4491=CARTESIAN_POINT('',(0.0019,0.00442000051223803,-0.00234));
#4492=CARTESIAN_POINT('',(0.0019,0.00442000051223803,-0.00234));
#4493=CARTESIAN_POINT('',(0.0019,0.00442000051223802,-0.00522));
#4494=CARTESIAN_POINT('',(0.0019,0.00442000051223803,-0.00522));
#4495=CARTESIAN_POINT('',(0.0019,0.00442000051223803,-0.00522));
#4496=CARTESIAN_POINT('',(-0.0019,0.00442000051223803,-0.00522));
#4497=CARTESIAN_POINT('',(-0.0019,0.00442000051223803,-0.00522));
#4498=CARTESIAN_POINT('',(0.0019,0.00442000051223802,-0.00234000000000004));
#4499=CARTESIAN_POINT('',(0.0026,0.00442000051223803,-0.00234));
#4500=CARTESIAN_POINT('',(0.0026,0.00442000051223802,-0.00522));
#4501=CARTESIAN_POINT('',(-0.0026,0.00442000051223803,-0.00522));
#4502=CARTESIAN_POINT('',(-0.0026,0.00295000051223803,-0.00522));
#4503=CARTESIAN_POINT('',(-0.0026,0.00295000051223803,-0.00234));
#4504=CARTESIAN_POINT('',(-0.0026,0.00442000051223803,-0.00234));
#4505=CARTESIAN_POINT('',(0.0019,-0.000316999487761966,-0.00234000000000004));
#4506=CARTESIAN_POINT('',(0.0019,0.00262000051223803,-0.00234000000000004));
#4507=CARTESIAN_POINT('',(-0.0019,0.00262000051223803,-0.00234000000000004));
#4508=CARTESIAN_POINT('',(0.0019,0.00262000051223803,-0.00234000000000004));
#4509=CARTESIAN_POINT('',(0.0019,0.00442000051223803,-0.00234000000000004));
#4510=CARTESIAN_POINT('',(0.0019,0.00295000051223803,-0.00234));
#4511=CARTESIAN_POINT('',(-0.0026,0.00295000051223803,-0.00234));
#4512=CARTESIAN_POINT('',(0.0026,0.00295000051223803,-0.00234));
#4513=CARTESIAN_POINT('',(0.0026,0.00295000051223803,-0.00234));
#4514=CARTESIAN_POINT('',(-0.0026,0.00295000051223803,-0.00234));
#4515=CARTESIAN_POINT('',(-0.0019,0.00295000051223803,-0.00234));
#4516=CARTESIAN_POINT('',(-0.0019,-0.000316999487761964,-0.00234000000000004));
#4517=CARTESIAN_POINT('',(0.0019,0.00442000051223803,-0.00522));
#4518=CARTESIAN_POINT('',(0.0019,0.00262000051223803,-0.00522));
#4519=CARTESIAN_POINT('',(0.0019,0.00262000051223803,-0.00149000000000003));
#4520=CARTESIAN_POINT('',(0.0019,0.00442000051223803,-0.00149));
#4521=CARTESIAN_POINT('',(0.0019,0.00295000051223803,-0.00149000000000003));
#4522=CARTESIAN_POINT('',(0.0019,0.00295000051223803,-0.00522));
#4523=CARTESIAN_POINT('',(-0.0019,0.00335000051223803,-0.00522));
#4524=CARTESIAN_POINT('',(-0.0019,0.00262000051223803,-0.00522));
#4525=CARTESIAN_POINT('',(-0.0019,0.00262000051223803,-0.00149000000000003));
#4526=CARTESIAN_POINT('',(-0.0019,0.00295000051223803,-0.00522));
#4527=CARTESIAN_POINT('',(-0.0019,0.00295000051223803,-0.00149000000000003));
#4528=CARTESIAN_POINT('',(-0.0019,7.70087524382228E-19,-0.00149));
#4529=CARTESIAN_POINT('',(-0.002135,0.,0.));
#4530=CARTESIAN_POINT('',(-0.002135,0.000550000512238033,-0.00260000000000004));
#4531=CARTESIAN_POINT('',(-0.002135,0.000550000512238033,-0.00260000000000004));
#4532=CARTESIAN_POINT('',(-0.002135,0.000280000512238035,-0.00260000000000004));
#4533=CARTESIAN_POINT('',(-0.002135,0.000550000512238034,-0.00685));
#4534=CARTESIAN_POINT('',(-0.002135,0.000550000512238034,-0.0056));
#4535=CARTESIAN_POINT('',(-0.002135,0.000280000512238033,-0.0056));
#4536=CARTESIAN_POINT('',(-0.002135,0.000280000512238035,-0.0056));
#4537=CARTESIAN_POINT('',(-0.002135,0.000280000512238033,-0.00260000000000004));
#4538=CARTESIAN_POINT('',(0.002135,0.,0.));
#4539=CARTESIAN_POINT('',(0.002135,0.000550000512238033,-0.00260000000000004));
#4540=CARTESIAN_POINT('',(0.002135,0.000550000512238033,-0.00260000000000004));
#4541=CARTESIAN_POINT('',(0.002135,0.000280000512238033,-0.00260000000000004));
#4542=CARTESIAN_POINT('',(0.002135,0.000280000512238033,-0.00260000000000004));
#4543=CARTESIAN_POINT('',(0.002135,0.000280000512238035,-0.0056));
#4544=CARTESIAN_POINT('',(0.002135,0.000280000512238033,-0.0056));
#4545=CARTESIAN_POINT('',(0.002135,0.000550000512238034,-0.0056));
#4546=CARTESIAN_POINT('',(0.002135,0.000550000512238031,2.16840636449693E-19));
#4547=CARTESIAN_POINT('',(0.0035,0.000550000512238034,-0.00685));
#4548=CARTESIAN_POINT('',(0.002135,0.000550000512238032,-0.00260000000000004));
#4549=CARTESIAN_POINT('',(0.0035,0.000550000512238034,-0.0056));
#4550=CARTESIAN_POINT('',(0.002135,0.000550000512238033,-0.00260000000000004));
#4551=CARTESIAN_POINT('',(0.002135,0.000280000512238033,-0.00260000000000004));
#4552=CARTESIAN_POINT('',(-0.0026,-0.010132999487762,-0.00489));
#4553=CARTESIAN_POINT('',(0.002725,0.000280000512238034,-0.00489));
#4554=CARTESIAN_POINT('',(0.002725,0.00202000051223803,-0.00489));
#4555=CARTESIAN_POINT('',(0.002725,0.00262000051223803,-0.00489));
#4556=CARTESIAN_POINT('',(-0.003075,0.00202000051223803,-0.00489));
#4557=CARTESIAN_POINT('',(0.003075,0.00202000051223803,-0.00489));
#4558=CARTESIAN_POINT('',(0.003075,0.00202000051223803,-0.00489));
#4559=CARTESIAN_POINT('',(0.003075,0.00262000051223803,-0.00489));
#4560=CARTESIAN_POINT('',(0.003075,0.00262000051223803,-0.00489));
#4561=CARTESIAN_POINT('',(-0.0026,-0.010132999487762,-0.00489));
#4562=CARTESIAN_POINT('',(-0.003075,0.00262000051223803,-0.00489));
#4563=CARTESIAN_POINT('',(-0.003075,0.00202000051223803,-0.00489));
#4564=CARTESIAN_POINT('',(-0.003075,0.00262000051223803,-0.00489));
#4565=CARTESIAN_POINT('',(-0.003075,0.00202000051223803,-0.00489));
#4566=CARTESIAN_POINT('',(-0.002725,0.00202000051223803,-0.00489));
#4567=CARTESIAN_POINT('',(-0.002725,0.00202000051223803,-0.00489));
#4568=CARTESIAN_POINT('',(-0.002725,0.00262000051223803,-0.00489));
#4569=CARTESIAN_POINT('',(0.003075,0.00262000051223803,-0.00489));
#4570=CARTESIAN_POINT('',(0.003075,0.00202000051223803,-0.0056));
#4571=CARTESIAN_POINT('',(0.003075,0.00262000051223803,-0.0056));
#4572=CARTESIAN_POINT('',(0.003075,0.00262000051223803,-0.00149));
#4573=CARTESIAN_POINT('',(0.003075,0.00202000051223803,-0.0056));
#4574=CARTESIAN_POINT('',(0.003075,0.00202000051223803,-0.00149000000000003));
#4575=CARTESIAN_POINT('',(0.003075,0.00202000051223803,-0.00149000000000003));
#4576=CARTESIAN_POINT('',(-0.003075,0.00202000051223803,-0.0056));
#4577=CARTESIAN_POINT('',(0.002725,0.00202000051223803,-0.0056));
#4578=CARTESIAN_POINT('',(0.002725,0.00202000051223803,-0.00149000000000004));
#4579=CARTESIAN_POINT('',(-0.003075,0.00202000051223803,-0.00149));
#4580=CARTESIAN_POINT('',(0.002725,0.000280000512238034,-0.0056));
#4581=CARTESIAN_POINT('',(0.002725,0.000280000512238034,-0.00149000000000004));
#4582=CARTESIAN_POINT('',(0.002725,0.000280000512238035,-0.00149));
#4583=CARTESIAN_POINT('',(0.002725,0.00262000051223803,-0.00489));
#4584=CARTESIAN_POINT('',(0.002725,0.00262000051223803,-0.0056));
#4585=CARTESIAN_POINT('',(0.002725,0.000280000512238034,-0.0056));
#4586=CARTESIAN_POINT('',(0.002725,0.000280000512238035,-0.0056));
#4587=CARTESIAN_POINT('',(0.002725,0.000280000512238035,-0.0056));
#4588=CARTESIAN_POINT('',(-0.002725,0.000280000512238035,-0.0056));
#4589=CARTESIAN_POINT('',(-0.002725,0.000280000512238035,-0.0056));
#4590=CARTESIAN_POINT('',(-0.002725,0.000280000512238034,-0.0056));
#4591=CARTESIAN_POINT('',(-0.002725,0.000280000512238034,-0.0056));
#4592=CARTESIAN_POINT('',(-0.002725,0.000280000512238034,-0.00149));
#4593=CARTESIAN_POINT('',(-0.002725,0.000280000512238035,-0.00149));
#4594=CARTESIAN_POINT('',(-0.002725,0.000280000512238035,-0.0056));
#4595=CARTESIAN_POINT('',(-0.002725,0.00202000051223803,-0.0056));
#4596=CARTESIAN_POINT('',(-0.002725,0.00202000051223803,-0.00149));
#4597=CARTESIAN_POINT('',(-0.002725,0.00202000051223803,-0.00149));
#4598=CARTESIAN_POINT('',(-0.002725,0.00202000051223803,-0.0056));
#4599=CARTESIAN_POINT('',(-0.002725,0.00262000051223803,-0.0056));
#4600=CARTESIAN_POINT('',(-0.002725,0.00262000051223803,-0.00489));
#4601=CARTESIAN_POINT('',(-0.002725,0.00202000051223803,-0.0056));
#4602=CARTESIAN_POINT('',(-0.003075,0.00202000051223803,-0.0056));
#4603=CARTESIAN_POINT('',(-0.003075,0.00202000051223803,-0.0056));
#4604=CARTESIAN_POINT('',(-0.003075,0.00202000051223803,-0.00149));
#4605=CARTESIAN_POINT('',(-0.003075,0.00202000051223803,-0.00149));
#4606=CARTESIAN_POINT('',(-0.003075,0.00262000051223803,-0.0056));
#4607=CARTESIAN_POINT('',(-0.003075,0.00262000051223803,-0.0056));
#4608=CARTESIAN_POINT('',(-0.003075,0.00262000051223803,-0.00149));
#4609=CARTESIAN_POINT('',(-0.003075,0.00262000051223803,-0.00149));
#4610=CARTESIAN_POINT('',(0.,0.,-0.00149));
#4611=CARTESIAN_POINT('',(0.003075,0.00262000051223803,-0.00149));
#4612=CARTESIAN_POINT('',(0.003075,0.00262000051223803,-0.00149));
#4613=CARTESIAN_POINT('',(0.0035,0.00295000051223803,-0.00149));
#4614=CARTESIAN_POINT('',(-0.0035,0.00295000051223803,-0.00149));
#4615=CARTESIAN_POINT('',(-0.0035,0.00295000051223803,-0.00149));
#4616=CARTESIAN_POINT('',(-0.0035,-4.99994877619656E-5,-0.00149));
#4617=CARTESIAN_POINT('',(-0.0035,-4.99994877619656E-5,-0.00149));
#4618=CARTESIAN_POINT('',(0.0035,-4.99994877619656E-5,-0.00149));
#4619=CARTESIAN_POINT('',(0.0035,-4.99994877619656E-5,-0.00149));
#4620=CARTESIAN_POINT('',(0.0035,0.00295000051223803,-0.00149));
#4621=CARTESIAN_POINT('',(0.0035,0.00295000051223803,-0.00149));
#4622=CARTESIAN_POINT('',(0.0035,-4.99994877619656E-5,-0.00685));
#4623=CARTESIAN_POINT('',(0.0035,0.00295000051223803,-0.0066));
#4624=CARTESIAN_POINT('',(0.0035,0.00295000051223803,-0.0066));
#4625=CARTESIAN_POINT('',(0.0035,0.00295000051223803,-0.00685));
#4626=CARTESIAN_POINT('',(0.0035,-4.99994877619656E-5,-0.00685));
#4627=CARTESIAN_POINT('',(0.0035,-4.99994877619656E-5,-0.00685));
#4628=CARTESIAN_POINT('',(-0.0035,-4.99994877619656E-5,-0.00685));
#4629=CARTESIAN_POINT('',(-0.0035,-4.99994877619656E-5,-0.00685));
#4630=CARTESIAN_POINT('',(0.,0.,-0.0056));
#4631=CARTESIAN_POINT('',(0.003075,0.00262000051223803,-0.0056));
#4632=CARTESIAN_POINT('',(0.003075,0.00262000051223803,-0.0056));
#4633=CARTESIAN_POINT('',(0.,0.,-0.00522));
#4634=CARTESIAN_POINT('',(-0.0026,0.00295000051223803,-0.00522));
#4635=CARTESIAN_POINT('',(0.0026,0.00295000051223803,-0.00522));
#4636=CARTESIAN_POINT('',(0.0026,0.00295000051223803,-0.00522));
#4637=CARTESIAN_POINT('',(0.,0.,-0.00685));
#4638=CARTESIAN_POINT('',(-0.0035,0.00295000051223803,-0.00685));
#4639=CARTESIAN_POINT('',(0.0035,0.00295000051223803,-0.00685));
#4640=CARTESIAN_POINT('',(0.0035,0.00295000051223803,-0.00685));
#4641=CARTESIAN_POINT('',(0.0026,0.00295000051223803,-0.0066));
#4642=CARTESIAN_POINT('',(-0.0035,0.00295000051223803,-0.0066));
#4643=CARTESIAN_POINT('',(-0.0035,0.00295000051223803,-0.0066));
#4644=CARTESIAN_POINT('',(-0.0035,0.00295000051223803,-0.00685));
#4645=CARTESIAN_POINT('',(-0.0035,0.00295000051223803,-0.00685));
#4646=CARTESIAN_POINT('',(-0.0035,0.00129000051223803,-0.0066));
#4647=CARTESIAN_POINT('',(0.,0.,-0.0066));
#4648=CARTESIAN_POINT('',(0.,0.,-0.0066));
#4649=MECHANICAL_DESIGN_GEOMETRIC_PRESENTATION_REPRESENTATION('',(#2665,
#2454,#2455,#2456,#2457,#2458,#2459,#2460,#2461,#2462,#2463,#2464,#2465,
#2466,#2467,#2468,#2469,#2470,#2471,#2472,#2473,#2474,#2475,#2476,#2477,
#2478,#2479,#2480,#2481,#2482,#2483,#2484,#2485,#2486,#2487,#2488,#2489,
#2490,#2491,#2492,#2493,#2494,#2495,#2496,#2497,#2498,#2499,#2500,#2501,
#2502,#2503,#2504,#2505,#2506,#2507,#2508,#2509,#2510,#2511,#2512,#2513,
#2514,#2515,#2516,#2517,#2518,#2519,#2520,#2521,#2522,#2523,#2524,#2525,
#2526,#2527,#2528,#2529,#2530,#2531,#2532,#2533),#4650);
#4650=(
GEOMETRIC_REPRESENTATION_CONTEXT(3)
GLOBAL_UNCERTAINTY_ASSIGNED_CONTEXT((#4651))
GLOBAL_UNIT_ASSIGNED_CONTEXT((#4654,#4653,#4652))
REPRESENTATION_CONTEXT('5019400507wbm000_01','TOP_LEVEL_ASSEMBLY_PART')
);
#4651=UNCERTAINTY_MEASURE_WITH_UNIT(LENGTH_MEASURE(1.E-6),#4654,
'DISTANCE_ACCURACY_VALUE','Maximum Tolerance applied to model');
#4652=(
NAMED_UNIT(*)
SI_UNIT($,.STERADIAN.)
SOLID_ANGLE_UNIT()
);
#4653=(
NAMED_UNIT(*)
PLANE_ANGLE_UNIT()
SI_UNIT($,.RADIAN.)
);
#4654=(
LENGTH_UNIT()
NAMED_UNIT(*)
SI_UNIT($,.METRE.)
);
#4655=PRODUCT_DEFINITION_SHAPE('','',#4656);
#4656=PRODUCT_DEFINITION('','',#4658,#4657);
#4657=PRODUCT_DEFINITION_CONTEXT('',#4664,'design');
#4658=PRODUCT_DEFINITION_FORMATION_WITH_SPECIFIED_SOURCE('','',#4660,
 .NOT_KNOWN.);
#4659=PRODUCT_RELATED_PRODUCT_CATEGORY('','',(#4660));
#4660=PRODUCT('5019400507wbm000_01','5019400507wbm000_01',
'5019400507wbm000_01',(#4662));
#4661=PRODUCT_CATEGORY('','');
#4662=PRODUCT_CONTEXT('',#4664,'mechanical');
#4663=APPLICATION_PROTOCOL_DEFINITION('international standard',
'ap242_managed_model_based_3d_engineering',2011,#4664);
#4664=APPLICATION_CONTEXT('managed model based 3d engineering');
ENDSEC;
END-ISO-10303-21;
