ISO-10303-21;
HEADER;
FILE_DESCRIPTION (( 'STEP AP214' ),
    '1' );
FILE_NAME ('5730-SMD-LED-CAD.STEP',
    '2022-11-29T20:54:07',
    ( '' ),
    ( '' ),
    'SwSTEP 2.0',
    'SolidWorks 2020',
    '' );
FILE_SCHEMA (( 'AUTOMOTIVE_DESIGN' ));
ENDSEC;

DATA;
#1 = VERTEX_POINT ( 'NONE', #2198 ) ;
#2 = FACE_OUTER_BOUND ( 'NONE', #1756, .T. ) ;
#3 = CARTESIAN_POINT ( 'NONE',  ( -0.9792893218813459866, 0.5328204516780403743, -2.674999999999999822 ) ) ;
#4 = SURFACE_STYLE_USAGE ( .BOTH. , #2263 ) ;
#5 = DIRECTION ( 'NONE',  ( 0.000000000000000000, -0.1736481776669291932, -0.9848077530122083534 ) ) ;
#6 = VECTOR ( 'NONE', #294, 1000.000000000000000 ) ;
#7 = EDGE_CURVE ( 'NONE', #323, #569, #680, .T. ) ;
#8 = CARTESIAN_POINT ( 'NONE',  ( -1.050000000000000044, -3.478915224864504552, 2.100000000000000089 ) ) ;
#9 = VECTOR ( 'NONE', #2272, 1000.000000000000000 ) ;
#10 = DIRECTION ( 'NONE',  ( -1.535153518563546577E-16, 0.000000000000000000, -1.000000000000000000 ) ) ;
#11 = EDGE_CURVE ( 'NONE', #735, #89, #2409, .T. ) ;
#12 = ORIENTED_EDGE ( 'NONE', *, *, #2055, .T. ) ;
#13 = AXIS2_PLACEMENT_3D ( 'NONE', #847, #1493, #893 ) ;
#14 = LINE ( 'NONE', #1224, #2423 ) ;
#15 = CIRCLE ( 'NONE', #654, 0.05000000000000005135 ) ;
#16 = DIRECTION ( 'NONE',  ( 1.000000000000000000, -0.000000000000000000, -0.000000000000000000 ) ) ;
#17 = FACE_OUTER_BOUND ( 'NONE', #1570, .T. ) ;
#18 = AXIS2_PLACEMENT_3D ( 'NONE', #1788, #377, #2408 ) ;
#19 = CARTESIAN_POINT ( 'NONE',  ( -1.410543628299695706, 0.5273322944728935369, -2.255392916798065972 ) ) ;
#20 = CARTESIAN_POINT ( 'NONE',  ( -1.050000000000000266, -8.673617379884035472E-16, -2.850000000000000089 ) ) ;
#21 = LINE ( 'NONE', #1029, #530 ) ;
#22 = ADVANCED_FACE ( 'NONE', ( #378 ), #1789, .T. ) ;
#23 = ADVANCED_FACE ( 'NONE', ( #1979 ), #142, .T. ) ;
#24 = CARTESIAN_POINT ( 'NONE',  ( 1.485244533503186082, 0.1036824088833469548, 2.650385665297144477 ) ) ;
#25 = ORIENTED_EDGE ( 'NONE', *, *, #1442, .T. ) ;
#26 = DIRECTION ( 'NONE',  ( -0.08378362432455002673, -0.4751605454135081619, -0.8759011133554861495 ) ) ;
#27 = CARTESIAN_POINT ( 'NONE',  ( 1.440412320370287214, 0.06999999999999999278, 2.775000000000000355 ) ) ;
#28 = CARTESIAN_POINT ( 'NONE',  ( -1.050000000000000266, -2.983747659175119082, 2.675000000000000711 ) ) ;
#29 = CARTESIAN_POINT ( 'NONE',  ( 0.8999999999999971356, 0.7500000000000000000, -2.315000000000000391 ) ) ;
#30 = CARTESIAN_POINT ( 'NONE',  ( -1.049999999999999600, 0.1200000000000000094, -3.035766082959413894E-16 ) ) ;
#31 = CARTESIAN_POINT ( 'NONE',  ( 1.327563052716870473, 0.7099999999999999645, -2.624999999999999556 ) ) ;
#32 = AXIS2_PLACEMENT_3D ( 'NONE', #1742, #2317, #463 ) ;
#33 = EDGE_LOOP ( 'NONE', ( #2370, #728, #1387, #252 ) ) ;
#34 = EDGE_LOOP ( 'NONE', ( #1125, #758, #679, #762 ) ) ;
#35 =( NAMED_UNIT ( * ) PLANE_ANGLE_UNIT ( ) SI_UNIT ( $, .RADIAN. ) );
#36 = PRODUCT ( '5730-SMD-LED-CAD', '5730-SMD-LED-CAD', '', ( #2103 ) ) ;
#37 = LINE ( 'NONE', #1080, #1333 ) ;
#38 = CARTESIAN_POINT ( 'NONE',  ( -1.388289839848271701, 0.5661113678114761960, -2.286710160151727678 ) ) ;
#39 = CARTESIAN_POINT ( 'NONE',  ( -1.389729785226130110, 0.5620281997901305227, -2.285270214773869490 ) ) ;
#40 = COLOUR_RGB ( '',0.5019607843137254832, 0.5019607843137254832, 0.5019607843137254832 ) ;
#41 = DIRECTION ( 'NONE',  ( -1.000000000000000000, 0.000000000000000000, -2.065146995210484695E-16 ) ) ;
#42 =( NAMED_UNIT ( * ) PLANE_ANGLE_UNIT ( ) SI_UNIT ( $, .RADIAN. ) );
#43 = EDGE_LOOP ( 'NONE', ( #2547, #269, #1747, #326 ) ) ;
#44 = AXIS2_PLACEMENT_3D ( 'NONE', #1957, #318, #765 ) ;
#45 = AXIS2_PLACEMENT_3D ( 'NONE', #994, #1047, #2013 ) ;
#46 = ORIENTED_EDGE ( 'NONE', *, *, #67, .T. ) ;
#47 = EDGE_CURVE ( 'NONE', #2587, #1608, #960, .T. ) ;
#48 = CARTESIAN_POINT ( 'NONE',  ( 1.449228669405710379, 0.02000000000000000042, 2.825000000000000622 ) ) ;
#49 = EDGE_CURVE ( 'NONE', #2095, #323, #1176, .T. ) ;
#50 = CIRCLE ( 'NONE', #2511, 0.05000000000000012768 ) ;
#51 = SURFACE_STYLE_USAGE ( .BOTH. , #894 ) ;
#52 = EDGE_CURVE ( 'NONE', #932, #324, #1761, .T. ) ;
#53 = EDGE_CURVE ( 'NONE', #2617, #2588, #2628, .T. ) ;
#54 = VECTOR ( 'NONE', #1325, 1000.000000000000000 ) ;
#55 = FACE_OUTER_BOUND ( 'NONE', #484, .T. ) ;
#56 = LINE ( 'NONE', #465, #1770 ) ;
#57 = ORIENTED_EDGE ( 'NONE', *, *, #454, .F. ) ;
#58 = VECTOR ( 'NONE', #1073, 1000.000000000000000 ) ;
#59 = CARTESIAN_POINT ( 'NONE',  ( -0.9646446609406728045, 0.7099999999999999645, -2.639644660940672072 ) ) ;
#60 = ORIENTED_EDGE ( 'NONE', *, *, #2246, .T. ) ;
#61 = PRESENTATION_LAYER_ASSIGNMENT (  '', '', ( #2119 ) ) ;
#62 = ORIENTED_EDGE ( 'NONE', *, *, #1383, .F. ) ;
#63 = PLANE ( 'NONE',  #118 ) ;
#64 = DIRECTION ( 'NONE',  ( -0.000000000000000000, 1.000000000000000000, -0.000000000000000000 ) ) ;
#65 =( BOUNDED_CURVE ( )  B_SPLINE_CURVE ( 3, ( #2063, #1045, #1393, #191 ),
 .UNSPECIFIED., .F., .T. ) 
 B_SPLINE_CURVE_WITH_KNOTS ( ( 4, 4 ),
 ( 3.141592653589793116, 4.712388980384685233 ),
 .UNSPECIFIED. ) 
 CURVE ( )  GEOMETRIC_REPRESENTATION_ITEM ( )  RATIONAL_B_SPLINE_CURVE ( ( 1.000000000000000000, 0.8047378541243661587, 0.8047378541243661587, 1.000000000000000000 ) ) 
 REPRESENTATION_ITEM ( '' )  );
#66 = CARTESIAN_POINT ( 'NONE',  ( -1.402174888439554845, 0.5747937766948224558, -2.251354821092400371 ) ) ;
#67 = EDGE_CURVE ( 'NONE', #1605, #255, #1410, .T. ) ;
#68 = COLOUR_RGB ( '',0.5019607843137254832, 0.5019607843137254832, 0.5019607843137254832 ) ;
#69 = LINE ( 'NONE', #870, #1078 ) ;
#70 = ORIENTED_EDGE ( 'NONE', *, *, #1674, .F. ) ;
#71 = ADVANCED_FACE ( 'NONE', ( #2237 ), #599, .F. ) ;
#72 = LINE ( 'NONE', #933, #1482 ) ;
#73 = ORIENTED_EDGE ( 'NONE', *, *, #169, .T. ) ;
#74 = VERTEX_POINT ( 'NONE', #1755 ) ;
#75 = VECTOR ( 'NONE', #2262, 1000.000000000000000 ) ;
#76 = DIRECTION ( 'NONE',  ( -2.891205793294679312E-16, 0.000000000000000000, 1.000000000000000000 ) ) ;
#77 = ORIENTED_EDGE ( 'NONE', *, *, #2240, .F. ) ;
#78 = DIRECTION ( 'NONE',  ( 0.000000000000000000, 0.000000000000000000, -1.000000000000000000 ) ) ;
#79 = FILL_AREA_STYLE ('',( #285 ) ) ;
#80 = FILL_AREA_STYLE_COLOUR ( '', #1911 ) ;
#81 = SPHERICAL_SURFACE ( 'NONE', #832, 0.05000000000000000278 ) ;
#82 = ORIENTED_EDGE ( 'NONE', *, *, #472, .F. ) ;
#83 = EDGE_CURVE ( 'NONE', #443, #2345, #739, .T. ) ;
#84 = ORIENTED_EDGE ( 'NONE', *, *, #140, .T. ) ;
#85 = ADVANCED_FACE ( 'NONE', ( #2378 ), #2610, .T. ) ;
#86 = ORIENTED_EDGE ( 'NONE', *, *, #2211, .F. ) ;
#87 = AXIS2_PLACEMENT_3D ( 'NONE', #1591, #1006, #1607 ) ;
#88 = AXIS2_PLACEMENT_3D ( 'NONE', #1155, #122, #355 ) ;
#89 = VERTEX_POINT ( 'NONE', #2360 ) ;
#90 = DIRECTION ( 'NONE',  ( 1.000000000000000000, 0.000000000000000000, -1.151365138922663261E-16 ) ) ;
#91 = UNCERTAINTY_MEASURE_WITH_UNIT (LENGTH_MEASURE( 1.000000000000000082E-05 ), #2139, 'distance_accuracy_value', 'NONE');
#92 = AXIS2_PLACEMENT_3D ( 'NONE', #259, #878, #2539 ) ;
#93 = DIRECTION ( 'NONE',  ( 0.000000000000000000, 1.000000000000000000, 0.000000000000000000 ) ) ;
#94 = LINE ( 'NONE', #1070, #54 ) ;
#95 = CIRCLE ( 'NONE', #2159, 0.05000000000000006523 ) ;
#96 = ORIENTED_EDGE ( 'NONE', *, *, #2616, .T. ) ;
#97 = FACE_OUTER_BOUND ( 'NONE', #1169, .T. ) ;
#98 = LINE ( 'NONE', #689, #1600 ) ;
#99 = AXIS2_PLACEMENT_3D ( 'NONE', #2256, #2376, #2035 ) ;
#100 = AXIS2_PLACEMENT_3D ( 'NONE', #1103, #1965, #2152 ) ;
#101 = ORIENTED_EDGE ( 'NONE', *, *, #507, .T. ) ;
#102 = ORIENTED_EDGE ( 'NONE', *, *, #328, .T. ) ;
#103 = CARTESIAN_POINT ( 'NONE',  ( 0.000000000000000000, 0.000000000000000000, 0.000000000000000000 ) ) ;
#104 = DIRECTION ( 'NONE',  ( 0.1736481776669277777, -0.9848077530122085754, -0.000000000000000000 ) ) ;
#105 = EDGE_CURVE ( 'NONE', #1136, #1464, #781, .T. ) ;
#106 = ORIENTED_EDGE ( 'NONE', *, *, #1362, .T. ) ;
#107 = FACE_OUTER_BOUND ( 'NONE', #1907, .T. ) ;
#108 = DIRECTION ( 'NONE',  ( -0.7071067811865475727, 0.000000000000000000, 0.7071067811865475727 ) ) ;
#109 = DIRECTION ( 'NONE',  ( -1.000000000000000000, 0.000000000000000000, 1.301042606982601692E-14 ) ) ;
#110 = CARTESIAN_POINT ( 'NONE',  ( -1.416618749110619024, 0.4928785722659236312, -2.297216359124117702 ) ) ;
#111 = ORIENTED_EDGE ( 'NONE', *, *, #1674, .T. ) ;
#112 = LINE ( 'NONE', #2321, #1001 ) ;
#113 = ORIENTED_EDGE ( 'NONE', *, *, #1509, .T. ) ;
#114 = ORIENTED_EDGE ( 'NONE', *, *, #2467, .F. ) ;
#115 = DIRECTION ( 'NONE',  ( 0.000000000000000000, 0.000000000000000000, -1.000000000000000000 ) ) ;
#116 = LINE ( 'NONE', #2577, #1503 ) ;
#117 = ORIENTED_EDGE ( 'NONE', *, *, #2081, .F. ) ;
#118 = AXIS2_PLACEMENT_3D ( 'NONE', #656, #2314, #2330 ) ;
#119 = DIRECTION ( 'NONE',  ( -0.000000000000000000, 1.000000000000000000, -0.000000000000000000 ) ) ;
#120 = AXIS2_PLACEMENT_3D ( 'NONE', #937, #1372, #1529 ) ;
#121 = UNCERTAINTY_MEASURE_WITH_UNIT (LENGTH_MEASURE( 1.000000000000000082E-05 ), #1741, 'distance_accuracy_value', 'NONE');
#122 = DIRECTION ( 'NONE',  ( -0.8961691375117258884, -0.4437126062796612480, 6.253964231938966058E-15 ) ) ;
#123 = LINE ( 'NONE', #1577, #1229 ) ;
#124 = ORIENTED_EDGE ( 'NONE', *, *, #1347, .F. ) ;
#125 = DIRECTION ( 'NONE',  ( -0.1736481776669277777, 0.9848077530122085754, 3.081487911019577365E-33 ) ) ;
#126 = VECTOR ( 'NONE', #1534, 1000.000000000000000 ) ;
#127 = VERTEX_POINT ( 'NONE', #1958 ) ;
#128 = DIRECTION ( 'NONE',  ( -1.000000000000000000, 0.000000000000000000, 0.000000000000000000 ) ) ;
#129 = VERTEX_POINT ( 'NONE', #953 ) ;
#130 = ORIENTED_EDGE ( 'NONE', *, *, #1991, .T. ) ;
#131 = SURFACE_STYLE_FILL_AREA ( #1122 ) ;
#132 = MANIFOLD_SOLID_BREP ( 'Fillet1', #209 ) ;
#133 = EDGE_LOOP ( 'NONE', ( #808, #805, #2126, #1780 ) ) ;
#134 = DIRECTION ( 'NONE',  ( -1.000000000000000000, -2.168404344971012812E-15, 0.000000000000000000 ) ) ;
#135 = DIRECTION ( 'NONE',  ( 0.000000000000000000, -1.000000000000000000, 0.000000000000000000 ) ) ;
#136 = VERTEX_POINT ( 'NONE', #2417 ) ;
#137 = DIRECTION ( 'NONE',  ( -1.535153518563546577E-16, 0.000000000000000000, -1.000000000000000000 ) ) ;
#138 = DIRECTION ( 'NONE',  ( -0.000000000000000000, 0.000000000000000000, 1.000000000000000000 ) ) ;
#139 = PLANE ( 'NONE',  #2474 ) ;
#140 = EDGE_CURVE ( 'NONE', #1359, #1967, #123, .T. ) ;
#141 = ADVANCED_FACE ( 'NONE', ( #554 ), #942, .T. ) ;
#142 = SPHERICAL_SURFACE ( 'NONE', #457, 0.05000000000000000278 ) ;
#143 = VECTOR ( 'NONE', #2364, 1000.000000000000000 ) ;
#144 = ORIENTED_EDGE ( 'NONE', *, *, #2130, .T. ) ;
#145 = ORIENTED_EDGE ( 'NONE', *, *, #2344, .T. ) ;
#146 = CARTESIAN_POINT ( 'NONE',  ( 1.499999999999997780, 0.01999999999999949735, 2.775000000000000355 ) ) ;
#147 = MECHANICAL_DESIGN_GEOMETRIC_PRESENTATION_REPRESENTATION (  '', ( #959 ), #2340 ) ;
#148 = ORIENTED_EDGE ( 'NONE', *, *, #228, .T. ) ;
#149 = SURFACE_STYLE_USAGE ( .BOTH. , #1167 ) ;
#150 = DIRECTION ( 'NONE',  ( 1.301042606982602008E-14, 0.000000000000000000, 1.000000000000000000 ) ) ;
#151 = EDGE_LOOP ( 'NONE', ( #1133, #602, #1528 ) ) ;
#152 = DIRECTION ( 'NONE',  ( -1.000000000000000000, 0.000000000000000000, 1.535153518563551261E-16 ) ) ;
#153 = CYLINDRICAL_SURFACE ( 'NONE', #2248, 0.05000000000000005135 ) ;
#154 = LINE ( 'NONE', #2181, #480 ) ;
#155 = EDGE_CURVE ( 'NONE', #608, #1095, #1182, .T. ) ;
#156 = DIRECTION ( 'NONE',  ( 1.000000000000000000, 0.000000000000000000, 0.000000000000000000 ) ) ;
#157 = EDGE_CURVE ( 'NONE', #1550, #1279, #971, .T. ) ;
#158 = EDGE_LOOP ( 'NONE', ( #124, #2601, #748, #1063 ) ) ;
#159 = CARTESIAN_POINT ( 'NONE',  ( 1.050000000000000044, 0.1199999999999998845, 2.675000000000000711 ) ) ;
#160 = VECTOR ( 'NONE', #584, 1000.000000000000000 ) ;
#161 = ORIENTED_EDGE ( 'NONE', *, *, #826, .F. ) ;
#162 = DIRECTION ( 'NONE',  ( 0.000000000000000000, 0.000000000000000000, -1.000000000000000000 ) ) ;
#163 = CARTESIAN_POINT ( 'NONE',  ( 1.482367301929151449, 0.1200000000000000233, 2.625000000000000444 ) ) ;
#164 = VERTEX_POINT ( 'NONE', #356 ) ;
#165 = FILL_AREA_STYLE_COLOUR ( '', #2285 ) ;
#166 = DIRECTION ( 'NONE',  ( 0.000000000000000000, 0.000000000000000000, -1.000000000000000000 ) ) ;
#167 = VERTEX_POINT ( 'NONE', #2623 ) ;
#168 = DIRECTION ( 'NONE',  ( 0.000000000000000000, 1.000000000000000000, 0.000000000000000000 ) ) ;
#169 = EDGE_CURVE ( 'NONE', #1767, #1605, #1379, .T. ) ;
#170 = DIRECTION ( 'NONE',  ( 0.000000000000000000, -1.000000000000000000, 0.000000000000000000 ) ) ;
#171 = EDGE_CURVE ( 'NONE', #1095, #416, #1999, .T. ) ;
#172 = ORIENTED_EDGE ( 'NONE', *, *, #1156, .T. ) ;
#173 = UNCERTAINTY_MEASURE_WITH_UNIT (LENGTH_MEASURE( 1.000000000000000082E-05 ), #1868, 'distance_accuracy_value', 'NONE');
#174 = CARTESIAN_POINT ( 'NONE',  ( -1.873969645980852583, -2.388825778497316588, -2.624999999999999112 ) ) ;
#175 = AXIS2_PLACEMENT_3D ( 'NONE', #999, #1616, #1028 ) ;
#176 = CYLINDRICAL_SURFACE ( 'NONE', #2282, 0.05000000000000007216 ) ;
#177 = ORIENTED_EDGE ( 'NONE', *, *, #926, .F. ) ;
#178 = LINE ( 'NONE', #1427, #75 ) ;
#179 =( NAMED_UNIT ( * ) PLANE_ANGLE_UNIT ( ) SI_UNIT ( $, .RADIAN. ) );
#180 = CARTESIAN_POINT ( 'NONE',  ( -1.300000000000000266, 0.7500000000000000000, -2.315000000000000391 ) ) ;
#181 = EDGE_LOOP ( 'NONE', ( #939, #70, #1524, #2022 ) ) ;
#182 = LINE ( 'NONE', #1334, #1338 ) ;
#183 = CARTESIAN_POINT ( 'NONE',  ( 1.376803440367481812, 0.7186824088833464463, 2.625000000000000444 ) ) ;
#184 = CARTESIAN_POINT ( 'NONE',  ( 1.500000000000000444, 0.7100000000000000755, -2.624999999999999556 ) ) ;
#185 = EDGE_LOOP ( 'NONE', ( #521, #471, #2573, #883, #1450, #345, #1930, #1890 ) ) ;
#186 =( GEOMETRIC_REPRESENTATION_CONTEXT ( 3 ) GLOBAL_UNCERTAINTY_ASSIGNED_CONTEXT ( ( #711 ) ) GLOBAL_UNIT_ASSIGNED_CONTEXT ( ( #889, #35, #1861 ) ) REPRESENTATION_CONTEXT ( 'NONE', 'WORKASPACE' ) );
#187 = COLOUR_RGB ( '',1.000000000000000000, 1.000000000000000000, 1.000000000000000000 ) ;
#188 = EDGE_CURVE ( 'NONE', #549, #89, #1906, .T. ) ;
#189 = SURFACE_STYLE_USAGE ( .BOTH. , #665 ) ;
#190 = COLOUR_RGB ( '',0.5019607843137254832, 0.5019607843137254832, 0.5019607843137254832 ) ;
#191 = CARTESIAN_POINT ( 'NONE',  ( -1.449228669405710823, 0.02000000000000000042, -2.824999999999999734 ) ) ;
#192 = CARTESIAN_POINT ( 'NONE',  ( -1.014644660940672738, 0.5661113678114761960, -2.660355339059326862 ) ) ;
#193 = CARTESIAN_POINT ( 'NONE',  ( -1.406441204123522359, 0.5505982981195862713, -2.251290483885053373 ) ) ;
#194 = CARTESIAN_POINT ( 'NONE',  ( -1.390807080394496520, 0.5579754755184606063, -2.284896747806639095 ) ) ;
#195 = EDGE_LOOP ( 'NONE', ( #2439, #2247, #795 ) ) ;
#196 = CARTESIAN_POINT ( 'NONE',  ( -1.327563052716870917, 0.7600000000000000089, 2.625000000000000444 ) ) ;
#197 = ORIENTED_EDGE ( 'NONE', *, *, #1872, .T. ) ;
#198 = CARTESIAN_POINT ( 'NONE',  ( -1.000000000000000444, 0.5661113678114761960, -2.674999999999999378 ) ) ;
#199 = ORIENTED_EDGE ( 'NONE', *, *, #712, .F. ) ;
#200 = CARTESIAN_POINT ( 'NONE',  ( 0.7249999999999999778, 0.02000000000000000042, 0.000000000000000000 ) ) ;
#201 = CARTESIAN_POINT ( 'NONE',  ( 1.050000000000000044, 0.1200000000000000094, 2.775000000000000355 ) ) ;
#202 = CARTESIAN_POINT ( 'NONE',  ( 0.000000000000000000, 0.1699999999999999845, 0.000000000000000000 ) ) ;
#203 = ADVANCED_FACE ( 'NONE', ( #2636 ), #968, .F. ) ;
#204 = CARTESIAN_POINT ( 'NONE',  ( 1.499999999999999556, 0.02000000000000000042, -2.774999999999999467 ) ) ;
#205 = VECTOR ( 'NONE', #1731, 1000.000000000000000 ) ;
#206 = AXIS2_PLACEMENT_3D ( 'NONE', #1765, #1950, #1346 ) ;
#207 = DIRECTION ( 'NONE',  ( -0.9848077530122084644, -0.1736481776669284438, 0.000000000000000000 ) ) ;
#208 = CARTESIAN_POINT ( 'NONE',  ( -1.440412320370286325, 0.1200000000000000094, 2.825000000000000622 ) ) ;
#209 = CLOSED_SHELL ( 'NONE', ( #1778, #1843, #1114, #1278, #1667, #71, #727, #1239, #1560, #1777, #1759, #2531, #1977, #1472, #1206, #1933, #925, #344, #1704, #1241, #1775, #2437, #726, #2600, #2097, #203, #276, #1625, #2546, #1040, #1223, #2512, #1642, #2052, #975, #1154, #2207, #546, #1641, #362, #246, #1468, #1102, #141, #1377, #2399, #589, #1378, #1903, #958, #1488, #2005, #842, #532, #1120, #1613, #2525, #1627, #23, #477, #645, #2259, #1652, #884, #1687, #2261, #85, #2294, #2348, #217, #1098, #2529, #2041, #22, #1993, #618, #1173, #1951, #1474, #2651, #1573 ) ) ;
#210 = ORIENTED_EDGE ( 'NONE', *, *, #360, .T. ) ;
#211 = DIRECTION ( 'NONE',  ( -0.8961691375117246672, -0.4437126062796633019, -0.000000000000000000 ) ) ;
#212 = CARTESIAN_POINT ( 'NONE',  ( 1.050000000000000266, 0.1699999999999999845, -2.850000000000000089 ) ) ;
#213 = CARTESIAN_POINT ( 'NONE',  ( -1.352934500788944172, 0.5661113678114761960, -2.251354821092400815 ) ) ;
#214 = AXIS2_PLACEMENT_3D ( 'NONE', #2413, #512, #919 ) ;
#215 = EDGE_CURVE ( 'NONE', #1693, #731, #2299, .T. ) ;
#216 = DIRECTION ( 'NONE',  ( -1.000000000000000000, 0.000000000000000000, 0.000000000000000000 ) ) ;
#217 = ADVANCED_FACE ( 'NONE', ( #1391 ), #176, .T. ) ;
#218 = PRESENTATION_LAYER_ASSIGNMENT (  '', '', ( #1034 ) ) ;
#219 = DIRECTION ( 'NONE',  ( 1.000000000000000000, 0.000000000000000000, -1.445602896647338917E-16 ) ) ;
#220 = AXIS2_PLACEMENT_3D ( 'NONE', #1108, #2304, #90 ) ;
#221 = ORIENTED_EDGE ( 'NONE', *, *, #2279, .T. ) ;
#222 = CARTESIAN_POINT ( 'NONE',  ( 1.300000000000000044, 0.7600000000000000089, 1.914999999999995595 ) ) ;
#223 = AXIS2_PLACEMENT_3D ( 'NONE', #1921, #906, #2068 ) ;
#224 = CARTESIAN_POINT ( 'NONE',  ( -0.7249999999999999778, 0.000000000000000000, -0.8500000000000000888 ) ) ;
#225 = DIRECTION ( 'NONE',  ( -0.1710878697460316011, -0.9702875252478148083, 0.1710878697460347375 ) ) ;
#226 = MECHANICAL_DESIGN_GEOMETRIC_PRESENTATION_REPRESENTATION (  '', ( #2515 ), #2164 ) ;
#227 = DIRECTION ( 'NONE',  ( 0.000000000000000000, 0.000000000000000000, 1.000000000000000000 ) ) ;
#228 = EDGE_CURVE ( 'NONE', #1746, #361, #442, .T. ) ;
#229 = CARTESIAN_POINT ( 'NONE',  ( 0.000000000000000000, 0.1200000000000000094, 2.775000000000000355 ) ) ;
#230 = EDGE_CURVE ( 'NONE', #2137, #1464, #1012, .T. ) ;
#231 = CARTESIAN_POINT ( 'NONE',  ( 1.440412320370287214, 0.1200000000000000094, 2.674240387650619777 ) ) ;
#232 = ORIENTED_EDGE ( 'NONE', *, *, #962, .T. ) ;
#233 = SURFACE_SIDE_STYLE ('',( #1077 ) ) ;
#234 = SURFACE_STYLE_USAGE ( .BOTH. , #1065 ) ;
#235 = PLANE ( 'NONE',  #777 ) ;
#236 = DIRECTION ( 'NONE',  ( -0.7071067811865474617, 0.000000000000000000, 0.7071067811865474617 ) ) ;
#237 =( NAMED_UNIT ( * ) SI_UNIT ( $, .STERADIAN. ) SOLID_ANGLE_UNIT ( ) );
#238 = CARTESIAN_POINT ( 'NONE',  ( -1.300000000000000044, 0.7500000000000000000, 1.915000000000000924 ) ) ;
#239 = DIRECTION ( 'NONE',  ( 0.000000000000000000, 0.000000000000000000, 1.000000000000000000 ) ) ;
#240 = AXIS2_PLACEMENT_3D ( 'NONE', #274, #464, #2542 ) ;
#241 = CARTESIAN_POINT ( 'NONE',  ( 1.500000000000000444, -2.983747659175119082, -2.674999999999999822 ) ) ;
#242 = DIRECTION ( 'NONE',  ( 1.000000000000000000, -0.000000000000000000, 0.000000000000000000 ) ) ;
#243 = ORIENTED_EDGE ( 'NONE', *, *, #1208, .F. ) ;
#244 = CARTESIAN_POINT ( 'NONE',  ( -1.489652708020896998, 0.07868240888334639138, 2.625000000000000444 ) ) ;
#245 = EDGE_CURVE ( 'NONE', #1331, #2345, #2445, .T. ) ;
#246 = ADVANCED_FACE ( 'NONE', ( #386 ), #991, .T. ) ;
#247 = ORIENTED_EDGE ( 'NONE', *, *, #1654, .F. ) ;
#248 = FACE_OUTER_BOUND ( 'NONE', #1557, .T. ) ;
#249 = DIRECTION ( 'NONE',  ( 1.000000000000000000, 0.000000000000000000, 1.495451272393799296E-16 ) ) ;
#250 = DIRECTION ( 'NONE',  ( 0.000000000000000000, 0.000000000000000000, -1.000000000000000000 ) ) ;
#251 = DIRECTION ( 'NONE',  ( -1.000000000000000000, 0.000000000000000000, 0.000000000000000000 ) ) ;
#252 = ORIENTED_EDGE ( 'NONE', *, *, #815, .F. ) ;
#253 = PLANE ( 'NONE',  #1938 ) ;
#254 =( NAMED_UNIT ( * ) SI_UNIT ( $, .STERADIAN. ) SOLID_ANGLE_UNIT ( ) );
#255 = VERTEX_POINT ( 'NONE', #2652 ) ;
#256 = DIRECTION ( 'NONE',  ( 1.535153518563546577E-16, -3.034673185585473817E-33, 1.000000000000000000 ) ) ;
#257 = ORIENTED_EDGE ( 'NONE', *, *, #2451, .T. ) ;
#258 = DIRECTION ( 'NONE',  ( 1.000000000000000000, 0.000000000000000000, -0.000000000000000000 ) ) ;
#259 = CARTESIAN_POINT ( 'NONE',  ( 1.050000000000000044, 0.06999999999999999278, 2.775000000000000355 ) ) ;
#260 = CARTESIAN_POINT ( 'NONE',  ( -1.050000000000000044, 0.000000000000000000, 2.849999999999999645 ) ) ;
#261 = AXIS2_PLACEMENT_3D ( 'NONE', #1694, #26, #843 ) ;
#262 =( GEOMETRIC_REPRESENTATION_CONTEXT ( 3 ) GLOBAL_UNCERTAINTY_ASSIGNED_CONTEXT ( ( #330 ) ) GLOBAL_UNIT_ASSIGNED_CONTEXT ( ( #1745, #2659, #390 ) ) REPRESENTATION_CONTEXT ( 'NONE', 'WORKASPACE' ) );
#263 = DIRECTION ( 'NONE',  ( 1.000000000000000000, 0.000000000000000000, 0.000000000000000000 ) ) ;
#264 = CARTESIAN_POINT ( 'NONE',  ( 1.500000000000000444, 0.1700000000000000122, -2.674999999999999822 ) ) ;
#265 = ORIENTED_EDGE ( 'NONE', *, *, #1724, .T. ) ;
#266 = CYLINDRICAL_SURFACE ( 'NONE', #100, 0.05000000000000005135 ) ;
#267 = ORIENTED_EDGE ( 'NONE', *, *, #2117, .T. ) ;
#268 = EDGE_LOOP ( 'NONE', ( #265, #573, #2528 ) ) ;
#269 = ORIENTED_EDGE ( 'NONE', *, *, #1509, .F. ) ;
#270 = CARTESIAN_POINT ( 'NONE',  ( -0.9792893218813453204, 0.5661113678114761960, -2.624999999999999112 ) ) ;
#271 = UNCERTAINTY_MEASURE_WITH_UNIT (LENGTH_MEASURE( 1.000000000000000082E-05 ), #1274, 'distance_accuracy_value', 'NONE');
#272 = AXIS2_PLACEMENT_3D ( 'NONE', #2177, #109, #150 ) ;
#273 = EDGE_CURVE ( 'NONE', #1076, #2403, #1075, .T. ) ;
#274 = CARTESIAN_POINT ( 'NONE',  ( -0.7249999999999999778, -3.478915224864504552, -0.8500000000000000888 ) ) ;
#275 = CARTESIAN_POINT ( 'NONE',  ( 1.327563052716870917, 0.7100000000000000755, 2.625000000000000444 ) ) ;
#276 = ADVANCED_FACE ( 'NONE', ( #2232 ), #235, .F. ) ;
#277 = SURFACE_STYLE_USAGE ( .BOTH. , #1525 ) ;
#278 = SURFACE_STYLE_FILL_AREA ( #2122 ) ;
#279 = ORIENTED_EDGE ( 'NONE', *, *, #411, .T. ) ;
#280 = ORIENTED_EDGE ( 'NONE', *, *, #1010, .T. ) ;
#281 = LINE ( 'NONE', #1877, #305 ) ;
#282 = EDGE_LOOP ( 'NONE', ( #1367, #459, #1018, #582, #1149, #974, #280, #145, #1153 ) ) ;
#283 = DIRECTION ( 'NONE',  ( -1.000000000000000000, 0.000000000000000000, -2.065146995210484695E-16 ) ) ;
#284 = DIRECTION ( 'NONE',  ( -0.9848077530122086864, 0.1736481776669271393, 0.000000000000000000 ) ) ;
#285 = FILL_AREA_STYLE_COLOUR ( '', #2257 ) ;
#286 = DIRECTION ( 'NONE',  ( 0.000000000000000000, 0.8789916736434995048, -0.4768371185901947862 ) ) ;
#287 = CARTESIAN_POINT ( 'NONE',  ( -0.9792893218813453204, 0.7100000000000000755, -2.674999999999999378 ) ) ;
#288 = EDGE_LOOP ( 'NONE', ( #2228, #2086, #1919 ) ) ;
#289 = SURFACE_STYLE_FILL_AREA ( #2121 ) ;
#290 = DIRECTION ( 'NONE',  ( -1.000000000000000000, 0.000000000000000000, 0.000000000000000000 ) ) ;
#291 = EDGE_CURVE ( 'NONE', #516, #340, #1056, .T. ) ;
#292 = EDGE_LOOP ( 'NONE', ( #917, #1306, #2354, #1995, #2624 ) ) ;
#293 = ORIENTED_EDGE ( 'NONE', *, *, #439, .T. ) ;
#294 = DIRECTION ( 'NONE',  ( 0.1736481776669277777, -0.9848077530122085754, -3.081487911019577365E-33 ) ) ;
#295 = VECTOR ( 'NONE', #1405, 1000.000000000000000 ) ;
#296 = VECTOR ( 'NONE', #371, 1000.000000000000000 ) ;
#297 = ORIENTED_EDGE ( 'NONE', *, *, #1575, .F. ) ;
#298 = LINE ( 'NONE', #697, #2506 ) ;
#299 = CARTESIAN_POINT ( 'NONE',  ( 1.440412320370286325, 0.1200000000000000094, -2.674240387650618889 ) ) ;
#300 = MECHANICAL_DESIGN_GEOMETRIC_PRESENTATION_REPRESENTATION (  '', ( #1418 ), #613 ) ;
#301 = AXIS2_PLACEMENT_3D ( 'NONE', #270, #1096, #78 ) ;
#302 = DIRECTION ( 'NONE',  ( 1.000000000000000000, 0.000000000000000000, -1.445602896647338917E-16 ) ) ;
#303 = CARTESIAN_POINT ( 'NONE',  ( 0.7249999999999999778, -3.478915224864504552, -0.8499999999999998668 ) ) ;
#304 = CARTESIAN_POINT ( 'NONE',  ( -1.406441204123522359, 0.5505982981195863823, -2.251290483885053373 ) ) ;
#305 = VECTOR ( 'NONE', #1456, 1000.000000000000114 ) ;
#306 = STYLED_ITEM ( 'NONE', ( #1973 ), #132 ) ;
#307 = ORIENTED_EDGE ( 'NONE', *, *, #2327, .F. ) ;
#308 =( NAMED_UNIT ( * ) PLANE_ANGLE_UNIT ( ) SI_UNIT ( $, .RADIAN. ) );
#309 = DIRECTION ( 'NONE',  ( 0.9848077530122086864, -0.1736481776669263344, 0.000000000000000000 ) ) ;
#310 = AXIS2_PLACEMENT_3D ( 'NONE', #791, #592, #2163 ) ;
#311 = VECTOR ( 'NONE', #290, 1000.000000000000000 ) ;
#312 = ORIENTED_EDGE ( 'NONE', *, *, #2365, .T. ) ;
#313 = ORIENTED_EDGE ( 'NONE', *, *, #1900, .T. ) ;
#314 = CARTESIAN_POINT ( 'NONE',  ( -1.050000000000000266, 0.1699999999999999845, 2.675000000000000711 ) ) ;
#315 = LINE ( 'NONE', #1737, #575 ) ;
#316 = ORIENTED_EDGE ( 'NONE', *, *, #1190, .F. ) ;
#317 = CARTESIAN_POINT ( 'NONE',  ( 1.440412320370286325, 0.1200000000000000094, -2.824999999999999734 ) ) ;
#318 = DIRECTION ( 'NONE',  ( 0.000000000000000000, -1.000000000000000000, 0.000000000000000000 ) ) ;
#319 = ORIENTED_EDGE ( 'NONE', *, *, #11, .T. ) ;
#320 = CARTESIAN_POINT ( 'NONE',  ( 1.482367301929150560, 0.1199999999999998568, -2.774999999999999467 ) ) ;
#321 = CARTESIAN_POINT ( 'NONE',  ( -1.607500000000005702, 0.7600000000000000089, -1.607499999999991269 ) ) ;
#322 = PLANE ( 'NONE',  #1618 ) ;
#323 = VERTEX_POINT ( 'NONE', #641 ) ;
#324 = VERTEX_POINT ( 'NONE', #2040 ) ;
#325 = PLANE ( 'NONE',  #1880 ) ;
#326 = ORIENTED_EDGE ( 'NONE', *, *, #1872, .F. ) ;
#327 = MECHANICAL_DESIGN_GEOMETRIC_PRESENTATION_REPRESENTATION (  '', ( #1058 ), #1401 ) ;
#328 = EDGE_CURVE ( 'NONE', #954, #2426, #2275, .T. ) ;
#329 = MECHANICAL_DESIGN_GEOMETRIC_PRESENTATION_REPRESENTATION (  '', ( #2085 ), #1150 ) ;
#330 = UNCERTAINTY_MEASURE_WITH_UNIT (LENGTH_MEASURE( 1.000000000000000082E-05 ), #1745, 'distance_accuracy_value', 'NONE');
#331 = EDGE_CURVE ( 'NONE', #1568, #1053, #633, .T. ) ;
#332 = FACE_BOUND ( 'NONE', #2173, .T. ) ;
#333 = CARTESIAN_POINT ( 'NONE',  ( -1.050000000000000266, 0.000000000000000000, 2.849999999999999645 ) ) ;
#334 = EDGE_LOOP ( 'NONE', ( #1571, #1818, #2175, #2199 ) ) ;
#335 =( NAMED_UNIT ( * ) SI_UNIT ( $, .STERADIAN. ) SOLID_ANGLE_UNIT ( ) );
#336 = DIRECTION ( 'NONE',  ( 1.000000000000000000, 0.000000000000000000, -1.151365138922663261E-16 ) ) ;
#337 = DIRECTION ( 'NONE',  ( -0.1736481776669277777, 0.9848077530122085754, 2.510263086328425397E-17 ) ) ;
#338 = CYLINDRICAL_SURFACE ( 'NONE', #2182, 0.04999999999999991257 ) ;
#339 = VERTEX_POINT ( 'NONE', #201 ) ;
#340 = VERTEX_POINT ( 'NONE', #1407 ) ;
#341 = ORIENTED_EDGE ( 'NONE', *, *, #921, .F. ) ;
#342 = SURFACE_STYLE_FILL_AREA ( #1376 ) ;
#343 = VECTOR ( 'NONE', #2301, 1000.000000000000000 ) ;
#344 = ADVANCED_FACE ( 'NONE', ( #17 ), #1646, .T. ) ;
#345 = ORIENTED_EDGE ( 'NONE', *, *, #2346, .T. ) ;
#346 = CARTESIAN_POINT ( 'NONE',  ( -1.300000000000000266, 0.7500000000000000000, -2.315000000000000391 ) ) ;
#347 = EDGE_CURVE ( 'NONE', #887, #1608, #2485, .T. ) ;
#348 = FILL_AREA_STYLE_COLOUR ( '', #2109 ) ;
#349 = DIRECTION ( 'NONE',  ( 1.000000000000000000, 0.000000000000000000, 0.000000000000000000 ) ) ;
#350 = PRESENTATION_LAYER_ASSIGNMENT (  '', '', ( #2505 ) ) ;
#351 = VERTEX_POINT ( 'NONE', #1428 ) ;
#352 = DIRECTION ( 'NONE',  ( 0.000000000000000000, 0.1736481776669291932, 0.9848077530122083534 ) ) ;
#353 = AXIS2_PLACEMENT_3D ( 'NONE', #275, #1888, #1100 ) ;
#354 = ORIENTED_EDGE ( 'NONE', *, *, #1955, .T. ) ;
#355 = DIRECTION ( 'NONE',  ( 0.4437126062796631354, -0.8961691375117247782, 0.000000000000000000 ) ) ;
#356 = CARTESIAN_POINT ( 'NONE',  ( -1.050000000000000044, 0.06999999999999996503, -2.824999999999999734 ) ) ;
#357 = ORIENTED_EDGE ( 'NONE', *, *, #1236, .T. ) ;
#358 = SPHERICAL_SURFACE ( 'NONE', #1544, 0.05000000000000000278 ) ;
#359 = DIRECTION ( 'NONE',  ( -0.000000000000000000, 1.000000000000000000, -0.000000000000000000 ) ) ;
#360 = EDGE_CURVE ( 'NONE', #1076, #863, #410, .T. ) ;
#361 = VERTEX_POINT ( 'NONE', #1258 ) ;
#362 = ADVANCED_FACE ( 'NONE', ( #1237 ), #1825, .T. ) ;
#363 = EDGE_CURVE ( 'NONE', #673, #2522, #1417, .T. ) ;
#364 = CARTESIAN_POINT ( 'NONE',  ( 1.440412320370286325, 0.06999999999999997891, -2.824999999999999734 ) ) ;
#365 = ORIENTED_EDGE ( 'NONE', *, *, #215, .T. ) ;
#366 = ORIENTED_EDGE ( 'NONE', *, *, #1003, .T. ) ;
#367 = DIRECTION ( 'NONE',  ( -0.9848077530122085754, -0.1736481776669277777, 1.511831087145351859E-16 ) ) ;
#368 = DIRECTION ( 'NONE',  ( 0.000000000000000000, -1.000000000000000000, 0.000000000000000000 ) ) ;
#369 = VERTEX_POINT ( 'NONE', #1225 ) ;
#370 =( BOUNDED_CURVE ( )  B_SPLINE_CURVE ( 3, ( #698, #1067, #1268, #868 ),
 .UNSPECIFIED., .F., .T. ) 
 B_SPLINE_CURVE_WITH_KNOTS ( ( 4, 4 ),
 ( 4.537856055185284454, 4.712388980384689674 ),
 .UNSPECIFIED. ) 
 CURVE ( )  GEOMETRIC_REPRESENTATION_ITEM ( )  RATIONAL_B_SPLINE_CURVE ( ( 1.000000000000000000, 0.9974631320611644369, 0.9974631320611644369, 1.000000000000000000 ) ) 
 REPRESENTATION_ITEM ( '' )  );
#371 = DIRECTION ( 'NONE',  ( 1.000000000000000000, 0.000000000000000000, 0.000000000000000000 ) ) ;
#372 = VECTOR ( 'NONE', #845, 1000.000000000000000 ) ;
#373 = DIRECTION ( 'NONE',  ( -0.7071067811865474617, 0.000000000000000000, -0.7071067811865474617 ) ) ;
#374 = ORIENTED_EDGE ( 'NONE', *, *, #826, .T. ) ;
#375 = CARTESIAN_POINT ( 'NONE',  ( 1.050000000000000266, -8.673617379884035472E-16, -2.100000000000000089 ) ) ;
#376 = FACE_OUTER_BOUND ( 'NONE', #997, .T. ) ;
#377 = DIRECTION ( 'NONE',  ( 1.000000000000000000, 0.000000000000000000, -2.891205793294677833E-16 ) ) ;
#378 = FACE_OUTER_BOUND ( 'NONE', #1763, .T. ) ;
#379 = DIRECTION ( 'NONE',  ( -1.000000000000000000, 0.000000000000000000, 0.000000000000000000 ) ) ;
#380 = EDGE_CURVE ( 'NONE', #1354, #2099, #1446, .T. ) ;
#381 = EDGE_CURVE ( 'NONE', #1550, #74, #1851, .T. ) ;
#382 = DIRECTION ( 'NONE',  ( 0.7071067811865515695, -0.000000000000000000, 0.7071067811865435759 ) ) ;
#383 = ORIENTED_EDGE ( 'NONE', *, *, #328, .F. ) ;
#384 = LINE ( 'NONE', #1438, #1164 ) ;
#385 = PRESENTATION_LAYER_ASSIGNMENT (  '', '', ( #1536 ) ) ;
#386 = FACE_OUTER_BOUND ( 'NONE', #2647, .T. ) ;
#387 = DIRECTION ( 'NONE',  ( -1.535153518563546084E-16, -0.000000000000000000, -1.000000000000000000 ) ) ;
#388 =( LENGTH_UNIT ( ) NAMED_UNIT ( * ) SI_UNIT ( .MILLI., .METRE. ) );
#389 = DIRECTION ( 'NONE',  ( 0.8961691375117252223, 0.4437126062796621917, -1.295504701072897611E-16 ) ) ;
#390 =( NAMED_UNIT ( * ) SI_UNIT ( $, .STERADIAN. ) SOLID_ANGLE_UNIT ( ) );
#391 = CARTESIAN_POINT ( 'NONE',  ( 0.000000000000000000, 0.1200000000000000094, 0.000000000000000000 ) ) ;
#392 = CARTESIAN_POINT ( 'NONE',  ( 1.499999999999999556, 0.02000000000000000042, -2.824999999999999734 ) ) ;
#393 = VECTOR ( 'NONE', #389, 1000.000000000000114 ) ;
#394 = ORIENTED_EDGE ( 'NONE', *, *, #49, .F. ) ;
#395 = DIRECTION ( 'NONE',  ( 1.000000000000000000, 0.000000000000000000, -0.000000000000000000 ) ) ;
#396 = DIRECTION ( 'NONE',  ( -1.535153518563546577E-16, -0.000000000000000000, -1.000000000000000000 ) ) ;
#397 = ORIENTED_EDGE ( 'NONE', *, *, #2402, .F. ) ;
#398 = PRESENTATION_LAYER_ASSIGNMENT (  '', '', ( #1506 ) ) ;
#399 = CARTESIAN_POINT ( 'NONE',  ( -0.9792893333245232812, 0.5337435548099542792, -2.674999999999999378 ) ) ;
#400 = LINE ( 'NONE', #212, #763 ) ;
#401 = CARTESIAN_POINT ( 'NONE',  ( 1.050000000000000711, 0.02000000000000000042, 3.035766082959415373E-16 ) ) ;
#402 = LINE ( 'NONE', #598, #393 ) ;
#403 = DIRECTION ( 'NONE',  ( 1.000000000000000000, 0.000000000000000000, 0.000000000000000000 ) ) ;
#404 = DIRECTION ( 'NONE',  ( 0.7071067811865474617, 0.000000000000000000, 0.7071067811865474617 ) ) ;
#405 = DIRECTION ( 'NONE',  ( 0.000000000000000000, 0.8789916736434995048, -0.4768371185901947862 ) ) ;
#406 = EDGE_LOOP ( 'NONE', ( #1105, #1002, #850, #1619, #84 ) ) ;
#407 = CARTESIAN_POINT ( 'NONE',  ( 1.489652708020896776, 0.07868240888334640526, -2.674999999999999822 ) ) ;
#408 = CARTESIAN_POINT ( 'NONE',  ( 1.324212159318890691, 0.7290038608074399518, -2.774999999999999467 ) ) ;
#409 = EDGE_CURVE ( 'NONE', #1079, #2241, #1508, .T. ) ;
#410 = LINE ( 'NONE', #28, #1808 ) ;
#411 = EDGE_CURVE ( 'NONE', #2113, #1779, #2554, .T. ) ;
#412 = CARTESIAN_POINT ( 'NONE',  ( -1.607500000000005702, 0.7500000000000000000, -1.607499999999991269 ) ) ;
#413 = DIRECTION ( 'NONE',  ( 0.000000000000000000, -1.000000000000000000, 0.000000000000000000 ) ) ;
#414 = VECTOR ( 'NONE', #1111, 1000.000000000000000 ) ;
#415 = LINE ( 'NONE', #1261, #1458 ) ;
#416 = VERTEX_POINT ( 'NONE', #2101 ) ;
#417 = DIRECTION ( 'NONE',  ( 0.000000000000000000, 0.000000000000000000, -1.000000000000000000 ) ) ;
#418 = DIRECTION ( 'NONE',  ( 0.000000000000000000, -1.000000000000000000, 0.000000000000000000 ) ) ;
#419 = EDGE_CURVE ( 'NONE', #1693, #1437, #1910, .T. ) ;
#420 = EDGE_CURVE ( 'NONE', #1568, #1767, #853, .T. ) ;
#421 =( GEOMETRIC_REPRESENTATION_CONTEXT ( 3 ) GLOBAL_UNCERTAINTY_ASSIGNED_CONTEXT ( ( #2634 ) ) GLOBAL_UNIT_ASSIGNED_CONTEXT ( ( #388, #835, #2234 ) ) REPRESENTATION_CONTEXT ( 'NONE', 'WORKASPACE' ) );
#422 = LINE ( 'NONE', #1250, #524 ) ;
#423 = MECHANICAL_DESIGN_GEOMETRIC_PRESENTATION_REPRESENTATION (  '', ( #2060 ), #1118 ) ;
#424 = CARTESIAN_POINT ( 'NONE',  ( -1.398732244915722456, 0.3063794541657716142, -2.624999999999999112 ) ) ;
#425 = CIRCLE ( 'NONE', #474, 0.05000000000000005135 ) ;
#426 = VECTOR ( 'NONE', #669, 1000.000000000000114 ) ;
#427 = ORIENTED_EDGE ( 'NONE', *, *, #273, .T. ) ;
#428 = LINE ( 'NONE', #222, #343 ) ;
#429 = CIRCLE ( 'NONE', #1813, 0.05000000000000012768 ) ;
#430 = FILL_AREA_STYLE ('',( #2287 ) ) ;
#431 = CARTESIAN_POINT ( 'NONE',  ( -1.300000000000000266, 0.7500000000000000000, -2.315000000000000391 ) ) ;
#432 = SURFACE_SIDE_STYLE ('',( #448 ) ) ;
#433 = CARTESIAN_POINT ( 'NONE',  ( -1.489652708020897665, 0.07868240888334641914, -2.824999999999999734 ) ) ;
#434 = AXIS2_PLACEMENT_3D ( 'NONE', #1141, #517, #368 ) ;
#435 = AXIS2_PLACEMENT_3D ( 'NONE', #424, #2530, #405 ) ;
#436 = SURFACE_SIDE_STYLE ('',( #1069 ) ) ;
#437 = DIRECTION ( 'NONE',  ( -0.1736481776669284716, 0.9848077530122085754, 2.135461410592803664E-15 ) ) ;
#438 = EDGE_CURVE ( 'NONE', #369, #416, #1249, .T. ) ;
#439 = EDGE_CURVE ( 'NONE', #619, #1331, #298, .T. ) ;
#440 =( NAMED_UNIT ( * ) SI_UNIT ( $, .STERADIAN. ) SOLID_ANGLE_UNIT ( ) );
#441 = EDGE_CURVE ( 'NONE', #506, #1076, #37, .T. ) ;
#442 = LINE ( 'NONE', #1893, #2018 ) ;
#443 = VERTEX_POINT ( 'NONE', #1466 ) ;
#444 = CARTESIAN_POINT ( 'NONE',  ( -1.499999999999999556, 0.02000000000000000042, 2.775000000000000799 ) ) ;
#445 = ORIENTED_EDGE ( 'NONE', *, *, #1917, .T. ) ;
#446 = CARTESIAN_POINT ( 'NONE',  ( -1.398732244915722234, 0.3063794541657709480, -2.624999999999999112 ) ) ;
#447 = CARTESIAN_POINT ( 'NONE',  ( -1.489652708020897665, 0.07868240888334641914, -2.624999999999999112 ) ) ;
#448 = SURFACE_STYLE_FILL_AREA ( #1308 ) ;
#449 = DIRECTION ( 'NONE',  ( 0.000000000000000000, 0.000000000000000000, 1.000000000000000000 ) ) ;
#450 = PLANE ( 'NONE',  #2562 ) ;
#451 = VERTEX_POINT ( 'NONE', #1267 ) ;
#452 = CIRCLE ( 'NONE', #120, 0.05000000000000012768 ) ;
#453 = LINE ( 'NONE', #2500, #792 ) ;
#454 = EDGE_CURVE ( 'NONE', #340, #493, #684, .T. ) ;
#455 = CARTESIAN_POINT ( 'NONE',  ( 1.489652708020897665, 0.07868240888334640526, 2.625000000000000444 ) ) ;
#456 = ORIENTED_EDGE ( 'NONE', *, *, #409, .F. ) ;
#457 = AXIS2_PLACEMENT_3D ( 'NONE', #559, #2014, #2171 ) ;
#458 = CARTESIAN_POINT ( 'NONE',  ( 1.440412320370286325, 0.06999999999999999278, -2.774999999999999467 ) ) ;
#459 = ORIENTED_EDGE ( 'NONE', *, *, #245, .F. ) ;
#460 = DIRECTION ( 'NONE',  ( 0.000000000000000000, -0.000000000000000000, 1.000000000000000000 ) ) ;
#461 = CARTESIAN_POINT ( 'NONE',  ( -1.434553482836457894, 0.1199999999999998845, 2.675000000000000711 ) ) ;
#462 = CARTESIAN_POINT ( 'NONE',  ( -1.404850690577609473, 0.5596185486763756156, -2.270273704702126860 ) ) ;
#463 = DIRECTION ( 'NONE',  ( 1.151365138922659563E-16, 0.000000000000000000, 1.000000000000000000 ) ) ;
#464 = DIRECTION ( 'NONE',  ( 1.000000000000000000, 0.000000000000000000, -0.000000000000000000 ) ) ;
#465 = CARTESIAN_POINT ( 'NONE',  ( 0.000000000000000000, 0.1200000000000000094, -2.774999999999999467 ) ) ;
#466 = AXIS2_PLACEMENT_3D ( 'NONE', #1388, #2255, #404 ) ;
#467 = ORIENTED_EDGE ( 'NONE', *, *, #1426, .F. ) ;
#468 = CARTESIAN_POINT ( 'NONE',  ( -1.402174888439554845, 0.5747937766948224558, -2.251354821092400815 ) ) ;
#469 = AXIS2_PLACEMENT_3D ( 'NONE', #1998, #2220, #833 ) ;
#470 = ORIENTED_EDGE ( 'NONE', *, *, #157, .T. ) ;
#471 = ORIENTED_EDGE ( 'NONE', *, *, #570, .T. ) ;
#472 = EDGE_CURVE ( 'NONE', #369, #2426, #2558, .T. ) ;
#473 = DIRECTION ( 'NONE',  ( 0.000000000000000000, 1.000000000000000000, 0.000000000000000000 ) ) ;
#474 = AXIS2_PLACEMENT_3D ( 'NONE', #488, #2497, #284 ) ;
#475 = EDGE_LOOP ( 'NONE', ( #802, #383, #2544, #62 ) ) ;
#476 = PLANE ( 'NONE',  #550 ) ;
#477 = ADVANCED_FACE ( 'NONE', ( #1319 ), #1492, .T. ) ;
#478 = CARTESIAN_POINT ( 'NONE',  ( -1.300000000000000266, 0.7500000000000000000, -1.914999999999999147 ) ) ;
#479 = EDGE_CURVE ( 'NONE', #1265, #483, #2143, .T. ) ;
#480 = VECTOR ( 'NONE', #2613, 1000.000000000000000 ) ;
#481 = ORIENTED_EDGE ( 'NONE', *, *, #1207, .T. ) ;
#482 = LINE ( 'NONE', #509, #311 ) ;
#483 = VERTEX_POINT ( 'NONE', #447 ) ;
#484 = EDGE_LOOP ( 'NONE', ( #2468, #1072, #923, #366 ) ) ;
#485 = DIRECTION ( 'NONE',  ( -0.7071067811865515695, 0.000000000000000000, -0.7071067811865435759 ) ) ;
#486 = ORIENTED_EDGE ( 'NONE', *, *, #381, .F. ) ;
#487 = DIRECTION ( 'NONE',  ( 0.1736481776669275834, 0.9848077530122086864, -0.000000000000000000 ) ) ;
#488 = CARTESIAN_POINT ( 'NONE',  ( -1.440412320370286547, 0.07000000000000000666, 2.775000000000000355 ) ) ;
#489 = EDGE_CURVE ( 'NONE', #1631, #1361, #2396, .T. ) ;
#490 = AXIS2_PLACEMENT_3D ( 'NONE', #980, #766, #2192 ) ;
#491 = CARTESIAN_POINT ( 'NONE',  ( 1.050000000000000044, -8.673617379884035472E-16, 2.850000000000000089 ) ) ;
#492 = DIRECTION ( 'NONE',  ( 1.000000000000000000, 0.000000000000000000, 0.000000000000000000 ) ) ;
#493 = VERTEX_POINT ( 'NONE', #2523 ) ;
#494 = DIRECTION ( 'NONE',  ( 1.000000000000000000, -0.000000000000000000, -0.000000000000000000 ) ) ;
#495 = CARTESIAN_POINT ( 'NONE',  ( -1.406441204123522359, 0.5505982981195863823, -2.251290483885053373 ) ) ;
#496 = ORIENTED_EDGE ( 'NONE', *, *, #1867, .T. ) ;
#497 = ORIENTED_EDGE ( 'NONE', *, *, #1794, .T. ) ;
#498 = LINE ( 'NONE', #1543, #1963 ) ;
#499 = PLANE ( 'NONE',  #2106 ) ;
#500 = ORIENTED_EDGE ( 'NONE', *, *, #2550, .T. ) ;
#501 = DIRECTION ( 'NONE',  ( -4.336808689942006692E-15, 0.000000000000000000, 1.000000000000000000 ) ) ;
#502 = CARTESIAN_POINT ( 'NONE',  ( 1.050000000000000044, -2.983747659175119082, 2.675000000000000711 ) ) ;
#503 = LINE ( 'NONE', #303, #414 ) ;
#504 = CARTESIAN_POINT ( 'NONE',  ( 1.299999999999999378, 0.7500000000000000000, -2.315000000000000391 ) ) ;
#505 = DIRECTION ( 'NONE',  ( -1.000000000000000000, 0.000000000000000000, 0.000000000000000000 ) ) ;
#506 = VERTEX_POINT ( 'NONE', #2331 ) ;
#507 = EDGE_CURVE ( 'NONE', #2389, #2400, #1479, .T. ) ;
#508 = PRESENTATION_STYLE_ASSIGNMENT (( #277 ) ) ;
#509 = CARTESIAN_POINT ( 'NONE',  ( 0.000000000000000000, 0.1200000000000000094, -2.774999999999999467 ) ) ;
#510 = VERTEX_POINT ( 'NONE', #1281 ) ;
#511 = EDGE_LOOP ( 'NONE', ( #840, #12, #148, #1414 ) ) ;
#512 = DIRECTION ( 'NONE',  ( -0.1736481776669279165, 0.9848077530122084644, 0.000000000000000000 ) ) ;
#513 = FACE_OUTER_BOUND ( 'NONE', #2156, .T. ) ;
#514 = MECHANICAL_DESIGN_GEOMETRIC_PRESENTATION_REPRESENTATION (  '', ( #1451 ), #421 ) ;
#515 = VECTOR ( 'NONE', #1548, 1000.000000000000000 ) ;
#516 = VERTEX_POINT ( 'NONE', #478 ) ;
#517 = DIRECTION ( 'NONE',  ( -0.7071067811865513475, -0.000000000000000000, -0.7071067811865436870 ) ) ;
#518 = CARTESIAN_POINT ( 'NONE',  ( 1.440412320370287214, 0.06999999999999999278, 2.825000000000000622 ) ) ;
#519 = AXIS2_PLACEMENT_3D ( 'NONE', #2305, #658, #1082 ) ;
#520 = FILL_AREA_STYLE_COLOUR ( '', #187 ) ;
#521 = ORIENTED_EDGE ( 'NONE', *, *, #347, .F. ) ;
#522 = DIRECTION ( 'NONE',  ( 0.000000000000000000, -1.000000000000000000, 0.000000000000000000 ) ) ;
#523 =( NAMED_UNIT ( * ) PLANE_ANGLE_UNIT ( ) SI_UNIT ( $, .RADIAN. ) );
#524 = VECTOR ( 'NONE', #251, 1000.000000000000000 ) ;
#525 = ORIENTED_EDGE ( 'NONE', *, *, #1610, .T. ) ;
#526 = EDGE_CURVE ( 'NONE', #1144, #339, #2286, .T. ) ;
#527 = CARTESIAN_POINT ( 'NONE',  ( 0.7249999999999999778, 0.000000000000000000, -0.8499999999999998668 ) ) ;
#528 =( BOUNDED_CURVE ( )  B_SPLINE_CURVE ( 3, ( #1240, #1014, #2236, #204 ),
 .UNSPECIFIED., .F., .T. ) 
 B_SPLINE_CURVE_WITH_KNOTS ( ( 4, 4 ),
 ( 4.712388980384685233, 6.283185307179586232 ),
 .UNSPECIFIED. ) 
 CURVE ( )  GEOMETRIC_REPRESENTATION_ITEM ( )  RATIONAL_B_SPLINE_CURVE ( ( 1.000000000000000000, 0.8047378541243640493, 0.8047378541243640493, 1.000000000000000000 ) ) 
 REPRESENTATION_ITEM ( '' )  );
#529 = EDGE_CURVE ( 'NONE', #1692, #954, #2645, .T. ) ;
#530 = VECTOR ( 'NONE', #1640, 1000.000000000000000 ) ;
#531 = ORIENTED_EDGE ( 'NONE', *, *, #617, .T. ) ;
#532 = ADVANCED_FACE ( 'NONE', ( #891 ), #2646, .T. ) ;
#533 = ORIENTED_EDGE ( 'NONE', *, *, #2496, .T. ) ;
#534 = EDGE_CURVE ( 'NONE', #1119, #1016, #1604, .T. ) ;
#535 = ORIENTED_EDGE ( 'NONE', *, *, #331, .F. ) ;
#536 = CARTESIAN_POINT ( 'NONE',  ( 1.465797985667429693, 0.1200000000000007588, -2.669832213132898868 ) ) ;
#537 = AXIS2_PLACEMENT_3D ( 'NONE', #1296, #1714, #2129 ) ;
#538 = FILL_AREA_STYLE ('',( #520 ) ) ;
#539 = ORIENTED_EDGE ( 'NONE', *, *, #1793, .T. ) ;
#540 =( NAMED_UNIT ( * ) PLANE_ANGLE_UNIT ( ) SI_UNIT ( $, .RADIAN. ) );
#541 = FACE_OUTER_BOUND ( 'NONE', #1219, .T. ) ;
#542 = ORIENTED_EDGE ( 'NONE', *, *, #628, .F. ) ;
#543 = CARTESIAN_POINT ( 'NONE',  ( -0.9792893218813453204, 0.5661113678114761960, -2.674999999999999378 ) ) ;
#544 = ORIENTED_EDGE ( 'NONE', *, *, #677, .F. ) ;
#545 = ORIENTED_EDGE ( 'NONE', *, *, #812, .F. ) ;
#546 = ADVANCED_FACE ( 'NONE', ( #107 ), #1423, .T. ) ;
#547 =( BOUNDED_CURVE ( )  B_SPLINE_CURVE ( 3, ( #1829, #39, #194, #825 ),
 .UNSPECIFIED., .F., .T. ) 
 B_SPLINE_CURVE_WITH_KNOTS ( ( 4, 4 ),
 ( 6.038805314717495598, 6.283185307179586232 ),
 .UNSPECIFIED. ) 
 CURVE ( )  GEOMETRIC_REPRESENTATION_ITEM ( )  RATIONAL_B_SPLINE_CURVE ( ( 1.000000000000000000, 0.9950293906567031499, 0.9950293906567031499, 1.000000000000000000 ) ) 
 REPRESENTATION_ITEM ( '' )  );
#548 = PRODUCT_RELATED_PRODUCT_CATEGORY ( 'part', '', ( #36 ) ) ;
#549 = VERTEX_POINT ( 'NONE', #2442 ) ;
#550 = AXIS2_PLACEMENT_3D ( 'NONE', #866, #460, #258 ) ;
#551 = EDGE_CURVE ( 'NONE', #255, #2522, #1126, .T. ) ;
#552 = VECTOR ( 'NONE', #749, 1000.000000000000000 ) ;
#553 = CARTESIAN_POINT ( 'NONE',  ( 1.440412320370287214, 0.06999999999999999278, 2.775000000000000355 ) ) ;
#554 = FACE_OUTER_BOUND ( 'NONE', #1734, .T. ) ;
#555 = ORIENTED_EDGE ( 'NONE', *, *, #2327, .T. ) ;
#556 = FACE_OUTER_BOUND ( 'NONE', #1815, .T. ) ;
#557 = FACE_OUTER_BOUND ( 'NONE', #1030, .T. ) ;
#558 = VECTOR ( 'NONE', #1776, 999.9999999999998863 ) ;
#559 = CARTESIAN_POINT ( 'NONE',  ( 1.327563052716871361, 0.7099999999999999645, 2.625000000000000444 ) ) ;
#560 = ORIENTED_EDGE ( 'NONE', *, *, #215, .F. ) ;
#561 = ORIENTED_EDGE ( 'NONE', *, *, #852, .F. ) ;
#562 = CARTESIAN_POINT ( 'NONE',  ( -1.440412320370286992, 0.1200000000000000094, -2.674240387650618889 ) ) ;
#563 = CIRCLE ( 'NONE', #2057, 0.05000000000000000278 ) ;
#564 = ORIENTED_EDGE ( 'NONE', *, *, #1453, .F. ) ;
#565 = VECTOR ( 'NONE', #242, 1000.000000000000000 ) ;
#566 = CARTESIAN_POINT ( 'NONE',  ( 0.8999999999999971356, 0.7600000000000000089, -2.315000000000000391 ) ) ;
#567 = AXIS2_PLACEMENT_3D ( 'NONE', #553, #1563, #1337 ) ;
#568 = SURFACE_STYLE_FILL_AREA ( #538 ) ;
#569 = VERTEX_POINT ( 'NONE', #196 ) ;
#570 = EDGE_CURVE ( 'NONE', #887, #361, #940, .T. ) ;
#571 = CARTESIAN_POINT ( 'NONE',  ( -1.434553482836458338, 0.1199999999999998845, -2.674999999999999378 ) ) ;
#572 = FILL_AREA_STYLE_COLOUR ( '', #2204 ) ;
#573 = ORIENTED_EDGE ( 'NONE', *, *, #534, .T. ) ;
#574 = LINE ( 'NONE', #1397, #829 ) ;
#575 = VECTOR ( 'NONE', #2440, 1000.000000000000000 ) ;
#576 = PRESENTATION_LAYER_ASSIGNMENT (  '', '', ( #306 ) ) ;
#577 = ORIENTED_EDGE ( 'NONE', *, *, #489, .F. ) ;
#578 = ORIENTED_EDGE ( 'NONE', *, *, #1003, .F. ) ;
#579 = CARTESIAN_POINT ( 'NONE',  ( 1.499999999999999556, 0.02000000000000000042, -2.774999999999999467 ) ) ;
#580 = CARTESIAN_POINT ( 'NONE',  ( 1.607499999999993490, 0.7600000000000000089, -1.607500000000011919 ) ) ;
#581 = VECTOR ( 'NONE', #723, 1000.000000000000000 ) ;
#582 = ORIENTED_EDGE ( 'NONE', *, *, #694, .T. ) ;
#583 = CARTESIAN_POINT ( 'NONE',  ( -1.039594720584126275, 0.4841961633825767053, -2.624999999999999112 ) ) ;
#584 = DIRECTION ( 'NONE',  ( -0.000000000000000000, 1.000000000000000000, -0.000000000000000000 ) ) ;
#585 = ORIENTED_EDGE ( 'NONE', *, *, #1672, .T. ) ;
#586 = LINE ( 'NONE', #1634, #1523 ) ;
#587 =( NAMED_UNIT ( * ) SI_UNIT ( $, .STERADIAN. ) SOLID_ANGLE_UNIT ( ) );
#588 = DIRECTION ( 'NONE',  ( 1.151365138922659563E-16, 0.000000000000000000, 1.000000000000000000 ) ) ;
#589 = ADVANCED_FACE ( 'NONE', ( #2217 ), #1532, .T. ) ;
#590 = ORIENTED_EDGE ( 'NONE', *, *, #1956, .F. ) ;
#591 = CARTESIAN_POINT ( 'NONE',  ( -1.419011234299354385, 0.3473370563802210542, -2.645278989383631263 ) ) ;
#592 = DIRECTION ( 'NONE',  ( 1.000000000000000000, 0.000000000000000000, 0.000000000000000000 ) ) ;
#593 = VERTEX_POINT ( 'NONE', #1389 ) ;
#594 = DIRECTION ( 'NONE',  ( 1.535153518563546577E-16, -3.034673185585473817E-33, 1.000000000000000000 ) ) ;
#595 = LINE ( 'NONE', #1440, #1569 ) ;
#596 = VECTOR ( 'NONE', #760, 1000.000000000000000 ) ;
#597 = DIRECTION ( 'NONE',  ( -0.000000000000000000, 1.000000000000000000, 0.000000000000000000 ) ) ;
#598 = CARTESIAN_POINT ( 'NONE',  ( -0.3789961707129012036, 0.8112727073057283134, -2.674999999999999378 ) ) ;
#599 = PLANE ( 'NONE',  #1242 ) ;
#600 = CARTESIAN_POINT ( 'NONE',  ( -0.7250000000000001998, 0.000000000000000000, 1.449999999999999956 ) ) ;
#601 = EDGE_CURVE ( 'NONE', #2258, #818, #2162, .T. ) ;
#602 = ORIENTED_EDGE ( 'NONE', *, *, #1277, .T. ) ;
#603 = FACE_OUTER_BOUND ( 'NONE', #1997, .T. ) ;
#604 = CARTESIAN_POINT ( 'NONE',  ( 1.271133581534729192E-16, 0.02000000000000000042, -0.8499999999999999778 ) ) ;
#605 = ORIENTED_EDGE ( 'NONE', *, *, #2191, .F. ) ;
#606 = CARTESIAN_POINT ( 'NONE',  ( -1.002061392296603515, 0.5027797257057484703, -2.674999999999999378 ) ) ;
#607 = MECHANICAL_DESIGN_GEOMETRIC_PRESENTATION_REPRESENTATION (  '', ( #643 ), #2499 ) ;
#608 = VERTEX_POINT ( 'NONE', #1937 ) ;
#609 = CARTESIAN_POINT ( 'NONE',  ( 1.050000000000000266, 0.1199999999999998845, -2.674999999999999822 ) ) ;
#610 = CARTESIAN_POINT ( 'NONE',  ( -1.300000000000000266, 0.7500000000000000000, -1.914999999999999147 ) ) ;
#611 = LINE ( 'NONE', #180, #1421 ) ;
#612 = SPHERICAL_SURFACE ( 'NONE', #1128, 0.05000000000000000278 ) ;
#613 =( GEOMETRIC_REPRESENTATION_CONTEXT ( 3 ) GLOBAL_UNCERTAINTY_ASSIGNED_CONTEXT ( ( #1349 ) ) GLOBAL_UNIT_ASSIGNED_CONTEXT ( ( #1130, #540, #335 ) ) REPRESENTATION_CONTEXT ( 'NONE', 'WORKASPACE' ) );
#614 = CARTESIAN_POINT ( 'NONE',  ( 1.050000000000000044, 0.06999999999999996503, 2.825000000000000622 ) ) ;
#615 = CARTESIAN_POINT ( 'NONE',  ( 1.050000000000000266, -8.673617379884035472E-16, -2.850000000000000089 ) ) ;
#616 =( GEOMETRIC_REPRESENTATION_CONTEXT ( 3 ) GLOBAL_UNCERTAINTY_ASSIGNED_CONTEXT ( ( #978 ) ) GLOBAL_UNIT_ASSIGNED_CONTEXT ( ( #714, #2147, #1914 ) ) REPRESENTATION_CONTEXT ( 'NONE', 'WORKASPACE' ) );
#617 = EDGE_CURVE ( 'NONE', #773, #167, #1832, .T. ) ;
#618 = ADVANCED_FACE ( 'NONE', ( #1739 ), #736, .T. ) ;
#619 = VERTEX_POINT ( 'NONE', #615 ) ;
#620 = CIRCLE ( 'NONE', #353, 0.05000000000000003053 ) ;
#621 = DIRECTION ( 'NONE',  ( -0.000000000000000000, 0.000000000000000000, 1.000000000000000000 ) ) ;
#622 = DIRECTION ( 'NONE',  ( -0.1736481776669277777, 0.9848077530122085754, -0.000000000000000000 ) ) ;
#623 = SURFACE_SIDE_STYLE ('',( #784 ) ) ;
#624 = CARTESIAN_POINT ( 'NONE',  ( 0.000000000000000000, 0.000000000000000000, 0.000000000000000000 ) ) ;
#625 = DIRECTION ( 'NONE',  ( -0.000000000000000000, -0.000000000000000000, 1.000000000000000000 ) ) ;
#626 = CARTESIAN_POINT ( 'NONE',  ( 1.369518034275735152, 0.7600000000000000089, -2.102420429054626157E-16 ) ) ;
#627 = ORIENTED_EDGE ( 'NONE', *, *, #291, .T. ) ;
#628 = EDGE_CURVE ( 'NONE', #2218, #1830, #1547, .T. ) ;
#629 = PRESENTATION_LAYER_ASSIGNMENT (  '', '', ( #1784 ) ) ;
#630 = LINE ( 'NONE', #1404, #296 ) ;
#631 = EDGE_CURVE ( 'NONE', #1316, #731, #1017, .T. ) ;
#632 = LINE ( 'NONE', #224, #1833 ) ;
#633 = LINE ( 'NONE', #2473, #2640 ) ;
#634 = CARTESIAN_POINT ( 'NONE',  ( -0.7249999999999999778, -8.673617379884035472E-16, -0.8500000000000000888 ) ) ;
#635 = CARTESIAN_POINT ( 'NONE',  ( -1.433126914278540331, 0.1113175911166535553, 2.675000000000000711 ) ) ;
#636 = DIRECTION ( 'NONE',  ( -0.1736481776669277777, 0.9848077530122085754, 0.000000000000000000 ) ) ;
#637 = FACE_OUTER_BOUND ( 'NONE', #1222, .T. ) ;
#638 = ORIENTED_EDGE ( 'NONE', *, *, #2191, .T. ) ;
#639 = FILL_AREA_STYLE_COLOUR ( '', #1373 ) ;
#640 = LINE ( 'NONE', #2077, #2015 ) ;
#641 = CARTESIAN_POINT ( 'NONE',  ( -1.376803440367481368, 0.7186824088833464463, 2.625000000000000444 ) ) ;
#642 = CARTESIAN_POINT ( 'NONE',  ( -1.408295332197236460, 0.5661113678114761960, -2.266704667802763140 ) ) ;
#643 = STYLED_ITEM ( 'NONE', ( #508 ), #1206 ) ;
#644 = DIRECTION ( 'NONE',  ( -0.1736481776669275834, -0.9848077530122086864, -0.000000000000000000 ) ) ;
#645 = ADVANCED_FACE ( 'NONE', ( #2007 ), #2428, .T. ) ;
#646 =( BOUNDED_SURFACE ( )  B_SPLINE_SURFACE ( 3, 2, ( 
 ( #1210, #979, #2635 ),
 ( #779, #1589, #606 ),
 ( #2049, #1415, #399 ),
 ( #2037, #198, #1835 ) ),
 .UNSPECIFIED., .F., .F., .T. ) 
 B_SPLINE_SURFACE_WITH_KNOTS ( ( 4, 4 ),
 ( 3, 3 ),
 ( 2.181661564992918745, 3.141592653589793116 ),
 ( 0.000000000000000000, 1.000000000000000000 ),
 .UNSPECIFIED. ) 
 GEOMETRIC_REPRESENTATION_ITEM ( )  RATIONAL_B_SPLINE_SURFACE ( (
 ( 1.000000000000000000, 0.8383256490387979154, 1.000000000000000000),
 ( 1.000000000000000000, 0.8937971199436370862, 1.000000000000000000),
 ( 1.000000000000000000, 0.9240721101022921768, 1.000000000000000000),
 ( 1.000000000000000000, 0.9238795325112867385, 1.000000000000000000) ) ) 
 REPRESENTATION_ITEM ( '' )  SURFACE ( )  );
#647 = STYLED_ITEM ( 'NONE', ( #1449 ), #276 ) ;
#648 = DIRECTION ( 'NONE',  ( -0.000000000000000000, 1.000000000000000000, -0.000000000000000000 ) ) ;
#649 = CARTESIAN_POINT ( 'NONE',  ( -1.802144660940672383, 0.7600000000000000089, -1.802144660940672383 ) ) ;
#650 = AXIS2_PLACEMENT_3D ( 'NONE', #2626, #1579, #522 ) ;
#651 = VECTOR ( 'NONE', #1863, 1000.000000000000000 ) ;
#652 = DIRECTION ( 'NONE',  ( -2.891205793294677833E-16, 0.000000000000000000, -1.000000000000000000 ) ) ;
#653 = DIRECTION ( 'NONE',  ( 1.000000000000000000, -1.897353801849635915E-15, 0.000000000000000000 ) ) ;
#654 = AXIS2_PLACEMENT_3D ( 'NONE', #2293, #1420, #1865 ) ;
#655 = ORIENTED_EDGE ( 'NONE', *, *, #2550, .F. ) ;
#656 = CARTESIAN_POINT ( 'NONE',  ( -1.050000000000000266, -3.478915224864504552, 2.849999999999999645 ) ) ;
#657 = DIRECTION ( 'NONE',  ( -0.7071067811865474617, 2.168404344971005713E-15, -0.7071067811865474617 ) ) ;
#658 = DIRECTION ( 'NONE',  ( 0.000000000000000000, -1.000000000000000000, 0.000000000000000000 ) ) ;
#659 = VECTOR ( 'NONE', #119, 1000.000000000000000 ) ;
#660 = AXIS2_PLACEMENT_3D ( 'NONE', #664, #2480, #1858 ) ;
#661 = CARTESIAN_POINT ( 'NONE',  ( 1.050000000000000266, 0.02000000000000005246, -2.824999999999999734 ) ) ;
#662 = DIRECTION ( 'NONE',  ( -1.000000000000000000, 0.000000000000000000, -2.891205793294679312E-16 ) ) ;
#663 = ORIENTED_EDGE ( 'NONE', *, *, #551, .F. ) ;
#664 = CARTESIAN_POINT ( 'NONE',  ( -1.050000000000000266, 0.06999999999999999278, 2.775000000000000355 ) ) ;
#665 = SURFACE_SIDE_STYLE ('',( #2026 ) ) ;
#666 = ORIENTED_EDGE ( 'NONE', *, *, #507, .F. ) ;
#667 = LINE ( 'NONE', #2284, #1170 ) ;
#668 = ORIENTED_EDGE ( 'NONE', *, *, #2277, .F. ) ;
#669 = DIRECTION ( 'NONE',  ( 0.7071067811865505703, -0.000000000000000000, 0.7071067811865444641 ) ) ;
#670 = LINE ( 'NONE', #642, #1983 ) ;
#671 = FACE_OUTER_BOUND ( 'NONE', #1402, .T. ) ;
#672 = DIRECTION ( 'NONE',  ( -1.000000000000000000, -0.000000000000000000, -0.000000000000000000 ) ) ;
#673 = VERTEX_POINT ( 'NONE', #1204 ) ;
#674 = EDGE_CURVE ( 'NONE', #1710, #897, #1752, .T. ) ;
#675 = VECTOR ( 'NONE', #2184, 1000.000000000000000 ) ;
#676 = LINE ( 'NONE', #649, #1728 ) ;
#677 = EDGE_CURVE ( 'NONE', #1140, #129, #1820, .T. ) ;
#678 = ORIENTED_EDGE ( 'NONE', *, *, #2118, .T. ) ;
#679 = ORIENTED_EDGE ( 'NONE', *, *, #1202, .F. ) ;
#680 = CIRCLE ( 'NONE', #1484, 0.04999999999999991257 ) ;
#681 = SURFACE_STYLE_USAGE ( .BOTH. , #233 ) ;
#682 = ORIENTED_EDGE ( 'NONE', *, *, #230, .F. ) ;
#683 = PLANE ( 'NONE',  #856 ) ;
#684 = LINE ( 'NONE', #1685, #426 ) ;
#685 = UNCERTAINTY_MEASURE_WITH_UNIT (LENGTH_MEASURE( 1.000000000000000082E-05 ), #2140, 'distance_accuracy_value', 'NONE');
#686 = CARTESIAN_POINT ( 'NONE',  ( -1.499999999999996891, 0.02000000000000005246, 2.804289321881345387 ) ) ;
#687 = CARTESIAN_POINT ( 'NONE',  ( 1.327563052716871361, 0.7099999999999999645, 2.625000000000000444 ) ) ;
#688 = ORIENTED_EDGE ( 'NONE', *, *, #2292, .F. ) ;
#689 = CARTESIAN_POINT ( 'NONE',  ( 1.607500000000005036, 0.7600000000000000089, 1.607499999999987716 ) ) ;
#690 = AXIS2_PLACEMENT_3D ( 'NONE', #174, #1425, #806 ) ;
#691 = EDGE_LOOP ( 'NONE', ( #1720, #2329, #720, #1953 ) ) ;
#692 = ORIENTED_EDGE ( 'NONE', *, *, #570, .F. ) ;
#693 = PLANE ( 'NONE',  #2065 ) ;
#694 = EDGE_CURVE ( 'NONE', #619, #1079, #1804, .T. ) ;
#695 = VECTOR ( 'NONE', #2265, 1000.000000000000114 ) ;
#696 = EDGE_LOOP ( 'NONE', ( #2660, #1708, #1121, #1718 ) ) ;
#697 = CARTESIAN_POINT ( 'NONE',  ( 1.050000000000000266, 0.000000000000000000, -2.100000000000000089 ) ) ;
#698 = CARTESIAN_POINT ( 'NONE',  ( 1.440412320370287214, 0.1200000000000000094, 2.674240387650619777 ) ) ;
#699 = APPLICATION_PROTOCOL_DEFINITION ( 'draft international standard', 'automotive_design', 1998, #771 ) ;
#700 = MECHANICAL_DESIGN_GEOMETRIC_PRESENTATION_REPRESENTATION (  '', ( #1506 ), #262 ) ;
#701 = CYLINDRICAL_SURFACE ( 'NONE', #2450, 0.04999999999999991257 ) ;
#702 = CARTESIAN_POINT ( 'NONE',  ( 1.500000000000000444, 0.06999999999999996503, 2.825000000000000622 ) ) ;
#703 = DIRECTION ( 'NONE',  ( -1.000000000000000000, 8.673617379884033894E-15, 0.000000000000000000 ) ) ;
#704 = DIRECTION ( 'NONE',  ( -0.7071067811865436870, -0.000000000000000000, 0.7071067811865513475 ) ) ;
#705 = ORIENTED_EDGE ( 'NONE', *, *, #1005, .T. ) ;
#706 = VERTEX_POINT ( 'NONE', #2455 ) ;
#707 = CARTESIAN_POINT ( 'NONE',  ( 1.500000000000000444, 0.02000000000000000042, 2.825000000000000622 ) ) ;
#708 = SURFACE_STYLE_USAGE ( .BOTH. , #734 ) ;
#709 = EDGE_CURVE ( 'NONE', #2553, #2137, #1413, .T. ) ;
#710 = ORIENTED_EDGE ( 'NONE', *, *, #551, .T. ) ;
#711 = UNCERTAINTY_MEASURE_WITH_UNIT (LENGTH_MEASURE( 1.000000000000000082E-05 ), #889, 'distance_accuracy_value', 'NONE');
#712 = EDGE_CURVE ( 'NONE', #369, #818, #676, .T. ) ;
#713 = CARTESIAN_POINT ( 'NONE',  ( 1.440412320370286325, 0.1200000000000000094, -2.674240387650618889 ) ) ;
#714 =( LENGTH_UNIT ( ) NAMED_UNIT ( * ) SI_UNIT ( .MILLI., .METRE. ) );
#715 = VERTEX_POINT ( 'NONE', #1485 ) ;
#716 = DIRECTION ( 'NONE',  ( -1.495451272393799296E-16, 0.000000000000000000, 1.000000000000000000 ) ) ;
#717 = DIRECTION ( 'NONE',  ( -1.000000000000000000, 0.000000000000000000, 0.000000000000000000 ) ) ;
#718 = VECTOR ( 'NONE', #1645, 1000.000000000000000 ) ;
#719 = ORIENTED_EDGE ( 'NONE', *, *, #2415, .F. ) ;
#720 = ORIENTED_EDGE ( 'NONE', *, *, #844, .T. ) ;
#721 = FILL_AREA_STYLE_COLOUR ( '', #2461 ) ;
#722 = ORIENTED_EDGE ( 'NONE', *, *, #709, .T. ) ;
#723 = DIRECTION ( 'NONE',  ( 0.000000000000000000, -1.000000000000000000, 0.000000000000000000 ) ) ;
#724 = DIRECTION ( 'NONE',  ( 1.151365138922659563E-16, 0.000000000000000000, 1.000000000000000000 ) ) ;
#725 = DIRECTION ( 'NONE',  ( 0.000000000000000000, -0.000000000000000000, -1.000000000000000000 ) ) ;
#726 = ADVANCED_FACE ( 'NONE', ( #2308 ), #253, .F. ) ;
#727 = ADVANCED_FACE ( 'NONE', ( #2073 ), #1448, .F. ) ;
#728 = ORIENTED_EDGE ( 'NONE', *, *, #2570, .F. ) ;
#729 =( NAMED_UNIT ( * ) SI_UNIT ( $, .STERADIAN. ) SOLID_ANGLE_UNIT ( ) );
#730 = MECHANICAL_DESIGN_GEOMETRIC_PRESENTATION_REPRESENTATION (  '', ( #1536 ), #2311 ) ;
#731 = VERTEX_POINT ( 'NONE', #849 ) ;
#732 = ORIENTED_EDGE ( 'NONE', *, *, #67, .F. ) ;
#733 = PRESENTATION_STYLE_ASSIGNMENT (( #1982 ) ) ;
#734 = SURFACE_SIDE_STYLE ('',( #2567 ) ) ;
#735 = VERTEX_POINT ( 'NONE', #1041 ) ;
#736 = CYLINDRICAL_SURFACE ( 'NONE', #1461, 0.05000000000000005829 ) ;
#737 = DIRECTION ( 'NONE',  ( 3.066586833366744135E-15, -1.000000000000000000, -0.000000000000000000 ) ) ;
#738 = PRESENTATION_LAYER_ASSIGNMENT (  '', '', ( #1418 ) ) ;
#739 = LINE ( 'NONE', #2595, #1621 ) ;
#740 = VERTEX_POINT ( 'NONE', #1678 ) ;
#741 = MECHANICAL_DESIGN_GEOMETRIC_PRESENTATION_REPRESENTATION (  '', ( #2029 ), #616 ) ;
#742 = FACE_OUTER_BOUND ( 'NONE', #292, .T. ) ;
#743 = SURFACE_SIDE_STYLE ('',( #1567 ) ) ;
#744 = EDGE_CURVE ( 'NONE', #1272, #2218, #2390, .T. ) ;
#745 = VECTOR ( 'NONE', #644, 999.9999999999998863 ) ;
#746 = ORIENTED_EDGE ( 'NONE', *, *, #438, .F. ) ;
#747 = CARTESIAN_POINT ( 'NONE',  ( -1.405044043086348005, 0.5585219921087912764, -2.249893322847879240 ) ) ;
#748 = ORIENTED_EDGE ( 'NONE', *, *, #854, .F. ) ;
#749 = DIRECTION ( 'NONE',  ( 1.000000000000000000, -0.000000000000000000, -0.000000000000000000 ) ) ;
#750 = EDGE_LOOP ( 'NONE', ( #951, #753, #130, #319, #1392, #1348, #2367, #2585 ) ) ;
#751 = SPHERICAL_SURFACE ( 'NONE', #567, 0.05000000000000000278 ) ;
#752 = DIRECTION ( 'NONE',  ( 0.000000000000000000, 1.000000000000000000, 0.000000000000000000 ) ) ;
#753 = ORIENTED_EDGE ( 'NONE', *, *, #1594, .T. ) ;
#754 = DIRECTION ( 'NONE',  ( 1.000000000000000000, -8.131516293641297060E-16, 0.000000000000000000 ) ) ;
#755 = DIRECTION ( 'NONE',  ( -0.9848077530122086864, -0.1736481776669263344, 0.000000000000000000 ) ) ;
#756 = PRESENTATION_STYLE_ASSIGNMENT (( #1172 ) ) ;
#757 = ORIENTED_EDGE ( 'NONE', *, *, #441, .T. ) ;
#758 = ORIENTED_EDGE ( 'NONE', *, *, #2039, .F. ) ;
#759 = ORIENTED_EDGE ( 'NONE', *, *, #601, .F. ) ;
#760 = DIRECTION ( 'NONE',  ( -0.000000000000000000, 1.000000000000000000, -0.000000000000000000 ) ) ;
#761 = EDGE_CURVE ( 'NONE', #2110, #443, #1661, .T. ) ;
#762 = ORIENTED_EDGE ( 'NONE', *, *, #2416, .F. ) ;
#763 = VECTOR ( 'NONE', #16, 1000.000000000000000 ) ;
#764 = UNCERTAINTY_MEASURE_WITH_UNIT (LENGTH_MEASURE( 1.000000000000000082E-05 ), #2054, 'distance_accuracy_value', 'NONE');
#765 = DIRECTION ( 'NONE',  ( 0.000000000000000000, -0.000000000000000000, -1.000000000000000000 ) ) ;
#766 = DIRECTION ( 'NONE',  ( 0.000000000000000000, 0.000000000000000000, -1.000000000000000000 ) ) ;
#767 = ORIENTED_EDGE ( 'NONE', *, *, #1917, .F. ) ;
#768 = DIRECTION ( 'NONE',  ( -1.000000000000000000, 0.000000000000000000, 9.366757429680387380E-17 ) ) ;
#769 = DIRECTION ( 'NONE',  ( -1.000000000000000000, 0.000000000000000000, -0.000000000000000000 ) ) ;
#770 = DIRECTION ( 'NONE',  ( -0.000000000000000000, 0.000000000000000000, -1.000000000000000000 ) ) ;
#771 = APPLICATION_CONTEXT ( 'automotive_design' ) ;
#772 = EDGE_LOOP ( 'NONE', ( #963, #2231, #1662, #1507, #1304 ) ) ;
#773 = VERTEX_POINT ( 'NONE', #828 ) ;
#774 = ORIENTED_EDGE ( 'NONE', *, *, #778, .T. ) ;
#775 = CARTESIAN_POINT ( 'NONE',  ( -1.327563052716871139, 0.7099999999999999645, 1.528509818619950408E-16 ) ) ;
#776 = ORIENTED_EDGE ( 'NONE', *, *, #1867, .F. ) ;
#777 = AXIS2_PLACEMENT_3D ( 'NONE', #2670, #2028, #1838 ) ;
#778 = EDGE_CURVE ( 'NONE', #2403, #1053, #453, .T. ) ;
#779 = CARTESIAN_POINT ( 'NONE',  ( -1.031689994676563638, 0.5344566749985838472, -2.654673560132270183 ) ) ;
#780 = VECTOR ( 'NONE', #2176, 1000.000000000000000 ) ;
#781 = LINE ( 'NONE', #163, #126 ) ;
#782 = EDGE_LOOP ( 'NONE', ( #2533, #2268, #357, #293 ) ) ;
#783 = LINE ( 'NONE', #1535, #2625 ) ;
#784 = SURFACE_STYLE_FILL_AREA ( #1814 ) ;
#785 = CIRCLE ( 'NONE', #1676, 0.04999999999999985012 ) ;
#786 = AXIS2_PLACEMENT_3D ( 'NONE', #610, #2051, #2078 ) ;
#787 = DIRECTION ( 'NONE',  ( 0.1736481776669277777, -0.9848077530122085754, -2.510263086328425397E-17 ) ) ;
#788 = ORIENTED_EDGE ( 'NONE', *, *, #844, .F. ) ;
#789 = CARTESIAN_POINT ( 'NONE',  ( -1.500000000000000222, 0.7100000000000000755, 2.625000000000000444 ) ) ;
#790 =( GEOMETRIC_REPRESENTATION_CONTEXT ( 3 ) GLOBAL_UNCERTAINTY_ASSIGNED_CONTEXT ( ( #685 ) ) GLOBAL_UNIT_ASSIGNED_CONTEXT ( ( #2140, #2213, #1530 ) ) REPRESENTATION_CONTEXT ( 'NONE', 'WORKASPACE' ) );
#791 = CARTESIAN_POINT ( 'NONE',  ( 0.000000000000000000, 0.06999999999999999278, 2.775000000000000355 ) ) ;
#792 = VECTOR ( 'NONE', #1866, 1000.000000000000000 ) ;
#793 = ORIENTED_EDGE ( 'NONE', *, *, #901, .T. ) ;
#794 = FACE_OUTER_BOUND ( 'NONE', #1092, .T. ) ;
#795 = ORIENTED_EDGE ( 'NONE', *, *, #1005, .F. ) ;
#796 = CARTESIAN_POINT ( 'NONE',  ( -1.327563052716870917, 0.7100000000000000755, 2.625000000000000444 ) ) ;
#797 = PRESENTATION_STYLE_ASSIGNMENT (( #4 ) ) ;
#798 = FACE_OUTER_BOUND ( 'NONE', #406, .T. ) ;
#799 = DIRECTION ( 'NONE',  ( 0.000000000000000000, -0.1736481776669270838, 0.9848077530122086864 ) ) ;
#800 = CARTESIAN_POINT ( 'NONE',  ( -1.327563052716871361, 0.7099999999999999645, -2.276726269164473404 ) ) ;
#801 = CARTESIAN_POINT ( 'NONE',  ( 0.000000000000000000, 0.02000000000000000042, 2.100000000000000089 ) ) ;
#802 = ORIENTED_EDGE ( 'NONE', *, *, #1859, .T. ) ;
#803 = CARTESIAN_POINT ( 'NONE',  ( -1.440412320370286325, 0.1200000000000000094, 2.674240387650619777 ) ) ;
#804 = DIRECTION ( 'NONE',  ( -1.535153518563546577E-16, -0.000000000000000000, -1.000000000000000000 ) ) ;
#805 = ORIENTED_EDGE ( 'NONE', *, *, #2210, .F. ) ;
#806 = DIRECTION ( 'NONE',  ( -0.9848077530122086864, 0.1736481776669263344, 0.000000000000000000 ) ) ;
#807 = AXIS2_PLACEMENT_3D ( 'NONE', #2027, #2250, #1199 ) ;
#808 = ORIENTED_EDGE ( 'NONE', *, *, #2657, .F. ) ;
#809 = DIRECTION ( 'NONE',  ( -0.9848077530122085754, -0.1736481776669273891, 0.000000000000000000 ) ) ;
#810 = COLOUR_RGB ( '',0.5019607843137254832, 0.5019607843137254832, 0.5019607843137254832 ) ;
#811 = CARTESIAN_POINT ( 'NONE',  ( -3.794707603699263547E-16, 0.7600000000000000089, -2.624999999999999112 ) ) ;
#812 = EDGE_CURVE ( 'NONE', #493, #897, #21, .T. ) ;
#813 = EDGE_CURVE ( 'NONE', #2099, #1343, #839, .T. ) ;
#814 = CYLINDRICAL_SURFACE ( 'NONE', #1854, 0.05000000000000012768 ) ;
#815 = EDGE_CURVE ( 'NONE', #339, #2553, #872, .T. ) ;
#816 = FACE_OUTER_BOUND ( 'NONE', #696, .T. ) ;
#817 = CARTESIAN_POINT ( 'NONE',  ( 1.050000000000000266, -3.478915224864504552, -2.850000000000000089 ) ) ;
#818 = VERTEX_POINT ( 'NONE', #1891 ) ;
#819 = PLANE ( 'NONE',  #2197 ) ;
#820 = DIRECTION ( 'NONE',  ( 0.000000000000000000, 0.000000000000000000, -1.000000000000000000 ) ) ;
#821 = COLOUR_RGB ( '',0.5019607843137254832, 0.5019607843137254832, 0.5019607843137254832 ) ;
#822 =( BOUNDED_CURVE ( )  B_SPLINE_CURVE ( 3, ( #1844, #2479, #1996, #803 ),
 .UNSPECIFIED., .F., .T. ) 
 B_SPLINE_CURVE_WITH_KNOTS ( ( 4, 4 ),
 ( 4.712388980384687898, 6.108652381980178347 ),
 .UNSPECIFIED. ) 
 CURVE ( )  GEOMETRIC_REPRESENTATION_ITEM ( )  RATIONAL_B_SPLINE_CURVE ( ( 1.000000000000000000, 0.8440296287459796432, 0.8440296287459796432, 1.000000000000000000 ) ) 
 REPRESENTATION_ITEM ( '' )  );
#823 = CARTESIAN_POINT ( 'NONE',  ( 0.9000000000000005773, 0.7600000000000000089, 2.314999999999999503 ) ) ;
#824 = FACE_OUTER_BOUND ( 'NONE', #1690, .T. ) ;
#825 = CARTESIAN_POINT ( 'NONE',  ( -1.391505660913084252, 0.5540136285238580482, -2.285595328325225939 ) ) ;
#826 = EDGE_CURVE ( 'NONE', #1767, #506, #1649, .T. ) ;
#827 = CARTESIAN_POINT ( 'NONE',  ( -1.416618749110619024, 0.4928785722659236312, -2.297216359124117702 ) ) ;
#828 = CARTESIAN_POINT ( 'NONE',  ( 1.440412320370286325, 0.1200000000000000094, -2.674240387650618889 ) ) ;
#829 = VECTOR ( 'NONE', #1189, 1000.000000000000000 ) ;
#830 = EDGE_CURVE ( 'NONE', #1119, #1265, #2032, .T. ) ;
#831 = ORIENTED_EDGE ( 'NONE', *, *, #2344, .F. ) ;
#832 = AXIS2_PLACEMENT_3D ( 'NONE', #1717, #2560, #492 ) ;
#833 = DIRECTION ( 'NONE',  ( 0.000000000000000000, 0.000000000000000000, 1.000000000000000000 ) ) ;
#834 = CARTESIAN_POINT ( 'NONE',  ( -1.050000000000000044, 0.1699999999999999845, -2.100000000000000089 ) ) ;
#835 =( NAMED_UNIT ( * ) PLANE_ANGLE_UNIT ( ) SI_UNIT ( $, .RADIAN. ) );
#836 = PLANE ( 'NONE',  #519 ) ;
#837 = CARTESIAN_POINT ( 'NONE',  ( -1.412472136839912684, 0.5163951790497831595, -2.310370334766714606 ) ) ;
#838 = CYLINDRICAL_SURFACE ( 'NONE', #1768, 0.05000000000000006523 ) ;
#839 = LINE ( 'NONE', #208, #2296 ) ;
#840 = ORIENTED_EDGE ( 'NONE', *, *, #2451, .F. ) ;
#841 = VECTOR ( 'NONE', #928, 1000.000000000000000 ) ;
#842 = ADVANCED_FACE ( 'NONE', ( #637 ), #2281, .T. ) ;
#843 = DIRECTION ( 'NONE',  ( 4.336808689942024836E-15, -0.8789916736434995048, 0.4768371185901947862 ) ) ;
#844 = EDGE_CURVE ( 'NONE', #1232, #1158, #2179, .T. ) ;
#845 = DIRECTION ( 'NONE',  ( 0.000000000000000000, 1.000000000000000000, 0.000000000000000000 ) ) ;
#846 = DIRECTION ( 'NONE',  ( 0.000000000000000000, -1.000000000000000000, 0.000000000000000000 ) ) ;
#847 = CARTESIAN_POINT ( 'NONE',  ( 0.000000000000000000, 0.1200000000000000094, 0.000000000000000000 ) ) ;
#848 = FACE_OUTER_BOUND ( 'NONE', #2608, .T. ) ;
#849 = CARTESIAN_POINT ( 'NONE',  ( -0.7249999999999999778, 0.01999999999999918510, -0.8500000000000000888 ) ) ;
#850 = ORIENTED_EDGE ( 'NONE', *, *, #381, .T. ) ;
#851 = CARTESIAN_POINT ( 'NONE',  ( -1.406441204123522359, 0.5505982981195863823, -2.251290483885053373 ) ) ;
#852 = EDGE_CURVE ( 'NONE', #1586, #1016, #2379, .T. ) ;
#853 = LINE ( 'NONE', #2127, #1375 ) ;
#854 = EDGE_CURVE ( 'NONE', #1437, #127, #1089, .T. ) ;
#855 = CARTESIAN_POINT ( 'NONE',  ( -1.489652708020896998, 0.07868240888334639138, 2.775000000000000355 ) ) ;
#856 = AXIS2_PLACEMENT_3D ( 'NONE', #1666, #2538, #1055 ) ;
#857 = CARTESIAN_POINT ( 'NONE',  ( -1.440412320370286992, 0.1200000000000000094, -2.774999999999999467 ) ) ;
#858 = DIRECTION ( 'NONE',  ( 1.000000000000000000, -0.000000000000000000, -0.000000000000000000 ) ) ;
#859 = PRESENTATION_LAYER_ASSIGNMENT (  '', '', ( #2060 ) ) ;
#860 = DIRECTION ( 'NONE',  ( 1.445602896647338917E-16, 0.000000000000000000, 1.000000000000000000 ) ) ;
#861 = COLOUR_RGB ( '',0.5019607843137254832, 0.5019607843137254832, 0.5019607843137254832 ) ;
#862 =( LENGTH_UNIT ( ) NAMED_UNIT ( * ) SI_UNIT ( .MILLI., .METRE. ) );
#863 = VERTEX_POINT ( 'NONE', #2369 ) ;
#864 = VECTOR ( 'NONE', #1264, 1000.000000000000000 ) ;
#865 = ORIENTED_EDGE ( 'NONE', *, *, #1039, .T. ) ;
#866 = CARTESIAN_POINT ( 'NONE',  ( 1.499999999999999556, 0.7600000000000000089, -2.824999999999999734 ) ) ;
#867 = DIRECTION ( 'NONE',  ( -1.000000000000000000, 0.000000000000000000, -4.336808689942006692E-15 ) ) ;
#868 = CARTESIAN_POINT ( 'NONE',  ( 1.431595971334863826, 0.1199999999999998845, 2.675000000000000711 ) ) ;
#869 = SHAPE_DEFINITION_REPRESENTATION ( #2298, #1196 ) ;
#870 = CARTESIAN_POINT ( 'NONE',  ( 0.000000000000000000, 0.7600000000000000089, 2.625000000000000444 ) ) ;
#871 = ORIENTED_EDGE ( 'NONE', *, *, #1441, .T. ) ;
#872 = LINE ( 'NONE', #229, #58 ) ;
#873 = ORIENTED_EDGE ( 'NONE', *, *, #2153, .F. ) ;
#874 = ORIENTED_EDGE ( 'NONE', *, *, #2649, .F. ) ;
#875 = CARTESIAN_POINT ( 'NONE',  ( -1.300000000000000044, 0.7600000000000000089, 2.314999999999999503 ) ) ;
#876 = VERTEX_POINT ( 'NONE', #1705 ) ;
#877 = DIRECTION ( 'NONE',  ( 0.1736481776669402954, 0.9848077530122063550, 0.000000000000000000 ) ) ;
#878 = DIRECTION ( 'NONE',  ( -1.000000000000000000, -0.000000000000000000, -2.891205793294679312E-16 ) ) ;
#879 = CARTESIAN_POINT ( 'NONE',  ( -1.405838989225215441, 0.5540136285238579372, -2.271262000013093640 ) ) ;
#880 = CARTESIAN_POINT ( 'NONE',  ( 1.434553482836457672, 0.1199999999999998845, -2.674999999999999822 ) ) ;
#881 = FACE_OUTER_BOUND ( 'NONE', #268, .T. ) ;
#882 = AXIS2_PLACEMENT_3D ( 'NONE', #2233, #1212, #809 ) ;
#883 = ORIENTED_EDGE ( 'NONE', *, *, #900, .T. ) ;
#884 = ADVANCED_FACE ( 'NONE', ( #2339 ), #266, .T. ) ;
#885 = FILL_AREA_STYLE_COLOUR ( '', #810 ) ;
#886 = EDGE_CURVE ( 'NONE', #1967, #2503, #1314, .T. ) ;
#887 = VERTEX_POINT ( 'NONE', #1285 ) ;
#888 = EDGE_LOOP ( 'NONE', ( #914, #1244, #1896, #86, #1483 ) ) ;
#889 =( LENGTH_UNIT ( ) NAMED_UNIT ( * ) SI_UNIT ( .MILLI., .METRE. ) );
#890 = ORIENTED_EDGE ( 'NONE', *, *, #2279, .F. ) ;
#891 = FACE_OUTER_BOUND ( 'NONE', #902, .T. ) ;
#892 = UNCERTAINTY_MEASURE_WITH_UNIT (LENGTH_MEASURE( 1.000000000000000082E-05 ), #1491, 'distance_accuracy_value', 'NONE');
#893 = DIRECTION ( 'NONE',  ( 0.000000000000000000, -0.000000000000000000, -1.000000000000000000 ) ) ;
#894 = SURFACE_SIDE_STYLE ('',( #1083 ) ) ;
#895 = CARTESIAN_POINT ( 'NONE',  ( 1.299999999999999378, 0.7500000000000000000, -2.315000000000000391 ) ) ;
#896 = PRESENTATION_LAYER_ASSIGNMENT (  '', '', ( #2324 ) ) ;
#897 = VERTEX_POINT ( 'NONE', #2172 ) ;
#898 =( LENGTH_UNIT ( ) NAMED_UNIT ( * ) SI_UNIT ( .MILLI., .METRE. ) );
#899 = CIRCLE ( 'NONE', #88, 0.05000000000000003053 ) ;
#900 = EDGE_CURVE ( 'NONE', #1746, #1710, #98, .T. ) ;
#901 = EDGE_CURVE ( 'NONE', #167, #1, #482, .T. ) ;
#902 = EDGE_LOOP ( 'NONE', ( #1490, #1292, #890, #2548, #1475 ) ) ;
#903 = ORIENTED_EDGE ( 'NONE', *, *, #2118, .F. ) ;
#904 = CARTESIAN_POINT ( 'NONE',  ( -1.465797985667430137, 0.1200000000000007172, -2.669832213132898868 ) ) ;
#905 = EDGE_CURVE ( 'NONE', #2426, #2034, #112, .T. ) ;
#906 = DIRECTION ( 'NONE',  ( 0.000000000000000000, 1.000000000000000000, 0.000000000000000000 ) ) ;
#907 = ORIENTED_EDGE ( 'NONE', *, *, #420, .F. ) ;
#908 = DIRECTION ( 'NONE',  ( -0.1736481776669275834, -0.9848077530122086864, 2.510263086328422316E-17 ) ) ;
#909 = MECHANICAL_DESIGN_GEOMETRIC_PRESENTATION_REPRESENTATION (  '', ( #1722 ), #790 ) ;
#910 = VECTOR ( 'NONE', #2460, 1000.000000000000000 ) ;
#911 = CARTESIAN_POINT ( 'NONE',  ( 1.499999999999999556, 0.02000000000000000042, -2.824999999999999734 ) ) ;
#912 = AXIS2_PLACEMENT_3D ( 'NONE', #184, #2676, #1000 ) ;
#913 = SURFACE_STYLE_USAGE ( .BOTH. , #1112 ) ;
#914 = ORIENTED_EDGE ( 'NONE', *, *, #1085, .T. ) ;
#915 = FILL_AREA_STYLE_COLOUR ( '', #2420 ) ;
#916 = SURFACE_STYLE_USAGE ( .BOTH. , #1117 ) ;
#917 = ORIENTED_EDGE ( 'NONE', *, *, #230, .T. ) ;
#918 = ORIENTED_EDGE ( 'NONE', *, *, #1809, .F. ) ;
#919 = DIRECTION ( 'NONE',  ( -0.9848077530122085754, -0.1736481776669276667, 0.000000000000000000 ) ) ;
#920 =( BOUNDED_SURFACE ( )  B_SPLINE_SURFACE ( 3, 2, ( 
 ( #1409, #1431, #193 ),
 ( #1048, #1444, #19 ),
 ( #2253, #2031, #1227 ),
 ( #996, #837, #1647 ) ),
 .UNSPECIFIED., .F., .F., .T. ) 
 B_SPLINE_SURFACE_WITH_KNOTS ( ( 4, 4 ),
 ( 3, 3 ),
 ( 0.000000000000000000, 0.7155510961347845145 ),
 ( 0.000000000000000000, 1.000000000000000000 ),
 .UNSPECIFIED. ) 
 GEOMETRIC_REPRESENTATION_ITEM ( )  RATIONAL_B_SPLINE_SURFACE ( (
 ( 1.000000000000000000, 0.9267385130215743949, 1.000000000000000000),
 ( 1.000000000000000000, 0.9267964113763412781, 1.000000000000000000),
 ( 1.000000000000000000, 0.9100063292869331466, 1.000000000000000000),
 ( 1.000000000000000000, 0.8779699251933362758, 1.000000000000000000) ) ) 
 REPRESENTATION_ITEM ( '' )  SURFACE ( )  );
#921 = EDGE_CURVE ( 'NONE', #863, #1354, #72, .T. ) ;
#922 = CARTESIAN_POINT ( 'NONE',  ( -1.050000000000000488, 0.06999999999999996503, 2.825000000000000622 ) ) ;
#923 = ORIENTED_EDGE ( 'NONE', *, *, #1251, .F. ) ;
#924 = DIRECTION ( 'NONE',  ( 0.000000000000000000, 0.000000000000000000, -1.000000000000000000 ) ) ;
#925 = ADVANCED_FACE ( 'NONE', ( #1905 ), #322, .F. ) ;
#926 = EDGE_CURVE ( 'NONE', #2110, #164, #947, .T. ) ;
#927 = FACE_OUTER_BOUND ( 'NONE', #1303, .T. ) ;
#928 = DIRECTION ( 'NONE',  ( 2.891205793294681285E-16, 0.000000000000000000, -1.000000000000000000 ) ) ;
#929 = CARTESIAN_POINT ( 'NONE',  ( 1.489652708020897665, 0.07868240888334640526, 2.625000000000000444 ) ) ;
#930 = DIRECTION ( 'NONE',  ( -0.1736481776669277777, 0.9848077530122085754, 0.000000000000000000 ) ) ;
#931 = SURFACE_SIDE_STYLE ('',( #1384 ) ) ;
#932 = VERTEX_POINT ( 'NONE', #1556 ) ;
#933 = CARTESIAN_POINT ( 'NONE',  ( -1.500000000000000222, 0.1199999999999998845, 2.675000000000000711 ) ) ;
#934 = ORIENTED_EDGE ( 'NONE', *, *, #2130, .F. ) ;
#935 = VECTOR ( 'NONE', #1551, 1000.000000000000000 ) ;
#936 = ORIENTED_EDGE ( 'NONE', *, *, #2346, .F. ) ;
#937 = CARTESIAN_POINT ( 'NONE',  ( 1.327563052716871361, 0.7099999999999999645, 2.625000000000000444 ) ) ;
#938 = DIRECTION ( 'NONE',  ( -1.151365138922659563E-16, -4.681472543410286357E-35, -1.000000000000000000 ) ) ;
#939 = ORIENTED_EDGE ( 'NONE', *, *, #1994, .T. ) ;
#940 = LINE ( 'NONE', #580, #1256 ) ;
#941 = PLANE ( 'NONE',  #469 ) ;
#942 = CYLINDRICAL_SURFACE ( 'NONE', #1433, 0.05000000000000012768 ) ;
#943 = ORIENTED_EDGE ( 'NONE', *, *, #744, .T. ) ;
#944 = FILL_AREA_STYLE ('',( #165 ) ) ;
#945 = CARTESIAN_POINT ( 'NONE',  ( 1.440412320370287214, 0.1200000000000000094, 2.775000000000000355 ) ) ;
#946 = DIRECTION ( 'NONE',  ( -0.000000000000000000, 0.000000000000000000, -1.000000000000000000 ) ) ;
#947 = LINE ( 'NONE', #1762, #675 ) ;
#948 = ORIENTED_EDGE ( 'NONE', *, *, #1208, .T. ) ;
#949 = ORIENTED_EDGE ( 'NONE', *, *, #1672, .F. ) ;
#950 = LINE ( 'NONE', #146, #6 ) ;
#951 = ORIENTED_EDGE ( 'NONE', *, *, #1363, .T. ) ;
#952 = VECTOR ( 'NONE', #2252, 1000.000000000000000 ) ;
#953 = CARTESIAN_POINT ( 'NONE',  ( 0.7249999999999999778, 0.02000000000000000042, 1.449999999999999956 ) ) ;
#954 = VERTEX_POINT ( 'NONE', #543 ) ;
#955 = COLOUR_RGB ( '',0.5019607843137254832, 0.5019607843137254832, 0.5019607843137254832 ) ;
#956 = CARTESIAN_POINT ( 'NONE',  ( -1.410611485394336118, 0.5269474577657278225, -2.255460765155867353 ) ) ;
#957 = CARTESIAN_POINT ( 'NONE',  ( 1.050000000000000266, -3.478915224864504552, -2.100000000000000089 ) ) ;
#958 = ADVANCED_FACE ( 'NONE', ( #2398 ), #338, .T. ) ;
#959 = STYLED_ITEM ( 'NONE', ( #756 ), #2546 ) ;
#960 = LINE ( 'NONE', #321, #1026 ) ;
#961 = EDGE_CURVE ( 'NONE', #1643, #1539, #2597, .T. ) ;
#962 = EDGE_CURVE ( 'NONE', #2553, #2414, #2536, .T. ) ;
#963 = ORIENTED_EDGE ( 'NONE', *, *, #921, .T. ) ;
#964 = ORIENTED_EDGE ( 'NONE', *, *, #962, .F. ) ;
#965 = CARTESIAN_POINT ( 'NONE',  ( 1.050000000000000044, 0.1699999999999999845, 2.850000000000000089 ) ) ;
#966 = ORIENTED_EDGE ( 'NONE', *, *, #1084, .F. ) ;
#967 = DIRECTION ( 'NONE',  ( -1.151365138922659563E-16, -4.681472543410286357E-35, -1.000000000000000000 ) ) ;
#968 = PLANE ( 'NONE',  #1648 ) ;
#969 = ORIENTED_EDGE ( 'NONE', *, *, #140, .F. ) ;
#970 = FACE_OUTER_BOUND ( 'NONE', #2454, .T. ) ;
#971 = CIRCLE ( 'NONE', #272, 0.05000000000000012768 ) ;
#972 = DIRECTION ( 'NONE',  ( -0.1736481776669277777, 0.9848077530122085754, -0.000000000000000000 ) ) ;
#973 = ORIENTED_EDGE ( 'NONE', *, *, #761, .T. ) ;
#974 = ORIENTED_EDGE ( 'NONE', *, *, #2070, .T. ) ;
#975 = ADVANCED_FACE ( 'NONE', ( #556 ), #1786, .F. ) ;
#976 = FACE_OUTER_BOUND ( 'NONE', #750, .T. ) ;
#977 = ORIENTED_EDGE ( 'NONE', *, *, #1236, .F. ) ;
#978 = UNCERTAINTY_MEASURE_WITH_UNIT (LENGTH_MEASURE( 1.000000000000000082E-05 ), #714, 'distance_accuracy_value', 'NONE');
#979 = CARTESIAN_POINT ( 'NONE',  ( -1.054022211333129233, 0.5133354570560206831, -2.674999999999999378 ) ) ;
#980 = CARTESIAN_POINT ( 'NONE',  ( 1.327563052716870473, 0.7099999999999999645, -2.624999999999999556 ) ) ;
#981 = ORIENTED_EDGE ( 'NONE', *, *, #1297, .F. ) ;
#982 = PLANE ( 'NONE',  #2104 ) ;
#983 = CARTESIAN_POINT ( 'NONE',  ( -1.300000000000000266, 0.7600000000000000089, -1.914999999999999147 ) ) ;
#984 = EDGE_LOOP ( 'NONE', ( #977, #101, #1703, #1706 ) ) ;
#985 = PRESENTATION_STYLE_ASSIGNMENT (( #708 ) ) ;
#986 = DIRECTION ( 'NONE',  ( -0.9848077530122082424, 0.1736481776669295263, 0.000000000000000000 ) ) ;
#987 = CARTESIAN_POINT ( 'NONE',  ( 0.000000000000000000, 0.02000000000000000042, 1.449999999999999956 ) ) ;
#988 = ORIENTED_EDGE ( 'NONE', *, *, #1084, .T. ) ;
#989 = EDGE_CURVE ( 'NONE', #549, #2034, #1022, .T. ) ;
#990 = DIRECTION ( 'NONE',  ( 0.1710878697460328224, 0.9702875252478149193, -0.1710878697460328224 ) ) ;
#991 = PLANE ( 'NONE',  #87 ) ;
#992 = EDGE_LOOP ( 'NONE', ( #2401, #560, #467, #500 ) ) ;
#993 = DIRECTION ( 'NONE',  ( -2.891205793294677833E-16, 0.000000000000000000, -1.000000000000000000 ) ) ;
#994 = CARTESIAN_POINT ( 'NONE',  ( -1.964430714801986833, -2.901855993485811691, 2.625000000000000444 ) ) ;
#995 = AXIS2_PLACEMENT_3D ( 'NONE', #2315, #1294, #657 ) ;
#996 = CARTESIAN_POINT ( 'NONE',  ( -1.387657350843640724, 0.5251537655970267560, -2.317495348507749853 ) ) ;
#997 = EDGE_LOOP ( 'NONE', ( #776, #1651, #722, #2201, #1944 ) ) ;
#998 = VECTOR ( 'NONE', #216, 1000.000000000000000 ) ;
#999 = CARTESIAN_POINT ( 'NONE',  ( -1.300000000000000266, 0.7500000000000000000, -2.315000000000000391 ) ) ;
#1000 = DIRECTION ( 'NONE',  ( 0.000000000000000000, 0.000000000000000000, -1.000000000000000000 ) ) ;
#1001 = VECTOR ( 'NONE', #2108, 1000.000000000000000 ) ;
#1002 = ORIENTED_EDGE ( 'NONE', *, *, #2467, .T. ) ;
#1003 = EDGE_CURVE ( 'NONE', #673, #1361, #2565, .T. ) ;
#1004 = FACE_BOUND ( 'NONE', #185, .T. ) ;
#1005 = EDGE_CURVE ( 'NONE', #324, #2493, #452, .T. ) ;
#1006 = DIRECTION ( 'NONE',  ( 0.7071067811865445751, 0.000000000000000000, -0.7071067811865505703 ) ) ;
#1007 = FACE_OUTER_BOUND ( 'NONE', #288, .T. ) ;
#1008 = EDGE_CURVE ( 'NONE', #2345, #1539, #498, .T. ) ;
#1009 =( NAMED_UNIT ( * ) SI_UNIT ( $, .STERADIAN. ) SOLID_ANGLE_UNIT ( ) );
#1010 = EDGE_CURVE ( 'NONE', #1344, #1, #1152, .T. ) ;
#1011 =( GEOMETRIC_REPRESENTATION_CONTEXT ( 3 ) GLOBAL_UNCERTAINTY_ASSIGNED_CONTEXT ( ( #1939 ) ) GLOBAL_UNIT_ASSIGNED_CONTEXT ( ( #1481, #1110, #237 ) ) REPRESENTATION_CONTEXT ( 'NONE', 'WORKASPACE' ) );
#1012 =( BOUNDED_CURVE ( )  B_SPLINE_CURVE ( 3, ( #231, #1650, #24, #455 ),
 .UNSPECIFIED., .F., .T. ) 
 B_SPLINE_CURVE_WITH_KNOTS ( ( 4, 4 ),
 ( 3.316125578789211215, 4.712388980384693227 ),
 .UNSPECIFIED. ) 
 CURVE ( )  GEOMETRIC_REPRESENTATION_ITEM ( )  RATIONAL_B_SPLINE_CURVE ( ( 1.000000000000000000, 0.8440296287459814195, 0.8440296287459814195, 1.000000000000000000 ) ) 
 REPRESENTATION_ITEM ( '' )  );
#1013 = FILL_AREA_STYLE_COLOUR ( '', #2023 ) ;
#1014 = CARTESIAN_POINT ( 'NONE',  ( 1.478969826288114797, 0.02000000000000005246, -2.824999999999999734 ) ) ;
#1015 = DIRECTION ( 'NONE',  ( -1.535153518563546577E-16, -0.000000000000000000, -1.000000000000000000 ) ) ;
#1016 = VERTEX_POINT ( 'NONE', #2200 ) ;
#1017 = LINE ( 'NONE', #604, #2071 ) ;
#1018 = ORIENTED_EDGE ( 'NONE', *, *, #439, .F. ) ;
#1019 = CARTESIAN_POINT ( 'NONE',  ( 1.327563052716870473, 0.7100000000000000755, -2.674999999999999822 ) ) ;
#1020 = CIRCLE ( 'NONE', #1699, 0.04999999999999995420 ) ;
#1021 = FACE_OUTER_BOUND ( 'NONE', #133, .T. ) ;
#1022 = CIRCLE ( 'NONE', #206, 0.05000000000000012768 ) ;
#1023 = DIRECTION ( 'NONE',  ( 0.000000000000000000, 1.000000000000000000, 0.000000000000000000 ) ) ;
#1024 = DIRECTION ( 'NONE',  ( 0.000000000000000000, -1.000000000000000000, 0.000000000000000000 ) ) ;
#1025 = EDGE_CURVE ( 'NONE', #510, #443, #1920, .T. ) ;
#1026 = VECTOR ( 'NONE', #1146, 1000.000000000000000 ) ;
#1027 = CARTESIAN_POINT ( 'NONE',  ( -1.607499999999994822, 0.7600000000000000089, 1.607500000000008367 ) ) ;
#1028 = DIRECTION ( 'NONE',  ( -1.000000000000000000, 0.000000000000000000, -0.000000000000000000 ) ) ;
#1029 = CARTESIAN_POINT ( 'NONE',  ( -1.300000000000000044, 0.7500000000000000000, 2.314999999999999503 ) ) ;
#1030 = EDGE_LOOP ( 'NONE', ( #2093, #221, #1984 ) ) ;
#1031 = CYLINDRICAL_SURFACE ( 'NONE', #690, 0.05000000000000005135 ) ;
#1032 = AXIS2_PLACEMENT_3D ( 'NONE', #2044, #1435, #352 ) ;
#1033 = CARTESIAN_POINT ( 'NONE',  ( -0.9792893218813453204, 0.5661113678114761960, -2.674999999999999378 ) ) ;
#1034 = STYLED_ITEM ( 'NONE', ( #1476 ), #2097 ) ;
#1035 = CARTESIAN_POINT ( 'NONE',  ( 1.050000000000000266, 0.06999999999999996503, -2.824999999999999734 ) ) ;
#1036 = DIRECTION ( 'NONE',  ( 0.000000000000000000, -0.000000000000000000, -1.000000000000000000 ) ) ;
#1037 = EDGE_CURVE ( 'NONE', #127, #2323, #1749, .T. ) ;
#1038 = CARTESIAN_POINT ( 'NONE',  ( -1.014644660940673182, 0.5494659097447581741, -2.660355339059327306 ) ) ;
#1039 = EDGE_CURVE ( 'NONE', #2433, #167, #1161, .T. ) ;
#1040 = ADVANCED_FACE ( 'NONE', ( #1781 ), #325, .T. ) ;
#1041 = CARTESIAN_POINT ( 'NONE',  ( 1.489652708020896776, 0.07868240888334641914, -2.624999999999999556 ) ) ;
#1042 = VECTOR ( 'NONE', #2551, 999.9999999999998863 ) ;
#1043 = ORIENTED_EDGE ( 'NONE', *, *, #49, .T. ) ;
#1044 = LINE ( 'NONE', #875, #864 ) ;
#1045 = CARTESIAN_POINT ( 'NONE',  ( -1.499999999999997558, 0.02000000000000005246, -2.804289321881345387 ) ) ;
#1046 = DIRECTION ( 'NONE',  ( 0.000000000000000000, -0.000000000000000000, -1.000000000000000000 ) ) ;
#1047 = DIRECTION ( 'NONE',  ( -0.1736481776669275556, -0.9848077530122085754, 0.000000000000000000 ) ) ;
#1048 = CARTESIAN_POINT ( 'NONE',  ( -1.393558226604593386, 0.5423729252430875558, -2.287647902759359031 ) ) ;
#1049 = CARTESIAN_POINT ( 'NONE',  ( -1.059873709967758648, 0.5251537655970266449, -2.645278989383631263 ) ) ;
#1050 = CARTESIAN_POINT ( 'NONE',  ( -1.233751090497756886, 1.242034075795934944, 2.775000000000000355 ) ) ;
#1051 = EDGE_CURVE ( 'NONE', #2414, #1631, #950, .T. ) ;
#1052 = FILL_AREA_STYLE ('',( #1878 ) ) ;
#1053 = VERTEX_POINT ( 'NONE', #965 ) ;
#1054 = LINE ( 'NONE', #2076, #1540 ) ;
#1055 = DIRECTION ( 'NONE',  ( -1.000000000000000000, 0.000000000000000000, -0.000000000000000000 ) ) ;
#1056 = LINE ( 'NONE', #431, #1328 ) ;
#1057 = PRESENTATION_STYLE_ASSIGNMENT (( #1885 ) ) ;
#1058 = STYLED_ITEM ( 'NONE', ( #1887 ), #1472 ) ;
#1059 = FACE_OUTER_BOUND ( 'NONE', #1559, .T. ) ;
#1060 = DIRECTION ( 'NONE',  ( -0.7071067811865505703, -0.000000000000000000, -0.7071067811865444641 ) ) ;
#1061 = SURFACE_SIDE_STYLE ('',( #1252 ) ) ;
#1062 = SURFACE_STYLE_FILL_AREA ( #2074 ) ;
#1063 = ORIENTED_EDGE ( 'NONE', *, *, #1453, .T. ) ;
#1064 = ORIENTED_EDGE ( 'NONE', *, *, #905, .F. ) ;
#1065 = SURFACE_SIDE_STYLE ('',( #1684 ) ) ;
#1066 = DIRECTION ( 'NONE',  ( 0.000000000000000000, 0.000000000000000000, 1.000000000000000000 ) ) ;
#1067 = CARTESIAN_POINT ( 'NONE',  ( 1.437499740113892255, 0.1199999999999998845, 2.674746151904442204 ) ) ;
#1068 = VECTOR ( 'NONE', #1968, 1000.000000000000000 ) ;
#1069 = SURFACE_STYLE_FILL_AREA ( #2105 ) ;
#1070 = CARTESIAN_POINT ( 'NONE',  ( -0.9000000000000029088, 0.7500000000000000000, -2.315000000000000391 ) ) ;
#1071 =( BOUNDED_SURFACE ( )  B_SPLINE_SURFACE ( 3, 2, ( 
 ( #38, #2079, #66 ),
 ( #1686, #1898, #2524 ),
 ( #1295, #462, #2089 ),
 ( #2556, #879, #1657 ) ),
 .UNSPECIFIED., .F., .F., .T. ) 
 B_SPLINE_SURFACE_WITH_KNOTS ( ( 4, 4 ),
 ( 3, 3 ),
 ( 6.038805314717494710, 6.283185307179586232 ),
 ( 0.000000000000000000, 1.000000000000000000 ),
 .UNSPECIFIED. ) 
 GEOMETRIC_REPRESENTATION_ITEM ( )  RATIONAL_B_SPLINE_SURFACE ( (
 ( 1.000000000000000000, 0.9209680342769828165, 1.000000000000000000),
 ( 1.000000000000000000, 0.9248086188472961489, 1.000000000000000000),
 ( 1.000000000000000000, 0.9267392829270282295, 1.000000000000000000),
 ( 1.000000000000000000, 0.9267385130215743949, 1.000000000000000000) ) ) 
 REPRESENTATION_ITEM ( '' )  SURFACE ( )  );
#1072 = ORIENTED_EDGE ( 'NONE', *, *, #2570, .T. ) ;
#1073 = DIRECTION ( 'NONE',  ( 1.000000000000000000, 0.000000000000000000, 0.000000000000000000 ) ) ;
#1074 = AXIS2_PLACEMENT_3D ( 'NONE', #1214, #1443, #2235 ) ;
#1075 = LINE ( 'NONE', #2082, #565 ) ;
#1076 = VERTEX_POINT ( 'NONE', #314 ) ;
#1077 = SURFACE_STYLE_FILL_AREA ( #1871 ) ;
#1078 = VECTOR ( 'NONE', #858, 1000.000000000000000 ) ;
#1079 = VERTEX_POINT ( 'NONE', #1572 ) ;
#1080 = CARTESIAN_POINT ( 'NONE',  ( -1.050000000000000266, 0.1699999999999999845, 2.849999999999999645 ) ) ;
#1081 = UNCERTAINTY_MEASURE_WITH_UNIT (LENGTH_MEASURE( 1.000000000000000082E-05 ), #1733, 'distance_accuracy_value', 'NONE');
#1082 = DIRECTION ( 'NONE',  ( 0.000000000000000000, -0.000000000000000000, -1.000000000000000000 ) ) ;
#1083 = SURFACE_STYLE_FILL_AREA ( #79 ) ;
#1084 = EDGE_CURVE ( 'NONE', #1918, #2414, #2591, .T. ) ;
#1085 = EDGE_CURVE ( 'NONE', #74, #483, #2017, .T. ) ;
#1086 = CARTESIAN_POINT ( 'NONE',  ( 1.440412320370286769, 0.06999999999999999278, -2.211254041798728343E-16 ) ) ;
#1087 = CARTESIAN_POINT ( 'NONE',  ( 1.489652708020897665, 0.07868240888334640526, 2.775000000000000355 ) ) ;
#1088 = ORIENTED_EDGE ( 'NONE', *, *, #1207, .F. ) ;
#1089 = LINE ( 'NONE', #527, #2516 ) ;
#1090 =( BOUNDED_CURVE ( )  B_SPLINE_CURVE ( 3, ( #1282, #880, #2571, #713 ),
 .UNSPECIFIED., .F., .T. ) 
 B_SPLINE_CURVE_WITH_KNOTS ( ( 4, 4 ),
 ( 4.712388980384689674, 4.886921905584086900 ),
 .UNSPECIFIED. ) 
 CURVE ( )  GEOMETRIC_REPRESENTATION_ITEM ( )  RATIONAL_B_SPLINE_CURVE ( ( 1.000000000000000000, 0.9974631320611646590, 0.9974631320611646590, 1.000000000000000000 ) ) 
 REPRESENTATION_ITEM ( '' )  );
#1091 = ORIENTED_EDGE ( 'NONE', *, *, #1956, .T. ) ;
#1092 = EDGE_LOOP ( 'NONE', ( #2167, #1486, #106, #533, #312 ) ) ;
#1093 = DIRECTION ( 'NONE',  ( 0.000000000000000000, 1.000000000000000000, 0.000000000000000000 ) ) ;
#1094 =( GEOMETRIC_REPRESENTATION_CONTEXT ( 3 ) GLOBAL_UNCERTAINTY_ASSIGNED_CONTEXT ( ( #121 ) ) GLOBAL_UNIT_ASSIGNED_CONTEXT ( ( #1741, #1129, #2582 ) ) REPRESENTATION_CONTEXT ( 'NONE', 'WORKASPACE' ) );
#1095 = VERTEX_POINT ( 'NONE', #1332 ) ;
#1096 = DIRECTION ( 'NONE',  ( 0.000000000000000000, -1.000000000000000000, -0.000000000000000000 ) ) ;
#1097 = CARTESIAN_POINT ( 'NONE',  ( 1.050000000000000044, -3.478915224864504552, 2.100000000000000089 ) ) ;
#1098 = ADVANCED_FACE ( 'NONE', ( #1137 ), #2019, .T. ) ;
#1099 = SPHERICAL_SURFACE ( 'NONE', #1743, 0.05000000000000000278 ) ;
#1100 = DIRECTION ( 'NONE',  ( -0.9848077530122091305, -0.1736481776669242527, 0.000000000000000000 ) ) ;
#1101 = VECTOR ( 'NONE', #993, 1000.000000000000000 ) ;
#1102 = ADVANCED_FACE ( 'NONE', ( #976 ), #2675, .F. ) ;
#1103 = CARTESIAN_POINT ( 'NONE',  ( -1.233751090497757774, 1.242034075795934944, -2.774999999999999467 ) ) ;
#1104 = ORIENTED_EDGE ( 'NONE', *, *, #1037, .F. ) ;
#1105 = ORIENTED_EDGE ( 'NONE', *, *, #1610, .F. ) ;
#1106 =( NAMED_UNIT ( * ) SI_UNIT ( $, .STERADIAN. ) SOLID_ANGLE_UNIT ( ) );
#1107 = SPHERICAL_SURFACE ( 'NONE', #223, 0.05000000000000000278 ) ;
#1108 = CARTESIAN_POINT ( 'NONE',  ( -1.440412320370286769, 0.06999999999999999278, 1.658440531349045518E-16 ) ) ;
#1109 = CARTESIAN_POINT ( 'NONE',  ( -1.478969826288115241, 0.02000000000000005246, 2.825000000000000622 ) ) ;
#1110 =( NAMED_UNIT ( * ) PLANE_ANGLE_UNIT ( ) SI_UNIT ( $, .RADIAN. ) );
#1111 = DIRECTION ( 'NONE',  ( -0.000000000000000000, 1.000000000000000000, -0.000000000000000000 ) ) ;
#1112 = SURFACE_SIDE_STYLE ('',( #1310 ) ) ;
#1113 = ORIENTED_EDGE ( 'NONE', *, *, #47, .F. ) ;
#1114 = ADVANCED_FACE ( 'NONE', ( #603 ), #1192, .F. ) ;
#1115 = PLANE ( 'NONE',  #2374 ) ;
#1116 = PRESENTATION_LAYER_ASSIGNMENT (  '', '', ( #647 ) ) ;
#1117 = SURFACE_SIDE_STYLE ('',( #278 ) ) ;
#1118 =( GEOMETRIC_REPRESENTATION_CONTEXT ( 3 ) GLOBAL_UNCERTAINTY_ASSIGNED_CONTEXT ( ( #1403 ) ) GLOBAL_UNIT_ASSIGNED_CONTEXT ( ( #2622, #1730, #1520 ) ) REPRESENTATION_CONTEXT ( 'NONE', 'WORKASPACE' ) );
#1119 = VERTEX_POINT ( 'NONE', #591 ) ;
#1120 = ADVANCED_FACE ( 'NONE', ( #816 ), #2630, .T. ) ;
#1121 = ORIENTED_EDGE ( 'NONE', *, *, #188, .F. ) ;
#1122 = FILL_AREA_STYLE ('',( #721 ) ) ;
#1123 = VECTOR ( 'NONE', #2509, 1000.000000000000000 ) ;
#1124 = CARTESIAN_POINT ( 'NONE',  ( -1.398110109798364586, 0.3099077577461877286, -2.674999999999999378 ) ) ;
#1125 = ORIENTED_EDGE ( 'NONE', *, *, #744, .F. ) ;
#1126 = LINE ( 'NONE', #1629, #659 ) ;
#1127 = DIRECTION ( 'NONE',  ( 0.1736481776669275834, 0.9848077530122086864, -0.000000000000000000 ) ) ;
#1128 = AXIS2_PLACEMENT_3D ( 'NONE', #1432, #2452, #403 ) ;
#1129 =( NAMED_UNIT ( * ) PLANE_ANGLE_UNIT ( ) SI_UNIT ( $, .RADIAN. ) );
#1130 =( LENGTH_UNIT ( ) NAMED_UNIT ( * ) SI_UNIT ( .MILLI., .METRE. ) );
#1131 = VECTOR ( 'NONE', #804, 1000.000000000000000 ) ;
#1132 = VECTOR ( 'NONE', #1691, 1000.000000000000000 ) ;
#1133 = ORIENTED_EDGE ( 'NONE', *, *, #1873, .T. ) ;
#1134 = PLANE ( 'NONE',  #1663 ) ;
#1135 = ORIENTED_EDGE ( 'NONE', *, *, #2153, .T. ) ;
#1136 = VERTEX_POINT ( 'NONE', #183 ) ;
#1137 = FACE_OUTER_BOUND ( 'NONE', #2008, .T. ) ;
#1138 = VECTOR ( 'NONE', #1419, 1000.000000000000000 ) ;
#1139 = DIRECTION ( 'NONE',  ( 0.1736481776669275834, 0.9848077530122086864, -2.510263086328422316E-17 ) ) ;
#1140 = VERTEX_POINT ( 'NONE', #1399 ) ;
#1141 = CARTESIAN_POINT ( 'NONE',  ( 1.300000000000000044, 0.7500000000000000000, 1.914999999999995595 ) ) ;
#1142 = DIRECTION ( 'NONE',  ( -0.000000000000000000, 1.000000000000000000, 0.000000000000000000 ) ) ;
#1143 = DIRECTION ( 'NONE',  ( 1.000000000000000000, 0.000000000000000000, 0.000000000000000000 ) ) ;
#1144 = VERTEX_POINT ( 'NONE', #614 ) ;
#1145 = CARTESIAN_POINT ( 'NONE',  ( -1.431595971334864048, 0.1199999999999998845, -2.674999999999999378 ) ) ;
#1146 = DIRECTION ( 'NONE',  ( 0.7071067811865443531, -0.000000000000000000, -0.7071067811865506814 ) ) ;
#1147 = CARTESIAN_POINT ( 'NONE',  ( 0.7249999999999999778, -3.478915224864504552, 1.449999999999999956 ) ) ;
#1148 = VECTOR ( 'NONE', #1270, 999.9999999999998863 ) ;
#1149 = ORIENTED_EDGE ( 'NONE', *, *, #409, .T. ) ;
#1150 =( GEOMETRIC_REPRESENTATION_CONTEXT ( 3 ) GLOBAL_UNCERTAINTY_ASSIGNED_CONTEXT ( ( #2102 ) ) GLOBAL_UNIT_ASSIGNED_CONTEXT ( ( #898, #1526, #729 ) ) REPRESENTATION_CONTEXT ( 'NONE', 'WORKASPACE' ) );
#1151 = VERTEX_POINT ( 'NONE', #827 ) ;
#1152 = LINE ( 'NONE', #1721, #2047 ) ;
#1153 = ORIENTED_EDGE ( 'NONE', *, *, #961, .T. ) ;
#1154 = ADVANCED_FACE ( 'NONE', ( #2663 ), #1422, .F. ) ;
#1155 = CARTESIAN_POINT ( 'NONE',  ( -1.398732244915722234, 0.3063794541657716142, -2.624999999999999112 ) ) ;
#1156 = EDGE_CURVE ( 'NONE', #1279, #876, #1630, .T. ) ;
#1157 = CARTESIAN_POINT ( 'NONE',  ( -1.327563052716870917, 0.7099999999999999645, 2.625000000000000444 ) ) ;
#1158 = VERTEX_POINT ( 'NONE', #1583 ) ;
#1159 = DIRECTION ( 'NONE',  ( -1.000000000000000000, 0.000000000000000000, 0.000000000000000000 ) ) ;
#1160 = DIRECTION ( 'NONE',  ( 0.000000000000000000, 1.000000000000000000, 0.000000000000000000 ) ) ;
#1161 = CIRCLE ( 'NONE', #1205, 0.04999999999999991257 ) ;
#1162 = ORIENTED_EDGE ( 'NONE', *, *, #1347, .T. ) ;
#1163 = VERTEX_POINT ( 'NONE', #579 ) ;
#1164 = VECTOR ( 'NONE', #1822, 1000.000000000000000 ) ;
#1165 = ORIENTED_EDGE ( 'NONE', *, *, #1827, .T. ) ;
#1166 = UNCERTAINTY_MEASURE_WITH_UNIT (LENGTH_MEASURE( 1.000000000000000082E-05 ), #862, 'distance_accuracy_value', 'NONE');
#1167 = SURFACE_SIDE_STYLE ('',( #342 ) ) ;
#1168 = MECHANICAL_DESIGN_GEOMETRIC_PRESENTATION_REPRESENTATION (  '', ( #2505 ), #2644 ) ;
#1169 = EDGE_LOOP ( 'NONE', ( #1785, #564, #1179, #365 ) ) ;
#1170 = VECTOR ( 'NONE', #2312, 1000.000000000000114 ) ;
#1171 = FACE_OUTER_BOUND ( 'NONE', #2142, .T. ) ;
#1172 = SURFACE_STYLE_USAGE ( .BOTH. , #743 ) ;
#1173 = ADVANCED_FACE ( 'NONE', ( #1819 ), #1639, .F. ) ;
#1174 = EDGE_CURVE ( 'NONE', #2258, #1095, #1370, .T. ) ;
#1175 = CIRCLE ( 'NONE', #18, 0.05000000000000012768 ) ;
#1176 = LINE ( 'NONE', #1964, #558 ) ;
#1177 = ORIENTED_EDGE ( 'NONE', *, *, #83, .F. ) ;
#1178 = DIRECTION ( 'NONE',  ( -2.891205793294677833E-16, 0.000000000000000000, -1.000000000000000000 ) ) ;
#1179 = ORIENTED_EDGE ( 'NONE', *, *, #419, .F. ) ;
#1180 = CARTESIAN_POINT ( 'NONE',  ( 0.000000000000000000, 0.06999999999999999278, 2.775000000000000355 ) ) ;
#1181 = CIRCLE ( 'NONE', #1947, 0.04999999999999983624 ) ;
#1182 = LINE ( 'NONE', #2205, #2620 ) ;
#1183 = ORIENTED_EDGE ( 'NONE', *, *, #1051, .F. ) ;
#1184 = LINE ( 'NONE', #1566, #1454 ) ;
#1185 = CARTESIAN_POINT ( 'NONE',  ( 1.500000000000000444, 0.06999999999999996503, 2.825000000000000622 ) ) ;
#1186 = EDGE_CURVE ( 'NONE', #2095, #2099, #822, .T. ) ;
#1187 = VECTOR ( 'NONE', #1564, 1000.000000000000114 ) ;
#1188 = EDGE_LOOP ( 'NONE', ( #1177, #2375, #1797, #1541 ) ) ;
#1189 = DIRECTION ( 'NONE',  ( -0.000000000000000000, 1.000000000000000000, -0.000000000000000000 ) ) ;
#1190 = EDGE_CURVE ( 'NONE', #510, #2389, #1603, .T. ) ;
#1191 = VERTEX_POINT ( 'NONE', #159 ) ;
#1192 = PLANE ( 'NONE',  #2238 ) ;
#1193 = CARTESIAN_POINT ( 'NONE',  ( -1.327563052716871361, 0.7100000000000000755, -2.276726269164473404 ) ) ;
#1194 = ORIENTED_EDGE ( 'NONE', *, *, #1841, .T. ) ;
#1195 = FACE_OUTER_BOUND ( 'NONE', #1424, .T. ) ;
#1196 = ADVANCED_BREP_SHAPE_REPRESENTATION ( '5730-SMD-LED-CAD', ( #132, #537 ), #2170 ) ;
#1197 = DIRECTION ( 'NONE',  ( -1.405013614452057676E-16, -0.000000000000000000, -1.000000000000000000 ) ) ;
#1198 = ORIENTED_EDGE ( 'NONE', *, *, #1827, .F. ) ;
#1199 = DIRECTION ( 'NONE',  ( 1.000000000000000000, 0.000000000000000000, 0.000000000000000000 ) ) ;
#1200 = LINE ( 'NONE', #811, #2602 ) ;
#1201 = FACE_OUTER_BOUND ( 'NONE', #1811, .T. ) ;
#1202 = EDGE_CURVE ( 'NONE', #2617, #1343, #563, .T. ) ;
#1203 = ORIENTED_EDGE ( 'NONE', *, *, #1793, .F. ) ;
#1204 = CARTESIAN_POINT ( 'NONE',  ( 1.050000000000000044, 0.02000000000000005246, 2.825000000000000622 ) ) ;
#1205 = AXIS2_PLACEMENT_3D ( 'NONE', #2188, #2355, #2158 ) ;
#1206 = ADVANCED_FACE ( 'NONE', ( #97 ), #1115, .F. ) ;
#1207 = EDGE_CURVE ( 'NONE', #1279, #164, #2368, .T. ) ;
#1208 = EDGE_CURVE ( 'NONE', #1643, #2178, #2338, .T. ) ;
#1209 = ORIENTED_EDGE ( 'NONE', *, *, #420, .T. ) ;
#1210 = CARTESIAN_POINT ( 'NONE',  ( -1.059873709967758870, 0.5251537655970267560, -2.645278989383631263 ) ) ;
#1211 = CIRCLE ( 'NONE', #1805, 0.04999999999999991257 ) ;
#1212 = DIRECTION ( 'NONE',  ( -0.1736481776669276944, 0.9848077530122086864, -8.007980289723014726E-16 ) ) ;
#1213 = CARTESIAN_POINT ( 'NONE',  ( 0.000000000000000000, 0.000000000000000000, 0.000000000000000000 ) ) ;
#1214 = CARTESIAN_POINT ( 'NONE',  ( 0.000000000000000000, 0.1200000000000000094, 0.000000000000000000 ) ) ;
#1215 = CARTESIAN_POINT ( 'NONE',  ( 1.050000000000000044, 0.000000000000000000, 2.100000000000000089 ) ) ;
#1216 = PRESENTATION_LAYER_ASSIGNMENT (  '', '', ( #2029 ) ) ;
#1217 = CARTESIAN_POINT ( 'NONE',  ( -1.440412320370287214, 0.07000000000000003442, -2.774999999999999467 ) ) ;
#1218 = VECTOR ( 'NONE', #104, 1000.000000000000000 ) ;
#1219 = EDGE_LOOP ( 'NONE', ( #1847, #2310, #2302, #2418, #341, #1516, #427, #1198 ) ) ;
#1220 = DIRECTION ( 'NONE',  ( 0.08378362432454981856, 0.4751605454135064965, 0.8759011133554869266 ) ) ;
#1221 = AXIS2_PLACEMENT_3D ( 'NONE', #241, #860, #219 ) ;
#1222 = EDGE_LOOP ( 'NONE', ( #1339, #2111, #1203, #2004 ) ) ;
#1223 = ADVANCED_FACE ( 'NONE', ( #2135 ), #1134, .F. ) ;
#1224 = CARTESIAN_POINT ( 'NONE',  ( 1.050000000000000044, 0.1699999999999999845, 2.850000000000000089 ) ) ;
#1225 = CARTESIAN_POINT ( 'NONE',  ( -0.9792893218813455425, 0.7600000000000000089, -2.624999999999999112 ) ) ;
#1226 = FACE_OUTER_BOUND ( 'NONE', #2075, .T. ) ;
#1227 = CARTESIAN_POINT ( 'NONE',  ( -1.414192127644191110, 0.5066406264715707097, -2.271847681690696952 ) ) ;
#1228 = FACE_OUTER_BOUND ( 'NONE', #475, .T. ) ;
#1229 = VECTOR ( 'NONE', #302, 1000.000000000000000 ) ;
#1230 = DIRECTION ( 'NONE',  ( 0.1736481776669296651, 0.9848077530122082424, 0.000000000000000000 ) ) ;
#1231 = CARTESIAN_POINT ( 'NONE',  ( 1.050000000000000044, -3.478915224864504552, 2.850000000000000089 ) ) ;
#1232 = VERTEX_POINT ( 'NONE', #851 ) ;
#1233 = FACE_OUTER_BOUND ( 'NONE', #34, .T. ) ;
#1234 = CIRCLE ( 'NONE', #2046, 0.05000000000000012768 ) ;
#1235 = CARTESIAN_POINT ( 'NONE',  ( -1.001028661351606619, 0.5032910484212552715, -2.674999999999999822 ) ) ;
#1236 = EDGE_CURVE ( 'NONE', #2389, #619, #640, .T. ) ;
#1237 = FACE_OUTER_BOUND ( 'NONE', #2653, .T. ) ;
#1238 =( LENGTH_UNIT ( ) NAMED_UNIT ( * ) SI_UNIT ( .MILLI., .METRE. ) );
#1239 = ADVANCED_FACE ( 'NONE', ( #2495 ), #683, .F. ) ;
#1240 = CARTESIAN_POINT ( 'NONE',  ( 1.449228669405709269, 0.02000000000000000042, -2.824999999999999734 ) ) ;
#1241 = ADVANCED_FACE ( 'NONE', ( #2100 ), #63, .F. ) ;
#1242 = AXIS2_PLACEMENT_3D ( 'NONE', #391, #135, #725 ) ;
#1243 = CARTESIAN_POINT ( 'NONE',  ( 1.327563052716870473, 0.7600000000000000089, -2.674999999999999822 ) ) ;
#1244 = ORIENTED_EDGE ( 'NONE', *, *, #479, .F. ) ;
#1245 = FACE_OUTER_BOUND ( 'NONE', #2564, .T. ) ;
#1246 = DIRECTION ( 'NONE',  ( 0.9848077530122084644, 0.1736481776669284438, 0.000000000000000000 ) ) ;
#1247 = DIRECTION ( 'NONE',  ( -0.000000000000000000, 1.000000000000000000, -0.000000000000000000 ) ) ;
#1248 = AXIS2_PLACEMENT_3D ( 'NONE', #1606, #2667, #2444 ) ;
#1249 = CIRCLE ( 'NONE', #995, 0.05000000000000007216 ) ;
#1250 = CARTESIAN_POINT ( 'NONE',  ( -1.500000000000000222, 0.7100000000000000755, 2.675000000000000711 ) ) ;
#1251 = EDGE_CURVE ( 'NONE', #673, #1144, #1465, .T. ) ;
#1252 = SURFACE_STYLE_FILL_AREA ( #2269 ) ;
#1253 = VECTOR ( 'NONE', #76, 1000.000000000000000 ) ;
#1254 = DIRECTION ( 'NONE',  ( 0.7071067811865475727, 0.000000000000000000, -0.7071067811865475727 ) ) ;
#1255 = ORIENTED_EDGE ( 'NONE', *, *, #2211, .T. ) ;
#1256 = VECTOR ( 'NONE', #382, 999.9999999999998863 ) ;
#1257 = CARTESIAN_POINT ( 'NONE',  ( -1.440412320370286325, 0.06999999999999999278, 2.775000000000000355 ) ) ;
#1258 = CARTESIAN_POINT ( 'NONE',  ( 1.299999999999999378, 0.7600000000000000089, -1.915000000000002700 ) ) ;
#1259 = FACE_OUTER_BOUND ( 'NONE', #992, .T. ) ;
#1260 =( NAMED_UNIT ( * ) PLANE_ANGLE_UNIT ( ) SI_UNIT ( $, .RADIAN. ) );
#1261 = CARTESIAN_POINT ( 'NONE',  ( -1.451497109719681378, 0.2950735598456749043, -2.661846024357402030 ) ) ;
#1262 = SURFACE_STYLE_USAGE ( .BOTH. , #1061 ) ;
#1263 = ORIENTED_EDGE ( 'NONE', *, *, #273, .F. ) ;
#1264 = DIRECTION ( 'NONE',  ( 1.000000000000000000, 0.000000000000000000, 0.000000000000000000 ) ) ;
#1265 = VERTEX_POINT ( 'NONE', #1478 ) ;
#1266 =( NAMED_UNIT ( * ) PLANE_ANGLE_UNIT ( ) SI_UNIT ( $, .RADIAN. ) );
#1267 = CARTESIAN_POINT ( 'NONE',  ( -1.327563052716870917, 0.7100000000000000755, 2.675000000000000711 ) ) ;
#1268 = CARTESIAN_POINT ( 'NONE',  ( 1.434553482836458338, 0.1199999999999998845, 2.675000000000000266 ) ) ;
#1269 = AXIS2_PLACEMENT_3D ( 'NONE', #796, #2458, #1416 ) ;
#1270 = DIRECTION ( 'NONE',  ( -0.1736481776669275834, -0.9848077530122086864, -0.000000000000000000 ) ) ;
#1271 = CARTESIAN_POINT ( 'NONE',  ( -2.120342712474620583, 0.2600000000000000089, -2.120342712474620583 ) ) ;
#1272 = VERTEX_POINT ( 'NONE', #1293 ) ;
#1273 = VECTOR ( 'NONE', #2449, 1000.000000000000000 ) ;
#1274 =( LENGTH_UNIT ( ) NAMED_UNIT ( * ) SI_UNIT ( .MILLI., .METRE. ) );
#1275 = ORIENTED_EDGE ( 'NONE', *, *, #812, .T. ) ;
#1276 = DIRECTION ( 'NONE',  ( 1.000000000000000000, -0.000000000000000000, 0.000000000000000000 ) ) ;
#1277 = EDGE_CURVE ( 'NONE', #2123, #1265, #1020, .T. ) ;
#1278 = ADVANCED_FACE ( 'NONE', ( #248 ), #476, .F. ) ;
#1279 = VERTEX_POINT ( 'NONE', #2114 ) ;
#1280 = DIRECTION ( 'NONE',  ( 1.000000000000000000, 0.000000000000000000, -0.000000000000000000 ) ) ;
#1281 = CARTESIAN_POINT ( 'NONE',  ( -1.050000000000000044, 0.000000000000000000, -2.100000000000000089 ) ) ;
#1282 = CARTESIAN_POINT ( 'NONE',  ( 1.431595971334863382, 0.1199999999999998845, -2.674999999999999822 ) ) ;
#1283 = CARTESIAN_POINT ( 'NONE',  ( 1.489652708020896776, 0.07868240888334641914, -2.774999999999999467 ) ) ;
#1284 = ORIENTED_EDGE ( 'NONE', *, *, #1809, .T. ) ;
#1285 = CARTESIAN_POINT ( 'NONE',  ( 0.8999999999999971356, 0.7600000000000000089, -2.315000000000000391 ) ) ;
#1286 = ORIENTED_EDGE ( 'NONE', *, *, #2415, .T. ) ;
#1287 = ORIENTED_EDGE ( 'NONE', *, *, #1186, .T. ) ;
#1288 = PRESENTATION_LAYER_ASSIGNMENT (  '', '', ( #1722 ) ) ;
#1289 = CARTESIAN_POINT ( 'NONE',  ( -1.398732244915722234, 0.3063794541657709480, -2.674999999999999378 ) ) ;
#1290 = EDGE_CURVE ( 'NONE', #2553, #1918, #1234, .T. ) ;
#1291 = PRESENTATION_LAYER_ASSIGNMENT (  '', '', ( #959 ) ) ;
#1292 = ORIENTED_EDGE ( 'NONE', *, *, #2566, .F. ) ;
#1293 = CARTESIAN_POINT ( 'NONE',  ( -1.050000000000000266, 0.1200000000000000094, 2.775000000000000355 ) ) ;
#1294 = DIRECTION ( 'NONE',  ( -0.7071067811865475727, -3.066586833366746896E-15, 0.7071067811865475727 ) ) ;
#1295 = CARTESIAN_POINT ( 'NONE',  ( -1.390808601413061396, 0.5579668409744420465, -2.284898271794227220 ) ) ;
#1296 = CARTESIAN_POINT ( 'NONE',  ( 0.000000000000000000, 0.000000000000000000, 0.000000000000000000 ) ) ;
#1297 = EDGE_CURVE ( 'NONE', #451, #569, #2270, .T. ) ;
#1298 = DIRECTION ( 'NONE',  ( -1.535153518563546577E-16, 0.000000000000000000, -1.000000000000000000 ) ) ;
#1299 = CARTESIAN_POINT ( 'NONE',  ( 1.050000000000000044, -3.478915224864504552, 2.850000000000000089 ) ) ;
#1300 = ORIENTED_EDGE ( 'NONE', *, *, #7, .T. ) ;
#1301 = CARTESIAN_POINT ( 'NONE',  ( 0.7249999999999999778, -3.478915224864504552, -0.8499999999999998668 ) ) ;
#1302 = CARTESIAN_POINT ( 'NONE',  ( -1.393590801548491243, 0.5421882083469288238, -2.287680468960633817 ) ) ;
#1303 = EDGE_LOOP ( 'NONE', ( #2411, #988, #964 ) ) ;
#1304 = ORIENTED_EDGE ( 'NONE', *, *, #2616, .F. ) ;
#1305 = CARTESIAN_POINT ( 'NONE',  ( 1.450759612349386218, 0.01131759111665307620, -2.824999999999999734 ) ) ;
#1306 = ORIENTED_EDGE ( 'NONE', *, *, #105, .F. ) ;
#1307 = CARTESIAN_POINT ( 'NONE',  ( -1.440412320370286992, 0.1200000000000000094, -2.674999999999999378 ) ) ;
#1308 = FILL_AREA_STYLE ('',( #1467 ) ) ;
#1309 = CYLINDRICAL_SURFACE ( 'NONE', #2534, 0.04999999999999991951 ) ;
#1310 = SURFACE_STYLE_FILL_AREA ( #2572 ) ;
#1311 = EDGE_CURVE ( 'NONE', #2433, #2178, #1870, .T. ) ;
#1312 = ORIENTED_EDGE ( 'NONE', *, *, #926, .T. ) ;
#1313 = CARTESIAN_POINT ( 'NONE',  ( 1.499999999999999556, 0.06999999999999996503, -2.824999999999999734 ) ) ;
#1314 = LINE ( 'NONE', #2586, #1554 ) ;
#1315 = EDGE_LOOP ( 'NONE', ( #969, #1255, #111, #2382, #102, #2320, #2386, #247, #1949, #2574, #2668 ) ) ;
#1316 = VERTEX_POINT ( 'NONE', #1609 ) ;
#1317 = LINE ( 'NONE', #1124, #2604 ) ;
#1318 = ORIENTED_EDGE ( 'NONE', *, *, #1841, .F. ) ;
#1319 = FACE_OUTER_BOUND ( 'NONE', #2138, .T. ) ;
#1320 = PLANE ( 'NONE',  #44 ) ;
#1321 = DIRECTION ( 'NONE',  ( 1.000000000000000000, 0.000000000000000000, 0.000000000000000000 ) ) ;
#1322 = DIRECTION ( 'NONE',  ( -2.891205793294681285E-16, 0.000000000000000000, 1.000000000000000000 ) ) ;
#1323 = VECTOR ( 'NONE', #2151, 1000.000000000000000 ) ;
#1324 = DIRECTION ( 'NONE',  ( 1.000000000000000000, 0.000000000000000000, -1.405013614452057922E-16 ) ) ;
#1325 = DIRECTION ( 'NONE',  ( 0.000000000000000000, -1.000000000000000000, 0.000000000000000000 ) ) ;
#1326 = ORIENTED_EDGE ( 'NONE', *, *, #1899, .T. ) ;
#1327 =( NAMED_UNIT ( * ) SI_UNIT ( $, .STERADIAN. ) SOLID_ANGLE_UNIT ( ) );
#1328 = VECTOR ( 'NONE', #1623, 1000.000000000000000 ) ;
#1329 = EDGE_CURVE ( 'NONE', #1361, #1918, #2012, .T. ) ;
#1330 = ORIENTED_EDGE ( 'NONE', *, *, #2366, .F. ) ;
#1331 = VERTEX_POINT ( 'NONE', #375 ) ;
#1332 = CARTESIAN_POINT ( 'NONE',  ( -1.362751391722266003, 0.7099999999999999645, -2.312247823156964088 ) ) ;
#1333 = VECTOR ( 'NONE', #2569, 1000.000000000000000 ) ;
#1334 = CARTESIAN_POINT ( 'NONE',  ( 1.607499999999993490, 0.7500000000000000000, -1.607500000000011919 ) ) ;
#1335 = ORIENTED_EDGE ( 'NONE', *, *, #2277, .T. ) ;
#1336 = DIRECTION ( 'NONE',  ( -1.000000000000000000, 0.000000000000000000, 0.000000000000000000 ) ) ;
#1337 = DIRECTION ( 'NONE',  ( 1.000000000000000000, 0.000000000000000000, 0.000000000000000000 ) ) ;
#1338 = VECTOR ( 'NONE', #485, 999.9999999999998863 ) ;
#1339 = ORIENTED_EDGE ( 'NONE', *, *, #1794, .F. ) ;
#1340 = CARTESIAN_POINT ( 'NONE',  ( 1.873969645980852805, -2.388825778497315699, 2.625000000000000444 ) ) ;
#1341 = PRESENTATION_LAYER_ASSIGNMENT (  '', '', ( #2515 ) ) ;
#1342 = PLANE ( 'NONE',  #1857 ) ;
#1343 = VERTEX_POINT ( 'NONE', #1593 ) ;
#1344 = VERTEX_POINT ( 'NONE', #609 ) ;
#1345 = ORIENTED_EDGE ( 'NONE', *, *, #1037, .T. ) ;
#1346 = DIRECTION ( 'NONE',  ( 0.000000000000000000, 0.000000000000000000, -1.000000000000000000 ) ) ;
#1347 = EDGE_CURVE ( 'NONE', #129, #1316, #1862, .T. ) ;
#1348 = ORIENTED_EDGE ( 'NONE', *, *, #105, .T. ) ;
#1349 = UNCERTAINTY_MEASURE_WITH_UNIT (LENGTH_MEASURE( 1.000000000000000082E-05 ), #1130, 'distance_accuracy_value', 'NONE');
#1350 = LINE ( 'NONE', #502, #515 ) ;
#1351 = DIRECTION ( 'NONE',  ( -1.000000000000000000, 0.000000000000000000, 0.000000000000000000 ) ) ;
#1352 = ORIENTED_EDGE ( 'NONE', *, *, #761, .F. ) ;
#1353 = LINE ( 'NONE', #320, #2180 ) ;
#1354 = VERTEX_POINT ( 'NONE', #2038 ) ;
#1355 = CARTESIAN_POINT ( 'NONE',  ( 1.440412320370286769, 0.06999999999999999278, -2.211254041798728343E-16 ) ) ;
#1356 = VECTOR ( 'NONE', #1701, 1000.000000000000000 ) ;
#1357 = ORIENTED_EDGE ( 'NONE', *, *, #2326, .T. ) ;
#1358 = AXIS2_PLACEMENT_3D ( 'NONE', #346, #768, #1381 ) ;
#1359 = VERTEX_POINT ( 'NONE', #1812 ) ;
#1360 = CARTESIAN_POINT ( 'NONE',  ( 0.7249999999999999778, 0.000000000000000000, 1.449999999999999956 ) ) ;
#1361 = VERTEX_POINT ( 'NONE', #2435 ) ;
#1362 = EDGE_CURVE ( 'NONE', #818, #569, #178, .T. ) ;
#1363 = EDGE_CURVE ( 'NONE', #1631, #1163, #586, .T. ) ;
#1364 = FILL_AREA_STYLE_COLOUR ( '', #821 ) ;
#1365 =( BOUNDED_CURVE ( )  B_SPLINE_CURVE ( 3, ( #1626, #1038, #2489, #1049 ),
 .UNSPECIFIED., .F., .T. ) 
 B_SPLINE_CURVE_WITH_KNOTS ( ( 4, 4 ),
 ( 3.141592653589793116, 4.101523742186667931 ),
 .UNSPECIFIED. ) 
 CURVE ( )  GEOMETRIC_REPRESENTATION_ITEM ( )  RATIONAL_B_SPLINE_CURVE ( ( 1.000000000000000000, 0.9246738887854820677, 0.9246738887854820677, 1.000000000000000000 ) ) 
 REPRESENTATION_ITEM ( '' )  );
#1366 = CARTESIAN_POINT ( 'NONE',  ( 0.000000000000000000, 0.06999999999999999278, -2.774999999999999467 ) ) ;
#1367 = ORIENTED_EDGE ( 'NONE', *, *, #1008, .F. ) ;
#1368 = FACE_OUTER_BOUND ( 'NONE', #282, .T. ) ;
#1369 = CARTESIAN_POINT ( 'NONE',  ( -1.449228669405709935, 0.02000000000000000042, 2.825000000000000622 ) ) ;
#1370 = CIRCLE ( 'NONE', #1032, 0.04999999999999985012 ) ;
#1371 = ORIENTED_EDGE ( 'NONE', *, *, #479, .T. ) ;
#1372 = DIRECTION ( 'NONE',  ( -1.000000000000000000, 0.000000000000000000, -8.673617379884013384E-15 ) ) ;
#1373 = COLOUR_RGB ( '',0.5019607843137254832, 0.5019607843137254832, 0.5019607843137254832 ) ;
#1374 = EDGE_LOOP ( 'NONE', ( #1263, #2154, #590, #1477 ) ) ;
#1375 = VECTOR ( 'NONE', #283, 1000.000000000000000 ) ;
#1376 = FILL_AREA_STYLE ('',( #1364 ) ) ;
#1377 = ADVANCED_FACE ( 'NONE', ( #1021 ), #2654, .T. ) ;
#1378 = ADVANCED_FACE ( 'NONE', ( #1007 ), #1622, .T. ) ;
#1379 = LINE ( 'NONE', #333, #841 ) ;
#1380 = ORIENTED_EDGE ( 'NONE', *, *, #2055, .F. ) ;
#1381 = DIRECTION ( 'NONE',  ( 9.366757429680387380E-17, 0.000000000000000000, 1.000000000000000000 ) ) ;
#1382 = VECTOR ( 'NONE', #1801, 1000.000000000000000 ) ;
#1383 = EDGE_CURVE ( 'NONE', #416, #1692, #595, .T. ) ;
#1384 = SURFACE_STYLE_FILL_AREA ( #2381 ) ;
#1385 = ORIENTED_EDGE ( 'NONE', *, *, #1442, .F. ) ;
#1386 = VECTOR ( 'NONE', #2664, 1000.000000000000000 ) ;
#1387 = ORIENTED_EDGE ( 'NONE', *, *, #1290, .F. ) ;
#1388 = CARTESIAN_POINT ( 'NONE',  ( -1.035355339059327751, 0.5661113678114761960, -2.710355339059326685 ) ) ;
#1389 = CARTESIAN_POINT ( 'NONE',  ( -0.8999999999999981348, 0.7600000000000000089, 2.314999999999999503 ) ) ;
#1390 = ORIENTED_EDGE ( 'NONE', *, *, #709, .F. ) ;
#1391 = FACE_OUTER_BOUND ( 'NONE', #2322, .T. ) ;
#1392 = ORIENTED_EDGE ( 'NONE', *, *, #2024, .T. ) ;
#1393 = CARTESIAN_POINT ( 'NONE',  ( -1.478969826288116129, 0.02000000000000005246, -2.825000000000000622 ) ) ;
#1394 = ORIENTED_EDGE ( 'NONE', *, *, #1558, .T. ) ;
#1395 = EDGE_CURVE ( 'NONE', #954, #2596, #2466, .T. ) ;
#1396 = EDGE_CURVE ( 'NONE', #2400, #1079, #400, .T. ) ;
#1397 = CARTESIAN_POINT ( 'NONE',  ( 0.7249999999999999778, -3.478915224864504552, 1.449999999999999956 ) ) ;
#1398 = EDGE_CURVE ( 'NONE', #2503, #2400, #1850, .T. ) ;
#1399 = CARTESIAN_POINT ( 'NONE',  ( -0.7249999999999999778, 0.01999999999999918510, 1.449999999999999956 ) ) ;
#1400 = DIRECTION ( 'NONE',  ( -0.8961691375117253333, -0.4437126062796622472, 1.328710677593736028E-16 ) ) ;
#1401 =( GEOMETRIC_REPRESENTATION_CONTEXT ( 3 ) GLOBAL_UNCERTAINTY_ASSIGNED_CONTEXT ( ( #2219 ) ) GLOBAL_UNIT_ASSIGNED_CONTEXT ( ( #1901, #1260, #2526 ) ) REPRESENTATION_CONTEXT ( 'NONE', 'WORKASPACE' ) );
#1402 = EDGE_LOOP ( 'NONE', ( #2666, #307, #144, #2606 ) ) ;
#1403 = UNCERTAINTY_MEASURE_WITH_UNIT (LENGTH_MEASURE( 1.000000000000000082E-05 ), #2622, 'distance_accuracy_value', 'NONE');
#1404 = CARTESIAN_POINT ( 'NONE',  ( 0.000000000000000000, 0.1200000000000000094, 2.775000000000000355 ) ) ;
#1405 = DIRECTION ( 'NONE',  ( -0.000000000000000000, 1.000000000000000000, -0.000000000000000000 ) ) ;
#1406 = CARTESIAN_POINT ( 'NONE',  ( 0.7249999999999999778, -8.673617379884035472E-16, -0.8499999999999998668 ) ) ;
#1407 = CARTESIAN_POINT ( 'NONE',  ( -1.300000000000000044, 0.7500000000000000000, 1.915000000000000924 ) ) ;
#1408 = CARTESIAN_POINT ( 'NONE',  ( -1.500000000000000222, 0.02000000000000000042, -2.774999999999999467 ) ) ;
#1409 = CARTESIAN_POINT ( 'NONE',  ( -1.391505660913084252, 0.5540136285238580482, -2.285595328325225495 ) ) ;
#1410 = LINE ( 'NONE', #1215, #1273 ) ;
#1411 = CARTESIAN_POINT ( 'NONE',  ( 1.050000000000000266, 0.01999999999999918510, -2.100000000000000089 ) ) ;
#1412 = ORIENTED_EDGE ( 'NONE', *, *, #1426, .T. ) ;
#1413 = LINE ( 'NONE', #2243, #1816 ) ;
#1414 = ORIENTED_EDGE ( 'NONE', *, *, #2655, .T. ) ;
#1415 = CARTESIAN_POINT ( 'NONE',  ( -1.000000012934473048, 0.5431646726086791777, -2.674999999999999378 ) ) ;
#1416 = DIRECTION ( 'NONE',  ( 0.000000000000000000, 0.000000000000000000, 1.000000000000000000 ) ) ;
#1417 = LINE ( 'NONE', #401, #2062 ) ;
#1418 = STYLED_ITEM ( 'NONE', ( #2393 ), #1625 ) ;
#1419 = DIRECTION ( 'NONE',  ( -1.151365138922659563E-16, -4.681472543410286357E-35, -1.000000000000000000 ) ) ;
#1420 = DIRECTION ( 'NONE',  ( 0.1736481776669263621, 0.9848077530122089085, -0.000000000000000000 ) ) ;
#1421 = VECTOR ( 'NONE', #2476, 1000.000000000000000 ) ;
#1422 = PLANE ( 'NONE',  #175 ) ;
#1423 = PLANE ( 'NONE',  #434 ) ;
#1424 = EDGE_LOOP ( 'NONE', ( #1565, #2083, #1824, #1330 ) ) ;
#1425 = DIRECTION ( 'NONE',  ( 0.1736481776669275556, 0.9848077530122085754, -2.510263086328422316E-17 ) ) ;
#1426 = EDGE_CURVE ( 'NONE', #2323, #1693, #632, .T. ) ;
#1427 = CARTESIAN_POINT ( 'NONE',  ( -1.327563052716870917, 0.7600000000000000089, 2.675000000000000711 ) ) ;
#1428 = CARTESIAN_POINT ( 'NONE',  ( 1.449228669405709269, 0.02000000000000000042, -2.824999999999999734 ) ) ;
#1429 = VECTOR ( 'NONE', #413, 1000.000000000000000 ) ;
#1430 = CARTESIAN_POINT ( 'NONE',  ( -2.016992797922624980, 0.05126352852008805860, -2.645278989383631263 ) ) ;
#1431 = CARTESIAN_POINT ( 'NONE',  ( -1.405838989225215441, 0.5540136285238580482, -2.271262000013093640 ) ) ;
#1432 = CARTESIAN_POINT ( 'NONE',  ( -1.440412320370287214, 0.06999999999999999278, -2.774999999999999467 ) ) ;
#1433 = AXIS2_PLACEMENT_3D ( 'NONE', #1366, #1351, #1941 ) ;
#1434 = ORIENTED_EDGE ( 'NONE', *, *, #2240, .T. ) ;
#1435 = DIRECTION ( 'NONE',  ( -0.1710878697460344045, -0.9702875252478143642, 0.1710878697460344045 ) ) ;
#1436 =( NAMED_UNIT ( * ) PLANE_ANGLE_UNIT ( ) SI_UNIT ( $, .RADIAN. ) );
#1437 = VERTEX_POINT ( 'NONE', #1406 ) ;
#1438 = CARTESIAN_POINT ( 'NONE',  ( 1.500000000000000444, 0.02000000000000000042, 2.825000000000000622 ) ) ;
#1439 = VECTOR ( 'NONE', #1912, 1000.000000000000000 ) ;
#1440 = CARTESIAN_POINT ( 'NONE',  ( -1.014644660940672738, 0.2600000000000000089, -2.660355339059326862 ) ) ;
#1441 = EDGE_CURVE ( 'NONE', #1660, #2313, #65, .T. ) ;
#1442 = EDGE_CURVE ( 'NONE', #136, #1830, #783, .T. ) ;
#1443 = DIRECTION ( 'NONE',  ( 0.000000000000000000, -1.000000000000000000, 0.000000000000000000 ) ) ;
#1444 = CARTESIAN_POINT ( 'NONE',  ( -1.408752193258247853, 0.5374920274545800236, -2.274175213881514335 ) ) ;
#1445 = DIRECTION ( 'NONE',  ( -0.9848077530122084644, -0.1736481776669284438, 0.000000000000000000 ) ) ;
#1446 =( BOUNDED_CURVE ( )  B_SPLINE_CURVE ( 3, ( #1711, #461, #1669, #2088 ),
 .UNSPECIFIED., .F., .T. ) 
 B_SPLINE_CURVE_WITH_KNOTS ( ( 4, 4 ),
 ( 4.712388980384689674, 4.886921905584082459 ),
 .UNSPECIFIED. ) 
 CURVE ( )  GEOMETRIC_REPRESENTATION_ITEM ( )  RATIONAL_B_SPLINE_CURVE ( ( 1.000000000000000000, 0.9974631320611648810, 0.9974631320611648810, 1.000000000000000000 ) ) 
 REPRESENTATION_ITEM ( '' )  );
#1447 = ORIENTED_EDGE ( 'NONE', *, *, #291, .F. ) ;
#1448 = PLANE ( 'NONE',  #1221 ) ;
#1449 = PRESENTATION_STYLE_ASSIGNMENT (( #189 ) ) ;
#1450 = ORIENTED_EDGE ( 'NONE', *, *, #2117, .F. ) ;
#1451 = STYLED_ITEM ( 'NONE', ( #797 ), #344 ) ;
#1452 = AXIS2_PLACEMENT_3D ( 'NONE', #1180, #2457, #162 ) ;
#1453 = EDGE_CURVE ( 'NONE', #1437, #1316, #503, .T. ) ;
#1454 = VECTOR ( 'NONE', #1798, 1000.000000000000000 ) ;
#1455 = VECTOR ( 'NONE', #64, 1000.000000000000000 ) ;
#1456 = DIRECTION ( 'NONE',  ( 0.7071067811865474617, -0.000000000000000000, -0.7071067811865474617 ) ) ;
#1457 = FILL_AREA_STYLE_COLOUR ( '', #190 ) ;
#1458 = VECTOR ( 'NONE', #2498, 1000.000000000000114 ) ;
#1459 =( BOUNDED_CURVE ( )  B_SPLINE_CURVE ( 3, ( #1480, #1109, #686, #2316 ),
 .UNSPECIFIED., .F., .T. ) 
 B_SPLINE_CURVE_WITH_KNOTS ( ( 4, 4 ),
 ( 4.712388980384694115, 6.283185307179577350 ),
 .UNSPECIFIED. ) 
 CURVE ( )  GEOMETRIC_REPRESENTATION_ITEM ( )  RATIONAL_B_SPLINE_CURVE ( ( 1.000000000000000000, 0.8047378541243661587, 0.8047378541243661587, 1.000000000000000000 ) ) 
 REPRESENTATION_ITEM ( '' )  );
#1460 = ORIENTED_EDGE ( 'NONE', *, *, #7, .F. ) ;
#1461 = AXIS2_PLACEMENT_3D ( 'NONE', #2465, #1400, #2020 ) ;
#1462 = AXIS2_PLACEMENT_3D ( 'NONE', #1050, #1500, #309 ) ;
#1463 = CARTESIAN_POINT ( 'NONE',  ( -1.440412320370286325, 0.1200000000000000094, 2.674240387650619777 ) ) ;
#1464 = VERTEX_POINT ( 'NONE', #929 ) ;
#1465 = LINE ( 'NONE', #2303, #372 ) ;
#1466 = CARTESIAN_POINT ( 'NONE',  ( -1.050000000000000044, 0.01999999999999918510, -2.100000000000000089 ) ) ;
#1467 = FILL_AREA_STYLE_COLOUR ( '', #861 ) ;
#1468 = ADVANCED_FACE ( 'NONE', ( #1522 ), #2361, .F. ) ;
#1469 = LINE ( 'NONE', #264, #1986 ) ;
#1470 = EDGE_CURVE ( 'NONE', #2629, #340, #1675, .T. ) ;
#1471 = ORIENTED_EDGE ( 'NONE', *, *, #2246, .F. ) ;
#1472 = ADVANCED_FACE ( 'NONE', ( #1259 ), #1716, .F. ) ;
#1473 = DIRECTION ( 'NONE',  ( 1.151365138922659563E-16, -0.000000000000000000, 1.000000000000000000 ) ) ;
#1474 = ADVANCED_FACE ( 'NONE', ( #2306 ), #1099, .T. ) ;
#1475 = ORIENTED_EDGE ( 'NONE', *, *, #1856, .T. ) ;
#1476 = PRESENTATION_STYLE_ASSIGNMENT (( #681 ) ) ;
#1477 = ORIENTED_EDGE ( 'NONE', *, *, #778, .F. ) ;
#1478 = CARTESIAN_POINT ( 'NONE',  ( -1.447972632566332907, 0.3150618630491179850, -2.624999999999999112 ) ) ;
#1479 = LINE ( 'NONE', #1897, #1455 ) ;
#1480 = CARTESIAN_POINT ( 'NONE',  ( -1.449228669405709935, 0.02000000000000000042, 2.825000000000000622 ) ) ;
#1481 =( LENGTH_UNIT ( ) NAMED_UNIT ( * ) SI_UNIT ( .MILLI., .METRE. ) );
#1482 = VECTOR ( 'NONE', #717, 1000.000000000000000 ) ;
#1483 = ORIENTED_EDGE ( 'NONE', *, *, #1590, .F. ) ;
#1484 = AXIS2_PLACEMENT_3D ( 'NONE', #1598, #946, #156 ) ;
#1485 = CARTESIAN_POINT ( 'NONE',  ( 1.431595971334863382, 0.1199999999999998845, -2.674999999999999822 ) ) ;
#1486 = ORIENTED_EDGE ( 'NONE', *, *, #712, .T. ) ;
#1487 = ORIENTED_EDGE ( 'NONE', *, *, #854, .T. ) ;
#1488 = ADVANCED_FACE ( 'NONE', ( #1059 ), #701, .T. ) ;
#1489 = DIRECTION ( 'NONE',  ( 0.000000000000000000, -0.000000000000000000, 1.000000000000000000 ) ) ;
#1490 = ORIENTED_EDGE ( 'NONE', *, *, #1521, .F. ) ;
#1491 =( LENGTH_UNIT ( ) NAMED_UNIT ( * ) SI_UNIT ( .MILLI., .METRE. ) );
#1492 = CYLINDRICAL_SURFACE ( 'NONE', #220, 0.04999999999999991257 ) ;
#1493 = DIRECTION ( 'NONE',  ( 0.000000000000000000, -1.000000000000000000, 0.000000000000000000 ) ) ;
#1494 = AXIS2_PLACEMENT_3D ( 'NONE', #626, #367, #2427 ) ;
#1495 = CIRCLE ( 'NONE', #2641, 0.05000000000000003053 ) ;
#1496 = CARTESIAN_POINT ( 'NONE',  ( 1.500000000000000444, 0.7600000000000000089, 2.825000000000000622 ) ) ;
#1497 = DIRECTION ( 'NONE',  ( -1.000000000000000000, 0.000000000000000000, 1.445602896647338917E-16 ) ) ;
#1498 = ORIENTED_EDGE ( 'NONE', *, *, #1470, .F. ) ;
#1499 = DIRECTION ( 'NONE',  ( -8.673617379884035472E-15, -1.000000000000000000, 0.000000000000000000 ) ) ;
#1500 = DIRECTION ( 'NONE',  ( -0.1736481776669275556, -0.9848077530122085754, 0.000000000000000000 ) ) ;
#1501 = ORIENTED_EDGE ( 'NONE', *, *, #347, .T. ) ;
#1502 = EDGE_LOOP ( 'NONE', ( #2578, #2605, #2337, #865 ) ) ;
#1503 = VECTOR ( 'NONE', #938, 1000.000000000000000 ) ;
#1504 = EDGE_CURVE ( 'NONE', #1136, #2493, #2084, .T. ) ;
#1505 = CARTESIAN_POINT ( 'NONE',  ( 0.000000000000000000, 0.1699999999999999845, 0.000000000000000000 ) ) ;
#1506 = STYLED_ITEM ( 'NONE', ( #2209 ), #2600 ) ;
#1507 = ORIENTED_EDGE ( 'NONE', *, *, #2039, .T. ) ;
#1508 = LINE ( 'NONE', #1519, #1123 ) ;
#1509 = EDGE_CURVE ( 'NONE', #876, #1660, #1688, .T. ) ;
#1510 = PLANE ( 'NONE',  #13 ) ;
#1511 = CARTESIAN_POINT ( 'NONE',  ( -1.499999999999997558, 0.01999999999999960837, -2.774999999999999467 ) ) ;
#1512 = PRESENTATION_STYLE_ASSIGNMENT (( #913 ) ) ;
#1513 = EDGE_LOOP ( 'NONE', ( #2429, #497, #2356, #871, #297, #973, #2371, #1628, #1969, #2537, #2662, #2563, #578, #2611, #60, #25 ) ) ;
#1514 = DIRECTION ( 'NONE',  ( -0.000000000000000000, 0.000000000000000000, -1.000000000000000000 ) ) ;
#1515 = ORIENTED_EDGE ( 'NONE', *, *, #674, .F. ) ;
#1516 = ORIENTED_EDGE ( 'NONE', *, *, #360, .F. ) ;
#1517 = DIRECTION ( 'NONE',  ( 0.000000000000000000, 0.000000000000000000, -1.000000000000000000 ) ) ;
#1518 = ORIENTED_EDGE ( 'NONE', *, *, #852, .T. ) ;
#1519 = CARTESIAN_POINT ( 'NONE',  ( 1.050000000000000266, 0.1699999999999999845, -2.100000000000000089 ) ) ;
#1520 =( NAMED_UNIT ( * ) SI_UNIT ( $, .STERADIAN. ) SOLID_ANGLE_UNIT ( ) );
#1521 = EDGE_CURVE ( 'NONE', #715, #773, #1090, .T. ) ;
#1522 = FACE_OUTER_BOUND ( 'NONE', #2193, .T. ) ;
#1523 = VECTOR ( 'NONE', #387, 1000.000000000000000 ) ;
#1524 = ORIENTED_EDGE ( 'NONE', *, *, #1873, .F. ) ;
#1525 = SURFACE_SIDE_STYLE ('',( #289 ) ) ;
#1526 =( NAMED_UNIT ( * ) PLANE_ANGLE_UNIT ( ) SI_UNIT ( $, .RADIAN. ) );
#1527 = ORIENTED_EDGE ( 'NONE', *, *, #1202, .T. ) ;
#1528 = ORIENTED_EDGE ( 'NONE', *, *, #830, .F. ) ;
#1529 = DIRECTION ( 'NONE',  ( 8.673617379884013384E-15, 0.000000000000000000, -1.000000000000000000 ) ) ;
#1530 =( NAMED_UNIT ( * ) SI_UNIT ( $, .STERADIAN. ) SOLID_ANGLE_UNIT ( ) );
#1531 = ORIENTED_EDGE ( 'NONE', *, *, #2067, .T. ) ;
#1532 = CYLINDRICAL_SURFACE ( 'NONE', #310, 0.05000000000000012768 ) ;
#1533 = CARTESIAN_POINT ( 'NONE',  ( -1.050000000000000488, 0.02000000000000005246, 2.825000000000000622 ) ) ;
#1534 = DIRECTION ( 'NONE',  ( 0.1736481776669277777, -0.9848077530122085754, -3.081487911019577365E-33 ) ) ;
#1535 = CARTESIAN_POINT ( 'NONE',  ( -1.049999999999999600, 0.02000000000000000042, -3.035766082959413894E-16 ) ) ;
#1536 = STYLED_ITEM ( 'NONE', ( #1696 ), #1241 ) ;
#1537 = DIRECTION ( 'NONE',  ( 0.000000000000000000, 1.000000000000000000, 0.000000000000000000 ) ) ;
#1538 = PLANE ( 'NONE',  #2069 ) ;
#1539 = VERTEX_POINT ( 'NONE', #661 ) ;
#1540 = VECTOR ( 'NONE', #1895, 1000.000000000000000 ) ;
#1541 = ORIENTED_EDGE ( 'NONE', *, *, #245, .T. ) ;
#1542 = ORIENTED_EDGE ( 'NONE', *, *, #1398, .T. ) ;
#1543 = CARTESIAN_POINT ( 'NONE',  ( 1.050000000000000266, 0.02000000000000000042, 0.000000000000000000 ) ) ;
#1544 = AXIS2_PLACEMENT_3D ( 'NONE', #1787, #1537, #2380 ) ;
#1545 = ORIENTED_EDGE ( 'NONE', *, *, #1673, .F. ) ;
#1546 = CIRCLE ( 'NONE', #1679, 0.04999999999999991257 ) ;
#1547 = LINE ( 'NONE', #2579, #581 ) ;
#1548 = DIRECTION ( 'NONE',  ( 0.000000000000000000, 1.000000000000000000, 0.000000000000000000 ) ) ;
#1549 = AXIS2_PLACEMENT_3D ( 'NONE', #1799, #588, #336 ) ;
#1550 = VERTEX_POINT ( 'NONE', #857 ) ;
#1551 = DIRECTION ( 'NONE',  ( 0.000000000000000000, -1.000000000000000000, 0.000000000000000000 ) ) ;
#1552 = SURFACE_SIDE_STYLE ('',( #1942 ) ) ;
#1553 = CARTESIAN_POINT ( 'NONE',  ( -0.7249999999999999778, -3.478915224864504552, 1.449999999999999956 ) ) ;
#1554 = VECTOR ( 'NONE', #2545, 1000.000000000000000 ) ;
#1555 = ORIENTED_EDGE ( 'NONE', *, *, #1383, .T. ) ;
#1556 = CARTESIAN_POINT ( 'NONE',  ( 1.431595971334863826, 0.1199999999999998845, 2.675000000000000711 ) ) ;
#1557 = EDGE_LOOP ( 'NONE', ( #2187, #948, #1683, #1904 ) ) ;
#1558 = EDGE_CURVE ( 'NONE', #731, #1140, #2349, .T. ) ;
#1559 = EDGE_LOOP ( 'NONE', ( #232, #117, #682, #1390 ) ) ;
#1560 = ADVANCED_FACE ( 'NONE', ( #55 ), #2513, .F. ) ;
#1561 =( NAMED_UNIT ( * ) PLANE_ANGLE_UNIT ( ) SI_UNIT ( $, .RADIAN. ) );
#1562 = ORIENTED_EDGE ( 'NONE', *, *, #1470, .T. ) ;
#1563 = DIRECTION ( 'NONE',  ( 0.000000000000000000, 1.000000000000000000, 0.000000000000000000 ) ) ;
#1564 = DIRECTION ( 'NONE',  ( 0.7071067811865474617, 0.000000000000000000, -0.7071067811865474617 ) ) ;
#1565 = ORIENTED_EDGE ( 'NONE', *, *, #529, .T. ) ;
#1566 = CARTESIAN_POINT ( 'NONE',  ( -1.049999999999999600, 0.1200000000000000094, 3.035766082959410443E-16 ) ) ;
#1567 = SURFACE_STYLE_FILL_AREA ( #2599 ) ;
#1568 = VERTEX_POINT ( 'NONE', #491 ) ;
#1569 = VECTOR ( 'NONE', #1837, 1000.000000000000000 ) ;
#1570 = EDGE_LOOP ( 'NONE', ( #1345, #1412, #1695, #1487 ) ) ;
#1571 = ORIENTED_EDGE ( 'NONE', *, *, #1174, .T. ) ;
#1572 = CARTESIAN_POINT ( 'NONE',  ( 1.050000000000000266, 0.1699999999999999845, -2.850000000000000089 ) ) ;
#1573 = ADVANCED_FACE ( 'NONE', ( #671 ), #1309, .T. ) ;
#1574 = EDGE_LOOP ( 'NONE', ( #2174, #1869, #2283, #394, #1287 ) ) ;
#1575 = EDGE_CURVE ( 'NONE', #2110, #2313, #1925, .T. ) ;
#1576 = CARTESIAN_POINT ( 'NONE',  ( 1.489652708020896776, 0.07868240888334641914, -2.624999999999999556 ) ) ;
#1577 = CARTESIAN_POINT ( 'NONE',  ( 1.500000000000000444, 0.1199999999999998845, -2.674999999999999822 ) ) ;
#1578 = VERTEX_POINT ( 'NONE', #2291 ) ;
#1579 = DIRECTION ( 'NONE',  ( -0.7071067811865435759, 0.000000000000000000, 0.7071067811865515695 ) ) ;
#1580 = LINE ( 'NONE', #1774, #1892 ) ;
#1581 = CARTESIAN_POINT ( 'NONE',  ( -1.450759612349386662, 0.01131759111665307620, 2.825000000000000622 ) ) ;
#1582 = EDGE_LOOP ( 'NONE', ( #907, #2481, #1091, #161 ) ) ;
#1583 = CARTESIAN_POINT ( 'NONE',  ( -1.402174888439554845, 0.5747937766948224558, -2.251354821092400815 ) ) ;
#1584 = APPLICATION_CONTEXT ( 'automotive_design' ) ;
#1585 = VECTOR ( 'NONE', #724, 1000.000000000000000 ) ;
#1586 = VERTEX_POINT ( 'NONE', #1744 ) ;
#1587 = AXIS2_PLACEMENT_3D ( 'NONE', #2357, #867, #501 ) ;
#1588 = EDGE_CURVE ( 'NONE', #1151, #1232, #2214, .T. ) ;
#1589 = CARTESIAN_POINT ( 'NONE',  ( -1.023068641407754109, 0.5209667628492713476, -2.674999999999990941 ) ) ;
#1590 = EDGE_CURVE ( 'NONE', #74, #1359, #1726, .T. ) ;
#1591 = CARTESIAN_POINT ( 'NONE',  ( -0.8999999999999981348, 0.7500000000000000000, 2.314999999999999503 ) ) ;
#1592 = ORIENTED_EDGE ( 'NONE', *, *, #1396, .F. ) ;
#1593 = CARTESIAN_POINT ( 'NONE',  ( -1.440412320370286325, 0.1200000000000000094, 2.775000000000000355 ) ) ;
#1594 = EDGE_CURVE ( 'NONE', #1163, #2433, #1353, .T. ) ;
#1595 = VECTOR ( 'NONE', #1060, 1000.000000000000114 ) ;
#1596 = CYLINDRICAL_SURFACE ( 'NONE', #45, 0.05000000000000005135 ) ;
#1597 = CARTESIAN_POINT ( 'NONE',  ( -1.050000000000000266, 0.1200000000000000094, -2.774999999999999467 ) ) ;
#1598 = CARTESIAN_POINT ( 'NONE',  ( -1.327563052716870917, 0.7099999999999999645, 2.625000000000000444 ) ) ;
#1599 = VECTOR ( 'NONE', #1220, 1000.000000000000114 ) ;
#1600 = VECTOR ( 'NONE', #704, 1000.000000000000114 ) ;
#1601 = DIRECTION ( 'NONE',  ( -1.000000000000000000, 0.000000000000000000, 0.000000000000000000 ) ) ;
#1602 = ORIENTED_EDGE ( 'NONE', *, *, #2072, .F. ) ;
#1603 = LINE ( 'NONE', #2441, #1757 ) ;
#1604 = LINE ( 'NONE', #2230, #1599 ) ;
#1605 = VERTEX_POINT ( 'NONE', #2363 ) ;
#1606 = CARTESIAN_POINT ( 'NONE',  ( 0.000000000000000000, 0.7600000000000000089, 0.000000000000000000 ) ) ;
#1607 = DIRECTION ( 'NONE',  ( 0.000000000000000000, -1.000000000000000000, 0.000000000000000000 ) ) ;
#1608 = VERTEX_POINT ( 'NONE', #2598 ) ;
#1609 = CARTESIAN_POINT ( 'NONE',  ( 0.7249999999999999778, 0.01999999999999918510, -0.8499999999999998668 ) ) ;
#1610 = EDGE_CURVE ( 'NONE', #2592, #1967, #1184, .T. ) ;
#1611 = DIRECTION ( 'NONE',  ( -1.000000000000000000, 0.000000000000000000, 0.000000000000000000 ) ) ;
#1612 = CARTESIAN_POINT ( 'NONE',  ( 1.299999999999999378, 0.7500000000000000000, -1.915000000000002700 ) ) ;
#1613 = ADVANCED_FACE ( 'NONE', ( #742 ), #153, .T. ) ;
#1614 = LINE ( 'NONE', #392, #998 ) ;
#1615 = EDGE_LOOP ( 'NONE', ( #1772, #2206, #2519, #486 ) ) ;
#1616 = DIRECTION ( 'NONE',  ( 0.000000000000000000, 0.000000000000000000, -1.000000000000000000 ) ) ;
#1617 = DIRECTION ( 'NONE',  ( -0.000000000000000000, 1.000000000000000000, -0.000000000000000000 ) ) ;
#1618 = AXIS2_PLACEMENT_3D ( 'NONE', #1147, #1514, #128 ) ;
#1619 = ORIENTED_EDGE ( 'NONE', *, *, #1590, .T. ) ;
#1620 = LINE ( 'NONE', #407, #9 ) ;
#1621 = VECTOR ( 'NONE', #1321, 1000.000000000000000 ) ;
#1622 = SPHERICAL_SURFACE ( 'NONE', #807, 0.05000000000000000278 ) ;
#1623 = DIRECTION ( 'NONE',  ( 9.366757429680383682E-17, 0.000000000000000000, 1.000000000000000000 ) ) ;
#1624 = LINE ( 'NONE', #635, #745 ) ;
#1625 = ADVANCED_FACE ( 'NONE', ( #1368 ), #2208, .F. ) ;
#1626 = CARTESIAN_POINT ( 'NONE',  ( -1.014644660940672738, 0.5661113678114761960, -2.660355339059326862 ) ) ;
#1627 = ADVANCED_FACE ( 'NONE', ( #557 ), #358, .T. ) ;
#1628 = ORIENTED_EDGE ( 'NONE', *, *, #1008, .T. ) ;
#1629 = CARTESIAN_POINT ( 'NONE',  ( 1.050000000000000044, -3.478915224864504552, 2.100000000000000089 ) ) ;
#1630 = CIRCLE ( 'NONE', #2195, 0.05000000000000007216 ) ;
#1631 = VERTEX_POINT ( 'NONE', #2168 ) ;
#1632 = VECTOR ( 'NONE', #967, 1000.000000000000000 ) ;
#1633 = CARTESIAN_POINT ( 'NONE',  ( -1.300000000000000044, 0.7500000000000000000, 2.314999999999999503 ) ) ;
#1634 = CARTESIAN_POINT ( 'NONE',  ( 1.499999999999999556, 0.02000000000000000042, -2.824999999999999734 ) ) ;
#1635 = FILL_AREA_STYLE_COLOUR ( '', #2058 ) ;
#1636 = FACE_OUTER_BOUND ( 'NONE', #1574, .T. ) ;
#1637 =( GEOMETRIC_REPRESENTATION_CONTEXT ( 3 ) GLOBAL_UNCERTAINTY_ASSIGNED_CONTEXT ( ( #2555 ) ) GLOBAL_UNIT_ASSIGNED_CONTEXT ( ( #1875, #1671, #2128 ) ) REPRESENTATION_CONTEXT ( 'NONE', 'WORKASPACE' ) );
#1638 = CARTESIAN_POINT ( 'NONE',  ( -1.440412320370286769, 0.06999999999999999278, 2.825000000000000622 ) ) ;
#1639 = CYLINDRICAL_SURFACE ( 'NONE', #466, 0.05000000000000007216 ) ;
#1640 = DIRECTION ( 'NONE',  ( 1.000000000000000000, 0.000000000000000000, 0.000000000000000000 ) ) ;
#1641 = ADVANCED_FACE ( 'NONE', ( #1171 ), #1989, .T. ) ;
#1642 = ADVANCED_FACE ( 'NONE', ( #2001 ), #982, .F. ) ;
#1643 = VERTEX_POINT ( 'NONE', #1035 ) ;
#1644 = FACE_OUTER_BOUND ( 'NONE', #888, .T. ) ;
#1645 = DIRECTION ( 'NONE',  ( 0.000000000000000000, 0.000000000000000000, -1.000000000000000000 ) ) ;
#1646 = PLANE ( 'NONE',  #2352 ) ;
#1647 = CARTESIAN_POINT ( 'NONE',  ( -1.416618749110619024, 0.4928785722659236312, -2.297216359124117702 ) ) ;
#1648 = AXIS2_PLACEMENT_3D ( 'NONE', #2502, #2432, #652 ) ;
#1649 = LINE ( 'NONE', #2491, #1132 ) ;
#1650 = CARTESIAN_POINT ( 'NONE',  ( 1.465797985667430359, 0.1200000000000006201, 2.669832213132899756 ) ) ;
#1651 = ORIENTED_EDGE ( 'NONE', *, *, #815, .T. ) ;
#1652 = ADVANCED_FACE ( 'NONE', ( #1636 ), #1596, .T. ) ;
#1653 = CARTESIAN_POINT ( 'NONE',  ( -1.407666874054458228, 0.5436471785234174847, -2.245862835477497210 ) ) ;
#1654 = EDGE_CURVE ( 'NONE', #1344, #715, #2448, .T. ) ;
#1655 = DIRECTION ( 'NONE',  ( 0.7071067811865474617, 0.000000000000000000, -0.7071067811865474617 ) ) ;
#1656 = DIRECTION ( 'NONE',  ( 2.891205793294679312E-16, 0.000000000000000000, -1.000000000000000000 ) ) ;
#1657 = CARTESIAN_POINT ( 'NONE',  ( -1.406441204123522359, 0.5505982981195862713, -2.251290483885053373 ) ) ;
#1658 = LINE ( 'NONE', #30, #910 ) ;
#1659 = FACE_OUTER_BOUND ( 'NONE', #1879, .T. ) ;
#1660 = VERTEX_POINT ( 'NONE', #1408 ) ;
#1661 = LINE ( 'NONE', #2297, #1817 ) ;
#1662 = ORIENTED_EDGE ( 'NONE', *, *, #813, .T. ) ;
#1663 = AXIS2_PLACEMENT_3D ( 'NONE', #1945, #2508, #1655 ) ;
#1664 = CARTESIAN_POINT ( 'NONE',  ( 1.489652708020897665, 0.07868240888334640526, 2.825000000000000622 ) ) ;
#1665 = EDGE_LOOP ( 'NONE', ( #1284, #1931, #2300, #1555 ) ) ;
#1666 = CARTESIAN_POINT ( 'NONE',  ( 1.500000000000000444, 0.7600000000000000089, 2.825000000000000622 ) ) ;
#1667 = ADVANCED_FACE ( 'NONE', ( #798 ), #2053, .F. ) ;
#1668 = MECHANICAL_DESIGN_GEOMETRIC_PRESENTATION_REPRESENTATION (  '', ( #647 ), #2144 ) ;
#1669 = CARTESIAN_POINT ( 'NONE',  ( -1.437499740113891589, 0.1199999999999998845, 2.674746151904442648 ) ) ;
#1670 = AXIS2_PLACEMENT_3D ( 'NONE', #2190, #737, #134 ) ;
#1671 =( NAMED_UNIT ( * ) PLANE_ANGLE_UNIT ( ) SI_UNIT ( $, .RADIAN. ) );
#1672 = EDGE_CURVE ( 'NONE', #706, #516, #1852, .T. ) ;
#1673 = EDGE_CURVE ( 'NONE', #549, #369, #1200, .T. ) ;
#1674 = EDGE_CURVE ( 'NONE', #2123, #2596, #402, .T. ) ;
#1675 = LINE ( 'NONE', #238, #1439 ) ;
#1676 = AXIS2_PLACEMENT_3D ( 'NONE', #213, #225, #5 ) ;
#1677 = CARTESIAN_POINT ( 'NONE',  ( -0.7249999999999999778, 0.02000000000000000042, 0.000000000000000000 ) ) ;
#1678 = CARTESIAN_POINT ( 'NONE',  ( -1.059873709967758648, 0.5251537655970266449, -2.645278989383631263 ) ) ;
#1679 = AXIS2_PLACEMENT_3D ( 'NONE', #1217, #625, #2033 ) ;
#1680 = SURFACE_STYLE_USAGE ( .BOTH. , #2010 ) ;
#1681 = ORIENTED_EDGE ( 'NONE', *, *, #526, .T. ) ;
#1682 = DIRECTION ( 'NONE',  ( 1.000000000000000000, 0.000000000000000000, 0.000000000000000000 ) ) ;
#1683 = ORIENTED_EDGE ( 'NONE', *, *, #2210, .T. ) ;
#1684 = SURFACE_STYLE_FILL_AREA ( #430 ) ;
#1685 = CARTESIAN_POINT ( 'NONE',  ( -1.607499999999994822, 0.7500000000000000000, 1.607500000000008367 ) ) ;
#1686 = CARTESIAN_POINT ( 'NONE',  ( -1.389726758679834751, 0.5620367782572215365, -2.285273241320164850 ) ) ;
#1687 = ADVANCED_FACE ( 'NONE', ( #1226 ), #2030, .T. ) ;
#1688 = LINE ( 'NONE', #1511, #1148 ) ;
#1689 = DIRECTION ( 'NONE',  ( -0.4055797876726421336, 0.8191520442889885789, -0.4055797876726421336 ) ) ;
#1690 = EDGE_LOOP ( 'NONE', ( #874, #1518, #934, #1980 ) ) ;
#1691 = DIRECTION ( 'NONE',  ( -0.000000000000000000, 1.000000000000000000, -0.000000000000000000 ) ) ;
#1692 = VERTEX_POINT ( 'NONE', #192 ) ;
#1693 = VERTEX_POINT ( 'NONE', #634 ) ;
#1694 = CARTESIAN_POINT ( 'NONE',  ( -1.367378361460008129, 0.4841961633825772049, -2.297216359124117702 ) ) ;
#1695 = ORIENTED_EDGE ( 'NONE', *, *, #419, .T. ) ;
#1696 = PRESENTATION_STYLE_ASSIGNMENT (( #234 ) ) ;
#1697 = CARTESIAN_POINT ( 'NONE',  ( -1.482367301929150782, 0.1199999999999999123, 2.775000000000000355 ) ) ;
#1698 = FACE_OUTER_BOUND ( 'NONE', #2575, .T. ) ;
#1699 = AXIS2_PLACEMENT_3D ( 'NONE', #446, #877, #2087 ) ;
#1700 = AXIS2_PLACEMENT_3D ( 'NONE', #1773, #2612, #754 ) ;
#1701 = DIRECTION ( 'NONE',  ( 0.000000000000000000, 0.000000000000000000, 1.000000000000000000 ) ) ;
#1702 = CARTESIAN_POINT ( 'NONE',  ( 1.050000000000000044, 0.01999999999999918510, 2.100000000000000089 ) ) ;
#1703 = ORIENTED_EDGE ( 'NONE', *, *, #1396, .T. ) ;
#1704 = ADVANCED_FACE ( 'NONE', ( #2042 ), #2658, .T. ) ;
#1705 = CARTESIAN_POINT ( 'NONE',  ( -1.489652708020897665, 0.07868240888334641914, -2.774999999999999467 ) ) ;
#1706 = ORIENTED_EDGE ( 'NONE', *, *, #694, .F. ) ;
#1707 = EDGE_CURVE ( 'NONE', #1158, #608, #785, .T. ) ;
#1708 = ORIENTED_EDGE ( 'NONE', *, *, #2024, .F. ) ;
#1709 = LINE ( 'NONE', #1653, #1042 ) ;
#1710 = VERTEX_POINT ( 'NONE', #823 ) ;
#1711 = CARTESIAN_POINT ( 'NONE',  ( -1.431595971334863604, 0.1199999999999998845, 2.675000000000000711 ) ) ;
#1712 = FACE_OUTER_BOUND ( 'NONE', #691, .T. ) ;
#1713 =( GEOMETRIC_REPRESENTATION_CONTEXT ( 3 ) GLOBAL_UNCERTAINTY_ASSIGNED_CONTEXT ( ( #91 ) ) GLOBAL_UNIT_ASSIGNED_CONTEXT ( ( #2139, #1561, #1106 ) ) REPRESENTATION_CONTEXT ( 'NONE', 'WORKASPACE' ) );
#1714 = DIRECTION ( 'NONE',  ( 0.000000000000000000, 0.000000000000000000, 1.000000000000000000 ) ) ;
#1715 = CIRCLE ( 'NONE', #2021, 0.05000000000000007216 ) ;
#1716 = PLANE ( 'NONE',  #240 ) ;
#1717 = CARTESIAN_POINT ( 'NONE',  ( -1.440412320370286547, 0.06999999999999999278, 2.775000000000000355 ) ) ;
#1718 = ORIENTED_EDGE ( 'NONE', *, *, #2365, .F. ) ;
#1719 = VECTOR ( 'NONE', #908, 999.9999999999998863 ) ;
#1720 = ORIENTED_EDGE ( 'NONE', *, *, #2292, .T. ) ;
#1721 = CARTESIAN_POINT ( 'NONE',  ( 1.050000000000000266, 0.1200000000000000094, 0.000000000000000000 ) ) ;
#1722 = STYLED_ITEM ( 'NONE', ( #985 ), #2207 ) ;
#1723 = LINE ( 'NONE', #1750, #2648 ) ;
#1724 = EDGE_CURVE ( 'NONE', #740, #1119, #2475, .T. ) ;
#1725 = VECTOR ( 'NONE', #359, 1000.000000000000000 ) ;
#1726 =( BOUNDED_CURVE ( )  B_SPLINE_CURVE ( 3, ( #2421, #1976, #571, #1145 ),
 .UNSPECIFIED., .F., .T. ) 
 B_SPLINE_CURVE_WITH_KNOTS ( ( 4, 4 ),
 ( 4.537856055185292448, 4.712388980384689674 ),
 .UNSPECIFIED. ) 
 CURVE ( )  GEOMETRIC_REPRESENTATION_ITEM ( )  RATIONAL_B_SPLINE_CURVE ( ( 1.000000000000000000, 0.9974631320611646590, 0.9974631320611646590, 1.000000000000000000 ) ) 
 REPRESENTATION_ITEM ( '' )  );
#1727 = ORIENTED_EDGE ( 'NONE', *, *, #2067, .F. ) ;
#1728 = VECTOR ( 'NONE', #2094, 1000.000000000000114 ) ;
#1729 = CARTESIAN_POINT ( 'NONE',  ( 1.500000000000000444, 0.02000000000000000042, 2.775000000000000799 ) ) ;
#1730 =( NAMED_UNIT ( * ) PLANE_ANGLE_UNIT ( ) SI_UNIT ( $, .RADIAN. ) );
#1731 = DIRECTION ( 'NONE',  ( -1.000000000000000000, 0.000000000000000000, 0.000000000000000000 ) ) ;
#1732 = ORIENTED_EDGE ( 'NONE', *, *, #2655, .F. ) ;
#1733 =( LENGTH_UNIT ( ) NAMED_UNIT ( * ) SI_UNIT ( .MILLI., .METRE. ) );
#1734 = EDGE_LOOP ( 'NONE', ( #831, #1791, #2456, #243 ) ) ;
#1735 = ORIENTED_EDGE ( 'NONE', *, *, #2416, .T. ) ;
#1736 = CARTESIAN_POINT ( 'NONE',  ( -1.485244533503186082, 0.1036824088833469965, -2.650385665297143145 ) ) ;
#1737 = CARTESIAN_POINT ( 'NONE',  ( -1.300000000000000266, 0.7600000000000000089, -2.315000000000000391 ) ) ;
#1738 = ORIENTED_EDGE ( 'NONE', *, *, #2631, .F. ) ;
#1739 = FACE_OUTER_BOUND ( 'NONE', #181, .T. ) ;
#1740 = CARTESIAN_POINT ( 'NONE',  ( -1.433126914278541442, 0.1113175911166535553, -2.824999999999999734 ) ) ;
#1741 =( LENGTH_UNIT ( ) NAMED_UNIT ( * ) SI_UNIT ( .MILLI., .METRE. ) );
#1742 = CARTESIAN_POINT ( 'NONE',  ( -1.369518034275735374, 0.7600000000000000089, 1.576815321790969556E-16 ) ) ;
#1743 = AXIS2_PLACEMENT_3D ( 'NONE', #1913, #93, #2559 ) ;
#1744 = CARTESIAN_POINT ( 'NONE',  ( -1.391505660913084252, 0.5540136285238580482, -2.285595328325225939 ) ) ;
#1745 =( LENGTH_UNIT ( ) NAMED_UNIT ( * ) SI_UNIT ( .MILLI., .METRE. ) );
#1746 = VERTEX_POINT ( 'NONE', #2223 ) ;
#1747 = ORIENTED_EDGE ( 'NONE', *, *, #1156, .F. ) ;
#1748 = ORIENTED_EDGE ( 'NONE', *, *, #171, .F. ) ;
#1749 = LINE ( 'NONE', #1360, #1068 ) ;
#1750 = CARTESIAN_POINT ( 'NONE',  ( -1.500000000000000222, 0.1199999999999998845, 2.675000000000000711 ) ) ;
#1751 = ORIENTED_EDGE ( 'NONE', *, *, #2274, .F. ) ;
#1752 = LINE ( 'NONE', #2593, #2434 ) ;
#1753 = UNCERTAINTY_MEASURE_WITH_UNIT (LENGTH_MEASURE( 1.000000000000000082E-05 ), #1238, 'distance_accuracy_value', 'NONE');
#1754 = DIRECTION ( 'NONE',  ( 0.7071067811865474617, 0.000000000000000000, 0.7071067811865474617 ) ) ;
#1755 = CARTESIAN_POINT ( 'NONE',  ( -1.440412320370286992, 0.1200000000000000094, -2.674240387650618889 ) ) ;
#1756 = EDGE_LOOP ( 'NONE', ( #267, #2507, #545, #1782 ) ) ;
#1757 = VECTOR ( 'NONE', #1178, 1000.000000000000000 ) ;
#1758 =( LENGTH_UNIT ( ) NAMED_UNIT ( * ) SI_UNIT ( .MILLI., .METRE. ) );
#1759 = ADVANCED_FACE ( 'NONE', ( #376 ), #836, .F. ) ;
#1760 = EDGE_CURVE ( 'NONE', #2137, #932, #370, .T. ) ;
#1761 = LINE ( 'NONE', #1992, #2410 ) ;
#1762 = CARTESIAN_POINT ( 'NONE',  ( -1.050000000000000044, 0.7600000000000000089, -2.824999999999999734 ) ) ;
#1763 = EDGE_LOOP ( 'NONE', ( #2215, #1194, #1908 ) ) ;
#1764 = ORIENTED_EDGE ( 'NONE', *, *, #2155, .T. ) ;
#1765 = CARTESIAN_POINT ( 'NONE',  ( 1.327563052716870473, 0.7100000000000000755, -2.624999999999999556 ) ) ;
#1766 = AXIS2_PLACEMENT_3D ( 'NONE', #202, #1023, #2064 ) ;
#1767 = VERTEX_POINT ( 'NONE', #260 ) ;
#1768 = AXIS2_PLACEMENT_3D ( 'NONE', #1855, #636, #1445 ) ;
#1769 = CARTESIAN_POINT ( 'NONE',  ( 1.485244533503185416, 0.1036824088833470658, -2.650385665297143589 ) ) ;
#1770 = VECTOR ( 'NONE', #505, 1000.000000000000000 ) ;
#1771 = CARTESIAN_POINT ( 'NONE',  ( -1.000000000000000222, 0.7099999999999999645, -2.674999999999999378 ) ) ;
#1772 = ORIENTED_EDGE ( 'NONE', *, *, #2362, .T. ) ;
#1773 = CARTESIAN_POINT ( 'NONE',  ( 1.440412320370287214, 0.07000000000000000666, 2.775000000000000355 ) ) ;
#1774 = CARTESIAN_POINT ( 'NONE',  ( 1.433126914278540109, 0.1113175911166539855, -2.674999999999999822 ) ) ;
#1775 = ADVANCED_FACE ( 'NONE', ( #1698 ), #2510, .F. ) ;
#1776 = DIRECTION ( 'NONE',  ( 0.1736481776669275834, 0.9848077530122086864, -0.000000000000000000 ) ) ;
#1777 = ADVANCED_FACE ( 'NONE', ( #2332 ), #1510, .F. ) ;
#1778 = ADVANCED_FACE ( 'NONE', ( #1712 ), #1071, .T. ) ;
#1779 = VERTEX_POINT ( 'NONE', #855 ) ;
#1780 = ORIENTED_EDGE ( 'NONE', *, *, #1594, .F. ) ;
#1781 = FACE_OUTER_BOUND ( 'NONE', #782, .T. ) ;
#1782 = ORIENTED_EDGE ( 'NONE', *, *, #2072, .T. ) ;
#1783 = PRESENTATION_STYLE_ASSIGNMENT (( #149 ) ) ;
#1784 = STYLED_ITEM ( 'NONE', ( #2518 ), #203 ) ;
#1785 = ORIENTED_EDGE ( 'NONE', *, *, #631, .F. ) ;
#1786 = PLANE ( 'NONE',  #1358 ) ;
#1787 = CARTESIAN_POINT ( 'NONE',  ( 1.327563052716870473, 0.7099999999999999645, -2.624999999999999556 ) ) ;
#1788 = CARTESIAN_POINT ( 'NONE',  ( -1.050000000000000266, 0.06999999999999999278, -2.774999999999999467 ) ) ;
#1789 = SPHERICAL_SURFACE ( 'NONE', #2185, 0.05000000000000000278 ) ;
#1790 = AXIS2_PLACEMENT_3D ( 'NONE', #408, #2484, #1246 ) ;
#1791 = ORIENTED_EDGE ( 'NONE', *, *, #901, .F. ) ;
#1792 = DIRECTION ( 'NONE',  ( 0.000000000000000000, -0.000000000000000000, 1.000000000000000000 ) ) ;
#1793 = EDGE_CURVE ( 'NONE', #1779, #2617, #425, .T. ) ;
#1794 = EDGE_CURVE ( 'NONE', #2588, #2113, #1459, .T. ) ;
#1795 = ORIENTED_EDGE ( 'NONE', *, *, #2362, .F. ) ;
#1796 = LINE ( 'NONE', #2482, #2504 ) ;
#1797 = ORIENTED_EDGE ( 'NONE', *, *, #2157, .F. ) ;
#1798 = DIRECTION ( 'NONE',  ( 2.891205793294677833E-16, 0.000000000000000000, 1.000000000000000000 ) ) ;
#1799 = CARTESIAN_POINT ( 'NONE',  ( -1.440412320370286769, 0.06999999999999999278, 1.658440531349045518E-16 ) ) ;
#1800 = ORIENTED_EDGE ( 'NONE', *, *, #2633, .T. ) ;
#1801 = DIRECTION ( 'NONE',  ( -1.000000000000000000, 0.000000000000000000, 0.000000000000000000 ) ) ;
#1802 = PRESENTATION_LAYER_ASSIGNMENT (  '', '', ( #1451 ) ) ;
#1803 = CARTESIAN_POINT ( 'NONE',  ( 1.327563052716870917, 0.7099999999999999645, -2.038013091493267539E-16 ) ) ;
#1804 = LINE ( 'NONE', #817, #2295 ) ;
#1805 = AXIS2_PLACEMENT_3D ( 'NONE', #1257, #2494, #653 ) ;
#1806 = VERTEX_POINT ( 'NONE', #29 ) ;
#1807 = AXIS2_PLACEMENT_3D ( 'NONE', #2638, #769, #138 ) ;
#1808 = VECTOR ( 'NONE', #846, 1000.000000000000000 ) ;
#1809 = EDGE_CURVE ( 'NONE', #1692, #608, #670, .T. ) ;
#1810 = PLANE ( 'NONE',  #1248 ) ;
#1811 = EDGE_LOOP ( 'NONE', ( #746, #2000, #2514 ) ) ;
#1812 = CARTESIAN_POINT ( 'NONE',  ( -1.431595971334864048, 0.1199999999999998845, -2.674999999999999378 ) ) ;
#1813 = AXIS2_PLACEMENT_3D ( 'NONE', #458, #1276, #417 ) ;
#1814 = FILL_AREA_STYLE ('',( #1013 ) ) ;
#1815 = EDGE_LOOP ( 'NONE', ( #1447, #2490, #2568, #1562 ) ) ;
#1816 = VECTOR ( 'NONE', #396, 1000.000000000000000 ) ;
#1817 = VECTOR ( 'NONE', #2517, 1000.000000000000000 ) ;
#1818 = ORIENTED_EDGE ( 'NONE', *, *, #155, .F. ) ;
#1819 = FACE_OUTER_BOUND ( 'NONE', #2186, .T. ) ;
#1820 = LINE ( 'NONE', #987, #1386 ) ;
#1821 = ORIENTED_EDGE ( 'NONE', *, *, #53, .T. ) ;
#1822 = DIRECTION ( 'NONE',  ( 1.000000000000000000, -0.000000000000000000, -0.000000000000000000 ) ) ;
#1823 = CARTESIAN_POINT ( 'NONE',  ( -0.7249999999999999778, -3.478915224864504552, -0.8500000000000000888 ) ) ;
#1824 = ORIENTED_EDGE ( 'NONE', *, *, #1994, .F. ) ;
#1825 = PLANE ( 'NONE',  #786 ) ;
#1826 = DIRECTION ( 'NONE',  ( 0.000000000000000000, 0.000000000000000000, 1.000000000000000000 ) ) ;
#1827 = EDGE_CURVE ( 'NONE', #1191, #2403, #1350, .T. ) ;
#1828 = CARTESIAN_POINT ( 'NONE',  ( -1.357200816472911908, 0.5419158892362400115, -2.251290483885053373 ) ) ;
#1829 = CARTESIAN_POINT ( 'NONE',  ( -1.388289839848271923, 0.5661113678114761960, -2.286710160151727678 ) ) ;
#1830 = VERTEX_POINT ( 'NONE', #1533 ) ;
#1831 = DIRECTION ( 'NONE',  ( 1.151365138922659563E-16, 0.000000000000000000, 1.000000000000000000 ) ) ;
#1832 = LINE ( 'NONE', #317, #1131 ) ;
#1833 = VECTOR ( 'NONE', #2273, 1000.000000000000000 ) ;
#1834 = EDGE_LOOP ( 'NONE', ( #2621, #2385, #1681, #496, #1165, #774, #535, #873, #710 ) ) ;
#1835 = CARTESIAN_POINT ( 'NONE',  ( -0.9792893218813457645, 0.5661113678114761960, -2.674999999999999378 ) ) ;
#1836 = VECTOR ( 'NONE', #337, 1000.000000000000000 ) ;
#1837 = DIRECTION ( 'NONE',  ( 0.000000000000000000, -1.000000000000000000, -0.000000000000000000 ) ) ;
#1838 = DIRECTION ( 'NONE',  ( 1.000000000000000000, 0.000000000000000000, -0.000000000000000000 ) ) ;
#1839 = CARTESIAN_POINT ( 'NONE',  ( 0.000000000000000000, 0.06999999999999999278, -2.774999999999999467 ) ) ;
#1840 =( NAMED_UNIT ( * ) PLANE_ANGLE_UNIT ( ) SI_UNIT ( $, .RADIAN. ) );
#1841 = EDGE_CURVE ( 'NONE', #818, #1095, #1715, .T. ) ;
#1842 = CARTESIAN_POINT ( 'NONE',  ( -1.449228669405710823, 0.02000000000000000042, -2.824999999999999734 ) ) ;
#1843 = ADVANCED_FACE ( 'NONE', ( #332, #1985 ), #1320, .T. ) ;
#1844 = CARTESIAN_POINT ( 'NONE',  ( -1.489652708020896998, 0.07868240888334639138, 2.625000000000000444 ) ) ;
#1845 = PRESENTATION_STYLE_ASSIGNMENT (( #1262 ) ) ;
#1846 = AXIS2_PLACEMENT_3D ( 'NONE', #775, #1831, #2229 ) ;
#1847 = ORIENTED_EDGE ( 'NONE', *, *, #2194, .F. ) ;
#1848 = CIRCLE ( 'NONE', #1670, 0.04999999999999991257 ) ;
#1849 = CYLINDRICAL_SURFACE ( 'NONE', #2328, 0.04999999999999984318 ) ;
#1850 = LINE ( 'NONE', #834, #1101 ) ;
#1851 = LINE ( 'NONE', #1307, #2150 ) ;
#1852 = LINE ( 'NONE', #412, #2383 ) ;
#1853 = PRESENTATION_LAYER_ASSIGNMENT (  '', '', ( #1886 ) ) ;
#1854 = AXIS2_PLACEMENT_3D ( 'NONE', #2254, #2239, #227 ) ;
#1855 = CARTESIAN_POINT ( 'NONE',  ( 1.324212159318891580, 0.7290038608074399518, 2.775000000000000355 ) ) ;
#1856 = EDGE_CURVE ( 'NONE', #735, #773, #2665, .T. ) ;
#1857 = AXIS2_PLACEMENT_3D ( 'NONE', #957, #770, #1159 ) ;
#1858 = DIRECTION ( 'NONE',  ( 0.000000000000000000, 0.000000000000000000, -1.000000000000000000 ) ) ;
#1859 = EDGE_CURVE ( 'NONE', #416, #2426, #1848, .T. ) ;
#1860 = ORIENTED_EDGE ( 'NONE', *, *, #1588, .F. ) ;
#1861 =( NAMED_UNIT ( * ) SI_UNIT ( $, .STERADIAN. ) SOLID_ANGLE_UNIT ( ) );
#1862 = LINE ( 'NONE', #200, #718 ) ;
#1863 = DIRECTION ( 'NONE',  ( -1.000000000000000000, -0.000000000000000000, -0.000000000000000000 ) ) ;
#1864 = DIRECTION ( 'NONE',  ( -0.7071067811865443531, -0.000000000000000000, 0.7071067811865506814 ) ) ;
#1865 = DIRECTION ( 'NONE',  ( -0.9848077530122086864, 0.1736481776669263344, 0.000000000000000000 ) ) ;
#1866 = DIRECTION ( 'NONE',  ( -2.891205793294679312E-16, -0.000000000000000000, 1.000000000000000000 ) ) ;
#1867 = EDGE_CURVE ( 'NONE', #339, #1191, #2594, .T. ) ;
#1868 =( LENGTH_UNIT ( ) NAMED_UNIT ( * ) SI_UNIT ( .MILLI., .METRE. ) );
#1869 = ORIENTED_EDGE ( 'NONE', *, *, #2618, .F. ) ;
#1870 = CIRCLE ( 'NONE', #882, 0.05000000000000005829 ) ;
#1871 = FILL_AREA_STYLE ('',( #639 ) ) ;
#1872 = EDGE_CURVE ( 'NONE', #2313, #1279, #2609, .T. ) ;
#1873 = EDGE_CURVE ( 'NONE', #1119, #2123, #899, .T. ) ;
#1874 = CARTESIAN_POINT ( 'NONE',  ( -1.482367301929151449, 0.1199999999999995515, -2.624999999999999112 ) ) ;
#1875 =( LENGTH_UNIT ( ) NAMED_UNIT ( * ) SI_UNIT ( .MILLI., .METRE. ) );
#1876 = DIRECTION ( 'NONE',  ( -1.000000000000000000, 0.000000000000000000, 1.535153518563551261E-16 ) ) ;
#1877 = CARTESIAN_POINT ( 'NONE',  ( -1.015076349675695377, 0.5251537655970266449, -2.690076349675694534 ) ) ;
#1878 = FILL_AREA_STYLE_COLOUR ( '', #1923 ) ;
#1879 = EDGE_LOOP ( 'NONE', ( #470, #172, #1795 ) ) ;
#1880 = AXIS2_PLACEMENT_3D ( 'NONE', #103, #2619, #2372 ) ;
#1881 = LINE ( 'NONE', #2112, #2145 ) ;
#1882 = EDGE_LOOP ( 'NONE', ( #1385, #668, #2124, #374, #757, #210, #96, #943, #2189 ) ) ;
#1883 =( NAMED_UNIT ( * ) SI_UNIT ( $, .STERADIAN. ) SOLID_ANGLE_UNIT ( ) );
#1884 = CARTESIAN_POINT ( 'NONE',  ( 1.499999999999997558, 0.02000000000000004899, 2.804289321881346275 ) ) ;
#1885 = SURFACE_STYLE_USAGE ( .BOTH. , #432 ) ;
#1886 = STYLED_ITEM ( 'NONE', ( #1057 ), #1775 ) ;
#1887 = PRESENTATION_STYLE_ASSIGNMENT (( #2091 ) ) ;
#1888 = DIRECTION ( 'NONE',  ( -0.1736481776669248633, 0.9848077530122091305, 0.000000000000000000 ) ) ;
#1889 = COLOUR_RGB ( '',1.000000000000000000, 1.000000000000000000, 0.000000000000000000 ) ;
#1890 = ORIENTED_EDGE ( 'NONE', *, *, #47, .T. ) ;
#1891 = CARTESIAN_POINT ( 'NONE',  ( -1.327563052716871583, 0.7600000000000000089, -2.276726269164473404 ) ) ;
#1892 = VECTOR ( 'NONE', #787, 1000.000000000000000 ) ;
#1893 = CARTESIAN_POINT ( 'NONE',  ( 1.299999999999999378, 0.7600000000000000089, -2.315000000000000391 ) ) ;
#1894 = ORIENTED_EDGE ( 'NONE', *, *, #2583, .F. ) ;
#1895 = DIRECTION ( 'NONE',  ( 0.000000000000000000, -1.000000000000000000, 0.000000000000000000 ) ) ;
#1896 = ORIENTED_EDGE ( 'NONE', *, *, #1277, .F. ) ;
#1897 = CARTESIAN_POINT ( 'NONE',  ( -1.050000000000000266, -3.478915224864504552, -2.850000000000000089 ) ) ;
#1898 = CARTESIAN_POINT ( 'NONE',  ( -1.403820008003924480, 0.5654638400183075175, -2.270592617104184363 ) ) ;
#1899 = EDGE_CURVE ( 'NONE', #1660, #2113, #1971, .T. ) ;
#1900 = EDGE_CURVE ( 'NONE', #1806, #887, #2377, .T. ) ;
#1901 =( LENGTH_UNIT ( ) NAMED_UNIT ( * ) SI_UNIT ( .MILLI., .METRE. ) );
#1902 = CARTESIAN_POINT ( 'NONE',  ( 1.327563052716871361, 0.7600000000000000089, 2.625000000000000444 ) ) ;
#1903 = ADVANCED_FACE ( 'NONE', ( #927 ), #751, .T. ) ;
#1904 = ORIENTED_EDGE ( 'NONE', *, *, #2359, .T. ) ;
#1905 = FACE_OUTER_BOUND ( 'NONE', #2342, .T. ) ;
#1906 = CIRCLE ( 'NONE', #490, 0.04999999999999991257 ) ;
#1907 = EDGE_LOOP ( 'NONE', ( #903, #1515, #2397, #1380 ) ) ;
#1908 = ORIENTED_EDGE ( 'NONE', *, *, #1174, .F. ) ;
#1909 = CARTESIAN_POINT ( 'NONE',  ( 1.050000000000000044, 0.000000000000000000, 2.850000000000000089 ) ) ;
#1910 = LINE ( 'NONE', #2347, #1927 ) ;
#1911 = COLOUR_RGB ( '',0.5019607843137254832, 0.5019607843137254832, 0.5019607843137254832 ) ;
#1912 = DIRECTION ( 'NONE',  ( 0.000000000000000000, -1.000000000000000000, 0.000000000000000000 ) ) ;
#1913 = CARTESIAN_POINT ( 'NONE',  ( -1.398732244915722456, 0.3063794541657715031, -2.624999999999999112 ) ) ;
#1914 =( NAMED_UNIT ( * ) SI_UNIT ( $, .STERADIAN. ) SOLID_ANGLE_UNIT ( ) );
#1915 = EDGE_LOOP ( 'NONE', ( #1352, #1312, #2353, #525, #2614, #1542, #666, #316, #2561 ) ) ;
#1916 = PRESENTATION_STYLE_ASSIGNMENT (( #916 ) ) ;
#1917 = EDGE_CURVE ( 'NONE', #323, #2258, #2203, .T. ) ;
#1918 = VERTEX_POINT ( 'NONE', #518 ) ;
#1919 = ORIENTED_EDGE ( 'NONE', *, *, #1039, .F. ) ;
#1920 = LINE ( 'NONE', #2607, #596 ) ;
#1921 = CARTESIAN_POINT ( 'NONE',  ( -0.9792893218813455425, 0.7099999999999999645, -2.624999999999999112 ) ) ;
#1922 = DIRECTION ( 'NONE',  ( 1.151365138922659563E-16, -0.000000000000000000, 1.000000000000000000 ) ) ;
#1923 = COLOUR_RGB ( '',0.5019607843137254832, 0.5019607843137254832, 0.5019607843137254832 ) ;
#1924 = VECTOR ( 'NONE', #1127, 999.9999999999998863 ) ;
#1925 = LINE ( 'NONE', #911, #205 ) ;
#1926 = FACE_OUTER_BOUND ( 'NONE', #1834, .T. ) ;
#1927 = VECTOR ( 'NONE', #249, 1000.000000000000000 ) ;
#1928 = DIRECTION ( 'NONE',  ( 1.000000000000000000, 0.000000000000000000, 1.495451272393799296E-16 ) ) ;
#1929 = CARTESIAN_POINT ( 'NONE',  ( -1.403614833817413254, 0.5666274406521312201, -2.249914875714541740 ) ) ;
#1930 = ORIENTED_EDGE ( 'NONE', *, *, #2244, .F. ) ;
#1931 = ORIENTED_EDGE ( 'NONE', *, *, #155, .T. ) ;
#1932 = CIRCLE ( 'NONE', #261, 0.04999999999999991951 ) ;
#1933 = ADVANCED_FACE ( 'NONE', ( #2165 ), #941, .F. ) ;
#1934 = FILL_AREA_STYLE ('',( #2643 ) ) ;
#1935 = ORIENTED_EDGE ( 'NONE', *, *, #1329, .F. ) ;
#1936 = AXIS2_PLACEMENT_3D ( 'NONE', #1193, #924, #1336 ) ;
#1937 = CARTESIAN_POINT ( 'NONE',  ( -1.388289839848271923, 0.5661113678114761960, -2.286710160151727678 ) ) ;
#1938 = AXIS2_PLACEMENT_3D ( 'NONE', #1231, #2045, #41 ) ;
#1939 = UNCERTAINTY_MEASURE_WITH_UNIT (LENGTH_MEASURE( 1.000000000000000082E-05 ), #1481, 'distance_accuracy_value', 'NONE');
#1940 = CARTESIAN_POINT ( 'NONE',  ( -1.500000000000000222, 0.02000000000000000042, -2.824999999999999734 ) ) ;
#1941 = DIRECTION ( 'NONE',  ( 0.000000000000000000, 0.000000000000000000, 1.000000000000000000 ) ) ;
#1942 = SURFACE_STYLE_FILL_AREA ( #944 ) ;
#1943 = PLANE ( 'NONE',  #2471 ) ;
#1944 = ORIENTED_EDGE ( 'NONE', *, *, #2194, .T. ) ;
#1945 = CARTESIAN_POINT ( 'NONE',  ( -1.000000000000000222, 0.2600000000000000089, -2.674999999999999378 ) ) ;
#1946 = DIRECTION ( 'NONE',  ( 0.000000000000000000, 0.000000000000000000, 1.000000000000000000 ) ) ;
#1947 = AXIS2_PLACEMENT_3D ( 'NONE', #1828, #2289, #799 ) ;
#1948 = EDGE_LOOP ( 'NONE', ( #2406, #1064, #82, #1545 ) ) ;
#1949 = ORIENTED_EDGE ( 'NONE', *, *, #2070, .F. ) ;
#1950 = DIRECTION ( 'NONE',  ( -1.000000000000000000, 0.000000000000000000, -0.000000000000000000 ) ) ;
#1951 = ADVANCED_FACE ( 'NONE', ( #2009 ), #1849, .T. ) ;
#1952 = CARTESIAN_POINT ( 'NONE',  ( 1.050000000000000266, 0.000000000000000000, -2.100000000000000089 ) ) ;
#1953 = ORIENTED_EDGE ( 'NONE', *, *, #1707, .T. ) ;
#1954 = DIRECTION ( 'NONE',  ( -1.000000000000000000, 0.000000000000000000, -1.495451272393799296E-16 ) ) ;
#1955 = EDGE_CURVE ( 'NONE', #2588, #1830, #384, .T. ) ;
#1956 = EDGE_CURVE ( 'NONE', #1053, #506, #14, .T. ) ;
#1957 = CARTESIAN_POINT ( 'NONE',  ( 0.000000000000000000, 0.02000000000000000042, 0.000000000000000000 ) ) ;
#1958 = CARTESIAN_POINT ( 'NONE',  ( 0.7249999999999999778, -8.673617379884035472E-16, 1.449999999999999956 ) ) ;
#1959 = ORIENTED_EDGE ( 'NONE', *, *, #2366, .T. ) ;
#1960 = AXIS2_PLACEMENT_3D ( 'NONE', #687, #449, #263 ) ;
#1961 = CARTESIAN_POINT ( 'NONE',  ( -1.414153526166230357, 0.5068595463317387972, -2.271444120944314804 ) ) ;
#1962 = CARTESIAN_POINT ( 'NONE',  ( -1.500000000000000222, -2.983747659175119082, 2.675000000000000711 ) ) ;
#1963 = VECTOR ( 'NONE', #115, 1000.000000000000000 ) ;
#1964 = CARTESIAN_POINT ( 'NONE',  ( -1.369518034275734930, 0.7600000000000002309, 2.625000000000000444 ) ) ;
#1965 = DIRECTION ( 'NONE',  ( 0.1736481776669275556, 0.9848077530122085754, 0.000000000000000000 ) ) ;
#1966 = ORIENTED_EDGE ( 'NONE', *, *, #438, .T. ) ;
#1967 = VERTEX_POINT ( 'NONE', #2260 ) ;
#1968 = DIRECTION ( 'NONE',  ( -1.000000000000000000, 0.000000000000000000, 0.000000000000000000 ) ) ;
#1969 = ORIENTED_EDGE ( 'NONE', *, *, #2359, .F. ) ;
#1970 = PRODUCT_DEFINITION_CONTEXT ( 'detailed design', #771, 'design' ) ;
#1971 = LINE ( 'NONE', #1940, #1585 ) ;
#1972 = PRODUCT_DEFINITION ( 'UNKNOWN', '', #2521, #1970 ) ;
#1973 = PRESENTATION_STYLE_ASSIGNMENT (( #2166 ) ) ;
#1974 = ORIENTED_EDGE ( 'NONE', *, *, #2483, .F. ) ;
#1975 = VECTOR ( 'NONE', #494, 1000.000000000000000 ) ;
#1976 = CARTESIAN_POINT ( 'NONE',  ( -1.437499740113892255, 0.1199999999999998845, -2.674746151904441316 ) ) ;
#1977 = ADVANCED_FACE ( 'NONE', ( #794, #1004 ), #1810, .F. ) ;
#1978 = VECTOR ( 'NONE', #1142, 1000.000000000000000 ) ;
#1979 = FACE_OUTER_BOUND ( 'NONE', #195, .T. ) ;
#1980 = ORIENTED_EDGE ( 'NONE', *, *, #1588, .T. ) ;
#1981 = ORIENTED_EDGE ( 'NONE', *, *, #813, .F. ) ;
#1982 = SURFACE_STYLE_USAGE ( .BOTH. , #2589 ) ;
#1983 = VECTOR ( 'NONE', #236, 1000.000000000000114 ) ;
#1984 = ORIENTED_EDGE ( 'NONE', *, *, #989, .F. ) ;
#1985 = FACE_OUTER_BOUND ( 'NONE', #1513, .T. ) ;
#1986 = VECTOR ( 'NONE', #1497, 1000.000000000000000 ) ;
#1987 = DIRECTION ( 'NONE',  ( 0.1710878697460327946, 0.9702875252478149193, -0.1710878697460327946 ) ) ;
#1988 = ORIENTED_EDGE ( 'NONE', *, *, #157, .F. ) ;
#1989 = PLANE ( 'NONE',  #650 ) ;
#1990 =( NAMED_UNIT ( * ) SI_UNIT ( $, .STERADIAN. ) SOLID_ANGLE_UNIT ( ) );
#1991 = EDGE_CURVE ( 'NONE', #2433, #735, #1620, .T. ) ;
#1992 = CARTESIAN_POINT ( 'NONE',  ( 1.320277646625124701, 0.7513175911166539711, 2.675000000000000711 ) ) ;
#1993 = ADVANCED_FACE ( 'NONE', ( #1644 ), #1031, .T. ) ;
#1994 = EDGE_CURVE ( 'NONE', #740, #2596, #1495, .T. ) ;
#1995 = ORIENTED_EDGE ( 'NONE', *, *, #52, .F. ) ;
#1996 = CARTESIAN_POINT ( 'NONE',  ( -1.465797985667429693, 0.1200000000000008560, 2.669832213132900200 ) ) ;
#1997 = EDGE_LOOP ( 'NONE', ( #197, #481, #177, #2011 ) ) ;
#1998 = CARTESIAN_POINT ( 'NONE',  ( 0.7249999999999999778, -3.478915224864504552, -0.8499999999999998668 ) ) ;
#1999 = LINE ( 'NONE', #1771, #1187 ) ;
#2000 = ORIENTED_EDGE ( 'NONE', *, *, #472, .T. ) ;
#2001 = FACE_OUTER_BOUND ( 'NONE', #511, .T. ) ;
#2002 = ORIENTED_EDGE ( 'NONE', *, *, #1297, .T. ) ;
#2003 = LINE ( 'NONE', #801, #1382 ) ;
#2004 = ORIENTED_EDGE ( 'NONE', *, *, #411, .F. ) ;
#2005 = ADVANCED_FACE ( 'NONE', ( #1233 ), #2025, .T. ) ;
#2006 = CARTESIAN_POINT ( 'NONE',  ( -1.440412320370287658, 0.06999999999999999278, -2.774999999999999467 ) ) ;
#2007 = FACE_OUTER_BOUND ( 'NONE', #1948, .T. ) ;
#2008 = EDGE_LOOP ( 'NONE', ( #1300, #2443, #759, #767 ) ) ;
#2009 = FACE_OUTER_BOUND ( 'NONE', #334, .T. ) ;
#2010 = SURFACE_SIDE_STYLE ('',( #1062 ) ) ;
#2011 = ORIENTED_EDGE ( 'NONE', *, *, #1575, .T. ) ;
#2012 = LINE ( 'NONE', #2472, #2407 ) ;
#2013 = DIRECTION ( 'NONE',  ( 0.9848077530122086864, -0.1736481776669263344, 0.000000000000000000 ) ) ;
#2014 = DIRECTION ( 'NONE',  ( 0.000000000000000000, 1.000000000000000000, 0.000000000000000000 ) ) ;
#2015 = VECTOR ( 'NONE', #1280, 1000.000000000000000 ) ;
#2016 = DIRECTION ( 'NONE',  ( 0.000000000000000000, -0.000000000000000000, 1.000000000000000000 ) ) ;
#2017 =( BOUNDED_CURVE ( )  B_SPLINE_CURVE ( 3, ( #562, #904, #1736, #2576 ),
 .UNSPECIFIED., .F., .T. ) 
 B_SPLINE_CURVE_WITH_KNOTS ( ( 4, 4 ),
 ( 3.316125578789206774, 4.712388980384693227 ),
 .UNSPECIFIED. ) 
 CURVE ( )  GEOMETRIC_REPRESENTATION_ITEM ( )  RATIONAL_B_SPLINE_CURVE ( ( 1.000000000000000000, 0.8440296287459805313, 0.8440296287459805313, 1.000000000000000000 ) ) 
 REPRESENTATION_ITEM ( '' )  );
#2018 = VECTOR ( 'NONE', #1197, 1000.000000000000000 ) ;
#2019 = CYLINDRICAL_SURFACE ( 'NONE', #1846, 0.04999999999999991257 ) ;
#2020 = DIRECTION ( 'NONE',  ( 0.4437126062796618031, -0.8961691375117254443, 0.000000000000000000 ) ) ;
#2021 = AXIS2_PLACEMENT_3D ( 'NONE', #2391, #108, #1754 ) ;
#2022 = ORIENTED_EDGE ( 'NONE', *, *, #1724, .F. ) ;
#2023 = COLOUR_RGB ( '',0.5019607843137254832, 0.5019607843137254832, 0.5019607843137254832 ) ;
#2024 = EDGE_CURVE ( 'NONE', #89, #1136, #1796, .T. ) ;
#2025 = CYLINDRICAL_SURFACE ( 'NONE', #1452, 0.05000000000000012768 ) ;
#2026 = SURFACE_STYLE_FILL_AREA ( #1052 ) ;
#2027 = CARTESIAN_POINT ( 'NONE',  ( 1.440412320370286325, 0.06999999999999999278, -2.774999999999999467 ) ) ;
#2028 = DIRECTION ( 'NONE',  ( 0.000000000000000000, 0.000000000000000000, 1.000000000000000000 ) ) ;
#2029 = STYLED_ITEM ( 'NONE', ( #1512 ), #2437 ) ;
#2030 = CYLINDRICAL_SURFACE ( 'NONE', #2149, 0.05000000000000012768 ) ;
#2031 = CARTESIAN_POINT ( 'NONE',  ( -1.411287994723844363, 0.5231107827044936265, -2.289248893843933708 ) ) ;
#2032 = CIRCLE ( 'NONE', #435, 0.04999999999999991951 ) ;
#2033 = DIRECTION ( 'NONE',  ( -1.000000000000000000, 8.131516293641297060E-16, 0.000000000000000000 ) ) ;
#2034 = VERTEX_POINT ( 'NONE', #1019 ) ;
#2035 = DIRECTION ( 'NONE',  ( 0.9848077530122086864, 0.1736481776669270838, 0.000000000000000000 ) ) ;
#2036 = ORIENTED_EDGE ( 'NONE', *, *, #2581, .F. ) ;
#2037 = CARTESIAN_POINT ( 'NONE',  ( -1.014644660940673182, 0.5661113678114761960, -2.660355339059326862 ) ) ;
#2038 = CARTESIAN_POINT ( 'NONE',  ( -1.431595971334863604, 0.1199999999999998845, 2.675000000000000711 ) ) ;
#2039 = EDGE_CURVE ( 'NONE', #1343, #1272, #630, .T. ) ;
#2040 = CARTESIAN_POINT ( 'NONE',  ( 1.327563052716870917, 0.7100000000000000755, 2.675000000000000711 ) ) ;
#2041 = ADVANCED_FACE ( 'NONE', ( #1195 ), #646, .T. ) ;
#2042 = FACE_OUTER_BOUND ( 'NONE', #1374, .T. ) ;
#2043 = LINE ( 'NONE', #1612, #1429 ) ;
#2044 = CARTESIAN_POINT ( 'NONE',  ( -1.327563052716871583, 0.7099999999999999645, -2.276726269164473404 ) ) ;
#2045 = DIRECTION ( 'NONE',  ( 2.065146995210484695E-16, 0.000000000000000000, -1.000000000000000000 ) ) ;
#2046 = AXIS2_PLACEMENT_3D ( 'NONE', #27, #2669, #820 ) ;
#2047 = VECTOR ( 'NONE', #1517, 1000.000000000000000 ) ;
#2048 = ORIENTED_EDGE ( 'NONE', *, *, #2631, .T. ) ;
#2049 = CARTESIAN_POINT ( 'NONE',  ( -1.014644666665208028, 0.5499191034437584946, -2.660355333334792238 ) ) ;
#2050 = VECTOR ( 'NONE', #2424, 999.9999999999998863 ) ;
#2051 = DIRECTION ( 'NONE',  ( 0.7071067811865506814, 0.000000000000000000, 0.7071067811865443531 ) ) ;
#2052 = ADVANCED_FACE ( 'NONE', ( #2 ), #819, .F. ) ;
#2053 = PLANE ( 'NONE',  #1074 ) ;
#2054 =( LENGTH_UNIT ( ) NAMED_UNIT ( * ) SI_UNIT ( .MILLI., .METRE. ) );
#2055 = EDGE_CURVE ( 'NONE', #2392, #1746, #428, .T. ) ;
#2056 = CARTESIAN_POINT ( 'NONE',  ( 1.300000000000000044, 0.7500000000000000000, 1.914999999999995595 ) ) ;
#2057 = AXIS2_PLACEMENT_3D ( 'NONE', #2242, #703, #1499 ) ;
#2058 = COLOUR_RGB ( '',0.5019607843137254832, 0.5019607843137254832, 0.5019607843137254832 ) ;
#2059 = ORIENTED_EDGE ( 'NONE', *, *, #1398, .F. ) ;
#2060 = STYLED_ITEM ( 'NONE', ( #1783 ), #1933 ) ;
#2061 = LINE ( 'NONE', #1952, #2387 ) ;
#2062 = VECTOR ( 'NONE', #1656, 1000.000000000000000 ) ;
#2063 = CARTESIAN_POINT ( 'NONE',  ( -1.500000000000000222, 0.02000000000000000042, -2.774999999999999467 ) ) ;
#2064 = DIRECTION ( 'NONE',  ( 0.000000000000000000, -0.000000000000000000, 1.000000000000000000 ) ) ;
#2065 = AXIS2_PLACEMENT_3D ( 'NONE', #1505, #1093, #1489 ) ;
#2066 = MECHANICAL_DESIGN_GEOMETRIC_PRESENTATION_REPRESENTATION (  '', ( #306 ), #1094 ) ;
#2067 = EDGE_CURVE ( 'NONE', #1779, #1343, #1211, .T. ) ;
#2068 = DIRECTION ( 'NONE',  ( 1.000000000000000000, 0.000000000000000000, 0.000000000000000000 ) ) ;
#2069 = AXIS2_PLACEMENT_3D ( 'NONE', #624, #1024, #1036 ) ;
#2070 = EDGE_CURVE ( 'NONE', #2241, #1344, #1054, .T. ) ;
#2071 = VECTOR ( 'NONE', #1954, 1000.000000000000000 ) ;
#2072 = EDGE_CURVE ( 'NONE', #493, #593, #1881, .T. ) ;
#2073 = FACE_OUTER_BOUND ( 'NONE', #1315, .T. ) ;
#2074 = FILL_AREA_STYLE ('',( #2221 ) ) ;
#2075 = EDGE_LOOP ( 'NONE', ( #1894, #1088, #1988, #114 ) ) ;
#2076 = CARTESIAN_POINT ( 'NONE',  ( 1.050000000000000266, -2.983747659175119082, -2.674999999999999822 ) ) ;
#2077 = CARTESIAN_POINT ( 'NONE',  ( 1.050000000000000266, 0.000000000000000000, -2.850000000000000089 ) ) ;
#2078 = DIRECTION ( 'NONE',  ( 0.000000000000000000, -1.000000000000000000, 0.000000000000000000 ) ) ;
#2079 = CARTESIAN_POINT ( 'NONE',  ( -1.402803346582332855, 0.5712296134552939941, -2.272196653417666301 ) ) ;
#2080 = DIRECTION ( 'NONE',  ( -1.000000000000000000, -0.000000000000000000, -0.000000000000000000 ) ) ;
#2081 = EDGE_CURVE ( 'NONE', #1464, #2414, #2535, .T. ) ;
#2082 = CARTESIAN_POINT ( 'NONE',  ( -1.500000000000000222, 0.1700000000000000122, 2.675000000000000711 ) ) ;
#2083 = ORIENTED_EDGE ( 'NONE', *, *, #1395, .T. ) ;
#2084 = CIRCLE ( 'NONE', #1960, 0.04999999999999991257 ) ;
#2085 = STYLED_ITEM ( 'NONE', ( #1916 ), #925 ) ;
#2086 = ORIENTED_EDGE ( 'NONE', *, *, #2134, .T. ) ;
#2087 = DIRECTION ( 'NONE',  ( -0.9848077530122063550, 0.1736481776669407673, 0.000000000000000000 ) ) ;
#2088 = CARTESIAN_POINT ( 'NONE',  ( -1.440412320370286325, 0.1200000000000000094, 2.674240387650619777 ) ) ;
#2089 = CARTESIAN_POINT ( 'NONE',  ( -1.405047282887479820, 0.5585036182835328988, -2.249896565617613753 ) ) ;
#2090 = APPLICATION_PROTOCOL_DEFINITION ( 'draft international standard', 'automotive_design', 1998, #1584 ) ;
#2091 = SURFACE_STYLE_USAGE ( .BOTH. , #436 ) ;
#2092 = DIRECTION ( 'NONE',  ( -0.7071067811865474617, 0.000000000000000000, 0.7071067811865474617 ) ) ;
#2093 = ORIENTED_EDGE ( 'NONE', *, *, #188, .T. ) ;
#2094 = DIRECTION ( 'NONE',  ( -0.7071067811865474617, -0.000000000000000000, 0.7071067811865474617 ) ) ;
#2095 = VERTEX_POINT ( 'NONE', #244 ) ;
#2096 = PRESENTATION_LAYER_ASSIGNMENT (  '', '', ( #643 ) ) ;
#2097 = ADVANCED_FACE ( 'NONE', ( #1245 ), #693, .T. ) ;
#2098 = CARTESIAN_POINT ( 'NONE',  ( 1.440412320370287214, 0.1200000000000000094, 2.674240387650619777 ) ) ;
#2099 = VERTEX_POINT ( 'NONE', #1463 ) ;
#2100 = FACE_OUTER_BOUND ( 'NONE', #1882, .T. ) ;
#2101 = CARTESIAN_POINT ( 'NONE',  ( -1.014644660940672738, 0.7099999999999999645, -2.660355339059326862 ) ) ;
#2102 = UNCERTAINTY_MEASURE_WITH_UNIT (LENGTH_MEASURE( 1.000000000000000082E-05 ), #898, 'distance_accuracy_value', 'NONE');
#2103 = PRODUCT_CONTEXT ( 'NONE', #1584, 'mechanical' ) ;
#2104 = AXIS2_PLACEMENT_3D ( 'NONE', #504, #1324, #2146 ) ;
#2105 = FILL_AREA_STYLE ('',( #80 ) ) ;
#2106 = AXIS2_PLACEMENT_3D ( 'NONE', #2373, #168, #2016 ) ;
#2107 = EDGE_LOOP ( 'NONE', ( #539, #1527, #1727 ) ) ;
#2108 = DIRECTION ( 'NONE',  ( 1.000000000000000000, 0.000000000000000000, -1.445602896647338917E-16 ) ) ;
#2109 = COLOUR_RGB ( '',0.5019607843137254832, 0.5019607843137254832, 0.5019607843137254832 ) ;
#2110 = VERTEX_POINT ( 'NONE', #2520 ) ;
#2111 = ORIENTED_EDGE ( 'NONE', *, *, #53, .F. ) ;
#2112 = CARTESIAN_POINT ( 'NONE',  ( -0.8999999999999981348, 0.7600000000000000089, 2.314999999999999503 ) ) ;
#2113 = VERTEX_POINT ( 'NONE', #444 ) ;
#2114 = CARTESIAN_POINT ( 'NONE',  ( -1.440412320370287658, 0.06999999999999999278, -2.824999999999999734 ) ) ;
#2115 = CARTESIAN_POINT ( 'NONE',  ( 1.478969826288115685, 0.02000000000000004899, 2.825000000000000622 ) ) ;
#2116 = DIRECTION ( 'NONE',  ( 1.000000000000000000, 0.000000000000000000, -0.000000000000000000 ) ) ;
#2117 = EDGE_CURVE ( 'NONE', #593, #1710, #1044, .T. ) ;
#2118 = EDGE_CURVE ( 'NONE', #897, #2392, #667, .T. ) ;
#2119 = STYLED_ITEM ( 'NONE', ( #2557 ), #1196 ) ;
#2120 = DIRECTION ( 'NONE',  ( -2.891205793294679312E-16, 0.000000000000000000, 1.000000000000000000 ) ) ;
#2121 = FILL_AREA_STYLE ('',( #915 ) ) ;
#2122 = FILL_AREA_STYLE ('',( #885 ) ) ;
#2123 = VERTEX_POINT ( 'NONE', #1289 ) ;
#2124 = ORIENTED_EDGE ( 'NONE', *, *, #169, .F. ) ;
#2125 = CYLINDRICAL_SURFACE ( 'NONE', #2336, 0.05000000000000012768 ) ;
#2126 = ORIENTED_EDGE ( 'NONE', *, *, #1311, .F. ) ;
#2127 = CARTESIAN_POINT ( 'NONE',  ( 1.050000000000000044, 0.000000000000000000, 2.850000000000000089 ) ) ;
#2128 =( NAMED_UNIT ( * ) SI_UNIT ( $, .STERADIAN. ) SOLID_ANGLE_UNIT ( ) );
#2129 = DIRECTION ( 'NONE',  ( 1.000000000000000000, 0.000000000000000000, 0.000000000000000000 ) ) ;
#2130 = EDGE_CURVE ( 'NONE', #1151, #1016, #1932, .T. ) ;
#2131 = DIRECTION ( 'NONE',  ( -0.08378362432454977693, -0.4751605454135065520, -0.8759011133554870376 ) ) ;
#2132 = LINE ( 'NONE', #702, #2202 ) ;
#2133 = EDGE_LOOP ( 'NONE', ( #531, #793, #2212, #2271, #2183 ) ) ;
#2134 = EDGE_CURVE ( 'NONE', #2178, #167, #429, .T. ) ;
#2135 = FACE_OUTER_BOUND ( 'NONE', #1665, .T. ) ;
#2136 = CARTESIAN_POINT ( 'NONE',  ( -1.392251493180299615, 0.5321442526299343667, -2.298782475608994513 ) ) ;
#2137 = VERTEX_POINT ( 'NONE', #2098 ) ;
#2138 = EDGE_LOOP ( 'NONE', ( #1981, #2148, #605, #1531 ) ) ;
#2139 =( LENGTH_UNIT ( ) NAMED_UNIT ( * ) SI_UNIT ( .MILLI., .METRE. ) );
#2140 =( LENGTH_UNIT ( ) NAMED_UNIT ( * ) SI_UNIT ( .MILLI., .METRE. ) );
#2141 = AXIS2_PLACEMENT_3D ( 'NONE', #1803, #10, #2464 ) ;
#2142 = EDGE_LOOP ( 'NONE', ( #77, #1732, #692, #2642 ) ) ;
#2143 = LINE ( 'NONE', #1874, #1719 ) ;
#2144 =( GEOMETRIC_REPRESENTATION_CONTEXT ( 3 ) GLOBAL_UNCERTAINTY_ASSIGNED_CONTEXT ( ( #173 ) ) GLOBAL_UNIT_ASSIGNED_CONTEXT ( ( #1868, #2309, #1009 ) ) REPRESENTATION_CONTEXT ( 'NONE', 'WORKASPACE' ) );
#2145 = VECTOR ( 'NONE', #473, 1000.000000000000000 ) ;
#2146 = DIRECTION ( 'NONE',  ( -1.405013614452057922E-16, 0.000000000000000000, -1.000000000000000000 ) ) ;
#2147 =( NAMED_UNIT ( * ) PLANE_ANGLE_UNIT ( ) SI_UNIT ( $, .RADIAN. ) );
#2148 = ORIENTED_EDGE ( 'NONE', *, *, #1186, .F. ) ;
#2149 = AXIS2_PLACEMENT_3D ( 'NONE', #1839, #1611, #1826 ) ;
#2150 = VECTOR ( 'NONE', #1922, 1000.000000000000000 ) ;
#2151 = DIRECTION ( 'NONE',  ( 1.000000000000000000, -0.000000000000000000, -0.000000000000000000 ) ) ;
#2152 = DIRECTION ( 'NONE',  ( -0.9848077530122086864, 0.1736481776669263344, 0.000000000000000000 ) ) ;
#2153 = EDGE_CURVE ( 'NONE', #255, #1568, #2325, .T. ) ;
#2154 = ORIENTED_EDGE ( 'NONE', *, *, #441, .F. ) ;
#2155 = EDGE_CURVE ( 'NONE', #2258, #1158, #1709, .T. ) ;
#2156 = EDGE_LOOP ( 'NONE', ( #1275, #678, #257, #1434, #2048, #585, #627, #2615 ) ) ;
#2157 = EDGE_CURVE ( 'NONE', #1331, #510, #2061, .T. ) ;
#2158 = DIRECTION ( 'NONE',  ( -1.000000000000000000, -1.897353801849635915E-15, 0.000000000000000000 ) ) ;
#2159 = AXIS2_PLACEMENT_3D ( 'NONE', #31, #437, #207 ) ;
#2160 = CARTESIAN_POINT ( 'NONE',  ( 1.050000000000000266, 0.1699999999999999845, -2.674999999999999378 ) ) ;
#2161 = EDGE_LOOP ( 'NONE', ( #1738, #313, #1501, #1286 ) ) ;
#2162 = CIRCLE ( 'NONE', #1936, 0.04999999999999991257 ) ;
#2163 = DIRECTION ( 'NONE',  ( 0.000000000000000000, 0.000000000000000000, -1.000000000000000000 ) ) ;
#2164 =( GEOMETRIC_REPRESENTATION_CONTEXT ( 3 ) GLOBAL_UNCERTAINTY_ASSIGNED_CONTEXT ( ( #271 ) ) GLOBAL_UNIT_ASSIGNED_CONTEXT ( ( #1274, #1436, #440 ) ) REPRESENTATION_CONTEXT ( 'NONE', 'WORKASPACE' ) );
#2165 = FACE_OUTER_BOUND ( 'NONE', #158, .T. ) ;
#2166 = SURFACE_STYLE_USAGE ( .BOTH. , #2405 ) ;
#2167 = ORIENTED_EDGE ( 'NONE', *, *, #1673, .T. ) ;
#2168 = CARTESIAN_POINT ( 'NONE',  ( 1.500000000000000444, 0.02000000000000000042, 2.775000000000000799 ) ) ;
#2169 = FACE_OUTER_BOUND ( 'NONE', #1188, .T. ) ;
#2170 =( GEOMETRIC_REPRESENTATION_CONTEXT ( 3 ) GLOBAL_UNCERTAINTY_ASSIGNED_CONTEXT ( ( #764 ) ) GLOBAL_UNIT_ASSIGNED_CONTEXT ( ( #2054, #1840, #2488 ) ) REPRESENTATION_CONTEXT ( 'NONE', 'WORKASPACE' ) );
#2171 = DIRECTION ( 'NONE',  ( 1.000000000000000000, 0.000000000000000000, 0.000000000000000000 ) ) ;
#2172 = CARTESIAN_POINT ( 'NONE',  ( 0.9000000000000005773, 0.7500000000000000000, 2.314999999999999503 ) ) ;
#2173 = EDGE_LOOP ( 'NONE', ( #2532, #1394, #2637, #1162 ) ) ;
#2174 = ORIENTED_EDGE ( 'NONE', *, *, #380, .F. ) ;
#2175 = ORIENTED_EDGE ( 'NONE', *, *, #1707, .F. ) ;
#2176 = DIRECTION ( 'NONE',  ( 2.891205793294679312E-16, 0.000000000000000000, -1.000000000000000000 ) ) ;
#2177 = CARTESIAN_POINT ( 'NONE',  ( -1.440412320370286992, 0.06999999999999999278, -2.774999999999999467 ) ) ;
#2178 = VERTEX_POINT ( 'NONE', #364 ) ;
#2179 =( BOUNDED_CURVE ( )  B_SPLINE_CURVE ( 3, ( #495, #747, #1929, #468 ),
 .UNSPECIFIED., .F., .T. ) 
 B_SPLINE_CURVE_WITH_KNOTS ( ( 4, 4 ),
 ( 3.388131789017192112E-17, 0.2443799924620910224 ),
 .UNSPECIFIED. ) 
 CURVE ( )  GEOMETRIC_REPRESENTATION_ITEM ( )  RATIONAL_B_SPLINE_CURVE ( ( 1.000000000000000000, 0.9950293906567031499, 0.9950293906567031499, 1.000000000000000000 ) ) 
 REPRESENTATION_ITEM ( '' )  );
#2180 = VECTOR ( 'NONE', #125, 1000.000000000000000 ) ;
#2181 = CARTESIAN_POINT ( 'NONE',  ( -1.300000000000000266, 0.7600000000000000089, -1.914999999999999147 ) ) ;
#2182 = AXIS2_PLACEMENT_3D ( 'NONE', #1355, #137, #152 ) ;
#2183 = ORIENTED_EDGE ( 'NONE', *, *, #1521, .T. ) ;
#2184 = DIRECTION ( 'NONE',  ( 0.000000000000000000, 1.000000000000000000, 0.000000000000000000 ) ) ;
#2185 = AXIS2_PLACEMENT_3D ( 'NONE', #800, #1160, #349 ) ;
#2186 = EDGE_LOOP ( 'NONE', ( #1959, #1751, #561, #688, #918 ) ) ;
#2187 = ORIENTED_EDGE ( 'NONE', *, *, #961, .F. ) ;
#2188 = CARTESIAN_POINT ( 'NONE',  ( 1.440412320370286325, 0.06999999999999999278, -2.774999999999999467 ) ) ;
#2189 = ORIENTED_EDGE ( 'NONE', *, *, #628, .T. ) ;
#2190 = CARTESIAN_POINT ( 'NONE',  ( -0.9792893218813453204, 0.7100000000000000755, -2.624999999999999112 ) ) ;
#2191 = EDGE_CURVE ( 'NONE', #1779, #2095, #116, .T. ) ;
#2192 = DIRECTION ( 'NONE',  ( -1.000000000000000000, 0.000000000000000000, 0.000000000000000000 ) ) ;
#2193 = EDGE_LOOP ( 'NONE', ( #1800, #113, #1326, #279, #638, #1043, #445, #1764, #788, #1860, #555, #1371 ) ) ;
#2194 = EDGE_CURVE ( 'NONE', #932, #1191, #1723, .T. ) ;
#2195 = AXIS2_PLACEMENT_3D ( 'NONE', #2006, #1230, #986 ) ;
#2196 = SURFACE_STYLE_USAGE ( .BOTH. , #931 ) ;
#2197 = AXIS2_PLACEMENT_3D ( 'NONE', #1633, #621, #1682 ) ;
#2198 = CARTESIAN_POINT ( 'NONE',  ( 1.050000000000000266, 0.1200000000000000094, -2.774999999999999467 ) ) ;
#2199 = ORIENTED_EDGE ( 'NONE', *, *, #2155, .F. ) ;
#2200 = CARTESIAN_POINT ( 'NONE',  ( -1.387657350843640502, 0.5251537655970267560, -2.317495348507749853 ) ) ;
#2201 = ORIENTED_EDGE ( 'NONE', *, *, #1760, .T. ) ;
#2202 = VECTOR ( 'NONE', #672, 1000.000000000000000 ) ;
#2203 = LINE ( 'NONE', #2404, #1632 ) ;
#2204 = COLOUR_RGB ( '',0.5019607843137254832, 0.5019607843137254832, 0.5019607843137254832 ) ;
#2205 = CARTESIAN_POINT ( 'NONE',  ( -1.355004527541674664, 0.7548817543561820997, -2.319995472458324937 ) ) ;
#2206 = ORIENTED_EDGE ( 'NONE', *, *, #2633, .F. ) ;
#2207 = ADVANCED_FACE ( 'NONE', ( #513 ), #499, .T. ) ;
#2208 = PLANE ( 'NONE',  #1807 ) ;
#2209 = PRESENTATION_STYLE_ASSIGNMENT (( #2196 ) ) ;
#2210 = EDGE_CURVE ( 'NONE', #2178, #351, #2388, .T. ) ;
#2211 = EDGE_CURVE ( 'NONE', #1359, #2123, #1317, .T. ) ;
#2212 = ORIENTED_EDGE ( 'NONE', *, *, #1010, .F. ) ;
#2213 =( NAMED_UNIT ( * ) PLANE_ANGLE_UNIT ( ) SI_UNIT ( $, .RADIAN. ) );
#2214 =( BOUNDED_CURVE ( )  B_SPLINE_CURVE ( 3, ( #110, #1961, #956, #304 ),
 .UNSPECIFIED., .F., .T. ) 
 B_SPLINE_CURVE_WITH_KNOTS ( ( 4, 4 ),
 ( 5.567634211044801162, 6.283185307179586232 ),
 .UNSPECIFIED. ) 
 CURVE ( )  GEOMETRIC_REPRESENTATION_ITEM ( )  RATIONAL_B_SPLINE_CURVE ( ( 1.000000000000000000, 0.9577854164237944445, 0.9577854164237944445, 1.000000000000000000 ) ) 
 REPRESENTATION_ITEM ( '' )  );
#2215 = ORIENTED_EDGE ( 'NONE', *, *, #601, .T. ) ;
#2216 = CARTESIAN_POINT ( 'NONE',  ( 1.499999999999999556, 0.7600000000000000089, -2.824999999999999734 ) ) ;
#2217 = FACE_OUTER_BOUND ( 'NONE', #33, .T. ) ;
#2218 = VERTEX_POINT ( 'NONE', #922 ) ;
#2219 = UNCERTAINTY_MEASURE_WITH_UNIT (LENGTH_MEASURE( 1.000000000000000082E-05 ), #1901, 'distance_accuracy_value', 'NONE');
#2220 = DIRECTION ( 'NONE',  ( -1.000000000000000000, 0.000000000000000000, 0.000000000000000000 ) ) ;
#2221 = FILL_AREA_STYLE_COLOUR ( '', #68 ) ;
#2222 = EDGE_LOOP ( 'NONE', ( #1357, #2002, #1460 ) ) ;
#2223 = CARTESIAN_POINT ( 'NONE',  ( 1.300000000000000044, 0.7600000000000000089, 1.914999999999995595 ) ) ;
#2224 = CARTESIAN_POINT ( 'NONE',  ( -1.039594720584126275, 0.4841961633825767053, -2.674999999999999378 ) ) ;
#2225 = CARTESIAN_POINT ( 'NONE',  ( 1.369518034275734708, 0.7600000000000007860, -2.624999999999999556 ) ) ;
#2226 = PRESENTATION_LAYER_ASSIGNMENT (  '', '', ( #1058 ) ) ;
#2227 = DIRECTION ( 'NONE',  ( 0.000000000000000000, 0.000000000000000000, 1.000000000000000000 ) ) ;
#2228 = ORIENTED_EDGE ( 'NONE', *, *, #1311, .T. ) ;
#2229 = DIRECTION ( 'NONE',  ( 1.000000000000000000, 0.000000000000000000, -1.151365138922663261E-16 ) ) ;
#2230 = CARTESIAN_POINT ( 'NONE',  ( -1.383480546200964056, 0.5488416018311325084, -2.273829681543798387 ) ) ;
#2231 = ORIENTED_EDGE ( 'NONE', *, *, #380, .T. ) ;
#2232 = FACE_OUTER_BOUND ( 'NONE', #984, .T. ) ;
#2233 = CARTESIAN_POINT ( 'NONE',  ( 1.440412320370286325, 0.07000000000000002054, -2.774999999999999467 ) ) ;
#2234 =( NAMED_UNIT ( * ) SI_UNIT ( $, .STERADIAN. ) SOLID_ANGLE_UNIT ( ) );
#2235 = DIRECTION ( 'NONE',  ( 0.000000000000000000, -0.000000000000000000, -1.000000000000000000 ) ) ;
#2236 = CARTESIAN_POINT ( 'NONE',  ( 1.499999999999996669, 0.02000000000000005246, -2.804289321881344943 ) ) ;
#2237 = FACE_OUTER_BOUND ( 'NONE', #2133, .T. ) ;
#2238 = AXIS2_PLACEMENT_3D ( 'NONE', #2216, #1792, #395 ) ;
#2239 = DIRECTION ( 'NONE',  ( 0.000000000000000000, 1.000000000000000000, 0.000000000000000000 ) ) ;
#2240 = EDGE_CURVE ( 'NONE', #1578, #1806, #182, .T. ) ;
#2241 = VERTEX_POINT ( 'NONE', #2160 ) ;
#2242 = CARTESIAN_POINT ( 'NONE',  ( -1.440412320370286769, 0.06999999999999999278, 2.775000000000000355 ) ) ;
#2243 = CARTESIAN_POINT ( 'NONE',  ( 1.440412320370287214, 0.1200000000000000094, 2.675000000000000711 ) ) ;
#2244 = EDGE_CURVE ( 'NONE', #2587, #2629, #315, .T. ) ;
#2245 = EDGE_CURVE ( 'NONE', #127, #129, #574, .T. ) ;
#2246 = EDGE_CURVE ( 'NONE', #2522, #136, #2003, .T. ) ;
#2247 = ORIENTED_EDGE ( 'NONE', *, *, #1504, .T. ) ;
#2248 = AXIS2_PLACEMENT_3D ( 'NONE', #1340, #930, #755 ) ;
#2249 = DIRECTION ( 'NONE',  ( 0.000000000000000000, 0.1736481776669281385, 0.9848077530122084644 ) ) ;
#2250 = DIRECTION ( 'NONE',  ( 0.000000000000000000, 1.000000000000000000, 0.000000000000000000 ) ) ;
#2251 = VECTOR ( 'NONE', #2422, 1000.000000000000000 ) ;
#2252 = DIRECTION ( 'NONE',  ( 1.000000000000000000, 0.000000000000000000, -1.445602896647338917E-16 ) ) ;
#2253 = CARTESIAN_POINT ( 'NONE',  ( -1.392184831822674385, 0.5320428229842472101, -2.299053995059014088 ) ) ;
#2254 = CARTESIAN_POINT ( 'NONE',  ( -0.9792893218813453204, -2.983747659175119082, -2.624999999999999112 ) ) ;
#2255 = DIRECTION ( 'NONE',  ( -0.7071067811865475727, 0.000000000000000000, 0.7071067811865475727 ) ) ;
#2256 = CARTESIAN_POINT ( 'NONE',  ( 1.964430714801987277, -2.901855993485811691, -2.624999999999999556 ) ) ;
#2257 = COLOUR_RGB ( '',0.7921568627450980005, 0.8196078431372548767, 0.9333333333333333481 ) ;
#2258 = VERTEX_POINT ( 'NONE', #2661 ) ;
#2259 = ADVANCED_FACE ( 'NONE', ( #2343 ), #2125, .T. ) ;
#2260 = CARTESIAN_POINT ( 'NONE',  ( -1.050000000000000044, 0.1199999999999998845, -2.674999999999999378 ) ) ;
#2261 = ADVANCED_FACE ( 'NONE', ( #1201 ), #1107, .T. ) ;
#2262 = DIRECTION ( 'NONE',  ( 1.151365138922659563E-16, -0.000000000000000000, 1.000000000000000000 ) ) ;
#2263 = SURFACE_SIDE_STYLE ('',( #2447 ) ) ;
#2264 = MECHANICAL_DESIGN_GEOMETRIC_PRESENTATION_REPRESENTATION (  '', ( #1784 ), #2486 ) ;
#2265 = DIRECTION ( 'NONE',  ( -0.8961691375117252223, -0.4437126062796621917, 1.204429814678639774E-16 ) ) ;
#2266 = LINE ( 'NONE', #433, #1138 ) ;
#2267 = LINE ( 'NONE', #1243, #2290 ) ;
#2268 = ORIENTED_EDGE ( 'NONE', *, *, #1190, .T. ) ;
#2269 = FILL_AREA_STYLE ('',( #1457 ) ) ;
#2270 = CIRCLE ( 'NONE', #1269, 0.05000000000000012768 ) ;
#2271 = ORIENTED_EDGE ( 'NONE', *, *, #1654, .T. ) ;
#2272 = DIRECTION ( 'NONE',  ( 1.535153518563546577E-16, -3.034673185585473817E-33, 1.000000000000000000 ) ) ;
#2273 = DIRECTION ( 'NONE',  ( 0.000000000000000000, 0.000000000000000000, -1.000000000000000000 ) ) ;
#2274 = EDGE_CURVE ( 'NONE', #1016, #740, #281, .T. ) ;
#2275 = LINE ( 'NONE', #2288, #2501 ) ;
#2276 = PRESENTATION_STYLE_ASSIGNMENT (( #2436 ) ) ;
#2277 = EDGE_CURVE ( 'NONE', #1605, #136, #2462, .T. ) ;
#2278 = CARTESIAN_POINT ( 'NONE',  ( -1.300000000000000044, 0.7600000000000000089, 1.915000000000000924 ) ) ;
#2279 = EDGE_CURVE ( 'NONE', #89, #2034, #95, .T. ) ;
#2280 = CARTESIAN_POINT ( 'NONE',  ( -1.050000000000000266, 0.1699999999999999845, -2.850000000000000089 ) ) ;
#2281 = CYLINDRICAL_SURFACE ( 'NONE', #1462, 0.05000000000000005135 ) ;
#2282 = AXIS2_PLACEMENT_3D ( 'NONE', #59, #1254, #373 ) ;
#2283 = ORIENTED_EDGE ( 'NONE', *, *, #2326, .F. ) ;
#2284 = CARTESIAN_POINT ( 'NONE',  ( 1.607500000000005036, 0.7500000000000000000, 1.607499999999987716 ) ) ;
#2285 = COLOUR_RGB ( '',0.5019607843137254832, 0.5019607843137254832, 0.5019607843137254832 ) ;
#2286 = CIRCLE ( 'NONE', #92, 0.05000000000000012768 ) ;
#2287 = FILL_AREA_STYLE_COLOUR ( '', #40 ) ;
#2288 = CARTESIAN_POINT ( 'NONE',  ( -0.9792893218813453204, -2.983747659175119082, -2.674999999999999378 ) ) ;
#2289 = DIRECTION ( 'NONE',  ( 0.1710878697460328779, 0.9702875252478149193, 0.1710878697460328779 ) ) ;
#2290 = VECTOR ( 'NONE', #1015, 1000.000000000000000 ) ;
#2291 = CARTESIAN_POINT ( 'NONE',  ( 1.299999999999999378, 0.7500000000000000000, -1.915000000000002700 ) ) ;
#2292 = EDGE_CURVE ( 'NONE', #608, #1586, #547, .T. ) ;
#2293 = CARTESIAN_POINT ( 'NONE',  ( -1.327563052716870917, 0.7100000000000000755, 2.625000000000000444 ) ) ;
#2294 = ADVANCED_FACE ( 'NONE', ( #1659 ), #612, .T. ) ;
#2295 = VECTOR ( 'NONE', #1617, 1000.000000000000000 ) ;
#2296 = VECTOR ( 'NONE', #1473, 1000.000000000000000 ) ;
#2297 = CARTESIAN_POINT ( 'NONE',  ( -1.049999999999999600, 0.02000000000000000042, 3.035766082959410443E-16 ) ) ;
#2298 = PRODUCT_DEFINITION_SHAPE ( 'NONE', 'NONE',  #1972 ) ;
#2299 = LINE ( 'NONE', #1823, #160 ) ;
#2300 = ORIENTED_EDGE ( 'NONE', *, *, #171, .T. ) ;
#2301 = DIRECTION ( 'NONE',  ( -0.000000000000000000, 1.000000000000000000, 0.000000000000000000 ) ) ;
#2302 = ORIENTED_EDGE ( 'NONE', *, *, #2402, .T. ) ;
#2303 = CARTESIAN_POINT ( 'NONE',  ( 1.050000000000000044, 0.7600000000000000089, 2.825000000000000622 ) ) ;
#2304 = DIRECTION ( 'NONE',  ( 1.151365138922659563E-16, 0.000000000000000000, 1.000000000000000000 ) ) ;
#2305 = CARTESIAN_POINT ( 'NONE',  ( 0.000000000000000000, 0.1200000000000000094, 0.000000000000000000 ) ) ;
#2306 = FACE_OUTER_BOUND ( 'NONE', #151, .T. ) ;
#2307 = CARTESIAN_POINT ( 'NONE',  ( -1.050000000000000044, 0.1700000000000000122, -2.674999999999999378 ) ) ;
#2308 = FACE_OUTER_BOUND ( 'NONE', #1582, .T. ) ;
#2309 =( NAMED_UNIT ( * ) PLANE_ANGLE_UNIT ( ) SI_UNIT ( $, .RADIAN. ) );
#2310 = ORIENTED_EDGE ( 'NONE', *, *, #52, .T. ) ;
#2311 =( GEOMETRIC_REPRESENTATION_CONTEXT ( 3 ) GLOBAL_UNCERTAINTY_ASSIGNED_CONTEXT ( ( #892 ) ) GLOBAL_UNIT_ASSIGNED_CONTEXT ( ( #1491, #1266, #1883 ) ) REPRESENTATION_CONTEXT ( 'NONE', 'WORKASPACE' ) );
#2312 = DIRECTION ( 'NONE',  ( 0.7071067811865436870, -0.000000000000000000, -0.7071067811865513475 ) ) ;
#2313 = VERTEX_POINT ( 'NONE', #1842 ) ;
#2314 = DIRECTION ( 'NONE',  ( 1.000000000000000000, 0.000000000000000000, 2.891205793294681285E-16 ) ) ;
#2315 = CARTESIAN_POINT ( 'NONE',  ( -0.9792893218813453204, 0.7099999999999999645, -2.624999999999999112 ) ) ;
#2316 = CARTESIAN_POINT ( 'NONE',  ( -1.499999999999999556, 0.02000000000000000042, 2.775000000000000799 ) ) ;
#2317 = DIRECTION ( 'NONE',  ( 0.9848077530122086864, -0.1736481776669275834, -1.133873315359013771E-16 ) ) ;
#2318 = CARTESIAN_POINT ( 'NONE',  ( -1.368609262675399840, 0.4772153756979819472, -2.310084598636121367 ) ) ;
#2319 = LINE ( 'NONE', #895, #143 ) ;
#2320 = ORIENTED_EDGE ( 'NONE', *, *, #905, .T. ) ;
#2321 = CARTESIAN_POINT ( 'NONE',  ( 1.500000000000000444, 0.7100000000000000755, -2.674999999999999822 ) ) ;
#2322 = EDGE_LOOP ( 'NONE', ( #1966, #1748, #1318, #199 ) ) ;
#2323 = VERTEX_POINT ( 'NONE', #600 ) ;
#2324 = STYLED_ITEM ( 'NONE', ( #733 ), #1040 ) ;
#2325 = LINE ( 'NONE', #1909, #1253 ) ;
#2326 = EDGE_CURVE ( 'NONE', #323, #451, #15, .T. ) ;
#2327 = EDGE_CURVE ( 'NONE', #1151, #1265, #415, .T. ) ;
#2328 = AXIS2_PLACEMENT_3D ( 'NONE', #2650, #990, #2249 ) ;
#2329 = ORIENTED_EDGE ( 'NONE', *, *, #2649, .T. ) ;
#2330 = DIRECTION ( 'NONE',  ( 2.891205793294681285E-16, 0.000000000000000000, -1.000000000000000000 ) ) ;
#2331 = CARTESIAN_POINT ( 'NONE',  ( -1.050000000000000266, 0.1699999999999999845, 2.849999999999999645 ) ) ;
#2332 = FACE_OUTER_BOUND ( 'NONE', #772, .T. ) ;
#2333 = AXIS2_PLACEMENT_3D ( 'NONE', #1097, #2540, #2116 ) ;
#2334 = DIRECTION ( 'NONE',  ( -1.000000000000000000, 0.000000000000000000, -0.000000000000000000 ) ) ;
#2335 = FILL_AREA_STYLE_COLOUR ( '', #955 ) ;
#2336 = AXIS2_PLACEMENT_3D ( 'NONE', #789, #1601, #2227 ) ;
#2337 = ORIENTED_EDGE ( 'NONE', *, *, #1991, .F. ) ;
#2338 = LINE ( 'NONE', #1313, #1975 ) ;
#2339 = FACE_OUTER_BOUND ( 'NONE', #43, .T. ) ;
#2340 =( GEOMETRIC_REPRESENTATION_CONTEXT ( 3 ) GLOBAL_UNCERTAINTY_ASSIGNED_CONTEXT ( ( #2358 ) ) GLOBAL_UNIT_ASSIGNED_CONTEXT ( ( #1758, #523, #1990 ) ) REPRESENTATION_CONTEXT ( 'NONE', 'WORKASPACE' ) );
#2341 = EDGE_LOOP ( 'NONE', ( #1735, #1821, #354, #542 ) ) ;
#2342 = EDGE_LOOP ( 'NONE', ( #544, #655, #1104, #2412 ) ) ;
#2343 = FACE_OUTER_BOUND ( 'NONE', #2478, .T. ) ;
#2344 = EDGE_CURVE ( 'NONE', #1, #1643, #50, .T. ) ;
#2345 = VERTEX_POINT ( 'NONE', #1411 ) ;
#2346 = EDGE_CURVE ( 'NONE', #593, #2629, #2477, .T. ) ;
#2347 = CARTESIAN_POINT ( 'NONE',  ( 0.7249999999999999778, 0.000000000000000000, -0.8499999999999998668 ) ) ;
#2348 = ADVANCED_FACE ( 'NONE', ( #1228 ), #814, .T. ) ;
#2349 = LINE ( 'NONE', #1677, #1356 ) ;
#2350 = FACE_OUTER_BOUND ( 'NONE', #1615, .T. ) ;
#2351 = CARTESIAN_POINT ( 'NONE',  ( 1.499999999999999556, 0.06999999999999996503, -2.824999999999999734 ) ) ;
#2352 = AXIS2_PLACEMENT_3D ( 'NONE', #1213, #418, #1046 ) ;
#2353 = ORIENTED_EDGE ( 'NONE', *, *, #2583, .T. ) ;
#2354 = ORIENTED_EDGE ( 'NONE', *, *, #2453, .F. ) ;
#2355 = DIRECTION ( 'NONE',  ( -0.000000000000000000, -0.000000000000000000, 1.000000000000000000 ) ) ;
#2356 = ORIENTED_EDGE ( 'NONE', *, *, #1899, .F. ) ;
#2357 = CARTESIAN_POINT ( 'NONE',  ( -0.9792893218813455425, 0.7099999999999999645, -2.624999999999999112 ) ) ;
#2358 = UNCERTAINTY_MEASURE_WITH_UNIT (LENGTH_MEASURE( 1.000000000000000082E-05 ), #1758, 'distance_accuracy_value', 'NONE');
#2359 = EDGE_CURVE ( 'NONE', #351, #1539, #1614, .T. ) ;
#2360 = CARTESIAN_POINT ( 'NONE',  ( 1.376803440367480924, 0.7186824088833464463, -2.624999999999999556 ) ) ;
#2361 = PLANE ( 'NONE',  #32 ) ;
#2362 = EDGE_CURVE ( 'NONE', #1550, #876, #1546, .T. ) ;
#2363 = CARTESIAN_POINT ( 'NONE',  ( -1.050000000000000044, -8.673617379884035472E-16, 2.100000000000000089 ) ) ;
#2364 = DIRECTION ( 'NONE',  ( -1.405013614452057676E-16, -0.000000000000000000, -1.000000000000000000 ) ) ;
#2365 = EDGE_CURVE ( 'NONE', #2493, #549, #2267, .T. ) ;
#2366 = EDGE_CURVE ( 'NONE', #1692, #740, #1365, .T. ) ;
#2367 = ORIENTED_EDGE ( 'NONE', *, *, #2081, .T. ) ;
#2368 = LINE ( 'NONE', #2351, #1323 ) ;
#2369 = CARTESIAN_POINT ( 'NONE',  ( -1.050000000000000266, 0.1199999999999998845, 2.675000000000000711 ) ) ;
#2370 = ORIENTED_EDGE ( 'NONE', *, *, #526, .F. ) ;
#2371 = ORIENTED_EDGE ( 'NONE', *, *, #83, .T. ) ;
#2372 = DIRECTION ( 'NONE',  ( 0.000000000000000000, -0.000000000000000000, -1.000000000000000000 ) ) ;
#2373 = CARTESIAN_POINT ( 'NONE',  ( 0.000000000000000000, 0.7500000000000000000, 0.000000000000000000 ) ) ;
#2374 = AXIS2_PLACEMENT_3D ( 'NONE', #1301, #716, #1928 ) ;
#2375 = ORIENTED_EDGE ( 'NONE', *, *, #1025, .F. ) ;
#2376 = DIRECTION ( 'NONE',  ( 0.1736481776669277777, -0.9848077530122085754, -2.510263086328425397E-17 ) ) ;
#2377 = LINE ( 'NONE', #566, #1978 ) ;
#2378 = FACE_OUTER_BOUND ( 'NONE', #2222, .T. ) ;
#2379 =( BOUNDED_CURVE ( )  B_SPLINE_CURVE ( 3, ( #2384, #1302, #2136, #2603 ),
 .UNSPECIFIED., .F., .T. ) 
 B_SPLINE_CURVE_WITH_KNOTS ( ( 4, 4 ),
 ( 1.151964808265857336E-15, 0.7155510961347874010 ),
 .UNSPECIFIED. ) 
 CURVE ( )  GEOMETRIC_REPRESENTATION_ITEM ( )  RATIONAL_B_SPLINE_CURVE ( ( 1.000000000000000000, 0.9577854164237941115, 0.9577854164237941115, 1.000000000000000000 ) ) 
 REPRESENTATION_ITEM ( '' )  );
#2380 = DIRECTION ( 'NONE',  ( 1.000000000000000000, 0.000000000000000000, 0.000000000000000000 ) ) ;
#2381 = FILL_AREA_STYLE ('',( #572 ) ) ;
#2382 = ORIENTED_EDGE ( 'NONE', *, *, #1395, .F. ) ;
#2383 = VECTOR ( 'NONE', #1864, 1000.000000000000000 ) ;
#2384 = CARTESIAN_POINT ( 'NONE',  ( -1.391505660913084252, 0.5540136285238580482, -2.285595328325225939 ) ) ;
#2385 = ORIENTED_EDGE ( 'NONE', *, *, #1251, .T. ) ;
#2386 = ORIENTED_EDGE ( 'NONE', *, *, #2566, .T. ) ;
#2387 = VECTOR ( 'NONE', #379, 1000.000000000000000 ) ;
#2388 = LINE ( 'NONE', #1305, #1218 ) ;
#2389 = VERTEX_POINT ( 'NONE', #20 ) ;
#2390 = CIRCLE ( 'NONE', #660, 0.05000000000000012768 ) ;
#2391 = CARTESIAN_POINT ( 'NONE',  ( -1.327563052716871583, 0.7099999999999999645, -2.276726269164473404 ) ) ;
#2392 = VERTEX_POINT ( 'NONE', #2056 ) ;
#2393 = PRESENTATION_STYLE_ASSIGNMENT (( #2584 ) ) ;
#2394 = LINE ( 'NONE', #1185, #2251 ) ;
#2395 = MECHANICAL_DESIGN_GEOMETRIC_PRESENTATION_REPRESENTATION (  '', ( #2119 ), #1011 ) ;
#2396 =( BOUNDED_CURVE ( )  B_SPLINE_CURVE ( 3, ( #1729, #1884, #2115, #48 ),
 .UNSPECIFIED., .F., .T. ) 
 B_SPLINE_CURVE_WITH_KNOTS ( ( 4, 4 ),
 ( 3.141592653589801554, 4.712388980384689674 ),
 .UNSPECIFIED. ) 
 CURVE ( )  GEOMETRIC_REPRESENTATION_ITEM ( )  RATIONAL_B_SPLINE_CURVE ( ( 1.000000000000000000, 0.8047378541243670469, 0.8047378541243670469, 1.000000000000000000 ) ) 
 REPRESENTATION_ITEM ( '' )  );
#2397 = ORIENTED_EDGE ( 'NONE', *, *, #900, .F. ) ;
#2398 = FACE_OUTER_BOUND ( 'NONE', #1502, .T. ) ;
#2399 = ADVANCED_FACE ( 'NONE', ( #848 ), #838, .T. ) ;
#2400 = VERTEX_POINT ( 'NONE', #2280 ) ;
#2401 = ORIENTED_EDGE ( 'NONE', *, *, #1558, .F. ) ;
#2402 = EDGE_CURVE ( 'NONE', #324, #451, #422, .T. ) ;
#2403 = VERTEX_POINT ( 'NONE', #2527 ) ;
#2404 = CARTESIAN_POINT ( 'NONE',  ( -1.376803440367481812, 0.7186824088833464463, -2.305481965724264004 ) ) ;
#2405 = SURFACE_SIDE_STYLE ('',( #568 ) ) ;
#2406 = ORIENTED_EDGE ( 'NONE', *, *, #989, .T. ) ;
#2407 = VECTOR ( 'NONE', #622, 1000.000000000000000 ) ;
#2408 = DIRECTION ( 'NONE',  ( 0.000000000000000000, 0.000000000000000000, -1.000000000000000000 ) ) ;
#2409 = LINE ( 'NONE', #2225, #1836 ) ;
#2410 = VECTOR ( 'NONE', #972, 1000.000000000000000 ) ;
#2411 = ORIENTED_EDGE ( 'NONE', *, *, #1290, .T. ) ;
#2412 = ORIENTED_EDGE ( 'NONE', *, *, #2245, .T. ) ;
#2413 = CARTESIAN_POINT ( 'NONE',  ( 1.440412320370287214, 0.06999999999999999278, 2.775000000000000355 ) ) ;
#2414 = VERTEX_POINT ( 'NONE', #1087 ) ;
#2415 = EDGE_CURVE ( 'NONE', #1608, #706, #94, .T. ) ;
#2416 = EDGE_CURVE ( 'NONE', #2218, #2617, #2132, .T. ) ;
#2417 = CARTESIAN_POINT ( 'NONE',  ( -1.050000000000000044, 0.01999999999999918510, 2.100000000000000089 ) ) ;
#2418 = ORIENTED_EDGE ( 'NONE', *, *, #2618, .T. ) ;
#2419 = CARTESIAN_POINT ( 'NONE',  ( 1.050000000000000266, 0.7600000000000000089, -2.824999999999999734 ) ) ;
#2420 = COLOUR_RGB ( '',0.5019607843137254832, 0.5019607843137254832, 0.5019607843137254832 ) ;
#2421 = CARTESIAN_POINT ( 'NONE',  ( -1.440412320370286992, 0.1200000000000000094, -2.674240387650618889 ) ) ;
#2422 = DIRECTION ( 'NONE',  ( -1.000000000000000000, -0.000000000000000000, -0.000000000000000000 ) ) ;
#2423 = VECTOR ( 'NONE', #2431, 1000.000000000000000 ) ;
#2424 = DIRECTION ( 'NONE',  ( -0.1736481776669275834, -0.9848077530122086864, -0.000000000000000000 ) ) ;
#2425 = VECTOR ( 'NONE', #487, 999.9999999999998863 ) ;
#2426 = VERTEX_POINT ( 'NONE', #287 ) ;
#2427 = DIRECTION ( 'NONE',  ( -1.535153518563546330E-16, 0.000000000000000000, -1.000000000000000000 ) ) ;
#2428 = CYLINDRICAL_SURFACE ( 'NONE', #912, 0.05000000000000012768 ) ;
#2429 = ORIENTED_EDGE ( 'NONE', *, *, #1955, .F. ) ;
#2430 = VECTOR ( 'NONE', #648, 1000.000000000000000 ) ;
#2431 = DIRECTION ( 'NONE',  ( -1.000000000000000000, 0.000000000000000000, -2.065146995210484448E-16 ) ) ;
#2432 = DIRECTION ( 'NONE',  ( 1.000000000000000000, 0.000000000000000000, -2.891205793294677833E-16 ) ) ;
#2433 = VERTEX_POINT ( 'NONE', #1283 ) ;
#2434 = VECTOR ( 'NONE', #170, 1000.000000000000000 ) ;
#2435 = CARTESIAN_POINT ( 'NONE',  ( 1.449228669405710379, 0.02000000000000000042, 2.825000000000000622 ) ) ;
#2436 = SURFACE_STYLE_USAGE ( .BOTH. , #623 ) ;
#2437 = ADVANCED_FACE ( 'NONE', ( #1926 ), #1943, .F. ) ;
#2438 = DIRECTION ( 'NONE',  ( -1.000000000000000000, 0.000000000000000000, -0.000000000000000000 ) ) ;
#2439 = ORIENTED_EDGE ( 'NONE', *, *, #2453, .T. ) ;
#2440 = DIRECTION ( 'NONE',  ( 9.366757429680383682E-17, 0.000000000000000000, 1.000000000000000000 ) ) ;
#2441 = CARTESIAN_POINT ( 'NONE',  ( -1.050000000000000044, 0.000000000000000000, -2.100000000000000089 ) ) ;
#2442 = CARTESIAN_POINT ( 'NONE',  ( 1.327563052716870473, 0.7600000000000000089, -2.624999999999999556 ) ) ;
#2443 = ORIENTED_EDGE ( 'NONE', *, *, #1362, .F. ) ;
#2444 = DIRECTION ( 'NONE',  ( 0.000000000000000000, -0.000000000000000000, -1.000000000000000000 ) ) ;
#2445 = LINE ( 'NONE', #2492, #295 ) ;
#2446 = CARTESIAN_POINT ( 'NONE',  ( -1.039594720584126275, 0.4841961633825767053, -2.674999999999999378 ) ) ;
#2447 = SURFACE_STYLE_FILL_AREA ( #2656 ) ;
#2448 = LINE ( 'NONE', #2487, #952 ) ;
#2449 = DIRECTION ( 'NONE',  ( 1.000000000000000000, 0.000000000000000000, -0.000000000000000000 ) ) ;
#2450 = AXIS2_PLACEMENT_3D ( 'NONE', #1086, #1298, #1876 ) ;
#2451 = EDGE_CURVE ( 'NONE', #2392, #1578, #2319, .T. ) ;
#2452 = DIRECTION ( 'NONE',  ( 0.000000000000000000, 1.000000000000000000, 0.000000000000000000 ) ) ;
#2453 = EDGE_CURVE ( 'NONE', #324, #1136, #620, .T. ) ;
#2454 = EDGE_LOOP ( 'NONE', ( #1209, #73, #46, #1135 ) ) ;
#2455 = CARTESIAN_POINT ( 'NONE',  ( -0.9000000000000029088, 0.7500000000000000000, -2.315000000000000391 ) ) ;
#2456 = ORIENTED_EDGE ( 'NONE', *, *, #2134, .F. ) ;
#2457 = DIRECTION ( 'NONE',  ( 1.000000000000000000, 0.000000000000000000, 0.000000000000000000 ) ) ;
#2458 = DIRECTION ( 'NONE',  ( -1.000000000000000000, 0.000000000000000000, 0.000000000000000000 ) ) ;
#2459 = CARTESIAN_POINT ( 'NONE',  ( -1.300000000000000266, 0.7600000000000000089, -2.315000000000000391 ) ) ;
#2460 = DIRECTION ( 'NONE',  ( -2.891205793294681285E-16, 0.000000000000000000, 1.000000000000000000 ) ) ;
#2461 = COLOUR_RGB ( '',0.5019607843137254832, 0.5019607843137254832, 0.5019607843137254832 ) ;
#2462 = LINE ( 'NONE', #8, #2430 ) ;
#2463 = VECTOR ( 'NONE', #256, 1000.000000000000000 ) ;
#2464 = DIRECTION ( 'NONE',  ( -1.000000000000000000, 0.000000000000000000, 1.535153518563551261E-16 ) ) ;
#2465 = CARTESIAN_POINT ( 'NONE',  ( -0.3789961707129012036, 0.8112727073057283134, -2.624999999999999112 ) ) ;
#2466 =( BOUNDED_CURVE ( )  B_SPLINE_CURVE ( 3, ( #1033, #3, #1235, #2446 ),
 .UNSPECIFIED., .F., .T. ) 
 B_SPLINE_CURVE_WITH_KNOTS ( ( 4, 4 ),
 ( 3.141592653589793116, 4.101523742186667931 ),
 .UNSPECIFIED. ) 
 CURVE ( )  GEOMETRIC_REPRESENTATION_ITEM ( )  RATIONAL_B_SPLINE_CURVE ( ( 1.000000000000000000, 0.9246738887854820677, 0.9246738887854820677, 1.000000000000000000 ) ) 
 REPRESENTATION_ITEM ( '' )  );
#2467 = EDGE_CURVE ( 'NONE', #2592, #1550, #56, .T. ) ;
#2468 = ORIENTED_EDGE ( 'NONE', *, *, #1329, .T. ) ;
#2469 = MECHANICAL_DESIGN_GEOMETRIC_PRESENTATION_REPRESENTATION (  '', ( #1886 ), #1637 ) ;
#2470 = DIRECTION ( 'NONE',  ( -0.4437126062796631354, 0.8961691375117247782, 8.673617379884030739E-15 ) ) ;
#2471 = AXIS2_PLACEMENT_3D ( 'NONE', #1299, #662, #2120 ) ;
#2472 = CARTESIAN_POINT ( 'NONE',  ( 1.433126914278540998, 0.1113175911166534443, 2.825000000000000622 ) ) ;
#2473 = CARTESIAN_POINT ( 'NONE',  ( 1.050000000000000044, -3.478915224864504552, 2.850000000000000089 ) ) ;
#2474 = AXIS2_PLACEMENT_3D ( 'NONE', #1962, #166, #2438 ) ;
#2475 = LINE ( 'NONE', #1430, #695 ) ;
#2476 = DIRECTION ( 'NONE',  ( -1.000000000000000000, -0.000000000000000000, -0.000000000000000000 ) ) ;
#2477 = LINE ( 'NONE', #1027, #1595 ) ;
#2478 = EDGE_LOOP ( 'NONE', ( #705, #2632, #981, #397 ) ) ;
#2479 = CARTESIAN_POINT ( 'NONE',  ( -1.485244533503185194, 0.1036824088833471907, 2.650385665297144921 ) ) ;
#2480 = DIRECTION ( 'NONE',  ( 1.000000000000000000, 0.000000000000000000, 2.891205793294681285E-16 ) ) ;
#2481 = ORIENTED_EDGE ( 'NONE', *, *, #331, .T. ) ;
#2482 = CARTESIAN_POINT ( 'NONE',  ( 1.376803440367481812, 0.7186824088833464463, 2.675000000000000711 ) ) ;
#2483 = EDGE_CURVE ( 'NONE', #2241, #2503, #1469, .T. ) ;
#2484 = DIRECTION ( 'NONE',  ( 0.1736481776669277777, -0.9848077530122085754, -0.000000000000000000 ) ) ;
#2485 = LINE ( 'NONE', #2459, #651 ) ;
#2486 =( GEOMETRIC_REPRESENTATION_CONTEXT ( 3 ) GLOBAL_UNCERTAINTY_ASSIGNED_CONTEXT ( ( #1166 ) ) GLOBAL_UNIT_ASSIGNED_CONTEXT ( ( #862, #42, #254 ) ) REPRESENTATION_CONTEXT ( 'NONE', 'WORKASPACE' ) );
#2487 = CARTESIAN_POINT ( 'NONE',  ( 1.500000000000000444, 0.1199999999999998845, -2.674999999999999822 ) ) ;
#2488 =( NAMED_UNIT ( * ) SI_UNIT ( $, .STERADIAN. ) SOLID_ANGLE_UNIT ( ) );
#2489 = CARTESIAN_POINT ( 'NONE',  ( -1.030949165543368906, 0.5347012081163656783, -2.654920504191761843 ) ) ;
#2490 = ORIENTED_EDGE ( 'NONE', *, *, #2581, .T. ) ;
#2491 = CARTESIAN_POINT ( 'NONE',  ( -1.050000000000000266, -3.478915224864504552, 2.849999999999999645 ) ) ;
#2492 = CARTESIAN_POINT ( 'NONE',  ( 1.050000000000000266, -3.478915224864504552, -2.100000000000000089 ) ) ;
#2493 = VERTEX_POINT ( 'NONE', #1902 ) ;
#2494 = DIRECTION ( 'NONE',  ( -0.000000000000000000, 0.000000000000000000, -1.000000000000000000 ) ) ;
#2495 = FACE_OUTER_BOUND ( 'NONE', #2341, .T. ) ;
#2496 = EDGE_CURVE ( 'NONE', #569, #2493, #69, .T. ) ;
#2497 = DIRECTION ( 'NONE',  ( 0.1736481776669274169, 0.9848077530122086864, 1.286944278546725121E-15 ) ) ;
#2498 = DIRECTION ( 'NONE',  ( -0.08378362432454976305, -0.4751605454135064965, -0.8759011133554870376 ) ) ;
#2499 =( GEOMETRIC_REPRESENTATION_CONTEXT ( 3 ) GLOBAL_UNCERTAINTY_ASSIGNED_CONTEXT ( ( #1081 ) ) GLOBAL_UNIT_ASSIGNED_CONTEXT ( ( #1733, #308, #1327 ) ) REPRESENTATION_CONTEXT ( 'NONE', 'WORKASPACE' ) );
#2500 = CARTESIAN_POINT ( 'NONE',  ( 1.050000000000000044, 0.1699999999999999845, 2.850000000000000089 ) ) ;
#2501 = VECTOR ( 'NONE', #597, 1000.000000000000000 ) ;
#2502 = CARTESIAN_POINT ( 'NONE',  ( -1.050000000000000044, -3.478915224864504552, -2.100000000000000089 ) ) ;
#2503 = VERTEX_POINT ( 'NONE', #2307 ) ;
#2504 = VECTOR ( 'NONE', #594, 1000.000000000000000 ) ;
#2505 = STYLED_ITEM ( 'NONE', ( #2276 ), #1704 ) ;
#2506 = VECTOR ( 'NONE', #1066, 1000.000000000000000 ) ;
#2507 = ORIENTED_EDGE ( 'NONE', *, *, #674, .T. ) ;
#2508 = DIRECTION ( 'NONE',  ( 0.7071067811865475727, 0.000000000000000000, 0.7071067811865475727 ) ) ;
#2509 = DIRECTION ( 'NONE',  ( -0.000000000000000000, -0.000000000000000000, 1.000000000000000000 ) ) ;
#2510 = PLANE ( 'NONE',  #2333 ) ;
#2511 = AXIS2_PLACEMENT_3D ( 'NONE', #2674, #2080, #239 ) ;
#2512 = ADVANCED_FACE ( 'NONE', ( #881 ), #450, .T. ) ;
#2513 = PLANE ( 'NONE',  #2672 ) ;
#2514 = ORIENTED_EDGE ( 'NONE', *, *, #1859, .F. ) ;
#2515 = STYLED_ITEM ( 'NONE', ( #1845 ), #726 ) ;
#2516 = VECTOR ( 'NONE', #1946, 1000.000000000000000 ) ;
#2517 = DIRECTION ( 'NONE',  ( 2.891205793294677833E-16, 0.000000000000000000, 1.000000000000000000 ) ) ;
#2518 = PRESENTATION_STYLE_ASSIGNMENT (( #1680 ) ) ;
#2519 = ORIENTED_EDGE ( 'NONE', *, *, #1085, .F. ) ;
#2520 = CARTESIAN_POINT ( 'NONE',  ( -1.050000000000000044, 0.02000000000000005246, -2.824999999999999734 ) ) ;
#2521 = PRODUCT_DEFINITION_FORMATION_WITH_SPECIFIED_SOURCE ( 'ANY', '', #36, .NOT_KNOWN. ) ;
#2522 = VERTEX_POINT ( 'NONE', #1702 ) ;
#2523 = CARTESIAN_POINT ( 'NONE',  ( -0.8999999999999981348, 0.7500000000000000000, 2.314999999999999503 ) ) ;
#2524 = CARTESIAN_POINT ( 'NONE',  ( -1.403611532891648528, 0.5666461611324083991, -2.249918179271586993 ) ) ;
#2525 = ADVANCED_FACE ( 'NONE', ( #2543 ), #81, .T. ) ;
#2526 =( NAMED_UNIT ( * ) SI_UNIT ( $, .STERADIAN. ) SOLID_ANGLE_UNIT ( ) );
#2527 = CARTESIAN_POINT ( 'NONE',  ( 1.050000000000000044, 0.1700000000000000122, 2.675000000000000711 ) ) ;
#2528 = ORIENTED_EDGE ( 'NONE', *, *, #2274, .T. ) ;
#2529 = ADVANCED_FACE ( 'NONE', ( #2350 ), #2627, .T. ) ;
#2530 = DIRECTION ( 'NONE',  ( 0.08378362432454980468, 0.4751605454135076623, 0.8759011133554863715 ) ) ;
#2531 = ADVANCED_FACE ( 'NONE', ( #541 ), #139, .F. ) ;
#2532 = ORIENTED_EDGE ( 'NONE', *, *, #631, .T. ) ;
#2533 = ORIENTED_EDGE ( 'NONE', *, *, #2157, .T. ) ;
#2534 = AXIS2_PLACEMENT_3D ( 'NONE', #2318, #2131, #286 ) ;
#2535 = LINE ( 'NONE', #1664, #2463 ) ;
#2536 = CIRCLE ( 'NONE', #1700, 0.04999999999999991257 ) ;
#2537 = ORIENTED_EDGE ( 'NONE', *, *, #2657, .T. ) ;
#2538 = DIRECTION ( 'NONE',  ( 0.000000000000000000, 0.000000000000000000, -1.000000000000000000 ) ) ;
#2539 = DIRECTION ( 'NONE',  ( 0.000000000000000000, 0.000000000000000000, 1.000000000000000000 ) ) ;
#2540 = DIRECTION ( 'NONE',  ( 0.000000000000000000, 0.000000000000000000, 1.000000000000000000 ) ) ;
#2541 = AXIS2_PLACEMENT_3D ( 'NONE', #1157, #752, #1143 ) ;
#2542 = DIRECTION ( 'NONE',  ( -0.000000000000000000, 0.000000000000000000, -1.000000000000000000 ) ) ;
#2543 = FACE_OUTER_BOUND ( 'NONE', #2107, .T. ) ;
#2544 = ORIENTED_EDGE ( 'NONE', *, *, #529, .F. ) ;
#2545 = DIRECTION ( 'NONE',  ( -0.000000000000000000, 1.000000000000000000, 0.000000000000000000 ) ) ;
#2546 = ADVANCED_FACE ( 'NONE', ( #2169 ), #1342, .F. ) ;
#2547 = ORIENTED_EDGE ( 'NONE', *, *, #1441, .F. ) ;
#2548 = ORIENTED_EDGE ( 'NONE', *, *, #11, .F. ) ;
#2549 = MECHANICAL_DESIGN_GEOMETRIC_PRESENTATION_REPRESENTATION (  '', ( #2324 ), #1713 ) ;
#2550 = EDGE_CURVE ( 'NONE', #2323, #1140, #2639, .T. ) ;
#2551 = DIRECTION ( 'NONE',  ( -0.1710878697460328501, -0.9702875252478150303, 0.1710878697460328224 ) ) ;
#2552 = MECHANICAL_DESIGN_GEOMETRIC_PRESENTATION_REPRESENTATION (  '', ( #1034 ), #186 ) ;
#2553 = VERTEX_POINT ( 'NONE', #945 ) ;
#2554 = LINE ( 'NONE', #1697, #2425 ) ;
#2555 = UNCERTAINTY_MEASURE_WITH_UNIT (LENGTH_MEASURE( 1.000000000000000082E-05 ), #1875, 'distance_accuracy_value', 'NONE');
#2556 = CARTESIAN_POINT ( 'NONE',  ( -1.391505660913084252, 0.5540136285238579372, -2.285595328325225495 ) ) ;
#2557 = PRESENTATION_STYLE_ASSIGNMENT (( #51 ) ) ;
#2558 = CIRCLE ( 'NONE', #1587, 0.05000000000000012768 ) ;
#2559 = DIRECTION ( 'NONE',  ( 1.000000000000000000, 0.000000000000000000, 0.000000000000000000 ) ) ;
#2560 = DIRECTION ( 'NONE',  ( 0.000000000000000000, 1.000000000000000000, 0.000000000000000000 ) ) ;
#2561 = ORIENTED_EDGE ( 'NONE', *, *, #1025, .T. ) ;
#2562 = AXIS2_PLACEMENT_3D ( 'NONE', #1271, #1689, #2092 ) ;
#2563 = ORIENTED_EDGE ( 'NONE', *, *, #489, .T. ) ;
#2564 = EDGE_LOOP ( 'NONE', ( #1974, #456, #1592, #2059 ) ) ;
#2565 = LINE ( 'NONE', #707, #552 ) ;
#2566 = EDGE_CURVE ( 'NONE', #2034, #715, #1580, .T. ) ;
#2567 = SURFACE_STYLE_FILL_AREA ( #1934 ) ;
#2568 = ORIENTED_EDGE ( 'NONE', *, *, #2244, .T. ) ;
#2569 = DIRECTION ( 'NONE',  ( 2.891205793294680792E-16, 0.000000000000000000, -1.000000000000000000 ) ) ;
#2570 = EDGE_CURVE ( 'NONE', #1918, #1144, #2394, .T. ) ;
#2571 = CARTESIAN_POINT ( 'NONE',  ( 1.437499740113891589, 0.1199999999999998845, -2.674746151904441760 ) ) ;
#2572 = FILL_AREA_STYLE ('',( #2335 ) ) ;
#2573 = ORIENTED_EDGE ( 'NONE', *, *, #228, .F. ) ;
#2574 = ORIENTED_EDGE ( 'NONE', *, *, #2483, .T. ) ;
#2575 = EDGE_LOOP ( 'NONE', ( #1471, #663, #732, #1335 ) ) ;
#2576 = CARTESIAN_POINT ( 'NONE',  ( -1.489652708020897665, 0.07868240888334641914, -2.624999999999999112 ) ) ;
#2577 = CARTESIAN_POINT ( 'NONE',  ( -1.489652708020896998, 0.07868240888334639138, 2.675000000000000711 ) ) ;
#2578 = ORIENTED_EDGE ( 'NONE', *, *, #617, .F. ) ;
#2579 = CARTESIAN_POINT ( 'NONE',  ( -1.050000000000000488, 0.7600000000000000089, 2.825000000000000622 ) ) ;
#2580 = CARTESIAN_POINT ( 'NONE',  ( 1.050000000000000711, 0.1200000000000000094, 3.035766082959415373E-16 ) ) ;
#2581 = EDGE_CURVE ( 'NONE', #516, #2587, #154, .T. ) ;
#2582 =( NAMED_UNIT ( * ) SI_UNIT ( $, .STERADIAN. ) SOLID_ANGLE_UNIT ( ) );
#2583 = EDGE_CURVE ( 'NONE', #164, #2592, #1175, .T. ) ;
#2584 = SURFACE_STYLE_USAGE ( .BOTH. , #1552 ) ;
#2585 = ORIENTED_EDGE ( 'NONE', *, *, #1051, .T. ) ;
#2586 = CARTESIAN_POINT ( 'NONE',  ( -1.050000000000000044, -2.983747659175119082, -2.674999999999999378 ) ) ;
#2587 = VERTEX_POINT ( 'NONE', #983 ) ;
#2588 = VERTEX_POINT ( 'NONE', #1369 ) ;
#2589 = SURFACE_SIDE_STYLE ('',( #131 ) ) ;
#2590 = DIRECTION ( 'NONE',  ( -1.000000000000000000, 0.000000000000000000, 0.000000000000000000 ) ) ;
#2591 = CIRCLE ( 'NONE', #214, 0.05000000000000005829 ) ;
#2592 = VERTEX_POINT ( 'NONE', #1597 ) ;
#2593 = CARTESIAN_POINT ( 'NONE',  ( 0.9000000000000005773, 0.7500000000000000000, 2.314999999999999503 ) ) ;
#2594 = LINE ( 'NONE', #2580, #780 ) ;
#2595 = CARTESIAN_POINT ( 'NONE',  ( 0.000000000000000000, 0.02000000000000000042, -2.100000000000000089 ) ) ;
#2596 = VERTEX_POINT ( 'NONE', #2224 ) ;
#2597 = LINE ( 'NONE', #2419, #935 ) ;
#2598 = CARTESIAN_POINT ( 'NONE',  ( -0.9000000000000029088, 0.7600000000000000089, -2.315000000000000391 ) ) ;
#2599 = FILL_AREA_STYLE ('',( #348 ) ) ;
#2600 = ADVANCED_FACE ( 'NONE', ( #970 ), #1538, .T. ) ;
#2601 = ORIENTED_EDGE ( 'NONE', *, *, #2245, .F. ) ;
#2602 = VECTOR ( 'NONE', #2671, 1000.000000000000000 ) ;
#2603 = CARTESIAN_POINT ( 'NONE',  ( -1.387657350843640502, 0.5251537655970267560, -2.317495348507749853 ) ) ;
#2604 = VECTOR ( 'NONE', #1139, 999.9999999999998863 ) ;
#2605 = ORIENTED_EDGE ( 'NONE', *, *, #1856, .F. ) ;
#2606 = ORIENTED_EDGE ( 'NONE', *, *, #534, .F. ) ;
#2607 = CARTESIAN_POINT ( 'NONE',  ( -1.050000000000000044, -3.478915224864504552, -2.100000000000000089 ) ) ;
#2608 = EDGE_LOOP ( 'NONE', ( #577, #1183, #966, #1935 ) ) ;
#2609 = LINE ( 'NONE', #1740, #1924 ) ;
#2610 = SPHERICAL_SURFACE ( 'NONE', #2541, 0.05000000000000000278 ) ;
#2611 = ORIENTED_EDGE ( 'NONE', *, *, #363, .T. ) ;
#2612 = DIRECTION ( 'NONE',  ( -0.000000000000000000, -0.000000000000000000, -1.000000000000000000 ) ) ;
#2613 = DIRECTION ( 'NONE',  ( 0.000000000000000000, 1.000000000000000000, 0.000000000000000000 ) ) ;
#2614 = ORIENTED_EDGE ( 'NONE', *, *, #886, .T. ) ;
#2615 = ORIENTED_EDGE ( 'NONE', *, *, #454, .T. ) ;
#2616 = EDGE_CURVE ( 'NONE', #863, #1272, #1658, .T. ) ;
#2617 = VERTEX_POINT ( 'NONE', #1638 ) ;
#2618 = EDGE_CURVE ( 'NONE', #451, #1354, #1624, .T. ) ;
#2619 = DIRECTION ( 'NONE',  ( 0.000000000000000000, -1.000000000000000000, 0.000000000000000000 ) ) ;
#2620 = VECTOR ( 'NONE', #1987, 1000.000000000000114 ) ;
#2621 = ORIENTED_EDGE ( 'NONE', *, *, #363, .F. ) ;
#2622 =( LENGTH_UNIT ( ) NAMED_UNIT ( * ) SI_UNIT ( .MILLI., .METRE. ) );
#2623 = CARTESIAN_POINT ( 'NONE',  ( 1.440412320370286325, 0.1200000000000000094, -2.774999999999999467 ) ) ;
#2624 = ORIENTED_EDGE ( 'NONE', *, *, #1760, .F. ) ;
#2625 = VECTOR ( 'NONE', #1322, 1000.000000000000000 ) ;
#2626 = CARTESIAN_POINT ( 'NONE',  ( 0.8999999999999971356, 0.7500000000000000000, -2.315000000000000391 ) ) ;
#2627 = CYLINDRICAL_SURFACE ( 'NONE', #1549, 0.04999999999999991257 ) ;
#2628 = LINE ( 'NONE', #1581, #2050 ) ;
#2629 = VERTEX_POINT ( 'NONE', #2278 ) ;
#2630 = CYLINDRICAL_SURFACE ( 'NONE', #2141, 0.04999999999999991257 ) ;
#2631 = EDGE_CURVE ( 'NONE', #1806, #706, #611, .T. ) ;
#2632 = ORIENTED_EDGE ( 'NONE', *, *, #2496, .F. ) ;
#2633 = EDGE_CURVE ( 'NONE', #483, #876, #2266, .T. ) ;
#2634 = UNCERTAINTY_MEASURE_WITH_UNIT (LENGTH_MEASURE( 1.000000000000000082E-05 ), #388, 'distance_accuracy_value', 'NONE');
#2635 = CARTESIAN_POINT ( 'NONE',  ( -1.039594720584126719, 0.4841961633825773714, -2.674999999999999378 ) ) ;
#2636 = FACE_OUTER_BOUND ( 'NONE', #1915, .T. ) ;
#2637 = ORIENTED_EDGE ( 'NONE', *, *, #677, .T. ) ;
#2638 = CARTESIAN_POINT ( 'NONE',  ( 1.050000000000000266, -3.478915224864504552, -2.100000000000000089 ) ) ;
#2639 = LINE ( 'NONE', #1553, #1725 ) ;
#2640 = VECTOR ( 'NONE', #1247, 1000.000000000000000 ) ;
#2641 = AXIS2_PLACEMENT_3D ( 'NONE', #583, #211, #2470 ) ;
#2642 = ORIENTED_EDGE ( 'NONE', *, *, #1900, .F. ) ;
#2643 = FILL_AREA_STYLE_COLOUR ( '', #1889 ) ;
#2644 =( GEOMETRIC_REPRESENTATION_CONTEXT ( 3 ) GLOBAL_UNCERTAINTY_ASSIGNED_CONTEXT ( ( #1753 ) ) GLOBAL_UNIT_ASSIGNED_CONTEXT ( ( #1238, #179, #587 ) ) REPRESENTATION_CONTEXT ( 'NONE', 'WORKASPACE' ) );
#2645 = CIRCLE ( 'NONE', #301, 0.05000000000000012768 ) ;
#2646 = CYLINDRICAL_SURFACE ( 'NONE', #99, 0.04999999999999983624 ) ;
#2647 = EDGE_LOOP ( 'NONE', ( #57, #1498, #936, #1602 ) ) ;
#2648 = VECTOR ( 'NONE', #2590, 1000.000000000000000 ) ;
#2649 = EDGE_CURVE ( 'NONE', #1586, #1232, #1181, .T. ) ;
#2650 = CARTESIAN_POINT ( 'NONE',  ( -1.381019032855781870, 0.4068360716883469008, -2.223270289025562896 ) ) ;
#2651 = ADVANCED_FACE ( 'NONE', ( #824 ), #920, .T. ) ;
#2652 = CARTESIAN_POINT ( 'NONE',  ( 1.050000000000000044, -8.673617379884035472E-16, 2.100000000000000089 ) ) ;
#2653 = EDGE_LOOP ( 'NONE', ( #949, #719, #1113, #2036 ) ) ;
#2654 = CYLINDRICAL_SURFACE ( 'NONE', #1790, 0.05000000000000006523 ) ;
#2655 = EDGE_CURVE ( 'NONE', #361, #1578, #2043, .T. ) ;
#2656 = FILL_AREA_STYLE ('',( #1635 ) ) ;
#2657 = EDGE_CURVE ( 'NONE', #351, #1163, #528, .T. ) ;
#2658 = PLANE ( 'NONE',  #1766 ) ;
#2659 =( NAMED_UNIT ( * ) PLANE_ANGLE_UNIT ( ) SI_UNIT ( $, .RADIAN. ) );
#2660 = ORIENTED_EDGE ( 'NONE', *, *, #1504, .F. ) ;
#2661 = CARTESIAN_POINT ( 'NONE',  ( -1.376803440367481812, 0.7186824088833464463, -2.276726269164473404 ) ) ;
#2662 = ORIENTED_EDGE ( 'NONE', *, *, #1363, .F. ) ;
#2663 = FACE_OUTER_BOUND ( 'NONE', #2161, .T. ) ;
#2664 = DIRECTION ( 'NONE',  ( 1.000000000000000000, 0.000000000000000000, 0.000000000000000000 ) ) ;
#2665 =( BOUNDED_CURVE ( )  B_SPLINE_CURVE ( 3, ( #1576, #1769, #536, #299 ),
 .UNSPECIFIED., .F., .T. ) 
 B_SPLINE_CURVE_WITH_KNOTS ( ( 4, 4 ),
 ( 4.712388980384687898, 6.108652381980173907 ),
 .UNSPECIFIED. ) 
 CURVE ( )  GEOMETRIC_REPRESENTATION_ITEM ( )  RATIONAL_B_SPLINE_CURVE ( ( 1.000000000000000000, 0.8440296287459805313, 0.8440296287459805313, 1.000000000000000000 ) ) 
 REPRESENTATION_ITEM ( '' )  );
#2666 = ORIENTED_EDGE ( 'NONE', *, *, #830, .T. ) ;
#2667 = DIRECTION ( 'NONE',  ( 0.000000000000000000, -1.000000000000000000, 0.000000000000000000 ) ) ;
#2668 = ORIENTED_EDGE ( 'NONE', *, *, #886, .F. ) ;
#2669 = DIRECTION ( 'NONE',  ( 1.000000000000000000, 0.000000000000000000, 0.000000000000000000 ) ) ;
#2670 = CARTESIAN_POINT ( 'NONE',  ( 1.050000000000000266, -3.478915224864504552, -2.850000000000000089 ) ) ;
#2671 = DIRECTION ( 'NONE',  ( -1.000000000000000000, -0.000000000000000000, 1.445602896647338917E-16 ) ) ;
#2672 = AXIS2_PLACEMENT_3D ( 'NONE', #1496, #250, #2334 ) ;
#2673 = PRESENTATION_LAYER_ASSIGNMENT (  '', '', ( #2085 ) ) ;
#2674 = CARTESIAN_POINT ( 'NONE',  ( 1.050000000000000266, 0.06999999999999999278, -2.774999999999999467 ) ) ;
#2675 = PLANE ( 'NONE',  #1494 ) ;
#2676 = DIRECTION ( 'NONE',  ( 1.000000000000000000, 0.000000000000000000, -1.445602896647338917E-16 ) ) ;
ENDSEC;
END-ISO-10303-21;
