ISO-10303-21;
HEADER;
FILE_DESCRIPTION (( 'STEP AP214' ),
    '1' );
FILE_NAME ('KSEK43G LFS - SMD Button.STEP',
    '2023-05-18T07:56:45',
    ( '' ),
    ( '' ),
    'SwSTEP 2.0',
    'SolidWorks 2020',
    '' );
FILE_SCHEMA (( 'AUTOMOTIVE_DESIGN' ));
ENDSEC;

DATA;
#1 = DIRECTION ( 'NONE',  ( 1.000000000000000000, -0.000000000000000000, -0.000000000000000000 ) ) ;
#2 = SURFACE_SIDE_STYLE ('',( #2365 ) ) ;
#3 = UNCERTAINTY_MEASURE_WITH_UNIT (LENGTH_MEASURE( 1.000000000000000082E-05 ), #4158, 'distance_accuracy_value', 'NONE');
#4 = EDGE_CURVE ( 'NONE', #2949, #1837, #4301, .T. ) ;
#5 = CARTESIAN_POINT ( 'NONE',  ( -1.858578643762688998, 2.899999999999999911, -3.025000000000000355 ) ) ;
#6 = CARTESIAN_POINT ( 'NONE',  ( -3.446534602404207615, 1.049045040614163149, -2.350000000000000089 ) ) ;
#7 = FILL_AREA_STYLE ('',( #3492 ) ) ;
#8 = ORIENTED_EDGE ( 'NONE', *, *, #2089, .F. ) ;
#9 = PLANE ( 'NONE',  #3771 ) ;
#10 = CARTESIAN_POINT ( 'NONE',  ( -4.208357894366830720, 0.5209786367072010149, -1.649999999999999911 ) ) ;
#11 = FACE_OUTER_BOUND ( 'NONE', #830, .T. ) ;
#12 = SURFACE_SIDE_STYLE ('',( #1974 ) ) ;
#13 = ORIENTED_EDGE ( 'NONE', *, *, #650, .T. ) ;
#14 = EDGE_CURVE ( 'NONE', #2030, #1248, #1401, .T. ) ;
#15 = FILL_AREA_STYLE_COLOUR ( '', #403 ) ;
#16 = EDGE_LOOP ( 'NONE', ( #2126, #3536, #965, #1383 ) ) ;
#17 = AXIS2_PLACEMENT_3D ( 'NONE', #3674, #1335, #3005 ) ;
#18 = STYLED_ITEM ( 'NONE', ( #3521 ), #412 ) ;
#19 =( LENGTH_UNIT ( ) NAMED_UNIT ( * ) SI_UNIT ( .MILLI., .METRE. ) );
#20 =( NAMED_UNIT ( * ) PLANE_ANGLE_UNIT ( ) SI_UNIT ( $, .RADIAN. ) );
#21 = VERTEX_POINT ( 'NONE', #1872 ) ;
#22 = AXIS2_PLACEMENT_3D ( 'NONE', #568, #3568, #504 ) ;
#23 = CIRCLE ( 'NONE', #3195, 0.1999999999999996503 ) ;
#26 = ADVANCED_FACE ( 'NONE', ( #2281 ), #2675, .T. ) ;
#25 = VECTOR ( 'NONE', #1096, 1000.000000000000114 ) ;
#24 =( NAMED_UNIT ( * ) PLANE_ANGLE_UNIT ( ) SI_UNIT ( $, .RADIAN. ) );
#27 = LINE ( 'NONE', #719, #1194 ) ;
#28 = EDGE_CURVE ( 'NONE', #1859, #1392, #2602, .T. ) ;
#29 = STYLED_ITEM ( 'NONE', ( #3808 ), #1382 ) ;
#30 = CARTESIAN_POINT ( 'NONE',  ( 4.011170819970738322, 0.2872753109248650794, 2.350000000000000089 ) ) ;
#31 = CARTESIAN_POINT ( 'NONE',  ( -3.639099115508123816, 1.099999999999999867, -2.350000000000000089 ) ) ;
#32 = AXIS2_PLACEMENT_3D ( 'NONE', #2271, #4011, #4030 ) ;
#33 = ORIENTED_EDGE ( 'NONE', *, *, #142, .F. ) ;
#34 = DIRECTION ( 'NONE',  ( 0.7071067811865483499, 0.000000000000000000, 0.7071067811865466846 ) ) ;
#35 = DIRECTION ( 'NONE',  ( 1.000000000000000000, -0.000000000000000000, -0.000000000000000000 ) ) ;
#36 = COLOUR_RGB ( '',0.7529411764705882248, 0.7529411764705882248, 0.7529411764705882248 ) ;
#37 = EDGE_LOOP ( 'NONE', ( #3185, #3243, #375, #4260 ) ) ;
#38 = SURFACE_SIDE_STYLE ('',( #4389 ) ) ;
#39 = MECHANICAL_DESIGN_GEOMETRIC_PRESENTATION_REPRESENTATION (  '', ( #2553 ), #4190 ) ;
#40 = MECHANICAL_DESIGN_GEOMETRIC_PRESENTATION_REPRESENTATION (  '', ( #3347 ), #2270 ) ;
#41 =( LENGTH_UNIT ( ) NAMED_UNIT ( * ) SI_UNIT ( .MILLI., .METRE. ) );
#42 = VECTOR ( 'NONE', #3378, 1000.000000000000000 ) ;
#43 = ORIENTED_EDGE ( 'NONE', *, *, #141, .T. ) ;
#44 = CIRCLE ( 'NONE', #2554, 0.2000000000000000944 ) ;
#45 = COLOUR_RGB ( '',1.000000000000000000, 1.000000000000000000, 1.000000000000000000 ) ;
#46 = STYLED_ITEM ( 'NONE', ( #2446 ), #3250 ) ;
#47 = DIRECTION ( 'NONE',  ( -0.7071067811865483499, 0.000000000000000000, 0.7071067811865466846 ) ) ;
#48 = FILL_AREA_STYLE_COLOUR ( '', #631 ) ;
#49 = ORIENTED_EDGE ( 'NONE', *, *, #14, .F. ) ;
#50 = STYLED_ITEM ( 'NONE', ( #2774 ), #2961 ) ;
#51 = LINE ( 'NONE', #2710, #2635 ) ;
#52 = DIRECTION ( 'NONE',  ( -0.000000000000000000, -1.000000000000000000, 0.000000000000000000 ) ) ;
#53 = CIRCLE ( 'NONE', #712, 0.09999999999999982514 ) ;
#54 = VERTEX_POINT ( 'NONE', #3355 ) ;
#55 = SURFACE_STYLE_FILL_AREA ( #7 ) ;
#56 = AXIS2_PLACEMENT_3D ( 'NONE', #2470, #121, #3807 ) ;
#57 = ORIENTED_EDGE ( 'NONE', *, *, #1723, .T. ) ;
#58 =( NAMED_UNIT ( * ) PLANE_ANGLE_UNIT ( ) SI_UNIT ( $, .RADIAN. ) );
#59 = FILL_AREA_STYLE ('',( #3410 ) ) ;
#60 = CARTESIAN_POINT ( 'NONE',  ( -3.000000000000000000, 2.799999999999999822, 4.163336342344337027E-16 ) ) ;
#61 = VERTEX_POINT ( 'NONE', #2989 ) ;
#62 =( NAMED_UNIT ( * ) PLANE_ANGLE_UNIT ( ) SI_UNIT ( $, .RADIAN. ) );
#63 = DIRECTION ( 'NONE',  ( 0.000000000000000000, 0.000000000000000000, 1.000000000000000000 ) ) ;
#64 = PRESENTATION_STYLE_ASSIGNMENT (( #463 ) ) ;
#65 = EDGE_CURVE ( 'NONE', #1392, #2324, #625, .T. ) ;
#66 = UNCERTAINTY_MEASURE_WITH_UNIT (LENGTH_MEASURE( 1.000000000000000082E-05 ), #4219, 'distance_accuracy_value', 'NONE');
#67 = DIRECTION ( 'NONE',  ( 0.000000000000000000, 1.000000000000000000, 0.000000000000000000 ) ) ;
#68 = ORIENTED_EDGE ( 'NONE', *, *, #1526, .T. ) ;
#69 = EDGE_CURVE ( 'NONE', #4154, #1116, #2407, .T. ) ;
#70 =( NAMED_UNIT ( * ) PLANE_ANGLE_UNIT ( ) SI_UNIT ( $, .RADIAN. ) );
#71 = FACE_OUTER_BOUND ( 'NONE', #2477, .T. ) ;
#72 = ORIENTED_EDGE ( 'NONE', *, *, #1803, .T. ) ;
#73 = FACE_OUTER_BOUND ( 'NONE', #4241, .T. ) ;
#74 = VERTEX_POINT ( 'NONE', #3029 ) ;
#75 = CARTESIAN_POINT ( 'NONE',  ( 0.000000000000000000, 3.000000000000000000, 0.000000000000000000 ) ) ;
#76 = FILL_AREA_STYLE_COLOUR ( '', #3698 ) ;
#77 = FILL_AREA_STYLE_COLOUR ( '', #1288 ) ;
#78 = VERTEX_POINT ( 'NONE', #4420 ) ;
#79 = LINE ( 'NONE', #1419, #744 ) ;
#80 = CARTESIAN_POINT ( 'NONE',  ( 3.099999999999999645, 1.300000000000000044, 1.649999999999999911 ) ) ;
#81 = CARTESIAN_POINT ( 'NONE',  ( -3.993739671421206339, 0.08803637130651603693, -1.649999999999999911 ) ) ;
#82 = EDGE_CURVE ( 'NONE', #1824, #1511, #2363, .T. ) ;
#83 = EDGE_CURVE ( 'NONE', #1127, #3333, #2205, .T. ) ;
#84 = ORIENTED_EDGE ( 'NONE', *, *, #2403, .T. ) ;
#85 = FILL_AREA_STYLE ('',( #1138 ) ) ;
#86 = FACE_OUTER_BOUND ( 'NONE', #2505, .T. ) ;
#87 = SURFACE_STYLE_FILL_AREA ( #139 ) ;
#88 = ORIENTED_EDGE ( 'NONE', *, *, #370, .T. ) ;
#89 =( NAMED_UNIT ( * ) SI_UNIT ( $, .STERADIAN. ) SOLID_ANGLE_UNIT ( ) );
#90 = ORIENTED_EDGE ( 'NONE', *, *, #4366, .F. ) ;
#91 = PRESENTATION_LAYER_ASSIGNMENT (  '', '', ( #2674 ) ) ;
#92 = FILL_AREA_STYLE_COLOUR ( '', #3854 ) ;
#93 = EDGE_LOOP ( 'NONE', ( #1975, #8, #3789, #3309 ) ) ;
#94 = DIRECTION ( 'NONE',  ( -8.673617379884035472E-16, 0.000000000000000000, 1.000000000000000000 ) ) ;
#95 = VECTOR ( 'NONE', #3801, 1000.000000000000000 ) ;
#96 = UNCERTAINTY_MEASURE_WITH_UNIT (LENGTH_MEASURE( 1.000000000000000082E-05 ), #3647, 'distance_accuracy_value', 'NONE');
#97 = FACE_OUTER_BOUND ( 'NONE', #1098, .T. ) ;
#98 = COLOUR_RGB ( '',0.7921568627450980005, 0.8196078431372548767, 0.9333333333333333481 ) ;
#99 = STYLED_ITEM ( 'NONE', ( #457 ), #441 ) ;
#100 = ORIENTED_EDGE ( 'NONE', *, *, #4223, .F. ) ;
#101 = AXIS2_PLACEMENT_3D ( 'NONE', #4115, #4379, #693 ) ;
#102 = PRESENTATION_STYLE_ASSIGNMENT (( #3915 ) ) ;
#103 = DIRECTION ( 'NONE',  ( 0.000000000000000000, 1.000000000000000000, 0.000000000000000000 ) ) ;
#104 = COLOUR_RGB ( '',0.7529411764705882248, 0.7529411764705882248, 0.7529411764705882248 ) ;
#105 = VERTEX_POINT ( 'NONE', #977 ) ;
#106 = SURFACE_SIDE_STYLE ('',( #2763 ) ) ;
#107 = AXIS2_PLACEMENT_3D ( 'NONE', #3282, #3198, #4277 ) ;
#108 = AXIS2_PLACEMENT_3D ( 'NONE', #222, #3720, #2016 ) ;
#109 = SURFACE_STYLE_FILL_AREA ( #85 ) ;
#110 = STYLED_ITEM ( 'NONE', ( #3733 ), #2245 ) ;
#111 = ADVANCED_FACE ( 'NONE', ( #2002 ), #4109, .F. ) ;
#112 = UNCERTAINTY_MEASURE_WITH_UNIT (LENGTH_MEASURE( 1.000000000000000082E-05 ), #4023, 'distance_accuracy_value', 'NONE');
#113 = DIRECTION ( 'NONE',  ( -1.000000000000000000, 0.000000000000000000, -8.673617379884035472E-16 ) ) ;
#114 = STYLED_ITEM ( 'NONE', ( #3239 ), #3053 ) ;
#115 = CARTESIAN_POINT ( 'NONE',  ( 4.011170819970738322, 0.2872753109248650794, 1.649999999999999911 ) ) ;
#116 = AXIS2_PLACEMENT_3D ( 'NONE', #2702, #3061, #3085 ) ;
#117 = ORIENTED_EDGE ( 'NONE', *, *, #1563, .T. ) ;
#118 = ORIENTED_EDGE ( 'NONE', *, *, #3610, .T. ) ;
#119 = COLOUR_RGB ( '',0.7529411764705882248, 0.7529411764705882248, 0.7529411764705882248 ) ;
#120 = AXIS2_PLACEMENT_3D ( 'NONE', #1853, #4164, #2496 ) ;
#121 = DIRECTION ( 'NONE',  ( 0.000000000000000000, 0.000000000000000000, -1.000000000000000000 ) ) ;
#122 = DIRECTION ( 'NONE',  ( 0.000000000000000000, -0.000000000000000000, -1.000000000000000000 ) ) ;
#123 = ORIENTED_EDGE ( 'NONE', *, *, #3461, .F. ) ;
#124 = ORIENTED_EDGE ( 'NONE', *, *, #1201, .F. ) ;
#125 = SURFACE_STYLE_USAGE ( .BOTH. , #3212 ) ;
#126 =( GEOMETRIC_REPRESENTATION_CONTEXT ( 3 ) GLOBAL_UNCERTAINTY_ASSIGNED_CONTEXT ( ( #871 ) ) GLOBAL_UNIT_ASSIGNED_CONTEXT ( ( #3856, #522, #3245 ) ) REPRESENTATION_CONTEXT ( 'NONE', 'WORKASPACE' ) );
#127 = STYLED_ITEM ( 'NONE', ( #2884 ), #2802 ) ;
#128 = EDGE_CURVE ( 'NONE', #1486, #2183, #2724, .T. ) ;
#129 = AXIS2_PLACEMENT_3D ( 'NONE', #3088, #3383, #3137 ) ;
#130 = FILL_AREA_STYLE ('',( #171 ) ) ;
#131 = CARTESIAN_POINT ( 'NONE',  ( -3.100000000000000533, 0.000000000000000000, -2.825000000000000178 ) ) ;
#132 = ORIENTED_EDGE ( 'NONE', *, *, #4382, .F. ) ;
#133 = PRESENTATION_LAYER_ASSIGNMENT (  '', '', ( #1656 ) ) ;
#134 = DIRECTION ( 'NONE',  ( 1.398970545142587527E-16, 0.000000000000000000, 1.000000000000000000 ) ) ;
#135 = CARTESIAN_POINT ( 'NONE',  ( 3.100000000000000533, 2.899999999999999911, 2.825000000000001954 ) ) ;
#136 = ORIENTED_EDGE ( 'NONE', *, *, #3716, .F. ) ;
#137 = FACE_BOUND ( 'NONE', #3211, .T. ) ;
#138 = SURFACE_STYLE_FILL_AREA ( #1185 ) ;
#139 = FILL_AREA_STYLE ('',( #2464 ) ) ;
#140 = VERTEX_POINT ( 'NONE', #3744 ) ;
#141 = EDGE_CURVE ( 'NONE', #2517, #1958, #3908, .T. ) ;
#142 = EDGE_CURVE ( 'NONE', #1486, #3257, #956, .T. ) ;
#143 = LINE ( 'NONE', #3159, #1643 ) ;
#144 = ORIENTED_EDGE ( 'NONE', *, *, #4387, .T. ) ;
#145 =( LENGTH_UNIT ( ) NAMED_UNIT ( * ) SI_UNIT ( .MILLI., .METRE. ) );
#146 = CYLINDRICAL_SURFACE ( 'NONE', #3056, 0.09999999999999982514 ) ;
#147 = ORIENTED_EDGE ( 'NONE', *, *, #3947, .F. ) ;
#148 = EDGE_LOOP ( 'NONE', ( #3860, #1651, #3206, #2823, #4175, #2162, #3560, #2745, #1769, #749, #3113, #2143 ) ) ;
#149 = SURFACE_STYLE_FILL_AREA ( #3513 ) ;
#150 = CARTESIAN_POINT ( 'NONE',  ( -3.792564513103915846, 1.300000000000000044, -2.350000000000000089 ) ) ;
#151 =( NAMED_UNIT ( * ) PLANE_ANGLE_UNIT ( ) SI_UNIT ( $, .RADIAN. ) );
#152 = DIRECTION ( 'NONE',  ( 0.000000000000000000, 1.000000000000000000, 0.000000000000000000 ) ) ;
#153 = SURFACE_SIDE_STYLE ('',( #1862 ) ) ;
#154 = ORIENTED_EDGE ( 'NONE', *, *, #4161, .F. ) ;
#155 = CARTESIAN_POINT ( 'NONE',  ( 2.070710678118655501, 2.799999999999999822, -2.954289321881344410 ) ) ;
#156 = VERTEX_POINT ( 'NONE', #3683 ) ;
#157 = DIRECTION ( 'NONE',  ( 0.2588190451025216277, 0.9659258262890680902, 0.000000000000000000 ) ) ;
#158 = CARTESIAN_POINT ( 'NONE',  ( -3.993739671421206339, 0.08803637130651602305, 2.350000000000000089 ) ) ;
#159 = SURFACE_SIDE_STYLE ('',( #424 ) ) ;
#160 = CARTESIAN_POINT ( 'NONE',  ( -1.929289321881343167, 2.799999999999999822, -3.095710678118655412 ) ) ;
#161 =( NAMED_UNIT ( * ) PLANE_ANGLE_UNIT ( ) SI_UNIT ( $, .RADIAN. ) );
#162 = EDGE_LOOP ( 'NONE', ( #3184, #3265, #3015, #3906 ) ) ;
#163 = CARTESIAN_POINT ( 'NONE',  ( -3.832284280765937634, 1.151763809020504237, -1.649999999999999911 ) ) ;
#164 = PRESENTATION_STYLE_ASSIGNMENT (( #3971 ) ) ;
#165 = LINE ( 'NONE', #1548, #3072 ) ;
#166 = CARTESIAN_POINT ( 'NONE',  ( -5.000000000000000000, 0.2509549593858368954, -2.350000000000000089 ) ) ;
#167 = CARTESIAN_POINT ( 'NONE',  ( 2.141421356237310114, 2.799999999999999822, -3.024999999999999023 ) ) ;
#168 = VECTOR ( 'NONE', #1175, 1000.000000000000000 ) ;
#169 = EDGE_CURVE ( 'NONE', #3316, #3054, #4373, .T. ) ;
#170 = SURFACE_SIDE_STYLE ('',( #1195 ) ) ;
#171 = FILL_AREA_STYLE_COLOUR ( '', #3949 ) ;
#172 = COLOUR_RGB ( '',1.000000000000000000, 1.000000000000000000, 1.000000000000000000 ) ;
#173 = SPHERICAL_SURFACE ( 'NONE', #3555, 0.1000000000000000056 ) ;
#174 =( NAMED_UNIT ( * ) PLANE_ANGLE_UNIT ( ) SI_UNIT ( $, .RADIAN. ) );
#175 = ORIENTED_EDGE ( 'NONE', *, *, #3866, .T. ) ;
#176 = CARTESIAN_POINT ( 'NONE',  ( 3.000000000000000444, 0.000000000000000000, 2.925000000000001599 ) ) ;
#177 = CIRCLE ( 'NONE', #2683, 0.09999999999999982514 ) ;
#178 = APPLICATION_CONTEXT ( 'automotive_design' ) ;
#179 = AXIS2_PLACEMENT_3D ( 'NONE', #2673, #1659, #2378 ) ;
#180 = CARTESIAN_POINT ( 'NONE',  ( -3.099999999999999645, 1.300000000000000044, 2.350000000000000089 ) ) ;
#181 = CIRCLE ( 'NONE', #4045, 0.09999999999999982514 ) ;
#182 = CIRCLE ( 'NONE', #2690, 0.09999999999999982514 ) ;
#183 = SURFACE_STYLE_USAGE ( .BOTH. , #2955 ) ;
#184 = VECTOR ( 'NONE', #1606, 1000.000000000000000 ) ;
#185 = CARTESIAN_POINT ( 'NONE',  ( -5.000000000000000000, 0.2509549593858368954, 2.350000000000000089 ) ) ;
#186 = FILL_AREA_STYLE ('',( #1570 ) ) ;
#187 = CIRCLE ( 'NONE', #2681, 0.09999999999999982514 ) ;
#188 = ORIENTED_EDGE ( 'NONE', *, *, #1174, .F. ) ;
#189 =( NAMED_UNIT ( * ) PLANE_ANGLE_UNIT ( ) SI_UNIT ( $, .RADIAN. ) );
#190 = FILL_AREA_STYLE_COLOUR ( '', #1765 ) ;
#191 = LINE ( 'NONE', #1257, #3983 ) ;
#192 = LINE ( 'NONE', #2307, #1980 ) ;
#193 = VECTOR ( 'NONE', #3201, 1000.000000000000000 ) ;
#194 = AXIS2_PLACEMENT_3D ( 'NONE', #1954, #3327, #255 ) ;
#195 = AXIS2_PLACEMENT_3D ( 'NONE', #418, #67, #3231 ) ;
#196 = UNCERTAINTY_MEASURE_WITH_UNIT (LENGTH_MEASURE( 1.000000000000000082E-05 ), #2565, 'distance_accuracy_value', 'NONE');
#197 = VECTOR ( 'NONE', #3997, 1000.000000000000000 ) ;
#198 = LINE ( 'NONE', #1602, #1408 ) ;
#199 = SURFACE_STYLE_USAGE ( .BOTH. , #3871 ) ;
#200 = UNCERTAINTY_MEASURE_WITH_UNIT (LENGTH_MEASURE( 1.000000000000000082E-05 ), #1520, 'distance_accuracy_value', 'NONE');
#201 = EDGE_CURVE ( 'NONE', #3361, #2455, #1679, .T. ) ;
#202 = ORIENTED_EDGE ( 'NONE', *, *, #1108, .T. ) ;
#203 = MECHANICAL_DESIGN_GEOMETRIC_PRESENTATION_REPRESENTATION (  '', ( #2920 ), #3416 ) ;
#204 = SURFACE_SIDE_STYLE ('',( #1655 ) ) ;
#205 = SURFACE_STYLE_USAGE ( .BOTH. , #1183 ) ;
#206 = CARTESIAN_POINT ( 'NONE',  ( -3.639719767662021432, 0.9008088496346673413, 2.350000000000000089 ) ) ;
#207 = CARTESIAN_POINT ( 'NONE',  ( -5.000000000000000000, 0.000000000000000000, -1.649999999999999911 ) ) ;
#208 = FACE_OUTER_BOUND ( 'NONE', #466, .T. ) ;
#209 = FACE_OUTER_BOUND ( 'NONE', #3644, .T. ) ;
#210 = ADVANCED_FACE ( 'NONE', ( #3394 ), #2159, .T. ) ;
#211 = ORIENTED_EDGE ( 'NONE', *, *, #1468, .F. ) ;
#212 = CARTESIAN_POINT ( 'NONE',  ( 0.000000000000000000, 2.899999999999999911, -1.449999999999999956 ) ) ;
#213 = DIRECTION ( 'NONE',  ( 0.000000000000000000, 1.000000000000000000, -0.000000000000000000 ) ) ;
#214 = VERTEX_POINT ( 'NONE', #2766 ) ;
#215 = LINE ( 'NONE', #3692, #2636 ) ;
#216 = EDGE_CURVE ( 'NONE', #3837, #2593, #988, .T. ) ;
#217 = FILL_AREA_STYLE ('',( #1897 ) ) ;
#218 = CARTESIAN_POINT ( 'NONE',  ( -5.000000000000000000, 0.2509549593858368954, 2.350000000000000089 ) ) ;
#219 = CARTESIAN_POINT ( 'NONE',  ( 4.015172729109017347, 0.4692148276866964229, -2.350000000000000089 ) ) ;
#220 = ORIENTED_EDGE ( 'NONE', *, *, #2207, .T. ) ;
#221 = DIRECTION ( 'NONE',  ( 0.000000000000000000, 0.000000000000000000, 1.000000000000000000 ) ) ;
#222 = CARTESIAN_POINT ( 'NONE',  ( 0.000000000000000000, 2.899999999999999911, 0.000000000000000000 ) ) ;
#223 = SURFACE_STYLE_USAGE ( .BOTH. , #2622 ) ;
#224 = SURFACE_STYLE_USAGE ( .BOTH. , #3924 ) ;
#225 = EDGE_CURVE ( 'NONE', #1996, #1869, #3130, .T. ) ;
#226 = LINE ( 'NONE', #285, #3267 ) ;
#227 = SURFACE_STYLE_USAGE ( .BOTH. , #3659 ) ;
#228 = LINE ( 'NONE', #2957, #280 ) ;
#229 = CARTESIAN_POINT ( 'NONE',  ( -2.141421356237308782, 2.899999999999999911, -2.825000000000000178 ) ) ;
#230 = ORIENTED_EDGE ( 'NONE', *, *, #827, .T. ) ;
#231 = EDGE_CURVE ( 'NONE', #760, #305, #1466, .T. ) ;
#232 = LINE ( 'NONE', #1889, #2785 ) ;
#233 = DIRECTION ( 'NONE',  ( 0.000000000000000000, -1.000000000000000000, 0.000000000000000000 ) ) ;
#234 = ORIENTED_EDGE ( 'NONE', *, *, #231, .F. ) ;
#235 = CARTESIAN_POINT ( 'NONE',  ( 0.000000000000000000, 0.000000000000000000, -2.350000000000000089 ) ) ;
#236 = PRESENTATION_LAYER_ASSIGNMENT (  '', '', ( #1536 ) ) ;
#237 =( GEOMETRIC_REPRESENTATION_CONTEXT ( 3 ) GLOBAL_UNCERTAINTY_ASSIGNED_CONTEXT ( ( #3368 ) ) GLOBAL_UNIT_ASSIGNED_CONTEXT ( ( #571, #952, #4010 ) ) REPRESENTATION_CONTEXT ( 'NONE', 'WORKASPACE' ) );
#238 = EDGE_CURVE ( 'NONE', #1047, #1625, #742, .T. ) ;
#239 =( LENGTH_UNIT ( ) NAMED_UNIT ( * ) SI_UNIT ( .MILLI., .METRE. ) );
#240 = DIRECTION ( 'NONE',  ( 0.000000000000000000, 0.000000000000000000, -1.000000000000000000 ) ) ;
#241 = CARTESIAN_POINT ( 'NONE',  ( -4.015172729109017347, 0.4692148276866964229, 2.350000000000000089 ) ) ;
#242 = LINE ( 'NONE', #924, #3356 ) ;
#243 = VERTEX_POINT ( 'NONE', #1745 ) ;
#244 =( LENGTH_UNIT ( ) NAMED_UNIT ( * ) SI_UNIT ( .MILLI., .METRE. ) );
#245 = ORIENTED_EDGE ( 'NONE', *, *, #1939, .T. ) ;
#246 = STYLED_ITEM ( 'NONE', ( #2951 ), #550 ) ;
#247 = CARTESIAN_POINT ( 'NONE',  ( -2.141421356237308338, 2.799999999999999822, 3.024999999999999911 ) ) ;
#248 = DIRECTION ( 'NONE',  ( -1.000000000000000000, 0.000000000000000000, -8.673617379884035472E-16 ) ) ;
#249 = STYLED_ITEM ( 'NONE', ( #3099 ), #430 ) ;
#250 = AXIS2_PLACEMENT_3D ( 'NONE', #3138, #52, #3995 ) ;
#251 = CARTESIAN_POINT ( 'NONE',  ( 3.993739671421206339, 0.08803637130651602305, 2.350000000000000089 ) ) ;
#252 =( NAMED_UNIT ( * ) SI_UNIT ( $, .STERADIAN. ) SOLID_ANGLE_UNIT ( ) );
#253 =( NAMED_UNIT ( * ) PLANE_ANGLE_UNIT ( ) SI_UNIT ( $, .RADIAN. ) );
#254 = ORIENTED_EDGE ( 'NONE', *, *, #1284, .T. ) ;
#255 = DIRECTION ( 'NONE',  ( 0.000000000000000000, 0.000000000000000000, 1.000000000000000000 ) ) ;
#256 = DIRECTION ( 'NONE',  ( 0.000000000000000000, 1.000000000000000000, -0.000000000000000000 ) ) ;
#258 = EDGE_CURVE ( 'NONE', #1346, #4151, #2108, .T. ) ;
#257 = TOROIDAL_SURFACE ( 'NONE', #832, 0.2000000000000000111, 0.1000000000000000056 ) ;
#259 = PRESENTATION_LAYER_ASSIGNMENT (  '', '', ( #549 ) ) ;
#260 = ORIENTED_EDGE ( 'NONE', *, *, #1243, .F. ) ;
#261 = CARTESIAN_POINT ( 'NONE',  ( 5.000000000000000000, 0.2509549593858368954, -2.350000000000000089 ) ) ;
#262 =( NAMED_UNIT ( * ) SI_UNIT ( $, .STERADIAN. ) SOLID_ANGLE_UNIT ( ) );
#263 = VECTOR ( 'NONE', #3565, 1000.000000000000000 ) ;
#264 = ORIENTED_EDGE ( 'NONE', *, *, #2207, .F. ) ;
#265 =( NAMED_UNIT ( * ) PLANE_ANGLE_UNIT ( ) SI_UNIT ( $, .RADIAN. ) );
#266 = EDGE_CURVE ( 'NONE', #3475, #3054, #3102, .T. ) ;
#267 = CIRCLE ( 'NONE', #3904, 0.09999999999999997780 ) ;
#268 = SURFACE_STYLE_USAGE ( .BOTH. , #942 ) ;
#269 = DIRECTION ( 'NONE',  ( -0.000000000000000000, -0.000000000000000000, 1.000000000000000000 ) ) ;
#270 = CARTESIAN_POINT ( 'NONE',  ( 3.817985654712924948, 0.2355115019043609315, 1.649999999999999911 ) ) ;
#271 = COLOUR_RGB ( '',0.7529411764705882248, 0.7529411764705882248, 0.7529411764705882248 ) ;
#272 = UNCERTAINTY_MEASURE_WITH_UNIT (LENGTH_MEASURE( 1.000000000000000082E-05 ), #3349, 'distance_accuracy_value', 'NONE');
#273 = CARTESIAN_POINT ( 'NONE',  ( -3.639099115508123816, 1.300000000000000044, -2.350000000000000089 ) ) ;
#274 = VECTOR ( 'NONE', #1114, 1000.000000000000000 ) ;
#275 = ORIENTED_EDGE ( 'NONE', *, *, #3438, .F. ) ;
#276 = ADVANCED_FACE ( 'NONE', ( #4149 ), #1086, .F. ) ;
#277 = CARTESIAN_POINT ( 'NONE',  ( -1.858578643762688554, 2.799999999999999822, 3.024999999999999911 ) ) ;
#278 = VERTEX_POINT ( 'NONE', #2233 ) ;
#279 = AXIS2_PLACEMENT_3D ( 'NONE', #1707, #3788, #3034 ) ;
#280 = VECTOR ( 'NONE', #1278, 1000.000000000000000 ) ;
#281 = FILL_AREA_STYLE ('',( #1270 ) ) ;
#282 =( NAMED_UNIT ( * ) PLANE_ANGLE_UNIT ( ) SI_UNIT ( $, .RADIAN. ) );
#283 = CARTESIAN_POINT ( 'NONE',  ( -1.999999999999998668, 2.799999999999999822, 2.883578643762690241 ) ) ;
#284 = PRESENTATION_LAYER_ASSIGNMENT (  '', '', ( #2060 ) ) ;
#285 = CARTESIAN_POINT ( 'NONE',  ( 3.854231063995529727, 0.1002417929205512842, -2.350000000000000089 ) ) ;
#286 = ORIENTED_EDGE ( 'NONE', *, *, #2993, .F. ) ;
#287 = DIRECTION ( 'NONE',  ( 1.000000000000000000, 0.000000000000000000, 0.000000000000000000 ) ) ;
#288 = SURFACE_STYLE_USAGE ( .BOTH. , #894 ) ;
#289 = DIRECTION ( 'NONE',  ( -0.000000000000000000, -1.000000000000000000, -0.000000000000000000 ) ) ;
#290 = EDGE_LOOP ( 'NONE', ( #2703, #1187, #3380, #33 ) ) ;
#291 = FILL_AREA_STYLE ('',( #2609 ) ) ;
#293 = EDGE_CURVE ( 'NONE', #1807, #1730, #2917, .T. ) ;
#292 = CARTESIAN_POINT ( 'NONE',  ( -2.141421356237308782, 2.799999999999999822, -3.024999999999999911 ) ) ;
#294 = DIRECTION ( 'NONE',  ( 0.000000000000000000, 0.000000000000000000, 1.000000000000000000 ) ) ;
#295 = ADVANCED_FACE ( 'NONE', ( #2582 ), #1865, .F. ) ;
#296 = DIRECTION ( 'NONE',  ( -0.000000000000000000, -0.000000000000000000, 1.000000000000000000 ) ) ;
#297 = SURFACE_SIDE_STYLE ('',( #1603 ) ) ;
#298 = ORIENTED_EDGE ( 'NONE', *, *, #2696, .F. ) ;
#299 = SURFACE_STYLE_USAGE ( .BOTH. , #950 ) ;
#300 = EDGE_LOOP ( 'NONE', ( #2336, #3247, #521, #2666 ) ) ;
#301 = CARTESIAN_POINT ( 'NONE',  ( -5.000000000000000000, 0.000000000000000000, -2.350000000000000089 ) ) ;
#302 = DIRECTION ( 'NONE',  ( -0.000000000000000000, -1.000000000000000000, 0.000000000000000000 ) ) ;
#303 = DIRECTION ( 'NONE',  ( -1.000000000000000000, 0.000000000000000000, 0.000000000000000000 ) ) ;
#304 = LINE ( 'NONE', #4034, #1041 ) ;
#305 = VERTEX_POINT ( 'NONE', #3573 ) ;
#306 =( NAMED_UNIT ( * ) SI_UNIT ( $, .STERADIAN. ) SOLID_ANGLE_UNIT ( ) );
#307 = FILL_AREA_STYLE ('',( #2073 ) ) ;
#308 = DIRECTION ( 'NONE',  ( -0.000000000000000000, -0.000000000000000000, 1.000000000000000000 ) ) ;
#309 = EDGE_LOOP ( 'NONE', ( #804, #2286, #4195 ) ) ;
#310 = CARTESIAN_POINT ( 'NONE',  ( -2.999999999999999556, 2.899999999999999911, 2.925000000000000266 ) ) ;
#311 = CARTESIAN_POINT ( 'NONE',  ( 1.858578643762686999, 2.799999999999999822, 3.024999999999999467 ) ) ;
#312 = VERTEX_POINT ( 'NONE', #2560 ) ;
#313 = FACE_OUTER_BOUND ( 'NONE', #1902, .T. ) ;
#314 = ADVANCED_FACE ( 'NONE', ( #3964 ), #2184, .T. ) ;
#315 = ORIENTED_EDGE ( 'NONE', *, *, #2441, .T. ) ;
#316 = DIRECTION ( 'NONE',  ( 1.000000000000000000, 0.000000000000000000, -1.398970545142586541E-16 ) ) ;
#317 = FACE_OUTER_BOUND ( 'NONE', #16, .T. ) ;
#318 = LINE ( 'NONE', #1657, #1043 ) ;
#319 = CARTESIAN_POINT ( 'NONE',  ( -1.858578643762688110, 0.000000000000000000, 3.125000000000000000 ) ) ;
#320 = FACE_BOUND ( 'NONE', #4431, .T. ) ;
#321 = AXIS2_PLACEMENT_3D ( 'NONE', #4216, #1446, #3897 ) ;
#322 = ADVANCED_FACE ( 'NONE', ( #872 ), #3260, .T. ) ;
#323 = VECTOR ( 'NONE', #4364, 1000.000000000000000 ) ;
#324 = AXIS2_PLACEMENT_3D ( 'NONE', #507, #2793, #1882 ) ;
#325 = SURFACE_STYLE_USAGE ( .BOTH. , #2404 ) ;
#326 = FILL_AREA_STYLE_COLOUR ( '', #2410 ) ;
#327 = MECHANICAL_DESIGN_GEOMETRIC_PRESENTATION_REPRESENTATION (  '', ( #2611 ), #1967 ) ;
#328 = DIRECTION ( 'NONE',  ( 1.000000000000000000, 0.000000000000000000, 0.000000000000000000 ) ) ;
#329 = STYLED_ITEM ( 'NONE', ( #2514 ), #1802 ) ;
#330 = UNCERTAINTY_MEASURE_WITH_UNIT (LENGTH_MEASURE( 1.000000000000000082E-05 ), #1747, 'distance_accuracy_value', 'NONE');
#331 = ORIENTED_EDGE ( 'NONE', *, *, #3392, .F. ) ;
#332 = FACE_OUTER_BOUND ( 'NONE', #739, .T. ) ;
#333 = CARTESIAN_POINT ( 'NONE',  ( -4.208357894366830720, 0.5209786367072010149, -2.350000000000000089 ) ) ;
#334 = DIRECTION ( 'NONE',  ( 0.000000000000000000, 0.000000000000000000, -1.000000000000000000 ) ) ;
#335 = ORIENTED_EDGE ( 'NONE', *, *, #2367, .F. ) ;
#336 = DIRECTION ( 'NONE',  ( 1.000000000000000000, 0.000000000000000000, 0.000000000000000000 ) ) ;
#337 = STYLED_ITEM ( 'NONE', ( #2166 ), #2317 ) ;
#338 = ORIENTED_EDGE ( 'NONE', *, *, #1564, .F. ) ;
#339 = PRESENTATION_LAYER_ASSIGNMENT (  '', '', ( #2553 ) ) ;
#340 = SURFACE_STYLE_USAGE ( .BOTH. , #1056 ) ;
#341 = COLOUR_RGB ( '',0.7529411764705882248, 0.7529411764705882248, 0.7529411764705882248 ) ;
#342 = CARTESIAN_POINT ( 'NONE',  ( -3.000000000000000444, 2.799999999999999822, -2.825000000000000178 ) ) ;
#343 = ADVANCED_FACE ( 'NONE', ( #2338 ), #4060, .T. ) ;
#344 = ORIENTED_EDGE ( 'NONE', *, *, #3959, .F. ) ;
#345 = LINE ( 'NONE', #2318, #535 ) ;
#346 = FILL_AREA_STYLE_COLOUR ( '', #4401 ) ;
#347 = VECTOR ( 'NONE', #4235, 1000.000000000000114 ) ;
#348 = VECTOR ( 'NONE', #364, 1000.000000000000000 ) ;
#349 = DIRECTION ( 'NONE',  ( -1.000000000000000000, 0.000000000000000000, 0.000000000000000000 ) ) ;
#350 = AXIS2_PLACEMENT_3D ( 'NONE', #1489, #3566, #481 ) ;
#351 = PRESENTATION_STYLE_ASSIGNMENT (( #3787 ) ) ;
#352 = SURFACE_SIDE_STYLE ('',( #651 ) ) ;
#353 = STYLED_ITEM ( 'NONE', ( #2076 ), #4064 ) ;
#354 = ORIENTED_EDGE ( 'NONE', *, *, #2149, .T. ) ;
#355 = CARTESIAN_POINT ( 'NONE',  ( 0.000000000000000000, 0.000000000000000000, -1.649999999999999911 ) ) ;
#356 = DIRECTION ( 'NONE',  ( -1.000000000000000000, 0.000000000000000000, 0.000000000000000000 ) ) ;
#357 = EDGE_CURVE ( 'NONE', #3444, #1029, #2740, .T. ) ;
#358 = CARTESIAN_POINT ( 'NONE',  ( -3.099999999999999645, 2.899999999999999911, 2.825000000000000178 ) ) ;
#359 = PLANE ( 'NONE',  #4275 ) ;
#360 = LINE ( 'NONE', #2776, #395 ) ;
#361 = VERTEX_POINT ( 'NONE', #682 ) ;
#362 = FACE_OUTER_BOUND ( 'NONE', #1804, .T. ) ;
#363 = FACE_OUTER_BOUND ( 'NONE', #2332, .T. ) ;
#364 = DIRECTION ( 'NONE',  ( 0.000000000000000000, 0.000000000000000000, -1.000000000000000000 ) ) ;
#365 = ORIENTED_EDGE ( 'NONE', *, *, #1109, .F. ) ;
#366 = DIRECTION ( 'NONE',  ( -1.398970545142592458E-16, 0.000000000000000000, -1.000000000000000000 ) ) ;
#367 = DIRECTION ( 'NONE',  ( -1.000000000000000000, 0.000000000000000000, 0.000000000000000000 ) ) ;
#368 = EDGE_LOOP ( 'NONE', ( #3450, #3386, #2097, #3605 ) ) ;
#369 = EDGE_CURVE ( 'NONE', #2644, #515, #1301, .T. ) ;
#370 = EDGE_CURVE ( 'NONE', #1830, #856, #3462, .T. ) ;
#371 =( NAMED_UNIT ( * ) PLANE_ANGLE_UNIT ( ) SI_UNIT ( $, .RADIAN. ) );
#372 = SURFACE_SIDE_STYLE ('',( #2074 ) ) ;
#373 = VERTEX_POINT ( 'NONE', #3391 ) ;
#374 = FILL_AREA_STYLE ('',( #3770 ) ) ;
#375 = ORIENTED_EDGE ( 'NONE', *, *, #4196, .F. ) ;
#376 =( LENGTH_UNIT ( ) NAMED_UNIT ( * ) SI_UNIT ( .MILLI., .METRE. ) );
#377 = DIRECTION ( 'NONE',  ( 1.000000000000000000, 0.000000000000000000, 0.000000000000000000 ) ) ;
#378 =( LENGTH_UNIT ( ) NAMED_UNIT ( * ) SI_UNIT ( .MILLI., .METRE. ) );
#379 = SURFACE_STYLE_USAGE ( .BOTH. , #401 ) ;
#380 = EDGE_CURVE ( 'NONE', #1269, #3107, #3657, .T. ) ;
#381 = ORIENTED_EDGE ( 'NONE', *, *, #3504, .F. ) ;
#382 = CARTESIAN_POINT ( 'NONE',  ( -1.999999999999999556, 2.899999999999999911, -2.883578643762690241 ) ) ;
#383 = SURFACE_STYLE_FILL_AREA ( #3762 ) ;
#384 = SURFACE_STYLE_FILL_AREA ( #3818 ) ;
#385 =( LENGTH_UNIT ( ) NAMED_UNIT ( * ) SI_UNIT ( .MILLI., .METRE. ) );
#386 = ORIENTED_EDGE ( 'NONE', *, *, #514, .T. ) ;
#387 = ORIENTED_EDGE ( 'NONE', *, *, #3710, .T. ) ;
#388 = DIRECTION ( 'NONE',  ( 0.000000000000000000, 1.000000000000000000, 0.000000000000000000 ) ) ;
#389 = CARTESIAN_POINT ( 'NONE',  ( -1.858578643762688554, 2.899999999999999911, 3.024999999999999911 ) ) ;
#390 = EDGE_CURVE ( 'NONE', #78, #1474, #345, .T. ) ;
#391 = SURFACE_SIDE_STYLE ('',( #4111 ) ) ;
#392 = STYLED_ITEM ( 'NONE', ( #3630 ), #484 ) ;
#393 = ORIENTED_EDGE ( 'NONE', *, *, #2323, .T. ) ;
#395 = VECTOR ( 'NONE', #762, 1000.000000000000000 ) ;
#394 = CARTESIAN_POINT ( 'NONE',  ( 2.141421356237305229, 0.000000000000000000, 3.025000000000000799 ) ) ;
#396 = FACE_OUTER_BOUND ( 'NONE', #3182, .T. ) ;
#397 = COLOUR_RGB ( '',0.7529411764705882248, 0.7529411764705882248, 0.7529411764705882248 ) ;
#398 = ORIENTED_EDGE ( 'NONE', *, *, #635, .T. ) ;
#399 = FACE_OUTER_BOUND ( 'NONE', #2448, .T. ) ;
#400 = EDGE_CURVE ( 'NONE', #1579, #877, #3544, .T. ) ;
#401 = SURFACE_SIDE_STYLE ('',( #2733 ) ) ;
#402 = VECTOR ( 'NONE', #4186, 1000.000000000000000 ) ;
#403 = COLOUR_RGB ( '',0.7529411764705882248, 0.7529411764705882248, 0.7529411764705882248 ) ;
#404 = ORIENTED_EDGE ( 'NONE', *, *, #1266, .F. ) ;
#405 = FACE_OUTER_BOUND ( 'NONE', #3629, .T. ) ;
#406 = CARTESIAN_POINT ( 'NONE',  ( 2.141421356237310114, 2.799999999999999822, -3.024999999999999023 ) ) ;
#407 = EDGE_CURVE ( 'NONE', #1356, #4108, #3035, .T. ) ;
#408 = VECTOR ( 'NONE', #2101, 1000.000000000000114 ) ;
#409 = ORIENTED_EDGE ( 'NONE', *, *, #4213, .T. ) ;
#410 = CARTESIAN_POINT ( 'NONE',  ( 3.639719767662021432, 0.9008088496346673413, 1.649999999999999911 ) ) ;
#411 = DIRECTION ( 'NONE',  ( -0.000000000000000000, 1.000000000000000000, -0.000000000000000000 ) ) ;
#412 = ADVANCED_FACE ( 'NONE', ( #2672 ), #3375, .T. ) ;
#413 = MECHANICAL_DESIGN_GEOMETRIC_PRESENTATION_REPRESENTATION (  '', ( #763 ), #2913 ) ;
#414 = AXIS2_PLACEMENT_3D ( 'NONE', #2506, #474, #3253 ) ;
#415 =( LENGTH_UNIT ( ) NAMED_UNIT ( * ) SI_UNIT ( .MILLI., .METRE. ) );
#416 = STYLED_ITEM ( 'NONE', ( #1033 ), #2747 ) ;
#417 = LINE ( 'NONE', #2462, #3750 ) ;
#418 = CARTESIAN_POINT ( 'NONE',  ( 1.858578643762688110, 2.799999999999999822, -3.025000000000001243 ) ) ;
#419 = SURFACE_STYLE_USAGE ( .BOTH. , #2538 ) ;
#420 = ORIENTED_EDGE ( 'NONE', *, *, #2114, .T. ) ;
#421 = AXIS2_PLACEMENT_3D ( 'NONE', #485, #2580, #3173 ) ;
#422 = MECHANICAL_DESIGN_GEOMETRIC_PRESENTATION_REPRESENTATION (  '', ( #50 ), #1791 ) ;
#423 = EDGE_CURVE ( 'NONE', #854, #3862, #3171, .T. ) ;
#424 = SURFACE_STYLE_FILL_AREA ( #2534 ) ;
#425 = COLOUR_RGB ( '',0.7529411764705882248, 0.7529411764705882248, 0.7529411764705882248 ) ;
#426 =( NAMED_UNIT ( * ) PLANE_ANGLE_UNIT ( ) SI_UNIT ( $, .RADIAN. ) );
#427 = ORIENTED_EDGE ( 'NONE', *, *, #2665, .T. ) ;
#428 = LINE ( 'NONE', #4430, #2540 ) ;
#429 = EDGE_CURVE ( 'NONE', #278, #717, #79, .T. ) ;
#430 = ADVANCED_FACE ( 'NONE', ( #436 ), #1040, .T. ) ;
#431 = ORIENTED_EDGE ( 'NONE', *, *, #2679, .F. ) ;
#432 = DIRECTION ( 'NONE',  ( 0.000000000000000000, 1.000000000000000000, 0.000000000000000000 ) ) ;
#433 = PLANE ( 'NONE',  #3765 ) ;
#434 = PLANE ( 'NONE',  #350 ) ;
#435 = VERTEX_POINT ( 'NONE', #3822 ) ;
#436 = FACE_OUTER_BOUND ( 'NONE', #300, .T. ) ;
#437 = CARTESIAN_POINT ( 'NONE',  ( -3.446534602404207615, 1.049045040614163149, -2.350000000000000089 ) ) ;
#438 = DIRECTION ( 'NONE',  ( 0.7071067811865483499, 0.000000000000000000, -0.7071067811865466846 ) ) ;
#439 = SURFACE_SIDE_STYLE ('',( #109 ) ) ;
#441 = ADVANCED_FACE ( 'NONE', ( #2805 ), #769, .F. ) ;
#440 = UNCERTAINTY_MEASURE_WITH_UNIT (LENGTH_MEASURE( 1.000000000000000082E-05 ), #1326, 'distance_accuracy_value', 'NONE');
#442 = CARTESIAN_POINT ( 'NONE',  ( -5.000000000000000000, 0.2509549593858368954, 1.649999999999999911 ) ) ;
#443 = UNCERTAINTY_MEASURE_WITH_UNIT (LENGTH_MEASURE( 1.000000000000000082E-05 ), #498, 'distance_accuracy_value', 'NONE');
#444 = VERTEX_POINT ( 'NONE', #176 ) ;
#445 = ORIENTED_EDGE ( 'NONE', *, *, #888, .T. ) ;
#446 = DIRECTION ( 'NONE',  ( 0.7071067811865474617, 0.000000000000000000, 0.7071067811865474617 ) ) ;
#447 = DIRECTION ( 'NONE',  ( 0.000000000000000000, 0.000000000000000000, -1.000000000000000000 ) ) ;
#448 = ORIENTED_EDGE ( 'NONE', *, *, #2468, .F. ) ;
#449 = CARTESIAN_POINT ( 'NONE',  ( -4.208357894366830720, 0.5209786367072010149, -2.350000000000000089 ) ) ;
#450 = CARTESIAN_POINT ( 'NONE',  ( -4.051418138391622570, 0.3339451187028870116, -2.350000000000000089 ) ) ;
#451 = EDGE_LOOP ( 'NONE', ( #3204, #1434, #2071, #3188 ) ) ;
#452 = DIRECTION ( 'NONE',  ( 0.000000000000000000, 1.000000000000000000, -0.000000000000000000 ) ) ;
#453 = DIRECTION ( 'NONE',  ( 0.08715574274765831853, 0.9961946980917455452, 0.000000000000000000 ) ) ;
#454 = DIRECTION ( 'NONE',  ( 0.2588190451025216277, 0.9659258262890680902, 0.000000000000000000 ) ) ;
#455 = ADVANCED_FACE ( 'NONE', ( #4234 ), #3684, .T. ) ;
#456 = EDGE_LOOP ( 'NONE', ( #2145, #2537, #90, #3976 ) ) ;
#457 = PRESENTATION_STYLE_ASSIGNMENT (( #2155 ) ) ;
#458 = CARTESIAN_POINT ( 'NONE',  ( 1.858578643762688554, 2.799999999999999822, -3.125000000000000888 ) ) ;
#459 =( GEOMETRIC_REPRESENTATION_CONTEXT ( 3 ) GLOBAL_UNCERTAINTY_ASSIGNED_CONTEXT ( ( #1669 ) ) GLOBAL_UNIT_ASSIGNED_CONTEXT ( ( #1588, #1997, #1904 ) ) REPRESENTATION_CONTEXT ( 'NONE', 'WORKASPACE' ) );
#460 =( NAMED_UNIT ( * ) PLANE_ANGLE_UNIT ( ) SI_UNIT ( $, .RADIAN. ) );
#461 = ORIENTED_EDGE ( 'NONE', *, *, #2651, .T. ) ;
#462 = EDGE_CURVE ( 'NONE', #1625, #494, #817, .T. ) ;
#463 = SURFACE_STYLE_USAGE ( .BOTH. , #2429 ) ;
#464 =( NAMED_UNIT ( * ) PLANE_ANGLE_UNIT ( ) SI_UNIT ( $, .RADIAN. ) );
#465 = FILL_AREA_STYLE ('',( #3528 ) ) ;
#466 = EDGE_LOOP ( 'NONE', ( #2164, #2320, #1774, #3314 ) ) ;
#467 = CARTESIAN_POINT ( 'NONE',  ( 4.208357894366830720, 0.5209786367072010149, 2.350000000000000089 ) ) ;
#468 = EDGE_CURVE ( 'NONE', #1356, #1859, #2912, .T. ) ;
#469 = ORIENTED_EDGE ( 'NONE', *, *, #3082, .T. ) ;
#470 = PRESENTATION_STYLE_ASSIGNMENT (( #3535 ) ) ;
#471 = EDGE_LOOP ( 'NONE', ( #1294, #2734, #2217, #2485 ) ) ;
#472 = PRESENTATION_LAYER_ASSIGNMENT (  '', '', ( #18 ) ) ;
#473 = ORIENTED_EDGE ( 'NONE', *, *, #2608, .T. ) ;
#474 = DIRECTION ( 'NONE',  ( -0.7071067811865466846, 0.000000000000000000, -0.7071067811865483499 ) ) ;
#475 = PRESENTATION_LAYER_ASSIGNMENT (  '', '', ( #1469 ) ) ;
#476 = UNCERTAINTY_MEASURE_WITH_UNIT (LENGTH_MEASURE( 1.000000000000000082E-05 ), #2122, 'distance_accuracy_value', 'NONE');
#477 = VECTOR ( 'NONE', #3679, 1000.000000000000000 ) ;
#478 =( NAMED_UNIT ( * ) PLANE_ANGLE_UNIT ( ) SI_UNIT ( $, .RADIAN. ) );
#479 = SURFACE_STYLE_FILL_AREA ( #2819 ) ;
#480 = CARTESIAN_POINT ( 'NONE',  ( -5.000000000000000000, 0.000000000000000000, -2.350000000000000089 ) ) ;
#481 = DIRECTION ( 'NONE',  ( -0.2588190451025213501, 0.9659258262890680902, 0.000000000000000000 ) ) ;
#482 = ORIENTED_EDGE ( 'NONE', *, *, #3852, .T. ) ;
#483 =( LENGTH_UNIT ( ) NAMED_UNIT ( * ) SI_UNIT ( .MILLI., .METRE. ) );
#484 = ADVANCED_FACE ( 'NONE', ( #3258 ), #839, .F. ) ;
#485 = CARTESIAN_POINT ( 'NONE',  ( -1.858578643762688110, 0.000000000000000000, 3.025000000000000355 ) ) ;
#486 =( NAMED_UNIT ( * ) SI_UNIT ( $, .STERADIAN. ) SOLID_ANGLE_UNIT ( ) );
#487 = ORIENTED_EDGE ( 'NONE', *, *, #4250, .T. ) ;
#488 = AXIS2_PLACEMENT_3D ( 'NONE', #2521, #3209, #122 ) ;
#489 = PLANE ( 'NONE',  #1037 ) ;
#490 = VECTOR ( 'NONE', #1259, 1000.000000000000000 ) ;
#491 =( NAMED_UNIT ( * ) SI_UNIT ( $, .STERADIAN. ) SOLID_ANGLE_UNIT ( ) );
#492 = ORIENTED_EDGE ( 'NONE', *, *, #1233, .T. ) ;
#493 = CARTESIAN_POINT ( 'NONE',  ( 3.000000000000000444, 2.799999999999999822, 2.925000000000001599 ) ) ;
#494 = VERTEX_POINT ( 'NONE', #155 ) ;
#495 = MECHANICAL_DESIGN_GEOMETRIC_PRESENTATION_REPRESENTATION (  '', ( #4342 ), #3219 ) ;
#496 = ORIENTED_EDGE ( 'NONE', *, *, #1468, .T. ) ;
#497 = EDGE_LOOP ( 'NONE', ( #4365, #3192, #2606, #286 ) ) ;
#498 =( LENGTH_UNIT ( ) NAMED_UNIT ( * ) SI_UNIT ( .MILLI., .METRE. ) );
#499 = CIRCLE ( 'NONE', #2213, 0.1000000000000001443 ) ;
#500 = CARTESIAN_POINT ( 'NONE',  ( -1.999999999999999556, 2.799999999999999822, -2.883578643762690241 ) ) ;
#501 = FACE_OUTER_BOUND ( 'NONE', #3735, .T. ) ;
#502 = EDGE_LOOP ( 'NONE', ( #596, #3129, #3163, #4097 ) ) ;
#503 = MECHANICAL_DESIGN_GEOMETRIC_PRESENTATION_REPRESENTATION (  '', ( #1919 ), #4212 ) ;
#504 = DIRECTION ( 'NONE',  ( 0.000000000000000000, -0.000000000000000000, -1.000000000000000000 ) ) ;
#505 = SURFACE_STYLE_FILL_AREA ( #3892 ) ;
#506 = DIRECTION ( 'NONE',  ( 0.000000000000000000, -0.000000000000000000, 1.000000000000000000 ) ) ;
#507 = CARTESIAN_POINT ( 'NONE',  ( 2.999999999999999556, 2.799999999999999822, -2.824999999999998401 ) ) ;
#508 =( NAMED_UNIT ( * ) PLANE_ANGLE_UNIT ( ) SI_UNIT ( $, .RADIAN. ) );
#509 = CARTESIAN_POINT ( 'NONE',  ( -2.070710678118654613, 2.799999999999999822, -2.954289321881344854 ) ) ;
#510 = VERTEX_POINT ( 'NONE', #1534 ) ;
#511 = CARTESIAN_POINT ( 'NONE',  ( -1.999999999999998668, 2.899999999999999911, 2.883578643762690241 ) ) ;
#512 = VERTEX_POINT ( 'NONE', #2886 ) ;
#513 = EDGE_CURVE ( 'NONE', #1968, #3501, #3918, .T. ) ;
#514 = EDGE_CURVE ( 'NONE', #2183, #529, #1267, .T. ) ;
#515 = VERTEX_POINT ( 'NONE', #634 ) ;
#516 = PLANE ( 'NONE',  #716 ) ;
#517 = DIRECTION ( 'NONE',  ( 0.000000000000000000, -1.000000000000000000, 0.000000000000000000 ) ) ;
#518 = DIRECTION ( 'NONE',  ( 1.000000000000000000, 0.000000000000000000, 0.000000000000000000 ) ) ;
#520 = CARTESIAN_POINT ( 'NONE',  ( 3.099999999999999645, 2.799999999999999822, -2.924999999999998490 ) ) ;
#519 = UNCERTAINTY_MEASURE_WITH_UNIT (LENGTH_MEASURE( 1.000000000000000082E-05 ), #376, 'distance_accuracy_value', 'NONE');
#521 = ORIENTED_EDGE ( 'NONE', *, *, #1623, .F. ) ;
#522 =( NAMED_UNIT ( * ) PLANE_ANGLE_UNIT ( ) SI_UNIT ( $, .RADIAN. ) );
#523 =( GEOMETRIC_REPRESENTATION_CONTEXT ( 3 ) GLOBAL_UNCERTAINTY_ASSIGNED_CONTEXT ( ( #801 ) ) GLOBAL_UNIT_ASSIGNED_CONTEXT ( ( #699, #2781, #3150 ) ) REPRESENTATION_CONTEXT ( 'NONE', 'WORKASPACE' ) );
#524 = CARTESIAN_POINT ( 'NONE',  ( -5.000000000000000000, 0.000000000000000000, 2.350000000000000089 ) ) ;
#525 = CARTESIAN_POINT ( 'NONE',  ( 4.015172729109017347, 0.4692148276866964229, 1.649999999999999911 ) ) ;
#526 = CARTESIAN_POINT ( 'NONE',  ( 3.792564513103915846, 1.300000000000000044, 1.649999999999999911 ) ) ;
#527 = EDGE_LOOP ( 'NONE', ( #1887, #2878, #1800, #1286 ) ) ;
#528 = DIRECTION ( 'NONE',  ( -1.000000000000000000, 0.000000000000000000, -8.673617379884035472E-16 ) ) ;
#529 = VERTEX_POINT ( 'NONE', #2717 ) ;
#530 = EDGE_CURVE ( 'NONE', #1377, #2191, #1690, .T. ) ;
#531 = CARTESIAN_POINT ( 'NONE',  ( 0.000000000000000000, 0.000000000000000000, -1.649999999999999911 ) ) ;
#532 = VERTEX_POINT ( 'NONE', #2356 ) ;
#533 = CARTESIAN_POINT ( 'NONE',  ( -2.999999999999999556, 2.899999999999999911, 2.925000000000000266 ) ) ;
#534 = VECTOR ( 'NONE', #1962, 1000.000000000000000 ) ;
#535 = VECTOR ( 'NONE', #1722, 1000.000000000000000 ) ;
#536 = SURFACE_STYLE_FILL_AREA ( #3602 ) ;
#537 = LINE ( 'NONE', #1585, #3208 ) ;
#538 = STYLED_ITEM ( 'NONE', ( #4423 ), #4166 ) ;
#539 = PRESENTATION_STYLE_ASSIGNMENT (( #199 ) ) ;
#540 = ORIENTED_EDGE ( 'NONE', *, *, #3322, .T. ) ;
#541 = AXIS2_PLACEMENT_3D ( 'NONE', #277, #1652, #3003 ) ;
#542 = AXIS2_PLACEMENT_3D ( 'NONE', #3402, #2731, #3732 ) ;
#543 = CARTESIAN_POINT ( 'NONE',  ( 0.000000000000000000, 10.30121933088197572, -1.449999999999999956 ) ) ;
#544 = SURFACE_SIDE_STYLE ('',( #3609 ) ) ;
#545 = VECTOR ( 'NONE', #1949, 1000.000000000000000 ) ;
#546 = VECTOR ( 'NONE', #3923, 1000.000000000000000 ) ;
#547 = DIRECTION ( 'NONE',  ( -0.9961946980917455452, 0.08715574274765837404, 0.000000000000000000 ) ) ;
#548 = PRESENTATION_LAYER_ASSIGNMENT (  '', '', ( #1571 ) ) ;
#549 = STYLED_ITEM ( 'NONE', ( #3655 ), #1874 ) ;
#550 = ADVANCED_FACE ( 'NONE', ( #3985 ), #2106, .T. ) ;
#551 = FACE_OUTER_BOUND ( 'NONE', #2154, .T. ) ;
#552 = DIRECTION ( 'NONE',  ( 0.000000000000000000, 0.000000000000000000, 1.000000000000000000 ) ) ;
#553 = DIRECTION ( 'NONE',  ( 0.000000000000000000, 0.000000000000000000, 1.000000000000000000 ) ) ;
#554 = VERTEX_POINT ( 'NONE', #3717 ) ;
#555 = DIRECTION ( 'NONE',  ( 0.000000000000000000, 0.000000000000000000, 1.000000000000000000 ) ) ;
#556 = ORIENTED_EDGE ( 'NONE', *, *, #1623, .T. ) ;
#557 = SURFACE_SIDE_STYLE ('',( #3975 ) ) ;
#558 = DIRECTION ( 'NONE',  ( -1.000000000000000000, -0.000000000000000000, -0.000000000000000000 ) ) ;
#559 = PRESENTATION_LAYER_ASSIGNMENT (  '', '', ( #3057 ) ) ;
#560 = CIRCLE ( 'NONE', #3352, 0.2000000000000000944 ) ;
#561 = MECHANICAL_DESIGN_GEOMETRIC_PRESENTATION_REPRESENTATION (  '', ( #2278 ), #1492 ) ;
#562 = CARTESIAN_POINT ( 'NONE',  ( 4.190926745817298738, 0.3217396970888517505, 1.649999999999999911 ) ) ;
#563 = CARTESIAN_POINT ( 'NONE',  ( 4.371782953570582141E-16, 2.899999999999999911, 3.124999999999999556 ) ) ;
#564 = STYLED_ITEM ( 'NONE', ( #1864 ), #3574 ) ;
#565 = MECHANICAL_DESIGN_GEOMETRIC_PRESENTATION_REPRESENTATION (  '', ( #638 ), #2283 ) ;
#566 = LINE ( 'NONE', #3695, #3772 ) ;
#567 = ORIENTED_EDGE ( 'NONE', *, *, #727, .T. ) ;
#568 = CARTESIAN_POINT ( 'NONE',  ( 3.099999999999999645, 1.300000000000000044, 2.350000000000000089 ) ) ;
#569 = PRESENTATION_LAYER_ASSIGNMENT (  '', '', ( #3364 ) ) ;
#570 = VECTOR ( 'NONE', #1246, 1000.000000000000000 ) ;
#571 =( LENGTH_UNIT ( ) NAMED_UNIT ( * ) SI_UNIT ( .MILLI., .METRE. ) );
#572 = PRESENTATION_STYLE_ASSIGNMENT (( #205 ) ) ;
#573 = CYLINDRICAL_SURFACE ( 'NONE', #2963, 0.2000000000000000944 ) ;
#574 =( NAMED_UNIT ( * ) SI_UNIT ( $, .STERADIAN. ) SOLID_ANGLE_UNIT ( ) );
#575 = ORIENTED_EDGE ( 'NONE', *, *, #3395, .T. ) ;
#576 = PRESENTATION_STYLE_ASSIGNMENT (( #593 ) ) ;
#577 = CARTESIAN_POINT ( 'NONE',  ( -5.000000000000000000, 0.000000000000000000, 1.649999999999999911 ) ) ;
#578 = PLANE ( 'NONE',  #2104 ) ;
#579 = CARTESIAN_POINT ( 'NONE',  ( 3.100000000000000533, 1.300000000000000044, 2.350000000000000089 ) ) ;
#580 = DIRECTION ( 'NONE',  ( 0.000000000000000000, 1.000000000000000000, -0.000000000000000000 ) ) ;
#581 = ORIENTED_EDGE ( 'NONE', *, *, #3082, .F. ) ;
#582 = ORIENTED_EDGE ( 'NONE', *, *, #2177, .T. ) ;
#583 = CARTESIAN_POINT ( 'NONE',  ( 3.099999999999999645, 1.049045040614163149, -2.350000000000000089 ) ) ;
#584 = EDGE_CURVE ( 'NONE', #435, #2949, #177, .T. ) ;
#585 = DIRECTION ( 'NONE',  ( 0.000000000000000000, 0.000000000000000000, 1.000000000000000000 ) ) ;
#586 =( NAMED_UNIT ( * ) PLANE_ANGLE_UNIT ( ) SI_UNIT ( $, .RADIAN. ) );
#587 = FACE_OUTER_BOUND ( 'NONE', #3178, .T. ) ;
#588 = DIRECTION ( 'NONE',  ( 1.000000000000000000, 0.000000000000000000, 0.000000000000000000 ) ) ;
#589 = EDGE_CURVE ( 'NONE', #2081, #243, #4408, .T. ) ;
#590 = FILL_AREA_STYLE ('',( #1302 ) ) ;
#591 = DIRECTION ( 'NONE',  ( -0.000000000000000000, -1.000000000000000000, 0.000000000000000000 ) ) ;
#592 = ORIENTED_EDGE ( 'NONE', *, *, #3927, .F. ) ;
#593 = SURFACE_STYLE_USAGE ( .BOTH. , #2633 ) ;
#594 = EDGE_CURVE ( 'NONE', #2593, #4044, #1338, .T. ) ;
#595 = SURFACE_STYLE_FILL_AREA ( #916 ) ;
#596 = ORIENTED_EDGE ( 'NONE', *, *, #1023, .T. ) ;
#597 = DIRECTION ( 'NONE',  ( -0.000000000000000000, -1.000000000000000000, -0.000000000000000000 ) ) ;
#598 = CARTESIAN_POINT ( 'NONE',  ( -2.999999999999999556, 0.000000000000000000, 2.825000000000000178 ) ) ;
#599 = SURFACE_SIDE_STYLE ('',( #3667 ) ) ;
#600 =( LENGTH_UNIT ( ) NAMED_UNIT ( * ) SI_UNIT ( .MILLI., .METRE. ) );
#601 = CIRCLE ( 'NONE', #963, 0.09999999999999997780 ) ;
#602 = CARTESIAN_POINT ( 'NONE',  ( 3.993739671421206339, 0.08803637130651603693, 2.350000000000000089 ) ) ;
#603 = VERTEX_POINT ( 'NONE', #1672 ) ;
#604 = DIRECTION ( 'NONE',  ( 0.000000000000000000, 0.000000000000000000, 1.000000000000000000 ) ) ;
#605 =( GEOMETRIC_REPRESENTATION_CONTEXT ( 3 ) GLOBAL_UNCERTAINTY_ASSIGNED_CONTEXT ( ( #1310 ) ) GLOBAL_UNIT_ASSIGNED_CONTEXT ( ( #4160, #62, #3785 ) ) REPRESENTATION_CONTEXT ( 'NONE', 'WORKASPACE' ) );
#606 = STYLED_ITEM ( 'NONE', ( #3338 ), #1216 ) ;
#607 = LINE ( 'NONE', #3633, #3321 ) ;
#608 = SURFACE_SIDE_STYLE ('',( #2298 ) ) ;
#609 = AXIS2_PLACEMENT_3D ( 'NONE', #4249, #2179, #1227 ) ;
#610 = CARTESIAN_POINT ( 'NONE',  ( 5.000000000000000000, 0.000000000000000000, -2.350000000000000089 ) ) ;
#611 = VECTOR ( 'NONE', #1400, 1000.000000000000000 ) ;
#612 = EDGE_CURVE ( 'NONE', #2455, #636, #2459, .T. ) ;
#613 = COLOUR_RGB ( '',0.7529411764705882248, 0.7529411764705882248, 0.7529411764705882248 ) ;
#614 = AXIS2_PLACEMENT_3D ( 'NONE', #615, #663, #2626 ) ;
#615 = CARTESIAN_POINT ( 'NONE',  ( 3.854231063995529727, 0.1002417929205512842, -2.350000000000000089 ) ) ;
#616 = LINE ( 'NONE', #1782, #3843 ) ;
#617 = ORIENTED_EDGE ( 'NONE', *, *, #2255, .T. ) ;
#618 = CARTESIAN_POINT ( 'NONE',  ( -3.832284280765937634, 1.151763809020504237, -2.350000000000000089 ) ) ;
#619 = EDGE_CURVE ( 'NONE', #760, #2293, #3736, .T. ) ;
#620 =( NAMED_UNIT ( * ) SI_UNIT ( $, .STERADIAN. ) SOLID_ANGLE_UNIT ( ) );
#621 = DIRECTION ( 'NONE',  ( 0.000000000000000000, 0.000000000000000000, 1.000000000000000000 ) ) ;
#622 = PRESENTATION_LAYER_ASSIGNMENT (  '', '', ( #1704 ) ) ;
#623 = ORIENTED_EDGE ( 'NONE', *, *, #530, .T. ) ;
#624 = DIRECTION ( 'NONE',  ( -0.000000000000000000, -1.000000000000000000, 0.000000000000000000 ) ) ;
#625 = CIRCLE ( 'NONE', #1842, 0.1999999999999996503 ) ;
#626 = SURFACE_STYLE_FILL_AREA ( #4378 ) ;
#627 =( NAMED_UNIT ( * ) SI_UNIT ( $, .STERADIAN. ) SOLID_ANGLE_UNIT ( ) );
#628 = AXIS2_PLACEMENT_3D ( 'NONE', #1397, #388, #3874 ) ;
#629 = UNCERTAINTY_MEASURE_WITH_UNIT (LENGTH_MEASURE( 1.000000000000000082E-05 ), #1179, 'distance_accuracy_value', 'NONE');
#630 = CARTESIAN_POINT ( 'NONE',  ( 3.832284280765937634, 1.151763809020504237, -1.649999999999999911 ) ) ;
#631 = COLOUR_RGB ( '',0.7529411764705882248, 0.7529411764705882248, 0.7529411764705882248 ) ;
#632 = AXIS2_PLACEMENT_3D ( 'NONE', #728, #646, #2092 ) ;
#633 = ORIENTED_EDGE ( 'NONE', *, *, #169, .T. ) ;
#634 = CARTESIAN_POINT ( 'NONE',  ( 3.099999999999999645, 1.300000000000000044, -2.350000000000000089 ) ) ;
#635 = EDGE_CURVE ( 'NONE', #2302, #1431, #3023, .T. ) ;
#636 = VERTEX_POINT ( 'NONE', #2975 ) ;
#637 = STYLED_ITEM ( 'NONE', ( #3553 ), #3277 ) ;
#638 = STYLED_ITEM ( 'NONE', ( #4123 ), #2709 ) ;
#639 = CARTESIAN_POINT ( 'NONE',  ( -4.190926745817298738, 0.3217396970888517505, 1.649999999999999911 ) ) ;
#640 = DIRECTION ( 'NONE',  ( 0.000000000000000000, 0.000000000000000000, 1.000000000000000000 ) ) ;
#641 = AXIS2_PLACEMENT_3D ( 'NONE', #4121, #1055, #1718 ) ;
#642 = STYLED_ITEM ( 'NONE', ( #1156 ), #3835 ) ;
#643 = VERTEX_POINT ( 'NONE', #2667 ) ;
#644 = CARTESIAN_POINT ( 'NONE',  ( 3.000000000000000444, 2.799999999999999822, 2.825000000000001954 ) ) ;
#645 = MECHANICAL_DESIGN_GEOMETRIC_PRESENTATION_REPRESENTATION (  '', ( #353 ), #1150 ) ;
#646 = DIRECTION ( 'NONE',  ( 0.000000000000000000, 0.000000000000000000, 1.000000000000000000 ) ) ;
#647 = ORIENTED_EDGE ( 'NONE', *, *, #1234, .F. ) ;
#648 = EDGE_CURVE ( 'NONE', #2168, #2297, #4341, .T. ) ;
#649 = ORIENTED_EDGE ( 'NONE', *, *, #1875, .F. ) ;
#650 = EDGE_CURVE ( 'NONE', #877, #669, #2333, .T. ) ;
#651 = SURFACE_STYLE_FILL_AREA ( #668 ) ;
#652 = DIRECTION ( 'NONE',  ( -0.7071067811865474617, 0.000000000000000000, -0.7071067811865474617 ) ) ;
#653 =( NAMED_UNIT ( * ) SI_UNIT ( $, .STERADIAN. ) SOLID_ANGLE_UNIT ( ) );
#654 = FILL_AREA_STYLE ('',( #3369 ) ) ;
#655 = EDGE_LOOP ( 'NONE', ( #4309, #754, #365 ) ) ;
#656 = CARTESIAN_POINT ( 'NONE',  ( 3.599999999999999645, 1.049045040614163149, 1.649999999999999911 ) ) ;
#657 = ORIENTED_EDGE ( 'NONE', *, *, #468, .F. ) ;
#658 = FILL_AREA_STYLE_COLOUR ( '', #1106 ) ;
#659 = FILL_AREA_STYLE_COLOUR ( '', #4403 ) ;
#660 = ADVANCED_FACE ( 'NONE', ( #313 ), #4310, .T. ) ;
#661 = DIRECTION ( 'NONE',  ( -0.000000000000000000, -0.000000000000000000, 1.000000000000000000 ) ) ;
#662 = CARTESIAN_POINT ( 'NONE',  ( 0.000000000000000000, 2.899999999999999911, -2.825000000000000178 ) ) ;
#663 = DIRECTION ( 'NONE',  ( -0.9659258262890680902, -0.2588190451025213501, 0.000000000000000000 ) ) ;
#664 = ORIENTED_EDGE ( 'NONE', *, *, #4, .T. ) ;
#665 =( NAMED_UNIT ( * ) PLANE_ANGLE_UNIT ( ) SI_UNIT ( $, .RADIAN. ) );
#666 = FACE_OUTER_BOUND ( 'NONE', #1550, .T. ) ;
#667 =( NAMED_UNIT ( * ) SI_UNIT ( $, .STERADIAN. ) SOLID_ANGLE_UNIT ( ) );
#668 = FILL_AREA_STYLE ('',( #48 ) ) ;
#669 = VERTEX_POINT ( 'NONE', #696 ) ;
#670 = EDGE_CURVE ( 'NONE', #2754, #2219, #2057, .T. ) ;
#671 = MECHANICAL_DESIGN_GEOMETRIC_PRESENTATION_REPRESENTATION (  '', ( #2674 ), #459 ) ;
#672 = DIRECTION ( 'NONE',  ( 0.000000000000000000, -1.000000000000000000, 0.000000000000000000 ) ) ;
#673 = CARTESIAN_POINT ( 'NONE',  ( -1.858578643762688110, 2.799999999999999822, 3.125000000000000000 ) ) ;
#674 = SPHERICAL_SURFACE ( 'NONE', #2202, 0.1000000000000000056 ) ;
#675 = FILL_AREA_STYLE_COLOUR ( '', #2353 ) ;
#676 = ORIENTED_EDGE ( 'NONE', *, *, #2190, .F. ) ;
#677 = CARTESIAN_POINT ( 'NONE',  ( -3.099999999999999645, 1.049045040614163149, 2.350000000000000089 ) ) ;
#678 = ORIENTED_EDGE ( 'NONE', *, *, #4245, .T. ) ;
#679 = SURFACE_STYLE_USAGE ( .BOTH. , #736 ) ;
#680 = DIRECTION ( 'NONE',  ( 0.000000000000000000, 0.000000000000000000, 1.000000000000000000 ) ) ;
#681 = LINE ( 'NONE', #4012, #545 ) ;
#682 = CARTESIAN_POINT ( 'NONE',  ( -2.999999999999999556, 2.899999999999999911, 2.825000000000000178 ) ) ;
#683 = SURFACE_STYLE_FILL_AREA ( #3417 ) ;
#684 = STYLED_ITEM ( 'NONE', ( #1253 ), #4096 ) ;
#685 = MECHANICAL_DESIGN_GEOMETRIC_PRESENTATION_REPRESENTATION (  '', ( #392 ), #3753 ) ;
#686 = EDGE_CURVE ( 'NONE', #2244, #1996, #1388, .T. ) ;
#687 = AXIS2_PLACEMENT_3D ( 'NONE', #1540, #4258, #3928 ) ;
#688 = SURFACE_STYLE_FILL_AREA ( #307 ) ;
#689 = AXIS2_PLACEMENT_3D ( 'NONE', #2105, #1378, #63 ) ;
#690 = UNCERTAINTY_MEASURE_WITH_UNIT (LENGTH_MEASURE( 1.000000000000000082E-05 ), #1068, 'distance_accuracy_value', 'NONE');
#691 = MECHANICAL_DESIGN_GEOMETRIC_PRESENTATION_REPRESENTATION (  '', ( #2976 ), #1345 ) ;
#692 = DIRECTION ( 'NONE',  ( 0.000000000000000000, 0.000000000000000000, 1.000000000000000000 ) ) ;
#693 = DIRECTION ( 'NONE',  ( 1.000000000000000000, 0.000000000000000000, 0.000000000000000000 ) ) ;
#694 = FILL_AREA_STYLE ('',( #2053 ) ) ;
#695 =( NAMED_UNIT ( * ) PLANE_ANGLE_UNIT ( ) SI_UNIT ( $, .RADIAN. ) );
#696 = CARTESIAN_POINT ( 'NONE',  ( -3.639099115508123816, 1.300000000000000044, 2.350000000000000089 ) ) ;
#697 = ORIENTED_EDGE ( 'NONE', *, *, #2882, .F. ) ;
#698 = CARTESIAN_POINT ( 'NONE',  ( -2.441789321881342456, 2.799999999999999822, -2.441789321881348229 ) ) ;
#699 =( LENGTH_UNIT ( ) NAMED_UNIT ( * ) SI_UNIT ( .MILLI., .METRE. ) );
#700 = VECTOR ( 'NONE', #4287, 1000.000000000000000 ) ;
#701 = PRESENTATION_LAYER_ASSIGNMENT (  '', '', ( #3705 ) ) ;
#702 = DIRECTION ( 'NONE',  ( -1.000000000000000000, 0.000000000000000000, 1.387778780781449373E-16 ) ) ;
#703 = EDGE_CURVE ( 'NONE', #4330, #3543, #1715, .T. ) ;
#704 = ORIENTED_EDGE ( 'NONE', *, *, #3585, .T. ) ;
#705 = EDGE_CURVE ( 'NONE', #4407, #214, #428, .T. ) ;
#706 = CARTESIAN_POINT ( 'NONE',  ( 2.141421356237305229, 2.799999999999999822, 3.025000000000000799 ) ) ;
#707 = ORIENTED_EDGE ( 'NONE', *, *, #3867, .T. ) ;
#708 = CIRCLE ( 'NONE', #3419, 0.09999999999999982514 ) ;
#709 = CARTESIAN_POINT ( 'NONE',  ( 2.100000000000000089, 2.899999999999999911, -2.824999999999999289 ) ) ;
#710 = CIRCLE ( 'NONE', #1357, 0.09999999999999982514 ) ;
#711 = AXIS2_PLACEMENT_3D ( 'NONE', #2484, #795, #3542 ) ;
#712 = AXIS2_PLACEMENT_3D ( 'NONE', #598, #2613, #1666 ) ;
#713 = AXIS2_PLACEMENT_3D ( 'NONE', #30, #334, #3091 ) ;
#714 =( NAMED_UNIT ( * ) SI_UNIT ( $, .STERADIAN. ) SOLID_ANGLE_UNIT ( ) );
#715 = FILL_AREA_STYLE ('',( #4424 ) ) ;
#716 = AXIS2_PLACEMENT_3D ( 'NONE', #2146, #1525, #3839 ) ;
#717 = VERTEX_POINT ( 'NONE', #3813 ) ;
#718 = CARTESIAN_POINT ( 'NONE',  ( -3.099999999999999645, 1.049045040614163149, 1.649999999999999911 ) ) ;
#719 = CARTESIAN_POINT ( 'NONE',  ( -3.000000000000000444, 2.899999999999999911, -2.925000000000000266 ) ) ;
#720 = SURFACE_STYLE_USAGE ( .BOTH. , #4406 ) ;
#721 = FILL_AREA_STYLE ('',( #1373 ) ) ;
#722 = ORIENTED_EDGE ( 'NONE', *, *, #2269, .T. ) ;
#723 = CARTESIAN_POINT ( 'NONE',  ( 3.599999999999999645, 1.049045040614163149, -1.649999999999999911 ) ) ;
#724 = CARTESIAN_POINT ( 'NONE',  ( -2.099999999999998757, 2.799999999999999822, 2.925000000000000266 ) ) ;
#725 = EDGE_LOOP ( 'NONE', ( #3932, #567, #1312, #1913 ) ) ;
#726 = SURFACE_STYLE_USAGE ( .BOTH. , #2428 ) ;
#727 = EDGE_CURVE ( 'NONE', #1946, #4330, #3430, .T. ) ;
#728 = CARTESIAN_POINT ( 'NONE',  ( -3.446534602404207615, 0.8490450406141630824, 2.350000000000000089 ) ) ;
#729 = ORIENTED_EDGE ( 'NONE', *, *, #3216, .T. ) ;
#730 = EDGE_CURVE ( 'NONE', #1453, #1354, #3449, .T. ) ;
#731 = CARTESIAN_POINT ( 'NONE',  ( 5.000000000000000000, 0.2509549593858368954, 2.350000000000000089 ) ) ;
#732 = DIRECTION ( 'NONE',  ( 1.000000000000000000, -0.000000000000000000, -0.000000000000000000 ) ) ;
#733 = SURFACE_SIDE_STYLE ('',( #2010 ) ) ;
#734 = CARTESIAN_POINT ( 'NONE',  ( 1.899999999999998135, 2.799999999999999822, -3.125000000000000888 ) ) ;
#735 = ORIENTED_EDGE ( 'NONE', *, *, #3196, .F. ) ;
#736 = SURFACE_SIDE_STYLE ('',( #3940 ) ) ;
#737 = DIRECTION ( 'NONE',  ( 0.7071067811865483499, 0.000000000000000000, -0.7071067811865466846 ) ) ;
#738 = DIRECTION ( 'NONE',  ( -1.387778780781445676E-16, 0.000000000000000000, -1.000000000000000000 ) ) ;
#739 = EDGE_LOOP ( 'NONE', ( #3872, #1279, #2188, #2312 ) ) ;
#740 = DIRECTION ( 'NONE',  ( -0.000000000000000000, -0.000000000000000000, 1.000000000000000000 ) ) ;
#741 = ORIENTED_EDGE ( 'NONE', *, *, #2089, .T. ) ;
#742 = LINE ( 'NONE', #774, #402 ) ;
#743 = EDGE_CURVE ( 'NONE', #3879, #2973, #360, .T. ) ;
#744 = VECTOR ( 'NONE', #3799, 1000.000000000000000 ) ;
#745 = PRESENTATION_LAYER_ASSIGNMENT (  '', '', ( #606 ) ) ;
#746 = CARTESIAN_POINT ( 'NONE',  ( 4.208357894366830720, 0.5209786367072010149, 1.649999999999999911 ) ) ;
#747 =( NAMED_UNIT ( * ) PLANE_ANGLE_UNIT ( ) SI_UNIT ( $, .RADIAN. ) );
#748 = CARTESIAN_POINT ( 'NONE',  ( 1.858578643762686999, 0.000000000000000000, 3.024999999999999911 ) ) ;
#749 = ORIENTED_EDGE ( 'NONE', *, *, #4359, .T. ) ;
#751 = EDGE_CURVE ( 'NONE', #1236, #3316, #2689, .T. ) ;
#750 = VECTOR ( 'NONE', #1605, 1000.000000000000000 ) ;
#752 = ADVANCED_FACE ( 'NONE', ( #3844 ), #1123, .F. ) ;
#753 = AXIS2_PLACEMENT_3D ( 'NONE', #3103, #4042, #1727 ) ;
#754 = ORIENTED_EDGE ( 'NONE', *, *, #2468, .T. ) ;
#756 = VECTOR ( 'NONE', #4032, 1000.000000000000000 ) ;
#755 = FILL_AREA_STYLE ('',( #2500 ) ) ;
#757 = CARTESIAN_POINT ( 'NONE',  ( 5.000000000000000000, 0.000000000000000000, -1.649999999999999911 ) ) ;
#758 = LINE ( 'NONE', #4200, #1977 ) ;
#759 =( GEOMETRIC_REPRESENTATION_CONTEXT ( 3 ) GLOBAL_UNCERTAINTY_ASSIGNED_CONTEXT ( ( #2855 ) ) GLOBAL_UNIT_ASSIGNED_CONTEXT ( ( #2234, #1521, #1798 ) ) REPRESENTATION_CONTEXT ( 'NONE', 'WORKASPACE' ) );
#760 = VERTEX_POINT ( 'NONE', #810 ) ;
#761 = SURFACE_STYLE_FILL_AREA ( #1775 ) ;
#762 = DIRECTION ( 'NONE',  ( -0.000000000000000000, -0.000000000000000000, 1.000000000000000000 ) ) ;
#763 = STYLED_ITEM ( 'NONE', ( #4316 ), #322 ) ;
#764 = ORIENTED_EDGE ( 'NONE', *, *, #751, .T. ) ;
#765 = DIRECTION ( 'NONE',  ( 1.398970545142586541E-16, -0.000000000000000000, 1.000000000000000000 ) ) ;
#766 = SURFACE_STYLE_USAGE ( .BOTH. , #3076 ) ;
#767 = CIRCLE ( 'NONE', #1275, 0.09999999999999982514 ) ;
#768 = ORIENTED_EDGE ( 'NONE', *, *, #2808, .T. ) ;
#769 = PLANE ( 'NONE',  #609 ) ;
#770 = VECTOR ( 'NONE', #3725, 1000.000000000000000 ) ;
#771 = VECTOR ( 'NONE', #2223, 1000.000000000000000 ) ;
#772 = STYLED_ITEM ( 'NONE', ( #64 ), #276 ) ;
#773 = VECTOR ( 'NONE', #2988, 1000.000000000000000 ) ;
#774 = CARTESIAN_POINT ( 'NONE',  ( 1.929289321881342945, 2.899999999999999911, -3.095710678118655856 ) ) ;
#775 = VECTOR ( 'NONE', #1323, 1000.000000000000000 ) ;
#776 = MECHANICAL_DESIGN_GEOMETRIC_PRESENTATION_REPRESENTATION (  '', ( #2627 ), #1063 ) ;
#777 =( LENGTH_UNIT ( ) NAMED_UNIT ( * ) SI_UNIT ( .MILLI., .METRE. ) );
#778 = SURFACE_STYLE_USAGE ( .BOTH. , #372 ) ;
#779 = ORIENTED_EDGE ( 'NONE', *, *, #1951, .T. ) ;
#780 = ORIENTED_EDGE ( 'NONE', *, *, #2860, .T. ) ;
#781 = VECTOR ( 'NONE', #518, 1000.000000000000000 ) ;
#782 =( GEOMETRIC_REPRESENTATION_CONTEXT ( 3 ) GLOBAL_UNCERTAINTY_ASSIGNED_CONTEXT ( ( #1046 ) ) GLOBAL_UNIT_ASSIGNED_CONTEXT ( ( #385, #174, #3851 ) ) REPRESENTATION_CONTEXT ( 'NONE', 'WORKASPACE' ) );
#784 = EDGE_CURVE ( 'NONE', #717, #3879, #3515, .T. ) ;
#783 = PRESENTATION_STYLE_ASSIGNMENT (( #1169 ) ) ;
#785 =( GEOMETRIC_REPRESENTATION_CONTEXT ( 3 ) GLOBAL_UNCERTAINTY_ASSIGNED_CONTEXT ( ( #3601 ) ) GLOBAL_UNIT_ASSIGNED_CONTEXT ( ( #961, #2682, #3600 ) ) REPRESENTATION_CONTEXT ( 'NONE', 'WORKASPACE' ) );
#786 = FILL_AREA_STYLE_COLOUR ( '', #2048 ) ;
#787 = ORIENTED_EDGE ( 'NONE', *, *, #3438, .T. ) ;
#788 = DIRECTION ( 'NONE',  ( 0.000000000000000000, 1.000000000000000000, 0.000000000000000000 ) ) ;
#789 = UNCERTAINTY_MEASURE_WITH_UNIT (LENGTH_MEASURE( 1.000000000000000082E-05 ), #1176, 'distance_accuracy_value', 'NONE');
#790 = SURFACE_SIDE_STYLE ('',( #3092 ) ) ;
#791 = EDGE_LOOP ( 'NONE', ( #4135, #2778, #3594, #3715 ) ) ;
#792 =( NAMED_UNIT ( * ) SI_UNIT ( $, .STERADIAN. ) SOLID_ANGLE_UNIT ( ) );
#793 = DIRECTION ( 'NONE',  ( 0.000000000000000000, 0.000000000000000000, 1.000000000000000000 ) ) ;
#794 = FILL_AREA_STYLE_COLOUR ( '', #2339 ) ;
#795 = DIRECTION ( 'NONE',  ( 0.000000000000000000, 0.000000000000000000, 1.000000000000000000 ) ) ;
#796 = EDGE_LOOP ( 'NONE', ( #100, #72, #4211, #1333, #581, #3132, #188, #764, #3815, #4282, #2704, #1841 ) ) ;
#797 = ADVANCED_FACE ( 'NONE', ( #97 ), #1484, .T. ) ;
#798 = DIRECTION ( 'NONE',  ( -0.000000000000000000, -0.000000000000000000, 1.000000000000000000 ) ) ;
#799 = ORIENTED_EDGE ( 'NONE', *, *, #4146, .F. ) ;
#800 = CARTESIAN_POINT ( 'NONE',  ( 3.100000000000000089, 0.000000000000000000, -4.302114220422481594E-16 ) ) ;
#801 = UNCERTAINTY_MEASURE_WITH_UNIT (LENGTH_MEASURE( 1.000000000000000082E-05 ), #699, 'distance_accuracy_value', 'NONE');
#802 = CARTESIAN_POINT ( 'NONE',  ( 2.537033083616081559E-15, 0.000000000000000000, -2.925000000000001155 ) ) ;
#803 = DIRECTION ( 'NONE',  ( 0.000000000000000000, 0.000000000000000000, -1.000000000000000000 ) ) ;
#804 = ORIENTED_EDGE ( 'NONE', *, *, #1895, .F. ) ;
#805 = DIRECTION ( 'NONE',  ( -0.2588190451025216277, 0.9659258262890680902, 0.000000000000000000 ) ) ;
#806 = ORIENTED_EDGE ( 'NONE', *, *, #2007, .T. ) ;
#807 = FILL_AREA_STYLE_COLOUR ( '', #869 ) ;
#808 = ORIENTED_EDGE ( 'NONE', *, *, #1665, .T. ) ;
#809 = CARTESIAN_POINT ( 'NONE',  ( -1.929289321881342723, 2.899999999999999911, 3.095710678118655412 ) ) ;
#810 = CARTESIAN_POINT ( 'NONE',  ( -3.099999999999999645, 1.300000000000000044, 2.350000000000000089 ) ) ;
#811 = EDGE_CURVE ( 'NONE', #3361, #510, #3820, .T. ) ;
#812 = ORIENTED_EDGE ( 'NONE', *, *, #3083, .T. ) ;
#813 =( LENGTH_UNIT ( ) NAMED_UNIT ( * ) SI_UNIT ( .MILLI., .METRE. ) );
#814 =( LENGTH_UNIT ( ) NAMED_UNIT ( * ) SI_UNIT ( .MILLI., .METRE. ) );
#815 = DIRECTION ( 'NONE',  ( 0.000000000000000000, 0.000000000000000000, 1.000000000000000000 ) ) ;
#816 = ORIENTED_EDGE ( 'NONE', *, *, #3731, .T. ) ;
#817 = LINE ( 'NONE', #3890, #2037 ) ;
#818 = CARTESIAN_POINT ( 'NONE',  ( 1.858578643762688554, 0.000000000000000000, -3.025000000000001243 ) ) ;
#819 = SURFACE_SIDE_STYLE ('',( #1206 ) ) ;
#820 = ORIENTED_EDGE ( 'NONE', *, *, #258, .F. ) ;
#821 =( NAMED_UNIT ( * ) PLANE_ANGLE_UNIT ( ) SI_UNIT ( $, .RADIAN. ) );
#822 = MECHANICAL_DESIGN_GEOMETRIC_PRESENTATION_REPRESENTATION (  '', ( #1536 ), #1328 ) ;
#823 = DIRECTION ( 'NONE',  ( 0.000000000000000000, 0.000000000000000000, -1.000000000000000000 ) ) ;
#824 = ORIENTED_EDGE ( 'NONE', *, *, #594, .F. ) ;
#825 = DIRECTION ( 'NONE',  ( -0.000000000000000000, -0.000000000000000000, 1.000000000000000000 ) ) ;
#826 = ORIENTED_EDGE ( 'NONE', *, *, #400, .F. ) ;
#827 = EDGE_CURVE ( 'NONE', #1934, #3107, #2979, .T. ) ;
#828 = FILL_AREA_STYLE ('',( #1858 ) ) ;
#829 =( GEOMETRIC_REPRESENTATION_CONTEXT ( 3 ) GLOBAL_UNCERTAINTY_ASSIGNED_CONTEXT ( ( #945 ) ) GLOBAL_UNIT_ASSIGNED_CONTEXT ( ( #3193, #1082, #2246 ) ) REPRESENTATION_CONTEXT ( 'NONE', 'WORKASPACE' ) );
#830 = EDGE_LOOP ( 'NONE', ( #1685, #3578, #3821, #3160 ) ) ;
#831 = STYLED_ITEM ( 'NONE', ( #351 ), #4236 ) ;
#832 = AXIS2_PLACEMENT_3D ( 'NONE', #247, #2671, #585 ) ;
#833 = AXIS2_PLACEMENT_3D ( 'NONE', #185, #3229, #2892 ) ;
#834 = PLANE ( 'NONE',  #1426 ) ;
#835 =( NAMED_UNIT ( * ) SI_UNIT ( $, .STERADIAN. ) SOLID_ANGLE_UNIT ( ) );
#836 = PRESENTATION_STYLE_ASSIGNMENT (( #3190 ) ) ;
#837 = SURFACE_STYLE_FILL_AREA ( #886 ) ;
#838 = ORIENTED_EDGE ( 'NONE', *, *, #897, .T. ) ;
#839 = PLANE ( 'NONE',  #22 ) ;
#840 = CIRCLE ( 'NONE', #3824, 0.2000000000000000944 ) ;
#841 = DIRECTION ( 'NONE',  ( -4.336808689942025625E-15, 0.000000000000000000, 1.000000000000000000 ) ) ;
#842 = VECTOR ( 'NONE', #1309, 1000.000000000000000 ) ;
#843 =( NAMED_UNIT ( * ) SI_UNIT ( $, .STERADIAN. ) SOLID_ANGLE_UNIT ( ) );
#844 = EDGE_CURVE ( 'NONE', #3210, #2569, #318, .T. ) ;
#845 = EDGE_CURVE ( 'NONE', #1437, #2244, #2897, .T. ) ;
#846 = AXIS2_PLACEMENT_3D ( 'NONE', #1773, #4428, #4099 ) ;
#847 = PLANE ( 'NONE',  #687 ) ;
#849 = PRESENTATION_LAYER_ASSIGNMENT (  '', '', ( #2473 ) ) ;
#848 = CARTESIAN_POINT ( 'NONE',  ( -2.999999999999999556, 2.899999999999999911, 2.825000000000000178 ) ) ;
#850 = AXIS2_PLACEMENT_3D ( 'NONE', #167, #3885, #2169 ) ;
#851 = EDGE_CURVE ( 'NONE', #3889, #1356, #681, .T. ) ;
#852 = PRESENTATION_STYLE_ASSIGNMENT (( #4217 ) ) ;
#853 = COLOUR_RGB ( '',1.000000000000000000, 1.000000000000000000, 1.000000000000000000 ) ;
#854 = VERTEX_POINT ( 'NONE', #4059 ) ;
#855 = SURFACE_STYLE_FILL_AREA ( #2518 ) ;
#856 = VERTEX_POINT ( 'NONE', #1970 ) ;
#857 = ORIENTED_EDGE ( 'NONE', *, *, #3412, .T. ) ;
#858 =( GEOMETRIC_REPRESENTATION_CONTEXT ( 3 ) GLOBAL_UNCERTAINTY_ASSIGNED_CONTEXT ( ( #3063 ) ) GLOBAL_UNIT_ASSIGNED_CONTEXT ( ( #3764, #3117, #2782 ) ) REPRESENTATION_CONTEXT ( 'NONE', 'WORKASPACE' ) );
#859 = CARTESIAN_POINT ( 'NONE',  ( -3.993739671421206339, 0.08803637130651603693, 1.649999999999999911 ) ) ;
#860 = ORIENTED_EDGE ( 'NONE', *, *, #1024, .T. ) ;
#861 = ORIENTED_EDGE ( 'NONE', *, *, #4197, .T. ) ;
#862 = CARTESIAN_POINT ( 'NONE',  ( -3.599999999999999645, 1.049045040614163149, -1.649999999999999911 ) ) ;
#863 = PRESENTATION_LAYER_ASSIGNMENT (  '', '', ( #2627 ) ) ;
#864 = AXIS2_PLACEMENT_3D ( 'NONE', #2687, #4381, #2292 ) ;
#865 = AXIS2_PLACEMENT_3D ( 'NONE', #2411, #1371, #2746 ) ;
#866 = SURFACE_SIDE_STYLE ('',( #479 ) ) ;
#867 = SURFACE_STYLE_FILL_AREA ( #4231 ) ;
#868 = ORIENTED_EDGE ( 'NONE', *, *, #1850, .T. ) ;
#869 = COLOUR_RGB ( '',0.7529411764705882248, 0.7529411764705882248, 0.7529411764705882248 ) ;
#870 = SURFACE_STYLE_USAGE ( .BOTH. , #819 ) ;
#871 = UNCERTAINTY_MEASURE_WITH_UNIT (LENGTH_MEASURE( 1.000000000000000082E-05 ), #3856, 'distance_accuracy_value', 'NONE');
#872 = FACE_OUTER_BOUND ( 'NONE', #471, .T. ) ;
#873 = ADVANCED_FACE ( 'NONE', ( #4368 ), #257, .T. ) ;
#874 = DIRECTION ( 'NONE',  ( 0.9961946980917455452, -0.08715574274765837404, 0.000000000000000000 ) ) ;
#875 = DIRECTION ( 'NONE',  ( -1.000000000000000000, 0.000000000000000000, 0.000000000000000000 ) ) ;
#876 = SURFACE_STYLE_USAGE ( .BOTH. , #4299 ) ;
#877 = VERTEX_POINT ( 'NONE', #3319 ) ;
#878 = ORIENTED_EDGE ( 'NONE', *, *, #2007, .F. ) ;
#879 = EDGE_CURVE ( 'NONE', #1574, #3837, #2764, .T. ) ;
#880 = PRESENTATION_STYLE_ASSIGNMENT (( #288 ) ) ;
#881 =( NAMED_UNIT ( * ) SI_UNIT ( $, .STERADIAN. ) SOLID_ANGLE_UNIT ( ) );
#882 = DIRECTION ( 'NONE',  ( -1.000000000000000000, 0.000000000000000000, 0.000000000000000000 ) ) ;
#883 = DIRECTION ( 'NONE',  ( -0.9961946980917455452, -0.08715574274765837404, 0.000000000000000000 ) ) ;
#885 = DIRECTION ( 'NONE',  ( 1.000000000000000000, 0.000000000000000000, 0.000000000000000000 ) ) ;
#884 = UNCERTAINTY_MEASURE_WITH_UNIT (LENGTH_MEASURE( 1.000000000000000082E-05 ), #2676, 'distance_accuracy_value', 'NONE');
#886 = FILL_AREA_STYLE ('',( #4210 ) ) ;
#887 = ORIENTED_EDGE ( 'NONE', *, *, #1505, .T. ) ;
#888 = EDGE_CURVE ( 'NONE', #3899, #2960, #3676, .T. ) ;
#889 = FACE_OUTER_BOUND ( 'NONE', #3308, .T. ) ;
#890 = CYLINDRICAL_SURFACE ( 'NONE', #32, 0.1999999999999996503 ) ;
#891 = DIRECTION ( 'NONE',  ( -0.7071067811865483499, 0.000000000000000000, -0.7071067811865466846 ) ) ;
#892 = CARTESIAN_POINT ( 'NONE',  ( -3.854231063995529727, 0.1002417929205512842, 2.350000000000000089 ) ) ;
#893 = CARTESIAN_POINT ( 'NONE',  ( -2.512499999999997513, 0.000000000000000000, -2.512500000000002842 ) ) ;
#894 = SURFACE_SIDE_STYLE ('',( #2604 ) ) ;
#895 = ORIENTED_EDGE ( 'NONE', *, *, #1145, .T. ) ;
#896 = EDGE_CURVE ( 'NONE', #2191, #1346, #1398, .T. ) ;
#897 = EDGE_CURVE ( 'NONE', #3696, #1859, #3893, .T. ) ;
#898 = CARTESIAN_POINT ( 'NONE',  ( 3.639099115508123816, 1.300000000000000044, -1.649999999999999911 ) ) ;
#899 = CARTESIAN_POINT ( 'NONE',  ( 3.000000000000000444, 2.799999999999999822, 2.825000000000001954 ) ) ;
#900 = CIRCLE ( 'NONE', #3615, 0.1000000000000000472 ) ;
#901 = ORIENTED_EDGE ( 'NONE', *, *, #1539, .T. ) ;
#902 = STYLED_ITEM ( 'NONE', ( #2511 ), #455 ) ;
#903 = PRESENTATION_LAYER_ASSIGNMENT (  '', '', ( #29 ) ) ;
#904 = CIRCLE ( 'NONE', #1118, 0.1999999999999996503 ) ;
#905 = EDGE_CURVE ( 'NONE', #361, #1958, #181, .T. ) ;
#906 = VECTOR ( 'NONE', #1673, 1000.000000000000000 ) ;
#907 = MECHANICAL_DESIGN_GEOMETRIC_PRESENTATION_REPRESENTATION (  '', ( #4183 ), #2045 ) ;
#908 = DIRECTION ( 'NONE',  ( -0.000000000000000000, -0.000000000000000000, 1.000000000000000000 ) ) ;
#909 = ORIENTED_EDGE ( 'NONE', *, *, #4196, .T. ) ;
#910 = SURFACE_STYLE_FILL_AREA ( #2656 ) ;
#911 = MECHANICAL_DESIGN_GEOMETRIC_PRESENTATION_REPRESENTATION (  '', ( #4333 ), #3833 ) ;
#912 = VECTOR ( 'NONE', #2019, 1000.000000000000000 ) ;
#913 = CIRCLE ( 'NONE', #2770, 0.09999999999999982514 ) ;
#914 = AXIS2_PLACEMENT_3D ( 'NONE', #1019, #2022, #1367 ) ;
#915 = CARTESIAN_POINT ( 'NONE',  ( -3.639099115508123816, 1.099999999999999867, 2.350000000000000089 ) ) ;
#916 = FILL_AREA_STYLE ('',( #1890 ) ) ;
#917 = ORIENTED_EDGE ( 'NONE', *, *, #3445, .F. ) ;
#918 =( NAMED_UNIT ( * ) SI_UNIT ( $, .STERADIAN. ) SOLID_ANGLE_UNIT ( ) );
#919 = COLOUR_RGB ( '',0.7529411764705882248, 0.7529411764705882248, 0.7529411764705882248 ) ;
#920 = EDGE_CURVE ( 'NONE', #4148, #854, #2110, .T. ) ;
#921 = CYLINDRICAL_SURFACE ( 'NONE', #1582, 0.09999999999999982514 ) ;
#922 =( NAMED_UNIT ( * ) PLANE_ANGLE_UNIT ( ) SI_UNIT ( $, .RADIAN. ) );
#923 = MECHANICAL_DESIGN_GEOMETRIC_PRESENTATION_REPRESENTATION (  '', ( #1644 ), #782 ) ;
#924 = CARTESIAN_POINT ( 'NONE',  ( -2.537033083616079981E-15, 2.799999999999999822, 2.924999999999999378 ) ) ;
#925 = ORIENTED_EDGE ( 'NONE', *, *, #530, .F. ) ;
#926 = DIRECTION ( 'NONE',  ( 0.000000000000000000, 1.000000000000000000, -0.000000000000000000 ) ) ;
#927 = STYLED_ITEM ( 'NONE', ( #1600 ), #3875 ) ;
#928 = PRESENTATION_LAYER_ASSIGNMENT (  '', '', ( #1852 ) ) ;
#929 = EDGE_LOOP ( 'NONE', ( #123, #1767, #3581, #2167 ) ) ;
#930 = EDGE_CURVE ( 'NONE', #3899, #2439, #904, .T. ) ;
#931 = FACE_OUTER_BOUND ( 'NONE', #4201, .T. ) ;
#932 = MECHANICAL_DESIGN_GEOMETRIC_PRESENTATION_REPRESENTATION (  '', ( #2222 ), #1724 ) ;
#933 = DIRECTION ( 'NONE',  ( -1.000000000000000000, -0.000000000000000000, 0.000000000000000000 ) ) ;
#934 = EDGE_CURVE ( 'NONE', #1415, #3663, #2669, .T. ) ;
#935 = PRESENTATION_STYLE_ASSIGNMENT (( #3724 ) ) ;
#936 = DIRECTION ( 'NONE',  ( -1.000000000000000000, 0.000000000000000000, 0.000000000000000000 ) ) ;
#937 = CARTESIAN_POINT ( 'NONE',  ( 2.141421356237310114, 2.899999999999999911, -2.824999999999999289 ) ) ;
#938 = ORIENTED_EDGE ( 'NONE', *, *, #3974, .T. ) ;
#939 = DIRECTION ( 'NONE',  ( 0.000000000000000000, 1.000000000000000000, -0.000000000000000000 ) ) ;
#940 = ORIENTED_EDGE ( 'NONE', *, *, #1053, .F. ) ;
#941 = LINE ( 'NONE', #3664, #2426 ) ;
#942 = SURFACE_SIDE_STYLE ('',( #626 ) ) ;
#943 = LINE ( 'NONE', #2309, #3805 ) ;
#944 = DIRECTION ( 'NONE',  ( -4.336808689942025625E-15, 0.000000000000000000, 1.000000000000000000 ) ) ;
#945 = UNCERTAINTY_MEASURE_WITH_UNIT (LENGTH_MEASURE( 1.000000000000000082E-05 ), #3193, 'distance_accuracy_value', 'NONE');
#946 = LINE ( 'NONE', #2643, #1424 ) ;
#947 = EDGE_CURVE ( 'NONE', #515, #78, #3281, .T. ) ;
#948 = ORIENTED_EDGE ( 'NONE', *, *, #1564, .T. ) ;
#949 = ADVANCED_FACE ( 'NONE', ( #889 ), #3317, .T. ) ;
#950 = SURFACE_SIDE_STYLE ('',( #3406 ) ) ;
#951 = ORIENTED_EDGE ( 'NONE', *, *, #1093, .T. ) ;
#952 =( NAMED_UNIT ( * ) PLANE_ANGLE_UNIT ( ) SI_UNIT ( $, .RADIAN. ) );
#953 = CARTESIAN_POINT ( 'NONE',  ( -3.817985654712924948, 0.2355115019043609315, 2.350000000000000089 ) ) ;
#954 =( NAMED_UNIT ( * ) SI_UNIT ( $, .STERADIAN. ) SOLID_ANGLE_UNIT ( ) );
#955 = LINE ( 'NONE', #3323, #477 ) ;
#956 = LINE ( 'NONE', #2321, #770 ) ;
#957 =( LENGTH_UNIT ( ) NAMED_UNIT ( * ) SI_UNIT ( .MILLI., .METRE. ) );
#958 = FACE_OUTER_BOUND ( 'NONE', #796, .T. ) ;
#959 = ORIENTED_EDGE ( 'NONE', *, *, #3382, .F. ) ;
#960 = DIRECTION ( 'NONE',  ( -8.673617379884035472E-16, 0.000000000000000000, 1.000000000000000000 ) ) ;
#961 =( LENGTH_UNIT ( ) NAMED_UNIT ( * ) SI_UNIT ( .MILLI., .METRE. ) );
#962 =( NAMED_UNIT ( * ) PLANE_ANGLE_UNIT ( ) SI_UNIT ( $, .RADIAN. ) );
#963 = AXIS2_PLACEMENT_3D ( 'NONE', #2800, #3218, #1100 ) ;
#964 =( LENGTH_UNIT ( ) NAMED_UNIT ( * ) SI_UNIT ( .MILLI., .METRE. ) );
#965 = ORIENTED_EDGE ( 'NONE', *, *, #2843, .T. ) ;
#966 = VECTOR ( 'NONE', #4307, 1000.000000000000000 ) ;
#967 = ORIENTED_EDGE ( 'NONE', *, *, #3716, .T. ) ;
#968 = DIRECTION ( 'NONE',  ( -0.000000000000000000, -1.000000000000000000, 0.000000000000000000 ) ) ;
#969 = CARTESIAN_POINT ( 'NONE',  ( 4.015172729109017347, 0.4692148276866964229, 2.350000000000000089 ) ) ;
#970 = DIRECTION ( 'NONE',  ( -0.000000000000000000, -0.000000000000000000, -1.000000000000000000 ) ) ;
#971 = MECHANICAL_DESIGN_GEOMETRIC_PRESENTATION_REPRESENTATION (  '', ( #538 ), #1692 ) ;
#973 = EDGE_CURVE ( 'NONE', #3837, #4145, #2268, .T. ) ;
#972 = AXIS2_PLACEMENT_3D ( 'NONE', #1339, #302, #1674 ) ;
#974 = EDGE_CURVE ( 'NONE', #532, #2030, #607, .T. ) ;
#975 =( GEOMETRIC_REPRESENTATION_CONTEXT ( 3 ) GLOBAL_UNCERTAINTY_ASSIGNED_CONTEXT ( ( #3829 ) ) GLOBAL_UNIT_ASSIGNED_CONTEXT ( ( #2722, #1952, #3641 ) ) REPRESENTATION_CONTEXT ( 'NONE', 'WORKASPACE' ) );
#976 = DIRECTION ( 'NONE',  ( -0.000000000000000000, 0.000000000000000000, 1.000000000000000000 ) ) ;
#977 = CARTESIAN_POINT ( 'NONE',  ( -2.141421356237308338, 2.799999999999999822, 2.925000000000000266 ) ) ;
#978 = AXIS2_PLACEMENT_3D ( 'NONE', #180, #1566, #2888 ) ;
#979 = ADVANCED_FACE ( 'NONE', ( #931 ), #4385, .T. ) ;
#981 = VECTOR ( 'NONE', #4040, 1000.000000000000000 ) ;
#980 = CARTESIAN_POINT ( 'NONE',  ( 2.070710678118655501, 0.000000000000000000, -2.954289321881344410 ) ) ;
#982 = PRESENTATION_STYLE_ASSIGNMENT (( #4110 ) ) ;
#983 = ORIENTED_EDGE ( 'NONE', *, *, #3557, .T. ) ;
#984 = CIRCLE ( 'NONE', #1135, 0.09999999999999982514 ) ;
#985 = CARTESIAN_POINT ( 'NONE',  ( -3.099999999999999645, 1.300000000000000044, -1.649999999999999911 ) ) ;
#986 = CARTESIAN_POINT ( 'NONE',  ( 0.000000000000000000, 3.000000000000000000, 0.000000000000000000 ) ) ;
#987 = DIRECTION ( 'NONE',  ( -0.000000000000000000, 0.000000000000000000, -1.000000000000000000 ) ) ;
#988 = CIRCLE ( 'NONE', #3631, 0.1000000000000000472 ) ;
#989 = SURFACE_STYLE_USAGE ( .BOTH. , #297 ) ;
#990 = COLOUR_RGB ( '',0.7529411764705882248, 0.7529411764705882248, 0.7529411764705882248 ) ;
#991 = ORIENTED_EDGE ( 'NONE', *, *, #3490, .F. ) ;
#992 = CARTESIAN_POINT ( 'NONE',  ( -3.639099115508123816, 1.300000000000000044, 2.350000000000000089 ) ) ;
#993 = ORIENTED_EDGE ( 'NONE', *, *, #3181, .T. ) ;
#994 = PRESENTATION_LAYER_ASSIGNMENT (  '', '', ( #4342 ) ) ;
#995 = DIRECTION ( 'NONE',  ( 0.08715574274765837404, -0.9961946980917455452, 0.000000000000000000 ) ) ;
#996 = DIRECTION ( 'NONE',  ( 0.000000000000000000, -1.000000000000000000, 0.000000000000000000 ) ) ;
#997 = AXIS2_PLACEMENT_3D ( 'NONE', #3817, #765, #316 ) ;
#998 = COLOUR_RGB ( '',0.7529411764705882248, 0.7529411764705882248, 0.7529411764705882248 ) ;
#999 = CARTESIAN_POINT ( 'NONE',  ( 3.639099115508123816, 1.300000000000000044, 2.350000000000000089 ) ) ;
#1000 = DIRECTION ( 'NONE',  ( 0.000000000000000000, 0.000000000000000000, -1.000000000000000000 ) ) ;
#1001 = ADVANCED_FACE ( 'NONE', ( #2977 ), #2952, .T. ) ;
#1002 = SURFACE_STYLE_FILL_AREA ( #3747 ) ;
#1003 = ORIENTED_EDGE ( 'NONE', *, *, #231, .T. ) ;
#1004 = FACE_OUTER_BOUND ( 'NONE', #456, .T. ) ;
#1005 = EDGE_LOOP ( 'NONE', ( #860, #1615, #1684, #2023, #812, #68, #260, #4221, #1089, #1432, #2116, #983, #3784, #2123, #2844, #1490 ) ) ;
#1006 = LINE ( 'NONE', #2370, #2220 ) ;
#1007 = CARTESIAN_POINT ( 'NONE',  ( -1.858578643762688110, 2.899999999999999911, 3.025000000000000355 ) ) ;
#1008 =( LENGTH_UNIT ( ) NAMED_UNIT ( * ) SI_UNIT ( .MILLI., .METRE. ) );
#1009 = ORIENTED_EDGE ( 'NONE', *, *, #82, .F. ) ;
#1010 = ADVANCED_FACE ( 'NONE', ( #2736 ), #3739, .T. ) ;
#1011 = ORIENTED_EDGE ( 'NONE', *, *, #3623, .F. ) ;
#1012 = DIRECTION ( 'NONE',  ( 0.000000000000000000, 0.000000000000000000, -1.000000000000000000 ) ) ;
#1013 =( LENGTH_UNIT ( ) NAMED_UNIT ( * ) SI_UNIT ( .MILLI., .METRE. ) );
#1014 = DIRECTION ( 'NONE',  ( -0.000000000000000000, -0.000000000000000000, -1.000000000000000000 ) ) ;
#1015 = DIRECTION ( 'NONE',  ( 0.000000000000000000, 0.000000000000000000, -1.000000000000000000 ) ) ;
#1016 = ORIENTED_EDGE ( 'NONE', *, *, #2328, .T. ) ;
#1017 = DIRECTION ( 'NONE',  ( 1.000000000000000000, 0.000000000000000000, -1.387778780781449373E-16 ) ) ;
#1018 = CARTESIAN_POINT ( 'NONE',  ( -5.000000000000000000, 0.000000000000000000, -1.649999999999999911 ) ) ;
#1019 = CARTESIAN_POINT ( 'NONE',  ( 0.000000000000000000, 0.000000000000000000, 1.649999999999999911 ) ) ;
#1020 = PRESENTATION_STYLE_ASSIGNMENT (( #1429 ) ) ;
#1021 = ORIENTED_EDGE ( 'NONE', *, *, #390, .T. ) ;
#1023 = EDGE_CURVE ( 'NONE', #3862, #2168, #4143, .T. ) ;
#1022 = FILL_AREA_STYLE ('',( #1384 ) ) ;
#1024 = EDGE_CURVE ( 'NONE', #1441, #4046, #1754, .T. ) ;
#1025 =( NAMED_UNIT ( * ) SI_UNIT ( $, .STERADIAN. ) SOLID_ANGLE_UNIT ( ) );
#1026 =( NAMED_UNIT ( * ) PLANE_ANGLE_UNIT ( ) SI_UNIT ( $, .RADIAN. ) );
#1027 =( GEOMETRIC_REPRESENTATION_CONTEXT ( 3 ) GLOBAL_UNCERTAINTY_ASSIGNED_CONTEXT ( ( #3526 ) ) GLOBAL_UNIT_ASSIGNED_CONTEXT ( ( #3242, #1530, #835 ) ) REPRESENTATION_CONTEXT ( 'NONE', 'WORKASPACE' ) );
#1028 =( LENGTH_UNIT ( ) NAMED_UNIT ( * ) SI_UNIT ( .MILLI., .METRE. ) );
#1029 = VERTEX_POINT ( 'NONE', #3116 ) ;
#1030 = CARTESIAN_POINT ( 'NONE',  ( 2.141421356237310114, 2.899999999999999911, -3.024999999999999023 ) ) ;
#1031 =( NAMED_UNIT ( * ) SI_UNIT ( $, .STERADIAN. ) SOLID_ANGLE_UNIT ( ) );
#1032 = CYLINDRICAL_SURFACE ( 'NONE', #1048, 0.1999999999999996503 ) ;
#1033 = PRESENTATION_STYLE_ASSIGNMENT (( #2737 ) ) ;
#1034 = ORIENTED_EDGE ( 'NONE', *, *, #2114, .F. ) ;
#1035 = VECTOR ( 'NONE', #3540, 1000.000000000000000 ) ;
#1036 =( NAMED_UNIT ( * ) SI_UNIT ( $, .STERADIAN. ) SOLID_ANGLE_UNIT ( ) );
#1037 = AXIS2_PLACEMENT_3D ( 'NONE', #1142, #2216, #1828 ) ;
#1038 = CARTESIAN_POINT ( 'NONE',  ( 0.000000000000000000, 0.000000000000000000, -2.350000000000000089 ) ) ;
#1039 = VECTOR ( 'NONE', #2653, 1000.000000000000000 ) ;
#1040 = TOROIDAL_SURFACE ( 'NONE', #1759, 0.2000000000000000111, 0.1000000000000000056 ) ;
#1041 = VECTOR ( 'NONE', #976, 1000.000000000000000 ) ;
#1042 = DIRECTION ( 'NONE',  ( 0.000000000000000000, 0.000000000000000000, -1.000000000000000000 ) ) ;
#1043 = VECTOR ( 'NONE', #2017, 1000.000000000000000 ) ;
#1044 =( NAMED_UNIT ( * ) SI_UNIT ( $, .STERADIAN. ) SOLID_ANGLE_UNIT ( ) );
#1045 = VECTOR ( 'NONE', #1163, 1000.000000000000000 ) ;
#1046 = UNCERTAINTY_MEASURE_WITH_UNIT (LENGTH_MEASURE( 1.000000000000000082E-05 ), #385, 'distance_accuracy_value', 'NONE');
#1047 = VERTEX_POINT ( 'NONE', #3409 ) ;
#1048 = AXIS2_PLACEMENT_3D ( 'NONE', #3763, #1101, #1058 ) ;
#1049 = FACE_OUTER_BOUND ( 'NONE', #791, .T. ) ;
#1050 = FILL_AREA_STYLE_COLOUR ( '', #1399 ) ;
#1051 = CARTESIAN_POINT ( 'NONE',  ( -3.446534602404207615, 0.8490450406141630824, 1.649999999999999911 ) ) ;
#1052 =( GEOMETRIC_REPRESENTATION_CONTEXT ( 3 ) GLOBAL_UNCERTAINTY_ASSIGNED_CONTEXT ( ( #1153 ) ) GLOBAL_UNIT_ASSIGNED_CONTEXT ( ( #3955, #4308, #2291 ) ) REPRESENTATION_CONTEXT ( 'NONE', 'WORKASPACE' ) );
#1053 = EDGE_CURVE ( 'NONE', #3494, #1453, #2820, .T. ) ;
#1054 = ORIENTED_EDGE ( 'NONE', *, *, #650, .F. ) ;
#1055 = DIRECTION ( 'NONE',  ( 0.000000000000000000, 0.000000000000000000, -1.000000000000000000 ) ) ;
#1056 = SURFACE_SIDE_STYLE ('',( #4433 ) ) ;
#1057 = AXIS2_PLACEMENT_3D ( 'NONE', #2546, #94, #3934 ) ;
#1058 = DIRECTION ( 'NONE',  ( -1.000000000000000000, 0.000000000000000000, 0.000000000000000000 ) ) ;
#1059 = ORIENTED_EDGE ( 'NONE', *, *, #2608, .F. ) ;
#1060 = MECHANICAL_DESIGN_GEOMETRIC_PRESENTATION_REPRESENTATION (  '', ( #46 ), #2349 ) ;
#1061 = COLOUR_RGB ( '',0.7529411764705882248, 0.7529411764705882248, 0.7529411764705882248 ) ;
#1062 = SURFACE_SIDE_STYLE ('',( #1083 ) ) ;
#1063 =( GEOMETRIC_REPRESENTATION_CONTEXT ( 3 ) GLOBAL_UNCERTAINTY_ASSIGNED_CONTEXT ( ( #4191 ) ) GLOBAL_UNIT_ASSIGNED_CONTEXT ( ( #2924, #189, #3944 ) ) REPRESENTATION_CONTEXT ( 'NONE', 'WORKASPACE' ) );
#1064 = ORIENTED_EDGE ( 'NONE', *, *, #4007, .F. ) ;
#1065 = ADVANCED_FACE ( 'NONE', ( #2099 ), #2719, .F. ) ;
#1066 =( GEOMETRIC_REPRESENTATION_CONTEXT ( 3 ) GLOBAL_UNCERTAINTY_ASSIGNED_CONTEXT ( ( #2142 ) ) GLOBAL_UNIT_ASSIGNED_CONTEXT ( ( #1095, #1412, #3793 ) ) REPRESENTATION_CONTEXT ( 'NONE', 'WORKASPACE' ) );
#1067 = CARTESIAN_POINT ( 'NONE',  ( -4.190926745817298738, 0.3217396970888517505, 1.650000000000000133 ) ) ;
#1068 =( LENGTH_UNIT ( ) NAMED_UNIT ( * ) SI_UNIT ( .MILLI., .METRE. ) );
#1069 = FILL_AREA_STYLE_COLOUR ( '', #1847 ) ;
#1070 = ORIENTED_EDGE ( 'NONE', *, *, #2190, .T. ) ;
#1071 = DIRECTION ( 'NONE',  ( 0.000000000000000000, 0.000000000000000000, 1.000000000000000000 ) ) ;
#1072 = SURFACE_STYLE_USAGE ( .BOTH. , #2711 ) ;
#1073 = CARTESIAN_POINT ( 'NONE',  ( 3.639719767662021432, 0.9008088496346673413, -1.649999999999999911 ) ) ;
#1074 = DIRECTION ( 'NONE',  ( 0.7071067811865483499, -0.000000000000000000, -0.7071067811865466846 ) ) ;
#1075 = ORIENTED_EDGE ( 'NONE', *, *, #1641, .F. ) ;
#1076 = CARTESIAN_POINT ( 'NONE',  ( -4.051418138391622570, 0.3339451187028870116, 1.649999999999999911 ) ) ;
#1077 = PLANE ( 'NONE',  #2906 ) ;
#1078 = ADVANCED_FACE ( 'NONE', ( #405 ), #1719, .T. ) ;
#1079 = ADVANCED_FACE ( 'NONE', ( #363 ), #4122, .F. ) ;
#1080 = SURFACE_STYLE_USAGE ( .BOTH. , #1130 ) ;
#1081 = ORIENTED_EDGE ( 'NONE', *, *, #1320, .F. ) ;
#1082 =( NAMED_UNIT ( * ) PLANE_ANGLE_UNIT ( ) SI_UNIT ( $, .RADIAN. ) );
#1083 = SURFACE_STYLE_FILL_AREA ( #1725 ) ;
#1084 = ADVANCED_FACE ( 'NONE', ( #501 ), #1488, .F. ) ;
#1085 = EDGE_CURVE ( 'NONE', #312, #156, #2549, .T. ) ;
#1086 = PLANE ( 'NONE',  #4265 ) ;
#1087 = LINE ( 'NONE', #2444, #95 ) ;
#1088 = SURFACE_STYLE_USAGE ( .BOTH. , #2024 ) ;
#1089 = ORIENTED_EDGE ( 'NONE', *, *, #3442, .T. ) ;
#1090 = EDGE_LOOP ( 'NONE', ( #1368, #2723, #806, #398, #3711, #3671, #1418, #2987, #2171, #3539, #4165, #3951 ) ) ;
#1091 =( NAMED_UNIT ( * ) SI_UNIT ( $, .STERADIAN. ) SOLID_ANGLE_UNIT ( ) );
#1092 = PLANE ( 'NONE',  #833 ) ;
#1093 = EDGE_CURVE ( 'NONE', #3837, #1574, #2887, .T. ) ;
#1094 = ORIENTED_EDGE ( 'NONE', *, *, #3623, .T. ) ;
#1095 =( LENGTH_UNIT ( ) NAMED_UNIT ( * ) SI_UNIT ( .MILLI., .METRE. ) );
#1096 = DIRECTION ( 'NONE',  ( 0.2588190451025213501, -0.9659258262890680902, 0.000000000000000000 ) ) ;
#1097 = AXIS2_PLACEMENT_3D ( 'NONE', #2393, #2756, #3434 ) ;
#1098 = EDGE_LOOP ( 'NONE', ( #959, #1238, #3073, #3101 ) ) ;
#1099 = LINE ( 'NONE', #1076, #4204 ) ;
#1100 = DIRECTION ( 'NONE',  ( -0.7071067811865464625, 0.000000000000000000, 0.7071067811865486830 ) ) ;
#1101 = DIRECTION ( 'NONE',  ( 0.000000000000000000, 0.000000000000000000, -1.000000000000000000 ) ) ;
#1102 = ORIENTED_EDGE ( 'NONE', *, *, #1771, .F. ) ;
#1103 = DIRECTION ( 'NONE',  ( 0.000000000000000000, 1.000000000000000000, -0.000000000000000000 ) ) ;
#1104 = FACE_OUTER_BOUND ( 'NONE', #4155, .T. ) ;
#1105 = ORIENTED_EDGE ( 'NONE', *, *, #4213, .F. ) ;
#1106 = COLOUR_RGB ( '',0.7529411764705882248, 0.7529411764705882248, 0.7529411764705882248 ) ;
#1107 =( LENGTH_UNIT ( ) NAMED_UNIT ( * ) SI_UNIT ( .MILLI., .METRE. ) );
#1108 = EDGE_CURVE ( 'NONE', #4142, #1377, #1455, .T. ) ;
#1109 = EDGE_CURVE ( 'NONE', #1625, #1441, #601, .T. ) ;
#1110 = UNCERTAINTY_MEASURE_WITH_UNIT (LENGTH_MEASURE( 1.000000000000000082E-05 ), #3849, 'distance_accuracy_value', 'NONE');
#1111 = VECTOR ( 'NONE', #1306, 1000.000000000000000 ) ;
#1112 = DIRECTION ( 'NONE',  ( 0.7071067811865475727, 0.000000000000000000, 0.7071067811865475727 ) ) ;
#1113 = UNCERTAINTY_MEASURE_WITH_UNIT (LENGTH_MEASURE( 1.000000000000000082E-05 ), #3761, 'distance_accuracy_value', 'NONE');
#1114 = DIRECTION ( 'NONE',  ( -0.000000000000000000, 1.000000000000000000, -0.000000000000000000 ) ) ;
#1115 = CYLINDRICAL_SURFACE ( 'NONE', #1713, 0.1999999999999996503 ) ;
#1116 = VERTEX_POINT ( 'NONE', #2480 ) ;
#1117 = EDGE_LOOP ( 'NONE', ( #2510, #3727, #3986, #2738 ) ) ;
#1118 = AXIS2_PLACEMENT_3D ( 'NONE', #4085, #1014, #1947 ) ;
#1119 = SURFACE_STYLE_USAGE ( .BOTH. , #4168 ) ;
#1120 = VECTOR ( 'NONE', #740, 1000.000000000000000 ) ;
#1121 = ORIENTED_EDGE ( 'NONE', *, *, #370, .F. ) ;
#1122 = FACE_OUTER_BOUND ( 'NONE', #1226, .T. ) ;
#1123 = PLANE ( 'NONE',  #4399 ) ;
#1124 = PRESENTATION_LAYER_ASSIGNMENT (  '', '', ( #772 ) ) ;
#1125 = EDGE_CURVE ( 'NONE', #1824, #2573, #1542, .T. ) ;
#1126 = COLOUR_RGB ( '',0.7529411764705882248, 0.7529411764705882248, 0.7529411764705882248 ) ;
#1127 = VERTEX_POINT ( 'NONE', #2845 ) ;
#1128 = DIRECTION ( 'NONE',  ( 1.000000000000000000, -0.000000000000000000, 0.000000000000000000 ) ) ;
#1129 = MECHANICAL_DESIGN_GEOMETRIC_PRESENTATION_REPRESENTATION (  '', ( #2901 ), #3124 ) ;
#1130 = SURFACE_SIDE_STYLE ('',( #3681 ) ) ;
#1131 = MECHANICAL_DESIGN_GEOMETRIC_PRESENTATION_REPRESENTATION (  '', ( #4056 ), #2199 ) ;
#1132 = ORIENTED_EDGE ( 'NONE', *, *, #2255, .F. ) ;
#1133 = FILL_AREA_STYLE_COLOUR ( '', #3038 ) ;
#1134 = AXIS2_PLACEMENT_3D ( 'NONE', #1038, #2072, #3709 ) ;
#1135 = AXIS2_PLACEMENT_3D ( 'NONE', #3883, #1549, #1285 ) ;
#1136 = SURFACE_STYLE_USAGE ( .BOTH. , #1162 ) ;
#1137 = VECTOR ( 'NONE', #2959, 1000.000000000000000 ) ;
#1138 = FILL_AREA_STYLE_COLOUR ( '', #3481 ) ;
#1139 = AXIS2_PLACEMENT_3D ( 'NONE', #2591, #2945, #4304 ) ;
#1140 = PRESENTATION_LAYER_ASSIGNMENT (  '', '', ( #1988 ) ) ;
#1141 = CIRCLE ( 'NONE', #3637, 0.09999999999999982514 ) ;
#1142 = CARTESIAN_POINT ( 'NONE',  ( 0.000000000000000000, 0.000000000000000000, 0.000000000000000000 ) ) ;
#1143 = CYLINDRICAL_SURFACE ( 'NONE', #120, 1.449999999999999956 ) ;
#1144 = ORIENTED_EDGE ( 'NONE', *, *, #2274, .T. ) ;
#1145 = EDGE_CURVE ( 'NONE', #669, #760, #4209, .T. ) ;
#1146 = DIRECTION ( 'NONE',  ( -0.2588190451025213501, -0.9659258262890680902, 0.000000000000000000 ) ) ;
#1147 = ORIENTED_EDGE ( 'NONE', *, *, #3585, .F. ) ;
#1148 = AXIS2_PLACEMENT_3D ( 'NONE', #2385, #1433, #2792 ) ;
#1149 =( GEOMETRIC_REPRESENTATION_CONTEXT ( 3 ) GLOBAL_UNCERTAINTY_ASSIGNED_CONTEXT ( ( #2382 ) ) GLOBAL_UNIT_ASSIGNED_CONTEXT ( ( #964, #3981, #3340 ) ) REPRESENTATION_CONTEXT ( 'NONE', 'WORKASPACE' ) );
#1150 =( GEOMETRIC_REPRESENTATION_CONTEXT ( 3 ) GLOBAL_UNCERTAINTY_ASSIGNED_CONTEXT ( ( #519 ) ) GLOBAL_UNIT_ASSIGNED_CONTEXT ( ( #376, #24, #3161 ) ) REPRESENTATION_CONTEXT ( 'NONE', 'WORKASPACE' ) );
#1151 =( NAMED_UNIT ( * ) PLANE_ANGLE_UNIT ( ) SI_UNIT ( $, .RADIAN. ) );
#1152 = ORIENTED_EDGE ( 'NONE', *, *, #258, .T. ) ;
#1153 = UNCERTAINTY_MEASURE_WITH_UNIT (LENGTH_MEASURE( 1.000000000000000082E-05 ), #3955, 'distance_accuracy_value', 'NONE');
#1154 = DIRECTION ( 'NONE',  ( 0.08715574274765831853, -0.9961946980917455452, 0.000000000000000000 ) ) ;
#1155 = ORIENTED_EDGE ( 'NONE', *, *, #142, .T. ) ;
#1156 = PRESENTATION_STYLE_ASSIGNMENT (( #4267 ) ) ;
#1157 = CARTESIAN_POINT ( 'NONE',  ( 4.208357894366830720, 0.5209786367072010149, -2.350000000000000089 ) ) ;
#1158 = CARTESIAN_POINT ( 'NONE',  ( -3.817985654712924948, 0.2355115019043609315, -2.350000000000000089 ) ) ;
#1159 = CARTESIAN_POINT ( 'NONE',  ( 4.208357894366830720, 0.5209786367072010149, -2.350000000000000089 ) ) ;
#1160 = ORIENTED_EDGE ( 'NONE', *, *, #1803, .F. ) ;
#1161 = FILL_AREA_STYLE ('',( #2849 ) ) ;
#1162 = SURFACE_SIDE_STYLE ('',( #505 ) ) ;
#1163 = DIRECTION ( 'NONE',  ( -0.000000000000000000, -0.000000000000000000, -1.000000000000000000 ) ) ;
#1164 =( NAMED_UNIT ( * ) PLANE_ANGLE_UNIT ( ) SI_UNIT ( $, .RADIAN. ) );
#1165 = DIRECTION ( 'NONE',  ( 0.7071067811865474617, 0.000000000000000000, -0.7071067811865474617 ) ) ;
#1166 = VERTEX_POINT ( 'NONE', #4269 ) ;
#1167 = CARTESIAN_POINT ( 'NONE',  ( 3.639719767662021432, 0.9008088496346673413, -2.350000000000000089 ) ) ;
#1168 = EDGE_LOOP ( 'NONE', ( #1523, #13, #895, #1003 ) ) ;
#1169 = SURFACE_STYLE_USAGE ( .BOTH. , #3183 ) ;
#1170 = ORIENTED_EDGE ( 'NONE', *, *, #1993, .T. ) ;
#1171 = ORIENTED_EDGE ( 'NONE', *, *, #784, .T. ) ;
#1172 = LINE ( 'NONE', #862, #2842 ) ;
#1173 = EDGE_CURVE ( 'NONE', #3543, #1444, #943, .T. ) ;
#1174 = EDGE_CURVE ( 'NONE', #1236, #4028, #1225, .T. ) ;
#1175 = DIRECTION ( 'NONE',  ( 1.000000000000000000, -0.000000000000000000, -0.000000000000000000 ) ) ;
#1176 =( LENGTH_UNIT ( ) NAMED_UNIT ( * ) SI_UNIT ( .MILLI., .METRE. ) );
#1177 =( NAMED_UNIT ( * ) SI_UNIT ( $, .STERADIAN. ) SOLID_ANGLE_UNIT ( ) );
#1178 = VERTEX_POINT ( 'NONE', #1558 ) ;
#1179 =( LENGTH_UNIT ( ) NAMED_UNIT ( * ) SI_UNIT ( .MILLI., .METRE. ) );
#1180 = ADVANCED_FACE ( 'NONE', ( #1942 ), #2290, .T. ) ;
#1181 = LINE ( 'NONE', #3522, #347 ) ;
#1182 = PLANE ( 'NONE',  #978 ) ;
#1183 = SURFACE_SIDE_STYLE ('',( #2623 ) ) ;
#1184 = CARTESIAN_POINT ( 'NONE',  ( 2.070710678118655501, 0.000000000000000000, -2.954289321881344410 ) ) ;
#1185 = FILL_AREA_STYLE ('',( #2160 ) ) ;
#1186 = PRESENTATION_STYLE_ASSIGNMENT (( #3898 ) ) ;
#1187 = ORIENTED_EDGE ( 'NONE', *, *, #1222, .F. ) ;
#1188 = ORIENTED_EDGE ( 'NONE', *, *, #2064, .T. ) ;
#1189 = ORIENTED_EDGE ( 'NONE', *, *, #390, .F. ) ;
#1190 = PLANE ( 'NONE',  #488 ) ;
#1191 = ORIENTED_EDGE ( 'NONE', *, *, #3135, .T. ) ;
#1192 = CARTESIAN_POINT ( 'NONE',  ( -3.832284280765937634, 1.151763809020504237, -2.350000000000000089 ) ) ;
#1193 = VECTOR ( 'NONE', #2380, 1000.000000000000000 ) ;
#1194 = VECTOR ( 'NONE', #1385, 1000.000000000000000 ) ;
#1195 = SURFACE_STYLE_FILL_AREA ( #1224 ) ;
#1197 = DIRECTION ( 'NONE',  ( 0.000000000000000000, 0.000000000000000000, -1.000000000000000000 ) ) ;
#1196 = UNCERTAINTY_MEASURE_WITH_UNIT (LENGTH_MEASURE( 1.000000000000000082E-05 ), #777, 'distance_accuracy_value', 'NONE');
#1198 = SURFACE_STYLE_FILL_AREA ( #2821 ) ;
#1199 =( LENGTH_UNIT ( ) NAMED_UNIT ( * ) SI_UNIT ( .MILLI., .METRE. ) );
#1201 = EDGE_CURVE ( 'NONE', #2293, #4108, #1601, .T. ) ;
#1200 = AXIS2_PLACEMENT_3D ( 'NONE', #1955, #1256, #3328 ) ;
#1202 = EDGE_LOOP ( 'NONE', ( #144, #43, #1750 ) ) ;
#1203 = FILL_AREA_STYLE ('',( #4292 ) ) ;
#1204 = AXIS2_PLACEMENT_3D ( 'NONE', #2377, #2070, #367 ) ;
#1205 = AXIS2_PLACEMENT_3D ( 'NONE', #644, #1635, #287 ) ;
#1206 = SURFACE_STYLE_FILL_AREA ( #3224 ) ;
#1207 =( NAMED_UNIT ( * ) SI_UNIT ( $, .STERADIAN. ) SOLID_ANGLE_UNIT ( ) );
#1208 = MECHANICAL_DESIGN_GEOMETRIC_PRESENTATION_REPRESENTATION (  '', ( #2473 ), #2342 ) ;
#1209 = SURFACE_STYLE_USAGE ( .BOTH. , #159 ) ;
#1210 = STYLED_ITEM ( 'NONE', ( #572 ), #314 ) ;
#1211 = VECTOR ( 'NONE', #2840, 1000.000000000000000 ) ;
#1212 = CARTESIAN_POINT ( 'NONE',  ( 3.639099115508123816, 1.099999999999999867, 2.350000000000000089 ) ) ;
#1213 = COLOUR_RGB ( '',0.7529411764705882248, 0.7529411764705882248, 0.7529411764705882248 ) ;
#1214 = ORIENTED_EDGE ( 'NONE', *, *, #1857, .T. ) ;
#1215 = CARTESIAN_POINT ( 'NONE',  ( 3.000000000000000444, 2.899999999999999911, 2.925000000000001599 ) ) ;
#1216 = ADVANCED_FACE ( 'NONE', ( #1584 ), #578, .F. ) ;
#1217 = ORIENTED_EDGE ( 'NONE', *, *, #2843, .F. ) ;
#1218 = AXIS2_PLACEMENT_3D ( 'NONE', #115, #803, #2161 ) ;
#1219 = FACE_OUTER_BOUND ( 'NONE', #1519, .T. ) ;
#1220 = PLANE ( 'NONE',  #1057 ) ;
#1221 = VECTOR ( 'NONE', #2435, 1000.000000000000000 ) ;
#1222 = EDGE_CURVE ( 'NONE', #2058, #1730, #1617, .T. ) ;
#1223 = MECHANICAL_DESIGN_GEOMETRIC_PRESENTATION_REPRESENTATION (  '', ( #927 ), #3154 ) ;
#1224 = FILL_AREA_STYLE ('',( #2818 ) ) ;
#1225 = LINE ( 'NONE', #1263, #534 ) ;
#1226 = EDGE_LOOP ( 'NONE', ( #1654, #2522, #940, #1298 ) ) ;
#1227 = DIRECTION ( 'NONE',  ( 0.2588190451025216277, -0.9659258262890680902, 0.000000000000000000 ) ) ;
#1228 = EDGE_CURVE ( 'NONE', #2455, #1269, #4037, .T. ) ;
#1229 = CARTESIAN_POINT ( 'NONE',  ( -3.639719767662021432, 0.9008088496346673413, -1.649999999999999911 ) ) ;
#1230 = ADVANCED_FACE ( 'NONE', ( #4360 ), #3680, .T. ) ;
#1231 = DIRECTION ( 'NONE',  ( 0.000000000000000000, 1.000000000000000000, 0.000000000000000000 ) ) ;
#1232 =( NAMED_UNIT ( * ) PLANE_ANGLE_UNIT ( ) SI_UNIT ( $, .RADIAN. ) );
#1233 = EDGE_CURVE ( 'NONE', #2754, #554, #2326, .T. ) ;
#1234 = EDGE_CURVE ( 'NONE', #4142, #3408, #187, .T. ) ;
#1235 = DIRECTION ( 'NONE',  ( 0.9659258262890680902, -0.2588190451025213501, 0.000000000000000000 ) ) ;
#1236 = VERTEX_POINT ( 'NONE', #3039 ) ;
#1237 = CARTESIAN_POINT ( 'NONE',  ( -3.599999999999999645, 1.049045040614163149, -2.350000000000000089 ) ) ;
#1238 = ORIENTED_EDGE ( 'NONE', *, *, #4332, .F. ) ;
#1239 = DIRECTION ( 'NONE',  ( 1.000000000000000000, -0.000000000000000000, 0.000000000000000000 ) ) ;
#1240 = PLANE ( 'NONE',  #1139 ) ;
#1241 = EDGE_LOOP ( 'NONE', ( #4239, #1059, #3042, #3931 ) ) ;
#1242 = DIRECTION ( 'NONE',  ( 0.000000000000000000, 0.000000000000000000, 1.000000000000000000 ) ) ;
#1243 = EDGE_CURVE ( 'NONE', #3361, #3682, #3693, .T. ) ;
#1244 =( NAMED_UNIT ( * ) PLANE_ANGLE_UNIT ( ) SI_UNIT ( $, .RADIAN. ) );
#1245 = PRESENTATION_STYLE_ASSIGNMENT (( #2663 ) ) ;
#1246 = DIRECTION ( 'NONE',  ( -0.7071067811865483499, 0.000000000000000000, -0.7071067811865466846 ) ) ;
#1247 = UNCERTAINTY_MEASURE_WITH_UNIT (LENGTH_MEASURE( 1.000000000000000082E-05 ), #1107, 'distance_accuracy_value', 'NONE');
#1248 = VERTEX_POINT ( 'NONE', #1751 ) ;
#1249 = CARTESIAN_POINT ( 'NONE',  ( -2.141421356237308782, 2.799999999999999822, -3.024999999999999911 ) ) ;
#1250 = LINE ( 'NONE', #1998, #184 ) ;
#1251 = MECHANICAL_DESIGN_GEOMETRIC_PRESENTATION_REPRESENTATION (  '', ( #2020 ), #1027 ) ;
#1252 = CARTESIAN_POINT ( 'NONE',  ( 0.000000000000000000, 2.899999999999999911, 2.925000000000000266 ) ) ;
#1253 = PRESENTATION_STYLE_ASSIGNMENT (( #1277 ) ) ;
#1254 = CARTESIAN_POINT ( 'NONE',  ( 3.832284280765937634, 1.151763809020504237, -2.350000000000000089 ) ) ;
#1255 = CARTESIAN_POINT ( 'NONE',  ( -3.100000000000000533, 2.799999999999999822, -2.925000000000000266 ) ) ;
#1256 = DIRECTION ( 'NONE',  ( -0.000000000000000000, -0.000000000000000000, -1.000000000000000000 ) ) ;
#1257 = CARTESIAN_POINT ( 'NONE',  ( -3.099999999999999645, 1.049045040614163149, -2.350000000000000089 ) ) ;
#1258 = ORIENTED_EDGE ( 'NONE', *, *, #1614, .F. ) ;
#1259 = DIRECTION ( 'NONE',  ( -0.000000000000000000, 1.000000000000000000, -0.000000000000000000 ) ) ;
#1260 = STYLED_ITEM ( 'NONE', ( #2436 ), #1065 ) ;
#1261 = EDGE_CURVE ( 'NONE', #1354, #3475, #2828, .T. ) ;
#1262 = CARTESIAN_POINT ( 'NONE',  ( 2.141421356237310114, 2.899999999999999911, -3.024999999999999023 ) ) ;
#1263 = CARTESIAN_POINT ( 'NONE',  ( -3.099999999999999645, 1.300000000000000044, -1.649999999999999911 ) ) ;
#1264 = CARTESIAN_POINT ( 'NONE',  ( -5.000000000000000000, 0.000000000000000000, 2.350000000000000089 ) ) ;
#1265 = ORIENTED_EDGE ( 'NONE', *, *, #1407, .F. ) ;
#1266 = EDGE_CURVE ( 'NONE', #4154, #1820, #2008, .T. ) ;
#1267 = LINE ( 'NONE', #3371, #1551 ) ;
#1268 = VECTOR ( 'NONE', #3593, 1000.000000000000000 ) ;
#1269 = VERTEX_POINT ( 'NONE', #673 ) ;
#1270 = FILL_AREA_STYLE_COLOUR ( '', #2040 ) ;
#1271 = DIRECTION ( 'NONE',  ( 1.000000000000000000, -1.626303258728259412E-15, 0.000000000000000000 ) ) ;
#1272 = VECTOR ( 'NONE', #1801, 1000.000000000000000 ) ;
#1273 = VECTOR ( 'NONE', #1422, 1000.000000000000000 ) ;
#1274 = PRESENTATION_STYLE_ASSIGNMENT (( #223 ) ) ;
#1275 = AXIS2_PLACEMENT_3D ( 'NONE', #406, #4411, #1439 ) ;
#1276 = FILL_AREA_STYLE_COLOUR ( '', #397 ) ;
#1277 = SURFACE_STYLE_USAGE ( .BOTH. , #4298 ) ;
#1278 = DIRECTION ( 'NONE',  ( -0.000000000000000000, -0.000000000000000000, 1.000000000000000000 ) ) ;
#1279 = ORIENTED_EDGE ( 'NONE', *, *, #4092, .F. ) ;
#1280 = CARTESIAN_POINT ( 'NONE',  ( 5.000000000000000000, 0.000000000000000000, -2.350000000000000089 ) ) ;
#1281 =( GEOMETRIC_REPRESENTATION_CONTEXT ( 3 ) GLOBAL_UNCERTAINTY_ASSIGNED_CONTEXT ( ( #2841 ) ) GLOBAL_UNIT_ASSIGNED_CONTEXT ( ( #2714, #2794, #1025 ) ) REPRESENTATION_CONTEXT ( 'NONE', 'WORKASPACE' ) );
#1282 = CIRCLE ( 'NONE', #4128, 0.09999999999999982514 ) ;
#1284 = EDGE_CURVE ( 'NONE', #1797, #3537, #1667, .T. ) ;
#1283 = DIRECTION ( 'NONE',  ( 0.000000000000000000, 0.000000000000000000, 1.000000000000000000 ) ) ;
#1285 = DIRECTION ( 'NONE',  ( -1.000000000000000000, 0.000000000000000000, 0.000000000000000000 ) ) ;
#1286 = ORIENTED_EDGE ( 'NONE', *, *, #2665, .F. ) ;
#1287 = LINE ( 'NONE', #3363, #490 ) ;
#1288 = COLOUR_RGB ( '',0.7529411764705882248, 0.7529411764705882248, 0.7529411764705882248 ) ;
#1289 = SURFACE_STYLE_FILL_AREA ( #217 ) ;
#1290 = SURFACE_SIDE_STYLE ('',( #536 ) ) ;
#1291 = MECHANICAL_DESIGN_GEOMETRIC_PRESENTATION_REPRESENTATION (  '', ( #1988 ), #3569 ) ;
#1292 = VECTOR ( 'NONE', #4025, 1000.000000000000000 ) ;
#1293 = FILL_AREA_STYLE ('',( #4289 ) ) ;
#1294 = ORIENTED_EDGE ( 'NONE', *, *, #811, .T. ) ;
#1295 = CARTESIAN_POINT ( 'NONE',  ( 2.999999999999999556, 0.000000000000000000, -2.924999999999998490 ) ) ;
#1296 = AXIS2_PLACEMENT_3D ( 'NONE', #292, #1940, #3273 ) ;
#1297 = MECHANICAL_DESIGN_GEOMETRIC_PRESENTATION_REPRESENTATION (  '', ( #114 ), #3982 ) ;
#1298 = ORIENTED_EDGE ( 'NONE', *, *, #4426, .F. ) ;
#1299 = PRESENTATION_LAYER_ASSIGNMENT (  '', '', ( #3228 ) ) ;
#1300 = CARTESIAN_POINT ( 'NONE',  ( 3.446534602404207615, 0.8490450406141630824, -1.649999999999999911 ) ) ;
#1301 = LINE ( 'NONE', #4013, #2322 ) ;
#1302 = FILL_AREA_STYLE_COLOUR ( '', #1061 ) ;
#1303 = EDGE_LOOP ( 'NONE', ( #816, #948, #799, #1258 ) ) ;
#1304 = FILL_AREA_STYLE_COLOUR ( '', #119 ) ;
#1305 = CARTESIAN_POINT ( 'NONE',  ( -2.999999999999999556, 2.799999999999999822, 2.825000000000000178 ) ) ;
#1306 = DIRECTION ( 'NONE',  ( 1.000000000000000000, -0.000000000000000000, 0.000000000000000000 ) ) ;
#1307 = ORIENTED_EDGE ( 'NONE', *, *, #686, .T. ) ;
#1308 = CARTESIAN_POINT ( 'NONE',  ( 3.639099115508123816, 1.099999999999999867, -1.649999999999999911 ) ) ;
#1309 = DIRECTION ( 'NONE',  ( -0.000000000000000000, -0.000000000000000000, -1.000000000000000000 ) ) ;
#1310 = UNCERTAINTY_MEASURE_WITH_UNIT (LENGTH_MEASURE( 1.000000000000000082E-05 ), #4160, 'distance_accuracy_value', 'NONE');
#1311 = CARTESIAN_POINT ( 'NONE',  ( 5.000000000000000000, 0.000000000000000000, -2.350000000000000089 ) ) ;
#1312 = ORIENTED_EDGE ( 'NONE', *, *, #703, .T. ) ;
#1313 = CARTESIAN_POINT ( 'NONE',  ( 0.000000000000000000, 3.100000000000000089, 0.000000000000000000 ) ) ;
#1314 = EDGE_CURVE ( 'NONE', #4088, #3653, #27, .T. ) ;
#1315 = EDGE_CURVE ( 'NONE', #1820, #1127, #182, .T. ) ;
#1316 = ORIENTED_EDGE ( 'NONE', *, *, #844, .T. ) ;
#1317 = CARTESIAN_POINT ( 'NONE',  ( -5.000000000000000000, 0.2509549593858368954, 2.350000000000000089 ) ) ;
#1318 = DIRECTION ( 'NONE',  ( -0.9961946980917455452, 0.08715574274765833240, -0.000000000000000000 ) ) ;
#1319 = VERTEX_POINT ( 'NONE', #2077 ) ;
#1320 = EDGE_CURVE ( 'NONE', #2244, #3276, #2684, .T. ) ;
#1321 = CARTESIAN_POINT ( 'NONE',  ( 3.099999999999999645, 2.899999999999999911, -2.824999999999998401 ) ) ;
#1322 = PRESENTATION_LAYER_ASSIGNMENT (  '', '', ( #1612 ) ) ;
#1323 = DIRECTION ( 'NONE',  ( -0.000000000000000000, 1.000000000000000000, -0.000000000000000000 ) ) ;
#1324 = ORIENTED_EDGE ( 'NONE', *, *, #1407, .T. ) ;
#1325 = CARTESIAN_POINT ( 'NONE',  ( -1.858578643762688110, 0.000000000000000000, 3.125000000000000000 ) ) ;
#1326 =( LENGTH_UNIT ( ) NAMED_UNIT ( * ) SI_UNIT ( .MILLI., .METRE. ) );
#1327 = DIRECTION ( 'NONE',  ( 0.9659258262890680902, 0.2588190451025216277, 0.000000000000000000 ) ) ;
#1328 =( GEOMETRIC_REPRESENTATION_CONTEXT ( 3 ) GLOBAL_UNCERTAINTY_ASSIGNED_CONTEXT ( ( #1110 ) ) GLOBAL_UNIT_ASSIGNED_CONTEXT ( ( #3849, #151, #2508 ) ) REPRESENTATION_CONTEXT ( 'NONE', 'WORKASPACE' ) );
#1329 = DIRECTION ( 'NONE',  ( -0.9961946980917455452, -0.08715574274765837404, 0.000000000000000000 ) ) ;
#1330 = ORIENTED_EDGE ( 'NONE', *, *, #169, .F. ) ;
#1331 = DIRECTION ( 'NONE',  ( -0.000000000000000000, -0.000000000000000000, 1.000000000000000000 ) ) ;
#1332 = VECTOR ( 'NONE', #269, 1000.000000000000000 ) ;
#1333 = ORIENTED_EDGE ( 'NONE', *, *, #3758, .T. ) ;
#1334 = AXIS2_PLACEMENT_3D ( 'NONE', #915, #3291, #1915 ) ;
#1335 = DIRECTION ( 'NONE',  ( 0.000000000000000000, -1.000000000000000000, 0.000000000000000000 ) ) ;
#1336 = LINE ( 'NONE', #1948, #4327 ) ;
#1337 = ADVANCED_FACE ( 'NONE', ( #1351 ), #1733, .T. ) ;
#1338 = CIRCLE ( 'NONE', #3814, 1.349999999999999867 ) ;
#1339 = CARTESIAN_POINT ( 'NONE',  ( 2.999999999999999556, 0.000000000000000000, -2.824999999999998401 ) ) ;
#1340 =( NAMED_UNIT ( * ) PLANE_ANGLE_UNIT ( ) SI_UNIT ( $, .RADIAN. ) );
#1341 = VECTOR ( 'NONE', #4352, 1000.000000000000000 ) ;
#1342 = CARTESIAN_POINT ( 'NONE',  ( -1.829289321881343300, 2.899999999999999911, 3.054289321881345387 ) ) ;
#1343 =( GEOMETRIC_REPRESENTATION_CONTEXT ( 3 ) GLOBAL_UNCERTAINTY_ASSIGNED_CONTEXT ( ( #1467 ) ) GLOBAL_UNIT_ASSIGNED_CONTEXT ( ( #2210, #3006, #2648 ) ) REPRESENTATION_CONTEXT ( 'NONE', 'WORKASPACE' ) );
#1344 = CYLINDRICAL_SURFACE ( 'NONE', #632, 0.2000000000000000944 ) ;
#1345 =( GEOMETRIC_REPRESENTATION_CONTEXT ( 3 ) GLOBAL_UNCERTAINTY_ASSIGNED_CONTEXT ( ( #3864 ) ) GLOBAL_UNIT_ASSIGNED_CONTEXT ( ( #4084, #3151, #3797 ) ) REPRESENTATION_CONTEXT ( 'NONE', 'WORKASPACE' ) );
#1346 = VERTEX_POINT ( 'NONE', #2386 ) ;
#1347 = FILL_AREA_STYLE ('',( #1069 ) ) ;
#1348 = ORIENTED_EDGE ( 'NONE', *, *, #1366, .T. ) ;
#1349 = PRESENTATION_LAYER_ASSIGNMENT (  '', '', ( #110 ) ) ;
#1350 = CARTESIAN_POINT ( 'NONE',  ( 3.446534602404207615, 0.8490450406141630824, -2.350000000000000089 ) ) ;
#1351 = FACE_OUTER_BOUND ( 'NONE', #309, .T. ) ;
#1352 = EDGE_CURVE ( 'NONE', #4383, #2816, #2052, .T. ) ;
#1353 = COLOUR_RGB ( '',0.7529411764705882248, 0.7529411764705882248, 0.7529411764705882248 ) ;
#1354 = VERTEX_POINT ( 'NONE', #3089 ) ;
#1355 = DIRECTION ( 'NONE',  ( -0.000000000000000000, -1.000000000000000000, -0.000000000000000000 ) ) ;
#1356 = VERTEX_POINT ( 'NONE', #206 ) ;
#1357 = AXIS2_PLACEMENT_3D ( 'NONE', #4276, #3259, #1535 ) ;
#1358 = AXIS2_PLACEMENT_3D ( 'NONE', #60, #738, #702 ) ;
#1359 = CYLINDRICAL_SURFACE ( 'NONE', #2919, 0.1000000000000001443 ) ;
#1360 = DIRECTION ( 'NONE',  ( 0.000000000000000000, 0.000000000000000000, -1.000000000000000000 ) ) ;
#1361 = CIRCLE ( 'NONE', #3846, 0.2000000000000000944 ) ;
#1362 = CARTESIAN_POINT ( 'NONE',  ( -2.450296909817239232E-15, 2.799999999999999822, 2.824999999999999289 ) ) ;
#1363 = AXIS2_PLACEMENT_3D ( 'NONE', #1159, #815, #3916 ) ;
#1364 = AXIS2_PLACEMENT_3D ( 'NONE', #394, #3066, #4404 ) ;
#1365 = CARTESIAN_POINT ( 'NONE',  ( -1.929289321881342723, 0.000000000000000000, 3.095710678118655412 ) ) ;
#1366 = EDGE_CURVE ( 'NONE', #4154, #1377, #3967, .T. ) ;
#1367 = DIRECTION ( 'NONE',  ( 1.000000000000000000, 0.000000000000000000, 0.000000000000000000 ) ) ;
#1368 = ORIENTED_EDGE ( 'NONE', *, *, #3344, .T. ) ;
#1369 = UNCERTAINTY_MEASURE_WITH_UNIT (LENGTH_MEASURE( 1.000000000000000082E-05 ), #1199, 'distance_accuracy_value', 'NONE');
#1370 = ORIENTED_EDGE ( 'NONE', *, *, #1681, .F. ) ;
#1371 = DIRECTION ( 'NONE',  ( 0.000000000000000000, 1.000000000000000000, 0.000000000000000000 ) ) ;
#1372 = DIRECTION ( 'NONE',  ( 1.000000000000000000, -0.000000000000000000, -0.000000000000000000 ) ) ;
#1373 = FILL_AREA_STYLE_COLOUR ( '', #4180 ) ;
#1374 = ORIENTED_EDGE ( 'NONE', *, *, #3866, .F. ) ;
#1375 = PRESENTATION_STYLE_ASSIGNMENT (( #679 ) ) ;
#1376 = SURFACE_STYLE_USAGE ( .BOTH. , #3781 ) ;
#1377 = VERTEX_POINT ( 'NONE', #2215 ) ;
#1378 = DIRECTION ( 'NONE',  ( 1.000000000000000000, -0.000000000000000000, -0.000000000000000000 ) ) ;
#1379 =( GEOMETRIC_REPRESENTATION_CONTEXT ( 3 ) GLOBAL_UNCERTAINTY_ASSIGNED_CONTEXT ( ( #3000 ) ) GLOBAL_UNIT_ASSIGNED_CONTEXT ( ( #3320, #586, #2361 ) ) REPRESENTATION_CONTEXT ( 'NONE', 'WORKASPACE' ) );
#1380 = PRESENTATION_STYLE_ASSIGNMENT (( #1976 ) ) ;
#1381 =( NAMED_UNIT ( * ) PLANE_ANGLE_UNIT ( ) SI_UNIT ( $, .RADIAN. ) );
#1382 = ADVANCED_FACE ( 'NONE', ( #1866 ), #1092, .T. ) ;
#1383 = ORIENTED_EDGE ( 'NONE', *, *, #2938, .T. ) ;
#1384 = FILL_AREA_STYLE_COLOUR ( '', #2784 ) ;
#1385 = DIRECTION ( 'NONE',  ( -0.000000000000000000, 1.000000000000000000, -0.000000000000000000 ) ) ;
#1386 = PRESENTATION_STYLE_ASSIGNMENT (( #2796 ) ) ;
#1387 = ADVANCED_FACE ( 'NONE', ( #1591, #137, #1569 ), #847, .T. ) ;
#1388 = LINE ( 'NONE', #2096, #25 ) ;
#1389 = ORIENTED_EDGE ( 'NONE', *, *, #888, .F. ) ;
#1390 = SURFACE_STYLE_USAGE ( .BOTH. , #12 ) ;
#1391 = EDGE_CURVE ( 'NONE', #1869, #2257, #2940, .T. ) ;
#1392 = VERTEX_POINT ( 'NONE', #2874 ) ;
#1393 = CARTESIAN_POINT ( 'NONE',  ( 3.099999999999999645, 1.300000000000000044, -1.649999999999999911 ) ) ;
#1394 = COLOUR_RGB ( '',0.7529411764705882248, 0.7529411764705882248, 0.7529411764705882248 ) ;
#1395 = COLOUR_RGB ( '',0.7529411764705882248, 0.7529411764705882248, 0.7529411764705882248 ) ;
#1396 = ORIENTED_EDGE ( 'NONE', *, *, #2910, .T. ) ;
#1397 = CARTESIAN_POINT ( 'NONE',  ( -1.858578643762688776, 2.799999999999999822, -3.025000000000000355 ) ) ;
#1398 = CIRCLE ( 'NONE', #972, 0.09999999999999982514 ) ;
#1399 = COLOUR_RGB ( '',0.7529411764705882248, 0.7529411764705882248, 0.7529411764705882248 ) ;
#1400 = DIRECTION ( 'NONE',  ( 0.000000000000000000, 1.000000000000000000, 0.000000000000000000 ) ) ;
#1401 = CIRCLE ( 'NONE', #1200, 0.2000000000000000944 ) ;
#1402 = VERTEX_POINT ( 'NONE', #4237 ) ;
#1403 = MECHANICAL_DESIGN_GEOMETRIC_PRESENTATION_REPRESENTATION (  '', ( #549 ), #2119 ) ;
#1404 = ORIENTED_EDGE ( 'NONE', *, *, #1895, .T. ) ;
#1406 = EDGE_CURVE ( 'NONE', #494, #4220, #3575, .T. ) ;
#1405 = VECTOR ( 'NONE', #2589, 1000.000000000000000 ) ;
#1407 = EDGE_CURVE ( 'NONE', #2659, #1474, #1772, .T. ) ;
#1408 = VECTOR ( 'NONE', #296, 1000.000000000000000 ) ;
#1409 = DIRECTION ( 'NONE',  ( 0.000000000000000000, 1.000000000000000000, 0.000000000000000000 ) ) ;
#1410 = CARTESIAN_POINT ( 'NONE',  ( 3.639719767662021432, 0.9008088496346673413, -2.350000000000000089 ) ) ;
#1411 = DIRECTION ( 'NONE',  ( 0.000000000000000000, 0.000000000000000000, 1.000000000000000000 ) ) ;
#1412 =( NAMED_UNIT ( * ) PLANE_ANGLE_UNIT ( ) SI_UNIT ( $, .RADIAN. ) );
#1413 = DIRECTION ( 'NONE',  ( -0.000000000000000000, 1.000000000000000000, -0.000000000000000000 ) ) ;
#1414 = VECTOR ( 'NONE', #1372, 1000.000000000000000 ) ;
#1415 = VERTEX_POINT ( 'NONE', #524 ) ;
#1416 = VECTOR ( 'NONE', #4393, 1000.000000000000000 ) ;
#1417 =( NAMED_UNIT ( * ) SI_UNIT ( $, .STERADIAN. ) SOLID_ANGLE_UNIT ( ) );
#1418 = ORIENTED_EDGE ( 'NONE', *, *, #266, .T. ) ;
#1419 = CARTESIAN_POINT ( 'NONE',  ( 5.000000000000000000, 0.2509549593858368954, 2.350000000000000089 ) ) ;
#1420 = VECTOR ( 'NONE', #3803, 1000.000000000000000 ) ;
#1421 = VECTOR ( 'NONE', #47, 1000.000000000000000 ) ;
#1422 = DIRECTION ( 'NONE',  ( -1.000000000000000000, -0.000000000000000000, 0.000000000000000000 ) ) ;
#1423 = AXIS2_PLACEMENT_3D ( 'NONE', #1280, #2630, #3662 ) ;
#1424 = VECTOR ( 'NONE', #1650, 1000.000000000000000 ) ;
#1425 = CARTESIAN_POINT ( 'NONE',  ( -3.792564513103915846, 1.300000000000000044, -2.350000000000000089 ) ) ;
#1426 = AXIS2_PLACEMENT_3D ( 'NONE', #150, #3935, #2548 ) ;
#1427 = ADVANCED_FACE ( 'NONE', ( #2921 ), #4281, .F. ) ;
#1428 = DIRECTION ( 'NONE',  ( 0.000000000000000000, -1.000000000000000000, 0.000000000000000000 ) ) ;
#1429 = SURFACE_STYLE_USAGE ( .BOTH. , #352 ) ;
#1430 = VECTOR ( 'NONE', #1597, 1000.000000000000114 ) ;
#1431 = VERTEX_POINT ( 'NONE', #2250 ) ;
#1432 = ORIENTED_EDGE ( 'NONE', *, *, #670, .T. ) ;
#1433 = DIRECTION ( 'NONE',  ( -0.000000000000000000, -0.000000000000000000, -1.000000000000000000 ) ) ;
#1434 = ORIENTED_EDGE ( 'NONE', *, *, #1284, .F. ) ;
#1435 = SURFACE_STYLE_FILL_AREA ( #2433 ) ;
#1436 = SURFACE_STYLE_USAGE ( .BOTH. , #790 ) ;
#1437 = VERTEX_POINT ( 'NONE', #3613 ) ;
#1438 = CARTESIAN_POINT ( 'NONE',  ( 4.208357894366830720, 0.5209786367072010149, 2.350000000000000089 ) ) ;
#1439 = DIRECTION ( 'NONE',  ( 0.000000000000000000, 0.000000000000000000, 1.000000000000000000 ) ) ;
#1440 = ADVANCED_FACE ( 'NONE', ( #551 ), #1908, .F. ) ;
#1441 = VERTEX_POINT ( 'NONE', #4297 ) ;
#1442 = DIRECTION ( 'NONE',  ( 1.000000000000000000, 0.000000000000000000, -1.398970545142586541E-16 ) ) ;
#1443 = LINE ( 'NONE', #3767, #2970 ) ;
#1444 = VERTEX_POINT ( 'NONE', #2598 ) ;
#1445 =( NAMED_UNIT ( * ) SI_UNIT ( $, .STERADIAN. ) SOLID_ANGLE_UNIT ( ) );
#1446 = DIRECTION ( 'NONE',  ( 0.000000000000000000, 1.000000000000000000, -0.000000000000000000 ) ) ;
#1447 = CARTESIAN_POINT ( 'NONE',  ( -2.141421356237308338, 2.899999999999999911, 2.925000000000000266 ) ) ;
#1448 = ORIENTED_EDGE ( 'NONE', *, *, #4, .F. ) ;
#1449 = ORIENTED_EDGE ( 'NONE', *, *, #2513, .T. ) ;
#1450 = FILL_AREA_STYLE ('',( #786 ) ) ;
#1451 = FILL_AREA_STYLE_COLOUR ( '', #990 ) ;
#1452 = UNCERTAINTY_MEASURE_WITH_UNIT (LENGTH_MEASURE( 1.000000000000000082E-05 ), #1916, 'distance_accuracy_value', 'NONE');
#1453 = VERTEX_POINT ( 'NONE', #3968 ) ;
#1454 = DIRECTION ( 'NONE',  ( 0.000000000000000000, 0.000000000000000000, 1.000000000000000000 ) ) ;
#1455 = LINE ( 'NONE', #520, #2387 ) ;
#1456 = CARTESIAN_POINT ( 'NONE',  ( 3.817985654712924948, 0.2355115019043609315, -1.649999999999999911 ) ) ;
#1457 = FILL_AREA_STYLE_COLOUR ( '', #4419 ) ;
#1458 = ORIENTED_EDGE ( 'NONE', *, *, #905, .T. ) ;
#1459 = FILL_AREA_STYLE ('',( #2425 ) ) ;
#1460 = ORIENTED_EDGE ( 'NONE', *, *, #65, .T. ) ;
#1461 = EDGE_CURVE ( 'NONE', #603, #4088, #2898, .T. ) ;
#1462 = DIRECTION ( 'NONE',  ( -0.000000000000000000, -1.000000000000000000, 0.000000000000000000 ) ) ;
#1463 = LINE ( 'NONE', #709, #1482 ) ;
#1464 = ORIENTED_EDGE ( 'NONE', *, *, #2787, .T. ) ;
#1465 = STYLED_ITEM ( 'NONE', ( #3452 ), #1078 ) ;
#1466 = LINE ( 'NONE', #1497, #193 ) ;
#1467 = UNCERTAINTY_MEASURE_WITH_UNIT (LENGTH_MEASURE( 1.000000000000000082E-05 ), #2210, 'distance_accuracy_value', 'NONE');
#1468 = EDGE_CURVE ( 'NONE', #4225, #435, #1677, .T. ) ;
#1469 = STYLED_ITEM ( 'NONE', ( #2586 ), #4416 ) ;
#1470 = FACE_BOUND ( 'NONE', #3853, .T. ) ;
#1471 = UNCERTAINTY_MEASURE_WITH_UNIT (LENGTH_MEASURE( 1.000000000000000082E-05 ), #3381, 'distance_accuracy_value', 'NONE');
#1472 = ORIENTED_EDGE ( 'NONE', *, *, #3959, .T. ) ;
#1473 = CARTESIAN_POINT ( 'NONE',  ( 2.141421356237305229, 2.899999999999999911, 3.025000000000000799 ) ) ;
#1474 = VERTEX_POINT ( 'NONE', #4320 ) ;
#1475 = MECHANICAL_DESIGN_GEOMETRIC_PRESENTATION_REPRESENTATION (  '', ( #902 ), #1961 ) ;
#1476 = APPLICATION_CONTEXT ( 'automotive_design' ) ;
#1477 = VECTOR ( 'NONE', #2431, 1000.000000000000000 ) ;
#1478 = EDGE_CURVE ( 'NONE', #140, #1579, #2697, .T. ) ;
#1480 = VECTOR ( 'NONE', #4029, 1000.000000000000000 ) ;
#1479 = FILL_AREA_STYLE ('',( #92 ) ) ;
#1481 = CARTESIAN_POINT ( 'NONE',  ( -3.099999999999999645, 1.300000000000000044, -2.350000000000000089 ) ) ;
#1482 = VECTOR ( 'NONE', #2042, 1000.000000000000000 ) ;
#1483 = ORIENTED_EDGE ( 'NONE', *, *, #369, .F. ) ;
#1484 = CYLINDRICAL_SURFACE ( 'NONE', #2969, 0.09999999999999982514 ) ;
#1485 =( GEOMETRIC_REPRESENTATION_CONTEXT ( 3 ) GLOBAL_UNCERTAINTY_ASSIGNED_CONTEXT ( ( #789 ) ) GLOBAL_UNIT_ASSIGNED_CONTEXT ( ( #1176, #3587, #2228 ) ) REPRESENTATION_CONTEXT ( 'NONE', 'WORKASPACE' ) );
#1486 = VERTEX_POINT ( 'NONE', #999 ) ;
#1487 = FACE_OUTER_BOUND ( 'NONE', #3234, .T. ) ;
#1488 = CYLINDRICAL_SURFACE ( 'NONE', #3887, 0.1999999999999996503 ) ;
#1489 = CARTESIAN_POINT ( 'NONE',  ( 3.854231063995529727, 0.1002417929205512842, 2.350000000000000089 ) ) ;
#1490 = ORIENTED_EDGE ( 'NONE', *, *, #2807, .T. ) ;
#1491 = MECHANICAL_DESIGN_GEOMETRIC_PRESENTATION_REPRESENTATION (  '', ( #1508 ), #2624 ) ;
#1492 =( GEOMETRIC_REPRESENTATION_CONTEXT ( 3 ) GLOBAL_UNCERTAINTY_ASSIGNED_CONTEXT ( ( #96 ) ) GLOBAL_UNIT_ASSIGNED_CONTEXT ( ( #3647, #2994, #262 ) ) REPRESENTATION_CONTEXT ( 'NONE', 'WORKASPACE' ) );
#1493 = LINE ( 'NONE', #3570, #4418 ) ;
#1494 = LINE ( 'NONE', #2581, #2041 ) ;
#1495 = ORIENTED_EDGE ( 'NONE', *, *, #1699, .F. ) ;
#1496 = VECTOR ( 'NONE', #528, 1000.000000000000000 ) ;
#1497 = CARTESIAN_POINT ( 'NONE',  ( -3.099999999999999645, 1.300000000000000044, 2.350000000000000089 ) ) ;
#1498 = VECTOR ( 'NONE', #1693, 1000.000000000000000 ) ;
#1499 = AXIS2_PLACEMENT_3D ( 'NONE', #3191, #103, #3275 ) ;
#1500 = CARTESIAN_POINT ( 'NONE',  ( -2.999999999999999556, 2.799999999999999822, 2.825000000000000178 ) ) ;
#1501 = FACE_OUTER_BOUND ( 'NONE', #290, .T. ) ;
#1502 = EDGE_LOOP ( 'NONE', ( #1370, #1054, #826, #4323 ) ) ;
#1503 = DIRECTION ( 'NONE',  ( 0.000000000000000000, 1.000000000000000000, 0.000000000000000000 ) ) ;
#1504 = ORIENTED_EDGE ( 'NONE', *, *, #3134, .T. ) ;
#1505 = EDGE_CURVE ( 'NONE', #2257, #1813, #3706, .T. ) ;
#1506 = ADVANCED_FACE ( 'NONE', ( #4390, #587, #320 ), #1931, .F. ) ;
#1507 = MECHANICAL_DESIGN_GEOMETRIC_PRESENTATION_REPRESENTATION (  '', ( #2357 ), #785 ) ;
#1508 = STYLED_ITEM ( 'NONE', ( #1512 ), #3086 ) ;
#1509 = LINE ( 'NONE', #166, #1777 ) ;
#1510 = ORIENTED_EDGE ( 'NONE', *, *, #3888, .T. ) ;
#1511 = VERTEX_POINT ( 'NONE', #1365 ) ;
#1512 = PRESENTATION_STYLE_ASSIGNMENT (( #125 ) ) ;
#1513 = ADVANCED_FACE ( 'NONE', ( #2275 ), #2652, .T. ) ;
#1514 = LINE ( 'NONE', #480, #1905 ) ;
#1515 = CARTESIAN_POINT ( 'NONE',  ( 1.858578643762687221, 2.899999999999999911, 3.024999999999999467 ) ) ;
#1516 = EDGE_LOOP ( 'NONE', ( #707, #1460, #868, #540, #1756, #88, #2279, #2862, #861, #2497, #2447, #617 ) ) ;
#1517 = LINE ( 'NONE', #2208, #1914 ) ;
#1518 = CARTESIAN_POINT ( 'NONE',  ( 3.832284280765937634, 1.151763809020504237, 2.350000000000000089 ) ) ;
#1519 = EDGE_LOOP ( 'NONE', ( #4000, #4402 ) ) ;
#1520 =( LENGTH_UNIT ( ) NAMED_UNIT ( * ) SI_UNIT ( .MILLI., .METRE. ) );
#1521 =( NAMED_UNIT ( * ) PLANE_ANGLE_UNIT ( ) SI_UNIT ( $, .RADIAN. ) );
#1522 = CYLINDRICAL_SURFACE ( 'NONE', #1576, 0.2000000000000000944 ) ;
#1523 = ORIENTED_EDGE ( 'NONE', *, *, #4197, .F. ) ;
#1524 = FACE_OUTER_BOUND ( 'NONE', #3232, .T. ) ;
#1526 = EDGE_CURVE ( 'NONE', #361, #3682, #955, .T. ) ;
#1525 = DIRECTION ( 'NONE',  ( -1.000000000000000000, 0.000000000000000000, 0.000000000000000000 ) ) ;
#1527 = ORIENTED_EDGE ( 'NONE', *, *, #2696, .T. ) ;
#1528 = ORIENTED_EDGE ( 'NONE', *, *, #266, .F. ) ;
#1529 = PLANE ( 'NONE',  #1995 ) ;
#1530 =( NAMED_UNIT ( * ) PLANE_ANGLE_UNIT ( ) SI_UNIT ( $, .RADIAN. ) );
#1531 = SURFACE_SIDE_STYLE ('',( #867 ) ) ;
#1532 = SURFACE_STYLE_USAGE ( .BOTH. , #153 ) ;
#1533 = VERTEX_POINT ( 'NONE', #3351 ) ;
#1534 = CARTESIAN_POINT ( 'NONE',  ( -2.070710678118653725, 2.799999999999999822, 2.954289321881344854 ) ) ;
#1535 = DIRECTION ( 'NONE',  ( 0.000000000000000000, 0.000000000000000000, 1.000000000000000000 ) ) ;
#1536 = STYLED_ITEM ( 'NONE', ( #3498 ), #1084 ) ;
#1537 = EDGE_CURVE ( 'NONE', #854, #2297, #3304, .T. ) ;
#1538 = CARTESIAN_POINT ( 'NONE',  ( 3.792564513103915846, 1.300000000000000044, 2.350000000000000089 ) ) ;
#1539 = EDGE_CURVE ( 'NONE', #3276, #2439, #226, .T. ) ;
#1540 = CARTESIAN_POINT ( 'NONE',  ( 3.100000000000000089, 2.899999999999999911, -4.302114220422481594E-16 ) ) ;
#1541 = DIRECTION ( 'NONE',  ( -1.000000000000000000, 0.000000000000000000, 0.000000000000000000 ) ) ;
#1542 = CIRCLE ( 'NONE', #2100, 0.09999999999999982514 ) ;
#1543 =( NAMED_UNIT ( * ) SI_UNIT ( $, .STERADIAN. ) SOLID_ANGLE_UNIT ( ) );
#1544 = ORIENTED_EDGE ( 'NONE', *, *, #1553, .T. ) ;
#1545 = DIRECTION ( 'NONE',  ( -0.2588190451025213501, -0.9659258262890680902, 0.000000000000000000 ) ) ;
#1546 = EDGE_LOOP ( 'NONE', ( #387, #3004, #2839, #1510 ) ) ;
#1547 = STYLED_ITEM ( 'NONE', ( #2640 ), #1230 ) ;
#1548 = CARTESIAN_POINT ( 'NONE',  ( -2.070710678118653725, 0.000000000000000000, 2.954289321881344854 ) ) ;
#1549 = DIRECTION ( 'NONE',  ( -0.000000000000000000, -0.000000000000000000, 1.000000000000000000 ) ) ;
#1550 = EDGE_LOOP ( 'NONE', ( #118, #1992, #3024, #3779 ) ) ;
#1551 = VECTOR ( 'NONE', #1355, 1000.000000000000000 ) ;
#1552 = PRESENTATION_LAYER_ASSIGNMENT (  '', '', ( #831 ) ) ;
#1553 = EDGE_CURVE ( 'NONE', #2858, #312, #1658, .T. ) ;
#1554 = AXIS2_PLACEMENT_3D ( 'NONE', #1300, #970, #3007 ) ;
#1555 = COLOUR_RGB ( '',0.7529411764705882248, 0.7529411764705882248, 0.7529411764705882248 ) ;
#1556 = FACE_OUTER_BOUND ( 'NONE', #3359, .T. ) ;
#1558 = CARTESIAN_POINT ( 'NONE',  ( -5.000000000000000000, 0.2509549593858368954, -1.649999999999999911 ) ) ;
#1557 = UNCERTAINTY_MEASURE_WITH_UNIT (LENGTH_MEASURE( 1.000000000000000082E-05 ), #813, 'distance_accuracy_value', 'NONE');
#1559 = VECTOR ( 'NONE', #4215, 999.9999999999998863 ) ;
#1560 = ORIENTED_EDGE ( 'NONE', *, *, #82, .T. ) ;
#1561 = SURFACE_STYLE_FILL_AREA ( #1203 ) ;
#1562 = AXIS2_PLACEMENT_3D ( 'NONE', #3675, #4294, #1271 ) ;
#1563 = EDGE_CURVE ( 'NONE', #278, #2973, #3052, .T. ) ;
#1564 = EDGE_CURVE ( 'NONE', #3998, #74, #304, .T. ) ;
#1565 = DIRECTION ( 'NONE',  ( -1.000000000000000000, 0.000000000000000000, 1.398970545142586541E-16 ) ) ;
#1566 = DIRECTION ( 'NONE',  ( 0.000000000000000000, 1.000000000000000000, -0.000000000000000000 ) ) ;
#1567 = DIRECTION ( 'NONE',  ( 0.000000000000000000, 0.000000000000000000, 1.000000000000000000 ) ) ;
#1568 = VECTOR ( 'NONE', #4380, 1000.000000000000000 ) ;
#1569 = FACE_BOUND ( 'NONE', #2373, .T. ) ;
#1571 = STYLED_ITEM ( 'NONE', ( #1675 ), #343 ) ;
#1570 = FILL_AREA_STYLE_COLOUR ( '', #2824 ) ;
#1572 =( GEOMETRIC_REPRESENTATION_CONTEXT ( 3 ) GLOBAL_UNCERTAINTY_ASSIGNED_CONTEXT ( ( #1794 ) ) GLOBAL_UNIT_ASSIGNED_CONTEXT ( ( #4047, #265, #918 ) ) REPRESENTATION_CONTEXT ( 'NONE', 'WORKASPACE' ) );
#1573 = PRESENTATION_LAYER_ASSIGNMENT (  '', '', ( #2701 ) ) ;
#1574 = VERTEX_POINT ( 'NONE', #2340 ) ;
#1575 = CARTESIAN_POINT ( 'NONE',  ( 0.000000000000000000, 2.799999999999999822, -2.925000000000000266 ) ) ;
#1576 = AXIS2_PLACEMENT_3D ( 'NONE', #1212, #1610, #936 ) ;
#1577 = DIRECTION ( 'NONE',  ( 0.000000000000000000, 0.000000000000000000, -1.000000000000000000 ) ) ;
#1578 =( NAMED_UNIT ( * ) PLANE_ANGLE_UNIT ( ) SI_UNIT ( $, .RADIAN. ) );
#1579 = VERTEX_POINT ( 'NONE', #4087 ) ;
#1580 = DIRECTION ( 'NONE',  ( -1.000000000000000000, 0.000000000000000000, 0.000000000000000000 ) ) ;
#1581 = COLOUR_RGB ( '',0.7529411764705882248, 0.7529411764705882248, 0.7529411764705882248 ) ;
#1582 = AXIS2_PLACEMENT_3D ( 'NONE', #1262, #3624, #2639 ) ;
#1583 = CARTESIAN_POINT ( 'NONE',  ( -3.854231063995529727, 0.1002417929205512842, 1.649999999999999911 ) ) ;
#1584 = FACE_OUTER_BOUND ( 'NONE', #1752, .T. ) ;
#1585 = CARTESIAN_POINT ( 'NONE',  ( 5.000000000000000000, 0.000000000000000000, 2.350000000000000089 ) ) ;
#1586 = VERTEX_POINT ( 'NONE', #3079 ) ;
#1587 = SURFACE_STYLE_USAGE ( .BOTH. , #2935 ) ;
#1588 =( LENGTH_UNIT ( ) NAMED_UNIT ( * ) SI_UNIT ( .MILLI., .METRE. ) );
#1589 = EDGE_CURVE ( 'NONE', #3257, #2058, #1896, .T. ) ;
#1590 = CARTESIAN_POINT ( 'NONE',  ( -3.599999999999999645, 1.049045040614163149, 2.350000000000000089 ) ) ;
#1591 = FACE_OUTER_BOUND ( 'NONE', #1984, .T. ) ;
#1592 = FILL_AREA_STYLE_COLOUR ( '', #98 ) ;
#1593 = SURFACE_STYLE_FILL_AREA ( #590 ) ;
#1594 = ORIENTED_EDGE ( 'NONE', *, *, #3412, .F. ) ;
#1595 = CARTESIAN_POINT ( 'NONE',  ( -2.537033083616079981E-15, 0.000000000000000000, 2.924999999999999378 ) ) ;
#1596 = VERTEX_POINT ( 'NONE', #3415 ) ;
#1597 = DIRECTION ( 'NONE',  ( -0.9961946980917455452, 0.08715574274765833240, 0.000000000000000000 ) ) ;
#1598 = SURFACE_STYLE_USAGE ( .BOTH. , #3999 ) ;
#1599 = CARTESIAN_POINT ( 'NONE',  ( -3.099999999999999645, 1.049045040614163149, -2.350000000000000089 ) ) ;
#1600 = PRESENTATION_STYLE_ASSIGNMENT (( #3366 ) ) ;
#1601 = LINE ( 'NONE', #2577, #966 ) ;
#1602 = CARTESIAN_POINT ( 'NONE',  ( 5.000000000000000000, 0.000000000000000000, -2.350000000000000089 ) ) ;
#1603 = SURFACE_STYLE_FILL_AREA ( #654 ) ;
#1604 = ORIENTED_EDGE ( 'NONE', *, *, #1233, .F. ) ;
#1605 = DIRECTION ( 'NONE',  ( 1.000000000000000000, -0.000000000000000000, -0.000000000000000000 ) ) ;
#1606 = DIRECTION ( 'NONE',  ( -0.9961946980917455452, -0.08715574274765837404, 0.000000000000000000 ) ) ;
#1607 = SURFACE_STYLE_FILL_AREA ( #3303 ) ;
#1608 = ADVANCED_FACE ( 'NONE', ( #1104 ), #2458, .T. ) ;
#1609 = CARTESIAN_POINT ( 'NONE',  ( 5.000000000000000000, 0.2509549593858368954, -1.649999999999999911 ) ) ;
#1610 = DIRECTION ( 'NONE',  ( 0.000000000000000000, 0.000000000000000000, -1.000000000000000000 ) ) ;
#1611 = LINE ( 'NONE', #3287, #1137 ) ;
#1612 = STYLED_ITEM ( 'NONE', ( #2247 ), #949 ) ;
#1613 = CARTESIAN_POINT ( 'NONE',  ( 2.141421356237305229, 0.000000000000000000, 2.925000000000001155 ) ) ;
#1614 = EDGE_CURVE ( 'NONE', #1877, #1813, #2786, .T. ) ;
#1615 = ORIENTED_EDGE ( 'NONE', *, *, #2541, .T. ) ;
#1616 = SURFACE_STYLE_USAGE ( .BOTH. , #1664 ) ;
#1617 = LINE ( 'NONE', #2242, #1332 ) ;
#1618 = CARTESIAN_POINT ( 'NONE',  ( 3.817985654712924948, 0.2355115019043608482, -2.350000000000000089 ) ) ;
#1619 = DIRECTION ( 'NONE',  ( -1.000000000000000000, 0.000000000000000000, -8.673617379884035472E-16 ) ) ;
#1620 = EDGE_LOOP ( 'NONE', ( #951, #1885, #3264, #3399 ) ) ;
#1621 = DIRECTION ( 'NONE',  ( 0.000000000000000000, -1.000000000000000000, -0.000000000000000000 ) ) ;
#1622 = MECHANICAL_DESIGN_GEOMETRIC_PRESENTATION_REPRESENTATION (  '', ( #99 ), #829 ) ;
#1623 = EDGE_CURVE ( 'NONE', #643, #2949, #3121, .T. ) ;
#1624 = AXIS2_PLACEMENT_3D ( 'NONE', #2982, #4065, #3658 ) ;
#1625 = VERTEX_POINT ( 'NONE', #3479 ) ;
#1626 = SURFACE_STYLE_USAGE ( .BOTH. , #4344 ) ;
#1627 = CARTESIAN_POINT ( 'NONE',  ( 5.000000000000000000, 0.2509549593858368954, -1.649999999999999911 ) ) ;
#1628 = MECHANICAL_DESIGN_GEOMETRIC_PRESENTATION_REPRESENTATION (  '', ( #2830 ), #2194 ) ;
#1629 = CIRCLE ( 'NONE', #107, 1.449999999999999956 ) ;
#1630 =( NAMED_UNIT ( * ) PLANE_ANGLE_UNIT ( ) SI_UNIT ( $, .RADIAN. ) );
#1631 = DIRECTION ( 'NONE',  ( -1.000000000000000000, -0.000000000000000000, -0.000000000000000000 ) ) ;
#1632 = AXIS2_PLACEMENT_3D ( 'NONE', #3296, #1327, #3626 ) ;
#1633 = ORIENTED_EDGE ( 'NONE', *, *, #896, .F. ) ;
#1634 = DIRECTION ( 'NONE',  ( -1.387778780781445676E-16, -0.000000000000000000, -1.000000000000000000 ) ) ;
#1635 = DIRECTION ( 'NONE',  ( 0.000000000000000000, 1.000000000000000000, 0.000000000000000000 ) ) ;
#1636 = AXIS2_PLACEMENT_3D ( 'NONE', #1007, #2078, #1411 ) ;
#1637 = VECTOR ( 'NONE', #1703, 1000.000000000000000 ) ;
#1638 = COLOUR_RGB ( '',0.7529411764705882248, 0.7529411764705882248, 0.7529411764705882248 ) ;
#1639 = CIRCLE ( 'NONE', #4339, 1.349999999999999867 ) ;
#1640 = ORIENTED_EDGE ( 'NONE', *, *, #407, .F. ) ;
#1641 = EDGE_CURVE ( 'NONE', #3877, #2659, #2765, .T. ) ;
#1642 = EDGE_CURVE ( 'NONE', #2569, #4407, #1443, .T. ) ;
#1643 = VECTOR ( 'NONE', #805, 999.9999999999998863 ) ;
#1644 = STYLED_ITEM ( 'NONE', ( #2760 ), #2749 ) ;
#1645 = DIRECTION ( 'NONE',  ( 1.000000000000000000, 0.000000000000000000, 8.673617379884035472E-16 ) ) ;
#1646 = SURFACE_STYLE_USAGE ( .BOTH. , #1290 ) ;
#1647 = AXIS2_PLACEMENT_3D ( 'NONE', #1030, #2392, #2035 ) ;
#1648 = AXIS2_PLACEMENT_3D ( 'NONE', #311, #1670, #2664 ) ;
#1649 = FACE_OUTER_BOUND ( 'NONE', #497, .T. ) ;
#1650 = DIRECTION ( 'NONE',  ( -0.000000000000000000, -0.000000000000000000, -1.000000000000000000 ) ) ;
#1651 = ORIENTED_EDGE ( 'NONE', *, *, #2556, .T. ) ;
#1652 = DIRECTION ( 'NONE',  ( 0.7071067811865530128, -0.000000000000000000, 0.7071067811865421326 ) ) ;
#1653 = VECTOR ( 'NONE', #2006, 1000.000000000000000 ) ;
#1654 = ORIENTED_EDGE ( 'NONE', *, *, #1261, .F. ) ;
#1655 = SURFACE_STYLE_FILL_AREA ( #281 ) ;
#1656 = STYLED_ITEM ( 'NONE', ( #470 ), #4069 ) ;
#1657 = CARTESIAN_POINT ( 'NONE',  ( -2.070710678118654613, 2.899999999999999911, -2.954289321881344854 ) ) ;
#1658 = LINE ( 'NONE', #251, #1341 ) ;
#1659 = DIRECTION ( 'NONE',  ( 0.000000000000000000, 0.000000000000000000, 1.000000000000000000 ) ) ;
#1660 = CARTESIAN_POINT ( 'NONE',  ( 2.999999999999999556, 2.799999999999999822, -2.824999999999998401 ) ) ;
#1661 = LINE ( 'NONE', #1321, #1193 ) ;
#1662 = SURFACE_STYLE_USAGE ( .BOTH. , #557 ) ;
#1663 = VERTEX_POINT ( 'NONE', #2806 ) ;
#1664 = SURFACE_SIDE_STYLE ('',( #3952 ) ) ;
#1665 = EDGE_CURVE ( 'NONE', #156, #717, #3174, .T. ) ;
#1666 = DIRECTION ( 'NONE',  ( 0.000000000000000000, 0.000000000000000000, 1.000000000000000000 ) ) ;
#1667 = LINE ( 'NONE', #6, #2335 ) ;
#1668 = DIRECTION ( 'NONE',  ( 1.000000000000000000, -0.000000000000000000, 4.336808689942024836E-15 ) ) ;
#1669 = UNCERTAINTY_MEASURE_WITH_UNIT (LENGTH_MEASURE( 1.000000000000000082E-05 ), #1588, 'distance_accuracy_value', 'NONE');
#1670 = DIRECTION ( 'NONE',  ( 0.000000000000000000, 1.000000000000000000, 0.000000000000000000 ) ) ;
#1671 = VERTEX_POINT ( 'NONE', #81 ) ;
#1672 = CARTESIAN_POINT ( 'NONE',  ( -3.100000000000000533, 0.000000000000000000, -2.825000000000000178 ) ) ;
#1673 = DIRECTION ( 'NONE',  ( -0.000000000000000000, -0.000000000000000000, 1.000000000000000000 ) ) ;
#1674 = DIRECTION ( 'NONE',  ( 0.000000000000000000, 0.000000000000000000, 1.000000000000000000 ) ) ;
#1675 = PRESENTATION_STYLE_ASSIGNMENT (( #2721 ) ) ;
#1676 = EDGE_CURVE ( 'NONE', #1116, #3408, #1463, .T. ) ;
#1677 = LINE ( 'NONE', #2018, #3404 ) ;
#1678 = ORIENTED_EDGE ( 'NONE', *, *, #612, .T. ) ;
#1679 = LINE ( 'NONE', #1342, #912 ) ;
#1680 = MECHANICAL_DESIGN_GEOMETRIC_PRESENTATION_REPRESENTATION (  '', ( #1465 ), #2028 ) ;
#1681 = EDGE_CURVE ( 'NONE', #669, #140, #3759, .T. ) ;
#1682 =( NAMED_UNIT ( * ) SI_UNIT ( $, .STERADIAN. ) SOLID_ANGLE_UNIT ( ) );
#1683 = FILL_AREA_STYLE ('',( #4091 ) ) ;
#1684 = ORIENTED_EDGE ( 'NONE', *, *, #4130, .F. ) ;
#1685 = ORIENTED_EDGE ( 'NONE', *, *, #897, .F. ) ;
#1686 = CARTESIAN_POINT ( 'NONE',  ( 0.000000000000000000, 3.100000000000000089, 1.349999999999999867 ) ) ;
#1687 = DIRECTION ( 'NONE',  ( 0.000000000000000000, 1.000000000000000000, 0.000000000000000000 ) ) ;
#1688 = LINE ( 'NONE', #3627, #570 ) ;
#1689 = ORIENTED_EDGE ( 'NONE', *, *, #2238, .F. ) ;
#1690 = LINE ( 'NONE', #1295, #3329 ) ;
#1691 = ORIENTED_EDGE ( 'NONE', *, *, #293, .T. ) ;
#1692 =( GEOMETRIC_REPRESENTATION_CONTEXT ( 3 ) GLOBAL_UNCERTAINTY_ASSIGNED_CONTEXT ( ( #3254 ) ) GLOBAL_UNIT_ASSIGNED_CONTEXT ( ( #19, #371, #1682 ) ) REPRESENTATION_CONTEXT ( 'NONE', 'WORKASPACE' ) );
#1693 = DIRECTION ( 'NONE',  ( 1.000000000000000000, 0.000000000000000000, 0.000000000000000000 ) ) ;
#1694 = FILL_AREA_STYLE_COLOUR ( '', #4162 ) ;
#1695 = SURFACE_SIDE_STYLE ('',( #384 ) ) ;
#1697 = ADVANCED_FACE ( 'NONE', ( #1743 ), #3100, .F. ) ;
#1696 =( GEOMETRIC_REPRESENTATION_CONTEXT ( 3 ) GLOBAL_UNCERTAINTY_ASSIGNED_CONTEXT ( ( #2330 ) ) GLOBAL_UNIT_ASSIGNED_CONTEXT ( ( #244, #2313, #3672 ) ) REPRESENTATION_CONTEXT ( 'NONE', 'WORKASPACE' ) );
#1698 = CARTESIAN_POINT ( 'NONE',  ( 3.446534602404207615, 0.8490450406141630824, 2.350000000000000089 ) ) ;
#1699 = EDGE_CURVE ( 'NONE', #603, #1533, #1494, .T. ) ;
#1700 = PRESENTATION_LAYER_ASSIGNMENT (  '', '', ( #3044 ) ) ;
#1701 = DIRECTION ( 'NONE',  ( 0.2588190451025213501, -0.9659258262890680902, 0.000000000000000000 ) ) ;
#1702 = ORIENTED_EDGE ( 'NONE', *, *, #83, .T. ) ;
#1703 = DIRECTION ( 'NONE',  ( 0.7071067811865483499, 0.000000000000000000, 0.7071067811865467956 ) ) ;
#1704 = STYLED_ITEM ( 'NONE', ( #836 ), #2044 ) ;
#1705 = AXIS2_PLACEMENT_3D ( 'NONE', #1051, #1734, #3755 ) ;
#1706 = EDGE_LOOP ( 'NONE', ( #1348, #3119, #2515 ) ) ;
#1707 = CARTESIAN_POINT ( 'NONE',  ( 0.000000000000000000, 2.799999999999999822, 2.825000000000000178 ) ) ;
#1708 = VECTOR ( 'NONE', #3668, 1000.000000000000000 ) ;
#1709 = CYLINDRICAL_SURFACE ( 'NONE', #865, 0.09999999999999982514 ) ;
#1710 = SURFACE_STYLE_FILL_AREA ( #3090 ) ;
#1711 = AXIS2_PLACEMENT_3D ( 'NONE', #1811, #1761, #3827 ) ;
#1712 = CARTESIAN_POINT ( 'NONE',  ( -1.858578643762688554, 2.799999999999999822, -3.025000000000000355 ) ) ;
#1713 = AXIS2_PLACEMENT_3D ( 'NONE', #467, #1814, #2498 ) ;
#1714 =( GEOMETRIC_REPRESENTATION_CONTEXT ( 3 ) GLOBAL_UNCERTAINTY_ASSIGNED_CONTEXT ( ( #330 ) ) GLOBAL_UNIT_ASSIGNED_CONTEXT ( ( #1747, #20, #667 ) ) REPRESENTATION_CONTEXT ( 'NONE', 'WORKASPACE' ) );
#1715 = LINE ( 'NONE', #734, #3202 ) ;
#1716 = ORIENTED_EDGE ( 'NONE', *, *, #2391, .F. ) ;
#1717 = PRESENTATION_LAYER_ASSIGNMENT (  '', '', ( #638 ) ) ;
#1718 = DIRECTION ( 'NONE',  ( -1.000000000000000000, 0.000000000000000000, -0.000000000000000000 ) ) ;
#1719 = CYLINDRICAL_SURFACE ( 'NONE', #1097, 0.2000000000000000944 ) ;
#1720 = ORIENTED_EDGE ( 'NONE', *, *, #1222, .T. ) ;
#1721 = AXIS2_PLACEMENT_3D ( 'NONE', #355, #1071, #2430 ) ;
#1722 = DIRECTION ( 'NONE',  ( -0.000000000000000000, -0.000000000000000000, 1.000000000000000000 ) ) ;
#1723 = EDGE_CURVE ( 'NONE', #1820, #4151, #4253, .T. ) ;
#1724 =( GEOMETRIC_REPRESENTATION_CONTEXT ( 3 ) GLOBAL_UNCERTAINTY_ASSIGNED_CONTEXT ( ( #3911 ) ) GLOBAL_UNIT_ASSIGNED_CONTEXT ( ( #145, #70, #3236 ) ) REPRESENTATION_CONTEXT ( 'NONE', 'WORKASPACE' ) );
#1725 = FILL_AREA_STYLE ('',( #346 ) ) ;
#1726 = SURFACE_SIDE_STYLE ('',( #683 ) ) ;
#1727 = DIRECTION ( 'NONE',  ( 1.000000000000000000, 0.000000000000000000, 0.000000000000000000 ) ) ;
#1728 = CARTESIAN_POINT ( 'NONE',  ( 3.639099115508123816, 1.099999999999999867, 2.350000000000000089 ) ) ;
#1729 = UNCERTAINTY_MEASURE_WITH_UNIT (LENGTH_MEASURE( 1.000000000000000082E-05 ), #3577, 'distance_accuracy_value', 'NONE');
#1730 = VERTEX_POINT ( 'NONE', #1518 ) ;
#1731 = ADVANCED_FACE ( 'NONE', ( #2873 ), #1182, .T. ) ;
#1732 = DIRECTION ( 'NONE',  ( -1.387778780781445676E-16, -0.000000000000000000, -1.000000000000000000 ) ) ;
#1733 = SPHERICAL_SURFACE ( 'NONE', #101, 0.1000000000000000056 ) ;
#1734 = DIRECTION ( 'NONE',  ( -0.000000000000000000, -0.000000000000000000, 1.000000000000000000 ) ) ;
#1735 = PRESENTATION_STYLE_ASSIGNMENT (( #2751 ) ) ;
#1736 = DIRECTION ( 'NONE',  ( 0.000000000000000000, -1.000000000000000000, 0.000000000000000000 ) ) ;
#1737 = ORIENTED_EDGE ( 'NONE', *, *, #3272, .T. ) ;
#1738 = DIRECTION ( 'NONE',  ( 0.000000000000000000, 0.000000000000000000, 1.000000000000000000 ) ) ;
#1739 = DIRECTION ( 'NONE',  ( 0.7071067811865466846, -0.000000000000000000, 0.7071067811865483499 ) ) ;
#1740 =( NAMED_UNIT ( * ) PLANE_ANGLE_UNIT ( ) SI_UNIT ( $, .RADIAN. ) );
#1741 = ORIENTED_EDGE ( 'NONE', *, *, #1266, .T. ) ;
#1742 = SURFACE_STYLE_FILL_AREA ( #1459 ) ;
#1743 = FACE_OUTER_BOUND ( 'NONE', #2896, .T. ) ;
#1744 = ORIENTED_EDGE ( 'NONE', *, *, #920, .F. ) ;
#1745 = CARTESIAN_POINT ( 'NONE',  ( 3.446534602404207615, 1.049045040614163149, 1.649999999999999911 ) ) ;
#1746 = EDGE_CURVE ( 'NONE', #2324, #3696, #3571, .T. ) ;
#1747 =( LENGTH_UNIT ( ) NAMED_UNIT ( * ) SI_UNIT ( .MILLI., .METRE. ) );
#1748 = ORIENTED_EDGE ( 'NONE', *, *, #1860, .F. ) ;
#1749 = DIRECTION ( 'NONE',  ( 0.7071067811865474617, 0.000000000000000000, -0.7071067811865474617 ) ) ;
#1750 = ORIENTED_EDGE ( 'NONE', *, *, #905, .F. ) ;
#1751 = CARTESIAN_POINT ( 'NONE',  ( -3.993739671421206339, 0.08803637130651603693, -2.350000000000000089 ) ) ;
#1752 = EDGE_LOOP ( 'NONE', ( #1217, #838, #657, #2012, #124, #3377, #1917, #2383, #1147, #3737, #2817, #3917 ) ) ;
#1753 = CARTESIAN_POINT ( 'NONE',  ( 4.015172729109017347, 0.4692148276866964229, -1.649999999999999911 ) ) ;
#1754 = LINE ( 'NONE', #3095, #2453 ) ;
#1755 = CARTESIAN_POINT ( 'NONE',  ( -3.639719767662021432, 0.9008088496346673413, -2.350000000000000089 ) ) ;
#1756 = ORIENTED_EDGE ( 'NONE', *, *, #3622, .T. ) ;
#1757 =( NAMED_UNIT ( * ) SI_UNIT ( $, .STERADIAN. ) SOLID_ANGLE_UNIT ( ) );
#1758 = AXIS2_PLACEMENT_3D ( 'NONE', #986, #2773, #294 ) ;
#1759 = AXIS2_PLACEMENT_3D ( 'NONE', #706, #1103, #2133 ) ;
#1760 =( GEOMETRIC_REPRESENTATION_CONTEXT ( 3 ) GLOBAL_UNCERTAINTY_ASSIGNED_CONTEXT ( ( #884 ) ) GLOBAL_UNIT_ASSIGNED_CONTEXT ( ( #2676, #1381, #714 ) ) REPRESENTATION_CONTEXT ( 'NONE', 'WORKASPACE' ) );
#1761 = DIRECTION ( 'NONE',  ( 0.000000000000000000, 0.000000000000000000, 1.000000000000000000 ) ) ;
#1762 =( GEOMETRIC_REPRESENTATION_CONTEXT ( 3 ) GLOBAL_UNCERTAINTY_ASSIGNED_CONTEXT ( ( #1964 ) ) GLOBAL_UNIT_ASSIGNED_CONTEXT ( ( #2148, #2080, #3111 ) ) REPRESENTATION_CONTEXT ( 'NONE', 'WORKASPACE' ) );
#1763 = STYLED_ITEM ( 'NONE', ( #4051 ), #1337 ) ;
#1764 = CARTESIAN_POINT ( 'NONE',  ( 3.099999999999999645, 1.300000000000000044, 1.649999999999999911 ) ) ;
#1765 = COLOUR_RGB ( '',0.7529411764705882248, 0.7529411764705882248, 0.7529411764705882248 ) ;
#1766 =( LENGTH_UNIT ( ) NAMED_UNIT ( * ) SI_UNIT ( .MILLI., .METRE. ) );
#1767 = ORIENTED_EDGE ( 'NONE', *, *, #2882, .T. ) ;
#1768 = VECTOR ( 'NONE', #798, 1000.000000000000000 ) ;
#1769 = ORIENTED_EDGE ( 'NONE', *, *, #2584, .F. ) ;
#1771 = EDGE_CURVE ( 'NONE', #4145, #2927, #1629, .T. ) ;
#1770 = LINE ( 'NONE', #731, #1653 ) ;
#1772 = LINE ( 'NONE', #2121, #1268 ) ;
#1773 = CARTESIAN_POINT ( 'NONE',  ( 3.099999999999999645, 1.300000000000000044, -2.350000000000000089 ) ) ;
#1774 = ORIENTED_EDGE ( 'NONE', *, *, #3867, .F. ) ;
#1775 = FILL_AREA_STYLE ('',( #675 ) ) ;
#1776 = FILL_AREA_STYLE_COLOUR ( '', #104 ) ;
#1777 = VECTOR ( 'NONE', #4224, 1000.000000000000000 ) ;
#1778 = EDGE_LOOP ( 'NONE', ( #2552, #2075, #2600, #2795 ) ) ;
#1779 = FILL_AREA_STYLE ('',( #658 ) ) ;
#1780 = PRESENTATION_LAYER_ASSIGNMENT (  '', '', ( #3133 ) ) ;
#1781 = LINE ( 'NONE', #3435, #408 ) ;
#1782 = CARTESIAN_POINT ( 'NONE',  ( 5.000000000000000000, 0.000000000000000000, 2.350000000000000089 ) ) ;
#1783 = EDGE_LOOP ( 'NONE', ( #4057, #3510, #3037, #2691 ) ) ;
#1784 =( LENGTH_UNIT ( ) NAMED_UNIT ( * ) SI_UNIT ( .MILLI., .METRE. ) );
#1785 = ORIENTED_EDGE ( 'NONE', *, *, #2269, .F. ) ;
#1786 = MECHANICAL_DESIGN_GEOMETRIC_PRESENTATION_REPRESENTATION (  '', ( #637 ), #1986 ) ;
#1787 = PRESENTATION_LAYER_ASSIGNMENT (  '', '', ( #3142 ) ) ;
#1788 = EDGE_CURVE ( 'NONE', #2293, #4383, #4184, .T. ) ;
#1789 = PRESENTATION_STYLE_ASSIGNMENT (( #3743 ) ) ;
#1790 = CIRCLE ( 'NONE', #1647, 0.2000000000000000944 ) ;
#1791 =( GEOMETRIC_REPRESENTATION_CONTEXT ( 3 ) GLOBAL_UNCERTAINTY_ASSIGNED_CONTEXT ( ( #3424 ) ) GLOBAL_UNIT_ASSIGNED_CONTEXT ( ( #2095, #1026, #3812 ) ) REPRESENTATION_CONTEXT ( 'NONE', 'WORKASPACE' ) );
#1792 = ORIENTED_EDGE ( 'NONE', *, *, #2391, .T. ) ;
#1793 = CYLINDRICAL_SURFACE ( 'NONE', #3816, 0.09999999999999982514 ) ;
#1794 = UNCERTAINTY_MEASURE_WITH_UNIT (LENGTH_MEASURE( 1.000000000000000082E-05 ), #4047, 'distance_accuracy_value', 'NONE');
#1795 = SPHERICAL_SURFACE ( 'NONE', #195, 0.1000000000000000056 ) ;
#1796 =( NAMED_UNIT ( * ) SI_UNIT ( $, .STERADIAN. ) SOLID_ANGLE_UNIT ( ) );
#1797 = VERTEX_POINT ( 'NONE', #2530 ) ;
#1798 =( NAMED_UNIT ( * ) SI_UNIT ( $, .STERADIAN. ) SOLID_ANGLE_UNIT ( ) );
#1799 = CARTESIAN_POINT ( 'NONE',  ( -5.000000000000000000, 0.000000000000000000, -2.350000000000000089 ) ) ;
#1800 = ORIENTED_EDGE ( 'NONE', *, *, #3216, .F. ) ;
#1801 = DIRECTION ( 'NONE',  ( -0.000000000000000000, -0.000000000000000000, -1.000000000000000000 ) ) ;
#1802 = ADVANCED_FACE ( 'NONE', ( #3545 ), #890, .F. ) ;
#1803 = EDGE_CURVE ( 'NONE', #1671, #532, #840, .T. ) ;
#1804 = EDGE_LOOP ( 'NONE', ( #917, #2804, #2791, #2880 ) ) ;
#1805 = DIRECTION ( 'NONE',  ( 0.7071067811865475727, -0.000000000000000000, -0.7071067811865475727 ) ) ;
#1806 = DIRECTION ( 'NONE',  ( 1.000000000000000000, 0.000000000000000000, 0.000000000000000000 ) ) ;
#1807 = VERTEX_POINT ( 'NONE', #969 ) ;
#1808 = SURFACE_STYLE_USAGE ( .BOTH. , #38 ) ;
#1809 = CARTESIAN_POINT ( 'NONE',  ( -3.792564513103915846, 1.300000000000000044, 2.350000000000000089 ) ) ;
#1810 = CARTESIAN_POINT ( 'NONE',  ( 5.000000000000000000, 0.2509549593858368954, 1.649999999999999911 ) ) ;
#1811 = CARTESIAN_POINT ( 'NONE',  ( 4.011170819970738322, 0.2872753109248650794, -1.649999999999999911 ) ) ;
#1812 = SURFACE_STYLE_USAGE ( .BOTH. , #3158 ) ;
#1813 = VERTEX_POINT ( 'NONE', #1627 ) ;
#1814 = DIRECTION ( 'NONE',  ( 0.000000000000000000, 0.000000000000000000, 1.000000000000000000 ) ) ;
#1815 = ORIENTED_EDGE ( 'NONE', *, *, #1539, .F. ) ;
#1816 = FACE_OUTER_BOUND ( 'NONE', #93, .T. ) ;
#1817 = FACE_OUTER_BOUND ( 'NONE', #2358, .T. ) ;
#1818 = UNCERTAINTY_MEASURE_WITH_UNIT (LENGTH_MEASURE( 1.000000000000000082E-05 ), #3511, 'distance_accuracy_value', 'NONE');
#1819 = CARTESIAN_POINT ( 'NONE',  ( 4.051418138391622570, 0.3339451187028870116, 1.649999999999999911 ) ) ;
#1820 = VERTEX_POINT ( 'NONE', #2670 ) ;
#1821 = DIRECTION ( 'NONE',  ( -0.9961946980917455452, 0.08715574274765833240, 0.000000000000000000 ) ) ;
#1822 = DIRECTION ( 'NONE',  ( 0.000000000000000000, 0.000000000000000000, 1.000000000000000000 ) ) ;
#1823 = FACE_OUTER_BOUND ( 'NONE', #3648, .T. ) ;
#1824 = VERTEX_POINT ( 'NONE', #3702 ) ;
#1825 = EDGE_CURVE ( 'NONE', #74, #3691, #2832, .T. ) ;
#1826 = PRESENTATION_STYLE_ASSIGNMENT (( #3123 ) ) ;
#1827 = UNCERTAINTY_MEASURE_WITH_UNIT (LENGTH_MEASURE( 1.000000000000000082E-05 ), #2947, 'distance_accuracy_value', 'NONE');
#1828 = DIRECTION ( 'NONE',  ( 0.000000000000000000, 0.000000000000000000, 1.000000000000000000 ) ) ;
#1829 = FACE_OUTER_BOUND ( 'NONE', #2118, .T. ) ;
#1830 = VERTEX_POINT ( 'NONE', #639 ) ;
#1831 = DIRECTION ( 'NONE',  ( -1.000000000000000000, 0.000000000000000000, 1.398970545142586541E-16 ) ) ;
#1832 = ORIENTED_EDGE ( 'NONE', *, *, #1243, .T. ) ;
#1833 = VECTOR ( 'NONE', #3393, 1000.000000000000114 ) ;
#1834 = STYLED_ITEM ( 'NONE', ( #2752 ), #752 ) ;
#1835 = VECTOR ( 'NONE', #411, 1000.000000000000000 ) ;
#1836 = ORIENTED_EDGE ( 'NONE', *, *, #380, .T. ) ;
#1837 = VERTEX_POINT ( 'NONE', #3318 ) ;
#1838 = MECHANICAL_DESIGN_GEOMETRIC_PRESENTATION_REPRESENTATION (  '', ( #1704 ), #3051 ) ;
#1839 = FILL_AREA_STYLE ('',( #4246 ) ) ;
#1840 = SURFACE_STYLE_USAGE ( .BOTH. , #1531 ) ;
#1841 = ORIENTED_EDGE ( 'NONE', *, *, #3610, .F. ) ;
#1842 = AXIS2_PLACEMENT_3D ( 'NONE', #4089, #2379, #4435 ) ;
#1843 = AXIS2_PLACEMENT_3D ( 'NONE', #1728, #308, #4397 ) ;
#1844 = CARTESIAN_POINT ( 'NONE',  ( 2.999999999999999556, 2.899999999999999911, -2.824999999999998401 ) ) ;
#1845 = FILL_AREA_STYLE ('',( #2248 ) ) ;
#1846 = ORIENTED_EDGE ( 'NONE', *, *, #4370, .F. ) ;
#1847 = COLOUR_RGB ( '',0.7529411764705882248, 0.7529411764705882248, 0.7529411764705882248 ) ;
#1848 =( NAMED_UNIT ( * ) PLANE_ANGLE_UNIT ( ) SI_UNIT ( $, .RADIAN. ) );
#1849 = AXIS2_PLACEMENT_3D ( 'NONE', #3996, #908, #1933 ) ;
#1850 = EDGE_CURVE ( 'NONE', #2324, #3140, #1250, .T. ) ;
#1851 = AXIS2_PLACEMENT_3D ( 'NONE', #3046, #3451, #1738 ) ;
#1852 = STYLED_ITEM ( 'NONE', ( #3651 ), #2881 ) ;
#1853 = CARTESIAN_POINT ( 'NONE',  ( 0.000000000000000000, 10.30121933088197572, 0.000000000000000000 ) ) ;
#1854 = ORIENTED_EDGE ( 'NONE', *, *, #3181, .F. ) ;
#1855 = CARTESIAN_POINT ( 'NONE',  ( -3.854231063995529727, 0.1002417929205512842, -2.350000000000000089 ) ) ;
#1856 = ORIENTED_EDGE ( 'NONE', *, *, #4176, .F. ) ;
#1857 = EDGE_CURVE ( 'NONE', #2871, #4159, #1336, .T. ) ;
#1858 = FILL_AREA_STYLE_COLOUR ( '', #4187 ) ;
#1859 = VERTEX_POINT ( 'NONE', #953 ) ;
#1860 = EDGE_CURVE ( 'NONE', #2302, #4434, #2596, .T. ) ;
#1861 = CARTESIAN_POINT ( 'NONE',  ( 2.999999999999999556, 2.799999999999999822, -2.824999999999998401 ) ) ;
#1862 = SURFACE_STYLE_FILL_AREA ( #3604 ) ;
#1863 = ORIENTED_EDGE ( 'NONE', *, *, #2787, .F. ) ;
#1864 = PRESENTATION_STYLE_ASSIGNMENT (( #1136 ) ) ;
#1865 = PLANE ( 'NONE',  #3823 ) ;
#1866 = FACE_OUTER_BOUND ( 'NONE', #1783, .T. ) ;
#1867 = DIRECTION ( 'NONE',  ( 0.000000000000000000, 0.000000000000000000, -1.000000000000000000 ) ) ;
#1868 = CARTESIAN_POINT ( 'NONE',  ( 1.714505518806294391E-16, 3.100000000000000089, -1.349999999999999867 ) ) ;
#1869 = VERTEX_POINT ( 'NONE', #2936 ) ;
#1870 = EDGE_CURVE ( 'NONE', #1178, #1453, #3634, .T. ) ;
#1871 =( NAMED_UNIT ( * ) PLANE_ANGLE_UNIT ( ) SI_UNIT ( $, .RADIAN. ) );
#1872 = CARTESIAN_POINT ( 'NONE',  ( 5.000000000000000000, 0.000000000000000000, 2.350000000000000089 ) ) ;
#1873 = CARTESIAN_POINT ( 'NONE',  ( 3.000000000000000444, 2.899999999999999911, 2.825000000000001954 ) ) ;
#1874 = ADVANCED_FACE ( 'NONE', ( #317 ), #3300, .T. ) ;
#1875 = EDGE_CURVE ( 'NONE', #2927, #4145, #3828, .T. ) ;
#1876 =( NAMED_UNIT ( * ) PLANE_ANGLE_UNIT ( ) SI_UNIT ( $, .RADIAN. ) );
#1877 = VERTEX_POINT ( 'NONE', #3990 ) ;
#1878 = DIRECTION ( 'NONE',  ( 0.000000000000000000, 1.000000000000000000, -0.000000000000000000 ) ) ;
#1879 = FACE_OUTER_BOUND ( 'NONE', #2005, .T. ) ;
#1880 = ADVANCED_FACE ( 'NONE', ( #3389 ), #1077, .F. ) ;
#1881 = DIRECTION ( 'NONE',  ( 0.08715574274765837404, 0.9961946980917455452, -0.000000000000000000 ) ) ;
#1882 = DIRECTION ( 'NONE',  ( 0.000000000000000000, 0.000000000000000000, 1.000000000000000000 ) ) ;
#1883 =( LENGTH_UNIT ( ) NAMED_UNIT ( * ) SI_UNIT ( .MILLI., .METRE. ) );
#1884 = PLANE ( 'NONE',  #2488 ) ;
#1885 = ORIENTED_EDGE ( 'NONE', *, *, #3196, .T. ) ;
#1886 = LINE ( 'NONE', #2303, #4414 ) ;
#1887 = ORIENTED_EDGE ( 'NONE', *, *, #3974, .F. ) ;
#1888 = CIRCLE ( 'NONE', #4392, 0.09999999999999982514 ) ;
#1889 = CARTESIAN_POINT ( 'NONE',  ( 2.512499999999996181, 0.000000000000000000, 2.512500000000001510 ) ) ;
#1890 = FILL_AREA_STYLE_COLOUR ( '', #1213 ) ;
#1891 = ORIENTED_EDGE ( 'NONE', *, *, #3442, .F. ) ;
#1892 = DIRECTION ( 'NONE',  ( 0.2588190451025216277, 0.9659258262890680902, 0.000000000000000000 ) ) ;
#1893 = MECHANICAL_DESIGN_GEOMETRIC_PRESENTATION_REPRESENTATION (  '', ( #2967 ), #2903 ) ;
#1895 = EDGE_CURVE ( 'NONE', #3653, #1029, #3207, .T. ) ;
#1894 = MECHANICAL_DESIGN_GEOMETRIC_PRESENTATION_REPRESENTATION (  '', ( #1834 ), #1762 ) ;
#1896 = CIRCLE ( 'NONE', #2193, 0.2000000000000000944 ) ;
#1897 = FILL_AREA_STYLE_COLOUR ( '', #998 ) ;
#1898 = UNCERTAINTY_MEASURE_WITH_UNIT (LENGTH_MEASURE( 1.000000000000000082E-05 ), #3933, 'distance_accuracy_value', 'NONE');
#1899 = LINE ( 'NONE', #2310, #1708 ) ;
#1900 = UNCERTAINTY_MEASURE_WITH_UNIT (LENGTH_MEASURE( 1.000000000000000082E-05 ), #415, 'distance_accuracy_value', 'NONE');
#1901 = COLOUR_RGB ( '',0.7529411764705882248, 0.7529411764705882248, 0.7529411764705882248 ) ;
#1902 = EDGE_LOOP ( 'NONE', ( #3580, #1330, #2366, #697 ) ) ;
#1903 = VECTOR ( 'NONE', #2621, 1000.000000000000114 ) ;
#1904 =( NAMED_UNIT ( * ) SI_UNIT ( $, .STERADIAN. ) SOLID_ANGLE_UNIT ( ) );
#1905 = VECTOR ( 'NONE', #2483, 1000.000000000000000 ) ;
#1906 = DIRECTION ( 'NONE',  ( 1.387778780781445676E-16, 0.000000000000000000, 1.000000000000000000 ) ) ;
#1907 = CARTESIAN_POINT ( 'NONE',  ( 3.599999999999999645, 1.049045040614163149, 2.350000000000000089 ) ) ;
#1908 = PLANE ( 'NONE',  #3756 ) ;
#1909 =( GEOMETRIC_REPRESENTATION_CONTEXT ( 3 ) GLOBAL_UNCERTAINTY_ASSIGNED_CONTEXT ( ( #2933 ) ) GLOBAL_UNIT_ASSIGNED_CONTEXT ( ( #2531, #1232, #1930 ) ) REPRESENTATION_CONTEXT ( 'NONE', 'WORKASPACE' ) );
#1910 = LINE ( 'NONE', #2301, #1987 ) ;
#1911 = MECHANICAL_DESIGN_GEOMETRIC_PRESENTATION_REPRESENTATION (  '', ( #2050 ), #2771 ) ;
#1912 = ORIENTED_EDGE ( 'NONE', *, *, #1461, .T. ) ;
#1913 = ORIENTED_EDGE ( 'NONE', *, *, #1173, .T. ) ;
#1914 = VECTOR ( 'NONE', #2232, 1000.000000000000000 ) ;
#1915 = DIRECTION ( 'NONE',  ( -1.000000000000000000, 0.000000000000000000, 0.000000000000000000 ) ) ;
#1916 =( LENGTH_UNIT ( ) NAMED_UNIT ( * ) SI_UNIT ( .MILLI., .METRE. ) );
#1917 = ORIENTED_EDGE ( 'NONE', *, *, #1145, .F. ) ;
#1918 = PRESENTATION_LAYER_ASSIGNMENT (  '', '', ( #927 ) ) ;
#1919 = STYLED_ITEM ( 'NONE', ( #576 ), #4106 ) ;
#1920 = DIRECTION ( 'NONE',  ( 8.673617379884058152E-16, 0.000000000000000000, -1.000000000000000000 ) ) ;
#1921 = FILL_AREA_STYLE ('',( #4288 ) ) ;
#1922 = CARTESIAN_POINT ( 'NONE',  ( 3.100000000000000533, 1.049045040614163149, 1.649999999999999911 ) ) ;
#1923 = CARTESIAN_POINT ( 'NONE',  ( 1.775737858763661670E-16, 2.899999999999999911, 1.449999999999999956 ) ) ;
#1924 = ADVANCED_FACE ( 'NONE', ( #11 ), #1032, .T. ) ;
#1925 = ORIENTED_EDGE ( 'NONE', *, *, #851, .F. ) ;
#1926 =( NAMED_UNIT ( * ) PLANE_ANGLE_UNIT ( ) SI_UNIT ( $, .RADIAN. ) );
#1927 = FILL_AREA_STYLE ('',( #3346 ) ) ;
#1928 = FILL_AREA_STYLE ('',( #659 ) ) ;
#1929 = EDGE_CURVE ( 'NONE', #3501, #532, #1781, .T. ) ;
#1930 =( NAMED_UNIT ( * ) SI_UNIT ( $, .STERADIAN. ) SOLID_ANGLE_UNIT ( ) );
#1931 = PLANE ( 'NONE',  #1624 ) ;
#1932 = FILL_AREA_STYLE ('',( #1592 ) ) ;
#1933 = DIRECTION ( 'NONE',  ( -1.000000000000000000, -1.626303258728255862E-15, 0.000000000000000000 ) ) ;
#1934 = VERTEX_POINT ( 'NONE', #3473 ) ;
#1935 = LINE ( 'NONE', #2991, #1430 ) ;
#1936 = FACE_OUTER_BOUND ( 'NONE', #1516, .T. ) ;
#1937 = EDGE_LOOP ( 'NONE', ( #901, #582, #3559, #3341 ) ) ;
#1938 = DIRECTION ( 'NONE',  ( 0.000000000000000000, 0.000000000000000000, -1.000000000000000000 ) ) ;
#1939 = EDGE_CURVE ( 'NONE', #4142, #494, #767, .T. ) ;
#1940 = DIRECTION ( 'NONE',  ( -0.000000000000000000, -1.000000000000000000, 0.000000000000000000 ) ) ;
#1941 = VECTOR ( 'NONE', #1631, 1000.000000000000000 ) ;
#1942 = FACE_OUTER_BOUND ( 'NONE', #2634, .T. ) ;
#1943 = CARTESIAN_POINT ( 'NONE',  ( 2.141421356237305229, 2.799999999999999822, 2.925000000000001155 ) ) ;
#1944 = ORIENTED_EDGE ( 'NONE', *, *, #2149, .F. ) ;
#1945 = DIRECTION ( 'NONE',  ( 0.000000000000000000, 0.000000000000000000, 1.000000000000000000 ) ) ;
#1946 = VERTEX_POINT ( 'NONE', #3096 ) ;
#1947 = DIRECTION ( 'NONE',  ( 1.000000000000000000, -1.897353801849635915E-15, 0.000000000000000000 ) ) ;
#1948 = CARTESIAN_POINT ( 'NONE',  ( 3.792564513103915846, 1.300000000000000044, -2.350000000000000089 ) ) ;
#1949 = DIRECTION ( 'NONE',  ( -0.000000000000000000, -0.000000000000000000, 1.000000000000000000 ) ) ;
#1950 = SURFACE_SIDE_STYLE ('',( #2039 ) ) ;
#1951 = EDGE_CURVE ( 'NONE', #636, #510, #2420, .T. ) ;
#1952 =( NAMED_UNIT ( * ) PLANE_ANGLE_UNIT ( ) SI_UNIT ( $, .RADIAN. ) );
#1953 = EDGE_LOOP ( 'NONE', ( #1944, #1544, #3422, #4101 ) ) ;
#1954 = CARTESIAN_POINT ( 'NONE',  ( 2.141421356237305229, 2.899999999999999911, 3.025000000000000799 ) ) ;
#1955 = CARTESIAN_POINT ( 'NONE',  ( -4.011170819970738322, 0.2872753109248650794, -2.350000000000000089 ) ) ;
#1956 = COLOUR_RGB ( '',1.000000000000000000, 1.000000000000000000, 1.000000000000000000 ) ;
#1957 = EDGE_CURVE ( 'NONE', #1431, #1354, #2084, .T. ) ;
#1958 = VERTEX_POINT ( 'NONE', #2130 ) ;
#1959 = AXIS2_PLACEMENT_3D ( 'NONE', #75, #3870, #793 ) ;
#1961 =( GEOMETRIC_REPRESENTATION_CONTEXT ( 3 ) GLOBAL_UNCERTAINTY_ASSIGNED_CONTEXT ( ( #629 ) ) GLOBAL_UNIT_ASSIGNED_CONTEXT ( ( #1179, #3299, #3590 ) ) REPRESENTATION_CONTEXT ( 'NONE', 'WORKASPACE' ) );
#1960 = SURFACE_SIDE_STYLE ('',( #1289 ) ) ;
#1962 = DIRECTION ( 'NONE',  ( 1.000000000000000000, -0.000000000000000000, 0.000000000000000000 ) ) ;
#1963 = AXIS2_PLACEMENT_3D ( 'NONE', #3443, #2021, #2516 ) ;
#1964 = UNCERTAINTY_MEASURE_WITH_UNIT (LENGTH_MEASURE( 1.000000000000000082E-05 ), #2148, 'distance_accuracy_value', 'NONE');
#1965 = DIRECTION ( 'NONE',  ( 0.000000000000000000, -1.000000000000000000, 0.000000000000000000 ) ) ;
#1966 = ORIENTED_EDGE ( 'NONE', *, *, #1315, .T. ) ;
#1967 =( GEOMETRIC_REPRESENTATION_CONTEXT ( 3 ) GLOBAL_UNCERTAINTY_ASSIGNED_CONTEXT ( ( #4336 ) ) GLOBAL_UNIT_ASSIGNED_CONTEXT ( ( #1028, #2450, #2389 ) ) REPRESENTATION_CONTEXT ( 'NONE', 'WORKASPACE' ) );
#1968 = VERTEX_POINT ( 'NONE', #1755 ) ;
#1969 = DIRECTION ( 'NONE',  ( -0.000000000000000000, -1.000000000000000000, -0.000000000000000000 ) ) ;
#1970 = CARTESIAN_POINT ( 'NONE',  ( -4.015172729109017347, 0.4692148276866964229, 1.649999999999999911 ) ) ;
#1971 = CARTESIAN_POINT ( 'NONE',  ( -2.441789321881342012, 2.799999999999999822, 2.441789321881348229 ) ) ;
#1972 = AXIS2_PLACEMENT_3D ( 'NONE', #3980, #1668, #944 ) ;
#1973 = DIRECTION ( 'NONE',  ( 0.000000000000000000, 0.000000000000000000, -1.000000000000000000 ) ) ;
#1974 = SURFACE_STYLE_FILL_AREA ( #4179 ) ;
#1975 = ORIENTED_EDGE ( 'NONE', *, *, #1505, .F. ) ;
#1976 = SURFACE_STYLE_USAGE ( .BOTH. , #1726 ) ;
#1977 = VECTOR ( 'NONE', #2195, 1000.000000000000000 ) ;
#1978 = ADVANCED_FACE ( 'NONE', ( #3255 ), #173, .T. ) ;
#1979 = AXIS2_PLACEMENT_3D ( 'NONE', #1305, #256, #4018 ) ;
#1980 = VECTOR ( 'NONE', #597, 1000.000000000000000 ) ;
#1981 = PRESENTATION_LAYER_ASSIGNMENT (  '', '', ( #2050 ) ) ;
#1982 = FILL_AREA_STYLE_COLOUR ( '', #3891 ) ;
#1983 = LINE ( 'NONE', #3358, #3215 ) ;
#1984 = EDGE_LOOP ( 'NONE', ( #1741, #57, #820, #2197 ) ) ;
#1985 = DIRECTION ( 'NONE',  ( 0.000000000000000000, 0.000000000000000000, 1.000000000000000000 ) ) ;
#1986 =( GEOMETRIC_REPRESENTATION_CONTEXT ( 3 ) GLOBAL_UNCERTAINTY_ASSIGNED_CONTEXT ( ( #66 ) ) GLOBAL_UNIT_ASSIGNED_CONTEXT ( ( #4219, #1871, #89 ) ) REPRESENTATION_CONTEXT ( 'NONE', 'WORKASPACE' ) );
#1987 = VECTOR ( 'NONE', #3286, 1000.000000000000000 ) ;
#1988 = STYLED_ITEM ( 'NONE', ( #1375 ), #3595 ) ;
#1989 = AXIS2_PLACEMENT_3D ( 'NONE', #2616, #580, #3670 ) ;
#1990 = CARTESIAN_POINT ( 'NONE',  ( 3.832284280765937634, 1.151763809020504237, 1.649999999999999911 ) ) ;
#1991 = FACE_OUTER_BOUND ( 'NONE', #3098, .T. ) ;
#1992 = ORIENTED_EDGE ( 'NONE', *, *, #2323, .F. ) ;
#1993 = EDGE_CURVE ( 'NONE', #512, #603, #3541, .T. ) ;
#1994 = CARTESIAN_POINT ( 'NONE',  ( -3.639719767662021432, 0.9008088496346673413, -1.649999999999999911 ) ) ;
#1995 = AXIS2_PLACEMENT_3D ( 'NONE', #2200, #2575, #883 ) ;
#1996 = VERTEX_POINT ( 'NONE', #1456 ) ;
#1997 =( NAMED_UNIT ( * ) PLANE_ANGLE_UNIT ( ) SI_UNIT ( $, .RADIAN. ) );
#1998 = CARTESIAN_POINT ( 'NONE',  ( -5.000000000000000000, 0.000000000000000000, 1.649999999999999911 ) ) ;
#1999 = PRESENTATION_LAYER_ASSIGNMENT (  '', '', ( #2222 ) ) ;
#2000 = CARTESIAN_POINT ( 'NONE',  ( -4.208357894366830720, 0.5209786367072010149, 1.649999999999999911 ) ) ;
#2001 = ORIENTED_EDGE ( 'NONE', *, *, #3516, .T. ) ;
#2002 = FACE_OUTER_BOUND ( 'NONE', #1090, .T. ) ;
#2003 = LINE ( 'NONE', #1018, #3471 ) ;
#2004 = CARTESIAN_POINT ( 'NONE',  ( 1.858578643762688554, 2.799999999999999822, -3.025000000000001243 ) ) ;
#2005 = EDGE_LOOP ( 'NONE', ( #1633, #925, #3902, #4226 ) ) ;
#2007 = EDGE_CURVE ( 'NONE', #1248, #2302, #1514, .T. ) ;
#2006 = DIRECTION ( 'NONE',  ( -0.000000000000000000, 1.000000000000000000, -0.000000000000000000 ) ) ;
#2008 = LINE ( 'NONE', #3108, #1477 ) ;
#2009 = ADVANCED_FACE ( 'NONE', ( #2908 ), #433, .T. ) ;
#2010 = SURFACE_STYLE_FILL_AREA ( #694 ) ;
#2011 = SPHERICAL_SURFACE ( 'NONE', #1648, 0.1000000000000000056 ) ;
#2012 = ORIENTED_EDGE ( 'NONE', *, *, #407, .T. ) ;
#2013 = DIRECTION ( 'NONE',  ( -0.000000000000000000, -1.000000000000000000, 0.000000000000000000 ) ) ;
#2014 = ORIENTED_EDGE ( 'NONE', *, *, #3439, .T. ) ;
#2015 = CARTESIAN_POINT ( 'NONE',  ( 3.854231063995529727, 0.1002417929205512842, 1.649999999999999911 ) ) ;
#2016 = DIRECTION ( 'NONE',  ( 0.000000000000000000, 0.000000000000000000, 1.000000000000000000 ) ) ;
#2017 = DIRECTION ( 'NONE',  ( -0.000000000000000000, 1.000000000000000000, -0.000000000000000000 ) ) ;
#2018 = CARTESIAN_POINT ( 'NONE',  ( 2.070710678118650616, 2.899999999999999911, 2.954289321881345742 ) ) ;
#2019 = DIRECTION ( 'NONE',  ( 0.7071067811865483499, 0.000000000000000000, 0.7071067811865466846 ) ) ;
#2020 = STYLED_ITEM ( 'NONE', ( #4177 ), #1079 ) ;
#2021 = DIRECTION ( 'NONE',  ( 0.000000000000000000, 1.000000000000000000, -0.000000000000000000 ) ) ;
#2022 = DIRECTION ( 'NONE',  ( 0.000000000000000000, 0.000000000000000000, -1.000000000000000000 ) ) ;
#2023 = ORIENTED_EDGE ( 'NONE', *, *, #357, .T. ) ;
#2024 = SURFACE_SIDE_STYLE ('',( #3106 ) ) ;
#2025 = UNCERTAINTY_MEASURE_WITH_UNIT (LENGTH_MEASURE( 1.000000000000000082E-05 ), #2875, 'distance_accuracy_value', 'NONE');
#2026 = ORIENTED_EDGE ( 'NONE', *, *, #225, .T. ) ;
#2027 = DIRECTION ( 'NONE',  ( 0.000000000000000000, 0.000000000000000000, 1.000000000000000000 ) ) ;
#2028 =( GEOMETRIC_REPRESENTATION_CONTEXT ( 3 ) GLOBAL_UNCERTAINTY_ASSIGNED_CONTEXT ( ( #2494 ) ) GLOBAL_UNIT_ASSIGNED_CONTEXT ( ( #1013, #2419, #1031 ) ) REPRESENTATION_CONTEXT ( 'NONE', 'WORKASPACE' ) );
#2029 =( NAMED_UNIT ( * ) SI_UNIT ( $, .STERADIAN. ) SOLID_ANGLE_UNIT ( ) );
#2030 = VERTEX_POINT ( 'NONE', #1158 ) ;
#2031 = CARTESIAN_POINT ( 'NONE',  ( -5.000000000000000000, 0.2509549593858368954, -2.350000000000000089 ) ) ;
#2032 = AXIS2_PLACEMENT_3D ( 'NONE', #3008, #2376, #4369 ) ;
#2033 = EDGE_LOOP ( 'NONE', ( #4273, #315, #202, #623 ) ) ;
#2034 = VECTOR ( 'NONE', #1, 1000.000000000000000 ) ;
#2035 = DIRECTION ( 'NONE',  ( 0.000000000000000000, 0.000000000000000000, 1.000000000000000000 ) ) ;
#2036 = DIRECTION ( 'NONE',  ( 0.2588190451025213501, -0.9659258262890680902, -0.000000000000000000 ) ) ;
#2037 = VECTOR ( 'NONE', #2594, 1000.000000000000000 ) ;
#2038 = ORIENTED_EDGE ( 'NONE', *, *, #514, .F. ) ;
#2039 = SURFACE_STYLE_FILL_AREA ( #4413 ) ;
#2040 = COLOUR_RGB ( '',0.7529411764705882248, 0.7529411764705882248, 0.7529411764705882248 ) ;
#2041 = VECTOR ( 'NONE', #1906, 1000.000000000000000 ) ;
#2042 = DIRECTION ( 'NONE',  ( -1.000000000000000000, 0.000000000000000000, -8.673617379884035472E-16 ) ) ;
#2043 = CARTESIAN_POINT ( 'NONE',  ( -3.817985654712924948, 0.2355115019043608482, 2.350000000000000089 ) ) ;
#2044 = ADVANCED_FACE ( 'NONE', ( #1823 ), #3168, .T. ) ;
#2045 =( GEOMETRIC_REPRESENTATION_CONTEXT ( 3 ) GLOBAL_UNCERTAINTY_ASSIGNED_CONTEXT ( ( #2170 ) ) GLOBAL_UNIT_ASSIGNED_CONTEXT ( ( #2437, #1740, #2063 ) ) REPRESENTATION_CONTEXT ( 'NONE', 'WORKASPACE' ) );
#2046 = SURFACE_SIDE_STYLE ('',( #688 ) ) ;
#2047 = LINE ( 'NONE', #3397, #775 ) ;
#2048 = COLOUR_RGB ( '',0.7529411764705882248, 0.7529411764705882248, 0.7529411764705882248 ) ;
#2049 =( NAMED_UNIT ( * ) SI_UNIT ( $, .STERADIAN. ) SOLID_ANGLE_UNIT ( ) );
#2050 = STYLED_ITEM ( 'NONE', ( #3014 ), #2440 ) ;
#2051 = SURFACE_STYLE_FILL_AREA ( #1022 ) ;
#2052 = LINE ( 'NONE', #3427, #3612 ) ;
#2053 = FILL_AREA_STYLE_COLOUR ( '', #4126 ) ;
#2054 = SURFACE_SIDE_STYLE ('',( #55 ) ) ;
#2055 = VECTOR ( 'NONE', #1634, 1000.000000000000000 ) ;
#2056 = MECHANICAL_DESIGN_GEOMETRIC_PRESENTATION_REPRESENTATION (  '', ( #416 ), #858 ) ;
#2057 = LINE ( 'NONE', #2797, #2761 ) ;
#2058 = VERTEX_POINT ( 'NONE', #1990 ) ;
#2059 = CIRCLE ( 'NONE', #2712, 0.09999999999999982514 ) ;
#2060 = STYLED_ITEM ( 'NONE', ( #539 ), #2777 ) ;
#2061 = CARTESIAN_POINT ( 'NONE',  ( -5.000000000000000000, 0.2509549593858368954, 2.350000000000000089 ) ) ;
#2062 = DIRECTION ( 'NONE',  ( 1.000000000000000000, 0.000000000000000000, 0.000000000000000000 ) ) ;
#2063 =( NAMED_UNIT ( * ) SI_UNIT ( $, .STERADIAN. ) SOLID_ANGLE_UNIT ( ) );
#2064 = EDGE_CURVE ( 'NONE', #3877, #2644, #4361, .T. ) ;
#2065 = EDGE_CURVE ( 'NONE', #3663, #4291, #3367, .T. ) ;
#2066 = ORIENTED_EDGE ( 'NONE', *, *, #2090, .T. ) ;
#2067 = CIRCLE ( 'NONE', #129, 0.09999999999999982514 ) ;
#2068 = PRESENTATION_LAYER_ASSIGNMENT (  '', '', ( #114 ) ) ;
#2069 = AXIS2_PLACEMENT_3D ( 'NONE', #3268, #939, #1283 ) ;
#2070 = DIRECTION ( 'NONE',  ( -0.000000000000000000, -0.000000000000000000, 1.000000000000000000 ) ) ;
#2071 = ORIENTED_EDGE ( 'NONE', *, *, #3758, .F. ) ;
#2072 = DIRECTION ( 'NONE',  ( 0.000000000000000000, 0.000000000000000000, 1.000000000000000000 ) ) ;
#2073 = FILL_AREA_STYLE_COLOUR ( '', #4251 ) ;
#2074 = SURFACE_STYLE_FILL_AREA ( #715 ) ;
#2075 = ORIENTED_EDGE ( 'NONE', *, *, #743, .F. ) ;
#2076 = PRESENTATION_STYLE_ASSIGNMENT (( #3773 ) ) ;
#2077 = CARTESIAN_POINT ( 'NONE',  ( 3.446534602404207615, 1.049045040614163149, -2.350000000000000089 ) ) ;
#2078 = DIRECTION ( 'NONE',  ( 0.000000000000000000, 1.000000000000000000, 0.000000000000000000 ) ) ;
#2079 = FACE_OUTER_BOUND ( 'NONE', #4233, .T. ) ;
#2080 =( NAMED_UNIT ( * ) PLANE_ANGLE_UNIT ( ) SI_UNIT ( $, .RADIAN. ) );
#2081 = VERTEX_POINT ( 'NONE', #1922 ) ;
#2082 = CYLINDRICAL_SURFACE ( 'NONE', #1851, 0.09999999999999982514 ) ;
#2083 = DIRECTION ( 'NONE',  ( -1.000000000000000000, 0.000000000000000000, 1.398970545142586541E-16 ) ) ;
#2084 = LINE ( 'NONE', #2801, #2547 ) ;
#2085 =( NAMED_UNIT ( * ) PLANE_ANGLE_UNIT ( ) SI_UNIT ( $, .RADIAN. ) );
#2086 = ORIENTED_EDGE ( 'NONE', *, *, #2757, .T. ) ;
#2087 = PRESENTATION_STYLE_ASSIGNMENT (( #726 ) ) ;
#2088 = CARTESIAN_POINT ( 'NONE',  ( 5.000000000000000000, 0.000000000000000000, 2.350000000000000089 ) ) ;
#2089 = EDGE_CURVE ( 'NONE', #2960, #2257, #198, .T. ) ;
#2090 = EDGE_CURVE ( 'NONE', #4330, #4046, #3903, .T. ) ;
#2091 = CARTESIAN_POINT ( 'NONE',  ( 5.000000000000000000, 0.2509549593858368954, -2.350000000000000089 ) ) ;
#2092 = DIRECTION ( 'NONE',  ( 1.000000000000000000, 0.000000000000000000, 0.000000000000000000 ) ) ;
#2093 = CARTESIAN_POINT ( 'NONE',  ( 2.441789321881342012, 2.799999999999999822, -2.441789321881348229 ) ) ;
#2094 = DIRECTION ( 'NONE',  ( 1.000000000000000000, 0.000000000000000000, 0.000000000000000000 ) ) ;
#2095 =( LENGTH_UNIT ( ) NAMED_UNIT ( * ) SI_UNIT ( .MILLI., .METRE. ) );
#2096 = CARTESIAN_POINT ( 'NONE',  ( 3.854231063995529727, 0.1002417929205512842, -1.649999999999999911 ) ) ;
#2097 = ORIENTED_EDGE ( 'NONE', *, *, #1352, .F. ) ;
#2098 = LINE ( 'NONE', #723, #1498 ) ;
#2099 = FACE_OUTER_BOUND ( 'NONE', #3298, .T. ) ;
#2100 = AXIS2_PLACEMENT_3D ( 'NONE', #3518, #452, #1822 ) ;
#2101 = DIRECTION ( 'NONE',  ( -0.2588190451025213501, -0.9659258262890680902, 0.000000000000000000 ) ) ;
#2102 = SURFACE_SIDE_STYLE ('',( #4105 ) ) ;
#2103 = ORIENTED_EDGE ( 'NONE', *, *, #973, .T. ) ;
#2104 = AXIS2_PLACEMENT_3D ( 'NONE', #3312, #240, #885 ) ;
#2105 = CARTESIAN_POINT ( 'NONE',  ( 2.141421356237305229, 2.799999999999999822, 2.825000000000001066 ) ) ;
#2106 = TOROIDAL_SURFACE ( 'NONE', #4174, 1.349999999999999867, 0.1000000000000000056 ) ;
#2107 = STYLED_ITEM ( 'NONE', ( #2111 ), #4311 ) ;
#2108 = LINE ( 'NONE', #800, #2347 ) ;
#2109 = PRESENTATION_LAYER_ASSIGNMENT (  '', '', ( #684 ) ) ;
#2110 = CIRCLE ( 'NONE', #3043, 0.2000000000000000944 ) ;
#2111 = PRESENTATION_STYLE_ASSIGNMENT (( #1812 ) ) ;
#2112 = MECHANICAL_DESIGN_GEOMETRIC_PRESENTATION_REPRESENTATION (  '', ( #3057 ), #2337 ) ;
#2113 = LINE ( 'NONE', #3858, #1421 ) ;
#2114 = EDGE_CURVE ( 'NONE', #554, #1269, #4053, .T. ) ;
#2115 = DIRECTION ( 'NONE',  ( -1.000000000000000000, 0.000000000000000000, 0.000000000000000000 ) ) ;
#2116 = ORIENTED_EDGE ( 'NONE', *, *, #3414, .F. ) ;
#2117 = AXIS2_PLACEMENT_3D ( 'NONE', #3625, #4405, #3754 ) ;
#2118 = EDGE_LOOP ( 'NONE', ( #735, #3455, #2103, #4425 ) ) ;
#2119 =( GEOMETRIC_REPRESENTATION_CONTEXT ( 3 ) GLOBAL_UNCERTAINTY_ASSIGNED_CONTEXT ( ( #4172 ) ) GLOBAL_UNIT_ASSIGNED_CONTEXT ( ( #4386, #282, #3025 ) ) REPRESENTATION_CONTEXT ( 'NONE', 'WORKASPACE' ) );
#2120 = PLANE ( 'NONE',  #2493 ) ;
#2121 = CARTESIAN_POINT ( 'NONE',  ( 3.099999999999999645, 1.049045040614163149, -1.649999999999999911 ) ) ;
#2122 =( LENGTH_UNIT ( ) NAMED_UNIT ( * ) SI_UNIT ( .MILLI., .METRE. ) );
#2123 = ORIENTED_EDGE ( 'NONE', *, *, #1676, .T. ) ;
#2124 = CARTESIAN_POINT ( 'NONE',  ( -3.639099115508123816, 1.099999999999999867, -1.649999999999999911 ) ) ;
#2125 = MECHANICAL_DESIGN_GEOMETRIC_PRESENTATION_REPRESENTATION (  '', ( #2978 ), #1052 ) ;
#2126 = ORIENTED_EDGE ( 'NONE', *, *, #1850, .F. ) ;
#2127 =( NAMED_UNIT ( * ) SI_UNIT ( $, .STERADIAN. ) SOLID_ANGLE_UNIT ( ) );
#2128 = CIRCLE ( 'NONE', #194, 0.2000000000000000944 ) ;
#2129 = MECHANICAL_DESIGN_GEOMETRIC_PRESENTATION_REPRESENTATION (  '', ( #3133 ), #3420 ) ;
#2130 = CARTESIAN_POINT ( 'NONE',  ( -2.999999999999999556, 2.799999999999999822, 2.925000000000000266 ) ) ;
#2131 = CARTESIAN_POINT ( 'NONE',  ( -3.446534602404207615, 1.049045040614163149, 1.649999999999999911 ) ) ;
#2132 = ORIENTED_EDGE ( 'NONE', *, *, #1228, .F. ) ;
#2133 = DIRECTION ( 'NONE',  ( 0.000000000000000000, 0.000000000000000000, 1.000000000000000000 ) ) ;
#2134 = VECTOR ( 'NONE', #2189, 1000.000000000000000 ) ;
#2135 = VECTOR ( 'NONE', #2599, 1000.000000000000000 ) ;
#2136 = FILL_AREA_STYLE_COLOUR ( '', #2487 ) ;
#2137 = CARTESIAN_POINT ( 'NONE',  ( 5.000000000000000000, 0.2509549593858368954, -2.350000000000000089 ) ) ;
#2138 =( GEOMETRIC_REPRESENTATION_CONTEXT ( 3 ) GLOBAL_UNCERTAINTY_ASSIGNED_CONTEXT ( ( #1369 ) ) GLOBAL_UNIT_ASSIGNED_CONTEXT ( ( #1199, #2909, #3937 ) ) REPRESENTATION_CONTEXT ( 'NONE', 'WORKASPACE' ) );
#2139 = ORIENTED_EDGE ( 'NONE', *, *, #1024, .F. ) ;
#2140 = UNCERTAINTY_MEASURE_WITH_UNIT (LENGTH_MEASURE( 1.000000000000000082E-05 ), #2826, 'distance_accuracy_value', 'NONE');
#2141 = DIRECTION ( 'NONE',  ( -0.000000000000000000, -0.000000000000000000, 1.000000000000000000 ) ) ;
#2142 = UNCERTAINTY_MEASURE_WITH_UNIT (LENGTH_MEASURE( 1.000000000000000082E-05 ), #1095, 'distance_accuracy_value', 'NONE');
#2143 = ORIENTED_EDGE ( 'NONE', *, *, #1665, .F. ) ;
#2144 = FACE_OUTER_BOUND ( 'NONE', #4376, .T. ) ;
#2145 = ORIENTED_EDGE ( 'NONE', *, *, #1109, .T. ) ;
#2146 = CARTESIAN_POINT ( 'NONE',  ( 5.000000000000000000, 0.2509549593858368954, 2.350000000000000089 ) ) ;
#2147 = ORIENTED_EDGE ( 'NONE', *, *, #2651, .F. ) ;
#2148 =( LENGTH_UNIT ( ) NAMED_UNIT ( * ) SI_UNIT ( .MILLI., .METRE. ) );
#2149 = EDGE_CURVE ( 'NONE', #2858, #21, #537, .T. ) ;
#2150 = EDGE_LOOP ( 'NONE', ( #1640, #1925, #1132, #3165 ) ) ;
#2151 = LINE ( 'NONE', #3166, #781 ) ;
#2152 = DIRECTION ( 'NONE',  ( 1.000000000000000000, -0.000000000000000000, 8.673617379884035472E-16 ) ) ;
#2153 = SURFACE_SIDE_STYLE ('',( #2509 ) ) ;
#2154 = EDGE_LOOP ( 'NONE', ( #2178, #1449, #2678, #2783 ) ) ;
#2155 = SURFACE_STYLE_USAGE ( .BOTH. , #106 ) ;
#2156 = CARTESIAN_POINT ( 'NONE',  ( -4.015172729109017347, 0.4692148276866964229, -1.649999999999999911 ) ) ;
#2157 =( NAMED_UNIT ( * ) PLANE_ANGLE_UNIT ( ) SI_UNIT ( $, .RADIAN. ) );
#2158 = VERTEX_POINT ( 'NONE', #241 ) ;
#2159 = SPHERICAL_SURFACE ( 'NONE', #628, 0.1000000000000000056 ) ;
#2160 = FILL_AREA_STYLE_COLOUR ( '', #1395 ) ;
#2161 = DIRECTION ( 'NONE',  ( -1.000000000000000000, 0.000000000000000000, 0.000000000000000000 ) ) ;
#2162 = ORIENTED_EDGE ( 'NONE', *, *, #2403, .F. ) ;
#2163 = FILL_AREA_STYLE_COLOUR ( '', #4131 ) ;
#2164 = ORIENTED_EDGE ( 'NONE', *, *, #468, .T. ) ;
#2165 = SURFACE_SIDE_STYLE ('',( #3249 ) ) ;
#2166 = PRESENTATION_STYLE_ASSIGNMENT (( #1119 ) ) ;
#2167 = ORIENTED_EDGE ( 'NONE', *, *, #4043, .F. ) ;
#2168 = VERTEX_POINT ( 'NONE', #270 ) ;
#2169 = DIRECTION ( 'NONE',  ( 0.000000000000000000, 0.000000000000000000, 1.000000000000000000 ) ) ;
#2170 = UNCERTAINTY_MEASURE_WITH_UNIT (LENGTH_MEASURE( 1.000000000000000082E-05 ), #2437, 'distance_accuracy_value', 'NONE');
#2171 = ORIENTED_EDGE ( 'NONE', *, *, #3461, .T. ) ;
#2172 = DIRECTION ( 'NONE',  ( 0.7071067811865474617, 0.000000000000000000, 0.7071067811865474617 ) ) ;
#2173 = SURFACE_SIDE_STYLE ('',( #3189 ) ) ;
#2174 =( NAMED_UNIT ( * ) SI_UNIT ( $, .STERADIAN. ) SOLID_ANGLE_UNIT ( ) );
#2175 = COLOUR_RGB ( '',0.7529411764705882248, 0.7529411764705882248, 0.7529411764705882248 ) ;
#2176 = FACE_OUTER_BOUND ( 'NONE', #527, .T. ) ;
#2177 = EDGE_CURVE ( 'NONE', #2439, #1996, #3603, .T. ) ;
#2178 = ORIENTED_EDGE ( 'NONE', *, *, #3504, .T. ) ;
#2179 = DIRECTION ( 'NONE',  ( -0.9659258262890680902, -0.2588190451025216277, 0.000000000000000000 ) ) ;
#2180 = FACE_OUTER_BOUND ( 'NONE', #4284, .T. ) ;
#2181 = CARTESIAN_POINT ( 'NONE',  ( -3.099999999999999645, 1.049045040614163149, 2.350000000000000089 ) ) ;
#2182 = VECTOR ( 'NONE', #2650, 1000.000000000000000 ) ;
#2183 = VERTEX_POINT ( 'NONE', #579 ) ;
#2184 = PLANE ( 'NONE',  #2478 ) ;
#2185 = PRESENTATION_LAYER_ASSIGNMENT (  '', '', ( #392 ) ) ;
#2186 =( GEOMETRIC_REPRESENTATION_CONTEXT ( 3 ) GLOBAL_UNCERTAINTY_ASSIGNED_CONTEXT ( ( #196 ) ) GLOBAL_UNIT_ASSIGNED_CONTEXT ( ( #2565, #508, #252 ) ) REPRESENTATION_CONTEXT ( 'NONE', 'WORKASPACE' ) );
#2187 = LINE ( 'NONE', #802, #3036 ) ;
#2188 = ORIENTED_EDGE ( 'NONE', *, *, #3135, .F. ) ;
#2189 = DIRECTION ( 'NONE',  ( 0.000000000000000000, 1.000000000000000000, 0.000000000000000000 ) ) ;
#2190 = EDGE_CURVE ( 'NONE', #435, #3880, #1899, .T. ) ;
#2191 = VERTEX_POINT ( 'NONE', #2932 ) ;
#2192 = COLOUR_RGB ( '',1.000000000000000000, 1.000000000000000000, 1.000000000000000000 ) ;
#2193 = AXIS2_PLACEMENT_3D ( 'NONE', #3786, #3825, #2442 ) ;
#2194 =( GEOMETRIC_REPRESENTATION_CONTEXT ( 3 ) GLOBAL_UNCERTAINTY_ASSIGNED_CONTEXT ( ( #272 ) ) GLOBAL_UNIT_ASSIGNED_CONTEXT ( ( #3349, #1630, #954 ) ) REPRESENTATION_CONTEXT ( 'NONE', 'WORKASPACE' ) );
#2195 = DIRECTION ( 'NONE',  ( 0.000000000000000000, -1.000000000000000000, 0.000000000000000000 ) ) ;
#2196 = COLOUR_RGB ( '',0.7529411764705882248, 0.7529411764705882248, 0.7529411764705882248 ) ;
#2197 = ORIENTED_EDGE ( 'NONE', *, *, #4230, .T. ) ;
#2198 =( LENGTH_UNIT ( ) NAMED_UNIT ( * ) SI_UNIT ( .MILLI., .METRE. ) );
#2199 =( GEOMETRIC_REPRESENTATION_CONTEXT ( 3 ) GLOBAL_UNCERTAINTY_ASSIGNED_CONTEXT ( ( #2474 ) ) GLOBAL_UNIT_ASSIGNED_CONTEXT ( ( #814, #2578, #2174 ) ) REPRESENTATION_CONTEXT ( 'NONE', 'WORKASPACE' ) );
#2200 = CARTESIAN_POINT ( 'NONE',  ( -5.000000000000000000, 0.000000000000000000, -2.350000000000000089 ) ) ;
#2201 = DIRECTION ( 'NONE',  ( 0.000000000000000000, 0.000000000000000000, -1.000000000000000000 ) ) ;
#2202 = AXIS2_PLACEMENT_3D ( 'NONE', #4140, #1687, #3714 ) ;
#2203 = ORIENTED_EDGE ( 'NONE', *, *, #1108, .F. ) ;
#2204 = MANIFOLD_SOLID_BREP ( 'Fillet2', #2617 ) ;
#2205 = CIRCLE ( 'NONE', #2769, 0.09999999999999982514 ) ;
#2206 =( GEOMETRIC_REPRESENTATION_CONTEXT ( 3 ) GLOBAL_UNCERTAINTY_ASSIGNED_CONTEXT ( ( #2025 ) ) GLOBAL_UNIT_ASSIGNED_CONTEXT ( ( #2875, #3483, #3832 ) ) REPRESENTATION_CONTEXT ( 'NONE', 'WORKASPACE' ) );
#2207 = EDGE_CURVE ( 'NONE', #529, #4148, #4003, .T. ) ;
#2208 = CARTESIAN_POINT ( 'NONE',  ( -3.099999999999999645, 1.300000000000000044, -2.350000000000000089 ) ) ;
#2209 = ADVANCED_FACE ( 'NONE', ( #1649 ), #2413, .T. ) ;
#2210 =( LENGTH_UNIT ( ) NAMED_UNIT ( * ) SI_UNIT ( .MILLI., .METRE. ) );
#2211 = DIRECTION ( 'NONE',  ( 0.000000000000000000, 1.000000000000000000, -0.000000000000000000 ) ) ;
#2212 = STYLED_ITEM ( 'NONE', ( #3325 ), #2595 ) ;
#2213 = AXIS2_PLACEMENT_3D ( 'NONE', #500, #1805, #2172 ) ;
#2214 = VECTOR ( 'NONE', #3041, 1000.000000000000000 ) ;
#2215 = CARTESIAN_POINT ( 'NONE',  ( 2.999999999999999556, 2.799999999999999822, -2.924999999999998490 ) ) ;
#2216 = DIRECTION ( 'NONE',  ( 0.000000000000000000, 1.000000000000000000, -0.000000000000000000 ) ) ;
#2217 = ORIENTED_EDGE ( 'NONE', *, *, #612, .F. ) ;
#2218 = DIRECTION ( 'NONE',  ( 0.000000000000000000, 1.000000000000000000, 0.000000000000000000 ) ) ;
#2219 = VERTEX_POINT ( 'NONE', #2354 ) ;
#2220 = VECTOR ( 'NONE', #3400, 1000.000000000000000 ) ;
#2221 =( LENGTH_UNIT ( ) NAMED_UNIT ( * ) SI_UNIT ( .MILLI., .METRE. ) );
#2222 = STYLED_ITEM ( 'NONE', ( #783 ), #4068 ) ;
#2223 = DIRECTION ( 'NONE',  ( -0.000000000000000000, 1.000000000000000000, -0.000000000000000000 ) ) ;
#2224 = ORIENTED_EDGE ( 'NONE', *, *, #2910, .F. ) ;
#2225 = ADVANCED_FACE ( 'NONE', ( #3447 ), #674, .T. ) ;
#2227 = SURFACE_STYLE_USAGE ( .BOTH. , #866 ) ;
#2226 = UNCERTAINTY_MEASURE_WITH_UNIT (LENGTH_MEASURE( 1.000000000000000082E-05 ), #1883, 'distance_accuracy_value', 'NONE');
#2228 =( NAMED_UNIT ( * ) SI_UNIT ( $, .STERADIAN. ) SOLID_ANGLE_UNIT ( ) );
#2229 = LINE ( 'NONE', #4232, #3428 ) ;
#2230 = ORIENTED_EDGE ( 'NONE', *, *, #1857, .F. ) ;
#2231 = SURFACE_STYLE_USAGE ( .BOTH. , #3244 ) ;
#2232 = DIRECTION ( 'NONE',  ( 1.000000000000000000, -0.000000000000000000, 0.000000000000000000 ) ) ;
#2233 = CARTESIAN_POINT ( 'NONE',  ( 5.000000000000000000, 0.2509549593858368954, 2.350000000000000089 ) ) ;
#2234 =( LENGTH_UNIT ( ) NAMED_UNIT ( * ) SI_UNIT ( .MILLI., .METRE. ) );
#2235 = ORIENTED_EDGE ( 'NONE', *, *, #2469, .T. ) ;
#2236 = SURFACE_STYLE_USAGE ( .BOTH. , #2280 ) ;
#2237 =( LENGTH_UNIT ( ) NAMED_UNIT ( * ) SI_UNIT ( .MILLI., .METRE. ) );
#2238 = EDGE_CURVE ( 'NONE', #4407, #4046, #267, .T. ) ;
#2239 =( NAMED_UNIT ( * ) PLANE_ANGLE_UNIT ( ) SI_UNIT ( $, .RADIAN. ) );
#2240 = FILL_AREA_STYLE_COLOUR ( '', #45 ) ;
#2241 = DIRECTION ( 'NONE',  ( -1.000000000000000000, 0.000000000000000000, 0.000000000000000000 ) ) ;
#2242 = CARTESIAN_POINT ( 'NONE',  ( 3.832284280765937634, 1.151763809020504237, 2.350000000000000089 ) ) ;
#2243 = SPHERICAL_SURFACE ( 'NONE', #1499, 0.1000000000000000056 ) ;
#2244 = VERTEX_POINT ( 'NONE', #1073 ) ;
#2245 = ADVANCED_FACE ( 'NONE', ( #396 ), #3069, .T. ) ;
#2246 =( NAMED_UNIT ( * ) SI_UNIT ( $, .STERADIAN. ) SOLID_ANGLE_UNIT ( ) );
#2247 = PRESENTATION_STYLE_ASSIGNMENT (( #4367 ) ) ;
#2248 = FILL_AREA_STYLE_COLOUR ( '', #2261 ) ;
#2249 = DIRECTION ( 'NONE',  ( -0.2588190451025216277, 0.9659258262890680902, -0.000000000000000000 ) ) ;
#2250 = CARTESIAN_POINT ( 'NONE',  ( -5.000000000000000000, 0.2509549593858368954, -2.350000000000000089 ) ) ;
#2251 = APPLICATION_PROTOCOL_DEFINITION ( 'draft international standard', 'automotive_design', 1998, #1476 ) ;
#2252 = AXIS2_PLACEMENT_3D ( 'NONE', #563, #2614, #3979 ) ;
#2253 = CARTESIAN_POINT ( 'NONE',  ( 3.993739671421206339, 0.08803637130651602305, -2.350000000000000089 ) ) ;
#2254 =( GEOMETRIC_REPRESENTATION_CONTEXT ( 3 ) GLOBAL_UNCERTAINTY_ASSIGNED_CONTEXT ( ( #1196 ) ) GLOBAL_UNIT_ASSIGNED_CONTEXT ( ( #777, #464, #4238 ) ) REPRESENTATION_CONTEXT ( 'NONE', 'WORKASPACE' ) );
#2255 = EDGE_CURVE ( 'NONE', #2816, #3889, #3621, .T. ) ;
#2256 = DIRECTION ( 'NONE',  ( 0.000000000000000000, 0.000000000000000000, 1.000000000000000000 ) ) ;
#2257 = VERTEX_POINT ( 'NONE', #2750 ) ;
#2258 = VECTOR ( 'NONE', #1621, 1000.000000000000000 ) ;
#2259 =( GEOMETRIC_REPRESENTATION_CONTEXT ( 3 ) GLOBAL_UNCERTAINTY_ASSIGNED_CONTEXT ( ( #440 ) ) GLOBAL_UNIT_ASSIGNED_CONTEXT ( ( #1326, #4079, #2371 ) ) REPRESENTATION_CONTEXT ( 'NONE', 'WORKASPACE' ) );
#2260 = MECHANICAL_DESIGN_GEOMETRIC_PRESENTATION_REPRESENTATION (  '', ( #684 ), #2759 ) ;
#2261 = COLOUR_RGB ( '',0.7529411764705882248, 0.7529411764705882248, 0.7529411764705882248 ) ;
#2262 = CARTESIAN_POINT ( 'NONE',  ( -3.639719767662021432, 0.9008088496346673413, 1.649999999999999911 ) ) ;
#2263 = CARTESIAN_POINT ( 'NONE',  ( -1.858578643762688110, 2.799999999999999822, 3.025000000000000355 ) ) ;
#2264 = DIRECTION ( 'NONE',  ( -0.000000000000000000, -1.000000000000000000, -0.000000000000000000 ) ) ;
#2265 = UNCERTAINTY_MEASURE_WITH_UNIT (LENGTH_MEASURE( 1.000000000000000082E-05 ), #2741, 'distance_accuracy_value', 'NONE');
#2266 = ORIENTED_EDGE ( 'NONE', *, *, #2541, .F. ) ;
#2267 = COLOUR_RGB ( '',0.7529411764705882248, 0.7529411764705882248, 0.7529411764705882248 ) ;
#2268 = LINE ( 'NONE', #543, #3104 ) ;
#2269 = EDGE_CURVE ( 'NONE', #1533, #2517, #3429, .T. ) ;
#2270 =( GEOMETRIC_REPRESENTATION_CONTEXT ( 3 ) GLOBAL_UNCERTAINTY_ASSIGNED_CONTEXT ( ( #476 ) ) GLOBAL_UNIT_ASSIGNED_CONTEXT ( ( #2122, #426, #3558 ) ) REPRESENTATION_CONTEXT ( 'NONE', 'WORKASPACE' ) );
#2271 = CARTESIAN_POINT ( 'NONE',  ( -4.208357894366830720, 0.5209786367072010149, 2.350000000000000089 ) ) ;
#2272 = PRESENTATION_STYLE_ASSIGNMENT (( #224 ) ) ;
#2273 = PRESENTATION_LAYER_ASSIGNMENT (  '', '', ( #4192 ) ) ;
#2274 = EDGE_CURVE ( 'NONE', #2688, #3508, #758, .T. ) ;
#2275 = FACE_OUTER_BOUND ( 'NONE', #1937, .T. ) ;
#2276 = PRESENTATION_LAYER_ASSIGNMENT (  '', '', ( #3707 ) ) ;
#2277 = CARTESIAN_POINT ( 'NONE',  ( 3.639099115508123816, 1.300000000000000044, -2.350000000000000089 ) ) ;
#2278 = STYLED_ITEM ( 'NONE', ( #2658 ), #2346 ) ;
#2279 = ORIENTED_EDGE ( 'NONE', *, *, #3169, .T. ) ;
#2280 = SURFACE_SIDE_STYLE ('',( #910 ) ) ;
#2281 = FACE_OUTER_BOUND ( 'NONE', #4093, .T. ) ;
#2282 = MECHANICAL_DESIGN_GEOMETRIC_PRESENTATION_REPRESENTATION (  '', ( #564 ), #126 ) ;
#2283 =( GEOMETRIC_REPRESENTATION_CONTEXT ( 3 ) GLOBAL_UNCERTAINTY_ASSIGNED_CONTEXT ( ( #3 ) ) GLOBAL_UNIT_ASSIGNED_CONTEXT ( ( #4158, #2085, #1417 ) ) REPRESENTATION_CONTEXT ( 'NONE', 'WORKASPACE' ) );
#2284 = CARTESIAN_POINT ( 'NONE',  ( 3.832284280765937634, 1.151763809020504237, -2.350000000000000089 ) ) ;
#2285 = CARTESIAN_POINT ( 'NONE',  ( 1.858578643762686999, 2.799999999999999822, 3.024999999999999911 ) ) ;
#2286 = ORIENTED_EDGE ( 'NONE', *, *, #3722, .T. ) ;
#2287 = CYLINDRICAL_SURFACE ( 'NONE', #3994, 0.2000000000000000944 ) ;
#2288 = COLOUR_RGB ( '',0.7529411764705882248, 0.7529411764705882248, 0.7529411764705882248 ) ;
#2289 = DIRECTION ( 'NONE',  ( -0.2588190451025213501, -0.9659258262890680902, 0.000000000000000000 ) ) ;
#2290 = PLANE ( 'NONE',  #2252 ) ;
#2291 =( NAMED_UNIT ( * ) SI_UNIT ( $, .STERADIAN. ) SOLID_ANGLE_UNIT ( ) );
#2292 = DIRECTION ( 'NONE',  ( -1.000000000000000000, 0.000000000000000000, 0.000000000000000000 ) ) ;
#2293 = VERTEX_POINT ( 'NONE', #3583 ) ;
#2294 = FILL_AREA_STYLE ('',( #4081 ) ) ;
#2295 = ADVANCED_FACE ( 'NONE', ( #3840 ), #3809, .F. ) ;
#2296 = ADVANCED_FACE ( 'NONE', ( #2815 ), #146, .T. ) ;
#2297 = VERTEX_POINT ( 'NONE', #3162 ) ;
#2298 = SURFACE_STYLE_FILL_AREA ( #1928 ) ;
#2299 = DIRECTION ( 'NONE',  ( -1.000000000000000000, -1.626303258728259412E-15, 0.000000000000000000 ) ) ;
#2300 = CARTESIAN_POINT ( 'NONE',  ( 0.000000000000000000, 3.000000000000000000, 1.349999999999999867 ) ) ;
#2301 = CARTESIAN_POINT ( 'NONE',  ( 3.446534602404207615, 1.049045040614163149, -1.649999999999999911 ) ) ;
#2302 = VERTEX_POINT ( 'NONE', #1799 ) ;
#2303 = CARTESIAN_POINT ( 'NONE',  ( 4.231885899056324522E-16, 2.899999999999999911, 3.024999999999999911 ) ) ;
#2304 = SURFACE_STYLE_FILL_AREA ( #4325 ) ;
#2305 = CARTESIAN_POINT ( 'NONE',  ( -2.141421356237308338, 2.799999999999999822, 2.825000000000000178 ) ) ;
#2306 = ORIENTED_EDGE ( 'NONE', *, *, #4008, .F. ) ;
#2307 = CARTESIAN_POINT ( 'NONE',  ( 1.775737858763661670E-16, 10.30121933088197572, 1.449999999999999956 ) ) ;
#2308 = PRODUCT ( 'KSEK43G LFS - SMD Button', 'KSEK43G LFS - SMD Button', '', ( #4035 ) ) ;
#2309 = CARTESIAN_POINT ( 'NONE',  ( 1.858578643762688554, 2.899999999999999911, -3.125000000000000888 ) ) ;
#2310 = CARTESIAN_POINT ( 'NONE',  ( 2.512499999999996181, 2.799999999999999822, 2.512500000000001510 ) ) ;
#2311 = CARTESIAN_POINT ( 'NONE',  ( -3.446534602404207615, 1.049045040614163149, 1.649999999999999911 ) ) ;
#2312 = ORIENTED_EDGE ( 'NONE', *, *, #2513, .F. ) ;
#2313 =( NAMED_UNIT ( * ) PLANE_ANGLE_UNIT ( ) SI_UNIT ( $, .RADIAN. ) );
#2314 = ORIENTED_EDGE ( 'NONE', *, *, #3362, .T. ) ;
#2315 = DIRECTION ( 'NONE',  ( -0.000000000000000000, -0.000000000000000000, -1.000000000000000000 ) ) ;
#2316 = DIRECTION ( 'NONE',  ( 1.000000000000000000, 0.000000000000000000, 0.000000000000000000 ) ) ;
#2317 = ADVANCED_FACE ( 'NONE', ( #71 ), #1190, .T. ) ;
#2318 = CARTESIAN_POINT ( 'NONE',  ( 3.099999999999999645, 1.049045040614163149, -2.350000000000000089 ) ) ;
#2319 = DIRECTION ( 'NONE',  ( 0.000000000000000000, 1.000000000000000000, 0.000000000000000000 ) ) ;
#2320 = ORIENTED_EDGE ( 'NONE', *, *, #28, .T. ) ;
#2321 = CARTESIAN_POINT ( 'NONE',  ( 3.639099115508123816, 1.300000000000000044, 2.350000000000000089 ) ) ;
#2322 = VECTOR ( 'NONE', #933, 1000.000000000000000 ) ;
#2323 = EDGE_CURVE ( 'NONE', #1431, #1178, #1509, .T. ) ;
#2324 = VERTEX_POINT ( 'NONE', #859 ) ;
#2325 = DIRECTION ( 'NONE',  ( 1.000000000000000000, 0.000000000000000000, 8.673617379884035472E-16 ) ) ;
#2326 = CIRCLE ( 'NONE', #2117, 0.09999999999999982514 ) ;
#2327 = PLANE ( 'NONE',  #1721 ) ;
#2328 = EDGE_CURVE ( 'NONE', #1029, #512, #984, .T. ) ;
#2329 = CIRCLE ( 'NONE', #3262, 0.1000000000000001443 ) ;
#2330 = UNCERTAINTY_MEASURE_WITH_UNIT (LENGTH_MEASURE( 1.000000000000000082E-05 ), #244, 'distance_accuracy_value', 'NONE');
#2331 = LINE ( 'NONE', #3297, #1292 ) ;
#2332 = EDGE_LOOP ( 'NONE', ( #4074, #3466, #354, #4340, #117, #2415, #1691, #2235, #4202, #386, #220, #2958 ) ) ;
#2333 = LINE ( 'NONE', #992, #3401 ) ;
#2334 = AXIS2_PLACEMENT_3D ( 'NONE', #2360, #3049, #640 ) ;
#2335 = VECTOR ( 'NONE', #3384, 1000.000000000000000 ) ;
#2336 = ORIENTED_EDGE ( 'NONE', *, *, #3926, .T. ) ;
#2337 =( GEOMETRIC_REPRESENTATION_CONTEXT ( 3 ) GLOBAL_UNCERTAINTY_ASSIGNED_CONTEXT ( ( #200 ) ) GLOBAL_UNIT_ASSIGNED_CONTEXT ( ( #1520, #1848, #1207 ) ) REPRESENTATION_CONTEXT ( 'NONE', 'WORKASPACE' ) );
#2338 = FACE_OUTER_BOUND ( 'NONE', #3405, .T. ) ;
#2339 = COLOUR_RGB ( '',0.7529411764705882248, 0.7529411764705882248, 0.7529411764705882248 ) ;
#2340 = CARTESIAN_POINT ( 'NONE',  ( 1.775737858763661670E-16, 3.000000000000000000, 1.449999999999999956 ) ) ;
#2341 = ORIENTED_EDGE ( 'NONE', *, *, #1526, .F. ) ;
#2342 =( GEOMETRIC_REPRESENTATION_CONTEXT ( 3 ) GLOBAL_UNCERTAINTY_ASSIGNED_CONTEXT ( ( #2265 ) ) GLOBAL_UNIT_ASSIGNED_CONTEXT ( ( #2741, #665, #306 ) ) REPRESENTATION_CONTEXT ( 'NONE', 'WORKASPACE' ) );
#2343 = FILL_AREA_STYLE_COLOUR ( '', #271 ) ;
#2344 = PRESENTATION_LAYER_ASSIGNMENT (  '', '', ( #4333 ) ) ;
#2345 = EDGE_CURVE ( 'NONE', #2754, #3880, #3484, .T. ) ;
#2346 = ADVANCED_FACE ( 'NONE', ( #958 ), #3688, .T. ) ;
#2347 = VECTOR ( 'NONE', #2829, 1000.000000000000000 ) ;
#2348 = ORIENTED_EDGE ( 'NONE', *, *, #1699, .T. ) ;
#2349 =( GEOMETRIC_REPRESENTATION_CONTEXT ( 3 ) GLOBAL_UNCERTAINTY_ASSIGNED_CONTEXT ( ( #1471 ) ) GLOBAL_UNIT_ASSIGNED_CONTEXT ( ( #3381, #3423, #1796 ) ) REPRESENTATION_CONTEXT ( 'NONE', 'WORKASPACE' ) );
#2350 = LINE ( 'NONE', #718, #3284 ) ;
#2351 = CARTESIAN_POINT ( 'NONE',  ( 3.000000000000000444, 2.799999999999999822, 2.825000000000001954 ) ) ;
#2352 = AXIS2_PLACEMENT_3D ( 'NONE', #1438, #1012, #3738 ) ;
#2353 = COLOUR_RGB ( '',0.7529411764705882248, 0.7529411764705882248, 0.7529411764705882248 ) ;
#2354 = CARTESIAN_POINT ( 'NONE',  ( 1.999999999999995781, 2.899999999999999911, 2.883578643762691129 ) ) ;
#2355 = ORIENTED_EDGE ( 'NONE', *, *, #827, .F. ) ;
#2356 = CARTESIAN_POINT ( 'NONE',  ( -3.817985654712924948, 0.2355115019043609315, -1.649999999999999911 ) ) ;
#2357 = STYLED_ITEM ( 'NONE', ( #2662 ), #3922 ) ;
#2358 = EDGE_LOOP ( 'NONE', ( #1594, #1316, #3146, #4363 ) ) ;
#2359 = DIRECTION ( 'NONE',  ( 0.9961946980917455452, 0.08715574274765837404, 0.000000000000000000 ) ) ;
#2360 = CARTESIAN_POINT ( 'NONE',  ( 0.000000000000000000, 3.000000000000000000, 0.000000000000000000 ) ) ;
#2361 =( NAMED_UNIT ( * ) SI_UNIT ( $, .STERADIAN. ) SOLID_ANGLE_UNIT ( ) );
#2362 = FILL_AREA_STYLE ('',( #1276 ) ) ;
#2363 = LINE ( 'NONE', #2698, #1637 ) ;
#2364 = CARTESIAN_POINT ( 'NONE',  ( -5.000000000000000000, 0.2509549593858368954, -2.350000000000000089 ) ) ;
#2365 = SURFACE_STYLE_FILL_AREA ( #1683 ) ;
#2366 = ORIENTED_EDGE ( 'NONE', *, *, #751, .F. ) ;
#2367 = EDGE_CURVE ( 'NONE', #54, #1596, #191, .T. ) ;
#2368 = PLANE ( 'NONE',  #2414 ) ;
#2369 = ORIENTED_EDGE ( 'NONE', *, *, #4370, .T. ) ;
#2370 = CARTESIAN_POINT ( 'NONE',  ( -3.099999999999999645, 1.300000000000000044, -2.350000000000000089 ) ) ;
#2371 =( NAMED_UNIT ( * ) SI_UNIT ( $, .STERADIAN. ) SOLID_ANGLE_UNIT ( ) );
#2372 = FILL_AREA_STYLE_COLOUR ( '', #2288 ) ;
#2373 = EDGE_LOOP ( 'NONE', ( #1846, #3529, #1021, #1265 ) ) ;
#2374 = CARTESIAN_POINT ( 'NONE',  ( 4.051418138391622570, 0.3339451187028870116, 2.350000000000000089 ) ) ;
#2375 = FILL_AREA_STYLE ('',( #3302 ) ) ;
#2376 = DIRECTION ( 'NONE',  ( 0.000000000000000000, 0.000000000000000000, -1.000000000000000000 ) ) ;
#2377 = CARTESIAN_POINT ( 'NONE',  ( -3.639099115508123816, 1.099999999999999867, 2.350000000000000089 ) ) ;
#2378 = DIRECTION ( 'NONE',  ( 1.000000000000000000, 0.000000000000000000, 0.000000000000000000 ) ) ;
#2379 = DIRECTION ( 'NONE',  ( 0.000000000000000000, 0.000000000000000000, -1.000000000000000000 ) ) ;
#2380 = DIRECTION ( 'NONE',  ( -0.000000000000000000, 1.000000000000000000, -0.000000000000000000 ) ) ;
#2381 =( LENGTH_UNIT ( ) NAMED_UNIT ( * ) SI_UNIT ( .MILLI., .METRE. ) );
#2382 = UNCERTAINTY_MEASURE_WITH_UNIT (LENGTH_MEASURE( 1.000000000000000082E-05 ), #964, 'distance_accuracy_value', 'NONE');
#2383 = ORIENTED_EDGE ( 'NONE', *, *, #1681, .T. ) ;
#2384 = EDGE_CURVE ( 'NONE', #4044, #2593, #1639, .T. ) ;
#2385 = CARTESIAN_POINT ( 'NONE',  ( 3.639099115508123816, 1.099999999999999867, -2.350000000000000089 ) ) ;
#2386 = CARTESIAN_POINT ( 'NONE',  ( 3.099999999999999645, 0.000000000000000000, -2.824999999999998401 ) ) ;
#2387 = VECTOR ( 'NONE', #2152, 1000.000000000000000 ) ;
#2388 = SURFACE_SIDE_STYLE ('',( #761 ) ) ;
#2389 =( NAMED_UNIT ( * ) SI_UNIT ( $, .STERADIAN. ) SOLID_ANGLE_UNIT ( ) );
#2390 = ORIENTED_EDGE ( 'NONE', *, *, #1957, .F. ) ;
#2391 = EDGE_CURVE ( 'NONE', #3682, #105, #4266, .T. ) ;
#2392 = DIRECTION ( 'NONE',  ( 0.000000000000000000, 1.000000000000000000, -0.000000000000000000 ) ) ;
#2393 = CARTESIAN_POINT ( 'NONE',  ( -4.011170819970738322, 0.2872753109248650794, -2.350000000000000089 ) ) ;
#2394 = DIRECTION ( 'NONE',  ( -0.000000000000000000, -0.000000000000000000, -1.000000000000000000 ) ) ;
#2395 = VECTOR ( 'NONE', #3606, 1000.000000000000114 ) ;
#2396 = ORIENTED_EDGE ( 'NONE', *, *, #4332, .T. ) ;
#2397 = PRESENTATION_LAYER_ASSIGNMENT (  '', '', ( #4117 ) ) ;
#2398 = AXIS2_PLACEMENT_3D ( 'NONE', #31, #2475, #336 ) ;
#2399 = MECHANICAL_DESIGN_GEOMETRIC_PRESENTATION_REPRESENTATION (  '', ( #3269 ), #3896 ) ;
#2400 =( NAMED_UNIT ( * ) PLANE_ANGLE_UNIT ( ) SI_UNIT ( $, .RADIAN. ) );
#2401 = CARTESIAN_POINT ( 'NONE',  ( 3.099999999999999645, 1.300000000000000044, 2.350000000000000089 ) ) ;
#2402 = PRESENTATION_LAYER_ASSIGNMENT (  '', '', ( #4183 ) ) ;
#2403 = EDGE_CURVE ( 'NONE', #3486, #2081, #1983, .T. ) ;
#2404 = SURFACE_SIDE_STYLE ('',( #4374 ) ) ;
#2405 = PRESENTATION_LAYER_ASSIGNMENT (  '', '', ( #337 ) ) ;
#2406 = CYLINDRICAL_SURFACE ( 'NONE', #4198, 0.1000000000000001443 ) ;
#2407 = CIRCLE ( 'NONE', #2980, 0.09999999999999982514 ) ;
#2408 = PRESENTATION_LAYER_ASSIGNMENT (  '', '', ( #4139 ) ) ;
#2409 = ORIENTED_EDGE ( 'NONE', *, *, #462, .T. ) ;
#2410 = COLOUR_RGB ( '',0.7529411764705882248, 0.7529411764705882248, 0.7529411764705882248 ) ;
#2411 = CARTESIAN_POINT ( 'NONE',  ( -2.141421356237308338, 2.899999999999999911, 3.024999999999999911 ) ) ;
#2412 = CARTESIAN_POINT ( 'NONE',  ( 2.141421356237310114, 2.799999999999999822, -2.824999999999999289 ) ) ;
#2413 = CYLINDRICAL_SURFACE ( 'NONE', #1636, 0.09999999999999982514 ) ;
#2414 = AXIS2_PLACEMENT_3D ( 'NONE', #4194, #3180, #1146 ) ;
#2415 = ORIENTED_EDGE ( 'NONE', *, *, #3652, .T. ) ;
#2416 = AXIS2_PLACEMENT_3D ( 'NONE', #3562, #4208, #3217 ) ;
#2417 = MECHANICAL_DESIGN_GEOMETRIC_PRESENTATION_REPRESENTATION (  '', ( #1852 ), #1149 ) ;
#2418 = CARTESIAN_POINT ( 'NONE',  ( -3.000000000000000444, 2.799999999999999822, -2.925000000000000266 ) ) ;
#2419 =( NAMED_UNIT ( * ) PLANE_ANGLE_UNIT ( ) SI_UNIT ( $, .RADIAN. ) );
#2420 = LINE ( 'NONE', #724, #4261 ) ;
#2421 = ADVANCED_FACE ( 'NONE', ( #1219 ), #1240, .T. ) ;
#2422 = ORIENTED_EDGE ( 'NONE', *, *, #4161, .T. ) ;
#2423 = ADVANCED_FACE ( 'NONE', ( #1936 ), #4329, .T. ) ;
#2424 =( GEOMETRIC_REPRESENTATION_CONTEXT ( 3 ) GLOBAL_UNCERTAINTY_ASSIGNED_CONTEXT ( ( #1557 ) ) GLOBAL_UNIT_ASSIGNED_CONTEXT ( ( #813, #478, #2867 ) ) REPRESENTATION_CONTEXT ( 'NONE', 'WORKASPACE' ) );
#2425 = FILL_AREA_STYLE_COLOUR ( '', #1394 ) ;
#2426 = VECTOR ( 'NONE', #3271, 1000.000000000000000 ) ;
#2427 = COLOUR_RGB ( '',0.7529411764705882248, 0.7529411764705882248, 0.7529411764705882248 ) ;
#2428 = SURFACE_SIDE_STYLE ('',( #4127 ) ) ;
#2429 = SURFACE_SIDE_STYLE ('',( #3525 ) ) ;
#2430 = DIRECTION ( 'NONE',  ( -1.000000000000000000, 0.000000000000000000, 0.000000000000000000 ) ) ;
#2431 = DIRECTION ( 'NONE',  ( 1.387778780781445676E-16, 0.000000000000000000, 1.000000000000000000 ) ) ;
#2432 = DIRECTION ( 'NONE',  ( -0.7071067811865464625, 0.000000000000000000, -0.7071067811865486830 ) ) ;
#2433 = FILL_AREA_STYLE ('',( #2372 ) ) ;
#2434 = ORIENTED_EDGE ( 'NONE', *, *, #1228, .T. ) ;
#2435 = DIRECTION ( 'NONE',  ( 0.000000000000000000, 0.000000000000000000, 1.000000000000000000 ) ) ;
#2436 = PRESENTATION_STYLE_ASSIGNMENT (( #1376 ) ) ;
#2437 =( LENGTH_UNIT ( ) NAMED_UNIT ( * ) SI_UNIT ( .MILLI., .METRE. ) );
#2438 = FILL_AREA_STYLE ('',( #1457 ) ) ;
#2439 = VERTEX_POINT ( 'NONE', #3032 ) ;
#2440 = ADVANCED_FACE ( 'NONE', ( #2743 ), #1344, .F. ) ;
#2441 = EDGE_CURVE ( 'NONE', #1402, #4142, #2047, .T. ) ;
#2442 = DIRECTION ( 'NONE',  ( -1.000000000000000000, 0.000000000000000000, 0.000000000000000000 ) ) ;
#2443 = ORIENTED_EDGE ( 'NONE', *, *, #1870, .T. ) ;
#2444 = CARTESIAN_POINT ( 'NONE',  ( -4.015172729109017347, 0.4692148276866966450, 2.350000000000000089 ) ) ;
#2445 = CARTESIAN_POINT ( 'NONE',  ( -3.099999999999999645, 2.799999999999999822, 2.825000000000000178 ) ) ;
#2446 = PRESENTATION_STYLE_ASSIGNMENT (( #1088 ) ) ;
#2447 = ORIENTED_EDGE ( 'NONE', *, *, #1352, .T. ) ;
#2448 = EDGE_LOOP ( 'NONE', ( #2655, #409, #3938, #2943 ) ) ;
#2449 = PRODUCT_DEFINITION_CONTEXT ( 'detailed design', #178, 'design' ) ;
#2450 =( NAMED_UNIT ( * ) PLANE_ANGLE_UNIT ( ) SI_UNIT ( $, .RADIAN. ) );
#2451 = ORIENTED_EDGE ( 'NONE', *, *, #238, .F. ) ;
#2452 = PLANE ( 'NONE',  #997 ) ;
#2453 = VECTOR ( 'NONE', #2083, 1000.000000000000000 ) ;
#2454 = DIRECTION ( 'NONE',  ( 0.9961946980917455452, 0.08715574274765833240, 0.000000000000000000 ) ) ;
#2455 = VERTEX_POINT ( 'NONE', #389 ) ;
#2456 = CARTESIAN_POINT ( 'NONE',  ( -4.231885899056325508E-16, 2.799999999999999822, -3.025000000000000799 ) ) ;
#2457 = AXIS2_PLACEMENT_3D ( 'NONE', #3084, #3031, #4071 ) ;
#2458 = CYLINDRICAL_SURFACE ( 'NONE', #4119, 0.09999999999999982514 ) ;
#2459 = CIRCLE ( 'NONE', #541, 0.09999999999999997780 ) ;
#2460 = MECHANICAL_DESIGN_GEOMETRIC_PRESENTATION_REPRESENTATION (  '', ( #29 ), #759 ) ;
#2461 = AXIS2_PLACEMENT_3D ( 'NONE', #283, #4346, #4315 ) ;
#2462 = CARTESIAN_POINT ( 'NONE',  ( 3.099999999999999645, 1.300000000000000044, -2.350000000000000089 ) ) ;
#2463 = COLOUR_RGB ( '',0.7529411764705882248, 0.7529411764705882248, 0.7529411764705882248 ) ;
#2464 = FILL_AREA_STYLE_COLOUR ( '', #853 ) ;
#2465 = CARTESIAN_POINT ( 'NONE',  ( 4.011170819970738322, 0.2872753109248650794, 2.350000000000000089 ) ) ;
#2466 = ORIENTED_EDGE ( 'NONE', *, *, #2637, .F. ) ;
#2467 = AXIS2_PLACEMENT_3D ( 'NONE', #3523, #1231, #506 ) ;
#2468 = EDGE_CURVE ( 'NONE', #3543, #1441, #2914, .T. ) ;
#2469 = EDGE_CURVE ( 'NONE', #1730, #1486, #4415, .T. ) ;
#2470 = CARTESIAN_POINT ( 'NONE',  ( 0.000000000000000000, 0.000000000000000000, 1.649999999999999911 ) ) ;
#2471 = EDGE_LOOP ( 'NONE', ( #1560, #2876, #779, #2708 ) ) ;
#2472 = SURFACE_SIDE_STYLE ('',( #149 ) ) ;
#2473 = STYLED_ITEM ( 'NONE', ( #1380 ), #111 ) ;
#2474 = UNCERTAINTY_MEASURE_WITH_UNIT (LENGTH_MEASURE( 1.000000000000000082E-05 ), #814, 'distance_accuracy_value', 'NONE');
#2475 = DIRECTION ( 'NONE',  ( -0.000000000000000000, 0.000000000000000000, 1.000000000000000000 ) ) ;
#2476 = MECHANICAL_DESIGN_GEOMETRIC_PRESENTATION_REPRESENTATION (  '', ( #110 ), #1281 ) ;
#2477 = EDGE_LOOP ( 'NONE', ( #967, #461, #3087, #1189 ) ) ;
#2478 = AXIS2_PLACEMENT_3D ( 'NONE', #1590, #2890, #2937 ) ;
#2479 = DIRECTION ( 'NONE',  ( 0.000000000000000000, 0.000000000000000000, -1.000000000000000000 ) ) ;
#2480 = CARTESIAN_POINT ( 'NONE',  ( 2.999999999999999556, 2.899999999999999911, -2.824999999999998401 ) ) ;
#2481 = CIRCLE ( 'NONE', #3058, 0.09999999999999982514 ) ;
#2482 = MECHANICAL_DESIGN_GEOMETRIC_PRESENTATION_REPRESENTATION (  '', ( #4192 ), #4199 ) ;
#2483 = DIRECTION ( 'NONE',  ( -0.9961946980917455452, -0.08715574274765837404, 0.000000000000000000 ) ) ;
#2484 = CARTESIAN_POINT ( 'NONE',  ( 3.639099115508123816, 1.099999999999999867, -2.350000000000000089 ) ) ;
#2485 = ORIENTED_EDGE ( 'NONE', *, *, #201, .F. ) ;
#2486 = FILL_AREA_STYLE ('',( #1133 ) ) ;
#2487 = COLOUR_RGB ( '',0.7529411764705882248, 0.7529411764705882248, 0.7529411764705882248 ) ;
#2488 = AXIS2_PLACEMENT_3D ( 'NONE', #892, #1235, #3660 ) ;
#2489 = LINE ( 'NONE', #2872, #4274 ) ;
#2490 = SURFACE_STYLE_USAGE ( .BOTH. , #544 ) ;
#2491 = MECHANICAL_DESIGN_GEOMETRIC_PRESENTATION_REPRESENTATION (  '', ( #3364 ), #2926 ) ;
#2492 = FILL_AREA_STYLE ('',( #2810 ) ) ;
#2493 = AXIS2_PLACEMENT_3D ( 'NONE', #261, #1239, #1577 ) ;
#2494 = UNCERTAINTY_MEASURE_WITH_UNIT (LENGTH_MEASURE( 1.000000000000000082E-05 ), #1013, 'distance_accuracy_value', 'NONE');
#2495 = LINE ( 'NONE', #1764, #2686 ) ;
#2496 = DIRECTION ( 'NONE',  ( 0.000000000000000000, 0.000000000000000000, -1.000000000000000000 ) ) ;
#2497 = ORIENTED_EDGE ( 'NONE', *, *, #3946, .T. ) ;
#2498 = DIRECTION ( 'NONE',  ( 1.000000000000000000, 0.000000000000000000, 0.000000000000000000 ) ) ;
#2499 = ORIENTED_EDGE ( 'NONE', *, *, #3458, .F. ) ;
#2501 = EDGE_CURVE ( 'NONE', #3537, #1968, #3838, .T. ) ;
#2500 = FILL_AREA_STYLE_COLOUR ( '', #3156 ) ;
#2502 = ADVANCED_FACE ( 'NONE', ( #3769 ), #1795, .T. ) ;
#2503 =( NAMED_UNIT ( * ) SI_UNIT ( $, .STERADIAN. ) SOLID_ANGLE_UNIT ( ) );
#2504 = ORIENTED_EDGE ( 'NONE', *, *, #3445, .T. ) ;
#2505 = EDGE_LOOP ( 'NONE', ( #3552, #4009, #3760, #1785 ) ) ;
#2506 = CARTESIAN_POINT ( 'NONE',  ( -2.512499999999997513, 2.899999999999999911, -2.512500000000002842 ) ) ;
#2507 = EDGE_LOOP ( 'NONE', ( #1458, #3616, #1716, #2341 ) ) ;
#2508 =( NAMED_UNIT ( * ) SI_UNIT ( $, .STERADIAN. ) SOLID_ANGLE_UNIT ( ) );
#2509 = SURFACE_STYLE_FILL_AREA ( #2527 ) ;
#2510 = ORIENTED_EDGE ( 'NONE', *, *, #4245, .F. ) ;
#2511 = PRESENTATION_STYLE_ASSIGNMENT (( #1587 ) ) ;
#2512 = DIRECTION ( 'NONE',  ( 0.000000000000000000, 1.000000000000000000, 0.000000000000000000 ) ) ;
#2513 = EDGE_CURVE ( 'NONE', #2573, #105, #4072, .T. ) ;
#2514 = PRESENTATION_STYLE_ASSIGNMENT (( #2490 ) ) ;
#2515 = ORIENTED_EDGE ( 'NONE', *, *, #69, .F. ) ;
#2516 = DIRECTION ( 'NONE',  ( 0.000000000000000000, 0.000000000000000000, 1.000000000000000000 ) ) ;
#2517 = VERTEX_POINT ( 'NONE', #2445 ) ;
#2518 = FILL_AREA_STYLE ('',( #2163 ) ) ;
#2519 = EDGE_LOOP ( 'NONE', ( #1792, #1191, #2813, #1832 ) ) ;
#2520 = DIRECTION ( 'NONE',  ( -0.7071067811865483499, 0.000000000000000000, 0.7071067811865466846 ) ) ;
#2521 = CARTESIAN_POINT ( 'NONE',  ( 3.599999999999999645, 1.049045040614163149, -2.350000000000000089 ) ) ;
#2522 = ORIENTED_EDGE ( 'NONE', *, *, #730, .F. ) ;
#2523 = EDGE_LOOP ( 'NONE', ( #3804, #4120, #2409, #4181 ) ) ;
#2524 = ADVANCED_FACE ( 'NONE', ( #1829 ), #1143, .T. ) ;
#2525 = CARTESIAN_POINT ( 'NONE',  ( 4.051418138391622570, 0.3339451187028870116, -2.350000000000000089 ) ) ;
#2526 = FILL_AREA_STYLE_COLOUR ( '', #2175 ) ;
#2527 = FILL_AREA_STYLE ('',( #794 ) ) ;
#2528 = ORIENTED_EDGE ( 'NONE', *, *, #4387, .F. ) ;
#2529 = CYLINDRICAL_SURFACE ( 'NONE', #2990, 0.09999999999999982514 ) ;
#2530 = CARTESIAN_POINT ( 'NONE',  ( -3.446534602404207615, 1.049045040614163149, -1.649999999999999911 ) ) ;
#2531 =( LENGTH_UNIT ( ) NAMED_UNIT ( * ) SI_UNIT ( .MILLI., .METRE. ) );
#2532 = MECHANICAL_DESIGN_GEOMETRIC_PRESENTATION_REPRESENTATION (  '', ( #246 ), #1696 ) ;
#2533 = AXIS2_PLACEMENT_3D ( 'NONE', #3830, #3176, #3876 ) ;
#2534 = FILL_AREA_STYLE ('',( #3263 ) ) ;
#2535 = PLANE ( 'NONE',  #321 ) ;
#2536 = SURFACE_STYLE_FILL_AREA ( #465 ) ;
#2537 = ORIENTED_EDGE ( 'NONE', *, *, #2807, .F. ) ;
#2538 = SURFACE_SIDE_STYLE ('',( #855 ) ) ;
#2539 = ORIENTED_EDGE ( 'NONE', *, *, #1825, .F. ) ;
#2540 = VECTOR ( 'NONE', #1736, 1000.000000000000000 ) ;
#2541 = EDGE_CURVE ( 'NONE', #4046, #3661, #2113, .T. ) ;
#2542 = VECTOR ( 'NONE', #2319, 1000.000000000000000 ) ;
#2543 = SURFACE_STYLE_FILL_AREA ( #755 ) ;
#2544 = MECHANICAL_DESIGN_GEOMETRIC_PRESENTATION_REPRESENTATION (  '', ( #329 ), #1343 ) ;
#2545 = ORIENTED_EDGE ( 'NONE', *, *, #584, .F. ) ;
#2546 = CARTESIAN_POINT ( 'NONE',  ( -2.537033083616079981E-15, 2.899999999999999911, 2.924999999999999378 ) ) ;
#2547 = VECTOR ( 'NONE', #2454, 1000.000000000000114 ) ;
#2548 = DIRECTION ( 'NONE',  ( 0.2588190451025216277, 0.9659258262890680902, 0.000000000000000000 ) ) ;
#2549 = LINE ( 'NONE', #3586, #1035 ) ;
#2550 = SURFACE_SIDE_STYLE ('',( #1198 ) ) ;
#2551 = FACE_OUTER_BOUND ( 'NONE', #3751, .T. ) ;
#2552 = ORIENTED_EDGE ( 'NONE', *, *, #3652, .F. ) ;
#2553 = STYLED_ITEM ( 'NONE', ( #1826 ), #210 ) ;
#2554 = AXIS2_PLACEMENT_3D ( 'NONE', #1308, #3062, #328 ) ;
#2555 = DIRECTION ( 'NONE',  ( 1.000000000000000000, -0.000000000000000000, 0.000000000000000000 ) ) ;
#2556 = EDGE_CURVE ( 'NONE', #312, #2168, #2986, .T. ) ;
#2557 = ADVANCED_FACE ( 'NONE', ( #1501 ), #1522, .T. ) ;
#2558 = UNCERTAINTY_MEASURE_WITH_UNIT (LENGTH_MEASURE( 1.000000000000000082E-05 ), #2198, 'distance_accuracy_value', 'NONE');
#2559 = PRESENTATION_LAYER_ASSIGNMENT (  '', '', ( #46 ) ) ;
#2560 = CARTESIAN_POINT ( 'NONE',  ( 3.993739671421206339, 0.08803637130651603693, 1.649999999999999911 ) ) ;
#2561 = PRESENTATION_LAYER_ASSIGNMENT (  '', '', ( #416 ) ) ;
#2562 = AXIS2_PLACEMENT_3D ( 'NONE', #818, #1462, #841 ) ;
#2563 = PRESENTATION_LAYER_ASSIGNMENT (  '', '', ( #50 ) ) ;
#2564 = DIRECTION ( 'NONE',  ( 0.000000000000000000, -1.000000000000000000, 0.000000000000000000 ) ) ;
#2565 =( LENGTH_UNIT ( ) NAMED_UNIT ( * ) SI_UNIT ( .MILLI., .METRE. ) );
#2566 = DIRECTION ( 'NONE',  ( 1.000000000000000000, 0.000000000000000000, 0.000000000000000000 ) ) ;
#2567 = ORIENTED_EDGE ( 'NONE', *, *, #589, .T. ) ;
#2568 = LINE ( 'NONE', #1255, #2055 ) ;
#2569 = VERTEX_POINT ( 'NONE', #509 ) ;
#2570 = VECTOR ( 'NONE', #2289, 1000.000000000000114 ) ;
#2571 = ORIENTED_EDGE ( 'NONE', *, *, #4366, .T. ) ;
#2572 = CARTESIAN_POINT ( 'NONE',  ( -3.446534602404207615, 1.049045040614163149, 2.350000000000000089 ) ) ;
#2573 = VERTEX_POINT ( 'NONE', #2985 ) ;
#2574 = DIRECTION ( 'NONE',  ( -0.000000000000000000, 1.000000000000000000, -0.000000000000000000 ) ) ;
#2575 = DIRECTION ( 'NONE',  ( -0.08715574274765837404, 0.9961946980917455452, 0.000000000000000000 ) ) ;
#2577 = CARTESIAN_POINT ( 'NONE',  ( -3.599999999999999645, 1.049045040614163149, 2.350000000000000089 ) ) ;
#2576 = UNCERTAINTY_MEASURE_WITH_UNIT (LENGTH_MEASURE( 1.000000000000000082E-05 ), #957, 'distance_accuracy_value', 'NONE');
#2578 =( NAMED_UNIT ( * ) PLANE_ANGLE_UNIT ( ) SI_UNIT ( $, .RADIAN. ) );
#2579 = ORIENTED_EDGE ( 'NONE', *, *, #4113, .F. ) ;
#2580 = DIRECTION ( 'NONE',  ( -0.000000000000000000, -1.000000000000000000, 0.000000000000000000 ) ) ;
#2581 = CARTESIAN_POINT ( 'NONE',  ( -3.100000000000000089, 0.000000000000000000, 4.302114220422481594E-16 ) ) ;
#2582 = FACE_OUTER_BOUND ( 'NONE', #3372, .T. ) ;
#2583 = EDGE_CURVE ( 'NONE', #3054, #1663, #4343, .T. ) ;
#2584 = EDGE_CURVE ( 'NONE', #4398, #2058, #3930, .T. ) ;
#2585 = CARTESIAN_POINT ( 'NONE',  ( -2.512499999999997069, 2.899999999999999911, 2.512500000000002398 ) ) ;
#2586 = PRESENTATION_STYLE_ASSIGNMENT (( #227 ) ) ;
#2587 = DIRECTION ( 'NONE',  ( -0.000000000000000000, -0.000000000000000000, -1.000000000000000000 ) ) ;
#2588 = LINE ( 'NONE', #1595, #1496 ) ;
#2589 = DIRECTION ( 'NONE',  ( 0.000000000000000000, -1.000000000000000000, 0.000000000000000000 ) ) ;
#2590 = FACE_OUTER_BOUND ( 'NONE', #1502, .T. ) ;
#2591 = CARTESIAN_POINT ( 'NONE',  ( 0.000000000000000000, 3.100000000000000089, 0.000000000000000000 ) ) ;
#2592 = CARTESIAN_POINT ( 'NONE',  ( -3.792564513103915846, 1.300000000000000044, 1.649999999999999911 ) ) ;
#2593 = VERTEX_POINT ( 'NONE', #1868 ) ;
#2594 = DIRECTION ( 'NONE',  ( 0.7071067811865483499, -0.000000000000000000, 0.7071067811865466846 ) ) ;
#2595 = ADVANCED_FACE ( 'NONE', ( #208 ), #1884, .T. ) ;
#2596 = LINE ( 'NONE', #301, #906 ) ;
#2597 = SURFACE_STYLE_FILL_AREA ( #3895 ) ;
#2598 = CARTESIAN_POINT ( 'NONE',  ( 1.858578643762688554, 0.000000000000000000, -3.125000000000000888 ) ) ;
#2599 = DIRECTION ( 'NONE',  ( 0.000000000000000000, -0.000000000000000000, 1.000000000000000000 ) ) ;
#2600 = ORIENTED_EDGE ( 'NONE', *, *, #4359, .F. ) ;
#2601 = PLANE ( 'NONE',  #1423 ) ;
#2602 = LINE ( 'NONE', #2043, #981 ) ;
#2603 = MECHANICAL_DESIGN_GEOMETRIC_PRESENTATION_REPRESENTATION (  '', ( #1469 ), #2186 ) ;
#2604 = SURFACE_STYLE_FILL_AREA ( #4356 ) ;
#2605 = DIRECTION ( 'NONE',  ( 0.7071067811865464625, 0.000000000000000000, 0.7071067811865486830 ) ) ;
#2606 = ORIENTED_EDGE ( 'NONE', *, *, #2939, .F. ) ;
#2608 = EDGE_CURVE ( 'NONE', #1869, #3899, #3643, .T. ) ;
#2607 = PRESENTATION_LAYER_ASSIGNMENT (  '', '', ( #902 ) ) ;
#2609 = FILL_AREA_STYLE_COLOUR ( '', #1638 ) ;
#2610 = VECTOR ( 'NONE', #3791, 1000.000000000000000 ) ;
#2611 = STYLED_ITEM ( 'NONE', ( #3071 ), #660 ) ;
#2612 = PRESENTATION_LAYER_ASSIGNMENT (  '', '', ( #329 ) ) ;
#2613 = DIRECTION ( 'NONE',  ( -0.000000000000000000, -1.000000000000000000, 0.000000000000000000 ) ) ;
#2614 = DIRECTION ( 'NONE',  ( 1.398970545142586541E-16, -0.000000000000000000, 1.000000000000000000 ) ) ;
#2615 = SURFACE_SIDE_STYLE ('',( #2999 ) ) ;
#2616 = CARTESIAN_POINT ( 'NONE',  ( -1.858578643762688110, 2.799999999999999822, 3.025000000000000355 ) ) ;
#2617 = CLOSED_SHELL ( 'NONE', ( #1230, #1001, #1506, #1387, #3105, #3598, #3665, #3048, #3597, #1440, #1427, #1180, #1010, #3060, #4311, #4331, #295, #2749, #276, #4068, #1880, #441, #484, #1079, #4064, #2968, #1065, #3277, #2557, #1731, #949, #2961, #1382, #1874, #2595, #314, #1216, #2423, #1924, #2440, #1802, #4144, #2245, #2044, #2009, #4106, #3460, #1513, #2317, #3086, #3922, #4166, #3145, #1084, #2802, #1697, #3250, #3835, #4236, #752, #3800, #2295, #111, #2346, #1078, #4416, #3053, #660, #2524, #2421, #550, #4031, #1337, #4296, #2709, #2747, #3360, #2225, #455, #4052, #3235, #3595, #3686, #873, #210, #2209, #322, #412, #979, #2777, #2502, #797, #3574, #3240, #3901, #2881, #2974, #3301, #4069, #3875, #3533, #430, #1978, #343, #1608, #26, #2296 ) ) ;
#2618 = EDGE_LOOP ( 'NONE', ( #3077, #2865, #2834, #234 ) ) ;
#2619 = EDGE_LOOP ( 'NONE', ( #2579, #496, #1070, #2396 ) ) ;
#2620 = MECHANICAL_DESIGN_GEOMETRIC_PRESENTATION_REPRESENTATION (  '', ( #337 ), #3701 ) ;
#2621 = DIRECTION ( 'NONE',  ( 0.9961946980917455452, 0.08715574274765833240, 0.000000000000000000 ) ) ;
#2622 = SURFACE_SIDE_STYLE ('',( #3703 ) ) ;
#2623 = SURFACE_STYLE_FILL_AREA ( #4279 ) ;
#2624 =( GEOMETRIC_REPRESENTATION_CONTEXT ( 3 ) GLOBAL_UNCERTAINTY_ASSIGNED_CONTEXT ( ( #443 ) ) GLOBAL_UNIT_ASSIGNED_CONTEXT ( ( #498, #3017, #2660 ) ) REPRESENTATION_CONTEXT ( 'NONE', 'WORKASPACE' ) );
#2625 = COLOUR_RGB ( '',0.7529411764705882248, 0.7529411764705882248, 0.7529411764705882248 ) ;
#2626 = DIRECTION ( 'NONE',  ( 0.2588190451025213501, -0.9659258262890680902, 0.000000000000000000 ) ) ;
#2627 = STYLED_ITEM ( 'NONE', ( #4017 ), #3460 ) ;
#2628 = FACE_OUTER_BOUND ( 'NONE', #3370, .T. ) ;
#2629 = EDGE_LOOP ( 'NONE', ( #4286, #2314, #3045, #664 ) ) ;
#2630 = DIRECTION ( 'NONE',  ( -0.08715574274765837404, -0.9961946980917455452, 0.000000000000000000 ) ) ;
#2631 =( NAMED_UNIT ( * ) PLANE_ANGLE_UNIT ( ) SI_UNIT ( $, .RADIAN. ) );
#2632 = VECTOR ( 'NONE', #157, 999.9999999999998863 ) ;
#2633 = SURFACE_SIDE_STYLE ('',( #2837 ) ) ;
#2634 = EDGE_LOOP ( 'NONE', ( #2355, #3033, #420, #1836 ) ) ;
#2635 = VECTOR ( 'NONE', #1732, 1000.000000000000000 ) ;
#2636 = VECTOR ( 'NONE', #558, 1000.000000000000000 ) ;
#2637 = EDGE_CURVE ( 'NONE', #1625, #3543, #1141, .T. ) ;
#2638 = CIRCLE ( 'NONE', #2069, 0.2000000000000000944 ) ;
#2639 = DIRECTION ( 'NONE',  ( 0.000000000000000000, 0.000000000000000000, 1.000000000000000000 ) ) ;
#2640 = PRESENTATION_STYLE_ASSIGNMENT (( #1646 ) ) ;
#2641 = DIRECTION ( 'NONE',  ( 0.9961946980917455452, -0.08715574274765837404, -0.000000000000000000 ) ) ;
#2642 = UNCERTAINTY_MEASURE_WITH_UNIT (LENGTH_MEASURE( 1.000000000000000082E-05 ), #4086, 'distance_accuracy_value', 'NONE');
#2643 = CARTESIAN_POINT ( 'NONE',  ( 3.099999999999999645, 1.300000000000000044, 2.350000000000000089 ) ) ;
#2644 = VERTEX_POINT ( 'NONE', #2277 ) ;
#2645 = DIRECTION ( 'NONE',  ( 0.000000000000000000, -0.000000000000000000, 1.000000000000000000 ) ) ;
#2646 = ORIENTED_EDGE ( 'NONE', *, *, #3499, .F. ) ;
#2647 = CARTESIAN_POINT ( 'NONE',  ( -3.792564513103915846, 1.300000000000000044, 2.350000000000000089 ) ) ;
#2648 =( NAMED_UNIT ( * ) SI_UNIT ( $, .STERADIAN. ) SOLID_ANGLE_UNIT ( ) );
#2649 = CARTESIAN_POINT ( 'NONE',  ( 4.371782953570582141E-16, 0.000000000000000000, 3.124999999999999556 ) ) ;
#2650 = DIRECTION ( 'NONE',  ( 0.000000000000000000, -1.000000000000000000, 0.000000000000000000 ) ) ;
#2651 = EDGE_CURVE ( 'NONE', #1319, #1437, #1910, .T. ) ;
#2652 = PLANE ( 'NONE',  #614 ) ;
#2653 = DIRECTION ( 'NONE',  ( 0.000000000000000000, 0.000000000000000000, 1.000000000000000000 ) ) ;
#2654 = CARTESIAN_POINT ( 'NONE',  ( 3.099999999999999645, 1.300000000000000044, -1.649999999999999911 ) ) ;
#2655 = ORIENTED_EDGE ( 'NONE', *, *, #3547, .T. ) ;
#2656 = FILL_AREA_STYLE ('',( #1304 ) ) ;
#2657 = FACE_OUTER_BOUND ( 'NONE', #1241, .T. ) ;
#2658 = PRESENTATION_STYLE_ASSIGNMENT (( #1598 ) ) ;
#2659 = VERTEX_POINT ( 'NONE', #2654 ) ;
#2660 =( NAMED_UNIT ( * ) SI_UNIT ( $, .STERADIAN. ) SOLID_ANGLE_UNIT ( ) );
#2661 = PRODUCT_DEFINITION_SHAPE ( 'NONE', 'NONE',  #3656 ) ;
#2662 = PRESENTATION_STYLE_ASSIGNMENT (( #268 ) ) ;
#2663 = SURFACE_STYLE_USAGE ( .BOTH. , #2615 ) ;
#2664 = DIRECTION ( 'NONE',  ( 1.000000000000000000, 0.000000000000000000, 0.000000000000000000 ) ) ;
#2665 = EDGE_CURVE ( 'NONE', #4159, #2809, #4016, .T. ) ;
#2666 = ORIENTED_EDGE ( 'NONE', *, *, #3414, .T. ) ;
#2667 = CARTESIAN_POINT ( 'NONE',  ( 2.141421356237305229, 2.899999999999999911, 2.825000000000001066 ) ) ;
#2668 = EDGE_LOOP ( 'NONE', ( #2066, #2139, #448, #4384 ) ) ;
#2669 = LINE ( 'NONE', #1317, #1480 ) ;
#2670 = CARTESIAN_POINT ( 'NONE',  ( 3.100000000000000533, 2.799999999999999822, 2.825000000000001954 ) ) ;
#2671 = DIRECTION ( 'NONE',  ( 0.000000000000000000, 1.000000000000000000, -0.000000000000000000 ) ) ;
#2672 = FACE_OUTER_BOUND ( 'NONE', #2668, .T. ) ;
#2673 = CARTESIAN_POINT ( 'NONE',  ( 0.000000000000000000, 0.000000000000000000, 0.000000000000000000 ) ) ;
#2674 = STYLED_ITEM ( 'NONE', ( #3654 ), #1001 ) ;
#2675 = SPHERICAL_SURFACE ( 'NONE', #1205, 0.1000000000000000056 ) ;
#2676 =( LENGTH_UNIT ( ) NAMED_UNIT ( * ) SI_UNIT ( .MILLI., .METRE. ) );
#2677 =( NAMED_UNIT ( * ) PLANE_ANGLE_UNIT ( ) SI_UNIT ( $, .RADIAN. ) );
#2678 = ORIENTED_EDGE ( 'NONE', *, *, #3118, .T. ) ;
#2679 = EDGE_CURVE ( 'NONE', #3862, #243, #2707, .T. ) ;
#2680 = COLOUR_RGB ( '',0.7529411764705882248, 0.7529411764705882248, 0.7529411764705882248 ) ;
#2681 = AXIS2_PLACEMENT_3D ( 'NONE', #2412, #732, #2748 ) ;
#2683 = AXIS2_PLACEMENT_3D ( 'NONE', #3697, #2013, #604 ) ;
#2682 =( NAMED_UNIT ( * ) PLANE_ANGLE_UNIT ( ) SI_UNIT ( $, .RADIAN. ) );
#2684 = LINE ( 'NONE', #1410, #2610 ) ;
#2685 = DIRECTION ( 'NONE',  ( 0.000000000000000000, 0.000000000000000000, 1.000000000000000000 ) ) ;
#2686 = VECTOR ( 'NONE', #2811, 1000.000000000000000 ) ;
#2687 = CARTESIAN_POINT ( 'NONE',  ( -4.208357894366830720, 0.5209786367072010149, 2.350000000000000089 ) ) ;
#2688 = VERTEX_POINT ( 'NONE', #3306 ) ;
#2689 = CIRCLE ( 'NONE', #3757, 0.2000000000000000944 ) ;
#2690 = AXIS2_PLACEMENT_3D ( 'NONE', #2351, #4137, #3019 ) ;
#2691 = ORIENTED_EDGE ( 'NONE', *, *, #2065, .T. ) ;
#2692 = MECHANICAL_DESIGN_GEOMETRIC_PRESENTATION_REPRESENTATION (  '', ( #1210 ), #1909 ) ;
#2693 = CARTESIAN_POINT ( 'NONE',  ( -5.000000000000000000, 0.000000000000000000, 2.350000000000000089 ) ) ;
#2694 = DIRECTION ( 'NONE',  ( 1.000000000000000000, -0.000000000000000000, -0.000000000000000000 ) ) ;
#2695 = AXIS2_PLACEMENT_3D ( 'NONE', #342, #35, #680 ) ;
#2696 = EDGE_CURVE ( 'NONE', #243, #4148, #228, .T. ) ;
#2697 = LINE ( 'NONE', #4014, #3477 ) ;
#2698 = CARTESIAN_POINT ( 'NONE',  ( -2.512499999999997069, 0.000000000000000000, 2.512500000000002398 ) ) ;
#2699 = COLOUR_RGB ( '',0.7529411764705882248, 0.7529411764705882248, 0.7529411764705882248 ) ;
#2700 = AXIS2_PLACEMENT_3D ( 'NONE', #1971, #3723, #3350 ) ;
#2701 = STYLED_ITEM ( 'NONE', ( #982 ), #2423 ) ;
#2702 = CARTESIAN_POINT ( 'NONE',  ( -3.446534602404207615, 0.8490450406141630824, -2.350000000000000089 ) ) ;
#2703 = ORIENTED_EDGE ( 'NONE', *, *, #2469, .F. ) ;
#2704 = ORIENTED_EDGE ( 'NONE', *, *, #1870, .F. ) ;
#2705 = SURFACE_STYLE_USAGE ( .BOTH. , #391 ) ;
#2706 = CIRCLE ( 'NONE', #3991, 0.09999999999999982514 ) ;
#2707 = CIRCLE ( 'NONE', #1849, 0.2000000000000000944 ) ;
#2708 = ORIENTED_EDGE ( 'NONE', *, *, #4092, .T. ) ;
#2709 = ADVANCED_FACE ( 'NONE', ( #2628 ), #3011, .T. ) ;
#2710 = CARTESIAN_POINT ( 'NONE',  ( 3.000000000000000000, 2.899999999999999911, -4.163336342344337027E-16 ) ) ;
#2711 = SURFACE_SIDE_STYLE ('',( #3446 ) ) ;
#2712 = AXIS2_PLACEMENT_3D ( 'NONE', #3115, #1128, #2479 ) ;
#2713 = CIRCLE ( 'NONE', #1363, 0.1999999999999996503 ) ;
#2714 =( LENGTH_UNIT ( ) NAMED_UNIT ( * ) SI_UNIT ( .MILLI., .METRE. ) );
#2715 = CARTESIAN_POINT ( 'NONE',  ( -4.051418138391622570, 0.3339451187028870116, 2.350000000000000089 ) ) ;
#2716 = ORIENTED_EDGE ( 'NONE', *, *, #3439, .F. ) ;
#2717 = CARTESIAN_POINT ( 'NONE',  ( 3.100000000000000533, 1.049045040614163149, 2.350000000000000089 ) ) ;
#2718 = CARTESIAN_POINT ( 'NONE',  ( -5.000000000000000000, 0.2509549593858368954, -1.649999999999999911 ) ) ;
#2719 = CYLINDRICAL_SURFACE ( 'NONE', #3030, 0.2000000000000000944 ) ;
#2720 = DIRECTION ( 'NONE',  ( -1.000000000000000000, 0.000000000000000000, 0.000000000000000000 ) ) ;
#2721 = SURFACE_STYLE_USAGE ( .BOTH. , #1950 ) ;
#2722 =( LENGTH_UNIT ( ) NAMED_UNIT ( * ) SI_UNIT ( .MILLI., .METRE. ) );
#2723 = ORIENTED_EDGE ( 'NONE', *, *, #14, .T. ) ;
#2724 = LINE ( 'NONE', #2401, #1416 ) ;
#2725 = EDGE_CURVE ( 'NONE', #21, #156, #616, .T. ) ;
#2726 = CARTESIAN_POINT ( 'NONE',  ( -3.099999999999999645, 1.300000000000000044, 1.649999999999999911 ) ) ;
#2727 = SURFACE_STYLE_USAGE ( .BOTH. , #3421 ) ;
#2728 = DIRECTION ( 'NONE',  ( 0.7071067811865483499, 0.000000000000000000, 0.7071067811865466846 ) ) ;
#2729 = EDGE_LOOP ( 'NONE', ( #4410, #1155, #3794, #2224 ) ) ;
#2730 = CARTESIAN_POINT ( 'NONE',  ( -3.100000000000000533, 1.049045040614163149, -1.649999999999999911 ) ) ;
#2731 = DIRECTION ( 'NONE',  ( 0.000000000000000000, 1.000000000000000000, -0.000000000000000000 ) ) ;
#2732 = SURFACE_STYLE_USAGE ( .BOTH. , #733 ) ;
#2733 = SURFACE_STYLE_FILL_AREA ( #4100 ) ;
#2734 = ORIENTED_EDGE ( 'NONE', *, *, #1951, .F. ) ;
#2735 = DIRECTION ( 'NONE',  ( 0.7071067811865483499, -0.000000000000000000, -0.7071067811865466846 ) ) ;
#2736 = FACE_OUTER_BOUND ( 'NONE', #2619, .T. ) ;
#2737 = SURFACE_STYLE_USAGE ( .BOTH. , #2102 ) ;
#2738 = ORIENTED_EDGE ( 'NONE', *, *, #2441, .F. ) ;
#2739 = EDGE_CURVE ( 'NONE', #4108, #2816, #3353, .T. ) ;
#2740 = LINE ( 'NONE', #662, #1941 ) ;
#2741 =( LENGTH_UNIT ( ) NAMED_UNIT ( * ) SI_UNIT ( .MILLI., .METRE. ) );
#2742 = PLANE ( 'NONE',  #3398 ) ;
#2743 = FACE_OUTER_BOUND ( 'NONE', #2150, .T. ) ;
#2744 = UNCERTAINTY_MEASURE_WITH_UNIT (LENGTH_MEASURE( 1.000000000000000082E-05 ), #3551, 'distance_accuracy_value', 'NONE');
#2745 = ORIENTED_EDGE ( 'NONE', *, *, #1589, .T. ) ;
#2747 = ADVANCED_FACE ( 'NONE', ( #4372 ), #3819, .T. ) ;
#2746 = DIRECTION ( 'NONE',  ( 0.000000000000000000, 0.000000000000000000, 1.000000000000000000 ) ) ;
#2748 = DIRECTION ( 'NONE',  ( 0.000000000000000000, 0.000000000000000000, 1.000000000000000000 ) ) ;
#2749 = ADVANCED_FACE ( 'NONE', ( #3097 ), #434, .F. ) ;
#2750 = CARTESIAN_POINT ( 'NONE',  ( 5.000000000000000000, 0.000000000000000000, -1.649999999999999911 ) ) ;
#2751 = SURFACE_STYLE_USAGE ( .BOTH. , #2388 ) ;
#2752 = PRESENTATION_STYLE_ASSIGNMENT (( #1436 ) ) ;
#2753 = PRESENTATION_LAYER_ASSIGNMENT (  '', '', ( #246 ) ) ;
#2754 = VERTEX_POINT ( 'NONE', #1515 ) ;
#2755 = DIRECTION ( 'NONE',  ( 0.9961946980917455452, 0.08715574274765833240, 0.000000000000000000 ) ) ;
#2756 = DIRECTION ( 'NONE',  ( 0.000000000000000000, 0.000000000000000000, 1.000000000000000000 ) ) ;
#2757 = EDGE_CURVE ( 'NONE', #3494, #3316, #2229, .T. ) ;
#2758 = SURFACE_STYLE_FILL_AREA ( #59 ) ;
#2759 =( GEOMETRIC_REPRESENTATION_CONTEXT ( 3 ) GLOBAL_UNCERTAINTY_ASSIGNED_CONTEXT ( ( #3136 ) ) GLOBAL_UNIT_ASSIGNED_CONTEXT ( ( #3642, #4321, #3080 ) ) REPRESENTATION_CONTEXT ( 'NONE', 'WORKASPACE' ) );
#2760 = PRESENTATION_STYLE_ASSIGNMENT (( #1390 ) ) ;
#2761 = VECTOR ( 'NONE', #1074, 1000.000000000000000 ) ;
#2762 = ORIENTED_EDGE ( 'NONE', *, *, #216, .F. ) ;
#2763 = SURFACE_STYLE_FILL_AREA ( #2486 ) ;
#2764 = CIRCLE ( 'NONE', #2334, 1.449999999999999956 ) ;
#2765 = LINE ( 'NONE', #1393, #1273 ) ;
#2766 = CARTESIAN_POINT ( 'NONE',  ( -1.929289321881343167, 0.000000000000000000, -3.095710678118655412 ) ) ;
#2767 = CARTESIAN_POINT ( 'NONE',  ( 2.070710678118650616, 0.000000000000000000, 2.954289321881345742 ) ) ;
#2768 = ORIENTED_EDGE ( 'NONE', *, *, #4043, .T. ) ;
#2769 = AXIS2_PLACEMENT_3D ( 'NONE', #3055, #3081, #1000 ) ;
#2770 = AXIS2_PLACEMENT_3D ( 'NONE', #1712, #788, #4203 ) ;
#2771 =( GEOMETRIC_REPRESENTATION_CONTEXT ( 3 ) GLOBAL_UNCERTAINTY_ASSIGNED_CONTEXT ( ( #690 ) ) GLOBAL_UNIT_ASSIGNED_CONTEXT ( ( #1068, #2677, #4375 ) ) REPRESENTATION_CONTEXT ( 'NONE', 'WORKASPACE' ) );
#2772 = LINE ( 'NONE', #310, #4350 ) ;
#2773 = DIRECTION ( 'NONE',  ( 0.000000000000000000, 1.000000000000000000, -0.000000000000000000 ) ) ;
#2774 = PRESENTATION_STYLE_ASSIGNMENT (( #720 ) ) ;
#2775 = PRESENTATION_LAYER_ASSIGNMENT (  '', '', ( #637 ) ) ;
#2776 = CARTESIAN_POINT ( 'NONE',  ( 4.190926745817298738, 0.3217396970888517505, 2.350000000000000089 ) ) ;
#2777 = ADVANCED_FACE ( 'NONE', ( #2551 ), #2243, .T. ) ;
#2778 = ORIENTED_EDGE ( 'NONE', *, *, #1314, .F. ) ;
#2779 = COLOUR_RGB ( '',0.7529411764705882248, 0.7529411764705882248, 0.7529411764705882248 ) ;
#2780 = LINE ( 'NONE', #2718, #3147 ) ;
#2781 =( NAMED_UNIT ( * ) PLANE_ANGLE_UNIT ( ) SI_UNIT ( $, .RADIAN. ) );
#2782 =( NAMED_UNIT ( * ) SI_UNIT ( $, .STERADIAN. ) SOLID_ANGLE_UNIT ( ) );
#2783 = ORIENTED_EDGE ( 'NONE', *, *, #4038, .T. ) ;
#2784 = COLOUR_RGB ( '',0.7529411764705882248, 0.7529411764705882248, 0.7529411764705882248 ) ;
#2785 = VECTOR ( 'NONE', #4328, 1000.000000000000000 ) ;
#2786 = LINE ( 'NONE', #2137, #1120 ) ;
#2787 = EDGE_CURVE ( 'NONE', #2871, #3998, #2713, .T. ) ;
#2788 = CARTESIAN_POINT ( 'NONE',  ( 1.929289321881341834, 2.899999999999999911, 3.095710678118654968 ) ) ;
#2789 =( NAMED_UNIT ( * ) PLANE_ANGLE_UNIT ( ) SI_UNIT ( $, .RADIAN. ) );
#2790 = ORIENTED_EDGE ( 'NONE', *, *, #2584, .T. ) ;
#2791 = ORIENTED_EDGE ( 'NONE', *, *, #2992, .F. ) ;
#2792 = DIRECTION ( 'NONE',  ( 1.000000000000000000, 0.000000000000000000, 0.000000000000000000 ) ) ;
#2793 = DIRECTION ( 'NONE',  ( -0.000000000000000000, 1.000000000000000000, 0.000000000000000000 ) ) ;
#2794 =( NAMED_UNIT ( * ) PLANE_ANGLE_UNIT ( ) SI_UNIT ( $, .RADIAN. ) );
#2795 = ORIENTED_EDGE ( 'NONE', *, *, #2808, .F. ) ;
#2796 = SURFACE_STYLE_USAGE ( .BOTH. , #2054 ) ;
#2797 = CARTESIAN_POINT ( 'NONE',  ( 2.441789321881340680, 2.899999999999999911, 2.441789321881346897 ) ) ;
#2798 = ORIENTED_EDGE ( 'NONE', *, *, #845, .F. ) ;
#2799 = PLANE ( 'NONE',  #641 ) ;
#2800 = CARTESIAN_POINT ( 'NONE',  ( 1.858578643762687888, 2.799999999999999822, -3.025000000000000799 ) ) ;
#2801 = CARTESIAN_POINT ( 'NONE',  ( -4.051418138391622570, 0.3339451187028870116, -2.350000000000000089 ) ) ;
#2802 = ADVANCED_FACE ( 'NONE', ( #2176 ), #4290, .T. ) ;
#2803 = FILL_AREA_STYLE ('',( #3152 ) ) ;
#2804 = ORIENTED_EDGE ( 'NONE', *, *, #705, .F. ) ;
#2805 = FACE_OUTER_BOUND ( 'NONE', #3326, .T. ) ;
#2806 = CARTESIAN_POINT ( 'NONE',  ( -3.639099115508123816, 1.300000000000000044, -2.350000000000000089 ) ) ;
#2807 = EDGE_CURVE ( 'NONE', #1166, #1441, #1688, .T. ) ;
#2808 = EDGE_CURVE ( 'NONE', #1807, #4398, #2331, .T. ) ;
#2809 = VERTEX_POINT ( 'NONE', #630 ) ;
#2810 = FILL_AREA_STYLE_COLOUR ( '', #4049 ) ;
#2811 = DIRECTION ( 'NONE',  ( -1.000000000000000000, -0.000000000000000000, -0.000000000000000000 ) ) ;
#2812 = UNCERTAINTY_MEASURE_WITH_UNIT (LENGTH_MEASURE( 1.000000000000000082E-05 ), #1766, 'distance_accuracy_value', 'NONE');
#2813 = ORIENTED_EDGE ( 'NONE', *, *, #811, .F. ) ;
#2814 = CYLINDRICAL_SURFACE ( 'NONE', #3925, 0.1000000000000001443 ) ;
#2815 = FACE_OUTER_BOUND ( 'NONE', #37, .T. ) ;
#2816 = VERTEX_POINT ( 'NONE', #2311 ) ;
#2817 = ORIENTED_EDGE ( 'NONE', *, *, #3547, .F. ) ;
#2818 = FILL_AREA_STYLE_COLOUR ( '', #2779 ) ;
#2819 = FILL_AREA_STYLE ('',( #2526 ) ) ;
#2820 = CIRCLE ( 'NONE', #2950, 0.1999999999999996503 ) ;
#2821 = FILL_AREA_STYLE ('',( #76 ) ) ;
#2822 = DIRECTION ( 'NONE',  ( 0.000000000000000000, 0.000000000000000000, -1.000000000000000000 ) ) ;
#2823 = ORIENTED_EDGE ( 'NONE', *, *, #2679, .T. ) ;
#2824 = COLOUR_RGB ( '',0.7529411764705882248, 0.7529411764705882248, 0.7529411764705882248 ) ;
#2825 = DIRECTION ( 'NONE',  ( 1.000000000000000000, -0.000000000000000000, 8.673617379884035472E-16 ) ) ;
#2826 =( LENGTH_UNIT ( ) NAMED_UNIT ( * ) SI_UNIT ( .MILLI., .METRE. ) );
#2827 = VECTOR ( 'NONE', #1331, 1000.000000000000000 ) ;
#2828 = CIRCLE ( 'NONE', #3548, 0.1999999999999996503 ) ;
#2829 = DIRECTION ( 'NONE',  ( 1.387778780781445676E-16, 0.000000000000000000, 1.000000000000000000 ) ) ;
#2831 = EDGE_CURVE ( 'NONE', #3333, #2949, #242, .T. ) ;
#2830 = STYLED_ITEM ( 'NONE', ( #1274 ), #873 ) ;
#2832 = CIRCLE ( 'NONE', #1562, 0.1999999999999996503 ) ;
#2833 = ORIENTED_EDGE ( 'NONE', *, *, #1173, .F. ) ;
#2834 = ORIENTED_EDGE ( 'NONE', *, *, #3946, .F. ) ;
#2835 = PRESENTATION_LAYER_ASSIGNMENT (  '', '', ( #4056 ) ) ;
#2836 = COLOUR_RGB ( '',0.000000000000000000, 0.000000000000000000, 0.000000000000000000 ) ;
#2837 = SURFACE_STYLE_FILL_AREA ( #1479 ) ;
#2838 = SURFACE_STYLE_FILL_AREA ( #828 ) ;
#2839 = ORIENTED_EDGE ( 'NONE', *, *, #3783, .F. ) ;
#2840 = DIRECTION ( 'NONE',  ( 1.387778780781445676E-16, 0.000000000000000000, 1.000000000000000000 ) ) ;
#2841 = UNCERTAINTY_MEASURE_WITH_UNIT (LENGTH_MEASURE( 1.000000000000000082E-05 ), #2714, 'distance_accuracy_value', 'NONE');
#2842 = VECTOR ( 'NONE', #2241, 1000.000000000000000 ) ;
#2843 = EDGE_CURVE ( 'NONE', #3696, #1415, #3956, .T. ) ;
#2844 = ORIENTED_EDGE ( 'NONE', *, *, #3638, .F. ) ;
#2845 = CARTESIAN_POINT ( 'NONE',  ( 3.000000000000000444, 2.899999999999999911, 2.825000000000001954 ) ) ;
#2846 = AXIS2_PLACEMENT_3D ( 'NONE', #1473, #1503, #2861 ) ;
#2847 = MECHANICAL_DESIGN_GEOMETRIC_PRESENTATION_REPRESENTATION (  '', ( #2212 ), #3914 ) ;
#2848 = ORIENTED_EDGE ( 'NONE', *, *, #3169, .F. ) ;
#2849 = FILL_AREA_STYLE_COLOUR ( '', #3469 ) ;
#2850 = CIRCLE ( 'NONE', #2352, 0.1999999999999996503 ) ;
#2851 = VECTOR ( 'NONE', #2922, 999.9999999999998863 ) ;
#2852 = CYLINDRICAL_SURFACE ( 'NONE', #3064, 0.09999999999999982514 ) ;
#2853 = PRESENTATION_LAYER_ASSIGNMENT (  '', '', ( #127 ) ) ;
#2854 = ORIENTED_EDGE ( 'NONE', *, *, #1125, .T. ) ;
#2855 = UNCERTAINTY_MEASURE_WITH_UNIT (LENGTH_MEASURE( 1.000000000000000082E-05 ), #2234, 'distance_accuracy_value', 'NONE');
#2856 = DIRECTION ( 'NONE',  ( 0.000000000000000000, -0.000000000000000000, 1.000000000000000000 ) ) ;
#2857 = SURFACE_SIDE_STYLE ('',( #2536 ) ) ;
#2858 = VERTEX_POINT ( 'NONE', #602 ) ;
#2859 = EDGE_CURVE ( 'NONE', #2158, #1586, #4207, .T. ) ;
#2860 = EDGE_CURVE ( 'NONE', #4028, #4054, #566, .T. ) ;
#2861 = DIRECTION ( 'NONE',  ( 0.000000000000000000, 0.000000000000000000, 1.000000000000000000 ) ) ;
#2862 = ORIENTED_EDGE ( 'NONE', *, *, #400, .T. ) ;
#2863 = DIRECTION ( 'NONE',  ( 0.000000000000000000, 0.000000000000000000, -1.000000000000000000 ) ) ;
#2864 = ORIENTED_EDGE ( 'NONE', *, *, #3290, .F. ) ;
#2865 = ORIENTED_EDGE ( 'NONE', *, *, #1788, .T. ) ;
#2866 = PRODUCT_RELATED_PRODUCT_CATEGORY ( 'part', '', ( #2308 ) ) ;
#2867 =( NAMED_UNIT ( * ) SI_UNIT ( $, .STERADIAN. ) SOLID_ANGLE_UNIT ( ) );
#2868 = CARTESIAN_POINT ( 'NONE',  ( -3.099999999999999645, 1.300000000000000044, 2.350000000000000089 ) ) ;
#2869 = DIRECTION ( 'NONE',  ( -0.9961946980917455452, 0.08715574274765831853, 0.000000000000000000 ) ) ;
#2870 =( NAMED_UNIT ( * ) PLANE_ANGLE_UNIT ( ) SI_UNIT ( $, .RADIAN. ) );
#2871 = VERTEX_POINT ( 'NONE', #219 ) ;
#2872 = CARTESIAN_POINT ( 'NONE',  ( -2.450296909817239232E-15, 2.899999999999999911, 2.824999999999999289 ) ) ;
#2873 = FACE_OUTER_BOUND ( 'NONE', #1168, .T. ) ;
#2874 = CARTESIAN_POINT ( 'NONE',  ( -3.817985654712924948, 0.2355115019043609315, 1.649999999999999911 ) ) ;
#2875 =( LENGTH_UNIT ( ) NAMED_UNIT ( * ) SI_UNIT ( .MILLI., .METRE. ) );
#2876 = ORIENTED_EDGE ( 'NONE', *, *, #2993, .T. ) ;
#2877 = CARTESIAN_POINT ( 'NONE',  ( -2.141421356237308782, 2.899999999999999911, -3.024999999999999911 ) ) ;
#2878 = ORIENTED_EDGE ( 'NONE', *, *, #2064, .F. ) ;
#2879 = DIRECTION ( 'NONE',  ( 0.000000000000000000, -1.000000000000000000, 0.000000000000000000 ) ) ;
#2880 = ORIENTED_EDGE ( 'NONE', *, *, #727, .F. ) ;
#2881 = ADVANCED_FACE ( 'NONE', ( #1991 ), #2011, .T. ) ;
#2882 = EDGE_CURVE ( 'NONE', #1663, #1236, #3021, .T. ) ;
#2883 = PRESENTATION_STYLE_ASSIGNMENT (( #2907 ) ) ;
#2884 = PRESENTATION_STYLE_ASSIGNMENT (( #1532 ) ) ;
#2885 = ORIENTED_EDGE ( 'NONE', *, *, #513, .T. ) ;
#2886 = CARTESIAN_POINT ( 'NONE',  ( -3.100000000000000533, 2.799999999999999822, -2.825000000000000178 ) ) ;
#2887 = CIRCLE ( 'NONE', #1959, 1.449999999999999956 ) ;
#2888 = DIRECTION ( 'NONE',  ( 0.000000000000000000, 0.000000000000000000, 1.000000000000000000 ) ) ;
#2889 = MECHANICAL_DESIGN_GEOMETRIC_PRESENTATION_REPRESENTATION (  '', ( #606 ), #4247 ) ;
#2890 = DIRECTION ( 'NONE',  ( 0.000000000000000000, -1.000000000000000000, 0.000000000000000000 ) ) ;
#2891 = PRESENTATION_LAYER_ASSIGNMENT (  '', '', ( #249 ) ) ;
#2892 = DIRECTION ( 'NONE',  ( 0.000000000000000000, 0.000000000000000000, 1.000000000000000000 ) ) ;
#2893 = LINE ( 'NONE', #3929, #1039 ) ;
#2894 = ORIENTED_EDGE ( 'NONE', *, *, #974, .F. ) ;
#2895 = LINE ( 'NONE', #1215, #1420 ) ;
#2896 = EDGE_LOOP ( 'NONE', ( #469, #254, #331, #1504 ) ) ;
#2897 = CIRCLE ( 'NONE', #1554, 0.2000000000000000944 ) ;
#2898 = CIRCLE ( 'NONE', #250, 0.09999999999999982514 ) ;
#2899 = MECHANICAL_DESIGN_GEOMETRIC_PRESENTATION_REPRESENTATION (  '', ( #772 ), #3478 ) ;
#2901 = STYLED_ITEM ( 'NONE', ( #164 ), #26 ) ;
#2900 = LINE ( 'NONE', #3646, #1111 ) ;
#2902 = SURFACE_STYLE_USAGE ( .BOTH. , #3905 ) ;
#2903 =( GEOMETRIC_REPRESENTATION_CONTEXT ( 3 ) GLOBAL_UNCERTAINTY_ASSIGNED_CONTEXT ( ( #2140 ) ) GLOBAL_UNIT_ASSIGNED_CONTEXT ( ( #2826, #2400, #1036 ) ) REPRESENTATION_CONTEXT ( 'NONE', 'WORKASPACE' ) );
#2904 = ORIENTED_EDGE ( 'NONE', *, *, #4223, .T. ) ;
#2905 = FACE_OUTER_BOUND ( 'NONE', #2629, .T. ) ;
#2906 = AXIS2_PLACEMENT_3D ( 'NONE', #2374, #3047, #3740 ) ;
#2907 = SURFACE_STYLE_USAGE ( .BOTH. , #170 ) ;
#2908 = FACE_OUTER_BOUND ( 'NONE', #1303, .T. ) ;
#2909 =( NAMED_UNIT ( * ) PLANE_ANGLE_UNIT ( ) SI_UNIT ( $, .RADIAN. ) );
#2910 = EDGE_CURVE ( 'NONE', #2183, #3486, #946, .T. ) ;
#2911 = ORIENTED_EDGE ( 'NONE', *, *, #648, .F. ) ;
#2912 = LINE ( 'NONE', #3960, #2395 ) ;
#2913 =( GEOMETRIC_REPRESENTATION_CONTEXT ( 3 ) GLOBAL_UNCERTAINTY_ASSIGNED_CONTEXT ( ( #2642 ) ) GLOBAL_UNIT_ASSIGNED_CONTEXT ( ( #4086, #1340, #4033 ) ) REPRESENTATION_CONTEXT ( 'NONE', 'WORKASPACE' ) );
#2914 = CIRCLE ( 'NONE', #3280, 0.09999999999999982514 ) ;
#2915 = FILL_AREA_STYLE ('',( #3921 ) ) ;
#2916 = PRESENTATION_STYLE_ASSIGNMENT (( #870 ) ) ;
#2917 = LINE ( 'NONE', #1538, #3279 ) ;
#2918 = PRESENTATION_LAYER_ASSIGNMENT (  '', '', ( #2212 ) ) ;
#2919 = AXIS2_PLACEMENT_3D ( 'NONE', #698, #2735, #3472 ) ;
#2920 = STYLED_ITEM ( 'NONE', ( #1735 ), #2968 ) ;
#2921 = FACE_OUTER_BOUND ( 'NONE', #2471, .T. ) ;
#2922 = DIRECTION ( 'NONE',  ( -0.2588190451025216277, 0.9659258262890680902, -0.000000000000000000 ) ) ;
#2923 = ORIENTED_EDGE ( 'NONE', *, *, #1315, .F. ) ;
#2924 =( LENGTH_UNIT ( ) NAMED_UNIT ( * ) SI_UNIT ( .MILLI., .METRE. ) );
#2925 = EDGE_CURVE ( 'NONE', #1820, #3333, #3920, .T. ) ;
#2926 =( GEOMETRIC_REPRESENTATION_CONTEXT ( 3 ) GLOBAL_UNCERTAINTY_ASSIGNED_CONTEXT ( ( #3482 ) ) GLOBAL_UNIT_ASSIGNED_CONTEXT ( ( #3886, #3848, #792 ) ) REPRESENTATION_CONTEXT ( 'NONE', 'WORKASPACE' ) );
#2927 = VERTEX_POINT ( 'NONE', #1923 ) ;
#2928 = CARTESIAN_POINT ( 'NONE',  ( 2.537033083616081559E-15, 2.899999999999999911, -2.925000000000001155 ) ) ;
#2929 = CARTESIAN_POINT ( 'NONE',  ( 3.099999999999999645, 1.049045040614163149, 2.350000000000000089 ) ) ;
#2931 = DIRECTION ( 'NONE',  ( 0.000000000000000000, -1.000000000000000000, 0.000000000000000000 ) ) ;
#2930 = UNCERTAINTY_MEASURE_WITH_UNIT (LENGTH_MEASURE( 1.000000000000000082E-05 ), #2221, 'distance_accuracy_value', 'NONE');
#2932 = CARTESIAN_POINT ( 'NONE',  ( 2.999999999999999556, 0.000000000000000000, -2.924999999999998490 ) ) ;
#2933 = UNCERTAINTY_MEASURE_WITH_UNIT (LENGTH_MEASURE( 1.000000000000000082E-05 ), #2531, 'distance_accuracy_value', 'NONE');
#2934 = ORIENTED_EDGE ( 'NONE', *, *, #429, .F. ) ;
#2935 = SURFACE_SIDE_STYLE ('',( #1561 ) ) ;
#2936 = CARTESIAN_POINT ( 'NONE',  ( 3.993739671421206339, 0.08803637130651603693, -1.649999999999999911 ) ) ;
#2937 = DIRECTION ( 'NONE',  ( 0.000000000000000000, -0.000000000000000000, -1.000000000000000000 ) ) ;
#2938 = EDGE_CURVE ( 'NONE', #1415, #3140, #2948, .T. ) ;
#2939 = EDGE_CURVE ( 'NONE', #636, #1269, #3148, .T. ) ;
#2940 = LINE ( 'NONE', #757, #3199 ) ;
#2941 = SURFACE_STYLE_FILL_AREA ( #1932 ) ;
#2942 = DIRECTION ( 'NONE',  ( 1.000000000000000000, -0.000000000000000000, -1.398970545142586541E-16 ) ) ;
#2943 = ORIENTED_EDGE ( 'NONE', *, *, #2065, .F. ) ;
#2944 = CARTESIAN_POINT ( 'NONE',  ( 3.100000000000000533, 0.000000000000000000, 2.825000000000001954 ) ) ;
#2945 = DIRECTION ( 'NONE',  ( 0.000000000000000000, 1.000000000000000000, -0.000000000000000000 ) ) ;
#2946 = PLANE ( 'NONE',  #3561 ) ;
#2947 =( LENGTH_UNIT ( ) NAMED_UNIT ( * ) SI_UNIT ( .MILLI., .METRE. ) );
#2948 = LINE ( 'NONE', #1264, #3640 ) ;
#2949 = VERTEX_POINT ( 'NONE', #1943 ) ;
#2950 = AXIS2_PLACEMENT_3D ( 'NONE', #10, #4103, #3075 ) ;
#2951 = PRESENTATION_STYLE_ASSIGNMENT (( #299 ) ) ;
#2952 = CYLINDRICAL_SURFACE ( 'NONE', #3607, 1.449999999999999956 ) ;
#2953 = DIRECTION ( 'NONE',  ( 0.000000000000000000, 0.000000000000000000, 1.000000000000000000 ) ) ;
#2954 = CARTESIAN_POINT ( 'NONE',  ( 1.858578643762686999, 2.899999999999999911, 3.024999999999999911 ) ) ;
#2955 = SURFACE_SIDE_STYLE ('',( #1607 ) ) ;
#2956 = SURFACE_SIDE_STYLE ('',( #3376 ) ) ;
#2957 = CARTESIAN_POINT ( 'NONE',  ( 3.446534602404207615, 1.049045040614163149, 2.350000000000000089 ) ) ;
#2958 = ORIENTED_EDGE ( 'NONE', *, *, #920, .T. ) ;
#2959 = DIRECTION ( 'NONE',  ( -0.7071067811865483499, 0.000000000000000000, -0.7071067811865467956 ) ) ;
#2960 = VERTEX_POINT ( 'NONE', #1311 ) ;
#2961 = ADVANCED_FACE ( 'NONE', ( #399 ), #359, .T. ) ;
#2962 = VECTOR ( 'NONE', #4090, 1000.000000000000000 ) ;
#2963 = AXIS2_PLACEMENT_3D ( 'NONE', #3305, #1867, #1541 ) ;
#2964 = CARTESIAN_POINT ( 'NONE',  ( 3.446534602404207615, 1.049045040614163149, 2.350000000000000089 ) ) ;
#2965 = PRESENTATION_STYLE_ASSIGNMENT (( #1662 ) ) ;
#2966 = EDGE_LOOP ( 'NONE', ( #2571, #3517, #647, #245 ) ) ;
#2967 = STYLED_ITEM ( 'NONE', ( #1789 ), #1608 ) ;
#2968 = ADVANCED_FACE ( 'NONE', ( #2079 ), #3734, .T. ) ;
#2969 = AXIS2_PLACEMENT_3D ( 'NONE', #2954, #996, #3741 ) ;
#2970 = VECTOR ( 'NONE', #438, 1000.000000000000000 ) ;
#2971 = FACE_OUTER_BOUND ( 'NONE', #3798, .T. ) ;
#2972 = DIRECTION ( 'NONE',  ( 4.336808689942025625E-15, -1.000000000000000000, 0.000000000000000000 ) ) ;
#2973 = VERTEX_POINT ( 'NONE', #3778 ) ;
#2974 = ADVANCED_FACE ( 'NONE', ( #3448 ), #3226, .T. ) ;
#2975 = CARTESIAN_POINT ( 'NONE',  ( -1.929289321881342723, 2.799999999999999822, 3.095710678118655412 ) ) ;
#2976 = STYLED_ITEM ( 'NONE', ( #3453 ), #1880 ) ;
#2977 = FACE_OUTER_BOUND ( 'NONE', #1620, .T. ) ;
#2978 = STYLED_ITEM ( 'NONE', ( #1245 ), #2204 ) ;
#2979 = LINE ( 'NONE', #2649, #756 ) ;
#2980 = AXIS2_PLACEMENT_3D ( 'NONE', #1660, #4067, #349 ) ;
#2981 = MECHANICAL_DESIGN_GEOMETRIC_PRESENTATION_REPRESENTATION (  '', ( #4337 ), #1572 ) ;
#2982 = CARTESIAN_POINT ( 'NONE',  ( -3.100000000000000089, 2.899999999999999911, 4.302114220422481594E-16 ) ) ;
#2983 = FACE_OUTER_BOUND ( 'NONE', #451, .T. ) ;
#2984 = MECHANICAL_DESIGN_GEOMETRIC_PRESENTATION_REPRESENTATION (  '', ( #3707 ), #3987 ) ;
#2985 = CARTESIAN_POINT ( 'NONE',  ( -2.141421356237308338, 0.000000000000000000, 2.925000000000000266 ) ) ;
#2986 = CIRCLE ( 'NONE', #1218, 0.2000000000000000944 ) ;
#2987 = ORIENTED_EDGE ( 'NONE', *, *, #2583, .T. ) ;
#2988 = DIRECTION ( 'NONE',  ( 1.000000000000000000, 0.000000000000000000, 0.000000000000000000 ) ) ;
#2989 = CARTESIAN_POINT ( 'NONE',  ( 1.929289321881341834, 0.000000000000000000, 3.095710678118654968 ) ) ;
#2990 = AXIS2_PLACEMENT_3D ( 'NONE', #1844, #2512, #3591 ) ;
#2992 = EDGE_CURVE ( 'NONE', #4330, #4407, #913, .T. ) ;
#2991 = CARTESIAN_POINT ( 'NONE',  ( 4.051418138391622570, 0.3339451187028870116, -1.649999999999999911 ) ) ;
#2993 = EDGE_CURVE ( 'NONE', #1511, #636, #3538, .T. ) ;
#2994 =( NAMED_UNIT ( * ) PLANE_ANGLE_UNIT ( ) SI_UNIT ( $, .RADIAN. ) );
#2995 = LINE ( 'NONE', #1599, #700 ) ;
#2996 = CIRCLE ( 'NONE', #1296, 0.09999999999999982514 ) ;
#2997 = COLOUR_RGB ( '',0.7529411764705882248, 0.7529411764705882248, 0.7529411764705882248 ) ;
#2998 = FACE_OUTER_BOUND ( 'NONE', #1117, .T. ) ;
#2999 = SURFACE_STYLE_FILL_AREA ( #1293 ) ;
#3000 = UNCERTAINTY_MEASURE_WITH_UNIT (LENGTH_MEASURE( 1.000000000000000082E-05 ), #3320, 'distance_accuracy_value', 'NONE');
#3001 = DIRECTION ( 'NONE',  ( -0.000000000000000000, -0.000000000000000000, -1.000000000000000000 ) ) ;
#3002 = ORIENTED_EDGE ( 'NONE', *, *, #3783, .T. ) ;
#3003 = DIRECTION ( 'NONE',  ( 0.7071067811865421326, 0.000000000000000000, -0.7071067811865529018 ) ) ;
#3004 = ORIENTED_EDGE ( 'NONE', *, *, #4130, .T. ) ;
#3005 = DIRECTION ( 'NONE',  ( 0.000000000000000000, 0.000000000000000000, -1.000000000000000000 ) ) ;
#3006 =( NAMED_UNIT ( * ) PLANE_ANGLE_UNIT ( ) SI_UNIT ( $, .RADIAN. ) );
#3007 = DIRECTION ( 'NONE',  ( 1.000000000000000000, 1.084202172485503842E-15, 0.000000000000000000 ) ) ;
#3008 = CARTESIAN_POINT ( 'NONE',  ( -3.446534602404207615, 0.8490450406141630824, 2.350000000000000089 ) ) ;
#3009 = CARTESIAN_POINT ( 'NONE',  ( 4.051418138391622570, 0.3339451187028870116, 2.350000000000000089 ) ) ;
#3010 = APPLICATION_PROTOCOL_DEFINITION ( 'draft international standard', 'automotive_design', 1998, #178 ) ;
#3011 = CYLINDRICAL_SURFACE ( 'NONE', #1358, 0.09999999999999982514 ) ;
#3012 = ORIENTED_EDGE ( 'NONE', *, *, #670, .F. ) ;
#3013 = DIRECTION ( 'NONE',  ( -0.9961946980917455452, -0.08715574274765837404, 0.000000000000000000 ) ) ;
#3014 = PRESENTATION_STYLE_ASSIGNMENT (( #2727 ) ) ;
#3015 = ORIENTED_EDGE ( 'NONE', *, *, #2384, .F. ) ;
#3016 = ORIENTED_EDGE ( 'NONE', *, *, #3344, .F. ) ;
#3017 =( NAMED_UNIT ( * ) PLANE_ANGLE_UNIT ( ) SI_UNIT ( $, .RADIAN. ) );
#3018 = CARTESIAN_POINT ( 'NONE',  ( 2.450296909817240810E-15, 2.799999999999999822, -2.825000000000001066 ) ) ;
#3019 = DIRECTION ( 'NONE',  ( 1.000000000000000000, 0.000000000000000000, 0.000000000000000000 ) ) ;
#3020 = CARTESIAN_POINT ( 'NONE',  ( 4.371782953570582141E-16, 2.799999999999999822, 3.124999999999999556 ) ) ;
#3021 = LINE ( 'NONE', #273, #2214 ) ;
#3022 = ORIENTED_EDGE ( 'NONE', *, *, #3731, .F. ) ;
#3023 = LINE ( 'NONE', #2031, #323 ) ;
#3024 = ORIENTED_EDGE ( 'NONE', *, *, #635, .F. ) ;
#3025 =( NAMED_UNIT ( * ) SI_UNIT ( $, .STERADIAN. ) SOLID_ANGLE_UNIT ( ) );
#3026 = DIRECTION ( 'NONE',  ( 0.9961946980917455452, -0.08715574274765837404, 0.000000000000000000 ) ) ;
#3027 = FILL_AREA_STYLE_COLOUR ( '', #3749 ) ;
#3028 = CARTESIAN_POINT ( 'NONE',  ( 3.854231063995529727, 0.1002417929205512842, 2.350000000000000089 ) ) ;
#3029 = CARTESIAN_POINT ( 'NONE',  ( 4.190926745817298738, 0.3217396970888517505, -1.649999999999999911 ) ) ;
#3030 = AXIS2_PLACEMENT_3D ( 'NONE', #4083, #3796, #2062 ) ;
#3031 = DIRECTION ( 'NONE',  ( -0.000000000000000000, -1.000000000000000000, 0.000000000000000000 ) ) ;
#3032 = CARTESIAN_POINT ( 'NONE',  ( 3.817985654712924948, 0.2355115019043609315, -2.350000000000000089 ) ) ;
#3033 = ORIENTED_EDGE ( 'NONE', *, *, #3144, .T. ) ;
#3034 = DIRECTION ( 'NONE',  ( 0.000000000000000000, 0.000000000000000000, 1.000000000000000000 ) ) ;
#3035 = CIRCLE ( 'NONE', #2032, 0.2000000000000000944 ) ;
#3036 = VECTOR ( 'NONE', #113, 1000.000000000000000 ) ;
#3037 = ORIENTED_EDGE ( 'NONE', *, *, #934, .T. ) ;
#3038 = COLOUR_RGB ( '',0.7529411764705882248, 0.7529411764705882248, 0.7529411764705882248 ) ;
#3039 = CARTESIAN_POINT ( 'NONE',  ( -3.639099115508123816, 1.300000000000000044, -1.649999999999999911 ) ) ;
#3040 = PRESENTATION_LAYER_ASSIGNMENT (  '', '', ( #1763 ) ) ;
#3041 = DIRECTION ( 'NONE',  ( 0.000000000000000000, 0.000000000000000000, 1.000000000000000000 ) ) ;
#3042 = ORIENTED_EDGE ( 'NONE', *, *, #225, .F. ) ;
#3043 = AXIS2_PLACEMENT_3D ( 'NONE', #1698, #1360, #2720 ) ;
#3044 = STYLED_ITEM ( 'NONE', ( #2916 ), #1731 ) ;
#3045 = ORIENTED_EDGE ( 'NONE', *, *, #2831, .T. ) ;
#3046 = CARTESIAN_POINT ( 'NONE',  ( -1.858578643762688554, 2.899999999999999911, -3.025000000000000799 ) ) ;
#3047 = DIRECTION ( 'NONE',  ( -0.08715574274765831853, -0.9961946980917455452, 0.000000000000000000 ) ) ;
#3048 = ADVANCED_FACE ( 'NONE', ( #1817 ), #3584, .T. ) ;
#3049 = DIRECTION ( 'NONE',  ( -0.000000000000000000, -1.000000000000000000, 0.000000000000000000 ) ) ;
#3050 = FILL_AREA_STYLE_COLOUR ( '', #4061 ) ;
#3051 =( GEOMETRIC_REPRESENTATION_CONTEXT ( 3 ) GLOBAL_UNCERTAINTY_ASSIGNED_CONTEXT ( ( #3213 ) ) GLOBAL_UNIT_ASSIGNED_CONTEXT ( ( #600, #3313, #3274 ) ) REPRESENTATION_CONTEXT ( 'NONE', 'WORKASPACE' ) );
#3052 = LINE ( 'NONE', #3009, #3335 ) ;
#3053 = ADVANCED_FACE ( 'NONE', ( #1122 ), #4244, .F. ) ;
#3054 = VERTEX_POINT ( 'NONE', #1192 ) ;
#3055 = CARTESIAN_POINT ( 'NONE',  ( 3.000000000000000444, 2.799999999999999822, 2.825000000000001954 ) ) ;
#3056 = AXIS2_PLACEMENT_3D ( 'NONE', #1873, #2879, #447 ) ;
#3057 = STYLED_ITEM ( 'NONE', ( #2272 ), #295 ) ;
#3058 = AXIS2_PLACEMENT_3D ( 'NONE', #3596, #4324, #4354 ) ;
#3059 = AXIS2_PLACEMENT_3D ( 'NONE', #531, #621, #4262 ) ;
#3060 = ADVANCED_FACE ( 'NONE', ( #2905 ), #1220, .T. ) ;
#3061 = DIRECTION ( 'NONE',  ( 0.000000000000000000, 0.000000000000000000, 1.000000000000000000 ) ) ;
#3062 = DIRECTION ( 'NONE',  ( 0.000000000000000000, 0.000000000000000000, 1.000000000000000000 ) ) ;
#3063 = UNCERTAINTY_MEASURE_WITH_UNIT (LENGTH_MEASURE( 1.000000000000000082E-05 ), #3764, 'distance_accuracy_value', 'NONE');
#3064 = AXIS2_PLACEMENT_3D ( 'NONE', #3873, #1565, #134 ) ;
#3065 = ORIENTED_EDGE ( 'NONE', *, *, #429, .T. ) ;
#3066 = DIRECTION ( 'NONE',  ( 0.000000000000000000, 1.000000000000000000, -0.000000000000000000 ) ) ;
#3067 = DIRECTION ( 'NONE',  ( 0.000000000000000000, 0.000000000000000000, 1.000000000000000000 ) ) ;
#3068 = COLOUR_RGB ( '',0.7529411764705882248, 0.7529411764705882248, 0.7529411764705882248 ) ;
#3069 = PLANE ( 'NONE',  #846 ) ;
#3070 = DIRECTION ( 'NONE',  ( -0.9961946980917455452, -0.08715574274765831853, 0.000000000000000000 ) ) ;
#3071 = PRESENTATION_STYLE_ASSIGNMENT (( #379 ) ) ;
#3072 = VECTOR ( 'NONE', #4153, 1000.000000000000000 ) ;
#3073 = ORIENTED_EDGE ( 'NONE', *, *, #4250, .F. ) ;
#3074 = CARTESIAN_POINT ( 'NONE',  ( -3.993739671421206339, 0.08803637130651602305, -2.350000000000000089 ) ) ;
#3075 = DIRECTION ( 'NONE',  ( 1.000000000000000000, 0.000000000000000000, 0.000000000000000000 ) ) ;
#3076 = SURFACE_SIDE_STYLE ('',( #2758 ) ) ;
#3077 = ORIENTED_EDGE ( 'NONE', *, *, #619, .T. ) ;
#3078 = DIRECTION ( 'NONE',  ( -0.000000000000000000, -0.000000000000000000, 1.000000000000000000 ) ) ;
#3079 = CARTESIAN_POINT ( 'NONE',  ( -4.190926745817298738, 0.3217396970888517505, 2.350000000000000089 ) ) ;
#3080 =( NAMED_UNIT ( * ) SI_UNIT ( $, .STERADIAN. ) SOLID_ANGLE_UNIT ( ) );
#3081 = DIRECTION ( 'NONE',  ( 1.000000000000000000, 0.000000000000000000, 0.000000000000000000 ) ) ;
#3082 = EDGE_CURVE ( 'NONE', #4054, #1797, #1172, .T. ) ;
#3083 = EDGE_CURVE ( 'NONE', #1029, #361, #3599, .T. ) ;
#3084 = CARTESIAN_POINT ( 'NONE',  ( 3.000000000000000444, 0.000000000000000000, 2.825000000000001954 ) ) ;
#3085 = DIRECTION ( 'NONE',  ( 1.000000000000000000, 0.000000000000000000, 0.000000000000000000 ) ) ;
#3086 = ADVANCED_FACE ( 'NONE', ( #73 ), #3863, .F. ) ;
#3087 = ORIENTED_EDGE ( 'NONE', *, *, #3678, .F. ) ;
#3088 = CARTESIAN_POINT ( 'NONE',  ( 2.999999999999999556, 2.799999999999999822, -2.824999999999998401 ) ) ;
#3089 = CARTESIAN_POINT ( 'NONE',  ( -4.190926745817298738, 0.3217396970888517505, -2.350000000000000089 ) ) ;
#3090 = FILL_AREA_STYLE ('',( #3139 ) ) ;
#3091 = DIRECTION ( 'NONE',  ( -1.000000000000000000, 0.000000000000000000, 0.000000000000000000 ) ) ;
#3092 = SURFACE_STYLE_FILL_AREA ( #721 ) ;
#3093 = ORIENTED_EDGE ( 'NONE', *, *, #357, .F. ) ;
#3094 = CARTESIAN_POINT ( 'NONE',  ( -3.993739671421206339, 0.08803637130651603693, 2.350000000000000089 ) ) ;
#3095 = CARTESIAN_POINT ( 'NONE',  ( -1.899999999999997913, 2.899999999999999911, -3.025000000000000355 ) ) ;
#3096 = CARTESIAN_POINT ( 'NONE',  ( -1.858578643762688554, 0.000000000000000000, -3.125000000000000000 ) ) ;
#3097 = FACE_OUTER_BOUND ( 'NONE', #502, .T. ) ;
#3098 = EDGE_LOOP ( 'NONE', ( #492, #487, #3673 ) ) ;
#3099 = PRESENTATION_STYLE_ASSIGNMENT (( #3855 ) ) ;
#3100 = PLANE ( 'NONE',  #2467 ) ;
#3101 = ORIENTED_EDGE ( 'NONE', *, *, #3144, .F. ) ;
#3102 = LINE ( 'NONE', #1425, #1559 ) ;
#3103 = CARTESIAN_POINT ( 'NONE',  ( 4.011170819970738322, 0.2872753109248650794, -2.350000000000000089 ) ) ;
#3104 = VECTOR ( 'NONE', #3989, 1000.000000000000000 ) ;
#3105 = ADVANCED_FACE ( 'NONE', ( #3334 ), #2946, .F. ) ;
#3106 = SURFACE_STYLE_FILL_AREA ( #374 ) ;
#3107 = VERTEX_POINT ( 'NONE', #1325 ) ;
#3108 = CARTESIAN_POINT ( 'NONE',  ( 3.100000000000000089, 2.799999999999999822, -4.302114220422481594E-16 ) ) ;
#3109 =( NAMED_UNIT ( * ) PLANE_ANGLE_UNIT ( ) SI_UNIT ( $, .RADIAN. ) );
#3110 =( GEOMETRIC_REPRESENTATION_CONTEXT ( 3 ) GLOBAL_UNCERTAINTY_ASSIGNED_CONTEXT ( ( #112 ) ) GLOBAL_UNIT_ASSIGNED_CONTEXT ( ( #4023, #962, #627 ) ) REPRESENTATION_CONTEXT ( 'NONE', 'WORKASPACE' ) );
#3111 =( NAMED_UNIT ( * ) SI_UNIT ( $, .STERADIAN. ) SOLID_ANGLE_UNIT ( ) );
#3112 = COLOUR_RGB ( '',0.7529411764705882248, 0.7529411764705882248, 0.7529411764705882248 ) ;
#3113 = ORIENTED_EDGE ( 'NONE', *, *, #784, .F. ) ;
#3114 = CIRCLE ( 'NONE', #2457, 0.09999999999999982514 ) ;
#3115 = CARTESIAN_POINT ( 'NONE',  ( -2.141421356237308782, 2.799999999999999822, -2.825000000000000178 ) ) ;
#3116 = CARTESIAN_POINT ( 'NONE',  ( -3.000000000000000444, 2.899999999999999911, -2.825000000000000178 ) ) ;
#3117 =( NAMED_UNIT ( * ) PLANE_ANGLE_UNIT ( ) SI_UNIT ( $, .RADIAN. ) );
#3118 = EDGE_CURVE ( 'NONE', #105, #1958, #215, .T. ) ;
#3119 = ORIENTED_EDGE ( 'NONE', *, *, #4007, .T. ) ;
#3120 = MECHANICAL_DESIGN_GEOMETRIC_PRESENTATION_REPRESENTATION (  '', ( #1763 ), #2259 ) ;
#3121 = CIRCLE ( 'NONE', #689, 0.09999999999999982514 ) ;
#3122 = FILL_AREA_STYLE ('',( #15 ) ) ;
#3123 = SURFACE_STYLE_USAGE ( .BOTH. , #439 ) ;
#3124 =( GEOMETRIC_REPRESENTATION_CONTEXT ( 3 ) GLOBAL_UNCERTAINTY_ASSIGNED_CONTEXT ( ( #3957 ) ) GLOBAL_UNIT_ASSIGNED_CONTEXT ( ( #2237, #2631, #3945 ) ) REPRESENTATION_CONTEXT ( 'NONE', 'WORKASPACE' ) );
#3125 = AXIS2_PLACEMENT_3D ( 'NONE', #2693, #995, #2359 ) ;
#3126 = FACE_OUTER_BOUND ( 'NONE', #1005, .T. ) ;
#3127 = AXIS2_PLACEMENT_3D ( 'NONE', #1481, #517, #2863 ) ;
#3128 = FACE_OUTER_BOUND ( 'NONE', #2507, .T. ) ;
#3129 = ORIENTED_EDGE ( 'NONE', *, *, #648, .T. ) ;
#3130 = CIRCLE ( 'NONE', #1711, 0.1999999999999996503 ) ;
#3131 = AXIS2_PLACEMENT_3D ( 'NONE', #449, #4227, #882 ) ;
#3132 = ORIENTED_EDGE ( 'NONE', *, *, #2860, .F. ) ;
#3133 = STYLED_ITEM ( 'NONE', ( #1186 ), #2524 ) ;
#3134 = EDGE_CURVE ( 'NONE', #1596, #4054, #2995, .T. ) ;
#3135 = EDGE_CURVE ( 'NONE', #105, #510, #1282, .T. ) ;
#3136 = UNCERTAINTY_MEASURE_WITH_UNIT (LENGTH_MEASURE( 1.000000000000000082E-05 ), #3642, 'distance_accuracy_value', 'NONE');
#3137 = DIRECTION ( 'NONE',  ( 0.000000000000000000, 0.000000000000000000, -1.000000000000000000 ) ) ;
#3138 = CARTESIAN_POINT ( 'NONE',  ( -3.000000000000000444, 0.000000000000000000, -2.825000000000000178 ) ) ;
#3139 = FILL_AREA_STYLE_COLOUR ( '', #2699 ) ;
#3140 = VERTEX_POINT ( 'NONE', #577 ) ;
#3141 = AXIS2_PLACEMENT_3D ( 'NONE', #2877, #2218, #4240 ) ;
#3142 = STYLED_ITEM ( 'NONE', ( #852 ), #2557 ) ;
#3143 = DIRECTION ( 'NONE',  ( 1.000000000000000000, 0.000000000000000000, 0.000000000000000000 ) ) ;
#3144 = EDGE_CURVE ( 'NONE', #1934, #554, #1287, .T. ) ;
#3145 = ADVANCED_FACE ( 'NONE', ( #4377 ), #2287, .F. ) ;
#3146 = ORIENTED_EDGE ( 'NONE', *, *, #1642, .T. ) ;
#3147 = VECTOR ( 'NONE', #4082, 1000.000000000000000 ) ;
#3148 = CIRCLE ( 'NONE', #1989, 0.09999999999999982514 ) ;
#3149 = LINE ( 'NONE', #3074, #1221 ) ;
#3150 =( NAMED_UNIT ( * ) SI_UNIT ( $, .STERADIAN. ) SOLID_ANGLE_UNIT ( ) );
#3151 =( NAMED_UNIT ( * ) PLANE_ANGLE_UNIT ( ) SI_UNIT ( $, .RADIAN. ) );
#3152 = FILL_AREA_STYLE_COLOUR ( '', #919 ) ;
#3153 = EDGE_LOOP ( 'NONE', ( #3554, #4357, #1121, #1105 ) ) ;
#3154 =( GEOMETRIC_REPRESENTATION_CONTEXT ( 3 ) GLOBAL_UNCERTAINTY_ASSIGNED_CONTEXT ( ( #4268 ) ) GLOBAL_UNIT_ASSIGNED_CONTEXT ( ( #239, #1244, #3337 ) ) REPRESENTATION_CONTEXT ( 'NONE', 'WORKASPACE' ) );
#3155 = SURFACE_SIDE_STYLE ('',( #1742 ) ) ;
#3156 = COLOUR_RGB ( '',0.7529411764705882248, 0.7529411764705882248, 0.7529411764705882248 ) ;
#3157 = DIRECTION ( 'NONE',  ( 1.224646799147353207E-16, 0.000000000000000000, -1.000000000000000000 ) ) ;
#3158 = SURFACE_SIDE_STYLE ('',( #138 ) ) ;
#3159 = CARTESIAN_POINT ( 'NONE',  ( 3.792564513103915846, 1.300000000000000044, -1.649999999999999911 ) ) ;
#3160 = ORIENTED_EDGE ( 'NONE', *, *, #28, .F. ) ;
#3161 =( NAMED_UNIT ( * ) SI_UNIT ( $, .STERADIAN. ) SOLID_ANGLE_UNIT ( ) );
#3162 = CARTESIAN_POINT ( 'NONE',  ( 3.817985654712924948, 0.2355115019043609315, 2.350000000000000089 ) ) ;
#3163 = ORIENTED_EDGE ( 'NONE', *, *, #1537, .F. ) ;
#3164 = DIRECTION ( 'NONE',  ( 0.000000000000000000, 0.000000000000000000, 1.000000000000000000 ) ) ;
#3165 = ORIENTED_EDGE ( 'NONE', *, *, #2739, .F. ) ;
#3166 = CARTESIAN_POINT ( 'NONE',  ( 3.599999999999999645, 1.049045040614163149, -2.350000000000000089 ) ) ;
#3167 = DIRECTION ( 'NONE',  ( -1.000000000000000000, 0.000000000000000000, 0.000000000000000000 ) ) ;
#3168 = PLANE ( 'NONE',  #1632 ) ;
#3169 = EDGE_CURVE ( 'NONE', #856, #1579, #3712, .T. ) ;
#3170 = ORIENTED_EDGE ( 'NONE', *, *, #1391, .F. ) ;
#3171 = LINE ( 'NONE', #410, #4036 ) ;
#3172 = MECHANICAL_DESIGN_GEOMETRIC_PRESENTATION_REPRESENTATION (  '', ( #1571 ), #1379 ) ;
#3173 = DIRECTION ( 'NONE',  ( 0.000000000000000000, 0.000000000000000000, 1.000000000000000000 ) ) ;
#3174 = LINE ( 'NONE', #1810, #1835 ) ;
#3175 = UNCERTAINTY_MEASURE_WITH_UNIT (LENGTH_MEASURE( 1.000000000000000082E-05 ), #3592, 'distance_accuracy_value', 'NONE');
#3176 = DIRECTION ( 'NONE',  ( 0.000000000000000000, 1.000000000000000000, 0.000000000000000000 ) ) ;
#3177 = UNCERTAINTY_MEASURE_WITH_UNIT (LENGTH_MEASURE( 1.000000000000000082E-05 ), #2381, 'distance_accuracy_value', 'NONE');
#3178 = EDGE_LOOP ( 'NONE', ( #787, #1170, #2348, #722 ) ) ;
#3179 = PRESENTATION_LAYER_ASSIGNMENT (  '', '', ( #2020 ) ) ;
#3180 = DIRECTION ( 'NONE',  ( -0.9659258262890680902, 0.2588190451025213501, 0.000000000000000000 ) ) ;
#3181 = EDGE_CURVE ( 'NONE', #3691, #2871, #941, .T. ) ;
#3182 = EDGE_LOOP ( 'NONE', ( #1075, #1188, #3524, #2369 ) ) ;
#3183 = SURFACE_SIDE_STYLE ('',( #2543 ) ) ;
#3184 = ORIENTED_EDGE ( 'NONE', *, *, #1093, .F. ) ;
#3185 = ORIENTED_EDGE ( 'NONE', *, *, #2925, .T. ) ;
#3186 = SURFACE_STYLE_FILL_AREA ( #4170 ) ;
#3187 = DIRECTION ( 'NONE',  ( -0.9961946980917455452, 0.08715574274765833240, -0.000000000000000000 ) ) ;
#3188 = ORIENTED_EDGE ( 'NONE', *, *, #513, .F. ) ;
#3189 = SURFACE_STYLE_FILL_AREA ( #130 ) ;
#3190 = SURFACE_STYLE_USAGE ( .BOTH. , #2153 ) ;
#3191 = CARTESIAN_POINT ( 'NONE',  ( -1.858578643762688332, 2.799999999999999822, 3.025000000000000355 ) ) ;
#3192 = ORIENTED_EDGE ( 'NONE', *, *, #380, .F. ) ;
#3193 =( LENGTH_UNIT ( ) NAMED_UNIT ( * ) SI_UNIT ( .MILLI., .METRE. ) );
#3194 = AXIS2_PLACEMENT_3D ( 'NONE', #2000, #3078, #2299 ) ;
#3195 = AXIS2_PLACEMENT_3D ( 'NONE', #746, #3480, #3203 ) ;
#3196 = EDGE_CURVE ( 'NONE', #1574, #2927, #192, .T. ) ;
#3197 = CARTESIAN_POINT ( 'NONE',  ( -4.015172729109017347, 0.4692148276866964229, -2.350000000000000089 ) ) ;
#3198 = DIRECTION ( 'NONE',  ( 0.000000000000000000, 1.000000000000000000, 0.000000000000000000 ) ) ;
#3199 = VECTOR ( 'NONE', #874, 1000.000000000000000 ) ;
#3200 = EDGE_LOOP ( 'NONE', ( #1404, #3093, #3238, #2716 ) ) ;
#3201 = DIRECTION ( 'NONE',  ( -0.000000000000000000, -0.000000000000000000, -1.000000000000000000 ) ) ;
#3202 = VECTOR ( 'NONE', #4173, 1000.000000000000000 ) ;
#3203 = DIRECTION ( 'NONE',  ( -1.000000000000000000, 0.000000000000000000, 0.000000000000000000 ) ) ;
#3204 = ORIENTED_EDGE ( 'NONE', *, *, #2501, .F. ) ;
#3205 = CYLINDRICAL_SURFACE ( 'NONE', #2846, 0.09999999999999982514 ) ;
#3206 = ORIENTED_EDGE ( 'NONE', *, *, #1023, .F. ) ;
#3207 = CIRCLE ( 'NONE', #2695, 0.09999999999999982514 ) ;
#3208 = VECTOR ( 'NONE', #2641, 1000.000000000000000 ) ;
#3209 = DIRECTION ( 'NONE',  ( 0.000000000000000000, -1.000000000000000000, 0.000000000000000000 ) ) ;
#3210 = VERTEX_POINT ( 'NONE', #4358 ) ;
#3211 = EDGE_LOOP ( 'NONE', ( #1374, #2038, #1396, #84 ) ) ;
#3212 = SURFACE_SIDE_STYLE ('',( #3186 ) ) ;
#3213 = UNCERTAINTY_MEASURE_WITH_UNIT (LENGTH_MEASURE( 1.000000000000000082E-05 ), #600, 'distance_accuracy_value', 'NONE');
#3214 = PRESENTATION_LAYER_ASSIGNMENT (  '', '', ( #1508 ) ) ;
#3215 = VECTOR ( 'NONE', #289, 1000.000000000000000 ) ;
#3216 = EDGE_CURVE ( 'NONE', #2809, #3877, #44, .T. ) ;
#3217 = DIRECTION ( 'NONE',  ( 1.000000000000000000, -1.626303258728255862E-15, 0.000000000000000000 ) ) ;
#3218 = DIRECTION ( 'NONE',  ( 0.7071067811865486830, -0.000000000000000000, 0.7071067811865464625 ) ) ;
#3219 =( GEOMETRIC_REPRESENTATION_CONTEXT ( 3 ) GLOBAL_UNCERTAINTY_ASSIGNED_CONTEXT ( ( #2812 ) ) GLOBAL_UNIT_ASSIGNED_CONTEXT ( ( #1766, #2789, #1044 ) ) REPRESENTATION_CONTEXT ( 'NONE', 'WORKASPACE' ) );
#3220 = ORIENTED_EDGE ( 'NONE', *, *, #844, .F. ) ;
#3221 =( NAMED_UNIT ( * ) SI_UNIT ( $, .STERADIAN. ) SOLID_ANGLE_UNIT ( ) );
#3222 = MECHANICAL_DESIGN_GEOMETRIC_PRESENTATION_REPRESENTATION (  '', ( #2060 ), #4349 ) ;
#3223 = LINE ( 'NONE', #1809, #2632 ) ;
#3224 = FILL_AREA_STYLE ('',( #3941 ) ) ;
#3225 = PRESENTATION_LAYER_ASSIGNMENT (  '', '', ( #2357 ) ) ;
#3226 = TOROIDAL_SURFACE ( 'NONE', #850, 0.2000000000000000111, 0.1000000000000000056 ) ;
#3227 = ORIENTED_EDGE ( 'NONE', *, *, #930, .T. ) ;
#3228 = STYLED_ITEM ( 'NONE', ( #880 ), #4144 ) ;
#3229 = DIRECTION ( 'NONE',  ( -1.000000000000000000, 0.000000000000000000, 0.000000000000000000 ) ) ;
#3230 = CARTESIAN_POINT ( 'NONE',  ( -1.858578643762688554, 2.799999999999999822, -3.125000000000000000 ) ) ;
#3231 = DIRECTION ( 'NONE',  ( 1.000000000000000000, 0.000000000000000000, 0.000000000000000000 ) ) ;
#3232 = EDGE_LOOP ( 'NONE', ( #2646, #3943, #4039, #3220 ) ) ;
#3233 = CYLINDRICAL_SURFACE ( 'NONE', #3141, 0.09999999999999982514 ) ;
#3234 = EDGE_LOOP ( 'NONE', ( #878, #1094, #2904, #1748 ) ) ;
#3235 = ADVANCED_FACE ( 'NONE', ( #3128 ), #4094, .T. ) ;
#3236 =( NAMED_UNIT ( * ) SI_UNIT ( $, .STERADIAN. ) SOLID_ANGLE_UNIT ( ) );
#3237 = ORIENTED_EDGE ( 'NONE', *, *, #4426, .T. ) ;
#3238 = ORIENTED_EDGE ( 'NONE', *, *, #3710, .F. ) ;
#3239 = PRESENTATION_STYLE_ASSIGNMENT (( #3842 ) ) ;
#3240 = ADVANCED_FACE ( 'NONE', ( #1004 ), #2406, .T. ) ;
#3241 = CARTESIAN_POINT ( 'NONE',  ( -3.000000000000000444, 2.799999999999999822, -2.825000000000000178 ) ) ;
#3242 =( LENGTH_UNIT ( ) NAMED_UNIT ( * ) SI_UNIT ( .MILLI., .METRE. ) );
#3243 = ORIENTED_EDGE ( 'NONE', *, *, #3362, .F. ) ;
#3244 = SURFACE_SIDE_STYLE ('',( #3939 ) ) ;
#3245 =( NAMED_UNIT ( * ) SI_UNIT ( $, .STERADIAN. ) SOLID_ANGLE_UNIT ( ) );
#3246 =( LENGTH_UNIT ( ) NAMED_UNIT ( * ) SI_UNIT ( .MILLI., .METRE. ) );
#3247 = ORIENTED_EDGE ( 'NONE', *, *, #584, .T. ) ;
#3248 = SURFACE_SIDE_STYLE ('',( #2304 ) ) ;
#3250 = ADVANCED_FACE ( 'NONE', ( #4133 ), #2368, .F. ) ;
#3249 = SURFACE_STYLE_FILL_AREA ( #4222 ) ;
#3251 = SURFACE_STYLE_FILL_AREA ( #1450 ) ;
#3252 = ORIENTED_EDGE ( 'NONE', *, *, #1825, .T. ) ;
#3253 = DIRECTION ( 'NONE',  ( -0.7071067811865483499, 0.000000000000000000, 0.7071067811865466846 ) ) ;
#3254 = UNCERTAINTY_MEASURE_WITH_UNIT (LENGTH_MEASURE( 1.000000000000000082E-05 ), #19, 'distance_accuracy_value', 'NONE');
#3255 = FACE_OUTER_BOUND ( 'NONE', #1706, .T. ) ;
#3256 =( LENGTH_UNIT ( ) NAMED_UNIT ( * ) SI_UNIT ( .MILLI., .METRE. ) );
#3257 = VERTEX_POINT ( 'NONE', #3485 ) ;
#3258 = FACE_OUTER_BOUND ( 'NONE', #2729, .T. ) ;
#3259 = DIRECTION ( 'NONE',  ( 0.000000000000000000, 1.000000000000000000, -0.000000000000000000 ) ) ;
#3260 = CYLINDRICAL_SURFACE ( 'NONE', #2700, 0.1000000000000001443 ) ;
#3261 =( GEOMETRIC_REPRESENTATION_CONTEXT ( 3 ) GLOBAL_UNCERTAINTY_ASSIGNED_CONTEXT ( ( #3669 ) ) GLOBAL_UNIT_ASSIGNED_CONTEXT ( ( #1784, #3476, #1757 ) ) REPRESENTATION_CONTEXT ( 'NONE', 'WORKASPACE' ) );
#3262 = AXIS2_PLACEMENT_3D ( 'NONE', #4163, #1112, #1165 ) ;
#3263 = FILL_AREA_STYLE_COLOUR ( '', #1555 ) ;
#3264 = ORIENTED_EDGE ( 'NONE', *, *, #1875, .T. ) ;
#3265 = ORIENTED_EDGE ( 'NONE', *, *, #216, .T. ) ;
#3266 = PRESENTATION_LAYER_ASSIGNMENT (  '', '', ( #2611 ) ) ;
#3267 = VECTOR ( 'NONE', #1701, 1000.000000000000114 ) ;
#3268 = CARTESIAN_POINT ( 'NONE',  ( -2.141421356237308782, 2.899999999999999911, -3.024999999999999911 ) ) ;
#3269 = STYLED_ITEM ( 'NONE', ( #2087 ), #1697 ) ;
#3270 = ORIENTED_EDGE ( 'NONE', *, *, #3926, .F. ) ;
#3271 = DIRECTION ( 'NONE',  ( 0.000000000000000000, -0.000000000000000000, -1.000000000000000000 ) ) ;
#3272 = EDGE_CURVE ( 'NONE', #3691, #2809, #143, .T. ) ;
#3273 = DIRECTION ( 'NONE',  ( 0.000000000000000000, 0.000000000000000000, 1.000000000000000000 ) ) ;
#3274 =( NAMED_UNIT ( * ) SI_UNIT ( $, .STERADIAN. ) SOLID_ANGLE_UNIT ( ) );
#3275 = DIRECTION ( 'NONE',  ( 1.000000000000000000, 0.000000000000000000, 0.000000000000000000 ) ) ;
#3276 = VERTEX_POINT ( 'NONE', #1167 ) ;
#3277 = ADVANCED_FACE ( 'NONE', ( #3900 ), #1115, .F. ) ;
#3278 = EDGE_CURVE ( 'NONE', #1444, #1946, #3878, .T. ) ;
#3279 = VECTOR ( 'NONE', #2249, 999.9999999999998863 ) ;
#3280 = AXIS2_PLACEMENT_3D ( 'NONE', #2004, #3379, #3459 ) ;
#3281 = LINE ( 'NONE', #583, #3972 ) ;
#3282 = CARTESIAN_POINT ( 'NONE',  ( 0.000000000000000000, 2.899999999999999911, 0.000000000000000000 ) ) ;
#3283 = CIRCLE ( 'NONE', #2562, 0.09999999999999982514 ) ;
#3284 = VECTOR ( 'NONE', #4078, 1000.000000000000000 ) ;
#3285 = DIRECTION ( 'NONE',  ( -1.000000000000000000, 0.000000000000000000, -0.000000000000000000 ) ) ;
#3286 = DIRECTION ( 'NONE',  ( 0.000000000000000000, 0.000000000000000000, 1.000000000000000000 ) ) ;
#3287 = CARTESIAN_POINT ( 'NONE',  ( 2.512499999999997513, 0.000000000000000000, -2.512500000000002842 ) ) ;
#3288 = ORIENTED_EDGE ( 'NONE', *, *, #3278, .F. ) ;
#3289 = AXIS2_PLACEMENT_3D ( 'NONE', #3752, #3790, #652 ) ;
#3290 = EDGE_CURVE ( 'NONE', #2297, #2858, #560, .T. ) ;
#3291 = DIRECTION ( 'NONE',  ( 0.000000000000000000, 0.000000000000000000, -1.000000000000000000 ) ) ;
#3292 = DIRECTION ( 'NONE',  ( 0.7071067811865486830, -4.599880250050128232E-15, -0.7071067811865464625 ) ) ;
#3293 = ORIENTED_EDGE ( 'NONE', *, *, #845, .T. ) ;
#3294 = DIRECTION ( 'NONE',  ( -0.000000000000000000, -0.000000000000000000, -1.000000000000000000 ) ) ;
#3295 = DIRECTION ( 'NONE',  ( 1.000000000000000000, 4.336808689942024836E-15, -0.000000000000000000 ) ) ;
#3296 = CARTESIAN_POINT ( 'NONE',  ( 3.792564513103915846, 1.300000000000000044, -2.350000000000000089 ) ) ;
#3297 = CARTESIAN_POINT ( 'NONE',  ( 4.015172729109017347, 0.4692148276866966450, 1.650000000000000133 ) ) ;
#3298 = EDGE_LOOP ( 'NONE', ( #1744, #298, #431, #3857 ) ) ;
#3299 =( NAMED_UNIT ( * ) PLANE_ANGLE_UNIT ( ) SI_UNIT ( $, .RADIAN. ) );
#3300 = PLANE ( 'NONE',  #3125 ) ;
#3301 = ADVANCED_FACE ( 'NONE', ( #2144 ), #3205, .F. ) ;
#3302 = FILL_AREA_STYLE_COLOUR ( '', #613 ) ;
#3303 = FILL_AREA_STYLE ('',( #4255 ) ) ;
#3304 = LINE ( 'NONE', #3028, #1833 ) ;
#3305 = CARTESIAN_POINT ( 'NONE',  ( -3.446534602404207615, 0.8490450406141630824, -2.350000000000000089 ) ) ;
#3306 = CARTESIAN_POINT ( 'NONE',  ( -2.141421356237308782, 2.799999999999999822, -2.925000000000000266 ) ) ;
#3307 = LINE ( 'NONE', #1237, #197 ) ;
#3308 = EDGE_LOOP ( 'NONE', ( #2848, #4263, #704, #3810 ) ) ;
#3309 = ORIENTED_EDGE ( 'NONE', *, *, #1614, .T. ) ;
#3310 = PRESENTATION_STYLE_ASSIGNMENT (( #1616 ) ) ;
#3311 = CARTESIAN_POINT ( 'NONE',  ( 3.993739671421206339, 0.08803637130651603693, -2.350000000000000089 ) ) ;
#3312 = CARTESIAN_POINT ( 'NONE',  ( 0.000000000000000000, 0.000000000000000000, 2.350000000000000089 ) ) ;
#3313 =( NAMED_UNIT ( * ) PLANE_ANGLE_UNIT ( ) SI_UNIT ( $, .RADIAN. ) );
#3314 = ORIENTED_EDGE ( 'NONE', *, *, #851, .T. ) ;
#3315 = DIRECTION ( 'NONE',  ( 0.000000000000000000, 1.000000000000000000, -0.000000000000000000 ) ) ;
#3316 = VERTEX_POINT ( 'NONE', #163 ) ;
#3317 = PLANE ( 'NONE',  #3953 ) ;
#3318 = CARTESIAN_POINT ( 'NONE',  ( 2.141421356237305229, 0.000000000000000000, 2.925000000000001155 ) ) ;
#3319 = CARTESIAN_POINT ( 'NONE',  ( -3.639099115508123816, 1.300000000000000044, 1.649999999999999911 ) ) ;
#3320 =( LENGTH_UNIT ( ) NAMED_UNIT ( * ) SI_UNIT ( .MILLI., .METRE. ) );
#3321 = VECTOR ( 'NONE', #2315, 1000.000000000000000 ) ;
#3322 = EDGE_CURVE ( 'NONE', #3140, #4291, #3836, .T. ) ;
#3323 = CARTESIAN_POINT ( 'NONE',  ( -2.099999999999998757, 2.899999999999999911, 2.825000000000000178 ) ) ;
#3324 = MECHANICAL_DESIGN_GEOMETRIC_PRESENTATION_REPRESENTATION (  '', ( #18 ), #605 ) ;
#3325 = PRESENTATION_STYLE_ASSIGNMENT (( #876 ) ) ;
#3326 = EDGE_LOOP ( 'NONE', ( #3441, #768, #2790, #1720 ) ) ;
#3327 = DIRECTION ( 'NONE',  ( 0.000000000000000000, 1.000000000000000000, -0.000000000000000000 ) ) ;
#3328 = DIRECTION ( 'NONE',  ( 1.000000000000000000, 0.000000000000000000, 0.000000000000000000 ) ) ;
#3329 = VECTOR ( 'NONE', #4006, 1000.000000000000000 ) ;
#3330 = CIRCLE ( 'NONE', #1963, 0.09999999999999982514 ) ;
#3331 =( NAMED_UNIT ( * ) PLANE_ANGLE_UNIT ( ) SI_UNIT ( $, .RADIAN. ) );
#3332 = DIRECTION ( 'NONE',  ( 1.000000000000000000, 0.000000000000000000, 0.000000000000000000 ) ) ;
#3333 = VERTEX_POINT ( 'NONE', #493 ) ;
#3334 = FACE_OUTER_BOUND ( 'NONE', #2033, .T. ) ;
#3335 = VECTOR ( 'NONE', #1318, 1000.000000000000114 ) ;
#3336 =( GEOMETRIC_REPRESENTATION_CONTEXT ( 3 ) GLOBAL_UNCERTAINTY_ASSIGNED_CONTEXT ( ( #3175 ) ) GLOBAL_UNIT_ASSIGNED_CONTEXT ( ( #3592, #460, #843 ) ) REPRESENTATION_CONTEXT ( 'NONE', 'WORKASPACE' ) );
#3337 =( NAMED_UNIT ( * ) SI_UNIT ( $, .STERADIAN. ) SOLID_ANGLE_UNIT ( ) );
#3338 = PRESENTATION_STYLE_ASSIGNMENT (( #3936 ) ) ;
#3339 = CARTESIAN_POINT ( 'NONE',  ( 3.639099115508123816, 1.300000000000000044, -2.350000000000000089 ) ) ;
#3340 =( NAMED_UNIT ( * ) SI_UNIT ( $, .STERADIAN. ) SOLID_ANGLE_UNIT ( ) );
#3341 = ORIENTED_EDGE ( 'NONE', *, *, #1320, .T. ) ;
#3342 = DIRECTION ( 'NONE',  ( 0.000000000000000000, 0.000000000000000000, 1.000000000000000000 ) ) ;
#3343 = PRESENTATION_LAYER_ASSIGNMENT (  '', '', ( #2976 ) ) ;
#3344 = EDGE_CURVE ( 'NONE', #1968, #2030, #3579, .T. ) ;
#3345 = EDGE_LOOP ( 'NONE', ( #3002, #2266, #1689, #4077 ) ) ;
#3346 = FILL_AREA_STYLE_COLOUR ( '', #1956 ) ;
#3347 = STYLED_ITEM ( 'NONE', ( #3491 ), #2295 ) ;
#3348 = CARTESIAN_POINT ( 'NONE',  ( -4.051418138391622570, 0.3339451187028870116, -1.649999999999999911 ) ) ;
#3349 =( LENGTH_UNIT ( ) NAMED_UNIT ( * ) SI_UNIT ( .MILLI., .METRE. ) );
#3350 = DIRECTION ( 'NONE',  ( -0.7071067811865474617, 0.000000000000000000, 0.7071067811865474617 ) ) ;
#3351 = CARTESIAN_POINT ( 'NONE',  ( -3.099999999999999645, 0.000000000000000000, 2.825000000000000178 ) ) ;
#3352 = AXIS2_PLACEMENT_3D ( 'NONE', #2465, #825, #2115 ) ;
#3353 = LINE ( 'NONE', #2131, #348 ) ;
#3354 = ORIENTED_EDGE ( 'NONE', *, *, #4113, .T. ) ;
#3355 = CARTESIAN_POINT ( 'NONE',  ( -3.099999999999999645, 1.300000000000000044, -2.350000000000000089 ) ) ;
#3356 = VECTOR ( 'NONE', #1619, 1000.000000000000000 ) ;
#3357 = FILL_AREA_STYLE ('',( #1982 ) ) ;
#3358 = CARTESIAN_POINT ( 'NONE',  ( 3.099999999999999645, 1.049045040614163149, 1.649999999999999911 ) ) ;
#3359 = EDGE_LOOP ( 'NONE', ( #1528, #3237, #2086, #633 ) ) ;
#3360 = ADVANCED_FACE ( 'NONE', ( #1524 ), #3233, .F. ) ;
#3361 = VERTEX_POINT ( 'NONE', #511 ) ;
#3362 = EDGE_CURVE ( 'NONE', #444, #3333, #2895, .T. ) ;
#3363 = CARTESIAN_POINT ( 'NONE',  ( 1.858578643762686999, 2.899999999999999911, 3.124999999999999112 ) ) ;
#3364 = STYLED_ITEM ( 'NONE', ( #2883 ), #3800 ) ;
#3365 =( GEOMETRIC_REPRESENTATION_CONTEXT ( 3 ) GLOBAL_UNCERTAINTY_ASSIGNED_CONTEXT ( ( #1898 ) ) GLOBAL_UNIT_ASSIGNED_CONTEXT ( ( #3933, #2239, #620 ) ) REPRESENTATION_CONTEXT ( 'NONE', 'WORKASPACE' ) );
#3366 = SURFACE_STYLE_USAGE ( .BOTH. , #1960 ) ;
#3367 = LINE ( 'NONE', #218, #842 ) ;
#3368 = UNCERTAINTY_MEASURE_WITH_UNIT (LENGTH_MEASURE( 1.000000000000000082E-05 ), #571, 'distance_accuracy_value', 'NONE');
#3369 = FILL_AREA_STYLE_COLOUR ( '', #1581 ) ;
#3370 = EDGE_LOOP ( 'NONE', ( #1016, #275, #2528, #3532 ) ) ;
#3371 = CARTESIAN_POINT ( 'NONE',  ( 3.099999999999999645, 1.049045040614163149, 2.350000000000000089 ) ) ;
#3372 = EDGE_LOOP ( 'NONE', ( #2567, #1527, #264, #175 ) ) ;
#3373 = DIRECTION ( 'NONE',  ( -0.2588190451025216277, -0.9659258262890680902, 0.000000000000000000 ) ) ;
#3374 = DIRECTION ( 'NONE',  ( -0.2588190451025216277, 0.9659258262890680902, 0.000000000000000000 ) ) ;
#3375 = CYLINDRICAL_SURFACE ( 'NONE', #3465, 0.09999999999999982514 ) ;
#3376 = SURFACE_STYLE_FILL_AREA ( #2362 ) ;
#3377 = ORIENTED_EDGE ( 'NONE', *, *, #619, .F. ) ;
#3378 = DIRECTION ( 'NONE',  ( 0.000000000000000000, -0.000000000000000000, -1.000000000000000000 ) ) ;
#3379 = DIRECTION ( 'NONE',  ( 1.000000000000000000, 6.505213034913037648E-15, 0.000000000000000000 ) ) ;
#3380 = ORIENTED_EDGE ( 'NONE', *, *, #1589, .F. ) ;
#3381 =( LENGTH_UNIT ( ) NAMED_UNIT ( * ) SI_UNIT ( .MILLI., .METRE. ) );
#3382 = EDGE_CURVE ( 'NONE', #61, #1934, #708, .T. ) ;
#3383 = DIRECTION ( 'NONE',  ( 1.000000000000000000, -0.000000000000000000, 0.000000000000000000 ) ) ;
#3384 = DIRECTION ( 'NONE',  ( 0.000000000000000000, -0.000000000000000000, -1.000000000000000000 ) ) ;
#3385 = SURFACE_SIDE_STYLE ('',( #1710 ) ) ;
#3386 = ORIENTED_EDGE ( 'NONE', *, *, #2739, .T. ) ;
#3387 = DIRECTION ( 'NONE',  ( -0.000000000000000000, 0.000000000000000000, 1.000000000000000000 ) ) ;
#3388 = ORIENTED_EDGE ( 'NONE', *, *, #1641, .T. ) ;
#3389 = FACE_OUTER_BOUND ( 'NONE', #4080, .T. ) ;
#3390 = DIRECTION ( 'NONE',  ( 0.000000000000000000, 0.000000000000000000, 1.000000000000000000 ) ) ;
#3391 = CARTESIAN_POINT ( 'NONE',  ( -2.999999999999999556, 0.000000000000000000, 2.925000000000000266 ) ) ;
#3392 = EDGE_CURVE ( 'NONE', #1596, #3537, #3307, .T. ) ;
#3393 = DIRECTION ( 'NONE',  ( 0.2588190451025213501, -0.9659258262890680902, -0.000000000000000000 ) ) ;
#3394 = FACE_OUTER_BOUND ( 'NONE', #3718, .T. ) ;
#3395 = EDGE_CURVE ( 'NONE', #444, #1837, #2588, .T. ) ;
#3396 = LINE ( 'NONE', #1067, #2962 ) ;
#3397 = CARTESIAN_POINT ( 'NONE',  ( 2.141421356237310114, 2.899999999999999911, -2.924999999999999378 ) ) ;
#3398 = AXIS2_PLACEMENT_3D ( 'NONE', #2364, #3726, #1042 ) ;
#3399 = ORIENTED_EDGE ( 'NONE', *, *, #973, .F. ) ;
#3401 = VECTOR ( 'NONE', #3387, 1000.000000000000000 ) ;
#3400 = DIRECTION ( 'NONE',  ( -0.000000000000000000, -0.000000000000000000, 1.000000000000000000 ) ) ;
#3402 = CARTESIAN_POINT ( 'NONE',  ( -2.141421356237308338, 2.899999999999999911, 3.024999999999999911 ) ) ;
#3403 = SURFACE_STYLE_USAGE ( .BOTH. , #3385 ) ;
#3404 = VECTOR ( 'NONE', #4417, 1000.000000000000000 ) ;
#3405 = EDGE_LOOP ( 'NONE', ( #556, #3834, #3589, #3487 ) ) ;
#3406 = SURFACE_STYLE_FILL_AREA ( #2294 ) ;
#3407 = VECTOR ( 'NONE', #3026, 1000.000000000000000 ) ;
#3408 = VERTEX_POINT ( 'NONE', #937 ) ;
#3409 = CARTESIAN_POINT ( 'NONE',  ( 1.929289321881342945, 0.000000000000000000, -3.095710678118655856 ) ) ;
#3410 = FILL_AREA_STYLE_COLOUR ( '', #1126 ) ;
#3411 = PRESENTATION_LAYER_ASSIGNMENT (  '', '', ( #3620 ) ) ;
#3412 = EDGE_CURVE ( 'NONE', #3210, #214, #3970, .T. ) ;
#3413 = EDGE_LOOP ( 'NONE', ( #2443, #4005, #2390, #393 ) ) ;
#3414 = EDGE_CURVE ( 'NONE', #643, #2219, #2128, .T. ) ;
#3415 = CARTESIAN_POINT ( 'NONE',  ( -3.099999999999999645, 1.049045040614163149, -2.350000000000000089 ) ) ;
#3416 =( GEOMETRIC_REPRESENTATION_CONTEXT ( 3 ) GLOBAL_UNCERTAINTY_ASSIGNED_CONTEXT ( ( #3831 ) ) GLOBAL_UNIT_ASSIGNED_CONTEXT ( ( #1008, #695, #2029 ) ) REPRESENTATION_CONTEXT ( 'NONE', 'WORKASPACE' ) );
#3417 = FILL_AREA_STYLE ('',( #2343 ) ) ;
#3418 = PRESENTATION_LAYER_ASSIGNMENT (  '', '', ( #2278 ) ) ;
#3419 = AXIS2_PLACEMENT_3D ( 'NONE', #748, #591, #555 ) ;
#3420 =( GEOMETRIC_REPRESENTATION_CONTEXT ( 3 ) GLOBAL_UNCERTAINTY_ASSIGNED_CONTEXT ( ( #2744 ) ) GLOBAL_UNIT_ASSIGNED_CONTEXT ( ( #3551, #747, #491 ) ) REPRESENTATION_CONTEXT ( 'NONE', 'WORKASPACE' ) );
#3421 = SURFACE_SIDE_STYLE ('',( #1002 ) ) ;
#3422 = ORIENTED_EDGE ( 'NONE', *, *, #1085, .T. ) ;
#3423 =( NAMED_UNIT ( * ) PLANE_ANGLE_UNIT ( ) SI_UNIT ( $, .RADIAN. ) );
#3424 = UNCERTAINTY_MEASURE_WITH_UNIT (LENGTH_MEASURE( 1.000000000000000082E-05 ), #2095, 'distance_accuracy_value', 'NONE');
#3425 = COLOUR_RGB ( '',0.7529411764705882248, 0.7529411764705882248, 0.7529411764705882248 ) ;
#3426 = ORIENTED_EDGE ( 'NONE', *, *, #2925, .F. ) ;
#3427 = CARTESIAN_POINT ( 'NONE',  ( -3.599999999999999645, 1.049045040614163149, 1.649999999999999911 ) ) ;
#3428 = VECTOR ( 'NONE', #454, 999.9999999999998863 ) ;
#3429 = LINE ( 'NONE', #358, #771 ) ;
#3430 = LINE ( 'NONE', #3468, #4254 ) ;
#3431 = MECHANICAL_DESIGN_GEOMETRIC_PRESENTATION_REPRESENTATION (  '', ( #1656 ), #4141 ) ;
#3432 = EDGE_LOOP ( 'NONE', ( #1152, #909, #575, #4248, #3354, #3729, #230, #2001, #1009, #2854, #381, #482, #1495, #1912, #2422, #4214, #857, #2504, #3288, #3549, #2499, #678, #132, #4218 ) ) ;
#3433 = FACE_OUTER_BOUND ( 'NONE', #725, .T. ) ;
#3434 = DIRECTION ( 'NONE',  ( 1.000000000000000000, 0.000000000000000000, 0.000000000000000000 ) ) ;
#3435 = CARTESIAN_POINT ( 'NONE',  ( -3.854231063995529727, 0.1002417929205512842, -1.649999999999999911 ) ) ;
#3436 = CARTESIAN_POINT ( 'NONE',  ( 0.000000000000000000, 2.799999999999999822, -2.825000000000000178 ) ) ;
#3437 = EDGE_LOOP ( 'NONE', ( #154, #4242, #2014, #1144 ) ) ;
#3438 = EDGE_CURVE ( 'NONE', #2517, #512, #2568, .T. ) ;
#3439 = EDGE_CURVE ( 'NONE', #3653, #2688, #4283, .T. ) ;
#3440 = CARTESIAN_POINT ( 'NONE',  ( 3.000000000000000000, 2.799999999999999822, -4.163336342344337027E-16 ) ) ;
#3441 = ORIENTED_EDGE ( 'NONE', *, *, #293, .F. ) ;
#3442 = EDGE_CURVE ( 'NONE', #2455, #2754, #1886, .T. ) ;
#3443 = CARTESIAN_POINT ( 'NONE',  ( 2.141421356237310114, 0.000000000000000000, -3.024999999999999023 ) ) ;
#3444 = VERTEX_POINT ( 'NONE', #229 ) ;
#3445 = EDGE_CURVE ( 'NONE', #214, #1946, #2481, .T. ) ;
#3446 = SURFACE_STYLE_FILL_AREA ( #3774 ) ;
#3447 = FACE_OUTER_BOUND ( 'NONE', #1202, .T. ) ;
#3448 = FACE_OUTER_BOUND ( 'NONE', #2966, .T. ) ;
#3449 = LINE ( 'NONE', #4118, #1272 ) ;
#3450 = ORIENTED_EDGE ( 'NONE', *, *, #1201, .T. ) ;
#3451 = DIRECTION ( 'NONE',  ( 0.000000000000000000, 1.000000000000000000, 0.000000000000000000 ) ) ;
#3452 = PRESENTATION_STYLE_ASSIGNMENT (( #340 ) ) ;
#3453 = PRESENTATION_STYLE_ASSIGNMENT (( #3500 ) ) ;
#3454 = DIRECTION ( 'NONE',  ( 1.000000000000000000, 0.000000000000000000, 0.000000000000000000 ) ) ;
#3455 = ORIENTED_EDGE ( 'NONE', *, *, #879, .T. ) ;
#3456 = DIRECTION ( 'NONE',  ( 0.000000000000000000, 0.000000000000000000, -1.000000000000000000 ) ) ;
#3457 =( NAMED_UNIT ( * ) SI_UNIT ( $, .STERADIAN. ) SOLID_ANGLE_UNIT ( ) );
#3458 = EDGE_CURVE ( 'NONE', #4220, #1047, #1611, .T. ) ;
#3459 = DIRECTION ( 'NONE',  ( -6.505213034913037648E-15, 1.000000000000000000, 0.000000000000000000 ) ) ;
#3460 = ADVANCED_FACE ( 'NONE', ( #209 ), #2601, .T. ) ;
#3461 = EDGE_CURVE ( 'NONE', #1663, #54, #1517, .T. ) ;
#3462 = CIRCLE ( 'NONE', #3194, 0.1999999999999996503 ) ;
#3463 = DIRECTION ( 'NONE',  ( 0.000000000000000000, 0.000000000000000000, -1.000000000000000000 ) ) ;
#3464 = CARTESIAN_POINT ( 'NONE',  ( -1.858578643762688554, 2.799999999999999822, -3.025000000000000799 ) ) ;
#3465 = AXIS2_PLACEMENT_3D ( 'NONE', #2456, #1442, #366 ) ;
#3466 = ORIENTED_EDGE ( 'NONE', *, *, #3290, .T. ) ;
#3467 = AXIS2_PLACEMENT_3D ( 'NONE', #2263, #3295, #2972 ) ;
#3468 = CARTESIAN_POINT ( 'NONE',  ( -1.858578643762688554, 2.899999999999999911, -3.125000000000000000 ) ) ;
#3469 = COLOUR_RGB ( '',0.7529411764705882248, 0.7529411764705882248, 0.7529411764705882248 ) ;
#3470 = ORIENTED_EDGE ( 'NONE', *, *, #2992, .T. ) ;
#3471 = VECTOR ( 'NONE', #3013, 1000.000000000000000 ) ;
#3472 = DIRECTION ( 'NONE',  ( -0.7071067811865474617, 0.000000000000000000, -0.7071067811865474617 ) ) ;
#3473 = CARTESIAN_POINT ( 'NONE',  ( 1.858578643762686999, 0.000000000000000000, 3.124999999999999112 ) ) ;
#3474 = AXIS2_PLACEMENT_3D ( 'NONE', #3721, #661, #4412 ) ;
#3475 = VERTEX_POINT ( 'NONE', #3197 ) ;
#3476 =( NAMED_UNIT ( * ) PLANE_ANGLE_UNIT ( ) SI_UNIT ( $, .RADIAN. ) );
#3477 = VECTOR ( 'NONE', #1973, 1000.000000000000000 ) ;
#3478 =( GEOMETRIC_REPRESENTATION_CONTEXT ( 3 ) GLOBAL_UNCERTAINTY_ASSIGNED_CONTEXT ( ( #1900 ) ) GLOBAL_UNIT_ASSIGNED_CONTEXT ( ( #415, #1164, #1445 ) ) REPRESENTATION_CONTEXT ( 'NONE', 'WORKASPACE' ) );
#3479 = CARTESIAN_POINT ( 'NONE',  ( 1.929289321881342945, 2.799999999999999822, -3.095710678118655856 ) ) ;
#3481 = COLOUR_RGB ( '',0.7529411764705882248, 0.7529411764705882248, 0.7529411764705882248 ) ;
#3480 = DIRECTION ( 'NONE',  ( -0.000000000000000000, -0.000000000000000000, 1.000000000000000000 ) ) ;
#3482 = UNCERTAINTY_MEASURE_WITH_UNIT (LENGTH_MEASURE( 1.000000000000000082E-05 ), #3886, 'distance_accuracy_value', 'NONE');
#3483 =( NAMED_UNIT ( * ) PLANE_ANGLE_UNIT ( ) SI_UNIT ( $, .RADIAN. ) );
#3484 = CIRCLE ( 'NONE', #3628, 0.09999999999999997780 ) ;
#3485 = CARTESIAN_POINT ( 'NONE',  ( 3.639099115508123816, 1.300000000000000044, 1.649999999999999911 ) ) ;
#3486 = VERTEX_POINT ( 'NONE', #80 ) ;
#3487 = ORIENTED_EDGE ( 'NONE', *, *, #3557, .F. ) ;
#3488 = AXIS2_PLACEMENT_3D ( 'NONE', #2305, #3332, #3950 ) ;
#3490 = EDGE_CURVE ( 'NONE', #1444, #1047, #3283, .T. ) ;
#3489 =( NAMED_UNIT ( * ) PLANE_ANGLE_UNIT ( ) SI_UNIT ( $, .RADIAN. ) );
#3491 = PRESENTATION_STYLE_ASSIGNMENT (( #2902 ) ) ;
#3492 = FILL_AREA_STYLE_COLOUR ( '', #2997 ) ;
#3493 =( GEOMETRIC_REPRESENTATION_CONTEXT ( 3 ) GLOBAL_UNCERTAINTY_ASSIGNED_CONTEXT ( ( #1729 ) ) GLOBAL_UNIT_ASSIGNED_CONTEXT ( ( #3577, #161, #1543 ) ) REPRESENTATION_CONTEXT ( 'NONE', 'WORKASPACE' ) );
#3494 = VERTEX_POINT ( 'NONE', #2156 ) ;
#3495 = PRESENTATION_LAYER_ASSIGNMENT (  '', '', ( #564 ) ) ;
#3496 = PRESENTATION_LAYER_ASSIGNMENT (  '', '', ( #2920 ) ) ;
#3497 = CARTESIAN_POINT ( 'NONE',  ( 0.000000000000000000, 3.000000000000000000, -1.449999999999999956 ) ) ;
#3498 = PRESENTATION_STYLE_ASSIGNMENT (( #2227 ) ) ;
#3499 = EDGE_CURVE ( 'NONE', #3508, #3210, #710, .T. ) ;
#3500 = SURFACE_STYLE_USAGE ( .BOTH. , #1695 ) ;
#3501 = VERTEX_POINT ( 'NONE', #1229 ) ;
#3502 = PRESENTATION_LAYER_ASSIGNMENT (  '', '', ( #642 ) ) ;
#3503 = FACE_OUTER_BOUND ( 'NONE', #3345, .T. ) ;
#3504 = EDGE_CURVE ( 'NONE', #373, #2573, #1493, .T. ) ;
#3505 = CARTESIAN_POINT ( 'NONE',  ( 1.653273178848926620E-16, 3.000000000000000000, -1.349999999999999867 ) ) ;
#3506 = CARTESIAN_POINT ( 'NONE',  ( -3.099999999999999645, 1.049045040614163149, 1.649999999999999911 ) ) ;
#3507 = SURFACE_SIDE_STYLE ('',( #87 ) ) ;
#3508 = VERTEX_POINT ( 'NONE', #4182 ) ;
#3509 = CARTESIAN_POINT ( 'NONE',  ( -5.000000000000000000, 0.2509549593858368954, 1.649999999999999911 ) ) ;
#3510 = ORIENTED_EDGE ( 'NONE', *, *, #2938, .F. ) ;
#3511 =( LENGTH_UNIT ( ) NAMED_UNIT ( * ) SI_UNIT ( .MILLI., .METRE. ) );
#3512 = EDGE_LOOP ( 'NONE', ( #4152, #3748, #1064, #2203 ) ) ;
#3513 = FILL_AREA_STYLE ('',( #3907 ) ) ;
#3514 = UNCERTAINTY_MEASURE_WITH_UNIT (LENGTH_MEASURE( 1.000000000000000082E-05 ), #378, 'distance_accuracy_value', 'NONE');
#3515 = LINE ( 'NONE', #1819, #4326 ) ;
#3516 = EDGE_CURVE ( 'NONE', #3107, #1511, #3635, .T. ) ;
#3517 = ORIENTED_EDGE ( 'NONE', *, *, #3638, .T. ) ;
#3518 = CARTESIAN_POINT ( 'NONE',  ( -2.141421356237308338, 0.000000000000000000, 3.024999999999999911 ) ) ;
#3519 = CARTESIAN_POINT ( 'NONE',  ( 4.051418138391622570, 0.3339451187028870116, -2.350000000000000089 ) ) ;
#3520 = ORIENTED_EDGE ( 'NONE', *, *, #1929, .T. ) ;
#3521 = PRESENTATION_STYLE_ASSIGNMENT (( #1808 ) ) ;
#3522 = CARTESIAN_POINT ( 'NONE',  ( -4.051418138391622570, 0.3339451187028870116, 2.350000000000000089 ) ) ;
#3523 = CARTESIAN_POINT ( 'NONE',  ( -3.599999999999999645, 1.049045040614163149, -2.350000000000000089 ) ) ;
#3524 = ORIENTED_EDGE ( 'NONE', *, *, #369, .T. ) ;
#3525 = SURFACE_STYLE_FILL_AREA ( #2492 ) ;
#3526 = UNCERTAINTY_MEASURE_WITH_UNIT (LENGTH_MEASURE( 1.000000000000000082E-05 ), #3242, 'distance_accuracy_value', 'NONE');
#3527 = DIRECTION ( 'NONE',  ( 0.000000000000000000, -1.000000000000000000, 0.000000000000000000 ) ) ;
#3528 = FILL_AREA_STYLE_COLOUR ( '', #3708 ) ;
#3529 = ORIENTED_EDGE ( 'NONE', *, *, #947, .T. ) ;
#3530 = MECHANICAL_DESIGN_GEOMETRIC_PRESENTATION_REPRESENTATION (  '', ( #1260 ), #523 ) ;
#3531 = CARTESIAN_POINT ( 'NONE',  ( -4.371782953570583127E-16, 0.000000000000000000, -3.125000000000000444 ) ) ;
#3532 = ORIENTED_EDGE ( 'NONE', *, *, #3083, .F. ) ;
#3533 = ADVANCED_FACE ( 'NONE', ( #1879 ), #2529, .T. ) ;
#3534 = AXIS2_PLACEMENT_3D ( 'NONE', #3563, #2201, #4229 ) ;
#3535 = SURFACE_STYLE_USAGE ( .BOTH. , #2165 ) ;
#3536 = ORIENTED_EDGE ( 'NONE', *, *, #1746, .T. ) ;
#3537 = VERTEX_POINT ( 'NONE', #437 ) ;
#3538 = LINE ( 'NONE', #809, #3776 ) ;
#3539 = ORIENTED_EDGE ( 'NONE', *, *, #2367, .T. ) ;
#3540 = DIRECTION ( 'NONE',  ( 0.9961946980917455452, -0.08715574274765837404, -0.000000000000000000 ) ) ;
#3541 = LINE ( 'NONE', #131, #263 ) ;
#3542 = DIRECTION ( 'NONE',  ( 1.000000000000000000, 0.000000000000000000, 0.000000000000000000 ) ) ;
#3543 = VERTEX_POINT ( 'NONE', #458 ) ;
#3544 = CIRCLE ( 'NONE', #3963, 0.2000000000000000944 ) ;
#3545 = FACE_OUTER_BOUND ( 'NONE', #3153, .T. ) ;
#3547 = EDGE_CURVE ( 'NONE', #3663, #1586, #1181, .T. ) ;
#3546 = PRESENTATION_LAYER_ASSIGNMENT (  '', '', ( #99 ) ) ;
#3548 = AXIS2_PLACEMENT_3D ( 'NONE', #333, #3067, #377 ) ;
#3549 = ORIENTED_EDGE ( 'NONE', *, *, #3490, .T. ) ;
#3550 = PRESENTATION_LAYER_ASSIGNMENT (  '', '', ( #2830 ) ) ;
#3551 =( LENGTH_UNIT ( ) NAMED_UNIT ( * ) SI_UNIT ( .MILLI., .METRE. ) );
#3552 = ORIENTED_EDGE ( 'NONE', *, *, #3852, .F. ) ;
#3553 = PRESENTATION_STYLE_ASSIGNMENT (( #419 ) ) ;
#3554 = ORIENTED_EDGE ( 'NONE', *, *, #2859, .F. ) ;
#3555 = AXIS2_PLACEMENT_3D ( 'NONE', #1861, #152, #1806 ) ;
#3556 = VECTOR ( 'NONE', #2685, 1000.000000000000000 ) ;
#3557 = EDGE_CURVE ( 'NONE', #643, #1127, #2489, .T. ) ;
#3558 =( NAMED_UNIT ( * ) SI_UNIT ( $, .STERADIAN. ) SOLID_ANGLE_UNIT ( ) );
#3559 = ORIENTED_EDGE ( 'NONE', *, *, #686, .F. ) ;
#3560 = ORIENTED_EDGE ( 'NONE', *, *, #4338, .F. ) ;
#3561 = AXIS2_PLACEMENT_3D ( 'NONE', #2928, #960, #2325 ) ;
#3562 = CARTESIAN_POINT ( 'NONE',  ( -3.446534602404207615, 0.8490450406141630824, -1.649999999999999911 ) ) ;
#3563 = CARTESIAN_POINT ( 'NONE',  ( 0.000000000000000000, 0.000000000000000000, 2.350000000000000089 ) ) ;
#3564 = COLOUR_RGB ( '',0.7529411764705882248, 0.7529411764705882248, 0.7529411764705882248 ) ;
#3565 = DIRECTION ( 'NONE',  ( 0.000000000000000000, -1.000000000000000000, 0.000000000000000000 ) ) ;
#3566 = DIRECTION ( 'NONE',  ( 0.9659258262890680902, 0.2588190451025213501, -0.000000000000000000 ) ) ;
#3567 = ORIENTED_EDGE ( 'NONE', *, *, #2345, .T. ) ;
#3568 = DIRECTION ( 'NONE',  ( 0.000000000000000000, -1.000000000000000000, 0.000000000000000000 ) ) ;
#3569 =( GEOMETRIC_REPRESENTATION_CONTEXT ( 3 ) GLOBAL_UNCERTAINTY_ASSIGNED_CONTEXT ( ( #1113 ) ) GLOBAL_UNIT_ASSIGNED_CONTEXT ( ( #3761, #58, #2127 ) ) REPRESENTATION_CONTEXT ( 'NONE', 'WORKASPACE' ) );
#3570 = CARTESIAN_POINT ( 'NONE',  ( 0.000000000000000000, 0.000000000000000000, 2.925000000000000266 ) ) ;
#3571 = LINE ( 'NONE', #158, #1768 ) ;
#3572 = MECHANICAL_DESIGN_GEOMETRIC_PRESENTATION_REPRESENTATION (  '', ( #4139 ), #1066 ) ;
#3573 = CARTESIAN_POINT ( 'NONE',  ( -3.099999999999999645, 1.300000000000000044, 1.649999999999999911 ) ) ;
#3574 = ADVANCED_FACE ( 'NONE', ( #2180 ), #2852, .T. ) ;
#3575 = LINE ( 'NONE', #1184, #4319 ) ;
#3576 =( NAMED_UNIT ( * ) PLANE_ANGLE_UNIT ( ) SI_UNIT ( $, .RADIAN. ) );
#3577 =( LENGTH_UNIT ( ) NAMED_UNIT ( * ) SI_UNIT ( .MILLI., .METRE. ) );
#3578 = ORIENTED_EDGE ( 'NONE', *, *, #1746, .F. ) ;
#3579 = LINE ( 'NONE', #1855, #4066 ) ;
#3580 = ORIENTED_EDGE ( 'NONE', *, *, #2583, .F. ) ;
#3581 = ORIENTED_EDGE ( 'NONE', *, *, #1174, .T. ) ;
#3582 = CARTESIAN_POINT ( 'NONE',  ( -3.000000000000000444, 0.000000000000000000, -2.925000000000000266 ) ) ;
#3583 = CARTESIAN_POINT ( 'NONE',  ( -3.099999999999999645, 1.049045040614163149, 2.350000000000000089 ) ) ;
#3584 = PLANE ( 'NONE',  #414 ) ;
#3585 = EDGE_CURVE ( 'NONE', #2158, #140, #3223, .T. ) ;
#3586 = CARTESIAN_POINT ( 'NONE',  ( 5.000000000000000000, 0.000000000000000000, 1.649999999999999911 ) ) ;
#3587 =( NAMED_UNIT ( * ) PLANE_ANGLE_UNIT ( ) SI_UNIT ( $, .RADIAN. ) );
#3588 = FILL_AREA_STYLE_COLOUR ( '', #3992 ) ;
#3589 = ORIENTED_EDGE ( 'NONE', *, *, #83, .F. ) ;
#3590 =( NAMED_UNIT ( * ) SI_UNIT ( $, .STERADIAN. ) SOLID_ANGLE_UNIT ( ) );
#3591 = DIRECTION ( 'NONE',  ( 0.000000000000000000, 0.000000000000000000, 1.000000000000000000 ) ) ;
#3592 =( LENGTH_UNIT ( ) NAMED_UNIT ( * ) SI_UNIT ( .MILLI., .METRE. ) );
#3593 = DIRECTION ( 'NONE',  ( -0.000000000000000000, -1.000000000000000000, 0.000000000000000000 ) ) ;
#3594 = ORIENTED_EDGE ( 'NONE', *, *, #1461, .F. ) ;
#3595 = ADVANCED_FACE ( 'NONE', ( #3503 ), #1359, .T. ) ;
#3596 = CARTESIAN_POINT ( 'NONE',  ( -1.858578643762688554, 0.000000000000000000, -3.025000000000000799 ) ) ;
#3597 = ADVANCED_FACE ( 'NONE', ( #4102 ), #2799, .T. ) ;
#3598 = ADVANCED_FACE ( 'NONE', ( #4156 ), #9, .F. ) ;
#3599 = LINE ( 'NONE', #533, #1211 ) ;
#3600 =( NAMED_UNIT ( * ) SI_UNIT ( $, .STERADIAN. ) SOLID_ANGLE_UNIT ( ) );
#3602 = FILL_AREA_STYLE ('',( #4335 ) ) ;
#3601 = UNCERTAINTY_MEASURE_WITH_UNIT (LENGTH_MEASURE( 1.000000000000000082E-05 ), #961, 'distance_accuracy_value', 'NONE');
#3603 = LINE ( 'NONE', #1618, #3556 ) ;
#3604 = FILL_AREA_STYLE ('',( #3588 ) ) ;
#3605 = ORIENTED_EDGE ( 'NONE', *, *, #1788, .F. ) ;
#3606 = DIRECTION ( 'NONE',  ( -0.2588190451025213501, -0.9659258262890680902, 0.000000000000000000 ) ) ;
#3607 = AXIS2_PLACEMENT_3D ( 'NONE', #4293, #1969, #4313 ) ;
#3608 = DIRECTION ( 'NONE',  ( -0.9659258262890680902, 0.2588190451025216277, 0.000000000000000000 ) ) ;
#3609 = SURFACE_STYLE_FILL_AREA ( #1845 ) ;
#3610 = EDGE_CURVE ( 'NONE', #4434, #1178, #2780, .T. ) ;
#3611 = PRESENTATION_LAYER_ASSIGNMENT (  '', '', ( #538 ) ) ;
#3612 = VECTOR ( 'NONE', #356, 1000.000000000000000 ) ;
#3613 = CARTESIAN_POINT ( 'NONE',  ( 3.446534602404207615, 1.049045040614163149, -1.649999999999999911 ) ) ;
#3614 = DIRECTION ( 'NONE',  ( 0.000000000000000000, 1.000000000000000000, 0.000000000000000000 ) ) ;
#3615 = AXIS2_PLACEMENT_3D ( 'NONE', #2300, #875, #552 ) ;
#3616 = ORIENTED_EDGE ( 'NONE', *, *, #3118, .F. ) ;
#3617 = PRESENTATION_LAYER_ASSIGNMENT (  '', '', ( #763 ) ) ;
#3618 = FILL_AREA_STYLE_COLOUR ( '', #2427 ) ;
#3619 = CARTESIAN_POINT ( 'NONE',  ( 0.000000000000000000, 3.100000000000000089, 0.000000000000000000 ) ) ;
#3620 = STYLED_ITEM ( 'NONE', ( #4272 ), #2009 ) ;
#3621 = CIRCLE ( 'NONE', #1705, 0.2000000000000000944 ) ;
#3622 = EDGE_CURVE ( 'NONE', #4291, #1830, #1099, .T. ) ;
#3623 = EDGE_CURVE ( 'NONE', #1248, #1671, #3149, .T. ) ;
#3624 = DIRECTION ( 'NONE',  ( 0.000000000000000000, 1.000000000000000000, 0.000000000000000000 ) ) ;
#3625 = CARTESIAN_POINT ( 'NONE',  ( 1.858578643762687221, 2.799999999999999822, 3.024999999999999467 ) ) ;
#3626 = DIRECTION ( 'NONE',  ( -0.2588190451025216277, 0.9659258262890680902, 0.000000000000000000 ) ) ;
#3627 = CARTESIAN_POINT ( 'NONE',  ( 1.829289321881343078, 2.899999999999999911, -3.054289321881345831 ) ) ;
#3628 = AXIS2_PLACEMENT_3D ( 'NONE', #2285, #3292, #2605 ) ;
#3629 = EDGE_LOOP ( 'NONE', ( #49, #2894, #1160, #1011 ) ) ;
#3630 = PRESENTATION_STYLE_ASSIGNMENT (( #2231 ) ) ;
#3631 = AXIS2_PLACEMENT_3D ( 'NONE', #3505, #4129, #3157 ) ;
#3632 = COLOUR_RGB ( '',0.7529411764705882248, 0.7529411764705882248, 0.7529411764705882248 ) ;
#3633 = CARTESIAN_POINT ( 'NONE',  ( -3.817985654712924948, 0.2355115019043608482, -2.350000000000000089 ) ) ;
#3634 = LINE ( 'NONE', #3348, #1903 ) ;
#3635 = CIRCLE ( 'NONE', #421, 0.09999999999999982514 ) ;
#3636 = FILL_AREA_STYLE_COLOUR ( '', #1353 ) ;
#3637 = AXIS2_PLACEMENT_3D ( 'NONE', #4322, #3614, #553 ) ;
#3638 = EDGE_CURVE ( 'NONE', #1166, #3408, #1790, .T. ) ;
#3639 = MECHANICAL_DESIGN_GEOMETRIC_PRESENTATION_REPRESENTATION (  '', ( #642 ), #2424 ) ;
#3640 = VECTOR ( 'NONE', #3001, 1000.000000000000000 ) ;
#3641 =( NAMED_UNIT ( * ) SI_UNIT ( $, .STERADIAN. ) SOLID_ANGLE_UNIT ( ) );
#3642 =( LENGTH_UNIT ( ) NAMED_UNIT ( * ) SI_UNIT ( .MILLI., .METRE. ) );
#3643 = LINE ( 'NONE', #2253, #3988 ) ;
#3644 = EDGE_LOOP ( 'NONE', ( #3170, #473, #445, #741 ) ) ;
#3645 = PRESENTATION_LAYER_ASSIGNMENT (  '', '', ( #1919 ) ) ;
#3646 = CARTESIAN_POINT ( 'NONE',  ( 0.000000000000000000, 0.000000000000000000, -2.925000000000000266 ) ) ;
#3647 =( LENGTH_UNIT ( ) NAMED_UNIT ( * ) SI_UNIT ( .MILLI., .METRE. ) );
#3648 = EDGE_LOOP ( 'NONE', ( #3958, #993, #1214, #427 ) ) ;
#3649 = CARTESIAN_POINT ( 'NONE',  ( 3.446534602404207615, 0.8490450406141630824, -2.350000000000000089 ) ) ;
#3650 = CARTESIAN_POINT ( 'NONE',  ( 3.639719767662021432, 0.9008088496346673413, 1.649999999999999911 ) ) ;
#3651 = PRESENTATION_STYLE_ASSIGNMENT (( #989 ) ) ;
#3652 = EDGE_CURVE ( 'NONE', #2973, #1807, #2850, .T. ) ;
#3653 = VERTEX_POINT ( 'NONE', #2418 ) ;
#3654 = PRESENTATION_STYLE_ASSIGNMENT (( #1626 ) ) ;
#3655 = PRESENTATION_STYLE_ASSIGNMENT (( #3962 ) ) ;
#3656 = PRODUCT_DEFINITION ( 'UNKNOWN', '', #4252, #2449 ) ;
#3657 = LINE ( 'NONE', #319, #2182 ) ;
#3658 = DIRECTION ( 'NONE',  ( -1.387778780781445676E-16, 0.000000000000000000, -1.000000000000000000 ) ) ;
#3659 = SURFACE_SIDE_STYLE ('',( #4259 ) ) ;
#3660 = DIRECTION ( 'NONE',  ( 0.2588190451025213501, 0.9659258262890680902, 0.000000000000000000 ) ) ;
#3661 = VERTEX_POINT ( 'NONE', #382 ) ;
#3662 = DIRECTION ( 'NONE',  ( 0.9961946980917455452, -0.08715574274765837404, 0.000000000000000000 ) ) ;
#3663 = VERTEX_POINT ( 'NONE', #2061 ) ;
#3664 = CARTESIAN_POINT ( 'NONE',  ( 4.015172729109017347, 0.4692148276866966450, -2.350000000000000089 ) ) ;
#3665 = ADVANCED_FACE ( 'NONE', ( #3433 ), #2452, .F. ) ;
#3666 = LINE ( 'NONE', #1583, #2570 ) ;
#3667 = SURFACE_STYLE_FILL_AREA ( #1921 ) ;
#3668 = DIRECTION ( 'NONE',  ( -0.7071067811865483499, 0.000000000000000000, 0.7071067811865466846 ) ) ;
#3669 = UNCERTAINTY_MEASURE_WITH_UNIT (LENGTH_MEASURE( 1.000000000000000082E-05 ), #1784, 'distance_accuracy_value', 'NONE');
#3670 = DIRECTION ( 'NONE',  ( 0.000000000000000000, 0.000000000000000000, 1.000000000000000000 ) ) ;
#3671 = ORIENTED_EDGE ( 'NONE', *, *, #1261, .T. ) ;
#3672 =( NAMED_UNIT ( * ) SI_UNIT ( $, .STERADIAN. ) SOLID_ANGLE_UNIT ( ) );
#3673 = ORIENTED_EDGE ( 'NONE', *, *, #2345, .F. ) ;
#3674 = CARTESIAN_POINT ( 'NONE',  ( 1.858578643762688554, 2.899999999999999911, -3.025000000000001243 ) ) ;
#3675 = CARTESIAN_POINT ( 'NONE',  ( 4.208357894366830720, 0.5209786367072010149, -1.649999999999999911 ) ) ;
#3676 = LINE ( 'NONE', #610, #3407 ) ;
#3677 = CARTESIAN_POINT ( 'NONE',  ( -3.639099115508123816, 1.099999999999999867, 1.649999999999999911 ) ) ;
#3678 = EDGE_CURVE ( 'NONE', #1474, #1437, #2098, .T. ) ;
#3679 = DIRECTION ( 'NONE',  ( 1.000000000000000000, -0.000000000000000000, 0.000000000000000000 ) ) ;
#3680 = TOROIDAL_SURFACE ( 'NONE', #1758, 1.349999999999999867, 0.1000000000000000056 ) ;
#3681 = SURFACE_STYLE_FILL_AREA ( #2438 ) ;
#3682 = VERTEX_POINT ( 'NONE', #3795 ) ;
#3683 = CARTESIAN_POINT ( 'NONE',  ( 5.000000000000000000, 0.000000000000000000, 1.649999999999999911 ) ) ;
#3684 = TOROIDAL_SURFACE ( 'NONE', #4394, 0.2000000000000000111, 0.1000000000000000056 ) ;
#3685 = MECHANICAL_DESIGN_GEOMETRIC_PRESENTATION_REPRESENTATION (  '', ( #831 ), #1760 ) ;
#3686 = ADVANCED_FACE ( 'NONE', ( #362 ), #2082, .T. ) ;
#3687 = CYLINDRICAL_SURFACE ( 'NONE', #753, 0.1999999999999996503 ) ;
#3688 = PLANE ( 'NONE',  #3059 ) ;
#3689 = ORIENTED_EDGE ( 'NONE', *, *, #2238, .T. ) ;
#3690 = PRESENTATION_LAYER_ASSIGNMENT (  '', '', ( #1834 ) ) ;
#3691 = VERTEX_POINT ( 'NONE', #1753 ) ;
#3692 = CARTESIAN_POINT ( 'NONE',  ( -3.099999999999999645, 2.799999999999999822, 2.925000000000000266 ) ) ;
#3693 = CIRCLE ( 'NONE', #542, 0.2000000000000000944 ) ;
#3694 =( NAMED_UNIT ( * ) SI_UNIT ( $, .STERADIAN. ) SOLID_ANGLE_UNIT ( ) );
#3695 = CARTESIAN_POINT ( 'NONE',  ( -3.099999999999999645, 1.049045040614163149, -1.649999999999999911 ) ) ;
#3696 = VERTEX_POINT ( 'NONE', #3094 ) ;
#3697 = CARTESIAN_POINT ( 'NONE',  ( 2.141421356237305229, 2.799999999999999822, 3.025000000000000799 ) ) ;
#3698 = COLOUR_RGB ( '',0.7529411764705882248, 0.7529411764705882248, 0.7529411764705882248 ) ;
#3699 = ORIENTED_EDGE ( 'NONE', *, *, #947, .F. ) ;
#3700 = SURFACE_STYLE_FILL_AREA ( #1927 ) ;
#3701 =( GEOMETRIC_REPRESENTATION_CONTEXT ( 3 ) GLOBAL_UNCERTAINTY_ASSIGNED_CONTEXT ( ( #1818 ) ) GLOBAL_UNIT_ASSIGNED_CONTEXT ( ( #3511, #1151, #2503 ) ) REPRESENTATION_CONTEXT ( 'NONE', 'WORKASPACE' ) );
#3702 = CARTESIAN_POINT ( 'NONE',  ( -2.070710678118653725, 0.000000000000000000, 2.954289321881344854 ) ) ;
#3703 = SURFACE_STYLE_FILL_AREA ( #2375 ) ;
#3704 = AXIS2_PLACEMENT_3D ( 'NONE', #235, #1985, #1580 ) ;
#3705 = STYLED_ITEM ( 'NONE', ( #3802 ), #2502 ) ;
#3706 = LINE ( 'NONE', #1609, #2542 ) ;
#3707 = STYLED_ITEM ( 'NONE', ( #1020 ), #3235 ) ;
#3708 = COLOUR_RGB ( '',0.7529411764705882248, 0.7529411764705882248, 0.7529411764705882248 ) ;
#3709 = DIRECTION ( 'NONE',  ( 1.000000000000000000, 0.000000000000000000, 0.000000000000000000 ) ) ;
#3710 = EDGE_CURVE ( 'NONE', #2688, #3444, #2059, .T. ) ;
#3711 = ORIENTED_EDGE ( 'NONE', *, *, #1957, .T. ) ;
#3712 = LINE ( 'NONE', #2592, #4062 ) ;
#3713 = CYLINDRICAL_SURFACE ( 'NONE', #4138, 0.09999999999999982514 ) ;
#3714 = DIRECTION ( 'NONE',  ( 1.000000000000000000, 0.000000000000000000, 0.000000000000000000 ) ) ;
#3715 = ORIENTED_EDGE ( 'NONE', *, *, #1993, .F. ) ;
#3716 = EDGE_CURVE ( 'NONE', #78, #1319, #2151, .T. ) ;
#3717 = CARTESIAN_POINT ( 'NONE',  ( 1.858578643762686999, 2.799999999999999822, 3.124999999999999112 ) ) ;
#3718 = EDGE_LOOP ( 'NONE', ( #3470, #3689, #3826 ) ) ;
#3719 = CARTESIAN_POINT ( 'NONE',  ( 2.512499999999996181, 2.899999999999999911, 2.512500000000001510 ) ) ;
#3720 = DIRECTION ( 'NONE',  ( 0.000000000000000000, 1.000000000000000000, 0.000000000000000000 ) ) ;
#3721 = CARTESIAN_POINT ( 'NONE',  ( -4.011170819970738322, 0.2872753109248650794, 2.350000000000000089 ) ) ;
#3722 = EDGE_CURVE ( 'NONE', #3653, #512, #2706, .T. ) ;
#3723 = DIRECTION ( 'NONE',  ( -0.7071067811865483499, 0.000000000000000000, -0.7071067811865466846 ) ) ;
#3724 = SURFACE_STYLE_USAGE ( .BOTH. , #2956 ) ;
#3725 = DIRECTION ( 'NONE',  ( 0.000000000000000000, 0.000000000000000000, -1.000000000000000000 ) ) ;
#3726 = DIRECTION ( 'NONE',  ( 1.000000000000000000, -0.000000000000000000, 0.000000000000000000 ) ) ;
#3727 = ORIENTED_EDGE ( 'NONE', *, *, #1406, .F. ) ;
#3728 = UNCERTAINTY_MEASURE_WITH_UNIT (LENGTH_MEASURE( 1.000000000000000082E-05 ), #3256, 'distance_accuracy_value', 'NONE');
#3729 = ORIENTED_EDGE ( 'NONE', *, *, #3382, .T. ) ;
#3731 = EDGE_CURVE ( 'NONE', #1877, #3998, #4228, .T. ) ;
#3730 = CARTESIAN_POINT ( 'NONE',  ( 4.190926745817298738, 0.3217396970888517505, -2.350000000000000089 ) ) ;
#3732 = DIRECTION ( 'NONE',  ( 0.000000000000000000, 0.000000000000000000, 1.000000000000000000 ) ) ;
#3733 = PRESENTATION_STYLE_ASSIGNMENT (( #3403 ) ) ;
#3734 = CYLINDRICAL_SURFACE ( 'NONE', #713, 0.2000000000000000944 ) ;
#3735 = EDGE_LOOP ( 'NONE', ( #1863, #1854, #2539, #338 ) ) ;
#3736 = LINE ( 'NONE', #677, #2258 ) ;
#3737 = ORIENTED_EDGE ( 'NONE', *, *, #2859, .T. ) ;
#3738 = DIRECTION ( 'NONE',  ( -1.000000000000000000, 0.000000000000000000, 0.000000000000000000 ) ) ;
#3739 = PLANE ( 'NONE',  #4303 ) ;
#3740 = DIRECTION ( 'NONE',  ( 0.9961946980917455452, -0.08715574274765831853, 0.000000000000000000 ) ) ;
#3741 = DIRECTION ( 'NONE',  ( 0.000000000000000000, 0.000000000000000000, -1.000000000000000000 ) ) ;
#3742 = FILL_AREA_STYLE ('',( #3027 ) ) ;
#3743 = SURFACE_STYLE_USAGE ( .BOTH. , #1062 ) ;
#3744 = CARTESIAN_POINT ( 'NONE',  ( -3.832284280765937634, 1.151763809020504237, 2.350000000000000089 ) ) ;
#3745 = PRESENTATION_LAYER_ASSIGNMENT (  '', '', ( #1260 ) ) ;
#3746 = LINE ( 'NONE', #2091, #611 ) ;
#3747 = FILL_AREA_STYLE ('',( #326 ) ) ;
#3748 = ORIENTED_EDGE ( 'NONE', *, *, #1676, .F. ) ;
#3749 = COLOUR_RGB ( '',0.7529411764705882248, 0.7529411764705882248, 0.7529411764705882248 ) ;
#3750 = VECTOR ( 'NONE', #2141, 1000.000000000000000 ) ;
#3751 = EDGE_LOOP ( 'NONE', ( #1678, #3845, #2132 ) ) ;
#3753 =( GEOMETRIC_REPRESENTATION_CONTEXT ( 3 ) GLOBAL_UNCERTAINTY_ASSIGNED_CONTEXT ( ( #4024 ) ) GLOBAL_UNIT_ASSIGNED_CONTEXT ( ( #483, #1926, #3221 ) ) REPRESENTATION_CONTEXT ( 'NONE', 'WORKASPACE' ) );
#3752 = CARTESIAN_POINT ( 'NONE',  ( 1.999999999999995781, 2.799999999999999822, 2.883578643762691129 ) ) ;
#3754 = DIRECTION ( 'NONE',  ( 2.168404344971012812E-15, 0.000000000000000000, -1.000000000000000000 ) ) ;
#3755 = DIRECTION ( 'NONE',  ( -1.000000000000000000, 1.084202172485503842E-15, 0.000000000000000000 ) ) ;
#3756 = AXIS2_PLACEMENT_3D ( 'NONE', #1252, #3463, #3285 ) ;
#3758 = EDGE_CURVE ( 'NONE', #3501, #1797, #4134, .T. ) ;
#3757 = AXIS2_PLACEMENT_3D ( 'NONE', #2124, #3164, #3143 ) ;
#3759 = CIRCLE ( 'NONE', #1204, 0.2000000000000000944 ) ;
#3760 = ORIENTED_EDGE ( 'NONE', *, *, #141, .F. ) ;
#3761 =( LENGTH_UNIT ( ) NAMED_UNIT ( * ) SI_UNIT ( .MILLI., .METRE. ) );
#3762 = FILL_AREA_STYLE ('',( #1694 ) ) ;
#3763 = CARTESIAN_POINT ( 'NONE',  ( -4.011170819970738322, 0.2872753109248650794, 2.350000000000000089 ) ) ;
#3764 =( LENGTH_UNIT ( ) NAMED_UNIT ( * ) SI_UNIT ( .MILLI., .METRE. ) );
#3765 = AXIS2_PLACEMENT_3D ( 'NONE', #3519, #453, #2869 ) ;
#3766 = EDGE_LOOP ( 'NONE', ( #3567, #676, #3270, #3012 ) ) ;
#3767 = CARTESIAN_POINT ( 'NONE',  ( -2.512499999999997513, 2.799999999999999822, -2.512500000000002842 ) ) ;
#3768 = AXIS2_PLACEMENT_3D ( 'NONE', #3436, #3454, #2822 ) ;
#3769 = FACE_OUTER_BOUND ( 'NONE', #655, .T. ) ;
#3770 = FILL_AREA_STYLE_COLOUR ( '', #3564 ) ;
#3771 = AXIS2_PLACEMENT_3D ( 'NONE', #4432, #3780, #34 ) ;
#3772 = VECTOR ( 'NONE', #1965, 1000.000000000000000 ) ;
#3773 = SURFACE_STYLE_USAGE ( .BOTH. , #4114 ) ;
#3774 = FILL_AREA_STYLE ('',( #1050 ) ) ;
#3775 = CIRCLE ( 'NONE', #3289, 0.1000000000000001443 ) ;
#3776 = VECTOR ( 'NONE', #2574, 1000.000000000000000 ) ;
#3777 = PRESENTATION_STYLE_ASSIGNMENT (( #2732 ) ) ;
#3778 = CARTESIAN_POINT ( 'NONE',  ( 4.190926745817298738, 0.3217396970888517505, 2.350000000000000089 ) ) ;
#3779 = ORIENTED_EDGE ( 'NONE', *, *, #1860, .T. ) ;
#3780 = DIRECTION ( 'NONE',  ( -0.7071067811865466846, 0.000000000000000000, 0.7071067811865483499 ) ) ;
#3781 = SURFACE_SIDE_STYLE ('',( #383 ) ) ;
#3782 = DIRECTION ( 'NONE',  ( -0.7071067811865483499, -0.000000000000000000, -0.7071067811865466846 ) ) ;
#3783 = EDGE_CURVE ( 'NONE', #2569, #3661, #499, .T. ) ;
#3784 = ORIENTED_EDGE ( 'NONE', *, *, #4008, .T. ) ;
#3785 =( NAMED_UNIT ( * ) SI_UNIT ( $, .STERADIAN. ) SOLID_ANGLE_UNIT ( ) );
#3786 = CARTESIAN_POINT ( 'NONE',  ( 3.639099115508123816, 1.099999999999999867, 1.649999999999999911 ) ) ;
#3787 = SURFACE_STYLE_USAGE ( .BOTH. , #2046 ) ;
#3788 = DIRECTION ( 'NONE',  ( -1.000000000000000000, 0.000000000000000000, 0.000000000000000000 ) ) ;
#3789 = ORIENTED_EDGE ( 'NONE', *, *, #4176, .T. ) ;
#3790 = DIRECTION ( 'NONE',  ( 0.7071067811865475727, 0.000000000000000000, -0.7071067811865475727 ) ) ;
#3791 = DIRECTION ( 'NONE',  ( -0.000000000000000000, -0.000000000000000000, -1.000000000000000000 ) ) ;
#3792 = CARTESIAN_POINT ( 'NONE',  ( 3.599999999999999645, 1.049045040614163149, 2.350000000000000089 ) ) ;
#3793 =( NAMED_UNIT ( * ) SI_UNIT ( $, .STERADIAN. ) SOLID_ANGLE_UNIT ( ) );
#3794 = ORIENTED_EDGE ( 'NONE', *, *, #4338, .T. ) ;
#3795 = CARTESIAN_POINT ( 'NONE',  ( -2.141421356237308338, 2.899999999999999911, 2.825000000000000178 ) ) ;
#3796 = DIRECTION ( 'NONE',  ( 0.000000000000000000, 0.000000000000000000, 1.000000000000000000 ) ) ;
#3797 =( NAMED_UNIT ( * ) SI_UNIT ( $, .STERADIAN. ) SOLID_ANGLE_UNIT ( ) );
#3798 = EDGE_LOOP ( 'NONE', ( #1307, #2026, #4125, #887, #4193, #3252, #1737, #729, #3388, #1324, #4021, #3293 ) ) ;
#3799 = DIRECTION ( 'NONE',  ( -0.000000000000000000, -0.000000000000000000, -1.000000000000000000 ) ) ;
#3800 = ADVANCED_FACE ( 'NONE', ( #1556 ), #834, .F. ) ;
#3801 = DIRECTION ( 'NONE',  ( -0.000000000000000000, -0.000000000000000000, 1.000000000000000000 ) ) ;
#3802 = PRESENTATION_STYLE_ASSIGNMENT (( #778 ) ) ;
#3803 = DIRECTION ( 'NONE',  ( -0.000000000000000000, 1.000000000000000000, -0.000000000000000000 ) ) ;
#3804 = ORIENTED_EDGE ( 'NONE', *, *, #3458, .T. ) ;
#3805 = VECTOR ( 'NONE', #2931, 1000.000000000000000 ) ;
#3806 = ORIENTED_EDGE ( 'NONE', *, *, #2556, .F. ) ;
#3807 = DIRECTION ( 'NONE',  ( -1.000000000000000000, 0.000000000000000000, -0.000000000000000000 ) ) ;
#3808 = PRESENTATION_STYLE_ASSIGNMENT (( #1209 ) ) ;
#3809 = PLANE ( 'NONE',  #3127 ) ;
#3810 = ORIENTED_EDGE ( 'NONE', *, *, #1478, .T. ) ;
#3811 = MECHANICAL_DESIGN_GEOMETRIC_PRESENTATION_REPRESENTATION (  '', ( #1547 ), #3110 ) ;
#3812 =( NAMED_UNIT ( * ) SI_UNIT ( $, .STERADIAN. ) SOLID_ANGLE_UNIT ( ) );
#3813 = CARTESIAN_POINT ( 'NONE',  ( 5.000000000000000000, 0.2509549593858368954, 1.649999999999999911 ) ) ;
#3814 = AXIS2_PLACEMENT_3D ( 'NONE', #1313, #3315, #3342 ) ;
#3815 = ORIENTED_EDGE ( 'NONE', *, *, #2757, .F. ) ;
#3816 = AXIS2_PLACEMENT_3D ( 'NONE', #848, #3527, #823 ) ;
#3817 = CARTESIAN_POINT ( 'NONE',  ( -4.371782953570583127E-16, 2.899999999999999911, -3.125000000000000444 ) ) ;
#3818 = FILL_AREA_STYLE ('',( #4104 ) ) ;
#3819 = CYLINDRICAL_SURFACE ( 'NONE', #3768, 0.09999999999999982514 ) ;
#3820 = CIRCLE ( 'NONE', #2461, 0.1000000000000001443 ) ;
#3821 = ORIENTED_EDGE ( 'NONE', *, *, #65, .F. ) ;
#3822 = CARTESIAN_POINT ( 'NONE',  ( 2.070710678118650616, 2.799999999999999822, 2.954289321881345742 ) ) ;
#3823 = AXIS2_PLACEMENT_3D ( 'NONE', #1907, #2211, #1567 ) ;
#3824 = AXIS2_PLACEMENT_3D ( 'NONE', #4314, #2953, #2316 ) ;
#3825 = DIRECTION ( 'NONE',  ( 0.000000000000000000, 0.000000000000000000, -1.000000000000000000 ) ) ;
#3826 = ORIENTED_EDGE ( 'NONE', *, *, #2090, .F. ) ;
#3827 = DIRECTION ( 'NONE',  ( 1.000000000000000000, 0.000000000000000000, 0.000000000000000000 ) ) ;
#3828 = CIRCLE ( 'NONE', #108, 1.449999999999999956 ) ;
#3829 = UNCERTAINTY_MEASURE_WITH_UNIT (LENGTH_MEASURE( 1.000000000000000082E-05 ), #2722, 'distance_accuracy_value', 'NONE');
#3830 = CARTESIAN_POINT ( 'NONE',  ( 1.858578643762686999, 2.799999999999999822, 3.024999999999999467 ) ) ;
#3831 = UNCERTAINTY_MEASURE_WITH_UNIT (LENGTH_MEASURE( 1.000000000000000082E-05 ), #1008, 'distance_accuracy_value', 'NONE');
#3832 =( NAMED_UNIT ( * ) SI_UNIT ( $, .STERADIAN. ) SOLID_ANGLE_UNIT ( ) );
#3833 =( GEOMETRIC_REPRESENTATION_CONTEXT ( 3 ) GLOBAL_UNCERTAINTY_ASSIGNED_CONTEXT ( ( #3514 ) ) GLOBAL_UNIT_ASSIGNED_CONTEXT ( ( #378, #3109, #653 ) ) REPRESENTATION_CONTEXT ( 'NONE', 'WORKASPACE' ) );
#3834 = ORIENTED_EDGE ( 'NONE', *, *, #2831, .F. ) ;
#3835 = ADVANCED_FACE ( 'NONE', ( #1487 ), #1529, .F. ) ;
#3836 = LINE ( 'NONE', #3509, #2134 ) ;
#3837 = VERTEX_POINT ( 'NONE', #3497 ) ;
#3838 = CIRCLE ( 'NONE', #116, 0.2000000000000000944 ) ;
#3839 = DIRECTION ( 'NONE',  ( 0.000000000000000000, 0.000000000000000000, 1.000000000000000000 ) ) ;
#3840 = FACE_OUTER_BOUND ( 'NONE', #929, .T. ) ;
#3841 = ORIENTED_EDGE ( 'NONE', *, *, #69, .T. ) ;
#3842 = SURFACE_STYLE_USAGE ( .BOTH. , #2472 ) ;
#3843 = VECTOR ( 'NONE', #2394, 1000.000000000000000 ) ;
#3844 = FACE_OUTER_BOUND ( 'NONE', #3413, .T. ) ;
#3845 = ORIENTED_EDGE ( 'NONE', *, *, #2939, .T. ) ;
#3846 = AXIS2_PLACEMENT_3D ( 'NONE', #1350, #692, #2094 ) ;
#3847 = MECHANICAL_DESIGN_GEOMETRIC_PRESENTATION_REPRESENTATION (  '', ( #127 ), #2138 ) ;
#3848 =( NAMED_UNIT ( * ) PLANE_ANGLE_UNIT ( ) SI_UNIT ( $, .RADIAN. ) );
#3849 =( LENGTH_UNIT ( ) NAMED_UNIT ( * ) SI_UNIT ( .MILLI., .METRE. ) );
#3850 = FILL_AREA_STYLE_COLOUR ( '', #36 ) ;
#3851 =( NAMED_UNIT ( * ) SI_UNIT ( $, .STERADIAN. ) SOLID_ANGLE_UNIT ( ) );
#3852 = EDGE_CURVE ( 'NONE', #373, #1533, #53, .T. ) ;
#3853 = EDGE_LOOP ( 'NONE', ( #1102, #649 ) ) ;
#3854 = COLOUR_RGB ( '',0.7529411764705882248, 0.7529411764705882248, 0.7529411764705882248 ) ;
#3855 = SURFACE_STYLE_USAGE ( .BOTH. , #3155 ) ;
#3856 =( LENGTH_UNIT ( ) NAMED_UNIT ( * ) SI_UNIT ( .MILLI., .METRE. ) );
#3857 = ORIENTED_EDGE ( 'NONE', *, *, #423, .F. ) ;
#3858 = CARTESIAN_POINT ( 'NONE',  ( -2.441789321881342900, 2.899999999999999911, -2.441789321881348673 ) ) ;
#3859 = ORIENTED_EDGE ( 'NONE', *, *, #1553, .F. ) ;
#3860 = ORIENTED_EDGE ( 'NONE', *, *, #1085, .F. ) ;
#3861 = FACE_OUTER_BOUND ( 'NONE', #4073, .T. ) ;
#3862 = VERTEX_POINT ( 'NONE', #3650 ) ;
#3863 = PLANE ( 'NONE',  #3704 ) ;
#3864 = UNCERTAINTY_MEASURE_WITH_UNIT (LENGTH_MEASURE( 1.000000000000000082E-05 ), #4084, 'distance_accuracy_value', 'NONE');
#3865 = DIRECTION ( 'NONE',  ( 0.9961946980917455452, 0.08715574274765831853, 0.000000000000000000 ) ) ;
#3866 = EDGE_CURVE ( 'NONE', #529, #2081, #4306, .T. ) ;
#3867 = EDGE_CURVE ( 'NONE', #3889, #1392, #3666, .T. ) ;
#3868 = ORIENTED_EDGE ( 'NONE', *, *, #2725, .T. ) ;
#3869 = SURFACE_STYLE_FILL_AREA ( #1839 ) ;
#3870 = DIRECTION ( 'NONE',  ( -0.000000000000000000, -1.000000000000000000, 0.000000000000000000 ) ) ;
#3871 = SURFACE_SIDE_STYLE ('',( #837 ) ) ;
#3872 = ORIENTED_EDGE ( 'NONE', *, *, #1125, .F. ) ;
#3873 = CARTESIAN_POINT ( 'NONE',  ( 4.231885899056324029E-16, 2.799999999999999822, 3.024999999999999911 ) ) ;
#3874 = DIRECTION ( 'NONE',  ( 1.000000000000000000, 0.000000000000000000, 0.000000000000000000 ) ) ;
#3875 = ADVANCED_FACE ( 'NONE', ( #4334 ), #3978, .T. ) ;
#3876 = DIRECTION ( 'NONE',  ( 0.000000000000000000, 0.000000000000000000, 1.000000000000000000 ) ) ;
#3877 = VERTEX_POINT ( 'NONE', #898 ) ;
#3878 = LINE ( 'NONE', #3531, #4270 ) ;
#3879 = VERTEX_POINT ( 'NONE', #562 ) ;
#3880 = VERTEX_POINT ( 'NONE', #3954 ) ;
#3881 = MECHANICAL_DESIGN_GEOMETRIC_PRESENTATION_REPRESENTATION (  '', ( #1612 ), #237 ) ;
#3882 = FACE_OUTER_BOUND ( 'NONE', #3766, .T. ) ;
#3883 = CARTESIAN_POINT ( 'NONE',  ( -3.000000000000000444, 2.799999999999999822, -2.825000000000000178 ) ) ;
#3884 = ORIENTED_EDGE ( 'NONE', *, *, #4436, .T. ) ;
#3885 = DIRECTION ( 'NONE',  ( 0.000000000000000000, 1.000000000000000000, -0.000000000000000000 ) ) ;
#3886 =( LENGTH_UNIT ( ) NAMED_UNIT ( * ) SI_UNIT ( .MILLI., .METRE. ) );
#3887 = AXIS2_PLACEMENT_3D ( 'NONE', #1157, #1197, #3167 ) ;
#3888 = EDGE_CURVE ( 'NONE', #2569, #2688, #2996, .T. ) ;
#3889 = VERTEX_POINT ( 'NONE', #2262 ) ;
#3890 = CARTESIAN_POINT ( 'NONE',  ( 2.100000000000000089, 2.799999999999999822, -2.924999999999999378 ) ) ;
#3891 = COLOUR_RGB ( '',0.7529411764705882248, 0.7529411764705882248, 0.7529411764705882248 ) ;
#3892 = FILL_AREA_STYLE ('',( #2136 ) ) ;
#3893 = CIRCLE ( 'NONE', #3474, 0.1999999999999996503 ) ;
#3894 = PRESENTATION_LAYER_ASSIGNMENT (  '', '', ( #2967 ) ) ;
#3895 = FILL_AREA_STYLE ('',( #3636 ) ) ;
#3896 =( GEOMETRIC_REPRESENTATION_CONTEXT ( 3 ) GLOBAL_UNCERTAINTY_ASSIGNED_CONTEXT ( ( #4188 ) ) GLOBAL_UNIT_ASSIGNED_CONTEXT ( ( #41, #2157, #486 ) ) REPRESENTATION_CONTEXT ( 'NONE', 'WORKASPACE' ) );
#3897 = DIRECTION ( 'NONE',  ( 0.000000000000000000, 0.000000000000000000, 1.000000000000000000 ) ) ;
#3898 = SURFACE_STYLE_USAGE ( .BOTH. , #3507 ) ;
#3899 = VERTEX_POINT ( 'NONE', #3311 ) ;
#3900 = FACE_OUTER_BOUND ( 'NONE', #1778, .T. ) ;
#3901 = ADVANCED_FACE ( 'NONE', ( #2998 ), #921, .F. ) ;
#3902 = ORIENTED_EDGE ( 'NONE', *, *, #1366, .F. ) ;
#3903 = CIRCLE ( 'NONE', #1972, 0.09999999999999982514 ) ;
#3904 = AXIS2_PLACEMENT_3D ( 'NONE', #3464, #4116, #2432 ) ;
#3905 = SURFACE_SIDE_STYLE ('',( #2838 ) ) ;
#3906 = ORIENTED_EDGE ( 'NONE', *, *, #4436, .F. ) ;
#3907 = FILL_AREA_STYLE_COLOUR ( '', #341 ) ;
#3908 = CIRCLE ( 'NONE', #1979, 0.09999999999999982514 ) ;
#3909 = MECHANICAL_DESIGN_GEOMETRIC_PRESENTATION_REPRESENTATION (  '', ( #2701 ), #1714 ) ;
#3910 = SURFACE_SIDE_STYLE ('',( #3869 ) ) ;
#3912 = SURFACE_STYLE_USAGE ( .BOTH. , #2173 ) ;
#3911 = UNCERTAINTY_MEASURE_WITH_UNIT (LENGTH_MEASURE( 1.000000000000000082E-05 ), #145, 'distance_accuracy_value', 'NONE');
#3913 = VECTOR ( 'NONE', #4300, 1000.000000000000000 ) ;
#3914 =( GEOMETRIC_REPRESENTATION_CONTEXT ( 3 ) GLOBAL_UNCERTAINTY_ASSIGNED_CONTEXT ( ( #4095 ) ) GLOBAL_UNIT_ASSIGNED_CONTEXT ( ( #3246, #253, #574 ) ) REPRESENTATION_CONTEXT ( 'NONE', 'WORKASPACE' ) );
#3915 = SURFACE_STYLE_USAGE ( .BOTH. , #2550 ) ;
#3916 = DIRECTION ( 'NONE',  ( 1.000000000000000000, 0.000000000000000000, 0.000000000000000000 ) ) ;
#3917 = ORIENTED_EDGE ( 'NONE', *, *, #934, .F. ) ;
#3918 = LINE ( 'NONE', #1994, #4318 ) ;
#3919 = COLOUR_RGB ( '',0.7529411764705882248, 0.7529411764705882248, 0.7529411764705882248 ) ;
#3920 = CIRCLE ( 'NONE', #4070, 0.09999999999999982514 ) ;
#3921 = FILL_AREA_STYLE_COLOUR ( '', #3919 ) ;
#3922 = ADVANCED_FACE ( 'NONE', ( #2971 ), #2327, .T. ) ;
#3923 = DIRECTION ( 'NONE',  ( 0.000000000000000000, -1.000000000000000000, 0.000000000000000000 ) ) ;
#3924 = SURFACE_SIDE_STYLE ('',( #2597 ) ) ;
#3925 = AXIS2_PLACEMENT_3D ( 'NONE', #4167, #2520, #446 ) ;
#3926 = EDGE_CURVE ( 'NONE', #2219, #435, #3775, .T. ) ;
#3927 = EDGE_CURVE ( 'NONE', #1837, #4225, #3993, .T. ) ;
#3928 = DIRECTION ( 'NONE',  ( -1.387778780781445676E-16, 0.000000000000000000, -1.000000000000000000 ) ) ;
#3929 = CARTESIAN_POINT ( 'NONE',  ( -4.015172729109017347, 0.4692148276866966450, -1.650000000000000133 ) ) ;
#3930 = LINE ( 'NONE', #526, #2851 ) ;
#3931 = ORIENTED_EDGE ( 'NONE', *, *, #2177, .F. ) ;
#3932 = ORIENTED_EDGE ( 'NONE', *, *, #3278, .T. ) ;
#3933 =( LENGTH_UNIT ( ) NAMED_UNIT ( * ) SI_UNIT ( .MILLI., .METRE. ) );
#3934 = DIRECTION ( 'NONE',  ( 1.000000000000000000, 0.000000000000000000, 8.673617379884035472E-16 ) ) ;
#3935 = DIRECTION ( 'NONE',  ( 0.9659258262890680902, -0.2588190451025216277, 0.000000000000000000 ) ) ;
#3936 = SURFACE_STYLE_USAGE ( .BOTH. , #599 ) ;
#3937 =( NAMED_UNIT ( * ) SI_UNIT ( $, .STERADIAN. ) SOLID_ANGLE_UNIT ( ) );
#3938 = ORIENTED_EDGE ( 'NONE', *, *, #3622, .F. ) ;
#3939 = SURFACE_STYLE_FILL_AREA ( #1161 ) ;
#3940 = SURFACE_STYLE_FILL_AREA ( #2915 ) ;
#3941 = FILL_AREA_STYLE_COLOUR ( '', #2196 ) ;
#3942 = DIRECTION ( 'NONE',  ( 0.7071067811865466846, 0.000000000000000000, -0.7071067811865483499 ) ) ;
#3943 = ORIENTED_EDGE ( 'NONE', *, *, #2274, .F. ) ;
#3944 =( NAMED_UNIT ( * ) SI_UNIT ( $, .STERADIAN. ) SOLID_ANGLE_UNIT ( ) );
#3945 =( NAMED_UNIT ( * ) SI_UNIT ( $, .STERADIAN. ) SOLID_ANGLE_UNIT ( ) );
#3946 = EDGE_CURVE ( 'NONE', #305, #4383, #2350, .T. ) ;
#3947 = EDGE_CURVE ( 'NONE', #21, #278, #1770, .T. ) ;
#3948 =( NAMED_UNIT ( * ) SI_UNIT ( $, .STERADIAN. ) SOLID_ANGLE_UNIT ( ) );
#3949 = COLOUR_RGB ( '',0.7529411764705882248, 0.7529411764705882248, 0.7529411764705882248 ) ;
#3950 = DIRECTION ( 'NONE',  ( 0.000000000000000000, 0.000000000000000000, -1.000000000000000000 ) ) ;
#3951 = ORIENTED_EDGE ( 'NONE', *, *, #2501, .T. ) ;
#3952 = SURFACE_STYLE_FILL_AREA ( #291 ) ;
#3953 = AXIS2_PLACEMENT_3D ( 'NONE', #2647, #3608, #3373 ) ;
#3954 = CARTESIAN_POINT ( 'NONE',  ( 1.929289321881341834, 2.799999999999999822, 3.095710678118654968 ) ) ;
#3955 =( LENGTH_UNIT ( ) NAMED_UNIT ( * ) SI_UNIT ( .MILLI., .METRE. ) );
#3956 = LINE ( 'NONE', #4362, #4422 ) ;
#3957 = UNCERTAINTY_MEASURE_WITH_UNIT (LENGTH_MEASURE( 1.000000000000000082E-05 ), #2237, 'distance_accuracy_value', 'NONE');
#3958 = ORIENTED_EDGE ( 'NONE', *, *, #3272, .F. ) ;
#3959 = EDGE_CURVE ( 'NONE', #3276, #1319, #1361, .T. ) ;
#3960 = CARTESIAN_POINT ( 'NONE',  ( -3.854231063995529727, 0.1002417929205512842, 2.350000000000000089 ) ) ;
#3961 = PRESENTATION_LAYER_ASSIGNMENT (  '', '', ( #1465 ) ) ;
#3962 = SURFACE_STYLE_USAGE ( .BOTH. , #608 ) ;
#3963 = AXIS2_PLACEMENT_3D ( 'NONE', #3677, #1015, #303 ) ;
#3964 = FACE_OUTER_BOUND ( 'NONE', #368, .T. ) ;
#3965 = MECHANICAL_DESIGN_GEOMETRIC_PRESENTATION_REPRESENTATION (  '', ( #2107 ), #2254 ) ;
#3966 = MECHANICAL_DESIGN_GEOMETRIC_PRESENTATION_REPRESENTATION (  '', ( #249 ), #3261 ) ;
#3967 = CIRCLE ( 'NONE', #324, 0.09999999999999982514 ) ;
#3968 = CARTESIAN_POINT ( 'NONE',  ( -4.190926745817298738, 0.3217396970888517505, -1.649999999999999911 ) ) ;
#3969 = DIRECTION ( 'NONE',  ( -0.000000000000000000, -0.000000000000000000, -1.000000000000000000 ) ) ;
#3970 = LINE ( 'NONE', #893, #3913 ) ;
#3971 = SURFACE_STYLE_USAGE ( .BOTH. , #3248 ) ;
#3972 = VECTOR ( 'NONE', #968, 1000.000000000000000 ) ;
#3973 = PRESENTATION_LAYER_ASSIGNMENT (  '', '', ( #3269 ) ) ;
#3974 = EDGE_CURVE ( 'NONE', #2644, #4159, #4421, .T. ) ;
#3975 = SURFACE_STYLE_FILL_AREA ( #4020 ) ;
#3976 = ORIENTED_EDGE ( 'NONE', *, *, #462, .F. ) ;
#3977 = PRESENTATION_LAYER_ASSIGNMENT (  '', '', ( #3347 ) ) ;
#3978 = CYLINDRICAL_SURFACE ( 'NONE', #4278, 0.09999999999999982514 ) ;
#3979 = DIRECTION ( 'NONE',  ( 1.000000000000000000, 0.000000000000000000, -1.398970545142586541E-16 ) ) ;
#3980 = CARTESIAN_POINT ( 'NONE',  ( -1.858578643762688998, 2.799999999999999822, -3.025000000000000355 ) ) ;
#3981 =( NAMED_UNIT ( * ) PLANE_ANGLE_UNIT ( ) SI_UNIT ( $, .RADIAN. ) );
#3982 =( GEOMETRIC_REPRESENTATION_CONTEXT ( 3 ) GLOBAL_UNCERTAINTY_ASSIGNED_CONTEXT ( ( #2558 ) ) GLOBAL_UNIT_ASSIGNED_CONTEXT ( ( #2198, #1876, #4264 ) ) REPRESENTATION_CONTEXT ( 'NONE', 'WORKASPACE' ) );
#3983 = VECTOR ( 'NONE', #233, 1000.000000000000000 ) ;
#3984 = ORIENTED_EDGE ( 'NONE', *, *, #3134, .F. ) ;
#3985 = FACE_OUTER_BOUND ( 'NONE', #4243, .T. ) ;
#3986 = ORIENTED_EDGE ( 'NONE', *, *, #1939, .F. ) ;
#3987 =( GEOMETRIC_REPRESENTATION_CONTEXT ( 3 ) GLOBAL_UNCERTAINTY_ASSIGNED_CONTEXT ( ( #3177 ) ) GLOBAL_UNIT_ASSIGNED_CONTEXT ( ( #2381, #4400, #2049 ) ) REPRESENTATION_CONTEXT ( 'NONE', 'WORKASPACE' ) );
#3988 = VECTOR ( 'NONE', #3969, 1000.000000000000000 ) ;
#3989 = DIRECTION ( 'NONE',  ( -0.000000000000000000, -1.000000000000000000, -0.000000000000000000 ) ) ;
#3990 = CARTESIAN_POINT ( 'NONE',  ( 5.000000000000000000, 0.2509549593858368954, -2.350000000000000089 ) ) ;
#3991 = AXIS2_PLACEMENT_3D ( 'NONE', #3241, #432, #1454 ) ;
#3992 = COLOUR_RGB ( '',0.7529411764705882248, 0.7529411764705882248, 0.7529411764705882248 ) ;
#3993 = CIRCLE ( 'NONE', #1364, 0.09999999999999982514 ) ;
#3994 = AXIS2_PLACEMENT_3D ( 'NONE', #3649, #1938, #4001 ) ;
#3995 = DIRECTION ( 'NONE',  ( 0.000000000000000000, 0.000000000000000000, 1.000000000000000000 ) ) ;
#3996 = CARTESIAN_POINT ( 'NONE',  ( 3.446534602404207615, 0.8490450406141630824, 1.649999999999999911 ) ) ;
#3997 = DIRECTION ( 'NONE',  ( -1.000000000000000000, 0.000000000000000000, 0.000000000000000000 ) ) ;
#3998 = VERTEX_POINT ( 'NONE', #3730 ) ;
#3999 = SURFACE_SIDE_STYLE ('',( #595 ) ) ;
#4000 = ORIENTED_EDGE ( 'NONE', *, *, #2384, .T. ) ;
#4001 = DIRECTION ( 'NONE',  ( -1.000000000000000000, 0.000000000000000000, 0.000000000000000000 ) ) ;
#4002 = FILL_AREA_STYLE_COLOUR ( '', #3068 ) ;
#4003 = LINE ( 'NONE', #3792, #1414 ) ;
#4004 = DIRECTION ( 'NONE',  ( 0.000000000000000000, 0.000000000000000000, 1.000000000000000000 ) ) ;
#4005 = ORIENTED_EDGE ( 'NONE', *, *, #730, .T. ) ;
#4006 = DIRECTION ( 'NONE',  ( 0.000000000000000000, -1.000000000000000000, 0.000000000000000000 ) ) ;
#4007 = EDGE_CURVE ( 'NONE', #1377, #1116, #2067, .T. ) ;
#4008 = EDGE_CURVE ( 'NONE', #1127, #1116, #51, .T. ) ;
#4009 = ORIENTED_EDGE ( 'NONE', *, *, #4038, .F. ) ;
#4010 =( NAMED_UNIT ( * ) SI_UNIT ( $, .STERADIAN. ) SOLID_ANGLE_UNIT ( ) );
#4011 = DIRECTION ( 'NONE',  ( 0.000000000000000000, 0.000000000000000000, 1.000000000000000000 ) ) ;
#4012 = CARTESIAN_POINT ( 'NONE',  ( -3.639719767662021432, 0.9008088496346673413, 2.350000000000000089 ) ) ;
#4013 = CARTESIAN_POINT ( 'NONE',  ( 3.099999999999999645, 1.300000000000000044, -2.350000000000000089 ) ) ;
#4014 = CARTESIAN_POINT ( 'NONE',  ( -3.832284280765937634, 1.151763809020504237, 2.350000000000000089 ) ) ;
#4015 =( NAMED_UNIT ( * ) SI_UNIT ( $, .STERADIAN. ) SOLID_ANGLE_UNIT ( ) );
#4016 = LINE ( 'NONE', #1254, #2135 ) ;
#4017 = PRESENTATION_STYLE_ASSIGNMENT (( #2236 ) ) ;
#4018 = DIRECTION ( 'NONE',  ( 0.000000000000000000, 0.000000000000000000, 1.000000000000000000 ) ) ;
#4019 = CARTESIAN_POINT ( 'NONE',  ( 2.141421356237310114, 2.799999999999999822, -2.924999999999999378 ) ) ;
#4020 = FILL_AREA_STYLE ('',( #2240 ) ) ;
#4021 = ORIENTED_EDGE ( 'NONE', *, *, #3678, .T. ) ;
#4022 = AXIS2_PLACEMENT_3D ( 'NONE', #1362, #248, #4348 ) ;
#4023 =( LENGTH_UNIT ( ) NAMED_UNIT ( * ) SI_UNIT ( .MILLI., .METRE. ) );
#4024 = UNCERTAINTY_MEASURE_WITH_UNIT (LENGTH_MEASURE( 1.000000000000000082E-05 ), #483, 'distance_accuracy_value', 'NONE');
#4025 = DIRECTION ( 'NONE',  ( 0.000000000000000000, 0.000000000000000000, -1.000000000000000000 ) ) ;
#4026 = ORIENTED_EDGE ( 'NONE', *, *, #743, .T. ) ;
#4027 = CARTESIAN_POINT ( 'NONE',  ( 3.817985654712924948, 0.2355115019043608482, 2.350000000000000089 ) ) ;
#4028 = VERTEX_POINT ( 'NONE', #985 ) ;
#4029 = DIRECTION ( 'NONE',  ( 0.000000000000000000, 1.000000000000000000, 0.000000000000000000 ) ) ;
#4030 = DIRECTION ( 'NONE',  ( 1.000000000000000000, 0.000000000000000000, 0.000000000000000000 ) ) ;
#4031 = ADVANCED_FACE ( 'NONE', ( #1049 ), #3713, .T. ) ;
#4032 = DIRECTION ( 'NONE',  ( -1.000000000000000000, 0.000000000000000000, 1.398970545142586541E-16 ) ) ;
#4033 =( NAMED_UNIT ( * ) SI_UNIT ( $, .STERADIAN. ) SOLID_ANGLE_UNIT ( ) );
#4034 = CARTESIAN_POINT ( 'NONE',  ( 4.190926745817298738, 0.3217396970888517505, -1.650000000000000133 ) ) ;
#4035 = PRODUCT_CONTEXT ( 'NONE', #1476, 'mechanical' ) ;
#4036 = VECTOR ( 'NONE', #3456, 1000.000000000000000 ) ;
#4037 = CIRCLE ( 'NONE', #3467, 0.09999999999999982514 ) ;
#4038 = EDGE_CURVE ( 'NONE', #1958, #373, #2772, .T. ) ;
#4039 = ORIENTED_EDGE ( 'NONE', *, *, #3888, .F. ) ;
#4040 = DIRECTION ( 'NONE',  ( 0.000000000000000000, 0.000000000000000000, -1.000000000000000000 ) ) ;
#4041 = CIRCLE ( 'NONE', #2533, 0.09999999999999982514 ) ;
#4042 = DIRECTION ( 'NONE',  ( 0.000000000000000000, 0.000000000000000000, 1.000000000000000000 ) ) ;
#4043 = EDGE_CURVE ( 'NONE', #54, #4028, #1006, .T. ) ;
#4044 = VERTEX_POINT ( 'NONE', #1686 ) ;
#4045 = AXIS2_PLACEMENT_3D ( 'NONE', #4388, #2694, #3390 ) ;
#4046 = VERTEX_POINT ( 'NONE', #5 ) ;
#4047 =( LENGTH_UNIT ( ) NAMED_UNIT ( * ) SI_UNIT ( .MILLI., .METRE. ) );
#4048 = MECHANICAL_DESIGN_GEOMETRIC_PRESENTATION_REPRESENTATION (  '', ( #4117 ), #975 ) ;
#4049 = COLOUR_RGB ( '',0.7529411764705882248, 0.7529411764705882248, 0.7529411764705882248 ) ;
#4050 = MECHANICAL_DESIGN_GEOMETRIC_PRESENTATION_REPRESENTATION (  '', ( #3044 ), #3336 ) ;
#4051 = PRESENTATION_STYLE_ASSIGNMENT (( #1072 ) ) ;
#4052 = ADVANCED_FACE ( 'NONE', ( #332 ), #1709, .F. ) ;
#4053 = LINE ( 'NONE', #3020, #1568 ) ;
#4054 = VERTEX_POINT ( 'NONE', #2730 ) ;
#4055 = CARTESIAN_POINT ( 'NONE',  ( 0.000000000000000000, 3.000000000000000000, 0.000000000000000000 ) ) ;
#4056 = STYLED_ITEM ( 'NONE', ( #102 ), #1978 ) ;
#4057 = ORIENTED_EDGE ( 'NONE', *, *, #3322, .F. ) ;
#4058 = PRESENTATION_LAYER_ASSIGNMENT (  '', '', ( #2978 ) ) ;
#4059 = CARTESIAN_POINT ( 'NONE',  ( 3.639719767662021432, 0.9008088496346673413, 2.350000000000000089 ) ) ;
#4060 = CYLINDRICAL_SURFACE ( 'NONE', #4022, 0.09999999999999982514 ) ;
#4061 = COLOUR_RGB ( '',0.7529411764705882248, 0.7529411764705882248, 0.7529411764705882248 ) ;
#4062 = VECTOR ( 'NONE', #1892, 999.9999999999998863 ) ;
#4063 = MECHANICAL_DESIGN_GEOMETRIC_PRESENTATION_REPRESENTATION (  '', ( #3705 ), #2206 ) ;
#4064 = ADVANCED_FACE ( 'NONE', ( #4136 ), #4098, .T. ) ;
#4065 = DIRECTION ( 'NONE',  ( 1.000000000000000000, 0.000000000000000000, -1.387778780781445676E-16 ) ) ;
#4066 = VECTOR ( 'NONE', #1545, 1000.000000000000114 ) ;
#4067 = DIRECTION ( 'NONE',  ( -0.000000000000000000, -0.000000000000000000, 1.000000000000000000 ) ) ;
#4068 = ADVANCED_FACE ( 'NONE', ( #3861 ), #516, .F. ) ;
#4069 = ADVANCED_FACE ( 'NONE', ( #3882 ), #2814, .T. ) ;
#4070 = AXIS2_PLACEMENT_3D ( 'NONE', #899, #2264, #4004 ) ;
#4071 = DIRECTION ( 'NONE',  ( 0.000000000000000000, 0.000000000000000000, 1.000000000000000000 ) ) ;
#4072 = LINE ( 'NONE', #1447, #274 ) ;
#4073 = EDGE_LOOP ( 'NONE', ( #808, #2934, #147, #3868 ) ) ;
#4074 = ORIENTED_EDGE ( 'NONE', *, *, #1537, .T. ) ;
#4075 = PRESENTATION_STYLE_ASSIGNMENT (( #2705 ) ) ;
#4076 = VECTOR ( 'NONE', #3294, 1000.000000000000000 ) ;
#4077 = ORIENTED_EDGE ( 'NONE', *, *, #1642, .F. ) ;
#4078 = DIRECTION ( 'NONE',  ( 0.000000000000000000, -1.000000000000000000, -0.000000000000000000 ) ) ;
#4079 =( NAMED_UNIT ( * ) PLANE_ANGLE_UNIT ( ) SI_UNIT ( $, .RADIAN. ) );
#4080 = EDGE_LOOP ( 'NONE', ( #1171, #4026, #4206, #3065 ) ) ;
#4081 = FILL_AREA_STYLE_COLOUR ( '', #2192 ) ;
#4082 = DIRECTION ( 'NONE',  ( 0.000000000000000000, 1.000000000000000000, 0.000000000000000000 ) ) ;
#4083 = CARTESIAN_POINT ( 'NONE',  ( 3.446534602404207615, 0.8490450406141630824, 2.350000000000000089 ) ) ;
#4084 =( LENGTH_UNIT ( ) NAMED_UNIT ( * ) SI_UNIT ( .MILLI., .METRE. ) );
#4085 = CARTESIAN_POINT ( 'NONE',  ( 4.011170819970738322, 0.2872753109248650794, -2.350000000000000089 ) ) ;
#4086 =( LENGTH_UNIT ( ) NAMED_UNIT ( * ) SI_UNIT ( .MILLI., .METRE. ) );
#4087 = CARTESIAN_POINT ( 'NONE',  ( -3.832284280765937634, 1.151763809020504237, 1.649999999999999911 ) ) ;
#4088 = VERTEX_POINT ( 'NONE', #3582 ) ;
#4089 = CARTESIAN_POINT ( 'NONE',  ( -4.011170819970738322, 0.2872753109248650794, 1.649999999999999911 ) ) ;
#4090 = DIRECTION ( 'NONE',  ( 0.000000000000000000, 0.000000000000000000, -1.000000000000000000 ) ) ;
#4091 = FILL_AREA_STYLE_COLOUR ( '', #3632 ) ;
#4092 = EDGE_CURVE ( 'NONE', #510, #1824, #165, .T. ) ;
#4093 = EDGE_LOOP ( 'NONE', ( #1966, #1702, #3426 ) ) ;
#4094 = CYLINDRICAL_SURFACE ( 'NONE', #279, 0.09999999999999982514 ) ;
#4095 = UNCERTAINTY_MEASURE_WITH_UNIT (LENGTH_MEASURE( 1.000000000000000082E-05 ), #3246, 'distance_accuracy_value', 'NONE');
#4096 = ADVANCED_BREP_SHAPE_REPRESENTATION ( 'KSEK43G LFS - SMD Button', ( #2204, #179 ), #4178 ) ;
#4097 = ORIENTED_EDGE ( 'NONE', *, *, #423, .T. ) ;
#4098 = PLANE ( 'NONE',  #56 ) ;
#4099 = DIRECTION ( 'NONE',  ( 0.000000000000000000, -0.000000000000000000, 1.000000000000000000 ) ) ;
#4100 = FILL_AREA_STYLE ('',( #1776 ) ) ;
#4101 = ORIENTED_EDGE ( 'NONE', *, *, #2725, .F. ) ;
#4102 = FACE_OUTER_BOUND ( 'NONE', #3437, .T. ) ;
#4103 = DIRECTION ( 'NONE',  ( -0.000000000000000000, -0.000000000000000000, -1.000000000000000000 ) ) ;
#4104 = FILL_AREA_STYLE_COLOUR ( '', #2267 ) ;
#4105 = SURFACE_STYLE_FILL_AREA ( #2803 ) ;
#4106 = ADVANCED_FACE ( 'NONE', ( #1816 ), #2120, .T. ) ;
#4107 = ORIENTED_EDGE ( 'NONE', *, *, #974, .T. ) ;
#4108 = VERTEX_POINT ( 'NONE', #2572 ) ;
#4109 = PLANE ( 'NONE',  #1134 ) ;
#4110 = SURFACE_STYLE_USAGE ( .BOTH. , #2 ) ;
#4111 = SURFACE_STYLE_FILL_AREA ( #1347 ) ;
#4112 = EDGE_LOOP ( 'NONE', ( #3520, #4107, #3016, #2885 ) ) ;
#4113 = EDGE_CURVE ( 'NONE', #4225, #61, #232, .T. ) ;
#4114 = SURFACE_SIDE_STYLE ('',( #2051 ) ) ;
#4115 = CARTESIAN_POINT ( 'NONE',  ( -3.000000000000000444, 2.799999999999999822, -2.825000000000000178 ) ) ;
#4116 = DIRECTION ( 'NONE',  ( 0.7071067811865486830, 6.133173666733507991E-15, -0.7071067811865464625 ) ) ;
#4117 = STYLED_ITEM ( 'NONE', ( #935 ), #1513 ) ;
#4118 = CARTESIAN_POINT ( 'NONE',  ( -4.190926745817298738, 0.3217396970888517505, -2.350000000000000089 ) ) ;
#4119 = AXIS2_PLACEMENT_3D ( 'NONE', #3440, #4147, #1017 ) ;
#4120 = ORIENTED_EDGE ( 'NONE', *, *, #238, .T. ) ;
#4121 = CARTESIAN_POINT ( 'NONE',  ( 0.000000000000000000, 2.899999999999999911, -2.925000000000000266 ) ) ;
#4122 = PLANE ( 'NONE',  #3534 ) ;
#4123 = PRESENTATION_STYLE_ASSIGNMENT (( #1080 ) ) ;
#4124 = VECTOR ( 'NONE', #987, 1000.000000000000000 ) ;
#4125 = ORIENTED_EDGE ( 'NONE', *, *, #1391, .T. ) ;
#4126 = COLOUR_RGB ( '',0.7529411764705882248, 0.7529411764705882248, 0.7529411764705882248 ) ;
#4127 = SURFACE_STYLE_FILL_AREA ( #3122 ) ;
#4128 = AXIS2_PLACEMENT_3D ( 'NONE', #4305, #624, #1242 ) ;
#4129 = DIRECTION ( 'NONE',  ( 1.000000000000000000, 0.000000000000000000, 1.224646799147353207E-16 ) ) ;
#4130 = EDGE_CURVE ( 'NONE', #3444, #3661, #2638, .T. ) ;
#4131 = COLOUR_RGB ( '',0.7529411764705882248, 0.7529411764705882248, 0.7529411764705882248 ) ;
#4132 = PRESENTATION_LAYER_ASSIGNMENT (  '', '', ( #1644 ) ) ;
#4133 = FACE_OUTER_BOUND ( 'NONE', #4112, .T. ) ;
#4134 = CIRCLE ( 'NONE', #2416, 0.2000000000000000944 ) ;
#4135 = ORIENTED_EDGE ( 'NONE', *, *, #3722, .F. ) ;
#4136 = FACE_OUTER_BOUND ( 'NONE', #148, .T. ) ;
#4137 = DIRECTION ( 'NONE',  ( 0.000000000000000000, 0.000000000000000000, 1.000000000000000000 ) ) ;
#4138 = AXIS2_PLACEMENT_3D ( 'NONE', #4427, #1409, #2027 ) ;
#4139 = STYLED_ITEM ( 'NONE', ( #1386 ), #2974 ) ;
#4140 = CARTESIAN_POINT ( 'NONE',  ( -2.999999999999999556, 2.799999999999999822, 2.825000000000000178 ) ) ;
#4141 =( GEOMETRIC_REPRESENTATION_CONTEXT ( 3 ) GLOBAL_UNCERTAINTY_ASSIGNED_CONTEXT ( ( #2930 ) ) GLOBAL_UNIT_ASSIGNED_CONTEXT ( ( #2221, #3489, #1091 ) ) REPRESENTATION_CONTEXT ( 'NONE', 'WORKASPACE' ) );
#4142 = VERTEX_POINT ( 'NONE', #4019 ) ;
#4143 = LINE ( 'NONE', #2015, #4312 ) ;
#4144 = ADVANCED_FACE ( 'NONE', ( #2590 ), #4285, .T. ) ;
#4145 = VERTEX_POINT ( 'NONE', #212 ) ;
#4146 = EDGE_CURVE ( 'NONE', #1813, #74, #1935, .T. ) ;
#4147 = DIRECTION ( 'NONE',  ( 1.387778780781445676E-16, 0.000000000000000000, 1.000000000000000000 ) ) ;
#4148 = VERTEX_POINT ( 'NONE', #2964 ) ;
#4149 = FACE_OUTER_BOUND ( 'NONE', #1953, .T. ) ;
#4150 = LINE ( 'NONE', #2788, #4317 ) ;
#4151 = VERTEX_POINT ( 'NONE', #2944 ) ;
#4152 = ORIENTED_EDGE ( 'NONE', *, *, #1234, .T. ) ;
#4153 = DIRECTION ( 'NONE',  ( 0.000000000000000000, -1.000000000000000000, 0.000000000000000000 ) ) ;
#4154 = VERTEX_POINT ( 'NONE', #4302 ) ;
#4155 = EDGE_LOOP ( 'NONE', ( #3841, #2306, #2923, #404 ) ) ;
#4156 = FACE_OUTER_BOUND ( 'NONE', #2523, .T. ) ;
#4157 = PRESENTATION_STYLE_ASSIGNMENT (( #766 ) ) ;
#4158 =( LENGTH_UNIT ( ) NAMED_UNIT ( * ) SI_UNIT ( .MILLI., .METRE. ) );
#4159 = VERTEX_POINT ( 'NONE', #2284 ) ;
#4160 =( LENGTH_UNIT ( ) NAMED_UNIT ( * ) SI_UNIT ( .MILLI., .METRE. ) );
#4161 = EDGE_CURVE ( 'NONE', #4088, #3508, #2900, .T. ) ;
#4162 = COLOUR_RGB ( '',0.7529411764705882248, 0.7529411764705882248, 0.7529411764705882248 ) ;
#4163 = CARTESIAN_POINT ( 'NONE',  ( 2.000000000000000444, 2.799999999999999822, -2.883578643762689353 ) ) ;
#4164 = DIRECTION ( 'NONE',  ( -0.000000000000000000, -1.000000000000000000, -0.000000000000000000 ) ) ;
#4165 = ORIENTED_EDGE ( 'NONE', *, *, #3392, .T. ) ;
#4166 = ADVANCED_FACE ( 'NONE', ( #2657 ), #3687, .T. ) ;
#4167 = CARTESIAN_POINT ( 'NONE',  ( 2.441789321881341124, 2.799999999999999822, 2.441789321881346897 ) ) ;
#4168 = SURFACE_SIDE_STYLE ('',( #3251 ) ) ;
#4169 = ORIENTED_EDGE ( 'NONE', *, *, #879, .F. ) ;
#4170 = FILL_AREA_STYLE ('',( #1451 ) ) ;
#4171 = PRESENTATION_LAYER_ASSIGNMENT (  '', '', ( #2107 ) ) ;
#4172 = UNCERTAINTY_MEASURE_WITH_UNIT (LENGTH_MEASURE( 1.000000000000000082E-05 ), #4386, 'distance_accuracy_value', 'NONE');
#4173 = DIRECTION ( 'NONE',  ( 1.000000000000000000, -0.000000000000000000, -1.398970545142586541E-16 ) ) ;
#4174 = AXIS2_PLACEMENT_3D ( 'NONE', #4055, #926, #1945 ) ;
#4175 = ORIENTED_EDGE ( 'NONE', *, *, #589, .F. ) ;
#4176 = EDGE_CURVE ( 'NONE', #2960, #1877, #3746, .T. ) ;
#4177 = PRESENTATION_STYLE_ASSIGNMENT (( #3912 ) ) ;
#4178 =( GEOMETRIC_REPRESENTATION_CONTEXT ( 3 ) GLOBAL_UNCERTAINTY_ASSIGNED_CONTEXT ( ( #2226 ) ) GLOBAL_UNIT_ASSIGNED_CONTEXT ( ( #1883, #3576, #4015 ) ) REPRESENTATION_CONTEXT ( 'NONE', 'WORKASPACE' ) );
#4179 = FILL_AREA_STYLE ('',( #77 ) ) ;
#4180 = COLOUR_RGB ( '',0.7529411764705882248, 0.7529411764705882248, 0.7529411764705882248 ) ;
#4181 = ORIENTED_EDGE ( 'NONE', *, *, #1406, .T. ) ;
#4182 = CARTESIAN_POINT ( 'NONE',  ( -2.141421356237308782, 0.000000000000000000, -2.925000000000000266 ) ) ;
#4183 = STYLED_ITEM ( 'NONE', ( #4157 ), #1924 ) ;
#4184 = LINE ( 'NONE', #2181, #1045 ) ;
#4185 = EDGE_LOOP ( 'NONE', ( #344, #1081, #2798, #2147 ) ) ;
#4186 = DIRECTION ( 'NONE',  ( -0.000000000000000000, 1.000000000000000000, -0.000000000000000000 ) ) ;
#4187 = COLOUR_RGB ( '',0.7529411764705882248, 0.7529411764705882248, 0.7529411764705882248 ) ;
#4188 = UNCERTAINTY_MEASURE_WITH_UNIT (LENGTH_MEASURE( 1.000000000000000082E-05 ), #41, 'distance_accuracy_value', 'NONE');
#4190 =( GEOMETRIC_REPRESENTATION_CONTEXT ( 3 ) GLOBAL_UNCERTAINTY_ASSIGNED_CONTEXT ( ( #1247 ) ) GLOBAL_UNIT_ASSIGNED_CONTEXT ( ( #1107, #821, #3457 ) ) REPRESENTATION_CONTEXT ( 'NONE', 'WORKASPACE' ) );
#4189 = FACE_OUTER_BOUND ( 'NONE', #3432, .T. ) ;
#4191 = UNCERTAINTY_MEASURE_WITH_UNIT (LENGTH_MEASURE( 1.000000000000000082E-05 ), #2924, 'distance_accuracy_value', 'NONE');
#4192 = STYLED_ITEM ( 'NONE', ( #2965 ), #2421 ) ;
#4193 = ORIENTED_EDGE ( 'NONE', *, *, #4146, .T. ) ;
#4194 = CARTESIAN_POINT ( 'NONE',  ( -3.854231063995529727, 0.1002417929205512842, -2.350000000000000089 ) ) ;
#4195 = ORIENTED_EDGE ( 'NONE', *, *, #2328, .F. ) ;
#4196 = EDGE_CURVE ( 'NONE', #4151, #444, #3114, .T. ) ;
#4197 = EDGE_CURVE ( 'NONE', #877, #305, #4396, .T. ) ;
#4198 = AXIS2_PLACEMENT_3D ( 'NONE', #2093, #2728, #1749 ) ;
#4199 =( GEOMETRIC_REPRESENTATION_CONTEXT ( 3 ) GLOBAL_UNCERTAINTY_ASSIGNED_CONTEXT ( ( #1452 ) ) GLOBAL_UNIT_ASSIGNED_CONTEXT ( ( #1916, #1578, #881 ) ) REPRESENTATION_CONTEXT ( 'NONE', 'WORKASPACE' ) );
#4200 = CARTESIAN_POINT ( 'NONE',  ( -2.141421356237308782, 0.000000000000000000, -2.925000000000000266 ) ) ;
#4201 = EDGE_LOOP ( 'NONE', ( #991, #2833, #2466, #2451 ) ) ;
#4202 = ORIENTED_EDGE ( 'NONE', *, *, #128, .T. ) ;
#4203 = DIRECTION ( 'NONE',  ( 0.000000000000000000, 0.000000000000000000, 1.000000000000000000 ) ) ;
#4204 = VECTOR ( 'NONE', #2755, 1000.000000000000114 ) ;
#4205 = AXIS2_PLACEMENT_3D ( 'NONE', #4353, #2587, #2566 ) ;
#4206 = ORIENTED_EDGE ( 'NONE', *, *, #1563, .F. ) ;
#4207 = CIRCLE ( 'NONE', #864, 0.1999999999999996503 ) ;
#4208 = DIRECTION ( 'NONE',  ( -0.000000000000000000, -0.000000000000000000, -1.000000000000000000 ) ) ;
#4209 = LINE ( 'NONE', #2868, #168 ) ;
#4210 = FILL_AREA_STYLE_COLOUR ( '', #3425 ) ;
#4211 = ORIENTED_EDGE ( 'NONE', *, *, #1929, .F. ) ;
#4212 =( GEOMETRIC_REPRESENTATION_CONTEXT ( 3 ) GLOBAL_UNCERTAINTY_ASSIGNED_CONTEXT ( ( #2576 ) ) GLOBAL_UNIT_ASSIGNED_CONTEXT ( ( #957, #3331, #3948 ) ) REPRESENTATION_CONTEXT ( 'NONE', 'WORKASPACE' ) );
#4213 = EDGE_CURVE ( 'NONE', #1586, #1830, #3396, .T. ) ;
#4214 = ORIENTED_EDGE ( 'NONE', *, *, #3499, .T. ) ;
#4215 = DIRECTION ( 'NONE',  ( 0.2588190451025216277, 0.9659258262890680902, 0.000000000000000000 ) ) ;
#4216 = CARTESIAN_POINT ( 'NONE',  ( 0.000000000000000000, 2.899999999999999911, 0.000000000000000000 ) ) ;
#4217 = SURFACE_STYLE_USAGE ( .BOTH. , #2857 ) ;
#4218 = ORIENTED_EDGE ( 'NONE', *, *, #896, .T. ) ;
#4219 =( LENGTH_UNIT ( ) NAMED_UNIT ( * ) SI_UNIT ( .MILLI., .METRE. ) );
#4220 = VERTEX_POINT ( 'NONE', #980 ) ;
#4221 = ORIENTED_EDGE ( 'NONE', *, *, #201, .T. ) ;
#4223 = EDGE_CURVE ( 'NONE', #1671, #4434, #2003, .T. ) ;
#4222 = FILL_AREA_STYLE ('',( #807 ) ) ;
#4224 = DIRECTION ( 'NONE',  ( -0.000000000000000000, -0.000000000000000000, 1.000000000000000000 ) ) ;
#4225 = VERTEX_POINT ( 'NONE', #2767 ) ;
#4226 = ORIENTED_EDGE ( 'NONE', *, *, #4230, .F. ) ;
#4227 = DIRECTION ( 'NONE',  ( 0.000000000000000000, 0.000000000000000000, -1.000000000000000000 ) ) ;
#4228 = LINE ( 'NONE', #2525, #4347 ) ;
#4229 = DIRECTION ( 'NONE',  ( -1.000000000000000000, 0.000000000000000000, -0.000000000000000000 ) ) ;
#4230 = EDGE_CURVE ( 'NONE', #1346, #4154, #1661, .T. ) ;
#4231 = FILL_AREA_STYLE ('',( #3850 ) ) ;
#4232 = CARTESIAN_POINT ( 'NONE',  ( -3.792564513103915846, 1.300000000000000044, -1.649999999999999911 ) ) ;
#4233 = EDGE_LOOP ( 'NONE', ( #2864, #2911, #3806, #3859 ) ) ;
#4234 = FACE_OUTER_BOUND ( 'NONE', #1546, .T. ) ;
#4235 = DIRECTION ( 'NONE',  ( 0.9961946980917455452, 0.08715574274765833240, 0.000000000000000000 ) ) ;
#4236 = ADVANCED_FACE ( 'NONE', ( #666 ), #2742, .F. ) ;
#4237 = CARTESIAN_POINT ( 'NONE',  ( 2.141421356237310114, 0.000000000000000000, -2.924999999999999378 ) ) ;
#4238 =( NAMED_UNIT ( * ) SI_UNIT ( $, .STERADIAN. ) SOLID_ANGLE_UNIT ( ) );
#4239 = ORIENTED_EDGE ( 'NONE', *, *, #930, .F. ) ;
#4240 = DIRECTION ( 'NONE',  ( 0.000000000000000000, 0.000000000000000000, 1.000000000000000000 ) ) ;
#4241 = EDGE_LOOP ( 'NONE', ( #1389, #3227, #1815, #1472, #136, #3699, #1483, #938, #2230, #1464, #3022, #1856 ) ) ;
#4242 = ORIENTED_EDGE ( 'NONE', *, *, #1314, .T. ) ;
#4243 = EDGE_LOOP ( 'NONE', ( #2762, #4169, #3884, #824 ) ) ;
#4244 = CYLINDRICAL_SURFACE ( 'NONE', #3131, 0.1999999999999996503 ) ;
#4245 = EDGE_CURVE ( 'NONE', #4220, #1402, #3330, .T. ) ;
#4246 = FILL_AREA_STYLE_COLOUR ( '', #425 ) ;
#4247 =( GEOMETRIC_REPRESENTATION_CONTEXT ( 3 ) GLOBAL_UNCERTAINTY_ASSIGNED_CONTEXT ( ( #1827 ) ) GLOBAL_UNIT_ASSIGNED_CONTEXT ( ( #2947, #922, #3694 ) ) REPRESENTATION_CONTEXT ( 'NONE', 'WORKASPACE' ) );
#4248 = ORIENTED_EDGE ( 'NONE', *, *, #3927, .T. ) ;
#4249 = CARTESIAN_POINT ( 'NONE',  ( 3.792564513103915846, 1.300000000000000044, 2.350000000000000089 ) ) ;
#4250 = EDGE_CURVE ( 'NONE', #554, #3880, #4041, .T. ) ;
#4251 = COLOUR_RGB ( '',0.7529411764705882248, 0.7529411764705882248, 0.7529411764705882248 ) ;
#4252 = PRODUCT_DEFINITION_FORMATION_WITH_SPECIFIED_SOURCE ( 'ANY', '', #2308, .NOT_KNOWN. ) ;
#4253 = LINE ( 'NONE', #135, #546 ) ;
#4254 = VECTOR ( 'NONE', #1413, 1000.000000000000000 ) ;
#4255 = FILL_AREA_STYLE_COLOUR ( '', #2463 ) ;
#4256 = PRESENTATION_LAYER_ASSIGNMENT (  '', '', ( #1210 ) ) ;
#4257 = PRESENTATION_LAYER_ASSIGNMENT (  '', '', ( #2901 ) ) ;
#4258 = DIRECTION ( 'NONE',  ( 1.000000000000000000, 0.000000000000000000, -1.387778780781445676E-16 ) ) ;
#4259 = SURFACE_STYLE_FILL_AREA ( #186 ) ;
#4260 = ORIENTED_EDGE ( 'NONE', *, *, #1723, .F. ) ;
#4261 = VECTOR ( 'NONE', #3782, 1000.000000000000000 ) ;
#4262 = DIRECTION ( 'NONE',  ( 1.000000000000000000, 0.000000000000000000, 0.000000000000000000 ) ) ;
#4263 = ORIENTED_EDGE ( 'NONE', *, *, #4345, .T. ) ;
#4264 =( NAMED_UNIT ( * ) SI_UNIT ( $, .STERADIAN. ) SOLID_ANGLE_UNIT ( ) );
#4265 = AXIS2_PLACEMENT_3D ( 'NONE', #2088, #1881, #547 ) ;
#4266 = CIRCLE ( 'NONE', #3488, 0.09999999999999982514 ) ;
#4267 = SURFACE_STYLE_USAGE ( .BOTH. , #3910 ) ;
#4269 = CARTESIAN_POINT ( 'NONE',  ( 2.000000000000000000, 2.899999999999999911, -2.883578643762688909 ) ) ;
#4268 = UNCERTAINTY_MEASURE_WITH_UNIT (LENGTH_MEASURE( 1.000000000000000082E-05 ), #239, 'distance_accuracy_value', 'NONE');
#4270 = VECTOR ( 'NONE', #1831, 1000.000000000000000 ) ;
#4271 = MECHANICAL_DESIGN_GEOMETRIC_PRESENTATION_REPRESENTATION (  '', ( #3142 ), #3493 ) ;
#4272 = PRESENTATION_STYLE_ASSIGNMENT (( #1840 ) ) ;
#4273 = ORIENTED_EDGE ( 'NONE', *, *, #4382, .T. ) ;
#4274 = VECTOR ( 'NONE', #2825, 1000.000000000000000 ) ;
#4275 = AXIS2_PLACEMENT_3D ( 'NONE', #2715, #4429, #3070 ) ;
#4276 = CARTESIAN_POINT ( 'NONE',  ( -2.141421356237308782, 0.000000000000000000, -3.024999999999999911 ) ) ;
#4277 = DIRECTION ( 'NONE',  ( 0.000000000000000000, 0.000000000000000000, 1.000000000000000000 ) ) ;
#4278 = AXIS2_PLACEMENT_3D ( 'NONE', #3018, #1645, #1920 ) ;
#4279 = FILL_AREA_STYLE ('',( #4295 ) ) ;
#4280 = PRESENTATION_LAYER_ASSIGNMENT (  '', '', ( #353 ) ) ;
#4281 = PLANE ( 'NONE',  #4395 ) ;
#4282 = ORIENTED_EDGE ( 'NONE', *, *, #1053, .T. ) ;
#4283 = LINE ( 'NONE', #1575, #773 ) ;
#4284 = EDGE_LOOP ( 'NONE', ( #2434, #1034, #1604, #1891 ) ) ;
#4285 = CYLINDRICAL_SURFACE ( 'NONE', #1334, 0.2000000000000000944 ) ;
#4286 = ORIENTED_EDGE ( 'NONE', *, *, #3395, .F. ) ;
#4287 = DIRECTION ( 'NONE',  ( -0.000000000000000000, -0.000000000000000000, 1.000000000000000000 ) ) ;
#4288 = FILL_AREA_STYLE_COLOUR ( '', #2680 ) ;
#4289 = FILL_AREA_STYLE_COLOUR ( '', #2836 ) ;
#4290 = CYLINDRICAL_SURFACE ( 'NONE', #711, 0.2000000000000000944 ) ;
#4291 = VERTEX_POINT ( 'NONE', #442 ) ;
#4292 = FILL_AREA_STYLE_COLOUR ( '', #3112 ) ;
#4293 = CARTESIAN_POINT ( 'NONE',  ( 0.000000000000000000, 10.30121933088197572, 0.000000000000000000 ) ) ;
#4294 = DIRECTION ( 'NONE',  ( -0.000000000000000000, -0.000000000000000000, -1.000000000000000000 ) ) ;
#4295 = FILL_AREA_STYLE_COLOUR ( '', #1901 ) ;
#4296 = ADVANCED_FACE ( 'NONE', ( #86 ), #1793, .T. ) ;
#4297 = CARTESIAN_POINT ( 'NONE',  ( 1.858578643762687888, 2.899999999999999911, -3.025000000000000799 ) ) ;
#4298 = SURFACE_SIDE_STYLE ('',( #2941 ) ) ;
#4299 = SURFACE_SIDE_STYLE ('',( #1593 ) ) ;
#4300 = DIRECTION ( 'NONE',  ( 0.7071067811865483499, 0.000000000000000000, -0.7071067811865467956 ) ) ;
#4301 = LINE ( 'NONE', #1613, #1405 ) ;
#4302 = CARTESIAN_POINT ( 'NONE',  ( 3.099999999999999645, 2.799999999999999822, -2.824999999999998401 ) ) ;
#4303 = AXIS2_PLACEMENT_3D ( 'NONE', #3719, #1739, #737 ) ;
#4304 = DIRECTION ( 'NONE',  ( 0.000000000000000000, 0.000000000000000000, 1.000000000000000000 ) ) ;
#4305 = CARTESIAN_POINT ( 'NONE',  ( -2.141421356237308338, 2.799999999999999822, 3.024999999999999911 ) ) ;
#4306 = LINE ( 'NONE', #2929, #4076 ) ;
#4307 = DIRECTION ( 'NONE',  ( -1.000000000000000000, 0.000000000000000000, 0.000000000000000000 ) ) ;
#4308 =( NAMED_UNIT ( * ) PLANE_ANGLE_UNIT ( ) SI_UNIT ( $, .RADIAN. ) );
#4309 = ORIENTED_EDGE ( 'NONE', *, *, #2637, .T. ) ;
#4310 = CYLINDRICAL_SURFACE ( 'NONE', #2398, 0.2000000000000000944 ) ;
#4311 = ADVANCED_FACE ( 'NONE', ( #3126, #1470 ), #2535, .T. ) ;
#4312 = VECTOR ( 'NONE', #2036, 1000.000000000000114 ) ;
#4313 = DIRECTION ( 'NONE',  ( 0.000000000000000000, 0.000000000000000000, -1.000000000000000000 ) ) ;
#4314 = CARTESIAN_POINT ( 'NONE',  ( -4.011170819970738322, 0.2872753109248650794, -1.649999999999999911 ) ) ;
#4315 = DIRECTION ( 'NONE',  ( -0.7071067811865474617, 0.000000000000000000, 0.7071067811865474617 ) ) ;
#4316 = PRESENTATION_STYLE_ASSIGNMENT (( #183 ) ) ;
#4317 = VECTOR ( 'NONE', #1428, 1000.000000000000000 ) ;
#4318 = VECTOR ( 'NONE', #2645, 1000.000000000000000 ) ;
#4319 = VECTOR ( 'NONE', #2564, 1000.000000000000000 ) ;
#4320 = CARTESIAN_POINT ( 'NONE',  ( 3.099999999999999645, 1.049045040614163149, -1.649999999999999911 ) ) ;
#4321 =( NAMED_UNIT ( * ) PLANE_ANGLE_UNIT ( ) SI_UNIT ( $, .RADIAN. ) );
#4322 = CARTESIAN_POINT ( 'NONE',  ( 1.858578643762688332, 2.799999999999999822, -3.025000000000001243 ) ) ;
#4323 = ORIENTED_EDGE ( 'NONE', *, *, #1478, .F. ) ;
#4324 = DIRECTION ( 'NONE',  ( -0.000000000000000000, -1.000000000000000000, 0.000000000000000000 ) ) ;
#4325 = FILL_AREA_STYLE ('',( #190 ) ) ;
#4326 = VECTOR ( 'NONE', #3187, 1000.000000000000114 ) ;
#4327 = VECTOR ( 'NONE', #3374, 999.9999999999998863 ) ;
#4328 = DIRECTION ( 'NONE',  ( -0.7071067811865483499, 0.000000000000000000, 0.7071067811865467956 ) ) ;
#4329 = PLANE ( 'NONE',  #914 ) ;
#4330 = VERTEX_POINT ( 'NONE', #3230 ) ;
#4331 = ADVANCED_FACE ( 'NONE', ( #4189 ), #489, .F. ) ;
#4332 = EDGE_CURVE ( 'NONE', #3880, #61, #4150, .T. ) ;
#4333 = STYLED_ITEM ( 'NONE', ( #3777 ), #2225 ) ;
#4334 = FACE_OUTER_BOUND ( 'NONE', #3512, .T. ) ;
#4335 = FILL_AREA_STYLE_COLOUR ( '', #172 ) ;
#4336 = UNCERTAINTY_MEASURE_WITH_UNIT (LENGTH_MEASURE( 1.000000000000000082E-05 ), #1028, 'distance_accuracy_value', 'NONE');
#4337 = STYLED_ITEM ( 'NONE', ( #3310 ), #3145 ) ;
#4338 = EDGE_CURVE ( 'NONE', #3257, #3486, #2495, .T. ) ;
#4339 = AXIS2_PLACEMENT_3D ( 'NONE', #3619, #213, #2256 ) ;
#4340 = ORIENTED_EDGE ( 'NONE', *, *, #3947, .T. ) ;
#4341 = LINE ( 'NONE', #4027, #2827 ) ;
#4342 = STYLED_ITEM ( 'NONE', ( #4075 ), #3240 ) ;
#4343 = CIRCLE ( 'NONE', #4205, 0.2000000000000000944 ) ;
#4344 = SURFACE_SIDE_STYLE ('',( #3700 ) ) ;
#4345 = EDGE_CURVE ( 'NONE', #856, #2158, #1087, .T. ) ;
#4346 = DIRECTION ( 'NONE',  ( 0.7071067811865475727, -0.000000000000000000, 0.7071067811865475727 ) ) ;
#4347 = VECTOR ( 'NONE', #1821, 1000.000000000000114 ) ;
#4348 = DIRECTION ( 'NONE',  ( -8.673617379884058152E-16, 0.000000000000000000, 1.000000000000000000 ) ) ;
#4349 =( GEOMETRIC_REPRESENTATION_CONTEXT ( 3 ) GLOBAL_UNCERTAINTY_ASSIGNED_CONTEXT ( ( #3728 ) ) GLOBAL_UNIT_ASSIGNED_CONTEXT ( ( #3256, #2870, #1177 ) ) REPRESENTATION_CONTEXT ( 'NONE', 'WORKASPACE' ) );
#4350 = VECTOR ( 'NONE', #672, 1000.000000000000000 ) ;
#4351 = PRESENTATION_LAYER_ASSIGNMENT (  '', '', ( #4337 ) ) ;
#4352 = DIRECTION ( 'NONE',  ( 0.000000000000000000, 0.000000000000000000, -1.000000000000000000 ) ) ;
#4353 = CARTESIAN_POINT ( 'NONE',  ( -3.639099115508123816, 1.099999999999999867, -2.350000000000000089 ) ) ;
#4354 = DIRECTION ( 'NONE',  ( 0.000000000000000000, 0.000000000000000000, 1.000000000000000000 ) ) ;
#4355 = MECHANICAL_DESIGN_GEOMETRIC_PRESENTATION_REPRESENTATION (  '', ( #3228 ), #3365 ) ;
#4356 = FILL_AREA_STYLE ('',( #3618 ) ) ;
#4357 = ORIENTED_EDGE ( 'NONE', *, *, #4345, .F. ) ;
#4358 = CARTESIAN_POINT ( 'NONE',  ( -2.070710678118654613, 0.000000000000000000, -2.954289321881344854 ) ) ;
#4359 = EDGE_CURVE ( 'NONE', #4398, #3879, #23, .T. ) ;
#4360 = FACE_OUTER_BOUND ( 'NONE', #162, .T. ) ;
#4361 = LINE ( 'NONE', #3339, #4124 ) ;
#4362 = CARTESIAN_POINT ( 'NONE',  ( -5.000000000000000000, 0.000000000000000000, 2.350000000000000089 ) ) ;
#4363 = ORIENTED_EDGE ( 'NONE', *, *, #705, .T. ) ;
#4364 = DIRECTION ( 'NONE',  ( 0.000000000000000000, 1.000000000000000000, 0.000000000000000000 ) ) ;
#4365 = ORIENTED_EDGE ( 'NONE', *, *, #3516, .F. ) ;
#4366 = EDGE_CURVE ( 'NONE', #494, #1166, #2329, .T. ) ;
#4367 = SURFACE_STYLE_USAGE ( .BOTH. , #204 ) ;
#4368 = FACE_OUTER_BOUND ( 'NONE', #2519, .T. ) ;
#4369 = DIRECTION ( 'NONE',  ( -1.000000000000000000, 0.000000000000000000, 0.000000000000000000 ) ) ;
#4370 = EDGE_CURVE ( 'NONE', #515, #2659, #417, .T. ) ;
#4371 = SHAPE_DEFINITION_REPRESENTATION ( #2661, #4096 ) ;
#4372 = FACE_OUTER_BOUND ( 'NONE', #3200, .T. ) ;
#4373 = LINE ( 'NONE', #618, #42 ) ;
#4374 = SURFACE_STYLE_FILL_AREA ( #3357 ) ;
#4375 =( NAMED_UNIT ( * ) SI_UNIT ( $, .STERADIAN. ) SOLID_ANGLE_UNIT ( ) );
#4376 = EDGE_LOOP ( 'NONE', ( #592, #1448, #2545, #211 ) ) ;
#4377 = FACE_OUTER_BOUND ( 'NONE', #4185, .T. ) ;
#4378 = FILL_AREA_STYLE ('',( #4002 ) ) ;
#4379 = DIRECTION ( 'NONE',  ( 0.000000000000000000, 1.000000000000000000, 0.000000000000000000 ) ) ;
#4380 = DIRECTION ( 'NONE',  ( -1.000000000000000000, 0.000000000000000000, 1.398970545142586541E-16 ) ) ;
#4381 = DIRECTION ( 'NONE',  ( 0.000000000000000000, 0.000000000000000000, -1.000000000000000000 ) ) ;
#4382 = EDGE_CURVE ( 'NONE', #2191, #1402, #2187, .T. ) ;
#4383 = VERTEX_POINT ( 'NONE', #3506 ) ;
#4384 = ORIENTED_EDGE ( 'NONE', *, *, #703, .F. ) ;
#4385 = CYLINDRICAL_SURFACE ( 'NONE', #17, 0.09999999999999982514 ) ;
#4386 =( LENGTH_UNIT ( ) NAMED_UNIT ( * ) SI_UNIT ( .MILLI., .METRE. ) );
#4387 = EDGE_CURVE ( 'NONE', #361, #2517, #1888, .T. ) ;
#4388 = CARTESIAN_POINT ( 'NONE',  ( -2.999999999999999556, 2.799999999999999822, 2.825000000000000178 ) ) ;
#4389 = SURFACE_STYLE_FILL_AREA ( #3742 ) ;
#4390 = FACE_BOUND ( 'NONE', #2618, .T. ) ;
#4391 = PRESENTATION_LAYER_ASSIGNMENT (  '', '', ( #1547 ) ) ;
#4392 = AXIS2_PLACEMENT_3D ( 'NONE', #1500, #2856, #588 ) ;
#4393 = DIRECTION ( 'NONE',  ( -1.000000000000000000, -0.000000000000000000, -0.000000000000000000 ) ) ;
#4394 = AXIS2_PLACEMENT_3D ( 'NONE', #1249, #1878, #221 ) ;
#4395 = AXIS2_PLACEMENT_3D ( 'NONE', #2585, #3942, #891 ) ;
#4396 = LINE ( 'NONE', #2726, #2034 ) ;
#4397 = DIRECTION ( 'NONE',  ( -1.000000000000000000, 0.000000000000000000, 0.000000000000000000 ) ) ;
#4398 = VERTEX_POINT ( 'NONE', #525 ) ;
#4399 = AXIS2_PLACEMENT_3D ( 'NONE', #450, #1154, #3865 ) ;
#4400 =( NAMED_UNIT ( * ) PLANE_ANGLE_UNIT ( ) SI_UNIT ( $, .RADIAN. ) );
#4401 = COLOUR_RGB ( '',0.7529411764705882248, 0.7529411764705882248, 0.7529411764705882248 ) ;
#4402 = ORIENTED_EDGE ( 'NONE', *, *, #594, .T. ) ;
#4403 = COLOUR_RGB ( '',0.7529411764705882248, 0.7529411764705882248, 0.7529411764705882248 ) ;
#4404 = DIRECTION ( 'NONE',  ( 0.000000000000000000, 0.000000000000000000, 1.000000000000000000 ) ) ;
#4405 = DIRECTION ( 'NONE',  ( 1.000000000000000000, -0.000000000000000000, 2.168404344971012418E-15 ) ) ;
#4406 = SURFACE_SIDE_STYLE ('',( #1435 ) ) ;
#4407 = VERTEX_POINT ( 'NONE', #160 ) ;
#4408 = LINE ( 'NONE', #656, #750 ) ;
#4409 = MECHANICAL_DESIGN_GEOMETRIC_PRESENTATION_REPRESENTATION (  '', ( #3620 ), #1485 ) ;
#4410 = ORIENTED_EDGE ( 'NONE', *, *, #128, .F. ) ;
#4411 = DIRECTION ( 'NONE',  ( -0.000000000000000000, -1.000000000000000000, 0.000000000000000000 ) ) ;
#4412 = DIRECTION ( 'NONE',  ( -1.000000000000000000, -1.897353801849635915E-15, 0.000000000000000000 ) ) ;
#4413 = FILL_AREA_STYLE ('',( #3050 ) ) ;
#4414 = VECTOR ( 'NONE', #2942, 1000.000000000000000 ) ;
#4415 = CIRCLE ( 'NONE', #1843, 0.2000000000000000944 ) ;
#4416 = ADVANCED_FACE ( 'NONE', ( #2983 ), #573, .F. ) ;
#4417 = DIRECTION ( 'NONE',  ( -0.000000000000000000, 1.000000000000000000, -0.000000000000000000 ) ) ;
#4418 = VECTOR ( 'NONE', #2555, 1000.000000000000000 ) ;
#4419 = COLOUR_RGB ( '',0.7529411764705882248, 0.7529411764705882248, 0.7529411764705882248 ) ;
#4420 = CARTESIAN_POINT ( 'NONE',  ( 3.099999999999999645, 1.049045040614163149, -2.350000000000000089 ) ) ;
#4421 = CIRCLE ( 'NONE', #1148, 0.2000000000000000944 ) ;
#4422 = VECTOR ( 'NONE', #1329, 1000.000000000000000 ) ;
#4423 = PRESENTATION_STYLE_ASSIGNMENT (( #325 ) ) ;
#4424 = FILL_AREA_STYLE_COLOUR ( '', #2625 ) ;
#4425 = ORIENTED_EDGE ( 'NONE', *, *, #1771, .T. ) ;
#4426 = EDGE_CURVE ( 'NONE', #3475, #3494, #2893, .T. ) ;
#4427 = CARTESIAN_POINT ( 'NONE',  ( -3.000000000000000444, 2.899999999999999911, -2.825000000000000178 ) ) ;
#4428 = DIRECTION ( 'NONE',  ( 0.000000000000000000, 1.000000000000000000, 0.000000000000000000 ) ) ;
#4429 = DIRECTION ( 'NONE',  ( -0.08715574274765831853, 0.9961946980917455452, 0.000000000000000000 ) ) ;
#4430 = CARTESIAN_POINT ( 'NONE',  ( -1.929289321881343167, 0.000000000000000000, -3.095710678118655412 ) ) ;
#4431 = EDGE_LOOP ( 'NONE', ( #335, #2768, #780, #3984 ) ) ;
#4432 = CARTESIAN_POINT ( 'NONE',  ( 2.512499999999997513, 2.899999999999999911, -2.512500000000002842 ) ) ;
#4433 = SURFACE_STYLE_FILL_AREA ( #1779 ) ;
#4434 = VERTEX_POINT ( 'NONE', #207 ) ;
#4435 = DIRECTION ( 'NONE',  ( -1.000000000000000000, 0.000000000000000000, 0.000000000000000000 ) ) ;
#4436 = EDGE_CURVE ( 'NONE', #1574, #4044, #900, .T. ) ;
ENDSEC;
END-ISO-10303-21;
