ISO-10303-21;
HEADER;
FILE_DESCRIPTION (( 'STEP AP214' ),
    '1' );
FILE_NAME ('MCSJK-7U.STEP',
    '2023-05-18T10:41:16',
    ( '' ),
    ( '' ),
    'SwSTEP 2.0',
    'SolidWorks 2020',
    '' );
FILE_SCHEMA (( 'AUTOMOTIVE_DESIGN' ));
ENDSEC;

DATA;
#1 =( GEOMETRIC_REPRESENTATION_CONTEXT ( 3 ) GLOBAL_UNCERTAINTY_ASSIGNED_CONTEXT ( ( #2241 ) ) GLOBAL_UNIT_ASSIGNED_CONTEXT ( ( #839, #1978, #1946 ) ) REPRESENTATION_CONTEXT ( 'NONE', 'WORKASPACE' ) );
#2 = MECHANICAL_DESIGN_GEOMETRIC_PRESENTATION_REPRESENTATION (  '', ( #665 ), #1197 ) ;
#3 = PRESENTATION_STYLE_ASSIGNMENT (( #2277 ) ) ;
#4 = ORIENTED_EDGE ( 'NONE', *, *, #1989, .F. ) ;
#5 = FACE_OUTER_BOUND ( 'NONE', #1238, .T. ) ;
#6 =( NAMED_UNIT ( * ) PLANE_ANGLE_UNIT ( ) SI_UNIT ( $, .RADIAN. ) );
#7 = AXIS2_PLACEMENT_3D ( 'NONE', #1401, #1166, #2247 ) ;
#8 = VERTEX_POINT ( 'NONE', #2675 ) ;
#9 = SURFACE_SIDE_STYLE ('',( #473 ) ) ;
#10 =( LENGTH_UNIT ( ) NAMED_UNIT ( * ) SI_UNIT ( .MILLI., .METRE. ) );
#11 = DIRECTION ( 'NONE',  ( -0.000000000000000000, -1.000000000000000000, -0.000000000000000000 ) ) ;
#12 = VERTEX_POINT ( 'NONE', #2876 ) ;
#13 = VECTOR ( 'NONE', #1117, 1000.000000000000000 ) ;
#14 = CARTESIAN_POINT ( 'NONE',  ( -1.599999999999999867, -1.084202172485504434E-16, -1.150000000000000355 ) ) ;
#15 = MECHANICAL_DESIGN_GEOMETRIC_PRESENTATION_REPRESENTATION (  '', ( #1481 ), #1710 ) ;
#16 = EDGE_CURVE ( 'NONE', #956, #2514, #2874, .T. ) ;
#17 = CARTESIAN_POINT ( 'NONE',  ( 0.4499999999999996225, 0.01000000000000000021, -0.3499999999999998668 ) ) ;
#18 = LINE ( 'NONE', #2492, #2044 ) ;
#19 = ORIENTED_EDGE ( 'NONE', *, *, #1164, .T. ) ;
#20 = DIRECTION ( 'NONE',  ( 0.7880243737245632429, 0.000000000000000000, -0.6156440419723152591 ) ) ;
#21 = DIRECTION ( 'NONE',  ( 0.000000000000000000, -0.000000000000000000, 1.000000000000000000 ) ) ;
#22 = CARTESIAN_POINT ( 'NONE',  ( 0.000000000000000000, 0.6500000000000000222, 1.119999999999999662 ) ) ;
#23 = UNCERTAINTY_MEASURE_WITH_UNIT (LENGTH_MEASURE( 1.000000000000000082E-05 ), #2365, 'distance_accuracy_value', 'NONE');
#24 = ORIENTED_EDGE ( 'NONE', *, *, #2156, .T. ) ;
#25 = DIRECTION ( 'NONE',  ( 0.000000000000000000, 0.000000000000000000, -1.000000000000000000 ) ) ;
#26 = DIRECTION ( 'NONE',  ( 0.000000000000000000, 0.000000000000000000, 1.000000000000000000 ) ) ;
#27 = DIRECTION ( 'NONE',  ( 0.000000000000000000, 0.000000000000000000, -1.000000000000000000 ) ) ;
#28 = DIRECTION ( 'NONE',  ( -1.000000000000000000, 0.000000000000000000, -3.918803033080132790E-16 ) ) ;
#29 = DIRECTION ( 'NONE',  ( 0.000000000000000000, 0.000000000000000000, -1.000000000000000000 ) ) ;
#30 = ORIENTED_EDGE ( 'NONE', *, *, #1522, .F. ) ;
#31 = PLANE ( 'NONE',  #2347 ) ;
#32 = PRESENTATION_LAYER_ASSIGNMENT (  '', '', ( #1020 ) ) ;
#33 = SURFACE_SIDE_STYLE ('',( #1542 ) ) ;
#34 = CARTESIAN_POINT ( 'NONE',  ( 1.550000000000000488, 0.5500000000000000444, 1.049999999999999378 ) ) ;
#35 = ADVANCED_FACE ( 'NONE', ( #2184 ), #1056, .F. ) ;
#36 = ADVANCED_FACE ( 'NONE', ( #2026 ), #226, .T. ) ;
#37 = VECTOR ( 'NONE', #1360, 1000.000000000000000 ) ;
#38 = ORIENTED_EDGE ( 'NONE', *, *, #820, .F. ) ;
#39 = CARTESIAN_POINT ( 'NONE',  ( 0.000000000000000000, 0.000000000000000000, 0.000000000000000000 ) ) ;
#40 = SURFACE_STYLE_USAGE ( .BOTH. , #1776 ) ;
#41 = AXIS2_PLACEMENT_3D ( 'NONE', #2215, #1381, #2882 ) ;
#42 = VECTOR ( 'NONE', #2478, 1000.000000000000000 ) ;
#43 = ORIENTED_EDGE ( 'NONE', *, *, #649, .F. ) ;
#44 = LINE ( 'NONE', #942, #2354 ) ;
#45 = SURFACE_SIDE_STYLE ('',( #508 ) ) ;
#46 = DIRECTION ( 'NONE',  ( -0.000000000000000000, 0.000000000000000000, 1.000000000000000000 ) ) ;
#47 = ORIENTED_EDGE ( 'NONE', *, *, #2029, .T. ) ;
#48 =( GEOMETRIC_REPRESENTATION_CONTEXT ( 3 ) GLOBAL_UNCERTAINTY_ASSIGNED_CONTEXT ( ( #158 ) ) GLOBAL_UNIT_ASSIGNED_CONTEXT ( ( #533, #2110, #553 ) ) REPRESENTATION_CONTEXT ( 'NONE', 'WORKASPACE' ) );
#49 = SURFACE_SIDE_STYLE ('',( #2059 ) ) ;
#50 = CIRCLE ( 'NONE', #2641, 0.1499999999999999667 ) ;
#51 =( GEOMETRIC_REPRESENTATION_CONTEXT ( 3 ) GLOBAL_UNCERTAINTY_ASSIGNED_CONTEXT ( ( #1994 ) ) GLOBAL_UNIT_ASSIGNED_CONTEXT ( ( #2703, #450, #494 ) ) REPRESENTATION_CONTEXT ( 'NONE', 'WORKASPACE' ) );
#52 = DIRECTION ( 'NONE',  ( -1.000000000000000000, 0.000000000000000000, -0.000000000000000000 ) ) ;
#53 = AXIS2_PLACEMENT_3D ( 'NONE', #518, #2772, #1683 ) ;
#54 = PRESENTATION_LAYER_ASSIGNMENT (  '', '', ( #2924 ) ) ;
#55 =( GEOMETRIC_REPRESENTATION_CONTEXT ( 3 ) GLOBAL_UNCERTAINTY_ASSIGNED_CONTEXT ( ( #875 ) ) GLOBAL_UNIT_ASSIGNED_CONTEXT ( ( #890, #2250, #2901 ) ) REPRESENTATION_CONTEXT ( 'NONE', 'WORKASPACE' ) );
#56 =( GEOMETRIC_REPRESENTATION_CONTEXT ( 3 ) GLOBAL_UNCERTAINTY_ASSIGNED_CONTEXT ( ( #1074 ) ) GLOBAL_UNIT_ASSIGNED_CONTEXT ( ( #1684, #773, #1473 ) ) REPRESENTATION_CONTEXT ( 'NONE', 'WORKASPACE' ) );
#57 = VERTEX_POINT ( 'NONE', #1158 ) ;
#58 = CARTESIAN_POINT ( 'NONE',  ( -1.599999999999999867, -1.084202172485504434E-16, -1.250000000000000444 ) ) ;
#59 =( GEOMETRIC_REPRESENTATION_CONTEXT ( 3 ) GLOBAL_UNCERTAINTY_ASSIGNED_CONTEXT ( ( #399 ) ) GLOBAL_UNIT_ASSIGNED_CONTEXT ( ( #1288, #218, #1721 ) ) REPRESENTATION_CONTEXT ( 'NONE', 'WORKASPACE' ) );
#60 = VERTEX_POINT ( 'NONE', #1611 ) ;
#61 = ADVANCED_FACE ( 'NONE', ( #2285 ), #1371, .T. ) ;
#62 = DIRECTION ( 'NONE',  ( 0.000000000000000000, 0.000000000000000000, 1.000000000000000000 ) ) ;
#63 =( NAMED_UNIT ( * ) PLANE_ANGLE_UNIT ( ) SI_UNIT ( $, .RADIAN. ) );
#64 = VECTOR ( 'NONE', #2335, 1000.000000000000000 ) ;
#65 = ORIENTED_EDGE ( 'NONE', *, *, #2748, .F. ) ;
#66 = AXIS2_PLACEMENT_3D ( 'NONE', #2066, #2712, #1592 ) ;
#67 = ORIENTED_EDGE ( 'NONE', *, *, #499, .F. ) ;
#68 = CARTESIAN_POINT ( 'NONE',  ( -1.530000000000000249, 0.000000000000000000, 0.3500000000000001443 ) ) ;
#69 =( LENGTH_UNIT ( ) NAMED_UNIT ( * ) SI_UNIT ( .MILLI., .METRE. ) );
#70 = VERTEX_POINT ( 'NONE', #928 ) ;
#71 = SURFACE_STYLE_USAGE ( .BOTH. , #1905 ) ;
#72 = FILL_AREA_STYLE_COLOUR ( '', #1969 ) ;
#73 = LINE ( 'NONE', #1430, #102 ) ;
#74 = EDGE_CURVE ( 'NONE', #1093, #549, #44, .T. ) ;
#75 = CARTESIAN_POINT ( 'NONE',  ( -1.219999999999999973, 0.5999999999999999778, 0.9699999999999998623 ) ) ;
#76 = ORIENTED_EDGE ( 'NONE', *, *, #458, .F. ) ;
#77 = DIRECTION ( 'NONE',  ( 0.000000000000000000, -0.000000000000000000, 1.000000000000000000 ) ) ;
#78 = CARTESIAN_POINT ( 'NONE',  ( 1.600000000000000533, 0.01000000000000000021, 1.123100371848454682 ) ) ;
#79 = ORIENTED_EDGE ( 'NONE', *, *, #858, .F. ) ;
#80 = DIRECTION ( 'NONE',  ( 0.000000000000000000, 1.000000000000000000, 0.000000000000000000 ) ) ;
#81 = ORIENTED_EDGE ( 'NONE', *, *, #2581, .F. ) ;
#82 = FACE_OUTER_BOUND ( 'NONE', #252, .T. ) ;
#83 = SURFACE_STYLE_FILL_AREA ( #1225 ) ;
#84 =( NAMED_UNIT ( * ) PLANE_ANGLE_UNIT ( ) SI_UNIT ( $, .RADIAN. ) );
#85 = ORIENTED_EDGE ( 'NONE', *, *, #2657, .T. ) ;
#86 = EDGE_CURVE ( 'NONE', #1311, #1038, #1391, .T. ) ;
#87 = EDGE_CURVE ( 'NONE', #562, #549, #2473, .T. ) ;
#88 = CARTESIAN_POINT ( 'NONE',  ( 0.4499999999999998446, 0.01000000000000000021, 1.180000000000000826 ) ) ;
#89 = STYLED_ITEM ( 'NONE', ( #1811 ), #61 ) ;
#90 = EDGE_LOOP ( 'NONE', ( #2137, #644, #1426, #2856, #1413, #847, #2119, #85 ) ) ;
#91 = PRESENTATION_LAYER_ASSIGNMENT (  '', '', ( #609 ) ) ;
#92 = DIRECTION ( 'NONE',  ( -8.673617379884035472E-17, 0.000000000000000000, -1.000000000000000000 ) ) ;
#93 = FILL_AREA_STYLE_COLOUR ( '', #1006 ) ;
#94 = VECTOR ( 'NONE', #155, 1000.000000000000000 ) ;
#95 = AXIS2_PLACEMENT_3D ( 'NONE', #2731, #2008, #243 ) ;
#96 = STYLED_ITEM ( 'NONE', ( #964 ), #1860 ) ;
#97 = ORIENTED_EDGE ( 'NONE', *, *, #204, .F. ) ;
#98 = SURFACE_STYLE_USAGE ( .BOTH. , #2811 ) ;
#99 = FACE_OUTER_BOUND ( 'NONE', #2109, .T. ) ;
#100 = DIRECTION ( 'NONE',  ( 0.7880243737245631319, 0.000000000000000000, -0.6156440419723153701 ) ) ;
#101 = STYLED_ITEM ( 'NONE', ( #2419 ), #2819 ) ;
#102 = VECTOR ( 'NONE', #748, 1000.000000000000000 ) ;
#103 = AXIS2_PLACEMENT_3D ( 'NONE', #2027, #11, #1598 ) ;
#104 = DIRECTION ( 'NONE',  ( -0.000000000000000000, 1.000000000000000000, -0.000000000000000000 ) ) ;
#105 = ORIENTED_EDGE ( 'NONE', *, *, #416, .T. ) ;
#106 = CARTESIAN_POINT ( 'NONE',  ( 1.400000000000000355, -4.050788100849390894, -1.050000000000000933 ) ) ;
#107 = FACE_OUTER_BOUND ( 'NONE', #2336, .T. ) ;
#108 = EDGE_CURVE ( 'NONE', #949, #790, #2531, .T. ) ;
#109 = ORIENTED_EDGE ( 'NONE', *, *, #2289, .T. ) ;
#110 = LINE ( 'NONE', #1403, #1425 ) ;
#111 = SURFACE_SIDE_STYLE ('',( #2083 ) ) ;
#112 = PRESENTATION_LAYER_ASSIGNMENT (  '', '', ( #1394 ) ) ;
#113 = ORIENTED_EDGE ( 'NONE', *, *, #650, .T. ) ;
#114 = CARTESIAN_POINT ( 'NONE',  ( -1.369999999999999662, 0.5500000000000000444, -1.170000000000000817 ) ) ;
#115 = LINE ( 'NONE', #1016, #1620 ) ;
#116 = VERTEX_POINT ( 'NONE', #2298 ) ;
#117 = VERTEX_POINT ( 'NONE', #308 ) ;
#118 = CARTESIAN_POINT ( 'NONE',  ( 1.370000000000000551, 0.5500000000000000444, -1.020000000000000906 ) ) ;
#119 = DIRECTION ( 'NONE',  ( 0.000000000000000000, 0.000000000000000000, 1.000000000000000000 ) ) ;
#120 = EDGE_CURVE ( 'NONE', #961, #2910, #2112, .T. ) ;
#121 = EDGE_CURVE ( 'NONE', #804, #265, #2812, .T. ) ;
#122 = EDGE_LOOP ( 'NONE', ( #1833, #2134, #712, #851 ) ) ;
#123 = DIRECTION ( 'NONE',  ( 0.000000000000000000, -1.000000000000000000, 0.000000000000000000 ) ) ;
#124 = CARTESIAN_POINT ( 'NONE',  ( -0.4499999999999996780, 0.01000000000000000021, 1.180000000000000826 ) ) ;
#125 = CARTESIAN_POINT ( 'NONE',  ( -1.530000000000000249, -1.362093976199881373, 0.3500000000000001443 ) ) ;
#126 = DIRECTION ( 'NONE',  ( 0.000000000000000000, 0.000000000000000000, 1.000000000000000000 ) ) ;
#127 = LINE ( 'NONE', #976, #1331 ) ;
#128 = ORIENTED_EDGE ( 'NONE', *, *, #2575, .F. ) ;
#129 = UNCERTAINTY_MEASURE_WITH_UNIT (LENGTH_MEASURE( 1.000000000000000082E-05 ), #2518, 'distance_accuracy_value', 'NONE');
#130 = FILL_AREA_STYLE ('',( #2864 ) ) ;
#131 = EDGE_LOOP ( 'NONE', ( #2837, #371, #1729, #2152 ) ) ;
#132 = SURFACE_SIDE_STYLE ('',( #1260 ) ) ;
#133 =( LENGTH_UNIT ( ) NAMED_UNIT ( * ) SI_UNIT ( .MILLI., .METRE. ) );
#134 = PRESENTATION_LAYER_ASSIGNMENT (  '', '', ( #1964 ) ) ;
#135 = PRODUCT ( 'MCSJK-7U', 'MCSJK-7U', '', ( #2683 ) ) ;
#136 = COLOUR_RGB ( '',1.000000000000000000, 0.8431372549019607865, 0.000000000000000000 ) ;
#137 = EDGE_LOOP ( 'NONE', ( #2916, #2263, #1734, #301, #1017, #65, #43, #180, #1678 ) ) ;
#138 = CARTESIAN_POINT ( 'NONE',  ( 1.600000000000000533, 0.6999999999999999556, 1.249999999999999112 ) ) ;
#139 = LINE ( 'NONE', #2612, #1278 ) ;
#140 = CARTESIAN_POINT ( 'NONE',  ( -1.219999999999999973, 0.5999999999999999778, 0.7699999999999995737 ) ) ;
#141 = COLOUR_RGB ( '',1.000000000000000000, 0.8431372549019607865, 0.000000000000000000 ) ;
#142 = AXIS2_PLACEMENT_3D ( 'NONE', #2854, #1513, #2868 ) ;
#143 = EDGE_CURVE ( 'NONE', #1640, #2629, #534, .T. ) ;
#144 = CIRCLE ( 'NONE', #1092, 0.1000000000000001582 ) ;
#145 = AXIS2_PLACEMENT_3D ( 'NONE', #58, #80, #957 ) ;
#146 = DIRECTION ( 'NONE',  ( 0.000000000000000000, 0.000000000000000000, -1.000000000000000000 ) ) ;
#147 = AXIS2_PLACEMENT_3D ( 'NONE', #1505, #2189, #833 ) ;
#148 = ORIENTED_EDGE ( 'NONE', *, *, #685, .T. ) ;
#149 =( LENGTH_UNIT ( ) NAMED_UNIT ( * ) SI_UNIT ( .MILLI., .METRE. ) );
#150 = CARTESIAN_POINT ( 'NONE',  ( -1.469999999999999973, 0.6500000000000000222, 0.000000000000000000 ) ) ;
#151 = VECTOR ( 'NONE', #939, 1000.000000000000000 ) ;
#152 = ORIENTED_EDGE ( 'NONE', *, *, #1431, .T. ) ;
#153 = CARTESIAN_POINT ( 'NONE',  ( 1.530000000000000027, -0.3106344704265987522, 1.068412871848454460 ) ) ;
#154 = CARTESIAN_POINT ( 'NONE',  ( -1.599999999999999645, 0.000000000000000000, 1.149999999999999467 ) ) ;
#155 = DIRECTION ( 'NONE',  ( -0.000000000000000000, 1.000000000000000000, -0.000000000000000000 ) ) ;
#156 = CARTESIAN_POINT ( 'NONE',  ( 1.530000000000000249, 0.01000000000000000021, 1.068412871848454682 ) ) ;
#157 = CARTESIAN_POINT ( 'NONE',  ( -1.530000000000000249, 0.01000000000000000021, 0.3500000000000001443 ) ) ;
#158 = UNCERTAINTY_MEASURE_WITH_UNIT (LENGTH_MEASURE( 1.000000000000000082E-05 ), #533, 'distance_accuracy_value', 'NONE');
#159 = EDGE_CURVE ( 'NONE', #1452, #389, #618, .T. ) ;
#160 = LINE ( 'NONE', #1289, #2651 ) ;
#161 =( NAMED_UNIT ( * ) PLANE_ANGLE_UNIT ( ) SI_UNIT ( $, .RADIAN. ) );
#162 = EDGE_CURVE ( 'NONE', #178, #8, #840, .T. ) ;
#163 = ORIENTED_EDGE ( 'NONE', *, *, #2852, .T. ) ;
#164 = DIRECTION ( 'NONE',  ( 0.000000000000000000, -0.000000000000000000, 1.000000000000000000 ) ) ;
#165 = DIRECTION ( 'NONE',  ( 0.000000000000000000, -1.000000000000000000, 0.000000000000000000 ) ) ;
#166 = FILL_AREA_STYLE ('',( #853 ) ) ;
#167 = ORIENTED_EDGE ( 'NONE', *, *, #120, .T. ) ;
#168 = CARTESIAN_POINT ( 'NONE',  ( -1.369999999999999885, 0.5500000000000000444, 1.019999999999999574 ) ) ;
#169 = DIRECTION ( 'NONE',  ( -9.143873743853642848E-16, 0.000000000000000000, -1.000000000000000000 ) ) ;
#170 = CARTESIAN_POINT ( 'NONE',  ( -1.437568475966023218, 0.000000000000000000, 1.249999999999999556 ) ) ;
#171 = DIRECTION ( 'NONE',  ( -0.000000000000000000, 0.000000000000000000, 1.000000000000000000 ) ) ;
#172 = SURFACE_SIDE_STYLE ('',( #1769 ) ) ;
#173 =( NAMED_UNIT ( * ) PLANE_ANGLE_UNIT ( ) SI_UNIT ( $, .RADIAN. ) );
#174 = EDGE_CURVE ( 'NONE', #1452, #1700, #1703, .T. ) ;
#175 = EDGE_CURVE ( 'NONE', #1304, #232, #2626, .T. ) ;
#176 =( NAMED_UNIT ( * ) PLANE_ANGLE_UNIT ( ) SI_UNIT ( $, .RADIAN. ) );
#177 = EDGE_CURVE ( 'NONE', #2787, #583, #1932, .T. ) ;
#178 = VERTEX_POINT ( 'NONE', #2144 ) ;
#179 = CARTESIAN_POINT ( 'NONE',  ( -0.4500000000000003997, -1.362093976199881373, 0.3500000000000000333 ) ) ;
#180 = ORIENTED_EDGE ( 'NONE', *, *, #121, .F. ) ;
#181 = FILL_AREA_STYLE_COLOUR ( '', #1694 ) ;
#182 = CYLINDRICAL_SURFACE ( 'NONE', #444, 0.1499999999999999667 ) ;
#183 = STYLED_ITEM ( 'NONE', ( #1664 ), #1441 ) ;
#184 = FACE_OUTER_BOUND ( 'NONE', #2147, .T. ) ;
#185 = VECTOR ( 'NONE', #2750, 1000.000000000000000 ) ;
#186 = AXIS2_PLACEMENT_3D ( 'NONE', #1488, #1026, #826 ) ;
#187 = VECTOR ( 'NONE', #1590, 999.9999999999998863 ) ;
#188 = AXIS2_PLACEMENT_3D ( 'NONE', #1735, #1937, #2860 ) ;
#189 = FACE_OUTER_BOUND ( 'NONE', #2825, .T. ) ;
#190 = CARTESIAN_POINT ( 'NONE',  ( -1.399999999999999911, 0.4099999999999997535, -1.050000000000000488 ) ) ;
#191 = CIRCLE ( 'NONE', #2318, 0.1000000000000000472 ) ;
#192 = COLOUR_RGB ( '',0.7529411764705882248, 0.7529411764705882248, 0.7529411764705882248 ) ;
#193 = CARTESIAN_POINT ( 'NONE',  ( 1.347968475966024871, 0.01000000000000000021, -1.180000000000000604 ) ) ;
#194 = SURFACE_SIDE_STYLE ('',( #2416 ) ) ;
#195 = EDGE_CURVE ( 'NONE', #2540, #1944, #814, .T. ) ;
#196 = ORIENTED_EDGE ( 'NONE', *, *, #2498, .F. ) ;
#197 = FILL_AREA_STYLE ('',( #488 ) ) ;
#198 = CARTESIAN_POINT ( 'NONE',  ( 1.550000000000000488, 0.4099999999999997535, 1.199999999999999289 ) ) ;
#199 = DIRECTION ( 'NONE',  ( 1.000000000000000000, -0.000000000000000000, -1.355252715606880543E-16 ) ) ;
#200 = PRESENTATION_LAYER_ASSIGNMENT (  '', '', ( #1475 ) ) ;
#201 = VERTEX_POINT ( 'NONE', #140 ) ;
#202 = PLANE ( 'NONE',  #1925 ) ;
#203 = ORIENTED_EDGE ( 'NONE', *, *, #2922, .T. ) ;
#204 = EDGE_CURVE ( 'NONE', #472, #1449, #1501, .T. ) ;
#205 = SURFACE_SIDE_STYLE ('',( #1770 ) ) ;
#206 = CARTESIAN_POINT ( 'NONE',  ( 1.400000000000000355, 0.4099999999999997535, -1.050000000000000933 ) ) ;
#207 = CARTESIAN_POINT ( 'NONE',  ( 0.4499999999999999001, 0.000000000000000000, -1.180000000000000604 ) ) ;
#208 = PLANE ( 'NONE',  #889 ) ;
#209 = EDGE_LOOP ( 'NONE', ( #2345, #2543, #38, #989, #1402, #530, #1214, #1644, #1396, #2254 ) ) ;
#210 = DIRECTION ( 'NONE',  ( -0.000000000000000000, 0.000000000000000000, -1.000000000000000000 ) ) ;
#211 = EDGE_CURVE ( 'NONE', #2632, #361, #597, .T. ) ;
#212 = SURFACE_STYLE_FILL_AREA ( #872 ) ;
#213 = LINE ( 'NONE', #503, #674 ) ;
#214 = ORIENTED_EDGE ( 'NONE', *, *, #1318, .T. ) ;
#215 = FACE_OUTER_BOUND ( 'NONE', #291, .T. ) ;
#216 = FILL_AREA_STYLE ('',( #2716 ) ) ;
#217 = CARTESIAN_POINT ( 'NONE',  ( 1.370000000000000551, 0.6999999999999999556, -1.020000000000000906 ) ) ;
#218 =( NAMED_UNIT ( * ) PLANE_ANGLE_UNIT ( ) SI_UNIT ( $, .RADIAN. ) );
#219 = CARTESIAN_POINT ( 'NONE',  ( 1.600000000000000533, 0.000000000000000000, -1.387778780781446169E-16 ) ) ;
#220 = DIRECTION ( 'NONE',  ( 0.000000000000000000, 0.000000000000000000, -1.000000000000000000 ) ) ;
#221 =( NAMED_UNIT ( * ) SI_UNIT ( $, .STERADIAN. ) SOLID_ANGLE_UNIT ( ) );
#222 = EDGE_LOOP ( 'NONE', ( #1706, #2714, #345, #2359 ) ) ;
#223 = DIRECTION ( 'NONE',  ( -0.000000000000000000, -1.000000000000000000, -0.000000000000000000 ) ) ;
#224 = ORIENTED_EDGE ( 'NONE', *, *, #1834, .T. ) ;
#225 = CARTESIAN_POINT ( 'NONE',  ( -0.8000000000000020428, 0.01000000000000000021, 0.3500000000000000888 ) ) ;
#226 = PLANE ( 'NONE',  #2598 ) ;
#227 = CARTESIAN_POINT ( 'NONE',  ( -1.469999999999999751, 0.6999999999999999556, -1.020000000000000906 ) ) ;
#228 = MECHANICAL_DESIGN_GEOMETRIC_PRESENTATION_REPRESENTATION (  '', ( #1964 ), #2503 ) ;
#229 = ADVANCED_FACE ( 'NONE', ( #1067 ), #357, .F. ) ;
#230 = CARTESIAN_POINT ( 'NONE',  ( 1.347968475966027757, 0.01000000000000000021, 1.180000000000000826 ) ) ;
#231 = CIRCLE ( 'NONE', #1417, 0.1499999999999999667 ) ;
#232 = VERTEX_POINT ( 'NONE', #799 ) ;
#233 = DIRECTION ( 'NONE',  ( 0.000000000000000000, -1.000000000000000000, 0.000000000000000000 ) ) ;
#234 = PRESENTATION_LAYER_ASSIGNMENT (  '', '', ( #1081 ) ) ;
#235 = PRESENTATION_LAYER_ASSIGNMENT (  '', '', ( #96 ) ) ;
#236 = VECTOR ( 'NONE', #392, 1000.000000000000000 ) ;
#237 = COLOUR_RGB ( '',1.000000000000000000, 0.8431372549019607865, 0.000000000000000000 ) ;
#238 = DIRECTION ( 'NONE',  ( 0.000000000000000000, 1.000000000000000000, -0.000000000000000000 ) ) ;
#239 = ORIENTED_EDGE ( 'NONE', *, *, #2360, .T. ) ;
#240 = SURFACE_STYLE_USAGE ( .BOTH. , #907 ) ;
#241 = FILL_AREA_STYLE_COLOUR ( '', #2079 ) ;
#242 = EDGE_LOOP ( 'NONE', ( #1873, #2076, #552, #1838 ) ) ;
#243 = DIRECTION ( 'NONE',  ( -1.959401516540066395E-16, 0.000000000000000000, -1.000000000000000000 ) ) ;
#244 = DIRECTION ( 'NONE',  ( 0.000000000000000000, -0.000000000000000000, -1.000000000000000000 ) ) ;
#245 = ORIENTED_EDGE ( 'NONE', *, *, #471, .F. ) ;
#246 = SURFACE_STYLE_USAGE ( .BOTH. , #1849 ) ;
#247 = EDGE_CURVE ( 'NONE', #265, #1433, #2613, .T. ) ;
#248 = FILL_AREA_STYLE_COLOUR ( '', #2921 ) ;
#249 = VECTOR ( 'NONE', #984, 1000.000000000000000 ) ;
#250 = MECHANICAL_DESIGN_GEOMETRIC_PRESENTATION_REPRESENTATION (  '', ( #1008 ), #343 ) ;
#251 = CARTESIAN_POINT ( 'NONE',  ( -1.550000000000000044, 0.5500000000000000444, -1.050000000000000488 ) ) ;
#252 = EDGE_LOOP ( 'NONE', ( #1747, #2717, #1389, #686 ) ) ;
#253 =( LENGTH_UNIT ( ) NAMED_UNIT ( * ) SI_UNIT ( .MILLI., .METRE. ) );
#254 = PLANE ( 'NONE',  #2072 ) ;
#255 = CARTESIAN_POINT ( 'NONE',  ( 1.400000000000000577, 0.5500000000000000444, 1.199999999999999289 ) ) ;
#256 = EDGE_LOOP ( 'NONE', ( #2485, #2414, #1520, #2611 ) ) ;
#257 = CARTESIAN_POINT ( 'NONE',  ( -1.530000000000000249, 0.01000000000000000021, 1.180000000000000826 ) ) ;
#258 = CARTESIAN_POINT ( 'NONE',  ( 0.4499999999999999001, -1.362093976199881373, -1.180000000000000604 ) ) ;
#259 = VERTEX_POINT ( 'NONE', #2871 ) ;
#260 = FILL_AREA_STYLE_COLOUR ( '', #854 ) ;
#261 = EDGE_CURVE ( 'NONE', #1433, #1588, #393, .T. ) ;
#262 = CARTESIAN_POINT ( 'NONE',  ( -1.369999999999999885, 0.6500000000000000222, 1.119999999999999662 ) ) ;
#263 = LINE ( 'NONE', #466, #491 ) ;
#264 = EDGE_CURVE ( 'NONE', #2375, #549, #2640, .T. ) ;
#265 = VERTEX_POINT ( 'NONE', #1299 ) ;
#266 = LINE ( 'NONE', #316, #1745 ) ;
#267 = DIRECTION ( 'NONE',  ( -0.000000000000000000, 1.000000000000000000, -0.000000000000000000 ) ) ;
#268 = EDGE_LOOP ( 'NONE', ( #163, #1780, #1224, #1024 ) ) ;
#269 = LINE ( 'NONE', #973, #1366 ) ;
#270 = CARTESIAN_POINT ( 'NONE',  ( 1.520000000000000462, 0.5500000000000000444, -1.020000000000000906 ) ) ;
#271 = DIRECTION ( 'NONE',  ( 9.035018104045869462E-17, 0.000000000000000000, 1.000000000000000000 ) ) ;
#272 = AXIS2_PLACEMENT_3D ( 'NONE', #968, #342, #126 ) ;
#273 = DIRECTION ( 'NONE',  ( 1.000000000000000000, 0.000000000000000000, 0.000000000000000000 ) ) ;
#274 = EDGE_LOOP ( 'NONE', ( #2758, #2736, #2248, #2436 ) ) ;
#275 = CIRCLE ( 'NONE', #656, 0.1499999999999999667 ) ;
#276 = LINE ( 'NONE', #1254, #1876 ) ;
#277 = DIRECTION ( 'NONE',  ( 0.000000000000000000, 0.000000000000000000, 1.000000000000000000 ) ) ;
#278 = AXIS2_PLACEMENT_3D ( 'NONE', #723, #941, #449 ) ;
#279 = CIRCLE ( 'NONE', #1375, 0.1000000000000000472 ) ;
#280 = VECTOR ( 'NONE', #2801, 1000.000000000000000 ) ;
#281 = COLOUR_RGB ( '',0.7529411764705882248, 0.7529411764705882248, 0.7529411764705882248 ) ;
#282 = ORIENTED_EDGE ( 'NONE', *, *, #1991, .F. ) ;
#283 = DIRECTION ( 'NONE',  ( 0.000000000000000000, -1.000000000000000000, 0.000000000000000000 ) ) ;
#284 = EDGE_CURVE ( 'NONE', #2023, #695, #2196, .T. ) ;
#285 = CIRCLE ( 'NONE', #145, 0.1000000000000000472 ) ;
#286 = VECTOR ( 'NONE', #433, 1000.000000000000000 ) ;
#287 = ORIENTED_EDGE ( 'NONE', *, *, #159, .F. ) ;
#288 = PRESENTATION_LAYER_ASSIGNMENT (  '', '', ( #2926 ) ) ;
#289 = CARTESIAN_POINT ( 'NONE',  ( -1.369999999999999885, 0.5500000000000000444, 1.169999999999999707 ) ) ;
#290 = FACE_OUTER_BOUND ( 'NONE', #2767, .T. ) ;
#291 = EDGE_LOOP ( 'NONE', ( #1049, #2129, #148, #1250 ) ) ;
#292 = VERTEX_POINT ( 'NONE', #489 ) ;
#293 =( NAMED_UNIT ( * ) SI_UNIT ( $, .STERADIAN. ) SOLID_ANGLE_UNIT ( ) );
#294 = ADVANCED_FACE ( 'NONE', ( #2236 ), #1116, .T. ) ;
#295 = VERTEX_POINT ( 'NONE', #2495 ) ;
#296 =( NAMED_UNIT ( * ) PLANE_ANGLE_UNIT ( ) SI_UNIT ( $, .RADIAN. ) );
#297 = SURFACE_SIDE_STYLE ('',( #1440 ) ) ;
#298 = CARTESIAN_POINT ( 'NONE',  ( -1.219999999999999973, 0.5999999999999999778, 0.8699999999999996625 ) ) ;
#299 = DIRECTION ( 'NONE',  ( 0.000000000000000000, 0.000000000000000000, 1.000000000000000000 ) ) ;
#300 = VERTEX_POINT ( 'NONE', #2468 ) ;
#301 = ORIENTED_EDGE ( 'NONE', *, *, #1044, .T. ) ;
#302 =( NAMED_UNIT ( * ) SI_UNIT ( $, .STERADIAN. ) SOLID_ANGLE_UNIT ( ) );
#303 = LINE ( 'NONE', #2569, #2563 ) ;
#304 =( NAMED_UNIT ( * ) SI_UNIT ( $, .STERADIAN. ) SOLID_ANGLE_UNIT ( ) );
#305 = MECHANICAL_DESIGN_GEOMETRIC_PRESENTATION_REPRESENTATION (  '', ( #413 ), #1825 ) ;
#306 = EDGE_LOOP ( 'NONE', ( #1487, #1183, #1621, #1246 ) ) ;
#307 = PLANE ( 'NONE',  #1693 ) ;
#308 = CARTESIAN_POINT ( 'NONE',  ( -1.530000000000000249, 0.000000000000000000, 1.068412871848457124 ) ) ;
#309 = CARTESIAN_POINT ( 'NONE',  ( -1.437568475966023884, 0.000000000000000000, -1.250000000000000444 ) ) ;
#310 = ORIENTED_EDGE ( 'NONE', *, *, #1901, .F. ) ;
#311 = PLANE ( 'NONE',  #188 ) ;
#312 = ADVANCED_FACE ( 'NONE', ( #2266, #5 ), #254, .T. ) ;
#313 = VECTOR ( 'NONE', #746, 1000.000000000000000 ) ;
#314 = ORIENTED_EDGE ( 'NONE', *, *, #2581, .T. ) ;
#315 = COLOUR_RGB ( '',1.000000000000000000, 0.8431372549019607865, 0.000000000000000000 ) ;
#316 = CARTESIAN_POINT ( 'NONE',  ( 1.550000000000000488, 0.5500000000000000444, -1.200000000000001066 ) ) ;
#317 = FACE_OUTER_BOUND ( 'NONE', #268, .T. ) ;
#318 = VECTOR ( 'NONE', #1569, 1000.000000000000000 ) ;
#319 =( GEOMETRIC_REPRESENTATION_CONTEXT ( 3 ) GLOBAL_UNCERTAINTY_ASSIGNED_CONTEXT ( ( #645 ) ) GLOBAL_UNIT_ASSIGNED_CONTEXT ( ( #1354, #63, #2715 ) ) REPRESENTATION_CONTEXT ( 'NONE', 'WORKASPACE' ) );
#320 = AXIS2_PLACEMENT_3D ( 'NONE', #943, #1356, #679 ) ;
#321 = ORIENTED_EDGE ( 'NONE', *, *, #991, .F. ) ;
#322 = SURFACE_STYLE_USAGE ( .BOTH. , #1204 ) ;
#323 = PRESENTATION_LAYER_ASSIGNMENT (  '', '', ( #1615 ) ) ;
#324 = VECTOR ( 'NONE', #1500, 1000.000000000000000 ) ;
#325 = VECTOR ( 'NONE', #2403, 1000.000000000000000 ) ;
#326 = CIRCLE ( 'NONE', #1981, 0.04999999999999991257 ) ;
#327 = CARTESIAN_POINT ( 'NONE',  ( -1.694065894508601664E-16, 0.000000000000000000, -1.250000000000000666 ) ) ;
#328 = ORIENTED_EDGE ( 'NONE', *, *, #143, .F. ) ;
#329 = SURFACE_STYLE_USAGE ( .BOTH. , #2804 ) ;
#330 = CARTESIAN_POINT ( 'NONE',  ( 0.4499999999999996780, 0.01000000000000000021, 0.3500000000000000333 ) ) ;
#331 = EDGE_CURVE ( 'NONE', #1695, #2666, #925, .T. ) ;
#332 = SURFACE_SIDE_STYLE ('',( #1941 ) ) ;
#333 = VERTEX_POINT ( 'NONE', #1168 ) ;
#334 = DIRECTION ( 'NONE',  ( -0.000000000000000000, -1.000000000000000000, -0.000000000000000000 ) ) ;
#335 = PRESENTATION_STYLE_ASSIGNMENT (( #2176 ) ) ;
#336 = CARTESIAN_POINT ( 'NONE',  ( 0.4499999999999996225, 0.01000000000000000021, -0.3499999999999998668 ) ) ;
#337 = AXIS2_PLACEMENT_3D ( 'NONE', #2554, #2340, #565 ) ;
#338 = ORIENTED_EDGE ( 'NONE', *, *, #2706, .F. ) ;
#339 = PLANE ( 'NONE',  #891 ) ;
#340 =( NAMED_UNIT ( * ) SI_UNIT ( $, .STERADIAN. ) SOLID_ANGLE_UNIT ( ) );
#341 =( LENGTH_UNIT ( ) NAMED_UNIT ( * ) SI_UNIT ( .MILLI., .METRE. ) );
#342 = DIRECTION ( 'NONE',  ( 0.000000000000000000, 1.000000000000000000, 0.000000000000000000 ) ) ;
#343 =( GEOMETRIC_REPRESENTATION_CONTEXT ( 3 ) GLOBAL_UNCERTAINTY_ASSIGNED_CONTEXT ( ( #643 ) ) GLOBAL_UNIT_ASSIGNED_CONTEXT ( ( #1319, #794, #1698 ) ) REPRESENTATION_CONTEXT ( 'NONE', 'WORKASPACE' ) );
#344 =( NAMED_UNIT ( * ) SI_UNIT ( $, .STERADIAN. ) SOLID_ANGLE_UNIT ( ) );
#345 = ORIENTED_EDGE ( 'NONE', *, *, #992, .F. ) ;
#346 = LINE ( 'NONE', #1258, #1605 ) ;
#347 = CIRCLE ( 'NONE', #401, 0.1000000000000001582 ) ;
#348 = PRESENTATION_STYLE_ASSIGNMENT (( #2190 ) ) ;
#349 = EDGE_LOOP ( 'NONE', ( #1218, #1823, #76, #998 ) ) ;
#350 = FILL_AREA_STYLE ('',( #2381 ) ) ;
#351 = CARTESIAN_POINT ( 'NONE',  ( -1.530000000000000693, 0.000000000000000000, -1.180000000000000826 ) ) ;
#352 = LINE ( 'NONE', #638, #1161 ) ;
#353 = EDGE_CURVE ( 'NONE', #1136, #972, #937, .T. ) ;
#354 = ORIENTED_EDGE ( 'NONE', *, *, #2922, .F. ) ;
#355 = CARTESIAN_POINT ( 'NONE',  ( -1.219999999999999973, 0.6999999999999999556, 0.9699999999999998623 ) ) ;
#356 = DIRECTION ( 'NONE',  ( 0.000000000000000000, 0.000000000000000000, -1.000000000000000000 ) ) ;
#357 = PLANE ( 'NONE',  #1369 ) ;
#358 = CARTESIAN_POINT ( 'NONE',  ( 1.470000000000000639, 0.6999999999999999556, -1.020000000000000906 ) ) ;
#359 = CIRCLE ( 'NONE', #933, 0.04999999999999991257 ) ;
#360 = PLANE ( 'NONE',  #1469 ) ;
#361 = VERTEX_POINT ( 'NONE', #1102 ) ;
#362 = SURFACE_SIDE_STYLE ('',( #411 ) ) ;
#363 = UNCERTAINTY_MEASURE_WITH_UNIT (LENGTH_MEASURE( 1.000000000000000082E-05 ), #1126, 'distance_accuracy_value', 'NONE');
#364 = DIRECTION ( 'NONE',  ( 0.6156440419723148150, 0.000000000000000000, -0.7880243737245635760 ) ) ;
#365 = CIRCLE ( 'NONE', #1313, 0.1499999999999999667 ) ;
#366 = CARTESIAN_POINT ( 'NONE',  ( 1.530000000000000249, 0.000000000000000000, -1.180000000000000604 ) ) ;
#367 = ORIENTED_EDGE ( 'NONE', *, *, #1552, .F. ) ;
#368 = CARTESIAN_POINT ( 'NONE',  ( -1.399999999999999689, 0.5500000000000000444, 1.199999999999999734 ) ) ;
#369 = MECHANICAL_DESIGN_GEOMETRIC_PRESENTATION_REPRESENTATION (  '', ( #990 ), #1230 ) ;
#370 = PRESENTATION_LAYER_ASSIGNMENT (  '', '', ( #2741 ) ) ;
#371 = ORIENTED_EDGE ( 'NONE', *, *, #2891, .T. ) ;
#372 = EDGE_CURVE ( 'NONE', #790, #1944, #443, .T. ) ;
#373 = DIRECTION ( 'NONE',  ( 0.000000000000000000, -0.000000000000000000, -1.000000000000000000 ) ) ;
#374 = FILL_AREA_STYLE ('',( #2209 ) ) ;
#375 = DIRECTION ( 'NONE',  ( -1.000000000000000000, 0.000000000000000000, 1.355252715606880543E-16 ) ) ;
#376 = PRESENTATION_LAYER_ASSIGNMENT (  '', '', ( #2113 ) ) ;
#377 = VECTOR ( 'NONE', #2472, 1000.000000000000000 ) ;
#378 = VECTOR ( 'NONE', #2670, 1000.000000000000000 ) ;
#379 = PRESENTATION_LAYER_ASSIGNMENT (  '', '', ( #101 ) ) ;
#380 = CARTESIAN_POINT ( 'NONE',  ( 0.4499999999999996780, -1.362093976199881373, 0.3500000000000000333 ) ) ;
#381 = PRESENTATION_LAYER_ASSIGNMENT (  '', '', ( #2789 ) ) ;
#382 = VERTEX_POINT ( 'NONE', #1560 ) ;
#383 =( LENGTH_UNIT ( ) NAMED_UNIT ( * ) SI_UNIT ( .MILLI., .METRE. ) );
#384 = DIRECTION ( 'NONE',  ( 0.000000000000000000, 0.000000000000000000, 1.000000000000000000 ) ) ;
#385 = DIRECTION ( 'NONE',  ( -1.003890900449540586E-16, 0.000000000000000000, -1.000000000000000000 ) ) ;
#386 =( GEOMETRIC_REPRESENTATION_CONTEXT ( 3 ) GLOBAL_UNCERTAINTY_ASSIGNED_CONTEXT ( ( #1996 ) ) GLOBAL_UNIT_ASSIGNED_CONTEXT ( ( #2615, #84, #344 ) ) REPRESENTATION_CONTEXT ( 'NONE', 'WORKASPACE' ) );
#387 = CARTESIAN_POINT ( 'NONE',  ( -1.219999999999999973, 0.5999999999999999778, 0.8699999999999996625 ) ) ;
#388 = CARTESIAN_POINT ( 'NONE',  ( -1.469999999999999751, 0.6500000000000000222, -1.020000000000000906 ) ) ;
#389 = VERTEX_POINT ( 'NONE', #2127 ) ;
#390 = ORIENTED_EDGE ( 'NONE', *, *, #284, .T. ) ;
#391 = DIRECTION ( 'NONE',  ( 0.000000000000000000, 0.000000000000000000, 1.000000000000000000 ) ) ;
#392 = DIRECTION ( 'NONE',  ( -9.035018104045869462E-17, 0.000000000000000000, -1.000000000000000000 ) ) ;
#393 = LINE ( 'NONE', #1053, #841 ) ;
#394 = EDGE_CURVE ( 'NONE', #670, #1433, #983, .T. ) ;
#395 = FILL_AREA_STYLE ('',( #1781 ) ) ;
#396 = ORIENTED_EDGE ( 'NONE', *, *, #578, .T. ) ;
#397 =( LENGTH_UNIT ( ) NAMED_UNIT ( * ) SI_UNIT ( .MILLI., .METRE. ) );
#398 = SURFACE_STYLE_USAGE ( .BOTH. , #205 ) ;
#399 = UNCERTAINTY_MEASURE_WITH_UNIT (LENGTH_MEASURE( 1.000000000000000082E-05 ), #1288, 'distance_accuracy_value', 'NONE');
#400 = ADVANCED_FACE ( 'NONE', ( #1010 ), #996, .T. ) ;
#401 = AXIS2_PLACEMENT_3D ( 'NONE', #404, #1306, #2206 ) ;
#402 = ORIENTED_EDGE ( 'NONE', *, *, #650, .F. ) ;
#403 = CARTESIAN_POINT ( 'NONE',  ( -1.369999999999999885, 0.6999999999999999556, 1.119999999999999662 ) ) ;
#404 = CARTESIAN_POINT ( 'NONE',  ( -1.219999999999999973, 0.6999999999999999556, 0.8699999999999996625 ) ) ;
#405 = ORIENTED_EDGE ( 'NONE', *, *, #1900, .F. ) ;
#406 = CARTESIAN_POINT ( 'NONE',  ( 0.06156440419723156060, 0.01000000000000000021, 0.07880243737245636038 ) ) ;
#407 = DIRECTION ( 'NONE',  ( 3.265669194233443663E-16, 0.000000000000000000, -1.000000000000000000 ) ) ;
#408 = SURFACE_STYLE_USAGE ( .BOTH. , #2827 ) ;
#409 = DIRECTION ( 'NONE',  ( 0.000000000000000000, 0.000000000000000000, 1.000000000000000000 ) ) ;
#410 = ORIENTED_EDGE ( 'NONE', *, *, #394, .F. ) ;
#411 = SURFACE_STYLE_FILL_AREA ( #1998 ) ;
#412 = CYLINDRICAL_SURFACE ( 'NONE', #2834, 0.1499999999999999667 ) ;
#413 = STYLED_ITEM ( 'NONE', ( #1462 ), #731 ) ;
#414 = STYLED_ITEM ( 'NONE', ( #1668 ), #604 ) ;
#415 = DIRECTION ( 'NONE',  ( -8.673617379884036705E-17, 0.000000000000000000, -1.000000000000000000 ) ) ;
#416 = EDGE_CURVE ( 'NONE', #1695, #1660, #110, .T. ) ;
#417 = CARTESIAN_POINT ( 'NONE',  ( 1.520000000000000462, 0.5500000000000000444, -1.170000000000000817 ) ) ;
#418 = VECTOR ( 'NONE', #850, 1000.000000000000000 ) ;
#419 = ORIENTED_EDGE ( 'NONE', *, *, #2831, .F. ) ;
#420 = DIRECTION ( 'NONE',  ( 9.143873743853642848E-16, 0.000000000000000000, 1.000000000000000000 ) ) ;
#421 = EDGE_CURVE ( 'NONE', #2910, #2725, #720, .T. ) ;
#422 = ORIENTED_EDGE ( 'NONE', *, *, #353, .F. ) ;
#423 = FILL_AREA_STYLE_COLOUR ( '', #1082 ) ;
#424 = VECTOR ( 'NONE', #1636, 1000.000000000000000 ) ;
#425 = PRESENTATION_STYLE_ASSIGNMENT (( #1336 ) ) ;
#426 = PRESENTATION_LAYER_ASSIGNMENT (  '', '', ( #1135 ) ) ;
#427 = ORIENTED_EDGE ( 'NONE', *, *, #1376, .F. ) ;
#428 =( NAMED_UNIT ( * ) PLANE_ANGLE_UNIT ( ) SI_UNIT ( $, .RADIAN. ) );
#429 = SURFACE_STYLE_USAGE ( .BOTH. , #172 ) ;
#430 = CARTESIAN_POINT ( 'NONE',  ( -1.530000000000000249, 0.01000000000000000021, 1.068412871848457124 ) ) ;
#431 = COLOUR_RGB ( '',0.7529411764705882248, 0.7529411764705882248, 0.7529411764705882248 ) ;
#432 = MECHANICAL_DESIGN_GEOMETRIC_PRESENTATION_REPRESENTATION (  '', ( #2220 ), #2118 ) ;
#433 = DIRECTION ( 'NONE',  ( -0.000000000000000000, -1.000000000000000000, -0.000000000000000000 ) ) ;
#434 = LINE ( 'NONE', #2718, #37 ) ;
#435 = PRESENTATION_LAYER_ASSIGNMENT (  '', '', ( #665 ) ) ;
#436 = EDGE_CURVE ( 'NONE', #2629, #670, #1879, .T. ) ;
#437 = EDGE_CURVE ( 'NONE', #2709, #57, #266, .T. ) ;
#438 = PRESENTATION_LAYER_ASSIGNMENT (  '', '', ( #1752 ) ) ;
#439 = SURFACE_STYLE_USAGE ( .BOTH. , #1346 ) ;
#440 = ORIENTED_EDGE ( 'NONE', *, *, #436, .T. ) ;
#441 = PLANE ( 'NONE',  #1837 ) ;
#442 = SHAPE_DEFINITION_REPRESENTATION ( #1270, #2633 ) ;
#443 = LINE ( 'NONE', #1777, #1195 ) ;
#444 = AXIS2_PLACEMENT_3D ( 'NONE', #2671, #2659, #409 ) ;
#445 =( LENGTH_UNIT ( ) NAMED_UNIT ( * ) SI_UNIT ( .MILLI., .METRE. ) );
#446 = UNCERTAINTY_MEASURE_WITH_UNIT (LENGTH_MEASURE( 1.000000000000000082E-05 ), #904, 'distance_accuracy_value', 'NONE');
#447 = ORIENTED_EDGE ( 'NONE', *, *, #1631, .T. ) ;
#448 = UNCERTAINTY_MEASURE_WITH_UNIT (LENGTH_MEASURE( 1.000000000000000082E-05 ), #2520, 'distance_accuracy_value', 'NONE');
#449 = DIRECTION ( 'NONE',  ( 0.000000000000000000, 0.000000000000000000, 1.000000000000000000 ) ) ;
#450 =( NAMED_UNIT ( * ) PLANE_ANGLE_UNIT ( ) SI_UNIT ( $, .RADIAN. ) );
#451 = FACE_OUTER_BOUND ( 'NONE', #550, .T. ) ;
#452 = CARTESIAN_POINT ( 'NONE',  ( -1.530000000000000249, 0.01000000000000000021, 0.3500000000000001443 ) ) ;
#453 = CARTESIAN_POINT ( 'NONE',  ( 1.530000000000000249, 0.000000000000000000, 0.3500000000000000333 ) ) ;
#454 = DIRECTION ( 'NONE',  ( -1.000000000000000000, -0.000000000000000000, 1.003890900449540586E-16 ) ) ;
#455 = DIRECTION ( 'NONE',  ( 0.000000000000000000, -0.000000000000000000, -1.000000000000000000 ) ) ;
#456 = EDGE_LOOP ( 'NONE', ( #2701, #152, #338, #1051 ) ) ;
#457 = LINE ( 'NONE', #1364, #1557 ) ;
#458 = EDGE_CURVE ( 'NONE', #1013, #2400, #285, .T. ) ;
#459 = LINE ( 'NONE', #1337, #151 ) ;
#460 = ORIENTED_EDGE ( 'NONE', *, *, #726, .F. ) ;
#461 = DIRECTION ( 'NONE',  ( 0.000000000000000000, 0.000000000000000000, 1.000000000000000000 ) ) ;
#462 = DIRECTION ( 'NONE',  ( 0.000000000000000000, 0.000000000000000000, -1.000000000000000000 ) ) ;
#463 = FILL_AREA_STYLE_COLOUR ( '', #237 ) ;
#464 = CARTESIAN_POINT ( 'NONE',  ( 1.600000000000000311, 0.6999999999999999556, -1.250000000000000888 ) ) ;
#465 = LINE ( 'NONE', #1163, #2447 ) ;
#466 = CARTESIAN_POINT ( 'NONE',  ( 1.437568475966025661, -0.3106344704265987522, 1.249999999999998890 ) ) ;
#467 = ORIENTED_EDGE ( 'NONE', *, *, #1480, .T. ) ;
#468 = SURFACE_STYLE_FILL_AREA ( #2496 ) ;
#469 = EDGE_CURVE ( 'NONE', #2224, #2514, #1184, .T. ) ;
#470 = UNCERTAINTY_MEASURE_WITH_UNIT (LENGTH_MEASURE( 1.000000000000000082E-05 ), #10, 'distance_accuracy_value', 'NONE');
#471 = EDGE_CURVE ( 'NONE', #906, #981, #2064, .T. ) ;
#472 = VERTEX_POINT ( 'NONE', #68 ) ;
#473 = SURFACE_STYLE_FILL_AREA ( #927 ) ;
#474 =( LENGTH_UNIT ( ) NAMED_UNIT ( * ) SI_UNIT ( .MILLI., .METRE. ) );
#475 = SURFACE_STYLE_FILL_AREA ( #2057 ) ;
#476 = VECTOR ( 'NONE', #736, 1000.000000000000114 ) ;
#477 = MECHANICAL_DESIGN_GEOMETRIC_PRESENTATION_REPRESENTATION (  '', ( #2067 ), #945 ) ;
#478 = LINE ( 'NONE', #327, #2606 ) ;
#479 =( GEOMETRIC_REPRESENTATION_CONTEXT ( 3 ) GLOBAL_UNCERTAINTY_ASSIGNED_CONTEXT ( ( #1951 ) ) GLOBAL_UNIT_ASSIGNED_CONTEXT ( ( #2194, #1977, #1297 ) ) REPRESENTATION_CONTEXT ( 'NONE', 'WORKASPACE' ) );
#480 = ORIENTED_EDGE ( 'NONE', *, *, #555, .F. ) ;
#481 = CARTESIAN_POINT ( 'NONE',  ( -0.4500000000000001221, 0.01000000000000000021, 0.7000000000000005107 ) ) ;
#482 = VECTOR ( 'NONE', #2433, 1000.000000000000000 ) ;
#483 = VECTOR ( 'NONE', #760, 1000.000000000000000 ) ;
#484 = COLOUR_RGB ( '',0.7921568627450980005, 0.8196078431372548767, 0.9333333333333333481 ) ;
#485 = VECTOR ( 'NONE', #852, 1000.000000000000000 ) ;
#486 = CYLINDRICAL_SURFACE ( 'NONE', #2550, 0.1499999999999999667 ) ;
#487 = EDGE_LOOP ( 'NONE', ( #2086, #915, #1714, #1983 ) ) ;
#488 = FILL_AREA_STYLE_COLOUR ( '', #2404 ) ;
#489 = CARTESIAN_POINT ( 'NONE',  ( 1.530000000000000249, 0.01000000000000000021, -1.068412871848457790 ) ) ;
#490 = LINE ( 'NONE', #1388, #13 ) ;
#491 = VECTOR ( 'NONE', #1576, 1000.000000000000000 ) ;
#492 = VERTEX_POINT ( 'NONE', #733 ) ;
#493 = CARTESIAN_POINT ( 'NONE',  ( 1.600000000000000311, 0.4099999999999997535, -1.250000000000000888 ) ) ;
#494 =( NAMED_UNIT ( * ) SI_UNIT ( $, .STERADIAN. ) SOLID_ANGLE_UNIT ( ) );
#495 = EDGE_CURVE ( 'NONE', #492, #1968, #2173, .T. ) ;
#496 = PRESENTATION_STYLE_ASSIGNMENT (( #2735 ) ) ;
#497 = EDGE_LOOP ( 'NONE', ( #738, #1625, #1599, #622 ) ) ;
#498 =( NAMED_UNIT ( * ) PLANE_ANGLE_UNIT ( ) SI_UNIT ( $, .RADIAN. ) );
#499 = EDGE_CURVE ( 'NONE', #2867, #1120, #970, .T. ) ;
#500 = SURFACE_STYLE_FILL_AREA ( #1832 ) ;
#501 = ORIENTED_EDGE ( 'NONE', *, *, #2923, .T. ) ;
#502 = SURFACE_STYLE_USAGE ( .BOTH. , #1200 ) ;
#503 = CARTESIAN_POINT ( 'NONE',  ( 0.06156440419723210183, 0.000000000000000000, -0.07880243737245716529 ) ) ;
#504 = ORIENTED_EDGE ( 'NONE', *, *, #143, .T. ) ;
#505 = CARTESIAN_POINT ( 'NONE',  ( -1.530000000000000249, 0.01000000000000000021, 0.3500000000000001443 ) ) ;
#506 = FACE_OUTER_BOUND ( 'NONE', #1353, .T. ) ;
#507 = CARTESIAN_POINT ( 'NONE',  ( -1.347968475966025315, -0.3106344704265987522, -1.180000000000000826 ) ) ;
#508 = SURFACE_STYLE_FILL_AREA ( #1859 ) ;
#509 = ORIENTED_EDGE ( 'NONE', *, *, #2217, .F. ) ;
#510 = SURFACE_STYLE_FILL_AREA ( #1906 ) ;
#511 =( GEOMETRIC_REPRESENTATION_CONTEXT ( 3 ) GLOBAL_UNCERTAINTY_ASSIGNED_CONTEXT ( ( #1593 ) ) GLOBAL_UNIT_ASSIGNED_CONTEXT ( ( #1019, #1677, #821 ) ) REPRESENTATION_CONTEXT ( 'NONE', 'WORKASPACE' ) );
#512 = EDGE_CURVE ( 'NONE', #1060, #116, #303, .T. ) ;
#513 = CARTESIAN_POINT ( 'NONE',  ( 1.600000000000000533, 0.4100000000000000311, 1.249999999999999112 ) ) ;
#514 = PRESENTATION_LAYER_ASSIGNMENT (  '', '', ( #414 ) ) ;
#515 = ORIENTED_EDGE ( 'NONE', *, *, #2765, .F. ) ;
#516 = PRESENTATION_STYLE_ASSIGNMENT (( #2782 ) ) ;
#517 = ORIENTED_EDGE ( 'NONE', *, *, #630, .T. ) ;
#518 = CARTESIAN_POINT ( 'NONE',  ( 1.470000000000000639, 0.6500000000000000222, 0.000000000000000000 ) ) ;
#519 = ORIENTED_EDGE ( 'NONE', *, *, #421, .T. ) ;
#520 = AXIS2_PLACEMENT_3D ( 'NONE', #1869, #2544, #2559 ) ;
#521 = AXIS2_PLACEMENT_3D ( 'NONE', #1039, #1701, #1715 ) ;
#522 = CARTESIAN_POINT ( 'NONE',  ( -1.599999999999999645, 0.4100000000000000311, 1.249999999999999556 ) ) ;
#523 = MECHANICAL_DESIGN_GEOMETRIC_PRESENTATION_REPRESENTATION (  '', ( #2116 ), #1234 ) ;
#524 =( GEOMETRIC_REPRESENTATION_CONTEXT ( 3 ) GLOBAL_UNCERTAINTY_ASSIGNED_CONTEXT ( ( #2817 ) ) GLOBAL_UNIT_ASSIGNED_CONTEXT ( ( #474, #1159, #1188 ) ) REPRESENTATION_CONTEXT ( 'NONE', 'WORKASPACE' ) );
#525 = EDGE_CURVE ( 'NONE', #2338, #2632, #845, .T. ) ;
#526 = ADVANCED_FACE ( 'NONE', ( #999 ), #1816, .T. ) ;
#527 = VECTOR ( 'NONE', #1239, 1000.000000000000000 ) ;
#528 = MECHANICAL_DESIGN_GEOMETRIC_PRESENTATION_REPRESENTATION (  '', ( #101 ), #1 ) ;
#529 = PRESENTATION_LAYER_ASSIGNMENT (  '', '', ( #2513 ) ) ;
#530 = ORIENTED_EDGE ( 'NONE', *, *, #1659, .F. ) ;
#531 = DIRECTION ( 'NONE',  ( -0.000000000000000000, 1.000000000000000000, -0.000000000000000000 ) ) ;
#532 = VERTEX_POINT ( 'NONE', #1831 ) ;
#533 =( LENGTH_UNIT ( ) NAMED_UNIT ( * ) SI_UNIT ( .MILLI., .METRE. ) );
#534 = LINE ( 'NONE', #772, #2409 ) ;
#535 = PLANE ( 'NONE',  #2312 ) ;
#536 = LINE ( 'NONE', #2334, #1617 ) ;
#537 = CARTESIAN_POINT ( 'NONE',  ( 1.400000000000000577, 0.4099999999999997535, 1.049999999999999378 ) ) ;
#538 = VERTEX_POINT ( 'NONE', #1555 ) ;
#539 = VECTOR ( 'NONE', #2281, 1000.000000000000000 ) ;
#540 = SURFACE_STYLE_FILL_AREA ( #2567 ) ;
#541 = ORIENTED_EDGE ( 'NONE', *, *, #1376, .T. ) ;
#542 = DIRECTION ( 'NONE',  ( 0.7880243737245635760, -0.000000000000000000, 0.6156440419723148150 ) ) ;
#543 = CARTESIAN_POINT ( 'NONE',  ( -0.4499999999999996780, -1.362093976199881373, 1.180000000000000826 ) ) ;
#544 = ORIENTED_EDGE ( 'NONE', *, *, #1516, .T. ) ;
#545 = ADVANCED_FACE ( 'NONE', ( #934 ), #1063, .T. ) ;
#546 = CARTESIAN_POINT ( 'NONE',  ( -1.399999999999999689, -4.050788100849390894, 1.199999999999999734 ) ) ;
#547 = CARTESIAN_POINT ( 'NONE',  ( 0.06156440419723156060, 0.000000000000000000, 0.07880243737245636038 ) ) ;
#548 = CARTESIAN_POINT ( 'NONE',  ( -1.599999999999999645, 0.4099999999999997535, 1.249999999999999556 ) ) ;
#549 = VERTEX_POINT ( 'NONE', #193 ) ;
#550 = EDGE_LOOP ( 'NONE', ( #1886, #2070, #1669, #1227 ) ) ;
#551 = AXIS2_PLACEMENT_3D ( 'NONE', #1852, #1448, #2093 ) ;
#552 = ORIENTED_EDGE ( 'NONE', *, *, #2217, .T. ) ;
#553 =( NAMED_UNIT ( * ) SI_UNIT ( $, .STERADIAN. ) SOLID_ANGLE_UNIT ( ) );
#554 = FACE_OUTER_BOUND ( 'NONE', #2301, .T. ) ;
#555 = EDGE_CURVE ( 'NONE', #2191, #492, #1361, .T. ) ;
#556 = DIRECTION ( 'NONE',  ( 0.000000000000000000, 0.000000000000000000, 1.000000000000000000 ) ) ;
#557 = ORIENTED_EDGE ( 'NONE', *, *, #880, .T. ) ;
#558 = FACE_OUTER_BOUND ( 'NONE', #1893, .T. ) ;
#559 = AXIS2_PLACEMENT_3D ( 'NONE', #2764, #2324, #77 ) ;
#560 = DIRECTION ( 'NONE',  ( 1.000000000000000000, 0.000000000000000000, 0.000000000000000000 ) ) ;
#561 = VECTOR ( 'NONE', #576, 1000.000000000000000 ) ;
#562 = VERTEX_POINT ( 'NONE', #1575 ) ;
#563 = CIRCLE ( 'NONE', #2879, 0.1000000000000000472 ) ;
#564 = CIRCLE ( 'NONE', #521, 0.1499999999999999667 ) ;
#565 = DIRECTION ( 'NONE',  ( -0.7880243737245631319, 0.000000000000000000, 0.6156440419723153701 ) ) ;
#566 = COLOUR_RGB ( '',0.7529411764705882248, 0.7529411764705882248, 0.7529411764705882248 ) ;
#567 = AXIS2_PLACEMENT_3D ( 'NONE', #1154, #2467, #923 ) ;
#568 = ORIENTED_EDGE ( 'NONE', *, *, #16, .F. ) ;
#569 = PLANE ( 'NONE',  #2016 ) ;
#570 = FILL_AREA_STYLE_COLOUR ( '', #1613 ) ;
#571 = AXIS2_PLACEMENT_3D ( 'NONE', #206, #2678, #2213 ) ;
#572 = COLOUR_RGB ( '',1.000000000000000000, 0.8431372549019607865, 0.000000000000000000 ) ;
#573 = CARTESIAN_POINT ( 'NONE',  ( 1.470000000000000639, 0.6500000000000000222, 1.019999999999999574 ) ) ;
#574 = EDGE_LOOP ( 'NONE', ( #1689, #1635, #4, #467 ) ) ;
#575 = UNCERTAINTY_MEASURE_WITH_UNIT (LENGTH_MEASURE( 1.000000000000000082E-05 ), #2848, 'distance_accuracy_value', 'NONE');
#576 = DIRECTION ( 'NONE',  ( 1.000000000000000000, 0.000000000000000000, 0.000000000000000000 ) ) ;
#577 = VECTOR ( 'NONE', #1104, 1000.000000000000000 ) ;
#578 = EDGE_CURVE ( 'NONE', #2744, #1157, #869, .T. ) ;
#579 = CYLINDRICAL_SURFACE ( 'NONE', #1068, 0.1000000000000000472 ) ;
#580 = EDGE_LOOP ( 'NONE', ( #2845, #2799, #2607, #480 ) ) ;
#581 = FILL_AREA_STYLE ('',( #2395 ) ) ;
#582 = DIRECTION ( 'NONE',  ( -0.000000000000000000, 1.000000000000000000, -0.000000000000000000 ) ) ;
#583 = VERTEX_POINT ( 'NONE', #919 ) ;
#584 = SURFACE_SIDE_STYLE ('',( #2840 ) ) ;
#585 = CARTESIAN_POINT ( 'NONE',  ( -0.8000000000000020428, -1.362093976199881373, 0.3500000000000000888 ) ) ;
#586 = CARTESIAN_POINT ( 'NONE',  ( -1.469999999999999973, 0.6999999999999999556, 1.019999999999999574 ) ) ;
#587 = VERTEX_POINT ( 'NONE', #1165 ) ;
#588 = FILL_AREA_STYLE ('',( #2850 ) ) ;
#589 = CARTESIAN_POINT ( 'NONE',  ( -0.4500000000000001221, -1.362093976199881373, 0.7000000000000005107 ) ) ;
#590 = EDGE_CURVE ( 'NONE', #201, #1221, #2246, .T. ) ;
#591 = VERTEX_POINT ( 'NONE', #78 ) ;
#592 = CARTESIAN_POINT ( 'NONE',  ( -1.549999999999999822, 0.5500000000000000444, 1.199999999999999734 ) ) ;
#593 = APPLICATION_CONTEXT ( 'automotive_design' ) ;
#594 = EDGE_LOOP ( 'NONE', ( #2579, #1995, #1790, #2770 ) ) ;
#595 = DIRECTION ( 'NONE',  ( -0.000000000000000000, -1.000000000000000000, -0.000000000000000000 ) ) ;
#596 = CARTESIAN_POINT ( 'NONE',  ( -1.530000000000000249, 0.000000000000000000, 0.3500000000000001443 ) ) ;
#597 = LINE ( 'NONE', #1490, #756 ) ;
#598 = SURFACE_STYLE_USAGE ( .BOTH. , #2627 ) ;
#599 = FILL_AREA_STYLE ('',( #1921 ) ) ;
#600 = SURFACE_STYLE_USAGE ( .BOTH. , #362 ) ;
#601 =( GEOMETRIC_REPRESENTATION_CONTEXT ( 3 ) GLOBAL_UNCERTAINTY_ASSIGNED_CONTEXT ( ( #2685 ) ) GLOBAL_UNIT_ASSIGNED_CONTEXT ( ( #741, #1850, #2599 ) ) REPRESENTATION_CONTEXT ( 'NONE', 'WORKASPACE' ) );
#602 = ORIENTED_EDGE ( 'NONE', *, *, #2570, .F. ) ;
#603 = LINE ( 'NONE', #1712, #1034 ) ;
#604 = ADVANCED_FACE ( 'NONE', ( #107 ), #2793, .T. ) ;
#605 = ADVANCED_FACE ( 'NONE', ( #2578 ), #2549, .F. ) ;
#606 = CARTESIAN_POINT ( 'NONE',  ( 0.06156440419723210183, -0.3106344704265987522, -0.07880243737245716529 ) ) ;
#607 = VECTOR ( 'NONE', #698, 1000.000000000000000 ) ;
#608 = AXIS2_PLACEMENT_3D ( 'NONE', #2616, #2661, #646 ) ;
#609 = STYLED_ITEM ( 'NONE', ( #2482 ), #1708 ) ;
#610 = ORIENTED_EDGE ( 'NONE', *, *, #1412, .T. ) ;
#611 = FILL_AREA_STYLE ('',( #181 ) ) ;
#612 = CARTESIAN_POINT ( 'NONE',  ( 0.4499999999999999001, -1.362093976199881373, -1.180000000000000604 ) ) ;
#613 = DIRECTION ( 'NONE',  ( -0.000000000000000000, -0.000000000000000000, -1.000000000000000000 ) ) ;
#614 = EDGE_CURVE ( 'NONE', #1477, #1120, #1447, .T. ) ;
#615 =( GEOMETRIC_REPRESENTATION_CONTEXT ( 3 ) GLOBAL_UNCERTAINTY_ASSIGNED_CONTEXT ( ( #1564 ) ) GLOBAL_UNIT_ASSIGNED_CONTEXT ( ( #341, #828, #1979 ) ) REPRESENTATION_CONTEXT ( 'NONE', 'WORKASPACE' ) );
#616 = MECHANICAL_DESIGN_GEOMETRIC_PRESENTATION_REPRESENTATION (  '', ( #1081 ), #946 ) ;
#617 = MECHANICAL_DESIGN_GEOMETRIC_PRESENTATION_REPRESENTATION (  '', ( #1326 ), #2460 ) ;
#618 = CIRCLE ( 'NONE', #714, 0.1000000000000000472 ) ;
#619 = VECTOR ( 'NONE', #2826, 1000.000000000000000 ) ;
#620 = PRESENTATION_STYLE_ASSIGNMENT (( #2452 ) ) ;
#621 = VECTOR ( 'NONE', #1784, 1000.000000000000000 ) ;
#622 = ORIENTED_EDGE ( 'NONE', *, *, #108, .F. ) ;
#623 = PLANE ( 'NONE',  #2605 ) ;
#624 = VERTEX_POINT ( 'NONE', #2290 ) ;
#625 = LINE ( 'NONE', #1527, #1719 ) ;
#626 = ORIENTED_EDGE ( 'NONE', *, *, #1591, .T. ) ;
#627 = CARTESIAN_POINT ( 'NONE',  ( -1.530000000000000249, 0.000000000000000000, 0.3500000000000001443 ) ) ;
#628 = SURFACE_STYLE_FILL_AREA ( #642 ) ;
#629 = VECTOR ( 'NONE', #1902, 1000.000000000000000 ) ;
#630 = EDGE_CURVE ( 'NONE', #361, #1958, #359, .T. ) ;
#631 = ORIENTED_EDGE ( 'NONE', *, *, #86, .T. ) ;
#632 = COLOUR_RGB ( '',1.000000000000000000, 0.8431372549019607865, 0.000000000000000000 ) ;
#633 = CARTESIAN_POINT ( 'NONE',  ( -1.219999999999999973, 0.5999999999999999778, 0.8699999999999996625 ) ) ;
#634 = CARTESIAN_POINT ( 'NONE',  ( 1.520000000000000462, 0.6500000000000000222, 1.019999999999999574 ) ) ;
#635 = DIRECTION ( 'NONE',  ( -0.000000000000000000, 1.000000000000000000, -0.000000000000000000 ) ) ;
#636 = ORIENTED_EDGE ( 'NONE', *, *, #1045, .F. ) ;
#637 = FILL_AREA_STYLE_COLOUR ( '', #2222 ) ;
#638 = CARTESIAN_POINT ( 'NONE',  ( -0.06156440419723097773, 0.01000000000000000021, 0.07880243737245570812 ) ) ;
#639 = ORIENTED_EDGE ( 'NONE', *, *, #1458, .T. ) ;
#640 = CARTESIAN_POINT ( 'NONE',  ( -0.4500000000000001221, 0.000000000000000000, 0.7000000000000005107 ) ) ;
#641 = DIRECTION ( 'NONE',  ( -1.000000000000000000, 0.000000000000000000, -0.000000000000000000 ) ) ;
#642 = FILL_AREA_STYLE ('',( #1732 ) ) ;
#643 = UNCERTAINTY_MEASURE_WITH_UNIT (LENGTH_MEASURE( 1.000000000000000082E-05 ), #1319, 'distance_accuracy_value', 'NONE');
#644 = ORIENTED_EDGE ( 'NONE', *, *, #2480, .T. ) ;
#645 = UNCERTAINTY_MEASURE_WITH_UNIT (LENGTH_MEASURE( 1.000000000000000082E-05 ), #1354, 'distance_accuracy_value', 'NONE');
#646 = DIRECTION ( 'NONE',  ( 1.000000000000000000, 0.000000000000000000, 0.000000000000000000 ) ) ;
#647 =( NAMED_UNIT ( * ) PLANE_ANGLE_UNIT ( ) SI_UNIT ( $, .RADIAN. ) );
#648 = LINE ( 'NONE', #1330, #1378 ) ;
#649 = EDGE_CURVE ( 'NONE', #265, #333, #2539, .T. ) ;
#650 = EDGE_CURVE ( 'NONE', #2375, #2761, #2327, .T. ) ;
#651 = PLANE ( 'NONE',  #2268 ) ;
#652 = CIRCLE ( 'NONE', #2151, 0.1499999999999999667 ) ;
#653 = PRESENTATION_LAYER_ASSIGNMENT (  '', '', ( #2774 ) ) ;
#654 = FACE_OUTER_BOUND ( 'NONE', #1193, .T. ) ;
#655 = ORIENTED_EDGE ( 'NONE', *, *, #2747, .F. ) ;
#656 = AXIS2_PLACEMENT_3D ( 'NONE', #2179, #2638, #1065 ) ;
#657 = ORIENTED_EDGE ( 'NONE', *, *, #16, .T. ) ;
#658 = CARTESIAN_POINT ( 'NONE',  ( -1.347968475966024648, 0.01000000000000000021, 1.180000000000000826 ) ) ;
#659 = CARTESIAN_POINT ( 'NONE',  ( 1.370000000000000329, 0.5500000000000000444, 1.019999999999999574 ) ) ;
#660 = FILL_AREA_STYLE_COLOUR ( '', #1037 ) ;
#661 = AXIS2_PLACEMENT_3D ( 'NONE', #1122, #893, #1626 ) ;
#662 = VECTOR ( 'NONE', #2532, 1000.000000000000000 ) ;
#663 = STYLED_ITEM ( 'NONE', ( #2857 ), #229 ) ;
#664 = VECTOR ( 'NONE', #1546, 1000.000000000000000 ) ;
#665 = STYLED_ITEM ( 'NONE', ( #2286 ), #2123 ) ;
#666 = LINE ( 'NONE', #1048, #286 ) ;
#667 = CARTESIAN_POINT ( 'NONE',  ( 1.500000000000000222, 0.4100000000000000311, -1.250000000000000888 ) ) ;
#668 = VECTOR ( 'NONE', #1737, 1000.000000000000000 ) ;
#669 = EDGE_CURVE ( 'NONE', #2430, #259, #954, .T. ) ;
#670 = VERTEX_POINT ( 'NONE', #753 ) ;
#671 = DIRECTION ( 'NONE',  ( -1.000000000000000000, 0.000000000000000000, 0.000000000000000000 ) ) ;
#672 = DIRECTION ( 'NONE',  ( 0.000000000000000000, 1.000000000000000000, 0.000000000000000000 ) ) ;
#673 = SURFACE_STYLE_USAGE ( .BOTH. , #690 ) ;
#674 = VECTOR ( 'NONE', #2760, 1000.000000000000114 ) ;
#675 = UNCERTAINTY_MEASURE_WITH_UNIT (LENGTH_MEASURE( 1.000000000000000082E-05 ), #2872, 'distance_accuracy_value', 'NONE');
#676 = ORIENTED_EDGE ( 'NONE', *, *, #836, .F. ) ;
#677 = CARTESIAN_POINT ( 'NONE',  ( 1.370000000000000329, 0.6999999999999999556, 1.019999999999999574 ) ) ;
#678 = SURFACE_SIDE_STYLE ('',( #2271 ) ) ;
#679 = DIRECTION ( 'NONE',  ( 1.000000000000000000, 0.000000000000000000, -1.003890900449541325E-16 ) ) ;
#680 =( NAMED_UNIT ( * ) PLANE_ANGLE_UNIT ( ) SI_UNIT ( $, .RADIAN. ) );
#681 = DIRECTION ( 'NONE',  ( -8.673617379884036705E-17, 0.000000000000000000, -1.000000000000000000 ) ) ;
#682 = SURFACE_STYLE_FILL_AREA ( #350 ) ;
#683 = DIRECTION ( 'NONE',  ( 0.7880243737245632429, 0.000000000000000000, -0.6156440419723152591 ) ) ;
#684 = CARTESIAN_POINT ( 'NONE',  ( -1.369999999999999662, 0.6500000000000000222, -1.020000000000000906 ) ) ;
#685 = EDGE_CURVE ( 'NONE', #1695, #70, #2724, .T. ) ;
#686 = ORIENTED_EDGE ( 'NONE', *, *, #1284, .T. ) ;
#687 =( LENGTH_UNIT ( ) NAMED_UNIT ( * ) SI_UNIT ( .MILLI., .METRE. ) );
#688 =( NAMED_UNIT ( * ) PLANE_ANGLE_UNIT ( ) SI_UNIT ( $, .RADIAN. ) );
#689 = SURFACE_SIDE_STYLE ('',( #2280 ) ) ;
#690 = SURFACE_SIDE_STYLE ('',( #468 ) ) ;
#691 = VERTEX_POINT ( 'NONE', #980 ) ;
#692 = ADVANCED_FACE ( 'NONE', ( #1877 ), #2778, .T. ) ;
#693 = PLANE ( 'NONE',  #1888 ) ;
#694 =( GEOMETRIC_REPRESENTATION_CONTEXT ( 3 ) GLOBAL_UNCERTAINTY_ASSIGNED_CONTEXT ( ( #446 ) ) GLOBAL_UNIT_ASSIGNED_CONTEXT ( ( #904, #2443, #2463 ) ) REPRESENTATION_CONTEXT ( 'NONE', 'WORKASPACE' ) );
#695 = VERTEX_POINT ( 'NONE', #2201 ) ;
#696 = CARTESIAN_POINT ( 'NONE',  ( -1.530000000000000471, 0.000000000000000000, -1.068412871848457346 ) ) ;
#697 = AXIS2_PLACEMENT_3D ( 'NONE', #522, #2523, #1400 ) ;
#698 = DIRECTION ( 'NONE',  ( 9.035018104045869462E-17, 0.000000000000000000, 1.000000000000000000 ) ) ;
#699 = VECTOR ( 'NONE', #2679, 1000.000000000000000 ) ;
#700 = ORIENTED_EDGE ( 'NONE', *, *, #2046, .T. ) ;
#701 = ADVANCED_FACE ( 'NONE', ( #1290 ), #579, .F. ) ;
#702 = CARTESIAN_POINT ( 'NONE',  ( 1.437568475966024772, 0.000000000000000000, -1.250000000000000888 ) ) ;
#703 = EDGE_CURVE ( 'NONE', #2288, #624, #809, .T. ) ;
#704 = FILL_AREA_STYLE ('',( #1992 ) ) ;
#705 = DIRECTION ( 'NONE',  ( -1.000000000000000000, 0.000000000000000000, 0.000000000000000000 ) ) ;
#706 = ORIENTED_EDGE ( 'NONE', *, *, #2586, .T. ) ;
#707 = EDGE_CURVE ( 'NONE', #2105, #60, #2100, .T. ) ;
#708 = CARTESIAN_POINT ( 'NONE',  ( 1.400000000000000355, 0.5500000000000000444, -1.200000000000001066 ) ) ;
#709 = DIRECTION ( 'NONE',  ( 0.000000000000000000, 0.000000000000000000, 1.000000000000000000 ) ) ;
#710 = AXIS2_PLACEMENT_3D ( 'NONE', #1982, #1091, #2844 ) ;
#711 = AXIS2_PLACEMENT_3D ( 'NONE', #39, #1545, #2509 ) ;
#712 = ORIENTED_EDGE ( 'NONE', *, *, #1534, .F. ) ;
#713 =( NAMED_UNIT ( * ) SI_UNIT ( $, .STERADIAN. ) SOLID_ANGLE_UNIT ( ) );
#714 = AXIS2_PLACEMENT_3D ( 'NONE', #2890, #1041, #1253 ) ;
#715 = MECHANICAL_DESIGN_GEOMETRIC_PRESENTATION_REPRESENTATION (  '', ( #1615 ), #1465 ) ;
#716 = PRESENTATION_LAYER_ASSIGNMENT (  '', '', ( #1974 ) ) ;
#717 = VECTOR ( 'NONE', #793, 1000.000000000000000 ) ;
#718 = AXIS2_PLACEMENT_3D ( 'NONE', #785, #2133, #299 ) ;
#719 = ORIENTED_EDGE ( 'NONE', *, *, #555, .T. ) ;
#720 = LINE ( 'NONE', #2797, #1565 ) ;
#721 = PRESENTATION_STYLE_ASSIGNMENT (( #673 ) ) ;
#722 = EDGE_LOOP ( 'NONE', ( #1862, #1170, #2869, #811 ) ) ;
#723 = CARTESIAN_POINT ( 'NONE',  ( -1.219999999999999973, 0.6999999999999999556, 0.8699999999999996625 ) ) ;
#724 = DIRECTION ( 'NONE',  ( 1.000000000000000000, 0.000000000000000000, 0.000000000000000000 ) ) ;
#725 = FACE_BOUND ( 'NONE', #1100, .T. ) ;
#726 = EDGE_CURVE ( 'NONE', #2859, #775, #2171, .T. ) ;
#727 =( NAMED_UNIT ( * ) PLANE_ANGLE_UNIT ( ) SI_UNIT ( $, .RADIAN. ) );
#728 = ORIENTED_EDGE ( 'NONE', *, *, #1989, .T. ) ;
#729 = SURFACE_STYLE_USAGE ( .BOTH. , #2374 ) ;
#730 =( NAMED_UNIT ( * ) PLANE_ANGLE_UNIT ( ) SI_UNIT ( $, .RADIAN. ) );
#731 = ADVANCED_FACE ( 'NONE', ( #2410 ), #2805, .F. ) ;
#732 = VERTEX_POINT ( 'NONE', #667 ) ;
#733 = CARTESIAN_POINT ( 'NONE',  ( -1.549999999999999822, 0.5500000000000000444, 1.049999999999999822 ) ) ;
#734 =( NAMED_UNIT ( * ) SI_UNIT ( $, .STERADIAN. ) SOLID_ANGLE_UNIT ( ) );
#735 = ORIENTED_EDGE ( 'NONE', *, *, #87, .F. ) ;
#736 = DIRECTION ( 'NONE',  ( 0.7880243737245635760, -0.000000000000000000, 0.6156440419723148150 ) ) ;
#737 = SURFACE_SIDE_STYLE ('',( #475 ) ) ;
#738 = ORIENTED_EDGE ( 'NONE', *, *, #1044, .F. ) ;
#739 = EDGE_CURVE ( 'NONE', #691, #57, #1815, .T. ) ;
#740 = EDGE_CURVE ( 'NONE', #2904, #1046, #434, .T. ) ;
#741 =( LENGTH_UNIT ( ) NAMED_UNIT ( * ) SI_UNIT ( .MILLI., .METRE. ) );
#742 = ORIENTED_EDGE ( 'NONE', *, *, #2698, .F. ) ;
#743 = FILL_AREA_STYLE ('',( #1634 ) ) ;
#744 = SURFACE_SIDE_STYLE ('',( #769 ) ) ;
#745 = ORIENTED_EDGE ( 'NONE', *, *, #1342, .T. ) ;
#746 = DIRECTION ( 'NONE',  ( -0.000000000000000000, -1.000000000000000000, -0.000000000000000000 ) ) ;
#747 = SURFACE_STYLE_FILL_AREA ( #1870 ) ;
#748 = DIRECTION ( 'NONE',  ( -0.000000000000000000, 1.000000000000000000, -0.000000000000000000 ) ) ;
#749 = STYLED_ITEM ( 'NONE', ( #1830 ), #938 ) ;
#750 = EDGE_LOOP ( 'NONE', ( #2270, #742, #1152, #1536 ) ) ;
#751 = DIRECTION ( 'NONE',  ( -0.000000000000000000, 1.000000000000000000, -0.000000000000000000 ) ) ;
#752 = PRESENTATION_LAYER_ASSIGNMENT (  '', '', ( #2061 ) ) ;
#753 = CARTESIAN_POINT ( 'NONE',  ( -0.4500000000000003442, 0.01000000000000000021, -0.3500000000000000333 ) ) ;
#754 = VECTOR ( 'NONE', #119, 1000.000000000000000 ) ;
#755 = EDGE_CURVE ( 'NONE', #382, #1013, #1109, .T. ) ;
#756 = VECTOR ( 'NONE', #641, 1000.000000000000000 ) ;
#757 = PRESENTATION_LAYER_ASSIGNMENT (  '', '', ( #2459 ) ) ;
#758 = AXIS2_PLACEMENT_3D ( 'NONE', #633, #1537, #384 ) ;
#759 = VERTEX_POINT ( 'NONE', #2491 ) ;
#760 = DIRECTION ( 'NONE',  ( 0.000000000000000000, 1.000000000000000000, 0.000000000000000000 ) ) ;
#761 = STYLED_ITEM ( 'NONE', ( #2601 ), #2537 ) ;
#762 = EDGE_LOOP ( 'NONE', ( #636, #2037, #2274, #2175 ) ) ;
#763 = FACE_OUTER_BOUND ( 'NONE', #2573, .T. ) ;
#764 = CARTESIAN_POINT ( 'NONE',  ( -1.530000000000000249, 0.000000000000000000, 1.180000000000000826 ) ) ;
#765 = ORIENTED_EDGE ( 'NONE', *, *, #2295, .T. ) ;
#766 =( GEOMETRIC_REPRESENTATION_CONTEXT ( 3 ) GLOBAL_UNCERTAINTY_ASSIGNED_CONTEXT ( ( #2484 ) ) GLOBAL_UNIT_ASSIGNED_CONTEXT ( ( #2783, #1913, #734 ) ) REPRESENTATION_CONTEXT ( 'NONE', 'WORKASPACE' ) );
#767 = ORIENTED_EDGE ( 'NONE', *, *, #2084, .F. ) ;
#768 = ADVANCED_FACE ( 'NONE', ( #654 ), #1986, .F. ) ;
#769 = SURFACE_STYLE_FILL_AREA ( #2808 ) ;
#770 = VERTEX_POINT ( 'NONE', #2245 ) ;
#771 = CARTESIAN_POINT ( 'NONE',  ( -1.219999999999999973, 0.5999999999999999778, 0.8699999999999996625 ) ) ;
#772 = CARTESIAN_POINT ( 'NONE',  ( -0.4500000000000000666, -1.362093976199881373, -1.180000000000000826 ) ) ;
#773 =( NAMED_UNIT ( * ) PLANE_ANGLE_UNIT ( ) SI_UNIT ( $, .RADIAN. ) );
#774 = PLANE ( 'NONE',  #2025 ) ;
#775 = VERTEX_POINT ( 'NONE', #481 ) ;
#776 = LINE ( 'NONE', #2390, #788 ) ;
#777 = PRESENTATION_STYLE_ASSIGNMENT (( #1953 ) ) ;
#778 = ORIENTED_EDGE ( 'NONE', *, *, #1437, .T. ) ;
#779 = EDGE_CURVE ( 'NONE', #232, #691, #652, .T. ) ;
#780 = ORIENTED_EDGE ( 'NONE', *, *, #784, .F. ) ;
#781 = FACE_OUTER_BOUND ( 'NONE', #456, .T. ) ;
#782 = FACE_OUTER_BOUND ( 'NONE', #1321, .T. ) ;
#783 = VECTOR ( 'NONE', #683, 1000.000000000000114 ) ;
#784 = EDGE_CURVE ( 'NONE', #1157, #562, #2259, .T. ) ;
#785 = CARTESIAN_POINT ( 'NONE',  ( -1.599999999999999645, -1.084202172485504434E-16, 1.249999999999999556 ) ) ;
#786 = EDGE_LOOP ( 'NONE', ( #1498, #1914, #831, #1274 ) ) ;
#787 = FACE_OUTER_BOUND ( 'NONE', #306, .T. ) ;
#788 = VECTOR ( 'NONE', #146, 1000.000000000000000 ) ;
#789 = MECHANICAL_DESIGN_GEOMETRIC_PRESENTATION_REPRESENTATION (  '', ( #2924 ), #1508 ) ;
#790 = VERTEX_POINT ( 'NONE', #1757 ) ;
#791 = DIRECTION ( 'NONE',  ( 0.000000000000000000, 0.000000000000000000, 1.000000000000000000 ) ) ;
#792 =( GEOMETRIC_REPRESENTATION_CONTEXT ( 3 ) GLOBAL_UNCERTAINTY_ASSIGNED_CONTEXT ( ( #2917 ) ) GLOBAL_UNIT_ASSIGNED_CONTEXT ( ( #2183, #815, #2628 ) ) REPRESENTATION_CONTEXT ( 'NONE', 'WORKASPACE' ) );
#793 = DIRECTION ( 'NONE',  ( 1.959401516540066395E-16, -0.000000000000000000, 1.000000000000000000 ) ) ;
#794 =( NAMED_UNIT ( * ) PLANE_ANGLE_UNIT ( ) SI_UNIT ( $, .RADIAN. ) );
#795 = VECTOR ( 'NONE', #2299, 1000.000000000000000 ) ;
#796 = ORIENTED_EDGE ( 'NONE', *, *, #1839, .F. ) ;
#797 = CARTESIAN_POINT ( 'NONE',  ( 1.600000000000000311, 0.4100000000000000311, -1.150000000000000799 ) ) ;
#798 = LINE ( 'NONE', #1764, #2357 ) ;
#799 = CARTESIAN_POINT ( 'NONE',  ( -1.550000000000000044, 0.4099999999999997535, -1.050000000000000488 ) ) ;
#800 = CARTESIAN_POINT ( 'NONE',  ( -1.499999999999999556, -1.084202172485504434E-16, 1.249999999999999556 ) ) ;
#801 = MECHANICAL_DESIGN_GEOMETRIC_PRESENTATION_REPRESENTATION (  '', ( #2513 ), #2362 ) ;
#802 = VECTOR ( 'NONE', #966, 1000.000000000000000 ) ;
#803 = SURFACE_STYLE_FILL_AREA ( #1666 ) ;
#804 = VERTEX_POINT ( 'NONE', #696 ) ;
#805 = UNCERTAINTY_MEASURE_WITH_UNIT (LENGTH_MEASURE( 1.000000000000000082E-05 ), #2546, 'distance_accuracy_value', 'NONE');
#806 = EDGE_CURVE ( 'NONE', #1700, #1093, #2664, .T. ) ;
#807 = DIRECTION ( 'NONE',  ( 0.000000000000000000, -1.000000000000000000, 0.000000000000000000 ) ) ;
#808 =( GEOMETRIC_REPRESENTATION_CONTEXT ( 3 ) GLOBAL_UNCERTAINTY_ASSIGNED_CONTEXT ( ( #1090 ) ) GLOBAL_UNIT_ASSIGNED_CONTEXT ( ( #445, #6, #2745 ) ) REPRESENTATION_CONTEXT ( 'NONE', 'WORKASPACE' ) );
#809 = LINE ( 'NONE', #366, #1355 ) ;
#810 = EDGE_CURVE ( 'NONE', #587, #1904, #1540, .T. ) ;
#811 = ORIENTED_EDGE ( 'NONE', *, *, #2167, .T. ) ;
#812 = ORIENTED_EDGE ( 'NONE', *, *, #1875, .F. ) ;
#813 = DIRECTION ( 'NONE',  ( 0.000000000000000000, -1.000000000000000000, 0.000000000000000000 ) ) ;
#814 = LINE ( 'NONE', #2842, #482 ) ;
#815 =( NAMED_UNIT ( * ) PLANE_ANGLE_UNIT ( ) SI_UNIT ( $, .RADIAN. ) );
#816 = ORIENTED_EDGE ( 'NONE', *, *, #1516, .F. ) ;
#817 = PRESENTATION_STYLE_ASSIGNMENT (( #866 ) ) ;
#818 = SURFACE_STYLE_FILL_AREA ( #588 ) ;
#819 = PRODUCT_DEFINITION ( 'UNKNOWN', '', #2172, #2169 ) ;
#820 = EDGE_CURVE ( 'NONE', #1988, #2867, #2908, .T. ) ;
#821 =( NAMED_UNIT ( * ) SI_UNIT ( $, .STERADIAN. ) SOLID_ANGLE_UNIT ( ) );
#822 = VERTEX_POINT ( 'NONE', #1573 ) ;
#823 = CARTESIAN_POINT ( 'NONE',  ( 1.520000000000000462, 0.6500000000000000222, -1.020000000000000906 ) ) ;
#824 = CARTESIAN_POINT ( 'NONE',  ( -1.219999999999999973, 0.6999999999999999556, 0.7699999999999995737 ) ) ;
#825 = ORIENTED_EDGE ( 'NONE', *, *, #2200, .T. ) ;
#826 = DIRECTION ( 'NONE',  ( 1.000000000000000000, 0.000000000000000000, 0.000000000000000000 ) ) ;
#827 = LINE ( 'NONE', #1731, #1325 ) ;
#828 =( NAMED_UNIT ( * ) PLANE_ANGLE_UNIT ( ) SI_UNIT ( $, .RADIAN. ) );
#829 = COLOUR_RGB ( '',0.7529411764705882248, 0.7529411764705882248, 0.7529411764705882248 ) ;
#830 = FACE_OUTER_BOUND ( 'NONE', #1300, .T. ) ;
#831 = ORIENTED_EDGE ( 'NONE', *, *, #74, .F. ) ;
#832 = UNCERTAINTY_MEASURE_WITH_UNIT (LENGTH_MEASURE( 1.000000000000000082E-05 ), #383, 'distance_accuracy_value', 'NONE');
#833 = DIRECTION ( 'NONE',  ( -9.035018104045869462E-17, 0.000000000000000000, -1.000000000000000000 ) ) ;
#834 = SURFACE_SIDE_STYLE ('',( #2820 ) ) ;
#835 = ORIENTED_EDGE ( 'NONE', *, *, #810, .F. ) ;
#836 = EDGE_CURVE ( 'NONE', #57, #1304, #365, .T. ) ;
#837 = VERTEX_POINT ( 'NONE', #1772 ) ;
#838 = FACE_OUTER_BOUND ( 'NONE', #90, .T. ) ;
#839 =( LENGTH_UNIT ( ) NAMED_UNIT ( * ) SI_UNIT ( .MILLI., .METRE. ) );
#840 = LINE ( 'NONE', #1947, #2832 ) ;
#841 = VECTOR ( 'NONE', #613, 1000.000000000000000 ) ;
#842 = PRESENTATION_STYLE_ASSIGNMENT (( #1042 ) ) ;
#843 = CIRCLE ( 'NONE', #1789, 0.1000000000000000472 ) ;
#844 = COLOUR_RGB ( '',0.7529411764705882248, 0.7529411764705882248, 0.7529411764705882248 ) ;
#845 = CIRCLE ( 'NONE', #2510, 0.1499999999999999667 ) ;
#846 = DIRECTION ( 'NONE',  ( -0.6156440419723153701, 0.000000000000000000, -0.7880243737245631319 ) ) ;
#847 = ORIENTED_EDGE ( 'NONE', *, *, #1318, .F. ) ;
#848 = LINE ( 'NONE', #1755, #2562 ) ;
#849 = CIRCLE ( 'NONE', #718, 0.1000000000000000472 ) ;
#850 = DIRECTION ( 'NONE',  ( 3.265669194233443663E-16, -0.000000000000000000, -1.000000000000000000 ) ) ;
#851 = ORIENTED_EDGE ( 'NONE', *, *, #1129, .F. ) ;
#852 = DIRECTION ( 'NONE',  ( 1.000000000000000000, 0.000000000000000000, -1.398970545142586295E-16 ) ) ;
#853 = FILL_AREA_STYLE_COLOUR ( '', #865 ) ;
#854 = COLOUR_RGB ( '',0.7529411764705882248, 0.7529411764705882248, 0.7529411764705882248 ) ;
#855 = ORIENTED_EDGE ( 'NONE', *, *, #1662, .F. ) ;
#856 = EDGE_CURVE ( 'NONE', #961, #1136, #2705, .T. ) ;
#857 = CARTESIAN_POINT ( 'NONE',  ( -1.369999999999999662, 0.6999999999999999556, -1.120000000000000995 ) ) ;
#858 = EDGE_CURVE ( 'NONE', #2761, #1467, #1553, .T. ) ;
#859 = CARTESIAN_POINT ( 'NONE',  ( -0.4500000000000003442, -1.362093976199881373, -0.3500000000000000333 ) ) ;
#860 = CARTESIAN_POINT ( 'NONE',  ( -1.694065894508601664E-16, 0.000000000000000000, -1.250000000000000666 ) ) ;
#861 = LINE ( 'NONE', #2227, #577 ) ;
#862 = MECHANICAL_DESIGN_GEOMETRIC_PRESENTATION_REPRESENTATION (  '', ( #1624 ), #1295 ) ;
#863 = DIRECTION ( 'NONE',  ( 1.000000000000000000, 0.000000000000000000, -0.000000000000000000 ) ) ;
#864 = VERTEX_POINT ( 'NONE', #882 ) ;
#865 = COLOUR_RGB ( '',0.7529411764705882248, 0.7529411764705882248, 0.7529411764705882248 ) ;
#866 = SURFACE_STYLE_USAGE ( .BOTH. , #132 ) ;
#867 = DIRECTION ( 'NONE',  ( -0.7880243737245635760, 0.000000000000000000, -0.6156440419723148150 ) ) ;
#868 = DIRECTION ( 'NONE',  ( 0.000000000000000000, 0.000000000000000000, 1.000000000000000000 ) ) ;
#869 = LINE ( 'NONE', #17, #2680 ) ;
#870 = ORIENTED_EDGE ( 'NONE', *, *, #2046, .F. ) ;
#871 = DIRECTION ( 'NONE',  ( -1.000000000000000000, 0.000000000000000000, -0.000000000000000000 ) ) ;
#872 = FILL_AREA_STYLE ('',( #2292 ) ) ;
#873 =( NAMED_UNIT ( * ) PLANE_ANGLE_UNIT ( ) SI_UNIT ( $, .RADIAN. ) );
#874 = DIRECTION ( 'NONE',  ( 0.000000000000000000, 0.000000000000000000, 1.000000000000000000 ) ) ;
#875 = UNCERTAINTY_MEASURE_WITH_UNIT (LENGTH_MEASURE( 1.000000000000000082E-05 ), #890, 'distance_accuracy_value', 'NONE');
#876 = ORIENTED_EDGE ( 'NONE', *, *, #1231, .F. ) ;
#877 = UNCERTAINTY_MEASURE_WITH_UNIT (LENGTH_MEASURE( 1.000000000000000082E-05 ), #1883, 'distance_accuracy_value', 'NONE');
#878 = SURFACE_STYLE_USAGE ( .BOTH. , #1106 ) ;
#879 = FILL_AREA_STYLE_COLOUR ( '', #2642 ) ;
#880 = EDGE_CURVE ( 'NONE', #591, #2652, #1128, .T. ) ;
#881 = CARTESIAN_POINT ( 'NONE',  ( -0.06156440419723154672, -0.3106344704265987522, -0.07880243737245636038 ) ) ;
#882 = CARTESIAN_POINT ( 'NONE',  ( 1.530000000000000249, 0.000000000000000000, 1.068412871848454460 ) ) ;
#883 = VECTOR ( 'NONE', #635, 1000.000000000000000 ) ;
#884 = CARTESIAN_POINT ( 'NONE',  ( 0.000000000000000000, 0.6500000000000000222, -1.120000000000000995 ) ) ;
#885 =( LENGTH_UNIT ( ) NAMED_UNIT ( * ) SI_UNIT ( .MILLI., .METRE. ) );
#886 = MECHANICAL_DESIGN_GEOMETRIC_PRESENTATION_REPRESENTATION (  '', ( #749 ), #1454 ) ;
#887 = ORIENTED_EDGE ( 'NONE', *, *, #806, .T. ) ;
#888 =( NAMED_UNIT ( * ) PLANE_ANGLE_UNIT ( ) SI_UNIT ( $, .RADIAN. ) );
#889 = AXIS2_PLACEMENT_3D ( 'NONE', #2708, #2524, #455 ) ;
#890 =( LENGTH_UNIT ( ) NAMED_UNIT ( * ) SI_UNIT ( .MILLI., .METRE. ) );
#891 = AXIS2_PLACEMENT_3D ( 'NONE', #2157, #123, #373 ) ;
#892 = ORIENTED_EDGE ( 'NONE', *, *, #820, .T. ) ;
#893 = DIRECTION ( 'NONE',  ( -0.6156440419723152591, 0.000000000000000000, -0.7880243737245632429 ) ) ;
#894 = LINE ( 'NONE', #1139, #795 ) ;
#895 = DIRECTION ( 'NONE',  ( -3.918803033080132790E-16, 0.000000000000000000, 1.000000000000000000 ) ) ;
#896 = APPLICATION_CONTEXT ( 'automotive_design' ) ;
#897 = STYLED_ITEM ( 'NONE', ( #516 ), #400 ) ;
#898 = VECTOR ( 'NONE', #2630, 1000.000000000000000 ) ;
#899 =( NAMED_UNIT ( * ) SI_UNIT ( $, .STERADIAN. ) SOLID_ANGLE_UNIT ( ) );
#900 = EDGE_CURVE ( 'NONE', #1988, #117, #902, .T. ) ;
#901 = VECTOR ( 'NONE', #531, 1000.000000000000000 ) ;
#902 = LINE ( 'NONE', #1800, #783 ) ;
#903 = VECTOR ( 'NONE', #1907, 1000.000000000000000 ) ;
#904 =( LENGTH_UNIT ( ) NAMED_UNIT ( * ) SI_UNIT ( .MILLI., .METRE. ) );
#905 = EDGE_CURVE ( 'NONE', #12, #1759, #465, .T. ) ;
#906 = VERTEX_POINT ( 'NONE', #2045 ) ;
#907 = SURFACE_SIDE_STYLE ('',( #1101 ) ) ;
#908 = CARTESIAN_POINT ( 'NONE',  ( -0.06156440419723154672, 0.01000000000000000021, -0.07880243737245636038 ) ) ;
#909 = UNCERTAINTY_MEASURE_WITH_UNIT (LENGTH_MEASURE( 1.000000000000000082E-05 ), #1134, 'distance_accuracy_value', 'NONE');
#910 = ORIENTED_EDGE ( 'NONE', *, *, #739, .F. ) ;
#911 = DIRECTION ( 'NONE',  ( -0.000000000000000000, 1.000000000000000000, -0.000000000000000000 ) ) ;
#912 = DIRECTION ( 'NONE',  ( 0.000000000000000000, 1.000000000000000000, 0.000000000000000000 ) ) ;
#913 = LINE ( 'NONE', #257, #1279 ) ;
#914 = SURFACE_SIDE_STYLE ('',( #1618 ) ) ;
#915 = ORIENTED_EDGE ( 'NONE', *, *, #2586, .F. ) ;
#916 = CARTESIAN_POINT ( 'NONE',  ( 0.4499999999999999001, 0.01000000000000000021, -1.180000000000000604 ) ) ;
#917 = EDGE_CURVE ( 'NONE', #259, #532, #276, .T. ) ;
#918 = ADVANCED_FACE ( 'NONE', ( #1210 ), #31, .F. ) ;
#919 = CARTESIAN_POINT ( 'NONE',  ( -0.8000000000000020428, 0.000000000000000000, 0.3500000000000000888 ) ) ;
#920 = EDGE_CURVE ( 'NONE', #2666, #837, #2399, .T. ) ;
#921 = ORIENTED_EDGE ( 'NONE', *, *, #779, .T. ) ;
#922 = FACE_OUTER_BOUND ( 'NONE', #137, .T. ) ;
#923 = DIRECTION ( 'NONE',  ( 1.000000000000000000, 0.000000000000000000, 0.000000000000000000 ) ) ;
#924 = AXIS2_PLACEMENT_3D ( 'NONE', #150, #1514, #2654 ) ;
#925 = LINE ( 'NONE', #1821, #1791 ) ;
#926 = ORIENTED_EDGE ( 'NONE', *, *, #1750, .T. ) ;
#927 = FILL_AREA_STYLE ('',( #963 ) ) ;
#928 = CARTESIAN_POINT ( 'NONE',  ( 1.500000000000000444, 0.4100000000000000311, 1.249999999999999112 ) ) ;
#929 = CARTESIAN_POINT ( 'NONE',  ( -1.550000000000000044, -4.050788100849390894, -1.200000000000000622 ) ) ;
#930 = DIRECTION ( 'NONE',  ( -1.000000000000000000, 0.000000000000000000, -0.000000000000000000 ) ) ;
#931 = ORIENTED_EDGE ( 'NONE', *, *, #707, .T. ) ;
#932 = AXIS2_PLACEMENT_3D ( 'NONE', #1344, #1965, #1333 ) ;
#933 = AXIS2_PLACEMENT_3D ( 'NONE', #262, #1179, #2757 ) ;
#934 = FACE_OUTER_BOUND ( 'NONE', #1252, .T. ) ;
#935 = FILL_AREA_STYLE_COLOUR ( '', #1786 ) ;
#936 = ORIENTED_EDGE ( 'NONE', *, *, #1216, .F. ) ;
#937 = LINE ( 'NONE', #1547, #2462 ) ;
#938 = ADVANCED_FACE ( 'NONE', ( #782 ), #2828, .F. ) ;
#939 = DIRECTION ( 'NONE',  ( 8.673617379884036705E-17, -0.000000000000000000, 1.000000000000000000 ) ) ;
#940 = VERTEX_POINT ( 'NONE', #800 ) ;
#941 = DIRECTION ( 'NONE',  ( 0.000000000000000000, 1.000000000000000000, 0.000000000000000000 ) ) ;
#942 = CARTESIAN_POINT ( 'NONE',  ( -0.06156440419723154672, 0.01000000000000000021, -0.07880243737245636038 ) ) ;
#943 = CARTESIAN_POINT ( 'NONE',  ( -1.530000000000000249, -1.362093976199881373, 0.3500000000000001443 ) ) ;
#944 = PLANE ( 'NONE',  #1196 ) ;
#945 =( GEOMETRIC_REPRESENTATION_CONTEXT ( 3 ) GLOBAL_UNCERTAINTY_ASSIGNED_CONTEXT ( ( #2022 ) ) GLOBAL_UNIT_ASSIGNED_CONTEXT ( ( #1491, #1267, #1072 ) ) REPRESENTATION_CONTEXT ( 'NONE', 'WORKASPACE' ) );
#946 =( GEOMETRIC_REPRESENTATION_CONTEXT ( 3 ) GLOBAL_UNCERTAINTY_ASSIGNED_CONTEXT ( ( #877 ) ) GLOBAL_UNIT_ASSIGNED_CONTEXT ( ( #1883, #1244, #340 ) ) REPRESENTATION_CONTEXT ( 'NONE', 'WORKASPACE' ) );
#947 = FILL_AREA_STYLE_COLOUR ( '', #572 ) ;
#948 = VECTOR ( 'NONE', #1915, 1000.000000000000000 ) ;
#949 = VERTEX_POINT ( 'NONE', #2614 ) ;
#950 = PRESENTATION_LAYER_ASSIGNMENT (  '', '', ( #2219 ) ) ;
#951 = DIRECTION ( 'NONE',  ( 0.000000000000000000, 0.000000000000000000, 1.000000000000000000 ) ) ;
#952 = COLOUR_RGB ( '',0.7529411764705882248, 0.7529411764705882248, 0.7529411764705882248 ) ;
#953 = AXIS2_PLACEMENT_3D ( 'NONE', #884, #1111, #2047 ) ;
#954 = LINE ( 'NONE', #88, #2587 ) ;
#955 = MECHANICAL_DESIGN_GEOMETRIC_PRESENTATION_REPRESENTATION (  '', ( #1241 ), #1382 ) ;
#956 = VERTEX_POINT ( 'NONE', #586 ) ;
#957 = DIRECTION ( 'NONE',  ( 0.000000000000000000, 0.000000000000000000, 1.000000000000000000 ) ) ;
#958 = CARTESIAN_POINT ( 'NONE',  ( 1.437568475966024995, 0.01000000000000000021, -1.250000000000000888 ) ) ;
#959 = ADVANCED_FACE ( 'NONE', ( #978 ), #1399, .T. ) ;
#960 = ADVANCED_FACE ( 'NONE', ( #1751 ), #182, .T. ) ;
#961 = VERTEX_POINT ( 'NONE', #170 ) ;
#962 = SURFACE_STYLE_FILL_AREA ( #1429 ) ;
#963 = FILL_AREA_STYLE_COLOUR ( '', #2647 ) ;
#964 = PRESENTATION_STYLE_ASSIGNMENT (( #1392 ) ) ;
#965 =( NAMED_UNIT ( * ) SI_UNIT ( $, .STERADIAN. ) SOLID_ANGLE_UNIT ( ) );
#966 = DIRECTION ( 'NONE',  ( 0.000000000000000000, -1.000000000000000000, 0.000000000000000000 ) ) ;
#967 = ORIENTED_EDGE ( 'NONE', *, *, #1608, .T. ) ;
#968 = CARTESIAN_POINT ( 'NONE',  ( 1.600000000000000533, -1.084202172485504434E-16, 1.249999999999999112 ) ) ;
#969 = ORIENTED_EDGE ( 'NONE', *, *, #880, .F. ) ;
#970 = LINE ( 'NONE', #2769, #901 ) ;
#971 = SURFACE_STYLE_USAGE ( .BOTH. , #744 ) ;
#972 = VERTEX_POINT ( 'NONE', #1087 ) ;
#973 = CARTESIAN_POINT ( 'NONE',  ( 1.520000000000000462, 0.6500000000000000222, 1.019999999999999574 ) ) ;
#974 =( NAMED_UNIT ( * ) PLANE_ANGLE_UNIT ( ) SI_UNIT ( $, .RADIAN. ) );
#975 = DIRECTION ( 'NONE',  ( -0.000000000000000000, 0.000000000000000000, -1.000000000000000000 ) ) ;
#976 = CARTESIAN_POINT ( 'NONE',  ( -1.469999999999999973, 0.6999999999999999556, 1.019999999999999574 ) ) ;
#977 = ORIENTED_EDGE ( 'NONE', *, *, #512, .F. ) ;
#978 = FACE_OUTER_BOUND ( 'NONE', #2442, .T. ) ;
#979 = ADVANCED_FACE ( 'NONE', ( #1309 ), #2210, .F. ) ;
#980 = CARTESIAN_POINT ( 'NONE',  ( -1.399999999999999911, 0.4099999999999997535, -1.200000000000000622 ) ) ;
#981 = VERTEX_POINT ( 'NONE', #358 ) ;
#982 =( LENGTH_UNIT ( ) NAMED_UNIT ( * ) SI_UNIT ( .MILLI., .METRE. ) );
#983 = LINE ( 'NONE', #2293, #527 ) ;
#984 = DIRECTION ( 'NONE',  ( -8.673617379884035472E-17, -0.000000000000000000, -1.000000000000000000 ) ) ;
#985 = ORIENTED_EDGE ( 'NONE', *, *, #836, .T. ) ;
#986 = FILL_AREA_STYLE_COLOUR ( '', #2162 ) ;
#987 = SURFACE_STYLE_USAGE ( .BOTH. , #1416 ) ;
#988 = DIRECTION ( 'NONE',  ( -0.7880243737245632429, 0.000000000000000000, 0.6156440419723153701 ) ) ;
#989 = ORIENTED_EDGE ( 'NONE', *, *, #900, .T. ) ;
#990 = STYLED_ITEM ( 'NONE', ( #1722 ), #1350 ) ;
#991 = EDGE_CURVE ( 'NONE', #1667, #538, #861, .T. ) ;
#992 = EDGE_CURVE ( 'NONE', #1619, #1759, #1801, .T. ) ;
#993 = VECTOR ( 'NONE', #1407, 1000.000000000000000 ) ;
#994 = SURFACE_STYLE_USAGE ( .BOTH. , #1863 ) ;
#995 = STYLED_ITEM ( 'NONE', ( #1824 ), #2690 ) ;
#996 = TOROIDAL_SURFACE ( 'NONE', #2464, 0.09999999999999999167, 0.05000000000000000278 ) ;
#997 = AXIS2_PLACEMENT_3D ( 'NONE', #929, #2489, #271 ) ;
#998 = ORIENTED_EDGE ( 'NONE', *, *, #755, .F. ) ;
#999 = FACE_OUTER_BOUND ( 'NONE', #1338, .T. ) ;
#1000 = COLOUR_RGB ( '',1.000000000000000000, 0.8431372549019607865, 0.000000000000000000 ) ;
#1001 = ORIENTED_EDGE ( 'NONE', *, *, #1750, .F. ) ;
#1002 = ORIENTED_EDGE ( 'NONE', *, *, #2886, .F. ) ;
#1003 = VECTOR ( 'NONE', #267, 1000.000000000000000 ) ;
#1004 = DIRECTION ( 'NONE',  ( 0.000000000000000000, 1.000000000000000000, 0.000000000000000000 ) ) ;
#1005 = DIRECTION ( 'NONE',  ( -1.000000000000000000, 0.000000000000000000, 0.000000000000000000 ) ) ;
#1006 = COLOUR_RGB ( '',1.000000000000000000, 0.8431372549019607865, 0.000000000000000000 ) ;
#1007 = ADVANCED_FACE ( 'NONE', ( #1778 ), #2160, .F. ) ;
#1008 = STYLED_ITEM ( 'NONE', ( #2635 ), #1181 ) ;
#1009 = ORIENTED_EDGE ( 'NONE', *, *, #1076, .F. ) ;
#1010 = FACE_OUTER_BOUND ( 'NONE', #222, .T. ) ;
#1011 = FILL_AREA_STYLE ('',( #2128 ) ) ;
#1012 = ADVANCED_FACE ( 'NONE', ( #2251 ), #1623, .T. ) ;
#1013 = VERTEX_POINT ( 'NONE', #2469 ) ;
#1014 = DIRECTION ( 'NONE',  ( -0.000000000000000000, 0.000000000000000000, 1.000000000000000000 ) ) ;
#1015 =( LENGTH_UNIT ( ) NAMED_UNIT ( * ) SI_UNIT ( .MILLI., .METRE. ) );
#1016 = CARTESIAN_POINT ( 'NONE',  ( 1.600000000000000311, 0.01000000000000000021, -1.250000000000000888 ) ) ;
#1017 = ORIENTED_EDGE ( 'NONE', *, *, #1919, .F. ) ;
#1018 =( LENGTH_UNIT ( ) NAMED_UNIT ( * ) SI_UNIT ( .MILLI., .METRE. ) );
#1019 =( LENGTH_UNIT ( ) NAMED_UNIT ( * ) SI_UNIT ( .MILLI., .METRE. ) );
#1020 = STYLED_ITEM ( 'NONE', ( #348 ), #701 ) ;
#1021 = ORIENTED_EDGE ( 'NONE', *, *, #2396, .F. ) ;
#1022 = LINE ( 'NONE', #2368, #717 ) ;
#1023 = AXIS2_PLACEMENT_3D ( 'NONE', #388, #1271, #560 ) ;
#1024 = ORIENTED_EDGE ( 'NONE', *, *, #1143, .F. ) ;
#1025 = EDGE_CURVE ( 'NONE', #1060, #2430, #2294, .T. ) ;
#1026 = DIRECTION ( 'NONE',  ( 0.000000000000000000, 0.000000000000000000, 1.000000000000000000 ) ) ;
#1027 = LINE ( 'NONE', #764, #2470 ) ;
#1028 = ORIENTED_EDGE ( 'NONE', *, *, #2728, .F. ) ;
#1029 =( NAMED_UNIT ( * ) PLANE_ANGLE_UNIT ( ) SI_UNIT ( $, .RADIAN. ) );
#1030 = DIRECTION ( 'NONE',  ( -0.000000000000000000, 1.000000000000000000, -0.000000000000000000 ) ) ;
#1031 = DIRECTION ( 'NONE',  ( -0.000000000000000000, 1.000000000000000000, -0.000000000000000000 ) ) ;
#1032 = ORIENTED_EDGE ( 'NONE', *, *, #1608, .F. ) ;
#1033 = CIRCLE ( 'NONE', #2017, 0.1000000000000000472 ) ;
#1034 = VECTOR ( 'NONE', #1526, 1000.000000000000000 ) ;
#1035 = SURFACE_SIDE_STYLE ('',( #747 ) ) ;
#1036 = DIRECTION ( 'NONE',  ( -0.7880243737245635760, 0.000000000000000000, -0.6156440419723148150 ) ) ;
#1037 = COLOUR_RGB ( '',0.7529411764705882248, 0.7529411764705882248, 0.7529411764705882248 ) ;
#1038 = VERTEX_POINT ( 'NONE', #2528 ) ;
#1039 = CARTESIAN_POINT ( 'NONE',  ( 1.370000000000000329, 0.5500000000000000444, 1.019999999999999574 ) ) ;
#1040 = CARTESIAN_POINT ( 'NONE',  ( -1.369999999999999885, 0.5500000000000000444, 1.169999999999999707 ) ) ;
#1041 = DIRECTION ( 'NONE',  ( 0.000000000000000000, 1.000000000000000000, 0.000000000000000000 ) ) ;
#1042 = SURFACE_STYLE_USAGE ( .BOTH. , #1548 ) ;
#1043 = VECTOR ( 'NONE', #415, 1000.000000000000000 ) ;
#1044 = EDGE_CURVE ( 'NONE', #2540, #949, #213, .T. ) ;
#1045 = EDGE_CURVE ( 'NONE', #2338, #178, #1606, .T. ) ;
#1046 = VERTEX_POINT ( 'NONE', #2729 ) ;
#1047 = CARTESIAN_POINT ( 'NONE',  ( -1.530000000000000693, 0.01000000000000000021, -0.3500000000000000333 ) ) ;
#1048 = CARTESIAN_POINT ( 'NONE',  ( 1.370000000000000551, 0.5500000000000000444, -1.170000000000000817 ) ) ;
#1049 = ORIENTED_EDGE ( 'NONE', *, *, #920, .F. ) ;
#1050 =( NAMED_UNIT ( * ) SI_UNIT ( $, .STERADIAN. ) SOLID_ANGLE_UNIT ( ) );
#1051 = ORIENTED_EDGE ( 'NONE', *, *, #1767, .F. ) ;
#1052 = CARTESIAN_POINT ( 'NONE',  ( -1.530000000000000693, 0.01000000000000000021, -1.180000000000000826 ) ) ;
#1053 = CARTESIAN_POINT ( 'NONE',  ( -1.530000000000000693, 0.01000000000000000021, -1.180000000000000826 ) ) ;
#1054 =( NAMED_UNIT ( * ) PLANE_ANGLE_UNIT ( ) SI_UNIT ( $, .RADIAN. ) );
#1055 = LINE ( 'NONE', #1962, #2692 ) ;
#1056 = PLANE ( 'NONE',  #2784 ) ;
#1057 = DIRECTION ( 'NONE',  ( 0.000000000000000000, 1.000000000000000000, -0.000000000000000000 ) ) ;
#1058 = DIRECTION ( 'NONE',  ( 0.000000000000000000, 1.000000000000000000, 0.000000000000000000 ) ) ;
#1059 = EDGE_CURVE ( 'NONE', #1013, #1368, #459, .T. ) ;
#1060 = VERTEX_POINT ( 'NONE', #2238 ) ;
#1061 = CARTESIAN_POINT ( 'NONE',  ( -1.369999999999999662, 0.5500000000000000444, -1.170000000000000817 ) ) ;
#1062 =( NAMED_UNIT ( * ) PLANE_ANGLE_UNIT ( ) SI_UNIT ( $, .RADIAN. ) );
#1063 = TOROIDAL_SURFACE ( 'NONE', #2720, 0.09999999999999999167, 0.05000000000000000278 ) ;
#1064 = ORIENTED_EDGE ( 'NONE', *, *, #858, .T. ) ;
#1065 = DIRECTION ( 'NONE',  ( 0.000000000000000000, 0.000000000000000000, 1.000000000000000000 ) ) ;
#1066 = DIRECTION ( 'NONE',  ( 0.7071067811865489050, -0.000000000000000000, 0.7071067811865462405 ) ) ;
#1067 = FACE_OUTER_BOUND ( 'NONE', #2839, .T. ) ;
#1068 = AXIS2_PLACEMENT_3D ( 'NONE', #1248, #1031, #2619 ) ;
#1069 = DIRECTION ( 'NONE',  ( 0.000000000000000000, 1.000000000000000000, 0.000000000000000000 ) ) ;
#1070 = VECTOR ( 'NONE', #52, 1000.000000000000000 ) ;
#1071 = DIRECTION ( 'NONE',  ( 1.000000000000000000, 0.000000000000000000, 0.000000000000000000 ) ) ;
#1072 =( NAMED_UNIT ( * ) SI_UNIT ( $, .STERADIAN. ) SOLID_ANGLE_UNIT ( ) );
#1073 = CARTESIAN_POINT ( 'NONE',  ( 1.370000000000000329, 0.5500000000000000444, 1.169999999999999707 ) ) ;
#1074 = UNCERTAINTY_MEASURE_WITH_UNIT (LENGTH_MEASURE( 1.000000000000000082E-05 ), #1684, 'distance_accuracy_value', 'NONE');
#1075 = DIRECTION ( 'NONE',  ( 0.000000000000000000, 0.000000000000000000, 1.000000000000000000 ) ) ;
#1076 = EDGE_CURVE ( 'NONE', #2761, #562, #1351, .T. ) ;
#1077 = ORIENTED_EDGE ( 'NONE', *, *, #74, .T. ) ;
#1078 = CARTESIAN_POINT ( 'NONE',  ( -1.599999999999999645, 0.000000000000000000, 1.123100371848456680 ) ) ;
#1079 = LINE ( 'NONE', #1486, #2136 ) ;
#1080 = PRESENTATION_LAYER_ASSIGNMENT (  '', '', ( #990 ) ) ;
#1081 = STYLED_ITEM ( 'NONE', ( #2111 ), #2798 ) ;
#1082 = COLOUR_RGB ( '',1.000000000000000000, 0.8431372549019607865, 0.000000000000000000 ) ;
#1083 = ORIENTED_EDGE ( 'NONE', *, *, #1972, .T. ) ;
#1084 = PRESENTATION_STYLE_ASSIGNMENT (( #1471 ) ) ;
#1085 = LINE ( 'NONE', #198, #236 ) ;
#1086 = MECHANICAL_DESIGN_GEOMETRIC_PRESENTATION_REPRESENTATION (  '', ( #663 ), #615 ) ;
#1087 = CARTESIAN_POINT ( 'NONE',  ( 1.437568475966025439, 0.01000000000000000021, 1.249999999999999112 ) ) ;
#1088 = AXIS2_PLACEMENT_3D ( 'NONE', #2432, #1531, #356 ) ;
#1089 = AXIS2_PLACEMENT_3D ( 'NONE', #298, #2316, #2373 ) ;
#1090 = UNCERTAINTY_MEASURE_WITH_UNIT (LENGTH_MEASURE( 1.000000000000000082E-05 ), #445, 'distance_accuracy_value', 'NONE');
#1091 = DIRECTION ( 'NONE',  ( 0.000000000000000000, -1.000000000000000000, 0.000000000000000000 ) ) ;
#1092 = AXIS2_PLACEMENT_3D ( 'NONE', #387, #1058, #1075 ) ;
#1093 = VERTEX_POINT ( 'NONE', #958 ) ;
#1094 = CARTESIAN_POINT ( 'NONE',  ( -1.530000000000000693, -1.362093976199881373, -1.180000000000000826 ) ) ;
#1095 = VECTOR ( 'NONE', #863, 1000.000000000000000 ) ;
#1096 =( NAMED_UNIT ( * ) SI_UNIT ( $, .STERADIAN. ) SOLID_ANGLE_UNIT ( ) );
#1097 = DIRECTION ( 'NONE',  ( 8.673617379884036705E-17, -0.000000000000000000, 1.000000000000000000 ) ) ;
#1098 = AXIS2_PLACEMENT_3D ( 'NONE', #1283, #2902, #874 ) ;
#1099 = DIRECTION ( 'NONE',  ( 0.000000000000000000, 0.000000000000000000, -1.000000000000000000 ) ) ;
#1100 = EDGE_LOOP ( 'NONE', ( #2493, #2380, #2240, #2193, #1794, #921, #509, #1456 ) ) ;
#1101 = SURFACE_STYLE_FILL_AREA ( #197 ) ;
#1102 = CARTESIAN_POINT ( 'NONE',  ( -1.369999999999999885, 0.6500000000000000222, 1.169999999999999707 ) ) ;
#1103 = EDGE_CURVE ( 'NONE', #2291, #1549, #490, .T. ) ;
#1104 = DIRECTION ( 'NONE',  ( -0.000000000000000000, 1.000000000000000000, -0.000000000000000000 ) ) ;
#1105 = ORIENTED_EDGE ( 'NONE', *, *, #247, .F. ) ;
#1106 = SURFACE_SIDE_STYLE ('',( #1266 ) ) ;
#1107 = FILL_AREA_STYLE ('',( #879 ) ) ;
#1108 = CARTESIAN_POINT ( 'NONE',  ( -1.499999999999999778, -1.084202172485504434E-16, -1.250000000000000444 ) ) ;
#1109 = LINE ( 'NONE', #14, #1177 ) ;
#1110 = CIRCLE ( 'NONE', #7, 0.04999999999999991257 ) ;
#1111 = DIRECTION ( 'NONE',  ( 1.000000000000000000, 0.000000000000000000, 0.000000000000000000 ) ) ;
#1112 = CARTESIAN_POINT ( 'NONE',  ( 1.600000000000000755, -1.084202172485504434E-16, 1.123100371848454682 ) ) ;
#1113 = VERTEX_POINT ( 'NONE', #255 ) ;
#1114 = PLANE ( 'NONE',  #2307 ) ;
#1115 = PRESENTATION_STYLE_ASSIGNMENT (( #40 ) ) ;
#1116 = CYLINDRICAL_SURFACE ( 'NONE', #1610, 0.1499999999999999667 ) ;
#1117 = DIRECTION ( 'NONE',  ( -0.000000000000000000, 1.000000000000000000, -0.000000000000000000 ) ) ;
#1118 = ADVANCED_FACE ( 'NONE', ( #2005 ), #2913, .F. ) ;
#1119 = UNCERTAINTY_MEASURE_WITH_UNIT (LENGTH_MEASURE( 1.000000000000000082E-05 ), #1630, 'distance_accuracy_value', 'NONE');
#1120 = VERTEX_POINT ( 'NONE', #2542 ) ;
#1121 = UNCERTAINTY_MEASURE_WITH_UNIT (LENGTH_MEASURE( 1.000000000000000082E-05 ), #2875, 'distance_accuracy_value', 'NONE');
#1122 = CARTESIAN_POINT ( 'NONE',  ( -0.06156440419723154672, -0.3106344704265987522, -0.07880243737245636038 ) ) ;
#1123 = SURFACE_STYLE_USAGE ( .BOTH. , #1782 ) ;
#1124 = CARTESIAN_POINT ( 'NONE',  ( 1.694065894508599692E-16, 0.000000000000000000, 1.249999999999999334 ) ) ;
#1125 = COLOUR_RGB ( '',0.7529411764705882248, 0.7529411764705882248, 0.7529411764705882248 ) ;
#1126 =( LENGTH_UNIT ( ) NAMED_UNIT ( * ) SI_UNIT ( .MILLI., .METRE. ) );
#1127 = STYLED_ITEM ( 'NONE', ( #2077 ), #918 ) ;
#1128 = LINE ( 'NONE', #2013, #2392 ) ;
#1129 = EDGE_CURVE ( 'NONE', #2097, #1038, #1436, .T. ) ;
#1130 = ORIENTED_EDGE ( 'NONE', *, *, #469, .T. ) ;
#1131 = DIRECTION ( 'NONE',  ( 0.000000000000000000, 0.000000000000000000, 1.000000000000000000 ) ) ;
#1132 = APPLICATION_PROTOCOL_DEFINITION ( 'draft international standard', 'automotive_design', 1998, #896 ) ;
#1133 =( GEOMETRIC_REPRESENTATION_CONTEXT ( 3 ) GLOBAL_UNCERTAINTY_ASSIGNED_CONTEXT ( ( #2376 ) ) GLOBAL_UNIT_ASSIGNED_CONTEXT ( ( #1882, #296, #2574 ) ) REPRESENTATION_CONTEXT ( 'NONE', 'WORKASPACE' ) );
#1134 =( LENGTH_UNIT ( ) NAMED_UNIT ( * ) SI_UNIT ( .MILLI., .METRE. ) );
#1135 = STYLED_ITEM ( 'NONE', ( #2081 ), #1733 ) ;
#1136 = VERTEX_POINT ( 'NONE', #1661 ) ;
#1137 = CARTESIAN_POINT ( 'NONE',  ( -1.599999999999999867, 0.4100000000000000311, -1.250000000000000444 ) ) ;
#1138 = DIRECTION ( 'NONE',  ( 0.000000000000000000, 0.000000000000000000, -1.000000000000000000 ) ) ;
#1139 = CARTESIAN_POINT ( 'NONE',  ( 0.4499999999999998446, -1.362093976199881373, 1.180000000000000826 ) ) ;
#1140 = DIRECTION ( 'NONE',  ( -0.000000000000000000, 1.000000000000000000, -0.000000000000000000 ) ) ;
#1141 = PRESENTATION_LAYER_ASSIGNMENT (  '', '', ( #2116 ) ) ;
#1142 = AXIS2_PLACEMENT_3D ( 'NONE', #2474, #1408, #462 ) ;
#1143 = EDGE_CURVE ( 'NONE', #1211, #2806, #2572, .T. ) ;
#1144 = STYLED_ITEM ( 'NONE', ( #2676 ), #2049 ) ;
#1145 = FACE_OUTER_BOUND ( 'NONE', #2341, .T. ) ;
#1146 = ORIENTED_EDGE ( 'NONE', *, *, #1767, .T. ) ;
#1147 = CARTESIAN_POINT ( 'NONE',  ( -1.399999999999999911, 0.5500000000000001554, -1.050000000000000488 ) ) ;
#1148 = ADVANCED_FACE ( 'NONE', ( #1867 ), #2309, .F. ) ;
#1149 = CIRCLE ( 'NONE', #2124, 0.1499999999999999667 ) ;
#1150 = CARTESIAN_POINT ( 'NONE',  ( -1.219999999999999973, 0.5999999999999999778, 0.7699999999999995737 ) ) ;
#1151 = FILL_AREA_STYLE ('',( #2260 ) ) ;
#1152 = ORIENTED_EDGE ( 'NONE', *, *, #1314, .F. ) ;
#1153 =( LENGTH_UNIT ( ) NAMED_UNIT ( * ) SI_UNIT ( .MILLI., .METRE. ) );
#1154 = CARTESIAN_POINT ( 'NONE',  ( 0.000000000000000000, 0.000000000000000000, 0.000000000000000000 ) ) ;
#1155 =( GEOMETRIC_REPRESENTATION_CONTEXT ( 3 ) GLOBAL_UNCERTAINTY_ASSIGNED_CONTEXT ( ( #2893 ) ) GLOBAL_UNIT_ASSIGNED_CONTEXT ( ( #1562, #2511, #1580 ) ) REPRESENTATION_CONTEXT ( 'NONE', 'WORKASPACE' ) );
#1156 = UNCERTAINTY_MEASURE_WITH_UNIT (LENGTH_MEASURE( 1.000000000000000082E-05 ), #1219, 'distance_accuracy_value', 'NONE');
#1157 = VERTEX_POINT ( 'NONE', #336 ) ;
#1158 = CARTESIAN_POINT ( 'NONE',  ( -1.399999999999999911, 0.5500000000000000444, -1.200000000000000622 ) ) ;
#1159 =( NAMED_UNIT ( * ) PLANE_ANGLE_UNIT ( ) SI_UNIT ( $, .RADIAN. ) );
#1160 = CARTESIAN_POINT ( 'NONE',  ( -0.4500000000000000666, -1.362093976199881373, -1.180000000000000826 ) ) ;
#1161 = VECTOR ( 'NONE', #1036, 1000.000000000000000 ) ;
#1162 = VERTEX_POINT ( 'NONE', #1223 ) ;
#1163 = CARTESIAN_POINT ( 'NONE',  ( 1.370000000000000551, 0.6500000000000000222, -1.170000000000000817 ) ) ;
#1164 = EDGE_CURVE ( 'NONE', #591, #538, #1213, .T. ) ;
#1165 = CARTESIAN_POINT ( 'NONE',  ( 1.370000000000000551, 0.5500000000000000444, -1.170000000000000817 ) ) ;
#1166 = DIRECTION ( 'NONE',  ( -1.000000000000000000, 0.000000000000000000, 0.000000000000000000 ) ) ;
#1167 = EDGE_LOOP ( 'NONE', ( #1494, #2231, #1484, #1711 ) ) ;
#1168 = CARTESIAN_POINT ( 'NONE',  ( -0.4500000000000002887, 0.000000000000000000, -0.3500000000000000333 ) ) ;
#1169 = FILL_AREA_STYLE_COLOUR ( '', #2031 ) ;
#1170 = ORIENTED_EDGE ( 'NONE', *, *, #2536, .T. ) ;
#1171 = DIRECTION ( 'NONE',  ( 3.918803033080132790E-16, 0.000000000000000000, -1.000000000000000000 ) ) ;
#1172 = DIRECTION ( 'NONE',  ( 1.398970545142586295E-16, 0.000000000000000000, 1.000000000000000000 ) ) ;
#1173 = CARTESIAN_POINT ( 'NONE',  ( 1.600000000000000311, 0.4100000000000000311, -1.250000000000000888 ) ) ;
#1174 = SURFACE_STYLE_USAGE ( .BOTH. , #737 ) ;
#1175 = EDGE_LOOP ( 'NONE', ( #2730, #47 ) ) ;
#1176 = SURFACE_STYLE_USAGE ( .BOTH. , #2538 ) ;
#1177 = VECTOR ( 'NONE', #2502, 1000.000000000000000 ) ;
#1178 = MECHANICAL_DESIGN_GEOMETRIC_PRESENTATION_REPRESENTATION (  '', ( #414 ), #2862 ) ;
#1179 = DIRECTION ( 'NONE',  ( -1.000000000000000000, 0.000000000000000000, 0.000000000000000000 ) ) ;
#1180 = ADVANCED_FACE ( 'NONE', ( #1680 ), #2331, .F. ) ;
#1181 = ADVANCED_FACE ( 'NONE', ( #317 ), #1240, .F. ) ;
#1182 = PRESENTATION_LAYER_ASSIGNMENT (  '', '', ( #1127 ) ) ;
#1183 = ORIENTED_EDGE ( 'NONE', *, *, #211, .T. ) ;
#1184 = LINE ( 'NONE', #1866, #483 ) ;
#1185 = CARTESIAN_POINT ( 'NONE',  ( 1.520000000000000462, 0.5500000000000000444, 1.019999999999999574 ) ) ;
#1186 = ORIENTED_EDGE ( 'NONE', *, *, #614, .F. ) ;
#1187 = CYLINDRICAL_SURFACE ( 'NONE', #1554, 0.1000000000000001582 ) ;
#1188 =( NAMED_UNIT ( * ) SI_UNIT ( $, .STERADIAN. ) SOLID_ANGLE_UNIT ( ) );
#1189 = CIRCLE ( 'NONE', #186, 0.04999999999999991257 ) ;
#1190 = TOROIDAL_SURFACE ( 'NONE', #710, 0.09999999999999999167, 0.05000000000000000278 ) ;
#1191 = SURFACE_STYLE_FILL_AREA ( #1847 ) ;
#1192 = MECHANICAL_DESIGN_GEOMETRIC_PRESENTATION_REPRESENTATION (  '', ( #2880 ), #56 ) ;
#1193 = EDGE_LOOP ( 'NONE', ( #892, #1705, #1032, #2749, #1385, #2593, #610, #2566 ) ) ;
#1194 = DIRECTION ( 'NONE',  ( 1.000000000000000000, -0.000000000000000000, -0.000000000000000000 ) ) ;
#1195 = VECTOR ( 'NONE', #2684, 1000.000000000000000 ) ;
#1196 = AXIS2_PLACEMENT_3D ( 'NONE', #1160, #28, #895 ) ;
#1197 =( GEOMETRIC_REPRESENTATION_CONTEXT ( 3 ) GLOBAL_UNCERTAINTY_ASSIGNED_CONTEXT ( ( #129 ) ) GLOBAL_UNIT_ASSIGNED_CONTEXT ( ( #2518, #2010, #965 ) ) REPRESENTATION_CONTEXT ( 'NONE', 'WORKASPACE' ) );
#1198 = MECHANICAL_DESIGN_GEOMETRIC_PRESENTATION_REPRESENTATION (  '', ( #761 ), #386 ) ;
#1199 = ORIENTED_EDGE ( 'NONE', *, *, #1231, .T. ) ;
#1200 = SURFACE_SIDE_STYLE ('',( #2700 ) ) ;
#1201 = DIRECTION ( 'NONE',  ( 0.000000000000000000, 1.000000000000000000, 0.000000000000000000 ) ) ;
#1202 = MECHANICAL_DESIGN_GEOMETRIC_PRESENTATION_REPRESENTATION (  '', ( #1934 ), #1155 ) ;
#1203 = ORIENTED_EDGE ( 'NONE', *, *, #856, .F. ) ;
#1204 = SURFACE_SIDE_STYLE ('',( #1682 ) ) ;
#1205 = DIRECTION ( 'NONE',  ( -0.000000000000000000, -1.000000000000000000, -0.000000000000000000 ) ) ;
#1206 = DIRECTION ( 'NONE',  ( -1.000000000000000000, 0.000000000000000000, 1.398970545142586295E-16 ) ) ;
#1207 = DIRECTION ( 'NONE',  ( -1.000000000000000000, 0.000000000000000000, 1.355252715606880543E-16 ) ) ;
#1208 = ORIENTED_EDGE ( 'NONE', *, *, #669, .T. ) ;
#1209 = FILL_AREA_STYLE ('',( #1228 ) ) ;
#1210 = FACE_OUTER_BOUND ( 'NONE', #209, .T. ) ;
#1211 = VERTEX_POINT ( 'NONE', #2221 ) ;
#1212 = DIRECTION ( 'NONE',  ( -0.000000000000000000, 1.000000000000000000, -0.000000000000000000 ) ) ;
#1213 = LINE ( 'NONE', #2107, #249 ) ;
#1214 = ORIENTED_EDGE ( 'NONE', *, *, #2865, .T. ) ;
#1215 = LINE ( 'NONE', #1858, #476 ) ;
#1216 = EDGE_CURVE ( 'NONE', #1368, #2384, #2609, .T. ) ;
#1217 = DIRECTION ( 'NONE',  ( 0.000000000000000000, -1.000000000000000000, 0.000000000000000000 ) ) ;
#1218 = ORIENTED_EDGE ( 'NONE', *, *, #2794, .T. ) ;
#1219 =( LENGTH_UNIT ( ) NAMED_UNIT ( * ) SI_UNIT ( .MILLI., .METRE. ) );
#1220 = EDGE_CURVE ( 'NONE', #1467, #2288, #1079, .T. ) ;
#1221 = VERTEX_POINT ( 'NONE', #824 ) ;
#1222 = DIRECTION ( 'NONE',  ( 0.000000000000000000, -1.000000000000000000, 0.000000000000000000 ) ) ;
#1223 = CARTESIAN_POINT ( 'NONE',  ( 1.400000000000000577, 0.4099999999999997535, 1.199999999999999289 ) ) ;
#1224 = ORIENTED_EDGE ( 'NONE', *, *, #1839, .T. ) ;
#1225 = FILL_AREA_STYLE ('',( #2371 ) ) ;
#1226 = PRESENTATION_STYLE_ASSIGNMENT (( #2132 ) ) ;
#1227 = ORIENTED_EDGE ( 'NONE', *, *, #204, .T. ) ;
#1228 = FILL_AREA_STYLE_COLOUR ( '', #1420 ) ;
#1229 = ADVANCED_FACE ( 'NONE', ( #1728 ), #2383, .T. ) ;
#1230 =( GEOMETRIC_REPRESENTATION_CONTEXT ( 3 ) GLOBAL_UNCERTAINTY_ASSIGNED_CONTEXT ( ( #2405 ) ) GLOBAL_UNIT_ASSIGNED_CONTEXT ( ( #1018, #2591, #1492 ) ) REPRESENTATION_CONTEXT ( 'NONE', 'WORKASPACE' ) );
#1231 = EDGE_CURVE ( 'NONE', #972, #2430, #352, .T. ) ;
#1232 = PRESENTATION_LAYER_ASSIGNMENT (  '', '', ( #2506 ) ) ;
#1233 = FILL_AREA_STYLE_COLOUR ( '', #1779 ) ;
#1234 =( GEOMETRIC_REPRESENTATION_CONTEXT ( 3 ) GLOBAL_UNCERTAINTY_ASSIGNED_CONTEXT ( ( #1121 ) ) GLOBAL_UNIT_ASSIGNED_CONTEXT ( ( #2875, #428, #1753 ) ) REPRESENTATION_CONTEXT ( 'NONE', 'WORKASPACE' ) );
#1235 = COLOUR_RGB ( '',1.000000000000000000, 0.8431372549019607865, 0.000000000000000000 ) ;
#1236 = COLOUR_RGB ( '',0.7529411764705882248, 0.7529411764705882248, 0.7529411764705882248 ) ;
#1237 = AXIS2_PLACEMENT_3D ( 'NONE', #2841, #813, #1716 ) ;
#1238 = EDGE_LOOP ( 'NONE', ( #631, #1242, #2050, #985, #745, #2673, #728, #2888 ) ) ;
#1239 = DIRECTION ( 'NONE',  ( -1.000000000000000000, -0.000000000000000000, -0.000000000000000000 ) ) ;
#1240 = PLANE ( 'NONE',  #2036 ) ;
#1241 = STYLED_ITEM ( 'NONE', ( #496 ), #2389 ) ;
#1242 = ORIENTED_EDGE ( 'NONE', *, *, #1534, .T. ) ;
#1243 = CYLINDRICAL_SURFACE ( 'NONE', #520, 0.1499999999999999667 ) ;
#1244 =( NAMED_UNIT ( * ) PLANE_ANGLE_UNIT ( ) SI_UNIT ( $, .RADIAN. ) );
#1245 = LINE ( 'NONE', #1920, #2228 ) ;
#1246 = ORIENTED_EDGE ( 'NONE', *, *, #740, .T. ) ;
#1247 = CARTESIAN_POINT ( 'NONE',  ( -1.599999999999999645, 0.000000000000000000, -1.123100371848456236 ) ) ;
#1248 = CARTESIAN_POINT ( 'NONE',  ( 1.600000000000000311, -1.084202172485504434E-16, -1.250000000000000888 ) ) ;
#1249 = ADVANCED_FACE ( 'NONE', ( #1277 ), #2177, .T. ) ;
#1250 = ORIENTED_EDGE ( 'NONE', *, *, #2657, .F. ) ;
#1251 = PRESENTATION_STYLE_ASSIGNMENT (( #971 ) ) ;
#1252 = EDGE_LOOP ( 'NONE', ( #778, #354, #1594, #655 ) ) ;
#1253 = DIRECTION ( 'NONE',  ( 0.000000000000000000, 0.000000000000000000, 1.000000000000000000 ) ) ;
#1254 = CARTESIAN_POINT ( 'NONE',  ( 0.4499999999999996780, 0.01000000000000000021, 0.3500000000000000333 ) ) ;
#1255 = LINE ( 'NONE', #548, #2564 ) ;
#1256 = ORIENTED_EDGE ( 'NONE', *, *, #784, .T. ) ;
#1257 = UNCERTAINTY_MEASURE_WITH_UNIT (LENGTH_MEASURE( 1.000000000000000082E-05 ), #1153, 'distance_accuracy_value', 'NONE');
#1258 = CARTESIAN_POINT ( 'NONE',  ( -1.530000000000000249, -0.3106344704265987522, 1.068412871848457124 ) ) ;
#1259 = EDGE_LOOP ( 'NONE', ( #2296, #2501, #109, #396 ) ) ;
#1260 = SURFACE_STYLE_FILL_AREA ( #581 ) ;
#1261 = EDGE_CURVE ( 'NONE', #1368, #804, #625, .T. ) ;
#1262 = SURFACE_SIDE_STYLE ('',( #1761 ) ) ;
#1263 = ORIENTED_EDGE ( 'NONE', *, *, #905, .F. ) ;
#1264 = CARTESIAN_POINT ( 'NONE',  ( 0.4499999999999996780, 0.000000000000000000, 0.3500000000000000333 ) ) ;
#1265 = DIRECTION ( 'NONE',  ( -0.000000000000000000, 0.000000000000000000, -1.000000000000000000 ) ) ;
#1266 = SURFACE_STYLE_FILL_AREA ( #395 ) ;
#1267 =( NAMED_UNIT ( * ) PLANE_ANGLE_UNIT ( ) SI_UNIT ( $, .RADIAN. ) );
#1268 = DIRECTION ( 'NONE',  ( -0.7880243737245635760, 0.000000000000000000, -0.6156440419723148150 ) ) ;
#1269 = STYLED_ITEM ( 'NONE', ( #2909 ), #1348 ) ;
#1270 = PRODUCT_DEFINITION_SHAPE ( 'NONE', 'NONE',  #819 ) ;
#1271 = DIRECTION ( 'NONE',  ( 0.000000000000000000, -0.000000000000000000, 1.000000000000000000 ) ) ;
#1272 = MECHANICAL_DESIGN_GEOMETRIC_PRESENTATION_REPRESENTATION (  '', ( #2741 ), #479 ) ;
#1273 = COLOUR_RGB ( '',1.000000000000000000, 0.8431372549019607865, 0.000000000000000000 ) ;
#1274 = ORIENTED_EDGE ( 'NONE', *, *, #806, .F. ) ;
#1275 = MECHANICAL_DESIGN_GEOMETRIC_PRESENTATION_REPRESENTATION (  '', ( #2926 ), #1884 ) ;
#1276 = VECTOR ( 'NONE', #2838, 1000.000000000000000 ) ;
#1277 = FACE_OUTER_BOUND ( 'NONE', #2417, .T. ) ;
#1278 = VECTOR ( 'NONE', #1489, 1000.000000000000000 ) ;
#1279 = VECTOR ( 'NONE', #2753, 1000.000000000000000 ) ;
#1280 = ORIENTED_EDGE ( 'NONE', *, *, #1076, .T. ) ;
#1281 = DIRECTION ( 'NONE',  ( -0.000000000000000000, 1.000000000000000000, -0.000000000000000000 ) ) ;
#1282 = FILL_AREA_STYLE_COLOUR ( '', #1926 ) ;
#1283 = CARTESIAN_POINT ( 'NONE',  ( 1.370000000000000551, 0.6500000000000000222, -1.120000000000000995 ) ) ;
#1284 = EDGE_CURVE ( 'NONE', #1648, #1221, #347, .T. ) ;
#1285 = DIRECTION ( 'NONE',  ( 1.000000000000000000, 0.000000000000000000, 0.000000000000000000 ) ) ;
#1286 = EDGE_LOOP ( 'NONE', ( #1529, #2366, #1899, #719 ) ) ;
#1287 =( NAMED_UNIT ( * ) SI_UNIT ( $, .STERADIAN. ) SOLID_ANGLE_UNIT ( ) );
#1288 =( LENGTH_UNIT ( ) NAMED_UNIT ( * ) SI_UNIT ( .MILLI., .METRE. ) );
#1289 = CARTESIAN_POINT ( 'NONE',  ( 0.4499999999999996225, -1.362093976199881373, -0.3499999999999998668 ) ) ;
#1290 = FACE_OUTER_BOUND ( 'NONE', #2471, .T. ) ;
#1291 = VERTEX_POINT ( 'NONE', #1112 ) ;
#1292 = DIRECTION ( 'NONE',  ( 1.000000000000000000, -0.000000000000000000, 0.000000000000000000 ) ) ;
#1293 = PRESENTATION_LAYER_ASSIGNMENT (  '', '', ( #1481 ) ) ;
#1294 = SURFACE_STYLE_USAGE ( .BOTH. , #1262 ) ;
#1295 =( GEOMETRIC_REPRESENTATION_CONTEXT ( 3 ) GLOBAL_UNCERTAINTY_ASSIGNED_CONTEXT ( ( #1768 ) ) GLOBAL_UNIT_ASSIGNED_CONTEXT ( ( #69, #2369, #304 ) ) REPRESENTATION_CONTEXT ( 'NONE', 'WORKASPACE' ) );
#1296 = ORIENTED_EDGE ( 'NONE', *, *, #2342, .F. ) ;
#1297 =( NAMED_UNIT ( * ) SI_UNIT ( $, .STERADIAN. ) SOLID_ANGLE_UNIT ( ) );
#1298 =( NAMED_UNIT ( * ) SI_UNIT ( $, .STERADIAN. ) SOLID_ANGLE_UNIT ( ) );
#1299 = CARTESIAN_POINT ( 'NONE',  ( -1.530000000000000693, 0.000000000000000000, -0.3500000000000001443 ) ) ;
#1300 = EDGE_LOOP ( 'NONE', ( #1203, #167, #519, #2497 ) ) ;
#1301 = DIRECTION ( 'NONE',  ( 1.000000000000000000, 0.000000000000000000, -1.355252715606880543E-16 ) ) ;
#1302 = EDGE_CURVE ( 'NONE', #1609, #1162, #18, .T. ) ;
#1303 = FACE_OUTER_BOUND ( 'NONE', #2002, .T. ) ;
#1304 = VERTEX_POINT ( 'NONE', #251 ) ;
#1305 = LINE ( 'NONE', #2205, #754 ) ;
#1306 = DIRECTION ( 'NONE',  ( 0.000000000000000000, 1.000000000000000000, 0.000000000000000000 ) ) ;
#1307 = EDGE_LOOP ( 'NONE', ( #1908, #2899, #2332, #1551, #19, #321, #1525, #2054 ) ) ;
#1308 = LINE ( 'NONE', #406, #2779 ) ;
#1309 = FACE_OUTER_BOUND ( 'NONE', #1515, .T. ) ;
#1310 = CARTESIAN_POINT ( 'NONE',  ( 1.600000000000000533, -1.084202172485504434E-16, 1.149999999999999023 ) ) ;
#1311 = VERTEX_POINT ( 'NONE', #34 ) ;
#1312 = CARTESIAN_POINT ( 'NONE',  ( -1.399999999999999911, -4.050788100849390894, -1.050000000000000488 ) ) ;
#1313 = AXIS2_PLACEMENT_3D ( 'NONE', #1147, #2898, #868 ) ;
#1314 = EDGE_CURVE ( 'NONE', #2632, #2686, #1110, .T. ) ;
#1315 = DIRECTION ( 'NONE',  ( -0.7880243737245632429, 0.000000000000000000, 0.6156440419723152591 ) ) ;
#1316 = DIRECTION ( 'NONE',  ( -1.000000000000000000, 0.000000000000000000, 0.000000000000000000 ) ) ;
#1317 = AXIS2_PLACEMENT_3D ( 'NONE', #1939, #2771, #1405 ) ;
#1318 = EDGE_CURVE ( 'NONE', #116, #972, #263, .T. ) ;
#1319 =( LENGTH_UNIT ( ) NAMED_UNIT ( * ) SI_UNIT ( .MILLI., .METRE. ) );
#1320 = CIRCLE ( 'NONE', #2216, 0.1499999999999999667 ) ;
#1321 = EDGE_LOOP ( 'NONE', ( #1725, #1774, #1829, #2094, #2142, #2427, #79, #402, #2313 ) ) ;
#1322 = CARTESIAN_POINT ( 'NONE',  ( -0.06156440419723154672, 0.000000000000000000, -0.07880243737245636038 ) ) ;
#1323 = LINE ( 'NONE', #859, #1655 ) ;
#1324 =( NAMED_UNIT ( * ) PLANE_ANGLE_UNIT ( ) SI_UNIT ( $, .RADIAN. ) );
#1325 = VECTOR ( 'NONE', #1702, 1000.000000000000000 ) ;
#1326 = STYLED_ITEM ( 'NONE', ( #1690 ), #1783 ) ;
#1327 = ORIENTED_EDGE ( 'NONE', *, *, #177, .F. ) ;
#1328 = PRESENTATION_LAYER_ASSIGNMENT (  '', '', ( #1144 ) ) ;
#1329 = FACE_OUTER_BOUND ( 'NONE', #274, .T. ) ;
#1330 = CARTESIAN_POINT ( 'NONE',  ( 1.530000000000000249, 0.01000000000000000021, -1.180000000000000604 ) ) ;
#1331 = VECTOR ( 'NONE', #2791, 1000.000000000000000 ) ;
#1332 = DIRECTION ( 'NONE',  ( -0.000000000000000000, 1.000000000000000000, -0.000000000000000000 ) ) ;
#1333 = DIRECTION ( 'NONE',  ( 0.000000000000000000, 0.000000000000000000, 1.000000000000000000 ) ) ;
#1334 = ADVANCED_FACE ( 'NONE', ( #1362, #2740 ), #208, .F. ) ;
#1335 = VERTEX_POINT ( 'NONE', #2015 ) ;
#1336 = SURFACE_STYLE_USAGE ( .BOTH. , #689 ) ;
#1337 = CARTESIAN_POINT ( 'NONE',  ( -1.599999999999999645, 0.000000000000000000, 1.387778780781445429E-16 ) ) ;
#1338 = EDGE_LOOP ( 'NONE', ( #2595, #1263, #1544, #1814 ) ) ;
#1339 = DIRECTION ( 'NONE',  ( 0.000000000000000000, 0.000000000000000000, -1.000000000000000000 ) ) ;
#1340 = PRESENTATION_STYLE_ASSIGNMENT (( #1123 ) ) ;
#1341 = CARTESIAN_POINT ( 'NONE',  ( -0.4500000000000003997, 0.01000000000000000021, 0.3500000000000000333 ) ) ;
#1342 = EDGE_CURVE ( 'NONE', #1304, #492, #2722, .T. ) ;
#1343 = SURFACE_STYLE_FILL_AREA ( #2881 ) ;
#1344 = CARTESIAN_POINT ( 'NONE',  ( -1.219999999999999973, 0.5999999999999999778, 0.8699999999999996625 ) ) ;
#1345 = DIRECTION ( 'NONE',  ( -0.000000000000000000, 1.000000000000000000, -0.000000000000000000 ) ) ;
#1346 = SURFACE_SIDE_STYLE ('',( #500 ) ) ;
#1347 = EDGE_LOOP ( 'NONE', ( #2521, #1809, #706, #2207, #2348, #1865, #626, #1421 ) ) ;
#1348 = ADVANCED_FACE ( 'NONE', ( #2505 ), #486, .T. ) ;
#1349 = CARTESIAN_POINT ( 'NONE',  ( 1.400000000000000577, 0.5500000000000001554, 1.049999999999999378 ) ) ;
#1350 = ADVANCED_FACE ( 'NONE', ( #2756 ), #2135, .F. ) ;
#1351 = LINE ( 'NONE', #1808, #539 ) ;
#1352 = UNCERTAINTY_MEASURE_WITH_UNIT (LENGTH_MEASURE( 1.000000000000000082E-05 ), #885, 'distance_accuracy_value', 'NONE');
#1353 = EDGE_LOOP ( 'NONE', ( #1681, #1896, #224, #2393 ) ) ;
#1354 =( LENGTH_UNIT ( ) NAMED_UNIT ( * ) SI_UNIT ( .MILLI., .METRE. ) );
#1355 = VECTOR ( 'NONE', #1910, 1000.000000000000000 ) ;
#1356 = DIRECTION ( 'NONE',  ( 1.003890900449541325E-16, 0.000000000000000000, 1.000000000000000000 ) ) ;
#1357 = CARTESIAN_POINT ( 'NONE',  ( -1.530000000000000471, -0.3106344704265987522, -1.068412871848457346 ) ) ;
#1358 = DIRECTION ( 'NONE',  ( -1.000000000000000000, 0.000000000000000000, 8.673617379884035472E-17 ) ) ;
#1359 = ORIENTED_EDGE ( 'NONE', *, *, #2289, .F. ) ;
#1360 = DIRECTION ( 'NONE',  ( 1.000000000000000000, 0.000000000000000000, 0.000000000000000000 ) ) ;
#1361 = LINE ( 'NONE', #2695, #1446 ) ;
#1362 = FACE_OUTER_BOUND ( 'NONE', #1347, .T. ) ;
#1363 = EDGE_LOOP ( 'NONE', ( #2043, #447, #1928, #1853, #835, #1146, #2091, #2776 ) ) ;
#1364 = CARTESIAN_POINT ( 'NONE',  ( 0.4499999999999996780, -1.362093976199881373, 0.3500000000000000333 ) ) ;
#1365 =( NAMED_UNIT ( * ) PLANE_ANGLE_UNIT ( ) SI_UNIT ( $, .RADIAN. ) );
#1366 = VECTOR ( 'NONE', #1014, 1000.000000000000000 ) ;
#1367 = VECTOR ( 'NONE', #871, 1000.000000000000000 ) ;
#1368 = VERTEX_POINT ( 'NONE', #1247 ) ;
#1369 = AXIS2_PLACEMENT_3D ( 'NONE', #125, #1917, #1265 ) ;
#1370 = CARTESIAN_POINT ( 'NONE',  ( -0.4500000000000001221, -1.362093976199881373, 0.7000000000000005107 ) ) ;
#1371 = CYLINDRICAL_SURFACE ( 'NONE', #1561, 0.1499999999999999667 ) ;
#1372 = FILL_AREA_STYLE ('',( #1612 ) ) ;
#1373 = FACE_OUTER_BOUND ( 'NONE', #1286, .T. ) ;
#1374 = MECHANICAL_DESIGN_GEOMETRIC_PRESENTATION_REPRESENTATION (  '', ( #2068 ), #792 ) ;
#1375 = AXIS2_PLACEMENT_3D ( 'NONE', #1173, #912, #709 ) ;
#1376 = EDGE_CURVE ( 'NONE', #864, #2291, #776, .T. ) ;
#1377 = CIRCLE ( 'NONE', #1237, 0.1499999999999999667 ) ;
#1378 = VECTOR ( 'NONE', #2438, 1000.000000000000000 ) ;
#1379 = PRESENTATION_STYLE_ASSIGNMENT (( #2012 ) ) ;
#1380 = ORIENTED_EDGE ( 'NONE', *, *, #810, .T. ) ;
#1381 = DIRECTION ( 'NONE',  ( 1.000000000000000000, 0.000000000000000000, -8.673617379884035472E-17 ) ) ;
#1382 =( GEOMETRIC_REPRESENTATION_CONTEXT ( 3 ) GLOBAL_UNCERTAINTY_ASSIGNED_CONTEXT ( ( #448 ) ) GLOBAL_UNIT_ASSIGNED_CONTEXT ( ( #2520, #2704, #1409 ) ) REPRESENTATION_CONTEXT ( 'NONE', 'WORKASPACE' ) );
#1383 = FILL_AREA_STYLE_COLOUR ( '', #1236 ) ;
#1384 = PRESENTATION_STYLE_ASSIGNMENT (( #2030 ) ) ;
#1385 = ORIENTED_EDGE ( 'NONE', *, *, #1059, .T. ) ;
#1386 = PRESENTATION_STYLE_ASSIGNMENT (( #240 ) ) ;
#1387 = FILL_AREA_STYLE ('',( #1579 ) ) ;
#1388 = CARTESIAN_POINT ( 'NONE',  ( 1.530000000000000249, -1.362093976199881373, 0.3500000000000000333 ) ) ;
#1389 = ORIENTED_EDGE ( 'NONE', *, *, #2461, .T. ) ;
#1390 = LINE ( 'NONE', #2284, #1558 ) ;
#1391 = LINE ( 'NONE', #1842, #318 ) ;
#1392 = SURFACE_STYLE_USAGE ( .BOTH. , #1627 ) ;
#1393 = SURFACE_STYLE_USAGE ( .BOTH. , #45 ) ;
#1394 = STYLED_ITEM ( 'NONE', ( #1251 ), #1180 ) ;
#1395 = PRESENTATION_LAYER_ASSIGNMENT (  '', '', ( #1008 ) ) ;
#1396 = ORIENTED_EDGE ( 'NONE', *, *, #2536, .F. ) ;
#1397 = ADVANCED_FACE ( 'NONE', ( #558 ), #1459, .T. ) ;
#1398 = EDGE_CURVE ( 'NONE', #532, #1549, #2361, .T. ) ;
#1399 = CYLINDRICAL_SURFACE ( 'NONE', #2188, 0.1499999999999999667 ) ;
#1400 = DIRECTION ( 'NONE',  ( 0.000000000000000000, 0.000000000000000000, 1.000000000000000000 ) ) ;
#1401 = CARTESIAN_POINT ( 'NONE',  ( 1.370000000000000329, 0.6500000000000000222, 1.119999999999999662 ) ) ;
#1402 = ORIENTED_EDGE ( 'NONE', *, *, #2923, .F. ) ;
#1403 = CARTESIAN_POINT ( 'NONE',  ( 1.600000000000000533, 0.4099999999999997535, 1.249999999999999112 ) ) ;
#1404 = ORIENTED_EDGE ( 'NONE', *, *, #1284, .F. ) ;
#1405 = DIRECTION ( 'NONE',  ( 0.000000000000000000, 0.000000000000000000, 1.000000000000000000 ) ) ;
#1406 = DIRECTION ( 'NONE',  ( -0.7071067811865462405, 0.000000000000000000, 0.7071067811865489050 ) ) ;
#1407 = DIRECTION ( 'NONE',  ( -0.000000000000000000, 1.000000000000000000, -0.000000000000000000 ) ) ;
#1408 = DIRECTION ( 'NONE',  ( 1.000000000000000000, 0.000000000000000000, 0.000000000000000000 ) ) ;
#1409 =( NAMED_UNIT ( * ) SI_UNIT ( $, .STERADIAN. ) SOLID_ANGLE_UNIT ( ) );
#1410 = ORIENTED_EDGE ( 'NONE', *, *, #1129, .T. ) ;
#1411 = DIRECTION ( 'NONE',  ( 0.000000000000000000, 1.000000000000000000, 0.000000000000000000 ) ) ;
#1412 = EDGE_CURVE ( 'NONE', #2384, #695, #1479, .T. ) ;
#1413 = ORIENTED_EDGE ( 'NONE', *, *, #353, .T. ) ;
#1414 = CARTESIAN_POINT ( 'NONE',  ( 1.550000000000000488, -4.050788100849390894, -1.050000000000000933 ) ) ;
#1415 = VERTEX_POINT ( 'NONE', #2377 ) ;
#1416 = SURFACE_SIDE_STYLE ('',( #83 ) ) ;
#1417 = AXIS2_PLACEMENT_3D ( 'NONE', #118, #2822, #791 ) ;
#1418 = MECHANICAL_DESIGN_GEOMETRIC_PRESENTATION_REPRESENTATION (  '', ( #995 ), #319 ) ;
#1419 = CARTESIAN_POINT ( 'NONE',  ( 1.500000000000000222, -1.084202172485504434E-16, -1.250000000000000888 ) ) ;
#1420 = COLOUR_RGB ( '',0.7529411764705882248, 0.7529411764705882248, 0.7529411764705882248 ) ;
#1421 = ORIENTED_EDGE ( 'NONE', *, *, #2747, .T. ) ;
#1422 = PRESENTATION_STYLE_ASSIGNMENT (( #246 ) ) ;
#1423 =( GEOMETRIC_REPRESENTATION_CONTEXT ( 3 ) GLOBAL_UNCERTAINTY_ASSIGNED_CONTEXT ( ( #2311 ) ) GLOBAL_UNIT_ASSIGNED_CONTEXT ( ( #253, #1365, #2265 ) ) REPRESENTATION_CONTEXT ( 'NONE', 'WORKASPACE' ) );
#1424 = VECTOR ( 'NONE', #975, 1000.000000000000000 ) ;
#1425 = VECTOR ( 'NONE', #92, 1000.000000000000000 ) ;
#1426 = ORIENTED_EDGE ( 'NONE', *, *, #1743, .T. ) ;
#1427 = EDGE_CURVE ( 'NONE', #117, #2023, #346, .T. ) ;
#1428 = ORIENTED_EDGE ( 'NONE', *, *, #2886, .T. ) ;
#1429 = FILL_AREA_STYLE ('',( #986 ) ) ;
#1430 = CARTESIAN_POINT ( 'NONE',  ( 1.530000000000000249, -0.3106344704265987522, -1.068412871848457346 ) ) ;
#1431 = EDGE_CURVE ( 'NONE', #1759, #1929, #50, .T. ) ;
#1432 = CARTESIAN_POINT ( 'NONE',  ( 1.400000000000000577, -4.050788100849390894, 1.199999999999999289 ) ) ;
#1433 = VERTEX_POINT ( 'NONE', #1047 ) ;
#1434 =( NAMED_UNIT ( * ) SI_UNIT ( $, .STERADIAN. ) SOLID_ANGLE_UNIT ( ) );
#1435 = ORIENTED_EDGE ( 'NONE', *, *, #1261, .T. ) ;
#1436 = LINE ( 'NONE', #1414, #1483 ) ;
#1437 = EDGE_CURVE ( 'NONE', #295, #12, #2108, .T. ) ;
#1438 = EDGE_LOOP ( 'NONE', ( #825, #700, #1359, #1857 ) ) ;
#1439 = FILL_AREA_STYLE_COLOUR ( '', #1457 ) ;
#1440 = SURFACE_STYLE_FILL_AREA ( #2788 ) ;
#1441 = ADVANCED_FACE ( 'NONE', ( #781 ), #1243, .T. ) ;
#1442 = DIRECTION ( 'NONE',  ( 1.000000000000000000, 0.000000000000000000, -1.355252715606880543E-16 ) ) ;
#1443 = ORIENTED_EDGE ( 'NONE', *, *, #108, .T. ) ;
#1444 =( LENGTH_UNIT ( ) NAMED_UNIT ( * ) SI_UNIT ( .MILLI., .METRE. ) );
#1445 = COLOUR_RGB ( '',1.000000000000000000, 0.8431372549019607865, 0.000000000000000000 ) ;
#1446 = VECTOR ( 'NONE', #238, 1000.000000000000000 ) ;
#1447 = CIRCLE ( 'NONE', #697, 0.1000000000000000472 ) ;
#1448 = DIRECTION ( 'NONE',  ( 0.6156440419723148150, 0.000000000000000000, -0.7880243737245635760 ) ) ;
#1449 = VERTEX_POINT ( 'NONE', #505 ) ;
#1450 = SURFACE_SIDE_STYLE ('',( #2580 ) ) ;
#1451 = CARTESIAN_POINT ( 'NONE',  ( -1.530000000000000693, -1.362093976199881373, -1.180000000000000826 ) ) ;
#1452 = VERTEX_POINT ( 'NONE', #2130 ) ;
#1453 = FILL_AREA_STYLE ('',( #2143 ) ) ;
#1454 =( GEOMETRIC_REPRESENTATION_CONTEXT ( 3 ) GLOBAL_UNCERTAINTY_ASSIGNED_CONTEXT ( ( #1119 ) ) GLOBAL_UNIT_ASSIGNED_CONTEXT ( ( #1630, #498, #713 ) ) REPRESENTATION_CONTEXT ( 'NONE', 'WORKASPACE' ) );
#1455 = SURFACE_STYLE_USAGE ( .BOTH. , #1872 ) ;
#1456 = ORIENTED_EDGE ( 'NONE', *, *, #2303, .T. ) ;
#1457 = COLOUR_RGB ( '',0.7529411764705882248, 0.7529411764705882248, 0.7529411764705882248 ) ;
#1458 = EDGE_CURVE ( 'NONE', #1904, #12, #2071, .T. ) ;
#1459 = PLANE ( 'NONE',  #2402 ) ;
#1460 =( GEOMETRIC_REPRESENTATION_CONTEXT ( 3 ) GLOBAL_UNCERTAINTY_ASSIGNED_CONTEXT ( ( #1257 ) ) GLOBAL_UNIT_ASSIGNED_CONTEXT ( ( #1153, #888, #2264 ) ) REPRESENTATION_CONTEXT ( 'NONE', 'WORKASPACE' ) );
#1461 = PRESENTATION_LAYER_ASSIGNMENT (  '', '', ( #663 ) ) ;
#1462 = PRESENTATION_STYLE_ASSIGNMENT (( #2650 ) ) ;
#1463 = MECHANICAL_DESIGN_GEOMETRIC_PRESENTATION_REPRESENTATION (  '', ( #1974 ), #1423 ) ;
#1464 = MECHANICAL_DESIGN_GEOMETRIC_PRESENTATION_REPRESENTATION (  '', ( #96 ), #524 ) ;
#1465 =( GEOMETRIC_REPRESENTATION_CONTEXT ( 3 ) GLOBAL_UNCERTAINTY_ASSIGNED_CONTEXT ( ( #2915 ) ) GLOBAL_UNIT_ASSIGNED_CONTEXT ( ( #2707, #2504, #221 ) ) REPRESENTATION_CONTEXT ( 'NONE', 'WORKASPACE' ) );
#1466 = VECTOR ( 'NONE', #867, 1000.000000000000000 ) ;
#1467 = VERTEX_POINT ( 'NONE', #1894 ) ;
#1468 = PRESENTATION_STYLE_ASSIGNMENT (( #2096 ) ) ;
#1469 = AXIS2_PLACEMENT_3D ( 'NONE', #1935, #846, #2674 ) ;
#1470 = EDGE_LOOP ( 'NONE', ( #657, #310, #517, #2821 ) ) ;
#1471 = SURFACE_STYLE_USAGE ( .BOTH. , #584 ) ;
#1472 = DIRECTION ( 'NONE',  ( -0.000000000000000000, 1.000000000000000000, -0.000000000000000000 ) ) ;
#1473 =( NAMED_UNIT ( * ) SI_UNIT ( $, .STERADIAN. ) SOLID_ANGLE_UNIT ( ) );
#1474 = FILL_AREA_STYLE_COLOUR ( '', #2253 ) ;
#1475 = STYLED_ITEM ( 'NONE', ( #1502 ), #1007 ) ;
#1476 = DIRECTION ( 'NONE',  ( 0.000000000000000000, 0.000000000000000000, 1.000000000000000000 ) ) ;
#1477 = VERTEX_POINT ( 'NONE', #2087 ) ;
#1478 = STYLED_ITEM ( 'NONE', ( #2421 ), #959 ) ;
#1479 = LINE ( 'NONE', #1909, #2214 ) ;
#1480 = EDGE_CURVE ( 'NONE', #1968, #1609, #1649, .T. ) ;
#1481 = STYLED_ITEM ( 'NONE', ( #842 ), #960 ) ;
#1482 = EDGE_CURVE ( 'NONE', #1929, #2338, #269, .T. ) ;
#1483 = VECTOR ( 'NONE', #1201, 1000.000000000000000 ) ;
#1484 = ORIENTED_EDGE ( 'NONE', *, *, #247, .T. ) ;
#1485 = CARTESIAN_POINT ( 'NONE',  ( -1.437568475966024550, 0.01000000000000000021, -1.250000000000000444 ) ) ;
#1486 = CARTESIAN_POINT ( 'NONE',  ( 0.4499999999999996225, 0.000000000000000000, -0.3499999999999998668 ) ) ;
#1487 = ORIENTED_EDGE ( 'NONE', *, *, #2085, .T. ) ;
#1488 = CARTESIAN_POINT ( 'NONE',  ( 1.470000000000000639, 0.6500000000000000222, -1.020000000000000906 ) ) ;
#1489 = DIRECTION ( 'NONE',  ( -0.000000000000000000, -1.000000000000000000, -0.000000000000000000 ) ) ;
#1490 = CARTESIAN_POINT ( 'NONE',  ( -1.369999999999999885, 0.6500000000000000222, 1.169999999999999707 ) ) ;
#1491 =( LENGTH_UNIT ( ) NAMED_UNIT ( * ) SI_UNIT ( .MILLI., .METRE. ) );
#1492 =( NAMED_UNIT ( * ) SI_UNIT ( $, .STERADIAN. ) SOLID_ANGLE_UNIT ( ) );
#1493 = PRESENTATION_LAYER_ASSIGNMENT (  '', '', ( #1543 ) ) ;
#1494 = ORIENTED_EDGE ( 'NONE', *, *, #2156, .F. ) ;
#1495 = LINE ( 'NONE', #1572, #2689 ) ;
#1496 = DIRECTION ( 'NONE',  ( 1.000000000000000000, 0.000000000000000000, -1.355252715606880543E-16 ) ) ;
#1497 = ADVANCED_FACE ( 'NONE', ( #82 ), #1187, .F. ) ;
#1498 = ORIENTED_EDGE ( 'NONE', *, *, #1671, .F. ) ;
#1499 = CARTESIAN_POINT ( 'NONE',  ( -0.4499999999999999001, 0.000000000000000000, -1.180000000000000826 ) ) ;
#1500 = DIRECTION ( 'NONE',  ( 0.000000000000000000, -0.000000000000000000, 1.000000000000000000 ) ) ;
#1501 = LINE ( 'NONE', #1717, #2267 ) ;
#1502 = PRESENTATION_STYLE_ASSIGNMENT (( #598 ) ) ;
#1503 = PRESENTATION_STYLE_ASSIGNMENT (( #429 ) ) ;
#1504 = FILL_AREA_STYLE ('',( #660 ) ) ;
#1505 = CARTESIAN_POINT ( 'NONE',  ( 1.550000000000000488, -4.050788100849390894, 1.199999999999999289 ) ) ;
#1506 = COLOUR_RGB ( '',1.000000000000000000, 0.8431372549019607865, 0.000000000000000000 ) ;
#1507 = DIRECTION ( 'NONE',  ( 0.000000000000000000, 1.000000000000000000, 0.000000000000000000 ) ) ;
#1508 =( GEOMETRIC_REPRESENTATION_CONTEXT ( 3 ) GLOBAL_UNCERTAINTY_ASSIGNED_CONTEXT ( ( #2164 ) ) GLOBAL_UNIT_ASSIGNED_CONTEXT ( ( #687, #1990, #2900 ) ) REPRESENTATION_CONTEXT ( 'NONE', 'WORKASPACE' ) );
#1509 = PRESENTATION_LAYER_ASSIGNMENT (  '', '', ( #2067 ) ) ;
#1510 = ORIENTED_EDGE ( 'NONE', *, *, #2103, .T. ) ;
#1511 = COLOUR_RGB ( '',1.000000000000000000, 0.8431372549019607865, 0.000000000000000000 ) ;
#1512 = AXIS2_PLACEMENT_3D ( 'NONE', #217, #2009, #27 ) ;
#1513 = DIRECTION ( 'NONE',  ( 0.000000000000000000, -1.000000000000000000, 0.000000000000000000 ) ) ;
#1514 = DIRECTION ( 'NONE',  ( 0.000000000000000000, 0.000000000000000000, -1.000000000000000000 ) ) ;
#1515 = EDGE_LOOP ( 'NONE', ( #2809, #2577, #214, #1199 ) ) ;
#1516 = EDGE_CURVE ( 'NONE', #864, #1291, #1215, .T. ) ;
#1517 = CARTESIAN_POINT ( 'NONE',  ( -1.399999999999999689, 0.4099999999999997535, 1.199999999999999734 ) ) ;
#1518 = COLOUR_RGB ( '',0.7529411764705882248, 0.7529411764705882248, 0.7529411764705882248 ) ;
#1519 = FILL_AREA_STYLE ('',( #1948 ) ) ;
#1520 = ORIENTED_EDGE ( 'NONE', *, *, #1686, .T. ) ;
#1521 = UNCERTAINTY_MEASURE_WITH_UNIT (LENGTH_MEASURE( 1.000000000000000082E-05 ), #2816, 'distance_accuracy_value', 'NONE');
#1522 = EDGE_CURVE ( 'NONE', #2725, #1136, #1308, .T. ) ;
#1523 = FILL_AREA_STYLE_COLOUR ( '', #2364 ) ;
#1524 = FILL_AREA_STYLE ('',( #2592 ) ) ;
#1525 = ORIENTED_EDGE ( 'NONE', *, *, #2397, .T. ) ;
#1526 = DIRECTION ( 'NONE',  ( -0.7071067811865489050, -0.000000000000000000, -0.7071067811865462405 ) ) ;
#1527 = CARTESIAN_POINT ( 'NONE',  ( -0.06156440419723097773, 0.000000000000000000, 0.07880243737245570812 ) ) ;
#1528 = PRESENTATION_LAYER_ASSIGNMENT (  '', '', ( #2802 ) ) ;
#1529 = ORIENTED_EDGE ( 'NONE', *, *, #1342, .F. ) ;
#1530 = DIRECTION ( 'NONE',  ( -1.000000000000000000, 0.000000000000000000, 0.000000000000000000 ) ) ;
#1531 = DIRECTION ( 'NONE',  ( 0.000000000000000000, -1.000000000000000000, 0.000000000000000000 ) ) ;
#1532 = CARTESIAN_POINT ( 'NONE',  ( -1.550000000000000044, -4.050788100849390894, -1.050000000000000488 ) ) ;
#1533 = DIRECTION ( 'NONE',  ( 0.000000000000000000, 0.000000000000000000, 1.000000000000000000 ) ) ;
#1534 = EDGE_CURVE ( 'NONE', #1038, #2709, #275, .T. ) ;
#1535 = CARTESIAN_POINT ( 'NONE',  ( -0.4500000000000000666, 0.01000000000000000021, -1.180000000000000826 ) ) ;
#1536 = ORIENTED_EDGE ( 'NONE', *, *, #525, .F. ) ;
#1537 = DIRECTION ( 'NONE',  ( 0.000000000000000000, 1.000000000000000000, 0.000000000000000000 ) ) ;
#1538 = EDGE_CURVE ( 'NONE', #178, #1046, #564, .T. ) ;
#1539 = LINE ( 'NONE', #1108, #668 ) ;
#1540 = LINE ( 'NONE', #417, #1600 ) ;
#1541 = ORIENTED_EDGE ( 'NONE', *, *, #1631, .F. ) ;
#1542 = SURFACE_STYLE_FILL_AREA ( #2479 ) ;
#1543 = STYLED_ITEM ( 'NONE', ( #3 ), #545 ) ;
#1544 = ORIENTED_EDGE ( 'NONE', *, *, #1437, .F. ) ;
#1545 = DIRECTION ( 'NONE',  ( 0.000000000000000000, 1.000000000000000000, 0.000000000000000000 ) ) ;
#1546 = DIRECTION ( 'NONE',  ( -0.000000000000000000, 1.000000000000000000, -0.000000000000000000 ) ) ;
#1547 = CARTESIAN_POINT ( 'NONE',  ( 1.600000000000000533, 0.01000000000000000021, 1.249999999999999112 ) ) ;
#1548 = SURFACE_SIDE_STYLE ('',( #628 ) ) ;
#1549 = VERTEX_POINT ( 'NONE', #2431 ) ;
#1550 = LINE ( 'NONE', #2643, #1095 ) ;
#1551 = ORIENTED_EDGE ( 'NONE', *, *, #2237, .T. ) ;
#1552 = EDGE_CURVE ( 'NONE', #864, #2652, #1959, .T. ) ;
#1553 = LINE ( 'NONE', #207, #42 ) ;
#1554 = AXIS2_PLACEMENT_3D ( 'NONE', #771, #2584, #62 ) ;
#1555 = CARTESIAN_POINT ( 'NONE',  ( 1.600000000000000311, 0.01000000000000000021, -1.123100371848457568 ) ) ;
#1556 =( NAMED_UNIT ( * ) SI_UNIT ( $, .STERADIAN. ) SOLID_ANGLE_UNIT ( ) );
#1557 = VECTOR ( 'NONE', #2466, 1000.000000000000000 ) ;
#1558 = VECTOR ( 'NONE', #1171, 1000.000000000000000 ) ;
#1559 = ORIENTED_EDGE ( 'NONE', *, *, #578, .F. ) ;
#1560 = CARTESIAN_POINT ( 'NONE',  ( -1.599999999999999867, 0.4100000000000000311, -1.150000000000000355 ) ) ;
#1561 = AXIS2_PLACEMENT_3D ( 'NONE', #659, #2255, #26 ) ;
#1562 =( LENGTH_UNIT ( ) NAMED_UNIT ( * ) SI_UNIT ( .MILLI., .METRE. ) );
#1563 = TOROIDAL_SURFACE ( 'NONE', #1088, 0.09999999999999999167, 0.05000000000000000278 ) ;
#1564 = UNCERTAINTY_MEASURE_WITH_UNIT (LENGTH_MEASURE( 1.000000000000000082E-05 ), #341, 'distance_accuracy_value', 'NONE');
#1565 = VECTOR ( 'NONE', #1212, 1000.000000000000000 ) ;
#1566 = ORIENTED_EDGE ( 'NONE', *, *, #174, .T. ) ;
#1567 = UNCERTAINTY_MEASURE_WITH_UNIT (LENGTH_MEASURE( 1.000000000000000082E-05 ), #1015, 'distance_accuracy_value', 'NONE');
#1568 = AXIS2_PLACEMENT_3D ( 'NONE', #2300, #29, #930 ) ;
#1569 = DIRECTION ( 'NONE',  ( -9.035018104045869462E-17, 0.000000000000000000, -1.000000000000000000 ) ) ;
#1570 =( NAMED_UNIT ( * ) SI_UNIT ( $, .STERADIAN. ) SOLID_ANGLE_UNIT ( ) );
#1571 = CARTESIAN_POINT ( 'NONE',  ( 1.550000000000000488, -4.050788100849390894, 1.049999999999999378 ) ) ;
#1572 = CARTESIAN_POINT ( 'NONE',  ( -1.519999999999999796, 0.5500000000000000444, -1.020000000000000906 ) ) ;
#1573 = CARTESIAN_POINT ( 'NONE',  ( -1.519999999999999796, 0.5500000000000000444, -1.020000000000000906 ) ) ;
#1574 = ADVANCED_FACE ( 'NONE', ( #838 ), #569, .F. ) ;
#1575 = CARTESIAN_POINT ( 'NONE',  ( 0.4499999999999999001, 0.01000000000000000021, -1.180000000000000604 ) ) ;
#1576 = DIRECTION ( 'NONE',  ( -0.000000000000000000, 1.000000000000000000, -0.000000000000000000 ) ) ;
#1577 = ORIENTED_EDGE ( 'NONE', *, *, #1482, .F. ) ;
#1578 = SURFACE_STYLE_USAGE ( .BOTH. , #2726 ) ;
#1579 = FILL_AREA_STYLE_COLOUR ( '', #2115 ) ;
#1580 =( NAMED_UNIT ( * ) SI_UNIT ( $, .STERADIAN. ) SOLID_ANGLE_UNIT ( ) );
#1581 = MANIFOLD_SOLID_BREP ( 'Fillet3', #1924 ) ;
#1582 = ORIENTED_EDGE ( 'NONE', *, *, #590, .T. ) ;
#1583 = CARTESIAN_POINT ( 'NONE',  ( 1.600000000000000533, -1.084202172485504434E-16, 1.249999999999999112 ) ) ;
#1584 = FILL_AREA_STYLE ('',( #1798 ) ) ;
#1585 = PLANE ( 'NONE',  #997 ) ;
#1586 = CARTESIAN_POINT ( 'NONE',  ( -1.499999999999999778, 0.000000000000000000, -1.250000000000000444 ) ) ;
#1587 = CARTESIAN_POINT ( 'NONE',  ( -1.437568475966023218, -0.3106344704265987522, 1.249999999999999778 ) ) ;
#1588 = VERTEX_POINT ( 'NONE', #2401 ) ;
#1589 = FACE_OUTER_BOUND ( 'NONE', #1819, .T. ) ;
#1590 = DIRECTION ( 'NONE',  ( -0.7880243737245633540, 0.000000000000000000, 0.6156440419723152591 ) ) ;
#1591 = EDGE_CURVE ( 'NONE', #1619, #295, #2870, .T. ) ;
#1592 = DIRECTION ( 'NONE',  ( 0.000000000000000000, 0.000000000000000000, 1.000000000000000000 ) ) ;
#1593 = UNCERTAINTY_MEASURE_WITH_UNIT (LENGTH_MEASURE( 1.000000000000000082E-05 ), #1019, 'distance_accuracy_value', 'NONE');
#1594 = ORIENTED_EDGE ( 'NONE', *, *, #707, .F. ) ;
#1595 = FACE_OUTER_BOUND ( 'NONE', #786, .T. ) ;
#1596 = SURFACE_SIDE_STYLE ('',( #2256 ) ) ;
#1597 = DIRECTION ( 'NONE',  ( 0.000000000000000000, -1.000000000000000000, 0.000000000000000000 ) ) ;
#1598 = DIRECTION ( 'NONE',  ( 0.000000000000000000, 0.000000000000000000, 1.000000000000000000 ) ) ;
#1599 = ORIENTED_EDGE ( 'NONE', *, *, #372, .F. ) ;
#1600 = VECTOR ( 'NONE', #1316, 1000.000000000000000 ) ;
#1601 = SURFACE_SIDE_STYLE ('',( #2001 ) ) ;
#1602 = EDGE_LOOP ( 'NONE', ( #602, #2465, #2655, #67 ) ) ;
#1603 = PLANE ( 'NONE',  #711 ) ;
#1604 =( LENGTH_UNIT ( ) NAMED_UNIT ( * ) SI_UNIT ( .MILLI., .METRE. ) );
#1605 = VECTOR ( 'NONE', #1030, 1000.000000000000000 ) ;
#1606 = LINE ( 'NONE', #1185, #2330 ) ;
#1607 = VECTOR ( 'NONE', #20, 1000.000000000000114 ) ;
#1608 = EDGE_CURVE ( 'NONE', #382, #1120, #1748, .T. ) ;
#1609 = VERTEX_POINT ( 'NONE', #1517 ) ;
#1610 = AXIS2_PLACEMENT_3D ( 'NONE', #2727, #2052, #1836 ) ;
#1611 = CARTESIAN_POINT ( 'NONE',  ( -1.519999999999999796, 0.6500000000000000222, -1.020000000000000906 ) ) ;
#1612 = FILL_AREA_STYLE_COLOUR ( '', #1235 ) ;
#1613 = COLOUR_RGB ( '',0.7529411764705882248, 0.7529411764705882248, 0.7529411764705882248 ) ;
#1614 = VECTOR ( 'NONE', #1205, 1000.000000000000000 ) ;
#1615 = STYLED_ITEM ( 'NONE', ( #1987 ), #526 ) ;
#1616 =( GEOMETRIC_REPRESENTATION_CONTEXT ( 3 ) GLOBAL_UNCERTAINTY_ASSIGNED_CONTEXT ( ( #1567 ) ) GLOBAL_UNIT_ASSIGNED_CONTEXT ( ( #1015, #974, #1298 ) ) REPRESENTATION_CONTEXT ( 'NONE', 'WORKASPACE' ) );
#1617 = VECTOR ( 'NONE', #1206, 1000.000000000000000 ) ;
#1618 = SURFACE_STYLE_FILL_AREA ( #2762 ) ;
#1619 = VERTEX_POINT ( 'NONE', #2418 ) ;
#1620 = VECTOR ( 'NONE', #2814, 1000.000000000000000 ) ;
#1621 = ORIENTED_EDGE ( 'NONE', *, *, #1875, .T. ) ;
#1622 = DIRECTION ( 'NONE',  ( -3.918803033080132790E-16, 0.000000000000000000, 1.000000000000000000 ) ) ;
#1623 = CYLINDRICAL_SURFACE ( 'NONE', #2610, 0.04999999999999991257 ) ;
#1624 = STYLED_ITEM ( 'NONE', ( #1468 ), #1118 ) ;
#1625 = ORIENTED_EDGE ( 'NONE', *, *, #195, .T. ) ;
#1626 = DIRECTION ( 'NONE',  ( -0.7880243737245632429, 0.000000000000000000, 0.6156440419723152591 ) ) ;
#1627 = SURFACE_SIDE_STYLE ('',( #1843 ) ) ;
#1628 = CARTESIAN_POINT ( 'NONE',  ( 0.000000000000000000, 0.4100000000000000311, 0.000000000000000000 ) ) ;
#1629 = ORIENTED_EDGE ( 'NONE', *, *, #1938, .F. ) ;
#1630 =( LENGTH_UNIT ( ) NAMED_UNIT ( * ) SI_UNIT ( .MILLI., .METRE. ) );
#1631 = EDGE_CURVE ( 'NONE', #2904, #2224, #2824, .T. ) ;
#1632 = DIRECTION ( 'NONE',  ( -1.000000000000000000, -0.000000000000000000, -0.000000000000000000 ) ) ;
#1633 = ORIENTED_EDGE ( 'NONE', *, *, #175, .F. ) ;
#1634 = FILL_AREA_STYLE_COLOUR ( '', #2170 ) ;
#1635 = ORIENTED_EDGE ( 'NONE', *, *, #2519, .T. ) ;
#1636 = DIRECTION ( 'NONE',  ( 0.000000000000000000, 1.000000000000000000, 0.000000000000000000 ) ) ;
#1637 = SURFACE_STYLE_USAGE ( .BOTH. , #297 ) ;
#1638 = VECTOR ( 'NONE', #1507, 1000.000000000000000 ) ;
#1639 = PLANE ( 'NONE',  #1657 ) ;
#1640 = VERTEX_POINT ( 'NONE', #1499 ) ;
#1641 = DIRECTION ( 'NONE',  ( 0.000000000000000000, 1.000000000000000000, 0.000000000000000000 ) ) ;
#1642 = ADVANCED_FACE ( 'NONE', ( #2596 ), #339, .T. ) ;
#1643 = VECTOR ( 'NONE', #1097, 1000.000000000000000 ) ;
#1644 = ORIENTED_EDGE ( 'NONE', *, *, #2852, .F. ) ;
#1645 = DIRECTION ( 'NONE',  ( -0.000000000000000000, 1.000000000000000000, -0.000000000000000000 ) ) ;
#1646 = EDGE_CURVE ( 'NONE', #1929, #981, #1189, .T. ) ;
#1647 = AXIS2_PLACEMENT_3D ( 'NONE', #2148, #385, #2604 ) ;
#1648 = VERTEX_POINT ( 'NONE', #355 ) ;
#1649 = LINE ( 'NONE', #546, #313 ) ;
#1650 = CARTESIAN_POINT ( 'NONE',  ( -1.519999999999999796, 0.6500000000000000222, -1.020000000000000906 ) ) ;
#1651 = PRESENTATION_LAYER_ASSIGNMENT (  '', '', ( #2068 ) ) ;
#1652 = VECTOR ( 'NONE', #1957, 1000.000000000000000 ) ;
#1653 = ORIENTED_EDGE ( 'NONE', *, *, #394, .T. ) ;
#1654 = MECHANICAL_DESIGN_GEOMETRIC_PRESENTATION_REPRESENTATION (  '', ( #2219 ), #55 ) ;
#1655 = VECTOR ( 'NONE', #2226, 1000.000000000000000 ) ;
#1656 = CIRCLE ( 'NONE', #758, 0.1000000000000001582 ) ;
#1657 = AXIS2_PLACEMENT_3D ( 'NONE', #258, #46, #273 ) ;
#1658 = FILL_AREA_STYLE_COLOUR ( '', #1125 ) ;
#1659 = EDGE_CURVE ( 'NONE', #583, #472, #2656, .T. ) ;
#1660 = VERTEX_POINT ( 'NONE', #797 ) ;
#1661 = CARTESIAN_POINT ( 'NONE',  ( -1.437568475966022996, 0.01000000000000000021, 1.249999999999999556 ) ) ;
#1662 = EDGE_CURVE ( 'NONE', #2291, #1415, #2385, .T. ) ;
#1663 = ORIENTED_EDGE ( 'NONE', *, *, #2396, .T. ) ;
#1664 = PRESENTATION_STYLE_ASSIGNMENT (( #322 ) ) ;
#1665 =( LENGTH_UNIT ( ) NAMED_UNIT ( * ) SI_UNIT ( .MILLI., .METRE. ) );
#1666 = FILL_AREA_STYLE ('',( #1688 ) ) ;
#1667 = VERTEX_POINT ( 'NONE', #1820 ) ;
#1668 = PRESENTATION_STYLE_ASSIGNMENT (( #994 ) ) ;
#1669 = ORIENTED_EDGE ( 'NONE', *, *, #1659, .T. ) ;
#1670 = ORIENTED_EDGE ( 'NONE', *, *, #2748, .T. ) ;
#1671 = EDGE_CURVE ( 'NONE', #2375, #1700, #2225, .T. ) ;
#1672 = PRESENTATION_STYLE_ASSIGNMENT (( #98 ) ) ;
#1673 = DIRECTION ( 'NONE',  ( 0.000000000000000000, 0.000000000000000000, 1.000000000000000000 ) ) ;
#1674 = LINE ( 'NONE', #75, #2413 ) ;
#1675 = ORIENTED_EDGE ( 'NONE', *, *, #2794, .F. ) ;
#1676 = MECHANICAL_DESIGN_GEOMETRIC_PRESENTATION_REPRESENTATION (  '', ( #1020 ), #511 ) ;
#1677 =( NAMED_UNIT ( * ) PLANE_ANGLE_UNIT ( ) SI_UNIT ( $, .RADIAN. ) );
#1678 = ORIENTED_EDGE ( 'NONE', *, *, #1261, .F. ) ;
#1679 = DIRECTION ( 'NONE',  ( 0.000000000000000000, 1.000000000000000000, 0.000000000000000000 ) ) ;
#1680 = FACE_OUTER_BOUND ( 'NONE', #1167, .T. ) ;
#1681 = ORIENTED_EDGE ( 'NONE', *, *, #1686, .F. ) ;
#1682 = SURFACE_STYLE_FILL_AREA ( #2352 ) ;
#1683 = DIRECTION ( 'NONE',  ( 1.000000000000000000, 0.000000000000000000, 0.000000000000000000 ) ) ;
#1684 =( LENGTH_UNIT ( ) NAMED_UNIT ( * ) SI_UNIT ( .MILLI., .METRE. ) );
#1685 = CARTESIAN_POINT ( 'NONE',  ( 0.000000000000000000, 0.000000000000000000, 0.000000000000000000 ) ) ;
#1686 = EDGE_CURVE ( 'NONE', #1415, #532, #457, .T. ) ;
#1687 = EDGE_CURVE ( 'NONE', #1113, #1311, #1320, .T. ) ;
#1688 = FILL_AREA_STYLE_COLOUR ( '', #1518 ) ;
#1689 = ORIENTED_EDGE ( 'NONE', *, *, #1302, .T. ) ;
#1690 = PRESENTATION_STYLE_ASSIGNMENT (( #329 ) ) ;
#1691 = UNCERTAINTY_MEASURE_WITH_UNIT (LENGTH_MEASURE( 1.000000000000000082E-05 ), #149, 'distance_accuracy_value', 'NONE');
#1692 = PRESENTATION_LAYER_ASSIGNMENT (  '', '', ( #89 ) ) ;
#1693 = AXIS2_PLACEMENT_3D ( 'NONE', #1895, #2800, #1673 ) ;
#1694 = COLOUR_RGB ( '',0.000000000000000000, 0.000000000000000000, 0.000000000000000000 ) ;
#1695 = VERTEX_POINT ( 'NONE', #1775 ) ;
#1696 = FACE_OUTER_BOUND ( 'NONE', #349, .T. ) ;
#1697 = FACE_OUTER_BOUND ( 'NONE', #2322, .T. ) ;
#1698 =( NAMED_UNIT ( * ) SI_UNIT ( $, .STERADIAN. ) SOLID_ANGLE_UNIT ( ) );
#1699 = STYLED_ITEM ( 'NONE', ( #2199 ), #2363 ) ;
#1700 = VERTEX_POINT ( 'NONE', #702 ) ;
#1701 = DIRECTION ( 'NONE',  ( -0.000000000000000000, -1.000000000000000000, -0.000000000000000000 ) ) ;
#1702 = DIRECTION ( 'NONE',  ( 0.7880243737245631319, 0.000000000000000000, -0.6156440419723153701 ) ) ;
#1703 = LINE ( 'NONE', #860, #2356 ) ;
#1704 = DIRECTION ( 'NONE',  ( -1.959401516540066395E-16, -0.000000000000000000, -1.000000000000000000 ) ) ;
#1705 = ORIENTED_EDGE ( 'NONE', *, *, #499, .T. ) ;
#1706 = ORIENTED_EDGE ( 'NONE', *, *, #1646, .F. ) ;
#1707 = DIRECTION ( 'NONE',  ( 0.000000000000000000, 0.000000000000000000, -1.000000000000000000 ) ) ;
#1708 = ADVANCED_FACE ( 'NONE', ( #922 ), #1603, .F. ) ;
#1709 = CARTESIAN_POINT ( 'NONE',  ( 1.400000000000000577, -4.050788100849390894, 1.049999999999999378 ) ) ;
#1710 =( GEOMETRIC_REPRESENTATION_CONTEXT ( 3 ) GLOBAL_UNCERTAINTY_ASSIGNED_CONTEXT ( ( #2269 ) ) GLOBAL_UNIT_ASSIGNED_CONTEXT ( ( #2434, #1324, #1993 ) ) REPRESENTATION_CONTEXT ( 'NONE', 'WORKASPACE' ) );
#1711 = ORIENTED_EDGE ( 'NONE', *, *, #261, .T. ) ;
#1712 = CARTESIAN_POINT ( 'NONE',  ( -0.4500000000000001221, 0.01000000000000002623, 0.7000000000000005107 ) ) ;
#1713 = DIRECTION ( 'NONE',  ( 1.000000000000000000, 0.000000000000000000, -1.003890900449540586E-16 ) ) ;
#1714 = ORIENTED_EDGE ( 'NONE', *, *, #630, .F. ) ;
#1715 = DIRECTION ( 'NONE',  ( 0.000000000000000000, 0.000000000000000000, 1.000000000000000000 ) ) ;
#1716 = DIRECTION ( 'NONE',  ( 0.000000000000000000, 0.000000000000000000, -1.000000000000000000 ) ) ;
#1717 = CARTESIAN_POINT ( 'NONE',  ( -1.530000000000000249, -1.362093976199881373, 0.3500000000000001443 ) ) ;
#1718 = SURFACE_STYLE_FILL_AREA ( #2843 ) ;
#1719 = VECTOR ( 'NONE', #2429, 1000.000000000000114 ) ;
#1720 = ORIENTED_EDGE ( 'NONE', *, *, #1938, .T. ) ;
#1721 =( NAMED_UNIT ( * ) SI_UNIT ( $, .STERADIAN. ) SOLID_ANGLE_UNIT ( ) );
#1722 = PRESENTATION_STYLE_ASSIGNMENT (( #2818 ) ) ;
#1723 = MECHANICAL_DESIGN_GEOMETRIC_PRESENTATION_REPRESENTATION (  '', ( #1543 ), #694 ) ;
#1724 = ADVANCED_FACE ( 'NONE', ( #2020 ), #441, .T. ) ;
#1725 = ORIENTED_EDGE ( 'NONE', *, *, #174, .F. ) ;
#1726 = DIRECTION ( 'NONE',  ( 1.000000000000000000, 0.000000000000000000, -1.355252715606880543E-16 ) ) ;
#1727 = LINE ( 'NONE', #2634, #2168 ) ;
#1728 = FACE_OUTER_BOUND ( 'NONE', #497, .T. ) ;
#1729 = ORIENTED_EDGE ( 'NONE', *, *, #991, .T. ) ;
#1730 = DIRECTION ( 'NONE',  ( -0.7880243737245632429, 0.000000000000000000, 0.6156440419723153701 ) ) ;
#1731 = CARTESIAN_POINT ( 'NONE',  ( 0.06156440419723156060, 0.000000000000000000, 0.07880243737245636038 ) ) ;
#1732 = FILL_AREA_STYLE_COLOUR ( '', #1758 ) ;
#1733 = ADVANCED_FACE ( 'NONE', ( #1589 ), #1114, .F. ) ;
#1734 = ORIENTED_EDGE ( 'NONE', *, *, #2440, .F. ) ;
#1735 = CARTESIAN_POINT ( 'NONE',  ( -1.519999999999999796, 0.5500000000000000444, 1.169999999999999707 ) ) ;
#1736 = LINE ( 'NONE', #1124, #2412 ) ;
#1737 = DIRECTION ( 'NONE',  ( -0.000000000000000000, 1.000000000000000000, -0.000000000000000000 ) ) ;
#1738 = PRESENTATION_LAYER_ASSIGNMENT (  '', '', ( #1788 ) ) ;
#1739 = VECTOR ( 'NONE', #1749, 1000.000000000000000 ) ;
#1740 = ORIENTED_EDGE ( 'NONE', *, *, #2765, .T. ) ;
#1741 = PRESENTATION_LAYER_ASSIGNMENT (  '', '', ( #2220 ) ) ;
#1742 = LINE ( 'NONE', #351, #1276 ) ;
#1743 = EDGE_CURVE ( 'NONE', #940, #961, #2367, .T. ) ;
#1744 = CARTESIAN_POINT ( 'NONE',  ( -1.599999999999999423, -0.3106344704265987522, -1.123100371848456236 ) ) ;
#1745 = VECTOR ( 'NONE', #2095, 1000.000000000000000 ) ;
#1746 = VECTOR ( 'NONE', #1140, 1000.000000000000000 ) ;
#1747 = ORIENTED_EDGE ( 'NONE', *, *, #590, .F. ) ;
#1748 = LINE ( 'NONE', #2624, #2456 ) ;
#1749 = DIRECTION ( 'NONE',  ( -0.000000000000000000, 1.000000000000000000, -0.000000000000000000 ) ) ;
#1750 = EDGE_CURVE ( 'NONE', #60, #822, #1495, .T. ) ;
#1751 = FACE_OUTER_BOUND ( 'NONE', #580, .T. ) ;
#1752 = STYLED_ITEM ( 'NONE', ( #1379 ), #2379 ) ;
#1753 =( NAMED_UNIT ( * ) SI_UNIT ( $, .STERADIAN. ) SOLID_ANGLE_UNIT ( ) );
#1754 = CARTESIAN_POINT ( 'NONE',  ( -1.530000000000000249, -1.362093976199881373, 1.180000000000000826 ) ) ;
#1755 = CARTESIAN_POINT ( 'NONE',  ( -1.599999999999999645, -0.3106344704265987522, 1.123100371848456680 ) ) ;
#1756 =( LENGTH_UNIT ( ) NAMED_UNIT ( * ) SI_UNIT ( .MILLI., .METRE. ) );
#1757 = CARTESIAN_POINT ( 'NONE',  ( -1.347968475966024871, 0.01000000000000000021, -1.180000000000000826 ) ) ;
#1758 = COLOUR_RGB ( '',0.7529411764705882248, 0.7529411764705882248, 0.7529411764705882248 ) ;
#1759 = VERTEX_POINT ( 'NONE', #2138 ) ;
#1760 = MECHANICAL_DESIGN_GEOMETRIC_PRESENTATION_REPRESENTATION (  '', ( #1475 ), #808 ) ;
#1761 = SURFACE_STYLE_FILL_AREA ( #166 ) ;
#1762 = AXIS2_PLACEMENT_3D ( 'NONE', #606, #2398, #2887 ) ;
#1763 = ORIENTED_EDGE ( 'NONE', *, *, #469, .F. ) ;
#1764 = CARTESIAN_POINT ( 'NONE',  ( -0.4500000000000003997, 0.000000000000000000, 0.3500000000000000333 ) ) ;
#1765 = DIRECTION ( 'NONE',  ( -0.000000000000000000, -1.000000000000000000, -0.000000000000000000 ) ) ;
#1766 =( NAMED_UNIT ( * ) SI_UNIT ( $, .STERADIAN. ) SOLID_ANGLE_UNIT ( ) );
#1767 = EDGE_CURVE ( 'NONE', #587, #8, #231, .T. ) ;
#1768 = UNCERTAINTY_MEASURE_WITH_UNIT (LENGTH_MEASURE( 1.000000000000000082E-05 ), #69, 'distance_accuracy_value', 'NONE');
#1769 = SURFACE_STYLE_FILL_AREA ( #599 ) ;
#1770 = SURFACE_STYLE_FILL_AREA ( #1504 ) ;
#1771 = PLANE ( 'NONE',  #147 ) ;
#1772 = CARTESIAN_POINT ( 'NONE',  ( 1.500000000000000444, 0.000000000000000000, 1.249999999999999112 ) ) ;
#1773 = ADVANCED_FACE ( 'NONE', ( #1696 ), #2608, .F. ) ;
#1774 = ORIENTED_EDGE ( 'NONE', *, *, #159, .T. ) ;
#1775 = CARTESIAN_POINT ( 'NONE',  ( 1.600000000000000533, 0.4100000000000000311, 1.149999999999999023 ) ) ;
#1776 = SURFACE_SIDE_STYLE ('',( #212 ) ) ;
#1777 = CARTESIAN_POINT ( 'NONE',  ( 0.06156440419723210183, 0.01000000000000000021, -0.07880243737245716529 ) ) ;
#1778 = FACE_OUTER_BOUND ( 'NONE', #1438, .T. ) ;
#1779 = COLOUR_RGB ( '',0.7529411764705882248, 0.7529411764705882248, 0.7529411764705882248 ) ;
#1780 = ORIENTED_EDGE ( 'NONE', *, *, #726, .T. ) ;
#1781 = FILL_AREA_STYLE_COLOUR ( '', #141 ) ;
#1782 = SURFACE_SIDE_STYLE ('',( #2732 ) ) ;
#1783 = ADVANCED_FACE ( 'NONE', ( #787 ), #311, .T. ) ;
#1784 = DIRECTION ( 'NONE',  ( -0.000000000000000000, -1.000000000000000000, -0.000000000000000000 ) ) ;
#1785 = CARTESIAN_POINT ( 'NONE',  ( 1.437568475966024772, -0.3106344704265987522, -1.250000000000000888 ) ) ;
#1786 = COLOUR_RGB ( '',0.7529411764705882248, 0.7529411764705882248, 0.7529411764705882248 ) ;
#1787 = DIRECTION ( 'NONE',  ( 0.000000000000000000, -1.000000000000000000, 0.000000000000000000 ) ) ;
#1788 = STYLED_ITEM ( 'NONE', ( #1422 ), #1773 ) ;
#1789 = AXIS2_PLACEMENT_3D ( 'NONE', #1137, #1810, #2315 ) ;
#1790 = ORIENTED_EDGE ( 'NONE', *, *, #1687, .F. ) ;
#1791 = VECTOR ( 'NONE', #2004, 1000.000000000000000 ) ;
#1792 = MECHANICAL_DESIGN_GEOMETRIC_PRESENTATION_REPRESENTATION (  '', ( #1144 ), #2223 ) ;
#1793 = VECTOR ( 'NONE', #2759, 1000.000000000000000 ) ;
#1794 = ORIENTED_EDGE ( 'NONE', *, *, #1952, .F. ) ;
#1795 = UNCERTAINTY_MEASURE_WITH_UNIT (LENGTH_MEASURE( 1.000000000000000082E-05 ), #1604, 'distance_accuracy_value', 'NONE');
#1796 = CARTESIAN_POINT ( 'NONE',  ( -1.369999999999999662, 0.6999999999999999556, -1.020000000000000906 ) ) ;
#1797 =( NAMED_UNIT ( * ) SI_UNIT ( $, .STERADIAN. ) SOLID_ANGLE_UNIT ( ) );
#1798 = FILL_AREA_STYLE_COLOUR ( '', #952 ) ;
#1799 = SURFACE_SIDE_STYLE ('',( #1191 ) ) ;
#1800 = CARTESIAN_POINT ( 'NONE',  ( -0.06156440419723154672, 0.000000000000000000, -0.07880243737245636038 ) ) ;
#1801 = CIRCLE ( 'NONE', #1098, 0.04999999999999991257 ) ;
#1802 = ADVANCED_FACE ( 'NONE', ( #1329 ), #2437, .T. ) ;
#1803 = SURFACE_SIDE_STYLE ('',( #2721 ) ) ;
#1804 =( NAMED_UNIT ( * ) PLANE_ANGLE_UNIT ( ) SI_UNIT ( $, .RADIAN. ) );
#1805 = ORIENTED_EDGE ( 'NONE', *, *, #1900, .T. ) ;
#1806 = APPLICATION_PROTOCOL_DEFINITION ( 'draft international standard', 'automotive_design', 1998, #593 ) ;
#1807 = SURFACE_STYLE_FILL_AREA ( #704 ) ;
#1808 = CARTESIAN_POINT ( 'NONE',  ( 0.4499999999999999001, -1.362093976199881373, -1.180000000000000604 ) ) ;
#1809 = ORIENTED_EDGE ( 'NONE', *, *, #2187, .T. ) ;
#1810 = DIRECTION ( 'NONE',  ( 0.000000000000000000, 1.000000000000000000, 0.000000000000000000 ) ) ;
#1811 = PRESENTATION_STYLE_ASSIGNMENT (( #2487 ) ) ;
#1812 = LINE ( 'NONE', #1341, #662 ) ;
#1813 = FACE_OUTER_BOUND ( 'NONE', #2155, .T. ) ;
#1814 = ORIENTED_EDGE ( 'NONE', *, *, #1591, .F. ) ;
#1815 = LINE ( 'NONE', #2457, #2203 ) ;
#1816 = CYLINDRICAL_SURFACE ( 'NONE', #953, 0.04999999999999991257 ) ;
#1817 = PRODUCT_RELATED_PRODUCT_CATEGORY ( 'part', '', ( #135 ) ) ;
#1818 = EDGE_CURVE ( 'NONE', #732, #1660, #279, .T. ) ;
#1819 = EDGE_LOOP ( 'NONE', ( #1296, #2853, #2007, #977, #1629, #282, #855, #427, #544 ) ) ;
#1820 = CARTESIAN_POINT ( 'NONE',  ( 1.600000000000000755, 0.000000000000000000, -1.123100371848457790 ) ) ;
#1821 = CARTESIAN_POINT ( 'NONE',  ( 1.600000000000000533, -1.084202172485504434E-16, 1.149999999999999023 ) ) ;
#1822 = DIRECTION ( 'NONE',  ( 0.000000000000000000, 0.000000000000000000, 1.000000000000000000 ) ) ;
#1823 = ORIENTED_EDGE ( 'NONE', *, *, #2360, .F. ) ;
#1824 = PRESENTATION_STYLE_ASSIGNMENT (( #1841 ) ) ;
#1825 =( GEOMETRIC_REPRESENTATION_CONTEXT ( 3 ) GLOBAL_UNCERTAINTY_ASSIGNED_CONTEXT ( ( #23 ) ) GLOBAL_UNIT_ASSIGNED_CONTEXT ( ( #2365, #2000, #2275 ) ) REPRESENTATION_CONTEXT ( 'NONE', 'WORKASPACE' ) );
#1826 = DIRECTION ( 'NONE',  ( -0.7880243737245633540, 0.000000000000000000, 0.6156440419723152591 ) ) ;
#1827 = DIRECTION ( 'NONE',  ( -0.000000000000000000, 1.000000000000000000, -0.000000000000000000 ) ) ;
#1828 = FACE_OUTER_BOUND ( 'NONE', #1307, .T. ) ;
#1829 = ORIENTED_EDGE ( 'NONE', *, *, #2397, .F. ) ;
#1830 = PRESENTATION_STYLE_ASSIGNMENT (( #1176 ) ) ;
#1831 = CARTESIAN_POINT ( 'NONE',  ( 0.4499999999999996780, 0.01000000000000000021, 0.3500000000000000333 ) ) ;
#1832 = FILL_AREA_STYLE ('',( #935 ) ) ;
#1833 = ORIENTED_EDGE ( 'NONE', *, *, #2303, .F. ) ;
#1834 = EDGE_CURVE ( 'NONE', #759, #259, #894, .T. ) ;
#1835 = MECHANICAL_DESIGN_GEOMETRIC_PRESENTATION_REPRESENTATION (  '', ( #183 ), #48 ) ;
#1836 = DIRECTION ( 'NONE',  ( 0.000000000000000000, 0.000000000000000000, 1.000000000000000000 ) ) ;
#1837 = AXIS2_PLACEMENT_3D ( 'NONE', #2445, #210, #671 ) ;
#1838 = ORIENTED_EDGE ( 'NONE', *, *, #739, .T. ) ;
#1839 = EDGE_CURVE ( 'NONE', #775, #2806, #1812, .T. ) ;
#1840 = MECHANICAL_DESIGN_GEOMETRIC_PRESENTATION_REPRESENTATION (  '', ( #2506 ), #2742 ) ;
#1841 = SURFACE_STYLE_USAGE ( .BOTH. , #9 ) ;
#1842 = CARTESIAN_POINT ( 'NONE',  ( 1.550000000000000488, 0.5500000000000000444, 1.199999999999999289 ) ) ;
#1843 = SURFACE_STYLE_FILL_AREA ( #1372 ) ;
#1844 =( NAMED_UNIT ( * ) SI_UNIT ( $, .STERADIAN. ) SOLID_ANGLE_UNIT ( ) );
#1845 = MECHANICAL_DESIGN_GEOMETRIC_PRESENTATION_REPRESENTATION (  '', ( #2648 ), #2407 ) ;
#1846 = CIRCLE ( 'NONE', #571, 0.1499999999999999667 ) ;
#1847 = FILL_AREA_STYLE ('',( #947 ) ) ;
#1848 = EDGE_LOOP ( 'NONE', ( #639, #2370, #1911, #1380 ) ) ;
#1849 = SURFACE_SIDE_STYLE ('',( #682 ) ) ;
#1850 =( NAMED_UNIT ( * ) PLANE_ANGLE_UNIT ( ) SI_UNIT ( $, .RADIAN. ) );
#1851 = PRESENTATION_LAYER_ASSIGNMENT (  '', '', ( #1241 ) ) ;
#1852 = CARTESIAN_POINT ( 'NONE',  ( -0.06156440419723097773, -0.3106344704265987522, 0.07880243737245570812 ) ) ;
#1853 = ORIENTED_EDGE ( 'NONE', *, *, #2439, .T. ) ;
#1854 = CARTESIAN_POINT ( 'NONE',  ( 1.470000000000000639, 0.6999999999999999556, -1.020000000000000906 ) ) ;
#1855 = PRESENTATION_LAYER_ASSIGNMENT (  '', '', ( #1478 ) ) ;
#1856 = CARTESIAN_POINT ( 'NONE',  ( 1.347968475966027979, -0.3106344704265987522, 1.180000000000000826 ) ) ;
#1857 = ORIENTED_EDGE ( 'NONE', *, *, #703, .T. ) ;
#1858 = CARTESIAN_POINT ( 'NONE',  ( 0.06156440419723210183, 0.000000000000000000, -0.07880243737245716529 ) ) ;
#1859 = FILL_AREA_STYLE ('',( #463 ) ) ;
#1860 = ADVANCED_FACE ( 'NONE', ( #451 ), #2040, .F. ) ;
#1861 = LINE ( 'NONE', #219, #2174 ) ;
#1862 = ORIENTED_EDGE ( 'NONE', *, *, #421, .F. ) ;
#1863 = SURFACE_SIDE_STYLE ('',( #2346 ) ) ;
#1864 = EDGE_CURVE ( 'NONE', #981, #1619, #2074, .T. ) ;
#1865 = ORIENTED_EDGE ( 'NONE', *, *, #1864, .T. ) ;
#1866 = CARTESIAN_POINT ( 'NONE',  ( -1.519999999999999796, 0.5500000000000000444, 1.019999999999999574 ) ) ;
#1867 = FACE_OUTER_BOUND ( 'NONE', #131, .T. ) ;
#1868 = ORIENTED_EDGE ( 'NONE', *, *, #2728, .T. ) ;
#1869 = CARTESIAN_POINT ( 'NONE',  ( 1.370000000000000551, 0.5500000000000000444, -1.020000000000000906 ) ) ;
#1870 = FILL_AREA_STYLE ('',( #72 ) ) ;
#1871 = CARTESIAN_POINT ( 'NONE',  ( -1.519999999999999796, 0.5500000000000000444, 1.019999999999999574 ) ) ;
#1872 = SURFACE_SIDE_STYLE ('',( #803 ) ) ;
#1873 = ORIENTED_EDGE ( 'NONE', *, *, #437, .F. ) ;
#1874 = ADVANCED_FACE ( 'NONE', ( #2733 ), #2919, .T. ) ;
#1875 = EDGE_CURVE ( 'NONE', #361, #2904, #2145, .T. ) ;
#1876 = VECTOR ( 'NONE', #1704, 1000.000000000000000 ) ;
#1877 = FACE_OUTER_BOUND ( 'NONE', #594, .T. ) ;
#1878 = ORIENTED_EDGE ( 'NONE', *, *, #2065, .T. ) ;
#1879 = LINE ( 'NONE', #2349, #2319 ) ;
#1880 = DIRECTION ( 'NONE',  ( 1.000000000000000000, 0.000000000000000000, -0.000000000000000000 ) ) ;
#1881 = ORIENTED_EDGE ( 'NONE', *, *, #1818, .T. ) ;
#1882 =( LENGTH_UNIT ( ) NAMED_UNIT ( * ) SI_UNIT ( .MILLI., .METRE. ) );
#1883 =( LENGTH_UNIT ( ) NAMED_UNIT ( * ) SI_UNIT ( .MILLI., .METRE. ) );
#1884 =( GEOMETRIC_REPRESENTATION_CONTEXT ( 3 ) GLOBAL_UNCERTAINTY_ASSIGNED_CONTEXT ( ( #2451 ) ) GLOBAL_UNIT_ASSIGNED_CONTEXT ( ( #1665, #2353, #2098 ) ) REPRESENTATION_CONTEXT ( 'NONE', 'WORKASPACE' ) );
#1885 = DIRECTION ( 'NONE',  ( -1.398970545142586295E-16, 0.000000000000000000, -1.000000000000000000 ) ) ;
#1886 = ORIENTED_EDGE ( 'NONE', *, *, #2084, .T. ) ;
#1887 = DIRECTION ( 'NONE',  ( 0.000000000000000000, 0.000000000000000000, 1.000000000000000000 ) ) ;
#1888 = AXIS2_PLACEMENT_3D ( 'NONE', #1628, #1597, #244 ) ;
#1889 = PRESENTATION_LAYER_ASSIGNMENT (  '', '', ( #1699 ) ) ;
#1890 = ADVANCED_FACE ( 'NONE', ( #2099 ), #535, .F. ) ;
#1891 = ORIENTED_EDGE ( 'NONE', *, *, #1398, .F. ) ;
#1892 = DIRECTION ( 'NONE',  ( 0.000000000000000000, 0.000000000000000000, -1.000000000000000000 ) ) ;
#1893 = EDGE_LOOP ( 'NONE', ( #816, #1949, #969, #2699 ) ) ;
#1894 = CARTESIAN_POINT ( 'NONE',  ( 0.4499999999999996225, 0.000000000000000000, -0.3499999999999999223 ) ) ;
#1895 = CARTESIAN_POINT ( 'NONE',  ( 1.530000000000000249, -1.362093976199881373, 0.3500000000000000333 ) ) ;
#1896 = ORIENTED_EDGE ( 'NONE', *, *, #1991, .T. ) ;
#1897 = AXIS2_PLACEMENT_3D ( 'NONE', #2140, #1645, #2594 ) ;
#1898 = DIRECTION ( 'NONE',  ( -0.000000000000000000, 1.000000000000000000, 0.000000000000000000 ) ) ;
#1899 = ORIENTED_EDGE ( 'NONE', *, *, #1952, .T. ) ;
#1900 = EDGE_CURVE ( 'NONE', #775, #2787, #603, .T. ) ;
#1901 = EDGE_CURVE ( 'NONE', #361, #2514, #2693, .T. ) ;
#1902 = DIRECTION ( 'NONE',  ( -0.000000000000000000, 1.000000000000000000, -0.000000000000000000 ) ) ;
#1903 =( GEOMETRIC_REPRESENTATION_CONTEXT ( 3 ) GLOBAL_UNCERTAINTY_ASSIGNED_CONTEXT ( ( #2449 ) ) GLOBAL_UNIT_ASSIGNED_CONTEXT ( ( #133, #1062, #2622 ) ) REPRESENTATION_CONTEXT ( 'NONE', 'WORKASPACE' ) );
#1904 = VERTEX_POINT ( 'NONE', #1061 ) ;
#1905 = SURFACE_SIDE_STYLE ('',( #2088 ) ) ;
#1906 = FILL_AREA_STYLE ('',( #1474 ) ) ;
#1907 = DIRECTION ( 'NONE',  ( 0.000000000000000000, -1.000000000000000000, 0.000000000000000000 ) ) ;
#1908 = ORIENTED_EDGE ( 'NONE', *, *, #416, .F. ) ;
#1909 = CARTESIAN_POINT ( 'NONE',  ( -1.599999999999999867, 0.01000000000000000021, -1.250000000000000444 ) ) ;
#1910 = DIRECTION ( 'NONE',  ( 0.000000000000000000, 0.000000000000000000, -1.000000000000000000 ) ) ;
#1911 = ORIENTED_EDGE ( 'NONE', *, *, #2304, .T. ) ;
#1912 = CARTESIAN_POINT ( 'NONE',  ( -1.550000000000000044, 0.4099999999999997535, -1.200000000000000622 ) ) ;
#1913 =( NAMED_UNIT ( * ) PLANE_ANGLE_UNIT ( ) SI_UNIT ( $, .RADIAN. ) );
#1914 = ORIENTED_EDGE ( 'NONE', *, *, #264, .T. ) ;
#1915 = DIRECTION ( 'NONE',  ( -1.000000000000000000, 0.000000000000000000, 1.003890900449541325E-16 ) ) ;
#1916 = LINE ( 'NONE', #1052, #619 ) ;
#1917 = DIRECTION ( 'NONE',  ( 1.000000000000000000, 0.000000000000000000, -0.000000000000000000 ) ) ;
#1918 = FILL_AREA_STYLE ('',( #248 ) ) ;
#1919 = EDGE_CURVE ( 'NONE', #1640, #949, #1742, .T. ) ;
#1920 = CARTESIAN_POINT ( 'NONE',  ( -1.519999999999999796, 0.5500000000000000444, -1.170000000000000817 ) ) ;
#1921 = FILL_AREA_STYLE_COLOUR ( '', #1273 ) ;
#1922 = VECTOR ( 'NONE', #1281, 1000.000000000000000 ) ;
#1923 = CARTESIAN_POINT ( 'NONE',  ( 1.370000000000000551, 0.6500000000000000222, -1.020000000000000906 ) ) ;
#1924 = CLOSED_SHELL ( 'NONE', ( #731, #1890, #1642, #35, #1180, #1007, #2537, #2363, #36, #2141, #768, #1574, #2422, #1955, #2182, #312, #1802, #1783, #604, #1724, #1334, #2636, #2690, #2798, #1733, #2379, #2819, #1350, #938, #2011, #2389, #2123, #1708, #1860, #229, #1181, #918, #1148, #2677, #1229, #605, #2603, #2276, #1397, #979, #2672, #1497, #1874, #61, #1441, #959, #294, #1348, #2049, #692, #960, #1118, #1773, #701, #2777, #400, #526, #2795, #545, #2618, #1249, #1012, #2810 ) ) ;
#1925 = AXIS2_PLACEMENT_3D ( 'NONE', #380, #171, #1285 ) ;
#1926 = COLOUR_RGB ( '',1.000000000000000000, 0.8431372549019607865, 0.000000000000000000 ) ;
#1927 = CIRCLE ( 'NONE', #103, 0.1499999999999999667 ) ;
#1928 = ORIENTED_EDGE ( 'NONE', *, *, #2488, .F. ) ;
#1929 = VERTEX_POINT ( 'NONE', #823 ) ;
#1930 = DIRECTION ( 'NONE',  ( -1.000000000000000000, 0.000000000000000000, 1.355252715606880543E-16 ) ) ;
#1931 = CARTESIAN_POINT ( 'NONE',  ( -1.347968475966024648, 0.000000000000000000, 1.180000000000000826 ) ) ;
#1932 = LINE ( 'NONE', #585, #378 ) ;
#1933 = FILL_AREA_STYLE_COLOUR ( '', #2755 ) ;
#1934 = STYLED_ITEM ( 'NONE', ( #721 ), #1012 ) ;
#1935 = CARTESIAN_POINT ( 'NONE',  ( 0.06156440419723156060, -0.3106344704265987522, 0.07880243737245636038 ) ) ;
#1936 = EDGE_LOOP ( 'NONE', ( #2668, #1582, #1740, #2583 ) ) ;
#1937 = DIRECTION ( 'NONE',  ( -0.000000000000000000, 0.000000000000000000, 1.000000000000000000 ) ) ;
#1938 = EDGE_CURVE ( 'NONE', #759, #1060, #1727, .T. ) ;
#1939 = CARTESIAN_POINT ( 'NONE',  ( -1.369999999999999662, 0.6500000000000000222, -1.120000000000000995 ) ) ;
#1940 = SURFACE_STYLE_USAGE ( .BOTH. , #2244 ) ;
#1941 = SURFACE_STYLE_FILL_AREA ( #130 ) ;
#1942 = EDGE_CURVE ( 'NONE', #1609, #2191, #2927, .T. ) ;
#1943 = ORIENTED_EDGE ( 'NONE', *, *, #2295, .F. ) ;
#1944 = VERTEX_POINT ( 'NONE', #1485 ) ;
#1945 = DIRECTION ( 'NONE',  ( 8.673617379884035472E-17, 0.000000000000000000, 1.000000000000000000 ) ) ;
#1946 =( NAMED_UNIT ( * ) SI_UNIT ( $, .STERADIAN. ) SOLID_ANGLE_UNIT ( ) );
#1947 = CARTESIAN_POINT ( 'NONE',  ( 1.520000000000000462, 0.5500000000000000444, 1.169999999999999707 ) ) ;
#1948 = FILL_AREA_STYLE_COLOUR ( '', #192 ) ;
#1949 = ORIENTED_EDGE ( 'NONE', *, *, #1552, .T. ) ;
#1950 = CARTESIAN_POINT ( 'NONE',  ( 1.550000000000000488, 0.4099999999999997535, -1.050000000000000933 ) ) ;
#1951 = UNCERTAINTY_MEASURE_WITH_UNIT (LENGTH_MEASURE( 1.000000000000000082E-05 ), #2194, 'distance_accuracy_value', 'NONE');
#1952 = EDGE_CURVE ( 'NONE', #232, #2191, #2428, .T. ) ;
#1953 = SURFACE_STYLE_USAGE ( .BOTH. , #2631 ) ;
#1954 =( GEOMETRIC_REPRESENTATION_CONTEXT ( 3 ) GLOBAL_UNCERTAINTY_ASSIGNED_CONTEXT ( ( #2239 ) ) GLOBAL_UNIT_ASSIGNED_CONTEXT ( ( #2378, #161, #2425 ) ) REPRESENTATION_CONTEXT ( 'NONE', 'WORKASPACE' ) );
#1955 = ADVANCED_FACE ( 'NONE', ( #2139 ), #2621, .F. ) ;
#1956 = ORIENTED_EDGE ( 'NONE', *, *, #2065, .F. ) ;
#1957 = DIRECTION ( 'NONE',  ( 9.035018104045869462E-17, 0.000000000000000000, 1.000000000000000000 ) ) ;
#1958 = VERTEX_POINT ( 'NONE', #403 ) ;
#1959 = LINE ( 'NONE', #153, #1922 ) ;
#1960 = SURFACE_STYLE_FILL_AREA ( #374 ) ;
#1961 = CARTESIAN_POINT ( 'NONE',  ( -1.369999999999999662, 0.5500000000000000444, -1.020000000000000906 ) ) ;
#1962 = CARTESIAN_POINT ( 'NONE',  ( 1.500000000000000444, -1.084202172485504434E-16, 1.249999999999999112 ) ) ;
#1963 = LINE ( 'NONE', #157, #898 ) ;
#1964 = STYLED_ITEM ( 'NONE', ( #1384 ), #1334 ) ;
#1965 = DIRECTION ( 'NONE',  ( -0.000000000000000000, 1.000000000000000000, -0.000000000000000000 ) ) ;
#1966 = MECHANICAL_DESIGN_GEOMETRIC_PRESENTATION_REPRESENTATION (  '', ( #1135 ), #2261 ) ;
#1967 = VECTOR ( 'NONE', #724, 1000.000000000000000 ) ;
#1968 = VERTEX_POINT ( 'NONE', #368 ) ;
#1969 = COLOUR_RGB ( '',1.000000000000000000, 0.8431372549019607865, 0.000000000000000000 ) ;
#1970 = DIRECTION ( 'NONE',  ( -1.000000000000000000, 0.000000000000000000, -0.000000000000000000 ) ) ;
#1971 = SURFACE_STYLE_USAGE ( .BOTH. , #194 ) ;
#1972 = EDGE_CURVE ( 'NONE', #1549, #2652, #1305, .T. ) ;
#1973 =( GEOMETRIC_REPRESENTATION_CONTEXT ( 3 ) GLOBAL_UNCERTAINTY_ASSIGNED_CONTEXT ( ( #2713 ) ) GLOBAL_UNIT_ASSIGNED_CONTEXT ( ( #2527, #2329, #293 ) ) REPRESENTATION_CONTEXT ( 'NONE', 'WORKASPACE' ) );
#1974 = STYLED_ITEM ( 'NONE', ( #1115 ), #2633 ) ;
#1975 = VECTOR ( 'NONE', #1332, 1000.000000000000000 ) ;
#1976 = ORIENTED_EDGE ( 'NONE', *, *, #779, .F. ) ;
#1977 =( NAMED_UNIT ( * ) PLANE_ANGLE_UNIT ( ) SI_UNIT ( $, .RADIAN. ) );
#1978 =( NAMED_UNIT ( * ) PLANE_ANGLE_UNIT ( ) SI_UNIT ( $, .RADIAN. ) );
#1979 =( NAMED_UNIT ( * ) SI_UNIT ( $, .STERADIAN. ) SOLID_ANGLE_UNIT ( ) );
#1980 = CARTESIAN_POINT ( 'NONE',  ( -0.06156440419723097773, -0.3106344704265987522, 0.07880243737245570812 ) ) ;
#1981 = AXIS2_PLACEMENT_3D ( 'NONE', #573, #1476, #1071 ) ;
#1982 = CARTESIAN_POINT ( 'NONE',  ( 1.370000000000000329, 0.6500000000000000222, 1.019999999999999574 ) ) ;
#1983 = ORIENTED_EDGE ( 'NONE', *, *, #211, .F. ) ;
#1984 = FACE_OUTER_BOUND ( 'NONE', #2328, .T. ) ;
#1985 = DIRECTION ( 'NONE',  ( -0.6156440419723152591, 0.000000000000000000, -0.7880243737245632429 ) ) ;
#1986 = PLANE ( 'NONE',  #41 ) ;
#1987 = PRESENTATION_STYLE_ASSIGNMENT (( #2681 ) ) ;
#1988 = VERTEX_POINT ( 'NONE', #1078 ) ;
#1989 = EDGE_CURVE ( 'NONE', #1968, #1113, #2885, .T. ) ;
#1990 =( NAMED_UNIT ( * ) PLANE_ANGLE_UNIT ( ) SI_UNIT ( $, .RADIAN. ) );
#1991 = EDGE_CURVE ( 'NONE', #1415, #759, #1022, .T. ) ;
#1992 = FILL_AREA_STYLE_COLOUR ( '', #566 ) ;
#1993 =( NAMED_UNIT ( * ) SI_UNIT ( $, .STERADIAN. ) SOLID_ANGLE_UNIT ( ) );
#1994 = UNCERTAINTY_MEASURE_WITH_UNIT (LENGTH_MEASURE( 1.000000000000000082E-05 ), #2703, 'distance_accuracy_value', 'NONE');
#1995 = ORIENTED_EDGE ( 'NONE', *, *, #2273, .F. ) ;
#1996 = UNCERTAINTY_MEASURE_WITH_UNIT (LENGTH_MEASURE( 1.000000000000000082E-05 ), #2615, 'distance_accuracy_value', 'NONE');
#1997 = SURFACE_SIDE_STYLE ('',( #2905 ) ) ;
#1998 = FILL_AREA_STYLE ('',( #2847 ) ) ;
#1999 = CARTESIAN_POINT ( 'NONE',  ( 1.600000000000000533, 0.000000000000000000, -1.387778780781446169E-16 ) ) ;
#2000 =( NAMED_UNIT ( * ) PLANE_ANGLE_UNIT ( ) SI_UNIT ( $, .RADIAN. ) );
#2001 = SURFACE_STYLE_FILL_AREA ( #1151 ) ;
#2002 = EDGE_LOOP ( 'NONE', ( #2126, #2792, #113, #1280 ) ) ;
#2003 = FILL_AREA_STYLE_COLOUR ( '', #315 ) ;
#2004 = DIRECTION ( 'NONE',  ( 0.000000000000000000, -1.000000000000000000, 0.000000000000000000 ) ) ;
#2005 = FACE_OUTER_BOUND ( 'NONE', #1602, .T. ) ;
#2006 = AXIS2_PLACEMENT_3D ( 'NONE', #513, #1411, #277 ) ;
#2007 = ORIENTED_EDGE ( 'NONE', *, *, #2032, .F. ) ;
#2008 = DIRECTION ( 'NONE',  ( 1.000000000000000000, 0.000000000000000000, -1.959401516540066395E-16 ) ) ;
#2009 = DIRECTION ( 'NONE',  ( -0.000000000000000000, 1.000000000000000000, -0.000000000000000000 ) ) ;
#2010 =( NAMED_UNIT ( * ) PLANE_ANGLE_UNIT ( ) SI_UNIT ( $, .RADIAN. ) );
#2011 = ADVANCED_FACE ( 'NONE', ( #1697 ), #623, .F. ) ;
#2012 = SURFACE_STYLE_USAGE ( .BOTH. , #914 ) ;
#2013 = CARTESIAN_POINT ( 'NONE',  ( 0.06156440419723210183, 0.01000000000000000021, -0.07880243737245716529 ) ) ;
#2014 = FILL_AREA_STYLE ('',( #1383 ) ) ;
#2015 = CARTESIAN_POINT ( 'NONE',  ( -1.219999999999999973, 0.5999999999999999778, 0.9699999999999998623 ) ) ;
#2016 = AXIS2_PLACEMENT_3D ( 'NONE', #138, #2208, #1930 ) ;
#2017 = AXIS2_PLACEMENT_3D ( 'NONE', #1796, #911, #1339 ) ;
#2018 = AXIS2_PLACEMENT_3D ( 'NONE', #2667, #2153, #1496 ) ;
#2019 = ORIENTED_EDGE ( 'NONE', *, *, #1458, .F. ) ;
#2020 = FACE_OUTER_BOUND ( 'NONE', #1848, .T. ) ;
#2021 = MECHANICAL_DESIGN_GEOMETRIC_PRESENTATION_REPRESENTATION (  '', ( #2789 ), #59 ) ;
#2022 = UNCERTAINTY_MEASURE_WITH_UNIT (LENGTH_MEASURE( 1.000000000000000082E-05 ), #1491, 'distance_accuracy_value', 'NONE');
#2023 = VERTEX_POINT ( 'NONE', #430 ) ;
#2024 = DIRECTION ( 'NONE',  ( 0.000000000000000000, 1.000000000000000000, -0.000000000000000000 ) ) ;
#2025 = AXIS2_PLACEMENT_3D ( 'NONE', #2358, #1885, #2565 ) ;
#2026 = FACE_OUTER_BOUND ( 'NONE', #574, .T. ) ;
#2027 = CARTESIAN_POINT ( 'NONE',  ( -1.369999999999999662, 0.5500000000000000444, -1.020000000000000906 ) ) ;
#2028 = ORIENTED_EDGE ( 'NONE', *, *, #2865, .F. ) ;
#2029 = EDGE_CURVE ( 'NONE', #201, #1335, #1656, .T. ) ;
#2030 = SURFACE_STYLE_USAGE ( .BOTH. , #1601 ) ;
#2031 = COLOUR_RGB ( '',1.000000000000000000, 0.8431372549019607865, 0.000000000000000000 ) ;
#2032 = EDGE_CURVE ( 'NONE', #116, #837, #1736, .T. ) ;
#2033 = ORIENTED_EDGE ( 'NONE', *, *, #1103, .T. ) ;
#2034 = DIRECTION ( 'NONE',  ( 0.000000000000000000, 1.000000000000000000, 0.000000000000000000 ) ) ;
#2035 = CARTESIAN_POINT ( 'NONE',  ( 0.000000000000000000, 0.5500000000000000444, 0.000000000000000000 ) ) ;
#2036 = AXIS2_PLACEMENT_3D ( 'NONE', #179, #2855, #420 ) ;
#2037 = ORIENTED_EDGE ( 'NONE', *, *, #525, .T. ) ;
#2038 = PLANE ( 'NONE',  #95 ) ;
#2039 = CARTESIAN_POINT ( 'NONE',  ( -1.549999999999999822, -4.050788100849390894, 1.199999999999999734 ) ) ;
#2040 = PLANE ( 'NONE',  #320 ) ;
#2041 = CARTESIAN_POINT ( 'NONE',  ( -1.369999999999999885, 0.6999999999999999556, 1.019999999999999574 ) ) ;
#2042 = LINE ( 'NONE', #1419, #802 ) ;
#2043 = ORIENTED_EDGE ( 'NONE', *, *, #740, .F. ) ;
#2044 = VECTOR ( 'NONE', #2048, 1000.000000000000000 ) ;
#2045 = CARTESIAN_POINT ( 'NONE',  ( 1.470000000000000417, 0.6999999999999999556, 1.019999999999999574 ) ) ;
#2046 = EDGE_CURVE ( 'NONE', #292, #2744, #648, .T. ) ;
#2047 = DIRECTION ( 'NONE',  ( 0.000000000000000000, 0.000000000000000000, -1.000000000000000000 ) ) ;
#2048 = DIRECTION ( 'NONE',  ( 1.000000000000000000, 0.000000000000000000, -1.398970545142586295E-16 ) ) ;
#2049 = ADVANCED_FACE ( 'NONE', ( #1984 ), #412, .T. ) ;
#2050 = ORIENTED_EDGE ( 'NONE', *, *, #437, .T. ) ;
#2051 = SURFACE_STYLE_FILL_AREA ( #2249 ) ;
#2052 = DIRECTION ( 'NONE',  ( 0.000000000000000000, 1.000000000000000000, 0.000000000000000000 ) ) ;
#2053 = FILL_AREA_STYLE ('',( #1169 ) ) ;
#2054 = ORIENTED_EDGE ( 'NONE', *, *, #2831, .T. ) ;
#2055 = CARTESIAN_POINT ( 'NONE',  ( 0.4499999999999999001, 0.000000000000000000, -1.180000000000000604 ) ) ;
#2056 = DIRECTION ( 'NONE',  ( 1.000000000000000000, 0.000000000000000000, -1.398970545142586295E-16 ) ) ;
#2057 = FILL_AREA_STYLE ('',( #2500 ) ) ;
#2058 = ORIENTED_EDGE ( 'NONE', *, *, #2439, .F. ) ;
#2059 = SURFACE_STYLE_FILL_AREA ( #2813 ) ;
#2060 = CARTESIAN_POINT ( 'NONE',  ( -1.530000000000000693, 0.000000000000000000, -0.3500000000000000333 ) ) ;
#2061 = STYLED_ITEM ( 'NONE', ( #1672 ), #1497 ) ;
#2062 = ORIENTED_EDGE ( 'NONE', *, *, #436, .F. ) ;
#2063 = MECHANICAL_DESIGN_GEOMETRIC_PRESENTATION_REPRESENTATION (  '', ( #609 ), #1460 ) ;
#2064 = LINE ( 'NONE', #1854, #1793 ) ;
#2065 = EDGE_CURVE ( 'NONE', #2023, #1449, #1963, .T. ) ;
#2066 = CARTESIAN_POINT ( 'NONE',  ( 1.530000000000000249, -1.362093976199881373, -1.180000000000000604 ) ) ;
#2067 = STYLED_ITEM ( 'NONE', ( #1503 ), #35 ) ;
#2068 = STYLED_ITEM ( 'NONE', ( #2687 ), #2636 ) ;
#2069 = AXIS2_PLACEMENT_3D ( 'NONE', #2590, #751, #1887 ) ;
#2070 = ORIENTED_EDGE ( 'NONE', *, *, #177, .T. ) ;
#2071 = LINE ( 'NONE', #114, #424 ) ;
#2072 = AXIS2_PLACEMENT_3D ( 'NONE', #2035, #672, #21 ) ;
#2073 = PRESENTATION_STYLE_ASSIGNMENT (( #1174 ) ) ;
#2074 = CIRCLE ( 'NONE', #1512, 0.1000000000000000472 ) ;
#2075 = COLOUR_RGB ( '',1.000000000000000000, 0.8431372549019607865, 0.000000000000000000 ) ;
#2076 = ORIENTED_EDGE ( 'NONE', *, *, #2903, .T. ) ;
#2077 = PRESENTATION_STYLE_ASSIGNMENT (( #729 ) ) ;
#2078 = MECHANICAL_DESIGN_GEOMETRIC_PRESENTATION_REPRESENTATION (  '', ( #1752 ), #2697 ) ;
#2079 = COLOUR_RGB ( '',0.7529411764705882248, 0.7529411764705882248, 0.7529411764705882248 ) ;
#2080 = ORIENTED_EDGE ( 'NONE', *, *, #2218, .T. ) ;
#2081 = PRESENTATION_STYLE_ASSIGNMENT (( #502 ) ) ;
#2082 = DIRECTION ( 'NONE',  ( 0.000000000000000000, 0.000000000000000000, 1.000000000000000000 ) ) ;
#2083 = SURFACE_STYLE_FILL_AREA ( #2053 ) ;
#2084 = EDGE_CURVE ( 'NONE', #1449, #2787, #2424, .T. ) ;
#2085 = EDGE_CURVE ( 'NONE', #1046, #2632, #2662, .T. ) ;
#2086 = ORIENTED_EDGE ( 'NONE', *, *, #1314, .T. ) ;
#2087 = CARTESIAN_POINT ( 'NONE',  ( -1.499999999999999556, 0.4100000000000000311, 1.249999999999999556 ) ) ;
#2088 = SURFACE_STYLE_FILL_AREA ( #1453 ) ;
#2089 = LINE ( 'NONE', #1650, #1424 ) ;
#2090 = LINE ( 'NONE', #1432, #64 ) ;
#2091 = ORIENTED_EDGE ( 'NONE', *, *, #162, .F. ) ;
#2092 = SURFACE_STYLE_FILL_AREA ( #1918 ) ;
#2093 = DIRECTION ( 'NONE',  ( -0.7880243737245635760, 0.000000000000000000, -0.6156440419723148150 ) ) ;
#2094 = ORIENTED_EDGE ( 'NONE', *, *, #2891, .F. ) ;
#2095 = DIRECTION ( 'NONE',  ( -1.000000000000000000, 0.000000000000000000, 1.398970545142586295E-16 ) ) ;
#2096 = SURFACE_STYLE_USAGE ( .BOTH. , #111 ) ;
#2097 = VERTEX_POINT ( 'NONE', #1950 ) ;
#2098 =( NAMED_UNIT ( * ) SI_UNIT ( $, .STERADIAN. ) SOLID_ANGLE_UNIT ( ) );
#2099 = FACE_OUTER_BOUND ( 'NONE', #2803, .T. ) ;
#2100 = CIRCLE ( 'NONE', #1023, 0.04999999999999991257 ) ;
#2101 = CARTESIAN_POINT ( 'NONE',  ( 0.06156440419723156060, 0.01000000000000000021, 0.07880243737245636038 ) ) ;
#2102 = VERTEX_POINT ( 'NONE', #2645 ) ;
#2103 = EDGE_CURVE ( 'NONE', #1988, #695, #848, .T. ) ;
#2104 = FILL_AREA_STYLE ('',( #1233 ) ) ;
#2105 = VERTEX_POINT ( 'NONE', #227 ) ;
#2106 = DIRECTION ( 'NONE',  ( 0.000000000000000000, 0.000000000000000000, -1.000000000000000000 ) ) ;
#2107 = CARTESIAN_POINT ( 'NONE',  ( 1.600000000000000311, 0.01000000000000000021, -1.250000000000000888 ) ) ;
#2108 = CIRCLE ( 'NONE', #1317, 0.04999999999999991257 ) ;
#2109 = EDGE_LOOP ( 'NONE', ( #1083, #367, #541, #2033 ) ) ;
#2110 =( NAMED_UNIT ( * ) PLANE_ANGLE_UNIT ( ) SI_UNIT ( $, .RADIAN. ) );
#2111 = PRESENTATION_STYLE_ASSIGNMENT (( #987 ) ) ;
#2112 = LINE ( 'NONE', #547, #2314 ) ;
#2113 = STYLED_ITEM ( 'NONE', ( #1340 ), #36 ) ;
#2114 = MECHANICAL_DESIGN_GEOMETRIC_PRESENTATION_REPRESENTATION (  '', ( #1788 ), #2877 ) ;
#2115 = COLOUR_RGB ( '',0.7529411764705882248, 0.7529411764705882248, 0.7529411764705882248 ) ;
#2116 = STYLED_ITEM ( 'NONE', ( #620 ), #2618 ) ;
#2117 = LINE ( 'NONE', #2101, #2516 ) ;
#2118 =( GEOMETRIC_REPRESENTATION_CONTEXT ( 3 ) GLOBAL_UNCERTAINTY_ASSIGNED_CONTEXT ( ( #832 ) ) GLOBAL_UNIT_ASSIGNED_CONTEXT ( ( #383, #2644, #2212 ) ) REPRESENTATION_CONTEXT ( 'NONE', 'WORKASPACE' ) );
#2119 = ORIENTED_EDGE ( 'NONE', *, *, #2032, .T. ) ;
#2120 = SURFACE_STYLE_FILL_AREA ( #1209 ) ;
#2121 = AXIS2_PLACEMENT_3D ( 'NONE', #2541, #2308, #2082 ) ;
#2122 = VECTOR ( 'NONE', #1057, 1000.000000000000000 ) ;
#2123 = ADVANCED_FACE ( 'NONE', ( #290 ), #944, .F. ) ;
#2124 = AXIS2_PLACEMENT_3D ( 'NONE', #537, #1217, #2576 ) ;
#2125 = CARTESIAN_POINT ( 'NONE',  ( -1.519999999999999796, 0.5500000000000000444, -1.170000000000000817 ) ) ;
#2126 = ORIENTED_EDGE ( 'NONE', *, *, #87, .T. ) ;
#2127 = CARTESIAN_POINT ( 'NONE',  ( 1.600000000000000311, 0.000000000000000000, -1.150000000000000799 ) ) ;
#2128 = FILL_AREA_STYLE_COLOUR ( '', #632 ) ;
#2129 = ORIENTED_EDGE ( 'NONE', *, *, #331, .F. ) ;
#2130 = CARTESIAN_POINT ( 'NONE',  ( 1.500000000000000222, -1.084202172485504434E-16, -1.250000000000000888 ) ) ;
#2131 = PRESENTATION_STYLE_ASSIGNMENT (( #71 ) ) ;
#2132 = SURFACE_STYLE_USAGE ( .BOTH. , #1596 ) ;
#2133 = DIRECTION ( 'NONE',  ( 0.000000000000000000, 1.000000000000000000, 0.000000000000000000 ) ) ;
#2134 = ORIENTED_EDGE ( 'NONE', *, *, #2903, .F. ) ;
#2135 = PLANE ( 'NONE',  #1647 ) ;
#2136 = VECTOR ( 'NONE', #1713, 1000.000000000000000 ) ;
#2137 = ORIENTED_EDGE ( 'NONE', *, *, #2494, .F. ) ;
#2138 = CARTESIAN_POINT ( 'NONE',  ( 1.370000000000000551, 0.6500000000000000222, -1.170000000000000817 ) ) ;
#2139 = FACE_OUTER_BOUND ( 'NONE', #2568, .T. ) ;
#2140 = CARTESIAN_POINT ( 'NONE',  ( -1.599999999999999645, -1.084202172485504434E-16, 1.249999999999999556 ) ) ;
#2141 = ADVANCED_FACE ( 'NONE', ( #1373 ), #1585, .T. ) ;
#2142 = ORIENTED_EDGE ( 'NONE', *, *, #703, .F. ) ;
#2143 = FILL_AREA_STYLE_COLOUR ( '', #431 ) ;
#2144 = CARTESIAN_POINT ( 'NONE',  ( 1.520000000000000462, 0.5500000000000000444, 1.019999999999999574 ) ) ;
#2145 = LINE ( 'NONE', #289, #1614 ) ;
#2146 = CARTESIAN_POINT ( 'NONE',  ( -1.519999999999999796, 0.6500000000000000222, 1.019999999999999574 ) ) ;
#2147 = EDGE_LOOP ( 'NONE', ( #2028, #1327, #405, #460 ) ) ;
#2148 = CARTESIAN_POINT ( 'NONE',  ( 0.4499999999999996225, -1.362093976199881373, -0.3499999999999998668 ) ) ;
#2149 = VECTOR ( 'NONE', #1345, 1000.000000000000000 ) ;
#2150 = DIRECTION ( 'NONE',  ( 0.000000000000000000, 0.000000000000000000, 1.000000000000000000 ) ) ;
#2151 = AXIS2_PLACEMENT_3D ( 'NONE', #190, #233, #220 ) ;
#2152 = ORIENTED_EDGE ( 'NONE', *, *, #2575, .T. ) ;
#2153 = DIRECTION ( 'NONE',  ( 1.355252715606880543E-16, -0.000000000000000000, 1.000000000000000000 ) ) ;
#2154 = PRESENTATION_STYLE_ASSIGNMENT (( #1294 ) ) ;
#2155 = EDGE_LOOP ( 'NONE', ( #967, #1186, #2835, #2529, #105, #2444, #1868, #1675 ) ) ;
#2156 = EDGE_CURVE ( 'NONE', #804, #1588, #2272, .T. ) ;
#2157 = CARTESIAN_POINT ( 'NONE',  ( 0.000000000000000000, 0.01000000000000000021, 0.000000000000000000 ) ) ;
#2158 = LINE ( 'NONE', #640, #2411 ) ;
#2159 = CARTESIAN_POINT ( 'NONE',  ( -1.530000000000000693, -1.362093976199881373, -0.3500000000000000333 ) ) ;
#2160 = PLANE ( 'NONE',  #66 ) ;
#2161 = PRESENTATION_LAYER_ASSIGNMENT (  '', '', ( #749 ) ) ;
#2162 = COLOUR_RGB ( '',0.7529411764705882248, 0.7529411764705882248, 0.7529411764705882248 ) ;
#2163 = CARTESIAN_POINT ( 'NONE',  ( 1.370000000000000329, 0.6500000000000000222, 1.169999999999999707 ) ) ;
#2164 = UNCERTAINTY_MEASURE_WITH_UNIT (LENGTH_MEASURE( 1.000000000000000082E-05 ), #687, 'distance_accuracy_value', 'NONE');
#2165 = DIRECTION ( 'NONE',  ( 8.673617379884035472E-17, 0.000000000000000000, 1.000000000000000000 ) ) ;
#2166 = COLOUR_RGB ( '',0.7529411764705882248, 0.7529411764705882248, 0.7529411764705882248 ) ;
#2167 = EDGE_CURVE ( 'NONE', #2806, #2725, #913, .T. ) ;
#2168 = VECTOR ( 'NONE', #1292, 1000.000000000000000 ) ;
#2169 = PRODUCT_DEFINITION_CONTEXT ( 'detailed design', #896, 'design' ) ;
#2170 = COLOUR_RGB ( '',0.7529411764705882248, 0.7529411764705882248, 0.7529411764705882248 ) ;
#2171 = LINE ( 'NONE', #589, #1638 ) ;
#2172 = PRODUCT_DEFINITION_FORMATION_WITH_SPECIFIED_SOURCE ( 'ANY', '', #135, .NOT_KNOWN. ) ;
#2173 = CIRCLE ( 'NONE', #2121, 0.1499999999999999667 ) ;
#2174 = VECTOR ( 'NONE', #681, 1000.000000000000000 ) ;
#2175 = ORIENTED_EDGE ( 'NONE', *, *, #1538, .F. ) ;
#2176 = SURFACE_STYLE_USAGE ( .BOTH. , #1035 ) ;
#2177 = CYLINDRICAL_SURFACE ( 'NONE', #924, 0.04999999999999991257 ) ;
#2178 = ORIENTED_EDGE ( 'NONE', *, *, #900, .F. ) ;
#2179 = CARTESIAN_POINT ( 'NONE',  ( 1.400000000000000355, 0.5500000000000001554, -1.050000000000000933 ) ) ;
#2180 = SURFACE_SIDE_STYLE ('',( #1960 ) ) ;
#2181 = FILL_AREA_STYLE ('',( #1282 ) ) ;
#2182 = ADVANCED_FACE ( 'NONE', ( #1813, #725 ), #693, .F. ) ;
#2183 =( LENGTH_UNIT ( ) NAMED_UNIT ( * ) SI_UNIT ( .MILLI., .METRE. ) );
#2184 = FACE_OUTER_BOUND ( 'NONE', #722, .T. ) ;
#2185 = PRESENTATION_STYLE_ASSIGNMENT (( #600 ) ) ;
#2186 = DIRECTION ( 'NONE',  ( 0.000000000000000000, 1.000000000000000000, 0.000000000000000000 ) ) ;
#2187 = EDGE_CURVE ( 'NONE', #956, #1958, #191, .T. ) ;
#2188 = AXIS2_PLACEMENT_3D ( 'NONE', #1961, #1069, #1533 ) ;
#2189 = DIRECTION ( 'NONE',  ( 1.000000000000000000, 0.000000000000000000, -9.035018104045869462E-17 ) ) ;
#2190 = SURFACE_STYLE_USAGE ( .BOTH. , #332 ) ;
#2191 = VERTEX_POINT ( 'NONE', #2533 ) ;
#2192 = CARTESIAN_POINT ( 'NONE',  ( -1.399999999999999689, 0.4099999999999997535, 1.049999999999999822 ) ) ;
#2193 = ORIENTED_EDGE ( 'NONE', *, *, #1942, .T. ) ;
#2194 =( LENGTH_UNIT ( ) NAMED_UNIT ( * ) SI_UNIT ( .MILLI., .METRE. ) );
#2195 = LINE ( 'NONE', #2889, #664 ) ;
#2196 = LINE ( 'NONE', #908, #187 ) ;
#2197 = ORIENTED_EDGE ( 'NONE', *, *, #2582, .F. ) ;
#2198 = UNCERTAINTY_MEASURE_WITH_UNIT (LENGTH_MEASURE( 1.000000000000000082E-05 ), #397, 'distance_accuracy_value', 'NONE');
#2199 = PRESENTATION_STYLE_ASSIGNMENT (( #1940 ) ) ;
#2200 = EDGE_CURVE ( 'NONE', #624, #292, #73, .T. ) ;
#2201 = CARTESIAN_POINT ( 'NONE',  ( -1.599999999999999645, 0.01000000000000000021, 1.123100371848456458 ) ) ;
#2202 = MECHANICAL_DESIGN_GEOMETRIC_PRESENTATION_REPRESENTATION (  '', ( #2774 ), #1954 ) ;
#2203 = VECTOR ( 'NONE', #2234, 1000.000000000000000 ) ;
#2204 = ORIENTED_EDGE ( 'NONE', *, *, #1427, .F. ) ;
#2205 = CARTESIAN_POINT ( 'NONE',  ( 1.530000000000000249, 0.01000000000000000021, 0.3500000000000000333 ) ) ;
#2206 = DIRECTION ( 'NONE',  ( 0.000000000000000000, 0.000000000000000000, 1.000000000000000000 ) ) ;
#2207 = ORIENTED_EDGE ( 'NONE', *, *, #2698, .T. ) ;
#2208 = DIRECTION ( 'NONE',  ( -1.355252715606880543E-16, 0.000000000000000000, -1.000000000000000000 ) ) ;
#2209 = FILL_AREA_STYLE_COLOUR ( '', #2512 ) ;
#2210 = PLANE ( 'NONE',  #2896 ) ;
#2211 = ORIENTED_EDGE ( 'NONE', *, *, #2488, .T. ) ;
#2212 =( NAMED_UNIT ( * ) SI_UNIT ( $, .STERADIAN. ) SOLID_ANGLE_UNIT ( ) );
#2213 = DIRECTION ( 'NONE',  ( 0.000000000000000000, 0.000000000000000000, -1.000000000000000000 ) ) ;
#2214 = VECTOR ( 'NONE', #2165, 1000.000000000000000 ) ;
#2215 = CARTESIAN_POINT ( 'NONE',  ( -1.599999999999999867, 0.6999999999999999556, -1.250000000000000444 ) ) ;
#2216 = AXIS2_PLACEMENT_3D ( 'NONE', #1349, #2034, #1131 ) ;
#2217 = EDGE_CURVE ( 'NONE', #2102, #691, #536, .T. ) ;
#2218 = EDGE_CURVE ( 'NONE', #2514, #60, #2089, .T. ) ;
#2219 = STYLED_ITEM ( 'NONE', ( #2448 ), #312 ) ;
#2220 = STYLED_ITEM ( 'NONE', ( #2185 ), #1802 ) ;
#2221 = CARTESIAN_POINT ( 'NONE',  ( -0.4499999999999996780, 0.000000000000000000, 1.180000000000000826 ) ) ;
#2222 = COLOUR_RGB ( '',0.7529411764705882248, 0.7529411764705882248, 0.7529411764705882248 ) ;
#2223 =( GEOMETRIC_REPRESENTATION_CONTEXT ( 3 ) GLOBAL_UNCERTAINTY_ASSIGNED_CONTEXT ( ( #575 ) ) GLOBAL_UNIT_ASSIGNED_CONTEXT ( ( #2848, #173, #1570 ) ) REPRESENTATION_CONTEXT ( 'NONE', 'WORKASPACE' ) );
#2224 = VERTEX_POINT ( 'NONE', #1871 ) ;
#2225 = LINE ( 'NONE', #1322, #1607 ) ;
#2226 = DIRECTION ( 'NONE',  ( -0.000000000000000000, 1.000000000000000000, -0.000000000000000000 ) ) ;
#2227 = CARTESIAN_POINT ( 'NONE',  ( 1.600000000000000755, -0.3106344704265987522, -1.123100371848457790 ) ) ;
#2228 = VECTOR ( 'NONE', #556, 1000.000000000000000 ) ;
#2229 = ORIENTED_EDGE ( 'NONE', *, *, #649, .T. ) ;
#2230 = FACE_OUTER_BOUND ( 'NONE', #256, .T. ) ;
#2231 = ORIENTED_EDGE ( 'NONE', *, *, #121, .T. ) ;
#2232 = DIRECTION ( 'NONE',  ( 0.000000000000000000, 0.000000000000000000, 1.000000000000000000 ) ) ;
#2233 = CARTESIAN_POINT ( 'NONE',  ( 1.530000000000000249, -1.362093976199881373, -0.3499999999999999778 ) ) ;
#2234 = DIRECTION ( 'NONE',  ( 0.000000000000000000, 1.000000000000000000, 0.000000000000000000 ) ) ;
#2235 = ORIENTED_EDGE ( 'NONE', *, *, #2866, .F. ) ;
#2236 = FACE_OUTER_BOUND ( 'NONE', #2815, .T. ) ;
#2237 = EDGE_CURVE ( 'NONE', #1291, #591, #2775, .T. ) ;
#2238 = CARTESIAN_POINT ( 'NONE',  ( 1.347968475966027979, 0.000000000000000000, 1.180000000000000826 ) ) ;
#2239 = UNCERTAINTY_MEASURE_WITH_UNIT (LENGTH_MEASURE( 1.000000000000000082E-05 ), #2378, 'distance_accuracy_value', 'NONE');
#2240 = ORIENTED_EDGE ( 'NONE', *, *, #1302, .F. ) ;
#2241 = UNCERTAINTY_MEASURE_WITH_UNIT (LENGTH_MEASURE( 1.000000000000000082E-05 ), #839, 'distance_accuracy_value', 'NONE');
#2242 = LINE ( 'NONE', #270, #185 ) ;
#2243 = DIRECTION ( 'NONE',  ( 1.000000000000000000, 0.000000000000000000, 0.000000000000000000 ) ) ;
#2244 = SURFACE_SIDE_STYLE ('',( #1343 ) ) ;
#2245 = CARTESIAN_POINT ( 'NONE',  ( -1.499999999999999778, 0.4100000000000000311, -1.250000000000000444 ) ) ;
#2246 = LINE ( 'NONE', #1150, #2149 ) ;
#2247 = DIRECTION ( 'NONE',  ( 0.000000000000000000, 0.000000000000000000, 1.000000000000000000 ) ) ;
#2248 = ORIENTED_EDGE ( 'NONE', *, *, #1045, .T. ) ;
#2249 = FILL_AREA_STYLE ('',( #423 ) ) ;
#2250 =( NAMED_UNIT ( * ) PLANE_ANGLE_UNIT ( ) SI_UNIT ( $, .RADIAN. ) );
#2251 = FACE_OUTER_BOUND ( 'NONE', #487, .T. ) ;
#2252 = EDGE_CURVE ( 'NONE', #1335, #201, #144, .T. ) ;
#2253 = COLOUR_RGB ( '',1.000000000000000000, 0.8431372549019607865, 0.000000000000000000 ) ;
#2254 = ORIENTED_EDGE ( 'NONE', *, *, #120, .F. ) ;
#2255 = DIRECTION ( 'NONE',  ( 0.000000000000000000, 1.000000000000000000, -0.000000000000000000 ) ) ;
#2256 = SURFACE_STYLE_FILL_AREA ( #1584 ) ;
#2257 = DIRECTION ( 'NONE',  ( 8.673617379884035472E-17, 0.000000000000000000, 1.000000000000000000 ) ) ;
#2258 = ORIENTED_EDGE ( 'NONE', *, *, #1919, .T. ) ;
#2259 = LINE ( 'NONE', #916, #418 ) ;
#2260 = FILL_AREA_STYLE_COLOUR ( '', #2326 ) ;
#2261 =( GEOMETRIC_REPRESENTATION_CONTEXT ( 3 ) GLOBAL_UNCERTAINTY_ASSIGNED_CONTEXT ( ( #2849 ) ) GLOBAL_UNIT_ASSIGNED_CONTEXT ( ( #982, #2768, #302 ) ) REPRESENTATION_CONTEXT ( 'NONE', 'WORKASPACE' ) );
#2262 = PRESENTATION_LAYER_ASSIGNMENT (  '', '', ( #2880 ) ) ;
#2263 = ORIENTED_EDGE ( 'NONE', *, *, #458, .T. ) ;
#2264 =( NAMED_UNIT ( * ) SI_UNIT ( $, .STERADIAN. ) SOLID_ANGLE_UNIT ( ) );
#2265 =( NAMED_UNIT ( * ) SI_UNIT ( $, .STERADIAN. ) SOLID_ANGLE_UNIT ( ) );
#2266 = FACE_BOUND ( 'NONE', #1363, .T. ) ;
#2267 = VECTOR ( 'NONE', #2372, 1000.000000000000000 ) ;
#2268 = AXIS2_PLACEMENT_3D ( 'NONE', #881, #1985, #1315 ) ;
#2269 = UNCERTAINTY_MEASURE_WITH_UNIT (LENGTH_MEASURE( 1.000000000000000082E-05 ), #2434, 'distance_accuracy_value', 'NONE');
#2270 = ORIENTED_EDGE ( 'NONE', *, *, #2582, .T. ) ;
#2271 = SURFACE_STYLE_FILL_AREA ( #216 ) ;
#2272 = LINE ( 'NONE', #1357, #1746 ) ;
#2273 = EDGE_CURVE ( 'NONE', #1311, #300, #2476, .T. ) ;
#2274 = ORIENTED_EDGE ( 'NONE', *, *, #2085, .F. ) ;
#2275 =( NAMED_UNIT ( * ) SI_UNIT ( $, .STERADIAN. ) SOLID_ANGLE_UNIT ( ) );
#2276 = ADVANCED_FACE ( 'NONE', ( #2863 ), #651, .T. ) ;
#2277 = SURFACE_STYLE_USAGE ( .BOTH. , #33 ) ;
#2278 = CARTESIAN_POINT ( 'NONE',  ( -1.550000000000000044, 0.5500000000000000444, -1.200000000000000622 ) ) ;
#2279 = ORIENTED_EDGE ( 'NONE', *, *, #261, .F. ) ;
#2280 = SURFACE_STYLE_FILL_AREA ( #1387 ) ;
#2281 = DIRECTION ( 'NONE',  ( -0.000000000000000000, 1.000000000000000000, -0.000000000000000000 ) ) ;
#2282 = MECHANICAL_DESIGN_GEOMETRIC_PRESENTATION_REPRESENTATION (  '', ( #2802 ), #1903 ) ;
#2283 = ORIENTED_EDGE ( 'NONE', *, *, #2273, .T. ) ;
#2284 = CARTESIAN_POINT ( 'NONE',  ( -0.4500000000000000666, 0.000000000000000000, -1.180000000000000826 ) ) ;
#2285 = FACE_OUTER_BOUND ( 'NONE', #762, .T. ) ;
#2286 = PRESENTATION_STYLE_ASSIGNMENT (( #1393 ) ) ;
#2287 = FILL_AREA_STYLE_COLOUR ( '', #1000 ) ;
#2288 = VERTEX_POINT ( 'NONE', #2441 ) ;
#2289 = EDGE_CURVE ( 'NONE', #2288, #2744, #2897, .T. ) ;
#2290 = CARTESIAN_POINT ( 'NONE',  ( 1.530000000000000249, 0.000000000000000000, -1.068412871848457346 ) ) ;
#2291 = VERTEX_POINT ( 'NONE', #453 ) ;
#2292 = FILL_AREA_STYLE_COLOUR ( '', #484 ) ;
#2293 = CARTESIAN_POINT ( 'NONE',  ( -1.530000000000000693, 0.01000000000000000021, -0.3500000000000000333 ) ) ;
#2294 = LINE ( 'NONE', #1856, #1003 ) ;
#2295 = EDGE_CURVE ( 'NONE', #1588, #2384, #2455, .T. ) ;
#2296 = ORIENTED_EDGE ( 'NONE', *, *, #2333, .F. ) ;
#2297 = PLANE ( 'NONE',  #661 ) ;
#2298 = CARTESIAN_POINT ( 'NONE',  ( 1.437568475966025439, 0.000000000000000000, 1.249999999999999112 ) ) ;
#2299 = DIRECTION ( 'NONE',  ( -0.000000000000000000, 1.000000000000000000, -0.000000000000000000 ) ) ;
#2300 = CARTESIAN_POINT ( 'NONE',  ( -1.530000000000000693, -1.362093976199881373, -0.3500000000000000333 ) ) ;
#2301 = EDGE_LOOP ( 'NONE', ( #1009, #1064, #2637, #1256 ) ) ;
#2302 = CARTESIAN_POINT ( 'NONE',  ( 0.4499999999999999001, 0.000000000000000000, -1.180000000000000604 ) ) ;
#2303 = EDGE_CURVE ( 'NONE', #2102, #2097, #1846, .T. ) ;
#2304 = EDGE_CURVE ( 'NONE', #1759, #587, #666, .T. ) ;
#2305 = PRESENTATION_LAYER_ASSIGNMENT (  '', '', ( #183 ) ) ;
#2306 = ORIENTED_EDGE ( 'NONE', *, *, #86, .F. ) ;
#2307 = AXIS2_PLACEMENT_3D ( 'NONE', #2807, #1679, #164 ) ;
#2308 = DIRECTION ( 'NONE',  ( 0.000000000000000000, 1.000000000000000000, 0.000000000000000000 ) ) ;
#2309 = PLANE ( 'NONE',  #337 ) ;
#2310 = MECHANICAL_DESIGN_GEOMETRIC_PRESENTATION_REPRESENTATION (  '', ( #2113 ), #51 ) ;
#2311 = UNCERTAINTY_MEASURE_WITH_UNIT (LENGTH_MEASURE( 1.000000000000000082E-05 ), #253, 'distance_accuracy_value', 'NONE');
#2312 = AXIS2_PLACEMENT_3D ( 'NONE', #2415, #2382, #1970 ) ;
#2313 = ORIENTED_EDGE ( 'NONE', *, *, #1671, .T. ) ;
#2314 = VECTOR ( 'NONE', #100, 1000.000000000000000 ) ;
#2315 = DIRECTION ( 'NONE',  ( 0.000000000000000000, 0.000000000000000000, 1.000000000000000000 ) ) ;
#2316 = DIRECTION ( 'NONE',  ( 0.000000000000000000, 1.000000000000000000, 0.000000000000000000 ) ) ;
#2317 =( GEOMETRIC_REPRESENTATION_CONTEXT ( 3 ) GLOBAL_UNCERTAINTY_ASSIGNED_CONTEXT ( ( #1795 ) ) GLOBAL_UNIT_ASSIGNED_CONTEXT ( ( #1604, #688, #2710 ) ) REPRESENTATION_CONTEXT ( 'NONE', 'WORKASPACE' ) );
#2318 = AXIS2_PLACEMENT_3D ( 'NONE', #2041, #1827, #2734 ) ;
#2319 = VECTOR ( 'NONE', #1622, 1000.000000000000000 ) ;
#2320 = MECHANICAL_DESIGN_GEOMETRIC_PRESENTATION_REPRESENTATION (  '', ( #1699 ), #2790 ) ;
#2321 = LINE ( 'NONE', #2588, #903 ) ;
#2322 = EDGE_LOOP ( 'NONE', ( #2258, #1443, #1428, #328 ) ) ;
#2323 =( NAMED_UNIT ( * ) SI_UNIT ( $, .STERADIAN. ) SOLID_ANGLE_UNIT ( ) );
#2324 = DIRECTION ( 'NONE',  ( 0.000000000000000000, 1.000000000000000000, 0.000000000000000000 ) ) ;
#2325 =( NAMED_UNIT ( * ) PLANE_ANGLE_UNIT ( ) SI_UNIT ( $, .RADIAN. ) );
#2326 = COLOUR_RGB ( '',0.7529411764705882248, 0.7529411764705882248, 0.7529411764705882248 ) ;
#2327 = LINE ( 'NONE', #2302, #1070 ) ;
#2328 = EDGE_LOOP ( 'NONE', ( #1976, #1633, #676, #910 ) ) ;
#2329 =( NAMED_UNIT ( * ) PLANE_ANGLE_UNIT ( ) SI_UNIT ( $, .RADIAN. ) );
#2330 = VECTOR ( 'NONE', #223, 1000.000000000000000 ) ;
#2331 = PLANE ( 'NONE',  #2665 ) ;
#2332 = ORIENTED_EDGE ( 'NONE', *, *, #2342, .T. ) ;
#2333 = EDGE_CURVE ( 'NONE', #1467, #1157, #160, .T. ) ;
#2334 = CARTESIAN_POINT ( 'NONE',  ( 1.550000000000000488, 0.4099999999999997535, -1.200000000000001066 ) ) ;
#2335 = DIRECTION ( 'NONE',  ( -0.000000000000000000, 1.000000000000000000, 0.000000000000000000 ) ) ;
#2336 = EDGE_LOOP ( 'NONE', ( #1130, #2080, #926, #2211 ) ) ;
#2337 = DIRECTION ( 'NONE',  ( 1.000000000000000000, -0.000000000000000000, 0.000000000000000000 ) ) ;
#2338 = VERTEX_POINT ( 'NONE', #634 ) ;
#2339 = CARTESIAN_POINT ( 'NONE',  ( 1.370000000000000329, 0.6500000000000000222, 1.019999999999999574 ) ) ;
#2340 = DIRECTION ( 'NONE',  ( -0.6156440419723153701, 0.000000000000000000, -0.7880243737245631319 ) ) ;
#2341 = EDGE_LOOP ( 'NONE', ( #1105, #2229, #2351, #1653 ) ) ;
#2342 = EDGE_CURVE ( 'NONE', #2666, #1291, #2851, .T. ) ;
#2343 = VECTOR ( 'NONE', #2337, 1000.000000000000000 ) ;
#2344 = DIRECTION ( 'NONE',  ( 1.000000000000000000, -0.000000000000000000, 0.000000000000000000 ) ) ;
#2345 = ORIENTED_EDGE ( 'NONE', *, *, #1743, .F. ) ;
#2346 = SURFACE_STYLE_FILL_AREA ( #2104 ) ;
#2347 = AXIS2_PLACEMENT_3D ( 'NONE', #1685, #1641, #2522 ) ;
#2348 = ORIENTED_EDGE ( 'NONE', *, *, #471, .T. ) ;
#2349 = CARTESIAN_POINT ( 'NONE',  ( -0.4500000000000000666, 0.01000000000000000021, -1.180000000000000826 ) ) ;
#2350 = DIRECTION ( 'NONE',  ( -0.000000000000000000, 0.000000000000000000, -1.000000000000000000 ) ) ;
#2351 = ORIENTED_EDGE ( 'NONE', *, *, #2866, .T. ) ;
#2352 = FILL_AREA_STYLE ('',( #1439 ) ) ;
#2353 =( NAMED_UNIT ( * ) PLANE_ANGLE_UNIT ( ) SI_UNIT ( $, .RADIAN. ) );
#2354 = VECTOR ( 'NONE', #1826, 999.9999999999998863 ) ;
#2355 = VECTOR ( 'NONE', #1530, 1000.000000000000000 ) ;
#2356 = VECTOR ( 'NONE', #375, 1000.000000000000000 ) ;
#2357 = VECTOR ( 'NONE', #169, 1000.000000000000000 ) ;
#2358 = CARTESIAN_POINT ( 'NONE',  ( 1.550000000000000488, -4.050788100849390894, -1.200000000000001066 ) ) ;
#2359 = ORIENTED_EDGE ( 'NONE', *, *, #1864, .F. ) ;
#2360 = EDGE_CURVE ( 'NONE', #2400, #770, #1539, .T. ) ;
#2361 = LINE ( 'NONE', #330, #561 ) ;
#2362 =( GEOMETRIC_REPRESENTATION_CONTEXT ( 3 ) GLOBAL_UNCERTAINTY_ASSIGNED_CONTEXT ( ( #805 ) ) GLOBAL_UNIT_ASSIGNED_CONTEXT ( ( #2546, #680, #1844 ) ) REPRESENTATION_CONTEXT ( 'NONE', 'WORKASPACE' ) );
#2363 = ADVANCED_FACE ( 'NONE', ( #189 ), #1771, .T. ) ;
#2364 = COLOUR_RGB ( '',0.7529411764705882248, 0.7529411764705882248, 0.7529411764705882248 ) ;
#2365 =( LENGTH_UNIT ( ) NAMED_UNIT ( * ) SI_UNIT ( .MILLI., .METRE. ) );
#2366 = ORIENTED_EDGE ( 'NONE', *, *, #175, .T. ) ;
#2367 = LINE ( 'NONE', #2394, #2781 ) ;
#2368 = CARTESIAN_POINT ( 'NONE',  ( 0.4499999999999996780, 0.000000000000000000, 0.3500000000000000333 ) ) ;
#2369 =( NAMED_UNIT ( * ) PLANE_ANGLE_UNIT ( ) SI_UNIT ( $, .RADIAN. ) );
#2370 = ORIENTED_EDGE ( 'NONE', *, *, #905, .T. ) ;
#2371 = FILL_AREA_STYLE_COLOUR ( '', #1511 ) ;
#2372 = DIRECTION ( 'NONE',  ( -0.000000000000000000, 1.000000000000000000, -0.000000000000000000 ) ) ;
#2373 = DIRECTION ( 'NONE',  ( 0.000000000000000000, -0.000000000000000000, 1.000000000000000000 ) ) ;
#2374 = SURFACE_SIDE_STYLE ('',( #510 ) ) ;
#2375 = VERTEX_POINT ( 'NONE', #2649 ) ;
#2376 = UNCERTAINTY_MEASURE_WITH_UNIT (LENGTH_MEASURE( 1.000000000000000082E-05 ), #1882, 'distance_accuracy_value', 'NONE');
#2377 = CARTESIAN_POINT ( 'NONE',  ( 0.4499999999999996780, 0.000000000000000000, 0.3500000000000000333 ) ) ;
#2378 =( LENGTH_UNIT ( ) NAMED_UNIT ( * ) SI_UNIT ( .MILLI., .METRE. ) );
#2379 = ADVANCED_FACE ( 'NONE', ( #1303 ), #1639, .F. ) ;
#2380 = ORIENTED_EDGE ( 'NONE', *, *, #2551, .T. ) ;
#2381 = FILL_AREA_STYLE_COLOUR ( '', #136 ) ;
#2382 = DIRECTION ( 'NONE',  ( 0.000000000000000000, 0.000000000000000000, -1.000000000000000000 ) ) ;
#2383 = PLANE ( 'NONE',  #1762 ) ;
#2384 = VERTEX_POINT ( 'NONE', #2547 ) ;
#2385 = LINE ( 'NONE', #1264, #1367 ) ;
#2386 = DIRECTION ( 'NONE',  ( 1.000000000000000000, 0.000000000000000000, 3.265669194233443663E-16 ) ) ;
#2387 = SURFACE_STYLE_FILL_AREA ( #2181 ) ;
#2388 = DIRECTION ( 'NONE',  ( -0.7880243737245635760, 0.000000000000000000, -0.6156440419723148150 ) ) ;
#2389 = ADVANCED_FACE ( 'NONE', ( #1145 ), #2534, .F. ) ;
#2390 = CARTESIAN_POINT ( 'NONE',  ( 1.530000000000000249, 0.000000000000000000, 0.3500000000000000333 ) ) ;
#2391 = AXIS2_PLACEMENT_3D ( 'NONE', #2125, #1005, #2738 ) ;
#2392 = VECTOR ( 'NONE', #2925, 1000.000000000000000 ) ;
#2393 = ORIENTED_EDGE ( 'NONE', *, *, #917, .T. ) ;
#2394 = CARTESIAN_POINT ( 'NONE',  ( 1.694065894508599692E-16, 0.000000000000000000, 1.249999999999999334 ) ) ;
#2395 = FILL_AREA_STYLE_COLOUR ( '', #2075 ) ;
#2396 = EDGE_CURVE ( 'NONE', #732, #1452, #2042, .T. ) ;
#2397 = EDGE_CURVE ( 'NONE', #1667, #389, #1861, .T. ) ;
#2398 = DIRECTION ( 'NONE',  ( 0.6156440419723148150, 0.000000000000000000, -0.7880243737245635760 ) ) ;
#2399 = CIRCLE ( 'NONE', #272, 0.1000000000000000472 ) ;
#2400 = VERTEX_POINT ( 'NONE', #1586 ) ;
#2401 = CARTESIAN_POINT ( 'NONE',  ( -1.530000000000000693, 0.01000000000000000021, -1.068412871848457346 ) ) ;
#2402 = AXIS2_PLACEMENT_3D ( 'NONE', #2836, #364, #1268 ) ;
#2403 = DIRECTION ( 'NONE',  ( 1.000000000000000000, 0.000000000000000000, -1.003890900449541325E-16 ) ) ;
#2404 = COLOUR_RGB ( '',0.7529411764705882248, 0.7529411764705882248, 0.7529411764705882248 ) ;
#2405 = UNCERTAINTY_MEASURE_WITH_UNIT (LENGTH_MEASURE( 1.000000000000000082E-05 ), #1018, 'distance_accuracy_value', 'NONE');
#2406 = SURFACE_SIDE_STYLE ('',( #818 ) ) ;
#2407 =( GEOMETRIC_REPRESENTATION_CONTEXT ( 3 ) GLOBAL_UNCERTAINTY_ASSIGNED_CONTEXT ( ( #1691 ) ) GLOBAL_UNIT_ASSIGNED_CONTEXT ( ( #149, #2653, #1050 ) ) REPRESENTATION_CONTEXT ( 'NONE', 'WORKASPACE' ) );
#2408 = CARTESIAN_POINT ( 'NONE',  ( -0.06156440419723097773, 0.01000000000000000021, 0.07880243737245570812 ) ) ;
#2409 = VECTOR ( 'NONE', #1472, 1000.000000000000000 ) ;
#2410 = FACE_OUTER_BOUND ( 'NONE', #1936, .T. ) ;
#2411 = VECTOR ( 'NONE', #1066, 1000.000000000000000 ) ;
#2412 = VECTOR ( 'NONE', #1301, 1000.000000000000000 ) ;
#2413 = VECTOR ( 'NONE', #104, 1000.000000000000000 ) ;
#2414 = ORIENTED_EDGE ( 'NONE', *, *, #1662, .T. ) ;
#2415 = CARTESIAN_POINT ( 'NONE',  ( 0.4499999999999998446, -1.362093976199881373, 1.180000000000000826 ) ) ;
#2416 = SURFACE_STYLE_FILL_AREA ( #1011 ) ;
#2417 = EDGE_LOOP ( 'NONE', ( #931, #2796, #568, #196 ) ) ;
#2418 = CARTESIAN_POINT ( 'NONE',  ( 1.370000000000000551, 0.6999999999999999556, -1.120000000000000995 ) ) ;
#2419 = PRESENTATION_STYLE_ASSIGNMENT (( #2669 ) ) ;
#2420 = CARTESIAN_POINT ( 'NONE',  ( 1.347968475966025093, -0.3106344704265987522, -1.180000000000000826 ) ) ;
#2421 = PRESENTATION_STYLE_ASSIGNMENT (( #2858 ) ) ;
#2422 = ADVANCED_FACE ( 'NONE', ( #1828 ), #2490, .F. ) ;
#2423 = ORIENTED_EDGE ( 'NONE', *, *, #372, .T. ) ;
#2424 = LINE ( 'NONE', #452, #325 ) ;
#2425 =( NAMED_UNIT ( * ) SI_UNIT ( $, .STERADIAN. ) SOLID_ANGLE_UNIT ( ) );
#2426 = VECTOR ( 'NONE', #582, 1000.000000000000000 ) ;
#2427 = ORIENTED_EDGE ( 'NONE', *, *, #1220, .F. ) ;
#2428 = LINE ( 'NONE', #1912, #1652 ) ;
#2429 = DIRECTION ( 'NONE',  ( 0.7880243737245635760, -0.000000000000000000, 0.6156440419723148150 ) ) ;
#2430 = VERTEX_POINT ( 'NONE', #230 ) ;
#2431 = CARTESIAN_POINT ( 'NONE',  ( 1.530000000000000249, 0.01000000000000000021, 0.3500000000000000333 ) ) ;
#2432 = CARTESIAN_POINT ( 'NONE',  ( -1.369999999999999885, 0.6500000000000000222, 1.019999999999999574 ) ) ;
#2433 = DIRECTION ( 'NONE',  ( -0.000000000000000000, 1.000000000000000000, -0.000000000000000000 ) ) ;
#2434 =( LENGTH_UNIT ( ) NAMED_UNIT ( * ) SI_UNIT ( .MILLI., .METRE. ) );
#2435 = DIRECTION ( 'NONE',  ( -0.000000000000000000, 1.000000000000000000, -0.000000000000000000 ) ) ;
#2436 = ORIENTED_EDGE ( 'NONE', *, *, #162, .T. ) ;
#2437 = PLANE ( 'NONE',  #1142 ) ;
#2438 = DIRECTION ( 'NONE',  ( 0.000000000000000000, 0.000000000000000000, 1.000000000000000000 ) ) ;
#2439 = EDGE_CURVE ( 'NONE', #822, #1904, #1927, .T. ) ;
#2440 = EDGE_CURVE ( 'NONE', #2540, #2400, #478, .T. ) ;
#2441 = CARTESIAN_POINT ( 'NONE',  ( 1.530000000000000249, 0.000000000000000000, -0.3499999999999999778 ) ) ;
#2442 = EDGE_LOOP ( 'NONE', ( #1001, #203, #2019, #2058 ) ) ;
#2443 =( NAMED_UNIT ( * ) PLANE_ANGLE_UNIT ( ) SI_UNIT ( $, .RADIAN. ) );
#2444 = ORIENTED_EDGE ( 'NONE', *, *, #1818, .F. ) ;
#2445 = CARTESIAN_POINT ( 'NONE',  ( 1.520000000000000462, 0.5500000000000000444, -1.170000000000000817 ) ) ;
#2446 = CARTESIAN_POINT ( 'NONE',  ( -0.4500000000000001221, 0.000000000000000000, 0.7000000000000005107 ) ) ;
#2447 = VECTOR ( 'NONE', #1194, 1000.000000000000000 ) ;
#2448 = PRESENTATION_STYLE_ASSIGNMENT (( #2912 ) ) ;
#2449 = UNCERTAINTY_MEASURE_WITH_UNIT (LENGTH_MEASURE( 1.000000000000000082E-05 ), #133, 'distance_accuracy_value', 'NONE');
#2450 = ORIENTED_EDGE ( 'NONE', *, *, #669, .F. ) ;
#2451 = UNCERTAINTY_MEASURE_WITH_UNIT (LENGTH_MEASURE( 1.000000000000000082E-05 ), #1665, 'distance_accuracy_value', 'NONE');
#2452 = SURFACE_STYLE_USAGE ( .BOTH. , #1997 ) ;
#2453 = EDGE_LOOP ( 'NONE', ( #557, #2895, #1891, #2754, #2450, #876, #422, #30, #2481, #796, #1805, #767, #1956, #390, #2763, #1943, #2279, #410, #2062, #1002, #2423, #81, #1077, #735, #780, #1559, #870, #128, #2535 ) ) ;
#2454 = MECHANICAL_DESIGN_GEOMETRIC_PRESENTATION_REPRESENTATION (  '', ( #2061 ), #1133 ) ;
#2455 = LINE ( 'NONE', #2408, #1466 ) ;
#2456 = VECTOR ( 'NONE', #1945, 1000.000000000000000 ) ;
#2457 = CARTESIAN_POINT ( 'NONE',  ( -1.399999999999999911, -4.050788100849390894, -1.200000000000000622 ) ) ;
#2458 =( GEOMETRIC_REPRESENTATION_CONTEXT ( 3 ) GLOBAL_UNCERTAINTY_ASSIGNED_CONTEXT ( ( #470 ) ) GLOBAL_UNIT_ASSIGNED_CONTEXT ( ( #10, #2517, #1797 ) ) REPRESENTATION_CONTEXT ( 'NONE', 'WORKASPACE' ) );
#2459 = STYLED_ITEM ( 'NONE', ( #2131 ), #2810 ) ;
#2460 =( GEOMETRIC_REPRESENTATION_CONTEXT ( 3 ) GLOBAL_UNCERTAINTY_ASSIGNED_CONTEXT ( ( #2198 ) ) GLOBAL_UNIT_ASSIGNED_CONTEXT ( ( #397, #647, #1287 ) ) REPRESENTATION_CONTEXT ( 'NONE', 'WORKASPACE' ) );
#2461 = EDGE_CURVE ( 'NONE', #1335, #1648, #1674, .T. ) ;
#2462 = VECTOR ( 'NONE', #199, 1000.000000000000000 ) ;
#2463 =( NAMED_UNIT ( * ) SI_UNIT ( $, .STERADIAN. ) SOLID_ANGLE_UNIT ( ) );
#2464 = AXIS2_PLACEMENT_3D ( 'NONE', #2553, #283, #1892 ) ;
#2465 = ORIENTED_EDGE ( 'NONE', *, *, #2480, .F. ) ;
#2466 = DIRECTION ( 'NONE',  ( -0.000000000000000000, 1.000000000000000000, -0.000000000000000000 ) ) ;
#2467 = DIRECTION ( 'NONE',  ( 0.000000000000000000, 0.000000000000000000, 1.000000000000000000 ) ) ;
#2468 = CARTESIAN_POINT ( 'NONE',  ( 1.550000000000000488, 0.4099999999999997535, 1.049999999999999378 ) ) ;
#2469 = CARTESIAN_POINT ( 'NONE',  ( -1.599999999999999867, -1.084202172485504434E-16, -1.150000000000000355 ) ) ;
#2470 = VECTOR ( 'NONE', #2344, 1000.000000000000000 ) ;
#2471 = EDGE_LOOP ( 'NONE', ( #287, #1021, #1881, #419 ) ) ;
#2472 = DIRECTION ( 'NONE',  ( -1.000000000000000000, 0.000000000000000000, 1.355252715606880543E-16 ) ) ;
#2473 = LINE ( 'NONE', #2752, #1967 ) ;
#2474 = CARTESIAN_POINT ( 'NONE',  ( 1.520000000000000462, 0.5500000000000000444, 1.169999999999999707 ) ) ;
#2475 = PRESENTATION_LAYER_ASSIGNMENT (  '', '', ( #1934 ) ) ;
#2476 = LINE ( 'NONE', #1571, #621 ) ;
#2477 = MECHANICAL_DESIGN_GEOMETRIC_PRESENTATION_REPRESENTATION (  '', ( #1478 ), #2571 ) ;
#2478 = DIRECTION ( 'NONE',  ( -3.265669194233443663E-16, 0.000000000000000000, 1.000000000000000000 ) ) ;
#2479 = FILL_AREA_STYLE ('',( #637 ) ) ;
#2480 = EDGE_CURVE ( 'NONE', #1477, #940, #2321, .T. ) ;
#2481 = ORIENTED_EDGE ( 'NONE', *, *, #2167, .F. ) ;
#2482 = PRESENTATION_STYLE_ASSIGNMENT (( #1578 ) ) ;
#2483 =( NAMED_UNIT ( * ) SI_UNIT ( $, .STERADIAN. ) SOLID_ANGLE_UNIT ( ) );
#2484 = UNCERTAINTY_MEASURE_WITH_UNIT (LENGTH_MEASURE( 1.000000000000000082E-05 ), #2783, 'distance_accuracy_value', 'NONE');
#2485 = ORIENTED_EDGE ( 'NONE', *, *, #1103, .F. ) ;
#2486 = DIRECTION ( 'NONE',  ( -0.000000000000000000, 1.000000000000000000, -0.000000000000000000 ) ) ;
#2487 = SURFACE_STYLE_USAGE ( .BOTH. , #678 ) ;
#2488 = EDGE_CURVE ( 'NONE', #822, #2224, #1245, .T. ) ;
#2489 = DIRECTION ( 'NONE',  ( -1.000000000000000000, 0.000000000000000000, 9.035018104045869462E-17 ) ) ;
#2490 = PLANE ( 'NONE',  #2751 ) ;
#2491 = CARTESIAN_POINT ( 'NONE',  ( 0.4499999999999998446, 0.000000000000000000, 1.180000000000000826 ) ) ;
#2492 = CARTESIAN_POINT ( 'NONE',  ( -1.549999999999999822, 0.4099999999999997535, 1.199999999999999734 ) ) ;
#2493 = ORIENTED_EDGE ( 'NONE', *, *, #2830, .F. ) ;
#2494 = EDGE_CURVE ( 'NONE', #1477, #70, #1255, .T. ) ;
#2495 = CARTESIAN_POINT ( 'NONE',  ( -1.369999999999999662, 0.6999999999999999556, -1.120000000000000995 ) ) ;
#2496 = FILL_AREA_STYLE ('',( #241 ) ) ;
#2497 = ORIENTED_EDGE ( 'NONE', *, *, #1522, .T. ) ;
#2498 = EDGE_CURVE ( 'NONE', #2105, #956, #127, .T. ) ;
#2499 = DIRECTION ( 'NONE',  ( -0.000000000000000000, 1.000000000000000000, -0.000000000000000000 ) ) ;
#2500 = FILL_AREA_STYLE_COLOUR ( '', #281 ) ;
#2501 = ORIENTED_EDGE ( 'NONE', *, *, #1220, .T. ) ;
#2502 = DIRECTION ( 'NONE',  ( 0.000000000000000000, -1.000000000000000000, 0.000000000000000000 ) ) ;
#2503 =( GEOMETRIC_REPRESENTATION_CONTEXT ( 3 ) GLOBAL_UNCERTAINTY_ASSIGNED_CONTEXT ( ( #1352 ) ) GLOBAL_UNIT_ASSIGNED_CONTEXT ( ( #885, #1804, #1556 ) ) REPRESENTATION_CONTEXT ( 'NONE', 'WORKASPACE' ) );
#2504 =( NAMED_UNIT ( * ) PLANE_ANGLE_UNIT ( ) SI_UNIT ( $, .RADIAN. ) );
#2505 = FACE_OUTER_BOUND ( 'NONE', #122, .T. ) ;
#2506 = STYLED_ITEM ( 'NONE', ( #425 ), #294 ) ;
#2507 = PRESENTATION_LAYER_ASSIGNMENT (  '', '', ( #1326 ) ) ;
#2508 = ORIENTED_EDGE ( 'NONE', *, *, #2830, .T. ) ;
#2509 = DIRECTION ( 'NONE',  ( 0.000000000000000000, -0.000000000000000000, 1.000000000000000000 ) ) ;
#2510 = AXIS2_PLACEMENT_3D ( 'NONE', #2339, #1222, #2106 ) ;
#2511 =( NAMED_UNIT ( * ) PLANE_ANGLE_UNIT ( ) SI_UNIT ( $, .RADIAN. ) );
#2512 = COLOUR_RGB ( '',1.000000000000000000, 0.8431372549019607865, 0.000000000000000000 ) ;
#2513 = STYLED_ITEM ( 'NONE', ( #2073 ), #2141 ) ;
#2514 = VERTEX_POINT ( 'NONE', #2146 ) ;
#2515 = LINE ( 'NONE', #493, #377 ) ;
#2516 = VECTOR ( 'NONE', #988, 1000.000000000000000 ) ;
#2517 =( NAMED_UNIT ( * ) PLANE_ANGLE_UNIT ( ) SI_UNIT ( $, .RADIAN. ) );
#2518 =( LENGTH_UNIT ( ) NAMED_UNIT ( * ) SI_UNIT ( .MILLI., .METRE. ) );
#2519 = EDGE_CURVE ( 'NONE', #1162, #1113, #2090, .T. ) ;
#2520 =( LENGTH_UNIT ( ) NAMED_UNIT ( * ) SI_UNIT ( .MILLI., .METRE. ) );
#2521 = ORIENTED_EDGE ( 'NONE', *, *, #2498, .T. ) ;
#2522 = DIRECTION ( 'NONE',  ( 0.000000000000000000, -0.000000000000000000, 1.000000000000000000 ) ) ;
#2523 = DIRECTION ( 'NONE',  ( 0.000000000000000000, 1.000000000000000000, 0.000000000000000000 ) ) ;
#2524 = DIRECTION ( 'NONE',  ( 0.000000000000000000, -1.000000000000000000, 0.000000000000000000 ) ) ;
#2525 = MECHANICAL_DESIGN_GEOMETRIC_PRESENTATION_REPRESENTATION (  '', ( #1394 ), #766 ) ;
#2526 = ORIENTED_EDGE ( 'NONE', *, *, #1025, .T. ) ;
#2527 =( LENGTH_UNIT ( ) NAMED_UNIT ( * ) SI_UNIT ( .MILLI., .METRE. ) );
#2528 = CARTESIAN_POINT ( 'NONE',  ( 1.550000000000000488, 0.5500000000000000444, -1.050000000000000933 ) ) ;
#2529 = ORIENTED_EDGE ( 'NONE', *, *, #685, .F. ) ;
#2530 = CARTESIAN_POINT ( 'NONE',  ( 1.370000000000000329, 0.6999999999999999556, 1.119999999999999662 ) ) ;
#2531 = LINE ( 'NONE', #507, #993 ) ;
#2532 = DIRECTION ( 'NONE',  ( 9.143873743853642848E-16, 0.000000000000000000, 1.000000000000000000 ) ) ;
#2533 = CARTESIAN_POINT ( 'NONE',  ( -1.549999999999999822, 0.4099999999999997535, 1.049999999999999822 ) ) ;
#2534 = PLANE ( 'NONE',  #1568 ) ;
#2535 = ORIENTED_EDGE ( 'NONE', *, *, #1164, .F. ) ;
#2536 = EDGE_CURVE ( 'NONE', #2910, #1211, #1027, .T. ) ;
#2537 = ADVANCED_FACE ( 'NONE', ( #2833 ), #774, .T. ) ;
#2538 = SURFACE_SIDE_STYLE ('',( #2092 ) ) ;
#2539 = LINE ( 'NONE', #2060, #2343 ) ;
#2540 = VERTEX_POINT ( 'NONE', #309 ) ;
#2541 = CARTESIAN_POINT ( 'NONE',  ( -1.399999999999999689, 0.5500000000000001554, 1.049999999999999822 ) ) ;
#2542 = CARTESIAN_POINT ( 'NONE',  ( -1.599999999999999645, 0.4100000000000000311, 1.149999999999999467 ) ) ;
#2543 = ORIENTED_EDGE ( 'NONE', *, *, #2570, .T. ) ;
#2544 = DIRECTION ( 'NONE',  ( 0.000000000000000000, 1.000000000000000000, 0.000000000000000000 ) ) ;
#2545 = CYLINDRICAL_SURFACE ( 'NONE', #53, 0.04999999999999991257 ) ;
#2546 =( LENGTH_UNIT ( ) NAMED_UNIT ( * ) SI_UNIT ( .MILLI., .METRE. ) );
#2547 = CARTESIAN_POINT ( 'NONE',  ( -1.599999999999999867, 0.01000000000000000021, -1.123100371848456236 ) ) ;
#2548 = ORIENTED_EDGE ( 'NONE', *, *, #195, .F. ) ;
#2549 = PLANE ( 'NONE',  #551 ) ;
#2550 = AXIS2_PLACEMENT_3D ( 'NONE', #106, #1004, #951 ) ;
#2551 = EDGE_CURVE ( 'NONE', #300, #1162, #1149, .T. ) ;
#2552 = ORIENTED_EDGE ( 'NONE', *, *, #284, .F. ) ;
#2553 = CARTESIAN_POINT ( 'NONE',  ( 1.370000000000000551, 0.6500000000000000222, -1.020000000000000906 ) ) ;
#2554 = CARTESIAN_POINT ( 'NONE',  ( 0.06156440419723156060, -0.3106344704265987522, 0.07880243737245636038 ) ) ;
#2555 = MECHANICAL_DESIGN_GEOMETRIC_PRESENTATION_REPRESENTATION (  '', ( #89 ), #2458 ) ;
#2556 = AXIS2_PLACEMENT_3D ( 'NONE', #1583, #2486, #461 ) ;
#2557 = AXIS2_PLACEMENT_3D ( 'NONE', #2192, #165, #2823 ) ;
#2558 = EDGE_LOOP ( 'NONE', ( #2178, #1510, #2552, #2204 ) ) ;
#2559 = DIRECTION ( 'NONE',  ( 0.000000000000000000, 0.000000000000000000, 1.000000000000000000 ) ) ;
#2560 = PRESENTATION_LAYER_ASSIGNMENT (  '', '', ( #897 ) ) ;
#2561 = CARTESIAN_POINT ( 'NONE',  ( 1.600000000000000755, -0.3106344704265987522, 1.123100371848454682 ) ) ;
#2562 = VECTOR ( 'NONE', #2920, 1000.000000000000000 ) ;
#2563 = VECTOR ( 'NONE', #542, 1000.000000000000114 ) ;
#2564 = VECTOR ( 'NONE', #1442, 1000.000000000000000 ) ;
#2565 = DIRECTION ( 'NONE',  ( -1.000000000000000000, 0.000000000000000000, 1.398970545142586295E-16 ) ) ;
#2566 = ORIENTED_EDGE ( 'NONE', *, *, #2103, .F. ) ;
#2567 = FILL_AREA_STYLE ('',( #1658 ) ) ;
#2568 = EDGE_LOOP ( 'NONE', ( #1028, #1663, #1566, #887, #314, #2548, #2620, #239 ) ) ;
#2569 = CARTESIAN_POINT ( 'NONE',  ( -0.06156440419723097773, 0.000000000000000000, 0.07880243737245570812 ) ) ;
#2570 = EDGE_CURVE ( 'NONE', #940, #2867, #849, .T. ) ;
#2571 =( GEOMETRIC_REPRESENTATION_CONTEXT ( 3 ) GLOBAL_UNCERTAINTY_ASSIGNED_CONTEXT ( ( #675 ) ) GLOBAL_UNIT_ASSIGNED_CONTEXT ( ( #2872, #1054, #1766 ) ) REPRESENTATION_CONTEXT ( 'NONE', 'WORKASPACE' ) );
#2572 = LINE ( 'NONE', #543, #629 ) ;
#2573 = EDGE_LOOP ( 'NONE', ( #2589, #245, #2197, #1577 ) ) ;
#2574 =( NAMED_UNIT ( * ) SI_UNIT ( $, .STERADIAN. ) SOLID_ANGLE_UNIT ( ) );
#2575 = EDGE_CURVE ( 'NONE', #538, #292, #2117, .T. ) ;
#2576 = DIRECTION ( 'NONE',  ( 0.000000000000000000, 0.000000000000000000, -1.000000000000000000 ) ) ;
#2577 = ORIENTED_EDGE ( 'NONE', *, *, #512, .T. ) ;
#2578 = FACE_OUTER_BOUND ( 'NONE', #2602, .T. ) ;
#2579 = ORIENTED_EDGE ( 'NONE', *, *, #2551, .F. ) ;
#2580 = SURFACE_STYLE_FILL_AREA ( #743 ) ;
#2581 = EDGE_CURVE ( 'NONE', #1093, #1944, #115, .T. ) ;
#2582 = EDGE_CURVE ( 'NONE', #2338, #906, #326, .T. ) ;
#2583 = ORIENTED_EDGE ( 'NONE', *, *, #2461, .F. ) ;
#2584 = DIRECTION ( 'NONE',  ( -0.000000000000000000, 1.000000000000000000, -0.000000000000000000 ) ) ;
#2585 = FACE_OUTER_BOUND ( 'NONE', #1470, .T. ) ;
#2586 = EDGE_CURVE ( 'NONE', #1958, #2686, #1550, .T. ) ;
#2587 = VECTOR ( 'NONE', #1632, 1000.000000000000000 ) ;
#2588 = CARTESIAN_POINT ( 'NONE',  ( -1.499999999999999556, -1.084202172485504434E-16, 1.249999999999999556 ) ) ;
#2589 = ORIENTED_EDGE ( 'NONE', *, *, #1646, .T. ) ;
#2590 = CARTESIAN_POINT ( 'NONE',  ( -1.599999999999999867, -1.084202172485504434E-16, -1.250000000000000444 ) ) ;
#2591 =( NAMED_UNIT ( * ) PLANE_ANGLE_UNIT ( ) SI_UNIT ( $, .RADIAN. ) );
#2592 = FILL_AREA_STYLE_COLOUR ( '', #829 ) ;
#2593 = ORIENTED_EDGE ( 'NONE', *, *, #1216, .T. ) ;
#2594 = DIRECTION ( 'NONE',  ( 0.000000000000000000, 0.000000000000000000, 1.000000000000000000 ) ) ;
#2595 = ORIENTED_EDGE ( 'NONE', *, *, #992, .T. ) ;
#2596 = FACE_OUTER_BOUND ( 'NONE', #2453, .T. ) ;
#2597 = PRESENTATION_STYLE_ASSIGNMENT (( #1637 ) ) ;
#2598 = AXIS2_PLACEMENT_3D ( 'NONE', #2039, #1172, #2056 ) ;
#2599 =( NAMED_UNIT ( * ) SI_UNIT ( $, .STERADIAN. ) SOLID_ANGLE_UNIT ( ) );
#2600 = VECTOR ( 'NONE', #1765, 1000.000000000000000 ) ;
#2601 = PRESENTATION_STYLE_ASSIGNMENT (( #1455 ) ) ;
#2602 = EDGE_LOOP ( 'NONE', ( #936, #1435, #24, #765 ) ) ;
#2603 = ADVANCED_FACE ( 'NONE', ( #830 ), #360, .F. ) ;
#2604 = DIRECTION ( 'NONE',  ( -1.000000000000000000, 0.000000000000000000, 1.003890900449540586E-16 ) ) ;
#2605 = AXIS2_PLACEMENT_3D ( 'NONE', #1094, #2861, #2243 ) ;
#2606 = VECTOR ( 'NONE', #1207, 1000.000000000000000 ) ;
#2607 = ORIENTED_EDGE ( 'NONE', *, *, #495, .F. ) ;
#2608 = CYLINDRICAL_SURFACE ( 'NONE', #2069, 0.1000000000000000472 ) ;
#2609 = LINE ( 'NONE', #1744, #2426 ) ;
#2610 = AXIS2_PLACEMENT_3D ( 'NONE', #22, #705, #1822 ) ;
#2611 = ORIENTED_EDGE ( 'NONE', *, *, #1398, .T. ) ;
#2612 = CARTESIAN_POINT ( 'NONE',  ( 1.400000000000000355, -4.050788100849390894, -1.200000000000001066 ) ) ;
#2613 = LINE ( 'NONE', #2159, #94 ) ;
#2614 = CARTESIAN_POINT ( 'NONE',  ( -1.347968475966025315, 0.000000000000000000, -1.180000000000000826 ) ) ;
#2615 =( LENGTH_UNIT ( ) NAMED_UNIT ( * ) SI_UNIT ( .MILLI., .METRE. ) );
#2616 = CARTESIAN_POINT ( 'NONE',  ( -1.469999999999999973, 0.6500000000000000222, 1.019999999999999574 ) ) ;
#2617 = UNCERTAINTY_MEASURE_WITH_UNIT (LENGTH_MEASURE( 1.000000000000000082E-05 ), #1756, 'distance_accuracy_value', 'NONE');
#2618 = ADVANCED_FACE ( 'NONE', ( #2660 ), #1190, .T. ) ;
#2619 = DIRECTION ( 'NONE',  ( 0.000000000000000000, 0.000000000000000000, 1.000000000000000000 ) ) ;
#2620 = ORIENTED_EDGE ( 'NONE', *, *, #2440, .T. ) ;
#2621 = PLANE ( 'NONE',  #2018 ) ;
#2622 =( NAMED_UNIT ( * ) SI_UNIT ( $, .STERADIAN. ) SOLID_ANGLE_UNIT ( ) );
#2623 = ORIENTED_EDGE ( 'NONE', *, *, #1427, .T. ) ;
#2624 = CARTESIAN_POINT ( 'NONE',  ( -1.599999999999999867, 0.4099999999999997535, -1.250000000000000444 ) ) ;
#2625 = LINE ( 'NONE', #596, #324 ) ;
#2626 = LINE ( 'NONE', #1532, #2600 ) ;
#2627 = SURFACE_SIDE_STYLE ('',( #1718 ) ) ;
#2628 =( NAMED_UNIT ( * ) SI_UNIT ( $, .STERADIAN. ) SOLID_ANGLE_UNIT ( ) );
#2629 = VERTEX_POINT ( 'NONE', #1535 ) ;
#2630 = DIRECTION ( 'NONE',  ( -0.000000000000000000, -0.000000000000000000, -1.000000000000000000 ) ) ;
#2631 = SURFACE_SIDE_STYLE ('',( #540 ) ) ;
#2632 = VERTEX_POINT ( 'NONE', #2163 ) ;
#2633 = ADVANCED_BREP_SHAPE_REPRESENTATION ( 'MCSJK-7U', ( #1581, #567 ), #2317 ) ;
#2634 = CARTESIAN_POINT ( 'NONE',  ( 0.4499999999999998446, 0.000000000000000000, 1.180000000000000826 ) ) ;
#2635 = PRESENTATION_STYLE_ASSIGNMENT (( #1971 ) ) ;
#2636 = ADVANCED_FACE ( 'NONE', ( #2230 ), #202, .F. ) ;
#2637 = ORIENTED_EDGE ( 'NONE', *, *, #2333, .T. ) ;
#2638 = DIRECTION ( 'NONE',  ( 0.000000000000000000, 1.000000000000000000, 0.000000000000000000 ) ) ;
#2639 = PLANE ( 'NONE',  #2743 ) ;
#2640 = LINE ( 'NONE', #2420, #1739 ) ;
#2641 = AXIS2_PLACEMENT_3D ( 'NONE', #1923, #807, #1707 ) ;
#2642 = COLOUR_RGB ( '',0.7529411764705882248, 0.7529411764705882248, 0.7529411764705882248 ) ;
#2643 = CARTESIAN_POINT ( 'NONE',  ( 1.370000000000000329, 0.6999999999999999556, 1.119999999999999662 ) ) ;
#2644 =( NAMED_UNIT ( * ) PLANE_ANGLE_UNIT ( ) SI_UNIT ( $, .RADIAN. ) );
#2645 = CARTESIAN_POINT ( 'NONE',  ( 1.400000000000000355, 0.4099999999999997535, -1.200000000000001066 ) ) ;
#2646 = AXIS2_PLACEMENT_3D ( 'NONE', #168, #595, #391 ) ;
#2647 = COLOUR_RGB ( '',1.000000000000000000, 0.8431372549019607865, 0.000000000000000000 ) ;
#2648 = STYLED_ITEM ( 'NONE', ( #335 ), #1890 ) ;
#2649 = CARTESIAN_POINT ( 'NONE',  ( 1.347968475966025093, 0.000000000000000000, -1.180000000000000604 ) ) ;
#2650 = SURFACE_STYLE_USAGE ( .BOTH. , #834 ) ;
#2651 = VECTOR ( 'NONE', #2907, 1000.000000000000000 ) ;
#2652 = VERTEX_POINT ( 'NONE', #156 ) ;
#2653 =( NAMED_UNIT ( * ) PLANE_ANGLE_UNIT ( ) SI_UNIT ( $, .RADIAN. ) );
#2654 = DIRECTION ( 'NONE',  ( -1.000000000000000000, 0.000000000000000000, 0.000000000000000000 ) ) ;
#2655 = ORIENTED_EDGE ( 'NONE', *, *, #614, .T. ) ;
#2656 = LINE ( 'NONE', #627, #948 ) ;
#2657 = EDGE_CURVE ( 'NONE', #837, #70, #1055, .T. ) ;
#2658 = DIRECTION ( 'NONE',  ( 0.000000000000000000, 0.000000000000000000, -1.000000000000000000 ) ) ;
#2659 = DIRECTION ( 'NONE',  ( 0.000000000000000000, 1.000000000000000000, -0.000000000000000000 ) ) ;
#2660 = FACE_OUTER_BOUND ( 'NONE', #750, .T. ) ;
#2661 = DIRECTION ( 'NONE',  ( 0.000000000000000000, -0.000000000000000000, 1.000000000000000000 ) ) ;
#2662 = LINE ( 'NONE', #1073, #2122 ) ;
#2663 = DIRECTION ( 'NONE',  ( -0.000000000000000000, 1.000000000000000000, -0.000000000000000000 ) ) ;
#2664 = LINE ( 'NONE', #1785, #883 ) ;
#2665 = AXIS2_PLACEMENT_3D ( 'NONE', #1451, #1880, #2350 ) ;
#2666 = VERTEX_POINT ( 'NONE', #1310 ) ;
#2667 = CARTESIAN_POINT ( 'NONE',  ( 1.600000000000000311, 0.6999999999999999556, -1.250000000000000888 ) ) ;
#2668 = ORIENTED_EDGE ( 'NONE', *, *, #2029, .F. ) ;
#2669 = SURFACE_STYLE_USAGE ( .BOTH. , #2180 ) ;
#2670 = DIRECTION ( 'NONE',  ( 0.000000000000000000, -1.000000000000000000, 0.000000000000000000 ) ) ;
#2671 = CARTESIAN_POINT ( 'NONE',  ( -1.399999999999999689, -4.050788100849390894, 1.049999999999999822 ) ) ;
#2672 = ADVANCED_FACE ( 'NONE', ( #184 ), #2894, .F. ) ;
#2673 = ORIENTED_EDGE ( 'NONE', *, *, #495, .T. ) ;
#2674 = DIRECTION ( 'NONE',  ( -0.7880243737245631319, 0.000000000000000000, 0.6156440419723153701 ) ) ;
#2675 = CARTESIAN_POINT ( 'NONE',  ( 1.520000000000000462, 0.5500000000000000444, -1.020000000000000906 ) ) ;
#2676 = PRESENTATION_STYLE_ASSIGNMENT (( #398 ) ) ;
#2677 = ADVANCED_FACE ( 'NONE', ( #1595 ), #2297, .T. ) ;
#2678 = DIRECTION ( 'NONE',  ( 0.000000000000000000, -1.000000000000000000, 0.000000000000000000 ) ) ;
#2679 = DIRECTION ( 'NONE',  ( -0.000000000000000000, 1.000000000000000000, -0.000000000000000000 ) ) ;
#2680 = VECTOR ( 'NONE', #454, 1000.000000000000000 ) ;
#2681 = SURFACE_STYLE_USAGE ( .BOTH. , #1803 ) ;
#2682 = EDGE_LOOP ( 'NONE', ( #1404, #515 ) ) ;
#2683 = PRODUCT_CONTEXT ( 'NONE', #593, 'mechanical' ) ;
#2684 = DIRECTION ( 'NONE',  ( -0.7880243737245635760, 0.000000000000000000, -0.6156440419723148150 ) ) ;
#2685 = UNCERTAINTY_MEASURE_WITH_UNIT (LENGTH_MEASURE( 1.000000000000000082E-05 ), #741, 'distance_accuracy_value', 'NONE');
#2686 = VERTEX_POINT ( 'NONE', #2530 ) ;
#2687 = PRESENTATION_STYLE_ASSIGNMENT (( #878 ) ) ;
#2688 = PRESENTATION_LAYER_ASSIGNMENT (  '', '', ( #1269 ) ) ;
#2689 = VECTOR ( 'NONE', #334, 1000.000000000000000 ) ;
#2690 = ADVANCED_FACE ( 'NONE', ( #506 ), #2038, .F. ) ;
#2691 = CARTESIAN_POINT ( 'NONE',  ( -1.599999999999999645, 0.000000000000000000, 1.387778780781445429E-16 ) ) ;
#2692 = VECTOR ( 'NONE', #2435, 1000.000000000000000 ) ;
#2693 = CIRCLE ( 'NONE', #142, 0.1499999999999999667 ) ;
#2694 = MECHANICAL_DESIGN_GEOMETRIC_PRESENTATION_REPRESENTATION (  '', ( #2459 ), #1616 ) ;
#2695 = CARTESIAN_POINT ( 'NONE',  ( -1.549999999999999822, -4.050788100849390894, 1.049999999999999822 ) ) ;
#2696 = MECHANICAL_DESIGN_GEOMETRIC_PRESENTATION_REPRESENTATION (  '', ( #897 ), #1973 ) ;
#2697 =( GEOMETRIC_REPRESENTATION_CONTEXT ( 3 ) GLOBAL_UNCERTAINTY_ASSIGNED_CONTEXT ( ( #363 ) ) GLOBAL_UNIT_ASSIGNED_CONTEXT ( ( #1126, #727, #899 ) ) REPRESENTATION_CONTEXT ( 'NONE', 'WORKASPACE' ) );
#2698 = EDGE_CURVE ( 'NONE', #2686, #906, #563, .T. ) ;
#2699 = ORIENTED_EDGE ( 'NONE', *, *, #2237, .F. ) ;
#2700 = SURFACE_STYLE_FILL_AREA ( #2911 ) ;
#2701 = ORIENTED_EDGE ( 'NONE', *, *, #2304, .F. ) ;
#2702 = CYLINDRICAL_SURFACE ( 'NONE', #2556, 0.1000000000000000472 ) ;
#2703 =( LENGTH_UNIT ( ) NAMED_UNIT ( * ) SI_UNIT ( .MILLI., .METRE. ) );
#2704 =( NAMED_UNIT ( * ) PLANE_ANGLE_UNIT ( ) SI_UNIT ( $, .RADIAN. ) );
#2705 = LINE ( 'NONE', #1587, #699 ) ;
#2706 = EDGE_CURVE ( 'NONE', #8, #1929, #2242, .T. ) ;
#2707 =( LENGTH_UNIT ( ) NAMED_UNIT ( * ) SI_UNIT ( .MILLI., .METRE. ) );
#2708 = CARTESIAN_POINT ( 'NONE',  ( 0.000000000000000000, 0.6999999999999999556, 0.000000000000000000 ) ) ;
#2709 = VERTEX_POINT ( 'NONE', #708 ) ;
#2710 =( NAMED_UNIT ( * ) SI_UNIT ( $, .STERADIAN. ) SOLID_ANGLE_UNIT ( ) );
#2711 = SURFACE_SIDE_STYLE ('',( #1807 ) ) ;
#2712 = DIRECTION ( 'NONE',  ( -1.000000000000000000, 0.000000000000000000, 0.000000000000000000 ) ) ;
#2713 = UNCERTAINTY_MEASURE_WITH_UNIT (LENGTH_MEASURE( 1.000000000000000082E-05 ), #2527, 'distance_accuracy_value', 'NONE');
#2714 = ORIENTED_EDGE ( 'NONE', *, *, #1431, .F. ) ;
#2715 =( NAMED_UNIT ( * ) SI_UNIT ( $, .STERADIAN. ) SOLID_ANGLE_UNIT ( ) );
#2716 = FILL_AREA_STYLE_COLOUR ( '', #2166 ) ;
#2717 = ORIENTED_EDGE ( 'NONE', *, *, #2252, .F. ) ;
#2718 = CARTESIAN_POINT ( 'NONE',  ( -1.519999999999999796, 0.5500000000000000444, 1.169999999999999707 ) ) ;
#2719 = AXIS2_PLACEMENT_3D ( 'NONE', #1709, #1898, #2150 ) ;
#2720 = AXIS2_PLACEMENT_3D ( 'NONE', #684, #1787, #1099 ) ;
#2721 = SURFACE_STYLE_FILL_AREA ( #2014 ) ;
#2722 = LINE ( 'NONE', #2278, #607 ) ;
#2723 = PRESENTATION_LAYER_ASSIGNMENT (  '', '', ( #413 ) ) ;
#2724 = CIRCLE ( 'NONE', #2006, 0.1000000000000000472 ) ;
#2725 = VERTEX_POINT ( 'NONE', #658 ) ;
#2726 = SURFACE_SIDE_STYLE ('',( #2051 ) ) ;
#2727 = CARTESIAN_POINT ( 'NONE',  ( -1.369999999999999885, 0.5500000000000000444, 1.019999999999999574 ) ) ;
#2728 = EDGE_CURVE ( 'NONE', #732, #770, #2515, .T. ) ;
#2729 = CARTESIAN_POINT ( 'NONE',  ( 1.370000000000000329, 0.5500000000000000444, 1.169999999999999707 ) ) ;
#2730 = ORIENTED_EDGE ( 'NONE', *, *, #2252, .T. ) ;
#2731 = CARTESIAN_POINT ( 'NONE',  ( 0.4499999999999996780, -1.362093976199881373, 0.3500000000000000333 ) ) ;
#2732 = SURFACE_STYLE_FILL_AREA ( #1107 ) ;
#2733 = FACE_OUTER_BOUND ( 'NONE', #1175, .T. ) ;
#2734 = DIRECTION ( 'NONE',  ( 0.000000000000000000, 0.000000000000000000, -1.000000000000000000 ) ) ;
#2735 = SURFACE_STYLE_USAGE ( .BOTH. , #1799 ) ;
#2736 = ORIENTED_EDGE ( 'NONE', *, *, #1482, .T. ) ;
#2737 = MECHANICAL_DESIGN_GEOMETRIC_PRESENTATION_REPRESENTATION (  '', ( #1269 ), #2873 ) ;
#2738 = DIRECTION ( 'NONE',  ( 0.000000000000000000, 0.000000000000000000, 1.000000000000000000 ) ) ;
#2739 = PRESENTATION_LAYER_ASSIGNMENT (  '', '', ( #995 ) ) ;
#2740 = FACE_BOUND ( 'NONE', #2682, .T. ) ;
#2741 = STYLED_ITEM ( 'NONE', ( #1084 ), #1581 ) ;
#2742 =( GEOMETRIC_REPRESENTATION_CONTEXT ( 3 ) GLOBAL_UNCERTAINTY_ASSIGNED_CONTEXT ( ( #909 ) ) GLOBAL_UNIT_ASSIGNED_CONTEXT ( ( #1134, #873, #2483 ) ) REPRESENTATION_CONTEXT ( 'NONE', 'WORKASPACE' ) );
#2743 = AXIS2_PLACEMENT_3D ( 'NONE', #612, #2386, #407 ) ;
#2744 = VERTEX_POINT ( 'NONE', #2918 ) ;
#2745 =( NAMED_UNIT ( * ) SI_UNIT ( $, .STERADIAN. ) SOLID_ANGLE_UNIT ( ) );
#2746 = VECTOR ( 'NONE', #2663, 1000.000000000000000 ) ;
#2747 = EDGE_CURVE ( 'NONE', #295, #2105, #1033, .T. ) ;
#2748 = EDGE_CURVE ( 'NONE', #333, #1640, #1390, .T. ) ;
#2749 = ORIENTED_EDGE ( 'NONE', *, *, #755, .T. ) ;
#2750 = DIRECTION ( 'NONE',  ( -0.000000000000000000, 1.000000000000000000, 0.000000000000000000 ) ) ;
#2751 = AXIS2_PLACEMENT_3D ( 'NONE', #464, #1358, #2257 ) ;
#2752 = CARTESIAN_POINT ( 'NONE',  ( 0.4499999999999999001, 0.01000000000000000021, -1.180000000000000604 ) ) ;
#2753 = DIRECTION ( 'NONE',  ( -1.000000000000000000, -0.000000000000000000, -0.000000000000000000 ) ) ;
#2754 = ORIENTED_EDGE ( 'NONE', *, *, #917, .F. ) ;
#2755 = COLOUR_RGB ( '',1.000000000000000000, 0.8431372549019607865, 0.000000000000000000 ) ;
#2756 = FACE_OUTER_BOUND ( 'NONE', #1259, .T. ) ;
#2757 = DIRECTION ( 'NONE',  ( 0.000000000000000000, 0.000000000000000000, 1.000000000000000000 ) ) ;
#2758 = ORIENTED_EDGE ( 'NONE', *, *, #2706, .T. ) ;
#2759 = DIRECTION ( 'NONE',  ( 0.000000000000000000, 0.000000000000000000, -1.000000000000000000 ) ) ;
#2760 = DIRECTION ( 'NONE',  ( 0.7880243737245635760, -0.000000000000000000, 0.6156440419723148150 ) ) ;
#2761 = VERTEX_POINT ( 'NONE', #2055 ) ;
#2762 = FILL_AREA_STYLE ('',( #2287 ) ) ;
#2763 = ORIENTED_EDGE ( 'NONE', *, *, #1412, .F. ) ;
#2764 = CARTESIAN_POINT ( 'NONE',  ( 0.000000000000000000, 0.000000000000000000, 0.000000000000000000 ) ) ;
#2765 = EDGE_CURVE ( 'NONE', #1221, #1648, #2785, .T. ) ;
#2766 =( NAMED_UNIT ( * ) SI_UNIT ( $, .STERADIAN. ) SOLID_ANGLE_UNIT ( ) );
#2767 = EDGE_LOOP ( 'NONE', ( #2235, #1670, #504, #440 ) ) ;
#2768 =( NAMED_UNIT ( * ) PLANE_ANGLE_UNIT ( ) SI_UNIT ( $, .RADIAN. ) );
#2769 = CARTESIAN_POINT ( 'NONE',  ( -1.599999999999999645, -1.084202172485504434E-16, 1.149999999999999467 ) ) ;
#2770 = ORIENTED_EDGE ( 'NONE', *, *, #2519, .F. ) ;
#2771 = DIRECTION ( 'NONE',  ( -1.000000000000000000, 0.000000000000000000, 0.000000000000000000 ) ) ;
#2772 = DIRECTION ( 'NONE',  ( -0.000000000000000000, 0.000000000000000000, 1.000000000000000000 ) ) ;
#2773 = CARTESIAN_POINT ( 'NONE',  ( -1.530000000000000693, 0.000000000000000000, -1.180000000000000826 ) ) ;
#2774 = STYLED_ITEM ( 'NONE', ( #777 ), #692 ) ;
#2775 = LINE ( 'NONE', #2561, #1975 ) ;
#2776 = ORIENTED_EDGE ( 'NONE', *, *, #1538, .T. ) ;
#2777 = ADVANCED_FACE ( 'NONE', ( #215 ), #2702, .F. ) ;
#2778 = CYLINDRICAL_SURFACE ( 'NONE', #2719, 0.1499999999999999667 ) ;
#2779 = VECTOR ( 'NONE', #1730, 1000.000000000000000 ) ;
#2780 = ORIENTED_EDGE ( 'NONE', *, *, #1901, .T. ) ;
#2781 = VECTOR ( 'NONE', #1726, 1000.000000000000000 ) ;
#2782 = SURFACE_STYLE_USAGE ( .BOTH. , #1450 ) ;
#2783 =( LENGTH_UNIT ( ) NAMED_UNIT ( * ) SI_UNIT ( .MILLI., .METRE. ) );
#2784 = AXIS2_PLACEMENT_3D ( 'NONE', #1754, #1138, #2906 ) ;
#2785 = CIRCLE ( 'NONE', #278, 0.1000000000000001582 ) ;
#2786 = PRESENTATION_LAYER_ASSIGNMENT (  '', '', ( #2648 ) ) ;
#2787 = VERTEX_POINT ( 'NONE', #225 ) ;
#2788 = FILL_AREA_STYLE ('',( #570 ) ) ;
#2789 = STYLED_ITEM ( 'NONE', ( #817 ), #2011 ) ;
#2790 =( GEOMETRIC_REPRESENTATION_CONTEXT ( 3 ) GLOBAL_UNCERTAINTY_ASSIGNED_CONTEXT ( ( #2617 ) ) GLOBAL_UNIT_ASSIGNED_CONTEXT ( ( #1756, #176, #1096 ) ) REPRESENTATION_CONTEXT ( 'NONE', 'WORKASPACE' ) );
#2791 = DIRECTION ( 'NONE',  ( 0.000000000000000000, 0.000000000000000000, 1.000000000000000000 ) ) ;
#2792 = ORIENTED_EDGE ( 'NONE', *, *, #264, .F. ) ;
#2793 = PLANE ( 'NONE',  #2391 ) ;
#2794 = EDGE_CURVE ( 'NONE', #382, #770, #843, .T. ) ;
#2795 = ADVANCED_FACE ( 'NONE', ( #763 ), #2545, .T. ) ;
#2796 = ORIENTED_EDGE ( 'NONE', *, *, #2218, .F. ) ;
#2797 = CARTESIAN_POINT ( 'NONE',  ( -1.347968475966024648, -0.3106344704265987522, 1.180000000000000826 ) ) ;
#2798 = ADVANCED_FACE ( 'NONE', ( #99 ), #307, .F. ) ;
#2799 = ORIENTED_EDGE ( 'NONE', *, *, #1480, .F. ) ;
#2800 = DIRECTION ( 'NONE',  ( -1.000000000000000000, 0.000000000000000000, 0.000000000000000000 ) ) ;
#2801 = DIRECTION ( 'NONE',  ( 0.000000000000000000, -0.000000000000000000, 1.000000000000000000 ) ) ;
#2802 = STYLED_ITEM ( 'NONE', ( #2154 ), #1249 ) ;
#2803 = EDGE_LOOP ( 'NONE', ( #2526, #1208, #2884, #1720 ) ) ;
#2804 = SURFACE_SIDE_STYLE ('',( #2120 ) ) ;
#2805 = CYLINDRICAL_SURFACE ( 'NONE', #932, 0.1000000000000001582 ) ;
#2806 = VERTEX_POINT ( 'NONE', #124 ) ;
#2807 = CARTESIAN_POINT ( 'NONE',  ( 0.000000000000000000, 0.000000000000000000, 0.000000000000000000 ) ) ;
#2808 = FILL_AREA_STYLE ('',( #93 ) ) ;
#2809 = ORIENTED_EDGE ( 'NONE', *, *, #1025, .F. ) ;
#2810 = ADVANCED_FACE ( 'NONE', ( #2585 ), #1563, .T. ) ;
#2811 = SURFACE_SIDE_STYLE ('',( #962 ) ) ;
#2812 = LINE ( 'NONE', #2773, #280 ) ;
#2813 = FILL_AREA_STYLE ('',( #260 ) ) ;
#2814 = DIRECTION ( 'NONE',  ( -1.000000000000000000, 0.000000000000000000, 1.355252715606880543E-16 ) ) ;
#2815 = EDGE_LOOP ( 'NONE', ( #812, #2780, #1763, #1541 ) ) ;
#2816 =( LENGTH_UNIT ( ) NAMED_UNIT ( * ) SI_UNIT ( .MILLI., .METRE. ) );
#2817 = UNCERTAINTY_MEASURE_WITH_UNIT (LENGTH_MEASURE( 1.000000000000000082E-05 ), #474, 'distance_accuracy_value', 'NONE');
#2818 = SURFACE_STYLE_USAGE ( .BOTH. , #2406 ) ;
#2819 = ADVANCED_FACE ( 'NONE', ( #554 ), #2639, .F. ) ;
#2820 = SURFACE_STYLE_FILL_AREA ( #1524 ) ;
#2821 = ORIENTED_EDGE ( 'NONE', *, *, #2187, .F. ) ;
#2822 = DIRECTION ( 'NONE',  ( -0.000000000000000000, -1.000000000000000000, -0.000000000000000000 ) ) ;
#2823 = DIRECTION ( 'NONE',  ( 0.000000000000000000, 0.000000000000000000, -1.000000000000000000 ) ) ;
#2824 = CIRCLE ( 'NONE', #2646, 0.1499999999999999667 ) ;
#2825 = EDGE_LOOP ( 'NONE', ( #2508, #1410, #2306, #2283 ) ) ;
#2826 = DIRECTION ( 'NONE',  ( 1.000000000000000000, 0.000000000000000000, 0.000000000000000000 ) ) ;
#2827 = SURFACE_SIDE_STYLE ('',( #2387 ) ) ;
#2828 = PLANE ( 'NONE',  #559 ) ;
#2829 = AXIS2_PLACEMENT_3D ( 'NONE', #1370, #1406, #2024 ) ;
#2830 = EDGE_CURVE ( 'NONE', #300, #2097, #1085, .T. ) ;
#2831 = EDGE_CURVE ( 'NONE', #389, #1660, #2195, .T. ) ;
#2832 = VECTOR ( 'NONE', #2658, 1000.000000000000000 ) ;
#2833 = FACE_OUTER_BOUND ( 'NONE', #242, .T. ) ;
#2834 = AXIS2_PLACEMENT_3D ( 'NONE', #1312, #2186, #2232 ) ;
#2835 = ORIENTED_EDGE ( 'NONE', *, *, #2494, .T. ) ;
#2836 = CARTESIAN_POINT ( 'NONE',  ( 0.06156440419723210183, -0.3106344704265987522, -0.07880243737245716529 ) ) ;
#2837 = ORIENTED_EDGE ( 'NONE', *, *, #2200, .F. ) ;
#2838 = DIRECTION ( 'NONE',  ( -1.000000000000000000, 0.000000000000000000, -0.000000000000000000 ) ) ;
#2839 = EDGE_LOOP ( 'NONE', ( #501, #2623, #1878, #97 ) ) ;
#2840 = SURFACE_STYLE_FILL_AREA ( #611 ) ;
#2841 = CARTESIAN_POINT ( 'NONE',  ( -1.369999999999999662, 0.6500000000000000222, -1.020000000000000906 ) ) ;
#2842 = CARTESIAN_POINT ( 'NONE',  ( -1.437568475966024106, -0.3106344704265987522, -1.250000000000000444 ) ) ;
#2843 = FILL_AREA_STYLE ('',( #1933 ) ) ;
#2844 = DIRECTION ( 'NONE',  ( 0.000000000000000000, 0.000000000000000000, -1.000000000000000000 ) ) ;
#2845 = ORIENTED_EDGE ( 'NONE', *, *, #1942, .F. ) ;
#2846 = PRESENTATION_LAYER_ASSIGNMENT (  '', '', ( #1624 ) ) ;
#2847 = FILL_AREA_STYLE_COLOUR ( '', #844 ) ;
#2848 =( LENGTH_UNIT ( ) NAMED_UNIT ( * ) SI_UNIT ( .MILLI., .METRE. ) );
#2849 = UNCERTAINTY_MEASURE_WITH_UNIT (LENGTH_MEASURE( 1.000000000000000082E-05 ), #982, 'distance_accuracy_value', 'NONE');
#2850 = FILL_AREA_STYLE_COLOUR ( '', #1506 ) ;
#2851 = LINE ( 'NONE', #1999, #1043 ) ;
#2852 = EDGE_CURVE ( 'NONE', #1211, #2859, #798, .T. ) ;
#2853 = ORIENTED_EDGE ( 'NONE', *, *, #920, .T. ) ;
#2854 = CARTESIAN_POINT ( 'NONE',  ( -1.369999999999999885, 0.6500000000000000222, 1.019999999999999574 ) ) ;
#2855 = DIRECTION ( 'NONE',  ( -1.000000000000000000, 0.000000000000000000, 9.143873743853642848E-16 ) ) ;
#2856 = ORIENTED_EDGE ( 'NONE', *, *, #856, .T. ) ;
#2857 = PRESENTATION_STYLE_ASSIGNMENT (( #408 ) ) ;
#2858 = SURFACE_STYLE_USAGE ( .BOTH. , #49 ) ;
#2859 = VERTEX_POINT ( 'NONE', #2446 ) ;
#2860 = DIRECTION ( 'NONE',  ( 1.000000000000000000, 0.000000000000000000, 0.000000000000000000 ) ) ;
#2861 = DIRECTION ( 'NONE',  ( -0.000000000000000000, 0.000000000000000000, 1.000000000000000000 ) ) ;
#2862 =( GEOMETRIC_REPRESENTATION_CONTEXT ( 3 ) GLOBAL_UNCERTAINTY_ASSIGNED_CONTEXT ( ( #1156 ) ) GLOBAL_UNIT_ASSIGNED_CONTEXT ( ( #1219, #730, #2766 ) ) REPRESENTATION_CONTEXT ( 'NONE', 'WORKASPACE' ) );
#2863 = FACE_OUTER_BOUND ( 'NONE', #2558, .T. ) ;
#2864 = FILL_AREA_STYLE_COLOUR ( '', #1445 ) ;
#2865 = EDGE_CURVE ( 'NONE', #583, #2859, #2158, .T. ) ;
#2866 = EDGE_CURVE ( 'NONE', #333, #670, #1323, .T. ) ;
#2867 = VERTEX_POINT ( 'NONE', #154 ) ;
#2868 = DIRECTION ( 'NONE',  ( 0.000000000000000000, 0.000000000000000000, -1.000000000000000000 ) ) ;
#2869 = ORIENTED_EDGE ( 'NONE', *, *, #1143, .T. ) ;
#2870 = LINE ( 'NONE', #857, #2355 ) ;
#2871 = CARTESIAN_POINT ( 'NONE',  ( 0.4499999999999998446, 0.01000000000000000021, 1.180000000000000826 ) ) ;
#2872 =( LENGTH_UNIT ( ) NAMED_UNIT ( * ) SI_UNIT ( .MILLI., .METRE. ) );
#2873 =( GEOMETRIC_REPRESENTATION_CONTEXT ( 3 ) GLOBAL_UNCERTAINTY_ASSIGNED_CONTEXT ( ( #2878 ) ) GLOBAL_UNIT_ASSIGNED_CONTEXT ( ( #1444, #2325, #1434 ) ) REPRESENTATION_CONTEXT ( 'NONE', 'WORKASPACE' ) );
#2874 = CIRCLE ( 'NONE', #608, 0.04999999999999991257 ) ;
#2875 =( LENGTH_UNIT ( ) NAMED_UNIT ( * ) SI_UNIT ( .MILLI., .METRE. ) );
#2876 = CARTESIAN_POINT ( 'NONE',  ( -1.369999999999999662, 0.6500000000000000222, -1.170000000000000817 ) ) ;
#2877 =( GEOMETRIC_REPRESENTATION_CONTEXT ( 3 ) GLOBAL_UNCERTAINTY_ASSIGNED_CONTEXT ( ( #1521 ) ) GLOBAL_UNIT_ASSIGNED_CONTEXT ( ( #2816, #1029, #2323 ) ) REPRESENTATION_CONTEXT ( 'NONE', 'WORKASPACE' ) );
#2878 = UNCERTAINTY_MEASURE_WITH_UNIT (LENGTH_MEASURE( 1.000000000000000082E-05 ), #1444, 'distance_accuracy_value', 'NONE');
#2879 = AXIS2_PLACEMENT_3D ( 'NONE', #677, #2499, #25 ) ;
#2880 = STYLED_ITEM ( 'NONE', ( #1226 ), #1874 ) ;
#2881 = FILL_AREA_STYLE ('',( #1523 ) ) ;
#2882 = DIRECTION ( 'NONE',  ( -8.673617379884035472E-17, 0.000000000000000000, -1.000000000000000000 ) ) ;
#2883 = PRESENTATION_LAYER_ASSIGNMENT (  '', '', ( #761 ) ) ;
#2884 = ORIENTED_EDGE ( 'NONE', *, *, #1834, .F. ) ;
#2885 = LINE ( 'NONE', #592, #485 ) ;
#2886 = EDGE_CURVE ( 'NONE', #790, #2629, #1916, .T. ) ;
#2887 = DIRECTION ( 'NONE',  ( -0.7880243737245635760, 0.000000000000000000, -0.6156440419723148150 ) ) ;
#2888 = ORIENTED_EDGE ( 'NONE', *, *, #1687, .T. ) ;
#2889 = CARTESIAN_POINT ( 'NONE',  ( 1.600000000000000311, -1.084202172485504434E-16, -1.150000000000000799 ) ) ;
#2890 = CARTESIAN_POINT ( 'NONE',  ( 1.600000000000000311, 0.000000000000000000, -1.250000000000000888 ) ) ;
#2891 = EDGE_CURVE ( 'NONE', #624, #1667, #827, .T. ) ;
#2892 = DIRECTION ( 'NONE',  ( 0.6156440419723148150, 0.000000000000000000, -0.7880243737245635760 ) ) ;
#2893 = UNCERTAINTY_MEASURE_WITH_UNIT (LENGTH_MEASURE( 1.000000000000000082E-05 ), #1562, 'distance_accuracy_value', 'NONE');
#2894 = PLANE ( 'NONE',  #2829 ) ;
#2895 = ORIENTED_EDGE ( 'NONE', *, *, #1972, .F. ) ;
#2896 = AXIS2_PLACEMENT_3D ( 'NONE', #1980, #2892, #2388 ) ;
#2897 = LINE ( 'NONE', #2233, #2746 ) ;
#2898 = DIRECTION ( 'NONE',  ( 0.000000000000000000, 1.000000000000000000, 0.000000000000000000 ) ) ;
#2899 = ORIENTED_EDGE ( 'NONE', *, *, #331, .T. ) ;
#2900 =( NAMED_UNIT ( * ) SI_UNIT ( $, .STERADIAN. ) SOLID_ANGLE_UNIT ( ) );
#2901 =( NAMED_UNIT ( * ) SI_UNIT ( $, .STERADIAN. ) SOLID_ANGLE_UNIT ( ) );
#2902 = DIRECTION ( 'NONE',  ( -1.000000000000000000, 0.000000000000000000, 0.000000000000000000 ) ) ;
#2903 = EDGE_CURVE ( 'NONE', #2709, #2102, #139, .T. ) ;
#2904 = VERTEX_POINT ( 'NONE', #1040 ) ;
#2905 = SURFACE_STYLE_FILL_AREA ( #1519 ) ;
#2906 = DIRECTION ( 'NONE',  ( -1.000000000000000000, 0.000000000000000000, -0.000000000000000000 ) ) ;
#2907 = DIRECTION ( 'NONE',  ( -0.000000000000000000, 1.000000000000000000, -0.000000000000000000 ) ) ;
#2908 = LINE ( 'NONE', #2691, #1643 ) ;
#2909 = PRESENTATION_STYLE_ASSIGNMENT (( #439 ) ) ;
#2910 = VERTEX_POINT ( 'NONE', #1931 ) ;
#2911 = FILL_AREA_STYLE ('',( #2003 ) ) ;
#2912 = SURFACE_STYLE_USAGE ( .BOTH. , #2711 ) ;
#2913 = CYLINDRICAL_SURFACE ( 'NONE', #1897, 0.1000000000000000472 ) ;
#2914 = MECHANICAL_DESIGN_GEOMETRIC_PRESENTATION_REPRESENTATION (  '', ( #1127 ), #601 ) ;
#2915 = UNCERTAINTY_MEASURE_WITH_UNIT (LENGTH_MEASURE( 1.000000000000000082E-05 ), #2707, 'distance_accuracy_value', 'NONE');
#2916 = ORIENTED_EDGE ( 'NONE', *, *, #1059, .F. ) ;
#2917 = UNCERTAINTY_MEASURE_WITH_UNIT (LENGTH_MEASURE( 1.000000000000000082E-05 ), #2183, 'distance_accuracy_value', 'NONE');
#2918 = CARTESIAN_POINT ( 'NONE',  ( 1.530000000000000249, 0.01000000000000000021, -0.3499999999999999778 ) ) ;
#2919 = PLANE ( 'NONE',  #1089 ) ;
#2920 = DIRECTION ( 'NONE',  ( -0.000000000000000000, 1.000000000000000000, -0.000000000000000000 ) ) ;
#2921 = COLOUR_RGB ( '',1.000000000000000000, 0.8431372549019607865, 0.000000000000000000 ) ;
#2922 = EDGE_CURVE ( 'NONE', #60, #12, #1377, .T. ) ;
#2923 = EDGE_CURVE ( 'NONE', #472, #117, #2625, .T. ) ;
#2924 = STYLED_ITEM ( 'NONE', ( #1386 ), #1724 ) ;
#2925 = DIRECTION ( 'NONE',  ( -0.7880243737245635760, 0.000000000000000000, -0.6156440419723148150 ) ) ;
#2926 = STYLED_ITEM ( 'NONE', ( #2597 ), #2795 ) ;
#2927 = CIRCLE ( 'NONE', #2557, 0.1499999999999999667 ) ;
ENDSEC;
END-ISO-10303-21;
