ISO-10303-21;
HEADER;
FILE_DESCRIPTION (( 'STEP AP214' ),
    '1' );
FILE_NAME ('OS102011MS2QN1.STEP',
    '2023-01-05T22:11:29',
    ( '' ),
    ( '' ),
    'SwSTEP 2.0',
    'SolidWorks 2020',
    '' );
FILE_SCHEMA (( 'AUTOMOTIVE_DESIGN' ));
ENDSEC;

DATA;
#1 = VERTEX_POINT ( 'NONE', #5113 ) ;
#2 = DIRECTION ( 'NONE',  ( 0.000000000000000000, 1.000000000000000000, 0.000000000000000000 ) ) ;
#3 = EDGE_CURVE ( 'NONE', #3541, #1578, #3031, .T. ) ;
#4 = CARTESIAN_POINT ( 'NONE',  ( 0.004300000000000580268, -0.005725969598507800636, -0.0005963953452224180331 ) ) ;
#5 = CARTESIAN_POINT ( 'NONE',  ( 0.004300000000000580268, -0.002228147234490370030, -0.001183882132549520004 ) ) ;
#6 = EDGE_LOOP ( 'NONE', ( #4890, #3942, #4832, #6001 ) ) ;
#7 = EDGE_CURVE ( 'NONE', #6408, #1999, #3571, .T. ) ;
#8 = EDGE_CURVE ( 'NONE', #3995, #6471, #3067, .T. ) ;
#9 = ORIENTED_EDGE ( 'NONE', *, *, #1009, .T. ) ;
#10 = DIRECTION ( 'NONE',  ( -1.000000000000000000, 0.000000000000000000, 0.000000000000000000 ) ) ;
#11 = EDGE_LOOP ( 'NONE', ( #3574, #3565, #1853, #3406, #847, #4164, #6212, #4059, #4091, #5444, #5882 ) ) ;
#12 = DIRECTION ( 'NONE',  ( 0.000000000000000000, 0.000000000000000000, -1.000000000000000000 ) ) ;
#13 = ORIENTED_EDGE ( 'NONE', *, *, #3803, .F. ) ;
#14 = LINE ( 'NONE', #4067, #3338 ) ;
#15 = STYLED_ITEM ( 'NONE', ( #6286 ), #2488 ) ;
#16 = LINE ( 'NONE', #1104, #1997 ) ;
#17 = CARTESIAN_POINT ( 'NONE',  ( 0.004300000000000580268, -0.0003999999999999240166, -0.002150000000000039900 ) ) ;
#18 = ORIENTED_EDGE ( 'NONE', *, *, #1244, .T. ) ;
#19 = CYLINDRICAL_SURFACE ( 'NONE', #4317, 0.0003047999999999998736 ) ;
#20 = EDGE_LOOP ( 'NONE', ( #325, #3963, #5923, #4733 ) ) ;
#21 = DIRECTION ( 'NONE',  ( -1.000000000000000000, 0.000000000000000000, 0.000000000000000000 ) ) ;
#22 = VERTEX_POINT ( 'NONE', #6550 ) ;
#23 = DIRECTION ( 'NONE',  ( 0.000000000000000000, -1.000000000000000000, 0.000000000000000000 ) ) ;
#24 = AXIS2_PLACEMENT_3D ( 'NONE', #4619, #4145, #3646 ) ;
#25 = CARTESIAN_POINT ( 'NONE',  ( -0.002890000000001140355, -0.002779999999999039750, 0.001750000000000109975 ) ) ;
#26 = CARTESIAN_POINT ( 'NONE',  ( -0.002890000000001140355, -0.003600000000000839941, -0.001649999999999999991 ) ) ;
#27 = LINE ( 'NONE', #2051, #4193 ) ;
#28 = ORIENTED_EDGE ( 'NONE', *, *, #5639, .T. ) ;
#29 = VECTOR ( 'NONE', #2050, 1.000000000000000000 ) ;
#30 = DIRECTION ( 'NONE',  ( 0.000000000000000000, -1.000000000000000000, 0.000000000000000000 ) ) ;
#31 = EDGE_CURVE ( 'NONE', #2815, #982, #6584, .T. ) ;
#32 = EDGE_CURVE ( 'NONE', #3055, #112, #3129, .T. ) ;
#33 = ORIENTED_EDGE ( 'NONE', *, *, #3563, .T. ) ;
#34 = VECTOR ( 'NONE', #4460, 1.000000000000000000 ) ;
#35 = CARTESIAN_POINT ( 'NONE',  ( 0.004300000000000580268, -0.002794153523873799984, 0.001015730190334390021 ) ) ;
#36 = EDGE_CURVE ( 'NONE', #5532, #5948, #1844, .T. ) ;
#37 = FACE_OUTER_BOUND ( 'NONE', #2506, .T. ) ;
#38 = CARTESIAN_POINT ( 'NONE',  ( 0.003842800000000579780, -5.720000000000000122E-05, 0.001425999999999880054 ) ) ;
#39 = VERTEX_POINT ( 'NONE', #6187 ) ;
#40 = DIRECTION ( 'NONE',  ( 1.000000000000000000, 0.000000000000000000, 0.000000000000000000 ) ) ;
#41 = VECTOR ( 'NONE', #6076, 1.000000000000000000 ) ;
#42 = EDGE_LOOP ( 'NONE', ( #4240, #4967, #4140, #2659, #2643, #3937, #3433, #5298, #1774, #2192 ) ) ;
#43 = DIRECTION ( 'NONE',  ( 0.000000000000000000, 0.000000000000000000, 1.000000000000000000 ) ) ;
#44 = EDGE_CURVE ( 'NONE', #2413, #4935, #5645, .T. ) ;
#45 = CARTESIAN_POINT ( 'NONE',  ( 0.004300000000000579400, -0.002794153523872396159, 0.001015730190334500826 ) ) ;
#46 = EDGE_LOOP ( 'NONE', ( #4224, #5242, #1839, #5462 ) ) ;
#47 = DIRECTION ( 'NONE',  ( 1.000000000000000000, 0.000000000000000000, 0.000000000000000000 ) ) ;
#48 = LINE ( 'NONE', #1610, #5950 ) ;
#49 = LINE ( 'NONE', #2105, #2989 ) ;
#50 = CARTESIAN_POINT ( 'NONE',  ( 0.004250000000000780064, -0.002794153523873799984, 0.001015730190334390021 ) ) ;
#51 = VERTEX_POINT ( 'NONE', #6085 ) ;
#52 = DIRECTION ( 'NONE',  ( -1.000000000000000000, 0.000000000000000000, 0.000000000000000000 ) ) ;
#53 = EDGE_CURVE ( 'NONE', #5596, #1606, #1006, .T. ) ;
#54 = CARTESIAN_POINT ( 'NONE',  ( 0.003899999999999639866, -0.0003999999999999240166, -0.002150000000000039900 ) ) ;
#55 = VECTOR ( 'NONE', #3432, 1.000000000000000000 ) ;
#56 = VERTEX_POINT ( 'NONE', #1073 ) ;
#57 = FACE_OUTER_BOUND ( 'NONE', #4500, .T. ) ;
#58 = PRESENTATION_LAYER_ASSIGNMENT (  '', '', ( #1259 ) ) ;
#59 = VECTOR ( 'NONE', #4100, 1.000000000000000000 ) ;
#60 = CARTESIAN_POINT ( 'NONE',  ( 0.003899999999999639866, -0.005725969598507800636, -0.0005963953452224180331 ) ) ;
#61 = ORIENTED_EDGE ( 'NONE', *, *, #6602, .F. ) ;
#62 = CARTESIAN_POINT ( 'NONE',  ( 0.001500000000000099995, 0.004400000000000180676, -0.001000000000000060086 ) ) ;
#63 = DIRECTION ( 'NONE',  ( 1.000000000000000000, 0.000000000000000000, 0.000000000000000000 ) ) ;
#64 = VECTOR ( 'NONE', #4130, 1.000000000000000000 ) ;
#65 = VECTOR ( 'NONE', #1771, 1.000000000000000000 ) ;
#66 = CARTESIAN_POINT ( 'NONE',  ( 0.004250000000000780931, -0.002906454367031379837, 0.0005523941935589079394 ) ) ;
#67 = CIRCLE ( 'NONE', #3171, 5.000000000000316691E-05 ) ;
#68 = VERTEX_POINT ( 'NONE', #2543 ) ;
#69 = ORIENTED_EDGE ( 'NONE', *, *, #4494, .F. ) ;
#70 = CARTESIAN_POINT ( 'NONE',  ( 0.004250000000000780064, -0.001622198150964750075, 0.001187866395155020129 ) ) ;
#71 = DIRECTION ( 'NONE',  ( -0.000000000000000000, 0.1913991053258010389, 0.9815122935962050654 ) ) ;
#72 = CARTESIAN_POINT ( 'NONE',  ( 0.004250000000000780064, -0.002294594378625980022, 0.0001316430024743868790 ) ) ;
#73 = EDGE_CURVE ( 'NONE', #5532, #2191, #6152, .T. ) ;
#74 = EDGE_LOOP ( 'NONE', ( #354, #1683, #1876, #3625 ) ) ;
#75 = VECTOR ( 'NONE', #1985, 1.000000000000000000 ) ;
#76 = PRESENTATION_STYLE_ASSIGNMENT (( #6575 ) ) ;
#77 = VERTEX_POINT ( 'NONE', #4571 ) ;
#78 = VERTEX_POINT ( 'NONE', #5145 ) ;
#79 = LINE ( 'NONE', #1476, #1359 ) ;
#80 = ORIENTED_EDGE ( 'NONE', *, *, #4077, .F. ) ;
#81 = LINE ( 'NONE', #2137, #936 ) ;
#82 = ADVANCED_FACE ( 'NONE', ( #1547 ), #6618, .F. ) ;
#83 = ORIENTED_EDGE ( 'NONE', *, *, #4087, .T. ) ;
#84 = CARTESIAN_POINT ( 'NONE',  ( -0.003042800000001239912, -0.004049999999999039611, 0.001211539816339700024 ) ) ;
#85 = CARTESIAN_POINT ( 'NONE',  ( 0.004300000000000580268, -0.001782126174542660035, 0.0009100736087462719904 ) ) ;
#86 = EDGE_CURVE ( 'NONE', #1168, #2974, #1150, .T. ) ;
#87 = PRESENTATION_LAYER_ASSIGNMENT (  '', '', ( #2976 ) ) ;
#88 = DIRECTION ( 'NONE',  ( 0.000000000000000000, 0.000000000000000000, 1.000000000000000000 ) ) ;
#89 = ORIENTED_EDGE ( 'NONE', *, *, #3851, .T. ) ;
#90 = DIRECTION ( 'NONE',  ( 0.000000000000000000, 0.4583748316344208873, -0.8887589739204416750 ) ) ;
#91 = CARTESIAN_POINT ( 'NONE',  ( -0.003899999999999639866, -5.720000000000000122E-05, -0.001425999999999880054 ) ) ;
#92 = ORIENTED_EDGE ( 'NONE', *, *, #1043, .F. ) ;
#93 = EDGE_CURVE ( 'NONE', #4310, #68, #16, .T. ) ;
#94 = VECTOR ( 'NONE', #4533, 1.000000000000000000 ) ;
#95 = ORIENTED_EDGE ( 'NONE', *, *, #3233, .F. ) ;
#96 = DIRECTION ( 'NONE',  ( 0.000000000000000000, -1.000000000000000000, 0.000000000000000000 ) ) ;
#97 = EDGE_CURVE ( 'NONE', #3330, #3249, #2069, .T. ) ;
#98 = LINE ( 'NONE', #1526, #216 ) ;
#99 = AXIS2_PLACEMENT_3D ( 'NONE', #6629, #6199, #1624 ) ;
#100 = ORIENTED_EDGE ( 'NONE', *, *, #3158, .F. ) ;
#101 = FACE_OUTER_BOUND ( 'NONE', #638, .T. ) ;
#102 = CARTESIAN_POINT ( 'NONE',  ( 0.004250000000000779196, -0.003049663416152413077, 0.0001308840876105605460 ) ) ;
#103 = VECTOR ( 'NONE', #6189, 1.000000000000000000 ) ;
#104 = CARTESIAN_POINT ( 'NONE',  ( 0.004300000000000580268, -0.001981049641213599929, 0.0003428127497066320176 ) ) ;
#105 = VERTEX_POINT ( 'NONE', #4639 ) ;
#106 = CARTESIAN_POINT ( 'NONE',  ( 0.003842800000000579780, 0.000000000000000000, -0.001750000000000109975 ) ) ;
#107 = CARTESIAN_POINT ( 'NONE',  ( 0.004250000000000780064, -0.002488145644810009841, 0.001499816300958300118 ) ) ;
#108 = LINE ( 'NONE', #178, #2508 ) ;
#109 = DIRECTION ( 'NONE',  ( -1.000000000000000000, 0.000000000000000000, 0.000000000000000000 ) ) ;
#110 = FACE_OUTER_BOUND ( 'NONE', #269, .T. ) ;
#111 = EDGE_CURVE ( 'NONE', #5991, #4228, #48, .T. ) ;
#112 = VERTEX_POINT ( 'NONE', #4132 ) ;
#113 = DIRECTION ( 'NONE',  ( -1.000000000000000000, 0.000000000000000000, 0.000000000000000000 ) ) ;
#114 = DIRECTION ( 'NONE',  ( 0.000000000000000000, -1.000000000000000000, 0.000000000000000000 ) ) ;
#115 = ORIENTED_EDGE ( 'NONE', *, *, #5654, .T. ) ;
#116 = PRESENTATION_STYLE_ASSIGNMENT (( #2205 ) ) ;
#117 = DIRECTION ( 'NONE',  ( -0.7071067811865475727, 0.7071067811865475727, 0.000000000000000000 ) ) ;
#118 = CARTESIAN_POINT ( 'NONE',  ( 0.001320000000000050083, -0.001000000000000060086, 0.002150000000000039900 ) ) ;
#119 = EDGE_CURVE ( 'NONE', #5583, #3968, #2477, .T. ) ;
#120 = ADVANCED_FACE ( 'NONE', ( #1482 ), #3298, .F. ) ;
#121 = DIRECTION ( 'NONE',  ( 0.000000000000000000, 0.000000000000000000, -1.000000000000000000 ) ) ;
#122 = ORIENTED_EDGE ( 'NONE', *, *, #542, .T. ) ;
#123 = SURFACE_STYLE_FILL_AREA ( #742 ) ;
#124 = CARTESIAN_POINT ( 'NONE',  ( -0.004300000000000580268, -0.004300000000000580268, 0.0004590108938549639886 ) ) ;
#125 = EDGE_CURVE ( 'NONE', #1355, #1850, #2172, .T. ) ;
#126 = ORIENTED_EDGE ( 'NONE', *, *, #3474, .T. ) ;
#127 = ORIENTED_EDGE ( 'NONE', *, *, #1669, .F. ) ;
#128 = CARTESIAN_POINT ( 'NONE',  ( 0.004300000000000580268, -0.0003999999999999240166, 0.001425999999999880054 ) ) ;
#129 =( NAMED_UNIT ( * ) PLANE_ANGLE_UNIT ( ) SI_UNIT ( $, .RADIAN. ) );
#130 = EDGE_CURVE ( 'NONE', #431, #5648, #662, .T. ) ;
#131 = DIRECTION ( 'NONE',  ( 0.000000000000000000, -0.9952694819190712749, 0.09715275786380722645 ) ) ;
#132 = CARTESIAN_POINT ( 'NONE',  ( 0.004250000000000779196, -0.003073877937190278541, 0.0003125605683554007501 ) ) ;
#133 = DIRECTION ( 'NONE',  ( -1.000000000000000000, 0.000000000000000000, 0.000000000000000000 ) ) ;
#134 = ORIENTED_EDGE ( 'NONE', *, *, #6551, .T. ) ;
#135 = ORIENTED_EDGE ( 'NONE', *, *, #3670, .F. ) ;
#136 = DIRECTION ( 'NONE',  ( 1.000000000000000000, 0.000000000000000000, 0.000000000000000000 ) ) ;
#137 = CARTESIAN_POINT ( 'NONE',  ( 0.004250000000000780064, -0.001829093387115789896, 0.001334308278259739881 ) ) ;
#138 = AXIS2_PLACEMENT_3D ( 'NONE', #5385, #2846, #4883 ) ;
#139 = LINE ( 'NONE', #915, #3136 ) ;
#140 = DIRECTION ( 'NONE',  ( 0.000000000000000000, 0.000000000000000000, 1.000000000000000000 ) ) ;
#141 = PRODUCT_DEFINITION_SHAPE ( 'NONE', 'NONE',  #1732 ) ;
#142 = FACE_OUTER_BOUND ( 'NONE', #2693, .T. ) ;
#143 = B_SPLINE_CURVE_WITH_KNOTS ( 'NONE', 3,
 ( #4363, #6415, #6569, #1803 ),
 .UNSPECIFIED., .F., .F.,
 ( 4, 4 ),
 ( 0.000000000000000000, 1.000000000000000000 ),
 .UNSPECIFIED. ) ;
#144 = VECTOR ( 'NONE', #553, 1.000000000000000000 ) ;
#145 = ORIENTED_EDGE ( 'NONE', *, *, #2792, .T. ) ;
#146 = VERTEX_POINT ( 'NONE', #2706 ) ;
#147 = ORIENTED_EDGE ( 'NONE', *, *, #4510, .T. ) ;
#148 = FACE_OUTER_BOUND ( 'NONE', #4275, .T. ) ;
#149 = ORIENTED_EDGE ( 'NONE', *, *, #6464, .T. ) ;
#150 = CARTESIAN_POINT ( 'NONE',  ( 0.002890000000001140355, -0.003600000000000839941, -0.001649999999999999991 ) ) ;
#151 = EDGE_LOOP ( 'NONE', ( #1994, #6548, #5891, #5117 ) ) ;
#152 = SURFACE_SIDE_STYLE ('',( #1609 ) ) ;
#153 = VECTOR ( 'NONE', #6311, 1.000000000000000000 ) ;
#154 = CARTESIAN_POINT ( 'NONE',  ( 0.001320000000000050083, -0.002200000000000090338, 0.001750000000000109975 ) ) ;
#155 = LINE ( 'NONE', #4841, #5130 ) ;
#156 = EDGE_LOOP ( 'NONE', ( #2932, #3904, #3771, #6075 ) ) ;
#157 = LINE ( 'NONE', #4709, #2023 ) ;
#158 = ORIENTED_EDGE ( 'NONE', *, *, #3724, .F. ) ;
#159 = DIRECTION ( 'NONE',  ( 0.000000000000000000, 0.000000000000000000, -1.000000000000000000 ) ) ;
#160 = CARTESIAN_POINT ( 'NONE',  ( 0.004300000000000580268, -0.001563078422692379876, -0.0005258775166104020333 ) ) ;
#161 = ORIENTED_EDGE ( 'NONE', *, *, #827, .T. ) ;
#162 = ORIENTED_EDGE ( 'NONE', *, *, #6564, .F. ) ;
#163 = EDGE_CURVE ( 'NONE', #4436, #4471, #6069, .T. ) ;
#164 = DIRECTION ( 'NONE',  ( -0.000000000000000000, 1.000000000000000000, 0.000000000000000000 ) ) ;
#165 = EDGE_CURVE ( 'NONE', #6422, #51, #1675, .T. ) ;
#166 = VECTOR ( 'NONE', #933, 1.000000000000000000 ) ;
#167 = CARTESIAN_POINT ( 'NONE',  ( 0.003842800000000579780, -0.003650000000000640146, -0.001211539816339700024 ) ) ;
#168 = CARTESIAN_POINT ( 'NONE',  ( 0.004300000000000580268, -0.004300000000000580268, 0.0004572000000000000001 ) ) ;
#169 = DIRECTION ( 'NONE',  ( 0.000000000000000000, 0.000000000000000000, 1.000000000000000000 ) ) ;
#170 = VECTOR ( 'NONE', #2090, 1.000000000000000000 ) ;
#171 = DIRECTION ( 'NONE',  ( 1.000000000000000000, 0.000000000000000000, 0.000000000000000000 ) ) ;
#172 = ORIENTED_EDGE ( 'NONE', *, *, #5695, .T. ) ;
#173 = EDGE_CURVE ( 'NONE', #6295, #4148, #3702, .T. ) ;
#174 = EDGE_LOOP ( 'NONE', ( #4882, #1409, #3293, #4293 ) ) ;
#175 = CARTESIAN_POINT ( 'NONE',  ( -0.003842800000000579780, -5.720000000000000122E-05, -0.001425999999999880054 ) ) ;
#176 = VECTOR ( 'NONE', #2045, 1.000000000000000000 ) ;
#177 = DIRECTION ( 'NONE',  ( -1.000000000000000000, 0.000000000000000000, 0.000000000000000000 ) ) ;
#178 = CARTESIAN_POINT ( 'NONE',  ( 0.004300000000000580268, -0.002710153523873120099, 0.0005091028540289840257 ) ) ;
#179 = CARTESIAN_POINT ( 'NONE',  ( 0.004250000000000779196, -0.002395886844931880821, 0.0003710368053616547963 ) ) ;
#180 = EDGE_CURVE ( 'NONE', #2248, #5873, #3768, .T. ) ;
#181 = AXIS2_PLACEMENT_3D ( 'NONE', #3458, #923, #892 ) ;
#182 = DIRECTION ( 'NONE',  ( 1.000000000000000000, 0.000000000000000000, 0.000000000000000000 ) ) ;
#183 = ADVANCED_FACE ( 'NONE', ( #4805 ), #5747, .F. ) ;
#184 = VECTOR ( 'NONE', #3865, 1.000000000000000000 ) ;
#185 = VERTEX_POINT ( 'NONE', #1710 ) ;
#186 = ORIENTED_EDGE ( 'NONE', *, *, #3109, .T. ) ;
#187 = CARTESIAN_POINT ( 'NONE',  ( 0.003842800000000579780, -0.003600000000000839941, -0.001700000000000059970 ) ) ;
#188 = DIRECTION ( 'NONE',  ( 1.000000000000000000, 0.000000000000000000, 0.000000000000000000 ) ) ;
#189 = LINE ( 'NONE', #1767, #1877 ) ;
#190 = VERTEX_POINT ( 'NONE', #4738 ) ;
#191 = FILL_AREA_STYLE_COLOUR ( '', #3760 ) ;
#192 = CARTESIAN_POINT ( 'NONE',  ( 0.001000000000000060086, 0.003899999999999639866, -0.001000000000000060086 ) ) ;
#193 = CARTESIAN_POINT ( 'NONE',  ( -0.0006999999999999999929, -0.001000000000000060086, 0.001750000000000109975 ) ) ;
#194 = PLANE ( 'NONE',  #5196 ) ;
#195 = SURFACE_SIDE_STYLE ('',( #5281 ) ) ;
#196 = VERTEX_POINT ( 'NONE', #4299 ) ;
#197 = FACE_OUTER_BOUND ( 'NONE', #6518, .T. ) ;
#198 = CARTESIAN_POINT ( 'NONE',  ( -0.004300000000000580268, -0.004300000000000580268, -0.002150000000000039900 ) ) ;
#199 = VERTEX_POINT ( 'NONE', #3737 ) ;
#200 = ORIENTED_EDGE ( 'NONE', *, *, #1852, .F. ) ;
#201 = DIRECTION ( 'NONE',  ( 0.000000000000000000, -1.000000000000000000, 0.000000000000000000 ) ) ;
#202 = ORIENTED_EDGE ( 'NONE', *, *, #3332, .F. ) ;
#203 = CARTESIAN_POINT ( 'NONE',  ( 0.001500000000000099995, 0.004400000000000180676, -0.001000000000000060086 ) ) ;
#204 = EDGE_CURVE ( 'NONE', #3159, #1061, #2140, .T. ) ;
#205 = VECTOR ( 'NONE', #3994, 1.000000000000000000 ) ;
#206 = ORIENTED_EDGE ( 'NONE', *, *, #4376, .T. ) ;
#207 = LINE ( 'NONE', #4856, #4678 ) ;
#208 = VECTOR ( 'NONE', #1966, 1.000000000000000000 ) ;
#209 = B_SPLINE_CURVE_WITH_KNOTS ( 'NONE', 3,
 ( #6332, #3750, #5889, #2721 ),
 .UNSPECIFIED., .F., .F.,
 ( 4, 4 ),
 ( 0.000000000000000000, 1.000000000000000000 ),
 .UNSPECIFIED. ) ;
#210 = ORIENTED_EDGE ( 'NONE', *, *, #1825, .F. ) ;
#211 = DIRECTION ( 'NONE',  ( 0.000000000000000000, 0.000000000000000000, -1.000000000000000000 ) ) ;
#212 = EDGE_CURVE ( 'NONE', #6109, #5384, #6218, .T. ) ;
#213 = CARTESIAN_POINT ( 'NONE',  ( 0.004250000000000780064, -0.001548825907526899968, 0.0004660434895436180148 ) ) ;
#214 = CARTESIAN_POINT ( 'NONE',  ( 0.004300000000000580268, -0.001724766251681580063, 0.0003257380826012720178 ) ) ;
#215 = EDGE_CURVE ( 'NONE', #234, #4368, #4307, .T. ) ;
#216 = VECTOR ( 'NONE', #5220, 1.000000000000000000 ) ;
#217 = CARTESIAN_POINT ( 'NONE',  ( 0.004300000000000580268, -0.002873877937190719937, -0.0001593887805940390049 ) ) ;
#218 = EDGE_LOOP ( 'NONE', ( #5187, #6330, #2043, #5579, #2404, #4356, #383, #2784 ) ) ;
#219 = ORIENTED_EDGE ( 'NONE', *, *, #1265, .T. ) ;
#220 = CARTESIAN_POINT ( 'NONE',  ( 0.004300000000000580268, -0.001781153523872519963, 0.0007999244559860899583 ) ) ;
#221 = LINE ( 'NONE', #5840, #5953 ) ;
#222 = DIRECTION ( 'NONE',  ( 0.000000000000000000, -1.000000000000000000, 0.000000000000000000 ) ) ;
#223 = EDGE_CURVE ( 'NONE', #5965, #277, #5808, .T. ) ;
#224 = VERTEX_POINT ( 'NONE', #5274 ) ;
#225 = DIRECTION ( 'NONE',  ( -1.000000000000000000, 0.000000000000000000, 0.000000000000000000 ) ) ;
#226 = DIRECTION ( 'NONE',  ( -1.000000000000000000, 0.000000000000000000, 0.000000000000000000 ) ) ;
#227 = ORIENTED_EDGE ( 'NONE', *, *, #2502, .F. ) ;
#228 = CARTESIAN_POINT ( 'NONE',  ( 0.003842800000000579780, -0.003600000000000839941, 0.001750000000000109975 ) ) ;
#229 = ORIENTED_EDGE ( 'NONE', *, *, #4759, .T. ) ;
#230 = EDGE_LOOP ( 'NONE', ( #2200, #6093, #5586, #4629, #1600 ) ) ;
#231 = PRESENTATION_STYLE_ASSIGNMENT (( #4814 ) ) ;
#232 = LINE ( 'NONE', #2783, #3166 ) ;
#233 = ORIENTED_EDGE ( 'NONE', *, *, #4532, .F. ) ;
#234 = VERTEX_POINT ( 'NONE', #697 ) ;
#235 = DIRECTION ( 'NONE',  ( 1.000000000000000000, 0.000000000000000000, 0.000000000000000000 ) ) ;
#236 = CARTESIAN_POINT ( 'NONE',  ( 0.004300000000000580268, -0.002085153523872569636, 3.612336017497920330E-05 ) ) ;
#237 = VERTEX_POINT ( 'NONE', #6350 ) ;
#238 = FACE_OUTER_BOUND ( 'NONE', #4735, .T. ) ;
#239 = DIRECTION ( 'NONE',  ( 0.000000000000000000, -0.9525615905351911827, -0.3043458825695970482 ) ) ;
#240 = SURFACE_STYLE_USAGE ( .BOTH. , #6091 ) ;
#241 = CARTESIAN_POINT ( 'NONE',  ( 0.004300000000000580268, -0.002090714919672539973, 0.001414771548330339898 ) ) ;
#242 = CARTESIAN_POINT ( 'NONE',  ( 0.004250000000000779196, -0.002527153523872614858, 0.0003021361718557264765 ) ) ;
#243 = EDGE_CURVE ( 'NONE', #2754, #6088, #6320, .T. ) ;
#244 = EDGE_CURVE ( 'NONE', #6408, #2376, #1240, .T. ) ;
#245 = DIRECTION ( 'NONE',  ( 1.000000000000000000, 0.000000000000000000, 0.000000000000000000 ) ) ;
#246 = ADVANCED_FACE ( 'NONE', ( #2274 ), #1769, .F. ) ;
#247 = AXIS2_PLACEMENT_3D ( 'NONE', #6166, #2657, #1593 ) ;
#248 = ORIENTED_EDGE ( 'NONE', *, *, #2722, .T. ) ;
#249 = DIRECTION ( 'NONE',  ( -1.000000000000000000, 0.000000000000000000, 0.000000000000000000 ) ) ;
#250 = LINE ( 'NONE', #5272, #3599 ) ;
#251 = LINE ( 'NONE', #6377, #1557 ) ;
#252 = VERTEX_POINT ( 'NONE', #1137 ) ;
#253 = FACE_OUTER_BOUND ( 'NONE', #3412, .T. ) ;
#254 = CARTESIAN_POINT ( 'NONE',  ( 0.004250000000000780064, -0.002758153523872420004, 0.0005311922934009440491 ) ) ;
#255 = VECTOR ( 'NONE', #381, 1.000000000000000000 ) ;
#256 = CARTESIAN_POINT ( 'NONE',  ( -0.004300000000000580268, -0.004300000000000580268, -0.001221010893854959905 ) ) ;
#257 = ADVANCED_FACE ( 'NONE', ( #5209 ), #628, .F. ) ;
#258 = DIRECTION ( 'NONE',  ( -0.000000000000000000, 1.000000000000000000, 0.000000000000000000 ) ) ;
#259 = ORIENTED_EDGE ( 'NONE', *, *, #996, .F. ) ;
#260 = ORIENTED_EDGE ( 'NONE', *, *, #1987, .F. ) ;
#261 = COLOUR_RGB ( '',0.000000000000000000, 0.000000000000000000, 0.000000000000000000 ) ;
#262 = LINE ( 'NONE', #2313, #6595 ) ;
#263 = VERTEX_POINT ( 'NONE', #4932 ) ;
#264 = ORIENTED_EDGE ( 'NONE', *, *, #464, .T. ) ;
#265 = ADVANCED_FACE ( 'NONE', ( #5405 ), #320, .F. ) ;
#266 = LINE ( 'NONE', #2316, #1906 ) ;
#267 = EDGE_CURVE ( 'NONE', #1580, #4148, #1870, .T. ) ;
#268 = CARTESIAN_POINT ( 'NONE',  ( 0.004250000000000780064, -0.001563078422692379876, -0.001697956373993080026 ) ) ;
#269 = EDGE_LOOP ( 'NONE', ( #4396, #3304, #3292, #2750 ) ) ;
#270 = CARTESIAN_POINT ( 'NONE',  ( 0.003042800000001239912, -0.003600000000000839941, 0.002150000000000039900 ) ) ;
#271 = CARTESIAN_POINT ( 'NONE',  ( 0.000000000000000000, 0.004400000000000180676, -0.001000000000000060086 ) ) ;
#272 = DIRECTION ( 'NONE',  ( -1.000000000000000000, 0.000000000000000000, 0.000000000000000000 ) ) ;
#273 = CARTESIAN_POINT ( 'NONE',  ( 0.004250000000000780931, -0.002200154951559379641, 0.001439256623450520028 ) ) ;
#274 = CARTESIAN_POINT ( 'NONE',  ( -0.001320000000000050083, -0.002200000000000090338, 0.002150000000000039900 ) ) ;
#275 = VECTOR ( 'NONE', #3016, 1.000000000000000000 ) ;
#276 = ORIENTED_EDGE ( 'NONE', *, *, #1257, .F. ) ;
#277 = VERTEX_POINT ( 'NONE', #896 ) ;
#278 = CARTESIAN_POINT ( 'NONE',  ( 0.004300000000000580268, -0.002255891997346939730, 0.0001237097083552470217 ) ) ;
#279 = ORIENTED_EDGE ( 'NONE', *, *, #1944, .T. ) ;
#280 = EDGE_CURVE ( 'NONE', #5109, #5361, #5908, .T. ) ;
#281 = LINE ( 'NONE', #1833, #5485 ) ;
#282 = FACE_OUTER_BOUND ( 'NONE', #6329, .T. ) ;
#283 = ORIENTED_EDGE ( 'NONE', *, *, #5771, .F. ) ;
#284 = VECTOR ( 'NONE', #114, 1.000000000000000000 ) ;
#285 = DIRECTION ( 'NONE',  ( 0.000000000000000000, 0.000000000000000000, 1.000000000000000000 ) ) ;
#286 = CARTESIAN_POINT ( 'NONE',  ( 0.004250000000000780064, -0.002315153523872669986, 0.0003546314634283140072 ) ) ;
#287 = VECTOR ( 'NONE', #3232, 1.000000000000000000 ) ;
#288 = DIRECTION ( 'NONE',  ( 0.000000000000000000, 0.000000000000000000, -1.000000000000000000 ) ) ;
#289 = ORIENTED_EDGE ( 'NONE', *, *, #1965, .F. ) ;
#290 = VECTOR ( 'NONE', #3108, 1.000000000000000000 ) ;
#291 = DIRECTION ( 'NONE',  ( 1.000000000000000000, 0.000000000000000000, 0.000000000000000000 ) ) ;
#292 = EDGE_LOOP ( 'NONE', ( #549, #4409, #3870, #1555 ) ) ;
#293 = ORIENTED_EDGE ( 'NONE', *, *, #2961, .T. ) ;
#294 = ADVANCED_FACE ( 'NONE', ( #4902 ), #3898, .F. ) ;
#295 = DIRECTION ( 'NONE',  ( 0.000000000000000000, 0.000000000000000000, 1.000000000000000000 ) ) ;
#296 = ORIENTED_EDGE ( 'NONE', *, *, #1221, .F. ) ;
#297 = CARTESIAN_POINT ( 'NONE',  ( 0.004300000000000580268, -0.002611610218308359991, 0.0004411207164080599690 ) ) ;
#298 = ORIENTED_EDGE ( 'NONE', *, *, #1650, .F. ) ;
#299 = ADVANCED_FACE ( 'NONE', ( #253 ), #4033, .T. ) ;
#300 = B_SPLINE_SURFACE_WITH_KNOTS ( 'NONE', 3, 1, ( 
 ( #1038, #1571 ),
 ( #3534, #6580 ),
 ( #5110, #5206 ),
 ( #3630, #6185 ) ),
 .UNSPECIFIED., .F., .F., .F.,
 ( 4, 4 ),
 ( 2, 2 ),
 ( 0.1138092390833681522, 0.9540600087255901585 ),
 ( 0.000000000000000000, 1.000000000000000000 ),
 .UNSPECIFIED. ) ;
#301 = DIRECTION ( 'NONE',  ( -1.000000000000000000, 0.000000000000000000, 0.000000000000000000 ) ) ;
#302 = ORIENTED_EDGE ( 'NONE', *, *, #5083, .T. ) ;
#303 = LINE ( 'NONE', #2447, #4914 ) ;
#304 = ORIENTED_EDGE ( 'NONE', *, *, #676, .F. ) ;
#305 = ADVANCED_FACE ( 'NONE', ( #2808 ), #6414, .F. ) ;
#306 = DIRECTION ( 'NONE',  ( -0.000000000000000000, 1.000000000000000000, 0.000000000000000000 ) ) ;
#307 = AXIS2_PLACEMENT_3D ( 'NONE', #6513, #4876, #6482 ) ;
#308 = DIRECTION ( 'NONE',  ( 0.000000000000000000, 1.000000000000000000, 0.000000000000000000 ) ) ;
#309 = LINE ( 'NONE', #823, #6590 ) ;
#310 = CARTESIAN_POINT ( 'NONE',  ( 0.004250000000000780931, -0.001565121216412220006, 0.001095839500370210037 ) ) ;
#311 = CARTESIAN_POINT ( 'NONE',  ( -0.001320000000000050083, -0.001000000000000060086, 0.000000000000000000 ) ) ;
#312 = PRESENTATION_LAYER_ASSIGNMENT (  '', '', ( #960 ) ) ;
#313 = AXIS2_PLACEMENT_3D ( 'NONE', #2231, #4251, #341 ) ;
#314 = FACE_BOUND ( 'NONE', #4536, .T. ) ;
#315 = CYLINDRICAL_SURFACE ( 'NONE', #4983, 0.0003809999999999999910 ) ;
#316 = VERTEX_POINT ( 'NONE', #352 ) ;
#317 = DIRECTION ( 'NONE',  ( 0.000000000000000000, 1.000000000000000000, 0.000000000000000000 ) ) ;
#318 = LINE ( 'NONE', #2368, #1451 ) ;
#319 = VERTEX_POINT ( 'NONE', #4330 ) ;
#320 = CYLINDRICAL_SURFACE ( 'NONE', #3169, 0.0003809999999999999910 ) ;
#321 = FACE_BOUND ( 'NONE', #4850, .T. ) ;
#322 = VECTOR ( 'NONE', #3922, 1.000000000000000000 ) ;
#323 = EDGE_CURVE ( 'NONE', #4703, #3761, #3398, .T. ) ;
#324 = CARTESIAN_POINT ( 'NONE',  ( 0.004300000000000580268, -0.002794153523873799984, 0.001015730190334390021 ) ) ;
#325 = ORIENTED_EDGE ( 'NONE', *, *, #1566, .T. ) ;
#326 = CARTESIAN_POINT ( 'NONE',  ( 0.004300000000000580268, -0.005725969598507800636, 0.0005963953452224180331 ) ) ;
#327 = DIRECTION ( 'NONE',  ( -1.000000000000000000, 0.000000000000000000, 0.000000000000000000 ) ) ;
#328 = ORIENTED_EDGE ( 'NONE', *, *, #6598, .F. ) ;
#329 = DIRECTION ( 'NONE',  ( -1.000000000000000000, 0.000000000000000000, 0.000000000000000000 ) ) ;
#330 = ORIENTED_EDGE ( 'NONE', *, *, #2677, .T. ) ;
#331 = ADVANCED_FACE ( 'NONE', ( #1407 ), #6478, .F. ) ;
#332 = DIRECTION ( 'NONE',  ( 0.000000000000000000, -0.3043458825695970482, -0.9525615905351911827 ) ) ;
#333 = EDGE_CURVE ( 'NONE', #1850, #1999, #4394, .T. ) ;
#334 = ORIENTED_EDGE ( 'NONE', *, *, #3107, .T. ) ;
#335 = LINE ( 'NONE', #5922, #6312 ) ;
#336 = EDGE_CURVE ( 'NONE', #196, #741, #3834, .T. ) ;
#337 = ORIENTED_EDGE ( 'NONE', *, *, #6502, .T. ) ;
#338 = ORIENTED_EDGE ( 'NONE', *, *, #5803, .T. ) ;
#339 = DIRECTION ( 'NONE',  ( -1.000000000000000000, 0.000000000000000000, 0.000000000000000000 ) ) ;
#340 = B_SPLINE_CURVE_WITH_KNOTS ( 'NONE', 3,
 ( #3578, #4108, #4199, #3104 ),
 .UNSPECIFIED., .F., .F.,
 ( 4, 4 ),
 ( 0.000000000000000000, 1.000000000000000000 ),
 .UNSPECIFIED. ) ;
#341 = DIRECTION ( 'NONE',  ( 0.000000000000000000, 1.000000000000000000, 0.000000000000000000 ) ) ;
#342 = EDGE_CURVE ( 'NONE', #1132, #5419, #2338, .T. ) ;
#343 = LINE ( 'NONE', #2823, #4092 ) ;
#344 = DIRECTION ( 'NONE',  ( 0.000000000000000000, 0.000000000000000000, -1.000000000000000000 ) ) ;
#345 = LINE ( 'NONE', #5899, #1814 ) ;
#346 = ORIENTED_EDGE ( 'NONE', *, *, #4584, .F. ) ;
#347 = CARTESIAN_POINT ( 'NONE',  ( 0.004300000000000580268, -0.002231372843089179762, 9.474841521579540260E-05 ) ) ;
#348 = DIRECTION ( 'NONE',  ( 0.000000000000000000, 0.000000000000000000, 1.000000000000000000 ) ) ;
#349 = DIRECTION ( 'NONE',  ( 0.000000000000000000, -1.000000000000000000, 0.000000000000000000 ) ) ;
#350 = B_SPLINE_SURFACE_WITH_KNOTS ( 'NONE', 3, 1, ( 
 ( #2036, #1544 ),
 ( #5707, #5642 ),
 ( #3567, #4096 ),
 ( #1135, #45 ) ),
 .UNSPECIFIED., .F., .F., .F.,
 ( 4, 4 ),
 ( 2, 2 ),
 ( 0.006147839191600026204, 0.9722137352450632708 ),
 ( 0.000000000000000000, 1.000000000000000000 ),
 .UNSPECIFIED. ) ;
#351 = ORIENTED_EDGE ( 'NONE', *, *, #594, .F. ) ;
#352 = CARTESIAN_POINT ( 'NONE',  ( -0.003899999999999639866, -0.005725969598507800636, -0.0005963953452224180331 ) ) ;
#353 = CARTESIAN_POINT ( 'NONE',  ( -0.004300000000000580268, -0.005725969598507800636, 0.0005963953452224180331 ) ) ;
#354 = ORIENTED_EDGE ( 'NONE', *, *, #6100, .F. ) ;
#355 = VECTOR ( 'NONE', #1425, 1.000000000000000000 ) ;
#356 = DIRECTION ( 'NONE',  ( 0.000000000000000000, 0.000000000000000000, -1.000000000000000000 ) ) ;
#357 = ORIENTED_EDGE ( 'NONE', *, *, #3445, .F. ) ;
#358 = DIRECTION ( 'NONE',  ( -1.000000000000000000, 0.000000000000000000, 0.000000000000000000 ) ) ;
#359 = ORIENTED_EDGE ( 'NONE', *, *, #1323, .F. ) ;
#360 = CARTESIAN_POINT ( 'NONE',  ( 0.004300000000000580268, -0.002228147234490370030, -0.001183882132549520004 ) ) ;
#361 = ORIENTED_EDGE ( 'NONE', *, *, #4455, .T. ) ;
#362 = DIRECTION ( 'NONE',  ( 0.000000000000000000, 0.000000000000000000, 1.000000000000000000 ) ) ;
#363 = VECTOR ( 'NONE', #1527, 1.000000000000000000 ) ;
#364 = EDGE_LOOP ( 'NONE', ( #2122, #4403, #5533, #2315 ) ) ;
#365 = CARTESIAN_POINT ( 'NONE',  ( 0.004250000000000780064, -0.001563078422692379876, -0.001237022468539899969 ) ) ;
#366 = ORIENTED_EDGE ( 'NONE', *, *, #3355, .T. ) ;
#367 = VECTOR ( 'NONE', #3507, 1.000000000000000000 ) ;
#368 = FILL_AREA_STYLE_COLOUR ( '', #3845 ) ;
#369 = EDGE_CURVE ( 'NONE', #3971, #570, #2649, .T. ) ;
#370 = ORIENTED_EDGE ( 'NONE', *, *, #1898, .F. ) ;
#371 = STYLED_ITEM ( 'NONE', ( #2824 ), #6015 ) ;
#372 = CARTESIAN_POINT ( 'NONE',  ( 0.004250000000000780064, -0.002961108902513473300, 0.0006326347501575715600 ) ) ;
#373 = LINE ( 'NONE', #4991, #749 ) ;
#374 = CARTESIAN_POINT ( 'NONE',  ( 0.004300000000000578533, -0.001829093387115789896, 0.001334308278259739881 ) ) ;
#375 = CARTESIAN_POINT ( 'NONE',  ( 0.002016701440000029984, -0.003650000000000640146, 0.005978539816340699628 ) ) ;
#376 = EDGE_CURVE ( 'NONE', #1856, #1543, #1434, .T. ) ;
#377 = DIRECTION ( 'NONE',  ( 0.000000000000000000, 0.000000000000000000, -1.000000000000000000 ) ) ;
#378 = VECTOR ( 'NONE', #6420, 1.000000000000000000 ) ;
#379 = DIRECTION ( 'NONE',  ( -1.000000000000000000, 0.000000000000000000, 0.000000000000000000 ) ) ;
#380 = EDGE_CURVE ( 'NONE', #4835, #3120, #1903, .T. ) ;
#381 = DIRECTION ( 'NONE',  ( 0.000000000000000000, 0.9621120973021449752, 0.2726541989863129900 ) ) ;
#382 = CARTESIAN_POINT ( 'NONE',  ( 0.004300000000000580268, -0.003073633944871199605, 0.0004302174881622359941 ) ) ;
#383 = ORIENTED_EDGE ( 'NONE', *, *, #1458, .F. ) ;
#384 = DIRECTION ( 'NONE',  ( 1.000000000000000000, 0.000000000000000000, 0.000000000000000000 ) ) ;
#385 = EDGE_CURVE ( 'NONE', #316, #1540, #5973, .T. ) ;
#386 = AXIS2_PLACEMENT_3D ( 'NONE', #3985, #6604, #4491 ) ;
#387 = CARTESIAN_POINT ( 'NONE',  ( 0.002016701440000029984, 0.0003999999999999240166, 0.002150000000000039900 ) ) ;
#388 = ORIENTED_EDGE ( 'NONE', *, *, #2766, .T. ) ;
#389 = VECTOR ( 'NONE', #5438, 1.000000000000000000 ) ;
#390 = VECTOR ( 'NONE', #5676, 1.000000000000000000 ) ;
#391 = FACE_OUTER_BOUND ( 'NONE', #2130, .T. ) ;
#392 = VERTEX_POINT ( 'NONE', #6540 ) ;
#393 = CARTESIAN_POINT ( 'NONE',  ( -0.001799999999999909962, 0.000000000000000000, -0.001500000000000099995 ) ) ;
#394 = LINE ( 'NONE', #459, #6167 ) ;
#395 = VECTOR ( 'NONE', #743, 1.000000000000000000 ) ;
#396 = ORIENTED_EDGE ( 'NONE', *, *, #3248, .F. ) ;
#397 = LINE ( 'NONE', #4098, #4615 ) ;
#398 = VECTOR ( 'NONE', #2774, 1.000000000000000000 ) ;
#399 = ORIENTED_EDGE ( 'NONE', *, *, #3770, .F. ) ;
#400 = FACE_OUTER_BOUND ( 'NONE', #6492, .T. ) ;
#401 = VERTEX_POINT ( 'NONE', #1961 ) ;
#402 = ORIENTED_EDGE ( 'NONE', *, *, #1043, .T. ) ;
#403 = VECTOR ( 'NONE', #4791, 1.000000000000000000 ) ;
#404 = FACE_BOUND ( 'NONE', #3275, .T. ) ;
#405 = EDGE_LOOP ( 'NONE', ( #5903, #5793, #934, #1099 ) ) ;
#406 = AXIS2_PLACEMENT_3D ( 'NONE', #4384, #1358, #1786 ) ;
#407 = CARTESIAN_POINT ( 'NONE',  ( 0.004250000000000780064, -0.002758153523764908781, 0.0005311922933474203488 ) ) ;
#408 = EDGE_CURVE ( 'NONE', #3655, #4298, #3989, .T. ) ;
#409 = DIRECTION ( 'NONE',  ( 0.000000000000000000, -0.4545222165507900591, 0.8907354010376801190 ) ) ;
#410 = CARTESIAN_POINT ( 'NONE',  ( 0.004300000000000578533, -0.001502020030686210044, 0.0007951504829813500113 ) ) ;
#411 = CARTESIAN_POINT ( 'NONE',  ( 0.0006999999999999999929, -0.001000000000000060086, 0.002150000000000039900 ) ) ;
#412 = LINE ( 'NONE', #4871, #3602 ) ;
#413 = DIRECTION ( 'NONE',  ( -1.000000000000000000, 0.000000000000000000, 0.000000000000000000 ) ) ;
#414 = EDGE_CURVE ( 'NONE', #4608, #2727, #2006, .T. ) ;
#415 = EDGE_LOOP ( 'NONE', ( #5690, #682, #4226, #1796 ) ) ;
#416 = CARTESIAN_POINT ( 'NONE',  ( 0.003042800000001239912, -0.003600000000000839941, -0.001700000000000059970 ) ) ;
#417 = EDGE_CURVE ( 'NONE', #2413, #4661, #6038, .T. ) ;
#418 = LINE ( 'NONE', #5905, #3984 ) ;
#419 = CARTESIAN_POINT ( 'NONE',  ( 0.004250000000000779196, -0.002710153523872646953, 0.0005091028540288567404 ) ) ;
#420 = VECTOR ( 'NONE', #239, 1.000000000000000000 ) ;
#421 = VERTEX_POINT ( 'NONE', #3199 ) ;
#422 = CARTESIAN_POINT ( 'NONE',  ( -0.003842800000000579780, 0.000000000000000000, 0.001750000000000109975 ) ) ;
#423 = CARTESIAN_POINT ( 'NONE',  ( 0.000000000000000000, -0.002779999999999039750, -0.001950000000000069950 ) ) ;
#424 = ORIENTED_EDGE ( 'NONE', *, *, #2591, .F. ) ;
#425 = ADVANCED_FACE ( 'NONE', ( #1176 ), #5809, .F. ) ;
#426 = ORIENTED_EDGE ( 'NONE', *, *, #5624, .F. ) ;
#427 = ORIENTED_EDGE ( 'NONE', *, *, #2906, .T. ) ;
#428 = DIRECTION ( 'NONE',  ( 0.000000000000000000, 0.000000000000000000, 1.000000000000000000 ) ) ;
#429 = EDGE_CURVE ( 'NONE', #2029, #1324, #3703, .T. ) ;
#430 = DIRECTION ( 'NONE',  ( -1.000000000000000000, 0.000000000000000000, 0.000000000000000000 ) ) ;
#431 = VERTEX_POINT ( 'NONE', #6351 ) ;
#432 = LINE ( 'NONE', #3029, #2717 ) ;
#433 = AXIS2_PLACEMENT_3D ( 'NONE', #6585, #3069, #1643 ) ;
#434 = ORIENTED_EDGE ( 'NONE', *, *, #1780, .T. ) ;
#435 = CARTESIAN_POINT ( 'NONE',  ( 0.002890000000001140355, -0.002779999999999039750, -0.001750000000000109975 ) ) ;
#436 = VERTEX_POINT ( 'NONE', #4268 ) ;
#437 = CARTESIAN_POINT ( 'NONE',  ( 0.003842800000000579780, -0.003650000000000640146, 0.001211539816339700024 ) ) ;
#438 = PLANE ( 'NONE',  #4554 ) ;
#439 = VERTEX_POINT ( 'NONE', #2775 ) ;
#440 = CARTESIAN_POINT ( 'NONE',  ( 0.004250000000000780064, -0.002400235818849219896, -0.0001803038426298970217 ) ) ;
#441 = CARTESIAN_POINT ( 'NONE',  ( 0.004250000000000780064, -0.002250698054976140155, -1.046164309832549971E-05 ) ) ;
#442 = CARTESIAN_POINT ( 'NONE',  ( 0.004300000000000578533, -0.001548825907526899968, 0.0004660434895436180148 ) ) ;
#443 = CYLINDRICAL_SURFACE ( 'NONE', #5164, 0.0007619999999999998736 ) ;
#444 = EDGE_LOOP ( 'NONE', ( #782, #1545, #5574, #784 ) ) ;
#445 = LINE ( 'NONE', #3049, #2542 ) ;
#446 = CARTESIAN_POINT ( 'NONE',  ( -0.004099999999998840683, -0.004300000000000580268, -0.001303600000000019977 ) ) ;
#447 = DIRECTION ( 'NONE',  ( 0.000000000000000000, -1.000000000000000000, 0.000000000000000000 ) ) ;
#448 = DIRECTION ( 'NONE',  ( -1.000000000000000000, 0.000000000000000000, 0.000000000000000000 ) ) ;
#449 = DIRECTION ( 'NONE',  ( 1.000000000000000000, 0.000000000000000000, 0.000000000000000000 ) ) ;
#450 = ADVANCED_FACE ( 'NONE', ( #5316 ), #5845, .T. ) ;
#451 = ORIENTED_EDGE ( 'NONE', *, *, #2715, .T. ) ;
#452 = FACE_OUTER_BOUND ( 'NONE', #5370, .T. ) ;
#453 = EDGE_CURVE ( 'NONE', #2905, #4947, #801, .T. ) ;
#454 = UNCERTAINTY_MEASURE_WITH_UNIT (LENGTH_MEASURE( 1.000000000000000082E-05 ), #3441, 'distance_accuracy_value', 'NONE');
#455 = PRESENTATION_STYLE_ASSIGNMENT (( #1033 ) ) ;
#456 = EDGE_LOOP ( 'NONE', ( #740, #5513, #6081, #2998 ) ) ;
#457 = LINE ( 'NONE', #6115, #3800 ) ;
#458 = EDGE_LOOP ( 'NONE', ( #1140, #6633, #3415, #147 ) ) ;
#459 = CARTESIAN_POINT ( 'NONE',  ( 0.0006999999999999999929, -0.001000000000000060086, 0.001750000000000109975 ) ) ;
#460 = ORIENTED_EDGE ( 'NONE', *, *, #2896, .T. ) ;
#461 = DIRECTION ( 'NONE',  ( -1.000000000000000000, 0.000000000000000000, 0.000000000000000000 ) ) ;
#462 = CARTESIAN_POINT ( 'NONE',  ( 0.003842800000000579780, -0.003600000000000839941, -0.001750000000000109975 ) ) ;
#463 = PLANE ( 'NONE',  #3817 ) ;
#464 = EDGE_CURVE ( 'NONE', #4444, #5292, #5275, .T. ) ;
#465 = ORIENTED_EDGE ( 'NONE', *, *, #5892, .T. ) ;
#466 = DIRECTION ( 'NONE',  ( 0.000000000000000000, 1.000000000000000000, 0.000000000000000000 ) ) ;
#467 = ORIENTED_EDGE ( 'NONE', *, *, #3515, .T. ) ;
#468 = CARTESIAN_POINT ( 'NONE',  ( 0.001320000000000050083, -0.001000000000000060086, 0.001750000000000109975 ) ) ;
#469 = AXIS2_PLACEMENT_3D ( 'NONE', #1954, #4994, #344 ) ;
#470 = CARTESIAN_POINT ( 'NONE',  ( 0.004300000000000580268, -5.720000000000000122E-05, -0.001425999999999880054 ) ) ;
#471 = B_SPLINE_CURVE_WITH_KNOTS ( 'NONE', 3,
 ( #1414, #4247, #297, #1384, #3407 ),
 .UNSPECIFIED., .F., .F.,
 ( 4, 1, 4 ),
 ( 0.000000000000000000, 0.3170641920556000470, 1.000000000000000000 ),
 .UNSPECIFIED. ) ;
#472 = ORIENTED_EDGE ( 'NONE', *, *, #1009, .F. ) ;
#473 = CARTESIAN_POINT ( 'NONE',  ( 0.004300000000000580268, -0.004300000000000580268, 0.002150000000000039900 ) ) ;
#474 = EDGE_CURVE ( 'NONE', #2170, #3773, #3162, .T. ) ;
#475 = VECTOR ( 'NONE', #1229, 1.000000000000000000 ) ;
#476 = CARTESIAN_POINT ( 'NONE',  ( 0.003442799999999639812, -0.003650000000000640146, -0.001211539816339700024 ) ) ;
#477 = VECTOR ( 'NONE', #4071, 1.000000000000000000 ) ;
#478 = CARTESIAN_POINT ( 'NONE',  ( 0.004250000000000780064, -0.002537031668608687434, 0.0008685324681317002724 ) ) ;
#479 = FACE_OUTER_BOUND ( 'NONE', #1784, .T. ) ;
#480 = CARTESIAN_POINT ( 'NONE',  ( 0.002890000000001140355, -0.002779999999999039750, -0.001649999999999999991 ) ) ;
#481 = VERTEX_POINT ( 'NONE', #1711 ) ;
#482 = CARTESIAN_POINT ( 'NONE',  ( 0.004300000000000580268, -0.002795078996320539844, 0.001119653900737499963 ) ) ;
#483 = B_SPLINE_CURVE_WITH_KNOTS ( 'NONE', 3,
 ( #3915, #1950, #2484, #2416 ),
 .UNSPECIFIED., .F., .F.,
 ( 4, 4 ),
 ( 0.000000000000000000, 1.000000000000000000 ),
 .UNSPECIFIED. ) ;
#484 = CARTESIAN_POINT ( 'NONE',  ( 0.004250000000000780064, -0.002691176409932580053, 0.0002105970870931720058 ) ) ;
#485 = CARTESIAN_POINT ( 'NONE',  ( 0.004250000000000780064, -0.003000877937190719880, 5.256337194652819475E-05 ) ) ;
#486 = ORIENTED_EDGE ( 'NONE', *, *, #4499, .T. ) ;
#487 = DIRECTION ( 'NONE',  ( 0.000000000000000000, 0.000000000000000000, -1.000000000000000000 ) ) ;
#488 = ORIENTED_EDGE ( 'NONE', *, *, #3802, .F. ) ;
#489 = VECTOR ( 'NONE', #3762, 1.000000000000000000 ) ;
#490 = ADVANCED_FACE ( 'NONE', ( #4739 ), #1280, .T. ) ;
#491 = DIRECTION ( 'NONE',  ( 1.000000000000000000, 0.000000000000000000, 0.000000000000000000 ) ) ;
#492 = ORIENTED_EDGE ( 'NONE', *, *, #3886, .T. ) ;
#493 = CARTESIAN_POINT ( 'NONE',  ( 0.003842800000000579780, 0.000000000000000000, 0.002150000000000039900 ) ) ;
#494 = DIRECTION ( 'NONE',  ( 1.000000000000000000, 0.000000000000000000, 0.000000000000000000 ) ) ;
#495 = VERTEX_POINT ( 'NONE', #193 ) ;
#496 = DIRECTION ( 'NONE',  ( -1.000000000000000000, 0.000000000000000000, 0.000000000000000000 ) ) ;
#497 = AXIS2_PLACEMENT_3D ( 'NONE', #2428, #4457, #6409 ) ;
#498 = CARTESIAN_POINT ( 'NONE',  ( -0.001999999999999869937, 0.000000000000000000, -0.001099999999999920052 ) ) ;
#499 = PLANE ( 'NONE',  #976 ) ;
#500 = ORIENTED_EDGE ( 'NONE', *, *, #6384, .F. ) ;
#501 = EDGE_CURVE ( 'NONE', #4756, #2454, #2707, .T. ) ;
#502 = CARTESIAN_POINT ( 'NONE',  ( 0.004300000000000580268, -0.002420132982887680285, 0.0008447947779054139697 ) ) ;
#503 = EDGE_LOOP ( 'NONE', ( #3926, #4123, #964, #260 ) ) ;
#504 = VECTOR ( 'NONE', #2612, 1.000000000000000000 ) ;
#505 = DIRECTION ( 'NONE',  ( 1.000000000000000000, 0.000000000000000000, 0.000000000000000000 ) ) ;
#506 = DIRECTION ( 'NONE',  ( 0.000000000000000000, 0.000000000000000000, 1.000000000000000000 ) ) ;
#507 = EDGE_CURVE ( 'NONE', #237, #3793, #4933, .T. ) ;
#508 = EDGE_LOOP ( 'NONE', ( #2204, #2936, #5218, #145 ) ) ;
#509 = AXIS2_PLACEMENT_3D ( 'NONE', #3965, #5411, #2375 ) ;
#510 = DIRECTION ( 'NONE',  ( -0.000000000000000000, 1.000000000000000000, 0.000000000000000000 ) ) ;
#511 = VECTOR ( 'NONE', #4997, 1.000000000000000000 ) ;
#512 = CIRCLE ( 'NONE', #1377, 5.000000000000316691E-05 ) ;
#513 = EDGE_CURVE ( 'NONE', #2241, #6119, #955, .T. ) ;
#514 = CARTESIAN_POINT ( 'NONE',  ( 0.004300000000000578533, -0.001833281390413676621, 0.0003160167642656858036 ) ) ;
#515 = DIRECTION ( 'NONE',  ( 0.000000000000000000, -1.000000000000000000, 0.000000000000000000 ) ) ;
#516 = ORIENTED_EDGE ( 'NONE', *, *, #791, .F. ) ;
#517 = CARTESIAN_POINT ( 'NONE',  ( 0.004250000000000780064, -0.002085153523872569636, 3.612336017497920330E-05 ) ) ;
#518 = EDGE_LOOP ( 'NONE', ( #2257, #6555, #3327, #1204 ) ) ;
#519 = DIRECTION ( 'NONE',  ( -1.000000000000000000, 0.000000000000000000, 0.000000000000000000 ) ) ;
#520 = PLANE ( 'NONE',  #4314 ) ;
#521 = CARTESIAN_POINT ( 'NONE',  ( 0.004300000000000580268, -0.001781153523872519963, 0.0007999244559860899583 ) ) ;
#522 = EDGE_LOOP ( 'NONE', ( #587, #18, #1622, #2015 ) ) ;
#523 = CARTESIAN_POINT ( 'NONE',  ( 0.000000000000000000, 0.000000000000000000, 0.001000000000000060086 ) ) ;
#524 = COLOUR_RGB ( '',0.000000000000000000, 0.000000000000000000, 0.000000000000000000 ) ;
#525 = VERTEX_POINT ( 'NONE', #2558 ) ;
#526 = CARTESIAN_POINT ( 'NONE',  ( 0.004300000000000580268, -0.002624769492233600121, -0.0001133212747592830013 ) ) ;
#527 = CARTESIAN_POINT ( 'NONE',  ( -0.003042800000001239912, -0.002779999999999039750, 0.002150000000000039900 ) ) ;
#528 = ORIENTED_EDGE ( 'NONE', *, *, #4349, .F. ) ;
#529 = PLANE ( 'NONE',  #674 ) ;
#530 = CARTESIAN_POINT ( 'NONE',  ( -0.003899999999999639866, -5.720000000000000122E-05, -0.002150000000000039900 ) ) ;
#531 = ADVANCED_FACE ( 'NONE', ( #2455 ), #917, .T. ) ;
#532 = VECTOR ( 'NONE', #2451, 1.000000000000000000 ) ;
#533 = DIRECTION ( 'NONE',  ( 0.000000000000000000, -1.000000000000000000, 0.000000000000000000 ) ) ;
#534 = ORIENTED_EDGE ( 'NONE', *, *, #6137, .F. ) ;
#535 = FACE_OUTER_BOUND ( 'NONE', #5423, .T. ) ;
#536 = ORIENTED_EDGE ( 'NONE', *, *, #243, .F. ) ;
#537 = CARTESIAN_POINT ( 'NONE',  ( 0.004250000000000780931, -0.002408964319676525252, 8.038905277312937802E-05 ) ) ;
#538 = CARTESIAN_POINT ( 'NONE',  ( 0.004300000000000580268, -0.002516253444455609882, 0.0004514923470089280007 ) ) ;
#539 = VECTOR ( 'NONE', #600, 1.000000000000000000 ) ;
#540 = EDGE_CURVE ( 'NONE', #5708, #4302, #445, .T. ) ;
#541 = ORIENTED_EDGE ( 'NONE', *, *, #173, .F. ) ;
#542 = EDGE_CURVE ( 'NONE', #3876, #940, #6493, .T. ) ;
#543 = DIRECTION ( 'NONE',  ( -1.000000000000000000, 0.000000000000000000, 0.000000000000000000 ) ) ;
#544 = ADVANCED_FACE ( 'NONE', ( #6030 ), #1007, .T. ) ;
#545 = CARTESIAN_POINT ( 'NONE',  ( 0.004300000000000581135, -0.002624769492231662869, -0.0001133212747593234421 ) ) ;
#546 = ORIENTED_EDGE ( 'NONE', *, *, #5168, .F. ) ;
#547 = CARTESIAN_POINT ( 'NONE',  ( -0.004099999999998840683, -0.004300000000000580268, -0.0008400108938549639796 ) ) ;
#548 = LINE ( 'NONE', #4049, #3777 ) ;
#549 = ORIENTED_EDGE ( 'NONE', *, *, #5723, .T. ) ;
#550 = DIRECTION ( 'NONE',  ( 0.000000000000000000, 0.000000000000000000, 1.000000000000000000 ) ) ;
#551 = EDGE_CURVE ( 'NONE', #112, #2905, #6456, .T. ) ;
#552 = CARTESIAN_POINT ( 'NONE',  ( -0.003042800000001239912, -0.004049999999999039611, 0.001700000000000059970 ) ) ;
#553 = DIRECTION ( 'NONE',  ( 0.000000000000000000, 0.000000000000000000, 1.000000000000000000 ) ) ;
#554 = FACE_OUTER_BOUND ( 'NONE', #2793, .T. ) ;
#555 = EDGE_LOOP ( 'NONE', ( #561, #5755, #1536, #4877, #1251, #1967, #2561, #5671, #6040, #4358, #852 ) ) ;
#556 = DIRECTION ( 'NONE',  ( 0.000000000000000000, 0.000000000000000000, 1.000000000000000000 ) ) ;
#557 = ORIENTED_EDGE ( 'NONE', *, *, #3480, .T. ) ;
#558 = DIRECTION ( 'NONE',  ( 0.000000000000000000, 0.000000000000000000, 1.000000000000000000 ) ) ;
#559 = VERTEX_POINT ( 'NONE', #4489 ) ;
#560 = LINE ( 'NONE', #4634, #3590 ) ;
#561 = ORIENTED_EDGE ( 'NONE', *, *, #2766, .F. ) ;
#562 = VECTOR ( 'NONE', #496, 1.000000000000000000 ) ;
#563 = EDGE_LOOP ( 'NONE', ( #4233, #4907, #5658, #2686 ) ) ;
#564 = CARTESIAN_POINT ( 'NONE',  ( 0.001999999999999869937, 0.000000000000000000, -0.001099999999999920052 ) ) ;
#565 = ORIENTED_EDGE ( 'NONE', *, *, #622, .F. ) ;
#566 = CARTESIAN_POINT ( 'NONE',  ( 0.004250000000000780064, -0.002725538471266740047, 0.0009068110515002540282 ) ) ;
#567 = VERTEX_POINT ( 'NONE', #3333 ) ;
#568 = CARTESIAN_POINT ( 'NONE',  ( 0.003839999999999879968, -0.002779999999999039750, -0.002150000000000039900 ) ) ;
#569 = LINE ( 'NONE', #5717, #4557 ) ;
#570 = VERTEX_POINT ( 'NONE', #3488 ) ;
#571 = LINE ( 'NONE', #1684, #5523 ) ;
#572 = VECTOR ( 'NONE', #3583, 1.000000000000000000 ) ;
#573 = CARTESIAN_POINT ( 'NONE',  ( -0.0002499999999999910063, -0.003600000000000839941, 0.0001500000000000099886 ) ) ;
#574 = VERTEX_POINT ( 'NONE', #3835 ) ;
#575 = EDGE_CURVE ( 'NONE', #277, #6270, #412, .T. ) ;
#576 = LINE ( 'NONE', #2982, #6243 ) ;
#577 = CARTESIAN_POINT ( 'NONE',  ( 0.003899999999999639866, -0.004300000000000580268, 0.0004572000000000000001 ) ) ;
#578 = VECTOR ( 'NONE', #1370, 1.000000000000000000 ) ;
#579 = CARTESIAN_POINT ( 'NONE',  ( 0.004300000000000580268, -0.005799999999999659595, 0.0001620000000000120150 ) ) ;
#580 = ORIENTED_EDGE ( 'NONE', *, *, #173, .T. ) ;
#581 = VERTEX_POINT ( 'NONE', #1309 ) ;
#582 = PRESENTATION_LAYER_ASSIGNMENT (  '', '', ( #5285 ) ) ;
#583 = CARTESIAN_POINT ( 'NONE',  ( 0.004250000000000780064, -0.001505612591661610036, 0.0008574993120667800343 ) ) ;
#584 = DIRECTION ( 'NONE',  ( 0.000000000000000000, 0.8054274256926792219, -0.5926944085631851156 ) ) ;
#585 = CARTESIAN_POINT ( 'NONE',  ( 0.004300000000000580268, -5.720000000000000122E-05, 0.001425999999999880054 ) ) ;
#586 = EDGE_CURVE ( 'NONE', #2974, #5788, #4522, .T. ) ;
#587 = ORIENTED_EDGE ( 'NONE', *, *, #5744, .T. ) ;
#588 = ORIENTED_EDGE ( 'NONE', *, *, #3770, .T. ) ;
#589 = DIRECTION ( 'NONE',  ( 0.000000000000000000, 1.000000000000000000, 0.000000000000000000 ) ) ;
#590 = EDGE_CURVE ( 'NONE', #6088, #1247, #5530, .T. ) ;
#591 = ORIENTED_EDGE ( 'NONE', *, *, #31, .F. ) ;
#592 = CARTESIAN_POINT ( 'NONE',  ( 0.004300000000000580268, -0.001981049641213599929, 0.0003428127497066320176 ) ) ;
#593 = FACE_OUTER_BOUND ( 'NONE', #5074, .T. ) ;
#594 = EDGE_CURVE ( 'NONE', #2311, #1252, #143, .T. ) ;
#595 = ORIENTED_EDGE ( 'NONE', *, *, #44, .F. ) ;
#596 = DIRECTION ( 'NONE',  ( 0.000000000000000000, -1.000000000000000000, 0.000000000000000000 ) ) ;
#597 = CARTESIAN_POINT ( 'NONE',  ( 0.004300000000000580268, -0.001781153523872519963, 0.0007999244559860899583 ) ) ;
#598 = ORIENTED_EDGE ( 'NONE', *, *, #3202, .T. ) ;
#599 = CARTESIAN_POINT ( 'NONE',  ( -0.004300000000000580268, -0.005725969598507800636, -0.0005963953452224180331 ) ) ;
#600 = DIRECTION ( 'NONE',  ( -1.000000000000000000, 0.000000000000000000, 0.000000000000000000 ) ) ;
#601 = CARTESIAN_POINT ( 'NONE',  ( 0.004250000000000780064, -0.002697148188278560184, -6.824093142591599324E-05 ) ) ;
#602 = ORIENTED_EDGE ( 'NONE', *, *, #5215, .T. ) ;
#603 = ORIENTED_EDGE ( 'NONE', *, *, #2916, .T. ) ;
#604 = CARTESIAN_POINT ( 'NONE',  ( -0.003842800000000579780, -0.003600000000000839941, 0.001750000000000109975 ) ) ;
#605 = VECTOR ( 'NONE', #3320, 1.000000000000000000 ) ;
#606 = DIRECTION ( 'NONE',  ( 0.000000000000000000, 1.000000000000000000, 0.000000000000000000 ) ) ;
#607 = CARTESIAN_POINT ( 'NONE',  ( 0.0002499999999999910063, -0.006850000000000540552, 0.0001500000000000099886 ) ) ;
#608 = PLANE ( 'NONE',  #247 ) ;
#609 = VECTOR ( 'NONE', #1249, 1.000000000000000000 ) ;
#610 = VECTOR ( 'NONE', #5006, 1.000000000000000000 ) ;
#611 = DIRECTION ( 'NONE',  ( 0.000000000000000000, -1.000000000000000000, 0.000000000000000000 ) ) ;
#612 = EDGE_CURVE ( 'NONE', #78, #4235, #4017, .T. ) ;
#613 = VECTOR ( 'NONE', #2614, 1.000000000000000000 ) ;
#614 = VERTEX_POINT ( 'NONE', #5996 ) ;
#615 = ORIENTED_EDGE ( 'NONE', *, *, #2465, .F. ) ;
#616 = DIRECTION ( 'NONE',  ( 0.000000000000000000, 0.000000000000000000, -1.000000000000000000 ) ) ;
#617 = CARTESIAN_POINT ( 'NONE',  ( 0.004250000000000780064, -0.002794153523873799984, 0.001015730190334390021 ) ) ;
#618 = DIRECTION ( 'NONE',  ( -1.000000000000000000, 0.000000000000000000, 0.000000000000000000 ) ) ;
#619 = CARTESIAN_POINT ( 'NONE',  ( -0.003842800000000579780, -0.003600000000000839941, 0.001700000000000059970 ) ) ;
#620 = EDGE_CURVE ( 'NONE', #5279, #237, #714, .T. ) ;
#621 = CARTESIAN_POINT ( 'NONE',  ( -0.003842800000000579780, -0.004049999999999039611, 0.001700000000000059970 ) ) ;
#622 = EDGE_CURVE ( 'NONE', #1180, #929, #3451, .T. ) ;
#623 = VERTEX_POINT ( 'NONE', #3015 ) ;
#624 = DIRECTION ( 'NONE',  ( 1.000000000000000000, 0.000000000000000000, 0.000000000000000000 ) ) ;
#625 = ORIENTED_EDGE ( 'NONE', *, *, #5125, .F. ) ;
#626 = CARTESIAN_POINT ( 'NONE',  ( 0.002016701440000029984, -0.004049999999999039611, -0.005978539816340699628 ) ) ;
#627 = ORIENTED_EDGE ( 'NONE', *, *, #5654, .F. ) ;
#628 = PLANE ( 'NONE',  #1792 ) ;
#629 =( NAMED_UNIT ( * ) PLANE_ANGLE_UNIT ( ) SI_UNIT ( $, .RADIAN. ) );
#630 = FACE_OUTER_BOUND ( 'NONE', #5750, .T. ) ;
#631 = EDGE_CURVE ( 'NONE', #3929, #2900, #5061, .T. ) ;
#632 = DIRECTION ( 'NONE',  ( 1.000000000000000000, 0.000000000000000000, 0.000000000000000000 ) ) ;
#633 = ORIENTED_EDGE ( 'NONE', *, *, #1662, .T. ) ;
#634 = FACE_OUTER_BOUND ( 'NONE', #5774, .T. ) ;
#635 = DIRECTION ( 'NONE',  ( 0.000000000000000000, 0.000000000000000000, 1.000000000000000000 ) ) ;
#636 = VERTEX_POINT ( 'NONE', #3551 ) ;
#637 = VECTOR ( 'NONE', #3822, 1.000000000000000000 ) ;
#638 = EDGE_LOOP ( 'NONE', ( #2099, #1635, #3138, #3408, #2517, #4621, #2055, #3545 ) ) ;
#639 = ORIENTED_EDGE ( 'NONE', *, *, #4245, .T. ) ;
#640 = B_SPLINE_CURVE_WITH_KNOTS ( 'NONE', 3,
 ( #5527, #5564, #916, #2948 ),
 .UNSPECIFIED., .F., .F.,
 ( 4, 4 ),
 ( 0.000000000000000000, 1.000000000000000000 ),
 .UNSPECIFIED. ) ;
#641 = DIRECTION ( 'NONE',  ( 1.000000000000000000, 0.000000000000000000, 0.000000000000000000 ) ) ;
#642 = ORIENTED_EDGE ( 'NONE', *, *, #4995, .F. ) ;
#643 = FACE_OUTER_BOUND ( 'NONE', #456, .T. ) ;
#644 = VECTOR ( 'NONE', #4717, 1.000000000000000000 ) ;
#645 = CARTESIAN_POINT ( 'NONE',  ( -0.003042800000001239912, -0.003650000000000640146, -0.001700000000000059970 ) ) ;
#646 = FACE_OUTER_BOUND ( 'NONE', #3502, .T. ) ;
#647 = CARTESIAN_POINT ( 'NONE',  ( 0.004300000000000580268, -0.004300000000000580268, -0.002150000000000039900 ) ) ;
#648 = AXIS2_PLACEMENT_3D ( 'NONE', #4220, #6279, #6371 ) ;
#649 = ORIENTED_EDGE ( 'NONE', *, *, #4546, .T. ) ;
#650 = ORIENTED_EDGE ( 'NONE', *, *, #5975, .T. ) ;
#651 = CARTESIAN_POINT ( 'NONE',  ( 0.003842800000000579780, -0.003600000000000839941, -0.002150000000000039900 ) ) ;
#652 = CARTESIAN_POINT ( 'NONE',  ( 0.004300000000000580268, -0.003073877937189919887, 1.531311584405000063E-05 ) ) ;
#653 = CARTESIAN_POINT ( 'NONE',  ( 0.004099999999998840683, -0.004300000000000580268, -0.001303600000000019977 ) ) ;
#654 = CARTESIAN_POINT ( 'NONE',  ( 0.004300000000000580268, -0.002310691573530140180, -0.0002161198164136809855 ) ) ;
#655 = DIRECTION ( 'NONE',  ( 0.000000000000000000, -0.9815122935962050654, 0.1913991053258010389 ) ) ;
#656 = VERTEX_POINT ( 'NONE', #480 ) ;
#657 = CARTESIAN_POINT ( 'NONE',  ( 0.004250000000000780064, -0.003073877937189919887, 0.0003125605683553879565 ) ) ;
#658 = VERTEX_POINT ( 'NONE', #5598 ) ;
#659 = ADVANCED_FACE ( 'NONE', ( #4146 ), #1123, .F. ) ;
#660 = FACE_OUTER_BOUND ( 'NONE', #4971, .T. ) ;
#661 = ORIENTED_EDGE ( 'NONE', *, *, #913, .T. ) ;
#662 = LINE ( 'NONE', #84, #1584 ) ;
#663 = EDGE_CURVE ( 'NONE', #6365, #1429, #2225, .T. ) ;
#664 = DIRECTION ( 'NONE',  ( 0.000000000000000000, 0.000000000000000000, 1.000000000000000000 ) ) ;
#665 = CARTESIAN_POINT ( 'NONE',  ( -0.002890000000001140355, -0.002779999999999039750, 0.001649999999999999991 ) ) ;
#666 = ORIENTED_EDGE ( 'NONE', *, *, #2018, .T. ) ;
#667 = ORIENTED_EDGE ( 'NONE', *, *, #4628, .T. ) ;
#668 = CARTESIAN_POINT ( 'NONE',  ( 0.004250000000000780064, -0.002611610218308359991, 0.0004411207164080599690 ) ) ;
#669 = CARTESIAN_POINT ( 'NONE',  ( 0.003842800000000579780, -0.003600000000000839941, 0.002150000000000039900 ) ) ;
#670 = ORIENTED_EDGE ( 'NONE', *, *, #612, .F. ) ;
#671 = VERTEX_POINT ( 'NONE', #1062 ) ;
#672 = EDGE_CURVE ( 'NONE', #2841, #6295, #680, .T. ) ;
#673 = LINE ( 'NONE', #6426, #5848 ) ;
#674 = AXIS2_PLACEMENT_3D ( 'NONE', #938, #1480, #3098 ) ;
#675 = CARTESIAN_POINT ( 'NONE',  ( 0.001750000000000109975, -0.003600000000000839941, -0.0001500000000000099886 ) ) ;
#676 = EDGE_CURVE ( 'NONE', #6088, #2605, #3146, .T. ) ;
#677 = CARTESIAN_POINT ( 'NONE',  ( -0.004099999999998840683, -0.004300000000000580268, 0.001303600000000019977 ) ) ;
#678 = CARTESIAN_POINT ( 'NONE',  ( -0.003042800000001239912, -0.002779999999999039750, -0.002150000000000039900 ) ) ;
#679 = EDGE_CURVE ( 'NONE', #1937, #849, #2620, .T. ) ;
#680 = LINE ( 'NONE', #5259, #3066 ) ;
#681 = VECTOR ( 'NONE', #3569, 1.000000000000000000 ) ;
#682 = ORIENTED_EDGE ( 'NONE', *, *, #991, .F. ) ;
#683 = PLANE ( 'NONE',  #313 ) ;
#684 = CARTESIAN_POINT ( 'NONE',  ( 0.004250000000000780064, -0.003073877937189919887, 0.001081258233222920015 ) ) ;
#685 = STYLED_ITEM ( 'NONE', ( #2125 ), #5133 ) ;
#686 = DIRECTION ( 'NONE',  ( 1.000000000000000000, 0.000000000000000000, 0.000000000000000000 ) ) ;
#687 = LINE ( 'NONE', #6405, #811 ) ;
#688 = LINE ( 'NONE', #1668, #2095 ) ;
#689 = ORIENTED_EDGE ( 'NONE', *, *, #5360, .T. ) ;
#690 = ORIENTED_EDGE ( 'NONE', *, *, #6552, .F. ) ;
#691 = ORIENTED_EDGE ( 'NONE', *, *, #1037, .F. ) ;
#692 = CARTESIAN_POINT ( 'NONE',  ( -0.001750000000000109975, -0.003600000000000839941, -0.0001500000000000099886 ) ) ;
#693 = ORIENTED_EDGE ( 'NONE', *, *, #2768, .F. ) ;
#694 = DIRECTION ( 'NONE',  ( -0.000000000000000000, 1.000000000000000000, 0.000000000000000000 ) ) ;
#695 = ORIENTED_EDGE ( 'NONE', *, *, #2626, .F. ) ;
#696 = CIRCLE ( 'NONE', #6027, 5.719999999999987247E-05 ) ;
#697 = CARTESIAN_POINT ( 'NONE',  ( 0.004250000000000780064, -0.002585134369195139954, -0.0001197726584530100027 ) ) ;
#698 = CARTESIAN_POINT ( 'NONE',  ( 0.004300000000000580268, -0.002250698054976033036, -1.046164309832188118E-05 ) ) ;
#699 = ADVANCED_FACE ( 'NONE', ( #6635 ), #3217, .F. ) ;
#700 = SURFACE_STYLE_USAGE ( .BOTH. , #195 ) ;
#701 = ORIENTED_EDGE ( 'NONE', *, *, #5246, .T. ) ;
#702 = VERTEX_POINT ( 'NONE', #104 ) ;
#703 = DIRECTION ( 'NONE',  ( 0.000000000000000000, -1.000000000000000000, 0.000000000000000000 ) ) ;
#704 = CARTESIAN_POINT ( 'NONE',  ( 0.004250000000000780064, -0.001563078422692379876, -0.0005258775166104020333 ) ) ;
#705 = ORIENTED_EDGE ( 'NONE', *, *, #5820, .T. ) ;
#706 = ORIENTED_EDGE ( 'NONE', *, *, #1497, .T. ) ;
#707 = PLANE ( 'NONE',  #2330 ) ;
#708 = EDGE_CURVE ( 'NONE', #2311, #6461, #3647, .T. ) ;
#709 = EDGE_LOOP ( 'NONE', ( #6392, #4265, #1287, #2161 ) ) ;
#710 = CIRCLE ( 'NONE', #1991, 0.0003047999999999998736 ) ;
#711 = CARTESIAN_POINT ( 'NONE',  ( -0.001799999999999909962, 0.000000000000000000, -0.001500000000000099995 ) ) ;
#712 = EDGE_CURVE ( 'NONE', #2726, #4249, #2658, .T. ) ;
#713 = ORIENTED_EDGE ( 'NONE', *, *, #2260, .F. ) ;
#714 = B_SPLINE_CURVE_WITH_KNOTS ( 'NONE', 3,
 ( #6070, #1498, #5492, #1529 ),
 .UNSPECIFIED., .F., .F.,
 ( 4, 4 ),
 ( 0.000000000000000000, 1.000000000000000000 ),
 .UNSPECIFIED. ) ;
#715 = ADVANCED_FACE ( 'NONE', ( #6136 ), #4178, .F. ) ;
#716 = VECTOR ( 'NONE', #2300, 1.000000000000000000 ) ;
#717 = DIRECTION ( 'NONE',  ( -1.000000000000000000, 0.000000000000000000, 0.000000000000000000 ) ) ;
#718 = VERTEX_POINT ( 'NONE', #4688 ) ;
#719 = LINE ( 'NONE', #6401, #2132 ) ;
#720 = EDGE_CURVE ( 'NONE', #2977, #5887, #5160, .T. ) ;
#721 = VECTOR ( 'NONE', #873, 1.000000000000000000 ) ;
#722 = CARTESIAN_POINT ( 'NONE',  ( 0.004250000000000780064, -0.002287153523872530094, 0.001022497690101110187 ) ) ;
#723 = CARTESIAN_POINT ( 'NONE',  ( 0.004300000000000580268, -0.001502020030686210044, 0.0007951504829813500113 ) ) ;
#724 = LINE ( 'NONE', #3223, #153 ) ;
#725 = AXIS2_PLACEMENT_3D ( 'NONE', #6250, #1742, #4267 ) ;
#726 = VECTOR ( 'NONE', #5153, 1.000000000000000000 ) ;
#727 = FACE_OUTER_BOUND ( 'NONE', #4810, .T. ) ;
#728 = VECTOR ( 'NONE', #6002, 1.000000000000000000 ) ;
#729 = B_SPLINE_CURVE_WITH_KNOTS ( 'NONE', 3,
 ( #6014, #4001, #5986, #4509 ),
 .UNSPECIFIED., .F., .F.,
 ( 4, 4 ),
 ( 0.000000000000000000, 1.000000000000000000 ),
 .UNSPECIFIED. ) ;
#730 = ORIENTED_EDGE ( 'NONE', *, *, #2710, .T. ) ;
#731 = ORIENTED_EDGE ( 'NONE', *, *, #4202, .F. ) ;
#732 = CARTESIAN_POINT ( 'NONE',  ( 0.004300000000000580268, -0.002691176409932580053, 0.0002105970870931720058 ) ) ;
#733 = ORIENTED_EDGE ( 'NONE', *, *, #1493, .T. ) ;
#734 = DIRECTION ( 'NONE',  ( 0.000000000000000000, 1.000000000000000000, 0.000000000000000000 ) ) ;
#735 = VERTEX_POINT ( 'NONE', #2692 ) ;
#736 = CARTESIAN_POINT ( 'NONE',  ( -0.003839999999999879968, -0.002779999999999039750, -0.001649999999999999991 ) ) ;
#737 = DIRECTION ( 'NONE',  ( 0.000000000000000000, 0.000000000000000000, -1.000000000000000000 ) ) ;
#738 = CARTESIAN_POINT ( 'NONE',  ( -0.001799999999999909962, -0.0005000000000000319944, 0.001500000000000099995 ) ) ;
#739 = CARTESIAN_POINT ( 'NONE',  ( 0.004250000000000780064, -0.001781153523872519963, 0.0007999244559860899583 ) ) ;
#740 = ORIENTED_EDGE ( 'NONE', *, *, #2235, .F. ) ;
#741 = VERTEX_POINT ( 'NONE', #4722 ) ;
#742 = FILL_AREA_STYLE ('',( #5815 ) ) ;
#743 = DIRECTION ( 'NONE',  ( 0.000000000000000000, -1.000000000000000000, 0.000000000000000000 ) ) ;
#744 = ORIENTED_EDGE ( 'NONE', *, *, #163, .T. ) ;
#745 = B_SPLINE_CURVE_WITH_KNOTS ( 'NONE', 3,
 ( #5667, #2026, #2528, #2057 ),
 .UNSPECIFIED., .F., .F.,
 ( 4, 4 ),
 ( 0.000000000000000000, 1.000000000000000000 ),
 .UNSPECIFIED. ) ;
#746 = VERTEX_POINT ( 'NONE', #1562 ) ;
#747 = PLANE ( 'NONE',  #5957 ) ;
#748 = CARTESIAN_POINT ( 'NONE',  ( 0.003442799999999639812, -0.004049999999999039611, -0.001211539816339700024 ) ) ;
#749 = VECTOR ( 'NONE', #1492, 1.000000000000000000 ) ;
#750 = EDGE_CURVE ( 'NONE', #4249, #4038, #4210, .T. ) ;
#751 = EDGE_CURVE ( 'NONE', #5466, #5119, #3391, .T. ) ;
#752 = ORIENTED_EDGE ( 'NONE', *, *, #753, .T. ) ;
#753 = EDGE_CURVE ( 'NONE', #6281, #3810, #2085, .T. ) ;
#754 = LINE ( 'NONE', #1260, #5637 ) ;
#755 =( GEOMETRIC_REPRESENTATION_CONTEXT ( 3 ) GLOBAL_UNCERTAINTY_ASSIGNED_CONTEXT ( ( #5072 ) ) GLOBAL_UNIT_ASSIGNED_CONTEXT ( ( #3642, #129, #1085 ) ) REPRESENTATION_CONTEXT ( 'NONE', 'WORKASPACE' ) );
#756 = CARTESIAN_POINT ( 'NONE',  ( -0.001999999999999869937, 0.0003999999999999240166, 0.001099999999999920052 ) ) ;
#757 = DIRECTION ( 'NONE',  ( -1.000000000000000000, 0.000000000000000000, 0.000000000000000000 ) ) ;
#758 = CARTESIAN_POINT ( 'NONE',  ( 0.004300000000000580268, -0.001589135844261960022, 0.0004012502786349980179 ) ) ;
#759 = VECTOR ( 'NONE', #5115, 1.000000000000000000 ) ;
#760 = DIRECTION ( 'NONE',  ( 0.000000000000000000, 0.000000000000000000, -1.000000000000000000 ) ) ;
#761 = AXIS2_PLACEMENT_3D ( 'NONE', #3807, #3306, #4744 ) ;
#762 = EDGE_CURVE ( 'NONE', #1172, #1543, #3085, .T. ) ;
#763 = CARTESIAN_POINT ( 'NONE',  ( 0.004250000000000779196, -0.001781153523872465753, 0.0007999244559860536376 ) ) ;
#764 = VERTEX_POINT ( 'NONE', #5662 ) ;
#765 = ORIENTED_EDGE ( 'NONE', *, *, #36, .T. ) ;
#766 = LINE ( 'NONE', #5310, #2318 ) ;
#767 = DIRECTION ( 'NONE',  ( 0.000000000000000000, 0.000000000000000000, -1.000000000000000000 ) ) ;
#768 = CARTESIAN_POINT ( 'NONE',  ( 0.001999999999999869937, 0.000000000000000000, -0.001000000000000060086 ) ) ;
#769 = ORIENTED_EDGE ( 'NONE', *, *, #4546, .F. ) ;
#770 = CARTESIAN_POINT ( 'NONE',  ( 0.004099999999998840683, -0.004300000000000580268, 0.001303600000000019977 ) ) ;
#771 = ADVANCED_FACE ( 'NONE', ( #1089 ), #5003, .T. ) ;
#772 = CARTESIAN_POINT ( 'NONE',  ( 0.004250000000000780064, -0.002773476032876819736, 0.0005368136140442339964 ) ) ;
#773 = CARTESIAN_POINT ( 'NONE',  ( 0.004300000000000580268, -0.002587062459263531067, 0.0004658709728111320070 ) ) ;
#774 = DIRECTION ( 'NONE',  ( 0.000000000000000000, 0.000000000000000000, 1.000000000000000000 ) ) ;
#775 = ORIENTED_EDGE ( 'NONE', *, *, #130, .F. ) ;
#776 = CARTESIAN_POINT ( 'NONE',  ( 0.004250000000000780064, -0.002139355179479459843, -0.0008370945041218419598 ) ) ;
#777 = CARTESIAN_POINT ( 'NONE',  ( 0.004300000000000580268, -0.0003999999999999240166, 0.002150000000000039900 ) ) ;
#778 = VERTEX_POINT ( 'NONE', #3821 ) ;
#779 = ORIENTED_EDGE ( 'NONE', *, *, #3724, .T. ) ;
#780 = CARTESIAN_POINT ( 'NONE',  ( 0.002890000000001140355, -0.002779999999999039750, 0.002150000000000039900 ) ) ;
#781 = DIRECTION ( 'NONE',  ( 0.000000000000000000, -1.000000000000000000, 0.000000000000000000 ) ) ;
#782 = ORIENTED_EDGE ( 'NONE', *, *, #590, .T. ) ;
#783 = DIRECTION ( 'NONE',  ( -1.000000000000000000, 0.000000000000000000, 0.000000000000000000 ) ) ;
#784 = ORIENTED_EDGE ( 'NONE', *, *, #243, .T. ) ;
#785 = EDGE_CURVE ( 'NONE', #3469, #4594, #1821, .T. ) ;
#786 = B_SPLINE_SURFACE_WITH_KNOTS ( 'NONE', 3, 1, ( 
 ( #4370, #2405 ),
 ( #5382, #4433 ),
 ( #5914, #3871 ),
 ( #1908, #6515 ) ),
 .UNSPECIFIED., .F., .F., .F.,
 ( 4, 4 ),
 ( 2, 2 ),
 ( 0.03087575205242590326, 0.9677007267008860270 ),
 ( 0.000000000000000000, 1.000000000000000000 ),
 .UNSPECIFIED. ) ;
#787 = DIRECTION ( 'NONE',  ( 0.000000000000000000, 0.000000000000000000, 1.000000000000000000 ) ) ;
#788 = CARTESIAN_POINT ( 'NONE',  ( 0.004300000000000578533, -0.001505612591661610036, 0.0008574993120667800343 ) ) ;
#789 = DIRECTION ( 'NONE',  ( 0.000000000000000000, 0.09715275786380664358, 0.9952694819190711639 ) ) ;
#790 = CARTESIAN_POINT ( 'NONE',  ( 0.001999999999999869937, 0.000000000000000000, -0.001000000000000060086 ) ) ;
#791 = EDGE_CURVE ( 'NONE', #5532, #190, #4248, .T. ) ;
#792 = ORIENTED_EDGE ( 'NONE', *, *, #6560, .T. ) ;
#793 = ORIENTED_EDGE ( 'NONE', *, *, #1411, .F. ) ;
#794 = VERTEX_POINT ( 'NONE', #1326 ) ;
#795 = CARTESIAN_POINT ( 'NONE',  ( 0.004300000000000580268, -0.002691877937190939943, -0.0003057567717387259481 ) ) ;
#796 = EDGE_CURVE ( 'NONE', #3664, #5399, #6301, .T. ) ;
#797 = CARTESIAN_POINT ( 'NONE',  ( -0.003442799999999639812, -0.003849999999999840095, 0.001211539816339700024 ) ) ;
#798 = CARTESIAN_POINT ( 'NONE',  ( 0.0002499999999999910063, -0.006850000000000540552, -0.0001500000000000099886 ) ) ;
#799 = EDGE_LOOP ( 'NONE', ( #6568, #328, #925, #5248, #5713, #908 ) ) ;
#800 = DIRECTION ( 'NONE',  ( 0.000000000000000000, 0.000000000000000000, -1.000000000000000000 ) ) ;
#801 = B_SPLINE_CURVE_WITH_KNOTS ( 'NONE', 3,
 ( #2740, #3266, #6251, #5210 ),
 .UNSPECIFIED., .F., .F.,
 ( 4, 4 ),
 ( 0.000000000000000000, 1.000000000000000000 ),
 .UNSPECIFIED. ) ;
#802 = CARTESIAN_POINT ( 'NONE',  ( 0.003799999999999999992, -0.0005000000000000319944, -0.001500000000000099995 ) ) ;
#803 = VECTOR ( 'NONE', #1192, 1.000000000000000000 ) ;
#804 = CARTESIAN_POINT ( 'NONE',  ( -0.001999999999999869937, 0.0003999999999999240166, -0.001099999999999920052 ) ) ;
#805 = FACE_OUTER_BOUND ( 'NONE', #2963, .T. ) ;
#806 = AXIS2_PLACEMENT_3D ( 'NONE', #3529, #5070, #487 ) ;
#807 = ORIENTED_EDGE ( 'NONE', *, *, #2715, .F. ) ;
#808 = ORIENTED_EDGE ( 'NONE', *, *, #2304, .F. ) ;
#809 = CARTESIAN_POINT ( 'NONE',  ( 0.001999999999999869937, 0.004400000000000180676, -0.001000000000000060086 ) ) ;
#810 = EDGE_CURVE ( 'NONE', #3995, #51, #1060, .T. ) ;
#811 = VECTOR ( 'NONE', #1201, 1.000000000000000000 ) ;
#812 = DIRECTION ( 'NONE',  ( 0.000000000000000000, -1.000000000000000000, 0.000000000000000000 ) ) ;
#813 = EDGE_LOOP ( 'NONE', ( #4316, #4781, #2972, #399 ) ) ;
#814 = DIRECTION ( 'NONE',  ( -1.000000000000000000, 0.000000000000000000, 0.000000000000000000 ) ) ;
#815 = ORIENTED_EDGE ( 'NONE', *, *, #3515, .F. ) ;
#816 = CARTESIAN_POINT ( 'NONE',  ( 0.004300000000000580268, -0.002139355179479459843, -0.0008370945041218419598 ) ) ;
#817 = EDGE_LOOP ( 'NONE', ( #2572, #3829, #5776, #2288 ) ) ;
#818 = CARTESIAN_POINT ( 'NONE',  ( 0.003042800000001239912, -0.004049999999999039611, 0.001211539816339700024 ) ) ;
#819 = B_SPLINE_CURVE_WITH_KNOTS ( 'NONE', 3,
 ( #4564, #5105, #3121, #2030 ),
 .UNSPECIFIED., .F., .F.,
 ( 4, 4 ),
 ( 0.000000000000000000, 1.000000000000000000 ),
 .UNSPECIFIED. ) ;
#820 = ORIENTED_EDGE ( 'NONE', *, *, #4288, .F. ) ;
#821 = CARTESIAN_POINT ( 'NONE',  ( 0.004250000000000780931, -0.002758425878522607639, 0.0005312925971446076819 ) ) ;
#822 = CARTESIAN_POINT ( 'NONE',  ( 0.001999999999999869937, 0.0003999999999999240166, -0.001000000000000060086 ) ) ;
#823 = CARTESIAN_POINT ( 'NONE',  ( 0.003042800000001239912, -0.004049999999999039611, -0.001211539816339700024 ) ) ;
#824 = CARTESIAN_POINT ( 'NONE',  ( 0.004250000000000780931, -0.001829093387115789896, 0.001334308278259739881 ) ) ;
#825 = DIRECTION ( 'NONE',  ( 1.000000000000000000, 0.000000000000000000, 0.000000000000000000 ) ) ;
#826 = AXIS2_PLACEMENT_3D ( 'NONE', #5742, #6283, #4802 ) ;
#827 = EDGE_CURVE ( 'NONE', #1869, #3042, #754, .T. ) ;
#828 = B_SPLINE_CURVE_WITH_KNOTS ( 'NONE', 3,
 ( #4898, #2461, #3986, #4423 ),
 .UNSPECIFIED., .F., .F.,
 ( 4, 4 ),
 ( 0.000000000000000000, 1.000000000000000000 ),
 .UNSPECIFIED. ) ;
#829 = CARTESIAN_POINT ( 'NONE',  ( -0.0002499999999999910063, -0.006850000000000540552, -0.0001500000000000099886 ) ) ;
#830 = AXIS2_PLACEMENT_3D ( 'NONE', #1500, #3523, #2562 ) ;
#831 = VECTOR ( 'NONE', #1042, 1.000000000000000000 ) ;
#832 = LINE ( 'NONE', #6439, #6372 ) ;
#833 = ORIENTED_EDGE ( 'NONE', *, *, #513, .F. ) ;
#834 = CARTESIAN_POINT ( 'NONE',  ( 0.0006999999999999999929, -0.002200000000000090338, 0.002150000000000039900 ) ) ;
#835 = DIRECTION ( 'NONE',  ( 0.000000000000000000, 0.000000000000000000, 1.000000000000000000 ) ) ;
#836 = EDGE_CURVE ( 'NONE', #3467, #5067, #3283, .T. ) ;
#837 = ADVANCED_FACE ( 'NONE', ( #6366 ), #2259, .F. ) ;
#838 = ORIENTED_EDGE ( 'NONE', *, *, #2761, .F. ) ;
#839 = AXIS2_PLACEMENT_3D ( 'NONE', #3168, #635, #2683 ) ;
#840 = CARTESIAN_POINT ( 'NONE',  ( 0.004300000000000580268, -0.002231372843089031877, 9.474841521580479450E-05 ) ) ;
#841 =( GEOMETRIC_REPRESENTATION_CONTEXT ( 3 ) GLOBAL_UNCERTAINTY_ASSIGNED_CONTEXT ( ( #3993 ) ) GLOBAL_UNIT_ASSIGNED_CONTEXT ( ( #5349, #629, #4773 ) ) REPRESENTATION_CONTEXT ( 'NONE', 'WORKASPACE' ) );
#842 = DIRECTION ( 'NONE',  ( -1.000000000000000000, 0.000000000000000000, 0.000000000000000000 ) ) ;
#843 = ADVANCED_FACE ( 'NONE', ( #3752 ), #2358, .T. ) ;
#844 = ORIENTED_EDGE ( 'NONE', *, *, #4077, .T. ) ;
#845 = CARTESIAN_POINT ( 'NONE',  ( 0.002249999999999889675, -0.003600000000000839941, 0.0001500000000000099886 ) ) ;
#846 = LINE ( 'NONE', #5047, #721 ) ;
#847 = ORIENTED_EDGE ( 'NONE', *, *, #750, .T. ) ;
#848 = DIRECTION ( 'NONE',  ( 0.000000000000000000, -1.000000000000000000, 0.000000000000000000 ) ) ;
#849 = VERTEX_POINT ( 'NONE', #1224 ) ;
#850 = LINE ( 'NONE', #878, #3947 ) ;
#851 = EDGE_CURVE ( 'NONE', #5068, #5540, #6431, .T. ) ;
#852 = ORIENTED_EDGE ( 'NONE', *, *, #948, .F. ) ;
#853 = VERTEX_POINT ( 'NONE', #5792 ) ;
#854 = CARTESIAN_POINT ( 'NONE',  ( 0.004300000000000580268, -0.003073877937190347496, 0.001081258233165693222 ) ) ;
#855 = AXIS2_PLACEMENT_3D ( 'NONE', #2801, #4828, #245 ) ;
#856 = CARTESIAN_POINT ( 'NONE',  ( 0.004300000000000580268, -0.002691877937190939943, -0.0003057567717387259481 ) ) ;
#857 = CARTESIAN_POINT ( 'NONE',  ( 0.004250000000000780931, -0.001511771408552739894, 0.0005943829588949000762 ) ) ;
#858 = CARTESIAN_POINT ( 'NONE',  ( 0.003042800000001239912, -0.003600000000000839941, 0.001700000000000059970 ) ) ;
#859 = VECTOR ( 'NONE', #1423, 1.000000000000000000 ) ;
#860 = DIRECTION ( 'NONE',  ( 1.000000000000000000, 0.000000000000000000, 0.000000000000000000 ) ) ;
#861 = VERTEX_POINT ( 'NONE', #3318 ) ;
#862 = CARTESIAN_POINT ( 'NONE',  ( -0.003842800000000579780, -0.003650000000000640146, 0.001700000000000059970 ) ) ;
#863 = VECTOR ( 'NONE', #4917, 1.000000000000000000 ) ;
#864 = LINE ( 'NONE', #1928, #4631 ) ;
#865 = CARTESIAN_POINT ( 'NONE',  ( 0.004250000000000780064, -0.002338728451157570058, 7.762345491914999027E-06 ) ) ;
#866 = ORIENTED_EDGE ( 'NONE', *, *, #751, .T. ) ;
#867 = DIRECTION ( 'NONE',  ( 0.000000000000000000, 0.000000000000000000, -1.000000000000000000 ) ) ;
#868 = DIRECTION ( 'NONE',  ( -0.000000000000000000, 1.000000000000000000, 0.000000000000000000 ) ) ;
#869 = ORIENTED_EDGE ( 'NONE', *, *, #1688, .T. ) ;
#870 = EDGE_CURVE ( 'NONE', #5466, #2011, #3251, .T. ) ;
#871 = ORIENTED_EDGE ( 'NONE', *, *, #4202, .T. ) ;
#872 =( NAMED_UNIT ( * ) SI_UNIT ( $, .STERADIAN. ) SOLID_ANGLE_UNIT ( ) );
#873 = DIRECTION ( 'NONE',  ( -1.000000000000000000, 0.000000000000000000, 0.000000000000000000 ) ) ;
#874 = EDGE_CURVE ( 'NONE', #3910, #2178, #946, .T. ) ;
#875 = ORIENTED_EDGE ( 'NONE', *, *, #6403, .T. ) ;
#876 = PLANE ( 'NONE',  #4407 ) ;
#877 = ORIENTED_EDGE ( 'NONE', *, *, #575, .F. ) ;
#878 = CARTESIAN_POINT ( 'NONE',  ( 0.004300000000000580268, -0.002091113198820100053, 0.0007779833363192680028 ) ) ;
#879 = VERTEX_POINT ( 'NONE', #270 ) ;
#880 = CARTESIAN_POINT ( 'NONE',  ( 0.003842800000000579780, 0.0003999999999999240166, 0.001750000000000109975 ) ) ;
#881 = EDGE_CURVE ( 'NONE', #1608, #2041, #207, .T. ) ;
#882 = ORIENTED_EDGE ( 'NONE', *, *, #4868, .F. ) ;
#883 = CARTESIAN_POINT ( 'NONE',  ( -0.003842800000000579780, -0.003600000000000839941, 0.001700000000000059970 ) ) ;
#884 = EDGE_CURVE ( 'NONE', #5765, #3374, #1539, .T. ) ;
#885 = DIRECTION ( 'NONE',  ( -1.000000000000000000, 0.000000000000000000, 0.000000000000000000 ) ) ;
#886 = ADVANCED_FACE ( 'NONE', ( #238 ), #5861, .T. ) ;
#887 = VECTOR ( 'NONE', #6617, 1.000000000000000000 ) ;
#888 = CARTESIAN_POINT ( 'NONE',  ( 0.004300000000000578533, -0.001714645244342229927, 0.001271506109511520016 ) ) ;
#889 = LINE ( 'NONE', #2918, #6446 ) ;
#890 = CARTESIAN_POINT ( 'NONE',  ( -0.003042800000001239912, -0.003600000000000839941, -0.001700000000000059970 ) ) ;
#891 = LINE ( 'NONE', #1797, #2103 ) ;
#892 = DIRECTION ( 'NONE',  ( 0.000000000000000000, -1.000000000000000000, 0.000000000000000000 ) ) ;
#893 = CARTESIAN_POINT ( 'NONE',  ( 0.003442799999999639812, -0.004049999999999039611, 0.001211539816339700024 ) ) ;
#894 = B_SPLINE_SURFACE_WITH_KNOTS ( 'NONE', 3, 1, ( 
 ( #763, #4798 ),
 ( #4289, #3791 ),
 ( #1702, #5832 ),
 ( #3291, #5772 ) ),
 .UNSPECIFIED., .F., .F., .F.,
 ( 4, 4 ),
 ( 2, 2 ),
 ( 0.02465844809551081401, 0.9936613449891033012 ),
 ( 0.000000000000000000, 1.000000000000000000 ),
 .UNSPECIFIED. ) ;
#895 = ORIENTED_EDGE ( 'NONE', *, *, #1076, .T. ) ;
#896 = CARTESIAN_POINT ( 'NONE',  ( -0.001799999999999909962, 0.000000000000000000, 0.001500000000000099995 ) ) ;
#897 = EDGE_CURVE ( 'NONE', #4167, #1625, #5056, .T. ) ;
#898 = CARTESIAN_POINT ( 'NONE',  ( 0.003899999999999639866, -0.004300000000000580268, -0.0004590108938549639886 ) ) ;
#899 = DIRECTION ( 'NONE',  ( -0.000000000000000000, 0.5340785964476150172, 0.8454348306147231318 ) ) ;
#900 = DIRECTION ( 'NONE',  ( 0.000000000000000000, -0.3043458825695967152, 0.9525615905351911827 ) ) ;
#901 = CARTESIAN_POINT ( 'NONE',  ( 0.004300000000000580268, -0.002309134969762730201, 0.0001318757469181590163 ) ) ;
#902 = VERTEX_POINT ( 'NONE', #4482 ) ;
#903 = CARTESIAN_POINT ( 'NONE',  ( -0.001799999999999909962, 0.000000000000000000, -0.001099999999999920052 ) ) ;
#904 = AXIS2_PLACEMENT_3D ( 'NONE', #3012, #1058, #5058 ) ;
#905 = ORIENTED_EDGE ( 'NONE', *, *, #3643, .T. ) ;
#906 = ADVANCED_FACE ( 'NONE', ( #1918 ), #6607, .T. ) ;
#907 = CARTESIAN_POINT ( 'NONE',  ( -0.001750000000000109975, -0.003600000000000839941, -0.0001500000000000099886 ) ) ;
#908 = ORIENTED_EDGE ( 'NONE', *, *, #1765, .T. ) ;
#909 = VECTOR ( 'NONE', #2925, 1.000000000000000000 ) ;
#910 = ORIENTED_EDGE ( 'NONE', *, *, #2883, .F. ) ;
#911 = ADVANCED_FACE ( 'NONE', ( #1491 ), #2944, .F. ) ;
#912 = CARTESIAN_POINT ( 'NONE',  ( 0.004300000000000581135, -0.002201130644004740088, -0.0002173881182115399758 ) ) ;
#913 = EDGE_CURVE ( 'NONE', #185, #4600, #2914, .T. ) ;
#914 = CARTESIAN_POINT ( 'NONE',  ( -0.001999999999999869937, 0.0003999999999999240166, 0.001099999999999920052 ) ) ;
#915 = CARTESIAN_POINT ( 'NONE',  ( -0.001750000000000109975, -0.006850000000000540552, -0.0001500000000000099886 ) ) ;
#916 = CARTESIAN_POINT ( 'NONE',  ( 0.004300000000000580268, -0.002865980738197240058, 0.0001507792160871170050 ) ) ;
#917 = PLANE ( 'NONE',  #2434 ) ;
#918 = CARTESIAN_POINT ( 'NONE',  ( 0.004300000000000580268, -0.0003999999999999240166, 0.001425999999999880054 ) ) ;
#919 = EDGE_CURVE ( 'NONE', #6108, #3435, #3481, .T. ) ;
#920 = ORIENTED_EDGE ( 'NONE', *, *, #6144, .T. ) ;
#921 = AXIS2_PLACEMENT_3D ( 'NONE', #2000, #5172, #1541 ) ;
#922 = CARTESIAN_POINT ( 'NONE',  ( 0.001999999999999869937, 0.004400000000000180676, 0.001000000000000060086 ) ) ;
#923 = DIRECTION ( 'NONE',  ( 0.000000000000000000, 0.000000000000000000, -1.000000000000000000 ) ) ;
#924 = CARTESIAN_POINT ( 'NONE',  ( 0.004300000000000579400, -0.002684943035460265331, 0.0004950325516963955579 ) ) ;
#925 = ORIENTED_EDGE ( 'NONE', *, *, #4378, .T. ) ;
#926 = CARTESIAN_POINT ( 'NONE',  ( 0.004300000000000580268, -0.002559294577925880047, 2.856663412099900284E-06 ) ) ;
#927 = AXIS2_PLACEMENT_3D ( 'NONE', #5334, #757, #5865 ) ;
#928 = LINE ( 'NONE', #1471, #1325 ) ;
#929 = VERTEX_POINT ( 'NONE', #4411 ) ;
#930 = VECTOR ( 'NONE', #6121, 1.000000000000000000 ) ;
#931 = UNCERTAINTY_MEASURE_WITH_UNIT (LENGTH_MEASURE( 1.000000000000000082E-05 ), #4328, 'distance_accuracy_value', 'NONE');
#932 = DIRECTION ( 'NONE',  ( -0.000000000000000000, 1.000000000000000000, 0.000000000000000000 ) ) ;
#933 = DIRECTION ( 'NONE',  ( 0.000000000000000000, 0.000000000000000000, 1.000000000000000000 ) ) ;
#934 = ORIENTED_EDGE ( 'NONE', *, *, #408, .F. ) ;
#935 = CARTESIAN_POINT ( 'NONE',  ( -0.004300000000000580268, -0.006887964625008399962, 0.0002903407727950679980 ) ) ;
#936 = VECTOR ( 'NONE', #6215, 1.000000000000000000 ) ;
#937 = ORIENTED_EDGE ( 'NONE', *, *, #2059, .T. ) ;
#938 = CARTESIAN_POINT ( 'NONE',  ( 0.003899999999999639866, -0.004300000000000580268, -0.002150000000000039900 ) ) ;
#939 = MECHANICAL_DESIGN_GEOMETRIC_PRESENTATION_REPRESENTATION (  '', ( #3709 ), #841 ) ;
#940 = VERTEX_POINT ( 'NONE', #4953 ) ;
#941 = DIRECTION ( 'NONE',  ( 0.000000000000000000, 0.000000000000000000, 1.000000000000000000 ) ) ;
#942 = ORIENTED_EDGE ( 'NONE', *, *, #280, .F. ) ;
#943 = CARTESIAN_POINT ( 'NONE',  ( 0.004250000000000780064, 0.000000000000000000, -0.002150000000000039900 ) ) ;
#944 = CARTESIAN_POINT ( 'NONE',  ( 0.000000000000000000, 0.004400000000000180676, 0.001000000000000060086 ) ) ;
#945 = ORIENTED_EDGE ( 'NONE', *, *, #1871, .T. ) ;
#946 = CIRCLE ( 'NONE', #1278, 5.000000000000316691E-05 ) ;
#947 = CARTESIAN_POINT ( 'NONE',  ( 0.004250000000000780064, -0.002349717375593700103, -0.0002046117978268939834 ) ) ;
#948 = EDGE_CURVE ( 'NONE', #5361, #1937, #5857, .T. ) ;
#949 = DIRECTION ( 'NONE',  ( -1.000000000000000000, 0.000000000000000000, 0.000000000000000000 ) ) ;
#950 = EDGE_CURVE ( 'NONE', #3649, #3252, #483, .T. ) ;
#951 = CARTESIAN_POINT ( 'NONE',  ( 0.004250000000000780931, -0.001981049641213662813, 0.0003428127497067152301 ) ) ;
#952 = CARTESIAN_POINT ( 'NONE',  ( -0.003842800000000579780, 0.000000000000000000, -0.001425999999999880054 ) ) ;
#953 = ADVANCED_FACE ( 'NONE', ( #4446 ), #3557, .T. ) ;
#954 = VERTEX_POINT ( 'NONE', #5092 ) ;
#955 = LINE ( 'NONE', #802, #5420 ) ;
#956 = DIRECTION ( 'NONE',  ( 0.000000000000000000, 0.000000000000000000, -1.000000000000000000 ) ) ;
#957 = ORIENTED_EDGE ( 'NONE', *, *, #796, .T. ) ;
#958 = DIRECTION ( 'NONE',  ( -1.000000000000000000, 0.000000000000000000, 0.000000000000000000 ) ) ;
#959 = CARTESIAN_POINT ( 'NONE',  ( -0.003842800000000579780, -0.004049999999999039611, -0.001211539816339700024 ) ) ;
#960 = STYLED_ITEM ( 'NONE', ( #76 ), #1895 ) ;
#961 = DIRECTION ( 'NONE',  ( 0.000000000000000000, 1.000000000000000000, 0.000000000000000000 ) ) ;
#962 = AXIS2_PLACEMENT_3D ( 'NONE', #1840, #258, #5912 ) ;
#963 = ADVANCED_FACE ( 'NONE', ( #1084, #57 ), #2115, .F. ) ;
#964 = ORIENTED_EDGE ( 'NONE', *, *, #3825, .F. ) ;
#965 = SURFACE_SIDE_STYLE ('',( #1507 ) ) ;
#966 = VERTEX_POINT ( 'NONE', #6161 ) ;
#967 = MECHANICAL_DESIGN_GEOMETRIC_PRESENTATION_REPRESENTATION (  '', ( #3201 ), #1823 ) ;
#968 =( LENGTH_UNIT ( ) NAMED_UNIT ( * ) SI_UNIT ( $, .METRE. ) );
#969 = EDGE_CURVE ( 'NONE', #940, #316, #6198, .T. ) ;
#970 = ORIENTED_EDGE ( 'NONE', *, *, #6634, .F. ) ;
#971 = CARTESIAN_POINT ( 'NONE',  ( 0.004300000000000580268, -0.002585134369195139954, -0.0001197726584530100027 ) ) ;
#972 = FACE_OUTER_BOUND ( 'NONE', #6292, .T. ) ;
#973 = EDGE_CURVE ( 'NONE', #6225, #4310, #67, .T. ) ;
#974 = EDGE_LOOP ( 'NONE', ( #869, #2584, #3710, #1705, #6457, #4879, #808, #2851, #4477, #4982, #2332, #2862, #6539, #3091, #1663, #2117, #5976, #3672, #4674, #219 ) ) ;
#975 = LINE ( 'NONE', #2575, #2705 ) ;
#976 = AXIS2_PLACEMENT_3D ( 'NONE', #6122, #4069, #3539 ) ;
#977 = DIRECTION ( 'NONE',  ( 0.000000000000000000, -1.000000000000000000, 0.000000000000000000 ) ) ;
#978 = AXIS2_PLACEMENT_3D ( 'NONE', #2457, #2888, #860 ) ;
#979 = CARTESIAN_POINT ( 'NONE',  ( 0.004250000000000780064, -0.002691176409932580053, 0.0002105970870931720058 ) ) ;
#980 = ORIENTED_EDGE ( 'NONE', *, *, #5567, .F. ) ;
#981 = CARTESIAN_POINT ( 'NONE',  ( -0.004300000000000580268, -0.004300000000000580268, 0.002150000000000039900 ) ) ;
#982 = VERTEX_POINT ( 'NONE', #604 ) ;
#983 = SURFACE_STYLE_USAGE ( .BOTH. , #4442 ) ;
#984 = CARTESIAN_POINT ( 'NONE',  ( -0.004300000000000580268, -0.004300000000000580268, -0.0004590108938549639886 ) ) ;
#985 = VERTEX_POINT ( 'NONE', #2552 ) ;
#986 = CARTESIAN_POINT ( 'NONE',  ( 0.004250000000000780064, -0.002507947311475329857, -7.240799362484579970E-05 ) ) ;
#987 = LINE ( 'NONE', #6025, #6086 ) ;
#988 = DIRECTION ( 'NONE',  ( -1.000000000000000000, 0.000000000000000000, 0.000000000000000000 ) ) ;
#989 = CARTESIAN_POINT ( 'NONE',  ( 0.002890000000001140355, -0.003600000000000839941, -0.002150000000000039900 ) ) ;
#990 = CARTESIAN_POINT ( 'NONE',  ( 0.004300000000000580268, -0.002139355179479459843, -0.0008370945041218419598 ) ) ;
#991 = EDGE_CURVE ( 'NONE', #2253, #1540, #1651, .T. ) ;
#992 = DIRECTION ( 'NONE',  ( -1.000000000000000000, 0.000000000000000000, 0.000000000000000000 ) ) ;
#993 = DIRECTION ( 'NONE',  ( 1.000000000000000000, 0.000000000000000000, 0.000000000000000000 ) ) ;
#994 = LINE ( 'NONE', #3018, #4419 ) ;
#995 = ORIENTED_EDGE ( 'NONE', *, *, #1585, .F. ) ;
#996 = EDGE_CURVE ( 'NONE', #2758, #2241, #2152, .T. ) ;
#997 = VECTOR ( 'NONE', #2631, 1.000000000000000000 ) ;
#998 = ORIENTED_EDGE ( 'NONE', *, *, #948, .T. ) ;
#999 = EDGE_CURVE ( 'NONE', #5292, #1283, #571, .T. ) ;
#1000 = FILL_AREA_STYLE_COLOUR ( '', #2881 ) ;
#1001 = ORIENTED_EDGE ( 'NONE', *, *, #44, .T. ) ;
#1002 = DIRECTION ( 'NONE',  ( -1.000000000000000000, 0.000000000000000000, 0.000000000000000000 ) ) ;
#1003 = PLANE ( 'NONE',  #3384 ) ;
#1004 = ORIENTED_EDGE ( 'NONE', *, *, #1213, .F. ) ;
#1005 = CARTESIAN_POINT ( 'NONE',  ( 0.004250000000000780064, -0.002231153523872500110, 5.179246496675520380E-05 ) ) ;
#1006 = LINE ( 'NONE', #498, #390 ) ;
#1007 = B_SPLINE_SURFACE_WITH_KNOTS ( 'NONE', 3, 1, ( 
 ( #1462, #3981 ),
 ( #6601, #4052 ),
 ( #1955, #2836 ),
 ( #2951, #5097 ) ),
 .UNSPECIFIED., .F., .F., .F.,
 ( 4, 4 ),
 ( 2, 2 ),
 ( 0.02067326558914517332, 0.9762679669972162966 ),
 ( 0.000000000000000000, 1.000000000000000000 ),
 .UNSPECIFIED. ) ;
#1008 = DIRECTION ( 'NONE',  ( 0.000000000000000000, 0.9525615905351911827, -0.3043458825695970482 ) ) ;
#1009 = EDGE_CURVE ( 'NONE', #3155, #1172, #4989, .T. ) ;
#1010 = ORIENTED_EDGE ( 'NONE', *, *, #3765, .T. ) ;
#1011 = LINE ( 'NONE', #2073, #2828 ) ;
#1012 = ORIENTED_EDGE ( 'NONE', *, *, #4995, .T. ) ;
#1013 =( NAMED_UNIT ( * ) SI_UNIT ( $, .STERADIAN. ) SOLID_ANGLE_UNIT ( ) );
#1014 = AXIS2_PLACEMENT_3D ( 'NONE', #4539, #3537, #5612 ) ;
#1015 = DIRECTION ( 'NONE',  ( 0.000000000000000000, -0.4545222165507900591, 0.8907354010376801190 ) ) ;
#1016 = VERTEX_POINT ( 'NONE', #1017 ) ;
#1017 = CARTESIAN_POINT ( 'NONE',  ( 0.0006999999999999999929, -0.001000000000000060086, 0.001750000000000109975 ) ) ;
#1018 = COLOUR_RGB ( '',0.000000000000000000, 0.000000000000000000, 0.000000000000000000 ) ;
#1019 = ORIENTED_EDGE ( 'NONE', *, *, #4342, .F. ) ;
#1020 = FACE_OUTER_BOUND ( 'NONE', #3376, .T. ) ;
#1021 = AXIS2_PLACEMENT_3D ( 'NONE', #1341, #5841, #1276 ) ;
#1022 = CARTESIAN_POINT ( 'NONE',  ( 0.004300000000000578533, -0.001922125109251390709, 0.0003308474117064078425 ) ) ;
#1023 = CYLINDRICAL_SURFACE ( 'NONE', #2499, 0.0003999999999999238540 ) ;
#1024 = CARTESIAN_POINT ( 'NONE',  ( -0.003042800000001239912, -0.003573500000001199849, 0.001950000000000069950 ) ) ;
#1025 = CARTESIAN_POINT ( 'NONE',  ( -0.0006999999999999999929, -0.001000000000000060086, 0.001750000000000109975 ) ) ;
#1026 = EDGE_CURVE ( 'NONE', #954, #5881, #3640, .T. ) ;
#1027 = CARTESIAN_POINT ( 'NONE',  ( 0.003799999999999999992, 0.000000000000000000, -0.001500000000000099995 ) ) ;
#1028 = DIRECTION ( 'NONE',  ( 0.000000000000000000, 0.000000000000000000, -1.000000000000000000 ) ) ;
#1029 = ORIENTED_EDGE ( 'NONE', *, *, #551, .T. ) ;
#1030 = ORIENTED_EDGE ( 'NONE', *, *, #6308, .T. ) ;
#1031 = FACE_OUTER_BOUND ( 'NONE', #230, .T. ) ;
#1032 = VECTOR ( 'NONE', #1938, 1.000000000000000000 ) ;
#1033 = SURFACE_STYLE_USAGE ( .BOTH. , #4565 ) ;
#1034 = ORIENTED_EDGE ( 'NONE', *, *, #2599, .F. ) ;
#1035 = EDGE_CURVE ( 'NONE', #6128, #4444, #2047, .T. ) ;
#1036 = PLANE ( 'NONE',  #1255 ) ;
#1037 = EDGE_CURVE ( 'NONE', #3810, #2921, #4204, .T. ) ;
#1038 = CARTESIAN_POINT ( 'NONE',  ( 0.004250000000000780064, -0.002691176409932553165, 0.0002105970870931495086 ) ) ;
#1039 = ORIENTED_EDGE ( 'NONE', *, *, #3442, .T. ) ;
#1040 = LINE ( 'NONE', #5511, #1864 ) ;
#1041 = CIRCLE ( 'NONE', #5412, 0.0003047999999999998736 ) ;
#1042 = DIRECTION ( 'NONE',  ( 1.000000000000000000, 0.000000000000000000, 0.000000000000000000 ) ) ;
#1043 = EDGE_CURVE ( 'NONE', #5604, #2078, #3673, .T. ) ;
#1044 = VECTOR ( 'NONE', #3899, 1.000000000000000000 ) ;
#1045 = CARTESIAN_POINT ( 'NONE',  ( 0.004300000000000581135, -0.001781153523872548369, 0.0007999244559861675872 ) ) ;
#1046 = ORIENTED_EDGE ( 'NONE', *, *, #4787, .T. ) ;
#1047 = CARTESIAN_POINT ( 'NONE',  ( 0.003899999999999639866, -0.004300000000000580268, -0.002150000000000039900 ) ) ;
#1048 = ORIENTED_EDGE ( 'NONE', *, *, #6363, .F. ) ;
#1049 = VECTOR ( 'NONE', #4435, 1.000000000000000000 ) ;
#1050 = LINE ( 'NONE', #5620, #2531 ) ;
#1051 = VERTEX_POINT ( 'NONE', #3173 ) ;
#1052 = ADVANCED_FACE ( 'NONE', ( #4173 ), #1148, .F. ) ;
#1053 = VECTOR ( 'NONE', #6474, 1.000000000000000000 ) ;
#1054 = DIRECTION ( 'NONE',  ( 0.000000000000000000, 0.000000000000000000, -1.000000000000000000 ) ) ;
#1055 = AXIS2_PLACEMENT_3D ( 'NONE', #2835, #2894, #3364 ) ;
#1056 = AXIS2_PLACEMENT_3D ( 'NONE', #3043, #4583, #1623 ) ;
#1057 = DIRECTION ( 'NONE',  ( 0.000000000000000000, 1.000000000000000000, 0.000000000000000000 ) ) ;
#1058 = DIRECTION ( 'NONE',  ( 1.000000000000000000, 0.000000000000000000, 0.000000000000000000 ) ) ;
#1059 = CARTESIAN_POINT ( 'NONE',  ( 0.002890000000001140355, -0.003600000000000839941, 0.001649999999999999991 ) ) ;
#1060 = CIRCLE ( 'NONE', #1911, 0.0004572000000000000001 ) ;
#1061 = VERTEX_POINT ( 'NONE', #2687 ) ;
#1062 = CARTESIAN_POINT ( 'NONE',  ( 0.004300000000000580268, -0.002228147234490370030, -0.001183882132549520004 ) ) ;
#1063 = LINE ( 'NONE', #1532, #2322 ) ;
#1064 = LINE ( 'NONE', #5136, #5605 ) ;
#1065 = ORIENTED_EDGE ( 'NONE', *, *, #5071, .F. ) ;
#1066 = CARTESIAN_POINT ( 'NONE',  ( -0.003842800000000579780, 0.000000000000000000, 0.001425999999999880054 ) ) ;
#1067 = VECTOR ( 'NONE', #3220, 1.000000000000000000 ) ;
#1068 = VERTEX_POINT ( 'NONE', #4076 ) ;
#1069 = DIRECTION ( 'NONE',  ( 1.000000000000000000, 0.000000000000000000, 0.000000000000000000 ) ) ;
#1070 = CARTESIAN_POINT ( 'NONE',  ( -0.004300000000000580268, -0.0003999999999999240166, -0.002150000000000039900 ) ) ;
#1071 = ORIENTED_EDGE ( 'NONE', *, *, #2796, .F. ) ;
#1072 = DIRECTION ( 'NONE',  ( -1.000000000000000000, 0.000000000000000000, 0.000000000000000000 ) ) ;
#1073 = CARTESIAN_POINT ( 'NONE',  ( -0.003899999999999639866, -0.0003999999999999240166, 0.001425999999999880054 ) ) ;
#1074 = CIRCLE ( 'NONE', #99, 0.0004499999999999777615 ) ;
#1075 = CARTESIAN_POINT ( 'NONE',  ( -0.003842800000000579780, 0.000000000000000000, -0.001425999999999880054 ) ) ;
#1076 = EDGE_CURVE ( 'NONE', #2088, #224, #4716, .T. ) ;
#1077 = ORIENTED_EDGE ( 'NONE', *, *, #3974, .T. ) ;
#1078 = LINE ( 'NONE', #3036, #5488 ) ;
#1079 = LINE ( 'NONE', #3103, #1402 ) ;
#1080 = VECTOR ( 'NONE', #533, 1.000000000000000000 ) ;
#1081 = CARTESIAN_POINT ( 'NONE',  ( 0.004300000000000580268, -0.002691176409932580053, 0.0002105970870931720058 ) ) ;
#1082 = VECTOR ( 'NONE', #52, 1.000000000000000000 ) ;
#1083 = ORIENTED_EDGE ( 'NONE', *, *, #2665, .T. ) ;
#1084 = FACE_BOUND ( 'NONE', #3792, .T. ) ;
#1085 =( NAMED_UNIT ( * ) SI_UNIT ( $, .STERADIAN. ) SOLID_ANGLE_UNIT ( ) );
#1086 = EDGE_CURVE ( 'NONE', #22, #5279, #1556, .T. ) ;
#1087 = LINE ( 'NONE', #5157, #2076 ) ;
#1088 = DIRECTION ( 'NONE',  ( 0.000000000000000000, 0.000000000000000000, -1.000000000000000000 ) ) ;
#1089 = FACE_OUTER_BOUND ( 'NONE', #5295, .T. ) ;
#1090 = ORIENTED_EDGE ( 'NONE', *, *, #4337, .T. ) ;
#1091 = B_SPLINE_CURVE_WITH_KNOTS ( 'NONE', 3,
 ( #5063, #4118, #482, #35 ),
 .UNSPECIFIED., .F., .F.,
 ( 4, 4 ),
 ( 0.000000000000000000, 1.000000000000000000 ),
 .UNSPECIFIED. ) ;
#1092 = ORIENTED_EDGE ( 'NONE', *, *, #4992, .F. ) ;
#1093 = EDGE_CURVE ( 'NONE', #1068, #1161, #4648, .T. ) ;
#1094 = CYLINDRICAL_SURFACE ( 'NONE', #5305, 0.0007619999999999998736 ) ;
#1095 = DIRECTION ( 'NONE',  ( 0.000000000000000000, -0.9799993465698060291, 0.1990007053323009922 ) ) ;
#1096 = CARTESIAN_POINT ( 'NONE',  ( 0.004250000000000780064, -0.002288153523872519818, 0.0001303904331904180019 ) ) ;
#1097 = ORIENTED_EDGE ( 'NONE', *, *, #4665, .T. ) ;
#1098 = CARTESIAN_POINT ( 'NONE',  ( 0.004300000000000580268, -0.004300000000000580268, -0.002150000000000039900 ) ) ;
#1099 = ORIENTED_EDGE ( 'NONE', *, *, #5859, .F. ) ;
#1100 = DIRECTION ( 'NONE',  ( 0.000000000000000000, 0.000000000000000000, -1.000000000000000000 ) ) ;
#1101 = ORIENTED_EDGE ( 'NONE', *, *, #3180, .T. ) ;
#1102 = DIRECTION ( 'NONE',  ( 0.000000000000000000, 0.000000000000000000, 1.000000000000000000 ) ) ;
#1103 = EDGE_LOOP ( 'NONE', ( #3797, #1631, #2215, #5684 ) ) ;
#1104 = CARTESIAN_POINT ( 'NONE',  ( -0.003042800000001239912, -0.003600000000000839941, 0.001750000000000109975 ) ) ;
#1105 = CARTESIAN_POINT ( 'NONE',  ( 0.004300000000000581135, -0.001902204961905713289, 0.0007396232368757817014 ) ) ;
#1106 = ORIENTED_EDGE ( 'NONE', *, *, #1530, .F. ) ;
#1107 = CARTESIAN_POINT ( 'NONE',  ( -0.002890000000001140355, -0.003600000000000839941, 0.002150000000000039900 ) ) ;
#1108 = ORIENTED_EDGE ( 'NONE', *, *, #4721, .T. ) ;
#1109 = DIRECTION ( 'NONE',  ( 1.000000000000000000, 0.000000000000000000, 0.000000000000000000 ) ) ;
#1110 = CARTESIAN_POINT ( 'NONE',  ( -0.004300000000000580268, -0.006031911562518000106, 0.0005638519319878100393 ) ) ;
#1111 = EDGE_CURVE ( 'NONE', #764, #3330, #512, .T. ) ;
#1112 = ORIENTED_EDGE ( 'NONE', *, *, #3396, .T. ) ;
#1113 = ORIENTED_EDGE ( 'NONE', *, *, #1733, .F. ) ;
#1114 = DIRECTION ( 'NONE',  ( 0.000000000000000000, 0.000000000000000000, -1.000000000000000000 ) ) ;
#1115 = VECTOR ( 'NONE', #6531, 1.000000000000000000 ) ;
#1116 = CARTESIAN_POINT ( 'NONE',  ( -0.003839999999999879968, -0.003600000000000839941, 0.001649999999999999991 ) ) ;
#1117 = EDGE_LOOP ( 'NONE', ( #1108, #3594, #5919, #1092 ) ) ;
#1118 = ADVANCED_FACE ( 'NONE', ( #2079 ), #4110, .T. ) ;
#1119 = DIRECTION ( 'NONE',  ( -1.000000000000000000, 0.000000000000000000, 0.000000000000000000 ) ) ;
#1120 = LINE ( 'NONE', #5628, #2182 ) ;
#1121 = VECTOR ( 'NONE', #6530, 1.000000000000000000 ) ;
#1122 = EDGE_CURVE ( 'NONE', #4298, #112, #4474, .T. ) ;
#1123 = PLANE ( 'NONE',  #5100 ) ;
#1124 = ORIENTED_EDGE ( 'NONE', *, *, #3158, .T. ) ;
#1125 = ORIENTED_EDGE ( 'NONE', *, *, #620, .F. ) ;
#1126 = AXIS2_PLACEMENT_3D ( 'NONE', #6441, #1306, #5312 ) ;
#1127 = CARTESIAN_POINT ( 'NONE',  ( 0.004250000000000780064, -0.001963505093612130138, 0.001382227156462179996 ) ) ;
#1128 = CARTESIAN_POINT ( 'NONE',  ( 0.004300000000000580268, -0.001532424438934430148, 0.001005814001627820115 ) ) ;
#1129 = FACE_OUTER_BOUND ( 'NONE', #4655, .T. ) ;
#1130 = EDGE_CURVE ( 'NONE', #6422, #3120, #673, .T. ) ;
#1131 = CARTESIAN_POINT ( 'NONE',  ( 0.004300000000000580268, -0.003073877937189919887, -0.0006548585597537180105 ) ) ;
#1132 = VERTEX_POINT ( 'NONE', #4278 ) ;
#1133 = CARTESIAN_POINT ( 'NONE',  ( 0.004300000000000580268, -0.004300000000000580268, -0.0004572000000000000001 ) ) ;
#1134 = ORIENTED_EDGE ( 'NONE', *, *, #4494, .T. ) ;
#1135 = CARTESIAN_POINT ( 'NONE',  ( 0.004250000000000780931, -0.002794153523872396159, 0.001015730190334500826 ) ) ;
#1136 = ORIENTED_EDGE ( 'NONE', *, *, #3248, .T. ) ;
#1137 = CARTESIAN_POINT ( 'NONE',  ( 0.004250000000000780064, -0.002791153523871779934, 0.0002874971942643039726 ) ) ;
#1138 = DIRECTION ( 'NONE',  ( 1.000000000000000000, 0.000000000000000000, 0.000000000000000000 ) ) ;
#1139 = DIRECTION ( 'NONE',  ( -1.000000000000000000, 0.000000000000000000, 0.000000000000000000 ) ) ;
#1140 = ORIENTED_EDGE ( 'NONE', *, *, #2221, .T. ) ;
#1141 = DIRECTION ( 'NONE',  ( 1.000000000000000000, 0.000000000000000000, 0.000000000000000000 ) ) ;
#1142 = EDGE_LOOP ( 'NONE', ( #5162, #3619, #304, #536, #4469, #1443, #6207, #3342 ) ) ;
#1143 = CARTESIAN_POINT ( 'NONE',  ( -0.003042800000001239912, -0.003600000000000839941, 0.001700000000000059970 ) ) ;
#1144 = DIRECTION ( 'NONE',  ( 0.000000000000000000, -1.000000000000000000, 0.000000000000000000 ) ) ;
#1145 = PRESENTATION_LAYER_ASSIGNMENT (  '', '', ( #6048 ) ) ;
#1146 = ORIENTED_EDGE ( 'NONE', *, *, #4313, .F. ) ;
#1147 = ORIENTED_EDGE ( 'NONE', *, *, #1688, .F. ) ;
#1148 = PLANE ( 'NONE',  #4666 ) ;
#1149 = VECTOR ( 'NONE', #1982, 1.000000000000000000 ) ;
#1150 = CIRCLE ( 'NONE', #4884, 0.0003809999999999999910 ) ;
#1151 = CARTESIAN_POINT ( 'NONE',  ( 0.004300000000000580268, -0.002697148188278899322, -6.824093142646019496E-05 ) ) ;
#1152 = ORIENTED_EDGE ( 'NONE', *, *, #1213, .T. ) ;
#1153 = CARTESIAN_POINT ( 'NONE',  ( 0.004250000000000780064, -0.002710153523873120099, 0.0005091028540289840257 ) ) ;
#1154 = CARTESIAN_POINT ( 'NONE',  ( 0.003799999999999999992, 0.000000000000000000, 0.001500000000000099995 ) ) ;
#1155 = AXIS2_PLACEMENT_3D ( 'NONE', #2671, #5874, #4803 ) ;
#1156 = VECTOR ( 'NONE', #5437, 1.000000000000000000 ) ;
#1157 = CARTESIAN_POINT ( 'NONE',  ( 0.0005000000000000319944, 0.004400000000000180676, -0.001000000000000060086 ) ) ;
#1158 = AXIS2_PLACEMENT_3D ( 'NONE', #2653, #510, #4141 ) ;
#1159 = ORIENTED_EDGE ( 'NONE', *, *, #1421, .T. ) ;
#1160 = EDGE_CURVE ( 'NONE', #5907, #199, #2756, .T. ) ;
#1161 = VERTEX_POINT ( 'NONE', #3779 ) ;
#1162 = DIRECTION ( 'NONE',  ( 0.000000000000000000, 0.000000000000000000, 1.000000000000000000 ) ) ;
#1163 = CARTESIAN_POINT ( 'NONE',  ( 0.004250000000000780064, -0.001503464648650410006, 0.0006633895243371699425 ) ) ;
#1164 = ADVANCED_FACE ( 'NONE', ( #3277 ), #707, .T. ) ;
#1165 = DIRECTION ( 'NONE',  ( -1.000000000000000000, 0.000000000000000000, 0.000000000000000000 ) ) ;
#1166 = LINE ( 'NONE', #3186, #3674 ) ;
#1167 = DIRECTION ( 'NONE',  ( 0.000000000000000000, 1.000000000000000000, 0.000000000000000000 ) ) ;
#1168 = VERTEX_POINT ( 'NONE', #5388 ) ;
#1169 = ORIENTED_EDGE ( 'NONE', *, *, #3349, .T. ) ;
#1170 = CARTESIAN_POINT ( 'NONE',  ( 0.004250000000000780064, -0.002691176409932580053, 0.0002105970870931720058 ) ) ;
#1171 = EDGE_CURVE ( 'NONE', #2011, #2834, #2228, .T. ) ;
#1172 = VERTEX_POINT ( 'NONE', #2752 ) ;
#1173 = DIRECTION ( 'NONE',  ( 0.000000000000000000, -1.000000000000000000, 0.000000000000000000 ) ) ;
#1174 = ORIENTED_EDGE ( 'NONE', *, *, #3180, .F. ) ;
#1175 = DIRECTION ( 'NONE',  ( 0.000000000000000000, 0.000000000000000000, 1.000000000000000000 ) ) ;
#1176 = FACE_OUTER_BOUND ( 'NONE', #5251, .T. ) ;
#1177 = PRODUCT ( 'OS102011MS2QN1', 'OS102011MS2QN1', '', ( #4266 ) ) ;
#1178 = CARTESIAN_POINT ( 'NONE',  ( 0.004250000000000779196, -0.002250698054976033036, -1.046164309832188118E-05 ) ) ;
#1179 = VECTOR ( 'NONE', #1347, 1.000000000000000000 ) ;
#1180 = VERTEX_POINT ( 'NONE', #816 ) ;
#1181 = DIRECTION ( 'NONE',  ( -1.000000000000000000, -5.639932965095999698E-14, 1.409983241274000082E-14 ) ) ;
#1182 = CARTESIAN_POINT ( 'NONE',  ( 0.004250000000000780064, -0.002873153523871959953, 0.0002153200030811799968 ) ) ;
#1183 = ADVANCED_FACE ( 'NONE', ( #6297 ), #747, .F. ) ;
#1184 = CARTESIAN_POINT ( 'NONE',  ( -0.001750000000000109975, -0.003600000000000839941, 0.0001500000000000099886 ) ) ;
#1185 = VERTEX_POINT ( 'NONE', #4748 ) ;
#1186 = AXIS2_PLACEMENT_3D ( 'NONE', #476, #5458, #885 ) ;
#1187 = EDGE_LOOP ( 'NONE', ( #793, #3945, #396, #3371 ) ) ;
#1188 = ORIENTED_EDGE ( 'NONE', *, *, #919, .F. ) ;
#1189 = DIRECTION ( 'NONE',  ( 0.000000000000000000, 0.000000000000000000, 1.000000000000000000 ) ) ;
#1190 = CARTESIAN_POINT ( 'NONE',  ( 0.004300000000000580268, -0.004300000000000580268, 0.001221010893854959905 ) ) ;
#1191 = VECTOR ( 'NONE', #6494, 1.000000000000000000 ) ;
#1192 = DIRECTION ( 'NONE',  ( -1.000000000000000000, 0.000000000000000000, 0.000000000000000000 ) ) ;
#1193 = DIRECTION ( 'NONE',  ( 1.000000000000000000, 0.000000000000000000, 0.000000000000000000 ) ) ;
#1194 = CARTESIAN_POINT ( 'NONE',  ( 0.004300000000000580268, -0.003073877937189919887, -0.0009478421536527700418 ) ) ;
#1195 = VECTOR ( 'NONE', #774, 1.000000000000000000 ) ;
#1196 = EDGE_LOOP ( 'NONE', ( #3025, #330, #5611, #5678 ) ) ;
#1197 = ORIENTED_EDGE ( 'NONE', *, *, #1243, .F. ) ;
#1198 = LINE ( 'NONE', #1824, #6619 ) ;
#1199 = CARTESIAN_POINT ( 'NONE',  ( 0.004250000000000780064, -0.001833281390413630000, 0.0003160167642656899777 ) ) ;
#1200 = DIRECTION ( 'NONE',  ( -0.000000000000000000, 1.000000000000000000, 0.000000000000000000 ) ) ;
#1201 = DIRECTION ( 'NONE',  ( 0.000000000000000000, 0.000000000000000000, -1.000000000000000000 ) ) ;
#1202 = ADVANCED_FACE ( 'NONE', ( #2848 ), #4818, .F. ) ;
#1203 = FACE_OUTER_BOUND ( 'NONE', #1420, .T. ) ;
#1204 = ORIENTED_EDGE ( 'NONE', *, *, #672, .T. ) ;
#1205 = LINE ( 'NONE', #3226, #489 ) ;
#1206 = ORIENTED_EDGE ( 'NONE', *, *, #870, .T. ) ;
#1207 = CARTESIAN_POINT ( 'NONE',  ( -0.004300000000000580268, -0.0003999999999999240166, -0.002150000000000039900 ) ) ;
#1208 = EDGE_CURVE ( 'NONE', #3435, #5413, #1320, .T. ) ;
#1209 = VERTEX_POINT ( 'NONE', #1781 ) ;
#1210 = CARTESIAN_POINT ( 'NONE',  ( -0.001799999999999909962, 0.000000000000000000, 0.001099999999999920052 ) ) ;
#1211 = CARTESIAN_POINT ( 'NONE',  ( 0.004250000000000780064, -0.002758754463967189735, 0.0005314131442525959819 ) ) ;
#1212 = CARTESIAN_POINT ( 'NONE',  ( 0.004250000000000780064, -0.002230963770446320327, 1.462728233029200929E-05 ) ) ;
#1213 = EDGE_CURVE ( 'NONE', #4920, #3696, #4242, .T. ) ;
#1214 = CARTESIAN_POINT ( 'NONE',  ( 0.004300000000000580268, -0.004300000000000580268, 0.001221010893854959905 ) ) ;
#1215 = ORIENTED_EDGE ( 'NONE', *, *, #1130, .F. ) ;
#1216 = LINE ( 'NONE', #6293, #3313 ) ;
#1217 = CARTESIAN_POINT ( 'NONE',  ( -0.002890000000001140355, -0.003600000000000839941, 0.001649999999999999991 ) ) ;
#1218 = ORIENTED_EDGE ( 'NONE', *, *, #4381, .T. ) ;
#1219 = ORIENTED_EDGE ( 'NONE', *, *, #215, .T. ) ;
#1220 = CARTESIAN_POINT ( 'NONE',  ( 0.004250000000000780064, -0.002507947311475329857, -7.240799362484579970E-05 ) ) ;
#1221 = EDGE_CURVE ( 'NONE', #3649, #3541, #3813, .T. ) ;
#1222 = LINE ( 'NONE', #203, #2791 ) ;
#1223 = ORIENTED_EDGE ( 'NONE', *, *, #4287, .T. ) ;
#1224 = CARTESIAN_POINT ( 'NONE',  ( -0.003842800000000579780, -0.004049999999999039611, 0.001211539816339700024 ) ) ;
#1225 = VECTOR ( 'NONE', #5490, 1.000000000000000000 ) ;
#1226 = ORIENTED_EDGE ( 'NONE', *, *, #119, .F. ) ;
#1227 = FACE_OUTER_BOUND ( 'NONE', #3614, .T. ) ;
#1228 = CARTESIAN_POINT ( 'NONE',  ( 0.004300000000000581135, -0.002308963329230823841, 0.0001318821367938742106 ) ) ;
#1229 = DIRECTION ( 'NONE',  ( -1.000000000000000000, 0.000000000000000000, 0.000000000000000000 ) ) ;
#1230 = CARTESIAN_POINT ( 'NONE',  ( 0.004300000000000579400, -0.002527153523872614858, 0.0003021361718557264765 ) ) ;
#1231 = CARTESIAN_POINT ( 'NONE',  ( -0.002890000000001140355, -0.002779999999999039750, -0.001649999999999999991 ) ) ;
#1232 = AXIS2_PLACEMENT_3D ( 'NONE', #768, #2336, #2866 ) ;
#1233 = ORIENTED_EDGE ( 'NONE', *, *, #4715, .T. ) ;
#1234 = ORIENTED_EDGE ( 'NONE', *, *, #3071, .F. ) ;
#1235 = CARTESIAN_POINT ( 'NONE',  ( 0.004300000000000580268, -0.002559294577925880047, 2.856663412099900284E-06 ) ) ;
#1236 = FACE_OUTER_BOUND ( 'NONE', #1196, .T. ) ;
#1237 = LINE ( 'NONE', #4392, #6358 ) ;
#1238 = ORIENTED_EDGE ( 'NONE', *, *, #4381, .F. ) ;
#1239 = VECTOR ( 'NONE', #760, 1.000000000000000000 ) ;
#1240 = LINE ( 'NONE', #736, #398 ) ;
#1241 = DIRECTION ( 'NONE',  ( -0.000000000000000000, 1.000000000000000000, 0.000000000000000000 ) ) ;
#1242 = DIRECTION ( 'NONE',  ( 0.000000000000000000, 1.000000000000000000, 0.000000000000000000 ) ) ;
#1243 = EDGE_CURVE ( 'NONE', #4713, #68, #266, .T. ) ;
#1244 = EDGE_CURVE ( 'NONE', #4601, #3929, #3847, .T. ) ;
#1245 = DIRECTION ( 'NONE',  ( -1.000000000000000000, 0.000000000000000000, 0.000000000000000000 ) ) ;
#1246 = ORIENTED_EDGE ( 'NONE', *, *, #111, .T. ) ;
#1247 = VERTEX_POINT ( 'NONE', #3005 ) ;
#1248 = DIRECTION ( 'NONE',  ( 0.000000000000000000, 0.000000000000000000, 1.000000000000000000 ) ) ;
#1249 = DIRECTION ( 'NONE',  ( 0.000000000000000000, 0.000000000000000000, 1.000000000000000000 ) ) ;
#1250 = EDGE_CURVE ( 'NONE', #6108, #1185, #4915, .T. ) ;
#1251 = ORIENTED_EDGE ( 'NONE', *, *, #1852, .T. ) ;
#1252 = VERTEX_POINT ( 'NONE', #4476 ) ;
#1253 = CARTESIAN_POINT ( 'NONE',  ( -0.004099999999998840683, -0.005012984799252919767, 0.0005267976726110820294 ) ) ;
#1254 = VERTEX_POINT ( 'NONE', #2973 ) ;
#1255 = AXIS2_PLACEMENT_3D ( 'NONE', #5544, #4668, #5575 ) ;
#1256 = FACE_OUTER_BOUND ( 'NONE', #3776, .T. ) ;
#1257 = EDGE_CURVE ( 'NONE', #3806, #196, #1882, .T. ) ;
#1258 = ORIENTED_EDGE ( 'NONE', *, *, #2623, .T. ) ;
#1259 = STYLED_ITEM ( 'NONE', ( #1826 ), #4157 ) ;
#1260 = CARTESIAN_POINT ( 'NONE',  ( 0.004300000000000580268, -0.002139355179479459843, -0.0008729765713458800293 ) ) ;
#1261 = ORIENTED_EDGE ( 'NONE', *, *, #280, .T. ) ;
#1262 = FACE_OUTER_BOUND ( 'NONE', #4250, .T. ) ;
#1263 = CIRCLE ( 'NONE', #2325, 0.0003810000000000000452 ) ;
#1264 = CARTESIAN_POINT ( 'NONE',  ( 0.004300000000000581135, -0.002288153700346718354, 0.0001303908272397029844 ) ) ;
#1265 = EDGE_CURVE ( 'NONE', #3428, #1613, #5319, .T. ) ;
#1266 = PLANE ( 'NONE',  #3668 ) ;
#1267 = CARTESIAN_POINT ( 'NONE',  ( 0.001750000000000109975, -0.003600000000000839941, 0.0001500000000000099886 ) ) ;
#1268 = VECTOR ( 'NONE', #596, 1.000000000000000000 ) ;
#1269 = VECTOR ( 'NONE', #2878, 1.000000000000000000 ) ;
#1270 = CARTESIAN_POINT ( 'NONE',  ( -0.003839999999999879968, -0.002779999999999039750, -0.002150000000000039900 ) ) ;
#1271 = AXIS2_PLACEMENT_3D ( 'NONE', #1629, #3178, #611 ) ;
#1272 = ORIENTED_EDGE ( 'NONE', *, *, #6327, .F. ) ;
#1273 = DIRECTION ( 'NONE',  ( 0.000000000000000000, -0.9799993465698060291, 0.1990007053323009922 ) ) ;
#1274 = ORIENTED_EDGE ( 'NONE', *, *, #3930, .F. ) ;
#1275 = DIRECTION ( 'NONE',  ( 0.000000000000000000, 0.9815122935962051764, -0.1913991053258010666 ) ) ;
#1276 = DIRECTION ( 'NONE',  ( 0.000000000000000000, 0.000000000000000000, 1.000000000000000000 ) ) ;
#1277 = VERTEX_POINT ( 'NONE', #5051 ) ;
#1278 = AXIS2_PLACEMENT_3D ( 'NONE', #4350, #2725, #2760 ) ;
#1279 = DIRECTION ( 'NONE',  ( 1.000000000000000000, 0.000000000000000000, 0.000000000000000000 ) ) ;
#1280 = PLANE ( 'NONE',  #1375 ) ;
#1281 = CARTESIAN_POINT ( 'NONE',  ( 0.004250000000000780064, -0.002516253444455717435, 0.0004514923470091317223 ) ) ;
#1282 = CYLINDRICAL_SURFACE ( 'NONE', #6417, 0.0007619999999999998736 ) ;
#1283 = VERTEX_POINT ( 'NONE', #3505 ) ;
#1284 = DIRECTION ( 'NONE',  ( 0.000000000000000000, -1.000000000000000000, 0.000000000000000000 ) ) ;
#1285 = LINE ( 'NONE', #5286, #4888 ) ;
#1286 = ORIENTED_EDGE ( 'NONE', *, *, #3765, .F. ) ;
#1287 = ORIENTED_EDGE ( 'NONE', *, *, #73, .F. ) ;
#1288 = ADVANCED_FACE ( 'NONE', ( #400 ), #463, .T. ) ;
#1289 = CARTESIAN_POINT ( 'NONE',  ( 0.004250000000000780064, -0.002201130644004740088, -0.0002173881182115399758 ) ) ;
#1290 = LINE ( 'NONE', #268, #1508 ) ;
#1291 = PRESENTATION_LAYER_ASSIGNMENT (  '', '', ( #5763 ) ) ;
#1292 = ORIENTED_EDGE ( 'NONE', *, *, #408, .T. ) ;
#1293 = EDGE_CURVE ( 'NONE', #77, #1486, #5452, .T. ) ;
#1294 = CARTESIAN_POINT ( 'NONE',  ( 0.004250000000000780931, -0.002758153523872614726, 0.0005311922934008099333 ) ) ;
#1295 = EDGE_CURVE ( 'NONE', #5500, #2905, #5551, .T. ) ;
#1296 = VECTOR ( 'NONE', #5956, 1.000000000000000000 ) ;
#1297 = CARTESIAN_POINT ( 'NONE',  ( 0.004300000000000580268, -0.006887964625008399962, -0.0002903407727950679980 ) ) ;
#1298 = LINE ( 'NONE', #2516, #605 ) ;
#1299 = CARTESIAN_POINT ( 'NONE',  ( 0.004250000000000780931, -0.001548825907526899968, 0.0004660434895436180148 ) ) ;
#1300 = FACE_BOUND ( 'NONE', #3711, .T. ) ;
#1301 = VECTOR ( 'NONE', #4305, 1.000000000000000000 ) ;
#1302 = CARTESIAN_POINT ( 'NONE',  ( 0.004250000000000780064, -0.001968153523872019812, 0.0007530148890159780051 ) ) ;
#1303 = EDGE_CURVE ( 'NONE', #3733, #3437, #5514, .T. ) ;
#1304 = DIRECTION ( 'NONE',  ( 0.000000000000000000, -1.000000000000000000, 0.000000000000000000 ) ) ;
#1305 = LINE ( 'NONE', #2703, #2224 ) ;
#1306 = DIRECTION ( 'NONE',  ( 0.000000000000000000, 0.4583748316343810858, -0.8887589739204622141 ) ) ;
#1307 = ORIENTED_EDGE ( 'NONE', *, *, #5771, .T. ) ;
#1308 = DIRECTION ( 'NONE',  ( 0.000000000000000000, 0.000000000000000000, 1.000000000000000000 ) ) ;
#1309 = CARTESIAN_POINT ( 'NONE',  ( 0.004250000000000780064, -0.002585134369195139954, -0.0003265722251432960047 ) ) ;
#1310 = CARTESIAN_POINT ( 'NONE',  ( 0.004250000000000780064, -0.002710153523871501168, 0.0005091028540289046622 ) ) ;
#1311 = DIRECTION ( 'NONE',  ( -1.000000000000000000, 0.000000000000000000, 0.000000000000000000 ) ) ;
#1312 = EDGE_LOOP ( 'NONE', ( #1995, #361, #6356, #1661 ) ) ;
#1313 = ORIENTED_EDGE ( 'NONE', *, *, #6220, .F. ) ;
#1314 = DIRECTION ( 'NONE',  ( 0.000000000000000000, 0.000000000000000000, -1.000000000000000000 ) ) ;
#1315 = LINE ( 'NONE', #6294, #2218 ) ;
#1316 = ORIENTED_EDGE ( 'NONE', *, *, #6050, .F. ) ;
#1317 = CARTESIAN_POINT ( 'NONE',  ( -0.001999999999999869937, -0.006850000000000540552, -0.0001500000000000099886 ) ) ;
#1318 = EDGE_LOOP ( 'NONE', ( #1455, #4598, #6123, #3620 ) ) ;
#1319 = B_SPLINE_CURVE_WITH_KNOTS ( 'NONE', 3,
 ( #6140, #5633, #2124, #5230 ),
 .UNSPECIFIED., .F., .F.,
 ( 4, 4 ),
 ( 0.000000000000000000, 1.000000000000000000 ),
 .UNSPECIFIED. ) ;
#1320 = LINE ( 'NONE', #2217, #2958 ) ;
#1321 = PLANE ( 'NONE',  #2359 ) ;
#1322 = EDGE_CURVE ( 'NONE', #5030, #1849, #1943, .T. ) ;
#1323 = EDGE_CURVE ( 'NONE', #2413, #319, #1386, .T. ) ;
#1324 = VERTEX_POINT ( 'NONE', #3970 ) ;
#1325 = VECTOR ( 'NONE', #3399, 1.000000000000000000 ) ;
#1326 = CARTESIAN_POINT ( 'NONE',  ( 0.000000000000000000, 0.000000000000000000, -0.001000000000000060086 ) ) ;
#1327 = ORIENTED_EDGE ( 'NONE', *, *, #4759, .F. ) ;
#1328 = EDGE_CURVE ( 'NONE', #252, #5155, #5911, .T. ) ;
#1329 = B_SPLINE_SURFACE_WITH_KNOTS ( 'NONE', 3, 1, ( 
 ( #4046, #1151 ),
 ( #4174, #5626 ),
 ( #3581, #545 ),
 ( #5593, #2081 ) ),
 .UNSPECIFIED., .F., .F., .F.,
 ( 4, 4 ),
 ( 2, 2 ),
 ( 0.06933267469501000480, 0.9631635290678096650 ),
 ( 0.000000000000000000, 1.000000000000000000 ),
 .UNSPECIFIED. ) ;
#1330 = CARTESIAN_POINT ( 'NONE',  ( -0.004300000000000580268, -0.006031911562518000106, 0.0005638519319878100393 ) ) ;
#1331 = EDGE_CURVE ( 'NONE', #5008, #5500, #729, .T. ) ;
#1332 = CARTESIAN_POINT ( 'NONE',  ( 0.004300000000000580268, -0.001563078422692379876, -0.001697956373993080026 ) ) ;
#1333 = CARTESIAN_POINT ( 'NONE',  ( 0.004300000000000578533, -0.002287918656558669741, 0.001458042349693059988 ) ) ;
#1334 = CARTESIAN_POINT ( 'NONE',  ( 0.004300000000000579400, -0.002395886844931880821, 0.0003710368053616547963 ) ) ;
#1335 = EDGE_CURVE ( 'NONE', #1355, #1283, #3940, .T. ) ;
#1336 = LINE ( 'NONE', #3324, #2363 ) ;
#1337 = ORIENTED_EDGE ( 'NONE', *, *, #2106, .T. ) ;
#1338 = VECTOR ( 'NONE', #3372, 1.000000000000000000 ) ;
#1339 = CARTESIAN_POINT ( 'NONE',  ( -0.003842800000000579780, 0.000000000000000000, -0.001750000000000109975 ) ) ;
#1340 = DIRECTION ( 'NONE',  ( -1.000000000000000000, -3.172462292866000103E-13, 7.049916206370000254E-14 ) ) ;
#1341 = CARTESIAN_POINT ( 'NONE',  ( -0.004300000000000580268, -5.720000000000000122E-05, -0.002150000000000039900 ) ) ;
#1342 = EDGE_CURVE ( 'NONE', #1355, #656, #3410, .T. ) ;
#1343 = ORIENTED_EDGE ( 'NONE', *, *, #1111, .T. ) ;
#1344 = DIRECTION ( 'NONE',  ( 0.000000000000000000, -1.000000000000000000, 0.000000000000000000 ) ) ;
#1345 = VECTOR ( 'NONE', #6505, 1.000000000000000000 ) ;
#1346 = CARTESIAN_POINT ( 'NONE',  ( 0.004300000000000580268, -0.002085153523872569636, 3.612336017497920330E-05 ) ) ;
#1347 = DIRECTION ( 'NONE',  ( 0.000000000000000000, -1.000000000000000000, 0.000000000000000000 ) ) ;
#1348 = CARTESIAN_POINT ( 'NONE',  ( -0.003842800000000579780, -0.003600000000000839941, -0.002150000000000039900 ) ) ;
#1349 = VECTOR ( 'NONE', #5553, 1.000000000000000000 ) ;
#1350 = CARTESIAN_POINT ( 'NONE',  ( 0.0006999999999999999929, -0.002200000000000090338, 0.002150000000000039900 ) ) ;
#1351 = ORIENTED_EDGE ( 'NONE', *, *, #4968, .T. ) ;
#1352 = LINE ( 'NONE', #903, #1964 ) ;
#1353 = ORIENTED_EDGE ( 'NONE', *, *, #2392, .T. ) ;
#1354 = DIRECTION ( 'NONE',  ( 0.000000000000000000, 0.000000000000000000, 1.000000000000000000 ) ) ;
#1355 = VERTEX_POINT ( 'NONE', #435 ) ;
#1356 = DIRECTION ( 'NONE',  ( 0.000000000000000000, -1.000000000000000000, 0.000000000000000000 ) ) ;
#1357 = ORIENTED_EDGE ( 'NONE', *, *, #2751, .T. ) ;
#1358 = DIRECTION ( 'NONE',  ( 0.000000000000000000, 0.09715275786380722645, -0.9952694819190712749 ) ) ;
#1359 = VECTOR ( 'NONE', #2537, 1.000000000000000000 ) ;
#1360 = CARTESIAN_POINT ( 'NONE',  ( 0.004250000000000780064, -0.002231153523872500110, 5.179246496675520380E-05 ) ) ;
#1361 = CARTESIAN_POINT ( 'NONE',  ( 0.004250000000000780931, -0.003073877937189918152, 0.001081258233222992656 ) ) ;
#1362 = LINE ( 'NONE', #3386, #2390 ) ;
#1363 = AXIS2_PLACEMENT_3D ( 'NONE', #5871, #4325, #6473 ) ;
#1364 = EDGE_CURVE ( 'NONE', #623, #4195, #2478, .T. ) ;
#1365 = DIRECTION ( 'NONE',  ( 1.000000000000000000, 0.000000000000000000, 0.000000000000000000 ) ) ;
#1366 = CIRCLE ( 'NONE', #5629, 5.720000000000000122E-05 ) ;
#1367 = EDGE_CURVE ( 'NONE', #190, #718, #850, .T. ) ;
#1368 = VECTOR ( 'NONE', #2640, 1.000000000000000000 ) ;
#1369 = PLANE ( 'NONE',  #5833 ) ;
#1370 = DIRECTION ( 'NONE',  ( -1.000000000000000000, 0.000000000000000000, 0.000000000000000000 ) ) ;
#1371 = DIRECTION ( 'NONE',  ( 0.000000000000000000, 0.000000000000000000, 1.000000000000000000 ) ) ;
#1372 = EDGE_LOOP ( 'NONE', ( #2463, #1065, #5520, #1337 ) ) ;
#1373 = CIRCLE ( 'NONE', #5947, 0.0002499999999999911147 ) ;
#1374 = CARTESIAN_POINT ( 'NONE',  ( -0.004300000000000580268, -0.0003999999999999240166, -0.002150000000000039900 ) ) ;
#1375 = AXIS2_PLACEMENT_3D ( 'NONE', #2275, #1241, #2173 ) ;
#1376 = DIRECTION ( 'NONE',  ( 0.000000000000000000, 0.000000000000000000, 1.000000000000000000 ) ) ;
#1377 = AXIS2_PLACEMENT_3D ( 'NONE', #2585, #4614, #23 ) ;
#1378 = ADVANCED_FACE ( 'NONE', ( #1484 ), #3438, .T. ) ;
#1379 = CARTESIAN_POINT ( 'NONE',  ( 0.004250000000000780064, -0.002091113198820100053, 0.0007779833363192680028 ) ) ;
#1380 = B_SPLINE_CURVE_WITH_KNOTS ( 'NONE', 3,
 ( #597, #85, #1549, #2642 ),
 .UNSPECIFIED., .F., .F.,
 ( 4, 4 ),
 ( 0.000000000000000000, 1.000000000000000000 ),
 .UNSPECIFIED. ) ;
#1381 = CARTESIAN_POINT ( 'NONE',  ( 0.003799999999999999992, -0.0005000000000000319944, -0.001500000000000099995 ) ) ;
#1382 = DIRECTION ( 'NONE',  ( -1.000000000000000000, 0.000000000000000000, 0.000000000000000000 ) ) ;
#1383 = ORIENTED_EDGE ( 'NONE', *, *, #5624, .T. ) ;
#1384 = CARTESIAN_POINT ( 'NONE',  ( 0.004300000000000580268, -0.002556605856158300060, 0.0003623003822006819891 ) ) ;
#1385 = ORIENTED_EDGE ( 'NONE', *, *, #2672, .T. ) ;
#1386 = LINE ( 'NONE', #2445, #4269 ) ;
#1387 = EDGE_CURVE ( 'NONE', #2078, #3042, #4944, .T. ) ;
#1388 = ORIENTED_EDGE ( 'NONE', *, *, #1530, .T. ) ;
#1389 = CARTESIAN_POINT ( 'NONE',  ( -0.002890000000001140355, -0.003600000000000839941, 0.002150000000000039900 ) ) ;
#1390 = ORIENTED_EDGE ( 'NONE', *, *, #4516, .F. ) ;
#1391 = CARTESIAN_POINT ( 'NONE',  ( 0.004250000000000780064, -0.002085153523872596091, 3.612336017498932704E-05 ) ) ;
#1392 = MECHANICAL_DESIGN_GEOMETRIC_PRESENTATION_REPRESENTATION (  '', ( #960 ), #1658 ) ;
#1393 = CIRCLE ( 'NONE', #1516, 0.0003809999999999999910 ) ;
#1394 = DIRECTION ( 'NONE',  ( -1.000000000000000000, 0.000000000000000000, 0.000000000000000000 ) ) ;
#1395 = CARTESIAN_POINT ( 'NONE',  ( 0.004250000000000780064, -0.002084963256800949870, 0.0001896351818824117564 ) ) ;
#1396 = DIRECTION ( 'NONE',  ( 0.000000000000000000, 0.09715275786380664358, 0.9952694819190711639 ) ) ;
#1397 = VECTOR ( 'NONE', #3417, 1.000000000000000000 ) ;
#1398 = CARTESIAN_POINT ( 'NONE',  ( 0.002016701440000029984, 0.0003999999999999240166, 0.001750000000000109975 ) ) ;
#1399 = ORIENTED_EDGE ( 'NONE', *, *, #586, .F. ) ;
#1400 = AXIS2_PLACEMENT_3D ( 'NONE', #5647, #4573, #4607 ) ;
#1401 = CARTESIAN_POINT ( 'NONE',  ( 0.004300000000000580268, -0.003073877937189919887, -0.0009478421536527700418 ) ) ;
#1402 = VECTOR ( 'NONE', #505, 1.000000000000000000 ) ;
#1403 = EDGE_CURVE ( 'NONE', #954, #3522, #6153, .T. ) ;
#1404 = DIRECTION ( 'NONE',  ( -1.000000000000000000, 0.000000000000000000, 0.000000000000000000 ) ) ;
#1405 = CARTESIAN_POINT ( 'NONE',  ( -0.003899999999999639866, -0.005725969598507800636, 0.0005963953452224180331 ) ) ;
#1406 = EDGE_LOOP ( 'NONE', ( #3735, #6192, #1670, #5951 ) ) ;
#1407 = FACE_OUTER_BOUND ( 'NONE', #11, .T. ) ;
#1408 = CARTESIAN_POINT ( 'NONE',  ( 0.003899999999999639866, -0.004300000000000580268, 0.001221010893854959905 ) ) ;
#1409 = ORIENTED_EDGE ( 'NONE', *, *, #453, .F. ) ;
#1410 = ORIENTED_EDGE ( 'NONE', *, *, #3317, .F. ) ;
#1411 = EDGE_CURVE ( 'NONE', #3850, #954, #2577, .T. ) ;
#1412 = CARTESIAN_POINT ( 'NONE',  ( 0.002890000000001140355, -0.002779999999999039750, 0.001649999999999999991 ) ) ;
#1413 = ORIENTED_EDGE ( 'NONE', *, *, #4924, .F. ) ;
#1414 = CARTESIAN_POINT ( 'NONE',  ( 0.004300000000000580268, -0.002710153523873120099, 0.0005091028540289840257 ) ) ;
#1415 = ORIENTED_EDGE ( 'NONE', *, *, #376, .F. ) ;
#1416 = EDGE_CURVE ( 'NONE', #5948, #5718, #1380, .T. ) ;
#1417 = CARTESIAN_POINT ( 'NONE',  ( 0.002890000000001140355, -0.002779999999999039750, -0.001750000000000109975 ) ) ;
#1418 = VERTEX_POINT ( 'NONE', #2544 ) ;
#1419 = LINE ( 'NONE', #3477, #863 ) ;
#1420 = EDGE_LOOP ( 'NONE', ( #3170, #945, #2444, #6343 ) ) ;
#1421 = EDGE_CURVE ( 'NONE', #5873, #4383, #5084, .T. ) ;
#1422 = CARTESIAN_POINT ( 'NONE',  ( 0.004300000000000581135, -0.002163105377705410153, -0.0001981714760872430037 ) ) ;
#1423 = DIRECTION ( 'NONE',  ( -1.000000000000000000, 0.000000000000000000, 0.000000000000000000 ) ) ;
#1424 = CARTESIAN_POINT ( 'NONE',  ( 0.004250000000000780931, -0.002616966858176720308, 0.001522054199606369959 ) ) ;
#1425 = DIRECTION ( 'NONE',  ( 0.000000000000000000, -0.9815122935962051764, 0.1913991053258010666 ) ) ;
#1426 = ORIENTED_EDGE ( 'NONE', *, *, #73, .T. ) ;
#1427 = CARTESIAN_POINT ( 'NONE',  ( 0.004250000000000780064, -0.002170777082181880261, 0.0003252935783769980325 ) ) ;
#1428 = DIRECTION ( 'NONE',  ( 0.000000000000000000, 0.000000000000000000, 1.000000000000000000 ) ) ;
#1429 = VERTEX_POINT ( 'NONE', #5614 ) ;
#1430 = LINE ( 'NONE', #3457, #5732 ) ;
#1431 = FACE_OUTER_BOUND ( 'NONE', #6378, .T. ) ;
#1432 = CARTESIAN_POINT ( 'NONE',  ( 0.004300000000000580268, -0.002758153523872420004, 0.0005311922934009440491 ) ) ;
#1433 = VERTEX_POINT ( 'NONE', #3163 ) ;
#1434 = LINE ( 'NONE', #4462, #4780 ) ;
#1435 = FACE_OUTER_BOUND ( 'NONE', #6155, .T. ) ;
#1436 = ORIENTED_EDGE ( 'NONE', *, *, #2018, .F. ) ;
#1437 = AXIS2_PLACEMENT_3D ( 'NONE', #1913, #3936, #5760 ) ;
#1438 = DIRECTION ( 'NONE',  ( 0.000000000000000000, 0.000000000000000000, 1.000000000000000000 ) ) ;
#1439 = ORIENTED_EDGE ( 'NONE', *, *, #3802, .T. ) ;
#1440 = ORIENTED_EDGE ( 'NONE', *, *, #385, .F. ) ;
#1441 = DIRECTION ( 'NONE',  ( -1.000000000000000000, 0.000000000000000000, 0.000000000000000000 ) ) ;
#1442 = CARTESIAN_POINT ( 'NONE',  ( 0.004300000000000580268, -0.002831815343490320068, -0.0002167166857290839927 ) ) ;
#1443 = ORIENTED_EDGE ( 'NONE', *, *, #2270, .F. ) ;
#1444 = CARTESIAN_POINT ( 'NONE',  ( 0.000000000000000000, 0.000000000000000000, 0.000000000000000000 ) ) ;
#1445 = MECHANICAL_DESIGN_GEOMETRIC_PRESENTATION_REPRESENTATION (  '', ( #685 ), #3246 ) ;
#1446 = EDGE_LOOP ( 'NONE', ( #1001, #3533, #4812, #3139, #591, #2150, #279, #4439, #2593, #359 ) ) ;
#1447 = ADVANCED_FACE ( 'NONE', ( #630 ), #499, .T. ) ;
#1448 = DIRECTION ( 'NONE',  ( 0.000000000000000000, 0.000000000000000000, -1.000000000000000000 ) ) ;
#1449 = ADVANCED_FACE ( 'NONE', ( #4673 ), #3605, .F. ) ;
#1450 = VERTEX_POINT ( 'NONE', #17 ) ;
#1451 = VECTOR ( 'NONE', #4424, 1.000000000000000000 ) ;
#1452 = LINE ( 'NONE', #437, #5556 ) ;
#1453 = ADVANCED_FACE ( 'NONE', ( #2142 ), #3343, .T. ) ;
#1454 = LINE ( 'NONE', #2797, #3487 ) ;
#1455 = ORIENTED_EDGE ( 'NONE', *, *, #5770, .F. ) ;
#1456 = DIRECTION ( 'NONE',  ( -1.000000000000000000, 0.000000000000000000, 0.000000000000000000 ) ) ;
#1457 = LINE ( 'NONE', #2946, #3193 ) ;
#1458 = EDGE_CURVE ( 'NONE', #2337, #1132, #5177, .T. ) ;
#1459 = CARTESIAN_POINT ( 'NONE',  ( 0.004099999999998840683, -0.0003999999999999240166, 0.001787999999999960194 ) ) ;
#1460 = DIRECTION ( 'NONE',  ( -1.000000000000000000, 0.000000000000000000, 0.000000000000000000 ) ) ;
#1461 = VERTEX_POINT ( 'NONE', #564 ) ;
#1462 = CARTESIAN_POINT ( 'NONE',  ( 0.004250000000000780064, -0.002691877937190499757, -0.0003057567717386688649 ) ) ;
#1463 = DIRECTION ( 'NONE',  ( -1.000000000000000000, 0.000000000000000000, 0.000000000000000000 ) ) ;
#1464 = ADVANCED_FACE ( 'NONE', ( #1612 ), #2071, .F. ) ;
#1465 =( GEOMETRIC_REPRESENTATION_CONTEXT ( 3 ) GLOBAL_UNCERTAINTY_ASSIGNED_CONTEXT ( ( #4599 ) ) GLOBAL_UNIT_ASSIGNED_CONTEXT ( ( #6357, #4197, #872 ) ) REPRESENTATION_CONTEXT ( 'NONE', 'WORKASPACE' ) );
#1466 = CARTESIAN_POINT ( 'NONE',  ( 0.004300000000000580268, -0.002091113198820100053, 0.0003651624846037199840 ) ) ;
#1467 = DIRECTION ( 'NONE',  ( 0.000000000000000000, 0.000000000000000000, -1.000000000000000000 ) ) ;
#1468 = CARTESIAN_POINT ( 'NONE',  ( 0.004300000000000579400, -0.002527153523872738890, 0.0003021361718563567232 ) ) ;
#1469 = VERTEX_POINT ( 'NONE', #3663 ) ;
#1470 = CIRCLE ( 'NONE', #3911, 0.0002499999999999910063 ) ;
#1471 = CARTESIAN_POINT ( 'NONE',  ( 0.000000000000000000, 0.004400000000000180676, -0.001000000000000060086 ) ) ;
#1472 = ORIENTED_EDGE ( 'NONE', *, *, #2386, .F. ) ;
#1473 = PRODUCT_DEFINITION_CONTEXT ( 'detailed design', #5990, 'design' ) ;
#1474 = DIRECTION ( 'NONE',  ( 1.000000000000000000, 0.000000000000000000, 0.000000000000000000 ) ) ;
#1475 = ORIENTED_EDGE ( 'NONE', *, *, #2518, .F. ) ;
#1476 = CARTESIAN_POINT ( 'NONE',  ( 0.004300000000000580268, -0.0003999999999999240166, -0.002150000000000039900 ) ) ;
#1477 = CARTESIAN_POINT ( 'NONE',  ( 0.004300000000000580268, -0.002301588193922716671, 0.0001321381070503001439 ) ) ;
#1478 = VECTOR ( 'NONE', #2968, 1.000000000000000000 ) ;
#1479 = ORIENTED_EDGE ( 'NONE', *, *, #2792, .F. ) ;
#1480 = DIRECTION ( 'NONE',  ( 1.000000000000000000, 0.000000000000000000, 0.000000000000000000 ) ) ;
#1481 = AXIS2_PLACEMENT_3D ( 'NONE', #3864, #384, #1344 ) ;
#1482 = FACE_OUTER_BOUND ( 'NONE', #2102, .T. ) ;
#1483 = VECTOR ( 'NONE', #5952, 1.000000000000000000 ) ;
#1484 = FACE_OUTER_BOUND ( 'NONE', #6349, .T. ) ;
#1485 = LINE ( 'NONE', #1047, #4638 ) ;
#1486 = VERTEX_POINT ( 'NONE', #1075 ) ;
#1487 = FACE_OUTER_BOUND ( 'NONE', #2523, .T. ) ;
#1488 = DIRECTION ( 'NONE',  ( 0.000000000000000000, -1.000000000000000000, 0.000000000000000000 ) ) ;
#1489 = EDGE_CURVE ( 'NONE', #4235, #224, #4101, .T. ) ;
#1490 = ORIENTED_EDGE ( 'NONE', *, *, #1708, .F. ) ;
#1491 = FACE_OUTER_BOUND ( 'NONE', #4937, .T. ) ;
#1492 = DIRECTION ( 'NONE',  ( -1.000000000000000000, 0.000000000000000000, 0.000000000000000000 ) ) ;
#1493 = EDGE_CURVE ( 'NONE', #2413, #4920, #5712, .T. ) ;
#1494 = CARTESIAN_POINT ( 'NONE',  ( 0.004250000000000780931, -0.001922125109251390709, 0.0003308474117064078425 ) ) ;
#1495 = CARTESIAN_POINT ( 'NONE',  ( 0.000000000000000000, 0.004400000000000180676, 0.001000000000000060086 ) ) ;
#1496 = ORIENTED_EDGE ( 'NONE', *, *, #2647, .T. ) ;
#1497 = EDGE_CURVE ( 'NONE', #1932, #3973, #49, .T. ) ;
#1498 = CARTESIAN_POINT ( 'NONE',  ( 0.004250000000000780064, -0.003071424110720900012, 0.0008057116714555779581 ) ) ;
#1499 = CIRCLE ( 'NONE', #5222, 5.000000000000316691E-05 ) ;
#1500 = CARTESIAN_POINT ( 'NONE',  ( 0.004300000000000580268, -0.002139355179479459843, -0.0008370945041218419598 ) ) ;
#1501 =( NAMED_UNIT ( * ) SI_UNIT ( $, .STERADIAN. ) SOLID_ANGLE_UNIT ( ) );
#1502 = CARTESIAN_POINT ( 'NONE',  ( 0.003899999999999639866, -0.004300000000000580268, 0.001221010893854959905 ) ) ;
#1503 = VECTOR ( 'NONE', #3854, 1.000000000000000000 ) ;
#1504 = ORIENTED_EDGE ( 'NONE', *, *, #5280, .T. ) ;
#1505 = ORIENTED_EDGE ( 'NONE', *, *, #417, .T. ) ;
#1506 = ADVANCED_FACE ( 'NONE', ( #3633 ), #5211, .F. ) ;
#1507 = SURFACE_STYLE_FILL_AREA ( #2567 ) ;
#1508 = VECTOR ( 'NONE', #4207, 1.000000000000000000 ) ;
#1509 = FILL_AREA_STYLE ('',( #1000 ) ) ;
#1510 = ORIENTED_EDGE ( 'NONE', *, *, #6277, .F. ) ;
#1511 = FACE_OUTER_BOUND ( 'NONE', #5643, .T. ) ;
#1512 = FACE_OUTER_BOUND ( 'NONE', #458, .T. ) ;
#1513 = ORIENTED_EDGE ( 'NONE', *, *, #2987, .T. ) ;
#1514 = DIRECTION ( 'NONE',  ( -0.000000000000000000, 1.000000000000000000, 0.000000000000000000 ) ) ;
#1515 = ORIENTED_EDGE ( 'NONE', *, *, #2194, .T. ) ;
#1516 = AXIS2_PLACEMENT_3D ( 'NONE', #2952, #1365, #4960 ) ;
#1517 = LINE ( 'NONE', #5582, #2788 ) ;
#1518 = ORIENTED_EDGE ( 'NONE', *, *, #464, .F. ) ;
#1519 = DIRECTION ( 'NONE',  ( 0.000000000000000000, -0.3043458825695967152, 0.9525615905351911827 ) ) ;
#1520 = EDGE_LOOP ( 'NONE', ( #100, #1917, #3172, #6542 ) ) ;
#1521 = DIRECTION ( 'NONE',  ( -1.000000000000000000, 0.000000000000000000, 0.000000000000000000 ) ) ;
#1522 = DIRECTION ( 'NONE',  ( -1.000000000000000000, 0.000000000000000000, 0.000000000000000000 ) ) ;
#1523 = ORIENTED_EDGE ( 'NONE', *, *, #5561, .T. ) ;
#1524 = CARTESIAN_POINT ( 'NONE',  ( 0.004300000000000581135, -0.002085153523872596091, 3.612336017498932704E-05 ) ) ;
#1525 = EDGE_CURVE ( 'NONE', #3973, #2011, #1517, .T. ) ;
#1526 = CARTESIAN_POINT ( 'NONE',  ( 0.004300000000000580268, -0.002873877937190719937, -0.0001593887805940390049 ) ) ;
#1527 = DIRECTION ( 'NONE',  ( 1.000000000000000000, 0.000000000000000000, 0.000000000000000000 ) ) ;
#1528 = CARTESIAN_POINT ( 'NONE',  ( 0.004300000000000577666, -0.003073877937190278541, 0.0003125605683554007501 ) ) ;
#1529 = CARTESIAN_POINT ( 'NONE',  ( 0.004250000000000780064, -0.002758153523872420004, 0.0005311922934009440491 ) ) ;
#1530 = EDGE_CURVE ( 'NONE', #3097, #2123, #155, .T. ) ;
#1531 = EDGE_CURVE ( 'NONE', #4324, #2815, #3739, .T. ) ;
#1532 = CARTESIAN_POINT ( 'NONE',  ( -0.003842800000000579780, 0.0003999999999999240166, -0.001425999999999880054 ) ) ;
#1533 = EDGE_CURVE ( 'NONE', #1869, #1180, #4708, .T. ) ;
#1534 = CARTESIAN_POINT ( 'NONE',  ( -0.003842800000000579780, 0.0003999999999999240166, -0.001425999999999880054 ) ) ;
#1535 = CARTESIAN_POINT ( 'NONE',  ( -0.002249999999999889675, -0.003600000000000839941, 0.0001500000000000099886 ) ) ;
#1536 = ORIENTED_EDGE ( 'NONE', *, *, #4427, .F. ) ;
#1537 = PLANE ( 'NONE',  #4203 ) ;
#1538 = CARTESIAN_POINT ( 'NONE',  ( 0.004024667864120360337, 0.0001246678641211770020, 0.001425999999999880054 ) ) ;
#1539 = B_SPLINE_CURVE_WITH_KNOTS ( 'NONE', 3,
 ( #5925, #6334, #3785, #4821 ),
 .UNSPECIFIED., .F., .F.,
 ( 4, 4 ),
 ( 0.000000000000000000, 1.000000000000000000 ),
 .UNSPECIFIED. ) ;
#1540 = VERTEX_POINT ( 'NONE', #5782 ) ;
#1541 = DIRECTION ( 'NONE',  ( 1.000000000000000000, 0.000000000000000000, 0.000000000000000000 ) ) ;
#1542 = ADVANCED_FACE ( 'NONE', ( #6252 ), #1857, .T. ) ;
#1543 = VERTEX_POINT ( 'NONE', #5350 ) ;
#1544 = CARTESIAN_POINT ( 'NONE',  ( 0.004300000000000579400, -0.002287153524877705204, 0.001022497690314669609 ) ) ;
#1545 = ORIENTED_EDGE ( 'NONE', *, *, #5360, .F. ) ;
#1546 = CARTESIAN_POINT ( 'NONE',  ( 0.004300000000000580268, -0.002791153523871779934, 0.0002874971942643039726 ) ) ;
#1547 = FACE_OUTER_BOUND ( 'NONE', #2470, .T. ) ;
#1548 = VECTOR ( 'NONE', #2590, 1.000000000000000000 ) ;
#1549 = CARTESIAN_POINT ( 'NONE',  ( 0.004300000000000580268, -0.001857120314655419857, 0.0009310814867281459045 ) ) ;
#1550 = ORIENTED_EDGE ( 'NONE', *, *, #720, .F. ) ;
#1551 = DIRECTION ( 'NONE',  ( 0.000000000000000000, 0.000000000000000000, -1.000000000000000000 ) ) ;
#1552 = DIRECTION ( 'NONE',  ( -0.7071067811865475727, -0.7071067811865475727, 0.000000000000000000 ) ) ;
#1553 = PRESENTATION_LAYER_ASSIGNMENT (  '', '', ( #685 ) ) ;
#1554 = DIRECTION ( 'NONE',  ( 0.000000000000000000, 1.000000000000000000, 0.000000000000000000 ) ) ;
#1555 = ORIENTED_EDGE ( 'NONE', *, *, #3044, .T. ) ;
#1556 = LINE ( 'NONE', #3580, #3389 ) ;
#1557 = VECTOR ( 'NONE', #835, 1.000000000000000000 ) ;
#1558 = CARTESIAN_POINT ( 'NONE',  ( 0.001320000000000050083, -0.002200000000000090338, 0.002150000000000039900 ) ) ;
#1559 = MECHANICAL_DESIGN_GEOMETRIC_PRESENTATION_REPRESENTATION (  '', ( #371 ), #2406 ) ;
#1560 = CARTESIAN_POINT ( 'NONE',  ( 0.004300000000000580268, -0.002725538471266705353, 0.0009068110515002162980 ) ) ;
#1561 = CARTESIAN_POINT ( 'NONE',  ( -0.003899999999999639866, -0.004300000000000580268, 0.0008400108938549639796 ) ) ;
#1562 = CARTESIAN_POINT ( 'NONE',  ( 0.004250000000000780064, -0.002408964319676409893, 8.038905277313500232E-05 ) ) ;
#1563 = CARTESIAN_POINT ( 'NONE',  ( -0.003899999999999639866, -0.004300000000000580268, 0.002150000000000039900 ) ) ;
#1564 = FILL_AREA_STYLE ('',( #2596 ) ) ;
#1565 = CARTESIAN_POINT ( 'NONE',  ( 0.004300000000000580268, -0.002163105377705410153, -0.0001981714760872430037 ) ) ;
#1566 = EDGE_CURVE ( 'NONE', #3649, #746, #5277, .T. ) ;
#1567 = ORIENTED_EDGE ( 'NONE', *, *, #1733, .T. ) ;
#1568 = AXIS2_PLACEMENT_3D ( 'NONE', #2966, #4567, #5076 ) ;
#1569 = ORIENTED_EDGE ( 'NONE', *, *, #3442, .F. ) ;
#1570 = LINE ( 'NONE', #4063, #5726 ) ;
#1571 = CARTESIAN_POINT ( 'NONE',  ( 0.004300000000000579400, -0.002691176409932553165, 0.0002105970870931495086 ) ) ;
#1572 = ORIENTED_EDGE ( 'NONE', *, *, #1250, .T. ) ;
#1573 = CARTESIAN_POINT ( 'NONE',  ( -0.002890000000001140355, -0.003600000000000839941, 0.002150000000000039900 ) ) ;
#1574 = CIRCLE ( 'NONE', #3274, 5.000000000000316691E-05 ) ;
#1575 = CARTESIAN_POINT ( 'NONE',  ( -0.003842800000000579780, -0.0003999999999999240166, 0.001750000000000109975 ) ) ;
#1576 = CARTESIAN_POINT ( 'NONE',  ( -0.003899999999999639866, -0.006887964625008399962, -0.0002903407727950679980 ) ) ;
#1577 = ADVANCED_FACE ( 'NONE', ( #2209 ), #3836, .F. ) ;
#1578 = VERTEX_POINT ( 'NONE', #3200 ) ;
#1579 = CARTESIAN_POINT ( 'NONE',  ( 0.004250000000000779196, -0.002854962039750902607, 0.0001270209685082657062 ) ) ;
#1580 = VERTEX_POINT ( 'NONE', #118 ) ;
#1581 = AXIS2_PLACEMENT_3D ( 'NONE', #4338, #3841, #3307 ) ;
#1582 = CARTESIAN_POINT ( 'NONE',  ( 0.004250000000000780931, -0.002293153523872640178, -1.672542806571538798E-06 ) ) ;
#1583 = CARTESIAN_POINT ( 'NONE',  ( 0.004300000000000580268, -0.003073877937189919887, 0.0003125605683553879565 ) ) ;
#1584 = VECTOR ( 'NONE', #4672, 1.000000000000000000 ) ;
#1585 = EDGE_CURVE ( 'NONE', #6236, #4661, #2708, .T. ) ;
#1586 = VECTOR ( 'NONE', #1448, 1.000000000000000000 ) ;
#1587 = ORIENTED_EDGE ( 'NONE', *, *, #2214, .F. ) ;
#1588 = CARTESIAN_POINT ( 'NONE',  ( -0.001999999999999869937, 0.000000000000000000, 0.001099999999999920052 ) ) ;
#1589 = ADVANCED_FACE ( 'NONE', ( #4741 ), #5114, .T. ) ;
#1590 = VECTOR ( 'NONE', #133, 1.000000000000000000 ) ;
#1591 = SURFACE_STYLE_USAGE ( .BOTH. , #5093 ) ;
#1592 = CARTESIAN_POINT ( 'NONE',  ( 0.004300000000000580268, -0.002585134369195139954, -0.0003265722251432960047 ) ) ;
#1593 = DIRECTION ( 'NONE',  ( 1.000000000000000000, 0.000000000000000000, 0.000000000000000000 ) ) ;
#1594 = CARTESIAN_POINT ( 'NONE',  ( 0.004300000000000580268, -0.003012608973733680012, 0.0005255994760008760513 ) ) ;
#1595 = VERTEX_POINT ( 'NONE', #1677 ) ;
#1596 = ORIENTED_EDGE ( 'NONE', *, *, #336, .T. ) ;
#1597 = CARTESIAN_POINT ( 'NONE',  ( 0.004250000000000780064, -0.002691877937190939943, -0.0003057567717387259481 ) ) ;
#1598 = PLANE ( 'NONE',  #5810 ) ;
#1599 = CARTESIAN_POINT ( 'NONE',  ( 0.004250000000000780064, -0.002309134969762730201, 0.0001318757469181590163 ) ) ;
#1600 = ORIENTED_EDGE ( 'NONE', *, *, #6524, .T. ) ;
#1601 = CARTESIAN_POINT ( 'NONE',  ( 0.001750000000000109975, -0.003600000000000839941, 0.0001500000000000099886 ) ) ;
#1602 = EDGE_CURVE ( 'NONE', #6021, #1277, #2809, .T. ) ;
#1603 = AXIS2_PLACEMENT_3D ( 'NONE', #3253, #6367, #1858 ) ;
#1604 = ORIENTED_EDGE ( 'NONE', *, *, #836, .T. ) ;
#1605 = CARTESIAN_POINT ( 'NONE',  ( -0.0002499999999999910063, -0.006850000000000540552, 0.0001500000000000099886 ) ) ;
#1606 = VERTEX_POINT ( 'NONE', #804 ) ;
#1607 = DIRECTION ( 'NONE',  ( 0.000000000000000000, -1.000000000000000000, 0.000000000000000000 ) ) ;
#1608 = VERTEX_POINT ( 'NONE', #256 ) ;
#1609 = SURFACE_STYLE_FILL_AREA ( #5746 ) ;
#1610 = CARTESIAN_POINT ( 'NONE',  ( 0.004300000000000580268, -0.002691176409932580053, 0.0002105970870931720058 ) ) ;
#1611 = AXIS2_PLACEMENT_3D ( 'NONE', #5154, #6096, #5722 ) ;
#1612 = FACE_OUTER_BOUND ( 'NONE', #4281, .T. ) ;
#1613 = VERTEX_POINT ( 'NONE', #3704 ) ;
#1614 = ADVANCED_FACE ( 'NONE', ( #2776 ), #4333, .F. ) ;
#1615 = DIRECTION ( 'NONE',  ( -3.893058771541000151E-13, -3.893058771541000151E-13, 1.000000000000000000 ) ) ;
#1616 = ORIENTED_EDGE ( 'NONE', *, *, #1708, .T. ) ;
#1617 = DIRECTION ( 'NONE',  ( 0.000000000000000000, -1.000000000000000000, 0.000000000000000000 ) ) ;
#1618 = AXIS2_PLACEMENT_3D ( 'NONE', #2511, #4541, #2907 ) ;
#1619 = CARTESIAN_POINT ( 'NONE',  ( 0.004300000000000580268, -0.002697148188278560184, -6.824093142591599324E-05 ) ) ;
#1620 = EDGE_CURVE ( 'NONE', #105, #5583, #5879, .T. ) ;
#1621 = AXIS2_PLACEMENT_3D ( 'NONE', #6388, #2312, #703 ) ;
#1622 = ORIENTED_EDGE ( 'NONE', *, *, #5445, .F. ) ;
#1623 = DIRECTION ( 'NONE',  ( 1.000000000000000000, 0.000000000000000000, 0.000000000000000000 ) ) ;
#1624 = DIRECTION ( 'NONE',  ( 0.000000000000000000, -1.000000000000000000, 0.000000000000000000 ) ) ;
#1625 = VERTEX_POINT ( 'NONE', #4774 ) ;
#1626 = ADVANCED_FACE ( 'NONE', ( #4808 ), #194, .T. ) ;
#1627 = DIRECTION ( 'NONE',  ( 0.000000000000000000, -1.000000000000000000, 0.000000000000000000 ) ) ;
#1628 = LINE ( 'NONE', #2157, #5800 ) ;
#1629 = CARTESIAN_POINT ( 'NONE',  ( 0.003839999999999879968, -0.003600000000000839941, 0.001649999999999999991 ) ) ;
#1630 = ORIENTED_EDGE ( 'NONE', *, *, #6460, .F. ) ;
#1631 = ORIENTED_EDGE ( 'NONE', *, *, #897, .F. ) ;
#1632 = CARTESIAN_POINT ( 'NONE',  ( 0.004300000000000581135, -0.002309134716843097915, 0.0001318758974741084783 ) ) ;
#1633 = FACE_OUTER_BOUND ( 'NONE', #6443, .T. ) ;
#1634 = LINE ( 'NONE', #2629, #4855 ) ;
#1635 = ORIENTED_EDGE ( 'NONE', *, *, #712, .F. ) ;
#1636 = FACE_OUTER_BOUND ( 'NONE', #6245, .T. ) ;
#1637 = ORIENTED_EDGE ( 'NONE', *, *, #3519, .T. ) ;
#1638 = CARTESIAN_POINT ( 'NONE',  ( 0.004099999999998840683, -0.004300000000000580268, 0.001303600000000019977 ) ) ;
#1639 = FACE_OUTER_BOUND ( 'NONE', #709, .T. ) ;
#1640 = ORIENTED_EDGE ( 'NONE', *, *, #4212, .F. ) ;
#1641 = CARTESIAN_POINT ( 'NONE',  ( 0.0006999999999999999929, -0.001000000000000060086, 0.002150000000000039900 ) ) ;
#1642 = CARTESIAN_POINT ( 'NONE',  ( -0.002249999999999889675, -0.003600000000000839941, 0.0001500000000000099886 ) ) ;
#1643 = DIRECTION ( 'NONE',  ( 0.000000000000000000, -1.000000000000000000, 0.000000000000000000 ) ) ;
#1644 = ORIENTED_EDGE ( 'NONE', *, *, #2510, .F. ) ;
#1645 = CARTESIAN_POINT ( 'NONE',  ( 0.004250000000000780064, -0.001968153523872019812, 0.0007530148890159780051 ) ) ;
#1646 = CARTESIAN_POINT ( 'NONE',  ( 0.004300000000000580268, -0.002228147234490370030, -0.001183882132549520004 ) ) ;
#1647 = CARTESIAN_POINT ( 'NONE',  ( -0.001750000000000109975, -0.003600000000000839941, 0.0001500000000000099886 ) ) ;
#1648 = ORIENTED_EDGE ( 'NONE', *, *, #551, .F. ) ;
#1649 = ORIENTED_EDGE ( 'NONE', *, *, #4458, .T. ) ;
#1650 = EDGE_CURVE ( 'NONE', #3496, #2970, #2276, .T. ) ;
#1651 = LINE ( 'NONE', #5623, #2651 ) ;
#1652 = EDGE_CURVE ( 'NONE', #5788, #1625, #5468, .T. ) ;
#1653 = VECTOR ( 'NONE', #3978, 1.000000000000000000 ) ;
#1654 = DIRECTION ( 'NONE',  ( 1.000000000000000000, 0.000000000000000000, 0.000000000000000000 ) ) ;
#1655 = EDGE_LOOP ( 'NONE', ( #1940, #1357, #3511, #2160 ) ) ;
#1656 = FACE_OUTER_BOUND ( 'NONE', #1671, .T. ) ;
#1657 = FACE_OUTER_BOUND ( 'NONE', #2694, .T. ) ;
#1658 =( GEOMETRIC_REPRESENTATION_CONTEXT ( 3 ) GLOBAL_UNCERTAINTY_ASSIGNED_CONTEXT ( ( #4531 ) ) GLOBAL_UNIT_ASSIGNED_CONTEXT ( ( #5573, #2061, #3626 ) ) REPRESENTATION_CONTEXT ( 'NONE', 'WORKASPACE' ) );
#1659 = VECTOR ( 'NONE', #584, 1.000000000000000000 ) ;
#1660 = CARTESIAN_POINT ( 'NONE',  ( 0.003042800000001239912, -0.003600000000000839941, -0.001700000000000059970 ) ) ;
#1661 = ORIENTED_EDGE ( 'NONE', *, *, #5934, .F. ) ;
#1662 = EDGE_CURVE ( 'NONE', #6344, #1945, #1838, .T. ) ;
#1663 = ORIENTED_EDGE ( 'NONE', *, *, #3474, .F. ) ;
#1664 = LINE ( 'NONE', #2695, #205 ) ;
#1665 = CARTESIAN_POINT ( 'NONE',  ( 0.004250000000000780064, -0.001532424438934430148, 0.001005814001627820115 ) ) ;
#1666 = LINE ( 'NONE', #4286, #5276 ) ;
#1667 = DIRECTION ( 'NONE',  ( 0.000000000000000000, 0.000000000000000000, 1.000000000000000000 ) ) ;
#1668 = CARTESIAN_POINT ( 'NONE',  ( 0.000000000000000000, 0.000000000000000000, -0.001000000000000060086 ) ) ;
#1669 = EDGE_CURVE ( 'NONE', #1849, #5741, #1905, .T. ) ;
#1670 = ORIENTED_EDGE ( 'NONE', *, *, #130, .T. ) ;
#1671 = EDGE_LOOP ( 'NONE', ( #6305, #4647, #603, #6044 ) ) ;
#1672 = DIRECTION ( 'NONE',  ( 1.000000000000000000, 0.000000000000000000, 0.000000000000000000 ) ) ;
#1673 = DIRECTION ( 'NONE',  ( 0.000000000000000000, -1.000000000000000000, 0.000000000000000000 ) ) ;
#1674 = EDGE_LOOP ( 'NONE', ( #227, #3211, #2913, #1750 ) ) ;
#1675 = LINE ( 'NONE', #5315, #4443 ) ;
#1676 = DIRECTION ( 'NONE',  ( -0.000000000000000000, 0.1990007053323009922, 0.9799993465698060291 ) ) ;
#1677 = CARTESIAN_POINT ( 'NONE',  ( 0.003042800000001239912, -0.003650000000000640146, -0.001211539816339700024 ) ) ;
#1678 = CARTESIAN_POINT ( 'NONE',  ( -0.004300000000000580268, -0.004300000000000580268, -0.0004572000000000000001 ) ) ;
#1679 = CARTESIAN_POINT ( 'NONE',  ( 0.003842800000000579780, -5.720000000000000122E-05, -0.001425999999999880054 ) ) ;
#1680 = CARTESIAN_POINT ( 'NONE',  ( -0.001799999999999909962, 0.000000000000000000, -0.001500000000000099995 ) ) ;
#1681 = VECTOR ( 'NONE', #4768, 1.000000000000000000 ) ;
#1682 = ORIENTED_EDGE ( 'NONE', *, *, #4488, .T. ) ;
#1683 = ORIENTED_EDGE ( 'NONE', *, *, #1411, .T. ) ;
#1684 = CARTESIAN_POINT ( 'NONE',  ( 0.003042800000001239912, -0.002779999999999039750, -0.002150000000000039900 ) ) ;
#1685 = VECTOR ( 'NONE', #4658, 1.000000000000000000 ) ;
#1686 = VECTOR ( 'NONE', #1279, 1.000000000000000000 ) ;
#1687 = FACE_OUTER_BOUND ( 'NONE', #156, .T. ) ;
#1688 = EDGE_CURVE ( 'NONE', #1613, #5399, #4428, .T. ) ;
#1689 = DIRECTION ( 'NONE',  ( 1.000000000000000000, 0.000000000000000000, 0.000000000000000000 ) ) ;
#1690 = DIRECTION ( 'NONE',  ( -1.516366674804901399E-14, 1.000000000000000000, 0.000000000000000000 ) ) ;
#1691 = VECTOR ( 'NONE', #1810, 1.000000000000000000 ) ;
#1692 = AXIS2_PLACEMENT_3D ( 'NONE', #3798, #5844, #3660 ) ;
#1693 = DIRECTION ( 'NONE',  ( 0.000000000000000000, -1.000000000000000000, 0.000000000000000000 ) ) ;
#1694 = VECTOR ( 'NONE', #5687, 1.000000000000000000 ) ;
#1695 = EDGE_LOOP ( 'NONE', ( #3064, #472, #2807, #5344 ) ) ;
#1696 = EDGE_LOOP ( 'NONE', ( #1753, #6186, #135, #970 ) ) ;
#1697 = EDGE_CURVE ( 'NONE', #1625, #4235, #5910, .T. ) ;
#1698 = AXIS2_PLACEMENT_3D ( 'NONE', #1194, #30, #4620 ) ;
#1699 = CARTESIAN_POINT ( 'NONE',  ( 0.004250000000000780064, -0.002903009401185739809, 0.001512986916169979960 ) ) ;
#1700 = CARTESIAN_POINT ( 'NONE',  ( 0.004300000000000580268, -0.002903009401185739809, 0.001512986916169979960 ) ) ;
#1701 = CARTESIAN_POINT ( 'NONE',  ( 0.004250000000000780064, -0.002301588193922716671, 0.0001321381070503001439 ) ) ;
#1702 = CARTESIAN_POINT ( 'NONE',  ( 0.004250000000000779196, -0.001857120314570860327, 0.0009310814867042823979 ) ) ;
#1703 = ORIENTED_EDGE ( 'NONE', *, *, #884, .F. ) ;
#1704 = B_SPLINE_CURVE_WITH_KNOTS ( 'NONE', 3,
 ( #1153, #2618, #3176, #4208 ),
 .UNSPECIFIED., .F., .F.,
 ( 4, 4 ),
 ( 0.000000000000000000, 1.000000000000000000 ),
 .UNSPECIFIED. ) ;
#1705 = ORIENTED_EDGE ( 'NONE', *, *, #1525, .F. ) ;
#1706 = LINE ( 'NONE', #2702, #6261 ) ;
#1707 = DIRECTION ( 'NONE',  ( 0.000000000000000000, 1.000000000000000000, 0.000000000000000000 ) ) ;
#1708 = EDGE_CURVE ( 'NONE', #5500, #3055, #3516, .T. ) ;
#1709 = EDGE_LOOP ( 'NONE', ( #3943, #4642, #3844, #5656 ) ) ;
#1710 = CARTESIAN_POINT ( 'NONE',  ( 0.004300000000000580268, -0.002585134369195139954, -0.0003265722251432960047 ) ) ;
#1711 = CARTESIAN_POINT ( 'NONE',  ( -0.003899999999999639866, -5.720000000000000122E-05, 0.001425999999999880054 ) ) ;
#1712 = CARTESIAN_POINT ( 'NONE',  ( -0.004300000000000580268, -0.0003999999999999240166, 0.002150000000000039900 ) ) ;
#1713 = VECTOR ( 'NONE', #291, 1.000000000000000000 ) ;
#1714 = ORIENTED_EDGE ( 'NONE', *, *, #5519, .T. ) ;
#1715 = CARTESIAN_POINT ( 'NONE',  ( 0.004099999999998840683, -0.005799999999999659595, 0.0001620000000000120150 ) ) ;
#1716 = ORIENTED_EDGE ( 'NONE', *, *, #2281, .T. ) ;
#1717 = DIRECTION ( 'NONE',  ( 0.000000000000000000, 0.000000000000000000, 1.000000000000000000 ) ) ;
#1718 = DIRECTION ( 'NONE',  ( 0.000000000000000000, 0.000000000000000000, 1.000000000000000000 ) ) ;
#1719 = VERTEX_POINT ( 'NONE', #2929 ) ;
#1720 = VECTOR ( 'NONE', #4026, 1.000000000000000000 ) ;
#1721 = VERTEX_POINT ( 'NONE', #2962 ) ;
#1722 = DIRECTION ( 'NONE',  ( 0.000000000000000000, -0.09715275786380722645, -0.9952694819190712749 ) ) ;
#1723 = DIRECTION ( 'NONE',  ( 0.000000000000000000, -1.000000000000000000, 0.000000000000000000 ) ) ;
#1724 = DIRECTION ( 'NONE',  ( 0.000000000000000000, 0.000000000000000000, 1.000000000000000000 ) ) ;
#1725 = ADVANCED_FACE ( 'NONE', ( #321, #3365, #4970 ), #2371, .T. ) ;
#1726 = ORIENTED_EDGE ( 'NONE', *, *, #1602, .T. ) ;
#1727 = EDGE_LOOP ( 'NONE', ( #937, #2467, #1090, #6374, #3763, #1811 ) ) ;
#1728 = CARTESIAN_POINT ( 'NONE',  ( 0.003839999999999879968, -0.003600000000000839941, 0.001649999999999999991 ) ) ;
#1729 = DIRECTION ( 'NONE',  ( 0.000000000000000000, 0.000000000000000000, 1.000000000000000000 ) ) ;
#1730 = DIRECTION ( 'NONE',  ( 1.000000000000000000, 0.000000000000000000, 0.000000000000000000 ) ) ;
#1731 = FACE_BOUND ( 'NONE', #2496, .T. ) ;
#1732 = PRODUCT_DEFINITION ( 'UNKNOWN', '', #4399, #1473 ) ;
#1733 = EDGE_CURVE ( 'NONE', #421, #5237, #3463, .T. ) ;
#1734 = CARTESIAN_POINT ( 'NONE',  ( 0.003842800000000579780, -0.003650000000000640146, -0.001700000000000059970 ) ) ;
#1735 = ADVANCED_FACE ( 'NONE', ( #2435 ), #4395, .F. ) ;
#1736 = EDGE_CURVE ( 'NONE', #481, #56, #3991, .T. ) ;
#1737 = ORIENTED_EDGE ( 'NONE', *, *, #6237, .T. ) ;
#1738 = DIRECTION ( 'NONE',  ( -0.000000000000000000, 1.000000000000000000, 0.000000000000000000 ) ) ;
#1739 = FACE_OUTER_BOUND ( 'NONE', #4854, .T. ) ;
#1740 = FACE_OUTER_BOUND ( 'NONE', #522, .T. ) ;
#1741 = ORIENTED_EDGE ( 'NONE', *, *, #2024, .T. ) ;
#1742 = DIRECTION ( 'NONE',  ( 0.000000000000000000, -0.5926944085631851156, -0.8054274256926792219 ) ) ;
#1743 = DIRECTION ( 'NONE',  ( 0.000000000000000000, 1.000000000000000000, 0.000000000000000000 ) ) ;
#1744 = CARTESIAN_POINT ( 'NONE',  ( -0.003842800000000579780, 0.0001414213562373159861, -0.001891421356237350066 ) ) ;
#1745 = ORIENTED_EDGE ( 'NONE', *, *, #4990, .T. ) ;
#1746 = CYLINDRICAL_SURFACE ( 'NONE', #3048, 0.0003999999999999238540 ) ;
#1747 = AXIS2_PLACEMENT_3D ( 'NONE', #5644, #4472, #6519 ) ;
#1748 = LINE ( 'NONE', #5817, #6485 ) ;
#1749 = ORIENTED_EDGE ( 'NONE', *, *, #4012, .F. ) ;
#1750 = ORIENTED_EDGE ( 'NONE', *, *, #881, .F. ) ;
#1751 = CARTESIAN_POINT ( 'NONE',  ( 0.004250000000000780064, -0.002163105377705410153, -0.0001981714760872430037 ) ) ;
#1752 = DIRECTION ( 'NONE',  ( 0.000000000000000000, 0.000000000000000000, 1.000000000000000000 ) ) ;
#1753 = ORIENTED_EDGE ( 'NONE', *, *, #881, .T. ) ;
#1754 = DIRECTION ( 'NONE',  ( -1.000000000000000000, 0.000000000000000000, 0.000000000000000000 ) ) ;
#1755 = CIRCLE ( 'NONE', #4949, 0.0004499999999999781952 ) ;
#1756 = CARTESIAN_POINT ( 'NONE',  ( 0.004300000000000580268, -0.002288153523872519818, 0.0001303904331904180019 ) ) ;
#1757 = CARTESIAN_POINT ( 'NONE',  ( 0.004250000000000780064, -0.002376311278342030289, 0.001476952485134839978 ) ) ;
#1758 = AXIS2_PLACEMENT_3D ( 'NONE', #1027, #3118, #4021 ) ;
#1759 = CARTESIAN_POINT ( 'NONE',  ( 0.004300000000000580268, -0.001922125109251359917, 0.0003308474117064440006 ) ) ;
#1760 = CARTESIAN_POINT ( 'NONE',  ( 0.004300000000000579400, -0.002466887631423587968, 0.0003419275938955854415 ) ) ;
#1761 = PLANE ( 'NONE',  #4382 ) ;
#1762 = AXIS2_PLACEMENT_3D ( 'NONE', #893, #5571, #6606 ) ;
#1763 = EDGE_LOOP ( 'NONE', ( #3028, #6068, #4843, #3210 ) ) ;
#1764 = CARTESIAN_POINT ( 'NONE',  ( 0.004300000000000580268, -0.0003999999999999240166, -0.002150000000000039900 ) ) ;
#1765 = EDGE_CURVE ( 'NONE', #4187, #1433, #2869, .T. ) ;
#1766 = CARTESIAN_POINT ( 'NONE',  ( 0.000000000000000000, -0.002779999999999039750, 0.001950000000000069950 ) ) ;
#1767 = CARTESIAN_POINT ( 'NONE',  ( -0.0002499999999999910063, -0.003600000000000839941, -0.0001500000000000099886 ) ) ;
#1768 = ORIENTED_EDGE ( 'NONE', *, *, #5078, .F. ) ;
#1769 = PLANE ( 'NONE',  #1692 ) ;
#1770 = VECTOR ( 'NONE', #556, 1.000000000000000000 ) ;
#1771 = DIRECTION ( 'NONE',  ( 0.000000000000000000, 0.000000000000000000, -1.000000000000000000 ) ) ;
#1772 = CARTESIAN_POINT ( 'NONE',  ( 0.004300000000000580268, -0.002516253444455717435, 0.0004514923470091317223 ) ) ;
#1773 = PLANE ( 'NONE',  #3209 ) ;
#1774 = ORIENTED_EDGE ( 'NONE', *, *, #3361, .T. ) ;
#1775 = EDGE_LOOP ( 'NONE', ( #895, #5680, #670, #486 ) ) ;
#1776 = EDGE_LOOP ( 'NONE', ( #5183, #3261, #5860, #1097 ) ) ;
#1777 = DIRECTION ( 'NONE',  ( 0.000000000000000000, -1.000000000000000000, 0.000000000000000000 ) ) ;
#1778 = EDGE_LOOP ( 'NONE', ( #5167, #6285, #4093, #3060, #2273 ) ) ;
#1779 = VERTEX_POINT ( 'NONE', #4903 ) ;
#1780 = EDGE_CURVE ( 'NONE', #4038, #3671, #6445, .T. ) ;
#1781 = CARTESIAN_POINT ( 'NONE',  ( 0.002249999999999889675, -0.006850000000000540552, 0.0001500000000000099886 ) ) ;
#1782 = AXIS2_PLACEMENT_3D ( 'NONE', #393, #1441, #3468 ) ;
#1783 = CARTESIAN_POINT ( 'NONE',  ( -0.001799999999999909962, -0.0005000000000000319944, -0.001500000000000099995 ) ) ;
#1784 = EDGE_LOOP ( 'NONE', ( #905, #1226, #627, #2551 ) ) ;
#1785 = EDGE_CURVE ( 'NONE', #2605, #6059, #928, .T. ) ;
#1786 = DIRECTION ( 'NONE',  ( -1.000000000000000000, 0.000000000000000000, 0.000000000000000000 ) ) ;
#1787 = LINE ( 'NONE', #5795, #5868 ) ;
#1788 = VECTOR ( 'NONE', #1144, 1.000000000000000000 ) ;
#1789 = CARTESIAN_POINT ( 'NONE',  ( 0.004099999999998840683, -0.006795199999999540670, 0.000000000000000000 ) ) ;
#1790 = CARTESIAN_POINT ( 'NONE',  ( 0.004300000000000578533, -0.001525024848776049919, 0.0005342746836440760835 ) ) ;
#1791 = CARTESIAN_POINT ( 'NONE',  ( -0.004300000000000580268, -0.005799999999999659595, -0.0001620000000000120150 ) ) ;
#1792 = AXIS2_PLACEMENT_3D ( 'NONE', #2674, #6444, #2399 ) ;
#1793 = VECTOR ( 'NONE', #1054, 1.000000000000000000 ) ;
#1794 = PLANE ( 'NONE',  #2334 ) ;
#1795 = ORIENTED_EDGE ( 'NONE', *, *, #2062, .T. ) ;
#1796 = ORIENTED_EDGE ( 'NONE', *, *, #3670, .T. ) ;
#1797 = CARTESIAN_POINT ( 'NONE',  ( -0.002249999999999889675, -0.003600000000000839941, -0.0001500000000000099886 ) ) ;
#1798 = DIRECTION ( 'NONE',  ( -1.000000000000000000, 0.000000000000000000, 0.000000000000000000 ) ) ;
#1799 = CARTESIAN_POINT ( 'NONE',  ( 0.003842800000000579780, -0.004049999999999039611, 0.001211539816339700024 ) ) ;
#1800 = VERTEX_POINT ( 'NONE', #6004 ) ;
#1801 = AXIS2_PLACEMENT_3D ( 'NONE', #5362, #2323, #2884 ) ;
#1802 = CARTESIAN_POINT ( 'NONE',  ( -0.003042800000001239912, -0.003600000000000839941, 0.002150000000000039900 ) ) ;
#1803 = CARTESIAN_POINT ( 'NONE',  ( 0.004300000000000580268, -0.002710153523873120099, 0.0005091028540289840257 ) ) ;
#1804 = DIRECTION ( 'NONE',  ( 1.000000000000000000, 0.000000000000000000, 0.000000000000000000 ) ) ;
#1805 = ADVANCED_FACE ( 'NONE', ( #1435 ), #5007, .F. ) ;
#1806 =( LENGTH_UNIT ( ) NAMED_UNIT ( * ) SI_UNIT ( $, .METRE. ) );
#1807 = EDGE_LOOP ( 'NONE', ( #5552, #4996, #206, #2114, #1215, #2067 ) ) ;
#1808 = VERTEX_POINT ( 'NONE', #2466 ) ;
#1809 = CARTESIAN_POINT ( 'NONE',  ( 0.004250000000000780064, -0.002710153523873120099, 0.0005091028540289840257 ) ) ;
#1810 = DIRECTION ( 'NONE',  ( 1.000000000000000000, 0.000000000000000000, 0.000000000000000000 ) ) ;
#1811 = ORIENTED_EDGE ( 'NONE', *, *, #1160, .T. ) ;
#1812 = DIRECTION ( 'NONE',  ( -1.000000000000000000, 0.000000000000000000, 0.000000000000000000 ) ) ;
#1813 = VERTEX_POINT ( 'NONE', #6541 ) ;
#1814 = VECTOR ( 'NONE', #2391, 1.000000000000000000 ) ;
#1815 = DIRECTION ( 'NONE',  ( 0.000000000000000000, -0.9952694819190712749, 0.09715275786380722645 ) ) ;
#1816 = ADVANCED_FACE ( 'NONE', ( #1962 ), #6039, .T. ) ;
#1817 = LINE ( 'NONE', #5293, #6205 ) ;
#1818 = EDGE_CURVE ( 'NONE', #5030, #4329, #3591, .T. ) ;
#1819 = VECTOR ( 'NONE', #6306, 1.000000000000000000 ) ;
#1820 = ORIENTED_EDGE ( 'NONE', *, *, #6154, .F. ) ;
#1821 = LINE ( 'NONE', #3852, #4243 ) ;
#1822 = ORIENTED_EDGE ( 'NONE', *, *, #2621, .F. ) ;
#1823 =( GEOMETRIC_REPRESENTATION_CONTEXT ( 3 ) GLOBAL_UNCERTAINTY_ASSIGNED_CONTEXT ( ( #454 ) ) GLOBAL_UNIT_ASSIGNED_CONTEXT ( ( #3441, #2941, #1013 ) ) REPRESENTATION_CONTEXT ( 'NONE', 'WORKASPACE' ) );
#1824 = CARTESIAN_POINT ( 'NONE',  ( -0.003042800000001239912, -0.003600000000000839941, 0.002150000000000039900 ) ) ;
#1825 = EDGE_CURVE ( 'NONE', #567, #196, #2995, .T. ) ;
#1826 = PRESENTATION_STYLE_ASSIGNMENT (( #240 ) ) ;
#1827 = CARTESIAN_POINT ( 'NONE',  ( 0.004300000000000579400, -0.002084963256800949870, 0.0001896351818824117564 ) ) ;
#1828 = VECTOR ( 'NONE', #6620, 1.000000000000000000 ) ;
#1829 = CARTESIAN_POINT ( 'NONE',  ( 0.004300000000000580268, -0.006795199999999540670, 0.000000000000000000 ) ) ;
#1830 = CIRCLE ( 'NONE', #4579, 0.0003999999999999238540 ) ;
#1831 = DIRECTION ( 'NONE',  ( 0.000000000000000000, -0.9799993465698060291, 0.1990007053323009922 ) ) ;
#1832 = CARTESIAN_POINT ( 'NONE',  ( -0.003899999999999639866, -0.006031911562518000106, 0.0005638519319878100393 ) ) ;
#1833 = CARTESIAN_POINT ( 'NONE',  ( 0.000000000000000000, 0.000000000000000000, -0.001000000000000060086 ) ) ;
#1834 = FILL_AREA_STYLE_COLOUR ( '', #261 ) ;
#1835 = ORIENTED_EDGE ( 'NONE', *, *, #4584, .T. ) ;
#1836 = CARTESIAN_POINT ( 'NONE',  ( -0.003042800000001239912, -0.003650000000000640146, -0.001211539816339700024 ) ) ;
#1837 = CARTESIAN_POINT ( 'NONE',  ( 0.004300000000000580268, -0.0003999999999999240166, 0.002150000000000039900 ) ) ;
#1838 = LINE ( 'NONE', #5407, #6056 ) ;
#1839 = ORIENTED_EDGE ( 'NONE', *, *, #827, .F. ) ;
#1840 = CARTESIAN_POINT ( 'NONE',  ( 0.002016701440000029984, -0.003650000000000640146, -0.005978539816340699628 ) ) ;
#1841 = ORIENTED_EDGE ( 'NONE', *, *, #874, .T. ) ;
#1842 = DIRECTION ( 'NONE',  ( 0.000000000000000000, -1.000000000000000000, 0.000000000000000000 ) ) ;
#1843 = CARTESIAN_POINT ( 'NONE',  ( -0.001999999999999869937, 0.000000000000000000, 0.001099999999999920052 ) ) ;
#1844 = B_SPLINE_CURVE_WITH_KNOTS ( 'NONE', 3,
 ( #2509, #5082, #5613, #4540 ),
 .UNSPECIFIED., .F., .F.,
 ( 4, 4 ),
 ( 0.000000000000000000, 1.000000000000000000 ),
 .UNSPECIFIED. ) ;
#1845 = ORIENTED_EDGE ( 'NONE', *, *, #2094, .T. ) ;
#1846 = CARTESIAN_POINT ( 'NONE',  ( 0.003839999999999879968, -0.002779999999999039750, -0.001649999999999999991 ) ) ;
#1847 = EDGE_LOOP ( 'NONE', ( #4896, #2769, #5273, #4260 ) ) ;
#1848 = CARTESIAN_POINT ( 'NONE',  ( -0.0006999999999999999929, -0.002200000000000090338, 0.002150000000000039900 ) ) ;
#1849 = VERTEX_POINT ( 'NONE', #5638 ) ;
#1850 = VERTEX_POINT ( 'NONE', #5139 ) ;
#1851 = CARTESIAN_POINT ( 'NONE',  ( 0.004300000000000580268, -0.003029877937189080078, -0.0002398453226186319826 ) ) ;
#1852 = EDGE_CURVE ( 'NONE', #6471, #2815, #4664, .T. ) ;
#1853 = ORIENTED_EDGE ( 'NONE', *, *, #2214, .T. ) ;
#1854 = ADVANCED_FACE ( 'NONE', ( #1031 ), #2600, .F. ) ;
#1855 = CARTESIAN_POINT ( 'NONE',  ( 0.004250000000000780064, -0.002228147234490370030, -0.001183882132549520004 ) ) ;
#1856 = VERTEX_POINT ( 'NONE', #1601 ) ;
#1857 = B_SPLINE_SURFACE_WITH_KNOTS ( 'NONE', 3, 1, ( 
 ( #5811, #5749 ),
 ( #1178, #698 ),
 ( #1212, #5846 ),
 ( #6383, #4232 ) ),
 .UNSPECIFIED., .F., .F., .F.,
 ( 4, 4 ),
 ( 2, 2 ),
 ( 0.03345908867626741501, 0.9594388884584308386 ),
 ( 0.000000000000000000, 1.000000000000000000 ),
 .UNSPECIFIED. ) ;
#1858 = DIRECTION ( 'NONE',  ( -1.000000000000000000, 0.000000000000000000, 0.000000000000000000 ) ) ;
#1859 = CARTESIAN_POINT ( 'NONE',  ( 0.004250000000000780931, -0.001503464648650410006, 0.0006633895243371699425 ) ) ;
#1860 = DIRECTION ( 'NONE',  ( 0.000000000000000000, 0.000000000000000000, -1.000000000000000000 ) ) ;
#1861 = ADVANCED_FACE ( 'NONE', ( #452 ), #3021, .F. ) ;
#1862 = CARTESIAN_POINT ( 'NONE',  ( 0.0006999999999999999929, -0.001000000000000060086, 0.002150000000000039900 ) ) ;
#1863 = ORIENTED_EDGE ( 'NONE', *, *, #6026, .F. ) ;
#1864 = VECTOR ( 'NONE', #461, 1.000000000000000000 ) ;
#1865 = CARTESIAN_POINT ( 'NONE',  ( 0.004300000000000580268, -0.002231153523872500110, 5.179246496675520380E-05 ) ) ;
#1866 = DIRECTION ( 'NONE',  ( 0.000000000000000000, 0.000000000000000000, 1.000000000000000000 ) ) ;
#1867 = B_SPLINE_CURVE_WITH_KNOTS ( 'NONE', 3,
 ( #5981, #3501, #1442, #3470 ),
 .UNSPECIFIED., .F., .F.,
 ( 4, 4 ),
 ( 0.000000000000000000, 1.000000000000000000 ),
 .UNSPECIFIED. ) ;
#1868 = CARTESIAN_POINT ( 'NONE',  ( -0.004300000000000580268, -0.004300000000000580268, 0.001221010893854959905 ) ) ;
#1869 = VERTEX_POINT ( 'NONE', #2497 ) ;
#1870 = LINE ( 'NONE', #5348, #5739 ) ;
#1871 = EDGE_CURVE ( 'NONE', #4340, #3479, #6610, .T. ) ;
#1872 = VECTOR ( 'NONE', #1730, 1.000000000000000000 ) ;
#1873 = DIRECTION ( 'NONE',  ( 0.000000000000000000, 0.000000000000000000, 1.000000000000000000 ) ) ;
#1874 = ORIENTED_EDGE ( 'NONE', *, *, #507, .T. ) ;
#1875 = CARTESIAN_POINT ( 'NONE',  ( -0.001999999999999869937, 0.0003999999999999240166, -0.001099999999999920052 ) ) ;
#1876 = ORIENTED_EDGE ( 'NONE', *, *, #1403, .T. ) ;
#1877 = VECTOR ( 'NONE', #222, 1.000000000000000000 ) ;
#1878 = CARTESIAN_POINT ( 'NONE',  ( 0.003842800000000579780, 0.0003999999999999240166, 0.001750000000000109975 ) ) ;
#1879 = ORIENTED_EDGE ( 'NONE', *, *, #1566, .F. ) ;
#1880 = FACE_OUTER_BOUND ( 'NONE', #4135, .T. ) ;
#1881 = ORIENTED_EDGE ( 'NONE', *, *, #6277, .T. ) ;
#1882 = LINE ( 'NONE', #2939, #4782 ) ;
#1883 = ORIENTED_EDGE ( 'NONE', *, *, #3683, .F. ) ;
#1884 = FACE_BOUND ( 'NONE', #6, .T. ) ;
#1885 = ORIENTED_EDGE ( 'NONE', *, *, #4087, .F. ) ;
#1886 = CARTESIAN_POINT ( 'NONE',  ( 0.0006999999999999999929, -0.001000000000000060086, 0.000000000000000000 ) ) ;
#1887 = VECTOR ( 'NONE', #2135, 1.000000000000000000 ) ;
#1888 = ADVANCED_FACE ( 'NONE', ( #1636 ), #4125, .F. ) ;
#1889 = LINE ( 'NONE', #6563, #4259 ) ;
#1890 = CARTESIAN_POINT ( 'NONE',  ( 0.004250000000000780931, -0.002287918656558669741, 0.001458042349693059988 ) ) ;
#1891 = CARTESIAN_POINT ( 'NONE',  ( 0.0005000000000000319944, 0.004400000000000180676, -0.001000000000000060086 ) ) ;
#1892 = VECTOR ( 'NONE', #6238, 1.000000000000000000 ) ;
#1893 = VECTOR ( 'NONE', #1873, 1.000000000000000000 ) ;
#1894 = LINE ( 'NONE', #274, #322 ) ;
#1895 = ADVANCED_FACE ( 'NONE', ( #5606 ), #2131, .T. ) ;
#1896 = CIRCLE ( 'NONE', #2953, 0.0007619999999999998736 ) ;
#1897 = LINE ( 'NONE', #862, #4222 ) ;
#1898 = EDGE_CURVE ( 'NONE', #2284, #22, #819, .T. ) ;
#1899 = CARTESIAN_POINT ( 'NONE',  ( -0.001799999999999909962, 0.000000000000000000, -0.001099999999999920052 ) ) ;
#1900 = CARTESIAN_POINT ( 'NONE',  ( 0.004300000000000579400, -0.002611610218308511346, 0.0004411207164081710997 ) ) ;
#1901 = ORIENTED_EDGE ( 'NONE', *, *, #5040, .T. ) ;
#1902 = AXIS2_PLACEMENT_3D ( 'NONE', #2772, #4262, #1673 ) ;
#1903 = LINE ( 'NONE', #1374, #1156 ) ;
#1904 = AXIS2_PLACEMENT_3D ( 'NONE', #3960, #5938, #285 ) ;
#1905 = LINE ( 'NONE', #353, #1044 ) ;
#1906 = VECTOR ( 'NONE', #4343, 1.000000000000000000 ) ;
#1907 = LINE ( 'NONE', #1875, #2559 ) ;
#1908 = CARTESIAN_POINT ( 'NONE',  ( 0.004250000000000780064, -0.002873153523872722798, 0.0002153200030811829513 ) ) ;
#1909 = ADVANCED_FACE ( 'NONE', ( #6110 ), #1537, .T. ) ;
#1910 = LINE ( 'NONE', #1843, #4236 ) ;
#1911 = AXIS2_PLACEMENT_3D ( 'NONE', #5827, #1724, #4318 ) ;
#1912 = ORIENTED_EDGE ( 'NONE', *, *, #6263, .F. ) ;
#1913 = CARTESIAN_POINT ( 'NONE',  ( -0.003842800000000579780, -0.003600000000000839941, -0.001700000000000059970 ) ) ;
#1914 = ORIENTED_EDGE ( 'NONE', *, *, #3323, .F. ) ;
#1915 = DIRECTION ( 'NONE',  ( 1.000000000000000000, 0.000000000000000000, 0.000000000000000000 ) ) ;
#1916 = CARTESIAN_POINT ( 'NONE',  ( -0.004300000000000580268, -0.0003999999999999240166, -0.001425999999999880054 ) ) ;
#1917 = ORIENTED_EDGE ( 'NONE', *, *, #7, .T. ) ;
#1918 = FACE_OUTER_BOUND ( 'NONE', #2498, .T. ) ;
#1919 = VECTOR ( 'NONE', #2387, 1.000000000000000000 ) ;
#1920 = LINE ( 'NONE', #3484, #859 ) ;
#1921 = B_SPLINE_CURVE_WITH_KNOTS ( 'NONE', 3,
 ( #2993, #1993, #4526, #485 ),
 .UNSPECIFIED., .F., .F.,
 ( 4, 4 ),
 ( 0.000000000000000000, 1.000000000000000000 ),
 .UNSPECIFIED. ) ;
#1922 = CARTESIAN_POINT ( 'NONE',  ( 0.004250000000000780931, -0.002903009401185739809, 0.001512986916169979960 ) ) ;
#1923 = CARTESIAN_POINT ( 'NONE',  ( 0.003799999999999999992, 0.000000000000000000, -0.001500000000000099995 ) ) ;
#1924 = MECHANICAL_DESIGN_GEOMETRIC_PRESENTATION_REPRESENTATION (  '', ( #4800 ), #755 ) ;
#1925 = CARTESIAN_POINT ( 'NONE',  ( -0.003839999999999879968, -0.003600000000000839941, -0.001649999999999999991 ) ) ;
#1926 = LINE ( 'NONE', #2832, #4657 ) ;
#1927 = AXIS2_PLACEMENT_3D ( 'NONE', #1143, #6126, #1617 ) ;
#1928 = CARTESIAN_POINT ( 'NONE',  ( 0.004300000000000580268, -0.0003999999999999240166, -0.001425999999999880054 ) ) ;
#1929 = DIRECTION ( 'NONE',  ( 0.000000000000000000, 1.000000000000000000, 0.000000000000000000 ) ) ;
#1930 = EDGE_CURVE ( 'NONE', #764, #525, #3654, .T. ) ;
#1931 = EDGE_CURVE ( 'NONE', #794, #623, #688, .T. ) ;
#1932 = VERTEX_POINT ( 'NONE', #3154 ) ;
#1933 = DIRECTION ( 'NONE',  ( -1.000000000000000000, 0.000000000000000000, 0.000000000000000000 ) ) ;
#1934 = CARTESIAN_POINT ( 'NONE',  ( 0.004300000000000580268, -5.720000000000000122E-05, -0.001425999999999880054 ) ) ;
#1935 = ADVANCED_FACE ( 'NONE', ( #110 ), #1794, .F. ) ;
#1936 = CARTESIAN_POINT ( 'NONE',  ( -0.003042800000001239912, -0.004049999999999039611, -0.001211539816339700024 ) ) ;
#1937 = VERTEX_POINT ( 'NONE', #621 ) ;
#1938 = DIRECTION ( 'NONE',  ( 0.000000000000000000, 0.000000000000000000, 1.000000000000000000 ) ) ;
#1939 = CARTESIAN_POINT ( 'NONE',  ( 0.004300000000000580268, -0.002288153523872519818, 0.0001303904331904180019 ) ) ;
#1940 = ORIENTED_EDGE ( 'NONE', *, *, #3323, .T. ) ;
#1941 = LINE ( 'NONE', #6549, #5267 ) ;
#1942 = ORIENTED_EDGE ( 'NONE', *, *, #86, .F. ) ;
#1943 = LINE ( 'NONE', #5020, #6064 ) ;
#1944 = EDGE_CURVE ( 'NONE', #4324, #2178, #2699, .T. ) ;
#1945 = VERTEX_POINT ( 'NONE', #6313 ) ;
#1946 = PLANE ( 'NONE',  #4809 ) ;
#1947 = CARTESIAN_POINT ( 'NONE',  ( 0.001999999999999869937, 0.0003999999999999240166, -0.001000000000000060086 ) ) ;
#1948 = VERTEX_POINT ( 'NONE', #217 ) ;
#1949 = ADVANCED_FACE ( 'NONE', ( #5265 ), #1761, .T. ) ;
#1950 = CARTESIAN_POINT ( 'NONE',  ( 0.004300000000000580268, -0.002387783423741360236, 5.429662822374759629E-05 ) ) ;
#1951 = ADVANCED_FACE ( 'NONE', ( #2667 ), #4731, .T. ) ;
#1952 = CARTESIAN_POINT ( 'NONE',  ( 0.003899999999999639866, -0.004300000000000580268, 0.0004590108938549639886 ) ) ;
#1953 = FACE_OUTER_BOUND ( 'NONE', #1775, .T. ) ;
#1954 = CARTESIAN_POINT ( 'NONE',  ( -0.004099999999998840683, -0.004300000000000580268, 0.001303600000000019977 ) ) ;
#1955 = CARTESIAN_POINT ( 'NONE',  ( 0.004250000000000780064, -0.002831815343489260586, -0.0002167166857290881397 ) ) ;
#1956 = FACE_OUTER_BOUND ( 'NONE', #415, .T. ) ;
#1957 = LINE ( 'NONE', #552, #4441 ) ;
#1958 = FACE_OUTER_BOUND ( 'NONE', #5123, .T. ) ;
#1959 = CARTESIAN_POINT ( 'NONE',  ( -0.004300000000000580268, -0.004300000000000580268, 0.001221010893854959905 ) ) ;
#1960 = ORIENTED_EDGE ( 'NONE', *, *, #6237, .F. ) ;
#1961 = CARTESIAN_POINT ( 'NONE',  ( -0.002249999999999889675, -0.006850000000000540552, 0.0001500000000000099886 ) ) ;
#1962 = FACE_OUTER_BOUND ( 'NONE', #151, .T. ) ;
#1963 = ORIENTED_EDGE ( 'NONE', *, *, #2456, .T. ) ;
#1964 = VECTOR ( 'NONE', #2875, 1.000000000000000000 ) ;
#1965 = EDGE_CURVE ( 'NONE', #2267, #2376, #2199, .T. ) ;
#1966 = DIRECTION ( 'NONE',  ( 0.000000000000000000, 0.8887589739204622141, 0.4583748316343810858 ) ) ;
#1967 = ORIENTED_EDGE ( 'NONE', *, *, #31, .T. ) ;
#1968 = PLANE ( 'NONE',  #3584 ) ;
#1969 = VERTEX_POINT ( 'NONE', #3692 ) ;
#1970 = DIRECTION ( 'NONE',  ( 1.000000000000000000, 0.000000000000000000, 0.000000000000000000 ) ) ;
#1971 = ORIENTED_EDGE ( 'NONE', *, *, #414, .F. ) ;
#1972 = LINE ( 'NONE', #6047, #4290 ) ;
#1973 = AXIS2_PLACEMENT_3D ( 'NONE', #6240, #1200, #686 ) ;
#1974 = DIRECTION ( 'NONE',  ( -1.000000000000000000, 0.000000000000000000, 0.000000000000000000 ) ) ;
#1975 = DIRECTION ( 'NONE',  ( 0.000000000000000000, -0.9952694819190712749, 0.09715275786380722645 ) ) ;
#1976 = ORIENTED_EDGE ( 'NONE', *, *, #1171, .T. ) ;
#1977 = ADVANCED_FACE ( 'NONE', ( #727 ), #4258, .T. ) ;
#1978 = LINE ( 'NONE', #6191, #1349 ) ;
#1979 = ORIENTED_EDGE ( 'NONE', *, *, #2356, .F. ) ;
#1980 = AXIS2_PLACEMENT_3D ( 'NONE', #5700, #3726, #3054 ) ;
#1981 = DIRECTION ( 'NONE',  ( 0.000000000000000000, 0.000000000000000000, 1.000000000000000000 ) ) ;
#1982 = DIRECTION ( 'NONE',  ( 0.000000000000000000, 0.000000000000000000, -1.000000000000000000 ) ) ;
#1983 = EDGE_CURVE ( 'NONE', #3806, #3639, #5738, .T. ) ;
#1984 = ORIENTED_EDGE ( 'NONE', *, *, #1221, .T. ) ;
#1985 = DIRECTION ( 'NONE',  ( 0.000000000000000000, 0.000000000000000000, 1.000000000000000000 ) ) ;
#1986 = CARTESIAN_POINT ( 'NONE',  ( 0.0006999999999999999929, -0.002200000000000090338, 0.000000000000000000 ) ) ;
#1987 = EDGE_CURVE ( 'NONE', #6225, #3194, #2733, .T. ) ;
#1988 = CARTESIAN_POINT ( 'NONE',  ( 0.004250000000000780064, -0.002725538471266705353, 0.0009068110515002162980 ) ) ;
#1989 = CARTESIAN_POINT ( 'NONE',  ( 0.004250000000000780064, -0.001563078422692379876, -0.0005258775166104020333 ) ) ;
#1990 = CARTESIAN_POINT ( 'NONE',  ( 0.0005000000000000319944, 0.004400000000000180676, -0.001000000000000060086 ) ) ;
#1991 = AXIS2_PLACEMENT_3D ( 'NONE', #3337, #6449, #900 ) ;
#1992 = DIRECTION ( 'NONE',  ( 0.000000000000000000, -1.734723475976697285E-14, 1.000000000000000000 ) ) ;
#1993 = CARTESIAN_POINT ( 'NONE',  ( 0.004250000000000780064, -0.003074038388006940237, 0.0002351886698734090200 ) ) ;
#1994 = ORIENTED_EDGE ( 'NONE', *, *, #6340, .F. ) ;
#1995 = ORIENTED_EDGE ( 'NONE', *, *, #3041, .T. ) ;
#1996 = CIRCLE ( 'NONE', #4117, 5.000000000000316691E-05 ) ;
#1997 = VECTOR ( 'NONE', #2606, 1.000000000000000000 ) ;
#1998 = CARTESIAN_POINT ( 'NONE',  ( 0.004250000000000780064, -0.003073877937189919887, 1.531311584405000063E-05 ) ) ;
#1999 = VERTEX_POINT ( 'NONE', #1231 ) ;
#2000 = CARTESIAN_POINT ( 'NONE',  ( 0.001000000000000060086, 0.000000000000000000, -0.001500000000000099995 ) ) ;
#2001 = ORIENTED_EDGE ( 'NONE', *, *, #2181, .F. ) ;
#2002 = FACE_OUTER_BOUND ( 'NONE', #3175, .T. ) ;
#2003 = AXIS2_PLACEMENT_3D ( 'NONE', #5240, #3734, #4702 ) ;
#2004 = ORIENTED_EDGE ( 'NONE', *, *, #5456, .F. ) ;
#2005 = FACE_OUTER_BOUND ( 'NONE', #6451, .T. ) ;
#2006 = CIRCLE ( 'NONE', #2858, 0.0003999999999999238540 ) ;
#2007 = DIRECTION ( 'NONE',  ( -1.000000000000000000, 0.000000000000000000, 0.000000000000000000 ) ) ;
#2008 = ADVANCED_FACE ( 'NONE', ( #142 ), #4323, .F. ) ;
#2009 = CARTESIAN_POINT ( 'NONE',  ( 0.004099999999998840683, -0.002178600000000069977, 0.002150000000000039900 ) ) ;
#2010 = CARTESIAN_POINT ( 'NONE',  ( -0.004300000000000580268, -0.004300000000000580268, -0.0004590108938549639886 ) ) ;
#2011 = VERTEX_POINT ( 'NONE', #4764 ) ;
#2012 = CARTESIAN_POINT ( 'NONE',  ( 0.001500000000000099995, 0.004400000000000180676, 0.001000000000000060086 ) ) ;
#2013 = CARTESIAN_POINT ( 'NONE',  ( 0.003899999999999639866, -0.0003999999999999240166, 0.002150000000000039900 ) ) ;
#2014 = ADVANCED_FACE ( 'NONE', ( #2266 ), #894, .T. ) ;
#2015 = ORIENTED_EDGE ( 'NONE', *, *, #5931, .F. ) ;
#2016 = ADVANCED_FACE ( 'NONE', ( #1203 ), #3224, .T. ) ;
#2017 = CARTESIAN_POINT ( 'NONE',  ( 0.004250000000000780064, -0.002559294577923882947, 2.856663412117405490E-06 ) ) ;
#2018 = EDGE_CURVE ( 'NONE', #2811, #1613, #2297, .T. ) ;
#2019 = LINE ( 'NONE', #4450, #532 ) ;
#2020 = CARTESIAN_POINT ( 'NONE',  ( 0.003842800000000579780, -0.004049999999999039611, 0.001211539816339700024 ) ) ;
#2021 = CARTESIAN_POINT ( 'NONE',  ( 0.0002499999999999910063, -0.003600000000000839941, 0.0001500000000000099886 ) ) ;
#2022 = DIRECTION ( 'NONE',  ( 1.000000000000000000, 0.000000000000000000, 0.000000000000000000 ) ) ;
#2023 = VECTOR ( 'NONE', #5849, 1.000000000000000000 ) ;
#2024 = EDGE_CURVE ( 'NONE', #3094, #1948, #4998, .T. ) ;
#2025 = CARTESIAN_POINT ( 'NONE',  ( 0.004300000000000580268, -0.005725969598507800636, -0.0005963953452224180331 ) ) ;
#2026 = CARTESIAN_POINT ( 'NONE',  ( 0.004250000000000780064, -0.002872783881126359656, 0.0002622406176757039972 ) ) ;
#2027 = CARTESIAN_POINT ( 'NONE',  ( 0.004300000000000580268, -0.002906454367031379837, 0.0005523941935589079394 ) ) ;
#2028 = AXIS2_PLACEMENT_3D ( 'NONE', #6229, #1654, #1057 ) ;
#2029 = VERTEX_POINT ( 'NONE', #6533 ) ;
#2030 = CARTESIAN_POINT ( 'NONE',  ( 0.004300000000000580268, -0.003073877937189919887, 0.001081258233222920015 ) ) ;
#2031 = AXIS2_PLACEMENT_3D ( 'NONE', #6289, #2308, #5379 ) ;
#2032 = AXIS2_PLACEMENT_3D ( 'NONE', #943, #3912, #3879 ) ;
#2033 = FACE_OUTER_BOUND ( 'NONE', #1142, .T. ) ;
#2034 = ORIENTED_EDGE ( 'NONE', *, *, #2710, .F. ) ;
#2035 = PLANE ( 'NONE',  #3906 ) ;
#2036 = CARTESIAN_POINT ( 'NONE',  ( 0.004250000000000780931, -0.002287153524877705204, 0.001022497690314669609 ) ) ;
#2037 = ORIENTED_EDGE ( 'NONE', *, *, #180, .F. ) ;
#2038 = LINE ( 'NONE', #5081, #3554 ) ;
#2039 = ORIENTED_EDGE ( 'NONE', *, *, #2479, .T. ) ;
#2040 = CARTESIAN_POINT ( 'NONE',  ( 0.004250000000000780931, -0.001968153523871964301, 0.0007530148890159886303 ) ) ;
#2041 = VERTEX_POINT ( 'NONE', #5493 ) ;
#2042 = CARTESIAN_POINT ( 'NONE',  ( -0.003042800000001239912, -0.002779999999999039750, 0.001750000000000109975 ) ) ;
#2043 = ORIENTED_EDGE ( 'NONE', *, *, #3105, .T. ) ;
#2044 = CARTESIAN_POINT ( 'NONE',  ( 0.003842800000000579780, 0.000000000000000000, -0.001750000000000109975 ) ) ;
#2045 = DIRECTION ( 'NONE',  ( 0.000000000000000000, -1.000000000000000000, 0.000000000000000000 ) ) ;
#2046 = EDGE_LOOP ( 'NONE', ( #1550, #5729, #3819, #4425, #3147, #3531, #5853, #5055, #713, #1942, #2449, #3998, #5449, #5608, #4473, #5875, #866, #172, #2034, #2145 ) ) ;
#2047 = LINE ( 'NONE', #2180, #290 ) ;
#2048 = FACE_OUTER_BOUND ( 'NONE', #2381, .T. ) ;
#2049 = EDGE_CURVE ( 'NONE', #5419, #3159, #1499, .T. ) ;
#2050 = DIRECTION ( 'NONE',  ( -0.7071067811865475727, 0.7071067811865475727, 0.000000000000000000 ) ) ;
#2051 = CARTESIAN_POINT ( 'NONE',  ( -0.004300000000000580268, -0.0003999999999999240166, -0.002150000000000039900 ) ) ;
#2052 = ADVANCED_FACE ( 'NONE', ( #6407 ), #6470, .F. ) ;
#2053 = DIRECTION ( 'NONE',  ( 0.000000000000000000, 0.000000000000000000, 1.000000000000000000 ) ) ;
#2054 = CIRCLE ( 'NONE', #1747, 0.0003810000000000000452 ) ;
#2055 = ORIENTED_EDGE ( 'NONE', *, *, #4675, .F. ) ;
#2056 = DIRECTION ( 'NONE',  ( 1.000000000000000000, 0.000000000000000000, 0.000000000000000000 ) ) ;
#2057 = CARTESIAN_POINT ( 'NONE',  ( 0.004250000000000780064, -0.002791153523871779934, 0.0002874971942643039726 ) ) ;
#2058 = CARTESIAN_POINT ( 'NONE',  ( 0.002016701440000029984, -0.003650000000000640146, 0.005978539816340699628 ) ) ;
#2059 = EDGE_CURVE ( 'NONE', #199, #3671, #3952, .T. ) ;
#2060 = ORIENTED_EDGE ( 'NONE', *, *, #501, .F. ) ;
#2061 =( NAMED_UNIT ( * ) PLANE_ANGLE_UNIT ( ) SI_UNIT ( $, .RADIAN. ) );
#2062 = EDGE_CURVE ( 'NONE', #623, #1461, #3891, .T. ) ;
#2063 = ORIENTED_EDGE ( 'NONE', *, *, #969, .T. ) ;
#2064 = CYLINDRICAL_SURFACE ( 'NONE', #5190, 5.719999999999987247E-05 ) ;
#2065 = DIRECTION ( 'NONE',  ( 0.000000000000000000, -1.000000000000000000, 0.000000000000000000 ) ) ;
#2066 = EDGE_CURVE ( 'NONE', #2786, #5788, #1393, .T. ) ;
#2067 = ORIENTED_EDGE ( 'NONE', *, *, #2545, .F. ) ;
#2068 = DIRECTION ( 'NONE',  ( -1.000000000000000000, 0.000000000000000000, 0.000000000000000000 ) ) ;
#2069 = LINE ( 'NONE', #462, #2853 ) ;
#2070 = AXIS2_PLACEMENT_3D ( 'NONE', #3616, #63, #3083 ) ;
#2071 = PLANE ( 'NONE',  #433 ) ;
#2072 = ORIENTED_EDGE ( 'NONE', *, *, #5168, .T. ) ;
#2073 = CARTESIAN_POINT ( 'NONE',  ( -0.002890000000001140355, -0.003600000000000839941, -0.002150000000000039900 ) ) ;
#2074 = EDGE_LOOP ( 'NONE', ( #2299, #4095, #296, #5271, #4747 ) ) ;
#2075 = CARTESIAN_POINT ( 'NONE',  ( 0.003842800000000579780, -0.004049999999999039611, 0.001700000000000059970 ) ) ;
#2076 = VECTOR ( 'NONE', #1119, 1.000000000000000000 ) ;
#2077 = DIRECTION ( 'NONE',  ( -1.000000000000000000, 0.000000000000000000, 0.000000000000000000 ) ) ;
#2078 = VERTEX_POINT ( 'NONE', #4389 ) ;
#2079 = FACE_OUTER_BOUND ( 'NONE', #4710, .T. ) ;
#2080 = AXIS2_PLACEMENT_3D ( 'NONE', #2272, #4297, #5936 ) ;
#2081 = CARTESIAN_POINT ( 'NONE',  ( 0.004300000000000580268, -0.002585134369195407969, -0.0001197726584530200045 ) ) ;
#2082 = AXIS2_PLACEMENT_3D ( 'NONE', #1791, #3827, #789 ) ;
#2083 = CARTESIAN_POINT ( 'NONE',  ( -0.003842800000000579780, -0.003600000000000839941, 0.002150000000000039900 ) ) ;
#2084 = CARTESIAN_POINT ( 'NONE',  ( 0.001320000000000050083, -0.002200000000000090338, 0.001750000000000109975 ) ) ;
#2085 = LINE ( 'NONE', #5630, #5424 ) ;
#2086 = ADVANCED_FACE ( 'NONE', ( #2331 ), #5869, .T. ) ;
#2087 = EDGE_CURVE ( 'NONE', #6109, #1016, #2860, .T. ) ;
#2088 = VERTEX_POINT ( 'NONE', #918 ) ;
#2089 = ORIENTED_EDGE ( 'NONE', *, *, #751, .F. ) ;
#2090 = DIRECTION ( 'NONE',  ( -1.000000000000000000, 0.000000000000000000, 0.000000000000000000 ) ) ;
#2091 = CARTESIAN_POINT ( 'NONE',  ( 0.004300000000000580268, -0.003075090730735880167, 0.001217445977458779874 ) ) ;
#2092 = CARTESIAN_POINT ( 'NONE',  ( 0.004300000000000580268, -0.002559294577925880047, 2.856663412099900284E-06 ) ) ;
#2093 = ORIENTED_EDGE ( 'NONE', *, *, #5205, .F. ) ;
#2094 = EDGE_CURVE ( 'NONE', #6008, #1172, #2424, .T. ) ;
#2095 = VECTOR ( 'NONE', #3190, 1.000000000000000000 ) ;
#2096 = DIRECTION ( 'NONE',  ( 0.000000000000000000, 1.000000000000000000, 0.000000000000000000 ) ) ;
#2097 = EDGE_CURVE ( 'NONE', #4368, #4298, #345, .T. ) ;
#2098 = B_SPLINE_CURVE_WITH_KNOTS ( 'NONE', 3,
 ( #6411, #5935, #5967, #2429 ),
 .UNSPECIFIED., .F., .F.,
 ( 4, 4 ),
 ( 0.000000000000000000, 1.000000000000000000 ),
 .UNSPECIFIED. ) ;
#2099 = ORIENTED_EDGE ( 'NONE', *, *, #5736, .F. ) ;
#2100 = CARTESIAN_POINT ( 'NONE',  ( -0.001799999999999909962, 0.000000000000000000, -0.001500000000000099995 ) ) ;
#2101 = DIRECTION ( 'NONE',  ( 1.000000000000000000, 0.000000000000000000, 0.000000000000000000 ) ) ;
#2102 = EDGE_LOOP ( 'NONE', ( #5787, #3241, #2475, #2536 ) ) ;
#2103 = VECTOR ( 'NONE', #4964, 1.000000000000000000 ) ;
#2104 = DIRECTION ( 'NONE',  ( 0.000000000000000000, -0.8907354010376800080, -0.4545222165507900036 ) ) ;
#2105 = CARTESIAN_POINT ( 'NONE',  ( 0.004300000000000580268, -0.006887964625008399962, -0.0002903407727950679980 ) ) ;
#2106 = EDGE_CURVE ( 'NONE', #3078, #3881, #1894, .T. ) ;
#2107 = CARTESIAN_POINT ( 'NONE',  ( 0.004250000000000780064, -0.002537031668608759859, 0.0008685324681317419058 ) ) ;
#2108 = ORIENTED_EDGE ( 'NONE', *, *, #1930, .F. ) ;
#2109 = VECTOR ( 'NONE', #2250, 1.000000000000000000 ) ;
#2110 = LINE ( 'NONE', #468, #2256 ) ;
#2111 = LINE ( 'NONE', #6624, #176 ) ;
#2112 = AXIS2_PLACEMENT_3D ( 'NONE', #6288, #1676, #2244 ) ;
#2113 = VECTOR ( 'NONE', #543, 1.000000000000000000 ) ;
#2114 = ORIENTED_EDGE ( 'NONE', *, *, #2392, .F. ) ;
#2115 = PLANE ( 'NONE',  #1158 ) ;
#2116 = AXIS2_PLACEMENT_3D ( 'NONE', #3347, #2852, #5425 ) ;
#2117 = ORIENTED_EDGE ( 'NONE', *, *, #6598, .T. ) ;
#2118 = CARTESIAN_POINT ( 'NONE',  ( 0.004300000000000580268, -0.001563078422692379876, -0.001237022468539899969 ) ) ;
#2119 = CARTESIAN_POINT ( 'NONE',  ( 0.003842800000000579780, 0.000000000000000000, -0.001750000000000109975 ) ) ;
#2120 = VECTOR ( 'NONE', #3444, 1.000000000000000000 ) ;
#2121 = CARTESIAN_POINT ( 'NONE',  ( 0.004300000000000580268, -0.002906454367031379837, 0.0005523941935589079394 ) ) ;
#2122 = ORIENTED_EDGE ( 'NONE', *, *, #2151, .F. ) ;
#2123 = VERTEX_POINT ( 'NONE', #2364 ) ;
#2124 = CARTESIAN_POINT ( 'NONE',  ( 0.004250000000000780064, -0.002764995330930460245, -0.0002687634428967280152 ) ) ;
#2125 = PRESENTATION_STYLE_ASSIGNMENT (( #3525 ) ) ;
#2126 = FACE_OUTER_BOUND ( 'NONE', #503, .T. ) ;
#2127 = B_SPLINE_SURFACE_WITH_KNOTS ( 'NONE', 3, 1, ( 
 ( #4651, #4687 ),
 ( #102, #3682 ),
 ( #3177, #5224 ),
 ( #132, #1528 ) ),
 .UNSPECIFIED., .F., .F., .F.,
 ( 4, 4 ),
 ( 2, 2 ),
 ( 0.01963258567491266843, 0.9768291346572222089 ),
 ( 0.000000000000000000, 1.000000000000000000 ),
 .UNSPECIFIED. ) ;
#2128 = VERTEX_POINT ( 'NONE', #829 ) ;
#2129 = VECTOR ( 'NONE', #2679, 1.000000000000000000 ) ;
#2130 = EDGE_LOOP ( 'NONE', ( #2237, #4008, #4563, #276 ) ) ;
#2131 = PLANE ( 'NONE',  #806 ) ;
#2132 = VECTOR ( 'NONE', #3786, 1.000000000000000000 ) ;
#2133 = ORIENTED_EDGE ( 'NONE', *, *, #6348, .T. ) ;
#2134 = EDGE_CURVE ( 'NONE', #1969, #4116, #5930, .T. ) ;
#2135 = DIRECTION ( 'NONE',  ( -1.000000000000000000, -2.819966482547999849E-14, 0.000000000000000000 ) ) ;
#2136 = ADVANCED_FACE ( 'NONE', ( #4490, #314, #5964 ), #5997, .F. ) ;
#2137 = CARTESIAN_POINT ( 'NONE',  ( -0.001799999999999909962, 0.000000000000000000, -0.001500000000000099995 ) ) ;
#2138 = ORIENTED_EDGE ( 'NONE', *, *, #2761, .T. ) ;
#2139 = SURFACE_STYLE_USAGE ( .BOTH. , #5243 ) ;
#2140 = LINE ( 'NONE', #3198, #1368 ) ;
#2141 = EDGE_CURVE ( 'NONE', #2191, #718, #3420, .T. ) ;
#2142 = FACE_OUTER_BOUND ( 'NONE', #4335, .T. ) ;
#2143 = AXIS2_PLACEMENT_3D ( 'NONE', #6262, #2185, #4280 ) ;
#2144 = LINE ( 'NONE', #2247, #2129 ) ;
#2145 = ORIENTED_EDGE ( 'NONE', *, *, #3744, .F. ) ;
#2146 = PLANE ( 'NONE',  #6625 ) ;
#2147 = FACE_OUTER_BOUND ( 'NONE', #3181, .T. ) ;
#2148 = AXIS2_PLACEMENT_3D ( 'NONE', #1925, #6436, #6503 ) ;
#2149 = ORIENTED_EDGE ( 'NONE', *, *, #5294, .F. ) ;
#2150 = ORIENTED_EDGE ( 'NONE', *, *, #1531, .F. ) ;
#2151 = EDGE_CURVE ( 'NONE', #2128, #3522, #1336, .T. ) ;
#2152 = LINE ( 'NONE', #6226, #726 ) ;
#2153 = LINE ( 'NONE', #3675, #644 ) ;
#2154 = ORIENTED_EDGE ( 'NONE', *, *, #2800, .F. ) ;
#2155 = ADVANCED_FACE ( 'NONE', ( #3354 ), #5398, .T. ) ;
#2156 = LINE ( 'NONE', #62, #6023 ) ;
#2157 = CARTESIAN_POINT ( 'NONE',  ( 0.004250000000000780064, -0.002585134369195139954, -0.0003265722251432960047 ) ) ;
#2158 = ADVANCED_FACE ( 'NONE', ( #1956 ), #2986, .T. ) ;
#2159 = CARTESIAN_POINT ( 'NONE',  ( -0.004099999999998840683, -0.006459938093763199600, -0.0004270963523915660329 ) ) ;
#2160 = ORIENTED_EDGE ( 'NONE', *, *, #1930, .T. ) ;
#2161 = ORIENTED_EDGE ( 'NONE', *, *, #791, .T. ) ;
#2162 = LINE ( 'NONE', #4181, #2777 ) ;
#2163 = CARTESIAN_POINT ( 'NONE',  ( -0.004300000000000580268, -0.006795199999999540670, 0.000000000000000000 ) ) ;
#2164 = CARTESIAN_POINT ( 'NONE',  ( 0.004300000000000580268, -0.002751576454468799768, 0.001531699151457649889 ) ) ;
#2165 = CARTESIAN_POINT ( 'NONE',  ( -0.001799999999999909962, 0.000000000000000000, 0.001099999999999920052 ) ) ;
#2166 = CARTESIAN_POINT ( 'NONE',  ( -0.003842800000000579780, -0.003600000000000839941, 0.001700000000000059970 ) ) ;
#2167 = ORIENTED_EDGE ( 'NONE', *, *, #6536, .F. ) ;
#2168 = CARTESIAN_POINT ( 'NONE',  ( 0.004300000000000580268, -0.002231153523872500110, 5.179246496675520380E-05 ) ) ;
#2169 = PLANE ( 'NONE',  #2003 ) ;
#2170 = VERTEX_POINT ( 'NONE', #5531 ) ;
#2171 = AXIS2_PLACEMENT_3D ( 'NONE', #423, #868, #2401 ) ;
#2172 = LINE ( 'NONE', #6287, #4447 ) ;
#2173 = DIRECTION ( 'NONE',  ( 1.000000000000000000, 0.000000000000000000, 0.000000000000000000 ) ) ;
#2174 = DIRECTION ( 'NONE',  ( -1.000000000000000000, 0.000000000000000000, 0.000000000000000000 ) ) ;
#2175 = ADVANCED_FACE ( 'NONE', ( #2491 ), #4523, .F. ) ;
#2176 = CARTESIAN_POINT ( 'NONE',  ( 0.003799999999999999992, -0.0005000000000000319944, -0.001500000000000099995 ) ) ;
#2177 = PLANE ( 'NONE',  #2748 ) ;
#2178 = VERTEX_POINT ( 'NONE', #228 ) ;
#2179 = ORIENTED_EDGE ( 'NONE', *, *, #2806, .T. ) ;
#2180 = CARTESIAN_POINT ( 'NONE',  ( 0.002890000000001140355, -0.003600000000000839941, -0.002150000000000039900 ) ) ;
#2181 = EDGE_CURVE ( 'NONE', #1324, #1429, #2144, .T. ) ;
#2182 = VECTOR ( 'NONE', #6233, 1.000000000000000000 ) ;
#2183 = ORIENTED_EDGE ( 'NONE', *, *, #6323, .T. ) ;
#2184 = ADVANCED_FACE ( 'NONE', ( #6291 ), #1773, .F. ) ;
#2185 = DIRECTION ( 'NONE',  ( -1.000000000000000000, 0.000000000000000000, 0.000000000000000000 ) ) ;
#2186 = ADVANCED_FACE ( 'NONE', ( #5812 ), #6221, .T. ) ;
#2187 = DIRECTION ( 'NONE',  ( -3.893058771540000002E-13, 0.000000000000000000, 1.000000000000000000 ) ) ;
#2188 = LINE ( 'NONE', #5917, #6557 ) ;
#2189 = AXIS2_PLACEMENT_3D ( 'NONE', #5037, #4057, #6605 ) ;
#2190 = CARTESIAN_POINT ( 'NONE',  ( 0.003842800000000579780, 0.0003999999999999240166, -0.001425999999999880054 ) ) ;
#2191 = VERTEX_POINT ( 'NONE', #4196 ) ;
#2192 = ORIENTED_EDGE ( 'NONE', *, *, #125, .F. ) ;
#2193 = CARTESIAN_POINT ( 'NONE',  ( -0.003899999999999639866, -0.004300000000000580268, -0.002150000000000039900 ) ) ;
#2194 = EDGE_CURVE ( 'NONE', #39, #2191, #4950, .T. ) ;
#2195 = AXIS2_PLACEMENT_3D ( 'NONE', #311, #4255, #4322 ) ;
#2196 = CARTESIAN_POINT ( 'NONE',  ( 0.004250000000000780064, -0.002200154951559379641, 0.001439256623450520028 ) ) ;
#2197 = CARTESIAN_POINT ( 'NONE',  ( 0.004300000000000580268, -0.002287918656558669741, 0.001458042349693059988 ) ) ;
#2198 = CARTESIAN_POINT ( 'NONE',  ( 0.004300000000000580268, -0.002123236955806649673, -0.0001582300252887959948 ) ) ;
#2199 = LINE ( 'NONE', #6341, #5969 ) ;
#2200 = ORIENTED_EDGE ( 'NONE', *, *, #5538, .F. ) ;
#2201 = ORIENTED_EDGE ( 'NONE', *, *, #5375, .F. ) ;
#2202 = FACE_OUTER_BOUND ( 'NONE', #292, .T. ) ;
#2203 = CARTESIAN_POINT ( 'NONE',  ( -0.001750000000000109975, -0.003600000000000839941, -0.0001500000000000099886 ) ) ;
#2204 = ORIENTED_EDGE ( 'NONE', *, *, #4582, .T. ) ;
#2205 = SURFACE_STYLE_USAGE ( .BOTH. , #152 ) ;
#2206 = CARTESIAN_POINT ( 'NONE',  ( 0.004250000000000780064, -0.002624769492233600121, -0.0001133212747592830013 ) ) ;
#2207 = CARTESIAN_POINT ( 'NONE',  ( 0.002890000000001140355, -0.002779999999999039750, -0.002150000000000039900 ) ) ;
#2208 = CIRCLE ( 'NONE', #4549, 0.0004499999999999777615 ) ;
#2209 = FACE_OUTER_BOUND ( 'NONE', #5260, .T. ) ;
#2210 = CARTESIAN_POINT ( 'NONE',  ( 0.004300000000000580268, -0.002758153523872420004, 0.0005311922934009440491 ) ) ;
#2211 = CARTESIAN_POINT ( 'NONE',  ( -0.003842800000000579780, -0.004049999999999039611, -0.001700000000000059970 ) ) ;
#2212 = CARTESIAN_POINT ( 'NONE',  ( 0.002890000000001140355, -0.002779999999999039750, -0.002150000000000039900 ) ) ;
#2213 = VECTOR ( 'NONE', #2595, 1.000000000000000000 ) ;
#2214 = EDGE_CURVE ( 'NONE', #1813, #2726, #1830, .T. ) ;
#2215 = ORIENTED_EDGE ( 'NONE', *, *, #5192, .T. ) ;
#2216 = VERTEX_POINT ( 'NONE', #5714 ) ;
#2217 = CARTESIAN_POINT ( 'NONE',  ( -0.0006999999999999999929, -0.001000000000000060086, 0.002150000000000039900 ) ) ;
#2218 = VECTOR ( 'NONE', #3708, 1.000000000000000000 ) ;
#2219 = DIRECTION ( 'NONE',  ( 0.000000000000000000, 0.000000000000000000, -1.000000000000000000 ) ) ;
#2220 = ADVANCED_FACE ( 'NONE', ( #2278 ), #5212, .F. ) ;
#2221 = EDGE_CURVE ( 'NONE', #4430, #4461, #157, .T. ) ;
#2222 = FACE_BOUND ( 'NONE', #5885, .T. ) ;
#2223 = DIRECTION ( 'NONE',  ( 0.000000000000000000, -0.9525615905351911827, -0.3043458825695970482 ) ) ;
#2224 = VECTOR ( 'NONE', #3764, 1.000000000000000000 ) ;
#2225 = CIRCLE ( 'NONE', #5955, 0.0004499999999999781952 ) ;
#2226 = ADVANCED_FACE ( 'NONE', ( #6253 ), #1282, .T. ) ;
#2227 = CARTESIAN_POINT ( 'NONE',  ( 0.004250000000000780931, -0.002846297100038559704, 0.0005517459812482739022 ) ) ;
#2228 = CIRCLE ( 'NONE', #6170, 0.0007619999999999998736 ) ;
#2229 = ORIENTED_EDGE ( 'NONE', *, *, #5762, .F. ) ;
#2230 = ORIENTED_EDGE ( 'NONE', *, *, #3956, .F. ) ;
#2231 = CARTESIAN_POINT ( 'NONE',  ( 0.003042800000001239912, -0.003573500000001199849, -0.001950000000000069950 ) ) ;
#2232 = CARTESIAN_POINT ( 'NONE',  ( 0.004300000000000581135, -0.002288316987132362271, 0.0001304252654666152012 ) ) ;
#2233 = LINE ( 'NONE', #4254, #5170 ) ;
#2234 = CARTESIAN_POINT ( 'NONE',  ( 0.004300000000000579400, -0.002315153523872565903, 0.0003546314634283466959 ) ) ;
#2235 = EDGE_CURVE ( 'NONE', #1277, #6270, #3303, .T. ) ;
#2236 = CARTESIAN_POINT ( 'NONE',  ( -0.001750000000000109975, -0.003600000000000839941, 0.0001500000000000099886 ) ) ;
#2237 = ORIENTED_EDGE ( 'NONE', *, *, #1983, .T. ) ;
#2238 = DIRECTION ( 'NONE',  ( 0.000000000000000000, 0.000000000000000000, -1.000000000000000000 ) ) ;
#2239 = CARTESIAN_POINT ( 'NONE',  ( -0.004300000000000580268, -0.006887964625008399962, 0.0002903407727950679980 ) ) ;
#2240 = CARTESIAN_POINT ( 'NONE',  ( 0.004250000000000780064, -0.002408964319676409893, 8.038905277313500232E-05 ) ) ;
#2241 = VERTEX_POINT ( 'NONE', #2176 ) ;
#2242 = DIRECTION ( 'NONE',  ( 0.000000000000000000, 0.000000000000000000, 1.000000000000000000 ) ) ;
#2243 = CARTESIAN_POINT ( 'NONE',  ( 0.004250000000000780064, -0.002697148188278560184, -6.824093142591599324E-05 ) ) ;
#2244 = DIRECTION ( 'NONE',  ( 1.000000000000000000, 0.000000000000000000, 0.000000000000000000 ) ) ;
#2245 = CARTESIAN_POINT ( 'NONE',  ( 0.004099999999998840683, -0.004300000000000580268, -0.0008400108938549639796 ) ) ;
#2246 = VECTOR ( 'NONE', #413, 1.000000000000000000 ) ;
#2247 = CARTESIAN_POINT ( 'NONE',  ( 0.003842800000000579780, -0.004049999999999039611, -0.001700000000000059970 ) ) ;
#2248 = VERTEX_POINT ( 'NONE', #3742 ) ;
#2249 = CYLINDRICAL_SURFACE ( 'NONE', #3267, 5.000000000000316691E-05 ) ;
#2250 = DIRECTION ( 'NONE',  ( 0.000000000000000000, -1.000000000000000000, 0.000000000000000000 ) ) ;
#2251 = ORIENTED_EDGE ( 'NONE', *, *, #1458, .T. ) ;
#2252 = VECTOR ( 'NONE', #2535, 1.000000000000000000 ) ;
#2253 = VERTEX_POINT ( 'NONE', #1678 ) ;
#2254 = DIRECTION ( 'NONE',  ( 1.000000000000000000, 0.000000000000000000, 0.000000000000000000 ) ) ;
#2255 = DIRECTION ( 'NONE',  ( -1.000000000000000000, 0.000000000000000000, 0.000000000000000000 ) ) ;
#2256 = VECTOR ( 'NONE', #6193, 1.000000000000000000 ) ;
#2257 = ORIENTED_EDGE ( 'NONE', *, *, #2908, .F. ) ;
#2258 = ORIENTED_EDGE ( 'NONE', *, *, #4788, .F. ) ;
#2259 = PLANE ( 'NONE',  #3820 ) ;
#2260 = EDGE_CURVE ( 'NONE', #2974, #4167, #6324, .T. ) ;
#2261 = ORIENTED_EDGE ( 'NONE', *, *, #1322, .T. ) ;
#2262 = DIRECTION ( 'NONE',  ( -1.000000000000000000, 0.000000000000000000, 0.000000000000000000 ) ) ;
#2263 = CARTESIAN_POINT ( 'NONE',  ( 0.004250000000000780064, -0.001511771408552739894, 0.0005943829588949000762 ) ) ;
#2264 = CARTESIAN_POINT ( 'NONE',  ( 0.004300000000000580268, -0.002854962039752079617, 0.0001270209685082529939 ) ) ;
#2265 = SURFACE_SIDE_STYLE ('',( #4826 ) ) ;
#2266 = FACE_OUTER_BOUND ( 'NONE', #5665, .T. ) ;
#2267 = VERTEX_POINT ( 'NONE', #665 ) ;
#2268 = ORIENTED_EDGE ( 'NONE', *, *, #999, .T. ) ;
#2269 = LINE ( 'NONE', #1764, #2632 ) ;
#2270 = EDGE_CURVE ( 'NONE', #4601, #4542, #4811, .T. ) ;
#2271 = DIRECTION ( 'NONE',  ( 0.000000000000000000, 1.000000000000000000, 0.000000000000000000 ) ) ;
#2272 = CARTESIAN_POINT ( 'NONE',  ( -0.001999999999999869937, -0.006850000000000540552, 0.0001500000000000099886 ) ) ;
#2273 = ORIENTED_EDGE ( 'NONE', *, *, #2709, .F. ) ;
#2274 = FACE_OUTER_BOUND ( 'NONE', #4732, .T. ) ;
#2275 = CARTESIAN_POINT ( 'NONE',  ( 0.0005000000000000319944, 0.004400000000000180676, -0.001000000000000060086 ) ) ;
#2276 = LINE ( 'NONE', #2340, #389 ) ;
#2277 = ORIENTED_EDGE ( 'NONE', *, *, #4102, .F. ) ;
#2278 = FACE_OUTER_BOUND ( 'NONE', #3335, .T. ) ;
#2279 = ORIENTED_EDGE ( 'NONE', *, *, #6113, .T. ) ;
#2280 = ORIENTED_EDGE ( 'NONE', *, *, #1303, .T. ) ;
#2281 = EDGE_CURVE ( 'NONE', #1254, #6477, #3705, .T. ) ;
#2282 = STYLED_ITEM ( 'NONE', ( #116 ), #6636 ) ;
#2283 = LINE ( 'NONE', #4306, #3279 ) ;
#2284 = VERTEX_POINT ( 'NONE', #2210 ) ;
#2285 = ORIENTED_EDGE ( 'NONE', *, *, #3202, .F. ) ;
#2286 = CARTESIAN_POINT ( 'NONE',  ( 0.003899999999999639866, -0.005799999999999659595, 0.0001620000000000120150 ) ) ;
#2287 = FACE_OUTER_BOUND ( 'NONE', #3746, .T. ) ;
#2288 = ORIENTED_EDGE ( 'NONE', *, *, #810, .F. ) ;
#2289 = CARTESIAN_POINT ( 'NONE',  ( 0.004300000000000580268, -0.004300000000000580268, -0.0004572000000000000001 ) ) ;
#2290 = AXIS2_PLACEMENT_3D ( 'NONE', #375, #2983, #6468 ) ;
#2291 = CARTESIAN_POINT ( 'NONE',  ( -0.001999999999999869937, 0.000000000000000000, 0.001099999999999920052 ) ) ;
#2292 = LINE ( 'NONE', #5555, #3160 ) ;
#2293 = AXIS2_PLACEMENT_3D ( 'NONE', #4003, #5086, #3542 ) ;
#2294 = CARTESIAN_POINT ( 'NONE',  ( 0.004300000000000580268, -0.001500932381055070054, 0.0007335273656898580463 ) ) ;
#2295 = PLANE ( 'NONE',  #2195 ) ;
#2296 = ADVANCED_FACE ( 'NONE', ( #5784 ), #4234, .T. ) ;
#2297 = LINE ( 'NONE', #4418, #2246 ) ;
#2298 = VECTOR ( 'NONE', #1615, 1.000000000000000000 ) ;
#2299 = ORIENTED_EDGE ( 'NONE', *, *, #3884, .T. ) ;
#2300 = DIRECTION ( 'NONE',  ( 0.000000000000000000, -1.000000000000000000, 0.000000000000000000 ) ) ;
#2301 = EDGE_LOOP ( 'NONE', ( #2345, #6216, #3695, #689, #5090, #4838, #2630, #1596 ) ) ;
#2302 = LINE ( 'NONE', #150, #6061 ) ;
#2303 = CARTESIAN_POINT ( 'NONE',  ( 0.004250000000000780064, -0.002408964319676409893, 8.038905277313500232E-05 ) ) ;
#2304 = EDGE_CURVE ( 'NONE', #4594, #1161, #3187, .T. ) ;
#2305 = ORIENTED_EDGE ( 'NONE', *, *, #2826, .T. ) ;
#2306 = CARTESIAN_POINT ( 'NONE',  ( 0.004250000000000779196, -0.002231372843089031877, 9.474841521580479450E-05 ) ) ;
#2307 = CARTESIAN_POINT ( 'NONE',  ( 0.004250000000000780064, -0.002801530849195319958, 0.0005449392089245839402 ) ) ;
#2308 = DIRECTION ( 'NONE',  ( 0.000000000000000000, 0.3043458825695970482, -0.9525615905351911827 ) ) ;
#2309 = EDGE_CURVE ( 'NONE', #1808, #5306, #3466, .T. ) ;
#2310 = CARTESIAN_POINT ( 'NONE',  ( -0.003839999999999879968, -0.003600000000000839941, -0.001649999999999999991 ) ) ;
#2311 = VERTEX_POINT ( 'NONE', #5504 ) ;
#2312 = DIRECTION ( 'NONE',  ( 0.000000000000000000, 0.000000000000000000, -1.000000000000000000 ) ) ;
#2313 = CARTESIAN_POINT ( 'NONE',  ( 0.004300000000000580268, -0.001563078422692379876, -0.0009494709423883280737 ) ) ;
#2314 = ORIENTED_EDGE ( 'NONE', *, *, #4047, .F. ) ;
#2315 = ORIENTED_EDGE ( 'NONE', *, *, #4134, .F. ) ;
#2316 = CARTESIAN_POINT ( 'NONE',  ( -0.003042800000001239912, -0.002779999999999039750, 0.002150000000000039900 ) ) ;
#2317 = ADVANCED_FACE ( 'NONE', ( #3367 ), #2343, .T. ) ;
#2318 = VECTOR ( 'NONE', #5838, 1.000000000000000000 ) ;
#2319 = PLANE ( 'NONE',  #2985 ) ;
#2320 = EDGE_CURVE ( 'NONE', #3805, #3881, #3402, .T. ) ;
#2321 = ORIENTED_EDGE ( 'NONE', *, *, #6560, .F. ) ;
#2322 = VECTOR ( 'NONE', #447, 1.000000000000000000 ) ;
#2323 = DIRECTION ( 'NONE',  ( 1.000000000000000000, 0.000000000000000000, 0.000000000000000000 ) ) ;
#2324 = LINE ( 'NONE', #1728, #4147 ) ;
#2325 = AXIS2_PLACEMENT_3D ( 'NONE', #4139, #6194, #5682 ) ;
#2326 = CARTESIAN_POINT ( 'NONE',  ( 0.004300000000000580268, -0.003029877937189080078, -0.0002398453226186319826 ) ) ;
#2327 = CARTESIAN_POINT ( 'NONE',  ( 0.004300000000000578533, -0.002376311278342030289, 0.001476952485134839978 ) ) ;
#2328 = CARTESIAN_POINT ( 'NONE',  ( 0.004250000000000780064, -0.002420132982887680285, 0.0008447947779054139697 ) ) ;
#2329 = COLOUR_RGB ( '',0.000000000000000000, 0.000000000000000000, 0.000000000000000000 ) ;
#2330 = AXIS2_PLACEMENT_3D ( 'NONE', #5821, #5888, #1189 ) ;
#2331 = FACE_OUTER_BOUND ( 'NONE', #817, .T. ) ;
#2332 = ORIENTED_EDGE ( 'NONE', *, *, #1652, .T. ) ;
#2333 = DIRECTION ( 'NONE',  ( 0.000000000000000000, -1.000000000000000000, 0.000000000000000000 ) ) ;
#2334 = AXIS2_PLACEMENT_3D ( 'NONE', #1131, #5200, #655 ) ;
#2335 = CARTESIAN_POINT ( 'NONE',  ( -0.002890000000001140355, -0.003600000000000839941, 0.001649999999999999991 ) ) ;
#2336 = DIRECTION ( 'NONE',  ( 1.000000000000000000, 0.000000000000000000, 0.000000000000000000 ) ) ;
#2337 = VERTEX_POINT ( 'NONE', #1936 ) ;
#2338 = LINE ( 'NONE', #1836, #2427 ) ;
#2339 = DIRECTION ( 'NONE',  ( -1.000000000000000000, 0.000000000000000000, 0.000000000000000000 ) ) ;
#2340 = CARTESIAN_POINT ( 'NONE',  ( 0.003042800000001239912, -0.004049999999999039611, 0.001700000000000059970 ) ) ;
#2341 = ORIENTED_EDGE ( 'NONE', *, *, #897, .T. ) ;
#2342 = EDGE_CURVE ( 'NONE', #929, #2831, #4367, .T. ) ;
#2343 = PLANE ( 'NONE',  #4042 ) ;
#2344 = ORIENTED_EDGE ( 'NONE', *, *, #3680, .F. ) ;
#2345 = ORIENTED_EDGE ( 'NONE', *, *, #5445, .T. ) ;
#2346 = FACE_OUTER_BOUND ( 'NONE', #4725, .T. ) ;
#2347 = LINE ( 'NONE', #1184, #2109 ) ;
#2348 = ADVANCED_FACE ( 'NONE', ( #805 ), #4906, .T. ) ;
#2349 = ORIENTED_EDGE ( 'NONE', *, *, #4429, .T. ) ;
#2350 = LINE ( 'NONE', #4373, #5060 ) ;
#2351 = ORIENTED_EDGE ( 'NONE', *, *, #4422, .F. ) ;
#2352 =( GEOMETRIC_REPRESENTATION_CONTEXT ( 3 ) GLOBAL_UNCERTAINTY_ASSIGNED_CONTEXT ( ( #4465 ) ) GLOBAL_UNIT_ASSIGNED_CONTEXT ( ( #1806, #4466, #3839 ) ) REPRESENTATION_CONTEXT ( 'NONE', 'WORKASPACE' ) );
#2353 = CARTESIAN_POINT ( 'NONE',  ( 0.004250000000000780064, -0.002400235818849219896, -0.0001803038426298970217 ) ) ;
#2354 = DIRECTION ( 'NONE',  ( 1.000000000000000000, 0.000000000000000000, 0.000000000000000000 ) ) ;
#2355 = AXIS2_PLACEMENT_3D ( 'NONE', #6499, #409, #1394 ) ;
#2356 = EDGE_CURVE ( 'NONE', #1606, #2735, #1907, .T. ) ;
#2357 = VERTEX_POINT ( 'NONE', #324 ) ;
#2358 = PLANE ( 'NONE',  #406 ) ;
#2359 = AXIS2_PLACEMENT_3D ( 'NONE', #1783, #781, #2817 ) ;
#2360 = DIRECTION ( 'NONE',  ( 0.000000000000000000, -1.000000000000000000, 0.000000000000000000 ) ) ;
#2361 = ADVANCED_FACE ( 'NONE', ( #3430 ), #5471, .F. ) ;
#2362 = CARTESIAN_POINT ( 'NONE',  ( 0.004250000000000780064, -0.002315153523872689502, 0.0003546314634282660854 ) ) ;
#2363 = VECTOR ( 'NONE', #5369, 1.000000000000000000 ) ;
#2364 = CARTESIAN_POINT ( 'NONE',  ( 0.004250000000000780064, -0.003073877937189919887, -0.0009478421536527700418 ) ) ;
#2365 = ORIENTED_EDGE ( 'NONE', *, *, #3683, .T. ) ;
#2366 = LINE ( 'NONE', #5463, #716 ) ;
#2367 = DIRECTION ( 'NONE',  ( -1.000000000000000000, 0.000000000000000000, 0.000000000000000000 ) ) ;
#2368 = CARTESIAN_POINT ( 'NONE',  ( 0.003842800000000579780, -0.004049999999999039611, -0.001211539816339700024 ) ) ;
#2369 = ORIENTED_EDGE ( 'NONE', *, *, #2181, .T. ) ;
#2370 = DIRECTION ( 'NONE',  ( 0.000000000000000000, 0.000000000000000000, -1.000000000000000000 ) ) ;
#2371 = PLANE ( 'NONE',  #3679 ) ;
#2372 = CARTESIAN_POINT ( 'NONE',  ( -0.003839999999999879968, -0.002779999999999039750, 0.001649999999999999991 ) ) ;
#2373 = ORIENTED_EDGE ( 'NONE', *, *, #1736, .T. ) ;
#2374 = CARTESIAN_POINT ( 'NONE',  ( 0.002890000000001140355, -0.003600000000000839941, 0.002150000000000039900 ) ) ;
#2375 = DIRECTION ( 'NONE',  ( 0.000000000000000000, 0.000000000000000000, -1.000000000000000000 ) ) ;
#2376 = VERTEX_POINT ( 'NONE', #2372 ) ;
#2377 = CARTESIAN_POINT ( 'NONE',  ( -0.003839999999999879968, -0.002779999999999039750, -0.001649999999999999991 ) ) ;
#2378 = EDGE_LOOP ( 'NONE', ( #5111, #1261, #998, #3035 ) ) ;
#2379 = ADVANCED_FACE ( 'NONE', ( #5441 ), #3901, .T. ) ;
#2380 = CARTESIAN_POINT ( 'NONE',  ( 0.004250000000000780064, -0.002738330260681840021, 0.0002758313689897020022 ) ) ;
#2381 = EDGE_LOOP ( 'NONE', ( #4613, #4104, #5972, #2716 ) ) ;
#2382 = PLANE ( 'NONE',  #5451 ) ;
#2383 = ORIENTED_EDGE ( 'NONE', *, *, #474, .F. ) ;
#2384 = EDGE_CURVE ( 'NONE', #718, #2216, #5943, .T. ) ;
#2385 = CARTESIAN_POINT ( 'NONE',  ( 0.004250000000000780064, -0.003071424110706110627, 0.0008057116713831985726 ) ) ;
#2386 = EDGE_CURVE ( 'NONE', #5447, #3164, #2980, .T. ) ;
#2387 = DIRECTION ( 'NONE',  ( 0.000000000000000000, 0.000000000000000000, -1.000000000000000000 ) ) ;
#2388 = CARTESIAN_POINT ( 'NONE',  ( 0.004300000000000578533, -0.003075090730734404785, 0.001217445977458593391 ) ) ;
#2389 = CARTESIAN_POINT ( 'NONE',  ( 0.002890000000001140355, -0.003600000000000839941, -0.002150000000000039900 ) ) ;
#2390 = VECTOR ( 'NONE', #515, 1.000000000000000000 ) ;
#2391 = DIRECTION ( 'NONE',  ( 0.000000000000000000, 0.8887589739204622141, 0.4583748316343810858 ) ) ;
#2392 = EDGE_CURVE ( 'NONE', #3120, #1469, #2931, .T. ) ;
#2393 = ORIENTED_EDGE ( 'NONE', *, *, #2141, .T. ) ;
#2394 = AXIS2_PLACEMENT_3D ( 'NONE', #6300, #2690, #1689 ) ;
#2395 = DIRECTION ( 'NONE',  ( 0.000000000000000000, -0.9525615905351911827, -0.3043458825695970482 ) ) ;
#2396 = LINE ( 'NONE', #3924, #4412 ) ;
#2397 = CARTESIAN_POINT ( 'NONE',  ( -0.001799999999999909962, 0.000000000000000000, -0.001099999999999920052 ) ) ;
#2398 = ORIENTED_EDGE ( 'NONE', *, *, #3884, .F. ) ;
#2399 = DIRECTION ( 'NONE',  ( 1.000000000000000000, 0.000000000000000000, 0.000000000000000000 ) ) ;
#2400 = VECTOR ( 'NONE', #3607, 1.000000000000000000 ) ;
#2401 = DIRECTION ( 'NONE',  ( 1.000000000000000000, 0.000000000000000000, 0.000000000000000000 ) ) ;
#2402 = ORIENTED_EDGE ( 'NONE', *, *, #6469, .F. ) ;
#2403 = DIRECTION ( 'NONE',  ( -1.000000000000000000, 0.000000000000000000, 0.000000000000000000 ) ) ;
#2404 = ORIENTED_EDGE ( 'NONE', *, *, #2049, .F. ) ;
#2405 = CARTESIAN_POINT ( 'NONE',  ( 0.004300000000000582003, -0.002791153523871862333, 0.0002874971942643558516 ) ) ;
#2406 =( GEOMETRIC_REPRESENTATION_CONTEXT ( 3 ) GLOBAL_UNCERTAINTY_ASSIGNED_CONTEXT ( ( #2534 ) ) GLOBAL_UNIT_ASSIGNED_CONTEXT ( ( #4860, #3322, #4388 ) ) REPRESENTATION_CONTEXT ( 'NONE', 'WORKASPACE' ) );
#2407 = DIRECTION ( 'NONE',  ( 0.000000000000000000, -1.000000000000000000, 0.000000000000000000 ) ) ;
#2408 = ORIENTED_EDGE ( 'NONE', *, *, #6564, .T. ) ;
#2409 = LINE ( 'NONE', #4209, #2820 ) ;
#2410 = ORIENTED_EDGE ( 'NONE', *, *, #4170, .T. ) ;
#2411 = CARTESIAN_POINT ( 'NONE',  ( 0.003899999999999639866, -0.004300000000000580268, -0.0008400108938549639796 ) ) ;
#2412 = ORIENTED_EDGE ( 'NONE', *, *, #453, .T. ) ;
#2413 = VERTEX_POINT ( 'NONE', #4972 ) ;
#2414 = FILL_AREA_STYLE ('',( #368 ) ) ;
#2415 = ORIENTED_EDGE ( 'NONE', *, *, #2991, .F. ) ;
#2416 = CARTESIAN_POINT ( 'NONE',  ( 0.004300000000000580268, -0.002293153523872500099, -1.672542806569879884E-06 ) ) ;
#2417 = ADVANCED_FACE ( 'NONE', ( #391 ), #2437, .F. ) ;
#2418 = LINE ( 'NONE', #6465, #4475 ) ;
#2419 = EDGE_CURVE ( 'NONE', #5813, #2669, #6077, .T. ) ;
#2420 = CARTESIAN_POINT ( 'NONE',  ( 0.004250000000000780931, -0.002376311278342030289, 0.001476952485134839978 ) ) ;
#2421 = FACE_OUTER_BOUND ( 'NONE', #2773, .T. ) ;
#2422 = VECTOR ( 'NONE', #2077, 1.000000000000000000 ) ;
#2423 = ADVANCED_FACE ( 'NONE', ( #2033 ), #6544, .F. ) ;
#2424 = LINE ( 'NONE', #4454, #5236 ) ;
#2425 = VECTOR ( 'NONE', #327, 1.000000000000000000 ) ;
#2426 = ORIENTED_EDGE ( 'NONE', *, *, #5731, .T. ) ;
#2427 = VECTOR ( 'NONE', #5876, 1.000000000000000000 ) ;
#2428 = CARTESIAN_POINT ( 'NONE',  ( -0.001750000000000109975, -0.003600000000000839941, -0.0001500000000000099886 ) ) ;
#2429 = CARTESIAN_POINT ( 'NONE',  ( 0.004300000000000580268, -0.002791153523871779934, 0.0002874971942643039726 ) ) ;
#2430 = CARTESIAN_POINT ( 'NONE',  ( 0.004300000000000580268, -0.003012608973733680012, 0.0005255994760008760513 ) ) ;
#2431 = ADVANCED_FACE ( 'NONE', ( #6112 ), #5730, .F. ) ;
#2432 = ORIENTED_EDGE ( 'NONE', *, *, #4219, .T. ) ;
#2433 = DIRECTION ( 'NONE',  ( -0.000000000000000000, 1.000000000000000000, 0.000000000000000000 ) ) ;
#2434 = AXIS2_PLACEMENT_3D ( 'NONE', #1024, #2022, #3520 ) ;
#2435 = FACE_OUTER_BOUND ( 'NONE', #2701, .T. ) ;
#2436 = ORIENTED_EDGE ( 'NONE', *, *, #1328, .F. ) ;
#2437 = PLANE ( 'NONE',  #3618 ) ;
#2438 = ORIENTED_EDGE ( 'NONE', *, *, #1416, .T. ) ;
#2439 = CYLINDRICAL_SURFACE ( 'NONE', #1568, 0.0004571999999999996206 ) ;
#2440 = ORIENTED_EDGE ( 'NONE', *, *, #6384, .T. ) ;
#2441 = CARTESIAN_POINT ( 'NONE',  ( 0.004300000000000580268, -0.002585134369195139954, -0.0001197726584530100027 ) ) ;
#2442 = VERTEX_POINT ( 'NONE', #2193 ) ;
#2443 = CARTESIAN_POINT ( 'NONE',  ( 0.004250000000000780064, -0.003073877937189919887, -0.0006548585597537180105 ) ) ;
#2444 = ORIENTED_EDGE ( 'NONE', *, *, #5052, .F. ) ;
#2445 = CARTESIAN_POINT ( 'NONE',  ( 0.002890000000001140355, -0.002779999999999039750, 0.001750000000000109975 ) ) ;
#2446 = ORIENTED_EDGE ( 'NONE', *, *, #5566, .T. ) ;
#2447 = CARTESIAN_POINT ( 'NONE',  ( -0.003042800000001239912, -0.002779999999999039750, -0.002150000000000039900 ) ) ;
#2448 =( LENGTH_UNIT ( ) NAMED_UNIT ( * ) SI_UNIT ( $, .METRE. ) );
#2449 = ORIENTED_EDGE ( 'NONE', *, *, #5409, .F. ) ;
#2450 = CARTESIAN_POINT ( 'NONE',  ( 0.004300000000000580268, -0.002585134369195139954, -0.0003265722251432960047 ) ) ;
#2451 = DIRECTION ( 'NONE',  ( 0.000000000000000000, 0.000000000000000000, 1.000000000000000000 ) ) ;
#2452 = CARTESIAN_POINT ( 'NONE',  ( 0.004250000000000780931, -0.001500932381055070054, 0.0007335273656898580463 ) ) ;
#2453 = CARTESIAN_POINT ( 'NONE',  ( 0.003899999999999639866, -0.006887964625008399962, 0.0002903407727950679980 ) ) ;
#2454 = VERTEX_POINT ( 'NONE', #1998 ) ;
#2455 = FACE_OUTER_BOUND ( 'NONE', #5147, .T. ) ;
#2456 = EDGE_CURVE ( 'NONE', #2770, #574, #3530, .T. ) ;
#2457 = CARTESIAN_POINT ( 'NONE',  ( -0.003842800000000579780, -5.720000000000000122E-05, -0.002150000000000039900 ) ) ;
#2458 = ORIENTED_EDGE ( 'NONE', *, *, #6227, .F. ) ;
#2459 = CARTESIAN_POINT ( 'NONE',  ( -0.003042800000001239912, -0.004049999999999039611, 0.001211539816339700024 ) ) ;
#2460 = VECTOR ( 'NONE', #1717, 1.000000000000000000 ) ;
#2461 = CARTESIAN_POINT ( 'NONE',  ( 0.004250000000000780064, -0.001857120314655419857, 0.0009310814867281459045 ) ) ;
#2462 = CARTESIAN_POINT ( 'NONE',  ( 0.004250000000000780064, -0.002854962039752079617, 0.0001270209685082529939 ) ) ;
#2463 = ORIENTED_EDGE ( 'NONE', *, *, #2320, .F. ) ;
#2464 = CARTESIAN_POINT ( 'NONE',  ( 0.002890000000001140355, -0.002779999999999039750, 0.001750000000000109975 ) ) ;
#2465 = EDGE_CURVE ( 'NONE', #570, #6344, #1664, .T. ) ;
#2466 = CARTESIAN_POINT ( 'NONE',  ( -0.003839999999999879968, -0.003600000000000839941, -0.001649999999999999991 ) ) ;
#2467 = ORIENTED_EDGE ( 'NONE', *, *, #5892, .F. ) ;
#2468 = UNCERTAINTY_MEASURE_WITH_UNIT (LENGTH_MEASURE( 1.000000000000000082E-05 ), #2638, 'distance_accuracy_value', 'NONE');
#2469 = EDGE_CURVE ( 'NONE', #4816, #2704, #2661, .T. ) ;
#2470 = EDGE_LOOP ( 'NONE', ( #1272, #3464, #3648, #2525, #4817, #2373, #6335, #4770, #2734, #4030, #5269, #5636, #5137, #5470, #557, #1159, #4004, #4372, #2965, #1019 ) ) ;
#2471 = EDGE_LOOP ( 'NONE', ( #3897, #202, #1048, #2574 ) ) ;
#2472 = CARTESIAN_POINT ( 'NONE',  ( 0.003899999999999639866, -5.720000000000000122E-05, -0.001425999999999880054 ) ) ;
#2473 = CARTESIAN_POINT ( 'NONE',  ( 0.004300000000000580268, -0.003029877937189080078, -0.0002398453226186319826 ) ) ;
#2474 = EDGE_CURVE ( 'NONE', #3469, #1068, #4045, .T. ) ;
#2475 = ORIENTED_EDGE ( 'NONE', *, *, #4041, .F. ) ;
#2476 = DIRECTION ( 'NONE',  ( 0.000000000000000000, 1.000000000000000000, 0.000000000000000000 ) ) ;
#2477 = LINE ( 'NONE', #4508, #6593 ) ;
#2478 = LINE ( 'NONE', #4404, #4483 ) ;
#2479 = EDGE_CURVE ( 'NONE', #3159, #778, #3498, .T. ) ;
#2480 = ORIENTED_EDGE ( 'NONE', *, *, #4654, .T. ) ;
#2481 = LINE ( 'NONE', #3509, #6092 ) ;
#2482 = DIRECTION ( 'NONE',  ( -1.000000000000000000, 0.000000000000000000, 0.000000000000000000 ) ) ;
#2483 = ORIENTED_EDGE ( 'NONE', *, *, #4221, .F. ) ;
#2484 = CARTESIAN_POINT ( 'NONE',  ( 0.004300000000000580268, -0.002338728451157570058, 7.762345491914999027E-06 ) ) ;
#2485 = CARTESIAN_POINT ( 'NONE',  ( 0.004300000000000580268, -0.004300000000000580268, -0.0004590108938549639886 ) ) ;
#2486 = LINE ( 'NONE', #1592, #1121 ) ;
#2487 = DIRECTION ( 'NONE',  ( 1.000000000000000000, 0.000000000000000000, 0.000000000000000000 ) ) ;
#2488 = ADVANCED_BREP_SHAPE_REPRESENTATION ( 'OS102011MS2QN1', ( #6636, #3440 ), #2910 ) ;
#2489 = ORIENTED_EDGE ( 'NONE', *, *, #5569, .F. ) ;
#2490 = CARTESIAN_POINT ( 'NONE',  ( 0.004250000000000780064, -0.002084963256800989768, 0.0001896351818823960084 ) ) ;
#2491 = FACE_OUTER_BOUND ( 'NONE', #3499, .T. ) ;
#2492 = LINE ( 'NONE', #4525, #170 ) ;
#2493 = EDGE_CURVE ( 'NONE', #3249, #4038, #4691, .T. ) ;
#2494 = LINE ( 'NONE', #5102, #1659 ) ;
#2495 = CARTESIAN_POINT ( 'NONE',  ( -0.002890000000001140355, -0.003600000000000839941, 0.001649999999999999991 ) ) ;
#2496 = EDGE_LOOP ( 'NONE', ( #3766, #5453, #4973, #2383 ) ) ;
#2497 = CARTESIAN_POINT ( 'NONE',  ( 0.004300000000000580268, -0.002139355179479459843, -0.0008729765713458800293 ) ) ;
#2498 = EDGE_LOOP ( 'NONE', ( #89, #1125, #4555, #370 ) ) ;
#2499 = AXIS2_PLACEMENT_3D ( 'NONE', #2119, #6099, #1088 ) ;
#2500 = CARTESIAN_POINT ( 'NONE',  ( 0.003842800000000579780, 0.000000000000000000, -0.001750000000000109975 ) ) ;
#2501 = EDGE_LOOP ( 'NONE', ( #2909, #3606, #1071, #5694 ) ) ;
#2502 = EDGE_CURVE ( 'NONE', #4393, #1608, #2162, .T. ) ;
#2503 = LINE ( 'NONE', #592, #1887 ) ;
#2504 = EDGE_CURVE ( 'NONE', #392, #1813, #5229, .T. ) ;
#2505 = LINE ( 'NONE', #4603, #6278 ) ;
#2506 = EDGE_LOOP ( 'NONE', ( #2408, #1030, #3954, #4911 ) ) ;
#2507 = DIRECTION ( 'NONE',  ( 0.000000000000000000, 0.000000000000000000, -1.000000000000000000 ) ) ;
#2508 = VECTOR ( 'NONE', #5197, 1.000000000000000000 ) ;
#2509 = CARTESIAN_POINT ( 'NONE',  ( 0.004300000000000580268, -0.001968153523872019812, 0.0007530148890159780051 ) ) ;
#2510 = EDGE_CURVE ( 'NONE', #3249, #77, #6272, .T. ) ;
#2511 = CARTESIAN_POINT ( 'NONE',  ( -0.003442799999999639812, -0.003849999999999840095, -0.001211539816339700024 ) ) ;
#2512 = EDGE_LOOP ( 'NONE', ( #1101, #4294, #995, #5791 ) ) ;
#2513 = FACE_OUTER_BOUND ( 'NONE', #5045, .T. ) ;
#2514 = AXIS2_PLACEMENT_3D ( 'NONE', #2495, #1028, #349 ) ;
#2515 = DIRECTION ( 'NONE',  ( 0.000000000000000000, 1.000000000000000000, 0.000000000000000000 ) ) ;
#2516 = CARTESIAN_POINT ( 'NONE',  ( 0.003839999999999879968, -0.003600000000000839941, -0.001649999999999999991 ) ) ;
#2517 = ORIENTED_EDGE ( 'NONE', *, *, #5091, .T. ) ;
#2518 = EDGE_CURVE ( 'NONE', #6438, #1469, #6577, .T. ) ;
#2519 = CARTESIAN_POINT ( 'NONE',  ( 0.004300000000000581135, -0.002400235818849219896, -0.0001803038426298970217 ) ) ;
#2520 = LINE ( 'NONE', #5427, #1397 ) ;
#2521 = LINE ( 'NONE', #4588, #29 ) ;
#2522 = LINE ( 'NONE', #3449, #1115 ) ;
#2523 = EDGE_LOOP ( 'NONE', ( #4863, #1496, #5916, #5207, #1874, #2426, #5391, #28, #6361, #5854, #1388, #4277, #6559, #3340, #293, #2781, #4024, #4223, #6527, #3090, #1737, #1219, #5085, #3658, #1029, #2412, #1169, #4878, #3666, #6481, #2530, #3259, #83, #4848, #1515, #2393 ) ) ;
#2524 = CARTESIAN_POINT ( 'NONE',  ( 0.001999999999999869937, 0.004400000000000180676, 0.001000000000000060086 ) ) ;
#2525 = ORIENTED_EDGE ( 'NONE', *, *, #4376, .F. ) ;
#2526 = AXIS2_PLACEMENT_3D ( 'NONE', #3794, #1672, #2238 ) ;
#2527 = LINE ( 'NONE', #6103, #5939 ) ;
#2528 = CARTESIAN_POINT ( 'NONE',  ( 0.004250000000000780064, -0.002837997149833819920, 0.0002978424384366140393 ) ) ;
#2529 = CARTESIAN_POINT ( 'NONE',  ( 0.004250000000000779196, -0.002527153523872738890, 0.0003021361718563567232 ) ) ;
#2530 = ORIENTED_EDGE ( 'NONE', *, *, #3741, .T. ) ;
#2531 = VECTOR ( 'NONE', #3076, 1.000000000000000000 ) ;
#2532 = DIRECTION ( 'NONE',  ( 1.000000000000000000, 0.000000000000000000, 0.000000000000000000 ) ) ;
#2533 = AXIS2_PLACEMENT_3D ( 'NONE', #4231, #4162, #1175 ) ;
#2534 = UNCERTAINTY_MEASURE_WITH_UNIT (LENGTH_MEASURE( 1.000000000000000082E-05 ), #4860, 'distance_accuracy_value', 'NONE');
#2535 = DIRECTION ( 'NONE',  ( 1.000000000000000000, 0.000000000000000000, 0.000000000000000000 ) ) ;
#2536 = ORIENTED_EDGE ( 'NONE', *, *, #5125, .T. ) ;
#2537 = DIRECTION ( 'NONE',  ( 0.000000000000000000, 0.000000000000000000, 1.000000000000000000 ) ) ;
#2538 = DIRECTION ( 'NONE',  ( 0.000000000000000000, 0.000000000000000000, 1.000000000000000000 ) ) ;
#2539 = VECTOR ( 'NONE', #3001, 1.000000000000000000 ) ;
#2540 = ORIENTED_EDGE ( 'NONE', *, *, #672, .F. ) ;
#2541 = DIRECTION ( 'NONE',  ( -1.000000000000000000, 0.000000000000000000, 0.000000000000000000 ) ) ;
#2542 = VECTOR ( 'NONE', #5877, 1.000000000000000000 ) ;
#2543 = CARTESIAN_POINT ( 'NONE',  ( -0.003042800000001239912, -0.002779999999999039750, 0.001750000000000109975 ) ) ;
#2544 = CARTESIAN_POINT ( 'NONE',  ( -0.002890000000001140355, -0.002779999999999039750, 0.002150000000000039900 ) ) ;
#2545 = EDGE_CURVE ( 'NONE', #4714, #6422, #5019, .T. ) ;
#2546 = ORIENTED_EDGE ( 'NONE', *, *, #2474, .F. ) ;
#2547 = CARTESIAN_POINT ( 'NONE',  ( 0.004250000000000779196, -0.002873153523873509928, 0.0002153200030812021687 ) ) ;
#2548 = FACE_OUTER_BOUND ( 'NONE', #4398, .T. ) ;
#2549 = ADVANCED_FACE ( 'NONE', ( #1262 ), #2763, .F. ) ;
#2550 = CARTESIAN_POINT ( 'NONE',  ( 0.003842800000000579780, 0.000000000000000000, 0.001750000000000109975 ) ) ;
#2551 = ORIENTED_EDGE ( 'NONE', *, *, #2419, .T. ) ;
#2552 = CARTESIAN_POINT ( 'NONE',  ( 0.004250000000000780064, -0.003073877937189919887, -0.001423554856704510119 ) ) ;
#2553 = PLANE ( 'NONE',  #1611 ) ;
#2554 = EDGE_CURVE ( 'NONE', #966, #3097, #719, .T. ) ;
#2555 = ORIENTED_EDGE ( 'NONE', *, *, #4122, .F. ) ;
#2556 = DIRECTION ( 'NONE',  ( 0.000000000000000000, -1.000000000000000000, 0.000000000000000000 ) ) ;
#2557 = DIRECTION ( 'NONE',  ( 0.000000000000000000, 0.000000000000000000, -1.000000000000000000 ) ) ;
#2558 = CARTESIAN_POINT ( 'NONE',  ( 0.003042800000001239912, -0.003650000000000640146, -0.001700000000000059970 ) ) ;
#2559 = VECTOR ( 'NONE', #2839, 1.000000000000000000 ) ;
#2560 = EDGE_CURVE ( 'NONE', #319, #636, #6336, .T. ) ;
#2561 = ORIENTED_EDGE ( 'NONE', *, *, #6227, .T. ) ;
#2562 = DIRECTION ( 'NONE',  ( 0.000000000000000000, -0.9815122935962050654, 0.1913991053258010389 ) ) ;
#2563 = DIRECTION ( 'NONE',  ( 1.000000000000000000, 0.000000000000000000, 0.000000000000000000 ) ) ;
#2564 = PLANE ( 'NONE',  #3141 ) ;
#2565 = VECTOR ( 'NONE', #211, 1.000000000000000000 ) ;
#2566 = ORIENTED_EDGE ( 'NONE', *, *, #3909, .T. ) ;
#2567 = FILL_AREA_STYLE ('',( #4529 ) ) ;
#2568 = CIRCLE ( 'NONE', #5663, 0.0003999999999999238540 ) ;
#2569 = ORIENTED_EDGE ( 'NONE', *, *, #1130, .T. ) ;
#2570 = ORIENTED_EDGE ( 'NONE', *, *, #3604, .F. ) ;
#2571 = FACE_OUTER_BOUND ( 'NONE', #6576, .T. ) ;
#2572 = ORIENTED_EDGE ( 'NONE', *, *, #5091, .F. ) ;
#2573 = CARTESIAN_POINT ( 'NONE',  ( 0.004250000000000780064, -0.002231153523872500110, 5.179246496675520380E-05 ) ) ;
#2574 = ORIENTED_EDGE ( 'NONE', *, *, #622, .T. ) ;
#2575 = CARTESIAN_POINT ( 'NONE',  ( 0.003899999999999639866, -5.720000000000000122E-05, -0.001425999999999880054 ) ) ;
#2576 = DIRECTION ( 'NONE',  ( 1.000000000000000000, 0.000000000000000000, 0.000000000000000000 ) ) ;
#2577 = LINE ( 'NONE', #3032, #1828 ) ;
#2578 = ORIENTED_EDGE ( 'NONE', *, *, #5480, .T. ) ;
#2579 = LINE ( 'NONE', #2010, #2298 ) ;
#2580 = ORIENTED_EDGE ( 'NONE', *, *, #6006, .T. ) ;
#2581 = LINE ( 'NONE', #2075, #539 ) ;
#2582 = LINE ( 'NONE', #6223, #4881 ) ;
#2583 = EDGE_CURVE ( 'NONE', #2735, #3639, #5332, .T. ) ;
#2584 = ORIENTED_EDGE ( 'NONE', *, *, #5970, .F. ) ;
#2585 = CARTESIAN_POINT ( 'NONE',  ( 0.003842800000000579780, -0.003600000000000839941, -0.001700000000000059970 ) ) ;
#2586 = PRESENTATION_STYLE_ASSIGNMENT (( #1591 ) ) ;
#2587 = ORIENTED_EDGE ( 'NONE', *, *, #5083, .F. ) ;
#2588 = EDGE_CURVE ( 'NONE', #5109, #4713, #1198, .T. ) ;
#2589 = CARTESIAN_POINT ( 'NONE',  ( -0.004300000000000580268, -0.0003999999999999240166, 0.001425999999999880054 ) ) ;
#2590 = DIRECTION ( 'NONE',  ( 0.000000000000000000, 0.000000000000000000, 1.000000000000000000 ) ) ;
#2591 = EDGE_CURVE ( 'NONE', #1932, #5466, #2795, .T. ) ;
#2592 = CARTESIAN_POINT ( 'NONE',  ( 0.004300000000000580268, -0.003073877937189506589, 0.0003125605683554107247 ) ) ;
#2593 = ORIENTED_EDGE ( 'NONE', *, *, #2560, .F. ) ;
#2594 = EDGE_LOOP ( 'NONE', ( #3243, #6016, #1188, #5537 ) ) ;
#2595 = DIRECTION ( 'NONE',  ( 0.000000000000000000, -1.000000000000000000, 0.000000000000000000 ) ) ;
#2596 = FILL_AREA_STYLE_COLOUR ( '', #1018 ) ;
#2597 = CARTESIAN_POINT ( 'NONE',  ( 0.004300000000000580268, -0.002275809937049459893, -0.0002217595846691989897 ) ) ;
#2598 = ORIENTED_EDGE ( 'NONE', *, *, #2094, .F. ) ;
#2599 = EDGE_CURVE ( 'NONE', #5325, #146, #5863, .T. ) ;
#2600 = PLANE ( 'NONE',  #4420 ) ;
#2601 = ORIENTED_EDGE ( 'NONE', *, *, #474, .T. ) ;
#2602 = CARTESIAN_POINT ( 'NONE',  ( 0.004300000000000580268, -0.002408964319676409893, 8.038905277313500232E-05 ) ) ;
#2603 = ORIENTED_EDGE ( 'NONE', *, *, #5294, .T. ) ;
#2604 = DIRECTION ( 'NONE',  ( 0.000000000000000000, 0.000000000000000000, -1.000000000000000000 ) ) ;
#2605 = VERTEX_POINT ( 'NONE', #271 ) ;
#2606 = DIRECTION ( 'NONE',  ( 0.000000000000000000, 1.000000000000000000, 0.000000000000000000 ) ) ;
#2607 = VECTOR ( 'NONE', #329, 1.000000000000000000 ) ;
#2608 = DIRECTION ( 'NONE',  ( 0.000000000000000000, 1.000000000000000000, 0.000000000000000000 ) ) ;
#2609 = CARTESIAN_POINT ( 'NONE',  ( -0.003842800000000579780, -0.004049999999999039611, -0.001211539816339700024 ) ) ;
#2610 = VERTEX_POINT ( 'NONE', #4758 ) ;
#2611 = VECTOR ( 'NONE', #4761, 1.000000000000000000 ) ;
#2612 = DIRECTION ( 'NONE',  ( -1.000000000000000000, 0.000000000000000000, 0.000000000000000000 ) ) ;
#2613 = ORIENTED_EDGE ( 'NONE', *, *, #3250, .T. ) ;
#2614 = DIRECTION ( 'NONE',  ( -1.000000000000000000, 0.000000000000000000, 0.000000000000000000 ) ) ;
#2615 = AXIS2_PLACEMENT_3D ( 'NONE', #5038, #3556, #449 ) ;
#2616 = DIRECTION ( 'NONE',  ( -1.000000000000000000, 0.000000000000000000, 0.000000000000000000 ) ) ;
#2617 = ORIENTED_EDGE ( 'NONE', *, *, #2469, .F. ) ;
#2618 = CARTESIAN_POINT ( 'NONE',  ( 0.004250000000000780064, -0.002651802984834019869, 0.0004850363890238340299 ) ) ;
#2619 = DIRECTION ( 'NONE',  ( 0.000000000000000000, -0.9952694819190712749, 0.09715275786380722645 ) ) ;
#2620 = LINE ( 'NONE', #5191, #5317 ) ;
#2621 = EDGE_CURVE ( 'NONE', #861, #2735, #5363, .T. ) ;
#2622 = ORIENTED_EDGE ( 'NONE', *, *, #6323, .F. ) ;
#2623 = EDGE_CURVE ( 'NONE', #614, #4820, #2728, .T. ) ;
#2624 = ORIENTED_EDGE ( 'NONE', *, *, #4291, .T. ) ;
#2625 = CARTESIAN_POINT ( 'NONE',  ( 0.004300000000000581135, -0.002295156835104371525, 0.0001318553742434272946 ) ) ;
#2626 = EDGE_CURVE ( 'NONE', #3639, #741, #4319, .T. ) ;
#2627 = ADVANCED_FACE ( 'NONE', ( #1227 ), #6433, .F. ) ;
#2628 = LINE ( 'NONE', #4119, #6562 ) ;
#2629 = CARTESIAN_POINT ( 'NONE',  ( -0.004300000000000580268, -0.0003999999999999240166, 0.002150000000000039900 ) ) ;
#2630 = ORIENTED_EDGE ( 'NONE', *, *, #1825, .T. ) ;
#2631 = DIRECTION ( 'NONE',  ( 3.893058771540000002E-13, 0.000000000000000000, 1.000000000000000000 ) ) ;
#2632 = VECTOR ( 'NONE', #5270, 1.000000000000000000 ) ;
#2633 = ORIENTED_EDGE ( 'NONE', *, *, #3033, .T. ) ;
#2634 = FACE_OUTER_BOUND ( 'NONE', #42, .T. ) ;
#2635 = EDGE_CURVE ( 'NONE', #4084, #6236, #2324, .T. ) ;
#2636 = CARTESIAN_POINT ( 'NONE',  ( 0.003042800000001239912, -0.003650000000000640146, 0.001700000000000059970 ) ) ;
#2637 = ORIENTED_EDGE ( 'NONE', *, *, #1093, .F. ) ;
#2638 =( LENGTH_UNIT ( ) NAMED_UNIT ( * ) SI_UNIT ( $, .METRE. ) );
#2639 = VECTOR ( 'NONE', #1304, 1.000000000000000000 ) ;
#2640 = DIRECTION ( 'NONE',  ( 0.000000000000000000, 1.000000000000000000, 0.000000000000000000 ) ) ;
#2641 = AXIS2_PLACEMENT_3D ( 'NONE', #530, #1974, #5176 ) ;
#2642 = CARTESIAN_POINT ( 'NONE',  ( 0.004300000000000580268, -0.002287153523872530094, 0.001022497690101110187 ) ) ;
#2643 = ORIENTED_EDGE ( 'NONE', *, *, #2510, .T. ) ;
#2644 = LINE ( 'NONE', #3575, #2400 ) ;
#2645 = VECTOR ( 'NONE', #1718, 1.000000000000000000 ) ;
#2646 = CARTESIAN_POINT ( 'NONE',  ( 0.004300000000000580268, -0.002408964319676525252, 8.038905277312937802E-05 ) ) ;
#2647 = EDGE_CURVE ( 'NONE', #2216, #559, #1787, .T. ) ;
#2648 = DIRECTION ( 'NONE',  ( 0.000000000000000000, 0.000000000000000000, 1.000000000000000000 ) ) ;
#2649 = CIRCLE ( 'NONE', #1481, 0.0004499999999999777615 ) ;
#2650 = EDGE_LOOP ( 'NONE', ( #2480, #3308, #1479 ) ) ;
#2651 = VECTOR ( 'NONE', #3140, 1.000000000000000000 ) ;
#2652 = ORIENTED_EDGE ( 'NONE', *, *, #32, .F. ) ;
#2653 = CARTESIAN_POINT ( 'NONE',  ( 0.003842800000000579780, 0.000000000000000000, -0.002150000000000039900 ) ) ;
#2654 = CARTESIAN_POINT ( 'NONE',  ( 0.004250000000000780064, -0.002794153523873799984, 0.001015730190334390021 ) ) ;
#2655 = ORIENTED_EDGE ( 'NONE', *, *, #4252, .F. ) ;
#2656 = CARTESIAN_POINT ( 'NONE',  ( 0.004300000000000580268, -0.004300000000000580268, -0.002150000000000039900 ) ) ;
#2657 = DIRECTION ( 'NONE',  ( -0.000000000000000000, 1.000000000000000000, 0.000000000000000000 ) ) ;
#2658 = LINE ( 'NONE', #5225, #6390 ) ;
#2659 = ORIENTED_EDGE ( 'NONE', *, *, #97, .T. ) ;
#2660 = EDGE_LOOP ( 'NONE', ( #5288, #2744, #1510, #229 ) ) ;
#2661 = LINE ( 'NONE', #5073, #5550 ) ;
#2662 = CARTESIAN_POINT ( 'NONE',  ( 0.004250000000000780064, -0.001565121216412220006, 0.001095839500370210037 ) ) ;
#2663 = CARTESIAN_POINT ( 'NONE',  ( 0.004250000000000780064, -0.003073877937189919887, -0.0006548585597537180105 ) ) ;
#2664 = DIRECTION ( 'NONE',  ( 1.000000000000000000, 0.000000000000000000, 0.000000000000000000 ) ) ;
#2665 = EDGE_CURVE ( 'NONE', #277, #6021, #4284, .T. ) ;
#2666 = AXIS2_PLACEMENT_3D ( 'NONE', #3165, #2711, #2810 ) ;
#2667 = FACE_OUTER_BOUND ( 'NONE', #2378, .T. ) ;
#2668 = VECTOR ( 'NONE', #2997, 1.000000000000000000 ) ;
#2669 = VERTEX_POINT ( 'NONE', #5894 ) ;
#2670 = LINE ( 'NONE', #732, #6583 ) ;
#2671 = CARTESIAN_POINT ( 'NONE',  ( 0.003042800000001239912, -0.003573500000001199849, 0.001950000000000069950 ) ) ;
#2672 = EDGE_CURVE ( 'NONE', #2970, #3761, #3350, .T. ) ;
#2673 = ORIENTED_EDGE ( 'NONE', *, *, #542, .F. ) ;
#2674 = CARTESIAN_POINT ( 'NONE',  ( 0.004099999999998840683, -0.004300000000000580268, -0.001303600000000019977 ) ) ;
#2675 = FILL_AREA_STYLE_COLOUR ( '', #2329 ) ;
#2676 = CARTESIAN_POINT ( 'NONE',  ( 0.004300000000000581135, -0.001780384272921900013, 0.0007128095820760266049 ) ) ;
#2677 = EDGE_CURVE ( 'NONE', #4195, #3699, #5393, .T. ) ;
#2678 = VECTOR ( 'NONE', #5652, 1.000000000000000000 ) ;
#2679 = DIRECTION ( 'NONE',  ( -1.000000000000000000, 0.000000000000000000, 0.000000000000000000 ) ) ;
#2680 = ORIENTED_EDGE ( 'NONE', *, *, #4992, .T. ) ;
#2681 = DIRECTION ( 'NONE',  ( 1.000000000000000000, 0.000000000000000000, 0.000000000000000000 ) ) ;
#2682 = VECTOR ( 'NONE', #1804, 1.000000000000000000 ) ;
#2683 = DIRECTION ( 'NONE',  ( 1.000000000000000000, 0.000000000000000000, 0.000000000000000000 ) ) ;
#2684 = VECTOR ( 'NONE', #2778, 1.000000000000000000 ) ;
#2685 = ORIENTED_EDGE ( 'NONE', *, *, #4790, .F. ) ;
#2686 = ORIENTED_EDGE ( 'NONE', *, *, #4593, .F. ) ;
#2687 = CARTESIAN_POINT ( 'NONE',  ( -0.003042800000001239912, -0.002779999999999039750, -0.001750000000000109975 ) ) ;
#2688 = ADVANCED_FACE ( 'NONE', ( #5261 ), #683, .F. ) ;
#2689 = B_SPLINE_CURVE_WITH_KNOTS ( 'NONE', 3,
 ( #1865, #347, #278, #4390 ),
 .UNSPECIFIED., .F., .F.,
 ( 4, 4 ),
 ( 0.000000000000000000, 1.000000000000000000 ),
 .UNSPECIFIED. ) ;
#2690 = DIRECTION ( 'NONE',  ( -0.000000000000000000, 1.000000000000000000, 0.000000000000000000 ) ) ;
#2691 = FACE_OUTER_BOUND ( 'NONE', #3713, .T. ) ;
#2692 = CARTESIAN_POINT ( 'NONE',  ( 0.004300000000000580268, -0.002691877937190939943, -0.0003057567717387259481 ) ) ;
#2693 = EDGE_LOOP ( 'NONE', ( #5228, #1960, #6627, #661 ) ) ;
#2694 = EDGE_LOOP ( 'NONE', ( #6508, #3127, #2655, #1234 ) ) ;
#2695 = CARTESIAN_POINT ( 'NONE',  ( -0.003042800000001239912, -0.003600000000000839941, -0.002150000000000039900 ) ) ;
#2696 = CARTESIAN_POINT ( 'NONE',  ( 0.003842800000000579780, 0.000000000000000000, 0.002150000000000039900 ) ) ;
#2697 = DIRECTION ( 'NONE',  ( -0.000000000000000000, 1.000000000000000000, 0.000000000000000000 ) ) ;
#2698 = CARTESIAN_POINT ( 'NONE',  ( 0.004300000000000580268, -0.002453766566748139758, -0.0001377379421663130113 ) ) ;
#2699 = LINE ( 'NONE', #3759, #5758 ) ;
#2700 = ADVANCED_FACE ( 'NONE', ( #3916 ), #5961, .F. ) ;
#2701 = EDGE_LOOP ( 'NONE', ( #6179, #2039, #5745, #3874 ) ) ;
#2702 = CARTESIAN_POINT ( 'NONE',  ( -0.0006999999999999999929, -0.001000000000000060086, 0.002150000000000039900 ) ) ;
#2703 = CARTESIAN_POINT ( 'NONE',  ( -0.003042800000001239912, -0.004049999999999039611, -0.001211539816339700024 ) ) ;
#2704 = VERTEX_POINT ( 'NONE', #3011 ) ;
#2705 = VECTOR ( 'NONE', #3003, 1.000000000000000000 ) ;
#2706 = CARTESIAN_POINT ( 'NONE',  ( 0.004250000000000780064, -0.002288153523872519818, 0.0001303904331904180019 ) ) ;
#2707 = LINE ( 'NONE', #4300, #4559 ) ;
#2708 = LINE ( 'NONE', #6322, #4697 ) ;
#2709 = EDGE_CURVE ( 'NONE', #4935, #1418, #2019, .T. ) ;
#2710 = EDGE_CURVE ( 'NONE', #2811, #3664, #1889, .T. ) ;
#2711 = DIRECTION ( 'NONE',  ( 0.000000000000000000, 0.000000000000000000, -1.000000000000000000 ) ) ;
#2712 = ORIENTED_EDGE ( 'NONE', *, *, #5004, .F. ) ;
#2713 = CARTESIAN_POINT ( 'NONE',  ( -0.003842800000000579780, -0.003650000000000640146, -0.001211539816339700024 ) ) ;
#2714 = DIRECTION ( 'NONE',  ( -1.000000000000000000, 0.000000000000000000, 0.000000000000000000 ) ) ;
#2715 = EDGE_CURVE ( 'NONE', #105, #3676, #5486, .T. ) ;
#2716 = ORIENTED_EDGE ( 'NONE', *, *, #2151, .T. ) ;
#2717 = VECTOR ( 'NONE', #4605, 1.000000000000000000 ) ;
#2718 = ORIENTED_EDGE ( 'NONE', *, *, #1322, .F. ) ;
#2719 = DIRECTION ( 'NONE',  ( 1.000000000000000000, 0.000000000000000000, 0.000000000000000000 ) ) ;
#2720 = VECTOR ( 'NONE', #3216, 1.000000000000000000 ) ;
#2721 = CARTESIAN_POINT ( 'NONE',  ( 0.004300000000000580268, -0.003073877937189919887, 0.0003125605683553879565 ) ) ;
#2722 = EDGE_CURVE ( 'NONE', #3876, #4383, #2520, .T. ) ;
#2723 = CARTESIAN_POINT ( 'NONE',  ( 0.0006999999999999999929, -0.002200000000000090338, 0.002150000000000039900 ) ) ;
#2724 = LINE ( 'NONE', #4912, #2607 ) ;
#2725 = DIRECTION ( 'NONE',  ( -1.000000000000000000, 0.000000000000000000, 0.000000000000000000 ) ) ;
#2726 = VERTEX_POINT ( 'NONE', #5057 ) ;
#2727 = VERTEX_POINT ( 'NONE', #5927 ) ;
#2728 = LINE ( 'NONE', #1330, #420 ) ;
#2729 = VECTOR ( 'NONE', #1371, 1.000000000000000000 ) ;
#2730 = CARTESIAN_POINT ( 'NONE',  ( 0.000000000000000000, -0.006850000000000540552, 0.0001500000000000099886 ) ) ;
#2731 = CARTESIAN_POINT ( 'NONE',  ( 0.004300000000000580268, -0.004300000000000580268, 0.002150000000000039900 ) ) ;
#2732 = CARTESIAN_POINT ( 'NONE',  ( 0.001750000000000109975, -0.003600000000000839941, -0.0001500000000000099886 ) ) ;
#2733 = LINE ( 'NONE', #5235, #4918 ) ;
#2734 = ORIENTED_EDGE ( 'NONE', *, *, #3643, .F. ) ;
#2735 = VERTEX_POINT ( 'NONE', #914 ) ;
#2736 = CYLINDRICAL_SURFACE ( 'NONE', #5621, 0.0003999999999999238540 ) ;
#2737 = CARTESIAN_POINT ( 'NONE',  ( 0.001999999999999869937, 0.000000000000000000, 0.001099999999999920052 ) ) ;
#2738 = ORIENTED_EDGE ( 'NONE', *, *, #3732, .F. ) ;
#2739 = CARTESIAN_POINT ( 'NONE',  ( 0.004300000000000580268, -0.002873153523871959953, 0.0002153200030811799968 ) ) ;
#2740 = CARTESIAN_POINT ( 'NONE',  ( 0.004250000000000780064, -0.002315153523872669986, 0.0003546314634283140072 ) ) ;
#2741 = VECTOR ( 'NONE', #5322, 1.000000000000000000 ) ;
#2742 = CARTESIAN_POINT ( 'NONE',  ( 0.004300000000000580268, -0.002710153523871501168, 0.0005091028540289046622 ) ) ;
#2743 = DIRECTION ( 'NONE',  ( 0.000000000000000000, -0.3043458825695966596, -0.9525615905351910717 ) ) ;
#2744 = ORIENTED_EDGE ( 'NONE', *, *, #3691, .F. ) ;
#2745 = EDGE_LOOP ( 'NONE', ( #210, #3230, #3454, #1795, #4401, #1351, #2154, #3900 ) ) ;
#2746 = CARTESIAN_POINT ( 'NONE',  ( -0.003042800000001239912, -0.002779999999999039750, -0.001750000000000109975 ) ) ;
#2747 = DIRECTION ( 'NONE',  ( -1.000000000000000000, 0.000000000000000000, 0.000000000000000000 ) ) ;
#2748 = AXIS2_PLACEMENT_3D ( 'NONE', #1081, #1015, #21 ) ;
#2749 = ORIENTED_EDGE ( 'NONE', *, *, #3780, .F. ) ;
#2750 = ORIENTED_EDGE ( 'NONE', *, *, #4868, .T. ) ;
#2751 = EDGE_CURVE ( 'NONE', #1595, #436, #6507, .T. ) ;
#2752 = CARTESIAN_POINT ( 'NONE',  ( 0.001750000000000109975, -0.006850000000000540552, -0.0001500000000000099886 ) ) ;
#2753 = VECTOR ( 'NONE', #1382, 1.000000000000000000 ) ;
#2754 = VERTEX_POINT ( 'NONE', #4550 ) ;
#2755 = LINE ( 'NONE', #4889, #5023 ) ;
#2756 = CIRCLE ( 'NONE', #3593, 0.0004571999999999996206 ) ;
#2757 = AXIS2_PLACEMENT_3D ( 'NONE', #1766, #1173, #767 ) ;
#2758 = VERTEX_POINT ( 'NONE', #2915 ) ;
#2759 = VECTOR ( 'NONE', #6509, 1.000000000000000000 ) ;
#2760 = DIRECTION ( 'NONE',  ( 0.000000000000000000, -1.000000000000000000, 0.000000000000000000 ) ) ;
#2761 = EDGE_CURVE ( 'NONE', #6525, #5213, #3715, .T. ) ;
#2762 = ORIENTED_EDGE ( 'NONE', *, *, #5418, .F. ) ;
#2763 = PLANE ( 'NONE',  #6406 ) ;
#2764 = CARTESIAN_POINT ( 'NONE',  ( 0.004250000000000780064, -0.002288316987132362271, 0.0001304252654666152012 ) ) ;
#2765 = CARTESIAN_POINT ( 'NONE',  ( 0.004300000000000580268, -0.001548825907526899968, 0.0004660434895436180148 ) ) ;
#2766 = EDGE_CURVE ( 'NONE', #4608, #5361, #1457, .T. ) ;
#2767 = CARTESIAN_POINT ( 'NONE',  ( 0.001999999999999869937, 0.000000000000000000, 0.001099999999999920052 ) ) ;
#2768 = EDGE_CURVE ( 'NONE', #421, #6008, #373, .T. ) ;
#2769 = ORIENTED_EDGE ( 'NONE', *, *, #2647, .F. ) ;
#2770 = VERTEX_POINT ( 'NONE', #5562 ) ;
#2771 = CARTESIAN_POINT ( 'NONE',  ( 0.004300000000000580268, -0.002250698054976140155, -1.046164309832549971E-05 ) ) ;
#2772 = CARTESIAN_POINT ( 'NONE',  ( -0.0002499999999999910063, -0.003600000000000839941, -0.0001500000000000099886 ) ) ;
#2773 = EDGE_LOOP ( 'NONE', ( #3528, #6147, #2637, #2546 ) ) ;
#2774 = DIRECTION ( 'NONE',  ( 0.000000000000000000, 0.000000000000000000, 1.000000000000000000 ) ) ;
#2775 = CARTESIAN_POINT ( 'NONE',  ( 0.004250000000000780064, -0.002420132982887680285, 0.0004319739261898660051 ) ) ;
#2776 = FACE_OUTER_BOUND ( 'NONE', #3401, .T. ) ;
#2777 = VECTOR ( 'NONE', #1162, 1.000000000000000000 ) ;
#2778 = DIRECTION ( 'NONE',  ( 0.000000000000000000, 1.000000000000000000, 0.000000000000000000 ) ) ;
#2779 = ORIENTED_EDGE ( 'NONE', *, *, #1898, .T. ) ;
#2780 = ORIENTED_EDGE ( 'NONE', *, *, #2806, .F. ) ;
#2781 = ORIENTED_EDGE ( 'NONE', *, *, #1387, .T. ) ;
#2782 = DIRECTION ( 'NONE',  ( 1.000000000000000000, 0.000000000000000000, 0.000000000000000000 ) ) ;
#2783 = CARTESIAN_POINT ( 'NONE',  ( 0.0005000000000000319944, 0.004400000000000180676, 0.001000000000000060086 ) ) ;
#2784 = ORIENTED_EDGE ( 'NONE', *, *, #4919, .T. ) ;
#2785 = PRESENTATION_LAYER_ASSIGNMENT (  '', '', ( #4800 ) ) ;
#2786 = VERTEX_POINT ( 'NONE', #1952 ) ;
#2787 = CARTESIAN_POINT ( 'NONE',  ( 0.004250000000000780064, -0.002349717375593700103, -0.0002046117978268939834 ) ) ;
#2788 = VECTOR ( 'NONE', #1008, 1.000000000000000000 ) ;
#2789 = ORIENTED_EDGE ( 'NONE', *, *, #4715, .F. ) ;
#2790 = DIRECTION ( 'NONE',  ( 0.000000000000000000, 1.000000000000000000, 0.000000000000000000 ) ) ;
#2791 = VECTOR ( 'NONE', #5858, 1.000000000000000000 ) ;
#2792 = EDGE_CURVE ( 'NONE', #735, #3094, #4485, .T. ) ;
#2793 = EDGE_LOOP ( 'NONE', ( #3508, #1439, #910, #5080 ) ) ;
#2794 = CARTESIAN_POINT ( 'NONE',  ( 0.004300000000000580268, -0.002139355179479459843, -0.0008729765713458800293 ) ) ;
#2795 = LINE ( 'NONE', #1297, #4366 ) ;
#2796 = EDGE_CURVE ( 'NONE', #3810, #2123, #2418, .T. ) ;
#2797 = CARTESIAN_POINT ( 'NONE',  ( 0.004300000000000580268, -0.003073877937189919887, 1.531311584405000063E-05 ) ) ;
#2798 = CARTESIAN_POINT ( 'NONE',  ( 0.004300000000000580268, -0.001829093387115789896, 0.001334308278259739881 ) ) ;
#2799 = CARTESIAN_POINT ( 'NONE',  ( 0.004250000000000779196, -0.002315153523872565903, 0.0003546314634283466959 ) ) ;
#2800 = EDGE_CURVE ( 'NONE', #3806, #5965, #1920, .T. ) ;
#2801 = CARTESIAN_POINT ( 'NONE',  ( 0.004099999999998840683, -0.0003999999999999240166, -0.001787999999999960194 ) ) ;
#2802 = VERTEX_POINT ( 'NONE', #3949 ) ;
#2803 = CARTESIAN_POINT ( 'NONE',  ( 0.001999999999999869937, 0.0003999999999999240166, -0.001099999999999920052 ) ) ;
#2804 = DIRECTION ( 'NONE',  ( -0.000000000000000000, 0.1990007053323009922, 0.9799993465698060291 ) ) ;
#2805 = CARTESIAN_POINT ( 'NONE',  ( 0.004250000000000780064, -0.002293153523872500099, -1.672542806569879884E-06 ) ) ;
#2806 = EDGE_CURVE ( 'NONE', #3696, #879, #3976, .T. ) ;
#2807 = ORIENTED_EDGE ( 'NONE', *, *, #6602, .T. ) ;
#2808 = FACE_OUTER_BOUND ( 'NONE', #6521, .T. ) ;
#2809 = LINE ( 'NONE', #738, #2682 ) ;
#2810 = DIRECTION ( 'NONE',  ( 1.000000000000000000, 0.000000000000000000, 0.000000000000000000 ) ) ;
#2811 = VERTEX_POINT ( 'NONE', #2485 ) ;
#2812 = SURFACE_SIDE_STYLE ('',( #123 ) ) ;
#2813 = DIRECTION ( 'NONE',  ( 0.000000000000000000, 0.000000000000000000, -1.000000000000000000 ) ) ;
#2814 = VERTEX_POINT ( 'NONE', #3446 ) ;
#2815 = VERTEX_POINT ( 'NONE', #5524 ) ;
#2816 = DIRECTION ( 'NONE',  ( 0.000000000000000000, 0.8887589739204416750, 0.4583748316344208873 ) ) ;
#2817 = DIRECTION ( 'NONE',  ( 0.000000000000000000, 0.000000000000000000, -1.000000000000000000 ) ) ;
#2818 = ORIENTED_EDGE ( 'NONE', *, *, #4961, .T. ) ;
#2819 = DIRECTION ( 'NONE',  ( -1.000000000000000000, 0.000000000000000000, 0.000000000000000000 ) ) ;
#2820 = VECTOR ( 'NONE', #3843, 1.000000000000000000 ) ;
#2821 = DIRECTION ( 'NONE',  ( 0.000000000000000000, 1.000000000000000000, 0.000000000000000000 ) ) ;
#2822 = DIRECTION ( 'NONE',  ( 0.000000000000000000, 1.000000000000000000, 0.000000000000000000 ) ) ;
#2823 = CARTESIAN_POINT ( 'NONE',  ( 0.003839999999999879968, -0.002779999999999039750, 0.001649999999999999991 ) ) ;
#2824 = PRESENTATION_STYLE_ASSIGNMENT (( #6339 ) ) ;
#2825 = B_SPLINE_SURFACE_WITH_KNOTS ( 'NONE', 3, 1, ( 
 ( #419, #5499 ),
 ( #4058, #924 ),
 ( #5002, #1900 ),
 ( #3925, #6036 ),
 ( #2529, #1468 ) ),
 .UNSPECIFIED., .F., .F., .F.,
 ( 4, 1, 4 ),
 ( 2, 2 ),
 ( 0.01747959593914068244, 0.3238501110445000108, 0.9837527015371000383 ),
 ( 0.000000000000000000, 1.000000000000000000 ),
 .UNSPECIFIED. ) ;
#2826 = EDGE_CURVE ( 'NONE', #3330, #2802, #987, .T. ) ;
#2827 = DIRECTION ( 'NONE',  ( 0.000000000000000000, -1.000000000000000000, 0.000000000000000000 ) ) ;
#2828 = VECTOR ( 'NONE', #466, 1.000000000000000000 ) ;
#2829 = ADVANCED_FACE ( 'NONE', ( #5027 ), #4517, .F. ) ;
#2830 = ORIENTED_EDGE ( 'NONE', *, *, #5280, .F. ) ;
#2831 = VERTEX_POINT ( 'NONE', #3514 ) ;
#2832 = CARTESIAN_POINT ( 'NONE',  ( 0.004300000000000580268, -0.002758153523872420004, 0.0005311922934009440491 ) ) ;
#2833 = LINE ( 'NONE', #5498, #3030 ) ;
#2834 = VERTEX_POINT ( 'NONE', #60 ) ;
#2835 = CARTESIAN_POINT ( 'NONE',  ( 0.002890000000001140355, -0.003600000000000839941, 0.001649999999999999991 ) ) ;
#2836 = CARTESIAN_POINT ( 'NONE',  ( 0.004300000000000580268, -0.002831815343489260586, -0.0002167166857290881397 ) ) ;
#2837 = DIRECTION ( 'NONE',  ( 0.000000000000000000, 0.000000000000000000, 1.000000000000000000 ) ) ;
#2838 = ADVANCED_FACE ( 'NONE', ( #1020 ), #1329, .T. ) ;
#2839 = DIRECTION ( 'NONE',  ( 0.000000000000000000, 0.000000000000000000, 1.000000000000000000 ) ) ;
#2840 = ORIENTED_EDGE ( 'NONE', *, *, #1293, .F. ) ;
#2841 = VERTEX_POINT ( 'NONE', #1558 ) ;
#2842 = ORIENTED_EDGE ( 'NONE', *, *, #4955, .F. ) ;
#2843 = CARTESIAN_POINT ( 'NONE',  ( 0.003899999999999639866, -0.004300000000000580268, -0.001221010893854959905 ) ) ;
#2844 = DIRECTION ( 'NONE',  ( 1.000000000000000000, 0.000000000000000000, 0.000000000000000000 ) ) ;
#2845 = ORIENTED_EDGE ( 'NONE', *, *, #4287, .F. ) ;
#2846 = DIRECTION ( 'NONE',  ( -1.000000000000000000, 0.000000000000000000, 0.000000000000000000 ) ) ;
#2847 = ORIENTED_EDGE ( 'NONE', *, *, #3077, .T. ) ;
#2848 = FACE_OUTER_BOUND ( 'NONE', #3730, .T. ) ;
#2849 = ADVANCED_FACE ( 'NONE', ( #643 ), #3045, .T. ) ;
#2850 = CYLINDRICAL_SURFACE ( 'NONE', #6410, 0.0003999999999999238540 ) ;
#2851 = ORIENTED_EDGE ( 'NONE', *, *, #6308, .F. ) ;
#2852 = DIRECTION ( 'NONE',  ( -1.000000000000000000, 0.000000000000000000, 0.000000000000000000 ) ) ;
#2853 = VECTOR ( 'NONE', #5050, 1.000000000000000000 ) ;
#2854 = DIRECTION ( 'NONE',  ( 0.000000000000000000, 1.000000000000000000, 0.000000000000000000 ) ) ;
#2855 = VECTOR ( 'NONE', #2813, 1.000000000000000000 ) ;
#2856 = CARTESIAN_POINT ( 'NONE',  ( 0.004300000000000578533, -0.001622198150964750075, 0.001187866395155020129 ) ) ;
#2857 = FACE_BOUND ( 'NONE', #1187, .T. ) ;
#2858 = AXIS2_PLACEMENT_3D ( 'NONE', #422, #5501, #2960 ) ;
#2859 = VECTOR ( 'NONE', #1114, 1.000000000000000000 ) ;
#2860 = LINE ( 'NONE', #1862, #3727 ) ;
#2861 = VECTOR ( 'NONE', #4653, 1.000000000000000000 ) ;
#2862 = ORIENTED_EDGE ( 'NONE', *, *, #1697, .T. ) ;
#2863 = DIRECTION ( 'NONE',  ( 0.000000000000000000, 0.9799993465698060291, -0.1990007053323009922 ) ) ;
#2864 = EDGE_CURVE ( 'NONE', #4935, #2267, #4111, .T. ) ;
#2865 = LINE ( 'NONE', #1899, #1053 ) ;
#2866 = DIRECTION ( 'NONE',  ( 0.000000000000000000, 1.000000000000000000, 0.000000000000000000 ) ) ;
#2867 = ORIENTED_EDGE ( 'NONE', *, *, #1295, .T. ) ;
#2868 = DIRECTION ( 'NONE',  ( 0.000000000000000000, -1.000000000000000000, 0.000000000000000000 ) ) ;
#2869 = LINE ( 'NONE', #1934, #4103 ) ;
#2870 = CARTESIAN_POINT ( 'NONE',  ( 0.002016701440000029984, -0.004049999999999039611, 0.005978539816340699628 ) ) ;
#2871 = CARTESIAN_POINT ( 'NONE',  ( -0.003842800000000579780, 0.000000000000000000, -0.001750000000000109975 ) ) ;
#2872 = ADVANCED_FACE ( 'NONE', ( #3174 ), #2553, .T. ) ;
#2873 = CARTESIAN_POINT ( 'NONE',  ( -0.003042800000001239912, -0.003650000000000640146, -0.001700000000000059970 ) ) ;
#2874 = ORIENTED_EDGE ( 'NONE', *, *, #2635, .T. ) ;
#2875 = DIRECTION ( 'NONE',  ( -1.000000000000000000, 0.000000000000000000, 0.000000000000000000 ) ) ;
#2876 = VERTEX_POINT ( 'NONE', #1116 ) ;
#2877 = ADVANCED_FACE ( 'NONE', ( #2048 ), #4078, .T. ) ;
#2878 = DIRECTION ( 'NONE',  ( -1.000000000000000000, 0.000000000000000000, 0.000000000000000000 ) ) ;
#2879 = ORIENTED_EDGE ( 'NONE', *, *, #6502, .F. ) ;
#2880 = DIRECTION ( 'NONE',  ( 0.000000000000000000, 0.000000000000000000, 1.000000000000000000 ) ) ;
#2881 = COLOUR_RGB ( '',0.000000000000000000, 0.000000000000000000, 0.000000000000000000 ) ;
#2882 = ORIENTED_EDGE ( 'NONE', *, *, #2583, .F. ) ;
#2883 = EDGE_CURVE ( 'NONE', #1185, #495, #4143, .T. ) ;
#2884 = DIRECTION ( 'NONE',  ( 0.000000000000000000, 1.000000000000000000, 0.000000000000000000 ) ) ;
#2885 = DIRECTION ( 'NONE',  ( 0.000000000000000000, -1.000000000000000000, 0.000000000000000000 ) ) ;
#2886 = CARTESIAN_POINT ( 'NONE',  ( 0.004300000000000578533, -0.001511771408552739894, 0.0005943829588949000762 ) ) ;
#2887 = DIRECTION ( 'NONE',  ( 1.964746390539000184E-14, 0.000000000000000000, 1.000000000000000000 ) ) ;
#2888 = DIRECTION ( 'NONE',  ( 0.000000000000000000, 0.000000000000000000, -1.000000000000000000 ) ) ;
#2889 = ORIENTED_EDGE ( 'NONE', *, *, #5266, .F. ) ;
#2890 = DIRECTION ( 'NONE',  ( 0.000000000000000000, 0.000000000000000000, -1.000000000000000000 ) ) ;
#2891 = CARTESIAN_POINT ( 'NONE',  ( -0.003842800000000579780, 0.0003999999999999240166, -0.001750000000000109975 ) ) ;
#2892 = SURFACE_SIDE_STYLE ('',( #5434 ) ) ;
#2893 = ORIENTED_EDGE ( 'NONE', *, *, #6551, .F. ) ;
#2894 = DIRECTION ( 'NONE',  ( -1.000000000000000000, 0.000000000000000000, 0.000000000000000000 ) ) ;
#2895 = CARTESIAN_POINT ( 'NONE',  ( 0.004300000000000580268, -0.002084963256800989768, 0.0001896351818823960084 ) ) ;
#2896 = EDGE_CURVE ( 'NONE', #4302, #1779, #1074, .T. ) ;
#2897 = ORIENTED_EDGE ( 'NONE', *, *, #2281, .F. ) ;
#2898 = DIRECTION ( 'NONE',  ( 0.000000000000000000, 0.000000000000000000, -1.000000000000000000 ) ) ;
#2899 = ORIENTED_EDGE ( 'NONE', *, *, #6437, .T. ) ;
#2900 = VERTEX_POINT ( 'NONE', #3142 ) ;
#2901 = DIRECTION ( 'NONE',  ( 1.000000000000000000, 0.000000000000000000, 0.000000000000000000 ) ) ;
#2902 = CARTESIAN_POINT ( 'NONE',  ( -0.002890000000001140355, -0.003600000000000839941, -0.002150000000000039900 ) ) ;
#2903 = VERTEX_POINT ( 'NONE', #2654 ) ;
#2904 = CARTESIAN_POINT ( 'NONE',  ( 0.003842800000000579780, 0.0001999999999999869992, 0.001588000000000000002 ) ) ;
#2905 = VERTEX_POINT ( 'NONE', #4684 ) ;
#2906 = EDGE_CURVE ( 'NONE', #1948, #574, #98, .T. ) ;
#2907 = DIRECTION ( 'NONE',  ( -1.000000000000000000, 0.000000000000000000, 0.000000000000000000 ) ) ;
#2908 = EDGE_CURVE ( 'NONE', #4036, #6295, #2153, .T. ) ;
#2909 = ORIENTED_EDGE ( 'NONE', *, *, #6220, .T. ) ;
#2910 =( GEOMETRIC_REPRESENTATION_CONTEXT ( 3 ) GLOBAL_UNCERTAINTY_ASSIGNED_CONTEXT ( ( #2468 ) ) GLOBAL_UNIT_ASSIGNED_CONTEXT ( ( #2638, #4229, #3659 ) ) REPRESENTATION_CONTEXT ( 'NONE', 'WORKASPACE' ) );
#2911 = CARTESIAN_POINT ( 'NONE',  ( -0.001320000000000050083, -0.002200000000000090338, 0.002150000000000039900 ) ) ;
#2912 = ADVANCED_FACE ( 'NONE', ( #3547 ), #3849, .T. ) ;
#2913 = ORIENTED_EDGE ( 'NONE', *, *, #6327, .T. ) ;
#2914 = LINE ( 'NONE', #2450, #75 ) ;
#2915 = CARTESIAN_POINT ( 'NONE',  ( -0.001799999999999909962, -0.0005000000000000319944, -0.001500000000000099995 ) ) ;
#2916 = EDGE_CURVE ( 'NONE', #263, #5941, #2755, .T. ) ;
#2917 = CARTESIAN_POINT ( 'NONE',  ( 0.004250000000000780064, -0.002170777082181930134, 0.0003252935783768496052 ) ) ;
#2918 = CARTESIAN_POINT ( 'NONE',  ( -0.003042800000001239912, -0.003650000000000640146, 0.001211539816339700024 ) ) ;
#2919 = AXIS2_PLACEMENT_3D ( 'NONE', #6133, #5661, #5189 ) ;
#2920 = DIRECTION ( 'NONE',  ( 0.000000000000000000, 0.000000000000000000, -1.000000000000000000 ) ) ;
#2921 = VERTEX_POINT ( 'NONE', #5255 ) ;
#2922 = VECTOR ( 'NONE', #2187, 1.000000000000000000 ) ;
#2923 = FACE_OUTER_BOUND ( 'NONE', #1776, .T. ) ;
#2924 = CARTESIAN_POINT ( 'NONE',  ( -0.003842800000000579780, -0.003650000000000640146, -0.001700000000000059970 ) ) ;
#2925 = DIRECTION ( 'NONE',  ( 0.000000000000000000, 0.000000000000000000, 1.000000000000000000 ) ) ;
#2926 = ORIENTED_EDGE ( 'NONE', *, *, #4175, .F. ) ;
#2927 = CARTESIAN_POINT ( 'NONE',  ( 0.004300000000000580268, -0.002288153523872672040, 0.0001303904331903998686 ) ) ;
#2928 =( GEOMETRIC_REPRESENTATION_CONTEXT ( 3 ) GLOBAL_UNCERTAINTY_ASSIGNED_CONTEXT ( ( #931 ) ) GLOBAL_UNIT_ASSIGNED_CONTEXT ( ( #4328, #5346, #5805 ) ) REPRESENTATION_CONTEXT ( 'NONE', 'WORKASPACE' ) );
#2929 = CARTESIAN_POINT ( 'NONE',  ( 0.0002499999999999910063, -0.003600000000000839941, -0.0001500000000000099886 ) ) ;
#2930 = ORIENTED_EDGE ( 'NONE', *, *, #708, .F. ) ;
#2931 = LINE ( 'NONE', #4431, #3086 ) ;
#2932 = ORIENTED_EDGE ( 'NONE', *, *, #836, .F. ) ;
#2933 = FACE_OUTER_BOUND ( 'NONE', #5477, .T. ) ;
#2934 = ORIENTED_EDGE ( 'NONE', *, *, #212, .T. ) ;
#2935 = DIRECTION ( 'NONE',  ( 0.000000000000000000, 0.000000000000000000, 1.000000000000000000 ) ) ;
#2936 = ORIENTED_EDGE ( 'NONE', *, *, #6144, .F. ) ;
#2937 = LINE ( 'NONE', #4402, #1338 ) ;
#2938 = ORIENTED_EDGE ( 'NONE', *, *, #2386, .T. ) ;
#2939 = CARTESIAN_POINT ( 'NONE',  ( 0.001999999999999869937, 0.000000000000000000, 0.001099999999999920052 ) ) ;
#2940 = ORIENTED_EDGE ( 'NONE', *, *, #4429, .F. ) ;
#2941 =( NAMED_UNIT ( * ) PLANE_ANGLE_UNIT ( ) SI_UNIT ( $, .RADIAN. ) );
#2942 = ADVANCED_FACE ( 'NONE', ( #1687 ), #3714, .T. ) ;
#2943 = ORIENTED_EDGE ( 'NONE', *, *, #1525, .T. ) ;
#2944 = PLANE ( 'NONE',  #2969 ) ;
#2945 = COLOUR_RGB ( '',0.000000000000000000, 0.000000000000000000, 0.000000000000000000 ) ;
#2946 = CARTESIAN_POINT ( 'NONE',  ( -0.003842800000000579780, 0.000000000000000000, 0.002150000000000039900 ) ) ;
#2947 = CARTESIAN_POINT ( 'NONE',  ( 0.004250000000000780064, -0.002085153523872464252, 3.612336017497359933E-05 ) ) ;
#2948 = CARTESIAN_POINT ( 'NONE',  ( 0.004300000000000580268, -0.002854962039752079617, 0.0001270209685082529939 ) ) ;
#2949 = VECTOR ( 'NONE', #519, 1.000000000000000000 ) ;
#2950 = ADVANCED_FACE ( 'NONE', ( #5757 ), #2319, .T. ) ;
#2951 = CARTESIAN_POINT ( 'NONE',  ( 0.004250000000000780064, -0.002873877937188661687, -0.0001593887805940401162 ) ) ;
#2952 = CARTESIAN_POINT ( 'NONE',  ( 0.003899999999999639866, -0.004300000000000580268, 0.0008400108938549639796 ) ) ;
#2953 = AXIS2_PLACEMENT_3D ( 'NONE', #3434, #1970, #3997 ) ;
#2954 = VECTOR ( 'NONE', #3299, 1.000000000000000000 ) ;
#2955 = LINE ( 'NONE', #2025, #275 ) ;
#2956 = LINE ( 'NONE', #6035, #255 ) ;
#2957 = DIRECTION ( 'NONE',  ( -1.000000000000000000, 0.000000000000000000, 0.000000000000000000 ) ) ;
#2958 = VECTOR ( 'NONE', #6395, 1.000000000000000000 ) ;
#2959 = ORIENTED_EDGE ( 'NONE', *, *, #4488, .F. ) ;
#2960 = DIRECTION ( 'NONE',  ( 0.000000000000000000, 0.000000000000000000, 1.000000000000000000 ) ) ;
#2961 = EDGE_CURVE ( 'NONE', #5540, #2078, #1290, .T. ) ;
#2962 = CARTESIAN_POINT ( 'NONE',  ( 0.004250000000000780064, -0.002139355179479459843, -0.0008370945041218419598 ) ) ;
#2963 = EDGE_LOOP ( 'NONE', ( #4566, #1077, #2149, #807 ) ) ;
#2964 = CARTESIAN_POINT ( 'NONE',  ( 0.001999999999999869937, 0.000000000000000000, 0.001099999999999920052 ) ) ;
#2965 = ORIENTED_EDGE ( 'NONE', *, *, #3019, .F. ) ;
#2966 = CARTESIAN_POINT ( 'NONE',  ( 0.003842800000000579780, -5.720000000000000122E-05, -0.002150000000000039900 ) ) ;
#2967 = ORIENTED_EDGE ( 'NONE', *, *, #3964, .T. ) ;
#2968 = DIRECTION ( 'NONE',  ( 1.000000000000000000, 0.000000000000000000, 0.000000000000000000 ) ) ;
#2969 = AXIS2_PLACEMENT_3D ( 'NONE', #1886, #1456, #3946 ) ;
#2970 = VERTEX_POINT ( 'NONE', #818 ) ;
#2971 = CARTESIAN_POINT ( 'NONE',  ( 0.004250000000000780064, -0.002537031668608759859, 0.0008685324681317419058 ) ) ;
#2972 = ORIENTED_EDGE ( 'NONE', *, *, #2419, .F. ) ;
#2973 = CARTESIAN_POINT ( 'NONE',  ( 0.004300000000000580268, -0.002537031668608759859, 0.0008685324681317419058 ) ) ;
#2974 = VERTEX_POINT ( 'NONE', #1190 ) ;
#2975 = DIRECTION ( 'NONE',  ( 0.000000000000000000, 0.9525615905351911827, -0.3043458825695970482 ) ) ;
#2976 = STYLED_ITEM ( 'NONE', ( #4303 ), #2296 ) ;
#2977 = VERTEX_POINT ( 'NONE', #5390 ) ;
#2978 = CARTESIAN_POINT ( 'NONE',  ( 0.004300000000000581135, -0.002349717375593700103, -0.0002046117978268939834 ) ) ;
#2979 = ADVANCED_FACE ( 'NONE', ( #1256 ), #2850, .T. ) ;
#2980 = CIRCLE ( 'NONE', #3838, 0.0003999999999999238540 ) ;
#2981 = CARTESIAN_POINT ( 'NONE',  ( 0.004250000000000780064, -0.002293153523872500099, -1.672542806569879884E-06 ) ) ;
#2982 = CARTESIAN_POINT ( 'NONE',  ( 0.004300000000000580268, -0.002231153523872500110, 5.179246496675520380E-05 ) ) ;
#2983 = DIRECTION ( 'NONE',  ( 0.000000000000000000, -1.000000000000000000, 0.000000000000000000 ) ) ;
#2984 = DIRECTION ( 'NONE',  ( 1.000000000000000000, 0.000000000000000000, 0.000000000000000000 ) ) ;
#2985 = AXIS2_PLACEMENT_3D ( 'NONE', #675, #3280, #1723 ) ;
#2986 = PLANE ( 'NONE',  #4685 ) ;
#2987 = EDGE_CURVE ( 'NONE', #4542, #2900, #1222, .T. ) ;
#2988 = ORIENTED_EDGE ( 'NONE', *, *, #5926, .F. ) ;
#2989 = VECTOR ( 'NONE', #1139, 1.000000000000000000 ) ;
#2990 = LINE ( 'NONE', #4020, #6162 ) ;
#2991 = EDGE_CURVE ( 'NONE', #1969, #4304, #209, .T. ) ;
#2992 = VECTOR ( 'NONE', #5430, 1.000000000000000000 ) ;
#2993 = CARTESIAN_POINT ( 'NONE',  ( 0.004250000000000780064, -0.003073877937189919887, 0.0003125605683553879565 ) ) ;
#2994 = ORIENTED_EDGE ( 'NONE', *, *, #3033, .F. ) ;
#2995 = LINE ( 'NONE', #523, #4963 ) ;
#2996 = ORIENTED_EDGE ( 'NONE', *, *, #53, .T. ) ;
#2997 = DIRECTION ( 'NONE',  ( 0.000000000000000000, 0.000000000000000000, 1.000000000000000000 ) ) ;
#2998 = ORIENTED_EDGE ( 'NONE', *, *, #6263, .T. ) ;
#2999 = DIRECTION ( 'NONE',  ( 0.000000000000000000, -0.2164660993143910084, 0.9762901350764598973 ) ) ;
#3000 = EDGE_CURVE ( 'NONE', #436, #764, #4751, .T. ) ;
#3001 = DIRECTION ( 'NONE',  ( -1.000000000000000000, 0.000000000000000000, 0.000000000000000000 ) ) ;
#3002 = ORIENTED_EDGE ( 'NONE', *, *, #5195, .F. ) ;
#3003 = DIRECTION ( 'NONE',  ( 0.000000000000000000, -1.000000000000000000, 0.000000000000000000 ) ) ;
#3004 = CARTESIAN_POINT ( 'NONE',  ( 0.004300000000000580268, -0.004300000000000580268, 0.0008400108938549639796 ) ) ;
#3005 = CARTESIAN_POINT ( 'NONE',  ( 0.0005000000000000319944, 0.004400000000000180676, 0.001000000000000060086 ) ) ;
#3006 = ORIENTED_EDGE ( 'NONE', *, *, #2621, .T. ) ;
#3007 = CARTESIAN_POINT ( 'NONE',  ( -0.001999999999999869937, 0.000000000000000000, -0.001099999999999920052 ) ) ;
#3008 = DIRECTION ( 'NONE',  ( 0.000000000000000000, -1.000000000000000000, 0.000000000000000000 ) ) ;
#3009 = ORIENTED_EDGE ( 'NONE', *, *, #2235, .T. ) ;
#3010 = CARTESIAN_POINT ( 'NONE',  ( 0.004300000000000581135, -0.002507947311475329857, -7.240799362484579970E-05 ) ) ;
#3011 = CARTESIAN_POINT ( 'NONE',  ( 0.003839999999999879968, -0.003600000000000839941, -0.001649999999999999991 ) ) ;
#3012 = CARTESIAN_POINT ( 'NONE',  ( 0.003899999999999639866, -0.006795199999999540670, 0.000000000000000000 ) ) ;
#3013 = CARTESIAN_POINT ( 'NONE',  ( -0.003842800000000579780, 0.0003999999999999240166, -0.001750000000000109975 ) ) ;
#3014 = ORIENTED_EDGE ( 'NONE', *, *, #212, .F. ) ;
#3015 = CARTESIAN_POINT ( 'NONE',  ( 0.001999999999999869937, 0.000000000000000000, -0.001000000000000060086 ) ) ;
#3016 = DIRECTION ( 'NONE',  ( -1.000000000000000000, 0.000000000000000000, 0.000000000000000000 ) ) ;
#3017 = PLANE ( 'NONE',  #3887 ) ;
#3018 = CARTESIAN_POINT ( 'NONE',  ( 0.004300000000000580268, -0.003073877937189919887, 0.0003125605683553879565 ) ) ;
#3019 = EDGE_CURVE ( 'NONE', #3116, #1540, #6298, .T. ) ;
#3020 = EDGE_LOOP ( 'NONE', ( #1505, #2889, #6418, #546, #3203, #5685, #4737, #3346, #5138, #289, #4068, #595 ) ) ;
#3021 = PLANE ( 'NONE',  #3788 ) ;
#3022 = EDGE_CURVE ( 'NONE', #1969, #4756, #3816, .T. ) ;
#3023 = CIRCLE ( 'NONE', #4740, 5.720000000000000122E-05 ) ;
#3024 = CARTESIAN_POINT ( 'NONE',  ( 0.004250000000000780064, -0.003029877937189080078, -0.0002398453226186319826 ) ) ;
#3025 = ORIENTED_EDGE ( 'NONE', *, *, #1364, .T. ) ;
#3026 = CARTESIAN_POINT ( 'NONE',  ( 0.003842800000000579780, 0.0003999999999999240166, 0.001425999999999880054 ) ) ;
#3027 = CARTESIAN_POINT ( 'NONE',  ( 0.004300000000000580268, -0.001563078422692379876, -0.0009494709423883280737 ) ) ;
#3028 = ORIENTED_EDGE ( 'NONE', *, *, #1650, .T. ) ;
#3029 = CARTESIAN_POINT ( 'NONE',  ( 0.004300000000000580268, -0.002420132982887680285, 0.0008447947779054139697 ) ) ;
#3030 = VECTOR ( 'NONE', #1404, 1.000000000000000000 ) ;
#3031 = LINE ( 'NONE', #5549, #3592 ) ;
#3032 = CARTESIAN_POINT ( 'NONE',  ( 0.0002499999999999910063, -0.003600000000000839941, 0.0001500000000000099886 ) ) ;
#3033 = EDGE_CURVE ( 'NONE', #2841, #1580, #1817, .T. ) ;
#3034 = VERTEX_POINT ( 'NONE', #711 ) ;
#3035 = ORIENTED_EDGE ( 'NONE', *, *, #3941, .F. ) ;
#3036 = CARTESIAN_POINT ( 'NONE',  ( -0.003042800000001239912, -0.003600000000000839941, -0.002150000000000039900 ) ) ;
#3037 = ORIENTED_EDGE ( 'NONE', *, *, #3890, .F. ) ;
#3038 = AXIS2_PLACEMENT_3D ( 'NONE', #1829, #825, #5302 ) ;
#3039 = DIRECTION ( 'NONE',  ( 0.000000000000000000, 0.000000000000000000, 1.000000000000000000 ) ) ;
#3040 = CARTESIAN_POINT ( 'NONE',  ( 0.003842800000000579780, 0.0003999999999999240166, -0.001425999999999880054 ) ) ;
#3041 = EDGE_CURVE ( 'NONE', #849, #3772, #5359, .T. ) ;
#3042 = VERTEX_POINT ( 'NONE', #5824 ) ;
#3043 = CARTESIAN_POINT ( 'NONE',  ( 0.001999999999999869937, -0.006850000000000540552, -0.0001500000000000099886 ) ) ;
#3044 = EDGE_CURVE ( 'NONE', #4027, #2029, #3093, .T. ) ;
#3045 = PLANE ( 'NONE',  #2028 ) ;
#3046 = CARTESIAN_POINT ( 'NONE',  ( 0.004300000000000578533, -0.001981049641213662813, 0.0003428127497067152301 ) ) ;
#3047 = PLANE ( 'NONE',  #2919 ) ;
#3048 = AXIS2_PLACEMENT_3D ( 'NONE', #5214, #4711, #3207 ) ;
#3049 = CARTESIAN_POINT ( 'NONE',  ( 0.003842800000000579780, -0.004049999999999039611, 0.001211539816339700024 ) ) ;
#3050 = ORIENTED_EDGE ( 'NONE', *, *, #6026, .T. ) ;
#3051 = FACE_OUTER_BOUND ( 'NONE', #2074, .T. ) ;
#3052 = VECTOR ( 'NONE', #6416, 1.000000000000000000 ) ;
#3053 = CARTESIAN_POINT ( 'NONE',  ( 0.004300000000000580268, -0.003073877937189919887, 0.001081258233222920015 ) ) ;
#3054 = DIRECTION ( 'NONE',  ( -1.000000000000000000, 0.000000000000000000, 0.000000000000000000 ) ) ;
#3055 = VERTEX_POINT ( 'NONE', #236 ) ;
#3056 = AXIS2_PLACEMENT_3D ( 'NONE', #3273, #5323, #4238 ) ;
#3057 = CARTESIAN_POINT ( 'NONE',  ( -0.002890000000001140355, -0.003600000000000839941, -0.001649999999999999991 ) ) ;
#3058 = UNCERTAINTY_MEASURE_WITH_UNIT (LENGTH_MEASURE( 1.000000000000000082E-05 ), #2448, 'distance_accuracy_value', 'NONE');
#3059 = ADVANCED_FACE ( 'NONE', ( #2287 ), #1321, .T. ) ;
#3060 = ORIENTED_EDGE ( 'NONE', *, *, #6546, .T. ) ;
#3061 = CARTESIAN_POINT ( 'NONE',  ( 0.004300000000000580268, -0.002573877937189380377, -0.0008369805913275699984 ) ) ;
#3062 = DIRECTION ( 'NONE',  ( -1.000000000000000000, 0.000000000000000000, 0.000000000000000000 ) ) ;
#3063 = VECTOR ( 'NONE', #1866, 1.000000000000000000 ) ;
#3064 = ORIENTED_EDGE ( 'NONE', *, *, #762, .F. ) ;
#3065 = FACE_OUTER_BOUND ( 'NONE', #974, .T. ) ;
#3066 = VECTOR ( 'NONE', #4081, 1.000000000000000000 ) ;
#3067 = LINE ( 'NONE', #4000, #3811 ) ;
#3068 = VECTOR ( 'NONE', #2816, 1.000000000000000000 ) ;
#3069 = DIRECTION ( 'NONE',  ( 0.000000000000000000, 0.000000000000000000, -1.000000000000000000 ) ) ;
#3070 = EDGE_LOOP ( 'NONE', ( #1569, #2183, #1604, #5171, #3753, #3205, #1630, #3037, #5842, #1749, #5651 ) ) ;
#3071 = EDGE_CURVE ( 'NONE', #1068, #4804, #6396, .T. ) ;
#3072 = CARTESIAN_POINT ( 'NONE',  ( 0.004250000000000780064, -0.001563078422692379876, -0.001697956373993080026 ) ) ;
#3073 = EDGE_LOOP ( 'NONE', ( #3959, #3979, #5814, #4767 ) ) ;
#3074 = VECTOR ( 'NONE', #1754, 1.000000000000000000 ) ;
#3075 = DIRECTION ( 'NONE',  ( -0.000000000000000000, 1.000000000000000000, 0.000000000000000000 ) ) ;
#3076 = DIRECTION ( 'NONE',  ( 0.000000000000000000, 0.000000000000000000, 1.000000000000000000 ) ) ;
#3077 = EDGE_CURVE ( 'NONE', #2248, #3876, #2481, .T. ) ;
#3078 = VERTEX_POINT ( 'NONE', #2911 ) ;
#3079 = DIRECTION ( 'NONE',  ( -1.000000000000000000, 1.409983241274000082E-14, 1.057487430955000121E-14 ) ) ;
#3080 = DIRECTION ( 'NONE',  ( 0.000000000000000000, 0.000000000000000000, -1.000000000000000000 ) ) ;
#3081 = EDGE_CURVE ( 'NONE', #3305, #1132, #2568, .T. ) ;
#3082 = CARTESIAN_POINT ( 'NONE',  ( 0.003899999999999639866, -0.004300000000000580268, -0.002150000000000039900 ) ) ;
#3083 = DIRECTION ( 'NONE',  ( 0.000000000000000000, -1.734723475976697285E-14, 1.000000000000000000 ) ) ;
#3084 = ORIENTED_EDGE ( 'NONE', *, *, #2270, .T. ) ;
#3085 = LINE ( 'NONE', #5131, #6173 ) ;
#3086 = VECTOR ( 'NONE', #5978, 1.000000000000000000 ) ;
#3087 = CARTESIAN_POINT ( 'NONE',  ( 0.003042800000001239912, -0.003600000000000839941, 0.001700000000000059970 ) ) ;
#3088 = PLANE ( 'NONE',  #1758 ) ;
#3089 = CARTESIAN_POINT ( 'NONE',  ( 0.004300000000000580268, -0.002541846203940299927, -2.269433136928049866E-05 ) ) ;
#3090 = ORIENTED_EDGE ( 'NONE', *, *, #6181, .T. ) ;
#3091 = ORIENTED_EDGE ( 'NONE', *, *, #4337, .F. ) ;
#3092 = CARTESIAN_POINT ( 'NONE',  ( -0.001320000000000050083, -0.002200000000000090338, 0.000000000000000000 ) ) ;
#3093 = CIRCLE ( 'NONE', #5351, 0.0003999999999999238540 ) ;
#3094 = VERTEX_POINT ( 'NONE', #1851 ) ;
#3095 = DIRECTION ( 'NONE',  ( -1.000000000000000000, 0.000000000000000000, 0.000000000000000000 ) ) ;
#3096 = CARTESIAN_POINT ( 'NONE',  ( -0.004099999999998840683, -0.002178600000000069977, -0.002150000000000039900 ) ) ;
#3097 = VERTEX_POINT ( 'NONE', #6459 ) ;
#3098 = DIRECTION ( 'NONE',  ( 0.000000000000000000, 1.000000000000000000, 0.000000000000000000 ) ) ;
#3099 = CARTESIAN_POINT ( 'NONE',  ( 0.004300000000000580268, -0.001968153523872019812, 0.0007530148890159780051 ) ) ;
#3100 = CARTESIAN_POINT ( 'NONE',  ( 0.003899999999999639866, -0.0003999999999999240166, 0.002150000000000039900 ) ) ;
#3101 = ORIENTED_EDGE ( 'NONE', *, *, #999, .F. ) ;
#3102 = DIRECTION ( 'NONE',  ( 0.000000000000000000, 1.000000000000000000, 0.000000000000000000 ) ) ;
#3103 = CARTESIAN_POINT ( 'NONE',  ( -0.0002499999999999910063, -0.003600000000000839941, -0.0001500000000000099886 ) ) ;
#3104 = CARTESIAN_POINT ( 'NONE',  ( 0.004300000000000580268, -0.002537031668608759859, 0.0008685324681317419058 ) ) ;
#3105 = EDGE_CURVE ( 'NONE', #6344, #1061, #303, .T. ) ;
#3106 = ORIENTED_EDGE ( 'NONE', *, *, #5496, .F. ) ;
#3107 = EDGE_CURVE ( 'NONE', #1719, #5622, #5022, .T. ) ;
#3108 = DIRECTION ( 'NONE',  ( 0.000000000000000000, 1.000000000000000000, 0.000000000000000000 ) ) ;
#3109 = EDGE_CURVE ( 'NONE', #5505, #3473, #6017, .T. ) ;
#3110 = ORIENTED_EDGE ( 'NONE', *, *, #1652, .F. ) ;
#3111 = CARTESIAN_POINT ( 'NONE',  ( 0.004250000000000780931, -0.001833281390413676621, 0.0003160167642656858036 ) ) ;
#3112 = DIRECTION ( 'NONE',  ( 1.000000000000000000, 0.000000000000000000, 0.000000000000000000 ) ) ;
#3113 = CARTESIAN_POINT ( 'NONE',  ( 0.004250000000000780931, -0.003073877937189506589, 0.0003125605683554107247 ) ) ;
#3114 = ORIENTED_EDGE ( 'NONE', *, *, #2087, .F. ) ;
#3115 = EDGE_CURVE ( 'NONE', #6574, #3910, #1452, .T. ) ;
#3116 = VERTEX_POINT ( 'NONE', #6428 ) ;
#3117 = LINE ( 'NONE', #1025, #2949 ) ;
#3118 = DIRECTION ( 'NONE',  ( -0.000000000000000000, 1.000000000000000000, 0.000000000000000000 ) ) ;
#3119 = CARTESIAN_POINT ( 'NONE',  ( 0.004300000000000580268, -0.002085205966182720333, -6.188294217194279915E-06 ) ) ;
#3120 = VERTEX_POINT ( 'NONE', #1916 ) ;
#3121 = CARTESIAN_POINT ( 'NONE',  ( 0.004300000000000580268, -0.003071424110720900012, 0.0008057116714555779581 ) ) ;
#3122 = EDGE_CURVE ( 'NONE', #6438, #2442, #1419, .T. ) ;
#3123 = ORIENTED_EDGE ( 'NONE', *, *, #4580, .F. ) ;
#3124 = CARTESIAN_POINT ( 'NONE',  ( 0.004300000000000580268, -0.002697148188278560184, -6.824093142591599324E-05 ) ) ;
#3125 = ORIENTED_EDGE ( 'NONE', *, *, #4386, .F. ) ;
#3126 = DIRECTION ( 'NONE',  ( -1.516366674804901399E-14, 1.000000000000000000, 0.000000000000000000 ) ) ;
#3127 = ORIENTED_EDGE ( 'NONE', *, *, #6397, .T. ) ;
#3128 =( NAMED_UNIT ( * ) SI_UNIT ( $, .STERADIAN. ) SOLID_ANGLE_UNIT ( ) );
#3129 = LINE ( 'NONE', #4032, #59 ) ;
#3130 = AXIS2_PLACEMENT_3D ( 'NONE', #1561, #3112, #2557 ) ;
#3131 = B_SPLINE_SURFACE_WITH_KNOTS ( 'NONE', 3, 1, ( 
 ( #2547, #3636 ),
 ( #5585, #3134 ),
 ( #6124, #6052 ),
 ( #1579, #6622 ) ),
 .UNSPECIFIED., .F., .F., .F.,
 ( 4, 4 ),
 ( 2, 2 ),
 ( 0.04125512956733689424, 0.9364047057994749901 ),
 ( 0.000000000000000000, 1.000000000000000000 ),
 .UNSPECIFIED. ) ;
#3132 = CARTESIAN_POINT ( 'NONE',  ( -0.0002499999999999910063, -0.003600000000000839941, 0.0001500000000000099886 ) ) ;
#3133 = EDGE_LOOP ( 'NONE', ( #3336, #2489, #2897, #2845 ) ) ;
#3134 = CARTESIAN_POINT ( 'NONE',  ( 0.004300000000000579400, -0.002873465797043043505, 0.0001756815974632276419 ) ) ;
#3135 = FACE_OUTER_BOUND ( 'NONE', #3611, .T. ) ;
#3136 = VECTOR ( 'NONE', #3888, 1.000000000000000000 ) ;
#3137 = LINE ( 'NONE', #5182, #3491 ) ;
#3138 = ORIENTED_EDGE ( 'NONE', *, *, #6354, .T. ) ;
#3139 = ORIENTED_EDGE ( 'NONE', *, *, #6552, .T. ) ;
#3140 = DIRECTION ( 'NONE',  ( 1.000000000000000000, 0.000000000000000000, 0.000000000000000000 ) ) ;
#3141 = AXIS2_PLACEMENT_3D ( 'NONE', #5668, #4626, #6241 ) ;
#3142 = CARTESIAN_POINT ( 'NONE',  ( 0.001500000000000099995, 0.004400000000000180676, 0.001000000000000060086 ) ) ;
#3143 = ADVANCED_FACE ( 'NONE', ( #6526 ), #2382, .T. ) ;
#3144 = LINE ( 'NONE', #5188, #803 ) ;
#3145 = DIRECTION ( 'NONE',  ( 0.000000000000000000, 0.000000000000000000, 1.000000000000000000 ) ) ;
#3146 = LINE ( 'NONE', #1157, #1590 ) ;
#3147 = ORIENTED_EDGE ( 'NONE', *, *, #6264, .T. ) ;
#3148 = ORIENTED_EDGE ( 'NONE', *, *, #4221, .T. ) ;
#3149 = ADVANCED_FACE ( 'NONE', ( #5989, #1884, #404, #1487 ), #3413, .T. ) ;
#3150 = CARTESIAN_POINT ( 'NONE',  ( 0.004250000000000780064, -0.003075090730735880167, 0.001217445977458779874 ) ) ;
#3151 = CARTESIAN_POINT ( 'NONE',  ( 0.004300000000000580268, -0.001833281390413630000, 0.0003160167642656899777 ) ) ;
#3152 = DIRECTION ( 'NONE',  ( 1.000000000000000000, 0.000000000000000000, 0.000000000000000000 ) ) ;
#3153 = EDGE_CURVE ( 'NONE', #190, #3966, #335, .T. ) ;
#3154 = CARTESIAN_POINT ( 'NONE',  ( 0.004300000000000580268, -0.006887964625008399962, -0.0002903407727950679980 ) ) ;
#3155 = VERTEX_POINT ( 'NONE', #5454 ) ;
#3156 = CARTESIAN_POINT ( 'NONE',  ( -0.004300000000000580268, -0.004300000000000580268, -0.0004590108938549639886 ) ) ;
#3157 = CARTESIAN_POINT ( 'NONE',  ( 0.004300000000000580268, -0.001968153523872019812, 0.0007530148890159780051 ) ) ;
#3158 = EDGE_CURVE ( 'NONE', #6408, #1808, #4005, .T. ) ;
#3159 = VERTEX_POINT ( 'NONE', #4948 ) ;
#3160 = VECTOR ( 'NONE', #2822, 1.000000000000000000 ) ;
#3161 = CARTESIAN_POINT ( 'NONE',  ( 0.004250000000000780064, -0.002585134369195139954, -0.0001197726584530100027 ) ) ;
#3162 = LINE ( 'NONE', #1642, #65 ) ;
#3163 = CARTESIAN_POINT ( 'NONE',  ( 0.004300000000000580268, -0.0003999999999999240166, -0.001425999999999880054 ) ) ;
#3164 = VERTEX_POINT ( 'NONE', #880 ) ;
#3165 = CARTESIAN_POINT ( 'NONE',  ( -0.001999999999999869937, -0.006850000000000540552, -0.007755479999999580557 ) ) ;
#3166 = VECTOR ( 'NONE', #2747, 1.000000000000000000 ) ;
#3167 = CARTESIAN_POINT ( 'NONE',  ( 0.004250000000000780064, -0.002684943035460059767, 0.0004950325516964420702 ) ) ;
#3168 = CARTESIAN_POINT ( 'NONE',  ( 0.003842800000000579780, -5.720000000000000122E-05, -0.001425999999999880054 ) ) ;
#3169 = AXIS2_PLACEMENT_3D ( 'NONE', #4839, #1933, #800 ) ;
#3170 = ORIENTED_EDGE ( 'NONE', *, *, #3680, .T. ) ;
#3171 = AXIS2_PLACEMENT_3D ( 'NONE', #6129, #5219, #96 ) ;
#3172 = ORIENTED_EDGE ( 'NONE', *, *, #4410, .F. ) ;
#3173 = CARTESIAN_POINT ( 'NONE',  ( -0.002249999999999889675, -0.006850000000000540552, -0.0001500000000000099886 ) ) ;
#3174 = FACE_OUTER_BOUND ( 'NONE', #2301, .T. ) ;
#3175 = EDGE_LOOP ( 'NONE', ( #1353, #1475, #1327, #6413 ) ) ;
#3176 = CARTESIAN_POINT ( 'NONE',  ( 0.004250000000000780064, -0.002587062459263260016, 0.0004658709728111819887 ) ) ;
#3177 = CARTESIAN_POINT ( 'NONE',  ( 0.004250000000000779196, -0.003074038388007121082, 0.0002351886698733990453 ) ) ;
#3178 = DIRECTION ( 'NONE',  ( 0.000000000000000000, 0.000000000000000000, -1.000000000000000000 ) ) ;
#3179 = ADVANCED_FACE ( 'NONE', ( #3378 ), #1946, .T. ) ;
#3180 = EDGE_CURVE ( 'NONE', #4084, #4023, #5619, .T. ) ;
#3181 = EDGE_LOOP ( 'NONE', ( #602, #2749, #158, #1246 ) ) ;
#3182 = ORIENTED_EDGE ( 'NONE', *, *, #3956, .T. ) ;
#3183 = CARTESIAN_POINT ( 'NONE',  ( -0.003042800000001239912, -0.003600000000000839941, -0.001750000000000109975 ) ) ;
#3184 = CARTESIAN_POINT ( 'NONE',  ( 0.004250000000000780064, -0.002288153700346718354, 0.0001303908272397029844 ) ) ;
#3185 = CARTESIAN_POINT ( 'NONE',  ( 0.002249999999999889675, -0.003600000000000839941, 0.0001500000000000099886 ) ) ;
#3186 = CARTESIAN_POINT ( 'NONE',  ( 0.003899999999999639866, -0.005725969598507800636, -0.0005963953452224180331 ) ) ;
#3187 = CIRCLE ( 'NONE', #307, 0.0007619999999999998736 ) ;
#3188 = ADVANCED_FACE ( 'NONE', ( #6591 ), #2146, .F. ) ;
#3189 = ADVANCED_FACE ( 'NONE', ( #3135 ), #5681, .F. ) ;
#3190 = DIRECTION ( 'NONE',  ( 1.000000000000000000, 0.000000000000000000, 0.000000000000000000 ) ) ;
#3191 = EDGE_CURVE ( 'NONE', #4302, #3496, #2581, .T. ) ;
#3192 = ORIENTED_EDGE ( 'NONE', *, *, #913, .F. ) ;
#3193 = VECTOR ( 'NONE', #2885, 1.000000000000000000 ) ;
#3194 = VERTEX_POINT ( 'NONE', #4645 ) ;
#3195 = DIRECTION ( 'NONE',  ( 0.000000000000000000, -0.8907354010376800080, -0.4545222165507900036 ) ) ;
#3196 = PLANE ( 'NONE',  #4777 ) ;
#3197 = ORIENTED_EDGE ( 'NONE', *, *, #5603, .T. ) ;
#3198 = CARTESIAN_POINT ( 'NONE',  ( -0.003042800000001239912, -0.003600000000000839941, -0.001750000000000109975 ) ) ;
#3199 = CARTESIAN_POINT ( 'NONE',  ( 0.002249999999999889675, -0.003600000000000839941, -0.0001500000000000099886 ) ) ;
#3200 = CARTESIAN_POINT ( 'NONE',  ( 0.004250000000000780064, -0.002309134969762730201, 0.0001318757469181590163 ) ) ;
#3201 = STYLED_ITEM ( 'NONE', ( #5421 ), #3179 ) ;
#3202 = EDGE_CURVE ( 'NONE', #5515, #3655, #4073, .T. ) ;
#3203 = ORIENTED_EDGE ( 'NONE', *, *, #1342, .F. ) ;
#3204 = DIRECTION ( 'NONE',  ( -1.000000000000000000, 0.000000000000000000, 0.000000000000000000 ) ) ;
#3205 = ORIENTED_EDGE ( 'NONE', *, *, #4943, .F. ) ;
#3206 = ORIENTED_EDGE ( 'NONE', *, *, #3022, .F. ) ;
#3207 = DIRECTION ( 'NONE',  ( -1.000000000000000000, 0.000000000000000000, 0.000000000000000000 ) ) ;
#3208 = PLANE ( 'NONE',  #4445 ) ;
#3209 = AXIS2_PLACEMENT_3D ( 'NONE', #3804, #4166, #1141 ) ;
#3210 = ORIENTED_EDGE ( 'NONE', *, *, #3191, .T. ) ;
#3211 = ORIENTED_EDGE ( 'NONE', *, *, #3691, .T. ) ;
#3212 = CARTESIAN_POINT ( 'NONE',  ( 0.004250000000000780064, -0.002085205966182720333, -6.188294217194279915E-06 ) ) ;
#3213 = ORIENTED_EDGE ( 'NONE', *, *, #2908, .T. ) ;
#3214 = DIRECTION ( 'NONE',  ( 0.000000000000000000, 0.000000000000000000, 1.000000000000000000 ) ) ;
#3215 = LINE ( 'NONE', #4650, #6135 ) ;
#3216 = DIRECTION ( 'NONE',  ( 1.000000000000000000, 0.000000000000000000, 0.000000000000000000 ) ) ;
#3217 = PLANE ( 'NONE',  #1271 ) ;
#3218 = ORIENTED_EDGE ( 'NONE', *, *, #1497, .F. ) ;
#3219 = ORIENTED_EDGE ( 'NONE', *, *, #3269, .F. ) ;
#3220 = DIRECTION ( 'NONE',  ( 0.000000000000000000, 0.000000000000000000, -1.000000000000000000 ) ) ;
#3221 = CARTESIAN_POINT ( 'NONE',  ( 0.004250000000000780064, -0.001525024848776049919, 0.0005342746836440760835 ) ) ;
#3222 = CARTESIAN_POINT ( 'NONE',  ( 0.004300000000000580268, -0.002488145644810009841, 0.001499816300958300118 ) ) ;
#3223 = CARTESIAN_POINT ( 'NONE',  ( -0.002249999999999889675, -0.006850000000000540552, -0.0001500000000000099886 ) ) ;
#3224 = PLANE ( 'NONE',  #855 ) ;
#3225 = ORIENTED_EDGE ( 'NONE', *, *, #3109, .F. ) ;
#3226 = CARTESIAN_POINT ( 'NONE',  ( 0.003042800000001239912, -0.004049999999999039611, -0.001700000000000059970 ) ) ;
#3227 = ORIENTED_EDGE ( 'NONE', *, *, #5773, .T. ) ;
#3228 = ADVANCED_FACE ( 'NONE', ( #5588 ), #6442, .T. ) ;
#3229 = FACE_OUTER_BOUND ( 'NONE', #5203, .T. ) ;
#3230 = ORIENTED_EDGE ( 'NONE', *, *, #4990, .F. ) ;
#3231 = VECTOR ( 'NONE', #5502, 1.000000000000000000 ) ;
#3232 = DIRECTION ( 'NONE',  ( 0.000000000000000000, 0.000000000000000000, 1.000000000000000000 ) ) ;
#3233 = EDGE_CURVE ( 'NONE', #2900, #3536, #3609, .T. ) ;
#3234 = CARTESIAN_POINT ( 'NONE',  ( 0.003842800000000579780, -0.004049999999999039611, -0.001211539816339700024 ) ) ;
#3235 = DIRECTION ( 'NONE',  ( 0.000000000000000000, -1.000000000000000000, 0.000000000000000000 ) ) ;
#3236 = FILL_AREA_STYLE_COLOUR ( '', #524 ) ;
#3237 = ORIENTED_EDGE ( 'NONE', *, *, #1602, .F. ) ;
#3238 = EDGE_LOOP ( 'NONE', ( #1083, #1726, #3009, #877 ) ) ;
#3239 = CARTESIAN_POINT ( 'NONE',  ( 0.004250000000000780064, -0.002556605856158300060, 0.0003623003822006819891 ) ) ;
#3240 = LINE ( 'NONE', #4815, #5199 ) ;
#3241 = ORIENTED_EDGE ( 'NONE', *, *, #2554, .F. ) ;
#3242 = CIRCLE ( 'NONE', #3130, 0.0003809999999999999910 ) ;
#3243 = ORIENTED_EDGE ( 'NONE', *, *, #4543, .F. ) ;
#3244 = EDGE_CURVE ( 'NONE', #671, #5068, #5054, .T. ) ;
#3245 = CARTESIAN_POINT ( 'NONE',  ( 0.004250000000000780064, -0.002240204847486350175, -0.0002234325229673849984 ) ) ;
#3246 =( GEOMETRIC_REPRESENTATION_CONTEXT ( 3 ) GLOBAL_UNCERTAINTY_ASSIGNED_CONTEXT ( ( #6005 ) ) GLOBAL_UNIT_ASSIGNED_CONTEXT ( ( #4151, #3494, #1501 ) ) REPRESENTATION_CONTEXT ( 'NONE', 'WORKASPACE' ) );
#3247 = CARTESIAN_POINT ( 'NONE',  ( 0.004300000000000580268, -0.003000877937190719880, 5.256337194652819475E-05 ) ) ;
#3248 = EDGE_CURVE ( 'NONE', #5881, #1719, #1079, .T. ) ;
#3249 = VERTEX_POINT ( 'NONE', #2044 ) ;
#3250 = EDGE_CURVE ( 'NONE', #4148, #1016, #2110, .T. ) ;
#3251 = LINE ( 'NONE', #5296, #3823 ) ;
#3252 = VERTEX_POINT ( 'NONE', #3577 ) ;
#3253 = CARTESIAN_POINT ( 'NONE',  ( -0.004099999999998840683, -0.005012984799252919767, -0.0005267976726110820294 ) ) ;
#3254 = VECTOR ( 'NONE', #5336, 1.000000000000000000 ) ;
#3255 = CARTESIAN_POINT ( 'NONE',  ( 0.004250000000000780064, -0.002287918656558669741, 0.001458042349693059988 ) ) ;
#3256 = LINE ( 'NONE', #2264, #5599 ) ;
#3257 = CARTESIAN_POINT ( 'NONE',  ( 0.004300000000000580268, -0.002691176409932580053, 0.0002105970870931720058 ) ) ;
#3258 = DIRECTION ( 'NONE',  ( 0.000000000000000000, 0.000000000000000000, 1.000000000000000000 ) ) ;
#3259 = ORIENTED_EDGE ( 'NONE', *, *, #5569, .T. ) ;
#3260 = LINE ( 'NONE', #220, #6370 ) ;
#3261 = ORIENTED_EDGE ( 'NONE', *, *, #3081, .T. ) ;
#3262 = DIRECTION ( 'NONE',  ( 1.000000000000000000, 0.000000000000000000, 0.000000000000000000 ) ) ;
#3263 = SURFACE_STYLE_USAGE ( .BOTH. , #2892 ) ;
#3264 = ORIENTED_EDGE ( 'NONE', *, *, #3527, .T. ) ;
#3265 = CARTESIAN_POINT ( 'NONE',  ( -0.004300000000000580268, -0.006887964625008399962, -0.0002903407727950679980 ) ) ;
#3266 = CARTESIAN_POINT ( 'NONE',  ( 0.004250000000000780064, -0.002395886844931990108, 0.0003710368053615320104 ) ) ;
#3267 = AXIS2_PLACEMENT_3D ( 'NONE', #3707, #3840, #4336 ) ;
#3268 = DIRECTION ( 'NONE',  ( -1.000000000000000000, 0.000000000000000000, 0.000000000000000000 ) ) ;
#3269 = EDGE_CURVE ( 'NONE', #5648, #5109, #5985, .T. ) ;
#3270 = CARTESIAN_POINT ( 'NONE',  ( 0.001999999999999869937, 0.004400000000000180676, -0.001000000000000060086 ) ) ;
#3271 = ORIENTED_EDGE ( 'NONE', *, *, #540, .F. ) ;
#3272 = CARTESIAN_POINT ( 'NONE',  ( 0.003842800000000579780, -0.003600000000000839941, -0.001750000000000109975 ) ) ;
#3273 = CARTESIAN_POINT ( 'NONE',  ( 0.002016701440000029984, 0.0003999999999999240166, -0.002150000000000039900 ) ) ;
#3274 = AXIS2_PLACEMENT_3D ( 'NONE', #416, #5666, #4595 ) ;
#3275 = EDGE_LOOP ( 'NONE', ( #3589, #1383, #5801, #1233, #2138 ) ) ;
#3276 = VERTEX_POINT ( 'NONE', #5149 ) ;
#3277 = FACE_OUTER_BOUND ( 'NONE', #555, .T. ) ;
#3278 = EDGE_CURVE ( 'NONE', #5622, #5381, #4138, .T. ) ;
#3279 = VECTOR ( 'NONE', #2844, 1.000000000000000000 ) ;
#3280 = DIRECTION ( 'NONE',  ( 0.000000000000000000, 0.000000000000000000, -1.000000000000000000 ) ) ;
#3281 = ADVANCED_FACE ( 'NONE', ( #3667 ), #5716, .F. ) ;
#3282 = ORIENTED_EDGE ( 'NONE', *, *, #4051, .T. ) ;
#3283 = CIRCLE ( 'NONE', #2116, 0.0004499999999999781952 ) ;
#3284 = DIRECTION ( 'NONE',  ( 0.000000000000000000, 0.7911943771733034314, -0.6115647615170026752 ) ) ;
#3285 = ORIENTED_EDGE ( 'NONE', *, *, #2987, .F. ) ;
#3286 = CARTESIAN_POINT ( 'NONE',  ( 0.001999999999999869937, 0.000000000000000000, -0.001099999999999920052 ) ) ;
#3287 = ADVANCED_FACE ( 'NONE', ( #2548 ), #3743, .F. ) ;
#3288 =( NAMED_UNIT ( * ) PLANE_ANGLE_UNIT ( ) SI_UNIT ( $, .RADIAN. ) );
#3289 = CARTESIAN_POINT ( 'NONE',  ( 0.004300000000000580268, -0.002200154951559379641, 0.001439256623450520028 ) ) ;
#3290 = CARTESIAN_POINT ( 'NONE',  ( -0.003839999999999879968, -0.003600000000000839941, -0.002150000000000039900 ) ) ;
#3291 = CARTESIAN_POINT ( 'NONE',  ( 0.004250000000000779196, -0.002287153523145022196, 0.001022497689946426412 ) ) ;
#3292 = ORIENTED_EDGE ( 'NONE', *, *, #4701, .F. ) ;
#3293 = ORIENTED_EDGE ( 'NONE', *, *, #1295, .F. ) ;
#3294 = CARTESIAN_POINT ( 'NONE',  ( -0.003842800000000579780, -0.003650000000000640146, 0.001211539816339700024 ) ) ;
#3295 = FACE_OUTER_BOUND ( 'NONE', #5415, .T. ) ;
#3296 = LINE ( 'NONE', #1868, #2729 ) ;
#3297 = ORIENTED_EDGE ( 'NONE', *, *, #851, .F. ) ;
#3298 = PLANE ( 'NONE',  #725 ) ;
#3299 = DIRECTION ( 'NONE',  ( 1.000000000000000000, 0.000000000000000000, 0.000000000000000000 ) ) ;
#3300 = CARTESIAN_POINT ( 'NONE',  ( 0.004250000000000780064, -0.002587062459263531067, 0.0004658709728111320070 ) ) ;
#3301 = VECTOR ( 'NONE', #2854, 1.000000000000000000 ) ;
#3302 = ORIENTED_EDGE ( 'NONE', *, *, #5195, .T. ) ;
#3303 = LINE ( 'NONE', #4775, #2684 ) ;
#3304 = ORIENTED_EDGE ( 'NONE', *, *, #6626, .F. ) ;
#3305 = VERTEX_POINT ( 'NONE', #2713 ) ;
#3306 = DIRECTION ( 'NONE',  ( 0.000000000000000000, 0.000000000000000000, -1.000000000000000000 ) ) ;
#3307 = DIRECTION ( 'NONE',  ( -1.000000000000000000, 0.000000000000000000, 0.000000000000000000 ) ) ;
#3308 = ORIENTED_EDGE ( 'NONE', *, *, #2024, .F. ) ;
#3309 = ORIENTED_EDGE ( 'NONE', *, *, #4019, .F. ) ;
#3310 = CARTESIAN_POINT ( 'NONE',  ( 0.003842800000000579780, -5.720000000000000122E-05, 0.001425999999999880054 ) ) ;
#3311 = VECTOR ( 'NONE', #5479, 1.000000000000000000 ) ;
#3312 = DIRECTION ( 'NONE',  ( 0.000000000000000000, 1.000000000000000000, 0.000000000000000000 ) ) ;
#3313 = VECTOR ( 'NONE', #1248, 1.000000000000000000 ) ;
#3314 = ADVANCED_FACE ( 'NONE', ( #634 ), #6255, .T. ) ;
#3315 = ADVANCED_FACE ( 'NONE', ( #5785 ), #5851, .T. ) ;
#3316 = ORIENTED_EDGE ( 'NONE', *, *, #5639, .F. ) ;
#3317 = EDGE_CURVE ( 'NONE', #1808, #2876, #5752, .T. ) ;
#3318 = CARTESIAN_POINT ( 'NONE',  ( -0.001999999999999869937, 0.000000000000000000, 0.001099999999999920052 ) ) ;
#3319 = DIRECTION ( 'NONE',  ( 0.000000000000000000, 0.9799993465698060291, -0.1990007053323009922 ) ) ;
#3320 = DIRECTION ( 'NONE',  ( 0.000000000000000000, 0.000000000000000000, 1.000000000000000000 ) ) ;
#3321 = CARTESIAN_POINT ( 'NONE',  ( 0.004250000000000780931, -0.001502020030686210044, 0.0007951504829813500113 ) ) ;
#3322 =( NAMED_UNIT ( * ) PLANE_ANGLE_UNIT ( ) SI_UNIT ( $, .RADIAN. ) );
#3323 = EDGE_CURVE ( 'NONE', #525, #1595, #1216, .T. ) ;
#3324 = CARTESIAN_POINT ( 'NONE',  ( -0.0002499999999999910063, -0.006850000000000540552, -0.0001500000000000099886 ) ) ;
#3325 = EDGE_LOOP ( 'NONE', ( #427, #3363, #6037, #1741 ) ) ;
#3326 = LINE ( 'NONE', #1339, #2639 ) ;
#3327 = ORIENTED_EDGE ( 'NONE', *, *, #4516, .T. ) ;
#3328 = CARTESIAN_POINT ( 'NONE',  ( 0.004300000000000580268, -0.006887964625008399962, 0.0002903407727950679980 ) ) ;
#3329 = LINE ( 'NONE', #2240, #5175 ) ;
#3330 = VERTEX_POINT ( 'NONE', #3272 ) ;
#3331 = CARTESIAN_POINT ( 'NONE',  ( 0.004250000000000779196, -0.002255891997346899398, 0.0001237097083552426578 ) ) ;
#3332 = EDGE_CURVE ( 'NONE', #1721, #2831, #5883, .T. ) ;
#3333 = CARTESIAN_POINT ( 'NONE',  ( 0.000000000000000000, 0.000000000000000000, 0.001000000000000060086 ) ) ;
#3334 = CARTESIAN_POINT ( 'NONE',  ( 0.003842800000000579780, 0.000000000000000000, 0.001750000000000109975 ) ) ;
#3335 = EDGE_LOOP ( 'NONE', ( #402, #5617, #500, #6210 ) ) ;
#3336 = ORIENTED_EDGE ( 'NONE', *, *, #5375, .T. ) ;
#3337 = CARTESIAN_POINT ( 'NONE',  ( -0.003899999999999639866, -0.006795199999999540670, 0.000000000000000000 ) ) ;
#3338 = VECTOR ( 'NONE', #2068, 1.000000000000000000 ) ;
#3339 = CARTESIAN_POINT ( 'NONE',  ( 0.004300000000000580268, -0.002873153523871959953, 0.0002153200030811799968 ) ) ;
#3340 = ORIENTED_EDGE ( 'NONE', *, *, #851, .T. ) ;
#3341 = CYLINDRICAL_SURFACE ( 'NONE', #138, 0.0007619999999999998736 ) ;
#3342 = ORIENTED_EDGE ( 'NONE', *, *, #1364, .F. ) ;
#3343 = B_SPLINE_SURFACE_WITH_KNOTS ( 'NONE', 3, 1, ( 
 ( #2040, #3572 ),
 ( #5677, #1105 ),
 ( #4163, #2676 ),
 ( #5146, #1045 ) ),
 .UNSPECIFIED., .F., .F., .F.,
 ( 4, 4 ),
 ( 2, 2 ),
 ( 0.02578919705072108340, 0.9799840481011223847 ),
 ( 0.000000000000000000, 1.000000000000000000 ),
 .UNSPECIFIED. ) ;
#3344 = CARTESIAN_POINT ( 'NONE',  ( 0.001999999999999869937, 0.004400000000000180676, -0.001000000000000060086 ) ) ;
#3345 = CARTESIAN_POINT ( 'NONE',  ( 0.004300000000000580268, -0.006031911562518000106, 0.0005638519319878100393 ) ) ;
#3346 = ORIENTED_EDGE ( 'NONE', *, *, #7, .F. ) ;
#3347 = CARTESIAN_POINT ( 'NONE',  ( -0.003842800000000579780, -0.003600000000000839941, -0.001700000000000059970 ) ) ;
#3348 = VECTOR ( 'NONE', #3919, 1.000000000000000000 ) ;
#3349 = EDGE_CURVE ( 'NONE', #4947, #853, #4827, .T. ) ;
#3350 = LINE ( 'NONE', #3885, #6302 ) ;
#3351 = VECTOR ( 'NONE', #4719, 1.000000000000000000 ) ;
#3352 = CARTESIAN_POINT ( 'NONE',  ( 0.004250000000000780931, -0.002090714919672539973, 0.001414771548330339898 ) ) ;
#3353 = LINE ( 'NONE', #5867, #1239 ) ;
#3354 = FACE_OUTER_BOUND ( 'NONE', #6196, .T. ) ;
#3355 = EDGE_CURVE ( 'NONE', #4187, #4249, #5026, .T. ) ;
#3356 = VECTOR ( 'NONE', #4677, 1.000000000000000000 ) ;
#3357 = ORIENTED_EDGE ( 'NONE', *, *, #1736, .F. ) ;
#3358 = B_SPLINE_CURVE_WITH_KNOTS ( 'NONE', 3,
 ( #2107, #566, #4136, #50 ),
 .UNSPECIFIED., .F., .F.,
 ( 4, 4 ),
 ( 0.000000000000000000, 1.000000000000000000 ),
 .UNSPECIFIED. ) ;
#3359 = EDGE_CURVE ( 'NONE', #5067, #5107, #4845, .T. ) ;
#3360 = DIRECTION ( 'NONE',  ( -0.000000000000000000, 1.000000000000000000, 0.000000000000000000 ) ) ;
#3361 = EDGE_CURVE ( 'NONE', #1061, #1850, #5284, .T. ) ;
#3362 = LINE ( 'NONE', #2924, #3063 ) ;
#3363 = ORIENTED_EDGE ( 'NONE', *, *, #2456, .F. ) ;
#3364 = DIRECTION ( 'NONE',  ( 0.000000000000000000, 0.000000000000000000, 1.000000000000000000 ) ) ;
#3365 = FACE_BOUND ( 'NONE', #2594, .T. ) ;
#3366 = ORIENTED_EDGE ( 'NONE', *, *, #4264, .T. ) ;
#3367 = FACE_OUTER_BOUND ( 'NONE', #1406, .T. ) ;
#3368 = DIRECTION ( 'NONE',  ( 1.000000000000000000, 0.000000000000000000, 0.000000000000000000 ) ) ;
#3369 = ADVANCED_FACE ( 'NONE', ( #197 ), #2249, .F. ) ;
#3370 = LINE ( 'NONE', #2902, #4986 ) ;
#3371 = ORIENTED_EDGE ( 'NONE', *, *, #1026, .F. ) ;
#3372 = DIRECTION ( 'NONE',  ( -1.000000000000000000, 0.000000000000000000, 0.000000000000000000 ) ) ;
#3373 = VECTOR ( 'NONE', #43, 1.000000000000000000 ) ;
#3374 = VERTEX_POINT ( 'NONE', #1182 ) ;
#3375 = CARTESIAN_POINT ( 'NONE',  ( 0.004250000000000780064, -0.002700647792861759783, 0.0002323153215133859839 ) ) ;
#3376 = EDGE_LOOP ( 'NONE', ( #2624, #5321, #1146, #6160 ) ) ;
#3377 = AXIS2_PLACEMENT_3D ( 'NONE', #845, #428, #3996 ) ;
#3378 = FACE_OUTER_BOUND ( 'NONE', #3020, .T. ) ;
#3379 = ORIENTED_EDGE ( 'NONE', *, *, #1669, .T. ) ;
#3380 = VECTOR ( 'NONE', #4612, 1.000000000000000000 ) ;
#3381 = CARTESIAN_POINT ( 'NONE',  ( 0.004250000000000780931, -0.002773476032876819736, 0.0005368136140442339964 ) ) ;
#3382 = CLOSED_SHELL ( 'NONE', ( #3179, #2942, #2417, #5133, #1854, #1888, #3188, #3597, #450, #1949, #2627, #1288, #5432, #5659, #5890, #2220, #3388, #6466, #659, #2226, #2950, #1447, #2877, #1614, #5132, #4408, #4002, #5010, #257, #4706, #6015, #3369, #4142, #963, #4905, #3314, #6512, #246, #2016, #183, #2379, #2158, #3853, #4834, #4311, #82, #3809, #4742, #2348, #3818, #5478, #1816, #4157, #3720, #3573, #1861, #4448, #5783, #911, #4060, #294, #6316, #2700, #1464, #5482, #6304, #2317, #4206, #1909, #3143, #3969, #4887, #1951, #5909, #531, #771, #2838, #5333, #3634, #1052, #331, #2872, #2829, #5241, #5254, #2175, #1164, #1449, #2912, #5856, #6020, #544, #3228, #490, #2155, #3535, #3315, #2186, #1589, #906, #5607, #2979, #2688, #4874, #6107, #5075, #4256, #3429, #886, #1725, #5971, #1735, #2052, #425, #5127, #4797, #2184, #6430, #2086, #2014, #4910, #2008, #3490, #5487, #5278, #715, #5331, #3858, #3059, #2849, #6071, #1577, #3395, #120, #6106, #2136, #1378, #3447, #4572, #3287, #1935, #837, #1183, #265, #5151, #6268, #3678, #5649, #4749, #5326, #4752, #6586, #1118, #699, #4952, #5159, #1542, #2431, #4867, #5945, #843, #5898, #4165, #3483, #3189, #5297, #6257, #4846, #1626, #2549, #4861, #3411, #1895, #305, #1977, #2423, #1805, #3281, #6197, #3612, #2361, #2296, #1506, #1202, #4750, #953, #299, #5618, #1453, #5826, #4082, #3149 ) ) ;
#3383 = DIRECTION ( 'NONE',  ( 3.893058771541000151E-13, -3.893058771541000151E-13, 1.000000000000000000 ) ) ;
#3384 = AXIS2_PLACEMENT_3D ( 'NONE', #3027, #5079, #494 ) ;
#3385 = CARTESIAN_POINT ( 'NONE',  ( 0.004300000000000578533, -0.002616966858176720308, 0.001522054199606369959 ) ) ;
#3386 = CARTESIAN_POINT ( 'NONE',  ( -0.003839999999999879968, -0.002779999999999039750, 0.001649999999999999991 ) ) ;
#3387 = VECTOR ( 'NONE', #6101, 1.000000000000000000 ) ;
#3388 = ADVANCED_FACE ( 'NONE', ( #4273 ), #1746, .T. ) ;
#3389 = VECTOR ( 'NONE', #3079, 1.000000000000000000 ) ;
#3390 = CARTESIAN_POINT ( 'NONE',  ( 0.003842800000000579780, 0.0003999999999999240166, 0.001425999999999880054 ) ) ;
#3391 = CIRCLE ( 'NONE', #4456, 0.0007619999999999998736 ) ;
#3392 = CARTESIAN_POINT ( 'NONE',  ( 0.003899999999999639866, -5.720000000000000122E-05, -0.001425999999999880054 ) ) ;
#3393 = CARTESIAN_POINT ( 'NONE',  ( -0.004300000000000580268, -0.004300000000000580268, 0.0004572000000000000001 ) ) ;
#3394 = CARTESIAN_POINT ( 'NONE',  ( 0.004300000000000580268, -0.005725969598507800636, -0.0005963953452224180331 ) ) ;
#3395 = ADVANCED_FACE ( 'NONE', ( #6326 ), #5249, .T. ) ;
#3396 = EDGE_CURVE ( 'NONE', #2241, #1277, #5011, .T. ) ;
#3397 = ORIENTED_EDGE ( 'NONE', *, *, #5368, .F. ) ;
#3398 = LINE ( 'NONE', #4870, #3492 ) ;
#3399 = DIRECTION ( 'NONE',  ( 0.000000000000000000, 0.000000000000000000, 1.000000000000000000 ) ) ;
#3400 = EDGE_CURVE ( 'NONE', #2178, #636, #6545, .T. ) ;
#3401 = EDGE_LOOP ( 'NONE', ( #5012, #4530, #528, #1258 ) ) ;
#3402 = LINE ( 'NONE', #6385, #1179 ) ;
#3403 = ORIENTED_EDGE ( 'NONE', *, *, #6546, .F. ) ;
#3404 = FACE_OUTER_BOUND ( 'NONE', #1763, .T. ) ;
#3405 = LINE ( 'NONE', #5446, #64 ) ;
#3406 = ORIENTED_EDGE ( 'NONE', *, *, #712, .T. ) ;
#3407 = CARTESIAN_POINT ( 'NONE',  ( 0.004300000000000580268, -0.002527153523872580163, 0.0003021361718557340117 ) ) ;
#3408 = ORIENTED_EDGE ( 'NONE', *, *, #5064, .T. ) ;
#3409 = AXIS2_PLACEMENT_3D ( 'NONE', #1398, #1428, #3453 ) ;
#3410 = LINE ( 'NONE', #3475, #6203 ) ;
#3411 = ADVANCED_FACE ( 'NONE', ( #3404 ), #1968, .T. ) ;
#3412 = EDGE_LOOP ( 'NONE', ( #1504, #2789, #1034, #2398 ) ) ;
#3413 = PLANE ( 'NONE',  #2032 ) ;
#3414 = VECTOR ( 'NONE', #2898, 1.000000000000000000 ) ;
#3415 = ORIENTED_EDGE ( 'NONE', *, *, #2342, .F. ) ;
#3416 = CARTESIAN_POINT ( 'NONE',  ( 0.004250000000000779196, -0.002085205966182733343, -6.188294217195076973E-06 ) ) ;
#3417 = DIRECTION ( 'NONE',  ( 1.000000000000000000, 0.000000000000000000, 0.000000000000000000 ) ) ;
#3418 = CARTESIAN_POINT ( 'NONE',  ( 0.004300000000000578533, -0.002751576454468799768, 0.001531699151457649889 ) ) ;
#3419 = DIRECTION ( 'NONE',  ( 0.000000000000000000, 0.000000000000000000, 1.000000000000000000 ) ) ;
#3420 = LINE ( 'NONE', #1302, #5542 ) ;
#3421 = EDGE_LOOP ( 'NONE', ( #248, #4200, #2037, #2847 ) ) ;
#3422 = CARTESIAN_POINT ( 'NONE',  ( -0.004300000000000580268, -0.006031911562518000106, -0.0005638519319878100393 ) ) ;
#3423 = LINE ( 'NONE', #2891, #5062 ) ;
#3424 = CARTESIAN_POINT ( 'NONE',  ( 0.003899999999999639866, -0.004300000000000580268, -0.002150000000000039900 ) ) ;
#3425 = ORIENTED_EDGE ( 'NONE', *, *, #2221, .F. ) ;
#3426 = CARTESIAN_POINT ( 'NONE',  ( -0.003899999999999639866, -0.005725969598507800636, -0.0005963953452224180331 ) ) ;
#3427 = DIRECTION ( 'NONE',  ( 1.000000000000000000, 0.000000000000000000, 0.000000000000000000 ) ) ;
#3428 = VERTEX_POINT ( 'NONE', #2843 ) ;
#3429 = ADVANCED_FACE ( 'NONE', ( #5944 ), #5443, .T. ) ;
#3430 = FACE_OUTER_BOUND ( 'NONE', #5048, .T. ) ;
#3431 = ORIENTED_EDGE ( 'NONE', *, *, #5208, .T. ) ;
#3432 = DIRECTION ( 'NONE',  ( 1.000000000000000000, 0.000000000000000000, 0.000000000000000000 ) ) ;
#3433 = ORIENTED_EDGE ( 'NONE', *, *, #2479, .F. ) ;
#3434 = CARTESIAN_POINT ( 'NONE',  ( -0.003899999999999639866, -0.005799999999999659595, -0.0001620000000000120150 ) ) ;
#3435 = VERTEX_POINT ( 'NONE', #6009 ) ;
#3436 = LINE ( 'NONE', #5476, #4849 ) ;
#3437 = VERTEX_POINT ( 'NONE', #6483 ) ;
#3438 = CYLINDRICAL_SURFACE ( 'NONE', #1618, 0.0003999999999999238540 ) ;
#3439 = ORIENTED_EDGE ( 'NONE', *, *, #380, .F. ) ;
#3440 = AXIS2_PLACEMENT_3D ( 'NONE', #1444, #2242, #47 ) ;
#3441 =( LENGTH_UNIT ( ) NAMED_UNIT ( * ) SI_UNIT ( $, .METRE. ) );
#3442 = EDGE_CURVE ( 'NONE', #3869, #6134, #4218, .T. ) ;
#3443 = ORIENTED_EDGE ( 'NONE', *, *, #1620, .T. ) ;
#3444 = DIRECTION ( 'NONE',  ( 0.000000000000000000, 1.000000000000000000, 0.000000000000000000 ) ) ;
#3445 = EDGE_CURVE ( 'NONE', #392, #6365, #3933, .T. ) ;
#3446 = CARTESIAN_POINT ( 'NONE',  ( -0.003899999999999639866, -0.006887964625008399962, 0.0002903407727950679980 ) ) ;
#3447 = ADVANCED_FACE ( 'NONE', ( #2346 ), #786, .T. ) ;
#3448 = CARTESIAN_POINT ( 'NONE',  ( 0.004300000000000578533, -0.002200154951559379641, 0.001439256623450520028 ) ) ;
#3449 = CARTESIAN_POINT ( 'NONE',  ( 0.003899999999999639866, -0.004300000000000580268, 0.0004572000000000000001 ) ) ;
#3450 = VECTOR ( 'NONE', #3419, 1.000000000000000000 ) ;
#3451 = LINE ( 'NONE', #990, #511 ) ;
#3452 = B_SPLINE_CURVE_WITH_KNOTS ( 'NONE', 3,
 ( #617, #4150, #5300, #722 ),
 .UNSPECIFIED., .F., .F.,
 ( 4, 4 ),
 ( 0.000000000000000000, 1.000000000000000000 ),
 .UNSPECIFIED. ) ;
#3453 = DIRECTION ( 'NONE',  ( 1.000000000000000000, 0.000000000000000000, 0.000000000000000000 ) ) ;
#3454 = ORIENTED_EDGE ( 'NONE', *, *, #1931, .T. ) ;
#3455 = EDGE_CURVE ( 'NONE', #4329, #5941, #5980, .T. ) ;
#3456 = VECTOR ( 'NONE', #5053, 1.000000000000000000 ) ;
#3457 = CARTESIAN_POINT ( 'NONE',  ( 0.004300000000000580268, -0.002091113198820100053, 0.0003651624846037199840 ) ) ;
#3458 = CARTESIAN_POINT ( 'NONE',  ( -0.002249999999999889675, -0.003600000000000839941, -0.0001500000000000099886 ) ) ;
#3459 = FACE_OUTER_BOUND ( 'NONE', #4913, .T. ) ;
#3460 = ORIENTED_EDGE ( 'NONE', *, *, #3880, .T. ) ;
#3461 = DIRECTION ( 'NONE',  ( -1.000000000000000000, 0.000000000000000000, 0.000000000000000000 ) ) ;
#3462 = AXIS2_PLACEMENT_3D ( 'NONE', #5, #5198, #3690 ) ;
#3463 = LINE ( 'NONE', #3928, #4641 ) ;
#3464 = ORIENTED_EDGE ( 'NONE', *, *, #3122, .F. ) ;
#3465 = UNCERTAINTY_MEASURE_WITH_UNIT (LENGTH_MEASURE( 1.000000000000000082E-05 ), #968, 'distance_accuracy_value', 'NONE');
#3466 = LINE ( 'NONE', #2310, #1713 ) ;
#3467 = VERTEX_POINT ( 'NONE', #1348 ) ;
#3468 = DIRECTION ( 'NONE',  ( 0.000000000000000000, 0.000000000000000000, 1.000000000000000000 ) ) ;
#3469 = VERTEX_POINT ( 'NONE', #326 ) ;
#3470 = CARTESIAN_POINT ( 'NONE',  ( 0.004300000000000580268, -0.002873877937190719937, -0.0001593887805940390049 ) ) ;
#3471 = ORIENTED_EDGE ( 'NONE', *, *, #6348, .F. ) ;
#3472 = FILL_AREA_STYLE_COLOUR ( '', #4830 ) ;
#3473 = VERTEX_POINT ( 'NONE', #2374 ) ;
#3474 = EDGE_CURVE ( 'NONE', #3867, #4776, #5473, .T. ) ;
#3475 = CARTESIAN_POINT ( 'NONE',  ( 0.002890000000001140355, -0.002779999999999039750, -0.001750000000000109975 ) ) ;
#3476 = ORIENTED_EDGE ( 'NONE', *, *, #3641, .F. ) ;
#3477 = CARTESIAN_POINT ( 'NONE',  ( -0.003899999999999639866, -0.0003999999999999240166, -0.002150000000000039900 ) ) ;
#3478 = PLANE ( 'NONE',  #5625 ) ;
#3479 = VERTEX_POINT ( 'NONE', #4397 ) ;
#3480 = EDGE_CURVE ( 'NONE', #2814, #5873, #710, .T. ) ;
#3481 = LINE ( 'NONE', #3546, #2120 ) ;
#3482 = AXIS2_PLACEMENT_3D ( 'NONE', #1638, #1738, #5706 ) ;
#3483 = ADVANCED_FACE ( 'NONE', ( #2933 ), #4975, .T. ) ;
#3484 = CARTESIAN_POINT ( 'NONE',  ( 0.001999999999999869937, 0.000000000000000000, 0.001099999999999920052 ) ) ;
#3485 = DIRECTION ( 'NONE',  ( -1.000000000000000000, 0.000000000000000000, 0.000000000000000000 ) ) ;
#3486 = CARTESIAN_POINT ( 'NONE',  ( -0.0006999999999999999929, -0.002200000000000090338, 0.002150000000000039900 ) ) ;
#3487 = VECTOR ( 'NONE', #5365, 1.000000000000000000 ) ;
#3488 = CARTESIAN_POINT ( 'NONE',  ( -0.003042800000001239912, -0.003600000000000839941, -0.002150000000000039900 ) ) ;
#3489 = DIRECTION ( 'NONE',  ( 0.000000000000000000, -1.000000000000000000, 0.000000000000000000 ) ) ;
#3490 = ADVANCED_FACE ( 'NONE', ( #5506 ), #2439, .T. ) ;
#3491 = VECTOR ( 'NONE', #1554, 1.000000000000000000 ) ;
#3492 = VECTOR ( 'NONE', #2370, 1.000000000000000000 ) ;
#3493 = LINE ( 'NONE', #2459, #6273 ) ;
#3494 =( NAMED_UNIT ( * ) PLANE_ANGLE_UNIT ( ) SI_UNIT ( $, .RADIAN. ) );
#3495 = CARTESIAN_POINT ( 'NONE',  ( 0.001999999999999869937, 0.000000000000000000, -0.001099999999999920052 ) ) ;
#3496 = VERTEX_POINT ( 'NONE', #5108 ) ;
#3497 = CARTESIAN_POINT ( 'NONE',  ( 0.000000000000000000, -0.002779999999999039750, 0.001950000000000069950 ) ) ;
#3498 = LINE ( 'NONE', #3183, #5440 ) ;
#3499 = EDGE_LOOP ( 'NONE', ( #4276, #5870, #4348, #4106, #1863 ) ) ;
#3500 = DIRECTION ( 'NONE',  ( 0.000000000000000000, 0.000000000000000000, -1.000000000000000000 ) ) ;
#3501 = CARTESIAN_POINT ( 'NONE',  ( 0.004300000000000580268, -0.002764995330930460245, -0.0002687634428967280152 ) ) ;
#3502 = EDGE_LOOP ( 'NONE', ( #4161, #4590, #5705, #2415 ) ) ;
#3503 = LINE ( 'NONE', #3967, #562 ) ;
#3504 = CARTESIAN_POINT ( 'NONE',  ( -0.003839999999999879968, -0.002779999999999039750, -0.001649999999999999991 ) ) ;
#3505 = CARTESIAN_POINT ( 'NONE',  ( 0.003042800000001239912, -0.002779999999999039750, -0.001750000000000109975 ) ) ;
#3506 = ORIENTED_EDGE ( 'NONE', *, *, #3244, .T. ) ;
#3507 = DIRECTION ( 'NONE',  ( 0.000000000000000000, 0.9952694819190712749, 0.09715275786380722645 ) ) ;
#3508 = ORIENTED_EDGE ( 'NONE', *, *, #919, .T. ) ;
#3509 = CARTESIAN_POINT ( 'NONE',  ( -0.004300000000000580268, -0.006887964625008399962, -0.0002903407727950679980 ) ) ;
#3510 = FACE_OUTER_BOUND ( 'NONE', #6125, .T. ) ;
#3511 = ORIENTED_EDGE ( 'NONE', *, *, #3000, .T. ) ;
#3512 = CARTESIAN_POINT ( 'NONE',  ( 0.004250000000000780064, -0.002163105377705410153, -0.0001981714760872430037 ) ) ;
#3513 = VECTOR ( 'NONE', #5993, 1.000000000000000000 ) ;
#3514 = CARTESIAN_POINT ( 'NONE',  ( 0.004250000000000780064, -0.001563078422692379876, -0.0009494709423883280737 ) ) ;
#3515 = EDGE_CURVE ( 'NONE', #3034, #2758, #6614, .T. ) ;
#3516 = B_SPLINE_CURVE_WITH_KNOTS ( 'NONE', 3,
 ( #6480, #4463, #2895, #1346 ),
 .UNSPECIFIED., .F., .F.,
 ( 4, 4 ),
 ( 0.000000000000000000, 1.000000000000000000 ),
 .UNSPECIFIED. ) ;
#3517 = CARTESIAN_POINT ( 'NONE',  ( 0.004250000000000780931, -0.001724766251681580063, 0.0003257380826012720178 ) ) ;
#3518 = LINE ( 'NONE', #952, #1225 ) ;
#3519 = EDGE_CURVE ( 'NONE', #5447, #4608, #4129, .T. ) ;
#3520 = DIRECTION ( 'NONE',  ( 0.000000000000000000, 1.000000000000000000, 0.000000000000000000 ) ) ;
#3521 = VECTOR ( 'NONE', #2515, 1.000000000000000000 ) ;
#3522 = VERTEX_POINT ( 'NONE', #1605 ) ;
#3523 = DIRECTION ( 'NONE',  ( 0.000000000000000000, -0.1913991053258010389, -0.9815122935962050654 ) ) ;
#3524 = VECTOR ( 'NONE', #3204, 1.000000000000000000 ) ;
#3525 = SURFACE_STYLE_USAGE ( .BOTH. , #5165 ) ;
#3526 = CARTESIAN_POINT ( 'NONE',  ( 0.004300000000000580268, -0.002758754466691059910, 0.0005314131368276590146 ) ) ;
#3527 = EDGE_CURVE ( 'NONE', #3910, #4703, #457, .T. ) ;
#3528 = ORIENTED_EDGE ( 'NONE', *, *, #785, .T. ) ;
#3529 = CARTESIAN_POINT ( 'NONE',  ( 0.001000000000000060086, 0.003899999999999639866, -0.001000000000000060086 ) ) ;
#3530 = LINE ( 'NONE', #3024, #208 ) ;
#3531 = ORIENTED_EDGE ( 'NONE', *, *, #3896, .T. ) ;
#3532 = FACE_OUTER_BOUND ( 'NONE', #4977, .T. ) ;
#3533 = ORIENTED_EDGE ( 'NONE', *, *, #5529, .F. ) ;
#3534 = CARTESIAN_POINT ( 'NONE',  ( 0.004250000000000780064, -0.002700647792861069364, 0.0002323153215133631072 ) ) ;
#3535 = ADVANCED_FACE ( 'NONE', ( #2634 ), #2035, .T. ) ;
#3536 = VERTEX_POINT ( 'NONE', #3629 ) ;
#3537 = DIRECTION ( 'NONE',  ( 1.000000000000000000, 0.000000000000000000, 0.000000000000000000 ) ) ;
#3538 = CARTESIAN_POINT ( 'NONE',  ( 0.002890000000001140355, -0.002779999999999039750, 0.001750000000000109975 ) ) ;
#3539 = DIRECTION ( 'NONE',  ( 0.000000000000000000, 0.000000000000000000, 1.000000000000000000 ) ) ;
#3540 = B_SPLINE_CURVE_WITH_KNOTS ( 'NONE', 3,
 ( #5163, #4794, #1199, #4253, #3688, #5733, #213, #3221, #2263, #1163, #4285, #5697, #583, #4728, #1665, #2662, #70, #3787, #137, #1127, #6208, #2196, #3255, #1757, #107, #5829, #4692, #1699, #3723, #3150, #684 ),
 .UNSPECIFIED., .F., .F.,
 ( 4, 1, 1, 1, 1, 1, 1, 1, 1, 1, 1, 1, 1, 1, 1, 1, 1, 1, 1, 1, 1, 1, 1, 1, 1, 1, 1, 1, 4 ),
 ( 0.000000000000000000, 0.07243366488133000380, 0.1086504973219999948, 0.1448673297627000034, 0.1810841622033000087, 0.2173009946439999895, 0.2354094108643000061, 0.2535178270846999982, 0.2716262433050000147, 0.2897346595253000312, 0.3006597823762999777, 0.3115849052273000352, 0.3334351509293000393, 0.3552853966312999878, 0.3771356423332999919, 0.4208361337372000244, 0.4645366251411999770, 0.5082371165451999850, 0.5519376079492001042, 0.5956380993530999701, 0.6174883450551000852, 0.6393385907571000892, 0.6618799288347999576, 0.6844212669124999371, 0.7295039430677999759, 0.7745866192232000458, 0.8196692953786000047, 0.9098346476893000023, 1.000000000000000000 ),
 .UNSPECIFIED. ) ;
#3541 = VERTEX_POINT ( 'NONE', #5641 ) ;
#3542 = DIRECTION ( 'NONE',  ( 0.000000000000000000, -0.9799993465698060291, 0.1990007053323009922 ) ) ;
#3543 = CARTESIAN_POINT ( 'NONE',  ( 0.004300000000000580268, -0.002293153523872640178, -1.672542806571538798E-06 ) ) ;
#3544 = DIRECTION ( 'NONE',  ( -1.000000000000000000, 0.000000000000000000, 0.000000000000000000 ) ) ;
#3545 = ORIENTED_EDGE ( 'NONE', *, *, #3650, .F. ) ;
#3546 = CARTESIAN_POINT ( 'NONE',  ( -0.0006999999999999999929, -0.002200000000000090338, 0.002150000000000039900 ) ) ;
#3547 = FACE_OUTER_BOUND ( 'NONE', #5152, .T. ) ;
#3548 = VECTOR ( 'NONE', #4570, 1.000000000000000000 ) ;
#3549 = CARTESIAN_POINT ( 'NONE',  ( 0.004250000000000780064, -0.002793551024514649879, 0.0009480739689415324922 ) ) ;
#3550 = PLANE ( 'NONE',  #24 ) ;
#3551 = CARTESIAN_POINT ( 'NONE',  ( 0.003042800000001239912, -0.003600000000000839941, 0.001750000000000109975 ) ) ;
#3552 = EDGE_CURVE ( 'NONE', #1450, #1433, #79, .T. ) ;
#3553 = CARTESIAN_POINT ( 'NONE',  ( 0.002249999999999889675, -0.003600000000000839941, -0.0001500000000000099886 ) ) ;
#3554 = VECTOR ( 'NONE', #2476, 1.000000000000000000 ) ;
#3555 = FACE_OUTER_BOUND ( 'NONE', #1847, .T. ) ;
#3556 = DIRECTION ( 'NONE',  ( 0.000000000000000000, 0.000000000000000000, -1.000000000000000000 ) ) ;
#3557 = B_SPLINE_SURFACE_WITH_KNOTS ( 'NONE', 3, 1, ( 
 ( #1391, #1524 ),
 ( #3416, #5457 ),
 ( #6497, #5992 ),
 ( #4009, #6062 ),
 ( #3512, #1422 ),
 ( #5484, #912 ),
 ( #4987, #4044 ),
 ( #6528, #3975 ),
 ( #5025, #5522 ),
 ( #947, #2978 ),
 ( #440, #2519 ),
 ( #4515, #5558 ),
 ( #986, #3010 ),
 ( #4548, #6596 ),
 ( #2017, #5591 ) ),
 .UNSPECIFIED., .F., .F., .F.,
 ( 4, 1, 1, 1, 1, 1, 1, 1, 1, 1, 1, 1, 4 ),
 ( 2, 2 ),
 ( 0.008215363218046618787, 0.1485352975905999962, 0.2888552352350000074, 0.3590152040570999681, 0.4291751728793000153, 0.4993351417013999760, 0.5344151261124999719, 0.5694951105236000233, 0.6222453163668999476, 0.6749955222101999830, 0.7804959338968999738, 0.8859963455835000445, 0.9914967567481369759 ),
 ( 0.000000000000000000, 1.000000000000000000 ),
 .UNSPECIFIED. ) ;
#3558 = ORIENTED_EDGE ( 'NONE', *, *, #2134, .F. ) ;
#3559 = EDGE_CURVE ( 'NONE', #2123, #985, #1570, .T. ) ;
#3560 = DIRECTION ( 'NONE',  ( 0.000000000000000000, 0.000000000000000000, -1.000000000000000000 ) ) ;
#3561 = AXIS2_PLACEMENT_3D ( 'NONE', #547, #988, #5094 ) ;
#3562 = ORIENTED_EDGE ( 'NONE', *, *, #1620, .F. ) ;
#3563 = EDGE_CURVE ( 'NONE', #5515, #4600, #4279, .T. ) ;
#3564 = DIRECTION ( 'NONE',  ( 0.000000000000000000, -1.000000000000000000, 0.000000000000000000 ) ) ;
#3565 = ORIENTED_EDGE ( 'NONE', *, *, #2504, .T. ) ;
#3566 = PLANE ( 'NONE',  #921 ) ;
#3567 = CARTESIAN_POINT ( 'NONE',  ( 0.004250000000000780931, -0.002795078996320217186, 0.001119653900659072247 ) ) ;
#3568 = ORIENTED_EDGE ( 'NONE', *, *, #2883, .T. ) ;
#3569 = DIRECTION ( 'NONE',  ( -1.000000000000000000, 0.000000000000000000, 0.000000000000000000 ) ) ;
#3570 = VECTOR ( 'NONE', #1340, 1.000000000000000000 ) ;
#3571 = LINE ( 'NONE', #3504, #831 ) ;
#3572 = CARTESIAN_POINT ( 'NONE',  ( 0.004300000000000581135, -0.001968153523871964301, 0.0007530148890159886303 ) ) ;
#3573 = ADVANCED_FACE ( 'NONE', ( #1511 ), #3566, .F. ) ;
#3574 = ORIENTED_EDGE ( 'NONE', *, *, #3758, .T. ) ;
#3575 = CARTESIAN_POINT ( 'NONE',  ( 0.003042800000001239912, -0.002779999999999039750, -0.001750000000000109975 ) ) ;
#3576 = VECTOR ( 'NONE', #4837, 1.000000000000000000 ) ;
#3577 = CARTESIAN_POINT ( 'NONE',  ( 0.004300000000000580268, -0.002293153523872500099, -1.672542806569879884E-06 ) ) ;
#3578 = CARTESIAN_POINT ( 'NONE',  ( 0.004300000000000580268, -0.002794153523873799984, 0.001015730190334390021 ) ) ;
#3579 = ORIENTED_EDGE ( 'NONE', *, *, #1780, .F. ) ;
#3580 = CARTESIAN_POINT ( 'NONE',  ( 0.004300000000000580268, -0.003073877937189919887, 0.001081258233222920015 ) ) ;
#3581 = CARTESIAN_POINT ( 'NONE',  ( 0.004250000000000780931, -0.002624769492231662869, -0.0001133212747593234421 ) ) ;
#3582 = CARTESIAN_POINT ( 'NONE',  ( 0.004250000000000780064, -0.003073877937189919887, 0.001081258233222920015 ) ) ;
#3583 = DIRECTION ( 'NONE',  ( 0.000000000000000000, -0.9952694819190712749, 0.09715275786380722645 ) ) ;
#3584 = AXIS2_PLACEMENT_3D ( 'NONE', #3902, #1842, #1314 ) ;
#3585 = DIRECTION ( 'NONE',  ( 0.000000000000000000, -0.9762901350764598973, -0.2164660993143910084 ) ) ;
#3586 = VECTOR ( 'NONE', #2395, 1.000000000000000000 ) ;
#3587 = PLANE ( 'NONE',  #830 ) ;
#3588 = CARTESIAN_POINT ( 'NONE',  ( 0.004300000000000580268, -0.002240204847486350175, -0.0002234325229673849984 ) ) ;
#3589 = ORIENTED_EDGE ( 'NONE', *, *, #5686, .T. ) ;
#3590 = VECTOR ( 'NONE', #1607, 1.000000000000000000 ) ;
#3591 = LINE ( 'NONE', #4630, #997 ) ;
#3592 = VECTOR ( 'NONE', #3632, 1.000000000000000000 ) ;
#3593 = AXIS2_PLACEMENT_3D ( 'NONE', #3310, #3712, #5290 ) ;
#3594 = ORIENTED_EDGE ( 'NONE', *, *, #1965, .T. ) ;
#3595 = PRODUCT_RELATED_PRODUCT_CATEGORY ( 'part', '', ( #1177 ) ) ;
#3596 = LINE ( 'NONE', #4535, #5303 ) ;
#3597 = ADVANCED_FACE ( 'NONE', ( #3532 ), #1036, .F. ) ;
#3598 = DIRECTION ( 'NONE',  ( 0.000000000000000000, 1.000000000000000000, 0.000000000000000000 ) ) ;
#3599 = VECTOR ( 'NONE', #1275, 1.000000000000000000 ) ;
#3600 = ORIENTED_EDGE ( 'NONE', *, *, #3445, .T. ) ;
#3601 = LINE ( 'NONE', #5580, #5592 ) ;
#3602 = VECTOR ( 'NONE', #6381, 1.000000000000000000 ) ;
#3603 = ORIENTED_EDGE ( 'NONE', *, *, #5032, .T. ) ;
#3604 = EDGE_CURVE ( 'NONE', #702, #559, #2503, .T. ) ;
#3605 = PLANE ( 'NONE',  #1400 ) ;
#3606 = ORIENTED_EDGE ( 'NONE', *, *, #3559, .F. ) ;
#3607 = DIRECTION ( 'NONE',  ( 0.000000000000000000, -1.000000000000000000, 0.000000000000000000 ) ) ;
#3608 = ORIENTED_EDGE ( 'NONE', *, *, #6464, .F. ) ;
#3609 = LINE ( 'NONE', #2012, #4271 ) ;
#3610 = FACE_OUTER_BOUND ( 'NONE', #218, .T. ) ;
#3611 = EDGE_LOOP ( 'NONE', ( #4504, #2258, #3686, #3635 ) ) ;
#3612 = ADVANCED_FACE ( 'NONE', ( #6043 ), #5609, .F. ) ;
#3613 = DIRECTION ( 'NONE',  ( 0.000000000000000000, 0.000000000000000000, 1.000000000000000000 ) ) ;
#3614 = EDGE_LOOP ( 'NONE', ( #6231, #1440, #6319, #6259 ) ) ;
#3615 = DIRECTION ( 'NONE',  ( 0.000000000000000000, 0.000000000000000000, -1.000000000000000000 ) ) ;
#3616 = CARTESIAN_POINT ( 'NONE',  ( -0.003842800000000579780, -0.003600000000000839941, 0.001700000000000059970 ) ) ;
#3617 = CARTESIAN_POINT ( 'NONE',  ( 0.004250000000000780931, -0.003073633944869688661, 0.0004302174881622728569 ) ) ;
#3618 = AXIS2_PLACEMENT_3D ( 'NONE', #2964, #136, #5541 ) ;
#3619 = ORIENTED_EDGE ( 'NONE', *, *, #4787, .F. ) ;
#3620 = ORIENTED_EDGE ( 'NONE', *, *, #5368, .T. ) ;
#3621 = CARTESIAN_POINT ( 'NONE',  ( 0.003042800000001239912, -0.004049999999999039611, -0.001211539816339700024 ) ) ;
#3622 = CARTESIAN_POINT ( 'NONE',  ( 0.004300000000000580268, -0.002091113198820100053, 0.0003651624846037199840 ) ) ;
#3623 = CARTESIAN_POINT ( 'NONE',  ( -0.003899999999999639866, -0.006887964625008399962, -0.0002903407727950679980 ) ) ;
#3624 = COLOUR_RGB ( '',0.000000000000000000, 0.000000000000000000, 0.000000000000000000 ) ;
#3625 = ORIENTED_EDGE ( 'NONE', *, *, #4134, .T. ) ;
#3626 =( NAMED_UNIT ( * ) SI_UNIT ( $, .STERADIAN. ) SOLID_ANGLE_UNIT ( ) );
#3627 = AXIS2_PLACEMENT_3D ( 'NONE', #4039, #6090, #1521 ) ;
#3628 = ORIENTED_EDGE ( 'NONE', *, *, #4919, .F. ) ;
#3629 = CARTESIAN_POINT ( 'NONE',  ( 0.001000000000000060086, 0.003899999999999639866, 0.001000000000000060086 ) ) ;
#3630 = CARTESIAN_POINT ( 'NONE',  ( 0.004250000000000780064, -0.002791153523872084378, 0.0002874971942643619774 ) ) ;
#3631 = EDGE_LOOP ( 'NONE', ( #4644, #6172, #6603, #5754 ) ) ;
#3632 = DIRECTION ( 'NONE',  ( -1.000000000000000000, 0.000000000000000000, 0.000000000000000000 ) ) ;
#3633 = FACE_OUTER_BOUND ( 'NONE', #1103, .T. ) ;
#3634 = ADVANCED_FACE ( 'NONE', ( #2571 ), #2064, .F. ) ;
#3635 = ORIENTED_EDGE ( 'NONE', *, *, #6432, .T. ) ;
#3636 = CARTESIAN_POINT ( 'NONE',  ( 0.004300000000000579400, -0.002873153523873509928, 0.0002153200030812021687 ) ) ;
#3637 = CARTESIAN_POINT ( 'NONE',  ( 0.0002499999999999910063, -0.006850000000000540552, -0.0001500000000000099886 ) ) ;
#3638 = LINE ( 'NONE', #5589, #4230 ) ;
#3639 = VERTEX_POINT ( 'NONE', #6148 ) ;
#3640 = LINE ( 'NONE', #6628, #2859 ) ;
#3641 = EDGE_CURVE ( 'NONE', #5008, #4947, #3596, .T. ) ;
#3642 =( LENGTH_UNIT ( ) NAMED_UNIT ( * ) SI_UNIT ( $, .METRE. ) );
#3643 = EDGE_CURVE ( 'NONE', #2669, #3968, #4028, .T. ) ;
#3644 = ORIENTED_EDGE ( 'NONE', *, *, #6154, .T. ) ;
#3645 = DIRECTION ( 'NONE',  ( 0.000000000000000000, 0.000000000000000000, -1.000000000000000000 ) ) ;
#3646 = DIRECTION ( 'NONE',  ( -1.000000000000000000, 0.000000000000000000, 0.000000000000000000 ) ) ;
#3647 = LINE ( 'NONE', #4591, #2861 ) ;
#3648 = ORIENTED_EDGE ( 'NONE', *, *, #2518, .T. ) ;
#3649 = VERTEX_POINT ( 'NONE', #2602 ) ;
#3650 = EDGE_CURVE ( 'NONE', #199, #3164, #4633, .T. ) ;
#3651 = LINE ( 'NONE', #6337, #1685 ) ;
#3652 = CARTESIAN_POINT ( 'NONE',  ( 0.004300000000000580268, -0.003034874002975440112, 0.001413640186379199913 ) ) ;
#3653 = CARTESIAN_POINT ( 'NONE',  ( 0.001999999999999869937, 0.0003999999999999240166, -0.001000000000000060086 ) ) ;
#3654 = LINE ( 'NONE', #1734, #5508 ) ;
#3655 = VERTEX_POINT ( 'NONE', #1235 ) ;
#3656 = LINE ( 'NONE', #6246, #1681 ) ;
#3657 = PLANE ( 'NONE',  #4663 ) ;
#3658 = ORIENTED_EDGE ( 'NONE', *, *, #1122, .T. ) ;
#3659 =( NAMED_UNIT ( * ) SI_UNIT ( $, .STERADIAN. ) SOLID_ANGLE_UNIT ( ) );
#3660 = DIRECTION ( 'NONE',  ( 1.000000000000000000, 0.000000000000000000, 0.000000000000000000 ) ) ;
#3661 = CARTESIAN_POINT ( 'NONE',  ( 0.004250000000000780064, -0.003012608973733680012, 0.0005255994760008760513 ) ) ;
#3662 = CIRCLE ( 'NONE', #1437, 5.000000000000316691E-05 ) ;
#3663 = CARTESIAN_POINT ( 'NONE',  ( -0.003899999999999639866, -0.0003999999999999240166, -0.001425999999999880054 ) ) ;
#3664 = VERTEX_POINT ( 'NONE', #1133 ) ;
#3665 = CARTESIAN_POINT ( 'NONE',  ( 0.004250000000000780064, -0.001902204961905810000, 0.0007396232368757900497 ) ) ;
#3666 = ORIENTED_EDGE ( 'NONE', *, *, #6425, .T. ) ;
#3667 = FACE_OUTER_BOUND ( 'NONE', #6398, .T. ) ;
#3668 = AXIS2_PLACEMENT_3D ( 'NONE', #653, #2697, #4729 ) ;
#3669 = CARTESIAN_POINT ( 'NONE',  ( -0.003042800000001239912, -0.003600000000000839941, 0.001750000000000109975 ) ) ;
#3670 = EDGE_CURVE ( 'NONE', #4190, #3116, #4734, .T. ) ;
#3671 = VERTEX_POINT ( 'NONE', #5204 ) ;
#3672 = ORIENTED_EDGE ( 'NONE', *, *, #5566, .F. ) ;
#3673 = LINE ( 'NONE', #6260, #6495 ) ;
#3674 = VECTOR ( 'NONE', #5232, 1.000000000000000000 ) ;
#3675 = CARTESIAN_POINT ( 'NONE',  ( 0.0006999999999999999929, -0.002200000000000090338, 0.001750000000000109975 ) ) ;
#3676 = VERTEX_POINT ( 'NONE', #5802 ) ;
#3677 = APPLICATION_CONTEXT ( 'automotive_design' ) ;
#3678 = ADVANCED_FACE ( 'NONE', ( #148 ), #6345, .F. ) ;
#3679 = AXIS2_PLACEMENT_3D ( 'NONE', #387, #2837, #4364 ) ;
#3680 = EDGE_CURVE ( 'NONE', #1450, #4340, #2269, .T. ) ;
#3681 = LINE ( 'NONE', #2118, #6352 ) ;
#3682 = CARTESIAN_POINT ( 'NONE',  ( 0.004300000000000577666, -0.003049663416152413077, 0.0001308840876105605460 ) ) ;
#3683 = EDGE_CURVE ( 'NONE', #5948, #39, #3260, .T. ) ;
#3684 = DIRECTION ( 'NONE',  ( -1.000000000000000000, 0.000000000000000000, 0.000000000000000000 ) ) ;
#3685 = ORIENTED_EDGE ( 'NONE', *, *, #6432, .F. ) ;
#3686 = ORIENTED_EDGE ( 'NONE', *, *, #6060, .T. ) ;
#3687 = DIRECTION ( 'NONE',  ( 1.000000000000000000, 0.000000000000000000, 0.000000000000000000 ) ) ;
#3688 = CARTESIAN_POINT ( 'NONE',  ( 0.004250000000000780064, -0.001651457659363320075, 0.0003517152595627400110 ) ) ;
#3689 = CARTESIAN_POINT ( 'NONE',  ( 0.004250000000000780064, -0.002293153523872500099, -1.672542806569879884E-06 ) ) ;
#3690 = DIRECTION ( 'NONE',  ( 0.000000000000000000, -0.7911943771733036534, 0.6115647615170027862 ) ) ;
#3691 = EDGE_CURVE ( 'NONE', #4393, #2442, #766, .T. ) ;
#3692 = CARTESIAN_POINT ( 'NONE',  ( 0.004300000000000580268, -0.003000877937190719880, 5.256337194652819475E-05 ) ) ;
#3693 = VECTOR ( 'NONE', #1273, 1.000000000000000000 ) ;
#3694 = ORIENTED_EDGE ( 'NONE', *, *, #4051, .F. ) ;
#3695 = ORIENTED_EDGE ( 'NONE', *, *, #3233, .T. ) ;
#3696 = VERTEX_POINT ( 'NONE', #4295 ) ;
#3697 = LINE ( 'NONE', #1170, #6267 ) ;
#3698 = PLANE ( 'NONE',  #4018 ) ;
#3699 = VERTEX_POINT ( 'NONE', #2803 ) ;
#3700 = SURFACE_STYLE_FILL_AREA ( #6217 ) ;
#3701 = VECTOR ( 'NONE', #3008, 1.000000000000000000 ) ;
#3702 = LINE ( 'NONE', #154, #5308 ) ;
#3703 = LINE ( 'NONE', #3234, #6382 ) ;
#3704 = CARTESIAN_POINT ( 'NONE',  ( 0.003899999999999639866, -0.004300000000000580268, -0.0004590108938549639886 ) ) ;
#3705 = LINE ( 'NONE', #5751, #5862 ) ;
#3706 = VECTOR ( 'NONE', #6127, 1.000000000000000000 ) ;
#3707 = CARTESIAN_POINT ( 'NONE',  ( -0.003842800000000579780, -0.003600000000000839941, 0.001700000000000059970 ) ) ;
#3708 = DIRECTION ( 'NONE',  ( -1.000000000000000000, 0.000000000000000000, 0.000000000000000000 ) ) ;
#3709 = STYLED_ITEM ( 'NONE', ( #6321 ), #490 ) ;
#3710 = ORIENTED_EDGE ( 'NONE', *, *, #1171, .F. ) ;
#3711 = EDGE_LOOP ( 'NONE', ( #346, #1113, #6609, #4792 ) ) ;
#3712 = DIRECTION ( 'NONE',  ( 0.000000000000000000, 0.000000000000000000, 1.000000000000000000 ) ) ;
#3713 = EDGE_LOOP ( 'NONE', ( #1039, #4109, #1587, #1307 ) ) ;
#3714 = CYLINDRICAL_SURFACE ( 'NONE', #4375, 0.0004499999999999779784 ) ;
#3715 = B_SPLINE_CURVE_WITH_KNOTS ( 'NONE', 3,
 ( #1360, #4956, #441, #2981 ),
 .UNSPECIFIED., .F., .F.,
 ( 4, 4 ),
 ( 0.000000000000000000, 1.000000000000000000 ),
 .UNSPECIFIED. ) ;
#3716 = DIRECTION ( 'NONE',  ( 0.000000000000000000, 1.000000000000000000, 0.000000000000000000 ) ) ;
#3717 = CARTESIAN_POINT ( 'NONE',  ( 0.003899999999999639866, -0.006031911562518000106, 0.0005638519319878100393 ) ) ;
#3718 = DIRECTION ( 'NONE',  ( 1.000000000000000000, 0.000000000000000000, 0.000000000000000000 ) ) ;
#3719 = ORIENTED_EDGE ( 'NONE', *, *, #1533, .F. ) ;
#3720 = ADVANCED_FACE ( 'NONE', ( #2202 ), #2736, .T. ) ;
#3721 = ORIENTED_EDGE ( 'NONE', *, *, #244, .F. ) ;
#3722 = DIRECTION ( 'NONE',  ( -1.000000000000000000, 0.000000000000000000, 0.000000000000000000 ) ) ;
#3723 = CARTESIAN_POINT ( 'NONE',  ( 0.004250000000000780064, -0.003034874002975440112, 0.001413640186379199913 ) ) ;
#3724 = EDGE_CURVE ( 'NONE', #5991, #5155, #2670, .T. ) ;
#3725 = CARTESIAN_POINT ( 'NONE',  ( 0.004300000000000580268, -0.001651457659363320075, 0.0003517152595627400110 ) ) ;
#3726 = DIRECTION ( 'NONE',  ( 0.000000000000000000, -1.000000000000000000, 0.000000000000000000 ) ) ;
#3727 = VECTOR ( 'NONE', #377, 1.000000000000000000 ) ;
#3728 = DIRECTION ( 'NONE',  ( -1.000000000000000000, 0.000000000000000000, 0.000000000000000000 ) ) ;
#3729 = VECTOR ( 'NONE', #3080, 1.000000000000000000 ) ;
#3730 = EDGE_LOOP ( 'NONE', ( #5436, #5353, #13, #2001 ) ) ;
#3731 = DIRECTION ( 'NONE',  ( 1.000000000000000000, 0.000000000000000000, 0.000000000000000000 ) ) ;
#3732 = EDGE_CURVE ( 'NONE', #3252, #3878, #3953, .T. ) ;
#3733 = VERTEX_POINT ( 'NONE', #692 ) ;
#3734 = DIRECTION ( 'NONE',  ( 1.000000000000000000, 0.000000000000000000, 0.000000000000000000 ) ) ;
#3735 = ORIENTED_EDGE ( 'NONE', *, *, #679, .T. ) ;
#3736 =( NAMED_UNIT ( * ) SI_UNIT ( $, .STERADIAN. ) SOLID_ANGLE_UNIT ( ) );
#3737 = CARTESIAN_POINT ( 'NONE',  ( 0.003842800000000579780, 0.0003999999999999240166, 0.001425999999999880054 ) ) ;
#3738 = FILL_AREA_STYLE ('',( #2675 ) ) ;
#3739 = LINE ( 'NONE', #3334, #5878 ) ;
#3740 = VECTOR ( 'NONE', #2219, 1.000000000000000000 ) ;
#3741 = EDGE_CURVE ( 'NONE', #6042, #6477, #4700, .T. ) ;
#3742 = CARTESIAN_POINT ( 'NONE',  ( -0.004300000000000580268, -0.006887964625008399962, -0.0002903407727950679980 ) ) ;
#3743 = PLANE ( 'NONE',  #761 ) ;
#3744 = EDGE_CURVE ( 'NONE', #5887, #2811, #5089, .T. ) ;
#3745 = CARTESIAN_POINT ( 'NONE',  ( 0.004300000000000580268, -0.002091113198820100053, 0.0007779833363192680028 ) ) ;
#3746 = EDGE_LOOP ( 'NONE', ( #1112, #3237, #5144, #6424 ) ) ;
#3747 = ORIENTED_EDGE ( 'NONE', *, *, #165, .F. ) ;
#3748 = CARTESIAN_POINT ( 'NONE',  ( 0.004250000000000780064, -0.002123236955806649673, -0.0001582300252887959948 ) ) ;
#3749 = ORIENTED_EDGE ( 'NONE', *, *, #6006, .F. ) ;
#3750 = CARTESIAN_POINT ( 'NONE',  ( 0.004300000000000580268, -0.003049663416152459915, 0.0001308840876105750201 ) ) ;
#3751 = ORIENTED_EDGE ( 'NONE', *, *, #5525, .F. ) ;
#3752 = FACE_OUTER_BOUND ( 'NONE', #5282, .T. ) ;
#3753 = ORIENTED_EDGE ( 'NONE', *, *, #5525, .T. ) ;
#3754 = ORIENTED_EDGE ( 'NONE', *, *, #4291, .F. ) ;
#3755 = CARTESIAN_POINT ( 'NONE',  ( 0.001999999999999869937, 0.0003999999999999240166, 0.001099999999999920052 ) ) ;
#3756 = FACE_OUTER_BOUND ( 'NONE', #1674, .T. ) ;
#3757 = CARTESIAN_POINT ( 'NONE',  ( 0.002890000000001140355, -0.002779999999999039750, -0.001649999999999999991 ) ) ;
#3758 = EDGE_CURVE ( 'NONE', #1324, #392, #2208, .T. ) ;
#3759 = CARTESIAN_POINT ( 'NONE',  ( 0.003842800000000579780, 0.000000000000000000, 0.001750000000000109975 ) ) ;
#3760 = COLOUR_RGB ( '',0.7921568627450980005, 0.8196078431372548767, 0.9333333333333333481 ) ;
#3761 = VERTEX_POINT ( 'NONE', #5239 ) ;
#3762 = DIRECTION ( 'NONE',  ( 0.000000000000000000, 0.000000000000000000, 1.000000000000000000 ) ) ;
#3763 = ORIENTED_EDGE ( 'NONE', *, *, #3896, .F. ) ;
#3764 = DIRECTION ( 'NONE',  ( 0.000000000000000000, 0.000000000000000000, -1.000000000000000000 ) ) ;
#3765 = EDGE_CURVE ( 'NONE', #3881, #1185, #3656, .T. ) ;
#3766 = ORIENTED_EDGE ( 'NONE', *, *, #4245, .F. ) ;
#3767 = SHAPE_DEFINITION_REPRESENTATION ( #141, #2488 ) ;
#3768 = LINE ( 'NONE', #3265, #1686 ) ;
#3769 = DIRECTION ( 'NONE',  ( 0.000000000000000000, 0.000000000000000000, 1.000000000000000000 ) ) ;
#3770 = EDGE_CURVE ( 'NONE', #4329, #5813, #5406, .T. ) ;
#3771 = ORIENTED_EDGE ( 'NONE', *, *, #369, .F. ) ;
#3772 = VERTEX_POINT ( 'NONE', #3294 ) ;
#3773 = VERTEX_POINT ( 'NONE', #5343 ) ;
#3774 = DIRECTION ( 'NONE',  ( 0.000000000000000000, 0.000000000000000000, 1.000000000000000000 ) ) ;
#3775 = LINE ( 'NONE', #5852, #2645 ) ;
#3776 = EDGE_LOOP ( 'NONE', ( #4172, #1971, #5140, #2938 ) ) ;
#3777 = VECTOR ( 'NONE', #5725, 1.000000000000000000 ) ;
#3778 = ORIENTED_EDGE ( 'NONE', *, *, #762, .T. ) ;
#3779 = CARTESIAN_POINT ( 'NONE',  ( 0.003899999999999639866, -0.006031911562518000106, 0.0005638519319878100393 ) ) ;
#3780 = EDGE_CURVE ( 'NONE', #5155, #5765, #3697, .T. ) ;
#3781 = AXIS2_PLACEMENT_3D ( 'NONE', #677, #1627, #3645 ) ;
#3782 = DIRECTION ( 'NONE',  ( 0.000000000000000000, 1.000000000000000000, 0.000000000000000000 ) ) ;
#3783 = ORIENTED_EDGE ( 'NONE', *, *, #1785, .F. ) ;
#3784 = VECTOR ( 'NONE', #1929, 1.000000000000000000 ) ;
#3785 = CARTESIAN_POINT ( 'NONE',  ( 0.004250000000000780064, -0.002873465797042180046, 0.0001756815974632300000 ) ) ;
#3786 = DIRECTION ( 'NONE',  ( 0.000000000000000000, 0.8054274256926792219, -0.5926944085631851156 ) ) ;
#3787 = CARTESIAN_POINT ( 'NONE',  ( 0.004250000000000780064, -0.001714645244342229927, 0.001271506109511520016 ) ) ;
#3788 = AXIS2_PLACEMENT_3D ( 'NONE', #5041, #40, #2096 ) ;
#3789 = FACE_OUTER_BOUND ( 'NONE', #1318, .T. ) ;
#3790 = CARTESIAN_POINT ( 'NONE',  ( -0.001799999999999909962, -0.0005000000000000319944, 0.001500000000000099995 ) ) ;
#3791 = CARTESIAN_POINT ( 'NONE',  ( 0.004300000000000580268, -0.001782126174542128559, 0.0009100736086841413513 ) ) ;
#3792 = EDGE_LOOP ( 'NONE', ( #5491, #2133, #3366, #667, #5572, #5806, #1912, #2959 ) ) ;
#3793 = VERTEX_POINT ( 'NONE', #657 ) ;
#3794 = CARTESIAN_POINT ( 'NONE',  ( -0.004300000000000580268, -0.004300000000000580268, 0.0008400108938549639796 ) ) ;
#3795 = PLANE ( 'NONE',  #6491 ) ;
#3796 = PLANE ( 'NONE',  #1021 ) ;
#3797 = ORIENTED_EDGE ( 'NONE', *, *, #1697, .F. ) ;
#3798 = CARTESIAN_POINT ( 'NONE',  ( 0.002890000000001140355, -0.003600000000000839941, -0.001649999999999999991 ) ) ;
#3799 = DIRECTION ( 'NONE',  ( 0.000000000000000000, -0.8907354010376800080, -0.4545222165507900036 ) ) ;
#3800 = VECTOR ( 'NONE', #10, 1.000000000000000000 ) ;
#3801 = DIRECTION ( 'NONE',  ( 0.000000000000000000, -0.9762901350764598973, -0.2164660993143910084 ) ) ;
#3802 = EDGE_CURVE ( 'NONE', #3435, #495, #1706, .T. ) ;
#3803 = EDGE_CURVE ( 'NONE', #1429, #4027, #1205, .T. ) ;
#3804 = CARTESIAN_POINT ( 'NONE',  ( 0.004099999999998840683, -0.0002286000000000000000, -0.001425999999999880054 ) ) ;
#3805 = VERTEX_POINT ( 'NONE', #4897 ) ;
#3806 = VERTEX_POINT ( 'NONE', #5371 ) ;
#3807 = CARTESIAN_POINT ( 'NONE',  ( -0.004099999999998840683, -0.002178600000000069977, 0.002150000000000039900 ) ) ;
#3808 = DIRECTION ( 'NONE',  ( 0.000000000000000000, 1.000000000000000000, 0.000000000000000000 ) ) ;
#3809 = ADVANCED_FACE ( 'NONE', ( #5497 ), #3830, .T. ) ;
#3810 = VERTEX_POINT ( 'NONE', #1401 ) ;
#3811 = VECTOR ( 'NONE', #5581, 1.000000000000000000 ) ;
#3812 = VERTEX_POINT ( 'NONE', #5401 ) ;
#3813 = LINE ( 'NONE', #5358, #3068 ) ;
#3814 = VECTOR ( 'NONE', #2101, 1.000000000000000000 ) ;
#3815 = PRESENTATION_LAYER_ASSIGNMENT (  '', '', ( #3709 ) ) ;
#3816 = LINE ( 'NONE', #3247, #4592 ) ;
#3817 = AXIS2_PLACEMENT_3D ( 'NONE', #4440, #332, #3877 ) ;
#3818 = ADVANCED_FACE ( 'NONE', ( #3893 ), #315, .F. ) ;
#3819 = ORIENTED_EDGE ( 'NONE', *, *, #3552, .T. ) ;
#3820 = AXIS2_PLACEMENT_3D ( 'NONE', #2794, #306, #171 ) ;
#3821 = CARTESIAN_POINT ( 'NONE',  ( -0.003842800000000579780, -0.003600000000000839941, -0.001750000000000109975 ) ) ;
#3822 = DIRECTION ( 'NONE',  ( 0.000000000000000000, -1.000000000000000000, 0.000000000000000000 ) ) ;
#3823 = VECTOR ( 'NONE', #717, 1.000000000000000000 ) ;
#3824 = DIRECTION ( 'NONE',  ( 0.000000000000000000, 0.000000000000000000, -1.000000000000000000 ) ) ;
#3825 = EDGE_CURVE ( 'NONE', #3194, #3772, #1897, .T. ) ;
#3826 = FACE_OUTER_BOUND ( 'NONE', #5042, .T. ) ;
#3827 = DIRECTION ( 'NONE',  ( 1.000000000000000000, 0.000000000000000000, 0.000000000000000000 ) ) ;
#3828 = CARTESIAN_POINT ( 'NONE',  ( 0.004300000000000580268, -0.003000877937190719880, 5.256337194652819475E-05 ) ) ;
#3829 = ORIENTED_EDGE ( 'NONE', *, *, #2545, .T. ) ;
#3830 = PLANE ( 'NONE',  #497 ) ;
#3831 = CARTESIAN_POINT ( 'NONE',  ( -0.002890000000001140355, -0.002779999999999039750, 0.001750000000000109975 ) ) ;
#3832 = MECHANICAL_DESIGN_GEOMETRIC_PRESENTATION_REPRESENTATION (  '', ( #2976 ), #2352 ) ;
#3833 = ORIENTED_EDGE ( 'NONE', *, *, #3361, .F. ) ;
#3834 = LINE ( 'NONE', #6380, #728 ) ;
#3835 = CARTESIAN_POINT ( 'NONE',  ( 0.004250000000000780064, -0.002873877937190719937, -0.0001593887805940390049 ) ) ;
#3836 = CYLINDRICAL_SURFACE ( 'NONE', #5559, 0.0003810000000000000452 ) ;
#3837 = COLOUR_RGB ( '',0.000000000000000000, 0.000000000000000000, 0.000000000000000000 ) ;
#3838 = AXIS2_PLACEMENT_3D ( 'NONE', #4936, #2403, #6007 ) ;
#3839 =( NAMED_UNIT ( * ) SI_UNIT ( $, .STERADIAN. ) SOLID_ANGLE_UNIT ( ) );
#3840 = DIRECTION ( 'NONE',  ( -1.000000000000000000, 0.000000000000000000, 0.000000000000000000 ) ) ;
#3841 = DIRECTION ( 'NONE',  ( 0.000000000000000000, -1.000000000000000000, 0.000000000000000000 ) ) ;
#3842 = ORIENTED_EDGE ( 'NONE', *, *, #4718, .T. ) ;
#3843 = DIRECTION ( 'NONE',  ( 0.000000000000000000, 1.000000000000000000, 0.000000000000000000 ) ) ;
#3844 = ORIENTED_EDGE ( 'NONE', *, *, #6100, .T. ) ;
#3845 = COLOUR_RGB ( '',0.9882352941176471006, 0.7372549019607843590, 0.5176470588235293491 ) ;
#3846 = EDGE_CURVE ( 'NONE', #6581, #2814, #3955, .T. ) ;
#3847 = LINE ( 'NONE', #3344, #4449 ) ;
#3848 = VECTOR ( 'NONE', #664, 1.000000000000000000 ) ;
#3849 = CYLINDRICAL_SURFACE ( 'NONE', #2143, 0.0004499999999999781952 ) ;
#3850 = VERTEX_POINT ( 'NONE', #4421 ) ;
#3851 = EDGE_CURVE ( 'NONE', #2284, #237, #1926, .T. ) ;
#3852 = CARTESIAN_POINT ( 'NONE',  ( 0.004300000000000580268, -0.005725969598507800636, 0.0005963953452224180331 ) ) ;
#3853 = ADVANCED_FACE ( 'NONE', ( #2923 ), #1369, .T. ) ;
#3854 = DIRECTION ( 'NONE',  ( 0.000000000000000000, -1.000000000000000000, 0.000000000000000000 ) ) ;
#3855 = FACE_OUTER_BOUND ( 'NONE', #4434, .T. ) ;
#3856 = DIRECTION ( 'NONE',  ( 0.000000000000000000, -1.000000000000000000, 0.000000000000000000 ) ) ;
#3857 = DIRECTION ( 'NONE',  ( 0.000000000000000000, -1.000000000000000000, 0.000000000000000000 ) ) ;
#3858 = ADVANCED_FACE ( 'NONE', ( #5902 ), #3923, .F. ) ;
#3859 = ORIENTED_EDGE ( 'NONE', *, *, #870, .F. ) ;
#3860 = DIRECTION ( 'NONE',  ( 1.000000000000000000, 0.000000000000000000, 0.000000000000000000 ) ) ;
#3861 = LINE ( 'NONE', #4391, #1345 ) ;
#3862 = DIRECTION ( 'NONE',  ( 0.000000000000000000, 0.000000000000000000, -1.000000000000000000 ) ) ;
#3863 = ORIENTED_EDGE ( 'NONE', *, *, #5803, .F. ) ;
#3864 = CARTESIAN_POINT ( 'NONE',  ( -0.003042800000001239912, -0.003600000000000839941, -0.001700000000000059970 ) ) ;
#3865 = DIRECTION ( 'NONE',  ( -1.000000000000000000, 0.000000000000000000, 0.000000000000000000 ) ) ;
#3866 = CARTESIAN_POINT ( 'NONE',  ( -0.003899999999999639866, -5.720000000000000122E-05, 0.001425999999999880054 ) ) ;
#3867 = VERTEX_POINT ( 'NONE', #3392 ) ;
#3868 = CARTESIAN_POINT ( 'NONE',  ( 0.004300000000000580268, -0.001563078422692379876, -0.001237022468539899969 ) ) ;
#3869 = VERTEX_POINT ( 'NONE', #5431 ) ;
#3870 = ORIENTED_EDGE ( 'NONE', *, *, #4170, .F. ) ;
#3871 = CARTESIAN_POINT ( 'NONE',  ( 0.004300000000000580268, -0.002872783881127826365, 0.0002622406176757823850 ) ) ;
#3872 =( GEOMETRIC_REPRESENTATION_CONTEXT ( 3 ) GLOBAL_UNCERTAINTY_ASSIGNED_CONTEXT ( ( #6543 ) ) GLOBAL_UNIT_ASSIGNED_CONTEXT ( ( #5779, #4637, #3736 ) ) REPRESENTATION_CONTEXT ( 'NONE', 'WORKASPACE' ) );
#3873 = CARTESIAN_POINT ( 'NONE',  ( 0.001500000000000099995, 0.004400000000000180676, -0.001000000000000060086 ) ) ;
#3874 = ORIENTED_EDGE ( 'NONE', *, *, #4665, .F. ) ;
#3875 = DIRECTION ( 'NONE',  ( 0.000000000000000000, 0.000000000000000000, 1.000000000000000000 ) ) ;
#3876 = VERTEX_POINT ( 'NONE', #3422 ) ;
#3877 = DIRECTION ( 'NONE',  ( 0.000000000000000000, -0.9525615905351911827, 0.3043458825695970482 ) ) ;
#3878 = VERTEX_POINT ( 'NONE', #4864 ) ;
#3879 = DIRECTION ( 'NONE',  ( 0.000000000000000000, 1.000000000000000000, 0.000000000000000000 ) ) ;
#3880 = EDGE_CURVE ( 'NONE', #5292, #6365, #2366, .T. ) ;
#3881 = VERTEX_POINT ( 'NONE', #6375 ) ;
#3882 = DIRECTION ( 'NONE',  ( 1.000000000000000000, 0.000000000000000000, 0.000000000000000000 ) ) ;
#3883 = CIRCLE ( 'NONE', #1014, 0.0007619999999999998736 ) ;
#3884 = EDGE_CURVE ( 'NONE', #3878, #5325, #2689, .T. ) ;
#3885 = CARTESIAN_POINT ( 'NONE',  ( 0.003042800000001239912, -0.004049999999999039611, 0.001211539816339700024 ) ) ;
#3886 = EDGE_CURVE ( 'NONE', #5107, #2337, #4339, .T. ) ;
#3887 = AXIS2_PLACEMENT_3D ( 'NONE', #4659, #71, #2563 ) ;
#3888 = DIRECTION ( 'NONE',  ( 0.000000000000000000, 0.000000000000000000, 1.000000000000000000 ) ) ;
#3889 = FACE_OUTER_BOUND ( 'NONE', #1372, .T. ) ;
#3890 = EDGE_CURVE ( 'NONE', #77, #778, #3326, .T. ) ;
#3891 = LINE ( 'NONE', #790, #4056 ) ;
#3892 = COLOUR_RGB ( '',0.9882352941176471006, 0.7372549019607843590, 0.5176470588235293491 ) ;
#3893 = FACE_OUTER_BOUND ( 'NONE', #813, .T. ) ;
#3894 = CARTESIAN_POINT ( 'NONE',  ( 0.004300000000000580268, -0.002287153523872530094, 0.001022497690101110187 ) ) ;
#3895 = CARTESIAN_POINT ( 'NONE',  ( 0.004250000000000780064, -0.002387783423741360236, 5.429662822374759629E-05 ) ) ;
#3896 = EDGE_CURVE ( 'NONE', #5907, #2088, #832, .T. ) ;
#3897 = ORIENTED_EDGE ( 'NONE', *, *, #2342, .T. ) ;
#3898 = PLANE ( 'NONE',  #4345 ) ;
#3899 = DIRECTION ( 'NONE',  ( 1.000000000000000000, 0.000000000000000000, 0.000000000000000000 ) ) ;
#3900 = ORIENTED_EDGE ( 'NONE', *, *, #1257, .T. ) ;
#3901 = PLANE ( 'NONE',  #962 ) ;
#3902 = CARTESIAN_POINT ( 'NONE',  ( 0.002016701440000029984, -0.004049999999999039611, 0.005978539816340699628 ) ) ;
#3903 = LINE ( 'NONE', #2473, #2539 ) ;
#3904 = ORIENTED_EDGE ( 'NONE', *, *, #5561, .F. ) ;
#3905 = LINE ( 'NONE', #6452, #2720 ) ;
#3906 = AXIS2_PLACEMENT_3D ( 'NONE', #5672, #6080, #1069 ) ;
#3907 = ORIENTED_EDGE ( 'NONE', *, *, #4365, .F. ) ;
#3908 = CARTESIAN_POINT ( 'NONE',  ( -0.003842800000000579780, 0.000000000000000000, -0.001750000000000109975 ) ) ;
#3909 = EDGE_CURVE ( 'NONE', #3773, #3733, #891, .T. ) ;
#3910 = VERTEX_POINT ( 'NONE', #4357 ) ;
#3911 = AXIS2_PLACEMENT_3D ( 'NONE', #2730, #1729, #177 ) ;
#3912 = DIRECTION ( 'NONE',  ( 1.000000000000000000, 0.000000000000000000, 0.000000000000000000 ) ) ;
#3913 = ORIENTED_EDGE ( 'NONE', *, *, #3077, .F. ) ;
#3914 = AXIS2_PLACEMENT_3D ( 'NONE', #4029, #2065, #12 ) ;
#3915 = CARTESIAN_POINT ( 'NONE',  ( 0.004300000000000580268, -0.002408964319676409893, 8.038905277313500232E-05 ) ) ;
#3916 = FACE_OUTER_BOUND ( 'NONE', #4405, .T. ) ;
#3917 = VECTOR ( 'NONE', #1467, 1.000000000000000000 ) ;
#3918 = CARTESIAN_POINT ( 'NONE',  ( 0.004250000000000780931, -0.001963505093612130138, 0.001382227156462179996 ) ) ;
#3919 = DIRECTION ( 'NONE',  ( 0.000000000000000000, -1.000000000000000000, 0.000000000000000000 ) ) ;
#3920 = AXIS2_PLACEMENT_3D ( 'NONE', #883, #4921, #6463 ) ;
#3921 = EDGE_CURVE ( 'NONE', #3966, #702, #1430, .T. ) ;
#3922 = DIRECTION ( 'NONE',  ( 0.000000000000000000, 0.000000000000000000, -1.000000000000000000 ) ) ;
#3923 = PLANE ( 'NONE',  #5516 ) ;
#3924 = CARTESIAN_POINT ( 'NONE',  ( -0.001320000000000050083, -0.001000000000000060086, 0.002150000000000039900 ) ) ;
#3925 = CARTESIAN_POINT ( 'NONE',  ( 0.004250000000000779196, -0.002556605856158560269, 0.0003623003822010015034 ) ) ;
#3926 = ORIENTED_EDGE ( 'NONE', *, *, #6113, .F. ) ;
#3927 = DIRECTION ( 'NONE',  ( 1.000000000000000000, 0.000000000000000000, 0.000000000000000000 ) ) ;
#3928 = CARTESIAN_POINT ( 'NONE',  ( 0.002249999999999889675, -0.003600000000000839941, -0.0001500000000000099886 ) ) ;
#3929 = VERTEX_POINT ( 'NONE', #922 ) ;
#3930 = EDGE_CURVE ( 'NONE', #5119, #2834, #2955, .T. ) ;
#3931 = CARTESIAN_POINT ( 'NONE',  ( 0.004300000000000580268, -0.001563078422692379876, -0.0009494709423883280737 ) ) ;
#3932 = ORIENTED_EDGE ( 'NONE', *, *, #5014, .T. ) ;
#3933 = LINE ( 'NONE', #4938, #4872 ) ;
#3934 = DIRECTION ( 'NONE',  ( 1.000000000000000000, 0.000000000000000000, 0.000000000000000000 ) ) ;
#3935 = EDGE_LOOP ( 'NONE', ( #1343, #2305, #3182, #2108 ) ) ;
#3936 = DIRECTION ( 'NONE',  ( -1.000000000000000000, 0.000000000000000000, 0.000000000000000000 ) ) ;
#3937 = ORIENTED_EDGE ( 'NONE', *, *, #3890, .T. ) ;
#3938 = EDGE_CURVE ( 'NONE', #5718, #2357, #1091, .T. ) ;
#3939 = AXIS2_PLACEMENT_3D ( 'NONE', #6041, #491, #4214 ) ;
#3940 = LINE ( 'NONE', #1417, #6310 ) ;
#3941 = EDGE_CURVE ( 'NONE', #5648, #1937, #1957, .T. ) ;
#3942 = ORIENTED_EDGE ( 'NONE', *, *, #5078, .T. ) ;
#3943 = ORIENTED_EDGE ( 'NONE', *, *, #3107, .F. ) ;
#3944 = DIRECTION ( 'NONE',  ( 0.000000000000000000, 1.000000000000000000, 0.000000000000000000 ) ) ;
#3945 = ORIENTED_EDGE ( 'NONE', *, *, #4006, .F. ) ;
#3946 = DIRECTION ( 'NONE',  ( 0.000000000000000000, 0.000000000000000000, 1.000000000000000000 ) ) ;
#3947 = VECTOR ( 'NONE', #6455, 1.000000000000000000 ) ;
#3948 = PRESENTATION_LAYER_ASSIGNMENT (  '', '', ( #3201 ) ) ;
#3949 = CARTESIAN_POINT ( 'NONE',  ( 0.003042800000001239912, -0.003600000000000839941, -0.001750000000000109975 ) ) ;
#3950 = CARTESIAN_POINT ( 'NONE',  ( 0.004300000000000578533, -0.002903009401185739809, 0.001512986916169979960 ) ) ;
#3951 = CARTESIAN_POINT ( 'NONE',  ( -0.002890000000001140355, -0.003600000000000839941, -0.002150000000000039900 ) ) ;
#3952 = LINE ( 'NONE', #3390, #5880 ) ;
#3953 = B_SPLINE_CURVE_WITH_KNOTS ( 'NONE', 3,
 ( #5775, #2771, #4225, #2168 ),
 .UNSPECIFIED., .F., .F.,
 ( 4, 4 ),
 ( 0.000000000000000000, 1.000000000000000000 ),
 .UNSPECIFIED. ) ;
#3954 = ORIENTED_EDGE ( 'NONE', *, *, #785, .F. ) ;
#3955 = LINE ( 'NONE', #1832, #3586 ) ;
#3956 = EDGE_CURVE ( 'NONE', #2802, #525, #1574, .T. ) ;
#3957 = CARTESIAN_POINT ( 'NONE',  ( -0.003842800000000579780, -0.004049999999999039611, -0.001700000000000059970 ) ) ;
#3958 = CARTESIAN_POINT ( 'NONE',  ( 0.003842800000000579780, 0.000000000000000000, -0.002150000000000039900 ) ) ;
#3959 = ORIENTED_EDGE ( 'NONE', *, *, #586, .T. ) ;
#3960 = CARTESIAN_POINT ( 'NONE',  ( 0.003842800000000579780, -0.002183499999999900364, -0.001950000000000069950 ) ) ;
#3961 = CARTESIAN_POINT ( 'NONE',  ( 0.003899999999999639866, -0.004300000000000580268, 0.002150000000000039900 ) ) ;
#3962 = CARTESIAN_POINT ( 'NONE',  ( -0.004099999999998840683, -0.0003999999999999240166, 0.001787999999999960194 ) ) ;
#3963 = ORIENTED_EDGE ( 'NONE', *, *, #5686, .F. ) ;
#3964 = EDGE_CURVE ( 'NONE', #431, #3812, #3493, .T. ) ;
#3965 = CARTESIAN_POINT ( 'NONE',  ( 0.004300000000000580268, -0.003073877937189919887, 1.531311584405000063E-05 ) ) ;
#3966 = VERTEX_POINT ( 'NONE', #1466 ) ;
#3967 = CARTESIAN_POINT ( 'NONE',  ( 0.004300000000000580268, -0.002091113198820100053, 0.0003651624846037199840 ) ) ;
#3968 = VERTEX_POINT ( 'NONE', #1563 ) ;
#3969 = ADVANCED_FACE ( 'NONE', ( #3051 ), #5101, .T. ) ;
#3970 = CARTESIAN_POINT ( 'NONE',  ( 0.003842800000000579780, -0.004049999999999039611, -0.001700000000000059970 ) ) ;
#3971 = VERTEX_POINT ( 'NONE', #6535 ) ;
#3972 = CYLINDRICAL_SURFACE ( 'NONE', #4765, 0.0003047999999999998736 ) ;
#3973 = VERTEX_POINT ( 'NONE', #4055 ) ;
#3974 = EDGE_CURVE ( 'NONE', #6244, #56, #2527, .T. ) ;
#3975 = CARTESIAN_POINT ( 'NONE',  ( 0.004300000000000581135, -0.002275809937049459893, -0.0002217595846691989897 ) ) ;
#3976 = LINE ( 'NONE', #6597, #3513 ) ;
#3977 = CARTESIAN_POINT ( 'NONE',  ( 0.004250000000000780931, -0.001651457659363320075, 0.0003517152595627400110 ) ) ;
#3978 = DIRECTION ( 'NONE',  ( 0.000000000000000000, 0.9621120973021449752, 0.2726541989863129900 ) ) ;
#3979 = ORIENTED_EDGE ( 'NONE', *, *, #2066, .F. ) ;
#3980 = VECTOR ( 'NONE', #5929, 1.000000000000000000 ) ;
#3981 = CARTESIAN_POINT ( 'NONE',  ( 0.004300000000000580268, -0.002691877937190499757, -0.0003057567717386688649 ) ) ;
#3982 = CARTESIAN_POINT ( 'NONE',  ( 0.002890000000001140355, -0.003600000000000839941, -0.002150000000000039900 ) ) ;
#3983 = ORIENTED_EDGE ( 'NONE', *, *, #4532, .T. ) ;
#3984 = VECTOR ( 'NONE', #4459, 1.000000000000000000 ) ;
#3985 = CARTESIAN_POINT ( 'NONE',  ( 0.004300000000000580268, -0.004300000000000580268, -0.002150000000000039900 ) ) ;
#3986 = CARTESIAN_POINT ( 'NONE',  ( 0.004250000000000780064, -0.001782126174542660035, 0.0009100736087462719904 ) ) ;
#3987 = LINE ( 'NONE', #1535, #3990 ) ;
#3988 = ORIENTED_EDGE ( 'NONE', *, *, #5688, .T. ) ;
#3989 = LINE ( 'NONE', #926, #5201 ) ;
#3990 = VECTOR ( 'NONE', #5535, 1.000000000000000000 ) ;
#3991 = LINE ( 'NONE', #3866, #6032 ) ;
#3992 = ORIENTED_EDGE ( 'NONE', *, *, #1493, .F. ) ;
#3993 = UNCERTAINTY_MEASURE_WITH_UNIT (LENGTH_MEASURE( 1.000000000000000082E-05 ), #5349, 'distance_accuracy_value', 'NONE');
#3994 = DIRECTION ( 'NONE',  ( 0.000000000000000000, 1.000000000000000000, 0.000000000000000000 ) ) ;
#3995 = VERTEX_POINT ( 'NONE', #5534 ) ;
#3996 = DIRECTION ( 'NONE',  ( 1.000000000000000000, 0.000000000000000000, 0.000000000000000000 ) ) ;
#3997 = DIRECTION ( 'NONE',  ( 0.000000000000000000, 0.09715275786380664358, 0.9952694819190711639 ) ) ;
#3998 = ORIENTED_EDGE ( 'NONE', *, *, #6230, .T. ) ;
#3999 = CARTESIAN_POINT ( 'NONE',  ( -0.003899999999999639866, -0.006031911562518000106, 0.0005638519319878100393 ) ) ;
#4000 = CARTESIAN_POINT ( 'NONE',  ( -0.003842800000000579780, 0.0003999999999999240166, 0.001425999999999880054 ) ) ;
#4001 = CARTESIAN_POINT ( 'NONE',  ( 0.004300000000000580268, -0.002466887631423659959, 0.0003419275938955400134 ) ) ;
#4002 = ADVANCED_FACE ( 'NONE', ( #6174 ), #1094, .T. ) ;
#4003 = CARTESIAN_POINT ( 'NONE',  ( 0.004300000000000580268, -0.002516253444455609882, 0.0004514923470089280007 ) ) ;
#4004 = ORIENTED_EDGE ( 'NONE', *, *, #6476, .T. ) ;
#4005 = LINE ( 'NONE', #6055, #5872 ) ;
#4006 = EDGE_CURVE ( 'NONE', #1719, #3850, #2990, .T. ) ;
#4007 = FILL_AREA_STYLE ('',( #6402 ) ) ;
#4008 = ORIENTED_EDGE ( 'NONE', *, *, #2626, .T. ) ;
#4009 = CARTESIAN_POINT ( 'NONE',  ( 0.004250000000000780064, -0.002123236955806649673, -0.0001582300252887959948 ) ) ;
#4010 = VECTOR ( 'NONE', #6182, 1.000000000000000000 ) ;
#4011 = DIRECTION ( 'NONE',  ( 0.000000000000000000, -1.000000000000000000, 0.000000000000000000 ) ) ;
#4012 = EDGE_CURVE ( 'NONE', #4714, #1486, #1063, .T. ) ;
#4013 = PLANE ( 'NONE',  #4954 ) ;
#4014 = LINE ( 'NONE', #3951, #5386 ) ;
#4015 = COLOUR_RGB ( '',0.000000000000000000, 0.000000000000000000, 0.000000000000000000 ) ;
#4016 = VECTOR ( 'NONE', #977, 1.000000000000000000 ) ;
#4017 = LINE ( 'NONE', #1837, #184 ) ;
#4018 = AXIS2_PLACEMENT_3D ( 'NONE', #626, #694, #6284 ) ;
#4019 = EDGE_CURVE ( 'NONE', #421, #3155, #6571, .T. ) ;
#4020 = CARTESIAN_POINT ( 'NONE',  ( 0.0002499999999999910063, -0.003600000000000839941, -0.0001500000000000099886 ) ) ;
#4021 = DIRECTION ( 'NONE',  ( 1.000000000000000000, 0.000000000000000000, 0.000000000000000000 ) ) ;
#4022 = LINE ( 'NONE', #5465, #3784 ) ;
#4023 = VERTEX_POINT ( 'NONE', #5601 ) ;
#4024 = ORIENTED_EDGE ( 'NONE', *, *, #6058, .T. ) ;
#4025 = DIRECTION ( 'NONE',  ( 1.000000000000000000, 0.000000000000000000, 0.000000000000000000 ) ) ;
#4026 = DIRECTION ( 'NONE',  ( 0.000000000000000000, 1.000000000000000000, 0.000000000000000000 ) ) ;
#4027 = VERTEX_POINT ( 'NONE', #3621 ) ;
#4028 = LINE ( 'NONE', #5141, #5932 ) ;
#4029 = CARTESIAN_POINT ( 'NONE',  ( -0.004099999999998840683, -0.0003999999999999240166, -0.001787999999999960194 ) ) ;
#4030 = ORIENTED_EDGE ( 'NONE', *, *, #6202, .F. ) ;
#4031 = DIRECTION ( 'NONE',  ( 0.000000000000000000, 0.000000000000000000, 1.000000000000000000 ) ) ;
#4032 = CARTESIAN_POINT ( 'NONE',  ( 0.004300000000000580268, -0.002085153523872569636, 3.612336017497920330E-05 ) ) ;
#4033 = B_SPLINE_SURFACE_WITH_KNOTS ( 'NONE', 3, 1, ( 
 ( #4969, #4426 ),
 ( #2306, #840 ),
 ( #3331, #4362 ),
 ( #5467, #2927 ) ),
 .UNSPECIFIED., .F., .F., .F.,
 ( 4, 4 ),
 ( 2, 2 ),
 ( 0.03604364861014705546, 0.9521754577248786600 ),
 ( 0.000000000000000000, 1.000000000000000000 ),
 .UNSPECIFIED. ) ;
#4034 = DIRECTION ( 'NONE',  ( 0.000000000000000000, 0.000000000000000000, -1.000000000000000000 ) ) ;
#4035 = ORIENTED_EDGE ( 'NONE', *, *, #4219, .F. ) ;
#4036 = VERTEX_POINT ( 'NONE', #4085 ) ;
#4037 = CARTESIAN_POINT ( 'NONE',  ( -0.004099999999998840683, -0.006795199999999540670, 0.000000000000000000 ) ) ;
#4038 = VERTEX_POINT ( 'NONE', #4623 ) ;
#4039 = CARTESIAN_POINT ( 'NONE',  ( 0.004300000000000580268, -0.003073877937189919887, -0.001423554856704510119 ) ) ;
#4040 = LINE ( 'NONE', #1647, #2422 ) ;
#4041 = EDGE_CURVE ( 'NONE', #4587, #966, #2492, .T. ) ;
#4042 = AXIS2_PLACEMENT_3D ( 'NONE', #2870, #5380, #356 ) ;
#4043 = ORIENTED_EDGE ( 'NONE', *, *, #4510, .F. ) ;
#4044 = CARTESIAN_POINT ( 'NONE',  ( 0.004300000000000581135, -0.002240204847486350175, -0.0002234325229673849984 ) ) ;
#4045 = CIRCLE ( 'NONE', #3939, 0.0007619999999999998736 ) ;
#4046 = CARTESIAN_POINT ( 'NONE',  ( 0.004250000000000780064, -0.002697148188278899322, -6.824093142646019496E-05 ) ) ;
#4047 = EDGE_CURVE ( 'NONE', #495, #3805, #3117, .T. ) ;
#4048 = FACE_OUTER_BOUND ( 'NONE', #3133, .T. ) ;
#4049 = CARTESIAN_POINT ( 'NONE',  ( 0.004300000000000580268, -0.003073877937189919887, -0.001423554856704510119 ) ) ;
#4050 = VERTEX_POINT ( 'NONE', #1597 ) ;
#4051 = EDGE_CURVE ( 'NONE', #636, #4703, #1996, .T. ) ;
#4052 = CARTESIAN_POINT ( 'NONE',  ( 0.004300000000000580268, -0.002764995330929300582, -0.0002687634428966413874 ) ) ;
#4053 = AXIS2_PLACEMENT_3D ( 'NONE', #5181, #6623, #1109 ) ;
#4054 = ORIENTED_EDGE ( 'NONE', *, *, #5234, .T. ) ;
#4055 = CARTESIAN_POINT ( 'NONE',  ( 0.003899999999999639866, -0.006887964625008399962, -0.0002903407727950679980 ) ) ;
#4056 = VECTOR ( 'NONE', #2920, 1.000000000000000000 ) ;
#4057 = DIRECTION ( 'NONE',  ( -1.000000000000000000, 0.000000000000000000, 0.000000000000000000 ) ) ;
#4058 = CARTESIAN_POINT ( 'NONE',  ( 0.004250000000000779196, -0.002684943035460265331, 0.0004950325516963955579 ) ) ;
#4059 = ORIENTED_EDGE ( 'NONE', *, *, #1111, .F. ) ;
#4060 = ADVANCED_FACE ( 'NONE', ( #6072 ), #3587, .F. ) ;
#4061 =( NAMED_UNIT ( * ) SI_UNIT ( $, .STERADIAN. ) SOLID_ANGLE_UNIT ( ) );
#4062 = ORIENTED_EDGE ( 'NONE', *, *, #3317, .T. ) ;
#4063 = CARTESIAN_POINT ( 'NONE',  ( 0.004250000000000780064, -0.003073877937189919887, -0.0009478421536527700418 ) ) ;
#4064 = ORIENTED_EDGE ( 'NONE', *, *, #1662, .F. ) ;
#4065 = CARTESIAN_POINT ( 'NONE',  ( 0.004250000000000780064, -0.002288153523872519818, 0.0001303904331904180019 ) ) ;
#4066 = EDGE_LOOP ( 'NONE', ( #5442, #2402, #2879, #5469 ) ) ;
#4067 = CARTESIAN_POINT ( 'NONE',  ( 0.004300000000000580268, -0.004300000000000580268, 0.0004572000000000000001 ) ) ;
#4068 = ORIENTED_EDGE ( 'NONE', *, *, #2864, .F. ) ;
#4069 = DIRECTION ( 'NONE',  ( -1.000000000000000000, 0.000000000000000000, 0.000000000000000000 ) ) ;
#4070 = ORIENTED_EDGE ( 'NONE', *, *, #5409, .T. ) ;
#4071 = DIRECTION ( 'NONE',  ( 1.000000000000000000, 0.000000000000000000, 0.000000000000000000 ) ) ;
#4072 = ORIENTED_EDGE ( 'NONE', *, *, #4378, .F. ) ;
#4073 = LINE ( 'NONE', #4107, #2678 ) ;
#4074 = LINE ( 'NONE', #1110, #3706 ) ;
#4075 = ORIENTED_EDGE ( 'NONE', *, *, #1335, .F. ) ;
#4076 = CARTESIAN_POINT ( 'NONE',  ( 0.004300000000000580268, -0.006031911562518000106, 0.0005638519319878100393 ) ) ;
#4077 = EDGE_CURVE ( 'NONE', #574, #4050, #1319, .T. ) ;
#4078 = PLANE ( 'NONE',  #4480 ) ;
#4079 = DIRECTION ( 'NONE',  ( 0.000000000000000000, 1.000000000000000000, 0.000000000000000000 ) ) ;
#4080 = DIRECTION ( 'NONE',  ( 0.000000000000000000, -1.000000000000000000, 0.000000000000000000 ) ) ;
#4081 = DIRECTION ( 'NONE',  ( 0.000000000000000000, 0.000000000000000000, -1.000000000000000000 ) ) ;
#4082 = ADVANCED_FACE ( 'NONE', ( #5568 ), #5374, .T. ) ;
#4083 = EDGE_CURVE ( 'NONE', #3276, #481, #3651, .T. ) ;
#4084 = VERTEX_POINT ( 'NONE', #4182 ) ;
#4085 = CARTESIAN_POINT ( 'NONE',  ( 0.0006999999999999999929, -0.002200000000000090338, 0.001750000000000109975 ) ) ;
#4086 = EDGE_CURVE ( 'NONE', #4820, #2248, #1041, .T. ) ;
#4087 = EDGE_CURVE ( 'NONE', #2903, #2610, #3452, .T. ) ;
#4088 = VECTOR ( 'NONE', #5059, 1.000000000000000000 ) ;
#4089 = CARTESIAN_POINT ( 'NONE',  ( -0.003042800000001239912, -0.003600000000000839941, 0.002150000000000039900 ) ) ;
#4090 = CARTESIAN_POINT ( 'NONE',  ( -0.003899999999999639866, -0.004300000000000580268, 0.0004590108938549639886 ) ) ;
#4091 = ORIENTED_EDGE ( 'NONE', *, *, #3000, .F. ) ;
#4092 = VECTOR ( 'NONE', #5994, 1.000000000000000000 ) ;
#4093 = ORIENTED_EDGE ( 'NONE', *, *, #6630, .F. ) ;
#4094 = CARTESIAN_POINT ( 'NONE',  ( 0.003842800000000579780, -5.720000000000000122E-05, -0.002150000000000039900 ) ) ;
#4095 = ORIENTED_EDGE ( 'NONE', *, *, #4593, .T. ) ;
#4096 = CARTESIAN_POINT ( 'NONE',  ( 0.004300000000000579400, -0.002795078996320217186, 0.001119653900659072247 ) ) ;
#4097 = ORIENTED_EDGE ( 'NONE', *, *, #2722, .F. ) ;
#4098 = CARTESIAN_POINT ( 'NONE',  ( 0.002249999999999889675, -0.006850000000000540552, -0.0001500000000000099886 ) ) ;
#4099 = AXIS2_PLACEMENT_3D ( 'NONE', #4105, #1551, #5118 ) ;
#4100 = DIRECTION ( 'NONE',  ( -1.000000000000000000, 0.000000000000000000, 0.000000000000000000 ) ) ;
#4101 = LINE ( 'NONE', #3100, #759 ) ;
#4102 = EDGE_CURVE ( 'NONE', #5447, #1779, #6274, .T. ) ;
#4103 = VECTOR ( 'NONE', #4934, 1.000000000000000000 ) ;
#4104 = ORIENTED_EDGE ( 'NONE', *, *, #1026, .T. ) ;
#4105 = CARTESIAN_POINT ( 'NONE',  ( 0.000000000000000000, -0.006850000000000540552, -0.0001500000000000099886 ) ) ;
#4106 = ORIENTED_EDGE ( 'NONE', *, *, #1035, .T. ) ;
#4107 = CARTESIAN_POINT ( 'NONE',  ( 0.004300000000000580268, -0.002697148188278560184, -6.824093142591599324E-05 ) ) ;
#4108 = CARTESIAN_POINT ( 'NONE',  ( 0.004300000000000580268, -0.002793551024514920062, 0.0009480739689414880399 ) ) ;
#4109 = ORIENTED_EDGE ( 'NONE', *, *, #6354, .F. ) ;
#4110 = CYLINDRICAL_SURFACE ( 'NONE', #6489, 0.0004499999999999779784 ) ;
#4111 = LINE ( 'NONE', #25, #3729 ) ;
#4112 = CARTESIAN_POINT ( 'NONE',  ( 0.004300000000000578533, -0.001724766251681580063, 0.0003257380826012720178 ) ) ;
#4113 = FACE_OUTER_BOUND ( 'NONE', #4066, .T. ) ;
#4114 = AXIS2_PLACEMENT_3D ( 'NONE', #809, #4503, #3368 ) ;
#4115 = CARTESIAN_POINT ( 'NONE',  ( 0.004300000000000580268, -0.003073633944869688661, 0.0004302174881622728569 ) ) ;
#4116 = VERTEX_POINT ( 'NONE', #652 ) ;
#4117 = AXIS2_PLACEMENT_3D ( 'NONE', #3087, #2056, #1992 ) ;
#4118 = CARTESIAN_POINT ( 'NONE',  ( 0.004300000000000580268, -0.002730525340061080129, 0.001116749406595779828 ) ) ;
#4119 = CARTESIAN_POINT ( 'NONE',  ( 0.004300000000000580268, -0.002573877937189380377, -0.0008369805913275699984 ) ) ;
#4120 = DIRECTION ( 'NONE',  ( 0.000000000000000000, 0.000000000000000000, 1.000000000000000000 ) ) ;
#4121 = VECTOR ( 'NONE', #2007, 1.000000000000000000 ) ;
#4122 = EDGE_CURVE ( 'NONE', #559, #5279, #3540, .T. ) ;
#4123 = ORIENTED_EDGE ( 'NONE', *, *, #4455, .F. ) ;
#4124 = AXIS2_PLACEMENT_3D ( 'NONE', #3096, #2604, #6615 ) ;
#4125 = PLANE ( 'NONE',  #5018 ) ;
#4126 = VECTOR ( 'NONE', #1308, 1.000000000000000000 ) ;
#4127 = VECTOR ( 'NONE', #1354, 1.000000000000000000 ) ;
#4128 = ORIENTED_EDGE ( 'NONE', *, *, #874, .F. ) ;
#4129 = LINE ( 'NONE', #493, #4010 ) ;
#4130 = DIRECTION ( 'NONE',  ( -1.000000000000000000, 0.000000000000000000, 0.000000000000000000 ) ) ;
#4131 = ORIENTED_EDGE ( 'NONE', *, *, #6264, .F. ) ;
#4132 = CARTESIAN_POINT ( 'NONE',  ( 0.004250000000000780064, -0.002085153523872569636, 3.612336017497920330E-05 ) ) ;
#4133 = DIRECTION ( 'NONE',  ( 0.000000000000000000, 0.000000000000000000, 1.000000000000000000 ) ) ;
#4134 = EDGE_CURVE ( 'NONE', #3522, #5381, #1470, .T. ) ;
#4135 = EDGE_LOOP ( 'NONE', ( #4985, #1472, #5034, #5740, #3271, #5408, #5174, #1841, #5600, #6214, #5984 ) ) ;
#4136 = CARTESIAN_POINT ( 'NONE',  ( 0.004250000000000780064, -0.002793551024514920062, 0.0009480739689414880399 ) ) ;
#4137 = VECTOR ( 'NONE', #3284, 1.000000000000000222 ) ;
#4138 = LINE ( 'NONE', #3637, #6522 ) ;
#4139 = CARTESIAN_POINT ( 'NONE',  ( -0.003899999999999639866, -0.004300000000000580268, -0.0008400108938549639796 ) ) ;
#4140 = ORIENTED_EDGE ( 'NONE', *, *, #2826, .F. ) ;
#4141 = DIRECTION ( 'NONE',  ( 1.000000000000000000, 0.000000000000000000, 0.000000000000000000 ) ) ;
#4142 = ADVANCED_FACE ( 'NONE', ( #3756 ), #438, .T. ) ;
#4143 = LINE ( 'NONE', #4586, #5341 ) ;
#4144 = CARTESIAN_POINT ( 'NONE',  ( -0.003899999999999639866, -0.004300000000000580268, 0.0004572000000000000001 ) ) ;
#4145 = DIRECTION ( 'NONE',  ( 0.000000000000000000, -0.3043458825695970482, 0.9525615905351911827 ) ) ;
#4146 = FACE_OUTER_BOUND ( 'NONE', #3421, .T. ) ;
#4147 = VECTOR ( 'NONE', #2262, 1.000000000000000000 ) ;
#4148 = VERTEX_POINT ( 'NONE', #4824 ) ;
#4149 = VERTEX_POINT ( 'NONE', #1332 ) ;
#4150 = CARTESIAN_POINT ( 'NONE',  ( 0.004250000000000780064, -0.002795078996320539844, 0.001119653900737499963 ) ) ;
#4151 =( LENGTH_UNIT ( ) NAMED_UNIT ( * ) SI_UNIT ( $, .METRE. ) );
#4152 = CARTESIAN_POINT ( 'NONE',  ( 0.004300000000000580268, -0.002092433367482529963, -8.440279278838719388E-05 ) ) ;
#4153 = ORIENTED_EDGE ( 'NONE', *, *, #4326, .T. ) ;
#4154 = DIRECTION ( 'NONE',  ( 0.000000000000000000, 1.000000000000000000, 0.000000000000000000 ) ) ;
#4155 = VECTOR ( 'NONE', #2608, 1.000000000000000000 ) ;
#4156 = VECTOR ( 'NONE', #4819, 1.000000000000000000 ) ;
#4157 = ADVANCED_FACE ( 'NONE', ( #5518 ), #5895, .T. ) ;
#4158 = ORIENTED_EDGE ( 'NONE', *, *, #4662, .F. ) ;
#4159 = DIRECTION ( 'NONE',  ( -1.000000000000000000, 0.000000000000000000, 1.409983241274000082E-14 ) ) ;
#4160 = FACE_OUTER_BOUND ( 'NONE', #2660, .T. ) ;
#4161 = ORIENTED_EDGE ( 'NONE', *, *, #3022, .T. ) ;
#4162 = DIRECTION ( 'NONE',  ( -1.000000000000000000, 0.000000000000000000, 0.000000000000000000 ) ) ;
#4163 = CARTESIAN_POINT ( 'NONE',  ( 0.004250000000000780931, -0.001780384272921900013, 0.0007128095820760266049 ) ) ;
#4164 = ORIENTED_EDGE ( 'NONE', *, *, #2493, .F. ) ;
#4165 = ADVANCED_FACE ( 'NONE', ( #3510 ), #3972, .T. ) ;
#4166 = DIRECTION ( 'NONE',  ( 0.000000000000000000, 0.000000000000000000, 1.000000000000000000 ) ) ;
#4167 = VERTEX_POINT ( 'NONE', #6057 ) ;
#4168 = CARTESIAN_POINT ( 'NONE',  ( 0.004250000000000780931, -0.002338728451157676309, 7.762345491906845487E-06 ) ) ;
#4169 = LINE ( 'NONE', #1619, #504 ) ;
#4170 = EDGE_CURVE ( 'NONE', #4027, #1595, #309, .T. ) ;
#4171 = ORIENTED_EDGE ( 'NONE', *, *, #93, .T. ) ;
#4172 = ORIENTED_EDGE ( 'NONE', *, *, #4675, .T. ) ;
#4173 = FACE_OUTER_BOUND ( 'NONE', #4361, .T. ) ;
#4174 = CARTESIAN_POINT ( 'NONE',  ( 0.004250000000000780064, -0.002660958840254895770, -9.078110309296315902E-05 ) ) ;
#4175 = EDGE_CURVE ( 'NONE', #2977, #1450, #2292, .T. ) ;
#4176 = DIRECTION ( 'NONE',  ( 0.000000000000000000, -0.8454348306147232428, 0.5340785964476150172 ) ) ;
#4177 = LINE ( 'NONE', #5692, #1548 ) ;
#4178 = PLANE ( 'NONE',  #1698 ) ;
#4179 = ORIENTED_EDGE ( 'NONE', *, *, #5364, .F. ) ;
#4180 = ORIENTED_EDGE ( 'NONE', *, *, #6476, .F. ) ;
#4181 = CARTESIAN_POINT ( 'NONE',  ( -0.004300000000000580268, -0.004300000000000580268, -0.002150000000000039900 ) ) ;
#4182 = CARTESIAN_POINT ( 'NONE',  ( 0.003839999999999879968, -0.003600000000000839941, 0.001649999999999999991 ) ) ;
#4183 = DIRECTION ( 'NONE',  ( 0.000000000000000000, -0.9799993465698060291, 0.1990007053323009922 ) ) ;
#4184 = CARTESIAN_POINT ( 'NONE',  ( -0.0002499999999999910063, -0.003600000000000839941, -0.0001500000000000099886 ) ) ;
#4185 = DIRECTION ( 'NONE',  ( -1.000000000000000000, 0.000000000000000000, 0.000000000000000000 ) ) ;
#4186 = ORIENTED_EDGE ( 'NONE', *, *, #796, .F. ) ;
#4187 = VERTEX_POINT ( 'NONE', #470 ) ;
#4188 = CARTESIAN_POINT ( 'NONE',  ( 0.004250000000000780064, -0.002420132982887680285, 0.0008447947779054139697 ) ) ;
#4189 = DIRECTION ( 'NONE',  ( 0.000000000000000000, 0.000000000000000000, 1.000000000000000000 ) ) ;
#4190 = VERTEX_POINT ( 'NONE', #984 ) ;
#4191 = DIRECTION ( 'NONE',  ( 0.000000000000000000, 1.000000000000000000, 0.000000000000000000 ) ) ;
#4192 = CARTESIAN_POINT ( 'NONE',  ( 0.004250000000000780064, -0.003073877937189919887, 0.0003125605683553879565 ) ) ;
#4193 = VECTOR ( 'NONE', #4080, 1.000000000000000000 ) ;
#4194 = CARTESIAN_POINT ( 'NONE',  ( 0.004250000000000780064, -0.002651802984833866780, 0.0004850363890238742538 ) ) ;
#4195 = VERTEX_POINT ( 'NONE', #1947 ) ;
#4196 = CARTESIAN_POINT ( 'NONE',  ( 0.004250000000000780064, -0.001968153523872019812, 0.0007530148890159780051 ) ) ;
#4197 =( NAMED_UNIT ( * ) PLANE_ANGLE_UNIT ( ) SI_UNIT ( $, .RADIAN. ) );
#4198 = CIRCLE ( 'NONE', #904, 0.0003047999999999998736 ) ;
#4199 = CARTESIAN_POINT ( 'NONE',  ( 0.004300000000000580268, -0.002725538471266740047, 0.0009068110515002540282 ) ) ;
#4200 = ORIENTED_EDGE ( 'NONE', *, *, #1421, .F. ) ;
#4201 = ORIENTED_EDGE ( 'NONE', *, *, #5695, .F. ) ;
#4202 = EDGE_CURVE ( 'NONE', #4116, #5005, #1454, .T. ) ;
#4203 = AXIS2_PLACEMENT_3D ( 'NONE', #1098, #5169, #589 ) ;
#4204 = LINE ( 'NONE', #5185, #1793 ) ;
#4205 = AXIS2_PLACEMENT_3D ( 'NONE', #2058, #5769, #5735 ) ;
#4206 = ADVANCED_FACE ( 'NONE', ( #4513 ), #3478, .F. ) ;
#4207 = DIRECTION ( 'NONE',  ( 0.000000000000000000, 0.000000000000000000, 1.000000000000000000 ) ) ;
#4208 = CARTESIAN_POINT ( 'NONE',  ( 0.004250000000000780064, -0.002516253444455609882, 0.0004514923470089280007 ) ) ;
#4209 = CARTESIAN_POINT ( 'NONE',  ( 0.002890000000001140355, -0.003600000000000839941, 0.002150000000000039900 ) ) ;
#4210 = LINE ( 'NONE', #2190, #5959 ) ;
#4211 = ORIENTED_EDGE ( 'NONE', *, *, #3880, .F. ) ;
#4212 = EDGE_CURVE ( 'NONE', #6059, #567, #6368, .T. ) ;
#4213 = EDGE_LOOP ( 'NONE', ( #6224, #80, #6589, #5404 ) ) ;
#4214 = DIRECTION ( 'NONE',  ( 0.000000000000000000, 0.09715275786380664358, 0.9952694819190711639 ) ) ;
#4215 = CARTESIAN_POINT ( 'NONE',  ( 0.004250000000000780064, -0.002308963329230823841, 0.0001318821367938742106 ) ) ;
#4216 = CARTESIAN_POINT ( 'NONE',  ( 0.004300000000000580268, -0.001505612591661610036, 0.0008574993120667800343 ) ) ;
#4217 = CARTESIAN_POINT ( 'NONE',  ( 0.004300000000000580268, -0.002400235818849219896, -0.0001803038426298970217 ) ) ;
#4218 = CIRCLE ( 'NONE', #4438, 0.0003999999999999238540 ) ;
#4219 = EDGE_CURVE ( 'NONE', #2704, #4084, #1298, .T. ) ;
#4220 = CARTESIAN_POINT ( 'NONE',  ( 0.004300000000000580268, -0.002585134369195139954, -0.0003265722251432960047 ) ) ;
#4221 = EDGE_CURVE ( 'NONE', #3696, #319, #6558, .T. ) ;
#4222 = VECTOR ( 'NONE', #2890, 1.000000000000000000 ) ;
#4223 = ORIENTED_EDGE ( 'NONE', *, *, #3332, .T. ) ;
#4224 = ORIENTED_EDGE ( 'NONE', *, *, #6363, .T. ) ;
#4225 = CARTESIAN_POINT ( 'NONE',  ( 0.004300000000000580268, -0.002230963770446309918, 1.462728233029169927E-05 ) ) ;
#4226 = ORIENTED_EDGE ( 'NONE', *, *, #5603, .F. ) ;
#4227 = CARTESIAN_POINT ( 'NONE',  ( 0.0002499999999999910063, -0.003600000000000839941, 0.0001500000000000099886 ) ) ;
#4228 = VERTEX_POINT ( 'NONE', #4545 ) ;
#4229 =( NAMED_UNIT ( * ) PLANE_ANGLE_UNIT ( ) SI_UNIT ( $, .RADIAN. ) );
#4230 = VECTOR ( 'NONE', #3544, 1.000000000000000000 ) ;
#4231 = CARTESIAN_POINT ( 'NONE',  ( -0.003842800000000579780, -0.003600000000000839941, -0.001700000000000059970 ) ) ;
#4232 = CARTESIAN_POINT ( 'NONE',  ( 0.004300000000000581135, -0.002231153523872538708, 5.179246496675094831E-05 ) ) ;
#4233 = ORIENTED_EDGE ( 'NONE', *, *, #2599, .T. ) ;
#4234 = PLANE ( 'NONE',  #6078 ) ;
#4235 = VERTEX_POINT ( 'NONE', #2013 ) ;
#4236 = VECTOR ( 'NONE', #3934, 1.000000000000000000 ) ;
#4237 = CARTESIAN_POINT ( 'NONE',  ( -0.003839999999999879968, -0.003600000000000839941, -0.001649999999999999991 ) ) ;
#4238 = DIRECTION ( 'NONE',  ( 1.000000000000000000, 0.000000000000000000, 0.000000000000000000 ) ) ;
#4239 = VECTOR ( 'NONE', #6532, 1.000000000000000000 ) ;
#4240 = ORIENTED_EDGE ( 'NONE', *, *, #1335, .T. ) ;
#4241 = EDGE_LOOP ( 'NONE', ( #3309, #1567, #1134, #61 ) ) ;
#4242 = LINE ( 'NONE', #780, #5635 ) ;
#4243 = VECTOR ( 'NONE', #2819, 1.000000000000000000 ) ;
#4244 = CARTESIAN_POINT ( 'NONE',  ( 0.003842800000000579780, 0.000000000000000000, 0.001750000000000109975 ) ) ;
#4245 = EDGE_CURVE ( 'NONE', #3437, #2170, #4040, .T. ) ;
#4246 = PLANE ( 'NONE',  #2394 ) ;
#4247 = CARTESIAN_POINT ( 'NONE',  ( 0.004300000000000580268, -0.002684943035460059767, 0.0004950325516964420702 ) ) ;
#4248 = LINE ( 'NONE', #4891, #403 ) ;
#4249 = VERTEX_POINT ( 'NONE', #3040 ) ;
#4250 = EDGE_LOOP ( 'NONE', ( #6013, #6190, #4547, #3471, #6177 ) ) ;
#4251 = DIRECTION ( 'NONE',  ( 1.000000000000000000, 0.000000000000000000, 0.000000000000000000 ) ) ;
#4252 = EDGE_CURVE ( 'NONE', #4804, #6114, #2582, .T. ) ;
#4253 = CARTESIAN_POINT ( 'NONE',  ( 0.004250000000000780064, -0.001724766251681580063, 0.0003257380826012720178 ) ) ;
#4254 = CARTESIAN_POINT ( 'NONE',  ( 0.004300000000000580268, -0.002420132982887680285, 0.0008447947779054139697 ) ) ;
#4255 = DIRECTION ( 'NONE',  ( -1.000000000000000000, 0.000000000000000000, 0.000000000000000000 ) ) ;
#4256 = ADVANCED_FACE ( 'NONE', ( #2147 ), #2177, .F. ) ;
#4257 = AXIS2_PLACEMENT_3D ( 'NONE', #3868, #899, #6419 ) ;
#4258 = PLANE ( 'NONE',  #6612 ) ;
#4259 = VECTOR ( 'NONE', #3383, 1.000000000000000000 ) ;
#4260 = ORIENTED_EDGE ( 'NONE', *, *, #3921, .T. ) ;
#4261 = DIRECTION ( 'NONE',  ( 0.000000000000000000, -1.000000000000000000, 0.000000000000000000 ) ) ;
#4262 = DIRECTION ( 'NONE',  ( 0.000000000000000000, 0.000000000000000000, -1.000000000000000000 ) ) ;
#4263 = PRESENTATION_STYLE_ASSIGNMENT (( #3263 ) ) ;
#4264 = EDGE_CURVE ( 'NONE', #5596, #861, #1050, .T. ) ;
#4265 = ORIENTED_EDGE ( 'NONE', *, *, #2141, .F. ) ;
#4266 = PRODUCT_CONTEXT ( 'NONE', #3677, 'mechanical' ) ;
#4267 = DIRECTION ( 'NONE',  ( 0.000000000000000000, -0.8054274256926792219, 0.5926944085631851156 ) ) ;
#4268 = CARTESIAN_POINT ( 'NONE',  ( 0.003842800000000579780, -0.003650000000000640146, -0.001211539816339700024 ) ) ;
#4269 = VECTOR ( 'NONE', #6523, 1.000000000000000000 ) ;
#4270 = CARTESIAN_POINT ( 'NONE',  ( 0.004300000000000580268, -0.002408964319676409893, 8.038905277313500232E-05 ) ) ;
#4271 = VECTOR ( 'NONE', #1552, 1.000000000000000000 ) ;
#4272 = CARTESIAN_POINT ( 'NONE',  ( 0.004250000000000780064, -0.001780384272921819999, 0.0007128095820759779242 ) ) ;
#4273 = FACE_OUTER_BOUND ( 'NONE', #4520, .T. ) ;
#4274 = CARTESIAN_POINT ( 'NONE',  ( -0.003899999999999639866, -0.006031911562518000106, -0.0005638519319878100393 ) ) ;
#4275 = EDGE_LOOP ( 'NONE', ( #5039, #2341, #3110, #1399 ) ) ;
#4276 = ORIENTED_EDGE ( 'NONE', *, *, #1342, .T. ) ;
#4277 = ORIENTED_EDGE ( 'NONE', *, *, #3559, .T. ) ;
#4278 = CARTESIAN_POINT ( 'NONE',  ( -0.003042800000001239912, -0.003650000000000640146, -0.001211539816339700024 ) ) ;
#4279 = B_SPLINE_CURVE_WITH_KNOTS ( 'NONE', 3,
 ( #3124, #6579, #526, #971 ),
 .UNSPECIFIED., .F., .F.,
 ( 4, 4 ),
 ( 0.000000000000000000, 1.000000000000000000 ),
 .UNSPECIFIED. ) ;
#4280 = DIRECTION ( 'NONE',  ( 0.000000000000000000, 0.000000000000000000, 1.000000000000000000 ) ) ;
#4281 = EDGE_LOOP ( 'NONE', ( #6046, #1649, #2603, #3357, #3685, #4789 ) ) ;
#4282 = CARTESIAN_POINT ( 'NONE',  ( 0.004300000000000580268, -0.002846297100038559704, 0.0005517459812482739022 ) ) ;
#4283 = ORIENTED_EDGE ( 'NONE', *, *, #2991, .T. ) ;
#4284 = LINE ( 'NONE', #4892, #1503 ) ;
#4285 = CARTESIAN_POINT ( 'NONE',  ( 0.004250000000000780064, -0.001500932381055070054, 0.0007335273656898580463 ) ) ;
#4286 = CARTESIAN_POINT ( 'NONE',  ( 0.004300000000000580268, -0.002293153523872500099, -1.672542806569879884E-06 ) ) ;
#4287 = EDGE_CURVE ( 'NONE', #2357, #1254, #340, .T. ) ;
#4288 = EDGE_CURVE ( 'NONE', #2311, #5283, #5121, .T. ) ;
#4289 = CARTESIAN_POINT ( 'NONE',  ( 0.004250000000000779196, -0.001782126174542128559, 0.0009100736086841413513 ) ) ;
#4290 = VECTOR ( 'NONE', #1072, 1.000000000000000000 ) ;
#4291 = EDGE_CURVE ( 'NONE', #5515, #4368, #4169, .T. ) ;
#4292 = EDGE_CURVE ( 'NONE', #1461, #5818, #3638, .T. ) ;
#4293 = ORIENTED_EDGE ( 'NONE', *, *, #1331, .F. ) ;
#4294 = ORIENTED_EDGE ( 'NONE', *, *, #5266, .T. ) ;
#4295 = CARTESIAN_POINT ( 'NONE',  ( 0.003042800000001239912, -0.002779999999999039750, 0.002150000000000039900 ) ) ;
#4296 = LINE ( 'NONE', #2203, #284 ) ;
#4297 = DIRECTION ( 'NONE',  ( 0.000000000000000000, 0.000000000000000000, 1.000000000000000000 ) ) ;
#4298 = VERTEX_POINT ( 'NONE', #6159 ) ;
#4299 = CARTESIAN_POINT ( 'NONE',  ( 0.001999999999999869937, 0.000000000000000000, 0.001000000000000060086 ) ) ;
#4300 = CARTESIAN_POINT ( 'NONE',  ( 0.004250000000000780064, -0.003000877937190719880, 5.256337194652819475E-05 ) ) ;
#4301 = DIRECTION ( 'NONE',  ( -1.000000000000000000, 0.000000000000000000, 0.000000000000000000 ) ) ;
#4302 = VERTEX_POINT ( 'NONE', #4646 ) ;
#4303 = PRESENTATION_STYLE_ASSIGNMENT (( #700 ) ) ;
#4304 = VERTEX_POINT ( 'NONE', #1583 ) ;
#4305 = DIRECTION ( 'NONE',  ( 0.000000000000000000, 0.9815122935962051764, -0.1913991053258010666 ) ) ;
#4306 = CARTESIAN_POINT ( 'NONE',  ( -0.004300000000000580268, -0.004300000000000580268, 0.0004572000000000000001 ) ) ;
#4307 = B_SPLINE_CURVE_WITH_KNOTS ( 'NONE', 3,
 ( #3161, #2206, #5780, #2243 ),
 .UNSPECIFIED., .F., .F.,
 ( 4, 4 ),
 ( 0.000000000000000000, 1.000000000000000000 ),
 .UNSPECIFIED. ) ;
#4308 = ORIENTED_EDGE ( 'NONE', *, *, #5339, .T. ) ;
#4309 = VECTOR ( 'NONE', #2619, 1.000000000000000000 ) ;
#4310 = VERTEX_POINT ( 'NONE', #3669 ) ;
#4311 = ADVANCED_FACE ( 'NONE', ( #3610 ), #5653, .F. ) ;
#4312 = CARTESIAN_POINT ( 'NONE',  ( 0.004250000000000780064, -0.002092433367482529963, -8.440279278838719388E-05 ) ) ;
#4313 = EDGE_CURVE ( 'NONE', #4600, #234, #569, .T. ) ;
#4314 = AXIS2_PLACEMENT_3D ( 'NONE', #6073, #5570, #993 ) ;
#4315 = DIRECTION ( 'NONE',  ( -1.000000000000000000, 0.000000000000000000, 0.000000000000000000 ) ) ;
#4316 = ORIENTED_EDGE ( 'NONE', *, *, #3455, .T. ) ;
#4317 = AXIS2_PLACEMENT_3D ( 'NONE', #4037, #6089, #1519 ) ;
#4318 = DIRECTION ( 'NONE',  ( 0.000000000000000000, 1.000000000000000000, 0.000000000000000000 ) ) ;
#4319 = LINE ( 'NONE', #3755, #2565 ) ;
#4320 = DIRECTION ( 'NONE',  ( 0.000000000000000000, 0.4583748316343810858, -0.8887589739204622141 ) ) ;
#4321 = LINE ( 'NONE', #3757, #1872 ) ;
#4322 = DIRECTION ( 'NONE',  ( 0.000000000000000000, 0.000000000000000000, 1.000000000000000000 ) ) ;
#4323 = PLANE ( 'NONE',  #648 ) ;
#4324 = VERTEX_POINT ( 'NONE', #2550 ) ;
#4325 = DIRECTION ( 'NONE',  ( 0.000000000000000000, 1.000000000000000000, 0.000000000000000000 ) ) ;
#4326 = EDGE_CURVE ( 'NONE', #2754, #3536, #5216, .T. ) ;
#4327 = FACE_OUTER_BOUND ( 'NONE', #1709, .T. ) ;
#4328 =( LENGTH_UNIT ( ) NAMED_UNIT ( * ) SI_UNIT ( $, .METRE. ) );
#4329 = VERTEX_POINT ( 'NONE', #124 ) ;
#4330 = CARTESIAN_POINT ( 'NONE',  ( 0.003042800000001239912, -0.002779999999999039750, 0.001750000000000109975 ) ) ;
#4331 = CARTESIAN_POINT ( 'NONE',  ( 0.004250000000000780064, -0.002906454367031379837, 0.0005523941935589079394 ) ) ;
#4332 = VECTOR ( 'NONE', #4602, 1.000000000000000000 ) ;
#4333 = PLANE ( 'NONE',  #2031 ) ;
#4334 = DIRECTION ( 'NONE',  ( -0.7071067811865475727, 0.7071067811865475727, 0.000000000000000000 ) ) ;
#4335 = EDGE_LOOP ( 'NONE', ( #1426, #4844, #1883, #5704 ) ) ;
#4336 = DIRECTION ( 'NONE',  ( 0.000000000000000000, 0.000000000000000000, 1.000000000000000000 ) ) ;
#4337 = EDGE_CURVE ( 'NONE', #4776, #224, #2111, .T. ) ;
#4338 = CARTESIAN_POINT ( 'NONE',  ( -0.003442799999999639812, -0.003650000000000640146, 0.001211539816339700024 ) ) ;
#4339 = CIRCLE ( 'NONE', #1363, 0.0003999999999999238540 ) ;
#4340 = VERTEX_POINT ( 'NONE', #54 ) ;
#4341 = ORIENTED_EDGE ( 'NONE', *, *, #2796, .T. ) ;
#4342 = EDGE_CURVE ( 'NONE', #2041, #3116, #1263, .T. ) ;
#4343 = DIRECTION ( 'NONE',  ( 0.000000000000000000, 0.000000000000000000, -1.000000000000000000 ) ) ;
#4344 = VECTOR ( 'NONE', #5013, 1.000000000000000000 ) ;
#4345 = AXIS2_PLACEMENT_3D ( 'NONE', #770, #2433, #3927 ) ;
#4346 = CARTESIAN_POINT ( 'NONE',  ( -0.003842800000000579780, -0.004049999999999039611, 0.001211539816339700024 ) ) ;
#4347 = AXIS2_PLACEMENT_3D ( 'NONE', #2411, #1915, #6553 ) ;
#4348 = ORIENTED_EDGE ( 'NONE', *, *, #6063, .F. ) ;
#4349 = EDGE_CURVE ( 'NONE', #614, #6581, #4074, .T. ) ;
#4350 = CARTESIAN_POINT ( 'NONE',  ( 0.003842800000000579780, -0.003600000000000839941, 0.001700000000000059970 ) ) ;
#4351 = DIRECTION ( 'NONE',  ( 0.000000000000000000, 0.000000000000000000, -1.000000000000000000 ) ) ;
#4352 = DIRECTION ( 'NONE',  ( 0.000000000000000000, 1.000000000000000000, 0.000000000000000000 ) ) ;
#4353 = CARTESIAN_POINT ( 'NONE',  ( 0.004250000000000780931, -0.001514632270944029930, 0.0009294129136990300763 ) ) ;
#4354 = LINE ( 'NONE', #5396, #6130 ) ;
#4355 = DIRECTION ( 'NONE',  ( 0.000000000000000000, -0.8907354010376800080, -0.4545222165507900036 ) ) ;
#4356 = ORIENTED_EDGE ( 'NONE', *, *, #342, .F. ) ;
#4357 = CARTESIAN_POINT ( 'NONE',  ( 0.003842800000000579780, -0.003650000000000640146, 0.001700000000000059970 ) ) ;
#4358 = ORIENTED_EDGE ( 'NONE', *, *, #679, .F. ) ;
#4359 = CYLINDRICAL_SURFACE ( 'NONE', #5921, 0.0003999999999999238540 ) ;
#4360 = FILL_AREA_STYLE ('',( #1834 ) ) ;
#4361 = EDGE_LOOP ( 'NONE', ( #6116, #3006, #6394, #5823, #4604 ) ) ;
#4362 = CARTESIAN_POINT ( 'NONE',  ( 0.004300000000000580268, -0.002255891997346899398, 0.0001237097083552426578 ) ) ;
#4363 = CARTESIAN_POINT ( 'NONE',  ( 0.004300000000000580268, -0.002516253444455609882, 0.0004514923470089280007 ) ) ;
#4364 = DIRECTION ( 'NONE',  ( 1.000000000000000000, 0.000000000000000000, 0.000000000000000000 ) ) ;
#4365 = EDGE_CURVE ( 'NONE', #2704, #6496, #3137, .T. ) ;
#4366 = VECTOR ( 'NONE', #4385, 1.000000000000000000 ) ;
#4367 = LINE ( 'NONE', #3931, #4900 ) ;
#4368 = VERTEX_POINT ( 'NONE', #601 ) ;
#4369 = ORIENTED_EDGE ( 'NONE', *, *, #323, .F. ) ;
#4370 = CARTESIAN_POINT ( 'NONE',  ( 0.004250000000000781798, -0.002791153523871862333, 0.0002874971942643558516 ) ) ;
#4371 = CARTESIAN_POINT ( 'NONE',  ( 0.003899999999999639866, -0.005725969598507800636, 0.0005963953452224180331 ) ) ;
#4372 = ORIENTED_EDGE ( 'NONE', *, *, #385, .T. ) ;
#4373 = CARTESIAN_POINT ( 'NONE',  ( 0.004250000000000780064, -0.002420132982887680285, 0.0004319739261898660051 ) ) ;
#4374 = ORIENTED_EDGE ( 'NONE', *, *, #1585, .T. ) ;
#4375 = AXIS2_PLACEMENT_3D ( 'NONE', #4853, #5328, #6364 ) ;
#4376 = EDGE_CURVE ( 'NONE', #3276, #1469, #4680, .T. ) ;
#4377 = CARTESIAN_POINT ( 'NONE',  ( 0.004250000000000780064, -0.002085153523872569636, 3.612336017497920330E-05 ) ) ;
#4378 = EDGE_CURVE ( 'NONE', #3867, #4038, #5521, .T. ) ;
#4379 = ORIENTED_EDGE ( 'NONE', *, *, #5987, .F. ) ;
#4380 = DIRECTION ( 'NONE',  ( 0.000000000000000000, 1.000000000000000000, 0.000000000000000000 ) ) ;
#4381 = EDGE_CURVE ( 'NONE', #3437, #1800, #2347, .T. ) ;
#4382 = AXIS2_PLACEMENT_3D ( 'NONE', #2236, #3258, #182 ) ;
#4383 = VERTEX_POINT ( 'NONE', #4274 ) ;
#4384 = CARTESIAN_POINT ( 'NONE',  ( 0.004099999999998840683, -0.005012984799252919767, -0.0005267976726110820294 ) ) ;
#4385 = DIRECTION ( 'NONE',  ( 0.000000000000000000, 0.9525615905351911827, -0.3043458825695970482 ) ) ;
#4386 = EDGE_CURVE ( 'NONE', #3971, #5067, #1315, .T. ) ;
#4387 = CARTESIAN_POINT ( 'NONE',  ( 0.004300000000000579400, -0.002085153523872464252, 3.612336017497359933E-05 ) ) ;
#4388 =( NAMED_UNIT ( * ) SI_UNIT ( $, .STERADIAN. ) SOLID_ANGLE_UNIT ( ) );
#4389 = CARTESIAN_POINT ( 'NONE',  ( 0.004250000000000780064, -0.001563078422692379876, -0.001237022468539899969 ) ) ;
#4390 = CARTESIAN_POINT ( 'NONE',  ( 0.004300000000000580268, -0.002288153523872519818, 0.0001303904331904180019 ) ) ;
#4391 = CARTESIAN_POINT ( 'NONE',  ( 0.004300000000000580268, -0.004300000000000580268, 0.0004590108938549639886 ) ) ;
#4392 = CARTESIAN_POINT ( 'NONE',  ( 0.004250000000000780064, -0.003073877937189919887, 1.531311584405000063E-05 ) ) ;
#4393 = VERTEX_POINT ( 'NONE', #198 ) ;
#4394 = LINE ( 'NONE', #5377, #4126 ) ;
#4395 = CYLINDRICAL_SURFACE ( 'NONE', #5494, 5.000000000000316691E-05 ) ;
#4396 = ORIENTED_EDGE ( 'NONE', *, *, #4041, .T. ) ;
#4397 = CARTESIAN_POINT ( 'NONE',  ( 0.003899999999999639866, -0.0003999999999999240166, -0.001425999999999880054 ) ) ;
#4398 = EDGE_LOOP ( 'NONE', ( #3443, #5472, #4496, #2988 ) ) ;
#4399 = PRODUCT_DEFINITION_FORMATION_WITH_SPECIFIED_SOURCE ( 'ANY', '', #1177, .NOT_KNOWN. ) ;
#4400 = LINE ( 'NONE', #1878, #2753 ) ;
#4401 = ORIENTED_EDGE ( 'NONE', *, *, #4292, .T. ) ;
#4402 = CARTESIAN_POINT ( 'NONE',  ( 0.003842800000000579780, 0.0003999999999999240166, -0.001750000000000109975 ) ) ;
#4403 = ORIENTED_EDGE ( 'NONE', *, *, #5519, .F. ) ;
#4404 = CARTESIAN_POINT ( 'NONE',  ( 0.001999999999999869937, 0.000000000000000000, -0.001000000000000060086 ) ) ;
#4405 = EDGE_LOOP ( 'NONE', ( #792, #2060, #3206, #5715 ) ) ;
#4406 = CARTESIAN_POINT ( 'NONE',  ( 0.0002499999999999910063, -0.003600000000000839941, -0.0001500000000000099886 ) ) ;
#4407 = AXIS2_PLACEMENT_3D ( 'NONE', #2904, #814, #3875 ) ;
#4408 = ADVANCED_FACE ( 'NONE', ( #4779 ), #3208, .F. ) ;
#4409 = ORIENTED_EDGE ( 'NONE', *, *, #2751, .F. ) ;
#4410 = EDGE_CURVE ( 'NONE', #5306, #1999, #1748, .T. ) ;
#4411 = CARTESIAN_POINT ( 'NONE',  ( 0.004300000000000580268, -0.001563078422692379876, -0.0009494709423883280737 ) ) ;
#4412 = VECTOR ( 'NONE', #6537, 1.000000000000000000 ) ;
#4413 = CARTESIAN_POINT ( 'NONE',  ( -0.004300000000000580268, -0.0003999999999999240166, 0.002150000000000039900 ) ) ;
#4414 = CIRCLE ( 'NONE', #1980, 0.0003999999999999238540 ) ;
#4415 = CARTESIAN_POINT ( 'NONE',  ( 0.004250000000000780931, -0.002751576454468799768, 0.001531699151457649889 ) ) ;
#4416 = LINE ( 'NONE', #2389, #3450 ) ;
#4417 = EDGE_CURVE ( 'NONE', #3671, #4324, #3775, .T. ) ;
#4418 = CARTESIAN_POINT ( 'NONE',  ( 0.004300000000000580268, -0.004300000000000580268, -0.0004590108938549639886 ) ) ;
#4419 = VECTOR ( 'NONE', #4930, 1.000000000000000000 ) ;
#4420 = AXIS2_PLACEMENT_3D ( 'NONE', #3057, #4025, #4154 ) ;
#4421 = CARTESIAN_POINT ( 'NONE',  ( 0.0002499999999999910063, -0.003600000000000839941, 0.0001500000000000099886 ) ) ;
#4422 = EDGE_CURVE ( 'NONE', #4149, #5604, #1285, .T. ) ;
#4423 = CARTESIAN_POINT ( 'NONE',  ( 0.004250000000000780064, -0.001781153523872519963, 0.0007999244559860899583 ) ) ;
#4424 = DIRECTION ( 'NONE',  ( 0.000000000000000000, 1.000000000000000000, 0.000000000000000000 ) ) ;
#4425 = ORIENTED_EDGE ( 'NONE', *, *, #1765, .F. ) ;
#4426 = CARTESIAN_POINT ( 'NONE',  ( 0.004300000000000580268, -0.002231153523872681822, 5.179246496673948965E-05 ) ) ;
#4427 = EDGE_CURVE ( 'NONE', #3995, #2727, #6359, .T. ) ;
#4428 = LINE ( 'NONE', #898, #1893 ) ;
#4429 = EDGE_CURVE ( 'NONE', #1779, #879, #5753, .T. ) ;
#4430 = VERTEX_POINT ( 'NONE', #160 ) ;
#4431 = CARTESIAN_POINT ( 'NONE',  ( -0.004300000000000580268, -0.0003999999999999240166, -0.001425999999999880054 ) ) ;
#4432 = ORIENTED_EDGE ( 'NONE', *, *, #1160, .F. ) ;
#4433 = CARTESIAN_POINT ( 'NONE',  ( 0.004300000000000581135, -0.002837997149833698055, 0.0002978424384366686289 ) ) ;
#4434 = EDGE_LOOP ( 'NONE', ( #5021, #2555, #2570, #4901 ) ) ;
#4435 = DIRECTION ( 'NONE',  ( 0.000000000000000000, -0.9815122935962051764, 0.1913991053258010666 ) ) ;
#4436 = VERTEX_POINT ( 'NONE', #4745 ) ;
#4437 = CARTESIAN_POINT ( 'NONE',  ( -0.003899999999999639866, -0.0003999999999999240166, -0.002150000000000039900 ) ) ;
#4438 = AXIS2_PLACEMENT_3D ( 'NONE', #2871, #2901, #4467 ) ;
#4439 = ORIENTED_EDGE ( 'NONE', *, *, #3400, .T. ) ;
#4440 = CARTESIAN_POINT ( 'NONE',  ( 0.004099999999998840683, -0.006459938093763199600, -0.0004270963523915660329 ) ) ;
#4441 = VECTOR ( 'NONE', #992, 1.000000000000000000 ) ;
#4442 = SURFACE_SIDE_STYLE ('',( #5554 ) ) ;
#4443 = VECTOR ( 'NONE', #4772, 1.000000000000000000 ) ;
#4444 = VERTEX_POINT ( 'NONE', #2212 ) ;
#4445 = AXIS2_PLACEMENT_3D ( 'NONE', #3745, #1777, #6328 ) ;
#4446 = FACE_OUTER_BOUND ( 'NONE', #405, .T. ) ;
#4447 = VECTOR ( 'NONE', #225, 1.000000000000000000 ) ;
#4448 = ADVANCED_FACE ( 'NONE', ( #6389 ), #6256, .F. ) ;
#4449 = VECTOR ( 'NONE', #4886, 1.000000000000000000 ) ;
#4450 = CARTESIAN_POINT ( 'NONE',  ( -0.002890000000001140355, -0.002779999999999039750, 0.001750000000000109975 ) ) ;
#4451 = CARTESIAN_POINT ( 'NONE',  ( 0.004300000000000578533, -0.001565121216412220006, 0.001095839500370210037 ) ) ;
#4452 = CARTESIAN_POINT ( 'NONE',  ( 0.004099999999998840683, -0.005799999999999659595, -0.0001620000000000120150 ) ) ;
#4453 = VECTOR ( 'NONE', #2339, 1.000000000000000000 ) ;
#4454 = CARTESIAN_POINT ( 'NONE',  ( 0.001750000000000109975, -0.003600000000000839941, -0.0001500000000000099886 ) ) ;
#4455 = EDGE_CURVE ( 'NONE', #3772, #3812, #5098, .T. ) ;
#4456 = AXIS2_PLACEMENT_3D ( 'NONE', #579, #3718, #5761 ) ;
#4457 = DIRECTION ( 'NONE',  ( 1.000000000000000000, 0.000000000000000000, 0.000000000000000000 ) ) ;
#4458 = EDGE_CURVE ( 'NONE', #51, #3676, #4880, .T. ) ;
#4459 = DIRECTION ( 'NONE',  ( 1.000000000000000000, 0.000000000000000000, 0.000000000000000000 ) ) ;
#4460 = DIRECTION ( 'NONE',  ( 0.000000000000000000, 0.000000000000000000, 1.000000000000000000 ) ) ;
#4461 = VERTEX_POINT ( 'NONE', #704 ) ;
#4462 = CARTESIAN_POINT ( 'NONE',  ( 0.001750000000000109975, -0.003600000000000839941, 0.0001500000000000099886 ) ) ;
#4463 = CARTESIAN_POINT ( 'NONE',  ( 0.004300000000000580268, -0.002170777082181880261, 0.0003252935783769980325 ) ) ;
#4464 = VERTEX_POINT ( 'NONE', #1217 ) ;
#4465 = UNCERTAINTY_MEASURE_WITH_UNIT (LENGTH_MEASURE( 1.000000000000000082E-05 ), #1806, 'distance_accuracy_value', 'NONE');
#4466 =( NAMED_UNIT ( * ) PLANE_ANGLE_UNIT ( ) SI_UNIT ( $, .RADIAN. ) );
#4467 = DIRECTION ( 'NONE',  ( 0.000000000000000000, 0.000000000000000000, -1.000000000000000000 ) ) ;
#4468 = EDGE_CURVE ( 'NONE', #1247, #6059, #232, .T. ) ;
#4469 = ORIENTED_EDGE ( 'NONE', *, *, #5450, .F. ) ;
#4470 = LINE ( 'NONE', #1350, #5843 ) ;
#4471 = VERTEX_POINT ( 'NONE', #3339 ) ;
#4472 = DIRECTION ( 'NONE',  ( 1.000000000000000000, 0.000000000000000000, 0.000000000000000000 ) ) ;
#4473 = ORIENTED_EDGE ( 'NONE', *, *, #5987, .T. ) ;
#4474 = B_SPLINE_CURVE_WITH_KNOTS ( 'NONE', 3,
 ( #6331, #5253, #1220, #5756, #2353, #2787, #5327, #4785, #3245, #1289, #1751, #3748, #4312, #3212, #4377 ),
 .UNSPECIFIED., .F., .F.,
 ( 4, 1, 1, 1, 1, 1, 1, 1, 1, 1, 1, 1, 4 ),
 ( 0.000000000000000000, 0.1072942211392999973, 0.2145884422785999945, 0.3218826634179000057, 0.3755297739876000129, 0.4291768845572999647, 0.4648533292723999732, 0.5005297739876000129, 0.5718826634179999813, 0.6432355528483000295, 0.7145884422786000778, 0.8572942211392999834, 1.000000000000000000 ),
 .UNSPECIFIED. ) ;
#4475 = VECTOR ( 'NONE', #6529, 1.000000000000000000 ) ;
#4476 = CARTESIAN_POINT ( 'NONE',  ( 0.004300000000000580268, -0.002710153523873120099, 0.0005091028540289840257 ) ) ;
#4477 = ORIENTED_EDGE ( 'NONE', *, *, #6146, .T. ) ;
#4478 = DIRECTION ( 'NONE',  ( -1.000000000000000000, 0.000000000000000000, 0.000000000000000000 ) ) ;
#4479 = CARTESIAN_POINT ( 'NONE',  ( -0.004099999999998840683, -0.004300000000000580268, -0.001303600000000019977 ) ) ;
#4480 = AXIS2_PLACEMENT_3D ( 'NONE', #573, #2616, #6131 ) ;
#4481 = EDGE_LOOP ( 'NONE', ( #4341, #1106, #5982, #752 ) ) ;
#4482 = CARTESIAN_POINT ( 'NONE',  ( -0.001750000000000109975, -0.006850000000000540552, -0.0001500000000000099886 ) ) ;
#4483 = VECTOR ( 'NONE', #6051, 1.000000000000000000 ) ;
#4484 = AXIS2_PLACEMENT_3D ( 'NONE', #5354, #159, #1284 ) ;
#4485 = LINE ( 'NONE', #856, #5126 ) ;
#4486 = FACE_OUTER_BOUND ( 'NONE', #1695, .T. ) ;
#4487 = DIRECTION ( 'NONE',  ( 1.000000000000000000, 0.000000000000000000, 0.000000000000000000 ) ) ;
#4488 = EDGE_CURVE ( 'NONE', #3034, #6119, #5383, .T. ) ;
#4489 = CARTESIAN_POINT ( 'NONE',  ( 0.004250000000000780064, -0.001981049641213599929, 0.0003428127497066320176 ) ) ;
#4490 = FACE_BOUND ( 'NONE', #5161, .T. ) ;
#4491 = DIRECTION ( 'NONE',  ( 0.000000000000000000, 1.000000000000000000, 0.000000000000000000 ) ) ;
#4492 = DIRECTION ( 'NONE',  ( -1.000000000000000000, 0.000000000000000000, 0.000000000000000000 ) ) ;
#4493 = CARTESIAN_POINT ( 'NONE',  ( 0.004300000000000580268, -0.003073877937189919887, 0.0003125605683553879565 ) ) ;
#4494 = EDGE_CURVE ( 'NONE', #5237, #1209, #3240, .T. ) ;
#4495 = EDGE_CURVE ( 'NONE', #5030, #263, #2283, .T. ) ;
#4496 = ORIENTED_EDGE ( 'NONE', *, *, #6184, .F. ) ;
#4497 = DIRECTION ( 'NONE',  ( 0.000000000000000000, 0.9952694819190712749, 0.09715275786380722645 ) ) ;
#4498 = CARTESIAN_POINT ( 'NONE',  ( 0.003842800000000579780, 0.000000000000000000, -0.001425999999999880054 ) ) ;
#4499 = EDGE_CURVE ( 'NONE', #78, #2088, #5355, .T. ) ;
#4500 = EDGE_LOOP ( 'NONE', ( #5439, #200, #6373, #2840, #1644, #6111, #434, #5483 ) ) ;
#4501 =( NAMED_UNIT ( * ) PLANE_ANGLE_UNIT ( ) SI_UNIT ( $, .RADIAN. ) );
#4502 = ORIENTED_EDGE ( 'NONE', *, *, #3938, .T. ) ;
#4503 = DIRECTION ( 'NONE',  ( -0.000000000000000000, 1.000000000000000000, 0.000000000000000000 ) ) ;
#4504 = ORIENTED_EDGE ( 'NONE', *, *, #4083, .F. ) ;
#4505 = CARTESIAN_POINT ( 'NONE',  ( 0.004300000000000580268, -0.002730328986349140133, -0.0007218520780780720431 ) ) ;
#4506 = VERTEX_POINT ( 'NONE', #4847 ) ;
#4507 = LINE ( 'NONE', #1546, #681 ) ;
#4508 = CARTESIAN_POINT ( 'NONE',  ( -0.004300000000000580268, -0.004300000000000580268, 0.002150000000000039900 ) ) ;
#4509 = CARTESIAN_POINT ( 'NONE',  ( 0.004300000000000580268, -0.002315153523872669986, 0.0003546314634283140072 ) ) ;
#4510 = EDGE_CURVE ( 'NONE', #929, #4430, #262, .T. ) ;
#4511 = EDGE_LOOP ( 'NONE', ( #2680, #1410, #6011, #4527, #5481, #5221, #5958, #2432, #2874, #5837, #3225, #5900 ) ) ;
#4512 = CARTESIAN_POINT ( 'NONE',  ( -0.003442799999999639812, -0.003650000000000640146, -0.001211539816339700024 ) ) ;
#4513 = FACE_OUTER_BOUND ( 'NONE', #3325, .T. ) ;
#4514 = ORIENTED_EDGE ( 'NONE', *, *, #708, .T. ) ;
#4515 = CARTESIAN_POINT ( 'NONE',  ( 0.004250000000000780064, -0.002453766566748139758, -0.0001377379421663130113 ) ) ;
#4516 = EDGE_CURVE ( 'NONE', #5384, #2841, #4470, .T. ) ;
#4517 = PLANE ( 'NONE',  #4904 ) ;
#4518 = LINE ( 'NONE', #2589, #363 ) ;
#4519 = LINE ( 'NONE', #1989, #4088 ) ;
#4520 = EDGE_LOOP ( 'NONE', ( #1385, #6488, #4179, #2229 ) ) ;
#4521 = AXIS2_PLACEMENT_3D ( 'NONE', #1317, #5983, #1193 ) ;
#4522 = LINE ( 'NONE', #5378, #4453 ) ;
#4523 = PLANE ( 'NONE',  #6299 ) ;
#4524 = ORIENTED_EDGE ( 'NONE', *, *, #5538, .T. ) ;
#4525 = CARTESIAN_POINT ( 'NONE',  ( 0.004300000000000580268, -0.002730328986349140133, -0.0007218520780780720431 ) ) ;
#4526 = CARTESIAN_POINT ( 'NONE',  ( 0.004250000000000780064, -0.003049663416152459915, 0.0001308840876105750201 ) ) ;
#4527 = ORIENTED_EDGE ( 'NONE', *, *, #4551, .F. ) ;
#4528 = CIRCLE ( 'NONE', #1762, 0.0003999999999999238540 ) ;
#4529 = FILL_AREA_STYLE_COLOUR ( '', #3837 ) ;
#4530 = ORIENTED_EDGE ( 'NONE', *, *, #3846, .F. ) ;
#4531 = UNCERTAINTY_MEASURE_WITH_UNIT (LENGTH_MEASURE( 1.000000000000000082E-05 ), #5573, 'distance_accuracy_value', 'NONE');
#4532 = EDGE_CURVE ( 'NONE', #4430, #185, #6421, .T. ) ;
#4533 = DIRECTION ( 'NONE',  ( -1.000000000000000000, 0.000000000000000000, 0.000000000000000000 ) ) ;
#4534 = ORIENTED_EDGE ( 'NONE', *, *, #5287, .T. ) ;
#4535 = CARTESIAN_POINT ( 'NONE',  ( 0.004300000000000580268, -0.002527153523872580163, 0.0003021361718557340117 ) ) ;
#4536 = EDGE_LOOP ( 'NONE', ( #3568, #6621, #5615, #1010 ) ) ;
#4537 = CARTESIAN_POINT ( 'NONE',  ( 0.004250000000000780064, -0.002255891997346939730, 0.0001237097083552470217 ) ) ;
#4538 = ORIENTED_EDGE ( 'NONE', *, *, #6181, .F. ) ;
#4539 = CARTESIAN_POINT ( 'NONE',  ( -0.003899999999999639866, -0.005799999999999659595, 0.0001620000000000120150 ) ) ;
#4540 = CARTESIAN_POINT ( 'NONE',  ( 0.004300000000000580268, -0.001781153523872519963, 0.0007999244559860899583 ) ) ;
#4541 = DIRECTION ( 'NONE',  ( 0.000000000000000000, -1.000000000000000000, 0.000000000000000000 ) ) ;
#4542 = VERTEX_POINT ( 'NONE', #3873 ) ;
#4543 = EDGE_CURVE ( 'NONE', #5413, #3078, #6450, .T. ) ;
#4544 = LINE ( 'NONE', #2609, #3356 ) ;
#4545 = CARTESIAN_POINT ( 'NONE',  ( 0.004300000000000580268, -0.002854962039752079617, 0.0001270209685082529939 ) ) ;
#4546 = EDGE_CURVE ( 'NONE', #671, #4149, #4909, .T. ) ;
#4547 = ORIENTED_EDGE ( 'NONE', *, *, #53, .F. ) ;
#4548 = CARTESIAN_POINT ( 'NONE',  ( 0.004250000000000780064, -0.002541846203939750887, -2.269433136927529449E-05 ) ) ;
#4549 = AXIS2_PLACEMENT_3D ( 'NONE', #187, #3731, #4261 ) ;
#4550 = CARTESIAN_POINT ( 'NONE',  ( 0.001000000000000060086, 0.003899999999999639866, -0.001000000000000060086 ) ) ;
#4551 = EDGE_CURVE ( 'NONE', #1, #5306, #3370, .T. ) ;
#4552 = LINE ( 'NONE', #2020, #6453 ) ;
#4553 = LINE ( 'NONE', #6600, #3980 ) ;
#4554 = AXIS2_PLACEMENT_3D ( 'NONE', #4479, #1488, #3824 ) ;
#4555 = ORIENTED_EDGE ( 'NONE', *, *, #1086, .F. ) ;
#4556 = CARTESIAN_POINT ( 'NONE',  ( -0.004300000000000580268, -0.005799999999999659595, 0.0001620000000000120150 ) ) ;
#4557 = VECTOR ( 'NONE', #4712, 1.000000000000000000 ) ;
#4558 = ORIENTED_EDGE ( 'NONE', *, *, #4288, .T. ) ;
#4559 = VECTOR ( 'NONE', #3799, 1.000000000000000222 ) ;
#4560 = CARTESIAN_POINT ( 'NONE',  ( -0.004099999999998840683, -0.005799999999999659595, -0.0001620000000000120150 ) ) ;
#4561 = CARTESIAN_POINT ( 'NONE',  ( -0.002249999999999889675, -0.003600000000000839941, -0.0001500000000000099886 ) ) ;
#4562 = LINE ( 'NONE', #3495, #6462 ) ;
#4563 = ORIENTED_EDGE ( 'NONE', *, *, #336, .F. ) ;
#4564 = CARTESIAN_POINT ( 'NONE',  ( 0.004300000000000580268, -0.002758153523872420004, 0.0005311922934009440491 ) ) ;
#4565 = SURFACE_SIDE_STYLE ('',( #5044 ) ) ;
#4566 = ORIENTED_EDGE ( 'NONE', *, *, #5926, .T. ) ;
#4567 = DIRECTION ( 'NONE',  ( 0.000000000000000000, 0.000000000000000000, -1.000000000000000000 ) ) ;
#4568 = CARTESIAN_POINT ( 'NONE',  ( 0.001999999999999869937, -0.006850000000000540552, 0.0001500000000000099886 ) ) ;
#4569 = ORIENTED_EDGE ( 'NONE', *, *, #4701, .T. ) ;
#4570 = DIRECTION ( 'NONE',  ( 0.000000000000000000, 0.9815122935962051764, -0.1913991053258010666 ) ) ;
#4571 = CARTESIAN_POINT ( 'NONE',  ( -0.003842800000000579780, 0.000000000000000000, -0.001750000000000109975 ) ) ;
#4572 = ADVANCED_FACE ( 'NONE', ( #972 ), #4976, .F. ) ;
#4573 = DIRECTION ( 'NONE',  ( 1.000000000000000000, 0.000000000000000000, 0.000000000000000000 ) ) ;
#4574 = ORIENTED_EDGE ( 'NONE', *, *, #753, .F. ) ;
#4575 = EDGE_LOOP ( 'NONE', ( #4131, #366, #5954, #4432 ) ) ;
#4576 = PLANE ( 'NONE',  #2293 ) ;
#4577 = CARTESIAN_POINT ( 'NONE',  ( 0.004300000000000580268, -0.002387783423741408808, 5.429662822373636124E-05 ) ) ;
#4578 = CARTESIAN_POINT ( 'NONE',  ( 0.001000000000000060086, 0.003899999999999639866, -0.001000000000000060086 ) ) ;
#4579 = AXIS2_PLACEMENT_3D ( 'NONE', #5352, #6355, #121 ) ;
#4580 = EDGE_CURVE ( 'NONE', #1016, #4036, #394, .T. ) ;
#4581 = ORIENTED_EDGE ( 'NONE', *, *, #2087, .T. ) ;
#4582 = EDGE_CURVE ( 'NONE', #3094, #2770, #3903, .T. ) ;
#4583 = DIRECTION ( 'NONE',  ( 0.000000000000000000, 0.000000000000000000, -1.000000000000000000 ) ) ;
#4584 = EDGE_CURVE ( 'NONE', #5237, #1856, #846, .T. ) ;
#4585 = VECTOR ( 'NONE', #4823, 1.000000000000000000 ) ;
#4586 = CARTESIAN_POINT ( 'NONE',  ( -0.0006999999999999999929, -0.002200000000000090338, 0.001750000000000109975 ) ) ;
#4587 = VERTEX_POINT ( 'NONE', #4505 ) ;
#4588 = CARTESIAN_POINT ( 'NONE',  ( 0.001000000000000060086, 0.003899999999999639866, 0.001000000000000060086 ) ) ;
#4589 = LINE ( 'NONE', #6632, #572 ) ;
#4590 = ORIENTED_EDGE ( 'NONE', *, *, #5731, .F. ) ;
#4591 = CARTESIAN_POINT ( 'NONE',  ( 0.004300000000000580268, -0.002516253444455609882, 0.0004514923470089280007 ) ) ;
#4592 = VECTOR ( 'NONE', #2255, 1.000000000000000000 ) ;
#4593 = EDGE_CURVE ( 'NONE', #5325, #3541, #6178, .T. ) ;
#4594 = VERTEX_POINT ( 'NONE', #4371 ) ;
#4595 = DIRECTION ( 'NONE',  ( 0.000000000000000000, -1.734723475976697285E-14, -1.000000000000000000 ) ) ;
#4596 = PLANE ( 'NONE',  #2189 ) ;
#4597 = PLANE ( 'NONE',  #3462 ) ;
#4598 = ORIENTED_EDGE ( 'NONE', *, *, #5400, .F. ) ;
#4599 = UNCERTAINTY_MEASURE_WITH_UNIT (LENGTH_MEASURE( 1.000000000000000082E-05 ), #6357, 'distance_accuracy_value', 'NONE');
#4600 = VERTEX_POINT ( 'NONE', #2441 ) ;
#4601 = VERTEX_POINT ( 'NONE', #6010 ) ;
#4602 = DIRECTION ( 'NONE',  ( 0.000000000000000000, -1.000000000000000000, 0.000000000000000000 ) ) ;
#4603 = CARTESIAN_POINT ( 'NONE',  ( -0.002890000000001140355, -0.003600000000000839941, 0.001649999999999999991 ) ) ;
#4604 = ORIENTED_EDGE ( 'NONE', *, *, #2800, .T. ) ;
#4605 = DIRECTION ( 'NONE',  ( -1.000000000000000000, 0.000000000000000000, 0.000000000000000000 ) ) ;
#4606 = DIRECTION ( 'NONE',  ( 0.000000000000000000, 0.000000000000000000, -1.000000000000000000 ) ) ;
#4607 = DIRECTION ( 'NONE',  ( 0.000000000000000000, 1.000000000000000000, 0.000000000000000000 ) ) ;
#4608 = VERTEX_POINT ( 'NONE', #6484 ) ;
#4609 = CARTESIAN_POINT ( 'NONE',  ( 0.004300000000000580268, -0.001563078422692379876, -0.001237022468539899969 ) ) ;
#4610 = EDGE_LOOP ( 'NONE', ( #1640, #3783, #1046, #1745 ) ) ;
#4611 = CARTESIAN_POINT ( 'NONE',  ( 0.003839999999999879968, -0.003600000000000839941, 0.001649999999999999991 ) ) ;
#4612 = DIRECTION ( 'NONE',  ( 0.000000000000000000, 0.9799993465698060291, -0.1990007053323009922 ) ) ;
#4613 = ORIENTED_EDGE ( 'NONE', *, *, #1403, .F. ) ;
#4614 = DIRECTION ( 'NONE',  ( 1.000000000000000000, 0.000000000000000000, 0.000000000000000000 ) ) ;
#4615 = VECTOR ( 'NONE', #6012, 1.000000000000000000 ) ;
#4616 = ORIENTED_EDGE ( 'NONE', *, *, #5215, .F. ) ;
#4617 = EDGE_CURVE ( 'NONE', #3761, #6574, #5737, .T. ) ;
#4618 = CARTESIAN_POINT ( 'NONE',  ( 0.004250000000000780064, -0.002794153523871605559, 0.001015730190334277914 ) ) ;
#4619 = CARTESIAN_POINT ( 'NONE',  ( 0.004099999999998840683, -0.006459938093763199600, 0.0004270963523915660329 ) ) ;
#4620 = DIRECTION ( 'NONE',  ( 0.000000000000000000, 0.000000000000000000, -1.000000000000000000 ) ) ;
#4621 = ORIENTED_EDGE ( 'NONE', *, *, #4427, .T. ) ;
#4622 = ORIENTED_EDGE ( 'NONE', *, *, #590, .F. ) ;
#4623 = CARTESIAN_POINT ( 'NONE',  ( 0.003842800000000579780, 0.000000000000000000, -0.001425999999999880054 ) ) ;
#4624 = VECTOR ( 'NONE', #1812, 1.000000000000000000 ) ;
#4625 = SURFACE_STYLE_FILL_AREA ( #1564 ) ;
#4626 = DIRECTION ( 'NONE',  ( 1.000000000000000000, 0.000000000000000000, 0.000000000000000000 ) ) ;
#4627 = B_SPLINE_SURFACE_WITH_KNOTS ( 'NONE', 3, 1, ( 
 ( #242, #1230 ),
 ( #5897, #1760 ),
 ( #179, #1334 ),
 ( #2799, #2234 ) ),
 .UNSPECIFIED., .F., .F., .F.,
 ( 4, 4 ),
 ( 2, 2 ),
 ( 0.02208665571488018994, 0.9805688496752967831 ),
 ( 0.000000000000000000, 1.000000000000000000 ),
 .UNSPECIFIED. ) ;
#4628 = EDGE_CURVE ( 'NONE', #861, #5965, #1910, .T. ) ;
#4629 = ORIENTED_EDGE ( 'NONE', *, *, #333, .F. ) ;
#4630 = CARTESIAN_POINT ( 'NONE',  ( -0.004300000000000580268, -0.004300000000000580268, 0.0004572000000000000001 ) ) ;
#4631 = VECTOR ( 'NONE', #4492, 1.000000000000000000 ) ;
#4632 = ORIENTED_EDGE ( 'NONE', *, *, #417, .F. ) ;
#4633 = LINE ( 'NONE', #3026, #3373 ) ;
#4634 = CARTESIAN_POINT ( 'NONE',  ( 0.000000000000000000, 0.004400000000000180676, -0.001000000000000060086 ) ) ;
#4635 = EDGE_CURVE ( 'NONE', #5741, #6581, #1896, .T. ) ;
#4636 = ORIENTED_EDGE ( 'NONE', *, *, #507, .F. ) ;
#4637 =( NAMED_UNIT ( * ) PLANE_ANGLE_UNIT ( ) SI_UNIT ( $, .RADIAN. ) );
#4638 = VECTOR ( 'NONE', #3102, 1.000000000000000000 ) ;
#4639 = CARTESIAN_POINT ( 'NONE',  ( -0.004300000000000580268, -0.0003999999999999240166, 0.002150000000000039900 ) ) ;
#4640 = CARTESIAN_POINT ( 'NONE',  ( 0.002890000000001140355, -0.002779999999999039750, 0.001750000000000109975 ) ) ;
#4641 = VECTOR ( 'NONE', #1376, 1.000000000000000000 ) ;
#4642 = ORIENTED_EDGE ( 'NONE', *, *, #4006, .T. ) ;
#4643 = DIRECTION ( 'NONE',  ( -1.000000000000000000, 0.000000000000000000, 0.000000000000000000 ) ) ;
#4644 = ORIENTED_EDGE ( 'NONE', *, *, #6592, .T. ) ;
#4645 = CARTESIAN_POINT ( 'NONE',  ( -0.003842800000000579780, -0.003650000000000640146, 0.001700000000000059970 ) ) ;
#4646 = CARTESIAN_POINT ( 'NONE',  ( 0.003842800000000579780, -0.004049999999999039611, 0.001700000000000059970 ) ) ;
#4647 = ORIENTED_EDGE ( 'NONE', *, *, #4495, .T. ) ;
#4648 = LINE ( 'NONE', #5124, #2113 ) ;
#4649 = ORIENTED_EDGE ( 'NONE', *, *, #5004, .T. ) ;
#4650 = CARTESIAN_POINT ( 'NONE',  ( 0.001999999999999869937, 0.0003999999999999240166, 0.001000000000000060086 ) ) ;
#4651 = CARTESIAN_POINT ( 'NONE',  ( 0.004250000000000779196, -0.003000877937190886847, 5.256337194652971941E-05 ) ) ;
#4652 = AXIS2_PLACEMENT_3D ( 'NONE', #1679, #3774, #2782 ) ;
#4653 = DIRECTION ( 'NONE',  ( -1.000000000000000000, 0.000000000000000000, 0.000000000000000000 ) ) ;
#4654 = EDGE_CURVE ( 'NONE', #735, #1948, #1867, .T. ) ;
#4655 = EDGE_LOOP ( 'NONE', ( #3694, #4885, #4128, #3264 ) ) ;
#4656 = ORIENTED_EDGE ( 'NONE', *, *, #5683, .F. ) ;
#4657 = VECTOR ( 'NONE', #5998, 1.000000000000000000 ) ;
#4658 = DIRECTION ( 'NONE',  ( 0.000000000000000000, 0.000000000000000000, 1.000000000000000000 ) ) ;
#4659 = CARTESIAN_POINT ( 'NONE',  ( 0.004300000000000580268, -0.001563078422692379876, -0.0005258775166104020333 ) ) ;
#4660 = LINE ( 'NONE', #3653, #6138 ) ;
#4661 = VERTEX_POINT ( 'NONE', #1412 ) ;
#4662 = EDGE_CURVE ( 'NONE', #4820, #2814, #5509, .T. ) ;
#4663 = AXIS2_PLACEMENT_3D ( 'NONE', #3157, #2804, #5777 ) ;
#4664 = LINE ( 'NONE', #1066, #41 ) ;
#4665 = EDGE_CURVE ( 'NONE', #5419, #658, #5546, .T. ) ;
#4666 = AXIS2_PLACEMENT_3D ( 'NONE', #1588, #5657, #641 ) ;
#4667 = ORIENTED_EDGE ( 'NONE', *, *, #5773, .F. ) ;
#4668 = DIRECTION ( 'NONE',  ( -0.000000000000000000, 1.000000000000000000, 0.000000000000000000 ) ) ;
#4669 = LINE ( 'NONE', #1070, #3814 ) ;
#4670 = ORIENTED_EDGE ( 'NONE', *, *, #5450, .T. ) ;
#4671 = VECTOR ( 'NONE', #2053, 1.000000000000000000 ) ;
#4672 = DIRECTION ( 'NONE',  ( 0.000000000000000000, 0.000000000000000000, 1.000000000000000000 ) ) ;
#4673 = FACE_OUTER_BOUND ( 'NONE', #1778, .T. ) ;
#4674 = ORIENTED_EDGE ( 'NONE', *, *, #5770, .T. ) ;
#4675 = EDGE_CURVE ( 'NONE', #3164, #2727, #4400, .T. ) ;
#4676 = ORIENTED_EDGE ( 'NONE', *, *, #5043, .T. ) ;
#4677 = DIRECTION ( 'NONE',  ( 0.000000000000000000, 1.000000000000000000, 0.000000000000000000 ) ) ;
#4678 = VECTOR ( 'NONE', #3882, 1.000000000000000000 ) ;
#4679 = DIRECTION ( 'NONE',  ( 1.000000000000000000, 0.000000000000000000, 0.000000000000000000 ) ) ;
#4680 = LINE ( 'NONE', #91, #1788 ) ;
#4681 = ORIENTED_EDGE ( 'NONE', *, *, #4086, .F. ) ;
#4682 = EDGE_LOOP ( 'NONE', ( #5664, #4746, #4369, #5543 ) ) ;
#4683 = CARTESIAN_POINT ( 'NONE',  ( -0.004300000000000580268, -0.005725969598507800636, -0.0005963953452224180331 ) ) ;
#4684 = CARTESIAN_POINT ( 'NONE',  ( 0.004250000000000780064, -0.002315153523872669986, 0.0003546314634283140072 ) ) ;
#4685 = AXIS2_PLACEMENT_3D ( 'NONE', #446, #3489, #956 ) ;
#4686 = LINE ( 'NONE', #4144, #6458 ) ;
#4687 = CARTESIAN_POINT ( 'NONE',  ( 0.004300000000000577666, -0.003000877937190886847, 5.256337194652971941E-05 ) ) ;
#4688 = CARTESIAN_POINT ( 'NONE',  ( 0.004250000000000780064, -0.002091113198820100053, 0.0007779833363192680028 ) ) ;
#4689 = ORIENTED_EDGE ( 'NONE', *, *, #267, .F. ) ;
#4690 = ORIENTED_EDGE ( 'NONE', *, *, #6634, .T. ) ;
#4691 = LINE ( 'NONE', #106, #2668 ) ;
#4692 = CARTESIAN_POINT ( 'NONE',  ( 0.004250000000000780064, -0.002751576454468799768, 0.001531699151457649889 ) ) ;
#4693 = CARTESIAN_POINT ( 'NONE',  ( 0.004300000000000580268, -0.001525024848776049919, 0.0005342746836440760835 ) ) ;
#4694 = PLANE ( 'NONE',  #4205 ) ;
#4695 = VECTOR ( 'NONE', #2354, 1.000000000000000000 ) ;
#4696 = DIRECTION ( 'NONE',  ( 0.000000000000000000, 0.000000000000000000, 1.000000000000000000 ) ) ;
#4697 = VECTOR ( 'NONE', #1242, 1.000000000000000000 ) ;
#4698 = VECTOR ( 'NONE', #4355, 1.000000000000000222 ) ;
#4699 = EDGE_LOOP ( 'NONE', ( #4514, #5850, #3002, #351 ) ) ;
#4700 = LINE ( 'NONE', #4188, #3693 ) ;
#4701 = EDGE_CURVE ( 'NONE', #5005, #5217, #3405, .T. ) ;
#4702 = DIRECTION ( 'NONE',  ( 0.000000000000000000, 1.000000000000000000, 0.000000000000000000 ) ) ;
#4703 = VERTEX_POINT ( 'NONE', #2636 ) ;
#4704 =( NAMED_UNIT ( * ) PLANE_ANGLE_UNIT ( ) SI_UNIT ( $, .RADIAN. ) );
#4705 = CARTESIAN_POINT ( 'NONE',  ( 0.004300000000000580268, -0.002791153523871779934, 0.0002874971942643039726 ) ) ;
#4706 = ADVANCED_FACE ( 'NONE', ( #5578 ), #300, .T. ) ;
#4707 = SURFACE_STYLE_USAGE ( .BOTH. , #5748 ) ;
#4708 = LINE ( 'NONE', #5318, #3848 ) ;
#4709 = CARTESIAN_POINT ( 'NONE',  ( 0.004300000000000580268, -0.001563078422692379876, -0.0005258775166104020333 ) ) ;
#4710 = EDGE_LOOP ( 'NONE', ( #5455, #357, #5475, #2369 ) ) ;
#4711 = DIRECTION ( 'NONE',  ( 0.000000000000000000, 1.000000000000000000, 0.000000000000000000 ) ) ;
#4712 = DIRECTION ( 'NONE',  ( -1.000000000000000000, -2.114974861911000202E-14, 0.000000000000000000 ) ) ;
#4713 = VERTEX_POINT ( 'NONE', #527 ) ;
#4714 = VERTEX_POINT ( 'NONE', #5173 ) ;
#4715 = EDGE_CURVE ( 'NONE', #146, #6525, #4723, .T. ) ;
#4716 = LINE ( 'NONE', #128, #613 ) ;
#4717 = DIRECTION ( 'NONE',  ( 1.000000000000000000, 0.000000000000000000, 0.000000000000000000 ) ) ;
#4718 = EDGE_CURVE ( 'NONE', #1543, #1209, #1373, .T. ) ;
#4719 = DIRECTION ( 'NONE',  ( -1.000000000000000000, 0.000000000000000000, 0.000000000000000000 ) ) ;
#4720 = CARTESIAN_POINT ( 'NONE',  ( -0.003899999999999639866, -0.0003999999999999240166, 0.002150000000000039900 ) ) ;
#4721 = EDGE_CURVE ( 'NONE', #4464, #2267, #2505, .T. ) ;
#4722 = CARTESIAN_POINT ( 'NONE',  ( 0.001999999999999869937, 0.0003999999999999240166, 0.001000000000000060086 ) ) ;
#4723 = B_SPLINE_CURVE_WITH_KNOTS ( 'NONE', 3,
 ( #4065, #4537, #6082, #2573 ),
 .UNSPECIFIED., .F., .F.,
 ( 4, 4 ),
 ( 0.000000000000000000, 1.000000000000000000 ),
 .UNSPECIFIED. ) ;
#4724 = ORIENTED_EDGE ( 'NONE', *, *, #4829, .F. ) ;
#4725 = EDGE_LOOP ( 'NONE', ( #134, #1768, #6427, #5180 ) ) ;
#4726 = CARTESIAN_POINT ( 'NONE',  ( 0.001000000000000060086, 0.000000000000000000, -0.001000000000000060086 ) ) ;
#4727 =( GEOMETRIC_REPRESENTATION_CONTEXT ( 3 ) GLOBAL_UNCERTAINTY_ASSIGNED_CONTEXT ( ( #6611 ) ) GLOBAL_UNIT_ASSIGNED_CONTEXT ( ( #5807, #4704, #3128 ) ) REPRESENTATION_CONTEXT ( 'NONE', 'WORKASPACE' ) );
#4728 = CARTESIAN_POINT ( 'NONE',  ( 0.004250000000000780064, -0.001514632270944029930, 0.0009294129136990300763 ) ) ;
#4729 = DIRECTION ( 'NONE',  ( 1.000000000000000000, 0.000000000000000000, 0.000000000000000000 ) ) ;
#4730 = CARTESIAN_POINT ( 'NONE',  ( 0.004300000000000580268, -0.004300000000000580268, -0.001221010893854959905 ) ) ;
#4731 = CYLINDRICAL_SURFACE ( 'NONE', #6400, 0.0004499999999999781952 ) ;
#4732 = EDGE_LOOP ( 'NONE', ( #5834, #2072, #3907, #2617 ) ) ;
#4733 = ORIENTED_EDGE ( 'NONE', *, *, #950, .F. ) ;
#4734 = LINE ( 'NONE', #3156, #5512 ) ;
#4735 = EDGE_LOOP ( 'NONE', ( #4035, #6296, #875, #1174 ) ) ;
#4736 = PLANE ( 'NONE',  #1155 ) ;
#4737 = ORIENTED_EDGE ( 'NONE', *, *, #333, .T. ) ;
#4738 = CARTESIAN_POINT ( 'NONE',  ( 0.004300000000000580268, -0.002091113198820100053, 0.0007779833363192680028 ) ) ;
#4739 = FACE_OUTER_BOUND ( 'NONE', #5402, .T. ) ;
#4740 = AXIS2_PLACEMENT_3D ( 'NONE', #4941, #362, #1690 ) ;
#4741 = FACE_OUTER_BOUND ( 'NONE', #4699, .T. ) ;
#4742 = ADVANCED_FACE ( 'NONE', ( #2002 ), #5610, .F. ) ;
#4743 = DIRECTION ( 'NONE',  ( -0.000000000000000000, 1.000000000000000000, 0.000000000000000000 ) ) ;
#4744 = DIRECTION ( 'NONE',  ( 0.000000000000000000, -1.000000000000000000, 0.000000000000000000 ) ) ;
#4745 = CARTESIAN_POINT ( 'NONE',  ( 0.004300000000000580268, -0.002791153523871779934, 0.0002874971942643039726 ) ) ;
#4746 = ORIENTED_EDGE ( 'NONE', *, *, #4617, .F. ) ;
#4747 = ORIENTED_EDGE ( 'NONE', *, *, #3732, .T. ) ;
#4748 = CARTESIAN_POINT ( 'NONE',  ( -0.0006999999999999999929, -0.002200000000000090338, 0.001750000000000109975 ) ) ;
#4749 = ADVANCED_FACE ( 'NONE', ( #1512 ), #1003, .F. ) ;
#4750 = ADVANCED_FACE ( 'NONE', ( #4160 ), #6117, .T. ) ;
#4751 = LINE ( 'NONE', #167, #3740 ) ;
#4752 = ADVANCED_FACE ( 'NONE', ( #593 ), #350, .T. ) ;
#4753 = CARTESIAN_POINT ( 'NONE',  ( 0.003899999999999639866, -0.004300000000000580268, -0.0004572000000000000001 ) ) ;
#4754 = FACE_OUTER_BOUND ( 'NONE', #6290, .T. ) ;
#4755 = CARTESIAN_POINT ( 'NONE',  ( 0.004300000000000580268, -0.002758153523872614726, 0.0005311922934008099333 ) ) ;
#4756 = VERTEX_POINT ( 'NONE', #6149 ) ;
#4757 = ORIENTED_EDGE ( 'NONE', *, *, #1244, .F. ) ;
#4758 = CARTESIAN_POINT ( 'NONE',  ( 0.004250000000000780064, -0.002287153523872530094, 0.001022497690101110187 ) ) ;
#4759 = EDGE_CURVE ( 'NONE', #4835, #6438, #4669, .T. ) ;
#4760 = CARTESIAN_POINT ( 'NONE',  ( 0.004250000000000780064, -0.002309134716843097915, 0.0001318758974741084783 ) ) ;
#4761 = DIRECTION ( 'NONE',  ( 0.000000000000000000, 1.000000000000000000, 0.000000000000000000 ) ) ;
#4762 = FILL_AREA_STYLE ('',( #5367 ) ) ;
#4763 = VECTOR ( 'NONE', #2681, 1.000000000000000000 ) ;
#4764 = CARTESIAN_POINT ( 'NONE',  ( 0.003899999999999639866, -0.006031911562518000106, -0.0005638519319878100393 ) ) ;
#4765 = AXIS2_PLACEMENT_3D ( 'NONE', #1789, #272, #6019 ) ;
#4766 = ORIENTED_EDGE ( 'NONE', *, *, #4495, .F. ) ;
#4767 = ORIENTED_EDGE ( 'NONE', *, *, #86, .T. ) ;
#4768 = DIRECTION ( 'NONE',  ( 1.000000000000000000, 0.000000000000000000, 0.000000000000000000 ) ) ;
#4769 = CARTESIAN_POINT ( 'NONE',  ( 0.004300000000000580268, -0.004300000000000580268, -0.002150000000000039900 ) ) ;
#4770 = ORIENTED_EDGE ( 'NONE', *, *, #6184, .T. ) ;
#4771 = VECTOR ( 'NONE', #2648, 1.000000000000000000 ) ;
#4772 = DIRECTION ( 'NONE',  ( 0.000000000000000000, 0.000000000000000000, 1.000000000000000000 ) ) ;
#4773 =( NAMED_UNIT ( * ) SI_UNIT ( $, .STERADIAN. ) SOLID_ANGLE_UNIT ( ) );
#4774 = CARTESIAN_POINT ( 'NONE',  ( 0.003899999999999639866, -0.004300000000000580268, 0.002150000000000039900 ) ) ;
#4775 = CARTESIAN_POINT ( 'NONE',  ( 0.003799999999999999992, -0.0005000000000000319944, 0.001500000000000099995 ) ) ;
#4776 = VERTEX_POINT ( 'NONE', #5143 ) ;
#4777 = AXIS2_PLACEMENT_3D ( 'NONE', #4769, #188, #2271 ) ;
#4778 = CARTESIAN_POINT ( 'NONE',  ( 0.004250000000000780064, -0.002527153523872580163, 0.0003021361718557340117 ) ) ;
#4779 = FACE_OUTER_BOUND ( 'NONE', #3631, .T. ) ;
#4780 = VECTOR ( 'NONE', #2868, 1.000000000000000000 ) ;
#4781 = ORIENTED_EDGE ( 'NONE', *, *, #6202, .T. ) ;
#4782 = VECTOR ( 'NONE', #4981, 1.000000000000000000 ) ;
#4783 = EDGE_LOOP ( 'NONE', ( #2440, #3297, #5376, #649 ) ) ;
#4784 = B_SPLINE_CURVE_WITH_KNOTS ( 'NONE', 3,
 ( #4493, #382, #2430, #2027, #6538, #6506, #6000, #3526, #1432 ),
 .UNSPECIFIED., .F., .F.,
 ( 4, 1, 1, 1, 1, 1, 4 ),
 ( 0.000000000000000000, 0.4328935680725999879, 0.6493403521087999231, 0.7575637441270000050, 0.8657871361451000558, 0.9975698077871999470, 1.000000000000000000 ),
 .UNSPECIFIED. ) ;
#4785 = CARTESIAN_POINT ( 'NONE',  ( 0.004250000000000780064, -0.002275809937049459893, -0.0002217595846691989897 ) ) ;
#4786 = DIRECTION ( 'NONE',  ( 1.000000000000000000, 0.000000000000000000, 0.000000000000000000 ) ) ;
#4787 = EDGE_CURVE ( 'NONE', #2605, #794, #560, .T. ) ;
#4788 = EDGE_CURVE ( 'NONE', #1486, #3276, #1366, .T. ) ;
#4789 = ORIENTED_EDGE ( 'NONE', *, *, #8, .F. ) ;
#4790 = EDGE_CURVE ( 'NONE', #3034, #5818, #81, .T. ) ;
#4791 = DIRECTION ( 'NONE',  ( 0.000000000000000000, -0.9799993465698060291, 0.1990007053323009922 ) ) ;
#4792 = ORIENTED_EDGE ( 'NONE', *, *, #6024, .F. ) ;
#4793 = DIRECTION ( 'NONE',  ( 1.000000000000000000, 0.000000000000000000, 0.000000000000000000 ) ) ;
#4794 = CARTESIAN_POINT ( 'NONE',  ( 0.004250000000000780064, -0.001922125109251359917, 0.0003308474117064440006 ) ) ;
#4795 = LINE ( 'NONE', #2731, #2611 ) ;
#4796 = VECTOR ( 'NONE', #4793, 1.000000000000000000 ) ;
#4797 = ADVANCED_FACE ( 'NONE', ( #1639 ), #3657, .F. ) ;
#4798 = CARTESIAN_POINT ( 'NONE',  ( 0.004300000000000580268, -0.001781153523872465753, 0.0007999244559860536376 ) ) ;
#4799 = EDGE_LOOP ( 'NONE', ( #2598, #693, #6360, #9 ) ) ;
#4800 = STYLED_ITEM ( 'NONE', ( #2586 ), #2872 ) ;
#4801 = ORIENTED_EDGE ( 'NONE', *, *, #2106, .F. ) ;
#4802 = DIRECTION ( 'NONE',  ( 0.000000000000000000, 0.000000000000000000, -1.000000000000000000 ) ) ;
#4803 = DIRECTION ( 'NONE',  ( 0.000000000000000000, 0.000000000000000000, 1.000000000000000000 ) ) ;
#4804 = VERTEX_POINT ( 'NONE', #3328 ) ;
#4805 = FACE_OUTER_BOUND ( 'NONE', #3935, .T. ) ;
#4806 = CARTESIAN_POINT ( 'NONE',  ( 0.002249999999999889675, -0.003600000000000839941, -0.0001500000000000099886 ) ) ;
#4807 = VECTOR ( 'NONE', #4133, 1.000000000000000000 ) ;
#4808 = FACE_OUTER_BOUND ( 'NONE', #3070, .T. ) ;
#4809 = AXIS2_PLACEMENT_3D ( 'NONE', #568, #3075, #4679 ) ;
#4810 = EDGE_LOOP ( 'NONE', ( #3721, #1124, #4062, #5584 ) ) ;
#4811 = LINE ( 'NONE', #3270, #3524 ) ;
#4812 = ORIENTED_EDGE ( 'NONE', *, *, #93, .F. ) ;
#4813 = ORIENTED_EDGE ( 'NONE', *, *, #3349, .F. ) ;
#4814 = SURFACE_STYLE_USAGE ( .BOTH. , #2812 ) ;
#4815 = CARTESIAN_POINT ( 'NONE',  ( 0.002249999999999889675, -0.003600000000000839941, 0.0001500000000000099886 ) ) ;
#4816 = VERTEX_POINT ( 'NONE', #6317 ) ;
#4817 = ORIENTED_EDGE ( 'NONE', *, *, #4083, .T. ) ;
#4818 = PLANE ( 'NONE',  #5202 ) ;
#4819 = DIRECTION ( 'NONE',  ( -1.167917631461999950E-12, -3.893058771541000151E-13, 1.000000000000000000 ) ) ;
#4820 = VERTEX_POINT ( 'NONE', #2239 ) ;
#4821 = CARTESIAN_POINT ( 'NONE',  ( 0.004250000000000780064, -0.002873153523871959953, 0.0002153200030811799968 ) ) ;
#4822 = EDGE_CURVE ( 'NONE', #4816, #656, #2302, .T. ) ;
#4823 = DIRECTION ( 'NONE',  ( -1.000000000000000000, 0.000000000000000000, 0.000000000000000000 ) ) ;
#4824 = CARTESIAN_POINT ( 'NONE',  ( 0.001320000000000050083, -0.001000000000000060086, 0.001750000000000109975 ) ) ;
#4825 = CARTESIAN_POINT ( 'NONE',  ( 0.004300000000000580268, -0.001714645244342229927, 0.001271506109511520016 ) ) ;
#4826 = SURFACE_STYLE_FILL_AREA ( #4762 ) ;
#4827 = B_SPLINE_CURVE_WITH_KNOTS ( 'NONE', 3,
 ( #4778, #3239, #668, #3167, #1809 ),
 .UNSPECIFIED., .F., .F.,
 ( 4, 1, 4 ),
 ( 0.000000000000000000, 0.6829358079444000085, 1.000000000000000000 ),
 .UNSPECIFIED. ) ;
#4828 = DIRECTION ( 'NONE',  ( -0.000000000000000000, 1.000000000000000000, 0.000000000000000000 ) ) ;
#4829 = EDGE_CURVE ( 'NONE', #3733, #902, #4296, .T. ) ;
#4830 = COLOUR_RGB ( '',0.5019607843137254832, 0.5019607843137254832, 0.5019607843137254832 ) ;
#4831 = ORIENTED_EDGE ( 'NONE', *, *, #3938, .F. ) ;
#4832 = ORIENTED_EDGE ( 'NONE', *, *, #1328, .T. ) ;
#4833 = DIRECTION ( 'NONE',  ( 0.000000000000000000, -1.000000000000000000, 0.000000000000000000 ) ) ;
#4834 = ADVANCED_FACE ( 'NONE', ( #3229 ), #3698, .F. ) ;
#4835 = VERTEX_POINT ( 'NONE', #1207 ) ;
#4836 = PLANE ( 'NONE',  #1902 ) ;
#4837 = DIRECTION ( 'NONE',  ( 0.000000000000000000, 0.9952694819190712749, 0.09715275786380722645 ) ) ;
#4838 = ORIENTED_EDGE ( 'NONE', *, *, #4212, .T. ) ;
#4839 = CARTESIAN_POINT ( 'NONE',  ( 0.004099999999998840683, -0.004300000000000580268, 0.0008400108938549639796 ) ) ;
#4840 = CARTESIAN_POINT ( 'NONE',  ( 0.004250000000000780064, -0.002846297100038559704, 0.0005517459812482739022 ) ) ;
#4841 = CARTESIAN_POINT ( 'NONE',  ( 0.004250000000000780064, -0.002573877937189380377, -0.0008369805913275699984 ) ) ;
#4842 = DIRECTION ( 'NONE',  ( 1.000000000000000000, 0.000000000000000000, 0.000000000000000000 ) ) ;
#4843 = ORIENTED_EDGE ( 'NONE', *, *, #540, .T. ) ;
#4844 = ORIENTED_EDGE ( 'NONE', *, *, #2194, .F. ) ;
#4845 = LINE ( 'NONE', #2211, #2741 ) ;
#4846 = ADVANCED_FACE ( 'NONE', ( #3295 ), #4736, .T. ) ;
#4847 = CARTESIAN_POINT ( 'NONE',  ( 0.004300000000000580268, -0.004300000000000580268, 0.0004572000000000000001 ) ) ;
#4848 = ORIENTED_EDGE ( 'NONE', *, *, #4955, .T. ) ;
#4849 = VECTOR ( 'NONE', #6423, 1.000000000000000000 ) ;
#4850 = EDGE_LOOP ( 'NONE', ( #1390, #3014, #6282, #2994 ) ) ;
#4851 = DIRECTION ( 'NONE',  ( 0.000000000000000000, -0.3043458825695966596, -0.9525615905351910717 ) ) ;
#4852 = VECTOR ( 'NONE', #6572, 1.000000000000000000 ) ;
#4853 = CARTESIAN_POINT ( 'NONE',  ( -0.003842800000000579780, -0.003600000000000839941, -0.001700000000000059970 ) ) ;
#4854 = EDGE_LOOP ( 'NONE', ( #5669, #2483, #1004, #3992 ) ) ;
#4855 = VECTOR ( 'NONE', #3152, 1.000000000000000000 ) ;
#4856 = CARTESIAN_POINT ( 'NONE',  ( -0.004300000000000580268, -0.004300000000000580268, -0.001221010893854959905 ) ) ;
#4857 = CARTESIAN_POINT ( 'NONE',  ( 0.003042800000001239912, -0.002779999999999039750, 0.001750000000000109975 ) ) ;
#4858 = CARTESIAN_POINT ( 'NONE',  ( 0.003042800000001239912, -0.002779999999999039750, 0.002150000000000039900 ) ) ;
#4859 = CARTESIAN_POINT ( 'NONE',  ( 0.004250000000000780931, -0.001505612591661610036, 0.0008574993120667800343 ) ) ;
#4860 =( LENGTH_UNIT ( ) NAMED_UNIT ( * ) SI_UNIT ( $, .METRE. ) );
#4861 = ADVANCED_FACE ( 'NONE', ( #4327 ), #2169, .T. ) ;
#4862 = CARTESIAN_POINT ( 'NONE',  ( 0.004300000000000580268, -0.003029877937189080078, -0.0002398453226186319826 ) ) ;
#4863 = ORIENTED_EDGE ( 'NONE', *, *, #2384, .T. ) ;
#4864 = CARTESIAN_POINT ( 'NONE',  ( 0.004300000000000580268, -0.002231153523872500110, 5.179246496675520380E-05 ) ) ;
#4865 = CARTESIAN_POINT ( 'NONE',  ( 0.004250000000000780064, -0.002527153523872580163, 0.0003021361718557340117 ) ) ;
#4866 = PLANE ( 'NONE',  #1232 ) ;
#4867 = ADVANCED_FACE ( 'NONE', ( #6376 ), #3795, .T. ) ;
#4868 = EDGE_CURVE ( 'NONE', #5005, #4587, #250, .T. ) ;
#4869 = ORIENTED_EDGE ( 'NONE', *, *, #1035, .F. ) ;
#4870 = CARTESIAN_POINT ( 'NONE',  ( 0.003042800000001239912, -0.003650000000000640146, 0.001700000000000059970 ) ) ;
#4871 = CARTESIAN_POINT ( 'NONE',  ( -0.001799999999999909962, 0.000000000000000000, 0.001500000000000099995 ) ) ;
#4872 = VECTOR ( 'NONE', #358, 1.000000000000000000 ) ;
#4873 = DIRECTION ( 'NONE',  ( 0.000000000000000000, -1.000000000000000000, 0.000000000000000000 ) ) ;
#4874 = ADVANCED_FACE ( 'NONE', ( #1236 ), #5743, .F. ) ;
#4875 = ORIENTED_EDGE ( 'NONE', *, *, #1416, .F. ) ;
#4876 = DIRECTION ( 'NONE',  ( 1.000000000000000000, 0.000000000000000000, 0.000000000000000000 ) ) ;
#4877 = ORIENTED_EDGE ( 'NONE', *, *, #8, .T. ) ;
#4878 = ORIENTED_EDGE ( 'NONE', *, *, #5397, .T. ) ;
#4879 = ORIENTED_EDGE ( 'NONE', *, *, #6397, .F. ) ;
#4880 = LINE ( 'NONE', #5786, #395 ) ;
#4881 = VECTOR ( 'NONE', #1522, 1.000000000000000000 ) ;
#4882 = ORIENTED_EDGE ( 'NONE', *, *, #3641, .T. ) ;
#4883 = DIRECTION ( 'NONE',  ( 0.000000000000000000, -0.3043458825695966596, -0.9525615905351910717 ) ) ;
#4884 = AXIS2_PLACEMENT_3D ( 'NONE', #3004, #2576, #4606 ) ;
#4885 = ORIENTED_EDGE ( 'NONE', *, *, #3400, .F. ) ;
#4886 = DIRECTION ( 'NONE',  ( 0.000000000000000000, 0.000000000000000000, 1.000000000000000000 ) ) ;
#4887 = ADVANCED_FACE ( 'NONE', ( #5311, #5345 ), #3196, .T. ) ;
#4888 = VECTOR ( 'NONE', #5884, 1.000000000000000000 ) ;
#4889 = CARTESIAN_POINT ( 'NONE',  ( -0.003899999999999639866, -0.004300000000000580268, 0.0004572000000000000001 ) ) ;
#4890 = ORIENTED_EDGE ( 'NONE', *, *, #884, .T. ) ;
#4891 = CARTESIAN_POINT ( 'NONE',  ( 0.004300000000000580268, -0.001968153523872019812, 0.0007530148890159780051 ) ) ;
#4892 = CARTESIAN_POINT ( 'NONE',  ( -0.001799999999999909962, 0.000000000000000000, 0.001500000000000099995 ) ) ;
#4893 = SURFACE_STYLE_FILL_AREA ( #4007 ) ;
#4894 = CARTESIAN_POINT ( 'NONE',  ( 0.004250000000000780931, -0.001532424438934430148, 0.001005814001627820115 ) ) ;
#4895 = CARTESIAN_POINT ( 'NONE',  ( 0.001750000000000109975, -0.003600000000000839941, 0.0001500000000000099886 ) ) ;
#4896 = ORIENTED_EDGE ( 'NONE', *, *, #3604, .T. ) ;
#4897 = CARTESIAN_POINT ( 'NONE',  ( -0.001320000000000050083, -0.001000000000000060086, 0.001750000000000109975 ) ) ;
#4898 = CARTESIAN_POINT ( 'NONE',  ( 0.004250000000000780064, -0.002287153523872530094, 0.001022497690101110187 ) ) ;
#4899 = CARTESIAN_POINT ( 'NONE',  ( 0.004300000000000580268, -0.002287153523872530094, 0.001022497690101110187 ) ) ;
#4900 = VECTOR ( 'NONE', #1311, 1.000000000000000000 ) ;
#4901 = ORIENTED_EDGE ( 'NONE', *, *, #5156, .F. ) ;
#4902 = FACE_OUTER_BOUND ( 'NONE', #6102, .T. ) ;
#4903 = CARTESIAN_POINT ( 'NONE',  ( 0.003842800000000579780, -0.003600000000000839941, 0.002150000000000039900 ) ) ;
#4904 = AXIS2_PLACEMENT_3D ( 'NONE', #1986, #4011, #6065 ) ;
#4905 = ADVANCED_FACE ( 'NONE', ( #660 ), #4836, .T. ) ;
#4906 = PLANE ( 'NONE',  #5435 ) ;
#4907 = ORIENTED_EDGE ( 'NONE', *, *, #5904, .F. ) ;
#4908 = CARTESIAN_POINT ( 'NONE',  ( -0.004300000000000580268, -0.004300000000000580268, 0.0004590108938549639886 ) ) ;
#4909 = LINE ( 'NONE', #360, #5417 ) ;
#4910 = ADVANCED_FACE ( 'NONE', ( #1739 ), #6346, .T. ) ;
#4911 = ORIENTED_EDGE ( 'NONE', *, *, #6230, .F. ) ;
#4912 = CARTESIAN_POINT ( 'NONE',  ( 0.004300000000000580268, -0.001563078422692379876, -0.001697956373993080026 ) ) ;
#4913 = EDGE_LOOP ( 'NONE', ( #3302, #4813, #3476, #5528 ) ) ;
#4914 = VECTOR ( 'NONE', #2880, 1.000000000000000000 ) ;
#4915 = LINE ( 'NONE', #1848, #1586 ) ;
#4916 = ORIENTED_EDGE ( 'NONE', *, *, #4349, .T. ) ;
#4917 = DIRECTION ( 'NONE',  ( 0.000000000000000000, -1.000000000000000000, 0.000000000000000000 ) ) ;
#4918 = VECTOR ( 'NONE', #3728, 1.000000000000000000 ) ;
#4919 = EDGE_CURVE ( 'NONE', #2337, #3971, #1305, .T. ) ;
#4920 = VERTEX_POINT ( 'NONE', #5804 ) ;
#4921 = DIRECTION ( 'NONE',  ( 1.000000000000000000, 0.000000000000000000, 0.000000000000000000 ) ) ;
#4922 = EDGE_LOOP ( 'NONE', ( #2179, #2940, #2277, #1637, #388, #942, #6534, #5024, #3403, #186, #2899, #1152 ) ) ;
#4923 = DIRECTION ( 'NONE',  ( 0.000000000000000000, -0.9815122935962051764, 0.1913991053258010666 ) ) ;
#4924 = EDGE_CURVE ( 'NONE', #3699, #1606, #221, .T. ) ;
#4925 = CARTESIAN_POINT ( 'NONE',  ( 0.004250000000000780931, -0.001525024848776049919, 0.0005342746836440760835 ) ) ;
#4926 = PLANE ( 'NONE',  #2290 ) ;
#4927 = DIRECTION ( 'NONE',  ( 0.000000000000000000, -1.000000000000000000, 0.000000000000000000 ) ) ;
#4928 = DIRECTION ( 'NONE',  ( -0.000000000000000000, 0.1913991053258010389, 0.9815122935962050654 ) ) ;
#4929 = FACE_OUTER_BOUND ( 'NONE', #1312, .T. ) ;
#4930 = DIRECTION ( 'NONE',  ( -1.000000000000000000, 0.000000000000000000, 0.000000000000000000 ) ) ;
#4931 = ORIENTED_EDGE ( 'NONE', *, *, #323, .T. ) ;
#4932 = CARTESIAN_POINT ( 'NONE',  ( -0.003899999999999639866, -0.004300000000000580268, 0.0004572000000000000001 ) ) ;
#4933 = B_SPLINE_CURVE_WITH_KNOTS ( 'NONE', 3,
 ( #254, #1211, #772, #2307, #4840, #4331, #3661, #5711, #4192 ),
 .UNSPECIFIED., .F., .F.,
 ( 4, 1, 1, 1, 1, 1, 4 ),
 ( 0.000000000000000000, 0.002430192212774999732, 0.1342128638548999997, 0.2424362558729999950, 0.3506596478912000214, 0.5671064319274000676, 1.000000000000000000 ),
 .UNSPECIFIED. ) ;
#4934 = DIRECTION ( 'NONE',  ( 0.000000000000000000, -1.000000000000000000, 0.000000000000000000 ) ) ;
#4935 = VERTEX_POINT ( 'NONE', #3831 ) ;
#4936 = CARTESIAN_POINT ( 'NONE',  ( 0.003842800000000579780, 0.000000000000000000, 0.001750000000000109975 ) ) ;
#4937 = EDGE_LOOP ( 'NONE', ( #2934, #2818, #3123, #3114 ) ) ;
#4938 = CARTESIAN_POINT ( 'NONE',  ( 0.003842800000000579780, -0.003600000000000839941, -0.002150000000000039900 ) ) ;
#4939 = DIRECTION ( 'NONE',  ( 1.000000000000000000, 0.000000000000000000, 0.000000000000000000 ) ) ;
#4940 = ORIENTED_EDGE ( 'NONE', *, *, #6146, .F. ) ;
#4941 = CARTESIAN_POINT ( 'NONE',  ( -0.003842800000000579780, -5.720000000000000122E-05, 0.001425999999999880054 ) ) ;
#4942 = ORIENTED_EDGE ( 'NONE', *, *, #4968, .F. ) ;
#4943 = EDGE_CURVE ( 'NONE', #658, #3305, #3362, .T. ) ;
#4944 = LINE ( 'NONE', #365, #3311 ) ;
#4945 = B_SPLINE_CURVE_WITH_KNOTS ( 'NONE', 3,
 ( #1599, #1701, #72, #1096 ),
 .UNSPECIFIED., .F., .F.,
 ( 4, 4 ),
 ( 0.000000000000000000, 1.000000000000000000 ),
 .UNSPECIFIED. ) ;
#4946 = ORIENTED_EDGE ( 'NONE', *, *, #676, .T. ) ;
#4947 = VERTEX_POINT ( 'NONE', #4865 ) ;
#4948 = CARTESIAN_POINT ( 'NONE',  ( -0.003042800000001239912, -0.003600000000000839941, -0.001750000000000109975 ) ) ;
#4949 = AXIS2_PLACEMENT_3D ( 'NONE', #858, #2487, #6067 ) ;
#4950 = B_SPLINE_CURVE_WITH_KNOTS ( 'NONE', 3,
 ( #739, #4272, #3665, #1645 ),
 .UNSPECIFIED., .F., .F.,
 ( 4, 4 ),
 ( 0.000000000000000000, 1.000000000000000000 ),
 .UNSPECIFIED. ) ;
#4951 = EDGE_LOOP ( 'NONE', ( #5988, #426, #1879, #1984 ) ) ;
#4952 = ADVANCED_FACE ( 'NONE', ( #1958 ), #5001, .T. ) ;
#4953 = CARTESIAN_POINT ( 'NONE',  ( -0.004300000000000580268, -0.005725969598507800636, -0.0005963953452224180331 ) ) ;
#4954 = AXIS2_PLACEMENT_3D ( 'NONE', #1459, #2556, #5526 ) ;
#4955 = EDGE_CURVE ( 'NONE', #2610, #39, #828, .T. ) ;
#4956 = CARTESIAN_POINT ( 'NONE',  ( 0.004250000000000780064, -0.002230963770446309918, 1.462728233029169927E-05 ) ) ;
#4957 = CIRCLE ( 'NONE', #2080, 0.0002499999999999911147 ) ;
#4958 = CARTESIAN_POINT ( 'NONE',  ( 0.004300000000000579400, -0.002315153523872689502, 0.0003546314634282660854 ) ) ;
#4959 = LINE ( 'NONE', #6501, #1653 ) ;
#4960 = DIRECTION ( 'NONE',  ( 0.000000000000000000, 0.000000000000000000, -1.000000000000000000 ) ) ;
#4961 = EDGE_CURVE ( 'NONE', #5384, #4036, #5403, .T. ) ;
#4962 = CIRCLE ( 'NONE', #2082, 0.0007619999999999998736 ) ;
#4963 = VECTOR ( 'NONE', #2532, 1.000000000000000000 ) ;
#4964 = DIRECTION ( 'NONE',  ( 1.000000000000000000, 0.000000000000000000, 0.000000000000000000 ) ) ;
#4965 = DIRECTION ( 'NONE',  ( 0.000000000000000000, 0.000000000000000000, 1.000000000000000000 ) ) ;
#4966 = LINE ( 'NONE', #3958, #6565 ) ;
#4967 = ORIENTED_EDGE ( 'NONE', *, *, #5496, .T. ) ;
#4968 = EDGE_CURVE ( 'NONE', #5818, #5965, #2865, .T. ) ;
#4969 = CARTESIAN_POINT ( 'NONE',  ( 0.004250000000000779196, -0.002231153523872681822, 5.179246496673948965E-05 ) ) ;
#4970 = FACE_OUTER_BOUND ( 'NONE', #4922, .T. ) ;
#4971 = EDGE_LOOP ( 'NONE', ( #4656, #1136, #334, #1714 ) ) ;
#4972 = CARTESIAN_POINT ( 'NONE',  ( 0.002890000000001140355, -0.002779999999999039750, 0.001750000000000109975 ) ) ;
#4973 = ORIENTED_EDGE ( 'NONE', *, *, #3909, .F. ) ;
#4974 = ORIENTED_EDGE ( 'NONE', *, *, #6425, .F. ) ;
#4975 = PLANE ( 'NONE',  #1782 ) ;
#4976 = PLANE ( 'NONE',  #509 ) ;
#4977 = EDGE_LOOP ( 'NONE', ( #6314, #5495, #2314, #488 ) ) ;
#4978 = CARTESIAN_POINT ( 'NONE',  ( 0.003042800000001239912, -0.003600000000000839941, -0.002150000000000039900 ) ) ;
#4979 = AXIS2_PLACEMENT_3D ( 'NONE', #3061, #2999, #1002 ) ;
#4980 = ORIENTED_EDGE ( 'NONE', *, *, #4580, .T. ) ;
#4981 = DIRECTION ( 'NONE',  ( 0.000000000000000000, 0.000000000000000000, -1.000000000000000000 ) ) ;
#4982 = ORIENTED_EDGE ( 'NONE', *, *, #2066, .T. ) ;
#4983 = AXIS2_PLACEMENT_3D ( 'NONE', #5000, #379, #6504 ) ;
#4984 = CARTESIAN_POINT ( 'NONE',  ( 0.004300000000000580268, -0.004300000000000580268, -0.002150000000000039900 ) ) ;
#4985 = ORIENTED_EDGE ( 'NONE', *, *, #3650, .T. ) ;
#4986 = VECTOR ( 'NONE', #2935, 1.000000000000000000 ) ;
#4987 = CARTESIAN_POINT ( 'NONE',  ( 0.004250000000000780064, -0.002240204847486350175, -0.0002234325229673849984 ) ) ;
#4988 = VECTOR ( 'NONE', #117, 1.000000000000000000 ) ;
#4989 = CIRCLE ( 'NONE', #1056, 0.0002499999999999911147 ) ;
#4990 = EDGE_CURVE ( 'NONE', #794, #567, #281, .T. ) ;
#4991 = CARTESIAN_POINT ( 'NONE',  ( 0.002249999999999889675, -0.003600000000000839941, -0.0001500000000000099886 ) ) ;
#4992 = EDGE_CURVE ( 'NONE', #4464, #2876, #5372, .T. ) ;
#4993 = CARTESIAN_POINT ( 'NONE',  ( 0.004300000000000578533, -0.001532424438934430148, 0.001005814001627820115 ) ) ;
#4994 = DIRECTION ( 'NONE',  ( 0.000000000000000000, -1.000000000000000000, 0.000000000000000000 ) ) ;
#4995 = EDGE_CURVE ( 'NONE', #2921, #671, #2956, .T. ) ;
#4996 = ORIENTED_EDGE ( 'NONE', *, *, #4788, .T. ) ;
#4997 = DIRECTION ( 'NONE',  ( 0.000000000000000000, 0.9815122935962051764, -0.1913991053258010666 ) ) ;
#4998 = LINE ( 'NONE', #4862, #2992 ) ;
#4999 = VECTOR ( 'NONE', #339, 1.000000000000000000 ) ;
#5000 = CARTESIAN_POINT ( 'NONE',  ( -0.004099999999998840683, -0.004300000000000580268, 0.0008400108938549639796 ) ) ;
#5001 = PLANE ( 'NONE',  #181 ) ;
#5002 = CARTESIAN_POINT ( 'NONE',  ( 0.004250000000000779196, -0.002611610218308511346, 0.0004411207164081710997 ) ) ;
#5003 = B_SPLINE_SURFACE_WITH_KNOTS ( 'NONE', 3, 1, ( 
 ( #3113, #2592 ),
 ( #3617, #4115 ),
 ( #6169, #1594 ),
 ( #66, #2121 ),
 ( #2227, #4282 ),
 ( #5893, #6399 ),
 ( #3381, #5392 ),
 ( #821, #5330 ),
 ( #1294, #4755 ) ),
 .UNSPECIFIED., .F., .F., .F.,
 ( 4, 1, 1, 1, 1, 1, 4 ),
 ( 2, 2 ),
 ( 0.007523293735263981118, 0.4296940521862999685, 0.6407794473197000462, 0.7463221448863999186, 0.8518648424531000130, 0.9803832560630999504, 0.9827532523743103265 ),
 ( 0.000000000000000000, 1.000000000000000000 ),
 .UNSPECIFIED. ) ;
#5004 = EDGE_CURVE ( 'NONE', #5991, #4436, #2098, .T. ) ;
#5005 = VERTEX_POINT ( 'NONE', #5464 ) ;
#5006 = DIRECTION ( 'NONE',  ( 0.000000000000000000, 0.000000000000000000, -1.000000000000000000 ) ) ;
#5007 = PLANE ( 'NONE',  #2171 ) ;
#5008 = VERTEX_POINT ( 'NONE', #5433 ) ;
#5009 = CARTESIAN_POINT ( 'NONE',  ( -0.004300000000000580268, -0.004300000000000580268, 0.001221010893854959905 ) ) ;
#5010 = ADVANCED_FACE ( 'NONE', ( #4929 ), #4359, .T. ) ;
#5011 = LINE ( 'NONE', #1381, #166 ) ;
#5012 = ORIENTED_EDGE ( 'NONE', *, *, #4662, .T. ) ;
#5013 = DIRECTION ( 'NONE',  ( 0.000000000000000000, -1.000000000000000000, 0.000000000000000000 ) ) ;
#5014 = EDGE_CURVE ( 'NONE', #1580, #6109, #2833, .T. ) ;
#5015 = ORIENTED_EDGE ( 'NONE', *, *, #6024, .T. ) ;
#5016 = DIRECTION ( 'NONE',  ( 1.000000000000000000, 0.000000000000000000, 0.000000000000000000 ) ) ;
#5017 = ORIENTED_EDGE ( 'NONE', *, *, #2097, .F. ) ;
#5018 = AXIS2_PLACEMENT_3D ( 'NONE', #3092, #5670, #3560 ) ;
#5019 = CIRCLE ( 'NONE', #5977, 0.0004572000000000000001 ) ;
#5020 = CARTESIAN_POINT ( 'NONE',  ( -0.004300000000000580268, -0.004300000000000580268, 0.0004572000000000000001 ) ) ;
#5021 = ORIENTED_EDGE ( 'NONE', *, *, #1086, .T. ) ;
#5022 = LINE ( 'NONE', #4406, #1296 ) ;
#5023 = VECTOR ( 'NONE', #1752, 1.000000000000000000 ) ;
#5024 = ORIENTED_EDGE ( 'NONE', *, *, #6340, .T. ) ;
#5025 = CARTESIAN_POINT ( 'NONE',  ( 0.004250000000000780064, -0.002310691573530140180, -0.0002161198164136809855 ) ) ;
#5026 = CIRCLE ( 'NONE', #4652, 0.0004571999999999996206 ) ;
#5027 = FACE_OUTER_BOUND ( 'NONE', #518, .T. ) ;
#5028 = CARTESIAN_POINT ( 'NONE',  ( 0.004300000000000580268, -0.002420132982887680285, 0.0004319739261898660051 ) ) ;
#5029 = CARTESIAN_POINT ( 'NONE',  ( 0.003899999999999639866, -0.004300000000000580268, 0.0004572000000000000001 ) ) ;
#5030 = VERTEX_POINT ( 'NONE', #3393 ) ;
#5031 = DIRECTION ( 'NONE',  ( 0.000000000000000000, 1.000000000000000000, 0.000000000000000000 ) ) ;
#5032 = EDGE_CURVE ( 'NONE', #1168, #2786, #3861, .T. ) ;
#5033 = DIRECTION ( 'NONE',  ( 0.000000000000000000, 0.000000000000000000, 1.000000000000000000 ) ) ;
#5034 = ORIENTED_EDGE ( 'NONE', *, *, #4102, .T. ) ;
#5035 = ORIENTED_EDGE ( 'NONE', *, *, #6524, .F. ) ;
#5036 = DIRECTION ( 'NONE',  ( 0.000000000000000000, 0.000000000000000000, 1.000000000000000000 ) ) ;
#5037 = CARTESIAN_POINT ( 'NONE',  ( -0.001999999999999869937, 0.000000000000000000, -0.001099999999999920052 ) ) ;
#5038 = CARTESIAN_POINT ( 'NONE',  ( 0.000000000000000000, -0.006850000000000540552, -0.007755479999999580557 ) ) ;
#5039 = ORIENTED_EDGE ( 'NONE', *, *, #2260, .T. ) ;
#5040 = EDGE_CURVE ( 'NONE', #3078, #6108, #418, .T. ) ;
#5041 = CARTESIAN_POINT ( 'NONE',  ( 0.001320000000000050083, -0.002200000000000090338, 0.000000000000000000 ) ) ;
#5042 = EDGE_LOOP ( 'NONE', ( #2867, #1648, #2652, #1490 ) ) ;
#5043 = EDGE_CURVE ( 'NONE', #5718, #2610, #6440, .T. ) ;
#5044 = SURFACE_STYLE_FILL_AREA ( #1509 ) ;
#5045 = EDGE_LOOP ( 'NONE', ( #3431, #1703, #4616, #5728 ) ) ;
#5046 = DIRECTION ( 'NONE',  ( 1.000000000000000000, 0.000000000000000000, 0.000000000000000000 ) ) ;
#5047 = CARTESIAN_POINT ( 'NONE',  ( 0.002249999999999889675, -0.003600000000000839941, 0.0001500000000000099886 ) ) ;
#5048 = EDGE_LOOP ( 'NONE', ( #161, #5387, #92, #6616 ) ) ;
#5049 = LINE ( 'NONE', #2443, #3548 ) ;
#5050 = DIRECTION ( 'NONE',  ( 0.000000000000000000, 1.000000000000000000, 0.000000000000000000 ) ) ;
#5051 = CARTESIAN_POINT ( 'NONE',  ( 0.003799999999999999992, -0.0005000000000000319944, 0.001500000000000099995 ) ) ;
#5052 = EDGE_CURVE ( 'NONE', #1433, #3479, #864, .T. ) ;
#5053 = DIRECTION ( 'NONE',  ( 0.000000000000000000, 0.000000000000000000, 1.000000000000000000 ) ) ;
#5054 = LINE ( 'NONE', #1646, #1082 ) ;
#5055 = ORIENTED_EDGE ( 'NONE', *, *, #5192, .F. ) ;
#5056 = LINE ( 'NONE', #473, #4999 ) ;
#5057 = CARTESIAN_POINT ( 'NONE',  ( 0.003842800000000579780, 0.0003999999999999240166, -0.001750000000000109975 ) ) ;
#5058 = DIRECTION ( 'NONE',  ( 0.000000000000000000, -0.3043458825695967152, 0.9525615905351911827 ) ) ;
#5059 = DIRECTION ( 'NONE',  ( 0.000000000000000000, -0.9815122935962051764, 0.1913991053258010666 ) ) ;
#5060 = VECTOR ( 'NONE', #4031, 1.000000000000000000 ) ;
#5061 = LINE ( 'NONE', #2524, #4239 ) ;
#5062 = VECTOR ( 'NONE', #348, 1.000000000000000000 ) ;
#5063 = CARTESIAN_POINT ( 'NONE',  ( 0.004300000000000580268, -0.002287153523872530094, 0.001022497690101110187 ) ) ;
#5064 = EDGE_CURVE ( 'NONE', #6134, #4714, #3423, .T. ) ;
#5065 = DIRECTION ( 'NONE',  ( 0.000000000000000000, -0.1990007053323009922, -0.9799993465698060291 ) ) ;
#5066 = LINE ( 'NONE', #6573, #34 ) ;
#5067 = VERTEX_POINT ( 'NONE', #3957 ) ;
#5068 = VERTEX_POINT ( 'NONE', #5999 ) ;
#5069 = MECHANICAL_DESIGN_GEOMETRIC_PRESENTATION_REPRESENTATION (  '', ( #5285 ), #2928 ) ;
#5070 = DIRECTION ( 'NONE',  ( 0.7071067811865475727, 0.7071067811865475727, 0.000000000000000000 ) ) ;
#5071 = EDGE_CURVE ( 'NONE', #5413, #3805, #2396, .T. ) ;
#5072 = UNCERTAINTY_MEASURE_WITH_UNIT (LENGTH_MEASURE( 1.000000000000000082E-05 ), #3642, 'distance_accuracy_value', 'NONE');
#5073 = CARTESIAN_POINT ( 'NONE',  ( 0.002890000000001140355, -0.003600000000000839941, -0.001649999999999999991 ) ) ;
#5074 = EDGE_LOOP ( 'NONE', ( #4676, #1885, #2201, #4831 ) ) ;
#5075 = ADVANCED_FACE ( 'NONE', ( #1431 ), #4596, .F. ) ;
#5076 = DIRECTION ( 'NONE',  ( 1.000000000000000000, 0.000000000000000000, 0.000000000000000000 ) ) ;
#5077 = ORIENTED_EDGE ( 'NONE', *, *, #2356, .T. ) ;
#5078 = EDGE_CURVE ( 'NONE', #3374, #252, #745, .T. ) ;
#5079 = DIRECTION ( 'NONE',  ( -0.000000000000000000, 1.000000000000000000, 0.000000000000000000 ) ) ;
#5080 = ORIENTED_EDGE ( 'NONE', *, *, #1250, .F. ) ;
#5081 = CARTESIAN_POINT ( 'NONE',  ( -0.002890000000001140355, -0.003600000000000839941, 0.002150000000000039900 ) ) ;
#5082 = CARTESIAN_POINT ( 'NONE',  ( 0.004300000000000580268, -0.001902204961905810000, 0.0007396232368757900497 ) ) ;
#5083 = EDGE_CURVE ( 'NONE', #3773, #1051, #6175, .T. ) ;
#5084 = LINE ( 'NONE', #1576, #103 ) ;
#5085 = ORIENTED_EDGE ( 'NONE', *, *, #2097, .T. ) ;
#5086 = DIRECTION ( 'NONE',  ( 0.000000000000000000, -0.1990007053323009922, -0.9799993465698060291 ) ) ;
#5087 = DIRECTION ( 'NONE',  ( -1.000000000000000000, 0.000000000000000000, 0.000000000000000000 ) ) ;
#5088 = CARTESIAN_POINT ( 'NONE',  ( -0.003042800000001239912, -0.003573500000001199849, -0.001950000000000069950 ) ) ;
#5089 = CIRCLE ( 'NONE', #826, 0.0003810000000000000452 ) ;
#5090 = ORIENTED_EDGE ( 'NONE', *, *, #4468, .T. ) ;
#5091 = EDGE_CURVE ( 'NONE', #4714, #3995, #6104, .T. ) ;
#5092 = CARTESIAN_POINT ( 'NONE',  ( -0.0002499999999999910063, -0.003600000000000839941, 0.0001500000000000099886 ) ) ;
#5093 = SURFACE_SIDE_STYLE ('',( #5689 ) ) ;
#5094 = DIRECTION ( 'NONE',  ( 0.000000000000000000, 0.000000000000000000, -1.000000000000000000 ) ) ;
#5095 = CARTESIAN_POINT ( 'NONE',  ( 0.004300000000000580268, -0.002573877937189380377, -0.0008369805913275699984 ) ) ;
#5096 = VECTOR ( 'NONE', #2714, 1.000000000000000000 ) ;
#5097 = CARTESIAN_POINT ( 'NONE',  ( 0.004300000000000580268, -0.002873877937188661687, -0.0001593887805940401162 ) ) ;
#5098 = CIRCLE ( 'NONE', #1581, 0.0003999999999999238540 ) ;
#5099 = ORIENTED_EDGE ( 'NONE', *, *, #1331, .T. ) ;
#5100 = AXIS2_PLACEMENT_3D ( 'NONE', #2159, #5693, #6204 ) ;
#5101 = PLANE ( 'NONE',  #386 ) ;
#5102 = CARTESIAN_POINT ( 'NONE',  ( 0.004300000000000580268, -0.002730328986349140133, -0.0007218520780780720431 ) ) ;
#5103 = CYLINDRICAL_SURFACE ( 'NONE', #6249, 5.000000000000316691E-05 ) ;
#5104 = EDGE_LOOP ( 'NONE', ( #1292, #5017, #3754, #598 ) ) ;
#5105 = CARTESIAN_POINT ( 'NONE',  ( 0.004300000000000580268, -0.002961108902565879730, 0.0006326347502253019950 ) ) ;
#5106 = DIRECTION ( 'NONE',  ( 0.000000000000000000, 0.000000000000000000, 1.000000000000000000 ) ) ;
#5107 = VERTEX_POINT ( 'NONE', #959 ) ;
#5108 = CARTESIAN_POINT ( 'NONE',  ( 0.003042800000001239912, -0.004049999999999039611, 0.001700000000000059970 ) ) ;
#5109 = VERTEX_POINT ( 'NONE', #4089 ) ;
#5110 = CARTESIAN_POINT ( 'NONE',  ( 0.004250000000000780064, -0.002738330260681768030, 0.0002758313689897540439 ) ) ;
#5111 = ORIENTED_EDGE ( 'NONE', *, *, #3269, .T. ) ;
#5112 = CARTESIAN_POINT ( 'NONE',  ( 0.003839999999999879968, -0.002779999999999039750, -0.001649999999999999991 ) ) ;
#5113 = CARTESIAN_POINT ( 'NONE',  ( -0.002890000000001140355, -0.003600000000000839941, -0.002150000000000039900 ) ) ;
#5114 = B_SPLINE_SURFACE_WITH_KNOTS ( 'NONE', 3, 1, ( 
 ( #1281, #1772 ),
 ( #3300, #773 ),
 ( #4194, #5245 ),
 ( #1310, #2742 ) ),
 .UNSPECIFIED., .F., .F., .F.,
 ( 4, 4 ),
 ( 2, 2 ),
 ( 0.02257211896677752128, 0.9741633295995556496 ),
 ( 0.000000000000000000, 1.000000000000000000 ),
 .UNSPECIFIED. ) ;
#5115 = DIRECTION ( 'NONE',  ( 0.000000000000000000, 0.000000000000000000, -1.000000000000000000 ) ) ;
#5116 = EDGE_CURVE ( 'NONE', #6281, #3097, #2628, .T. ) ;
#5117 = ORIENTED_EDGE ( 'NONE', *, *, #2709, .T. ) ;
#5118 = DIRECTION ( 'NONE',  ( 1.000000000000000000, 0.000000000000000000, 0.000000000000000000 ) ) ;
#5119 = VERTEX_POINT ( 'NONE', #4 ) ;
#5120 = CARTESIAN_POINT ( 'NONE',  ( 0.004300000000000580268, -0.002408964319676409893, 8.038905277313500232E-05 ) ) ;
#5121 = LINE ( 'NONE', #538, #3380 ) ;
#5122 = VECTOR ( 'NONE', #1167, 1.000000000000000000 ) ;
#5123 = EDGE_LOOP ( 'NONE', ( #2587, #2566, #5238, #149 ) ) ;
#5124 = CARTESIAN_POINT ( 'NONE',  ( 0.004300000000000580268, -0.006031911562518000106, 0.0005638519319878100393 ) ) ;
#5125 = EDGE_CURVE ( 'NONE', #4587, #6281, #2494, .T. ) ;
#5126 = VECTOR ( 'NONE', #4923, 1.000000000000000000 ) ;
#5127 = ADVANCED_FACE ( 'NONE', ( #3555 ), #1598, .F. ) ;
#5128 = CARTESIAN_POINT ( 'NONE',  ( 0.004300000000000580268, -0.002537031668608687434, 0.0008685324681317002724 ) ) ;
#5129 = FACE_OUTER_BOUND ( 'NONE', #3238, .T. ) ;
#5130 = VECTOR ( 'NONE', #3801, 1.000000000000000000 ) ;
#5131 = CARTESIAN_POINT ( 'NONE',  ( 0.001750000000000109975, -0.006850000000000540552, -0.0001500000000000099886 ) ) ;
#5132 = ADVANCED_FACE ( 'NONE', ( #6141 ), #3017, .F. ) ;
#5133 = ADVANCED_FACE ( 'NONE', ( #5135 ), #3088, .T. ) ;
#5134 = DIRECTION ( 'NONE',  ( 0.000000000000000000, 0.000000000000000000, -1.000000000000000000 ) ) ;
#5135 = FACE_OUTER_BOUND ( 'NONE', #2745, .T. ) ;
#5136 = CARTESIAN_POINT ( 'NONE',  ( 0.004250000000000780064, -0.001563078422692379876, -0.0009494709423883280737 ) ) ;
#5137 = ORIENTED_EDGE ( 'NONE', *, *, #4635, .T. ) ;
#5138 = ORIENTED_EDGE ( 'NONE', *, *, #244, .T. ) ;
#5139 = CARTESIAN_POINT ( 'NONE',  ( -0.002890000000001140355, -0.002779999999999039750, -0.001750000000000109975 ) ) ;
#5140 = ORIENTED_EDGE ( 'NONE', *, *, #3519, .F. ) ;
#5141 = CARTESIAN_POINT ( 'NONE',  ( -0.003899999999999639866, -0.004300000000000580268, 0.001221010893854959905 ) ) ;
#5142 = ORIENTED_EDGE ( 'NONE', *, *, #1785, .T. ) ;
#5143 = CARTESIAN_POINT ( 'NONE',  ( 0.003899999999999639866, -5.720000000000000122E-05, 0.001425999999999880054 ) ) ;
#5144 = ORIENTED_EDGE ( 'NONE', *, *, #5480, .F. ) ;
#5145 = CARTESIAN_POINT ( 'NONE',  ( 0.004300000000000580268, -0.0003999999999999240166, 0.002150000000000039900 ) ) ;
#5146 = CARTESIAN_POINT ( 'NONE',  ( 0.004250000000000780931, -0.001781153523872548369, 0.0007999244559861675872 ) ) ;
#5147 = EDGE_LOOP ( 'NONE', ( #5389, #4171, #1197, #5357, #3219, #775, #2967, #2279 ) ) ;
#5148 = LINE ( 'NONE', #599, #367 ) ;
#5149 = CARTESIAN_POINT ( 'NONE',  ( -0.003899999999999639866, -5.720000000000000122E-05, -0.001425999999999880054 ) ) ;
#5150 = DIRECTION ( 'NONE',  ( -1.000000000000000000, 0.000000000000000000, 0.000000000000000000 ) ) ;
#5151 = ADVANCED_FACE ( 'NONE', ( #37 ), #520, .T. ) ;
#5152 = EDGE_LOOP ( 'NONE', ( #460, #2349, #3644, #6171 ) ) ;
#5153 = DIRECTION ( 'NONE',  ( 1.000000000000000000, 0.000000000000000000, 0.000000000000000000 ) ) ;
#5154 = CARTESIAN_POINT ( 'NONE',  ( 0.001000000000000060086, 0.000000000000000000, 0.001000000000000060086 ) ) ;
#5155 = VERTEX_POINT ( 'NONE', #484 ) ;
#5156 = EDGE_CURVE ( 'NONE', #22, #702, #5836, .T. ) ;
#5157 = CARTESIAN_POINT ( 'NONE',  ( 0.004300000000000580268, -0.004300000000000580268, -0.001221010893854959905 ) ) ;
#5158 = LINE ( 'NONE', #577, #4309 ) ;
#5159 = ADVANCED_FACE ( 'NONE', ( #1633 ), #5263, .F. ) ;
#5160 = LINE ( 'NONE', #647, #4671 ) ;
#5161 = EDGE_LOOP ( 'NONE', ( #2613, #4980, #3213, #580 ) ) ;
#5162 = ORIENTED_EDGE ( 'NONE', *, *, #1931, .F. ) ;
#5163 = CARTESIAN_POINT ( 'NONE',  ( 0.004250000000000780064, -0.001981049641213599929, 0.0003428127497066320176 ) ) ;
#5164 = AXIS2_PLACEMENT_3D ( 'NONE', #4452, #1460, #1396 ) ;
#5165 = SURFACE_SIDE_STYLE ('',( #4625 ) ) ;
#5166 = CARTESIAN_POINT ( 'NONE',  ( 0.004300000000000580268, -0.002507947311475329857, -7.240799362484579970E-05 ) ) ;
#5167 = ORIENTED_EDGE ( 'NONE', *, *, #2864, .T. ) ;
#5168 = EDGE_CURVE ( 'NONE', #656, #6496, #4321, .T. ) ;
#5169 = DIRECTION ( 'NONE',  ( 1.000000000000000000, 0.000000000000000000, 0.000000000000000000 ) ) ;
#5170 = VECTOR ( 'NONE', #4183, 1.000000000000000000 ) ;
#5171 = ORIENTED_EDGE ( 'NONE', *, *, #3359, .T. ) ;
#5172 = DIRECTION ( 'NONE',  ( 0.000000000000000000, 0.000000000000000000, 1.000000000000000000 ) ) ;
#5173 = CARTESIAN_POINT ( 'NONE',  ( -0.003842800000000579780, 0.0003999999999999240166, -0.001425999999999880054 ) ) ;
#5174 = ORIENTED_EDGE ( 'NONE', *, *, #3115, .T. ) ;
#5175 = VECTOR ( 'NONE', #6318, 1.000000000000000000 ) ;
#5176 = DIRECTION ( 'NONE',  ( 0.000000000000000000, 0.000000000000000000, 1.000000000000000000 ) ) ;
#5177 = LINE ( 'NONE', #6219, #4155 ) ;
#5178 = ORIENTED_EDGE ( 'NONE', *, *, #3081, .F. ) ;
#5179 = LINE ( 'NONE', #2042, #477 ) ;
#5180 = ORIENTED_EDGE ( 'NONE', *, *, #163, .F. ) ;
#5181 = CARTESIAN_POINT ( 'NONE',  ( -0.003842800000000579780, -5.720000000000000122E-05, -0.002150000000000039900 ) ) ;
#5182 = CARTESIAN_POINT ( 'NONE',  ( 0.003839999999999879968, -0.003600000000000839941, -0.001649999999999999991 ) ) ;
#5183 = ORIENTED_EDGE ( 'NONE', *, *, #4943, .T. ) ;
#5184 = ORIENTED_EDGE ( 'NONE', *, *, #111, .F. ) ;
#5185 = CARTESIAN_POINT ( 'NONE',  ( 0.004300000000000580268, -0.003073877937189919887, -0.0009478421536527700418 ) ) ;
#5186 = FILL_AREA_STYLE ('',( #6164 ) ) ;
#5187 = ORIENTED_EDGE ( 'NONE', *, *, #369, .T. ) ;
#5188 = CARTESIAN_POINT ( 'NONE',  ( 0.004300000000000580268, -0.002794153523873799984, 0.001015730190334390021 ) ) ;
#5189 = DIRECTION ( 'NONE',  ( 1.000000000000000000, 0.000000000000000000, 0.000000000000000000 ) ) ;
#5190 = AXIS2_PLACEMENT_3D ( 'NONE', #4094, #3500, #5046 ) ;
#5191 = CARTESIAN_POINT ( 'NONE',  ( -0.003842800000000579780, -0.004049999999999039611, 0.001700000000000059970 ) ) ;
#5192 = EDGE_CURVE ( 'NONE', #4167, #78, #4795, .T. ) ;
#5193 = ORIENTED_EDGE ( 'NONE', *, *, #631, .F. ) ;
#5194 = CARTESIAN_POINT ( 'NONE',  ( 0.004250000000000780064, -0.002295156835104371525, 0.0001318553742434272946 ) ) ;
#5195 = EDGE_CURVE ( 'NONE', #1252, #853, #108, .T. ) ;
#5196 = AXIS2_PLACEMENT_3D ( 'NONE', #1744, #226, #3769 ) ;
#5197 = DIRECTION ( 'NONE',  ( -1.000000000000000000, 0.000000000000000000, 0.000000000000000000 ) ) ;
#5198 = DIRECTION ( 'NONE',  ( 0.000000000000000000, -0.6115647615170027862, -0.7911943771733035424 ) ) ;
#5199 = VECTOR ( 'NONE', #812, 1.000000000000000000 ) ;
#5200 = DIRECTION ( 'NONE',  ( 0.000000000000000000, -0.1913991053258010389, -0.9815122935962050654 ) ) ;
#5201 = VECTOR ( 'NONE', #3461, 1.000000000000000000 ) ;
#5202 = AXIS2_PLACEMENT_3D ( 'NONE', #6362, #164, #235 ) ;
#5203 = EDGE_LOOP ( 'NONE', ( #3628, #6083, #6248, #3125 ) ) ;
#5204 = CARTESIAN_POINT ( 'NONE',  ( 0.003842800000000579780, 0.000000000000000000, 0.001425999999999880054 ) ) ;
#5205 = EDGE_CURVE ( 'NONE', #5590, #1254, #2233, .T. ) ;
#5206 = CARTESIAN_POINT ( 'NONE',  ( 0.004300000000000579400, -0.002738330260681768030, 0.0002758313689897540439 ) ) ;
#5207 = ORIENTED_EDGE ( 'NONE', *, *, #620, .T. ) ;
#5208 = EDGE_CURVE ( 'NONE', #4471, #3374, #5830, .T. ) ;
#5209 = FACE_OUTER_BOUND ( 'NONE', #6429, .T. ) ;
#5210 = CARTESIAN_POINT ( 'NONE',  ( 0.004250000000000780064, -0.002527153523872580163, 0.0003021361718557340117 ) ) ;
#5211 = PLANE ( 'NONE',  #5768 ) ;
#5212 = PLANE ( 'NONE',  #5560 ) ;
#5213 = VERTEX_POINT ( 'NONE', #3689 ) ;
#5214 = CARTESIAN_POINT ( 'NONE',  ( 0.003442799999999639812, -0.003849999999999840095, 0.001211539816339700024 ) ) ;
#5215 = EDGE_CURVE ( 'NONE', #4228, #5765, #3256, .T. ) ;
#5216 = LINE ( 'NONE', #4578, #4771 ) ;
#5217 = VERTEX_POINT ( 'NONE', #2663 ) ;
#5218 = ORIENTED_EDGE ( 'NONE', *, *, #5576, .F. ) ;
#5219 = DIRECTION ( 'NONE',  ( -1.000000000000000000, 0.000000000000000000, 0.000000000000000000 ) ) ;
#5220 = DIRECTION ( 'NONE',  ( -1.000000000000000000, 2.114974861911000202E-14, 0.000000000000000000 ) ) ;
#5221 = ORIENTED_EDGE ( 'NONE', *, *, #6063, .T. ) ;
#5222 = AXIS2_PLACEMENT_3D ( 'NONE', #890, #5461, #3857 ) ;
#5223 = LINE ( 'NONE', #2656, #3351 ) ;
#5224 = CARTESIAN_POINT ( 'NONE',  ( 0.004300000000000577666, -0.003074038388007121082, 0.0002351886698733990453 ) ) ;
#5225 = CARTESIAN_POINT ( 'NONE',  ( 0.003842800000000579780, 0.0003999999999999240166, -0.001750000000000109975 ) ) ;
#5226 = MECHANICAL_DESIGN_GEOMETRIC_PRESENTATION_REPRESENTATION (  '', ( #5763 ), #6195 ) ;
#5227 = ORIENTED_EDGE ( 'NONE', *, *, #3921, .F. ) ;
#5228 = ORIENTED_EDGE ( 'NONE', *, *, #4313, .T. ) ;
#5229 = LINE ( 'NONE', #651, #1720 ) ;
#5230 = CARTESIAN_POINT ( 'NONE',  ( 0.004250000000000780064, -0.002691877937190939943, -0.0003057567717387259481 ) ) ;
#5231 = CARTESIAN_POINT ( 'NONE',  ( 0.004300000000000580268, -0.001963505093612130138, 0.001382227156462179996 ) ) ;
#5232 = DIRECTION ( 'NONE',  ( 0.000000000000000000, 0.9952694819190712749, 0.09715275786380722645 ) ) ;
#5233 = VECTOR ( 'NONE', #3782, 1.000000000000000000 ) ;
#5234 = EDGE_CURVE ( 'NONE', #3252, #5213, #1666, .T. ) ;
#5235 = CARTESIAN_POINT ( 'NONE',  ( -0.003042800000001239912, -0.003650000000000640146, 0.001700000000000059970 ) ) ;
#5236 = VECTOR ( 'NONE', #4927, 1.000000000000000000 ) ;
#5237 = VERTEX_POINT ( 'NONE', #3185 ) ;
#5238 = ORIENTED_EDGE ( 'NONE', *, *, #4829, .T. ) ;
#5239 = CARTESIAN_POINT ( 'NONE',  ( 0.003042800000001239912, -0.003650000000000640146, 0.001211539816339700024 ) ) ;
#5240 = CARTESIAN_POINT ( 'NONE',  ( 0.0002499999999999910063, -0.003600000000000839941, -0.0001500000000000099886 ) ) ;
#5241 = ADVANCED_FACE ( 'NONE', ( #3789 ), #1266, .F. ) ;
#5242 = ORIENTED_EDGE ( 'NONE', *, *, #6058, .F. ) ;
#5243 = SURFACE_SIDE_STYLE ('',( #3700 ) ) ;
#5244 = CARTESIAN_POINT ( 'NONE',  ( 0.004300000000000580268, -0.002837997149833819920, 0.0002978424384366140393 ) ) ;
#5245 = CARTESIAN_POINT ( 'NONE',  ( 0.004300000000000580268, -0.002651802984833866780, 0.0004850363890238742538 ) ) ;
#5246 = EDGE_CURVE ( 'NONE', #902, #1800, #139, .T. ) ;
#5247 = CARTESIAN_POINT ( 'NONE',  ( 0.004300000000000580268, -0.001563078422692379876, -0.001697956373993080026 ) ) ;
#5248 = ORIENTED_EDGE ( 'NONE', *, *, #750, .F. ) ;
#5249 = PLANE ( 'NONE',  #4114 ) ;
#5250 = CARTESIAN_POINT ( 'NONE',  ( -0.003842800000000579780, 0.0003999999999999240166, 0.001425999999999880054 ) ) ;
#5251 = EDGE_LOOP ( 'NONE', ( #1716, #6033, #2167, #6386 ) ) ;
#5252 = ORIENTED_EDGE ( 'NONE', *, *, #2502, .T. ) ;
#5253 = CARTESIAN_POINT ( 'NONE',  ( 0.004250000000000780064, -0.002541846203940299927, -2.269433136928049866E-05 ) ) ;
#5254 = ADVANCED_FACE ( 'NONE', ( #3826 ), #5426, .T. ) ;
#5255 = CARTESIAN_POINT ( 'NONE',  ( 0.004300000000000580268, -0.003073877937189919887, -0.001423554856704510119 ) ) ;
#5256 = CARTESIAN_POINT ( 'NONE',  ( 0.004300000000000580268, -0.006031911562518000106, -0.0005638519319878100393 ) ) ;
#5257 = CARTESIAN_POINT ( 'NONE',  ( -0.003842800000000579780, 0.000000000000000000, -0.002150000000000039900 ) ) ;
#5258 = MECHANICAL_DESIGN_GEOMETRIC_PRESENTATION_REPRESENTATION (  '', ( #2282 ), #4727 ) ;
#5259 = CARTESIAN_POINT ( 'NONE',  ( 0.001320000000000050083, -0.002200000000000090338, 0.002150000000000039900 ) ) ;
#5260 = EDGE_LOOP ( 'NONE', ( #666, #5577, #3397, #6157 ) ) ;
#5261 = FACE_OUTER_BOUND ( 'NONE', #6613, .T. ) ;
#5262 = DIRECTION ( 'NONE',  ( 0.000000000000000000, -0.3043458825695967152, 0.9525615905351911827 ) ) ;
#5263 = PLANE ( 'NONE',  #1973 ) ;
#5264 = FACE_OUTER_BOUND ( 'NONE', #4511, .T. ) ;
#5265 = FACE_OUTER_BOUND ( 'NONE', #5307, .T. ) ;
#5266 = EDGE_CURVE ( 'NONE', #4023, #4661, #343, .T. ) ;
#5267 = VECTOR ( 'NONE', #2541, 1.000000000000000000 ) ;
#5268 = EDGE_LOOP ( 'NONE', ( #4534, #4538, #3425, #3983 ) ) ;
#5269 = ORIENTED_EDGE ( 'NONE', *, *, #2916, .F. ) ;
#5270 = DIRECTION ( 'NONE',  ( -1.000000000000000000, 0.000000000000000000, 0.000000000000000000 ) ) ;
#5271 = ORIENTED_EDGE ( 'NONE', *, *, #950, .T. ) ;
#5272 = CARTESIAN_POINT ( 'NONE',  ( 0.004300000000000580268, -0.003073877937189919887, -0.0006548585597537180105 ) ) ;
#5273 = ORIENTED_EDGE ( 'NONE', *, *, #6592, .F. ) ;
#5274 = CARTESIAN_POINT ( 'NONE',  ( 0.003899999999999639866, -0.0003999999999999240166, 0.001425999999999880054 ) ) ;
#5275 = LINE ( 'NONE', #2207, #2954 ) ;
#5276 = VECTOR ( 'NONE', #1165, 1.000000000000000000 ) ;
#5277 = LINE ( 'NONE', #4270, #6520 ) ;
#5278 = ADVANCED_FACE ( 'NONE', ( #3855 ), #6498, .T. ) ;
#5279 = VERTEX_POINT ( 'NONE', #3582 ) ;
#5280 = EDGE_CURVE ( 'NONE', #3878, #6525, #576, .T. ) ;
#5281 = SURFACE_STYLE_FILL_AREA ( #5320 ) ;
#5282 = EDGE_LOOP ( 'NONE', ( #5313, #6486, #4186, #4201 ) ) ;
#5283 = VERTEX_POINT ( 'NONE', #5028 ) ;
#5284 = LINE ( 'NONE', #2746, #4763 ) ;
#5285 = STYLED_ITEM ( 'NONE', ( #4263 ), #5659 ) ;
#5286 = CARTESIAN_POINT ( 'NONE',  ( 0.004300000000000580268, -0.001563078422692379876, -0.001697956373993080026 ) ) ;
#5287 = EDGE_CURVE ( 'NONE', #185, #581, #2486, .T. ) ;
#5288 = ORIENTED_EDGE ( 'NONE', *, *, #3122, .T. ) ;
#5289 = ORIENTED_EDGE ( 'NONE', *, *, #2623, .F. ) ;
#5290 = DIRECTION ( 'NONE',  ( 1.000000000000000000, 0.000000000000000000, 0.000000000000000000 ) ) ;
#5291 = PRESENTATION_LAYER_ASSIGNMENT (  '', '', ( #371 ) ) ;
#5292 = VERTEX_POINT ( 'NONE', #6028 ) ;
#5293 = CARTESIAN_POINT ( 'NONE',  ( 0.001320000000000050083, -0.002200000000000090338, 0.002150000000000039900 ) ) ;
#5294 = EDGE_CURVE ( 'NONE', #3676, #56, #4518, .T. ) ;
#5295 = EDGE_LOOP ( 'NONE', ( #705, #4636, #5557, #4667 ) ) ;
#5296 = CARTESIAN_POINT ( 'NONE',  ( 0.004300000000000580268, -0.006031911562518000106, -0.0005638519319878100393 ) ) ;
#5297 = ADVANCED_FACE ( 'NONE', ( #4486 ), #5627, .T. ) ;
#5298 = ORIENTED_EDGE ( 'NONE', *, *, #204, .T. ) ;
#5299 = CARTESIAN_POINT ( 'NONE',  ( -0.003899999999999639866, -0.0003999999999999240166, -0.002150000000000039900 ) ) ;
#5300 = CARTESIAN_POINT ( 'NONE',  ( 0.004250000000000780064, -0.002730525340061080129, 0.001116749406596029845 ) ) ;
#5301 = CARTESIAN_POINT ( 'NONE',  ( 0.004300000000000580268, -0.002616966858176720308, 0.001522054199606369959 ) ) ;
#5302 = DIRECTION ( 'NONE',  ( 0.000000000000000000, -0.3043458825695967152, 0.9525615905351911827 ) ) ;
#5303 = VECTOR ( 'NONE', #3095, 1.000000000000000000 ) ;
#5304 = DIRECTION ( 'NONE',  ( 0.000000000000000000, 0.000000000000000000, 1.000000000000000000 ) ) ;
#5305 = AXIS2_PLACEMENT_3D ( 'NONE', #4560, #958, #6034 ) ;
#5306 = VERTEX_POINT ( 'NONE', #26 ) ;
#5307 = EDGE_LOOP ( 'NONE', ( #1238, #639, #338, #3988 ) ) ;
#5308 = VECTOR ( 'NONE', #4191, 1.000000000000000000 ) ;
#5309 = VERTEX_POINT ( 'NONE', #3082 ) ;
#5310 = CARTESIAN_POINT ( 'NONE',  ( -0.004300000000000580268, -0.004300000000000580268, -0.002150000000000039900 ) ) ;
#5311 = FACE_BOUND ( 'NONE', #5547, .T. ) ;
#5312 = DIRECTION ( 'NONE',  ( -1.000000000000000000, 0.000000000000000000, 0.000000000000000000 ) ) ;
#5313 = ORIENTED_EDGE ( 'NONE', *, *, #3930, .T. ) ;
#5314 = AXIS2_PLACEMENT_3D ( 'NONE', #6547, #5946, #430 ) ;
#5315 = CARTESIAN_POINT ( 'NONE',  ( -0.004300000000000580268, -5.720000000000000122E-05, -0.001425999999999880054 ) ) ;
#5316 = FACE_OUTER_BOUND ( 'NONE', #4241, .T. ) ;
#5317 = VECTOR ( 'NONE', #6234, 1.000000000000000000 ) ;
#5318 = CARTESIAN_POINT ( 'NONE',  ( 0.004300000000000580268, -0.002139355179479459843, -0.0008729765713458800293 ) ) ;
#5319 = CIRCLE ( 'NONE', #4347, 0.0003810000000000000452 ) ;
#5320 = FILL_AREA_STYLE ('',( #3236 ) ) ;
#5321 = ORIENTED_EDGE ( 'NONE', *, *, #215, .F. ) ;
#5322 = DIRECTION ( 'NONE',  ( 0.000000000000000000, 0.000000000000000000, 1.000000000000000000 ) ) ;
#5323 = DIRECTION ( 'NONE',  ( 0.000000000000000000, 0.000000000000000000, 1.000000000000000000 ) ) ;
#5324 = ORIENTED_EDGE ( 'NONE', *, *, #5688, .F. ) ;
#5325 = VERTEX_POINT ( 'NONE', #6098 ) ;
#5326 = ADVANCED_FACE ( 'NONE', ( #4048 ), #5646, .T. ) ;
#5327 = CARTESIAN_POINT ( 'NONE',  ( 0.004250000000000780064, -0.002310691573530140180, -0.0002161198164136809855 ) ) ;
#5328 = DIRECTION ( 'NONE',  ( -1.000000000000000000, 0.000000000000000000, 0.000000000000000000 ) ) ;
#5329 = ORIENTED_EDGE ( 'NONE', *, *, #180, .T. ) ;
#5330 = CARTESIAN_POINT ( 'NONE',  ( 0.004300000000000580268, -0.002758425878522607639, 0.0005312925971446076819 ) ) ;
#5331 = ADVANCED_FACE ( 'NONE', ( #1953 ), #4013, .F. ) ;
#5332 = LINE ( 'NONE', #756, #4796 ) ;
#5333 = ADVANCED_FACE ( 'NONE', ( #6066 ), #6631, .F. ) ;
#5334 = CARTESIAN_POINT ( 'NONE',  ( 0.000000000000000000, 0.004400000000000180676, -0.001000000000000060086 ) ) ;
#5335 = CARTESIAN_POINT ( 'NONE',  ( 0.004300000000000580268, -0.001503464648650410006, 0.0006633895243371699425 ) ) ;
#5336 = DIRECTION ( 'NONE',  ( 0.000000000000000000, 0.000000000000000000, -1.000000000000000000 ) ) ;
#5337 = AXIS2_PLACEMENT_3D ( 'NONE', #1538, #616, #3564 ) ;
#5338 = DIRECTION ( 'NONE',  ( 0.000000000000000000, -1.000000000000000000, 0.000000000000000000 ) ) ;
#5339 = EDGE_CURVE ( 'NONE', #6114, #3973, #4198, .T. ) ;
#5340 = ORIENTED_EDGE ( 'NONE', *, *, #4458, .F. ) ;
#5341 = VECTOR ( 'NONE', #606, 1.000000000000000000 ) ;
#5342 = ORIENTED_EDGE ( 'NONE', *, *, #1987, .T. ) ;
#5343 = CARTESIAN_POINT ( 'NONE',  ( -0.002249999999999889675, -0.003600000000000839941, -0.0001500000000000099886 ) ) ;
#5344 = ORIENTED_EDGE ( 'NONE', *, *, #4718, .F. ) ;
#5345 = FACE_OUTER_BOUND ( 'NONE', #2046, .T. ) ;
#5346 =( NAMED_UNIT ( * ) PLANE_ANGLE_UNIT ( ) SI_UNIT ( $, .RADIAN. ) );
#5347 = EDGE_LOOP ( 'NONE', ( #3379, #2762, #4766, #2261 ) ) ;
#5348 = CARTESIAN_POINT ( 'NONE',  ( 0.001320000000000050083, -0.001000000000000060086, 0.002150000000000039900 ) ) ;
#5349 =( LENGTH_UNIT ( ) NAMED_UNIT ( * ) SI_UNIT ( $, .METRE. ) );
#5350 = CARTESIAN_POINT ( 'NONE',  ( 0.001750000000000109975, -0.006850000000000540552, 0.0001500000000000099886 ) ) ;
#5351 = AXIS2_PLACEMENT_3D ( 'NONE', #748, #2790, #4315 ) ;
#5352 = CARTESIAN_POINT ( 'NONE',  ( 0.003842800000000579780, 0.000000000000000000, -0.001750000000000109975 ) ) ;
#5353 = ORIENTED_EDGE ( 'NONE', *, *, #3044, .F. ) ;
#5354 = CARTESIAN_POINT ( 'NONE',  ( -0.004024667864120360337, 0.0001246678641211770020, -0.001425999999999880054 ) ) ;
#5355 = LINE ( 'NONE', #777, #2855 ) ;
#5356 = EDGE_LOOP ( 'NONE', ( #3749, #3608, #701, #5324 ) ) ;
#5357 = ORIENTED_EDGE ( 'NONE', *, *, #2588, .F. ) ;
#5358 = CARTESIAN_POINT ( 'NONE',  ( 0.004300000000000580268, -0.002408964319676409893, 8.038905277313500232E-05 ) ) ;
#5359 = LINE ( 'NONE', #4346, #5233 ) ;
#5360 = EDGE_CURVE ( 'NONE', #3536, #1247, #2521, .T. ) ;
#5361 = VERTEX_POINT ( 'NONE', #2083 ) ;
#5362 = CARTESIAN_POINT ( 'NONE',  ( 0.003839999999999879968, -0.003600000000000839941, -0.002150000000000039900 ) ) ;
#5363 = LINE ( 'NONE', #2291, #3301 ) ;
#5364 = EDGE_CURVE ( 'NONE', #5708, #6574, #4552, .T. ) ;
#5365 = DIRECTION ( 'NONE',  ( 0.000000000000000000, 0.000000000000000000, -1.000000000000000000 ) ) ;
#5366 = CARTESIAN_POINT ( 'NONE',  ( 0.004300000000000578533, -0.003034874002975440112, 0.001413640186379199913 ) ) ;
#5367 = FILL_AREA_STYLE_COLOUR ( '', #3892 ) ;
#5368 = EDGE_CURVE ( 'NONE', #5887, #3428, #1087, .T. ) ;
#5369 = DIRECTION ( 'NONE',  ( 0.000000000000000000, 0.000000000000000000, 1.000000000000000000 ) ) ;
#5370 = EDGE_LOOP ( 'NONE', ( #2633, #5696, #541, #2540 ) ) ;
#5371 = CARTESIAN_POINT ( 'NONE',  ( 0.001999999999999869937, 0.000000000000000000, 0.001099999999999920052 ) ) ;
#5372 = LINE ( 'NONE', #2335, #578 ) ;
#5373 = FACE_OUTER_BOUND ( 'NONE', #5104, .T. ) ;
#5374 = B_SPLINE_SURFACE_WITH_KNOTS ( 'NONE', 3, 1, ( 
 ( #3184, #1264 ),
 ( #2764, #2232 ),
 ( #5194, #2625 ),
 ( #5796, #6307 ),
 ( #4215, #1228 ),
 ( #4760, #1632 ) ),
 .UNSPECIFIED., .F., .F., .F.,
 ( 4, 1, 1, 4 ),
 ( 2, 2 ),
 ( 0.007441705627852441760, 0.01923076923076999858, 0.9807692307692000844, 0.9928856652293875928 ),
 ( 0.000000000000000000, 1.000000000000000000 ),
 .UNSPECIFIED. ) ;
#5375 = EDGE_CURVE ( 'NONE', #2357, #2903, #3144, .T. ) ;
#5376 = ORIENTED_EDGE ( 'NONE', *, *, #3244, .F. ) ;
#5377 = CARTESIAN_POINT ( 'NONE',  ( -0.002890000000001140355, -0.002779999999999039750, -0.001750000000000109975 ) ) ;
#5378 = CARTESIAN_POINT ( 'NONE',  ( 0.004300000000000580268, -0.004300000000000580268, 0.001221010893854959905 ) ) ;
#5379 = DIRECTION ( 'NONE',  ( -1.000000000000000000, 0.000000000000000000, 0.000000000000000000 ) ) ;
#5380 = DIRECTION ( 'NONE',  ( 0.000000000000000000, -1.000000000000000000, 0.000000000000000000 ) ) ;
#5381 = VERTEX_POINT ( 'NONE', #607 ) ;
#5382 = CARTESIAN_POINT ( 'NONE',  ( 0.004250000000000780931, -0.002837997149833698055, 0.0002978424384366686289 ) ) ;
#5383 = LINE ( 'NONE', #1680, #1691 ) ;
#5384 = VERTEX_POINT ( 'NONE', #2723 ) ;
#5385 = CARTESIAN_POINT ( 'NONE',  ( -0.004099999999998840683, -0.005799999999999659595, 0.0001620000000000120150 ) ) ;
#5386 = VECTOR ( 'NONE', #4487, 1.000000000000000000 ) ;
#5387 = ORIENTED_EDGE ( 'NONE', *, *, #1387, .F. ) ;
#5388 = CARTESIAN_POINT ( 'NONE',  ( 0.004300000000000580268, -0.004300000000000580268, 0.0004590108938549639886 ) ) ;
#5389 = ORIENTED_EDGE ( 'NONE', *, *, #973, .T. ) ;
#5390 = CARTESIAN_POINT ( 'NONE',  ( 0.004300000000000580268, -0.004300000000000580268, -0.002150000000000039900 ) ) ;
#5391 = ORIENTED_EDGE ( 'NONE', *, *, #501, .T. ) ;
#5392 = CARTESIAN_POINT ( 'NONE',  ( 0.004300000000000580268, -0.002773476032876819736, 0.0005368136140442339964 ) ) ;
#5393 = LINE ( 'NONE', #822, #1067 ) ;
#5394 =( NAMED_UNIT ( * ) SI_UNIT ( $, .STERADIAN. ) SOLID_ANGLE_UNIT ( ) );
#5395 = CARTESIAN_POINT ( 'NONE',  ( 0.004300000000000578533, -0.002488145644810009841, 0.001499816300958300118 ) ) ;
#5396 = CARTESIAN_POINT ( 'NONE',  ( 0.004250000000000780064, -0.002139355179479459843, -0.0008729765713458800293 ) ) ;
#5397 = EDGE_CURVE ( 'NONE', #853, #6461, #1704, .T. ) ;
#5398 = PLANE ( 'NONE',  #6095 ) ;
#5399 = VERTEX_POINT ( 'NONE', #4753 ) ;
#5400 = EDGE_CURVE ( 'NONE', #2977, #5309, #5223, .T. ) ;
#5401 = CARTESIAN_POINT ( 'NONE',  ( -0.003042800000001239912, -0.003650000000000640146, 0.001211539816339700024 ) ) ;
#5402 = EDGE_LOOP ( 'NONE', ( #5142, #6206, #4622, #4946 ) ) ;
#5403 = LINE ( 'NONE', #834, #3917 ) ;
#5404 = ORIENTED_EDGE ( 'NONE', *, *, #4654, .F. ) ;
#5405 = FACE_OUTER_BOUND ( 'NONE', #3073, .T. ) ;
#5406 = CIRCLE ( 'NONE', #2526, 0.0003809999999999999910 ) ;
#5407 = CARTESIAN_POINT ( 'NONE',  ( -0.003042800000001239912, -0.002779999999999039750, -0.002150000000000039900 ) ) ;
#5408 = ORIENTED_EDGE ( 'NONE', *, *, #5364, .T. ) ;
#5409 = EDGE_CURVE ( 'NONE', #4506, #1168, #5759, .T. ) ;
#5410 = CARTESIAN_POINT ( 'NONE',  ( 0.003842800000000579780, -0.003600000000000839941, 0.001750000000000109975 ) ) ;
#5411 = DIRECTION ( 'NONE',  ( 0.000000000000000000, -1.000000000000000000, 0.000000000000000000 ) ) ;
#5412 = AXIS2_PLACEMENT_3D ( 'NONE', #2163, #5766, #5262 ) ;
#5413 = VERTEX_POINT ( 'NONE', #6265 ) ;
#5414 = LINE ( 'NONE', #5949, #4624 ) ;
#5415 = EDGE_LOOP ( 'NONE', ( #2780, #3148, #6271, #3282, #4931, #6516, #298, #1820 ) ) ;
#5416 = DIRECTION ( 'NONE',  ( 1.000000000000000000, 0.000000000000000000, 0.000000000000000000 ) ) ;
#5417 = VECTOR ( 'NONE', #5915, 1.000000000000000222 ) ;
#5418 = EDGE_CURVE ( 'NONE', #263, #5741, #4686, .T. ) ;
#5419 = VERTEX_POINT ( 'NONE', #645 ) ;
#5420 = VECTOR ( 'NONE', #5031, 1.000000000000000000 ) ;
#5421 = PRESENTATION_STYLE_ASSIGNMENT (( #983 ) ) ;
#5422 = B_SPLINE_CURVE_WITH_KNOTS ( 'NONE', 3,
 ( #2805, #865, #3895, #2303 ),
 .UNSPECIFIED., .F., .F.,
 ( 4, 4 ),
 ( 0.000000000000000000, 1.000000000000000000 ),
 .UNSPECIFIED. ) ;
#5423 = EDGE_LOOP ( 'NONE', ( #5329, #5507, #4158, #6145 ) ) ;
#5424 = VECTOR ( 'NONE', #3585, 1.000000000000000000 ) ;
#5425 = DIRECTION ( 'NONE',  ( 0.000000000000000000, 0.000000000000000000, -1.000000000000000000 ) ) ;
#5426 = B_SPLINE_SURFACE_WITH_KNOTS ( 'NONE', 3, 1, ( 
 ( #2362, #4958 ),
 ( #2917, #5866 ),
 ( #1395, #1827 ),
 ( #2947, #4387 ) ),
 .UNSPECIFIED., .F., .F., .F.,
 ( 4, 4 ),
 ( 2, 2 ),
 ( 0.01063569148352399088, 0.9897530078461541647 ),
 ( 0.000000000000000000, 1.000000000000000000 ),
 .UNSPECIFIED. ) ;
#5427 = CARTESIAN_POINT ( 'NONE',  ( -0.004300000000000580268, -0.006031911562518000106, -0.0005638519319878100393 ) ) ;
#5428 = CARTESIAN_POINT ( 'NONE',  ( 0.004300000000000578533, -0.001503464648650410006, 0.0006633895243371699425 ) ) ;
#5429 = LINE ( 'NONE', #5995, #355 ) ;
#5430 = DIRECTION ( 'NONE',  ( 0.000000000000000000, 0.8887589739204622141, 0.4583748316343810858 ) ) ;
#5431 = CARTESIAN_POINT ( 'NONE',  ( -0.003842800000000579780, 0.000000000000000000, -0.002150000000000039900 ) ) ;
#5432 = ADVANCED_FACE ( 'NONE', ( #2222, #101 ), #4246, .T. ) ;
#5433 = CARTESIAN_POINT ( 'NONE',  ( 0.004300000000000580268, -0.002527153523872580163, 0.0003021361718557340117 ) ) ;
#5434 = SURFACE_STYLE_FILL_AREA ( #4360 ) ;
#5435 = AXIS2_PLACEMENT_3D ( 'NONE', #3962, #932, #4842 ) ;
#5436 = ORIENTED_EDGE ( 'NONE', *, *, #429, .F. ) ;
#5437 = DIRECTION ( 'NONE',  ( 0.000000000000000000, 0.000000000000000000, 1.000000000000000000 ) ) ;
#5438 = DIRECTION ( 'NONE',  ( 0.000000000000000000, 0.000000000000000000, -1.000000000000000000 ) ) ;
#5439 = ORIENTED_EDGE ( 'NONE', *, *, #1531, .T. ) ;
#5440 = VECTOR ( 'NONE', #3722, 1.000000000000000000 ) ;
#5441 = FACE_OUTER_BOUND ( 'NONE', #1655, .T. ) ;
#5442 = ORIENTED_EDGE ( 'NONE', *, *, #6536, .T. ) ;
#5443 = PLANE ( 'NONE',  #3377 ) ;
#5444 = ORIENTED_EDGE ( 'NONE', *, *, #5723, .F. ) ;
#5445 = EDGE_CURVE ( 'NONE', #741, #3929, #3215, .T. ) ;
#5446 = CARTESIAN_POINT ( 'NONE',  ( 0.004300000000000580268, -0.003073877937189919887, -0.0006548585597537180105 ) ) ;
#5447 = VERTEX_POINT ( 'NONE', #6232 ) ;
#5448 = LINE ( 'NONE', #1846, #6342 ) ;
#5449 = ORIENTED_EDGE ( 'NONE', *, *, #2474, .T. ) ;
#5450 = EDGE_CURVE ( 'NONE', #4542, #2754, #2156, .T. ) ;
#5451 = AXIS2_PLACEMENT_3D ( 'NONE', #4984, #5517, #3944 ) ;
#5452 = LINE ( 'NONE', #3908, #4127 ) ;
#5453 = ORIENTED_EDGE ( 'NONE', *, *, #1303, .F. ) ;
#5454 = CARTESIAN_POINT ( 'NONE',  ( 0.002249999999999889675, -0.006850000000000540552, -0.0001500000000000099886 ) ) ;
#5455 = ORIENTED_EDGE ( 'NONE', *, *, #663, .F. ) ;
#5456 = EDGE_CURVE ( 'NONE', #5604, #1869, #3681, .T. ) ;
#5457 = CARTESIAN_POINT ( 'NONE',  ( 0.004300000000000580268, -0.002085205966182733343, -6.188294217195076973E-06 ) ) ;
#5458 = DIRECTION ( 'NONE',  ( 0.000000000000000000, 1.000000000000000000, 0.000000000000000000 ) ) ;
#5459 = CARTESIAN_POINT ( 'NONE',  ( 0.004300000000000578533, -0.002090714919672539973, 0.001414771548330339898 ) ) ;
#5460 = LINE ( 'NONE', #2021, #3348 ) ;
#5461 = DIRECTION ( 'NONE',  ( 1.000000000000000000, 0.000000000000000000, 0.000000000000000000 ) ) ;
#5462 = ORIENTED_EDGE ( 'NONE', *, *, #1533, .T. ) ;
#5463 = CARTESIAN_POINT ( 'NONE',  ( 0.003042800000001239912, -0.002779999999999039750, -0.002150000000000039900 ) ) ;
#5464 = CARTESIAN_POINT ( 'NONE',  ( 0.004300000000000580268, -0.003073877937189919887, -0.0006548585597537180105 ) ) ;
#5465 = CARTESIAN_POINT ( 'NONE',  ( 0.001999999999999869937, 0.0003999999999999240166, -0.001000000000000060086 ) ) ;
#5466 = VERTEX_POINT ( 'NONE', #5256 ) ;
#5467 = CARTESIAN_POINT ( 'NONE',  ( 0.004250000000000779196, -0.002288153523872672040, 0.0001303904331903998686 ) ) ;
#5468 = LINE ( 'NONE', #1408, #3052 ) ;
#5469 = ORIENTED_EDGE ( 'NONE', *, *, #5702, .T. ) ;
#5470 = ORIENTED_EDGE ( 'NONE', *, *, #3846, .T. ) ;
#5471 = PLANE ( 'NONE',  #4257 ) ;
#5472 = ORIENTED_EDGE ( 'NONE', *, *, #119, .T. ) ;
#5473 = LINE ( 'NONE', #2472, #1032 ) ;
#5474 = CARTESIAN_POINT ( 'NONE',  ( 0.004300000000000580268, -0.002294594378625980022, 0.0001316430024743868790 ) ) ;
#5475 = ORIENTED_EDGE ( 'NONE', *, *, #3758, .F. ) ;
#5476 = CARTESIAN_POINT ( 'NONE',  ( -0.003899999999999639866, -0.004300000000000580268, -0.002150000000000039900 ) ) ;
#5477 = EDGE_LOOP ( 'NONE', ( #467, #2578, #6258, #6554, #4942, #2685 ) ) ;
#5478 = ADVANCED_FACE ( 'NONE', ( #1656 ), #6200, .T. ) ;
#5479 = DIRECTION ( 'NONE',  ( 0.000000000000000000, -0.8454348306147232428, 0.5340785964476150172 ) ) ;
#5480 = EDGE_CURVE ( 'NONE', #2758, #6021, #5691, .T. ) ;
#5481 = ORIENTED_EDGE ( 'NONE', *, *, #6137, .T. ) ;
#5482 = ADVANCED_FACE ( 'NONE', ( #5679 ), #4576, .F. ) ;
#5483 = ORIENTED_EDGE ( 'NONE', *, *, #4417, .T. ) ;
#5484 = CARTESIAN_POINT ( 'NONE',  ( 0.004250000000000780064, -0.002201130644004740088, -0.0002173881182115399758 ) ) ;
#5485 = VECTOR ( 'NONE', #4965, 1.000000000000000000 ) ;
#5486 = LINE ( 'NONE', #4413, #1919 ) ;
#5487 = ADVANCED_FACE ( 'NONE', ( #2513 ), #3131, .T. ) ;
#5488 = VECTOR ( 'NONE', #4643, 1.000000000000000000 ) ;
#5489 = CARTESIAN_POINT ( 'NONE',  ( 0.004250000000000780931, -0.001622198150964750075, 0.001187866395155020129 ) ) ;
#5490 = DIRECTION ( 'NONE',  ( 0.000000000000000000, 0.000000000000000000, 1.000000000000000000 ) ) ;
#5491 = ORIENTED_EDGE ( 'NONE', *, *, #4790, .T. ) ;
#5492 = CARTESIAN_POINT ( 'NONE',  ( 0.004250000000000780064, -0.002961108902565879730, 0.0006326347502253019950 ) ) ;
#5493 = CARTESIAN_POINT ( 'NONE',  ( -0.003899999999999639866, -0.004300000000000580268, -0.001221010893854959905 ) ) ;
#5494 = AXIS2_PLACEMENT_3D ( 'NONE', #5940, #842, #6510 ) ;
#5495 = ORIENTED_EDGE ( 'NONE', *, *, #5071, .T. ) ;
#5496 = EDGE_CURVE ( 'NONE', #1283, #2802, #2644, .T. ) ;
#5497 = FACE_OUTER_BOUND ( 'NONE', #5720, .T. ) ;
#5498 = CARTESIAN_POINT ( 'NONE',  ( 0.001320000000000050083, -0.001000000000000060086, 0.002150000000000039900 ) ) ;
#5499 = CARTESIAN_POINT ( 'NONE',  ( 0.004300000000000579400, -0.002710153523872646953, 0.0005091028540288567404 ) ) ;
#5500 = VERTEX_POINT ( 'NONE', #5650 ) ;
#5501 = DIRECTION ( 'NONE',  ( -1.000000000000000000, 0.000000000000000000, 0.000000000000000000 ) ) ;
#5502 = DIRECTION ( 'NONE',  ( 0.000000000000000000, 0.000000000000000000, 1.000000000000000000 ) ) ;
#5503 = ORIENTED_EDGE ( 'NONE', *, *, #5043, .F. ) ;
#5504 = CARTESIAN_POINT ( 'NONE',  ( 0.004300000000000580268, -0.002516253444455609882, 0.0004514923470089280007 ) ) ;
#5505 = VERTEX_POINT ( 'NONE', #1107 ) ;
#5506 = FACE_OUTER_BOUND ( 'NONE', #4575, .T. ) ;
#5507 = ORIENTED_EDGE ( 'NONE', *, *, #3480, .F. ) ;
#5508 = VECTOR ( 'NONE', #5701, 1.000000000000000000 ) ;
#5509 = LINE ( 'NONE', #935, #1478 ) ;
#5510 = ORIENTED_EDGE ( 'NONE', *, *, #4635, .F. ) ;
#5511 = CARTESIAN_POINT ( 'NONE',  ( 0.004300000000000580268, -0.002420132982887680285, 0.0004319739261898660051 ) ) ;
#5512 = VECTOR ( 'NONE', #624, 1.000000000000000000 ) ;
#5513 = ORIENTED_EDGE ( 'NONE', *, *, #3396, .F. ) ;
#5514 = LINE ( 'NONE', #907, #1483 ) ;
#5515 = VERTEX_POINT ( 'NONE', #5616 ) ;
#5516 = AXIS2_PLACEMENT_3D ( 'NONE', #795, #4928, #5966 ) ;
#5517 = DIRECTION ( 'NONE',  ( 1.000000000000000000, 0.000000000000000000, 0.000000000000000000 ) ) ;
#5518 = FACE_OUTER_BOUND ( 'NONE', #4610, .T. ) ;
#5519 = EDGE_CURVE ( 'NONE', #5622, #2128, #5816, .T. ) ;
#5520 = ORIENTED_EDGE ( 'NONE', *, *, #4543, .T. ) ;
#5521 = CIRCLE ( 'NONE', #839, 5.719999999999987247E-05 ) ;
#5522 = CARTESIAN_POINT ( 'NONE',  ( 0.004300000000000581135, -0.002310691573530140180, -0.0002161198164136809855 ) ) ;
#5523 = VECTOR ( 'NONE', #3613, 1.000000000000000000 ) ;
#5524 = CARTESIAN_POINT ( 'NONE',  ( -0.003842800000000579780, 0.000000000000000000, 0.001750000000000109975 ) ) ;
#5525 = EDGE_CURVE ( 'NONE', #5107, #3305, #4544, .T. ) ;
#5526 = DIRECTION ( 'NONE',  ( 0.000000000000000000, 0.000000000000000000, -1.000000000000000000 ) ) ;
#5527 = CARTESIAN_POINT ( 'NONE',  ( 0.004300000000000580268, -0.002873153523871959953, 0.0002153200030811799968 ) ) ;
#5528 = ORIENTED_EDGE ( 'NONE', *, *, #6391, .F. ) ;
#5529 = EDGE_CURVE ( 'NONE', #68, #4935, #5179, .T. ) ;
#5530 = LINE ( 'NONE', #1990, #3387 ) ;
#5531 = CARTESIAN_POINT ( 'NONE',  ( -0.002249999999999889675, -0.003600000000000839941, 0.0001500000000000099886 ) ) ;
#5532 = VERTEX_POINT ( 'NONE', #6588 ) ;
#5533 = ORIENTED_EDGE ( 'NONE', *, *, #3278, .T. ) ;
#5534 = CARTESIAN_POINT ( 'NONE',  ( -0.003842800000000579780, 0.0003999999999999240166, 0.001425999999999880054 ) ) ;
#5535 = DIRECTION ( 'NONE',  ( 0.000000000000000000, -1.000000000000000000, 0.000000000000000000 ) ) ;
#5536 = EDGE_LOOP ( 'NONE', ( #69, #1835, #5835, #3842 ) ) ;
#5537 = ORIENTED_EDGE ( 'NONE', *, *, #5040, .F. ) ;
#5538 = EDGE_CURVE ( 'NONE', #1, #1945, #1011, .T. ) ;
#5539 = DIRECTION ( 'NONE',  ( 0.000000000000000000, 1.000000000000000000, 0.000000000000000000 ) ) ;
#5540 = VERTEX_POINT ( 'NONE', #3072 ) ;
#5541 = DIRECTION ( 'NONE',  ( 0.000000000000000000, 1.000000000000000000, 0.000000000000000000 ) ) ;
#5542 = VECTOR ( 'NONE', #1831, 1.000000000000000000 ) ;
#5543 = ORIENTED_EDGE ( 'NONE', *, *, #3527, .F. ) ;
#5544 = CARTESIAN_POINT ( 'NONE',  ( -0.0006999999999999999929, -0.001000000000000060086, 0.000000000000000000 ) ) ;
#5545 = ORIENTED_EDGE ( 'NONE', *, *, #5156, .T. ) ;
#5546 = LINE ( 'NONE', #2873, #2425 ) ;
#5547 = EDGE_LOOP ( 'NONE', ( #765, #2438, #4502, #1223, #2093, #5764, #820, #5937, #6163, #5099, #1616, #6180, #2285, #33, #3192, #233, #4043, #565, #3719, #2004, #2351, #769, #642, #691, #4574, #625, #882, #731, #3558, #4283, #3227, #2779, #5545, #5227, #6325, #516 ) ) ;
#5548 = CARTESIAN_POINT ( 'NONE',  ( 0.000000000000000000, -0.002779999999999039750, -0.001950000000000069950 ) ) ;
#5549 = CARTESIAN_POINT ( 'NONE',  ( 0.004300000000000580268, -0.002309134969762730201, 0.0001318757469181590163 ) ) ;
#5550 = VECTOR ( 'NONE', #3687, 1.000000000000000000 ) ;
#5551 = LINE ( 'NONE', #5920, #1269 ) ;
#5552 = ORIENTED_EDGE ( 'NONE', *, *, #4012, .T. ) ;
#5553 = DIRECTION ( 'NONE',  ( -1.000000000000000000, -1.409983241274000082E-14, 0.000000000000000000 ) ) ;
#5554 = SURFACE_STYLE_FILL_AREA ( #2414 ) ;
#5555 = CARTESIAN_POINT ( 'NONE',  ( 0.004300000000000580268, -0.004300000000000580268, -0.002150000000000039900 ) ) ;
#5556 = VECTOR ( 'NONE', #1981, 1.000000000000000000 ) ;
#5557 = ORIENTED_EDGE ( 'NONE', *, *, #3851, .F. ) ;
#5558 = CARTESIAN_POINT ( 'NONE',  ( 0.004300000000000581135, -0.002453766566748139758, -0.0001377379421663130113 ) ) ;
#5559 = AXIS2_PLACEMENT_3D ( 'NONE', #2245, #3268, #6353 ) ;
#5560 = AXIS2_PLACEMENT_3D ( 'NONE', #5247, #4743, #632 ) ;
#5561 = EDGE_CURVE ( 'NONE', #570, #3467, #1078, .T. ) ;
#5562 = CARTESIAN_POINT ( 'NONE',  ( 0.004250000000000780064, -0.003029877937189080078, -0.0002398453226186319826 ) ) ;
#5563 = CARTESIAN_POINT ( 'NONE',  ( 0.001999999999999869937, -0.006850000000000540552, -0.007755479999999580557 ) ) ;
#5564 = CARTESIAN_POINT ( 'NONE',  ( 0.004300000000000580268, -0.002873465797042180046, 0.0001756815974632300000 ) ) ;
#5565 = DIRECTION ( 'NONE',  ( 0.000000000000000000, -0.3043458825695966596, -0.9525615905351910717 ) ) ;
#5566 = EDGE_CURVE ( 'NONE', #5309, #4340, #1485, .T. ) ;
#5567 = EDGE_CURVE ( 'NONE', #940, #2253, #5148, .T. ) ;
#5568 = FACE_OUTER_BOUND ( 'NONE', #563, .T. ) ;
#5569 = EDGE_CURVE ( 'NONE', #6477, #2903, #3358, .T. ) ;
#5570 = DIRECTION ( 'NONE',  ( -0.000000000000000000, 0.09715275786380722645, 0.9952694819190712749 ) ) ;
#5571 = DIRECTION ( 'NONE',  ( 0.000000000000000000, -1.000000000000000000, 0.000000000000000000 ) ) ;
#5572 = ORIENTED_EDGE ( 'NONE', *, *, #223, .T. ) ;
#5573 =( LENGTH_UNIT ( ) NAMED_UNIT ( * ) SI_UNIT ( $, .METRE. ) );
#5574 = ORIENTED_EDGE ( 'NONE', *, *, #4326, .F. ) ;
#5575 = DIRECTION ( 'NONE',  ( 1.000000000000000000, 0.000000000000000000, 0.000000000000000000 ) ) ;
#5576 = EDGE_CURVE ( 'NONE', #735, #4050, #1978, .T. ) ;
#5577 = ORIENTED_EDGE ( 'NONE', *, *, #1265, .F. ) ;
#5578 = FACE_OUTER_BOUND ( 'NONE', #6608, .T. ) ;
#5579 = ORIENTED_EDGE ( 'NONE', *, *, #204, .F. ) ;
#5580 = CARTESIAN_POINT ( 'NONE',  ( -0.002890000000001140355, -0.002779999999999039750, -0.001750000000000109975 ) ) ;
#5581 = DIRECTION ( 'NONE',  ( 0.000000000000000000, -1.000000000000000000, 0.000000000000000000 ) ) ;
#5582 = CARTESIAN_POINT ( 'NONE',  ( 0.003899999999999639866, -0.006887964625008399962, -0.0002903407727950679980 ) ) ;
#5583 = VERTEX_POINT ( 'NONE', #981 ) ;
#5584 = ORIENTED_EDGE ( 'NONE', *, *, #6188, .F. ) ;
#5585 = CARTESIAN_POINT ( 'NONE',  ( 0.004250000000000779196, -0.002873465797043043505, 0.0001756815974632276419 ) ) ;
#5586 = ORIENTED_EDGE ( 'NONE', *, *, #4410, .T. ) ;
#5587 = MECHANICAL_DESIGN_GEOMETRIC_PRESENTATION_REPRESENTATION (  '', ( #15 ), #3872 ) ;
#5588 = FACE_OUTER_BOUND ( 'NONE', #20, .T. ) ;
#5589 = CARTESIAN_POINT ( 'NONE',  ( 0.001999999999999869937, 0.000000000000000000, -0.001099999999999920052 ) ) ;
#5590 = VERTEX_POINT ( 'NONE', #502 ) ;
#5591 = CARTESIAN_POINT ( 'NONE',  ( 0.004300000000000581135, -0.002559294577923882947, 2.856663412117405490E-06 ) ) ;
#5592 = VECTOR ( 'NONE', #2507, 1.000000000000000000 ) ;
#5593 = CARTESIAN_POINT ( 'NONE',  ( 0.004250000000000780064, -0.002585134369195407969, -0.0001197726584530200045 ) ) ;
#5594 = CARTESIAN_POINT ( 'NONE',  ( 0.004300000000000578533, -0.001589135844261960022, 0.0004012502786349980179 ) ) ;
#5595 = LINE ( 'NONE', #5257, #6239 ) ;
#5596 = VERTEX_POINT ( 'NONE', #3007 ) ;
#5597 = AXIS2_PLACEMENT_3D ( 'NONE', #5548, #1514, #5016 ) ;
#5598 = CARTESIAN_POINT ( 'NONE',  ( -0.003842800000000579780, -0.003650000000000640146, -0.001700000000000059970 ) ) ;
#5599 = VECTOR ( 'NONE', #618, 1.000000000000000000 ) ;
#5600 = ORIENTED_EDGE ( 'NONE', *, *, #1944, .F. ) ;
#5601 = CARTESIAN_POINT ( 'NONE',  ( 0.003839999999999879968, -0.002779999999999039750, 0.001649999999999999991 ) ) ;
#5602 = LINE ( 'NONE', #3424, #909 ) ;
#5603 = EDGE_CURVE ( 'NONE', #4190, #2253, #2579, .T. ) ;
#5604 = VERTEX_POINT ( 'NONE', #4609 ) ;
#5605 = VECTOR ( 'NONE', #4120, 1.000000000000000000 ) ;
#5606 = FACE_OUTER_BOUND ( 'NONE', #444, .T. ) ;
#5607 = ADVANCED_FACE ( 'NONE', ( #535 ), #19, .T. ) ;
#5608 = ORIENTED_EDGE ( 'NONE', *, *, #3071, .T. ) ;
#5609 = PLANE ( 'NONE',  #4979 ) ;
#5610 = PLANE ( 'NONE',  #3914 ) ;
#5611 = ORIENTED_EDGE ( 'NONE', *, *, #5847, .F. ) ;
#5612 = DIRECTION ( 'NONE',  ( 0.000000000000000000, -0.3043458825695966596, -0.9525615905351910717 ) ) ;
#5613 = CARTESIAN_POINT ( 'NONE',  ( 0.004300000000000580268, -0.001780384272921819999, 0.0007128095820759779242 ) ) ;
#5614 = CARTESIAN_POINT ( 'NONE',  ( 0.003042800000001239912, -0.004049999999999039611, -0.001700000000000059970 ) ) ;
#5615 = ORIENTED_EDGE ( 'NONE', *, *, #2320, .T. ) ;
#5616 = CARTESIAN_POINT ( 'NONE',  ( 0.004300000000000580268, -0.002697148188278560184, -6.824093142591599324E-05 ) ) ;
#5617 = ORIENTED_EDGE ( 'NONE', *, *, #2961, .F. ) ;
#5618 = ADVANCED_FACE ( 'NONE', ( #5373 ), #5906, .F. ) ;
#5619 = LINE ( 'NONE', #4611, #3521 ) ;
#5620 = CARTESIAN_POINT ( 'NONE',  ( -0.001999999999999869937, 0.000000000000000000, -0.001099999999999920052 ) ) ;
#5621 = AXIS2_PLACEMENT_3D ( 'NONE', #6213, #4833, #113 ) ;
#5622 = VERTEX_POINT ( 'NONE', #798 ) ;
#5623 = CARTESIAN_POINT ( 'NONE',  ( -0.004300000000000580268, -0.004300000000000580268, -0.0004572000000000000001 ) ) ;
#5624 = EDGE_CURVE ( 'NONE', #746, #1578, #3329, .T. ) ;
#5625 = AXIS2_PLACEMENT_3D ( 'NONE', #2326, #4320, #2482 ) ;
#5626 = CARTESIAN_POINT ( 'NONE',  ( 0.004300000000000580268, -0.002660958840254895770, -9.078110309296315902E-05 ) ) ;
#5627 = CYLINDRICAL_SURFACE ( 'NONE', #5703, 0.0002499999999999911147 ) ;
#5628 = CARTESIAN_POINT ( 'NONE',  ( 0.003799999999999999992, 0.000000000000000000, -0.001500000000000099995 ) ) ;
#5629 = AXIS2_PLACEMENT_3D ( 'NONE', #5673, #1102, #3126 ) ;
#5630 = CARTESIAN_POINT ( 'NONE',  ( 0.004300000000000580268, -0.002573877937189380377, -0.0008369805913275699984 ) ) ;
#5631 = AXIS2_PLACEMENT_3D ( 'NONE', #2737, #6247, #1707 ) ;
#5632 = AXIS2_PLACEMENT_3D ( 'NONE', #4806, #1138, #1743 ) ;
#5633 = CARTESIAN_POINT ( 'NONE',  ( 0.004250000000000780064, -0.002831815343490320068, -0.0002167166857290839927 ) ) ;
#5634 = DIRECTION ( 'NONE',  ( 0.000000000000000000, 0.000000000000000000, 1.000000000000000000 ) ) ;
#5635 = VECTOR ( 'NONE', #2254, 1.000000000000000000 ) ;
#5636 = ORIENTED_EDGE ( 'NONE', *, *, #5418, .T. ) ;
#5637 = VECTOR ( 'NONE', #783, 1.000000000000000000 ) ;
#5638 = CARTESIAN_POINT ( 'NONE',  ( -0.004300000000000580268, -0.005725969598507800636, 0.0005963953452224180331 ) ) ;
#5639 = EDGE_CURVE ( 'NONE', #2454, #5217, #1237, .T. ) ;
#5640 = ORIENTED_EDGE ( 'NONE', *, *, #6097, .T. ) ;
#5641 = CARTESIAN_POINT ( 'NONE',  ( 0.004300000000000580268, -0.002309134969762730201, 0.0001318757469181590163 ) ) ;
#5642 = CARTESIAN_POINT ( 'NONE',  ( 0.004300000000000579400, -0.002730525340157722875, 0.001116749406600303770 ) ) ;
#5643 = EDGE_LOOP ( 'NONE', ( #833, #259, #815, #1682 ) ) ;
#5644 = CARTESIAN_POINT ( 'NONE',  ( -0.004300000000000580268, -0.004300000000000580268, -0.0008400108938549639796 ) ) ;
#5645 = LINE ( 'NONE', #3538, #4121 ) ;
#5646 = B_SPLINE_SURFACE_WITH_KNOTS ( 'NONE', 3, 1, ( 
 ( #4618, #6566 ),
 ( #3549, #5660 ),
 ( #1988, #1560 ),
 ( #478, #5128 ) ),
 .UNSPECIFIED., .F., .F., .F.,
 ( 4, 4 ),
 ( 2, 2 ),
 ( 0.03484669085964715862, 0.9874714098247969751 ),
 ( 0.000000000000000000, 1.000000000000000000 ),
 .UNSPECIFIED. ) ;
#5647 = CARTESIAN_POINT ( 'NONE',  ( -0.002890000000001140355, -0.003600000000000839941, 0.002150000000000039900 ) ) ;
#5648 = VERTEX_POINT ( 'NONE', #6347 ) ;
#5649 = ADVANCED_FACE ( 'NONE', ( #282 ), #3796, .T. ) ;
#5650 = CARTESIAN_POINT ( 'NONE',  ( 0.004300000000000580268, -0.002315153523872669986, 0.0003546314634283140072 ) ) ;
#5651 = ORIENTED_EDGE ( 'NONE', *, *, #5064, .F. ) ;
#5652 = DIRECTION ( 'NONE',  ( 0.000000000000000000, 0.8887589739204622141, 0.4583748316343810858 ) ) ;
#5653 = PLANE ( 'NONE',  #6379 ) ;
#5654 = EDGE_CURVE ( 'NONE', #5813, #5583, #3296, .T. ) ;
#5655 = AXIS2_PLACEMENT_3D ( 'NONE', #4726, #5106, #1474 ) ;
#5656 = ORIENTED_EDGE ( 'NONE', *, *, #3278, .F. ) ;
#5657 = DIRECTION ( 'NONE',  ( 0.000000000000000000, 0.000000000000000000, 1.000000000000000000 ) ) ;
#5658 = ORIENTED_EDGE ( 'NONE', *, *, #3, .F. ) ;
#5659 = ADVANCED_FACE ( 'NONE', ( #1740 ), #4866, .T. ) ;
#5660 = CARTESIAN_POINT ( 'NONE',  ( 0.004300000000000580268, -0.002793551024514649879, 0.0009480739689415324922 ) ) ;
#5661 = DIRECTION ( 'NONE',  ( 0.000000000000000000, 0.000000000000000000, 1.000000000000000000 ) ) ;
#5662 = CARTESIAN_POINT ( 'NONE',  ( 0.003842800000000579780, -0.003650000000000640146, -0.001700000000000059970 ) ) ;
#5663 = AXIS2_PLACEMENT_3D ( 'NONE', #4512, #4380, #4478 ) ;
#5664 = ORIENTED_EDGE ( 'NONE', *, *, #3115, .F. ) ;
#5665 = EDGE_LOOP ( 'NONE', ( #2365, #2842, #5503, #4875 ) ) ;
#5666 = DIRECTION ( 'NONE',  ( -1.000000000000000000, 0.000000000000000000, 0.000000000000000000 ) ) ;
#5667 = CARTESIAN_POINT ( 'NONE',  ( 0.004250000000000780064, -0.002873153523871959953, 0.0002153200030811799968 ) ) ;
#5668 = CARTESIAN_POINT ( 'NONE',  ( -0.0006999999999999999929, -0.002200000000000090338, 0.000000000000000000 ) ) ;
#5669 = ORIENTED_EDGE ( 'NONE', *, *, #1323, .T. ) ;
#5670 = DIRECTION ( 'NONE',  ( 0.000000000000000000, -1.000000000000000000, 0.000000000000000000 ) ) ;
#5671 = ORIENTED_EDGE ( 'NONE', *, *, #3825, .T. ) ;
#5672 = CARTESIAN_POINT ( 'NONE',  ( 0.002016701440000029984, 0.0003999999999999240166, -0.001750000000000109975 ) ) ;
#5673 = CARTESIAN_POINT ( 'NONE',  ( -0.003842800000000579780, -5.720000000000000122E-05, -0.001425999999999880054 ) ) ;
#5674 = EDGE_LOOP ( 'NONE', ( #4153, #95, #3285, #4670 ) ) ;
#5675 = APPLICATION_PROTOCOL_DEFINITION ( 'draft international standard', 'automotive_design', 1998, #3677 ) ;
#5676 = DIRECTION ( 'NONE',  ( 0.000000000000000000, 1.000000000000000000, 0.000000000000000000 ) ) ;
#5677 = CARTESIAN_POINT ( 'NONE',  ( 0.004250000000000780931, -0.001902204961905713289, 0.0007396232368757817014 ) ) ;
#5678 = ORIENTED_EDGE ( 'NONE', *, *, #2062, .F. ) ;
#5679 = FACE_OUTER_BOUND ( 'NONE', #5719, .T. ) ;
#5680 = ORIENTED_EDGE ( 'NONE', *, *, #1489, .F. ) ;
#5681 = CYLINDRICAL_SURFACE ( 'NONE', #4053, 5.719999999999987247E-05 ) ;
#5682 = DIRECTION ( 'NONE',  ( 0.000000000000000000, 0.000000000000000000, -1.000000000000000000 ) ) ;
#5683 = EDGE_CURVE ( 'NONE', #5881, #2128, #189, .T. ) ;
#5684 = ORIENTED_EDGE ( 'NONE', *, *, #612, .T. ) ;
#5685 = ORIENTED_EDGE ( 'NONE', *, *, #125, .T. ) ;
#5686 = EDGE_CURVE ( 'NONE', #5213, #746, #5422, .T. ) ;
#5687 = DIRECTION ( 'NONE',  ( 1.000000000000000000, 0.000000000000000000, 0.000000000000000000 ) ) ;
#5688 = EDGE_CURVE ( 'NONE', #401, #1800, #4957, .T. ) ;
#5689 = SURFACE_STYLE_FILL_AREA ( #5186 ) ;
#5690 = ORIENTED_EDGE ( 'NONE', *, *, #3019, .T. ) ;
#5691 = LINE ( 'NONE', #6156, #3456 ) ;
#5692 = CARTESIAN_POINT ( 'NONE',  ( 0.004300000000000580268, -5.720000000000000122E-05, -0.001425999999999880054 ) ) ;
#5693 = DIRECTION ( 'NONE',  ( -0.000000000000000000, 0.3043458825695970482, 0.9525615905351911827 ) ) ;
#5694 = ORIENTED_EDGE ( 'NONE', *, *, #1037, .T. ) ;
#5695 = EDGE_CURVE ( 'NONE', #5119, #3664, #6412, .T. ) ;
#5696 = ORIENTED_EDGE ( 'NONE', *, *, #267, .T. ) ;
#5697 = CARTESIAN_POINT ( 'NONE',  ( 0.004250000000000780064, -0.001502020030686210044, 0.0007951504829813500113 ) ) ;
#5698 = VECTOR ( 'NONE', #2223, 1.000000000000000000 ) ;
#5699 = CARTESIAN_POINT ( 'NONE',  ( 0.004300000000000580268, -0.001565121216412220006, 0.001095839500370210037 ) ) ;
#5700 = CARTESIAN_POINT ( 'NONE',  ( -0.003442799999999639812, -0.004049999999999039611, 0.001211539816339700024 ) ) ;
#5701 = DIRECTION ( 'NONE',  ( -1.000000000000000000, 0.000000000000000000, 0.000000000000000000 ) ) ;
#5702 = EDGE_CURVE ( 'NONE', #5283, #5590, #251, .T. ) ;
#5703 = AXIS2_PLACEMENT_3D ( 'NONE', #5563, #3615, #6599 ) ;
#5704 = ORIENTED_EDGE ( 'NONE', *, *, #36, .F. ) ;
#5705 = ORIENTED_EDGE ( 'NONE', *, *, #5820, .F. ) ;
#5706 = DIRECTION ( 'NONE',  ( 1.000000000000000000, 0.000000000000000000, 0.000000000000000000 ) ) ;
#5707 = CARTESIAN_POINT ( 'NONE',  ( 0.004250000000000780931, -0.002730525340157722875, 0.001116749406600303770 ) ) ;
#5708 = VERTEX_POINT ( 'NONE', #1799 ) ;
#5709 = APPLICATION_PROTOCOL_DEFINITION ( 'draft international standard', 'automotive_design', 1998, #5990 ) ;
#5710 = CARTESIAN_POINT ( 'NONE',  ( 0.004300000000000580268, -0.002872783881126359656, 0.0002622406176757039972 ) ) ;
#5711 = CARTESIAN_POINT ( 'NONE',  ( 0.004250000000000780064, -0.003073633944871199605, 0.0004302174881622359941 ) ) ;
#5712 = LINE ( 'NONE', #4640, #4807 ) ;
#5713 = ORIENTED_EDGE ( 'NONE', *, *, #3355, .F. ) ;
#5714 = CARTESIAN_POINT ( 'NONE',  ( 0.004250000000000780064, -0.002091113198820100053, 0.0003651624846037199840 ) ) ;
#5715 = ORIENTED_EDGE ( 'NONE', *, *, #2134, .T. ) ;
#5716 = PLANE ( 'NONE',  #3627 ) ;
#5717 = CARTESIAN_POINT ( 'NONE',  ( 0.004300000000000580268, -0.002585134369195139954, -0.0001197726584530100027 ) ) ;
#5718 = VERTEX_POINT ( 'NONE', #4899 ) ;
#5719 = EDGE_LOOP ( 'NONE', ( #337, #4974, #2930, #4558 ) ) ;
#5720 = EDGE_LOOP ( 'NONE', ( #4724, #2280, #1218, #5794 ) ) ;
#5721 = DIRECTION ( 'NONE',  ( -1.000000000000000000, 0.000000000000000000, 0.000000000000000000 ) ) ;
#5722 = DIRECTION ( 'NONE',  ( 1.000000000000000000, 0.000000000000000000, 0.000000000000000000 ) ) ;
#5723 = EDGE_CURVE ( 'NONE', #2029, #436, #318, .T. ) ;
#5724 = DIRECTION ( 'NONE',  ( -0.7071067811865475727, -0.7071067811865475727, 0.000000000000000000 ) ) ;
#5725 = DIRECTION ( 'NONE',  ( -1.000000000000000000, 0.000000000000000000, 0.000000000000000000 ) ) ;
#5726 = VECTOR ( 'NONE', #1100, 1.000000000000000000 ) ;
#5727 = DIRECTION ( 'NONE',  ( 0.000000000000000000, 0.000000000000000000, -1.000000000000000000 ) ) ;
#5728 = ORIENTED_EDGE ( 'NONE', *, *, #6097, .F. ) ;
#5729 = ORIENTED_EDGE ( 'NONE', *, *, #4175, .T. ) ;
#5730 = PLANE ( 'NONE',  #5337 ) ;
#5731 = EDGE_CURVE ( 'NONE', #3793, #4756, #1921, .T. ) ;
#5732 = VECTOR ( 'NONE', #2863, 1.000000000000000000 ) ;
#5733 = CARTESIAN_POINT ( 'NONE',  ( 0.004250000000000780064, -0.001589135844261960022, 0.0004012502786349980179 ) ) ;
#5734 = CARTESIAN_POINT ( 'NONE',  ( 0.004300000000000580268, -0.001981049641213599929, 0.0003428127497066320176 ) ) ;
#5735 = DIRECTION ( 'NONE',  ( 0.000000000000000000, 0.000000000000000000, -1.000000000000000000 ) ) ;
#5736 = EDGE_CURVE ( 'NONE', #4249, #199, #5066, .T. ) ;
#5737 = CIRCLE ( 'NONE', #5314, 0.0003999999999999238540 ) ;
#5738 = LINE ( 'NONE', #2767, #5122 ) ;
#5739 = VECTOR ( 'NONE', #867, 1.000000000000000000 ) ;
#5740 = ORIENTED_EDGE ( 'NONE', *, *, #2896, .F. ) ;
#5741 = VERTEX_POINT ( 'NONE', #1405 ) ;
#5742 = CARTESIAN_POINT ( 'NONE',  ( 0.004300000000000580268, -0.004300000000000580268, -0.0008400108938549639796 ) ) ;
#5743 = PLANE ( 'NONE',  #5631 ) ;
#5744 = EDGE_CURVE ( 'NONE', #4195, #4601, #4022, .T. ) ;
#5745 = ORIENTED_EDGE ( 'NONE', *, *, #6460, .T. ) ;
#5746 = FILL_AREA_STYLE ('',( #3472 ) ) ;
#5747 = CYLINDRICAL_SURFACE ( 'NONE', #2533, 5.000000000000316691E-05 ) ;
#5748 = SURFACE_SIDE_STYLE ('',( #5781 ) ) ;
#5749 = CARTESIAN_POINT ( 'NONE',  ( 0.004300000000000581135, -0.002293153523872622831, -1.672542806569524765E-06 ) ) ;
#5750 = EDGE_LOOP ( 'NONE', ( #3863, #2601, #302, #2580 ) ) ;
#5751 = CARTESIAN_POINT ( 'NONE',  ( 0.004300000000000580268, -0.002537031668608759859, 0.0008685324681317419058 ) ) ;
#5752 = LINE ( 'NONE', #4237, #2460 ) ;
#5753 = LINE ( 'NONE', #669, #5096 ) ;
#5754 = ORIENTED_EDGE ( 'NONE', *, *, #3153, .T. ) ;
#5755 = ORIENTED_EDGE ( 'NONE', *, *, #414, .T. ) ;
#5756 = CARTESIAN_POINT ( 'NONE',  ( 0.004250000000000780064, -0.002453766566748139758, -0.0001377379421663130113 ) ) ;
#5757 = FACE_OUTER_BOUND ( 'NONE', #4799, .T. ) ;
#5758 = VECTOR ( 'NONE', #5338, 1.000000000000000000 ) ;
#5759 = LINE ( 'NONE', #168, #2922 ) ;
#5760 = DIRECTION ( 'NONE',  ( 0.000000000000000000, -1.734723475976697285E-14, -1.000000000000000000 ) ) ;
#5761 = DIRECTION ( 'NONE',  ( 0.000000000000000000, -0.3043458825695966596, -0.9525615905351910717 ) ) ;
#5762 = EDGE_CURVE ( 'NONE', #2970, #5708, #4528, .T. ) ;
#5763 = STYLED_ITEM ( 'NONE', ( #455 ), #2423 ) ;
#5764 = ORIENTED_EDGE ( 'NONE', *, *, #5702, .F. ) ;
#5765 = VERTEX_POINT ( 'NONE', #2462 ) ;
#5766 = DIRECTION ( 'NONE',  ( 1.000000000000000000, 0.000000000000000000, 0.000000000000000000 ) ) ;
#5767 = CARTESIAN_POINT ( 'NONE',  ( 0.004300000000000580268, -0.001622198150964750075, 0.001187866395155020129 ) ) ;
#5768 = AXIS2_PLACEMENT_3D ( 'NONE', #2009, #4034, #6087 ) ;
#5769 = DIRECTION ( 'NONE',  ( 0.000000000000000000, -1.000000000000000000, 0.000000000000000000 ) ) ;
#5770 = EDGE_CURVE ( 'NONE', #5309, #3428, #5602, .T. ) ;
#5771 = EDGE_CURVE ( 'NONE', #1813, #3869, #4966, .T. ) ;
#5772 = CARTESIAN_POINT ( 'NONE',  ( 0.004300000000000580268, -0.002287153523145022196, 0.001022497689946426412 ) ) ;
#5773 = EDGE_CURVE ( 'NONE', #4304, #2284, #4784, .T. ) ;
#5774 = EDGE_LOOP ( 'NONE', ( #2926, #6183, #2446, #2344 ) ) ;
#5775 = CARTESIAN_POINT ( 'NONE',  ( 0.004300000000000580268, -0.002293153523872500099, -1.672542806569879884E-06 ) ) ;
#5776 = ORIENTED_EDGE ( 'NONE', *, *, #165, .T. ) ;
#5777 = DIRECTION ( 'NONE',  ( 1.000000000000000000, 0.000000000000000000, 0.000000000000000000 ) ) ;
#5778 = ORIENTED_EDGE ( 'NONE', *, *, #973, .F. ) ;
#5779 =( LENGTH_UNIT ( ) NAMED_UNIT ( * ) SI_UNIT ( $, .METRE. ) );
#5780 = CARTESIAN_POINT ( 'NONE',  ( 0.004250000000000780064, -0.002660958840256079719, -9.078110309259959892E-05 ) ) ;
#5781 = SURFACE_STYLE_FILL_AREA ( #3738 ) ;
#5782 = CARTESIAN_POINT ( 'NONE',  ( -0.003899999999999639866, -0.004300000000000580268, -0.0004572000000000000001 ) ) ;
#5783 = ADVANCED_FACE ( 'NONE', ( #6074 ), #6475, .F. ) ;
#5784 = FACE_OUTER_BOUND ( 'NONE', #5674, .T. ) ;
#5785 = FACE_OUTER_BOUND ( 'NONE', #1807, .T. ) ;
#5786 = CARTESIAN_POINT ( 'NONE',  ( -0.004300000000000580268, -5.720000000000000122E-05, 0.001425999999999880054 ) ) ;
#5787 = ORIENTED_EDGE ( 'NONE', *, *, #5116, .T. ) ;
#5788 = VERTEX_POINT ( 'NONE', #1502 ) ;
#5789 = DIRECTION ( 'NONE',  ( 0.000000000000000000, 0.000000000000000000, 1.000000000000000000 ) ) ;
#5790 = CARTESIAN_POINT ( 'NONE',  ( -0.003899999999999639866, -0.004300000000000580268, -0.0004590108938549639886 ) ) ;
#5791 = ORIENTED_EDGE ( 'NONE', *, *, #2635, .F. ) ;
#5792 = CARTESIAN_POINT ( 'NONE',  ( 0.004250000000000780064, -0.002710153523873120099, 0.0005091028540289840257 ) ) ;
#5793 = ORIENTED_EDGE ( 'NONE', *, *, #1122, .F. ) ;
#5794 = ORIENTED_EDGE ( 'NONE', *, *, #5246, .F. ) ;
#5795 = CARTESIAN_POINT ( 'NONE',  ( 0.004250000000000780064, -0.002091113198820100053, 0.0003651624846037199840 ) ) ;
#5796 = CARTESIAN_POINT ( 'NONE',  ( 0.004250000000000780064, -0.002302355070649595402, 0.0001321177497968866431 ) ) ;
#5797 = CARTESIAN_POINT ( 'NONE',  ( 0.004300000000000580268, -0.001514632270944029930, 0.0009294129136990300763 ) ) ;
#5798 = PLANE ( 'NONE',  #5822 ) ;
#5799 = DIRECTION ( 'NONE',  ( -1.000000000000000000, 0.000000000000000000, 0.000000000000000000 ) ) ;
#5800 = VECTOR ( 'NONE', #3145, 1.000000000000000000 ) ;
#5801 = ORIENTED_EDGE ( 'NONE', *, *, #5904, .T. ) ;
#5802 = CARTESIAN_POINT ( 'NONE',  ( -0.004300000000000580268, -0.0003999999999999240166, 0.001425999999999880054 ) ) ;
#5803 = EDGE_CURVE ( 'NONE', #2170, #401, #3987, .T. ) ;
#5804 = CARTESIAN_POINT ( 'NONE',  ( 0.002890000000001140355, -0.002779999999999039750, 0.002150000000000039900 ) ) ;
#5805 =( NAMED_UNIT ( * ) SI_UNIT ( $, .STERADIAN. ) SOLID_ANGLE_UNIT ( ) );
#5806 = ORIENTED_EDGE ( 'NONE', *, *, #575, .T. ) ;
#5807 =( LENGTH_UNIT ( ) NAMED_UNIT ( * ) SI_UNIT ( $, .METRE. ) );
#5808 = LINE ( 'NONE', #1210, #287 ) ;
#5809 = PLANE ( 'NONE',  #2112 ) ;
#5810 = AXIS2_PLACEMENT_3D ( 'NONE', #3622, #5065, #1095 ) ;
#5811 = CARTESIAN_POINT ( 'NONE',  ( 0.004250000000000780064, -0.002293153523872622831, -1.672542806569524765E-06 ) ) ;
#5812 = FACE_OUTER_BOUND ( 'NONE', #5356, .T. ) ;
#5813 = VERTEX_POINT ( 'NONE', #1959 ) ;
#5814 = ORIENTED_EDGE ( 'NONE', *, *, #5032, .F. ) ;
#5815 = FILL_AREA_STYLE_COLOUR ( '', #2945 ) ;
#5816 = CIRCLE ( 'NONE', #4099, 0.0002499999999999910063 ) ;
#5817 = CARTESIAN_POINT ( 'NONE',  ( -0.002890000000001140355, -0.003600000000000839941, -0.001649999999999999991 ) ) ;
#5818 = VERTEX_POINT ( 'NONE', #2397 ) ;
#5819 = ORIENTED_EDGE ( 'NONE', *, *, #4252, .T. ) ;
#5820 = EDGE_CURVE ( 'NONE', #4304, #3793, #994, .T. ) ;
#5821 = CARTESIAN_POINT ( 'NONE',  ( -0.003842800000000579780, -0.0001999999999999869992, 0.001950000000000069950 ) ) ;
#5822 = AXIS2_PLACEMENT_3D ( 'NONE', #3290, #3856, #1860 ) ;
#5823 = ORIENTED_EDGE ( 'NONE', *, *, #1983, .F. ) ;
#5824 = CARTESIAN_POINT ( 'NONE',  ( 0.004250000000000780064, -0.002139355179479459843, -0.0008729765713458800293 ) ) ;
#5825 = ORIENTED_EDGE ( 'NONE', *, *, #3105, .F. ) ;
#5826 = ADVANCED_FACE ( 'NONE', ( #3459 ), #2825, .T. ) ;
#5827 = CARTESIAN_POINT ( 'NONE',  ( -0.003842800000000579780, -5.720000000000000122E-05, 0.001425999999999880054 ) ) ;
#5828 = DIRECTION ( 'NONE',  ( 0.000000000000000000, 1.000000000000000000, 0.000000000000000000 ) ) ;
#5829 = CARTESIAN_POINT ( 'NONE',  ( 0.004250000000000780064, -0.002616966858176720308, 0.001522054199606369959 ) ) ;
#5830 = LINE ( 'NONE', #6309, #475 ) ;
#5831 = LINE ( 'NONE', #1267, #3254 ) ;
#5832 = CARTESIAN_POINT ( 'NONE',  ( 0.004300000000000580268, -0.001857120314570860327, 0.0009310814867042823979 ) ) ;
#5833 = AXIS2_PLACEMENT_3D ( 'NONE', #5933, #3360, #3860 ) ;
#5834 = ORIENTED_EDGE ( 'NONE', *, *, #4822, .T. ) ;
#5835 = ORIENTED_EDGE ( 'NONE', *, *, #376, .T. ) ;
#5836 = B_SPLINE_CURVE_WITH_KNOTS ( 'NONE', 3,
 ( #3053, #2091, #3652, #1700, #2164, #5301, #3222, #6275, #2197, #3289, #241, #5231, #2798, #4825, #5767, #5699, #1128, #5797, #4216, #723, #2294, #5335, #6338, #4693, #2765, #758, #3725, #214, #3151, #1759, #5734 ),
 .UNSPECIFIED., .F., .F.,
 ( 4, 1, 1, 1, 1, 1, 1, 1, 1, 1, 1, 1, 1, 1, 1, 1, 1, 1, 1, 1, 1, 1, 1, 1, 1, 1, 1, 1, 4 ),
 ( 0.000000000000000000, 0.09016535231071999557, 0.1803307046213999953, 0.2254133807768000097, 0.2704960569321999686, 0.3155787330875000074, 0.3381200711652000424, 0.3606614092428999663, 0.3825116549448999703, 0.4043619006468999744, 0.4480623920507999514, 0.4917628834547999594, 0.5354633748588000230, 0.5791638662628000311, 0.6228643576667000081, 0.6447146033687000122, 0.6665648490707000162, 0.6884150947727000203, 0.6993402176237000223, 0.7102653404746999133, 0.7283737566949999298, 0.7464821729152999463, 0.7645905891356999939, 0.7826990053560000105, 0.8189158377967000746, 0.8551326702372999966, 0.8913495026779999497, 0.9275663351187000139, 1.000000000000000000 ),
 .UNSPECIFIED. ) ;
#5837 = ORIENTED_EDGE ( 'NONE', *, *, #5975, .F. ) ;
#5838 = DIRECTION ( 'NONE',  ( 1.000000000000000000, 0.000000000000000000, 0.000000000000000000 ) ) ;
#5839 = EDGE_LOOP ( 'NONE', ( #4649, #744, #5640, #5184 ) ) ;
#5840 = CARTESIAN_POINT ( 'NONE',  ( 0.001999999999999869937, 0.0003999999999999240166, -0.001099999999999920052 ) ) ;
#5841 = DIRECTION ( 'NONE',  ( -1.000000000000000000, 0.000000000000000000, 0.000000000000000000 ) ) ;
#5842 = ORIENTED_EDGE ( 'NONE', *, *, #1293, .T. ) ;
#5843 = VECTOR ( 'NONE', #4939, 1.000000000000000000 ) ;
#5844 = DIRECTION ( 'NONE',  ( 0.000000000000000000, 0.000000000000000000, 1.000000000000000000 ) ) ;
#5845 = PLANE ( 'NONE',  #5632 ) ;
#5846 = CARTESIAN_POINT ( 'NONE',  ( 0.004300000000000581135, -0.002230963770446320327, 1.462728233029200929E-05 ) ) ;
#5847 = EDGE_CURVE ( 'NONE', #1461, #3699, #4562, .T. ) ;
#5848 = VECTOR ( 'NONE', #201, 1.000000000000000000 ) ;
#5849 = DIRECTION ( 'NONE',  ( -1.000000000000000000, 0.000000000000000000, 0.000000000000000000 ) ) ;
#5850 = ORIENTED_EDGE ( 'NONE', *, *, #5397, .F. ) ;
#5851 = PLANE ( 'NONE',  #4484 ) ;
#5852 = CARTESIAN_POINT ( 'NONE',  ( 0.003842800000000579780, 0.000000000000000000, 0.001425999999999880054 ) ) ;
#5853 = ORIENTED_EDGE ( 'NONE', *, *, #4499, .F. ) ;
#5854 = ORIENTED_EDGE ( 'NONE', *, *, #2554, .T. ) ;
#5855 = CARTESIAN_POINT ( 'NONE',  ( -0.003842800000000579780, -0.003600000000000839941, -0.001700000000000059970 ) ) ;
#5856 = ADVANCED_FACE ( 'NONE', ( #5968 ), #6105, .T. ) ;
#5857 = CIRCLE ( 'NONE', #3920, 0.0004499999999999781952 ) ;
#5858 = DIRECTION ( 'NONE',  ( 0.000000000000000000, 0.000000000000000000, 1.000000000000000000 ) ) ;
#5859 = EDGE_CURVE ( 'NONE', #3055, #3655, #5979, .T. ) ;
#5860 = ORIENTED_EDGE ( 'NONE', *, *, #342, .T. ) ;
#5861 = PLANE ( 'NONE',  #1801 ) ;
#5862 = VECTOR ( 'NONE', #1181, 1.000000000000000000 ) ;
#5863 = LINE ( 'NONE', #1756, #4585 ) ;
#5864 = EDGE_CURVE ( 'NONE', #2831, #4461, #1064, .T. ) ;
#5865 = DIRECTION ( 'NONE',  ( 0.000000000000000000, 0.000000000000000000, 1.000000000000000000 ) ) ;
#5866 = CARTESIAN_POINT ( 'NONE',  ( 0.004300000000000579400, -0.002170777082181930134, 0.0003252935783768496052 ) ) ;
#5867 = CARTESIAN_POINT ( 'NONE',  ( 0.002890000000001140355, -0.002779999999999039750, -0.001750000000000109975 ) ) ;
#5868 = VECTOR ( 'NONE', #3319, 1.000000000000000000 ) ;
#5869 = CYLINDRICAL_SURFACE ( 'NONE', #978, 0.0004572000000000000543 ) ;
#5870 = ORIENTED_EDGE ( 'NONE', *, *, #4822, .F. ) ;
#5871 = CARTESIAN_POINT ( 'NONE',  ( -0.003442799999999639812, -0.004049999999999039611, -0.001211539816339700024 ) ) ;
#5872 = VECTOR ( 'NONE', #1356, 1.000000000000000000 ) ;
#5873 = VERTEX_POINT ( 'NONE', #3623 ) ;
#5874 = DIRECTION ( 'NONE',  ( -1.000000000000000000, 0.000000000000000000, 0.000000000000000000 ) ) ;
#5875 = ORIENTED_EDGE ( 'NONE', *, *, #2591, .T. ) ;
#5876 = DIRECTION ( 'NONE',  ( 0.000000000000000000, 0.000000000000000000, -1.000000000000000000 ) ) ;
#5877 = DIRECTION ( 'NONE',  ( 0.000000000000000000, 0.000000000000000000, 1.000000000000000000 ) ) ;
#5878 = VECTOR ( 'NONE', #4301, 1.000000000000000000 ) ;
#5879 = LINE ( 'NONE', #1712, #5942 ) ;
#5880 = VECTOR ( 'NONE', #2827, 1.000000000000000000 ) ;
#5881 = VERTEX_POINT ( 'NONE', #4184 ) ;
#5882 = ORIENTED_EDGE ( 'NONE', *, *, #429, .T. ) ;
#5883 = LINE ( 'NONE', #776, #1301 ) ;
#5884 = DIRECTION ( 'NONE',  ( 0.000000000000000000, 0.000000000000000000, 1.000000000000000000 ) ) ;
#5885 = EDGE_LOOP ( 'NONE', ( #6511, #695, #2882, #1979, #1413, #6448 ) ) ;
#5886 = CARTESIAN_POINT ( 'NONE',  ( 0.004250000000000780064, -0.002516253444455609882, 0.0004514923470089280007 ) ) ;
#5887 = VERTEX_POINT ( 'NONE', #4730 ) ;
#5888 = DIRECTION ( 'NONE',  ( -1.000000000000000000, 0.000000000000000000, 0.000000000000000000 ) ) ;
#5889 = CARTESIAN_POINT ( 'NONE',  ( 0.004300000000000580268, -0.003074038388006940237, 0.0002351886698734090200 ) ) ;
#5890 = ADVANCED_FACE ( 'NONE', ( #6276 ), #4597, .F. ) ;
#5891 = ORIENTED_EDGE ( 'NONE', *, *, #5529, .T. ) ;
#5892 = EDGE_CURVE ( 'NONE', #4776, #3671, #696, .T. ) ;
#5893 = CARTESIAN_POINT ( 'NONE',  ( 0.004250000000000780931, -0.002801530849195319958, 0.0005449392089245839402 ) ) ;
#5894 = CARTESIAN_POINT ( 'NONE',  ( -0.003899999999999639866, -0.004300000000000580268, 0.001221010893854959905 ) ) ;
#5895 = PLANE ( 'NONE',  #927 ) ;
#5896 = CARTESIAN_POINT ( 'NONE',  ( 0.004250000000000780931, -0.003075090730734404785, 0.001217445977458593391 ) ) ;
#5897 = CARTESIAN_POINT ( 'NONE',  ( 0.004250000000000779196, -0.002466887631423587968, 0.0003419275938955854415 ) ) ;
#5898 = ADVANCED_FACE ( 'NONE', ( #554 ), #2564, .F. ) ;
#5899 = CARTESIAN_POINT ( 'NONE',  ( 0.004250000000000780064, -0.002697148188278560184, -6.824093142591599324E-05 ) ) ;
#5900 = ORIENTED_EDGE ( 'NONE', *, *, #6630, .T. ) ;
#5901 = AXIS2_PLACEMENT_3D ( 'NONE', #3497, #4873, #288 ) ;
#5902 = FACE_OUTER_BOUND ( 'NONE', #508, .T. ) ;
#5903 = ORIENTED_EDGE ( 'NONE', *, *, #32, .T. ) ;
#5904 = EDGE_CURVE ( 'NONE', #1578, #146, #4945, .T. ) ;
#5905 = CARTESIAN_POINT ( 'NONE',  ( -0.001320000000000050083, -0.002200000000000090338, 0.002150000000000039900 ) ) ;
#5906 = PLANE ( 'NONE',  #1126 ) ;
#5907 = VERTEX_POINT ( 'NONE', #585 ) ;
#5908 = LINE ( 'NONE', #1802, #2759 ) ;
#5909 = ADVANCED_FACE ( 'NONE', ( #2126 ), #4694, .F. ) ;
#5910 = LINE ( 'NONE', #3961, #6570 ) ;
#5911 = B_SPLINE_CURVE_WITH_KNOTS ( 'NONE', 3,
 ( #6490, #2380, #3375, #979 ),
 .UNSPECIFIED., .F., .F.,
 ( 4, 4 ),
 ( 0.000000000000000000, 1.000000000000000000 ),
 .UNSPECIFIED. ) ;
#5912 = DIRECTION ( 'NONE',  ( 1.000000000000000000, 0.000000000000000000, 0.000000000000000000 ) ) ;
#5913 = ORIENTED_EDGE ( 'NONE', *, *, #6050, .T. ) ;
#5914 = CARTESIAN_POINT ( 'NONE',  ( 0.004250000000000780064, -0.002872783881127826365, 0.0002622406176757823850 ) ) ;
#5915 = DIRECTION ( 'NONE',  ( 0.000000000000000000, 0.7911943771733034314, -0.6115647615170026752 ) ) ;
#5916 = ORIENTED_EDGE ( 'NONE', *, *, #4122, .T. ) ;
#5917 = CARTESIAN_POINT ( 'NONE',  ( 0.004250000000000780064, -0.002516253444455609882, 0.0004514923470089280007 ) ) ;
#5918 = CIRCLE ( 'NONE', #4521, 0.0002499999999999911147 ) ;
#5919 = ORIENTED_EDGE ( 'NONE', *, *, #6188, .T. ) ;
#5920 = CARTESIAN_POINT ( 'NONE',  ( 0.004300000000000580268, -0.002315153523872669986, 0.0003546314634283140072 ) ) ;
#5921 = AXIS2_PLACEMENT_3D ( 'NONE', #797, #317, #2367 ) ;
#5922 = CARTESIAN_POINT ( 'NONE',  ( 0.004300000000000580268, -0.002091113198820100053, 0.0007779833363192680028 ) ) ;
#5923 = ORIENTED_EDGE ( 'NONE', *, *, #5234, .F. ) ;
#5924 = CIRCLE ( 'NONE', #3038, 0.0003047999999999998736 ) ;
#5925 = CARTESIAN_POINT ( 'NONE',  ( 0.004250000000000780064, -0.002854962039752079617, 0.0001270209685082529939 ) ) ;
#5926 = EDGE_CURVE ( 'NONE', #105, #6244, #1634, .T. ) ;
#5927 = CARTESIAN_POINT ( 'NONE',  ( -0.003842800000000579780, 0.0003999999999999240166, 0.001750000000000109975 ) ) ;
#5928 = CARTESIAN_POINT ( 'NONE',  ( 0.004300000000000578533, -0.003073877937189918152, 0.001081258233222992656 ) ) ;
#5929 = DIRECTION ( 'NONE',  ( 0.000000000000000000, -1.000000000000000000, 0.000000000000000000 ) ) ;
#5930 = LINE ( 'NONE', #3828, #4698 ) ;
#5931 = EDGE_CURVE ( 'NONE', #4195, #741, #4660, .T. ) ;
#5932 = VECTOR ( 'NONE', #558, 1.000000000000000000 ) ;
#5933 = CARTESIAN_POINT ( 'NONE',  ( 0.002016701440000029984, -0.003650000000000640146, -0.005978539816340699628 ) ) ;
#5934 = EDGE_CURVE ( 'NONE', #849, #431, #4414, .T. ) ;
#5935 = CARTESIAN_POINT ( 'NONE',  ( 0.004300000000000580268, -0.002700647792861759783, 0.0002323153215133859839 ) ) ;
#5936 = DIRECTION ( 'NONE',  ( -1.000000000000000000, 0.000000000000000000, 0.000000000000000000 ) ) ;
#5937 = ORIENTED_EDGE ( 'NONE', *, *, #594, .T. ) ;
#5938 = DIRECTION ( 'NONE',  ( -1.000000000000000000, 0.000000000000000000, 0.000000000000000000 ) ) ;
#5939 = VECTOR ( 'NONE', #5134, 1.000000000000000000 ) ;
#5940 = CARTESIAN_POINT ( 'NONE',  ( -0.003842800000000579780, -0.003600000000000839941, -0.001700000000000059970 ) ) ;
#5941 = VERTEX_POINT ( 'NONE', #4090 ) ;
#5942 = VECTOR ( 'NONE', #3235, 1.000000000000000000 ) ;
#5943 = LINE ( 'NONE', #1379, #3414 ) ;
#5944 = FACE_OUTER_BOUND ( 'NONE', #5536, .T. ) ;
#5945 = ADVANCED_FACE ( 'NONE', ( #1129 ), #5103, .F. ) ;
#5946 = DIRECTION ( 'NONE',  ( 0.000000000000000000, -1.000000000000000000, 0.000000000000000000 ) ) ;
#5947 = AXIS2_PLACEMENT_3D ( 'NONE', #4568, #2538, #3062 ) ;
#5948 = VERTEX_POINT ( 'NONE', #521 ) ;
#5949 = CARTESIAN_POINT ( 'NONE',  ( 0.004300000000000580268, -0.002139355179479459843, -0.0008370945041218419598 ) ) ;
#5950 = VECTOR ( 'NONE', #2104, 1.000000000000000222 ) ;
#5951 = ORIENTED_EDGE ( 'NONE', *, *, #3941, .T. ) ;
#5952 = DIRECTION ( 'NONE',  ( 0.000000000000000000, 0.000000000000000000, 1.000000000000000000 ) ) ;
#5953 = VECTOR ( 'NONE', #1798, 1.000000000000000000 ) ;
#5954 = ORIENTED_EDGE ( 'NONE', *, *, #5736, .T. ) ;
#5955 = AXIS2_PLACEMENT_3D ( 'NONE', #1660, #3684, #5727 ) ;
#5956 = DIRECTION ( 'NONE',  ( 0.000000000000000000, -1.000000000000000000, 0.000000000000000000 ) ) ;
#5957 = AXIS2_PLACEMENT_3D ( 'NONE', #1253, #1722, #1815 ) ;
#5958 = ORIENTED_EDGE ( 'NONE', *, *, #2469, .T. ) ;
#5959 = VECTOR ( 'NONE', #1693, 1.000000000000000000 ) ;
#5960 = CARTESIAN_POINT ( 'NONE',  ( 0.004250000000000780064, -0.003073877937190347496, 0.001081258233165693222 ) ) ;
#5961 = PLANE ( 'NONE',  #2355 ) ;
#5962 = CARTESIAN_POINT ( 'NONE',  ( 0.004250000000000780931, -0.001714645244342229927, 0.001271506109511520016 ) ) ;
#5963 = FACE_OUTER_BOUND ( 'NONE', #4682, .T. ) ;
#5964 = FACE_OUTER_BOUND ( 'NONE', #1446, .T. ) ;
#5965 = VERTEX_POINT ( 'NONE', #2165 ) ;
#5966 = DIRECTION ( 'NONE',  ( 1.000000000000000000, 0.000000000000000000, 0.000000000000000000 ) ) ;
#5967 = CARTESIAN_POINT ( 'NONE',  ( 0.004300000000000580268, -0.002738330260681840021, 0.0002758313689897020022 ) ) ;
#5968 = FACE_OUTER_BOUND ( 'NONE', #364, .T. ) ;
#5969 = VECTOR ( 'NONE', #4185, 1.000000000000000000 ) ;
#5970 = EDGE_CURVE ( 'NONE', #2834, #5399, #1166, .T. ) ;
#5971 = ADVANCED_FACE ( 'NONE', ( #3889 ), #2295, .F. ) ;
#5972 = ORIENTED_EDGE ( 'NONE', *, *, #5683, .T. ) ;
#5973 = LINE ( 'NONE', #3426, #6168 ) ;
#5974 = DIRECTION ( 'NONE',  ( 0.000000000000000000, -1.000000000000000000, 0.000000000000000000 ) ) ;
#5975 = EDGE_CURVE ( 'NONE', #3473, #6236, #687, .T. ) ;
#5976 = ORIENTED_EDGE ( 'NONE', *, *, #1871, .F. ) ;
#5977 = AXIS2_PLACEMENT_3D ( 'NONE', #175, #787, #5828 ) ;
#5978 = DIRECTION ( 'NONE',  ( 1.000000000000000000, 0.000000000000000000, 0.000000000000000000 ) ) ;
#5979 = B_SPLINE_CURVE_WITH_KNOTS ( 'NONE', 3,
 ( #6142, #3119, #4152, #2198, #1565, #6209, #3588, #2597, #654, #6176, #4217, #2698, #5166, #3089, #2092 ),
 .UNSPECIFIED., .F., .F.,
 ( 4, 1, 1, 1, 1, 1, 1, 1, 1, 1, 1, 1, 4 ),
 ( 0.000000000000000000, 0.1427057788606999889, 0.2854115577213999777, 0.3567644471516999705, 0.4281173365820000187, 0.4994702260124000426, 0.5351466707276000268, 0.5708231154427000353, 0.6244702260123999871, 0.6781173365821000498, 0.7854115577214000332, 0.8927057788606999056, 1.000000000000000000 ),
 .UNSPECIFIED. ) ;
#5980 = LINE ( 'NONE', #4908, #55 ) ;
#5981 = CARTESIAN_POINT ( 'NONE',  ( 0.004300000000000580268, -0.002691877937190939943, -0.0003057567717387259481 ) ) ;
#5982 = ORIENTED_EDGE ( 'NONE', *, *, #5116, .F. ) ;
#5983 = DIRECTION ( 'NONE',  ( 0.000000000000000000, 0.000000000000000000, -1.000000000000000000 ) ) ;
#5984 = ORIENTED_EDGE ( 'NONE', *, *, #2059, .F. ) ;
#5985 = CIRCLE ( 'NONE', #1927, 0.0004499999999999777615 ) ;
#5986 = CARTESIAN_POINT ( 'NONE',  ( 0.004300000000000580268, -0.002395886844931990108, 0.0003710368053615320104 ) ) ;
#5987 = EDGE_CURVE ( 'NONE', #4804, #1932, #5924, .T. ) ;
#5988 = ORIENTED_EDGE ( 'NONE', *, *, #3, .T. ) ;
#5989 = FACE_BOUND ( 'NONE', #6587, .T. ) ;
#5990 = APPLICATION_CONTEXT ( 'automotive_design' ) ;
#5991 = VERTEX_POINT ( 'NONE', #3257 ) ;
#5992 = CARTESIAN_POINT ( 'NONE',  ( 0.004300000000000581135, -0.002092433367482529963, -8.440279278838719388E-05 ) ) ;
#5993 = DIRECTION ( 'NONE',  ( 0.000000000000000000, -1.000000000000000000, 0.000000000000000000 ) ) ;
#5994 = DIRECTION ( 'NONE',  ( -1.000000000000000000, 0.000000000000000000, 0.000000000000000000 ) ) ;
#5995 = CARTESIAN_POINT ( 'NONE',  ( 0.004250000000000780064, -0.002691877937190939943, -0.0003057567717387259481 ) ) ;
#5996 = CARTESIAN_POINT ( 'NONE',  ( -0.004300000000000580268, -0.006031911562518000106, 0.0005638519319878100393 ) ) ;
#5997 = PLANE ( 'NONE',  #3409 ) ;
#5998 = DIRECTION ( 'NONE',  ( -1.000000000000000000, 0.000000000000000000, 0.000000000000000000 ) ) ;
#5999 = CARTESIAN_POINT ( 'NONE',  ( 0.004250000000000780064, -0.002228147234490370030, -0.001183882132549520004 ) ) ;
#6000 = CARTESIAN_POINT ( 'NONE',  ( 0.004300000000000580268, -0.002773476032876819736, 0.0005368136140442339964 ) ) ;
#6001 = ORIENTED_EDGE ( 'NONE', *, *, #3780, .T. ) ;
#6002 = DIRECTION ( 'NONE',  ( 0.000000000000000000, 1.000000000000000000, 0.000000000000000000 ) ) ;
#6003 = PRESENTATION_LAYER_ASSIGNMENT (  '', '', ( #15 ) ) ;
#6004 = CARTESIAN_POINT ( 'NONE',  ( -0.001750000000000109975, -0.006850000000000540552, 0.0001500000000000099886 ) ) ;
#6005 = UNCERTAINTY_MEASURE_WITH_UNIT (LENGTH_MEASURE( 1.000000000000000082E-05 ), #4151, 'distance_accuracy_value', 'NONE');
#6006 = EDGE_CURVE ( 'NONE', #1051, #401, #724, .T. ) ;
#6007 = DIRECTION ( 'NONE',  ( 0.000000000000000000, 0.000000000000000000, 1.000000000000000000 ) ) ;
#6008 = VERTEX_POINT ( 'NONE', #2732 ) ;
#6009 = CARTESIAN_POINT ( 'NONE',  ( -0.0006999999999999999929, -0.001000000000000060086, 0.002150000000000039900 ) ) ;
#6010 = CARTESIAN_POINT ( 'NONE',  ( 0.001999999999999869937, 0.004400000000000180676, -0.001000000000000060086 ) ) ;
#6011 = ORIENTED_EDGE ( 'NONE', *, *, #2309, .T. ) ;
#6012 = DIRECTION ( 'NONE',  ( 0.000000000000000000, 0.000000000000000000, 1.000000000000000000 ) ) ;
#6013 = ORIENTED_EDGE ( 'NONE', *, *, #5847, .T. ) ;
#6014 = CARTESIAN_POINT ( 'NONE',  ( 0.004300000000000580268, -0.002527153523872580163, 0.0003021361718557340117 ) ) ;
#6015 = ADVANCED_FACE ( 'NONE', ( #1300, #1731, #2857, #5264 ), #5798, .T. ) ;
#6016 = ORIENTED_EDGE ( 'NONE', *, *, #1208, .F. ) ;
#6017 = LINE ( 'NONE', #1389, #4695 ) ;
#6018 = CIRCLE ( 'NONE', #2070, 5.000000000000316691E-05 ) ;
#6019 = DIRECTION ( 'NONE',  ( 0.000000000000000000, -0.3043458825695967152, 0.9525615905351911827 ) ) ;
#6020 = ADVANCED_FACE ( 'NONE', ( #6435 ), #4627, .T. ) ;
#6021 = VERTEX_POINT ( 'NONE', #3790 ) ;
#6022 = CARTESIAN_POINT ( 'NONE',  ( 0.004300000000000580268, -0.002961108902513473300, 0.0006326347501575715600 ) ) ;
#6023 = VECTOR ( 'NONE', #5724, 1.000000000000000000 ) ;
#6024 = EDGE_CURVE ( 'NONE', #1856, #6008, #5831, .T. ) ;
#6025 = CARTESIAN_POINT ( 'NONE',  ( 0.003842800000000579780, -0.003600000000000839941, -0.001750000000000109975 ) ) ;
#6026 = EDGE_CURVE ( 'NONE', #1355, #4444, #3353, .T. ) ;
#6027 = AXIS2_PLACEMENT_3D ( 'NONE', #38, #5634, #2664 ) ;
#6028 = CARTESIAN_POINT ( 'NONE',  ( 0.003042800000001239912, -0.002779999999999039750, -0.002150000000000039900 ) ) ;
#6029 = PLANE ( 'NONE',  #469 ) ;
#6030 = FACE_OUTER_BOUND ( 'NONE', #4213, .T. ) ;
#6031 = DIRECTION ( 'NONE',  ( -1.000000000000000000, 0.000000000000000000, 0.000000000000000000 ) ) ;
#6032 = VECTOR ( 'NONE', #5974, 1.000000000000000000 ) ;
#6033 = ORIENTED_EDGE ( 'NONE', *, *, #3741, .F. ) ;
#6034 = DIRECTION ( 'NONE',  ( 0.000000000000000000, 0.09715275786380664358, 0.9952694819190711639 ) ) ;
#6035 = CARTESIAN_POINT ( 'NONE',  ( 0.004300000000000580268, -0.003073877937189919887, -0.001423554856704510119 ) ) ;
#6036 = CARTESIAN_POINT ( 'NONE',  ( 0.004300000000000579400, -0.002556605856158560269, 0.0003623003822010015034 ) ) ;
#6037 = ORIENTED_EDGE ( 'NONE', *, *, #4582, .F. ) ;
#6038 = LINE ( 'NONE', #2464, #610 ) ;
#6039 = PLANE ( 'NONE',  #5901 ) ;
#6040 = ORIENTED_EDGE ( 'NONE', *, *, #3041, .F. ) ;
#6041 = CARTESIAN_POINT ( 'NONE',  ( 0.004300000000000580268, -0.005799999999999659595, -0.0001620000000000120150 ) ) ;
#6042 = VERTEX_POINT ( 'NONE', #2328 ) ;
#6043 = FACE_OUTER_BOUND ( 'NONE', #4481, .T. ) ;
#6044 = ORIENTED_EDGE ( 'NONE', *, *, #3455, .F. ) ;
#6045 = CARTESIAN_POINT ( 'NONE',  ( -0.001320000000000050083, -0.001000000000000060086, 0.002150000000000039900 ) ) ;
#6046 = ORIENTED_EDGE ( 'NONE', *, *, #810, .T. ) ;
#6047 = CARTESIAN_POINT ( 'NONE',  ( 0.004300000000000580268, -0.003073877937189919887, 1.531311584405000063E-05 ) ) ;
#6048 = STYLED_ITEM ( 'NONE', ( #231 ), #3395 ) ;
#6049 = DIRECTION ( 'NONE',  ( 1.000000000000000000, 0.000000000000000000, 0.000000000000000000 ) ) ;
#6050 = EDGE_CURVE ( 'NONE', #1849, #614, #4962, .T. ) ;
#6051 = DIRECTION ( 'NONE',  ( 0.000000000000000000, 1.000000000000000000, 0.000000000000000000 ) ) ;
#6052 = CARTESIAN_POINT ( 'NONE',  ( 0.004300000000000579400, -0.002865980738198761410, 0.0001507792160871193902 ) ) ;
#6053 = ORIENTED_EDGE ( 'NONE', *, *, #3250, .F. ) ;
#6054 =( GEOMETRIC_REPRESENTATION_CONTEXT ( 3 ) GLOBAL_UNCERTAINTY_ASSIGNED_CONTEXT ( ( #3058 ) ) GLOBAL_UNIT_ASSIGNED_CONTEXT ( ( #2448, #3288, #5394 ) ) REPRESENTATION_CONTEXT ( 'NONE', 'WORKASPACE' ) );
#6055 = CARTESIAN_POINT ( 'NONE',  ( -0.003839999999999879968, -0.002779999999999039750, -0.001649999999999999991 ) ) ;
#6056 = VECTOR ( 'NONE', #3427, 1.000000000000000000 ) ;
#6057 = CARTESIAN_POINT ( 'NONE',  ( 0.004300000000000580268, -0.004300000000000580268, 0.002150000000000039900 ) ) ;
#6058 = EDGE_CURVE ( 'NONE', #3042, #1721, #4354, .T. ) ;
#6059 = VERTEX_POINT ( 'NONE', #1495 ) ;
#6060 = EDGE_CURVE ( 'NONE', #1486, #6471, #3518, .T. ) ;
#6061 = VECTOR ( 'NONE', #734, 1.000000000000000000 ) ;
#6062 = CARTESIAN_POINT ( 'NONE',  ( 0.004300000000000581135, -0.002123236955806649673, -0.0001582300252887959948 ) ) ;
#6063 = EDGE_CURVE ( 'NONE', #6128, #4816, #4416, .T. ) ;
#6064 = VECTOR ( 'NONE', #1975, 1.000000000000000000 ) ;
#6065 = DIRECTION ( 'NONE',  ( 0.000000000000000000, 0.000000000000000000, -1.000000000000000000 ) ) ;
#6066 = FACE_OUTER_BOUND ( 'NONE', #1696, .T. ) ;
#6067 = DIRECTION ( 'NONE',  ( 0.000000000000000000, 0.000000000000000000, 1.000000000000000000 ) ) ;
#6068 = ORIENTED_EDGE ( 'NONE', *, *, #5762, .T. ) ;
#6069 = B_SPLINE_CURVE_WITH_KNOTS ( 'NONE', 3,
 ( #4705, #5244, #5710, #2739 ),
 .UNSPECIFIED., .F., .F.,
 ( 4, 4 ),
 ( 0.000000000000000000, 1.000000000000000000 ),
 .UNSPECIFIED. ) ;
#6070 = CARTESIAN_POINT ( 'NONE',  ( 0.004250000000000780064, -0.003073877937189919887, 0.001081258233222920015 ) ) ;
#6071 = ADVANCED_FACE ( 'NONE', ( #5963 ), #4926, .F. ) ;
#6072 = FACE_OUTER_BOUND ( 'NONE', #2471, .T. ) ;
#6073 = CARTESIAN_POINT ( 'NONE',  ( 0.004099999999998840683, -0.005012984799252919767, 0.0005267976726110820294 ) ) ;
#6074 = FACE_OUTER_BOUND ( 'NONE', #1117, .T. ) ;
#6075 = ORIENTED_EDGE ( 'NONE', *, *, #4386, .T. ) ;
#6076 = DIRECTION ( 'NONE',  ( 0.000000000000000000, 0.000000000000000000, 1.000000000000000000 ) ) ;
#6077 = LINE ( 'NONE', #5009, #2252 ) ;
#6078 = AXIS2_PLACEMENT_3D ( 'NONE', #6447, #4334, #1438 ) ;
#6079 = ORIENTED_EDGE ( 'NONE', *, *, #4264, .F. ) ;
#6080 = DIRECTION ( 'NONE',  ( 0.000000000000000000, 0.000000000000000000, 1.000000000000000000 ) ) ;
#6081 = ORIENTED_EDGE ( 'NONE', *, *, #513, .T. ) ;
#6082 = CARTESIAN_POINT ( 'NONE',  ( 0.004250000000000780064, -0.002231372843089179762, 9.474841521579540260E-05 ) ) ;
#6083 = ORIENTED_EDGE ( 'NONE', *, *, #3886, .F. ) ;
#6084 = PLANE ( 'NONE',  #5597 ) ;
#6085 = CARTESIAN_POINT ( 'NONE',  ( -0.004300000000000580268, -5.720000000000000122E-05, 0.001425999999999880054 ) ) ;
#6086 = VECTOR ( 'NONE', #949, 1.000000000000000000 ) ;
#6087 = DIRECTION ( 'NONE',  ( 0.000000000000000000, -1.000000000000000000, 0.000000000000000000 ) ) ;
#6088 = VERTEX_POINT ( 'NONE', #1891 ) ;
#6089 = DIRECTION ( 'NONE',  ( -1.000000000000000000, 0.000000000000000000, 0.000000000000000000 ) ) ;
#6090 = DIRECTION ( 'NONE',  ( 0.000000000000000000, 0.2726541989863129900, -0.9621120973021449752 ) ) ;
#6091 = SURFACE_SIDE_STYLE ('',( #4893 ) ) ;
#6092 = VECTOR ( 'NONE', #2975, 1.000000000000000000 ) ;
#6093 = ORIENTED_EDGE ( 'NONE', *, *, #4551, .T. ) ;
#6094 = CARTESIAN_POINT ( 'NONE',  ( 0.004300000000000580268, -0.003071424110706110627, 0.0008057116713831985726 ) ) ;
#6095 = AXIS2_PLACEMENT_3D ( 'NONE', #4895, #1463, #5033 ) ;
#6096 = DIRECTION ( 'NONE',  ( 0.000000000000000000, 0.000000000000000000, 1.000000000000000000 ) ) ;
#6097 = EDGE_CURVE ( 'NONE', #4471, #4228, #640, .T. ) ;
#6098 = CARTESIAN_POINT ( 'NONE',  ( 0.004300000000000580268, -0.002288153523872519818, 0.0001303904331904180019 ) ) ;
#6099 = DIRECTION ( 'NONE',  ( -1.000000000000000000, 0.000000000000000000, 0.000000000000000000 ) ) ;
#6100 = EDGE_CURVE ( 'NONE', #3850, #5381, #5460, .T. ) ;
#6101 = DIRECTION ( 'NONE',  ( 0.000000000000000000, 0.000000000000000000, 1.000000000000000000 ) ) ;
#6102 = EDGE_LOOP ( 'NONE', ( #4940, #162, #4070, #3603 ) ) ;
#6103 = CARTESIAN_POINT ( 'NONE',  ( -0.003899999999999639866, -0.0003999999999999240166, 0.002150000000000039900 ) ) ;
#6104 = LINE ( 'NONE', #1534, #144 ) ;
#6105 = CYLINDRICAL_SURFACE ( 'NONE', #2615, 0.0002499999999999910063 ) ;
#6106 = ADVANCED_FACE ( 'NONE', ( #479 ), #6029, .T. ) ;
#6107 = ADVANCED_FACE ( 'NONE', ( #2421 ), #443, .T. ) ;
#6108 = VERTEX_POINT ( 'NONE', #3486 ) ;
#6109 = VERTEX_POINT ( 'NONE', #411 ) ;
#6110 = FACE_OUTER_BOUND ( 'NONE', #2650, .T. ) ;
#6111 = ORIENTED_EDGE ( 'NONE', *, *, #2493, .T. ) ;
#6112 = FACE_OUTER_BOUND ( 'NONE', #1727, .T. ) ;
#6113 = EDGE_CURVE ( 'NONE', #3812, #6225, #889, .T. ) ;
#6114 = VERTEX_POINT ( 'NONE', #2453 ) ;
#6115 = CARTESIAN_POINT ( 'NONE',  ( 0.003842800000000579780, -0.003650000000000640146, 0.001700000000000059970 ) ) ;
#6116 = ORIENTED_EDGE ( 'NONE', *, *, #4628, .F. ) ;
#6117 = PLANE ( 'NONE',  #4124 ) ;
#6118 = EDGE_CURVE ( 'NONE', #985, #5068, #4959, .T. ) ;
#6119 = VERTEX_POINT ( 'NONE', #1923 ) ;
#6120 = CARTESIAN_POINT ( 'NONE',  ( 0.003842800000000579780, -0.003650000000000640146, 0.001211539816339700024 ) ) ;
#6121 = DIRECTION ( 'NONE',  ( -1.000000000000000000, 0.000000000000000000, 0.000000000000000000 ) ) ;
#6122 = CARTESIAN_POINT ( 'NONE',  ( -0.002249999999999889675, -0.003600000000000839941, 0.0001500000000000099886 ) ) ;
#6123 = ORIENTED_EDGE ( 'NONE', *, *, #720, .T. ) ;
#6124 = CARTESIAN_POINT ( 'NONE',  ( 0.004250000000000779196, -0.002865980738198761410, 0.0001507792160871193902 ) ) ;
#6125 = EDGE_LOOP ( 'NONE', ( #5819, #4308, #3218, #4379 ) ) ;
#6126 = DIRECTION ( 'NONE',  ( -1.000000000000000000, 0.000000000000000000, 0.000000000000000000 ) ) ;
#6127 = DIRECTION ( 'NONE',  ( 1.000000000000000000, 0.000000000000000000, 0.000000000000000000 ) ) ;
#6128 = VERTEX_POINT ( 'NONE', #989 ) ;
#6129 = CARTESIAN_POINT ( 'NONE',  ( -0.003042800000001239912, -0.003600000000000839941, 0.001700000000000059970 ) ) ;
#6130 = VECTOR ( 'NONE', #2887, 1.000000000000000000 ) ;
#6131 = DIRECTION ( 'NONE',  ( 0.000000000000000000, 0.000000000000000000, 1.000000000000000000 ) ) ;
#6132 = CARTESIAN_POINT ( 'NONE',  ( 0.004300000000000578533, -0.001651457659363320075, 0.0003517152595627400110 ) ) ;
#6133 = CARTESIAN_POINT ( 'NONE',  ( 0.001000000000000060086, 0.000000000000000000, 0.001500000000000099995 ) ) ;
#6134 = VERTEX_POINT ( 'NONE', #3013 ) ;
#6135 = VECTOR ( 'NONE', #3716, 1.000000000000000000 ) ;
#6136 = FACE_OUTER_BOUND ( 'NONE', #2501, .T. ) ;
#6137 = EDGE_CURVE ( 'NONE', #1, #6128, #4014, .T. ) ;
#6138 = VECTOR ( 'NONE', #140, 1.000000000000000000 ) ;
#6139 = ORIENTED_EDGE ( 'NONE', *, *, #6437, .F. ) ;
#6140 = CARTESIAN_POINT ( 'NONE',  ( 0.004250000000000780064, -0.002873877937190719937, -0.0001593887805940390049 ) ) ;
#6141 = FACE_OUTER_BOUND ( 'NONE', #5268, .T. ) ;
#6142 = CARTESIAN_POINT ( 'NONE',  ( 0.004300000000000580268, -0.002085153523872569636, 3.612336017497920330E-05 ) ) ;
#6143 = EDGE_LOOP ( 'NONE', ( #1206, #1976, #1274, #2089 ) ) ;
#6144 = EDGE_CURVE ( 'NONE', #4050, #2770, #5429, .T. ) ;
#6145 = ORIENTED_EDGE ( 'NONE', *, *, #4086, .T. ) ;
#6146 = EDGE_CURVE ( 'NONE', #6150, #2786, #2522, .T. ) ;
#6147 = ORIENTED_EDGE ( 'NONE', *, *, #2304, .T. ) ;
#6148 = CARTESIAN_POINT ( 'NONE',  ( 0.001999999999999869937, 0.0003999999999999240166, 0.001099999999999920052 ) ) ;
#6149 = CARTESIAN_POINT ( 'NONE',  ( 0.004250000000000780064, -0.003000877937190719880, 5.256337194652819475E-05 ) ) ;
#6150 = VERTEX_POINT ( 'NONE', #5029 ) ;
#6151 = LINE ( 'NONE', #1573, #887 ) ;
#6152 = LINE ( 'NONE', #3099, #930 ) ;
#6153 = LINE ( 'NONE', #3132, #1080 ) ;
#6154 = EDGE_CURVE ( 'NONE', #879, #3496, #1755, .T. ) ;
#6155 = EDGE_LOOP ( 'NONE', ( #3833, #5825, #633, #5035 ) ) ;
#6156 = CARTESIAN_POINT ( 'NONE',  ( -0.001799999999999909962, -0.0005000000000000319944, -0.001500000000000099995 ) ) ;
#6157 = ORIENTED_EDGE ( 'NONE', *, *, #3744, .T. ) ;
#6158 = CARTESIAN_POINT ( 'NONE',  ( 0.004250000000000780931, -0.002387783423741408808, 5.429662822373636124E-05 ) ) ;
#6159 = CARTESIAN_POINT ( 'NONE',  ( 0.004250000000000780064, -0.002559294577925880047, 2.856663412099900284E-06 ) ) ;
#6160 = ORIENTED_EDGE ( 'NONE', *, *, #3563, .F. ) ;
#6161 = CARTESIAN_POINT ( 'NONE',  ( 0.004250000000000780064, -0.002730328986349140133, -0.0007218520780780720431 ) ) ;
#6162 = VECTOR ( 'NONE', #5036, 1.000000000000000000 ) ;
#6163 = ORIENTED_EDGE ( 'NONE', *, *, #6391, .T. ) ;
#6164 = FILL_AREA_STYLE_COLOUR ( '', #3624 ) ;
#6165 = CARTESIAN_POINT ( 'NONE',  ( 0.004250000000000780931, -0.001589135844261960022, 0.0004012502786349980179 ) ) ;
#6166 = CARTESIAN_POINT ( 'NONE',  ( 0.004300000000000580268, -0.002420132982887680285, 0.0004319739261898660051 ) ) ;
#6167 = VECTOR ( 'NONE', #2407, 1.000000000000000000 ) ;
#6168 = VECTOR ( 'NONE', #4497, 1.000000000000000000 ) ;
#6169 = CARTESIAN_POINT ( 'NONE',  ( 0.004250000000000780931, -0.003012608973733680012, 0.0005255994760008760513 ) ) ;
#6170 = AXIS2_PLACEMENT_3D ( 'NONE', #2286, #2719, #4851 ) ;
#6171 = ORIENTED_EDGE ( 'NONE', *, *, #3191, .F. ) ;
#6172 = ORIENTED_EDGE ( 'NONE', *, *, #2384, .F. ) ;
#6173 = VECTOR ( 'NONE', #550, 1.000000000000000000 ) ;
#6174 = FACE_OUTER_BOUND ( 'NONE', #6514, .T. ) ;
#6175 = LINE ( 'NONE', #4561, #4852 ) ;
#6176 = CARTESIAN_POINT ( 'NONE',  ( 0.004300000000000580268, -0.002349717375593700103, -0.0002046117978268939834 ) ) ;
#6177 = ORIENTED_EDGE ( 'NONE', *, *, #4292, .F. ) ;
#6178 = B_SPLINE_CURVE_WITH_KNOTS ( 'NONE', 3,
 ( #1939, #5474, #1477, #901 ),
 .UNSPECIFIED., .F., .F.,
 ( 4, 4 ),
 ( 0.000000000000000000, 1.000000000000000000 ),
 .UNSPECIFIED. ) ;
#6179 = ORIENTED_EDGE ( 'NONE', *, *, #2049, .T. ) ;
#6180 = ORIENTED_EDGE ( 'NONE', *, *, #5859, .T. ) ;
#6181 = EDGE_CURVE ( 'NONE', #4461, #581, #4519, .T. ) ;
#6182 = DIRECTION ( 'NONE',  ( -1.000000000000000000, 0.000000000000000000, 0.000000000000000000 ) ) ;
#6183 = ORIENTED_EDGE ( 'NONE', *, *, #5400, .T. ) ;
#6184 = EDGE_CURVE ( 'NONE', #6244, #3968, #4553, .T. ) ;
#6185 = CARTESIAN_POINT ( 'NONE',  ( 0.004300000000000579400, -0.002791153523872084378, 0.0002874971942643619774 ) ) ;
#6186 = ORIENTED_EDGE ( 'NONE', *, *, #4342, .T. ) ;
#6187 = CARTESIAN_POINT ( 'NONE',  ( 0.004250000000000780064, -0.001781153523872519963, 0.0007999244559860899583 ) ) ;
#6188 = EDGE_CURVE ( 'NONE', #2376, #2876, #1362, .T. ) ;
#6189 = DIRECTION ( 'NONE',  ( 0.000000000000000000, 0.9525615905351911827, -0.3043458825695970482 ) ) ;
#6190 = ORIENTED_EDGE ( 'NONE', *, *, #4924, .T. ) ;
#6191 = CARTESIAN_POINT ( 'NONE',  ( 0.004300000000000580268, -0.002691877937190939943, -0.0003057567717387259481 ) ) ;
#6192 = ORIENTED_EDGE ( 'NONE', *, *, #5934, .T. ) ;
#6193 = DIRECTION ( 'NONE',  ( -1.000000000000000000, 0.000000000000000000, 0.000000000000000000 ) ) ;
#6194 = DIRECTION ( 'NONE',  ( 1.000000000000000000, 0.000000000000000000, 0.000000000000000000 ) ) ;
#6195 =( GEOMETRIC_REPRESENTATION_CONTEXT ( 3 ) GLOBAL_UNCERTAINTY_ASSIGNED_CONTEXT ( ( #3465 ) ) GLOBAL_UNIT_ASSIGNED_CONTEXT ( ( #968, #4501, #4061 ) ) REPRESENTATION_CONTEXT ( 'NONE', 'WORKASPACE' ) );
#6196 = EDGE_LOOP ( 'NONE', ( #1415, #5015, #1845, #3778 ) ) ;
#6197 = ADVANCED_FACE ( 'NONE', ( #5129 ), #3047, .T. ) ;
#6198 = LINE ( 'NONE', #4683, #1694 ) ;
#6199 = DIRECTION ( 'NONE',  ( -1.000000000000000000, 0.000000000000000000, 0.000000000000000000 ) ) ;
#6200 = PLANE ( 'NONE',  #3781 ) ;
#6201 = CARTESIAN_POINT ( 'NONE',  ( -0.003042800000001239912, -0.003650000000000640146, 0.001700000000000059970 ) ) ;
#6202 = EDGE_CURVE ( 'NONE', #5941, #2669, #3242, .T. ) ;
#6203 = VECTOR ( 'NONE', #941, 1.000000000000000000 ) ;
#6204 = DIRECTION ( 'NONE',  ( 1.000000000000000000, 0.000000000000000000, 0.000000000000000000 ) ) ;
#6205 = VECTOR ( 'NONE', #3312, 1.000000000000000000 ) ;
#6206 = ORIENTED_EDGE ( 'NONE', *, *, #4468, .F. ) ;
#6207 = ORIENTED_EDGE ( 'NONE', *, *, #5744, .F. ) ;
#6208 = CARTESIAN_POINT ( 'NONE',  ( 0.004250000000000780064, -0.002090714919672539973, 0.001414771548330339898 ) ) ;
#6209 = CARTESIAN_POINT ( 'NONE',  ( 0.004300000000000580268, -0.002201130644004740088, -0.0002173881182115399758 ) ) ;
#6210 = ORIENTED_EDGE ( 'NONE', *, *, #4422, .T. ) ;
#6211 = CARTESIAN_POINT ( 'NONE',  ( 0.003899999999999639866, -0.0003999999999999240166, -0.002150000000000039900 ) ) ;
#6212 = ORIENTED_EDGE ( 'NONE', *, *, #97, .F. ) ;
#6213 = CARTESIAN_POINT ( 'NONE',  ( 0.003442799999999639812, -0.003849999999999840095, -0.001211539816339700024 ) ) ;
#6214 = ORIENTED_EDGE ( 'NONE', *, *, #4417, .F. ) ;
#6215 = DIRECTION ( 'NONE',  ( 0.000000000000000000, 0.000000000000000000, 1.000000000000000000 ) ) ;
#6216 = ORIENTED_EDGE ( 'NONE', *, *, #631, .T. ) ;
#6217 = FILL_AREA_STYLE ('',( #191 ) ) ;
#6218 = LINE ( 'NONE', #1641, #1268 ) ;
#6219 = CARTESIAN_POINT ( 'NONE',  ( -0.003042800000001239912, -0.004049999999999039611, -0.001211539816339700024 ) ) ;
#6220 = EDGE_CURVE ( 'NONE', #2921, #985, #548, .T. ) ;
#6221 = CYLINDRICAL_SURFACE ( 'NONE', #2666, 0.0002499999999999911147 ) ;
#6222 = CARTESIAN_POINT ( 'NONE',  ( 0.004300000000000580268, -0.002338728451157676309, 7.762345491906845487E-06 ) ) ;
#6223 = CARTESIAN_POINT ( 'NONE',  ( 0.004300000000000580268, -0.006887964625008399962, 0.0002903407727950679980 ) ) ;
#6224 = ORIENTED_EDGE ( 'NONE', *, *, #5576, .T. ) ;
#6225 = VERTEX_POINT ( 'NONE', #6201 ) ;
#6226 = CARTESIAN_POINT ( 'NONE',  ( -0.001799999999999909962, -0.0005000000000000319944, -0.001500000000000099995 ) ) ;
#6227 = EDGE_CURVE ( 'NONE', #982, #3194, #6018, .T. ) ;
#6228 = PRESENTATION_LAYER_ASSIGNMENT (  '', '', ( #2282 ) ) ;
#6229 = CARTESIAN_POINT ( 'NONE',  ( 0.003799999999999999992, -0.0005000000000000319944, -0.001500000000000099995 ) ) ;
#6230 = EDGE_CURVE ( 'NONE', #4506, #3469, #4589, .T. ) ;
#6231 = ORIENTED_EDGE ( 'NONE', *, *, #991, .T. ) ;
#6232 = CARTESIAN_POINT ( 'NONE',  ( 0.003842800000000579780, 0.000000000000000000, 0.002150000000000039900 ) ) ;
#6233 = DIRECTION ( 'NONE',  ( 0.000000000000000000, 0.000000000000000000, 1.000000000000000000 ) ) ;
#6234 = DIRECTION ( 'NONE',  ( 0.000000000000000000, 0.000000000000000000, -1.000000000000000000 ) ) ;
#6235 = ORIENTED_EDGE ( 'NONE', *, *, #6118, .F. ) ;
#6236 = VERTEX_POINT ( 'NONE', #1059 ) ;
#6237 = EDGE_CURVE ( 'NONE', #581, #234, #1628, .T. ) ;
#6238 = DIRECTION ( 'NONE',  ( 0.000000000000000000, -1.000000000000000000, 0.000000000000000000 ) ) ;
#6239 = VECTOR ( 'NONE', #848, 1.000000000000000000 ) ;
#6240 = CARTESIAN_POINT ( 'NONE',  ( 0.001320000000000050083, -0.001000000000000060086, 0.000000000000000000 ) ) ;
#6241 = DIRECTION ( 'NONE',  ( 0.000000000000000000, 1.000000000000000000, 0.000000000000000000 ) ) ;
#6242 = DIRECTION ( 'NONE',  ( -1.000000000000000000, 0.000000000000000000, 0.000000000000000000 ) ) ;
#6243 = VECTOR ( 'NONE', #3485, 1.000000000000000000 ) ;
#6244 = VERTEX_POINT ( 'NONE', #4720 ) ;
#6245 = EDGE_LOOP ( 'NONE', ( #1901, #1572, #1286, #4801 ) ) ;
#6246 = CARTESIAN_POINT ( 'NONE',  ( -0.001320000000000050083, -0.002200000000000090338, 0.001750000000000109975 ) ) ;
#6247 = DIRECTION ( 'NONE',  ( 1.000000000000000000, 0.000000000000000000, 0.000000000000000000 ) ) ;
#6248 = ORIENTED_EDGE ( 'NONE', *, *, #3359, .F. ) ;
#6249 = AXIS2_PLACEMENT_3D ( 'NONE', #619, #109, #1667 ) ;
#6250 = CARTESIAN_POINT ( 'NONE',  ( 0.004300000000000580268, -0.002730328986349140133, -0.0007218520780780720431 ) ) ;
#6251 = CARTESIAN_POINT ( 'NONE',  ( 0.004250000000000780064, -0.002466887631423659959, 0.0003419275938955400134 ) ) ;
#6252 = FACE_OUTER_BOUND ( 'NONE', #6578, .T. ) ;
#6253 = FACE_OUTER_BOUND ( 'NONE', #6143, .T. ) ;
#6254 = ORIENTED_EDGE ( 'NONE', *, *, #2504, .F. ) ;
#6255 = PLANE ( 'NONE',  #1621 ) ;
#6256 = PLANE ( 'NONE',  #3056 ) ;
#6257 = ADVANCED_FACE ( 'NONE', ( #2691 ), #1023, .T. ) ;
#6258 = ORIENTED_EDGE ( 'NONE', *, *, #2665, .F. ) ;
#6259 = ORIENTED_EDGE ( 'NONE', *, *, #5567, .T. ) ;
#6260 = CARTESIAN_POINT ( 'NONE',  ( 0.004300000000000580268, -0.001563078422692379876, -0.001237022468539899969 ) ) ;
#6261 = VECTOR ( 'NONE', #6315, 1.000000000000000000 ) ;
#6262 = CARTESIAN_POINT ( 'NONE',  ( -0.003842800000000579780, -0.003600000000000839941, 0.001700000000000059970 ) ) ;
#6263 = EDGE_CURVE ( 'NONE', #6119, #6270, #1120, .T. ) ;
#6264 = EDGE_CURVE ( 'NONE', #4187, #5907, #4177, .T. ) ;
#6265 = CARTESIAN_POINT ( 'NONE',  ( -0.001320000000000050083, -0.001000000000000060086, 0.002150000000000039900 ) ) ;
#6266 = DIRECTION ( 'NONE',  ( 0.000000000000000000, 0.9799993465698060291, -0.1990007053323009922 ) ) ;
#6267 = VECTOR ( 'NONE', #3195, 1.000000000000000222 ) ;
#6268 = ADVANCED_FACE ( 'NONE', ( #1657 ), #3550, .T. ) ;
#6269 = DIRECTION ( 'NONE',  ( 0.000000000000000000, 0.000000000000000000, 1.000000000000000000 ) ) ;
#6270 = VERTEX_POINT ( 'NONE', #1154 ) ;
#6271 = ORIENTED_EDGE ( 'NONE', *, *, #2560, .T. ) ;
#6272 = LINE ( 'NONE', #2500, #94 ) ;
#6273 = VECTOR ( 'NONE', #2, 1.000000000000000000 ) ;
#6274 = LINE ( 'NONE', #2696, #1892 ) ;
#6275 = CARTESIAN_POINT ( 'NONE',  ( 0.004300000000000580268, -0.002376311278342030289, 0.001476952485134839978 ) ) ;
#6276 = FACE_OUTER_BOUND ( 'NONE', #4783, .T. ) ;
#6277 = EDGE_CURVE ( 'NONE', #4835, #4393, #27, .T. ) ;
#6278 = VECTOR ( 'NONE', #3598, 1.000000000000000000 ) ;
#6279 = DIRECTION ( 'NONE',  ( -0.000000000000000000, 1.000000000000000000, 0.000000000000000000 ) ) ;
#6280 = AXIS2_PLACEMENT_3D ( 'NONE', #4556, #2984, #5565 ) ;
#6281 = VERTEX_POINT ( 'NONE', #5095 ) ;
#6282 = ORIENTED_EDGE ( 'NONE', *, *, #5014, .F. ) ;
#6283 = DIRECTION ( 'NONE',  ( 1.000000000000000000, 0.000000000000000000, 0.000000000000000000 ) ) ;
#6284 = DIRECTION ( 'NONE',  ( 1.000000000000000000, 0.000000000000000000, 0.000000000000000000 ) ) ;
#6285 = ORIENTED_EDGE ( 'NONE', *, *, #4721, .F. ) ;
#6286 = PRESENTATION_STYLE_ASSIGNMENT (( #2139 ) ) ;
#6287 = CARTESIAN_POINT ( 'NONE',  ( 0.002890000000001140355, -0.002779999999999039750, -0.001750000000000109975 ) ) ;
#6288 = CARTESIAN_POINT ( 'NONE',  ( 0.004300000000000580268, -0.002420132982887680285, 0.0008447947779054139697 ) ) ;
#6289 = CARTESIAN_POINT ( 'NONE',  ( -0.004099999999998840683, -0.006459938093763199600, 0.0004270963523915660329 ) ) ;
#6290 = EDGE_LOOP ( 'NONE', ( #2063, #4180, #4097, #122 ) ) ;
#6291 = FACE_OUTER_BOUND ( 'NONE', #799, .T. ) ;
#6292 = EDGE_LOOP ( 'NONE', ( #4569, #3316, #2321, #871 ) ) ;
#6293 = CARTESIAN_POINT ( 'NONE',  ( 0.003042800000001239912, -0.003650000000000640146, -0.001700000000000059970 ) ) ;
#6294 = CARTESIAN_POINT ( 'NONE',  ( -0.003042800000001239912, -0.004049999999999039611, -0.001700000000000059970 ) ) ;
#6295 = VERTEX_POINT ( 'NONE', #2084 ) ;
#6296 = ORIENTED_EDGE ( 'NONE', *, *, #4365, .T. ) ;
#6297 = FACE_OUTER_BOUND ( 'NONE', #5347, .T. ) ;
#6298 = LINE ( 'NONE', #5790, #4156 ) ;
#6299 = AXIS2_PLACEMENT_3D ( 'NONE', #3982, #6031, #88 ) ;
#6300 = CARTESIAN_POINT ( 'NONE',  ( 0.003842800000000579780, 0.0003999999999999240166, -0.002150000000000039900 ) ) ;
#6301 = LINE ( 'NONE', #2289, #3074 ) ;
#6302 = VECTOR ( 'NONE', #308, 1.000000000000000000 ) ;
#6303 = ORIENTED_EDGE ( 'NONE', *, *, #3803, .T. ) ;
#6304 = ADVANCED_FACE ( 'NONE', ( #4113 ), #608, .F. ) ;
#6305 = ORIENTED_EDGE ( 'NONE', *, *, #1818, .F. ) ;
#6306 = DIRECTION ( 'NONE',  ( 0.000000000000000000, 0.000000000000000000, 1.000000000000000000 ) ) ;
#6307 = CARTESIAN_POINT ( 'NONE',  ( 0.004300000000000581135, -0.002302355070649595402, 0.0001321177497968866431 ) ) ;
#6308 = EDGE_CURVE ( 'NONE', #6150, #4594, #5158, .T. ) ;
#6309 = CARTESIAN_POINT ( 'NONE',  ( 0.004300000000000580268, -0.002873153523871959953, 0.0002153200030811799968 ) ) ;
#6310 = VECTOR ( 'NONE', #5416, 1.000000000000000000 ) ;
#6311 = DIRECTION ( 'NONE',  ( 0.000000000000000000, 0.000000000000000000, 1.000000000000000000 ) ) ;
#6312 = VECTOR ( 'NONE', #6556, 1.000000000000000000 ) ;
#6313 = CARTESIAN_POINT ( 'NONE',  ( -0.002890000000001140355, -0.002779999999999039750, -0.002150000000000039900 ) ) ;
#6314 = ORIENTED_EDGE ( 'NONE', *, *, #1208, .T. ) ;
#6315 = DIRECTION ( 'NONE',  ( 0.000000000000000000, 0.000000000000000000, -1.000000000000000000 ) ) ;
#6316 = ADVANCED_FACE ( 'NONE', ( #646 ), #2127, .T. ) ;
#6317 = CARTESIAN_POINT ( 'NONE',  ( 0.002890000000001140355, -0.003600000000000839941, -0.001649999999999999991 ) ) ;
#6318 = DIRECTION ( 'NONE',  ( 0.000000000000000000, 0.8887589739204416750, 0.4583748316344208873 ) ) ;
#6319 = ORIENTED_EDGE ( 'NONE', *, *, #969, .F. ) ;
#6320 = LINE ( 'NONE', #192, #4988 ) ;
#6321 = PRESENTATION_STYLE_ASSIGNMENT (( #4707 ) ) ;
#6322 = CARTESIAN_POINT ( 'NONE',  ( 0.002890000000001140355, -0.003600000000000839941, 0.001649999999999999991 ) ) ;
#6323 = EDGE_CURVE ( 'NONE', #3869, #3467, #5595, .T. ) ;
#6324 = LINE ( 'NONE', #1214, #1195 ) ;
#6325 = ORIENTED_EDGE ( 'NONE', *, *, #3153, .F. ) ;
#6326 = FACE_OUTER_BOUND ( 'NONE', #6454, .T. ) ;
#6327 = EDGE_CURVE ( 'NONE', #2442, #2041, #3436, .T. ) ;
#6328 = DIRECTION ( 'NONE',  ( 0.000000000000000000, 0.000000000000000000, -1.000000000000000000 ) ) ;
#6329 = EDGE_LOOP ( 'NONE', ( #3197, #980, #2673, #3913, #4681, #5289, #1316, #2718, #6387, #588, #115, #3562, #451, #5340, #3747, #2569, #3439, #1881, #5252, #4690 ) ) ;
#6330 = ORIENTED_EDGE ( 'NONE', *, *, #2465, .T. ) ;
#6331 = CARTESIAN_POINT ( 'NONE',  ( 0.004250000000000780064, -0.002559294577925880047, 2.856663412099900284E-06 ) ) ;
#6332 = CARTESIAN_POINT ( 'NONE',  ( 0.004300000000000580268, -0.003000877937190719880, 5.256337194652819475E-05 ) ) ;
#6333 = ORIENTED_EDGE ( 'NONE', *, *, #663, .T. ) ;
#6334 = CARTESIAN_POINT ( 'NONE',  ( 0.004250000000000780064, -0.002865980738197240058, 0.0001507792160871170050 ) ) ;
#6335 = ORIENTED_EDGE ( 'NONE', *, *, #3974, .F. ) ;
#6336 = LINE ( 'NONE', #4857, #637 ) ;
#6337 = CARTESIAN_POINT ( 'NONE',  ( -0.003899999999999639866, -5.720000000000000122E-05, -0.001425999999999880054 ) ) ;
#6338 = CARTESIAN_POINT ( 'NONE',  ( 0.004300000000000580268, -0.001511771408552739894, 0.0005943829588949000762 ) ) ;
#6339 = SURFACE_STYLE_USAGE ( .BOTH. , #2265 ) ;
#6340 = EDGE_CURVE ( 'NONE', #4713, #1418, #3905, .T. ) ;
#6341 = CARTESIAN_POINT ( 'NONE',  ( -0.002890000000001140355, -0.002779999999999039750, 0.001649999999999999991 ) ) ;
#6342 = VECTOR ( 'NONE', #169, 1.000000000000000000 ) ;
#6343 = ORIENTED_EDGE ( 'NONE', *, *, #3552, .F. ) ;
#6344 = VERTEX_POINT ( 'NONE', #678 ) ;
#6345 = PLANE ( 'NONE',  #3482 ) ;
#6346 = PLANE ( 'NONE',  #2757 ) ;
#6347 = CARTESIAN_POINT ( 'NONE',  ( -0.003042800000001239912, -0.004049999999999039611, 0.001700000000000059970 ) ) ;
#6348 = EDGE_CURVE ( 'NONE', #5818, #5596, #1352, .T. ) ;
#6349 = EDGE_LOOP ( 'NONE', ( #2251, #5178, #3751, #492 ) ) ;
#6350 = CARTESIAN_POINT ( 'NONE',  ( 0.004250000000000780064, -0.002758153523872420004, 0.0005311922934009440491 ) ) ;
#6351 = CARTESIAN_POINT ( 'NONE',  ( -0.003042800000001239912, -0.004049999999999039611, 0.001211539816339700024 ) ) ;
#6352 = VECTOR ( 'NONE', #4176, 1.000000000000000000 ) ;
#6353 = DIRECTION ( 'NONE',  ( 0.000000000000000000, 0.000000000000000000, -1.000000000000000000 ) ) ;
#6354 = EDGE_CURVE ( 'NONE', #2726, #6134, #2937, .T. ) ;
#6355 = DIRECTION ( 'NONE',  ( 1.000000000000000000, 0.000000000000000000, 0.000000000000000000 ) ) ;
#6356 = ORIENTED_EDGE ( 'NONE', *, *, #3964, .F. ) ;
#6357 =( LENGTH_UNIT ( ) NAMED_UNIT ( * ) SI_UNIT ( $, .METRE. ) );
#6358 = VECTOR ( 'NONE', #3862, 1.000000000000000000 ) ;
#6359 = LINE ( 'NONE', #5250, #609 ) ;
#6360 = ORIENTED_EDGE ( 'NONE', *, *, #4019, .T. ) ;
#6361 = ORIENTED_EDGE ( 'NONE', *, *, #6626, .T. ) ;
#6362 = CARTESIAN_POINT ( 'NONE',  ( 0.002016701440000029984, -0.004049999999999039611, -0.005978539816340699628 ) ) ;
#6363 = EDGE_CURVE ( 'NONE', #1180, #1721, #5414, .T. ) ;
#6364 = DIRECTION ( 'NONE',  ( 0.000000000000000000, 0.000000000000000000, 1.000000000000000000 ) ) ;
#6365 = VERTEX_POINT ( 'NONE', #4978 ) ;
#6366 = FACE_OUTER_BOUND ( 'NONE', #46, .T. ) ;
#6367 = DIRECTION ( 'NONE',  ( 0.000000000000000000, -0.09715275786380722645, 0.9952694819190712749 ) ) ;
#6368 = LINE ( 'NONE', #944, #3701 ) ;
#6369 = CARTESIAN_POINT ( 'NONE',  ( 0.004300000000000578533, -0.001500932381055070054, 0.0007335273656898580463 ) ) ;
#6370 = VECTOR ( 'NONE', #4159, 1.000000000000000000 ) ;
#6371 = DIRECTION ( 'NONE',  ( 1.000000000000000000, 0.000000000000000000, 0.000000000000000000 ) ) ;
#6372 = VECTOR ( 'NONE', #2333, 1.000000000000000000 ) ;
#6373 = ORIENTED_EDGE ( 'NONE', *, *, #6060, .F. ) ;
#6374 = ORIENTED_EDGE ( 'NONE', *, *, #1076, .F. ) ;
#6375 = CARTESIAN_POINT ( 'NONE',  ( -0.001320000000000050083, -0.002200000000000090338, 0.001750000000000109975 ) ) ;
#6376 = FACE_OUTER_BOUND ( 'NONE', #74, .T. ) ;
#6377 = CARTESIAN_POINT ( 'NONE',  ( 0.004300000000000580268, -0.002420132982887680285, 0.0004319739261898660051 ) ) ;
#6378 = EDGE_LOOP ( 'NONE', ( #1822, #6079, #2996, #5077 ) ) ;
#6379 = AXIS2_PLACEMENT_3D ( 'NONE', #5088, #5150, #506 ) ;
#6380 = CARTESIAN_POINT ( 'NONE',  ( 0.001999999999999869937, 0.000000000000000000, 0.001000000000000060086 ) ) ;
#6381 = DIRECTION ( 'NONE',  ( 1.000000000000000000, 0.000000000000000000, 0.000000000000000000 ) ) ;
#6382 = VECTOR ( 'NONE', #737, 1.000000000000000000 ) ;
#6383 = CARTESIAN_POINT ( 'NONE',  ( 0.004250000000000780064, -0.002231153523872538708, 5.179246496675094831E-05 ) ) ;
#6384 = EDGE_CURVE ( 'NONE', #4149, #5540, #2724, .T. ) ;
#6385 = CARTESIAN_POINT ( 'NONE',  ( -0.001320000000000050083, -0.001000000000000060086, 0.001750000000000109975 ) ) ;
#6386 = ORIENTED_EDGE ( 'NONE', *, *, #5205, .T. ) ;
#6387 = ORIENTED_EDGE ( 'NONE', *, *, #1818, .T. ) ;
#6388 = CARTESIAN_POINT ( 'NONE',  ( 0.004099999999998840683, -0.002178600000000069977, -0.002150000000000039900 ) ) ;
#6389 = FACE_OUTER_BOUND ( 'NONE', #6594, .T. ) ;
#6390 = VECTOR ( 'NONE', #6269, 1.000000000000000000 ) ;
#6391 = EDGE_CURVE ( 'NONE', #1252, #5008, #471, .T. ) ;
#6392 = ORIENTED_EDGE ( 'NONE', *, *, #1367, .T. ) ;
#6393 = CARTESIAN_POINT ( 'NONE',  ( -0.004300000000000580268, -5.720000000000000122E-05, -0.001425999999999880054 ) ) ;
#6394 = ORIENTED_EDGE ( 'NONE', *, *, #2583, .T. ) ;
#6395 = DIRECTION ( 'NONE',  ( -1.000000000000000000, 0.000000000000000000, 0.000000000000000000 ) ) ;
#6396 = LINE ( 'NONE', #3345, #1191 ) ;
#6397 = EDGE_CURVE ( 'NONE', #1161, #6114, #6487, .T. ) ;
#6398 = EDGE_LOOP ( 'NONE', ( #3506, #6235, #1313, #1012 ) ) ;
#6399 = CARTESIAN_POINT ( 'NONE',  ( 0.004300000000000580268, -0.002801530849195319958, 0.0005449392089245839402 ) ) ;
#6400 = AXIS2_PLACEMENT_3D ( 'NONE', #2166, #5799, #4696 ) ;
#6401 = CARTESIAN_POINT ( 'NONE',  ( 0.004250000000000780064, -0.002730328986349140133, -0.0007218520780780720431 ) ) ;
#6402 = FILL_AREA_STYLE_COLOUR ( '', #4015 ) ;
#6403 = EDGE_CURVE ( 'NONE', #6496, #4023, #5448, .T. ) ;
#6404 = CARTESIAN_POINT ( 'NONE',  ( 0.004300000000000578533, -0.001514632270944029930, 0.0009294129136990300763 ) ) ;
#6405 = CARTESIAN_POINT ( 'NONE',  ( 0.002890000000001140355, -0.003600000000000839941, 0.002150000000000039900 ) ) ;
#6406 = AXIS2_PLACEMENT_3D ( 'NONE', #3286, #4351, #2360 ) ;
#6407 = FACE_OUTER_BOUND ( 'NONE', #1520, .T. ) ;
#6408 = VERTEX_POINT ( 'NONE', #2377 ) ;
#6409 = DIRECTION ( 'NONE',  ( 0.000000000000000000, 1.000000000000000000, 0.000000000000000000 ) ) ;
#6410 = AXIS2_PLACEMENT_3D ( 'NONE', #4244, #4786, #3214 ) ;
#6411 = CARTESIAN_POINT ( 'NONE',  ( 0.004300000000000580268, -0.002691176409932580053, 0.0002105970870931720058 ) ) ;
#6412 = LINE ( 'NONE', #3394, #3576 ) ;
#6413 = ORIENTED_EDGE ( 'NONE', *, *, #380, .T. ) ;
#6414 = PLANE ( 'NONE',  #1055 ) ;
#6415 = CARTESIAN_POINT ( 'NONE',  ( 0.004300000000000580268, -0.002587062459263260016, 0.0004658709728111819887 ) ) ;
#6416 = DIRECTION ( 'NONE',  ( 0.000000000000000000, 0.000000000000000000, 1.000000000000000000 ) ) ;
#6417 = AXIS2_PLACEMENT_3D ( 'NONE', #1715, #1245, #2743 ) ;
#6418 = ORIENTED_EDGE ( 'NONE', *, *, #6403, .F. ) ;
#6419 = DIRECTION ( 'NONE',  ( 1.000000000000000000, 0.000000000000000000, 0.000000000000000000 ) ) ;
#6420 = DIRECTION ( 'NONE',  ( -1.000000000000000000, 0.000000000000000000, 0.000000000000000000 ) ) ;
#6421 = LINE ( 'NONE', #6517, #1049 ) ;
#6422 = VERTEX_POINT ( 'NONE', #6393 ) ;
#6423 = DIRECTION ( 'NONE',  ( 0.000000000000000000, 0.000000000000000000, 1.000000000000000000 ) ) ;
#6424 = ORIENTED_EDGE ( 'NONE', *, *, #996, .T. ) ;
#6425 = EDGE_CURVE ( 'NONE', #6461, #439, #2188, .T. ) ;
#6426 = CARTESIAN_POINT ( 'NONE',  ( -0.004300000000000580268, -5.720000000000000122E-05, -0.001425999999999880054 ) ) ;
#6427 = ORIENTED_EDGE ( 'NONE', *, *, #5208, .F. ) ;
#6428 = CARTESIAN_POINT ( 'NONE',  ( -0.003899999999999639866, -0.004300000000000580268, -0.0004590108938549639886 ) ) ;
#6429 = EDGE_LOOP ( 'NONE', ( #730, #957, #1147, #1436 ) ) ;
#6430 = ADVANCED_FACE ( 'NONE', ( #1880 ), #876, .F. ) ;
#6431 = LINE ( 'NONE', #1855, #4137 ) ;
#6432 = EDGE_CURVE ( 'NONE', #6471, #481, #3023, .T. ) ;
#6433 = PLANE ( 'NONE',  #1603 ) ;
#6434 = CARTESIAN_POINT ( 'NONE',  ( 0.004300000000000578533, -0.001963505093612130138, 0.001382227156462179996 ) ) ;
#6435 = FACE_OUTER_BOUND ( 'NONE', #174, .T. ) ;
#6436 = DIRECTION ( 'NONE',  ( 0.000000000000000000, 0.000000000000000000, 1.000000000000000000 ) ) ;
#6437 = EDGE_CURVE ( 'NONE', #3473, #4920, #2409, .T. ) ;
#6438 = VERTEX_POINT ( 'NONE', #4437 ) ;
#6439 = CARTESIAN_POINT ( 'NONE',  ( 0.004300000000000580268, -5.720000000000000122E-05, 0.001425999999999880054 ) ) ;
#6440 = LINE ( 'NONE', #3894, #3570 ) ;
#6441 = CARTESIAN_POINT ( 'NONE',  ( 0.004300000000000580268, -0.002697148188278560184, -6.824093142591599324E-05 ) ) ;
#6442 = B_SPLINE_SURFACE_WITH_KNOTS ( 'NONE', 3, 1, ( 
 ( #537, #2646 ),
 ( #6158, #4577 ),
 ( #4168, #6222 ),
 ( #1582, #3543 ) ),
 .UNSPECIFIED., .F., .F., .F.,
 ( 4, 4 ),
 ( 2, 2 ),
 ( 0.06565968132843416627, 0.9565614328805074340 ),
 ( 0.000000000000000000, 1.000000000000000000 ),
 .UNSPECIFIED. ) ;
#6443 = EDGE_LOOP ( 'NONE', ( #3932, #4581, #6053, #4689 ) ) ;
#6444 = DIRECTION ( 'NONE',  ( -0.000000000000000000, 1.000000000000000000, 0.000000000000000000 ) ) ;
#6445 = LINE ( 'NONE', #4498, #3231 ) ;
#6446 = VECTOR ( 'NONE', #6567, 1.000000000000000000 ) ;
#6447 = CARTESIAN_POINT ( 'NONE',  ( 0.001500000000000099995, 0.004400000000000180676, -0.001000000000000060086 ) ) ;
#6448 = ORIENTED_EDGE ( 'NONE', *, *, #2677, .F. ) ;
#6449 = DIRECTION ( 'NONE',  ( 1.000000000000000000, 0.000000000000000000, 0.000000000000000000 ) ) ;
#6450 = LINE ( 'NONE', #6045, #4344 ) ;
#6451 = EDGE_LOOP ( 'NONE', ( #264, #2268, #4075, #3050 ) ) ;
#6452 = CARTESIAN_POINT ( 'NONE',  ( -0.003042800000001239912, -0.002779999999999039750, 0.002150000000000039900 ) ) ;
#6453 = VECTOR ( 'NONE', #4079, 1.000000000000000000 ) ;
#6454 = EDGE_LOOP ( 'NONE', ( #1513, #5193, #4757, #3084 ) ) ;
#6455 = DIRECTION ( 'NONE',  ( -1.000000000000000000, 0.000000000000000000, 0.000000000000000000 ) ) ;
#6456 = B_SPLINE_CURVE_WITH_KNOTS ( 'NONE', 3,
 ( #517, #2490, #1427, #286 ),
 .UNSPECIFIED., .F., .F.,
 ( 4, 4 ),
 ( 0.000000000000000000, 1.000000000000000000 ),
 .UNSPECIFIED. ) ;
#6457 = ORIENTED_EDGE ( 'NONE', *, *, #5339, .F. ) ;
#6458 = VECTOR ( 'NONE', #131, 1.000000000000000000 ) ;
#6459 = CARTESIAN_POINT ( 'NONE',  ( 0.004250000000000780064, -0.002573877937189380377, -0.0008369805913275699984 ) ) ;
#6460 = EDGE_CURVE ( 'NONE', #778, #658, #3662, .T. ) ;
#6461 = VERTEX_POINT ( 'NONE', #5886 ) ;
#6462 = VECTOR ( 'NONE', #961, 1.000000000000000000 ) ;
#6463 = DIRECTION ( 'NONE',  ( 0.000000000000000000, 0.000000000000000000, 1.000000000000000000 ) ) ;
#6464 = EDGE_CURVE ( 'NONE', #902, #1051, #5918, .T. ) ;
#6465 = CARTESIAN_POINT ( 'NONE',  ( 0.004300000000000580268, -0.003073877937189919887, -0.0009478421536527700418 ) ) ;
#6466 = ADVANCED_FACE ( 'NONE', ( #4754 ), #3341, .T. ) ;
#6467 = CARTESIAN_POINT ( 'NONE',  ( 0.004250000000000780931, -0.002488145644810009841, 0.001499816300958300118 ) ) ;
#6468 = DIRECTION ( 'NONE',  ( 0.000000000000000000, 0.000000000000000000, -1.000000000000000000 ) ) ;
#6469 = EDGE_CURVE ( 'NONE', #439, #6042, #2350, .T. ) ;
#6470 = PLANE ( 'NONE',  #2148 ) ;
#6471 = VERTEX_POINT ( 'NONE', #6582 ) ;
#6472 = MECHANICAL_DESIGN_GEOMETRIC_PRESENTATION_REPRESENTATION (  '', ( #6048 ), #1465 ) ;
#6473 = DIRECTION ( 'NONE',  ( -1.000000000000000000, 0.000000000000000000, 0.000000000000000000 ) ) ;
#6474 = DIRECTION ( 'NONE',  ( 0.000000000000000000, 0.000000000000000000, 1.000000000000000000 ) ) ;
#6475 = PLANE ( 'NONE',  #2514 ) ;
#6476 = EDGE_CURVE ( 'NONE', #4383, #316, #3883, .T. ) ;
#6477 = VERTEX_POINT ( 'NONE', #2971 ) ;
#6478 = PLANE ( 'NONE',  #1904 ) ;
#6479 = MECHANICAL_DESIGN_GEOMETRIC_PRESENTATION_REPRESENTATION (  '', ( #1259 ), #6054 ) ;
#6480 = CARTESIAN_POINT ( 'NONE',  ( 0.004300000000000580268, -0.002315153523872669986, 0.0003546314634283140072 ) ) ;
#6481 = ORIENTED_EDGE ( 'NONE', *, *, #6469, .T. ) ;
#6482 = DIRECTION ( 'NONE',  ( 0.000000000000000000, 0.09715275786380664358, 0.9952694819190711639 ) ) ;
#6483 = CARTESIAN_POINT ( 'NONE',  ( -0.001750000000000109975, -0.003600000000000839941, 0.0001500000000000099886 ) ) ;
#6484 = CARTESIAN_POINT ( 'NONE',  ( -0.003842800000000579780, 0.000000000000000000, 0.002150000000000039900 ) ) ;
#6485 = VECTOR ( 'NONE', #3808, 1.000000000000000000 ) ;
#6486 = ORIENTED_EDGE ( 'NONE', *, *, #5970, .T. ) ;
#6487 = LINE ( 'NONE', #3717, #5698 ) ;
#6488 = ORIENTED_EDGE ( 'NONE', *, *, #4617, .T. ) ;
#6489 = AXIS2_PLACEMENT_3D ( 'NONE', #5855, #301, #5789 ) ;
#6490 = CARTESIAN_POINT ( 'NONE',  ( 0.004250000000000780064, -0.002791153523871779934, 0.0002874971942643039726 ) ) ;
#6491 = AXIS2_PLACEMENT_3D ( 'NONE', #4227, #4189, #3262 ) ;
#6492 = EDGE_LOOP ( 'NONE', ( #706, #2943, #3859, #424 ) ) ;
#6493 = CIRCLE ( 'NONE', #6280, 0.0007619999999999998736 ) ;
#6494 = DIRECTION ( 'NONE',  ( 0.000000000000000000, -0.9525615905351911827, -0.3043458825695970482 ) ) ;
#6495 = VECTOR ( 'NONE', #5721, 1.000000000000000000 ) ;
#6496 = VERTEX_POINT ( 'NONE', #5112 ) ;
#6497 = CARTESIAN_POINT ( 'NONE',  ( 0.004250000000000780064, -0.002092433367482529963, -8.440279278838719388E-05 ) ) ;
#6498 = B_SPLINE_SURFACE_WITH_KNOTS ( 'NONE', 3, 1, ( 
 ( #1361, #5928 ),
 ( #5896, #2388 ),
 ( #6500, #5366 ),
 ( #1922, #3950 ),
 ( #4415, #3418 ),
 ( #1424, #3385 ),
 ( #6467, #5395 ),
 ( #2420, #2327 ),
 ( #1890, #1333 ),
 ( #273, #3448 ),
 ( #3352, #5459 ),
 ( #3918, #6434 ),
 ( #824, #374 ),
 ( #5962, #888 ),
 ( #5489, #2856 ),
 ( #310, #4451 ),
 ( #4894, #4993 ),
 ( #4353, #6404 ),
 ( #4859, #788 ),
 ( #3321, #410 ),
 ( #2452, #6369 ),
 ( #1859, #5428 ),
 ( #857, #2886 ),
 ( #4925, #1790 ),
 ( #1299, #442 ),
 ( #6165, #5594 ),
 ( #3977, #6132 ),
 ( #3517, #4112 ),
 ( #3111, #514 ),
 ( #1494, #1022 ),
 ( #951, #3046 ) ),
 .UNSPECIFIED., .F., .F., .F.,
 ( 4, 1, 1, 1, 1, 1, 1, 1, 1, 1, 1, 1, 1, 1, 1, 1, 1, 1, 1, 1, 1, 1, 1, 1, 1, 1, 1, 1, 4 ),
 ( 2, 2 ),
 ( 0.006513088672223128935, 0.09500013078023999968, 0.1834871730239999998, 0.2277306941458999978, 0.2719742152676999924, 0.3162177363896000459, 0.3383394969505000294, 0.3604612575114999884, 0.3819047894771000484, 0.4033483214428000285, 0.4462353853739999821, 0.4891224493053000222, 0.5320095132365999513, 0.5748965771677999603, 0.6177836410991000005, 0.6392271730648000361, 0.6606707050304000406, 0.6821142369959999341, 0.6928360029788999119, 0.7035577689617000807, 0.7213291207059000509, 0.7391004724500999101, 0.7568718241944000225, 0.7746431759385999927, 0.8101858794270000441, 0.8457285829155000156, 0.8812712864039000671, 0.9168139898924000386, 0.9878993968692999506 ),
 ( 0.000000000000000000, 1.000000000000000000 ),
 .UNSPECIFIED. ) ;
#6499 = CARTESIAN_POINT ( 'NONE',  ( 0.004300000000000580268, -0.003000877937190719880, 5.256337194652819475E-05 ) ) ;
#6500 = CARTESIAN_POINT ( 'NONE',  ( 0.004250000000000780931, -0.003034874002975440112, 0.001413640186379199913 ) ) ;
#6501 = CARTESIAN_POINT ( 'NONE',  ( 0.004250000000000780064, -0.003073877937189919887, -0.001423554856704510119 ) ) ;
#6502 = EDGE_CURVE ( 'NONE', #5283, #439, #1040, .T. ) ;
#6503 = DIRECTION ( 'NONE',  ( 1.000000000000000000, 0.000000000000000000, 0.000000000000000000 ) ) ;
#6504 = DIRECTION ( 'NONE',  ( 0.000000000000000000, 0.000000000000000000, -1.000000000000000000 ) ) ;
#6505 = DIRECTION ( 'NONE',  ( -1.000000000000000000, 0.000000000000000000, 0.000000000000000000 ) ) ;
#6506 = CARTESIAN_POINT ( 'NONE',  ( 0.004300000000000580268, -0.002801530849195319958, 0.0005449392089245839402 ) ) ;
#6507 = CIRCLE ( 'NONE', #1186, 0.0003999999999999238540 ) ;
#6508 = ORIENTED_EDGE ( 'NONE', *, *, #1093, .T. ) ;
#6509 = DIRECTION ( 'NONE',  ( -1.000000000000000000, 0.000000000000000000, 0.000000000000000000 ) ) ;
#6510 = DIRECTION ( 'NONE',  ( 0.000000000000000000, 0.000000000000000000, 1.000000000000000000 ) ) ;
#6511 = ORIENTED_EDGE ( 'NONE', *, *, #5931, .T. ) ;
#6512 = ADVANCED_FACE ( 'NONE', ( #2005 ), #6084, .F. ) ;
#6513 = CARTESIAN_POINT ( 'NONE',  ( 0.003899999999999639866, -0.005799999999999659595, -0.0001620000000000120150 ) ) ;
#6514 = EDGE_LOOP ( 'NONE', ( #4916, #5510, #127, #5913 ) ) ;
#6515 = CARTESIAN_POINT ( 'NONE',  ( 0.004300000000000580268, -0.002873153523872722798, 0.0002153200030811829513 ) ) ;
#6516 = ORIENTED_EDGE ( 'NONE', *, *, #2672, .F. ) ;
#6517 = CARTESIAN_POINT ( 'NONE',  ( 0.004300000000000580268, -0.001563078422692379876, -0.0005258775166104020333 ) ) ;
#6518 = EDGE_LOOP ( 'NONE', ( #2458, #690, #5778, #5342 ) ) ;
#6519 = DIRECTION ( 'NONE',  ( 0.000000000000000000, 0.000000000000000000, -1.000000000000000000 ) ) ;
#6520 = VECTOR ( 'NONE', #2174, 1.000000000000000000 ) ;
#6521 = EDGE_LOOP ( 'NONE', ( #6139, #650, #4374, #4632, #733 ) ) ;
#6522 = VECTOR ( 'NONE', #3039, 1.000000000000000000 ) ;
#6523 = DIRECTION ( 'NONE',  ( 1.000000000000000000, 0.000000000000000000, 0.000000000000000000 ) ) ;
#6524 = EDGE_CURVE ( 'NONE', #1850, #1945, #3601, .T. ) ;
#6525 = VERTEX_POINT ( 'NONE', #1005 ) ;
#6526 = FACE_OUTER_BOUND ( 'NONE', #5839, .T. ) ;
#6527 = ORIENTED_EDGE ( 'NONE', *, *, #5864, .T. ) ;
#6528 = CARTESIAN_POINT ( 'NONE',  ( 0.004250000000000780064, -0.002275809937049459893, -0.0002217595846691989897 ) ) ;
#6529 = DIRECTION ( 'NONE',  ( -1.000000000000000000, 0.000000000000000000, 0.000000000000000000 ) ) ;
#6530 = DIRECTION ( 'NONE',  ( -1.000000000000000000, -2.114974861911000202E-14, 0.000000000000000000 ) ) ;
#6531 = DIRECTION ( 'NONE',  ( -1.167917631461999950E-12, 0.000000000000000000, 1.000000000000000000 ) ) ;
#6532 = DIRECTION ( 'NONE',  ( -1.000000000000000000, 0.000000000000000000, 0.000000000000000000 ) ) ;
#6533 = CARTESIAN_POINT ( 'NONE',  ( 0.003842800000000579780, -0.004049999999999039611, -0.001211539816339700024 ) ) ;
#6534 = ORIENTED_EDGE ( 'NONE', *, *, #2588, .T. ) ;
#6535 = CARTESIAN_POINT ( 'NONE',  ( -0.003042800000001239912, -0.004049999999999039611, -0.001700000000000059970 ) ) ;
#6536 = EDGE_CURVE ( 'NONE', #5590, #6042, #432, .T. ) ;
#6537 = DIRECTION ( 'NONE',  ( 0.000000000000000000, 0.000000000000000000, -1.000000000000000000 ) ) ;
#6538 = CARTESIAN_POINT ( 'NONE',  ( 0.004300000000000580268, -0.002846297100038559704, 0.0005517459812482739022 ) ) ;
#6539 = ORIENTED_EDGE ( 'NONE', *, *, #1489, .T. ) ;
#6540 = CARTESIAN_POINT ( 'NONE',  ( 0.003842800000000579780, -0.003600000000000839941, -0.002150000000000039900 ) ) ;
#6541 = CARTESIAN_POINT ( 'NONE',  ( 0.003842800000000579780, 0.000000000000000000, -0.002150000000000039900 ) ) ;
#6542 = ORIENTED_EDGE ( 'NONE', *, *, #2309, .F. ) ;
#6543 = UNCERTAINTY_MEASURE_WITH_UNIT (LENGTH_MEASURE( 1.000000000000000082E-05 ), #5779, 'distance_accuracy_value', 'NONE');
#6544 = PLANE ( 'NONE',  #5655 ) ;
#6545 = LINE ( 'NONE', #5410, #378 ) ;
#6546 = EDGE_CURVE ( 'NONE', #5505, #1418, #2038, .T. ) ;
#6547 = CARTESIAN_POINT ( 'NONE',  ( 0.003442799999999639812, -0.003650000000000640146, 0.001211539816339700024 ) ) ;
#6548 = ORIENTED_EDGE ( 'NONE', *, *, #1243, .T. ) ;
#6549 = CARTESIAN_POINT ( 'NONE',  ( -0.003042800000001239912, -0.003600000000000839941, 0.001750000000000109975 ) ) ;
#6550 = CARTESIAN_POINT ( 'NONE',  ( 0.004300000000000580268, -0.003073877937189919887, 0.001081258233222920015 ) ) ;
#6551 = EDGE_CURVE ( 'NONE', #4436, #252, #4507, .T. ) ;
#6552 = EDGE_CURVE ( 'NONE', #4310, #982, #1941, .T. ) ;
#6553 = DIRECTION ( 'NONE',  ( 0.000000000000000000, 0.000000000000000000, -1.000000000000000000 ) ) ;
#6554 = ORIENTED_EDGE ( 'NONE', *, *, #223, .F. ) ;
#6555 = ORIENTED_EDGE ( 'NONE', *, *, #4961, .F. ) ;
#6556 = DIRECTION ( 'NONE',  ( 0.000000000000000000, 0.000000000000000000, -1.000000000000000000 ) ) ;
#6557 = VECTOR ( 'NONE', #6266, 1.000000000000000000 ) ;
#6558 = LINE ( 'NONE', #4858, #1149 ) ;
#6559 = ORIENTED_EDGE ( 'NONE', *, *, #6118, .T. ) ;
#6560 = EDGE_CURVE ( 'NONE', #4116, #2454, #1972, .T. ) ;
#6561 = CARTESIAN_POINT ( 'NONE',  ( 0.004300000000000580268, -0.002758153523764908781, 0.0005311922933474203488 ) ) ;
#6562 = VECTOR ( 'NONE', #448, 1.000000000000000000 ) ;
#6563 = CARTESIAN_POINT ( 'NONE',  ( 0.004300000000000580268, -0.004300000000000580268, -0.0004590108938549639886 ) ) ;
#6564 = EDGE_CURVE ( 'NONE', #4506, #6150, #14, .T. ) ;
#6565 = VECTOR ( 'NONE', #2957, 1.000000000000000000 ) ;
#6566 = CARTESIAN_POINT ( 'NONE',  ( 0.004300000000000580268, -0.002794153523871605559, 0.001015730190334277914 ) ) ;
#6567 = DIRECTION ( 'NONE',  ( 0.000000000000000000, 0.000000000000000000, 1.000000000000000000 ) ) ;
#6568 = ORIENTED_EDGE ( 'NONE', *, *, #5052, .T. ) ;
#6569 = CARTESIAN_POINT ( 'NONE',  ( 0.004300000000000580268, -0.002651802984834019869, 0.0004850363890238340299 ) ) ;
#6570 = VECTOR ( 'NONE', #5539, 1.000000000000000000 ) ;
#6571 = LINE ( 'NONE', #3553, #2213 ) ;
#6572 = DIRECTION ( 'NONE',  ( 0.000000000000000000, -1.000000000000000000, 0.000000000000000000 ) ) ;
#6573 = CARTESIAN_POINT ( 'NONE',  ( 0.003842800000000579780, 0.0003999999999999240166, -0.001425999999999880054 ) ) ;
#6574 = VERTEX_POINT ( 'NONE', #6120 ) ;
#6575 = SURFACE_STYLE_USAGE ( .BOTH. , #965 ) ;
#6576 = EDGE_LOOP ( 'NONE', ( #3579, #4072, #126, #465 ) ) ;
#6577 = LINE ( 'NONE', #5299, #1819 ) ;
#6578 = EDGE_LOOP ( 'NONE', ( #4054, #838, #2830, #2738 ) ) ;
#6579 = CARTESIAN_POINT ( 'NONE',  ( 0.004300000000000580268, -0.002660958840256079719, -9.078110309259959892E-05 ) ) ;
#6580 = CARTESIAN_POINT ( 'NONE',  ( 0.004300000000000579400, -0.002700647792861069364, 0.0002323153215133631072 ) ) ;
#6581 = VERTEX_POINT ( 'NONE', #3999 ) ;
#6582 = CARTESIAN_POINT ( 'NONE',  ( -0.003842800000000579780, 0.000000000000000000, 0.001425999999999880054 ) ) ;
#6583 = VECTOR ( 'NONE', #249, 1.000000000000000000 ) ;
#6584 = LINE ( 'NONE', #1575, #4016 ) ;
#6585 = CARTESIAN_POINT ( 'NONE',  ( -0.004024667864120360337, 0.0001246678641211770020, 0.001425999999999880054 ) ) ;
#6586 = ADVANCED_FACE ( 'NONE', ( #3065 ), #529, .F. ) ;
#6587 = EDGE_LOOP ( 'NONE', ( #1963, #844, #920 ) ) ;
#6588 = CARTESIAN_POINT ( 'NONE',  ( 0.004300000000000580268, -0.001968153523872019812, 0.0007530148890159780051 ) ) ;
#6589 = ORIENTED_EDGE ( 'NONE', *, *, #2906, .F. ) ;
#6590 = VECTOR ( 'NONE', #4352, 1.000000000000000000 ) ;
#6591 = FACE_OUTER_BOUND ( 'NONE', #4951, .T. ) ;
#6592 = EDGE_CURVE ( 'NONE', #3966, #2216, #3503, .T. ) ;
#6593 = VECTOR ( 'NONE', #6049, 1.000000000000000000 ) ;
#6594 = EDGE_LOOP ( 'NONE', ( #615, #1523, #2622, #283, #6254, #3600, #4211, #1518, #4869, #534, #4524, #4064 ) ) ;
#6595 = VECTOR ( 'NONE', #295, 1.000000000000000000 ) ;
#6596 = CARTESIAN_POINT ( 'NONE',  ( 0.004300000000000581135, -0.002541846203939750887, -2.269433136927529449E-05 ) ) ;
#6597 = CARTESIAN_POINT ( 'NONE',  ( 0.003042800000001239912, -0.002779999999999039750, 0.002150000000000039900 ) ) ;
#6598 = EDGE_CURVE ( 'NONE', #3867, #3479, #975, .T. ) ;
#6599 = DIRECTION ( 'NONE',  ( 1.000000000000000000, 0.000000000000000000, 0.000000000000000000 ) ) ;
#6600 = CARTESIAN_POINT ( 'NONE',  ( -0.003899999999999639866, -0.0003999999999999240166, 0.002150000000000039900 ) ) ;
#6601 = CARTESIAN_POINT ( 'NONE',  ( 0.004250000000000780064, -0.002764995330929300582, -0.0002687634428966413874 ) ) ;
#6602 = EDGE_CURVE ( 'NONE', #3155, #1209, #397, .T. ) ;
#6603 = ORIENTED_EDGE ( 'NONE', *, *, #1367, .F. ) ;
#6604 = DIRECTION ( 'NONE',  ( 1.000000000000000000, 0.000000000000000000, 0.000000000000000000 ) ) ;
#6605 = DIRECTION ( 'NONE',  ( 0.000000000000000000, 0.000000000000000000, 1.000000000000000000 ) ) ;
#6606 = DIRECTION ( 'NONE',  ( -1.000000000000000000, 0.000000000000000000, 0.000000000000000000 ) ) ;
#6607 = B_SPLINE_SURFACE_WITH_KNOTS ( 'NONE', 3, 1, ( 
 ( #407, #6561 ),
 ( #372, #6022 ),
 ( #2385, #6094 ),
 ( #5960, #854 ) ),
 .UNSPECIFIED., .F., .F., .F.,
 ( 4, 4 ),
 ( 2, 2 ),
 ( 0.009681228502396627827, 0.9919867504942139202 ),
 ( 0.000000000000000000, 1.000000000000000000 ),
 .UNSPECIFIED. ) ;
#6608 = EDGE_LOOP ( 'NONE', ( #779, #2436, #2893, #2712 ) ) ;
#6609 = ORIENTED_EDGE ( 'NONE', *, *, #2768, .T. ) ;
#6610 = LINE ( 'NONE', #6211, #1770 ) ;
#6611 = UNCERTAINTY_MEASURE_WITH_UNIT (LENGTH_MEASURE( 1.000000000000000082E-05 ), #5807, 'distance_accuracy_value', 'NONE');
#6612 = AXIS2_PLACEMENT_3D ( 'NONE', #1270, #6242, #5304 ) ;
#6613 = EDGE_LOOP ( 'NONE', ( #3106, #3101, #3460, #6333, #6303, #2410, #1914, #2230 ) ) ;
#6614 = LINE ( 'NONE', #2100, #4332 ) ;
#6615 = DIRECTION ( 'NONE',  ( 0.000000000000000000, -1.000000000000000000, 0.000000000000000000 ) ) ;
#6616 = ORIENTED_EDGE ( 'NONE', *, *, #5456, .T. ) ;
#6617 = DIRECTION ( 'NONE',  ( 0.000000000000000000, 0.000000000000000000, -1.000000000000000000 ) ) ;
#6618 = PLANE ( 'NONE',  #2641 ) ;
#6619 = VECTOR ( 'NONE', #2821, 1.000000000000000000 ) ;
#6620 = DIRECTION ( 'NONE',  ( -1.000000000000000000, 0.000000000000000000, 0.000000000000000000 ) ) ;
#6621 = ORIENTED_EDGE ( 'NONE', *, *, #4047, .T. ) ;
#6622 = CARTESIAN_POINT ( 'NONE',  ( 0.004300000000000579400, -0.002854962039750902607, 0.0001270209685082657062 ) ) ;
#6623 = DIRECTION ( 'NONE',  ( 0.000000000000000000, 0.000000000000000000, -1.000000000000000000 ) ) ;
#6624 = CARTESIAN_POINT ( 'NONE',  ( 0.003899999999999639866, -5.720000000000000122E-05, 0.001425999999999880054 ) ) ;
#6625 = AXIS2_PLACEMENT_3D ( 'NONE', #5120, #90, #5087 ) ;
#6626 = EDGE_CURVE ( 'NONE', #5217, #966, #5049, .T. ) ;
#6627 = ORIENTED_EDGE ( 'NONE', *, *, #5287, .F. ) ;
#6628 = CARTESIAN_POINT ( 'NONE',  ( -0.0002499999999999910063, -0.003600000000000839941, 0.0001500000000000099886 ) ) ;
#6629 = CARTESIAN_POINT ( 'NONE',  ( 0.003842800000000579780, -0.003600000000000839941, 0.001700000000000059970 ) ) ;
#6630 = EDGE_CURVE ( 'NONE', #5505, #4464, #6151, .T. ) ;
#6631 = CYLINDRICAL_SURFACE ( 'NONE', #3561, 0.0003810000000000000452 ) ;
#6632 = CARTESIAN_POINT ( 'NONE',  ( 0.004300000000000580268, -0.004300000000000580268, 0.0004572000000000000001 ) ) ;
#6633 = ORIENTED_EDGE ( 'NONE', *, *, #5864, .F. ) ;
#6634 = EDGE_CURVE ( 'NONE', #1608, #4190, #2054, .T. ) ;
#6635 = FACE_OUTER_BOUND ( 'NONE', #2512, .T. ) ;
#6636 = MANIFOLD_SOLID_BREP ( 'OS102011MS2QN1.stp', #3382 ) ;
ENDSEC;
END-ISO-10303-21;
