ISO-10303-21;
HEADER;
/* Generated by software containing ST-Developer
 * from STEP Tools, Inc. (www.steptools.com) 
 */

FILE_DESCRIPTION(
/* description */ (''),
/* implementation_level */ '2;1');

FILE_NAME(
/* name */ 
'\\\\192.168.1.249\\ctc\\\X2\4E0A4E0B84CB5716976267E58A628868\X0\\\Dat
a Sheet\X2\57169762\X0\\\\X2\5BA262365225\X0\\\(M)2TE-496_\X2\660E7DEF
\X0\\\DCWR\\\X2\585181A059166BBC\X0\\\MRQ150WR12(TAC-011-01)\\PACKAGE\\
MRQ150WR12.stp',
/* time_stamp */ '2024-04-24T13:04:07+08:00',
/* author */ ('ching'),
/* organization */ (''),
/* preprocessor_version */ 'ST-DEVELOPER v16.5',
/* originating_system */ 'Autodesk Inventor 2017',
/* authorisation */ '');

FILE_SCHEMA (('AUTOMOTIVE_DESIGN { 1 0 10303 214 3 1 1 }'));
ENDSEC;

DATA;
#10=MECHANICAL_DESIGN_GEOMETRIC_PRESENTATION_REPRESENTATION('',(#41,#42,
#43,#44,#49,#45,#46,#47,#48,#50,#51,#52,#53,#54),#5964);
#11=SHAPE_REPRESENTATION_RELATIONSHIP('SRR','None',#5973,#12);
#12=ADVANCED_BREP_SHAPE_REPRESENTATION('',(#55,#56,#57,#58,#59,#60,#61,
#62,#63,#64,#65,#66,#67,#68),#5963);
#13=CONICAL_SURFACE('',#1139,1.4795,45.);
#14=CONICAL_SURFACE('',#1141,1.4795,44.9999999999999);
#15=CONICAL_SURFACE('',#1143,1.4795,45.);
#16=CONICAL_SURFACE('',#1145,1.4795,44.9999999999999);
#17=CONICAL_SURFACE('',#1161,1.4795,45.);
#18=CONICAL_SURFACE('',#1163,1.4795,44.9999999999999);
#19=CONICAL_SURFACE('',#1165,1.4795,45.);
#20=CONICAL_SURFACE('',#1167,1.4795,44.9999999999999);
#21=B_SPLINE_SURFACE_WITH_KNOTS('',3,3,((#2469,#2470,#2471,#2472,#2473,
#2474,#2475,#2476,#2477,#2478,#2479,#2480,#2481,#2482,#2483,#2484,#2485,
#2486,#2487,#2488,#2489,#2490,#2491,#2492,#2493,#2494,#2495,#2496,#2497,
#2498,#2499,#2500,#2501,#2502,#2503,#2504,#2505,#2506,#2507,#2508,#2509,
#2510,#2511,#2512,#2513,#2514,#2515,#2516,#2517,#2518,#2519,#2520,#2521,
#2522,#2523,#2524,#2525,#2526,#2527,#2528,#2529,#2530,#2531,#2532,#2533,
#2534,#2535,#2536,#2537,#2538,#2539,#2540,#2541,#2542,#2543,#2544,#2545,
#2546,#2547,#2548,#2549,#2550,#2551,#2552,#2553,#2554,#2555,#2556,#2557,
#2558,#2559,#2560,#2561,#2562,#2563,#2564,#2565,#2566,#2567,#2568,#2569,
#2570,#2571,#2572,#2573,#2574,#2575,#2576,#2577,#2578,#2579,#2580,#2581,
#2582,#2583,#2584,#2585,#2586,#2587,#2588,#2589,#2590,#2591,#2592,#2593,
#2594,#2595,#2596,#2597,#2598,#2599,#2600,#2601,#2602,#2603,#2604,#2605,
#2606,#2607,#2608,#2609,#2610,#2611,#2612,#2613,#2614,#2615,#2616,#2617,
#2618,#2619,#2620,#2621,#2622,#2623,#2624,#2625),(#2626,#2627,#2628,#2629,
#2630,#2631,#2632,#2633,#2634,#2635,#2636,#2637,#2638,#2639,#2640,#2641,
#2642,#2643,#2644,#2645,#2646,#2647,#2648,#2649,#2650,#2651,#2652,#2653,
#2654,#2655,#2656,#2657,#2658,#2659,#2660,#2661,#2662,#2663,#2664,#2665,
#2666,#2667,#2668,#2669,#2670,#2671,#2672,#2673,#2674,#2675,#2676,#2677,
#2678,#2679,#2680,#2681,#2682,#2683,#2684,#2685,#2686,#2687,#2688,#2689,
#2690,#2691,#2692,#2693,#2694,#2695,#2696,#2697,#2698,#2699,#2700,#2701,
#2702,#2703,#2704,#2705,#2706,#2707,#2708,#2709,#2710,#2711,#2712,#2713,
#2714,#2715,#2716,#2717,#2718,#2719,#2720,#2721,#2722,#2723,#2724,#2725,
#2726,#2727,#2728,#2729,#2730,#2731,#2732,#2733,#2734,#2735,#2736,#2737,
#2738,#2739,#2740,#2741,#2742,#2743,#2744,#2745,#2746,#2747,#2748,#2749,
#2750,#2751,#2752,#2753,#2754,#2755,#2756,#2757,#2758,#2759,#2760,#2761,
#2762,#2763,#2764,#2765,#2766,#2767,#2768,#2769,#2770,#2771,#2772,#2773,
#2774,#2775,#2776,#2777,#2778,#2779,#2780,#2781,#2782),(#2783,#2784,#2785,
#2786,#2787,#2788,#2789,#2790,#2791,#2792,#2793,#2794,#2795,#2796,#2797,
#2798,#2799,#2800,#2801,#2802,#2803,#2804,#2805,#2806,#2807,#2808,#2809,
#2810,#2811,#2812,#2813,#2814,#2815,#2816,#2817,#2818,#2819,#2820,#2821,
#2822,#2823,#2824,#2825,#2826,#2827,#2828,#2829,#2830,#2831,#2832,#2833,
#2834,#2835,#2836,#2837,#2838,#2839,#2840,#2841,#2842,#2843,#2844,#2845,
#2846,#2847,#2848,#2849,#2850,#2851,#2852,#2853,#2854,#2855,#2856,#2857,
#2858,#2859,#2860,#2861,#2862,#2863,#2864,#2865,#2866,#2867,#2868,#2869,
#2870,#2871,#2872,#2873,#2874,#2875,#2876,#2877,#2878,#2879,#2880,#2881,
#2882,#2883,#2884,#2885,#2886,#2887,#2888,#2889,#2890,#2891,#2892,#2893,
#2894,#2895,#2896,#2897,#2898,#2899,#2900,#2901,#2902,#2903,#2904,#2905,
#2906,#2907,#2908,#2909,#2910,#2911,#2912,#2913,#2914,#2915,#2916,#2917,
#2918,#2919,#2920,#2921,#2922,#2923,#2924,#2925,#2926,#2927,#2928,#2929,
#2930,#2931,#2932,#2933,#2934,#2935,#2936,#2937,#2938,#2939),(#2940,#2941,
#2942,#2943,#2944,#2945,#2946,#2947,#2948,#2949,#2950,#2951,#2952,#2953,
#2954,#2955,#2956,#2957,#2958,#2959,#2960,#2961,#2962,#2963,#2964,#2965,
#2966,#2967,#2968,#2969,#2970,#2971,#2972,#2973,#2974,#2975,#2976,#2977,
#2978,#2979,#2980,#2981,#2982,#2983,#2984,#2985,#2986,#2987,#2988,#2989,
#2990,#2991,#2992,#2993,#2994,#2995,#2996,#2997,#2998,#2999,#3000,#3001,
#3002,#3003,#3004,#3005,#3006,#3007,#3008,#3009,#3010,#3011,#3012,#3013,
#3014,#3015,#3016,#3017,#3018,#3019,#3020,#3021,#3022,#3023,#3024,#3025,
#3026,#3027,#3028,#3029,#3030,#3031,#3032,#3033,#3034,#3035,#3036,#3037,
#3038,#3039,#3040,#3041,#3042,#3043,#3044,#3045,#3046,#3047,#3048,#3049,
#3050,#3051,#3052,#3053,#3054,#3055,#3056,#3057,#3058,#3059,#3060,#3061,
#3062,#3063,#3064,#3065,#3066,#3067,#3068,#3069,#3070,#3071,#3072,#3073,
#3074,#3075,#3076,#3077,#3078,#3079,#3080,#3081,#3082,#3083,#3084,#3085,
#3086,#3087,#3088,#3089,#3090,#3091,#3092,#3093,#3094,#3095,#3096)),
 .UNSPECIFIED.,.F.,.F.,.F.,(4,4),(4,1,1,1,1,1,1,1,1,1,1,1,1,1,1,1,1,1,1,
1,1,1,1,1,1,1,1,1,1,1,1,1,1,1,1,1,1,1,1,1,1,1,1,1,1,1,1,1,1,1,1,1,1,1,1,
1,1,1,1,1,1,1,1,1,1,1,1,1,1,1,1,1,1,1,1,1,1,1,1,1,1,1,1,1,1,1,1,1,1,1,1,
1,1,1,1,1,1,1,1,1,1,1,1,1,1,1,1,1,1,1,1,1,1,1,1,1,1,1,1,1,1,1,1,1,1,1,1,
1,1,1,1,1,1,1,1,1,1,1,1,1,1,1,1,1,1,1,1,1,1,1,1,1,1,1,4),(0.,0.03117691453624),
(14.2676633301377,15.2665265943609,16.2653898585841,17.2642531228073,18.2631163870304,
19.2619796512536,20.2608429154768,21.2597061797,22.2585694439232,23.2574327081464,
24.2562959723696,25.2551592365928,26.2540225008159,27.2528857650391,28.2517490292623,
29.2506122934855,30.2494755577087,31.2483388219319,32.2472020861551,33.2460653503783,
34.2449286146014,35.2437918788246,36.2426551430478,37.241518407271,38.2403816714942,
39.2392449357174,40.2381081999406,41.2369714641638,42.2358347283869,43.2346979926101,
44.2335612568333,45.2324245210565,46.2312877852797,47.2301510495029,48.2290143137261,
49.2278775779493,50.2267408421724,51.2256041063956,52.2244673706188,53.223330634842,
54.2221938990652,55.2210571632884,56.2199204275116,57.2187836917348,58.2176469559579,
59.2165102201811,60.2153734844043,61.2142367486275,62.2131000128507,63.2119632770739,
64.2108265412971,65.2096898055202,66.2085530697434,67.2074163339666,68.2062795981898,
69.205142862413,70.2040061266362,71.2028693908594,72.2017326550826,73.2005959193057,
74.1994591835289,75.1983224477521,76.1971857119753,77.1960489761985,78.1949122404217,
79.1937755046449,80.1926387688681,81.1915020330912,82.1903652973144,83.1892285615376,
84.1880918257608,85.186955089984,86.1858183542072,87.1846816184304,88.1835448826535,
89.1824081468767,90.1812714110999,91.1801346753231,92.1789979395463,93.1778612037695,
94.1767244679927,95.1755877322159,96.174450996439,97.1733142606622,98.1721775248854,
99.1710407891086,100.169904053332,101.168767317555,102.167630581778,103.166493846001,
104.165357110225,105.164220374448,106.163083638671,107.161946902894,108.160810167117,
109.15967343134,110.158536695564,111.157399959787,112.15626322401,113.155126488233,
114.153989752456,115.15285301668,116.151716280903,117.150579545126,118.149442809349,
119.148306073572,120.147169337796,121.146032602019,122.144895866242,123.143759130465,
124.142622394688,125.141485658911,126.140348923135,127.139212187358,128.138075451581,
129.136938715804,130.135801980027,131.134665244251,132.133528508474,133.132391772697,
134.13125503692,135.130118301143,136.128981565367,137.12784482959,138.126708093813,
139.125571358036,140.124434622259,141.123297886482,142.122161150706,143.121024414929,
144.119887679152,145.118750943375,146.117614207598,147.116477471822,148.115340736045,
149.114204000268,150.113067264491,151.111930528714,152.110793792938,153.109657057161,
154.108520321384,155.107383585607,156.10624684983,157.105110114054,158.103973378277,
159.1028366425,160.101699906723,161.100563170946,162.099426435169,163.098289699393,
164.097152963616,165.096016227839,166.094879492062,167.093742756285,168.092606020509),
 .UNSPECIFIED.);
#22=B_SPLINE_SURFACE_WITH_KNOTS('',3,3,((#3123,#3124,#3125,#3126,#3127,
#3128,#3129,#3130,#3131,#3132,#3133,#3134,#3135,#3136,#3137,#3138,#3139,
#3140,#3141,#3142,#3143,#3144,#3145,#3146,#3147,#3148,#3149,#3150,#3151,
#3152,#3153,#3154,#3155,#3156,#3157,#3158,#3159,#3160,#3161,#3162,#3163,
#3164,#3165,#3166,#3167,#3168,#3169,#3170,#3171,#3172,#3173,#3174,#3175,
#3176,#3177,#3178,#3179,#3180,#3181,#3182,#3183,#3184,#3185,#3186,#3187,
#3188,#3189,#3190,#3191,#3192,#3193,#3194,#3195,#3196,#3197,#3198,#3199,
#3200,#3201,#3202,#3203,#3204,#3205,#3206,#3207,#3208,#3209,#3210,#3211,
#3212,#3213,#3214,#3215,#3216,#3217,#3218,#3219,#3220,#3221,#3222,#3223,
#3224,#3225,#3226,#3227,#3228,#3229,#3230,#3231,#3232,#3233,#3234,#3235,
#3236,#3237,#3238,#3239,#3240,#3241,#3242,#3243,#3244,#3245,#3246,#3247,
#3248,#3249,#3250,#3251,#3252,#3253,#3254,#3255,#3256,#3257,#3258,#3259,
#3260,#3261,#3262,#3263,#3264,#3265,#3266,#3267,#3268,#3269,#3270,#3271,
#3272,#3273,#3274,#3275,#3276,#3277,#3278,#3279),(#3280,#3281,#3282,#3283,
#3284,#3285,#3286,#3287,#3288,#3289,#3290,#3291,#3292,#3293,#3294,#3295,
#3296,#3297,#3298,#3299,#3300,#3301,#3302,#3303,#3304,#3305,#3306,#3307,
#3308,#3309,#3310,#3311,#3312,#3313,#3314,#3315,#3316,#3317,#3318,#3319,
#3320,#3321,#3322,#3323,#3324,#3325,#3326,#3327,#3328,#3329,#3330,#3331,
#3332,#3333,#3334,#3335,#3336,#3337,#3338,#3339,#3340,#3341,#3342,#3343,
#3344,#3345,#3346,#3347,#3348,#3349,#3350,#3351,#3352,#3353,#3354,#3355,
#3356,#3357,#3358,#3359,#3360,#3361,#3362,#3363,#3364,#3365,#3366,#3367,
#3368,#3369,#3370,#3371,#3372,#3373,#3374,#3375,#3376,#3377,#3378,#3379,
#3380,#3381,#3382,#3383,#3384,#3385,#3386,#3387,#3388,#3389,#3390,#3391,
#3392,#3393,#3394,#3395,#3396,#3397,#3398,#3399,#3400,#3401,#3402,#3403,
#3404,#3405,#3406,#3407,#3408,#3409,#3410,#3411,#3412,#3413,#3414,#3415,
#3416,#3417,#3418,#3419,#3420,#3421,#3422,#3423,#3424,#3425,#3426,#3427,
#3428,#3429,#3430,#3431,#3432,#3433,#3434,#3435,#3436),(#3437,#3438,#3439,
#3440,#3441,#3442,#3443,#3444,#3445,#3446,#3447,#3448,#3449,#3450,#3451,
#3452,#3453,#3454,#3455,#3456,#3457,#3458,#3459,#3460,#3461,#3462,#3463,
#3464,#3465,#3466,#3467,#3468,#3469,#3470,#3471,#3472,#3473,#3474,#3475,
#3476,#3477,#3478,#3479,#3480,#3481,#3482,#3483,#3484,#3485,#3486,#3487,
#3488,#3489,#3490,#3491,#3492,#3493,#3494,#3495,#3496,#3497,#3498,#3499,
#3500,#3501,#3502,#3503,#3504,#3505,#3506,#3507,#3508,#3509,#3510,#3511,
#3512,#3513,#3514,#3515,#3516,#3517,#3518,#3519,#3520,#3521,#3522,#3523,
#3524,#3525,#3526,#3527,#3528,#3529,#3530,#3531,#3532,#3533,#3534,#3535,
#3536,#3537,#3538,#3539,#3540,#3541,#3542,#3543,#3544,#3545,#3546,#3547,
#3548,#3549,#3550,#3551,#3552,#3553,#3554,#3555,#3556,#3557,#3558,#3559,
#3560,#3561,#3562,#3563,#3564,#3565,#3566,#3567,#3568,#3569,#3570,#3571,
#3572,#3573,#3574,#3575,#3576,#3577,#3578,#3579,#3580,#3581,#3582,#3583,
#3584,#3585,#3586,#3587,#3588,#3589,#3590,#3591,#3592,#3593),(#3594,#3595,
#3596,#3597,#3598,#3599,#3600,#3601,#3602,#3603,#3604,#3605,#3606,#3607,
#3608,#3609,#3610,#3611,#3612,#3613,#3614,#3615,#3616,#3617,#3618,#3619,
#3620,#3621,#3622,#3623,#3624,#3625,#3626,#3627,#3628,#3629,#3630,#3631,
#3632,#3633,#3634,#3635,#3636,#3637,#3638,#3639,#3640,#3641,#3642,#3643,
#3644,#3645,#3646,#3647,#3648,#3649,#3650,#3651,#3652,#3653,#3654,#3655,
#3656,#3657,#3658,#3659,#3660,#3661,#3662,#3663,#3664,#3665,#3666,#3667,
#3668,#3669,#3670,#3671,#3672,#3673,#3674,#3675,#3676,#3677,#3678,#3679,
#3680,#3681,#3682,#3683,#3684,#3685,#3686,#3687,#3688,#3689,#3690,#3691,
#3692,#3693,#3694,#3695,#3696,#3697,#3698,#3699,#3700,#3701,#3702,#3703,
#3704,#3705,#3706,#3707,#3708,#3709,#3710,#3711,#3712,#3713,#3714,#3715,
#3716,#3717,#3718,#3719,#3720,#3721,#3722,#3723,#3724,#3725,#3726,#3727,
#3728,#3729,#3730,#3731,#3732,#3733,#3734,#3735,#3736,#3737,#3738,#3739,
#3740,#3741,#3742,#3743,#3744,#3745,#3746,#3747,#3748,#3749,#3750)),
 .UNSPECIFIED.,.F.,.F.,.F.,(4,4),(4,1,1,1,1,1,1,1,1,1,1,1,1,1,1,1,1,1,1,
1,1,1,1,1,1,1,1,1,1,1,1,1,1,1,1,1,1,1,1,1,1,1,1,1,1,1,1,1,1,1,1,1,1,1,1,
1,1,1,1,1,1,1,1,1,1,1,1,1,1,1,1,1,1,1,1,1,1,1,1,1,1,1,1,1,1,1,1,1,1,1,1,
1,1,1,1,1,1,1,1,1,1,1,1,1,1,1,1,1,1,1,1,1,1,1,1,1,1,1,1,1,1,1,1,1,1,1,1,
1,1,1,1,1,1,1,1,1,1,1,1,1,1,1,1,1,1,1,1,1,1,1,1,1,1,1,4),(0.,0.03117691453624),
(16.6330420105713,17.6319052747945,18.6307685390177,19.6296318032409,20.6284950674641,
21.6273583316873,22.6262215959105,23.6250848601337,24.6239481243568,25.62281138858,
26.6216746528032,27.6205379170264,28.6194011812496,29.6182644454728,30.617127709696,
31.6159909739191,32.6148542381423,33.6137175023655,34.6125807665887,35.6114440308119,
36.6103072950351,37.6091705592583,38.6080338234815,39.6068970877046,40.6057603519278,
41.604623616151,42.6034868803742,43.6023501445974,44.6012134088206,45.6000766730438,
46.5989399372669,47.5978032014901,48.5966664657133,49.5955297299365,50.5943929941597,
51.5932562583829,52.5921195226061,53.5909827868293,54.5898460510524,55.5887093152756,
56.5875725794988,57.586435843722,58.5852991079452,59.5841623721684,60.5830256363916,
61.5818889006148,62.5807521648379,63.5796154290611,64.5784786932843,65.5773419575075,
66.5762052217307,67.5750684859539,68.5739317501771,69.5727950144002,70.5716582786234,
71.5705215428466,72.5693848070698,73.568248071293,74.5671113355162,75.5659745997394,
76.5648378639626,77.5637011281858,78.5625643924089,79.5614276566321,80.5602909208553,
81.5591541850785,82.5580174493017,83.5568807135249,84.5557439777481,85.5546072419712,
86.5534705061944,87.5523337704176,88.5511970346408,89.550060298864,90.5489235630872,
91.5477868273104,92.5466500915336,93.5455133557567,94.5443766199799,95.5432398842031,
96.5421031484263,97.5409664126495,98.5398296768727,99.5386929410959,100.537556205319,
101.536419469542,102.535282733765,103.534145997989,104.533009262212,105.531872526435,
106.530735790658,107.529599054881,108.528462319105,109.527325583328,110.526188847551,
111.525052111774,112.523915375997,113.52277864022,114.521641904444,115.520505168667,
116.51936843289,117.518231697113,118.517094961336,119.51595822556,120.514821489783,
121.513684754006,122.512548018229,123.511411282452,124.510274546676,125.509137810899,
126.508001075122,127.506864339345,128.505727603568,129.504590867791,130.503454132015,
131.502317396238,132.501180660461,133.500043924684,134.498907188907,135.497770453131,
136.496633717354,137.495496981577,138.4943602458,139.493223510023,140.492086774247,
141.49095003847,142.489813302693,143.488676566916,144.487539831139,145.486403095362,
146.485266359586,147.484129623809,148.482992888032,149.481856152255,150.480719416478,
151.479582680702,152.478445944925,153.477309209148,154.476172473371,155.475035737594,
156.473899001818,157.472762266041,158.471625530264,159.470488794487,160.46935205871,
161.468215322933,162.467078587157,163.46594185138,164.464805115603,165.463668379826,
166.462531644049,167.461394908273,168.460258172496,169.459121436719,170.457984700942),
 .UNSPECIFIED.);
#23=B_SPLINE_SURFACE_WITH_KNOTS('',3,3,((#4571,#4572,#4573,#4574,#4575,
#4576,#4577,#4578,#4579,#4580,#4581,#4582,#4583,#4584,#4585,#4586,#4587,
#4588,#4589,#4590,#4591,#4592,#4593,#4594,#4595,#4596,#4597,#4598,#4599,
#4600,#4601,#4602,#4603,#4604,#4605,#4606,#4607,#4608,#4609,#4610,#4611,
#4612,#4613,#4614,#4615,#4616,#4617,#4618,#4619,#4620,#4621,#4622,#4623,
#4624,#4625,#4626,#4627,#4628,#4629,#4630,#4631,#4632,#4633,#4634,#4635,
#4636,#4637,#4638,#4639,#4640,#4641,#4642,#4643,#4644,#4645,#4646,#4647,
#4648,#4649,#4650,#4651,#4652,#4653,#4654,#4655,#4656,#4657,#4658,#4659,
#4660,#4661,#4662,#4663,#4664,#4665,#4666,#4667,#4668,#4669,#4670,#4671,
#4672,#4673,#4674,#4675,#4676,#4677,#4678,#4679,#4680,#4681,#4682,#4683,
#4684,#4685,#4686,#4687,#4688,#4689,#4690,#4691,#4692,#4693,#4694,#4695,
#4696,#4697,#4698,#4699,#4700,#4701,#4702,#4703,#4704,#4705,#4706,#4707,
#4708,#4709,#4710,#4711,#4712,#4713,#4714,#4715,#4716,#4717,#4718,#4719,
#4720,#4721,#4722,#4723,#4724,#4725,#4726,#4727),(#4728,#4729,#4730,#4731,
#4732,#4733,#4734,#4735,#4736,#4737,#4738,#4739,#4740,#4741,#4742,#4743,
#4744,#4745,#4746,#4747,#4748,#4749,#4750,#4751,#4752,#4753,#4754,#4755,
#4756,#4757,#4758,#4759,#4760,#4761,#4762,#4763,#4764,#4765,#4766,#4767,
#4768,#4769,#4770,#4771,#4772,#4773,#4774,#4775,#4776,#4777,#4778,#4779,
#4780,#4781,#4782,#4783,#4784,#4785,#4786,#4787,#4788,#4789,#4790,#4791,
#4792,#4793,#4794,#4795,#4796,#4797,#4798,#4799,#4800,#4801,#4802,#4803,
#4804,#4805,#4806,#4807,#4808,#4809,#4810,#4811,#4812,#4813,#4814,#4815,
#4816,#4817,#4818,#4819,#4820,#4821,#4822,#4823,#4824,#4825,#4826,#4827,
#4828,#4829,#4830,#4831,#4832,#4833,#4834,#4835,#4836,#4837,#4838,#4839,
#4840,#4841,#4842,#4843,#4844,#4845,#4846,#4847,#4848,#4849,#4850,#4851,
#4852,#4853,#4854,#4855,#4856,#4857,#4858,#4859,#4860,#4861,#4862,#4863,
#4864,#4865,#4866,#4867,#4868,#4869,#4870,#4871,#4872,#4873,#4874,#4875,
#4876,#4877,#4878,#4879,#4880,#4881,#4882,#4883,#4884),(#4885,#4886,#4887,
#4888,#4889,#4890,#4891,#4892,#4893,#4894,#4895,#4896,#4897,#4898,#4899,
#4900,#4901,#4902,#4903,#4904,#4905,#4906,#4907,#4908,#4909,#4910,#4911,
#4912,#4913,#4914,#4915,#4916,#4917,#4918,#4919,#4920,#4921,#4922,#4923,
#4924,#4925,#4926,#4927,#4928,#4929,#4930,#4931,#4932,#4933,#4934,#4935,
#4936,#4937,#4938,#4939,#4940,#4941,#4942,#4943,#4944,#4945,#4946,#4947,
#4948,#4949,#4950,#4951,#4952,#4953,#4954,#4955,#4956,#4957,#4958,#4959,
#4960,#4961,#4962,#4963,#4964,#4965,#4966,#4967,#4968,#4969,#4970,#4971,
#4972,#4973,#4974,#4975,#4976,#4977,#4978,#4979,#4980,#4981,#4982,#4983,
#4984,#4985,#4986,#4987,#4988,#4989,#4990,#4991,#4992,#4993,#4994,#4995,
#4996,#4997,#4998,#4999,#5000,#5001,#5002,#5003,#5004,#5005,#5006,#5007,
#5008,#5009,#5010,#5011,#5012,#5013,#5014,#5015,#5016,#5017,#5018,#5019,
#5020,#5021,#5022,#5023,#5024,#5025,#5026,#5027,#5028,#5029,#5030,#5031,
#5032,#5033,#5034,#5035,#5036,#5037,#5038,#5039,#5040,#5041),(#5042,#5043,
#5044,#5045,#5046,#5047,#5048,#5049,#5050,#5051,#5052,#5053,#5054,#5055,
#5056,#5057,#5058,#5059,#5060,#5061,#5062,#5063,#5064,#5065,#5066,#5067,
#5068,#5069,#5070,#5071,#5072,#5073,#5074,#5075,#5076,#5077,#5078,#5079,
#5080,#5081,#5082,#5083,#5084,#5085,#5086,#5087,#5088,#5089,#5090,#5091,
#5092,#5093,#5094,#5095,#5096,#5097,#5098,#5099,#5100,#5101,#5102,#5103,
#5104,#5105,#5106,#5107,#5108,#5109,#5110,#5111,#5112,#5113,#5114,#5115,
#5116,#5117,#5118,#5119,#5120,#5121,#5122,#5123,#5124,#5125,#5126,#5127,
#5128,#5129,#5130,#5131,#5132,#5133,#5134,#5135,#5136,#5137,#5138,#5139,
#5140,#5141,#5142,#5143,#5144,#5145,#5146,#5147,#5148,#5149,#5150,#5151,
#5152,#5153,#5154,#5155,#5156,#5157,#5158,#5159,#5160,#5161,#5162,#5163,
#5164,#5165,#5166,#5167,#5168,#5169,#5170,#5171,#5172,#5173,#5174,#5175,
#5176,#5177,#5178,#5179,#5180,#5181,#5182,#5183,#5184,#5185,#5186,#5187,
#5188,#5189,#5190,#5191,#5192,#5193,#5194,#5195,#5196,#5197,#5198)),
 .UNSPECIFIED.,.F.,.F.,.F.,(4,4),(4,1,1,1,1,1,1,1,1,1,1,1,1,1,1,1,1,1,1,
1,1,1,1,1,1,1,1,1,1,1,1,1,1,1,1,1,1,1,1,1,1,1,1,1,1,1,1,1,1,1,1,1,1,1,1,
1,1,1,1,1,1,1,1,1,1,1,1,1,1,1,1,1,1,1,1,1,1,1,1,1,1,1,1,1,1,1,1,1,1,1,1,
1,1,1,1,1,1,1,1,1,1,1,1,1,1,1,1,1,1,1,1,1,1,1,1,1,1,1,1,1,1,1,1,1,1,1,1,
1,1,1,1,1,1,1,1,1,1,1,1,1,1,1,1,1,1,1,1,1,1,1,1,1,1,1,4),(0.,0.03117691453624),
(14.2676633301377,15.2665265943609,16.2653898585841,17.2642531228073,18.2631163870304,
19.2619796512536,20.2608429154768,21.2597061797,22.2585694439232,23.2574327081464,
24.2562959723696,25.2551592365928,26.2540225008159,27.2528857650391,28.2517490292623,
29.2506122934855,30.2494755577087,31.2483388219319,32.2472020861551,33.2460653503783,
34.2449286146014,35.2437918788246,36.2426551430478,37.241518407271,38.2403816714942,
39.2392449357174,40.2381081999406,41.2369714641638,42.2358347283869,43.2346979926101,
44.2335612568333,45.2324245210565,46.2312877852797,47.2301510495029,48.2290143137261,
49.2278775779493,50.2267408421724,51.2256041063956,52.2244673706188,53.223330634842,
54.2221938990652,55.2210571632884,56.2199204275116,57.2187836917348,58.2176469559579,
59.2165102201811,60.2153734844043,61.2142367486275,62.2131000128507,63.2119632770739,
64.2108265412971,65.2096898055202,66.2085530697434,67.2074163339666,68.2062795981898,
69.205142862413,70.2040061266362,71.2028693908594,72.2017326550826,73.2005959193057,
74.1994591835289,75.1983224477521,76.1971857119753,77.1960489761985,78.1949122404217,
79.1937755046449,80.1926387688681,81.1915020330912,82.1903652973144,83.1892285615376,
84.1880918257608,85.186955089984,86.1858183542072,87.1846816184304,88.1835448826535,
89.1824081468767,90.1812714110999,91.1801346753231,92.1789979395463,93.1778612037695,
94.1767244679927,95.1755877322159,96.174450996439,97.1733142606622,98.1721775248854,
99.1710407891086,100.169904053332,101.168767317555,102.167630581778,103.166493846001,
104.165357110225,105.164220374448,106.163083638671,107.161946902894,108.160810167117,
109.15967343134,110.158536695564,111.157399959787,112.15626322401,113.155126488233,
114.153989752456,115.15285301668,116.151716280903,117.150579545126,118.149442809349,
119.148306073572,120.147169337796,121.146032602019,122.144895866242,123.143759130465,
124.142622394688,125.141485658911,126.140348923135,127.139212187358,128.138075451581,
129.136938715804,130.135801980027,131.134665244251,132.133528508474,133.132391772697,
134.13125503692,135.130118301143,136.128981565367,137.12784482959,138.126708093813,
139.125571358036,140.124434622259,141.123297886482,142.122161150706,143.121024414929,
144.119887679152,145.118750943375,146.117614207598,147.116477471822,148.115340736045,
149.114204000268,150.113067264491,151.111930528714,152.110793792938,153.109657057161,
154.108520321384,155.107383585607,156.10624684983,157.105110114054,158.103973378277,
159.1028366425,160.101699906723,161.100563170946,162.099426435169,163.098289699393,
164.097152963616,165.096016227839,166.094879492062,167.093742756285,168.092606020509),
 .UNSPECIFIED.);
#24=B_SPLINE_SURFACE_WITH_KNOTS('',3,3,((#5225,#5226,#5227,#5228,#5229,
#5230,#5231,#5232,#5233,#5234,#5235,#5236,#5237,#5238,#5239,#5240,#5241,
#5242,#5243,#5244,#5245,#5246,#5247,#5248,#5249,#5250,#5251,#5252,#5253,
#5254,#5255,#5256,#5257,#5258,#5259,#5260,#5261,#5262,#5263,#5264,#5265,
#5266,#5267,#5268,#5269,#5270,#5271,#5272,#5273,#5274,#5275,#5276,#5277,
#5278,#5279,#5280,#5281,#5282,#5283,#5284,#5285,#5286,#5287,#5288,#5289,
#5290,#5291,#5292,#5293,#5294,#5295,#5296,#5297,#5298,#5299,#5300,#5301,
#5302,#5303,#5304,#5305,#5306,#5307,#5308,#5309,#5310,#5311,#5312,#5313,
#5314,#5315,#5316,#5317,#5318,#5319,#5320,#5321,#5322,#5323,#5324,#5325,
#5326,#5327,#5328,#5329,#5330,#5331,#5332,#5333,#5334,#5335,#5336,#5337,
#5338,#5339,#5340,#5341,#5342,#5343,#5344,#5345,#5346,#5347,#5348,#5349,
#5350,#5351,#5352,#5353,#5354,#5355,#5356,#5357,#5358,#5359,#5360,#5361,
#5362,#5363,#5364,#5365,#5366,#5367,#5368,#5369,#5370,#5371,#5372,#5373,
#5374,#5375,#5376,#5377,#5378,#5379,#5380,#5381),(#5382,#5383,#5384,#5385,
#5386,#5387,#5388,#5389,#5390,#5391,#5392,#5393,#5394,#5395,#5396,#5397,
#5398,#5399,#5400,#5401,#5402,#5403,#5404,#5405,#5406,#5407,#5408,#5409,
#5410,#5411,#5412,#5413,#5414,#5415,#5416,#5417,#5418,#5419,#5420,#5421,
#5422,#5423,#5424,#5425,#5426,#5427,#5428,#5429,#5430,#5431,#5432,#5433,
#5434,#5435,#5436,#5437,#5438,#5439,#5440,#5441,#5442,#5443,#5444,#5445,
#5446,#5447,#5448,#5449,#5450,#5451,#5452,#5453,#5454,#5455,#5456,#5457,
#5458,#5459,#5460,#5461,#5462,#5463,#5464,#5465,#5466,#5467,#5468,#5469,
#5470,#5471,#5472,#5473,#5474,#5475,#5476,#5477,#5478,#5479,#5480,#5481,
#5482,#5483,#5484,#5485,#5486,#5487,#5488,#5489,#5490,#5491,#5492,#5493,
#5494,#5495,#5496,#5497,#5498,#5499,#5500,#5501,#5502,#5503,#5504,#5505,
#5506,#5507,#5508,#5509,#5510,#5511,#5512,#5513,#5514,#5515,#5516,#5517,
#5518,#5519,#5520,#5521,#5522,#5523,#5524,#5525,#5526,#5527,#5528,#5529,
#5530,#5531,#5532,#5533,#5534,#5535,#5536,#5537,#5538),(#5539,#5540,#5541,
#5542,#5543,#5544,#5545,#5546,#5547,#5548,#5549,#5550,#5551,#5552,#5553,
#5554,#5555,#5556,#5557,#5558,#5559,#5560,#5561,#5562,#5563,#5564,#5565,
#5566,#5567,#5568,#5569,#5570,#5571,#5572,#5573,#5574,#5575,#5576,#5577,
#5578,#5579,#5580,#5581,#5582,#5583,#5584,#5585,#5586,#5587,#5588,#5589,
#5590,#5591,#5592,#5593,#5594,#5595,#5596,#5597,#5598,#5599,#5600,#5601,
#5602,#5603,#5604,#5605,#5606,#5607,#5608,#5609,#5610,#5611,#5612,#5613,
#5614,#5615,#5616,#5617,#5618,#5619,#5620,#5621,#5622,#5623,#5624,#5625,
#5626,#5627,#5628,#5629,#5630,#5631,#5632,#5633,#5634,#5635,#5636,#5637,
#5638,#5639,#5640,#5641,#5642,#5643,#5644,#5645,#5646,#5647,#5648,#5649,
#5650,#5651,#5652,#5653,#5654,#5655,#5656,#5657,#5658,#5659,#5660,#5661,
#5662,#5663,#5664,#5665,#5666,#5667,#5668,#5669,#5670,#5671,#5672,#5673,
#5674,#5675,#5676,#5677,#5678,#5679,#5680,#5681,#5682,#5683,#5684,#5685,
#5686,#5687,#5688,#5689,#5690,#5691,#5692,#5693,#5694,#5695),(#5696,#5697,
#5698,#5699,#5700,#5701,#5702,#5703,#5704,#5705,#5706,#5707,#5708,#5709,
#5710,#5711,#5712,#5713,#5714,#5715,#5716,#5717,#5718,#5719,#5720,#5721,
#5722,#5723,#5724,#5725,#5726,#5727,#5728,#5729,#5730,#5731,#5732,#5733,
#5734,#5735,#5736,#5737,#5738,#5739,#5740,#5741,#5742,#5743,#5744,#5745,
#5746,#5747,#5748,#5749,#5750,#5751,#5752,#5753,#5754,#5755,#5756,#5757,
#5758,#5759,#5760,#5761,#5762,#5763,#5764,#5765,#5766,#5767,#5768,#5769,
#5770,#5771,#5772,#5773,#5774,#5775,#5776,#5777,#5778,#5779,#5780,#5781,
#5782,#5783,#5784,#5785,#5786,#5787,#5788,#5789,#5790,#5791,#5792,#5793,
#5794,#5795,#5796,#5797,#5798,#5799,#5800,#5801,#5802,#5803,#5804,#5805,
#5806,#5807,#5808,#5809,#5810,#5811,#5812,#5813,#5814,#5815,#5816,#5817,
#5818,#5819,#5820,#5821,#5822,#5823,#5824,#5825,#5826,#5827,#5828,#5829,
#5830,#5831,#5832,#5833,#5834,#5835,#5836,#5837,#5838,#5839,#5840,#5841,
#5842,#5843,#5844,#5845,#5846,#5847,#5848,#5849,#5850,#5851,#5852)),
 .UNSPECIFIED.,.F.,.F.,.F.,(4,4),(4,1,1,1,1,1,1,1,1,1,1,1,1,1,1,1,1,1,1,
1,1,1,1,1,1,1,1,1,1,1,1,1,1,1,1,1,1,1,1,1,1,1,1,1,1,1,1,1,1,1,1,1,1,1,1,
1,1,1,1,1,1,1,1,1,1,1,1,1,1,1,1,1,1,1,1,1,1,1,1,1,1,1,1,1,1,1,1,1,1,1,1,
1,1,1,1,1,1,1,1,1,1,1,1,1,1,1,1,1,1,1,1,1,1,1,1,1,1,1,1,1,1,1,1,1,1,1,1,
1,1,1,1,1,1,1,1,1,1,1,1,1,1,1,1,1,1,1,1,1,1,1,1,1,1,1,4),(0.,0.03117691453624),
(16.6330420105713,17.6319052747945,18.6307685390177,19.6296318032409,20.6284950674641,
21.6273583316873,22.6262215959105,23.6250848601337,24.6239481243568,25.62281138858,
26.6216746528032,27.6205379170264,28.6194011812496,29.6182644454728,30.617127709696,
31.6159909739191,32.6148542381423,33.6137175023655,34.6125807665887,35.6114440308119,
36.6103072950351,37.6091705592583,38.6080338234815,39.6068970877046,40.6057603519278,
41.604623616151,42.6034868803742,43.6023501445974,44.6012134088206,45.6000766730438,
46.5989399372669,47.5978032014901,48.5966664657133,49.5955297299365,50.5943929941597,
51.5932562583829,52.5921195226061,53.5909827868293,54.5898460510524,55.5887093152756,
56.5875725794988,57.586435843722,58.5852991079452,59.5841623721684,60.5830256363916,
61.5818889006148,62.5807521648379,63.5796154290611,64.5784786932843,65.5773419575075,
66.5762052217307,67.5750684859539,68.5739317501771,69.5727950144002,70.5716582786234,
71.5705215428466,72.5693848070698,73.568248071293,74.5671113355162,75.5659745997394,
76.5648378639626,77.5637011281858,78.5625643924089,79.5614276566321,80.5602909208553,
81.5591541850785,82.5580174493017,83.5568807135249,84.5557439777481,85.5546072419712,
86.5534705061944,87.5523337704176,88.5511970346408,89.550060298864,90.5489235630872,
91.5477868273104,92.5466500915336,93.5455133557567,94.5443766199799,95.5432398842031,
96.5421031484263,97.5409664126495,98.5398296768727,99.5386929410959,100.537556205319,
101.536419469542,102.535282733765,103.534145997989,104.533009262212,105.531872526435,
106.530735790658,107.529599054881,108.528462319105,109.527325583328,110.526188847551,
111.525052111774,112.523915375997,113.52277864022,114.521641904444,115.520505168667,
116.51936843289,117.518231697113,118.517094961336,119.51595822556,120.514821489783,
121.513684754006,122.512548018229,123.511411282452,124.510274546676,125.509137810899,
126.508001075122,127.506864339345,128.505727603568,129.504590867791,130.503454132015,
131.502317396238,132.501180660461,133.500043924684,134.498907188907,135.497770453131,
136.496633717354,137.495496981577,138.4943602458,139.493223510023,140.492086774247,
141.49095003847,142.489813302693,143.488676566916,144.487539831139,145.486403095362,
146.485266359586,147.484129623809,148.482992888032,149.481856152255,150.480719416478,
151.479582680702,152.478445944925,153.477309209148,154.476172473371,155.475035737594,
156.473899001818,157.472762266041,158.471625530264,159.470488794487,160.46935205871,
161.468215322933,162.467078587157,163.46594185138,164.464805115603,165.463668379826,
166.462531644049,167.461394908273,168.460258172496,169.459121436719,170.457984700942),
 .UNSPECIFIED.);
#25=B_SPLINE_CURVE_WITH_KNOTS('',3,(#1703,#1704,#1705,#1706,#1707,#1708,
#1709,#1710,#1711,#1712,#1713,#1714,#1715,#1716,#1717,#1718,#1719,#1720,
#1721,#1722,#1723,#1724,#1725,#1726,#1727,#1728,#1729,#1730,#1731,#1732,
#1733,#1734,#1735,#1736,#1737,#1738,#1739,#1740,#1741,#1742,#1743,#1744,
#1745,#1746,#1747,#1748,#1749,#1750,#1751,#1752,#1753,#1754,#1755,#1756,
#1757,#1758,#1759,#1760,#1761,#1762,#1763,#1764,#1765,#1766,#1767,#1768,
#1769,#1770,#1771,#1772,#1773,#1774,#1775,#1776,#1777,#1778,#1779,#1780,
#1781,#1782,#1783,#1784,#1785,#1786,#1787,#1788,#1789,#1790,#1791,#1792,
#1793,#1794,#1795,#1796,#1797,#1798,#1799,#1800,#1801,#1802,#1803,#1804,
#1805,#1806,#1807,#1808,#1809,#1810,#1811,#1812,#1813,#1814,#1815,#1816,
#1817,#1818,#1819,#1820,#1821,#1822,#1823,#1824,#1825,#1826,#1827,#1828,
#1829,#1830,#1831,#1832,#1833,#1834,#1835,#1836,#1837,#1838,#1839,#1840,
#1841,#1842,#1843,#1844,#1845,#1846,#1847,#1848,#1849,#1850,#1851,#1852,
#1853,#1854,#1855,#1856,#1857,#1858,#1859),.UNSPECIFIED.,.F.,.F.,(4,1,1,
1,1,1,1,1,1,1,1,1,1,1,1,1,1,1,1,1,1,1,1,1,1,1,1,1,1,1,1,1,1,1,1,1,1,1,1,
1,1,1,1,1,1,1,1,1,1,1,1,1,1,1,1,1,1,1,1,1,1,1,1,1,1,1,1,1,1,1,1,1,1,1,1,
1,1,1,1,1,1,1,1,1,1,1,1,1,1,1,1,1,1,1,1,1,1,1,1,1,1,1,1,1,1,1,1,1,1,1,1,
1,1,1,1,1,1,1,1,1,1,1,1,1,1,1,1,1,1,1,1,1,1,1,1,1,1,1,1,1,1,1,1,1,1,1,1,
1,1,1,1,1,1,1,4),(16.6330420105713,17.6319052747945,18.6307685390177,19.6296318032409,
20.6284950674641,21.6273583316873,22.6262215959105,23.6250848601337,24.6239481243568,
25.62281138858,26.6216746528032,27.6205379170264,28.6194011812496,29.6182644454728,
30.617127709696,31.6159909739191,32.6148542381423,33.6137175023655,34.6125807665887,
35.6114440308119,36.6103072950351,37.6091705592583,38.6080338234815,39.6068970877046,
40.6057603519278,41.604623616151,42.6034868803742,43.6023501445974,44.6012134088206,
45.6000766730438,46.5989399372669,47.5978032014901,48.5966664657133,49.5955297299365,
50.5943929941597,51.5932562583829,52.5921195226061,53.5909827868293,54.5898460510524,
55.5887093152756,56.5875725794988,57.586435843722,58.5852991079452,59.5841623721684,
60.5830256363916,61.5818889006148,62.5807521648379,63.5796154290611,64.5784786932843,
65.5773419575075,66.5762052217307,67.5750684859539,68.5739317501771,69.5727950144002,
70.5716582786234,71.5705215428466,72.5693848070698,73.568248071293,74.5671113355162,
75.5659745997394,76.5648378639626,77.5637011281858,78.5625643924089,79.5614276566321,
80.5602909208553,81.5591541850785,82.5580174493017,83.5568807135249,84.5557439777481,
85.5546072419712,86.5534705061944,87.5523337704176,88.5511970346408,89.550060298864,
90.5489235630872,91.5477868273104,92.5466500915336,93.5455133557567,94.5443766199799,
95.5432398842031,96.5421031484263,97.5409664126495,98.5398296768727,99.5386929410959,
100.537556205319,101.536419469542,102.535282733765,103.534145997989,104.533009262212,
105.531872526435,106.530735790658,107.529599054881,108.528462319105,109.527325583328,
110.526188847551,111.525052111774,112.523915375997,113.52277864022,114.521641904444,
115.520505168667,116.51936843289,117.518231697113,118.517094961336,119.51595822556,
120.514821489783,121.513684754006,122.512548018229,123.511411282452,124.510274546676,
125.509137810899,126.508001075122,127.506864339345,128.505727603568,129.504590867791,
130.503454132015,131.502317396238,132.501180660461,133.500043924684,134.498907188907,
135.497770453131,136.496633717354,137.495496981577,138.4943602458,139.493223510023,
140.492086774247,141.49095003847,142.489813302693,143.488676566916,144.487539831139,
145.486403095362,146.485266359586,147.484129623809,148.482992888032,149.481856152255,
150.480719416478,151.479582680702,152.478445944925,153.477309209148,154.476172473371,
155.475035737594,156.473899001818,157.472762266041,158.471625530264,159.470488794487,
160.46935205871,161.468215322933,162.467078587157,163.46594185138,164.464805115603,
165.463668379826,166.462531644049,167.461394908273,168.460258172496,169.459121436719,
170.457984700942),.UNSPECIFIED.);
#26=B_SPLINE_CURVE_WITH_KNOTS('',3,(#1862,#1863,#1864,#1865,#1866,#1867,
#1868,#1869,#1870,#1871,#1872,#1873,#1874,#1875,#1876,#1877,#1878,#1879,
#1880,#1881,#1882,#1883,#1884,#1885,#1886,#1887,#1888,#1889,#1890,#1891,
#1892,#1893,#1894,#1895,#1896,#1897,#1898,#1899,#1900,#1901,#1902,#1903,
#1904,#1905,#1906,#1907,#1908,#1909,#1910,#1911,#1912,#1913,#1914,#1915,
#1916,#1917,#1918,#1919,#1920,#1921,#1922,#1923,#1924,#1925,#1926,#1927,
#1928,#1929,#1930,#1931,#1932,#1933,#1934,#1935,#1936,#1937,#1938,#1939,
#1940,#1941,#1942,#1943,#1944,#1945,#1946,#1947,#1948,#1949,#1950,#1951,
#1952,#1953,#1954,#1955,#1956,#1957,#1958,#1959,#1960,#1961,#1962,#1963,
#1964,#1965,#1966,#1967,#1968,#1969,#1970,#1971,#1972,#1973,#1974,#1975,
#1976,#1977,#1978,#1979,#1980,#1981,#1982,#1983,#1984,#1985,#1986,#1987,
#1988,#1989,#1990,#1991,#1992,#1993,#1994,#1995,#1996,#1997,#1998,#1999,
#2000,#2001,#2002,#2003,#2004,#2005,#2006,#2007,#2008,#2009,#2010,#2011,
#2012,#2013,#2014,#2015,#2016,#2017,#2018),.UNSPECIFIED.,.F.,.F.,(4,1,1,
1,1,1,1,1,1,1,1,1,1,1,1,1,1,1,1,1,1,1,1,1,1,1,1,1,1,1,1,1,1,1,1,1,1,1,1,
1,1,1,1,1,1,1,1,1,1,1,1,1,1,1,1,1,1,1,1,1,1,1,1,1,1,1,1,1,1,1,1,1,1,1,1,
1,1,1,1,1,1,1,1,1,1,1,1,1,1,1,1,1,1,1,1,1,1,1,1,1,1,1,1,1,1,1,1,1,1,1,1,
1,1,1,1,1,1,1,1,1,1,1,1,1,1,1,1,1,1,1,1,1,1,1,1,1,1,1,1,1,1,1,1,1,1,1,1,
1,1,1,1,1,1,1,4),(14.2676633301377,15.2665265943609,16.2653898585841,17.2642531228073,
18.2631163870304,19.2619796512536,20.2608429154768,21.2597061797,22.2585694439232,
23.2574327081464,24.2562959723696,25.2551592365928,26.2540225008159,27.2528857650391,
28.2517490292623,29.2506122934855,30.2494755577087,31.2483388219319,32.2472020861551,
33.2460653503783,34.2449286146014,35.2437918788246,36.2426551430478,37.241518407271,
38.2403816714942,39.2392449357174,40.2381081999406,41.2369714641638,42.2358347283869,
43.2346979926101,44.2335612568333,45.2324245210565,46.2312877852797,47.2301510495029,
48.2290143137261,49.2278775779493,50.2267408421724,51.2256041063956,52.2244673706188,
53.223330634842,54.2221938990652,55.2210571632884,56.2199204275116,57.2187836917348,
58.2176469559579,59.2165102201811,60.2153734844043,61.2142367486275,62.2131000128507,
63.2119632770739,64.2108265412971,65.2096898055202,66.2085530697434,67.2074163339666,
68.2062795981898,69.205142862413,70.2040061266362,71.2028693908594,72.2017326550826,
73.2005959193057,74.1994591835289,75.1983224477521,76.1971857119753,77.1960489761985,
78.1949122404217,79.1937755046449,80.1926387688681,81.1915020330912,82.1903652973144,
83.1892285615376,84.1880918257608,85.186955089984,86.1858183542072,87.1846816184304,
88.1835448826535,89.1824081468767,90.1812714110999,91.1801346753231,92.1789979395463,
93.1778612037695,94.1767244679927,95.1755877322159,96.174450996439,97.1733142606622,
98.1721775248854,99.1710407891086,100.169904053332,101.168767317555,102.167630581778,
103.166493846001,104.165357110225,105.164220374448,106.163083638671,107.161946902894,
108.160810167117,109.15967343134,110.158536695564,111.157399959787,112.15626322401,
113.155126488233,114.153989752456,115.15285301668,116.151716280903,117.150579545126,
118.149442809349,119.148306073572,120.147169337796,121.146032602019,122.144895866242,
123.143759130465,124.142622394688,125.141485658911,126.140348923135,127.139212187358,
128.138075451581,129.136938715804,130.135801980027,131.134665244251,132.133528508474,
133.132391772697,134.13125503692,135.130118301143,136.128981565367,137.12784482959,
138.126708093813,139.125571358036,140.124434622259,141.123297886482,142.122161150706,
143.121024414929,144.119887679152,145.118750943375,146.117614207598,147.116477471822,
148.115340736045,149.114204000268,150.113067264491,151.111930528714,152.110793792938,
153.109657057161,154.108520321384,155.107383585607,156.10624684983,157.105110114054,
158.103973378277,159.1028366425,160.101699906723,161.100563170946,162.099426435169,
163.098289699393,164.097152963616,165.096016227839,166.094879492062,167.093742756285,
168.092606020509),.UNSPECIFIED.);
#27=B_SPLINE_CURVE_WITH_KNOTS('',3,(#2023,#2024,#2025,#2026,#2027,#2028,
#2029,#2030,#2031,#2032,#2033,#2034,#2035,#2036,#2037,#2038,#2039,#2040,
#2041,#2042,#2043,#2044,#2045,#2046,#2047,#2048,#2049,#2050,#2051,#2052,
#2053,#2054,#2055,#2056,#2057,#2058,#2059,#2060,#2061,#2062,#2063,#2064,
#2065,#2066,#2067,#2068,#2069,#2070,#2071,#2072,#2073,#2074,#2075,#2076,
#2077,#2078,#2079,#2080,#2081,#2082,#2083,#2084,#2085,#2086,#2087,#2088,
#2089,#2090,#2091,#2092,#2093,#2094,#2095,#2096,#2097,#2098,#2099,#2100,
#2101,#2102,#2103,#2104,#2105,#2106,#2107,#2108,#2109,#2110,#2111,#2112,
#2113,#2114,#2115,#2116,#2117,#2118,#2119,#2120,#2121,#2122,#2123,#2124,
#2125,#2126,#2127,#2128,#2129,#2130,#2131,#2132,#2133,#2134,#2135,#2136,
#2137,#2138,#2139,#2140,#2141,#2142,#2143,#2144,#2145,#2146,#2147,#2148,
#2149,#2150,#2151,#2152,#2153,#2154,#2155,#2156,#2157,#2158,#2159,#2160,
#2161,#2162,#2163,#2164,#2165,#2166,#2167,#2168,#2169,#2170,#2171,#2172,
#2173,#2174,#2175,#2176,#2177,#2178,#2179,#2180,#2181,#2182,#2183,#2184,
#2185,#2186,#2187,#2188,#2189,#2190,#2191,#2192,#2193,#2194,#2195,#2196,
#2197,#2198,#2199,#2200,#2201,#2202,#2203,#2204,#2205,#2206,#2207,#2208,
#2209,#2210,#2211,#2212,#2213,#2214,#2215,#2216,#2217,#2218,#2219,#2220,
#2221,#2222,#2223,#2224,#2225,#2226,#2227,#2228,#2229,#2230,#2231,#2232,
#2233,#2234,#2235,#2236,#2237,#2238,#2239,#2240,#2241,#2242,#2243,#2244,
#2245,#2246,#2247,#2248,#2249,#2250,#2251,#2252,#2253,#2254,#2255,#2256,
#2257,#2258,#2259,#2260,#2261,#2262,#2263,#2264,#2265,#2266,#2267,#2268,
#2269,#2270,#2271,#2272,#2273,#2274,#2275,#2276,#2277,#2278,#2279,#2280,
#2281,#2282,#2283,#2284,#2285,#2286,#2287,#2288,#2289,#2290,#2291,#2292,
#2293,#2294,#2295,#2296,#2297,#2298,#2299,#2300,#2301,#2302,#2303,#2304,
#2305,#2306,#2307,#2308,#2309,#2310,#2311,#2312,#2313,#2314,#2315,#2316,
#2317,#2318,#2319,#2320,#2321,#2322,#2323,#2324,#2325,#2326,#2327,#2328,
#2329,#2330,#2331,#2332,#2333,#2334,#2335,#2336,#2337,#2338,#2339,#2340,
#2341,#2342,#2343,#2344,#2345,#2346,#2347,#2348,#2349,#2350,#2351,#2352,
#2353,#2354,#2355,#2356,#2357,#2358,#2359,#2360,#2361,#2362,#2363,#2364,
#2365,#2366,#2367,#2368,#2369,#2370,#2371,#2372,#2373,#2374,#2375,#2376,
#2377,#2378,#2379,#2380,#2381,#2382,#2383,#2384,#2385,#2386,#2387,#2388,
#2389,#2390,#2391,#2392,#2393,#2394,#2395,#2396,#2397,#2398,#2399,#2400,
#2401,#2402,#2403,#2404,#2405,#2406,#2407,#2408,#2409,#2410,#2411,#2412,
#2413,#2414,#2415,#2416,#2417,#2418,#2419,#2420,#2421,#2422,#2423,#2424,
#2425,#2426,#2427,#2428,#2429,#2430,#2431,#2432,#2433,#2434,#2435,#2436,
#2437,#2438,#2439,#2440,#2441,#2442,#2443,#2444,#2445,#2446,#2447,#2448,
#2449,#2450,#2451,#2452,#2453,#2454,#2455,#2456,#2457,#2458,#2459,#2460,
#2461,#2462,#2463,#2464,#2465,#2466,#2467),.UNSPECIFIED.,.F.,.F.,(4,3,3,
3,3,3,3,3,3,3,3,3,3,3,3,3,3,3,3,3,3,3,3,3,3,3,3,3,3,3,3,3,3,3,3,3,3,3,3,
3,3,3,3,3,3,3,3,3,3,3,3,3,3,3,3,3,3,3,3,3,3,3,3,3,3,3,3,3,3,3,3,3,3,3,3,
3,3,3,3,3,3,3,3,3,3,3,3,3,3,3,3,3,3,3,3,3,3,3,3,3,3,3,3,3,3,3,3,3,3,3,3,
3,3,3,3,3,3,3,3,3,3,3,3,3,3,3,3,3,3,3,3,3,3,3,3,3,3,3,3,3,3,3,3,3,3,3,3,
3,4),(-162.740782641258,-162.099426435169,-161.100563170946,-160.101699906723,
-159.1028366425,-158.103973378277,-157.105110114054,-156.10624684983,-155.107383585607,
-154.108520321384,-153.109657057161,-152.110793792938,-151.111930528714,
-150.113067264491,-149.114204000268,-148.115340736045,-147.116477471822,
-146.117614207598,-145.118750943375,-144.119887679152,-143.121024414929,
-142.122161150706,-141.123297886482,-140.124434622259,-139.125571358036,
-138.126708093813,-137.12784482959,-136.128981565367,-135.130118301143,
-134.13125503692,-133.132391772697,-132.133528508474,-131.134665244251,
-130.135801980027,-129.136938715804,-128.138075451581,-127.139212187358,
-126.140348923135,-125.141485658911,-124.142622394688,-123.143759130465,
-122.144895866242,-121.146032602019,-120.147169337796,-119.148306073572,
-118.149442809349,-117.150579545126,-116.151716280903,-115.15285301668,
-114.153989752456,-113.155126488233,-112.15626322401,-111.157399959787,
-110.158536695564,-109.15967343134,-108.160810167117,-107.161946902894,
-106.163083638671,-105.164220374448,-104.165357110225,-103.166493846001,
-102.167630581778,-101.168767317555,-100.169904053332,-99.1710407891086,
-98.1721775248854,-97.1733142606622,-96.174450996439,-95.1755877322159,
-94.1767244679927,-93.1778612037695,-92.1789979395463,-91.1801346753231,
-90.1812714110999,-89.1824081468767,-88.1835448826535,-87.1846816184304,
-86.1858183542072,-85.186955089984,-84.1880918257608,-83.1892285615376,
-82.1903652973144,-81.1915020330912,-80.1926387688681,-79.1937755046449,
-78.1949122404217,-77.1960489761985,-76.1971857119753,-75.1983224477521,
-74.1994591835289,-73.2005959193057,-72.2017326550826,-71.2028693908594,
-70.2040061266362,-69.205142862413,-68.2062795981898,-67.2074163339666,
-66.2085530697434,-65.2096898055202,-64.2108265412971,-63.2119632770739,
-62.2131000128507,-61.2142367486275,-60.2153734844043,-59.2165102201811,
-58.2176469559579,-57.2187836917348,-56.2199204275116,-55.2210571632884,
-54.2221938990652,-53.223330634842,-52.2244673706188,-51.2256041063956,
-50.2267408421724,-49.2278775779493,-48.2290143137261,-47.2301510495029,
-46.2312877852797,-45.2324245210565,-44.2335612568333,-43.2346979926101,
-42.235834728387,-41.2369714641638,-40.2381081999406,-39.2392449357174,
-38.2403816714942,-37.241518407271,-36.2426551430478,-35.2437918788246,
-34.2449286146014,-33.2460653503783,-32.2472020861551,-31.2483388219319,
-30.2494755577087,-29.2506122934855,-28.2517490292623,-27.2528857650391,
-26.2540225008159,-25.2551592365928,-24.2562959723696,-23.2574327081464,
-22.2585694439232,-21.2597061797,-20.2608429154768,-19.2619796512536,-18.2631163870305,
-17.2642531228073,-16.2653898585841,-15.7016800826417),.UNSPECIFIED.);
#28=B_SPLINE_CURVE_WITH_KNOTS('',3,(#3097,#3098,#3099,#3100,#3101,#3102,
#3103,#3104,#3105,#3106,#3107,#3108,#3109,#3110,#3111,#3112,#3113,#3114,
#3115),.UNSPECIFIED.,.F.,.F.,(4,3,3,3,3,3,4),(0.,0.148015010862893,0.291063494525854,
0.429219806958624,0.562372111076149,0.690591394481425,0.735242103003535),
 .UNSPECIFIED.);
#29=B_SPLINE_CURVE_WITH_KNOTS('',3,(#3116,#3117,#3118,#3119,#3120,#3121,
#3122),.UNSPECIFIED.,.F.,.F.,(4,3,4),(0.,0.0566365666933963,0.199578142575745),
 .UNSPECIFIED.);
#30=B_SPLINE_CURVE_WITH_KNOTS('',3,(#3751,#3752,#3753,#3754,#3755,#3756,
#3757),.UNSPECIFIED.,.F.,.F.,(4,3,4),(0.,0.0566365666933879,0.199578142575744),
 .UNSPECIFIED.);
#31=B_SPLINE_CURVE_WITH_KNOTS('',3,(#3758,#3759,#3760,#3761,#3762,#3763,
#3764,#3765,#3766,#3767,#3768,#3769,#3770,#3771,#3772,#3773,#3774,#3775,
#3776),.UNSPECIFIED.,.F.,.F.,(4,3,3,3,3,3,4),(0.,0.148015010862892,0.291063494525855,
0.429219806958658,0.56237211107621,0.690591394481521,0.735242103003627),
 .UNSPECIFIED.);
#32=B_SPLINE_CURVE_WITH_KNOTS('',3,(#3805,#3806,#3807,#3808,#3809,#3810,
#3811,#3812,#3813,#3814,#3815,#3816,#3817,#3818,#3819,#3820,#3821,#3822,
#3823,#3824,#3825,#3826,#3827,#3828,#3829,#3830,#3831,#3832,#3833,#3834,
#3835,#3836,#3837,#3838,#3839,#3840,#3841,#3842,#3843,#3844,#3845,#3846,
#3847,#3848,#3849,#3850,#3851,#3852,#3853,#3854,#3855,#3856,#3857,#3858,
#3859,#3860,#3861,#3862,#3863,#3864,#3865,#3866,#3867,#3868,#3869,#3870,
#3871,#3872,#3873,#3874,#3875,#3876,#3877,#3878,#3879,#3880,#3881,#3882,
#3883,#3884,#3885,#3886,#3887,#3888,#3889,#3890,#3891,#3892,#3893,#3894,
#3895,#3896,#3897,#3898,#3899,#3900,#3901,#3902,#3903,#3904,#3905,#3906,
#3907,#3908,#3909,#3910,#3911,#3912,#3913,#3914,#3915,#3916,#3917,#3918,
#3919,#3920,#3921,#3922,#3923,#3924,#3925,#3926,#3927,#3928,#3929,#3930,
#3931,#3932,#3933,#3934,#3935,#3936,#3937,#3938,#3939,#3940,#3941,#3942,
#3943,#3944,#3945,#3946,#3947,#3948,#3949,#3950,#3951,#3952,#3953,#3954,
#3955,#3956,#3957,#3958,#3959,#3960,#3961),.UNSPECIFIED.,.F.,.F.,(4,1,1,
1,1,1,1,1,1,1,1,1,1,1,1,1,1,1,1,1,1,1,1,1,1,1,1,1,1,1,1,1,1,1,1,1,1,1,1,
1,1,1,1,1,1,1,1,1,1,1,1,1,1,1,1,1,1,1,1,1,1,1,1,1,1,1,1,1,1,1,1,1,1,1,1,
1,1,1,1,1,1,1,1,1,1,1,1,1,1,1,1,1,1,1,1,1,1,1,1,1,1,1,1,1,1,1,1,1,1,1,1,
1,1,1,1,1,1,1,1,1,1,1,1,1,1,1,1,1,1,1,1,1,1,1,1,1,1,1,1,1,1,1,1,1,1,1,1,
1,1,1,1,1,1,1,4),(16.6330420105713,17.6319052747945,18.6307685390177,19.6296318032409,
20.6284950674641,21.6273583316873,22.6262215959105,23.6250848601337,24.6239481243568,
25.62281138858,26.6216746528032,27.6205379170264,28.6194011812496,29.6182644454728,
30.617127709696,31.6159909739191,32.6148542381423,33.6137175023655,34.6125807665887,
35.6114440308119,36.6103072950351,37.6091705592583,38.6080338234815,39.6068970877046,
40.6057603519278,41.604623616151,42.6034868803742,43.6023501445974,44.6012134088206,
45.6000766730438,46.5989399372669,47.5978032014901,48.5966664657133,49.5955297299365,
50.5943929941597,51.5932562583829,52.5921195226061,53.5909827868293,54.5898460510524,
55.5887093152756,56.5875725794988,57.586435843722,58.5852991079452,59.5841623721684,
60.5830256363916,61.5818889006148,62.5807521648379,63.5796154290611,64.5784786932843,
65.5773419575075,66.5762052217307,67.5750684859539,68.5739317501771,69.5727950144002,
70.5716582786234,71.5705215428466,72.5693848070698,73.568248071293,74.5671113355162,
75.5659745997394,76.5648378639626,77.5637011281858,78.5625643924089,79.5614276566321,
80.5602909208553,81.5591541850785,82.5580174493017,83.5568807135249,84.5557439777481,
85.5546072419712,86.5534705061944,87.5523337704176,88.5511970346408,89.550060298864,
90.5489235630872,91.5477868273104,92.5466500915336,93.5455133557567,94.5443766199799,
95.5432398842031,96.5421031484263,97.5409664126495,98.5398296768727,99.5386929410959,
100.537556205319,101.536419469542,102.535282733765,103.534145997989,104.533009262212,
105.531872526435,106.530735790658,107.529599054881,108.528462319105,109.527325583328,
110.526188847551,111.525052111774,112.523915375997,113.52277864022,114.521641904444,
115.520505168667,116.51936843289,117.518231697113,118.517094961336,119.51595822556,
120.514821489783,121.513684754006,122.512548018229,123.511411282452,124.510274546676,
125.509137810899,126.508001075122,127.506864339345,128.505727603568,129.504590867791,
130.503454132015,131.502317396238,132.501180660461,133.500043924684,134.498907188907,
135.497770453131,136.496633717354,137.495496981577,138.4943602458,139.493223510023,
140.492086774247,141.49095003847,142.489813302693,143.488676566916,144.487539831139,
145.486403095362,146.485266359586,147.484129623809,148.482992888032,149.481856152255,
150.480719416478,151.479582680702,152.478445944925,153.477309209148,154.476172473371,
155.475035737594,156.473899001818,157.472762266041,158.471625530264,159.470488794487,
160.46935205871,161.468215322933,162.467078587157,163.46594185138,164.464805115603,
165.463668379826,166.462531644049,167.461394908273,168.460258172496,169.459121436719,
170.457984700942),.UNSPECIFIED.);
#33=B_SPLINE_CURVE_WITH_KNOTS('',3,(#3964,#3965,#3966,#3967,#3968,#3969,
#3970,#3971,#3972,#3973,#3974,#3975,#3976,#3977,#3978,#3979,#3980,#3981,
#3982,#3983,#3984,#3985,#3986,#3987,#3988,#3989,#3990,#3991,#3992,#3993,
#3994,#3995,#3996,#3997,#3998,#3999,#4000,#4001,#4002,#4003,#4004,#4005,
#4006,#4007,#4008,#4009,#4010,#4011,#4012,#4013,#4014,#4015,#4016,#4017,
#4018,#4019,#4020,#4021,#4022,#4023,#4024,#4025,#4026,#4027,#4028,#4029,
#4030,#4031,#4032,#4033,#4034,#4035,#4036,#4037,#4038,#4039,#4040,#4041,
#4042,#4043,#4044,#4045,#4046,#4047,#4048,#4049,#4050,#4051,#4052,#4053,
#4054,#4055,#4056,#4057,#4058,#4059,#4060,#4061,#4062,#4063,#4064,#4065,
#4066,#4067,#4068,#4069,#4070,#4071,#4072,#4073,#4074,#4075,#4076,#4077,
#4078,#4079,#4080,#4081,#4082,#4083,#4084,#4085,#4086,#4087,#4088,#4089,
#4090,#4091,#4092,#4093,#4094,#4095,#4096,#4097,#4098,#4099,#4100,#4101,
#4102,#4103,#4104,#4105,#4106,#4107,#4108,#4109,#4110,#4111,#4112,#4113,
#4114,#4115,#4116,#4117,#4118,#4119,#4120),.UNSPECIFIED.,.F.,.F.,(4,1,1,
1,1,1,1,1,1,1,1,1,1,1,1,1,1,1,1,1,1,1,1,1,1,1,1,1,1,1,1,1,1,1,1,1,1,1,1,
1,1,1,1,1,1,1,1,1,1,1,1,1,1,1,1,1,1,1,1,1,1,1,1,1,1,1,1,1,1,1,1,1,1,1,1,
1,1,1,1,1,1,1,1,1,1,1,1,1,1,1,1,1,1,1,1,1,1,1,1,1,1,1,1,1,1,1,1,1,1,1,1,
1,1,1,1,1,1,1,1,1,1,1,1,1,1,1,1,1,1,1,1,1,1,1,1,1,1,1,1,1,1,1,1,1,1,1,1,
1,1,1,1,1,1,1,4),(14.2676633301377,15.2665265943609,16.2653898585841,17.2642531228073,
18.2631163870304,19.2619796512536,20.2608429154768,21.2597061797,22.2585694439232,
23.2574327081464,24.2562959723696,25.2551592365928,26.2540225008159,27.2528857650391,
28.2517490292623,29.2506122934855,30.2494755577087,31.2483388219319,32.2472020861551,
33.2460653503783,34.2449286146014,35.2437918788246,36.2426551430478,37.241518407271,
38.2403816714942,39.2392449357174,40.2381081999406,41.2369714641638,42.2358347283869,
43.2346979926101,44.2335612568333,45.2324245210565,46.2312877852797,47.2301510495029,
48.2290143137261,49.2278775779493,50.2267408421724,51.2256041063956,52.2244673706188,
53.223330634842,54.2221938990652,55.2210571632884,56.2199204275116,57.2187836917348,
58.2176469559579,59.2165102201811,60.2153734844043,61.2142367486275,62.2131000128507,
63.2119632770739,64.2108265412971,65.2096898055202,66.2085530697434,67.2074163339666,
68.2062795981898,69.205142862413,70.2040061266362,71.2028693908594,72.2017326550826,
73.2005959193057,74.1994591835289,75.1983224477521,76.1971857119753,77.1960489761985,
78.1949122404217,79.1937755046449,80.1926387688681,81.1915020330912,82.1903652973144,
83.1892285615376,84.1880918257608,85.186955089984,86.1858183542072,87.1846816184304,
88.1835448826535,89.1824081468767,90.1812714110999,91.1801346753231,92.1789979395463,
93.1778612037695,94.1767244679927,95.1755877322159,96.174450996439,97.1733142606622,
98.1721775248854,99.1710407891086,100.169904053332,101.168767317555,102.167630581778,
103.166493846001,104.165357110225,105.164220374448,106.163083638671,107.161946902894,
108.160810167117,109.15967343134,110.158536695564,111.157399959787,112.15626322401,
113.155126488233,114.153989752456,115.15285301668,116.151716280903,117.150579545126,
118.149442809349,119.148306073572,120.147169337796,121.146032602019,122.144895866242,
123.143759130465,124.142622394688,125.141485658911,126.140348923135,127.139212187358,
128.138075451581,129.136938715804,130.135801980027,131.134665244251,132.133528508474,
133.132391772697,134.13125503692,135.130118301143,136.128981565367,137.12784482959,
138.126708093813,139.125571358036,140.124434622259,141.123297886482,142.122161150706,
143.121024414929,144.119887679152,145.118750943375,146.117614207598,147.116477471822,
148.115340736045,149.114204000268,150.113067264491,151.111930528714,152.110793792938,
153.109657057161,154.108520321384,155.107383585607,156.10624684983,157.105110114054,
158.103973378277,159.1028366425,160.101699906723,161.100563170946,162.099426435169,
163.098289699393,164.097152963616,165.096016227839,166.094879492062,167.093742756285,
168.092606020509),.UNSPECIFIED.);
#34=B_SPLINE_CURVE_WITH_KNOTS('',3,(#4125,#4126,#4127,#4128,#4129,#4130,
#4131,#4132,#4133,#4134,#4135,#4136,#4137,#4138,#4139,#4140,#4141,#4142,
#4143,#4144,#4145,#4146,#4147,#4148,#4149,#4150,#4151,#4152,#4153,#4154,
#4155,#4156,#4157,#4158,#4159,#4160,#4161,#4162,#4163,#4164,#4165,#4166,
#4167,#4168,#4169,#4170,#4171,#4172,#4173,#4174,#4175,#4176,#4177,#4178,
#4179,#4180,#4181,#4182,#4183,#4184,#4185,#4186,#4187,#4188,#4189,#4190,
#4191,#4192,#4193,#4194,#4195,#4196,#4197,#4198,#4199,#4200,#4201,#4202,
#4203,#4204,#4205,#4206,#4207,#4208,#4209,#4210,#4211,#4212,#4213,#4214,
#4215,#4216,#4217,#4218,#4219,#4220,#4221,#4222,#4223,#4224,#4225,#4226,
#4227,#4228,#4229,#4230,#4231,#4232,#4233,#4234,#4235,#4236,#4237,#4238,
#4239,#4240,#4241,#4242,#4243,#4244,#4245,#4246,#4247,#4248,#4249,#4250,
#4251,#4252,#4253,#4254,#4255,#4256,#4257,#4258,#4259,#4260,#4261,#4262,
#4263,#4264,#4265,#4266,#4267,#4268,#4269,#4270,#4271,#4272,#4273,#4274,
#4275,#4276,#4277,#4278,#4279,#4280,#4281,#4282,#4283,#4284,#4285,#4286,
#4287,#4288,#4289,#4290,#4291,#4292,#4293,#4294,#4295,#4296,#4297,#4298,
#4299,#4300,#4301,#4302,#4303,#4304,#4305,#4306,#4307,#4308,#4309,#4310,
#4311,#4312,#4313,#4314,#4315,#4316,#4317,#4318,#4319,#4320,#4321,#4322,
#4323,#4324,#4325,#4326,#4327,#4328,#4329,#4330,#4331,#4332,#4333,#4334,
#4335,#4336,#4337,#4338,#4339,#4340,#4341,#4342,#4343,#4344,#4345,#4346,
#4347,#4348,#4349,#4350,#4351,#4352,#4353,#4354,#4355,#4356,#4357,#4358,
#4359,#4360,#4361,#4362,#4363,#4364,#4365,#4366,#4367,#4368,#4369,#4370,
#4371,#4372,#4373,#4374,#4375,#4376,#4377,#4378,#4379,#4380,#4381,#4382,
#4383,#4384,#4385,#4386,#4387,#4388,#4389,#4390,#4391,#4392,#4393,#4394,
#4395,#4396,#4397,#4398,#4399,#4400,#4401,#4402,#4403,#4404,#4405,#4406,
#4407,#4408,#4409,#4410,#4411,#4412,#4413,#4414,#4415,#4416,#4417,#4418,
#4419,#4420,#4421,#4422,#4423,#4424,#4425,#4426,#4427,#4428,#4429,#4430,
#4431,#4432,#4433,#4434,#4435,#4436,#4437,#4438,#4439,#4440,#4441,#4442,
#4443,#4444,#4445,#4446,#4447,#4448,#4449,#4450,#4451,#4452,#4453,#4454,
#4455,#4456,#4457,#4458,#4459,#4460,#4461,#4462,#4463,#4464,#4465,#4466,
#4467,#4468,#4469,#4470,#4471,#4472,#4473,#4474,#4475,#4476,#4477,#4478,
#4479,#4480,#4481,#4482,#4483,#4484,#4485,#4486,#4487,#4488,#4489,#4490,
#4491,#4492,#4493,#4494,#4495,#4496,#4497,#4498,#4499,#4500,#4501,#4502,
#4503,#4504,#4505,#4506,#4507,#4508,#4509,#4510,#4511,#4512,#4513,#4514,
#4515,#4516,#4517,#4518,#4519,#4520,#4521,#4522,#4523,#4524,#4525,#4526,
#4527,#4528,#4529,#4530,#4531,#4532,#4533,#4534,#4535,#4536,#4537,#4538,
#4539,#4540,#4541,#4542,#4543,#4544,#4545,#4546,#4547,#4548,#4549,#4550,
#4551,#4552,#4553,#4554,#4555,#4556,#4557,#4558,#4559,#4560,#4561,#4562,
#4563,#4564,#4565,#4566,#4567,#4568,#4569),.UNSPECIFIED.,.F.,.F.,(4,3,3,
3,3,3,3,3,3,3,3,3,3,3,3,3,3,3,3,3,3,3,3,3,3,3,3,3,3,3,3,3,3,3,3,3,3,3,3,
3,3,3,3,3,3,3,3,3,3,3,3,3,3,3,3,3,3,3,3,3,3,3,3,3,3,3,3,3,3,3,3,3,3,3,3,
3,3,3,3,3,3,3,3,3,3,3,3,3,3,3,3,3,3,3,3,3,3,3,3,3,3,3,3,3,3,3,3,3,3,3,3,
3,3,3,3,3,3,3,3,3,3,3,3,3,3,3,3,3,3,3,3,3,3,3,3,3,3,3,3,3,3,3,3,3,3,3,3,
3,4),(-162.740782641258,-162.099426435169,-161.100563170946,-160.101699906723,
-159.1028366425,-158.103973378277,-157.105110114054,-156.10624684983,-155.107383585607,
-154.108520321384,-153.109657057161,-152.110793792938,-151.111930528714,
-150.113067264491,-149.114204000268,-148.115340736045,-147.116477471822,
-146.117614207598,-145.118750943375,-144.119887679152,-143.121024414929,
-142.122161150706,-141.123297886482,-140.124434622259,-139.125571358036,
-138.126708093813,-137.12784482959,-136.128981565367,-135.130118301143,
-134.13125503692,-133.132391772697,-132.133528508474,-131.134665244251,
-130.135801980027,-129.136938715804,-128.138075451581,-127.139212187358,
-126.140348923135,-125.141485658911,-124.142622394688,-123.143759130465,
-122.144895866242,-121.146032602019,-120.147169337796,-119.148306073572,
-118.149442809349,-117.150579545126,-116.151716280903,-115.15285301668,
-114.153989752456,-113.155126488233,-112.15626322401,-111.157399959787,
-110.158536695564,-109.15967343134,-108.160810167117,-107.161946902894,
-106.163083638671,-105.164220374448,-104.165357110225,-103.166493846001,
-102.167630581778,-101.168767317555,-100.169904053332,-99.1710407891086,
-98.1721775248854,-97.1733142606622,-96.174450996439,-95.1755877322159,
-94.1767244679927,-93.1778612037695,-92.1789979395463,-91.1801346753231,
-90.1812714110999,-89.1824081468767,-88.1835448826535,-87.1846816184304,
-86.1858183542072,-85.186955089984,-84.1880918257608,-83.1892285615376,
-82.1903652973144,-81.1915020330912,-80.1926387688681,-79.1937755046449,
-78.1949122404217,-77.1960489761985,-76.1971857119753,-75.1983224477521,
-74.1994591835289,-73.2005959193057,-72.2017326550826,-71.2028693908594,
-70.2040061266362,-69.205142862413,-68.2062795981898,-67.2074163339666,
-66.2085530697434,-65.2096898055202,-64.2108265412971,-63.2119632770739,
-62.2131000128507,-61.2142367486275,-60.2153734844043,-59.2165102201811,
-58.2176469559579,-57.2187836917348,-56.2199204275116,-55.2210571632884,
-54.2221938990652,-53.223330634842,-52.2244673706188,-51.2256041063956,
-50.2267408421724,-49.2278775779493,-48.2290143137261,-47.2301510495029,
-46.2312877852797,-45.2324245210565,-44.2335612568333,-43.2346979926101,
-42.235834728387,-41.2369714641638,-40.2381081999406,-39.2392449357174,
-38.2403816714942,-37.241518407271,-36.2426551430478,-35.2437918788246,
-34.2449286146014,-33.2460653503783,-32.2472020861551,-31.2483388219319,
-30.2494755577087,-29.2506122934855,-28.2517490292623,-27.2528857650391,
-26.2540225008159,-25.2551592365928,-24.2562959723696,-23.2574327081464,
-22.2585694439232,-21.2597061797,-20.2608429154768,-19.2619796512536,-18.2631163870305,
-17.2642531228073,-16.2653898585841,-15.7016800826417),.UNSPECIFIED.);
#35=B_SPLINE_CURVE_WITH_KNOTS('',3,(#5199,#5200,#5201,#5202,#5203,#5204,
#5205,#5206,#5207,#5208,#5209,#5210,#5211,#5212,#5213,#5214,#5215,#5216,
#5217),.UNSPECIFIED.,.F.,.F.,(4,3,3,3,3,3,4),(0.,0.148015010862893,0.291063494525854,
0.429219806958624,0.562372111076149,0.690591394481425,0.735242103003535),
 .UNSPECIFIED.);
#36=B_SPLINE_CURVE_WITH_KNOTS('',3,(#5218,#5219,#5220,#5221,#5222,#5223,
#5224),.UNSPECIFIED.,.F.,.F.,(4,3,4),(0.,0.0566365666933963,0.199578142575745),
 .UNSPECIFIED.);
#37=B_SPLINE_CURVE_WITH_KNOTS('',3,(#5853,#5854,#5855,#5856,#5857,#5858,
#5859),.UNSPECIFIED.,.F.,.F.,(4,3,4),(0.,0.0566365666933879,0.199578142575744),
 .UNSPECIFIED.);
#38=B_SPLINE_CURVE_WITH_KNOTS('',3,(#5860,#5861,#5862,#5863,#5864,#5865,
#5866,#5867,#5868,#5869,#5870,#5871,#5872,#5873,#5874,#5875,#5876,#5877,
#5878),.UNSPECIFIED.,.F.,.F.,(4,3,3,3,3,3,4),(0.,0.148015010862892,0.291063494525855,
0.429219806958658,0.56237211107621,0.690591394481521,0.735242103003627),
 .UNSPECIFIED.);
#39=TOROIDAL_SURFACE('',#1126,2.,0.1);
#40=TOROIDAL_SURFACE('',#1148,2.,0.1);
#41=STYLED_ITEM('',(#5983),#55);
#42=STYLED_ITEM('',(#5984),#56);
#43=STYLED_ITEM('',(#5985),#57);
#44=STYLED_ITEM('',(#5985),#58);
#45=STYLED_ITEM('',(#5986),#59);
#46=STYLED_ITEM('',(#5986),#60);
#47=STYLED_ITEM('',(#5986),#61);
#48=STYLED_ITEM('',(#5986),#62);
#49=STYLED_ITEM('',(#5986),#63);
#50=STYLED_ITEM('',(#5986),#64);
#51=STYLED_ITEM('',(#5986),#65);
#52=STYLED_ITEM('',(#5986),#66);
#53=STYLED_ITEM('',(#5986),#67);
#54=STYLED_ITEM('',(#5986),#68);
#55=MANIFOLD_SOLID_BREP('\X2\5BE69AD4\X0\1',#1055);
#56=MANIFOLD_SOLID_BREP('\X2\5BE69AD4\X0\2',#1056);
#57=MANIFOLD_SOLID_BREP('\X2\5BE69AD4\X0\3',#1057);
#58=MANIFOLD_SOLID_BREP('\X2\5BE69AD4\X0\3',#1058);
#59=MANIFOLD_SOLID_BREP('\X2\5BE69AD4\X0\4',#1059);
#60=MANIFOLD_SOLID_BREP('\X2\5BE69AD4\X0\4',#1060);
#61=MANIFOLD_SOLID_BREP('\X2\5BE69AD4\X0\4',#1061);
#62=MANIFOLD_SOLID_BREP('\X2\5BE69AD4\X0\4',#1062);
#63=MANIFOLD_SOLID_BREP('\X2\5BE69AD4\X0\4',#1063);
#64=MANIFOLD_SOLID_BREP('\X2\5BE69AD4\X0\4',#1064);
#65=MANIFOLD_SOLID_BREP('\X2\5BE69AD4\X0\4',#1065);
#66=MANIFOLD_SOLID_BREP('\X2\5BE69AD4\X0\4',#1066);
#67=MANIFOLD_SOLID_BREP('\X2\5BE69AD4\X0\4',#1067);
#68=MANIFOLD_SOLID_BREP('\X2\5BE69AD4\X0\4',#1068);
#69=LINE('',#1582,#101);
#70=LINE('',#1585,#102);
#71=LINE('',#1588,#103);
#72=LINE('',#1590,#104);
#73=LINE('',#1591,#105);
#74=LINE('',#1597,#106);
#75=LINE('',#1600,#107);
#76=LINE('',#1602,#108);
#77=LINE('',#1603,#109);
#78=LINE('',#1609,#110);
#79=LINE('',#1612,#111);
#80=LINE('',#1614,#112);
#81=LINE('',#1615,#113);
#82=LINE('',#1621,#114);
#83=LINE('',#1623,#115);
#84=LINE('',#1624,#116);
#85=LINE('',#1642,#117);
#86=LINE('',#1645,#118);
#87=LINE('',#1648,#119);
#88=LINE('',#1650,#120);
#89=LINE('',#1651,#121);
#90=LINE('',#1657,#122);
#91=LINE('',#1660,#123);
#92=LINE('',#1662,#124);
#93=LINE('',#1663,#125);
#94=LINE('',#1669,#126);
#95=LINE('',#1672,#127);
#96=LINE('',#1674,#128);
#97=LINE('',#1675,#129);
#98=LINE('',#1681,#130);
#99=LINE('',#1683,#131);
#100=LINE('',#1684,#132);
#101=VECTOR('',#1254,10.);
#102=VECTOR('',#1257,10.);
#103=VECTOR('',#1260,10.);
#104=VECTOR('',#1261,10.);
#105=VECTOR('',#1262,10.);
#106=VECTOR('',#1269,10.);
#107=VECTOR('',#1272,10.);
#108=VECTOR('',#1273,10.);
#109=VECTOR('',#1274,10.);
#110=VECTOR('',#1281,10.);
#111=VECTOR('',#1284,10.);
#112=VECTOR('',#1285,10.);
#113=VECTOR('',#1286,10.);
#114=VECTOR('',#1293,10.);
#115=VECTOR('',#1296,10.);
#116=VECTOR('',#1297,10.);
#117=VECTOR('',#1318,10.);
#118=VECTOR('',#1321,10.);
#119=VECTOR('',#1324,10.);
#120=VECTOR('',#1325,10.);
#121=VECTOR('',#1326,10.);
#122=VECTOR('',#1333,10.);
#123=VECTOR('',#1336,10.);
#124=VECTOR('',#1337,10.);
#125=VECTOR('',#1338,10.);
#126=VECTOR('',#1345,10.);
#127=VECTOR('',#1348,10.);
#128=VECTOR('',#1349,10.);
#129=VECTOR('',#1350,10.);
#130=VECTOR('',#1357,10.);
#131=VECTOR('',#1360,10.);
#132=VECTOR('',#1361,10.);
#133=PLANE('',#1079);
#134=PLANE('',#1083);
#135=PLANE('',#1087);
#136=PLANE('',#1091);
#137=PLANE('',#1095);
#138=PLANE('',#1099);
#139=PLANE('',#1100);
#140=PLANE('',#1101);
#141=PLANE('',#1111);
#142=PLANE('',#1115);
#143=PLANE('',#1119);
#144=PLANE('',#1123);
#145=PLANE('',#1124);
#146=PLANE('',#1125);
#147=PLANE('',#1129);
#148=PLANE('',#1147);
#149=PLANE('',#1151);
#150=PLANE('',#1169);
#151=PLANE('',#1173);
#152=PLANE('',#1174);
#153=PLANE('',#1178);
#154=PLANE('',#1179);
#155=PLANE('',#1183);
#156=PLANE('',#1184);
#157=PLANE('',#1188);
#158=PLANE('',#1189);
#159=PLANE('',#1193);
#160=PLANE('',#1194);
#161=PLANE('',#1198);
#162=PLANE('',#1199);
#163=PLANE('',#1203);
#164=PLANE('',#1204);
#165=PLANE('',#1208);
#166=PLANE('',#1209);
#167=PLANE('',#1213);
#168=PLANE('',#1214);
#169=PLANE('',#1218);
#170=PLANE('',#1219);
#171=FACE_BOUND('',#300,.T.);
#172=FACE_BOUND('',#302,.T.);
#173=FACE_BOUND('',#304,.T.);
#174=FACE_BOUND('',#306,.T.);
#175=FACE_BOUND('',#308,.T.);
#176=FACE_BOUND('',#310,.T.);
#177=FACE_BOUND('',#320,.T.);
#178=FACE_BOUND('',#321,.T.);
#179=FACE_BOUND('',#323,.T.);
#180=FACE_BOUND('',#324,.T.);
#181=FACE_BOUND('',#326,.T.);
#182=FACE_BOUND('',#328,.T.);
#183=FACE_BOUND('',#338,.T.);
#184=FACE_BOUND('',#339,.T.);
#185=FACE_BOUND('',#341,.T.);
#186=FACE_BOUND('',#342,.T.);
#187=FACE_BOUND('',#344,.T.);
#188=FACE_BOUND('',#346,.T.);
#189=FACE_BOUND('',#348,.T.);
#190=FACE_BOUND('',#354,.T.);
#191=FACE_BOUND('',#356,.T.);
#192=FACE_BOUND('',#358,.T.);
#193=FACE_BOUND('',#360,.T.);
#194=FACE_BOUND('',#362,.T.);
#195=FACE_BOUND('',#364,.T.);
#196=FACE_BOUND('',#366,.T.);
#197=FACE_BOUND('',#368,.T.);
#198=FACE_BOUND('',#370,.T.);
#199=FACE_BOUND('',#376,.T.);
#200=FACE_BOUND('',#378,.T.);
#201=FACE_BOUND('',#380,.T.);
#202=FACE_BOUND('',#382,.T.);
#203=FACE_BOUND('',#384,.T.);
#204=FACE_BOUND('',#386,.T.);
#205=FACE_BOUND('',#388,.T.);
#206=FACE_BOUND('',#392,.T.);
#207=FACE_BOUND('',#396,.T.);
#208=FACE_BOUND('',#400,.T.);
#209=FACE_BOUND('',#404,.T.);
#210=FACE_BOUND('',#408,.T.);
#211=FACE_BOUND('',#412,.T.);
#212=FACE_BOUND('',#416,.T.);
#213=FACE_BOUND('',#420,.T.);
#214=FACE_BOUND('',#424,.T.);
#215=FACE_OUTER_BOUND('',#299,.T.);
#216=FACE_OUTER_BOUND('',#301,.T.);
#217=FACE_OUTER_BOUND('',#303,.T.);
#218=FACE_OUTER_BOUND('',#305,.T.);
#219=FACE_OUTER_BOUND('',#307,.T.);
#220=FACE_OUTER_BOUND('',#309,.T.);
#221=FACE_OUTER_BOUND('',#311,.T.);
#222=FACE_OUTER_BOUND('',#312,.T.);
#223=FACE_OUTER_BOUND('',#313,.T.);
#224=FACE_OUTER_BOUND('',#314,.T.);
#225=FACE_OUTER_BOUND('',#315,.T.);
#226=FACE_OUTER_BOUND('',#316,.T.);
#227=FACE_OUTER_BOUND('',#317,.T.);
#228=FACE_OUTER_BOUND('',#318,.T.);
#229=FACE_OUTER_BOUND('',#319,.T.);
#230=FACE_OUTER_BOUND('',#322,.T.);
#231=FACE_OUTER_BOUND('',#325,.T.);
#232=FACE_OUTER_BOUND('',#327,.T.);
#233=FACE_OUTER_BOUND('',#329,.T.);
#234=FACE_OUTER_BOUND('',#330,.T.);
#235=FACE_OUTER_BOUND('',#331,.T.);
#236=FACE_OUTER_BOUND('',#332,.T.);
#237=FACE_OUTER_BOUND('',#333,.T.);
#238=FACE_OUTER_BOUND('',#334,.T.);
#239=FACE_OUTER_BOUND('',#335,.T.);
#240=FACE_OUTER_BOUND('',#336,.T.);
#241=FACE_OUTER_BOUND('',#337,.T.);
#242=FACE_OUTER_BOUND('',#340,.T.);
#243=FACE_OUTER_BOUND('',#343,.T.);
#244=FACE_OUTER_BOUND('',#345,.T.);
#245=FACE_OUTER_BOUND('',#347,.T.);
#246=FACE_OUTER_BOUND('',#349,.T.);
#247=FACE_OUTER_BOUND('',#350,.T.);
#248=FACE_OUTER_BOUND('',#351,.T.);
#249=FACE_OUTER_BOUND('',#352,.T.);
#250=FACE_OUTER_BOUND('',#353,.T.);
#251=FACE_OUTER_BOUND('',#355,.T.);
#252=FACE_OUTER_BOUND('',#357,.T.);
#253=FACE_OUTER_BOUND('',#359,.T.);
#254=FACE_OUTER_BOUND('',#361,.T.);
#255=FACE_OUTER_BOUND('',#363,.T.);
#256=FACE_OUTER_BOUND('',#365,.T.);
#257=FACE_OUTER_BOUND('',#367,.T.);
#258=FACE_OUTER_BOUND('',#369,.T.);
#259=FACE_OUTER_BOUND('',#371,.T.);
#260=FACE_OUTER_BOUND('',#372,.T.);
#261=FACE_OUTER_BOUND('',#373,.T.);
#262=FACE_OUTER_BOUND('',#374,.T.);
#263=FACE_OUTER_BOUND('',#375,.T.);
#264=FACE_OUTER_BOUND('',#377,.T.);
#265=FACE_OUTER_BOUND('',#379,.T.);
#266=FACE_OUTER_BOUND('',#381,.T.);
#267=FACE_OUTER_BOUND('',#383,.T.);
#268=FACE_OUTER_BOUND('',#385,.T.);
#269=FACE_OUTER_BOUND('',#387,.T.);
#270=FACE_OUTER_BOUND('',#389,.T.);
#271=FACE_OUTER_BOUND('',#390,.T.);
#272=FACE_OUTER_BOUND('',#391,.T.);
#273=FACE_OUTER_BOUND('',#393,.T.);
#274=FACE_OUTER_BOUND('',#394,.T.);
#275=FACE_OUTER_BOUND('',#395,.T.);
#276=FACE_OUTER_BOUND('',#397,.T.);
#277=FACE_OUTER_BOUND('',#398,.T.);
#278=FACE_OUTER_BOUND('',#399,.T.);
#279=FACE_OUTER_BOUND('',#401,.T.);
#280=FACE_OUTER_BOUND('',#402,.T.);
#281=FACE_OUTER_BOUND('',#403,.T.);
#282=FACE_OUTER_BOUND('',#405,.T.);
#283=FACE_OUTER_BOUND('',#406,.T.);
#284=FACE_OUTER_BOUND('',#407,.T.);
#285=FACE_OUTER_BOUND('',#409,.T.);
#286=FACE_OUTER_BOUND('',#410,.T.);
#287=FACE_OUTER_BOUND('',#411,.T.);
#288=FACE_OUTER_BOUND('',#413,.T.);
#289=FACE_OUTER_BOUND('',#414,.T.);
#290=FACE_OUTER_BOUND('',#415,.T.);
#291=FACE_OUTER_BOUND('',#417,.T.);
#292=FACE_OUTER_BOUND('',#418,.T.);
#293=FACE_OUTER_BOUND('',#419,.T.);
#294=FACE_OUTER_BOUND('',#421,.T.);
#295=FACE_OUTER_BOUND('',#422,.T.);
#296=FACE_OUTER_BOUND('',#423,.T.);
#297=FACE_OUTER_BOUND('',#425,.T.);
#298=FACE_OUTER_BOUND('',#426,.T.);
#299=EDGE_LOOP('',(#703));
#300=EDGE_LOOP('',(#704));
#301=EDGE_LOOP('',(#705));
#302=EDGE_LOOP('',(#706));
#303=EDGE_LOOP('',(#707));
#304=EDGE_LOOP('',(#708));
#305=EDGE_LOOP('',(#709));
#306=EDGE_LOOP('',(#710));
#307=EDGE_LOOP('',(#711));
#308=EDGE_LOOP('',(#712));
#309=EDGE_LOOP('',(#713));
#310=EDGE_LOOP('',(#714));
#311=EDGE_LOOP('',(#715,#716,#717,#718));
#312=EDGE_LOOP('',(#719,#720,#721,#722));
#313=EDGE_LOOP('',(#723,#724,#725,#726));
#314=EDGE_LOOP('',(#727,#728,#729,#730));
#315=EDGE_LOOP('',(#731,#732,#733,#734));
#316=EDGE_LOOP('',(#735,#736,#737,#738));
#317=EDGE_LOOP('',(#739,#740,#741,#742));
#318=EDGE_LOOP('',(#743,#744,#745,#746));
#319=EDGE_LOOP('',(#747,#748,#749,#750,#751,#752,#753,#754));
#320=EDGE_LOOP('',(#755));
#321=EDGE_LOOP('',(#756));
#322=EDGE_LOOP('',(#757,#758,#759,#760,#761,#762,#763,#764));
#323=EDGE_LOOP('',(#765));
#324=EDGE_LOOP('',(#766));
#325=EDGE_LOOP('',(#767));
#326=EDGE_LOOP('',(#768));
#327=EDGE_LOOP('',(#769));
#328=EDGE_LOOP('',(#770));
#329=EDGE_LOOP('',(#771,#772,#773,#774));
#330=EDGE_LOOP('',(#775,#776,#777,#778));
#331=EDGE_LOOP('',(#779,#780,#781,#782));
#332=EDGE_LOOP('',(#783,#784,#785,#786));
#333=EDGE_LOOP('',(#787,#788,#789,#790));
#334=EDGE_LOOP('',(#791,#792,#793,#794));
#335=EDGE_LOOP('',(#795,#796,#797,#798));
#336=EDGE_LOOP('',(#799,#800,#801,#802));
#337=EDGE_LOOP('',(#803,#804,#805,#806,#807,#808,#809,#810));
#338=EDGE_LOOP('',(#811));
#339=EDGE_LOOP('',(#812));
#340=EDGE_LOOP('',(#813,#814,#815,#816,#817,#818,#819,#820));
#341=EDGE_LOOP('',(#821));
#342=EDGE_LOOP('',(#822));
#343=EDGE_LOOP('',(#823));
#344=EDGE_LOOP('',(#824));
#345=EDGE_LOOP('',(#825));
#346=EDGE_LOOP('',(#826));
#347=EDGE_LOOP('',(#827));
#348=EDGE_LOOP('',(#828));
#349=EDGE_LOOP('',(#829,#830,#831,#832));
#350=EDGE_LOOP('',(#833,#834,#835,#836));
#351=EDGE_LOOP('',(#837,#838,#839,#840));
#352=EDGE_LOOP('',(#841,#842,#843,#844));
#353=EDGE_LOOP('',(#845));
#354=EDGE_LOOP('',(#846));
#355=EDGE_LOOP('',(#847));
#356=EDGE_LOOP('',(#848));
#357=EDGE_LOOP('',(#849,#850,#851));
#358=EDGE_LOOP('',(#852));
#359=EDGE_LOOP('',(#853));
#360=EDGE_LOOP('',(#854));
#361=EDGE_LOOP('',(#855,#856,#857));
#362=EDGE_LOOP('',(#858));
#363=EDGE_LOOP('',(#859));
#364=EDGE_LOOP('',(#860));
#365=EDGE_LOOP('',(#861));
#366=EDGE_LOOP('',(#862));
#367=EDGE_LOOP('',(#863));
#368=EDGE_LOOP('',(#864));
#369=EDGE_LOOP('',(#865));
#370=EDGE_LOOP('',(#866));
#371=EDGE_LOOP('',(#867,#868,#869,#870));
#372=EDGE_LOOP('',(#871,#872,#873,#874));
#373=EDGE_LOOP('',(#875,#876,#877,#878));
#374=EDGE_LOOP('',(#879,#880,#881,#882));
#375=EDGE_LOOP('',(#883));
#376=EDGE_LOOP('',(#884));
#377=EDGE_LOOP('',(#885));
#378=EDGE_LOOP('',(#886));
#379=EDGE_LOOP('',(#887,#888,#889));
#380=EDGE_LOOP('',(#890));
#381=EDGE_LOOP('',(#891));
#382=EDGE_LOOP('',(#892));
#383=EDGE_LOOP('',(#893,#894,#895));
#384=EDGE_LOOP('',(#896));
#385=EDGE_LOOP('',(#897));
#386=EDGE_LOOP('',(#898));
#387=EDGE_LOOP('',(#899));
#388=EDGE_LOOP('',(#900));
#389=EDGE_LOOP('',(#901));
#390=EDGE_LOOP('',(#902));
#391=EDGE_LOOP('',(#903));
#392=EDGE_LOOP('',(#904));
#393=EDGE_LOOP('',(#905));
#394=EDGE_LOOP('',(#906));
#395=EDGE_LOOP('',(#907));
#396=EDGE_LOOP('',(#908));
#397=EDGE_LOOP('',(#909));
#398=EDGE_LOOP('',(#910));
#399=EDGE_LOOP('',(#911));
#400=EDGE_LOOP('',(#912));
#401=EDGE_LOOP('',(#913));
#402=EDGE_LOOP('',(#914));
#403=EDGE_LOOP('',(#915));
#404=EDGE_LOOP('',(#916));
#405=EDGE_LOOP('',(#917));
#406=EDGE_LOOP('',(#918));
#407=EDGE_LOOP('',(#919));
#408=EDGE_LOOP('',(#920));
#409=EDGE_LOOP('',(#921));
#410=EDGE_LOOP('',(#922));
#411=EDGE_LOOP('',(#923));
#412=EDGE_LOOP('',(#924));
#413=EDGE_LOOP('',(#925));
#414=EDGE_LOOP('',(#926));
#415=EDGE_LOOP('',(#927));
#416=EDGE_LOOP('',(#928));
#417=EDGE_LOOP('',(#929));
#418=EDGE_LOOP('',(#930));
#419=EDGE_LOOP('',(#931));
#420=EDGE_LOOP('',(#932));
#421=EDGE_LOOP('',(#933));
#422=EDGE_LOOP('',(#934));
#423=EDGE_LOOP('',(#935));
#424=EDGE_LOOP('',(#936));
#425=EDGE_LOOP('',(#937));
#426=EDGE_LOOP('',(#938));
#427=CIRCLE('',#1071,2.1);
#428=CIRCLE('',#1072,2.1);
#429=CIRCLE('',#1074,2.1);
#430=CIRCLE('',#1075,2.1);
#431=CIRCLE('',#1077,3.1);
#432=CIRCLE('',#1078,3.1);
#433=CIRCLE('',#1081,3.1);
#434=CIRCLE('',#1082,3.1);
#435=CIRCLE('',#1085,1.);
#436=CIRCLE('',#1086,1.);
#437=CIRCLE('',#1089,1.);
#438=CIRCLE('',#1090,1.);
#439=CIRCLE('',#1093,1.);
#440=CIRCLE('',#1094,1.);
#441=CIRCLE('',#1097,1.);
#442=CIRCLE('',#1098,1.);
#443=CIRCLE('',#1103,2.1);
#444=CIRCLE('',#1104,2.1);
#445=CIRCLE('',#1106,2.1);
#446=CIRCLE('',#1107,2.1);
#447=CIRCLE('',#1109,1.);
#448=CIRCLE('',#1110,1.);
#449=CIRCLE('',#1113,1.);
#450=CIRCLE('',#1114,1.);
#451=CIRCLE('',#1117,1.);
#452=CIRCLE('',#1118,1.);
#453=CIRCLE('',#1121,1.);
#454=CIRCLE('',#1122,1.);
#455=CIRCLE('',#1127,2.1);
#456=CIRCLE('',#1128,2.);
#457=CIRCLE('',#1130,1.7295);
#458=CIRCLE('',#1132,2.1);
#459=CIRCLE('',#1134,1.5);
#460=CIRCLE('',#1135,1.5);
#461=CIRCLE('',#1137,1.23);
#462=CIRCLE('',#1138,1.23);
#463=CIRCLE('',#1140,1.2295);
#464=CIRCLE('',#1142,1.2295);
#465=CIRCLE('',#1146,1.7295);
#466=CIRCLE('',#1149,2.1);
#467=CIRCLE('',#1150,2.);
#468=CIRCLE('',#1152,1.7295);
#469=CIRCLE('',#1154,2.1);
#470=CIRCLE('',#1156,1.5);
#471=CIRCLE('',#1157,1.5);
#472=CIRCLE('',#1159,1.23);
#473=CIRCLE('',#1160,1.23);
#474=CIRCLE('',#1162,1.2295);
#475=CIRCLE('',#1164,1.2295);
#476=CIRCLE('',#1168,1.7295);
#477=CIRCLE('',#1171,0.75);
#478=CIRCLE('',#1172,0.75);
#479=CIRCLE('',#1176,0.5);
#480=CIRCLE('',#1177,0.5);
#481=CIRCLE('',#1181,0.5);
#482=CIRCLE('',#1182,0.5);
#483=CIRCLE('',#1186,0.5);
#484=CIRCLE('',#1187,0.5);
#485=CIRCLE('',#1191,0.5);
#486=CIRCLE('',#1192,0.5);
#487=CIRCLE('',#1196,0.5);
#488=CIRCLE('',#1197,0.5);
#489=CIRCLE('',#1201,0.5);
#490=CIRCLE('',#1202,0.5);
#491=CIRCLE('',#1206,0.5);
#492=CIRCLE('',#1207,0.5);
#493=CIRCLE('',#1211,0.5);
#494=CIRCLE('',#1212,0.5);
#495=CIRCLE('',#1216,0.75);
#496=CIRCLE('',#1217,0.75);
#497=VERTEX_POINT('',#1556);
#498=VERTEX_POINT('',#1558);
#499=VERTEX_POINT('',#1561);
#500=VERTEX_POINT('',#1563);
#501=VERTEX_POINT('',#1566);
#502=VERTEX_POINT('',#1568);
#503=VERTEX_POINT('',#1572);
#504=VERTEX_POINT('',#1574);
#505=VERTEX_POINT('',#1578);
#506=VERTEX_POINT('',#1579);
#507=VERTEX_POINT('',#1581);
#508=VERTEX_POINT('',#1583);
#509=VERTEX_POINT('',#1587);
#510=VERTEX_POINT('',#1589);
#511=VERTEX_POINT('',#1593);
#512=VERTEX_POINT('',#1595);
#513=VERTEX_POINT('',#1599);
#514=VERTEX_POINT('',#1601);
#515=VERTEX_POINT('',#1605);
#516=VERTEX_POINT('',#1607);
#517=VERTEX_POINT('',#1611);
#518=VERTEX_POINT('',#1613);
#519=VERTEX_POINT('',#1617);
#520=VERTEX_POINT('',#1619);
#521=VERTEX_POINT('',#1628);
#522=VERTEX_POINT('',#1630);
#523=VERTEX_POINT('',#1633);
#524=VERTEX_POINT('',#1635);
#525=VERTEX_POINT('',#1638);
#526=VERTEX_POINT('',#1639);
#527=VERTEX_POINT('',#1641);
#528=VERTEX_POINT('',#1643);
#529=VERTEX_POINT('',#1647);
#530=VERTEX_POINT('',#1649);
#531=VERTEX_POINT('',#1653);
#532=VERTEX_POINT('',#1655);
#533=VERTEX_POINT('',#1659);
#534=VERTEX_POINT('',#1661);
#535=VERTEX_POINT('',#1665);
#536=VERTEX_POINT('',#1667);
#537=VERTEX_POINT('',#1671);
#538=VERTEX_POINT('',#1673);
#539=VERTEX_POINT('',#1677);
#540=VERTEX_POINT('',#1679);
#541=VERTEX_POINT('',#1688);
#542=VERTEX_POINT('',#1690);
#543=VERTEX_POINT('',#1693);
#544=VERTEX_POINT('',#1696);
#545=VERTEX_POINT('',#1699);
#546=VERTEX_POINT('',#1700);
#547=VERTEX_POINT('',#1702);
#548=VERTEX_POINT('',#1860);
#549=VERTEX_POINT('',#2020);
#550=VERTEX_POINT('',#2022);
#551=VERTEX_POINT('',#3778);
#552=VERTEX_POINT('',#3781);
#553=VERTEX_POINT('',#3786);
#554=VERTEX_POINT('',#3790);
#555=VERTEX_POINT('',#3792);
#556=VERTEX_POINT('',#3795);
#557=VERTEX_POINT('',#3798);
#558=VERTEX_POINT('',#3801);
#559=VERTEX_POINT('',#3802);
#560=VERTEX_POINT('',#3804);
#561=VERTEX_POINT('',#3962);
#562=VERTEX_POINT('',#4122);
#563=VERTEX_POINT('',#4124);
#564=VERTEX_POINT('',#5880);
#565=VERTEX_POINT('',#5883);
#566=VERTEX_POINT('',#5888);
#567=VERTEX_POINT('',#5892);
#568=VERTEX_POINT('',#5894);
#569=VERTEX_POINT('',#5899);
#570=VERTEX_POINT('',#5901);
#571=VERTEX_POINT('',#5906);
#572=VERTEX_POINT('',#5908);
#573=VERTEX_POINT('',#5913);
#574=VERTEX_POINT('',#5915);
#575=VERTEX_POINT('',#5920);
#576=VERTEX_POINT('',#5922);
#577=VERTEX_POINT('',#5927);
#578=VERTEX_POINT('',#5929);
#579=VERTEX_POINT('',#5934);
#580=VERTEX_POINT('',#5936);
#581=VERTEX_POINT('',#5941);
#582=VERTEX_POINT('',#5943);
#583=VERTEX_POINT('',#5948);
#584=VERTEX_POINT('',#5950);
#585=VERTEX_POINT('',#5955);
#586=VERTEX_POINT('',#5957);
#587=EDGE_CURVE('',#497,#497,#427,.T.);
#588=EDGE_CURVE('',#498,#498,#428,.T.);
#589=EDGE_CURVE('',#499,#499,#429,.T.);
#590=EDGE_CURVE('',#500,#500,#430,.T.);
#591=EDGE_CURVE('',#501,#501,#431,.T.);
#592=EDGE_CURVE('',#502,#502,#432,.T.);
#593=EDGE_CURVE('',#503,#503,#433,.T.);
#594=EDGE_CURVE('',#504,#504,#434,.T.);
#595=EDGE_CURVE('',#505,#506,#435,.T.);
#596=EDGE_CURVE('',#505,#507,#69,.T.);
#597=EDGE_CURVE('',#508,#507,#436,.T.);
#598=EDGE_CURVE('',#506,#508,#70,.T.);
#599=EDGE_CURVE('',#506,#509,#71,.T.);
#600=EDGE_CURVE('',#510,#508,#72,.T.);
#601=EDGE_CURVE('',#509,#510,#73,.T.);
#602=EDGE_CURVE('',#509,#511,#437,.T.);
#603=EDGE_CURVE('',#512,#510,#438,.T.);
#604=EDGE_CURVE('',#511,#512,#74,.T.);
#605=EDGE_CURVE('',#511,#513,#75,.T.);
#606=EDGE_CURVE('',#514,#512,#76,.T.);
#607=EDGE_CURVE('',#513,#514,#77,.T.);
#608=EDGE_CURVE('',#513,#515,#439,.T.);
#609=EDGE_CURVE('',#516,#514,#440,.T.);
#610=EDGE_CURVE('',#515,#516,#78,.T.);
#611=EDGE_CURVE('',#515,#517,#79,.T.);
#612=EDGE_CURVE('',#518,#516,#80,.T.);
#613=EDGE_CURVE('',#517,#518,#81,.T.);
#614=EDGE_CURVE('',#517,#519,#441,.T.);
#615=EDGE_CURVE('',#520,#518,#442,.T.);
#616=EDGE_CURVE('',#519,#520,#82,.T.);
#617=EDGE_CURVE('',#519,#505,#83,.T.);
#618=EDGE_CURVE('',#507,#520,#84,.T.);
#619=EDGE_CURVE('',#521,#521,#443,.T.);
#620=EDGE_CURVE('',#522,#522,#444,.T.);
#621=EDGE_CURVE('',#523,#523,#445,.T.);
#622=EDGE_CURVE('',#524,#524,#446,.T.);
#623=EDGE_CURVE('',#525,#526,#447,.T.);
#624=EDGE_CURVE('',#525,#527,#85,.T.);
#625=EDGE_CURVE('',#528,#527,#448,.T.);
#626=EDGE_CURVE('',#526,#528,#86,.T.);
#627=EDGE_CURVE('',#526,#529,#87,.T.);
#628=EDGE_CURVE('',#530,#528,#88,.T.);
#629=EDGE_CURVE('',#529,#530,#89,.T.);
#630=EDGE_CURVE('',#529,#531,#449,.T.);
#631=EDGE_CURVE('',#532,#530,#450,.T.);
#632=EDGE_CURVE('',#531,#532,#90,.T.);
#633=EDGE_CURVE('',#531,#533,#91,.T.);
#634=EDGE_CURVE('',#534,#532,#92,.T.);
#635=EDGE_CURVE('',#533,#534,#93,.T.);
#636=EDGE_CURVE('',#533,#535,#451,.T.);
#637=EDGE_CURVE('',#536,#534,#452,.T.);
#638=EDGE_CURVE('',#535,#536,#94,.T.);
#639=EDGE_CURVE('',#535,#537,#95,.T.);
#640=EDGE_CURVE('',#538,#536,#96,.T.);
#641=EDGE_CURVE('',#537,#538,#97,.T.);
#642=EDGE_CURVE('',#537,#539,#453,.T.);
#643=EDGE_CURVE('',#540,#538,#454,.T.);
#644=EDGE_CURVE('',#539,#540,#98,.T.);
#645=EDGE_CURVE('',#539,#525,#99,.T.);
#646=EDGE_CURVE('',#527,#540,#100,.T.);
#647=EDGE_CURVE('',#541,#541,#455,.T.);
#648=EDGE_CURVE('',#542,#542,#456,.T.);
#649=EDGE_CURVE('',#543,#543,#457,.T.);
#650=EDGE_CURVE('',#544,#544,#458,.T.);
#651=EDGE_CURVE('',#545,#546,#459,.T.);
#652=EDGE_CURVE('',#547,#545,#25,.T.);
#653=EDGE_CURVE('',#548,#547,#460,.T.);
#654=EDGE_CURVE('',#548,#546,#26,.T.);
#655=EDGE_CURVE('',#549,#549,#461,.T.);
#656=EDGE_CURVE('',#549,#550,#27,.T.);
#657=EDGE_CURVE('',#550,#550,#462,.T.);
#658=EDGE_CURVE('',#546,#549,#28,.T.);
#659=EDGE_CURVE('',#550,#548,#29,.T.);
#660=EDGE_CURVE('',#549,#545,#30,.T.);
#661=EDGE_CURVE('',#547,#550,#31,.T.);
#662=EDGE_CURVE('',#551,#551,#463,.T.);
#663=EDGE_CURVE('',#552,#552,#464,.T.);
#664=EDGE_CURVE('',#553,#553,#465,.T.);
#665=EDGE_CURVE('',#554,#554,#466,.T.);
#666=EDGE_CURVE('',#555,#555,#467,.T.);
#667=EDGE_CURVE('',#556,#556,#468,.T.);
#668=EDGE_CURVE('',#557,#557,#469,.T.);
#669=EDGE_CURVE('',#558,#559,#470,.T.);
#670=EDGE_CURVE('',#560,#558,#32,.T.);
#671=EDGE_CURVE('',#561,#560,#471,.T.);
#672=EDGE_CURVE('',#561,#559,#33,.T.);
#673=EDGE_CURVE('',#562,#562,#472,.T.);
#674=EDGE_CURVE('',#562,#563,#34,.T.);
#675=EDGE_CURVE('',#563,#563,#473,.T.);
#676=EDGE_CURVE('',#559,#562,#35,.T.);
#677=EDGE_CURVE('',#563,#561,#36,.T.);
#678=EDGE_CURVE('',#562,#558,#37,.T.);
#679=EDGE_CURVE('',#560,#563,#38,.T.);
#680=EDGE_CURVE('',#564,#564,#474,.T.);
#681=EDGE_CURVE('',#565,#565,#475,.T.);
#682=EDGE_CURVE('',#566,#566,#476,.T.);
#683=EDGE_CURVE('',#567,#567,#477,.T.);
#684=EDGE_CURVE('',#568,#568,#478,.T.);
#685=EDGE_CURVE('',#569,#569,#479,.T.);
#686=EDGE_CURVE('',#570,#570,#480,.T.);
#687=EDGE_CURVE('',#571,#571,#481,.T.);
#688=EDGE_CURVE('',#572,#572,#482,.T.);
#689=EDGE_CURVE('',#573,#573,#483,.T.);
#690=EDGE_CURVE('',#574,#574,#484,.T.);
#691=EDGE_CURVE('',#575,#575,#485,.T.);
#692=EDGE_CURVE('',#576,#576,#486,.T.);
#693=EDGE_CURVE('',#577,#577,#487,.T.);
#694=EDGE_CURVE('',#578,#578,#488,.T.);
#695=EDGE_CURVE('',#579,#579,#489,.T.);
#696=EDGE_CURVE('',#580,#580,#490,.T.);
#697=EDGE_CURVE('',#581,#581,#491,.T.);
#698=EDGE_CURVE('',#582,#582,#492,.T.);
#699=EDGE_CURVE('',#583,#583,#493,.T.);
#700=EDGE_CURVE('',#584,#584,#494,.T.);
#701=EDGE_CURVE('',#585,#585,#495,.T.);
#702=EDGE_CURVE('',#586,#586,#496,.T.);
#703=ORIENTED_EDGE('',*,*,#587,.F.);
#704=ORIENTED_EDGE('',*,*,#588,.F.);
#705=ORIENTED_EDGE('',*,*,#589,.F.);
#706=ORIENTED_EDGE('',*,*,#590,.F.);
#707=ORIENTED_EDGE('',*,*,#591,.T.);
#708=ORIENTED_EDGE('',*,*,#592,.F.);
#709=ORIENTED_EDGE('',*,*,#591,.F.);
#710=ORIENTED_EDGE('',*,*,#590,.T.);
#711=ORIENTED_EDGE('',*,*,#593,.T.);
#712=ORIENTED_EDGE('',*,*,#594,.F.);
#713=ORIENTED_EDGE('',*,*,#593,.F.);
#714=ORIENTED_EDGE('',*,*,#588,.T.);
#715=ORIENTED_EDGE('',*,*,#595,.F.);
#716=ORIENTED_EDGE('',*,*,#596,.T.);
#717=ORIENTED_EDGE('',*,*,#597,.F.);
#718=ORIENTED_EDGE('',*,*,#598,.F.);
#719=ORIENTED_EDGE('',*,*,#599,.F.);
#720=ORIENTED_EDGE('',*,*,#598,.T.);
#721=ORIENTED_EDGE('',*,*,#600,.F.);
#722=ORIENTED_EDGE('',*,*,#601,.F.);
#723=ORIENTED_EDGE('',*,*,#602,.F.);
#724=ORIENTED_EDGE('',*,*,#601,.T.);
#725=ORIENTED_EDGE('',*,*,#603,.F.);
#726=ORIENTED_EDGE('',*,*,#604,.F.);
#727=ORIENTED_EDGE('',*,*,#605,.F.);
#728=ORIENTED_EDGE('',*,*,#604,.T.);
#729=ORIENTED_EDGE('',*,*,#606,.F.);
#730=ORIENTED_EDGE('',*,*,#607,.F.);
#731=ORIENTED_EDGE('',*,*,#608,.F.);
#732=ORIENTED_EDGE('',*,*,#607,.T.);
#733=ORIENTED_EDGE('',*,*,#609,.F.);
#734=ORIENTED_EDGE('',*,*,#610,.F.);
#735=ORIENTED_EDGE('',*,*,#611,.F.);
#736=ORIENTED_EDGE('',*,*,#610,.T.);
#737=ORIENTED_EDGE('',*,*,#612,.F.);
#738=ORIENTED_EDGE('',*,*,#613,.F.);
#739=ORIENTED_EDGE('',*,*,#614,.F.);
#740=ORIENTED_EDGE('',*,*,#613,.T.);
#741=ORIENTED_EDGE('',*,*,#615,.F.);
#742=ORIENTED_EDGE('',*,*,#616,.F.);
#743=ORIENTED_EDGE('',*,*,#617,.F.);
#744=ORIENTED_EDGE('',*,*,#616,.T.);
#745=ORIENTED_EDGE('',*,*,#618,.F.);
#746=ORIENTED_EDGE('',*,*,#596,.F.);
#747=ORIENTED_EDGE('',*,*,#617,.T.);
#748=ORIENTED_EDGE('',*,*,#595,.T.);
#749=ORIENTED_EDGE('',*,*,#599,.T.);
#750=ORIENTED_EDGE('',*,*,#602,.T.);
#751=ORIENTED_EDGE('',*,*,#605,.T.);
#752=ORIENTED_EDGE('',*,*,#608,.T.);
#753=ORIENTED_EDGE('',*,*,#611,.T.);
#754=ORIENTED_EDGE('',*,*,#614,.T.);
#755=ORIENTED_EDGE('',*,*,#587,.T.);
#756=ORIENTED_EDGE('',*,*,#589,.T.);
#757=ORIENTED_EDGE('',*,*,#618,.T.);
#758=ORIENTED_EDGE('',*,*,#615,.T.);
#759=ORIENTED_EDGE('',*,*,#612,.T.);
#760=ORIENTED_EDGE('',*,*,#609,.T.);
#761=ORIENTED_EDGE('',*,*,#606,.T.);
#762=ORIENTED_EDGE('',*,*,#603,.T.);
#763=ORIENTED_EDGE('',*,*,#600,.T.);
#764=ORIENTED_EDGE('',*,*,#597,.T.);
#765=ORIENTED_EDGE('',*,*,#592,.T.);
#766=ORIENTED_EDGE('',*,*,#594,.T.);
#767=ORIENTED_EDGE('',*,*,#619,.F.);
#768=ORIENTED_EDGE('',*,*,#620,.F.);
#769=ORIENTED_EDGE('',*,*,#621,.F.);
#770=ORIENTED_EDGE('',*,*,#622,.F.);
#771=ORIENTED_EDGE('',*,*,#623,.F.);
#772=ORIENTED_EDGE('',*,*,#624,.T.);
#773=ORIENTED_EDGE('',*,*,#625,.F.);
#774=ORIENTED_EDGE('',*,*,#626,.F.);
#775=ORIENTED_EDGE('',*,*,#627,.F.);
#776=ORIENTED_EDGE('',*,*,#626,.T.);
#777=ORIENTED_EDGE('',*,*,#628,.F.);
#778=ORIENTED_EDGE('',*,*,#629,.F.);
#779=ORIENTED_EDGE('',*,*,#630,.F.);
#780=ORIENTED_EDGE('',*,*,#629,.T.);
#781=ORIENTED_EDGE('',*,*,#631,.F.);
#782=ORIENTED_EDGE('',*,*,#632,.F.);
#783=ORIENTED_EDGE('',*,*,#633,.F.);
#784=ORIENTED_EDGE('',*,*,#632,.T.);
#785=ORIENTED_EDGE('',*,*,#634,.F.);
#786=ORIENTED_EDGE('',*,*,#635,.F.);
#787=ORIENTED_EDGE('',*,*,#636,.F.);
#788=ORIENTED_EDGE('',*,*,#635,.T.);
#789=ORIENTED_EDGE('',*,*,#637,.F.);
#790=ORIENTED_EDGE('',*,*,#638,.F.);
#791=ORIENTED_EDGE('',*,*,#639,.F.);
#792=ORIENTED_EDGE('',*,*,#638,.T.);
#793=ORIENTED_EDGE('',*,*,#640,.F.);
#794=ORIENTED_EDGE('',*,*,#641,.F.);
#795=ORIENTED_EDGE('',*,*,#642,.F.);
#796=ORIENTED_EDGE('',*,*,#641,.T.);
#797=ORIENTED_EDGE('',*,*,#643,.F.);
#798=ORIENTED_EDGE('',*,*,#644,.F.);
#799=ORIENTED_EDGE('',*,*,#645,.F.);
#800=ORIENTED_EDGE('',*,*,#644,.T.);
#801=ORIENTED_EDGE('',*,*,#646,.F.);
#802=ORIENTED_EDGE('',*,*,#624,.F.);
#803=ORIENTED_EDGE('',*,*,#645,.T.);
#804=ORIENTED_EDGE('',*,*,#623,.T.);
#805=ORIENTED_EDGE('',*,*,#627,.T.);
#806=ORIENTED_EDGE('',*,*,#630,.T.);
#807=ORIENTED_EDGE('',*,*,#633,.T.);
#808=ORIENTED_EDGE('',*,*,#636,.T.);
#809=ORIENTED_EDGE('',*,*,#639,.T.);
#810=ORIENTED_EDGE('',*,*,#642,.T.);
#811=ORIENTED_EDGE('',*,*,#620,.T.);
#812=ORIENTED_EDGE('',*,*,#622,.T.);
#813=ORIENTED_EDGE('',*,*,#646,.T.);
#814=ORIENTED_EDGE('',*,*,#643,.T.);
#815=ORIENTED_EDGE('',*,*,#640,.T.);
#816=ORIENTED_EDGE('',*,*,#637,.T.);
#817=ORIENTED_EDGE('',*,*,#634,.T.);
#818=ORIENTED_EDGE('',*,*,#631,.T.);
#819=ORIENTED_EDGE('',*,*,#628,.T.);
#820=ORIENTED_EDGE('',*,*,#625,.T.);
#821=ORIENTED_EDGE('',*,*,#619,.T.);
#822=ORIENTED_EDGE('',*,*,#621,.T.);
#823=ORIENTED_EDGE('',*,*,#647,.T.);
#824=ORIENTED_EDGE('',*,*,#648,.T.);
#825=ORIENTED_EDGE('',*,*,#648,.F.);
#826=ORIENTED_EDGE('',*,*,#649,.F.);
#827=ORIENTED_EDGE('',*,*,#650,.T.);
#828=ORIENTED_EDGE('',*,*,#647,.F.);
#829=ORIENTED_EDGE('',*,*,#651,.F.);
#830=ORIENTED_EDGE('',*,*,#652,.F.);
#831=ORIENTED_EDGE('',*,*,#653,.F.);
#832=ORIENTED_EDGE('',*,*,#654,.T.);
#833=ORIENTED_EDGE('',*,*,#655,.F.);
#834=ORIENTED_EDGE('',*,*,#656,.T.);
#835=ORIENTED_EDGE('',*,*,#657,.F.);
#836=ORIENTED_EDGE('',*,*,#656,.F.);
#837=ORIENTED_EDGE('',*,*,#658,.F.);
#838=ORIENTED_EDGE('',*,*,#654,.F.);
#839=ORIENTED_EDGE('',*,*,#659,.F.);
#840=ORIENTED_EDGE('',*,*,#656,.F.);
#841=ORIENTED_EDGE('',*,*,#660,.F.);
#842=ORIENTED_EDGE('',*,*,#656,.T.);
#843=ORIENTED_EDGE('',*,*,#661,.F.);
#844=ORIENTED_EDGE('',*,*,#652,.T.);
#845=ORIENTED_EDGE('',*,*,#655,.T.);
#846=ORIENTED_EDGE('',*,*,#662,.T.);
#847=ORIENTED_EDGE('',*,*,#657,.T.);
#848=ORIENTED_EDGE('',*,*,#663,.T.);
#849=ORIENTED_EDGE('',*,*,#658,.T.);
#850=ORIENTED_EDGE('',*,*,#660,.T.);
#851=ORIENTED_EDGE('',*,*,#651,.T.);
#852=ORIENTED_EDGE('',*,*,#649,.T.);
#853=ORIENTED_EDGE('',*,*,#663,.F.);
#854=ORIENTED_EDGE('',*,*,#662,.F.);
#855=ORIENTED_EDGE('',*,*,#659,.T.);
#856=ORIENTED_EDGE('',*,*,#653,.T.);
#857=ORIENTED_EDGE('',*,*,#661,.T.);
#858=ORIENTED_EDGE('',*,*,#664,.T.);
#859=ORIENTED_EDGE('',*,*,#650,.F.);
#860=ORIENTED_EDGE('',*,*,#664,.F.);
#861=ORIENTED_EDGE('',*,*,#665,.T.);
#862=ORIENTED_EDGE('',*,*,#666,.T.);
#863=ORIENTED_EDGE('',*,*,#666,.F.);
#864=ORIENTED_EDGE('',*,*,#667,.F.);
#865=ORIENTED_EDGE('',*,*,#668,.T.);
#866=ORIENTED_EDGE('',*,*,#665,.F.);
#867=ORIENTED_EDGE('',*,*,#669,.F.);
#868=ORIENTED_EDGE('',*,*,#670,.F.);
#869=ORIENTED_EDGE('',*,*,#671,.F.);
#870=ORIENTED_EDGE('',*,*,#672,.T.);
#871=ORIENTED_EDGE('',*,*,#673,.F.);
#872=ORIENTED_EDGE('',*,*,#674,.T.);
#873=ORIENTED_EDGE('',*,*,#675,.F.);
#874=ORIENTED_EDGE('',*,*,#674,.F.);
#875=ORIENTED_EDGE('',*,*,#676,.F.);
#876=ORIENTED_EDGE('',*,*,#672,.F.);
#877=ORIENTED_EDGE('',*,*,#677,.F.);
#878=ORIENTED_EDGE('',*,*,#674,.F.);
#879=ORIENTED_EDGE('',*,*,#678,.F.);
#880=ORIENTED_EDGE('',*,*,#674,.T.);
#881=ORIENTED_EDGE('',*,*,#679,.F.);
#882=ORIENTED_EDGE('',*,*,#670,.T.);
#883=ORIENTED_EDGE('',*,*,#673,.T.);
#884=ORIENTED_EDGE('',*,*,#680,.T.);
#885=ORIENTED_EDGE('',*,*,#675,.T.);
#886=ORIENTED_EDGE('',*,*,#681,.T.);
#887=ORIENTED_EDGE('',*,*,#676,.T.);
#888=ORIENTED_EDGE('',*,*,#678,.T.);
#889=ORIENTED_EDGE('',*,*,#669,.T.);
#890=ORIENTED_EDGE('',*,*,#667,.T.);
#891=ORIENTED_EDGE('',*,*,#681,.F.);
#892=ORIENTED_EDGE('',*,*,#680,.F.);
#893=ORIENTED_EDGE('',*,*,#677,.T.);
#894=ORIENTED_EDGE('',*,*,#671,.T.);
#895=ORIENTED_EDGE('',*,*,#679,.T.);
#896=ORIENTED_EDGE('',*,*,#682,.T.);
#897=ORIENTED_EDGE('',*,*,#668,.F.);
#898=ORIENTED_EDGE('',*,*,#682,.F.);
#899=ORIENTED_EDGE('',*,*,#683,.F.);
#900=ORIENTED_EDGE('',*,*,#684,.F.);
#901=ORIENTED_EDGE('',*,*,#684,.T.);
#902=ORIENTED_EDGE('',*,*,#683,.T.);
#903=ORIENTED_EDGE('',*,*,#685,.F.);
#904=ORIENTED_EDGE('',*,*,#686,.F.);
#905=ORIENTED_EDGE('',*,*,#686,.T.);
#906=ORIENTED_EDGE('',*,*,#685,.T.);
#907=ORIENTED_EDGE('',*,*,#687,.F.);
#908=ORIENTED_EDGE('',*,*,#688,.F.);
#909=ORIENTED_EDGE('',*,*,#688,.T.);
#910=ORIENTED_EDGE('',*,*,#687,.T.);
#911=ORIENTED_EDGE('',*,*,#689,.F.);
#912=ORIENTED_EDGE('',*,*,#690,.F.);
#913=ORIENTED_EDGE('',*,*,#690,.T.);
#914=ORIENTED_EDGE('',*,*,#689,.T.);
#915=ORIENTED_EDGE('',*,*,#691,.F.);
#916=ORIENTED_EDGE('',*,*,#692,.F.);
#917=ORIENTED_EDGE('',*,*,#692,.T.);
#918=ORIENTED_EDGE('',*,*,#691,.T.);
#919=ORIENTED_EDGE('',*,*,#693,.F.);
#920=ORIENTED_EDGE('',*,*,#694,.F.);
#921=ORIENTED_EDGE('',*,*,#694,.T.);
#922=ORIENTED_EDGE('',*,*,#693,.T.);
#923=ORIENTED_EDGE('',*,*,#695,.F.);
#924=ORIENTED_EDGE('',*,*,#696,.F.);
#925=ORIENTED_EDGE('',*,*,#696,.T.);
#926=ORIENTED_EDGE('',*,*,#695,.T.);
#927=ORIENTED_EDGE('',*,*,#697,.F.);
#928=ORIENTED_EDGE('',*,*,#698,.F.);
#929=ORIENTED_EDGE('',*,*,#698,.T.);
#930=ORIENTED_EDGE('',*,*,#697,.T.);
#931=ORIENTED_EDGE('',*,*,#699,.F.);
#932=ORIENTED_EDGE('',*,*,#700,.F.);
#933=ORIENTED_EDGE('',*,*,#700,.T.);
#934=ORIENTED_EDGE('',*,*,#699,.T.);
#935=ORIENTED_EDGE('',*,*,#701,.F.);
#936=ORIENTED_EDGE('',*,*,#702,.F.);
#937=ORIENTED_EDGE('',*,*,#702,.T.);
#938=ORIENTED_EDGE('',*,*,#701,.T.);
#939=CYLINDRICAL_SURFACE('',#1070,2.1);
#940=CYLINDRICAL_SURFACE('',#1073,2.1);
#941=CYLINDRICAL_SURFACE('',#1076,3.1);
#942=CYLINDRICAL_SURFACE('',#1080,3.1);
#943=CYLINDRICAL_SURFACE('',#1084,1.);
#944=CYLINDRICAL_SURFACE('',#1088,1.);
#945=CYLINDRICAL_SURFACE('',#1092,1.);
#946=CYLINDRICAL_SURFACE('',#1096,1.);
#947=CYLINDRICAL_SURFACE('',#1102,2.1);
#948=CYLINDRICAL_SURFACE('',#1105,2.1);
#949=CYLINDRICAL_SURFACE('',#1108,1.);
#950=CYLINDRICAL_SURFACE('',#1112,1.);
#951=CYLINDRICAL_SURFACE('',#1116,1.);
#952=CYLINDRICAL_SURFACE('',#1120,1.);
#953=CYLINDRICAL_SURFACE('',#1131,2.1);
#954=CYLINDRICAL_SURFACE('',#1133,1.5);
#955=CYLINDRICAL_SURFACE('',#1136,1.23);
#956=CYLINDRICAL_SURFACE('',#1144,1.2295);
#957=CYLINDRICAL_SURFACE('',#1153,2.1);
#958=CYLINDRICAL_SURFACE('',#1155,1.5);
#959=CYLINDRICAL_SURFACE('',#1158,1.23);
#960=CYLINDRICAL_SURFACE('',#1166,1.2295);
#961=CYLINDRICAL_SURFACE('',#1170,0.75);
#962=CYLINDRICAL_SURFACE('',#1175,0.5);
#963=CYLINDRICAL_SURFACE('',#1180,0.5);
#964=CYLINDRICAL_SURFACE('',#1185,0.5);
#965=CYLINDRICAL_SURFACE('',#1190,0.5);
#966=CYLINDRICAL_SURFACE('',#1195,0.5);
#967=CYLINDRICAL_SURFACE('',#1200,0.5);
#968=CYLINDRICAL_SURFACE('',#1205,0.5);
#969=CYLINDRICAL_SURFACE('',#1210,0.5);
#970=CYLINDRICAL_SURFACE('',#1215,0.75);
#971=ADVANCED_FACE('',(#215,#171),#939,.F.);
#972=ADVANCED_FACE('',(#216,#172),#940,.F.);
#973=ADVANCED_FACE('',(#217,#173),#941,.F.);
#974=ADVANCED_FACE('',(#218,#174),#133,.F.);
#975=ADVANCED_FACE('',(#219,#175),#942,.F.);
#976=ADVANCED_FACE('',(#220,#176),#134,.F.);
#977=ADVANCED_FACE('',(#221),#943,.T.);
#978=ADVANCED_FACE('',(#222),#135,.T.);
#979=ADVANCED_FACE('',(#223),#944,.T.);
#980=ADVANCED_FACE('',(#224),#136,.T.);
#981=ADVANCED_FACE('',(#225),#945,.T.);
#982=ADVANCED_FACE('',(#226),#137,.T.);
#983=ADVANCED_FACE('',(#227),#946,.T.);
#984=ADVANCED_FACE('',(#228),#138,.T.);
#985=ADVANCED_FACE('',(#229,#177,#178),#139,.T.);
#986=ADVANCED_FACE('',(#230,#179,#180),#140,.F.);
#987=ADVANCED_FACE('',(#231,#181),#947,.F.);
#988=ADVANCED_FACE('',(#232,#182),#948,.F.);
#989=ADVANCED_FACE('',(#233),#949,.T.);
#990=ADVANCED_FACE('',(#234),#141,.T.);
#991=ADVANCED_FACE('',(#235),#950,.T.);
#992=ADVANCED_FACE('',(#236),#142,.T.);
#993=ADVANCED_FACE('',(#237),#951,.T.);
#994=ADVANCED_FACE('',(#238),#143,.T.);
#995=ADVANCED_FACE('',(#239),#952,.T.);
#996=ADVANCED_FACE('',(#240),#144,.T.);
#997=ADVANCED_FACE('',(#241,#183,#184),#145,.F.);
#998=ADVANCED_FACE('',(#242,#185,#186),#146,.T.);
#999=ADVANCED_FACE('',(#243,#187),#39,.T.);
#1000=ADVANCED_FACE('',(#244,#188),#147,.F.);
#1001=ADVANCED_FACE('',(#245,#189),#953,.T.);
#1002=ADVANCED_FACE('',(#246),#954,.F.);
#1003=ADVANCED_FACE('',(#247),#955,.T.);
#1004=ADVANCED_FACE('',(#248),#21,.F.);
#1005=ADVANCED_FACE('',(#249),#22,.F.);
#1006=ADVANCED_FACE('',(#250,#190),#13,.F.);
#1007=ADVANCED_FACE('',(#251,#191),#14,.F.);
#1008=ADVANCED_FACE('',(#252,#192),#15,.F.);
#1009=ADVANCED_FACE('',(#253,#193),#956,.F.);
#1010=ADVANCED_FACE('',(#254,#194),#16,.F.);
#1011=ADVANCED_FACE('',(#255,#195),#148,.T.);
#1012=ADVANCED_FACE('',(#256,#196),#40,.T.);
#1013=ADVANCED_FACE('',(#257,#197),#149,.F.);
#1014=ADVANCED_FACE('',(#258,#198),#957,.T.);
#1015=ADVANCED_FACE('',(#259),#958,.F.);
#1016=ADVANCED_FACE('',(#260),#959,.T.);
#1017=ADVANCED_FACE('',(#261),#23,.F.);
#1018=ADVANCED_FACE('',(#262),#24,.F.);
#1019=ADVANCED_FACE('',(#263,#199),#17,.F.);
#1020=ADVANCED_FACE('',(#264,#200),#18,.F.);
#1021=ADVANCED_FACE('',(#265,#201),#19,.F.);
#1022=ADVANCED_FACE('',(#266,#202),#960,.F.);
#1023=ADVANCED_FACE('',(#267,#203),#20,.F.);
#1024=ADVANCED_FACE('',(#268,#204),#150,.T.);
#1025=ADVANCED_FACE('',(#269,#205),#961,.T.);
#1026=ADVANCED_FACE('',(#270),#151,.T.);
#1027=ADVANCED_FACE('',(#271),#152,.F.);
#1028=ADVANCED_FACE('',(#272,#206),#962,.T.);
#1029=ADVANCED_FACE('',(#273),#153,.T.);
#1030=ADVANCED_FACE('',(#274),#154,.F.);
#1031=ADVANCED_FACE('',(#275,#207),#963,.T.);
#1032=ADVANCED_FACE('',(#276),#155,.T.);
#1033=ADVANCED_FACE('',(#277),#156,.F.);
#1034=ADVANCED_FACE('',(#278,#208),#964,.T.);
#1035=ADVANCED_FACE('',(#279),#157,.T.);
#1036=ADVANCED_FACE('',(#280),#158,.F.);
#1037=ADVANCED_FACE('',(#281,#209),#965,.T.);
#1038=ADVANCED_FACE('',(#282),#159,.T.);
#1039=ADVANCED_FACE('',(#283),#160,.F.);
#1040=ADVANCED_FACE('',(#284,#210),#966,.T.);
#1041=ADVANCED_FACE('',(#285),#161,.T.);
#1042=ADVANCED_FACE('',(#286),#162,.F.);
#1043=ADVANCED_FACE('',(#287,#211),#967,.T.);
#1044=ADVANCED_FACE('',(#288),#163,.T.);
#1045=ADVANCED_FACE('',(#289),#164,.F.);
#1046=ADVANCED_FACE('',(#290,#212),#968,.T.);
#1047=ADVANCED_FACE('',(#291),#165,.T.);
#1048=ADVANCED_FACE('',(#292),#166,.F.);
#1049=ADVANCED_FACE('',(#293,#213),#969,.T.);
#1050=ADVANCED_FACE('',(#294),#167,.T.);
#1051=ADVANCED_FACE('',(#295),#168,.F.);
#1052=ADVANCED_FACE('',(#296,#214),#970,.T.);
#1053=ADVANCED_FACE('',(#297),#169,.T.);
#1054=ADVANCED_FACE('',(#298),#170,.F.);
#1055=CLOSED_SHELL('',(#971,#972,#973,#974,#975,#976,#977,#978,#979,#980,
#981,#982,#983,#984,#985,#986));
#1056=CLOSED_SHELL('',(#987,#988,#989,#990,#991,#992,#993,#994,#995,#996,
#997,#998));
#1057=CLOSED_SHELL('',(#999,#1000,#1001,#1002,#1003,#1004,#1005,#1006,#1007,
#1008,#1009,#1010,#1011));
#1058=CLOSED_SHELL('',(#1012,#1013,#1014,#1015,#1016,#1017,#1018,#1019,
#1020,#1021,#1022,#1023,#1024));
#1059=CLOSED_SHELL('',(#1025,#1026,#1027));
#1060=CLOSED_SHELL('',(#1028,#1029,#1030));
#1061=CLOSED_SHELL('',(#1031,#1032,#1033));
#1062=CLOSED_SHELL('',(#1034,#1035,#1036));
#1063=CLOSED_SHELL('',(#1037,#1038,#1039));
#1064=CLOSED_SHELL('',(#1040,#1041,#1042));
#1065=CLOSED_SHELL('',(#1043,#1044,#1045));
#1066=CLOSED_SHELL('',(#1046,#1047,#1048));
#1067=CLOSED_SHELL('',(#1049,#1050,#1051));
#1068=CLOSED_SHELL('',(#1052,#1053,#1054));
#1069=AXIS2_PLACEMENT_3D('placement',#1554,#1220,#1221);
#1070=AXIS2_PLACEMENT_3D('',#1555,#1222,#1223);
#1071=AXIS2_PLACEMENT_3D('',#1557,#1224,#1225);
#1072=AXIS2_PLACEMENT_3D('',#1559,#1226,#1227);
#1073=AXIS2_PLACEMENT_3D('',#1560,#1228,#1229);
#1074=AXIS2_PLACEMENT_3D('',#1562,#1230,#1231);
#1075=AXIS2_PLACEMENT_3D('',#1564,#1232,#1233);
#1076=AXIS2_PLACEMENT_3D('',#1565,#1234,#1235);
#1077=AXIS2_PLACEMENT_3D('',#1567,#1236,#1237);
#1078=AXIS2_PLACEMENT_3D('',#1569,#1238,#1239);
#1079=AXIS2_PLACEMENT_3D('',#1570,#1240,#1241);
#1080=AXIS2_PLACEMENT_3D('',#1571,#1242,#1243);
#1081=AXIS2_PLACEMENT_3D('',#1573,#1244,#1245);
#1082=AXIS2_PLACEMENT_3D('',#1575,#1246,#1247);
#1083=AXIS2_PLACEMENT_3D('',#1576,#1248,#1249);
#1084=AXIS2_PLACEMENT_3D('',#1577,#1250,#1251);
#1085=AXIS2_PLACEMENT_3D('',#1580,#1252,#1253);
#1086=AXIS2_PLACEMENT_3D('',#1584,#1255,#1256);
#1087=AXIS2_PLACEMENT_3D('',#1586,#1258,#1259);
#1088=AXIS2_PLACEMENT_3D('',#1592,#1263,#1264);
#1089=AXIS2_PLACEMENT_3D('',#1594,#1265,#1266);
#1090=AXIS2_PLACEMENT_3D('',#1596,#1267,#1268);
#1091=AXIS2_PLACEMENT_3D('',#1598,#1270,#1271);
#1092=AXIS2_PLACEMENT_3D('',#1604,#1275,#1276);
#1093=AXIS2_PLACEMENT_3D('',#1606,#1277,#1278);
#1094=AXIS2_PLACEMENT_3D('',#1608,#1279,#1280);
#1095=AXIS2_PLACEMENT_3D('',#1610,#1282,#1283);
#1096=AXIS2_PLACEMENT_3D('',#1616,#1287,#1288);
#1097=AXIS2_PLACEMENT_3D('',#1618,#1289,#1290);
#1098=AXIS2_PLACEMENT_3D('',#1620,#1291,#1292);
#1099=AXIS2_PLACEMENT_3D('',#1622,#1294,#1295);
#1100=AXIS2_PLACEMENT_3D('',#1625,#1298,#1299);
#1101=AXIS2_PLACEMENT_3D('',#1626,#1300,#1301);
#1102=AXIS2_PLACEMENT_3D('',#1627,#1302,#1303);
#1103=AXIS2_PLACEMENT_3D('',#1629,#1304,#1305);
#1104=AXIS2_PLACEMENT_3D('',#1631,#1306,#1307);
#1105=AXIS2_PLACEMENT_3D('',#1632,#1308,#1309);
#1106=AXIS2_PLACEMENT_3D('',#1634,#1310,#1311);
#1107=AXIS2_PLACEMENT_3D('',#1636,#1312,#1313);
#1108=AXIS2_PLACEMENT_3D('',#1637,#1314,#1315);
#1109=AXIS2_PLACEMENT_3D('',#1640,#1316,#1317);
#1110=AXIS2_PLACEMENT_3D('',#1644,#1319,#1320);
#1111=AXIS2_PLACEMENT_3D('',#1646,#1322,#1323);
#1112=AXIS2_PLACEMENT_3D('',#1652,#1327,#1328);
#1113=AXIS2_PLACEMENT_3D('',#1654,#1329,#1330);
#1114=AXIS2_PLACEMENT_3D('',#1656,#1331,#1332);
#1115=AXIS2_PLACEMENT_3D('',#1658,#1334,#1335);
#1116=AXIS2_PLACEMENT_3D('',#1664,#1339,#1340);
#1117=AXIS2_PLACEMENT_3D('',#1666,#1341,#1342);
#1118=AXIS2_PLACEMENT_3D('',#1668,#1343,#1344);
#1119=AXIS2_PLACEMENT_3D('',#1670,#1346,#1347);
#1120=AXIS2_PLACEMENT_3D('',#1676,#1351,#1352);
#1121=AXIS2_PLACEMENT_3D('',#1678,#1353,#1354);
#1122=AXIS2_PLACEMENT_3D('',#1680,#1355,#1356);
#1123=AXIS2_PLACEMENT_3D('',#1682,#1358,#1359);
#1124=AXIS2_PLACEMENT_3D('',#1685,#1362,#1363);
#1125=AXIS2_PLACEMENT_3D('',#1686,#1364,#1365);
#1126=AXIS2_PLACEMENT_3D('',#1687,#1366,#1367);
#1127=AXIS2_PLACEMENT_3D('',#1689,#1368,#1369);
#1128=AXIS2_PLACEMENT_3D('',#1691,#1370,#1371);
#1129=AXIS2_PLACEMENT_3D('',#1692,#1372,#1373);
#1130=AXIS2_PLACEMENT_3D('',#1694,#1374,#1375);
#1131=AXIS2_PLACEMENT_3D('',#1695,#1376,#1377);
#1132=AXIS2_PLACEMENT_3D('',#1697,#1378,#1379);
#1133=AXIS2_PLACEMENT_3D('',#1698,#1380,#1381);
#1134=AXIS2_PLACEMENT_3D('',#1701,#1382,#1383);
#1135=AXIS2_PLACEMENT_3D('',#1861,#1384,#1385);
#1136=AXIS2_PLACEMENT_3D('',#2019,#1386,#1387);
#1137=AXIS2_PLACEMENT_3D('',#2021,#1388,#1389);
#1138=AXIS2_PLACEMENT_3D('',#2468,#1390,#1391);
#1139=AXIS2_PLACEMENT_3D('',#3777,#1392,#1393);
#1140=AXIS2_PLACEMENT_3D('',#3779,#1394,#1395);
#1141=AXIS2_PLACEMENT_3D('',#3780,#1396,#1397);
#1142=AXIS2_PLACEMENT_3D('',#3782,#1398,#1399);
#1143=AXIS2_PLACEMENT_3D('',#3783,#1400,#1401);
#1144=AXIS2_PLACEMENT_3D('',#3784,#1402,#1403);
#1145=AXIS2_PLACEMENT_3D('',#3785,#1404,#1405);
#1146=AXIS2_PLACEMENT_3D('',#3787,#1406,#1407);
#1147=AXIS2_PLACEMENT_3D('',#3788,#1408,#1409);
#1148=AXIS2_PLACEMENT_3D('',#3789,#1410,#1411);
#1149=AXIS2_PLACEMENT_3D('',#3791,#1412,#1413);
#1150=AXIS2_PLACEMENT_3D('',#3793,#1414,#1415);
#1151=AXIS2_PLACEMENT_3D('',#3794,#1416,#1417);
#1152=AXIS2_PLACEMENT_3D('',#3796,#1418,#1419);
#1153=AXIS2_PLACEMENT_3D('',#3797,#1420,#1421);
#1154=AXIS2_PLACEMENT_3D('',#3799,#1422,#1423);
#1155=AXIS2_PLACEMENT_3D('',#3800,#1424,#1425);
#1156=AXIS2_PLACEMENT_3D('',#3803,#1426,#1427);
#1157=AXIS2_PLACEMENT_3D('',#3963,#1428,#1429);
#1158=AXIS2_PLACEMENT_3D('',#4121,#1430,#1431);
#1159=AXIS2_PLACEMENT_3D('',#4123,#1432,#1433);
#1160=AXIS2_PLACEMENT_3D('',#4570,#1434,#1435);
#1161=AXIS2_PLACEMENT_3D('',#5879,#1436,#1437);
#1162=AXIS2_PLACEMENT_3D('',#5881,#1438,#1439);
#1163=AXIS2_PLACEMENT_3D('',#5882,#1440,#1441);
#1164=AXIS2_PLACEMENT_3D('',#5884,#1442,#1443);
#1165=AXIS2_PLACEMENT_3D('',#5885,#1444,#1445);
#1166=AXIS2_PLACEMENT_3D('',#5886,#1446,#1447);
#1167=AXIS2_PLACEMENT_3D('',#5887,#1448,#1449);
#1168=AXIS2_PLACEMENT_3D('',#5889,#1450,#1451);
#1169=AXIS2_PLACEMENT_3D('',#5890,#1452,#1453);
#1170=AXIS2_PLACEMENT_3D('',#5891,#1454,#1455);
#1171=AXIS2_PLACEMENT_3D('',#5893,#1456,#1457);
#1172=AXIS2_PLACEMENT_3D('',#5895,#1458,#1459);
#1173=AXIS2_PLACEMENT_3D('',#5896,#1460,#1461);
#1174=AXIS2_PLACEMENT_3D('',#5897,#1462,#1463);
#1175=AXIS2_PLACEMENT_3D('',#5898,#1464,#1465);
#1176=AXIS2_PLACEMENT_3D('',#5900,#1466,#1467);
#1177=AXIS2_PLACEMENT_3D('',#5902,#1468,#1469);
#1178=AXIS2_PLACEMENT_3D('',#5903,#1470,#1471);
#1179=AXIS2_PLACEMENT_3D('',#5904,#1472,#1473);
#1180=AXIS2_PLACEMENT_3D('',#5905,#1474,#1475);
#1181=AXIS2_PLACEMENT_3D('',#5907,#1476,#1477);
#1182=AXIS2_PLACEMENT_3D('',#5909,#1478,#1479);
#1183=AXIS2_PLACEMENT_3D('',#5910,#1480,#1481);
#1184=AXIS2_PLACEMENT_3D('',#5911,#1482,#1483);
#1185=AXIS2_PLACEMENT_3D('',#5912,#1484,#1485);
#1186=AXIS2_PLACEMENT_3D('',#5914,#1486,#1487);
#1187=AXIS2_PLACEMENT_3D('',#5916,#1488,#1489);
#1188=AXIS2_PLACEMENT_3D('',#5917,#1490,#1491);
#1189=AXIS2_PLACEMENT_3D('',#5918,#1492,#1493);
#1190=AXIS2_PLACEMENT_3D('',#5919,#1494,#1495);
#1191=AXIS2_PLACEMENT_3D('',#5921,#1496,#1497);
#1192=AXIS2_PLACEMENT_3D('',#5923,#1498,#1499);
#1193=AXIS2_PLACEMENT_3D('',#5924,#1500,#1501);
#1194=AXIS2_PLACEMENT_3D('',#5925,#1502,#1503);
#1195=AXIS2_PLACEMENT_3D('',#5926,#1504,#1505);
#1196=AXIS2_PLACEMENT_3D('',#5928,#1506,#1507);
#1197=AXIS2_PLACEMENT_3D('',#5930,#1508,#1509);
#1198=AXIS2_PLACEMENT_3D('',#5931,#1510,#1511);
#1199=AXIS2_PLACEMENT_3D('',#5932,#1512,#1513);
#1200=AXIS2_PLACEMENT_3D('',#5933,#1514,#1515);
#1201=AXIS2_PLACEMENT_3D('',#5935,#1516,#1517);
#1202=AXIS2_PLACEMENT_3D('',#5937,#1518,#1519);
#1203=AXIS2_PLACEMENT_3D('',#5938,#1520,#1521);
#1204=AXIS2_PLACEMENT_3D('',#5939,#1522,#1523);
#1205=AXIS2_PLACEMENT_3D('',#5940,#1524,#1525);
#1206=AXIS2_PLACEMENT_3D('',#5942,#1526,#1527);
#1207=AXIS2_PLACEMENT_3D('',#5944,#1528,#1529);
#1208=AXIS2_PLACEMENT_3D('',#5945,#1530,#1531);
#1209=AXIS2_PLACEMENT_3D('',#5946,#1532,#1533);
#1210=AXIS2_PLACEMENT_3D('',#5947,#1534,#1535);
#1211=AXIS2_PLACEMENT_3D('',#5949,#1536,#1537);
#1212=AXIS2_PLACEMENT_3D('',#5951,#1538,#1539);
#1213=AXIS2_PLACEMENT_3D('',#5952,#1540,#1541);
#1214=AXIS2_PLACEMENT_3D('',#5953,#1542,#1543);
#1215=AXIS2_PLACEMENT_3D('',#5954,#1544,#1545);
#1216=AXIS2_PLACEMENT_3D('',#5956,#1546,#1547);
#1217=AXIS2_PLACEMENT_3D('',#5958,#1548,#1549);
#1218=AXIS2_PLACEMENT_3D('',#5959,#1550,#1551);
#1219=AXIS2_PLACEMENT_3D('',#5960,#1552,#1553);
#1220=DIRECTION('axis',(0.,0.,1.));
#1221=DIRECTION('refdir',(1.,0.,0.));
#1222=DIRECTION('center_axis',(0.,1.,0.));
#1223=DIRECTION('ref_axis',(1.,0.,0.));
#1224=DIRECTION('center_axis',(0.,-1.,0.));
#1225=DIRECTION('ref_axis',(1.,0.,0.));
#1226=DIRECTION('center_axis',(0.,1.,0.));
#1227=DIRECTION('ref_axis',(1.,0.,0.));
#1228=DIRECTION('center_axis',(0.,1.,0.));
#1229=DIRECTION('ref_axis',(1.,0.,0.));
#1230=DIRECTION('center_axis',(0.,-1.,0.));
#1231=DIRECTION('ref_axis',(1.,0.,0.));
#1232=DIRECTION('center_axis',(0.,1.,0.));
#1233=DIRECTION('ref_axis',(1.,0.,0.));
#1234=DIRECTION('center_axis',(0.,1.,0.));
#1235=DIRECTION('ref_axis',(-1.,0.,0.));
#1236=DIRECTION('center_axis',(0.,1.,0.));
#1237=DIRECTION('ref_axis',(-1.,0.,0.));
#1238=DIRECTION('center_axis',(0.,1.,0.));
#1239=DIRECTION('ref_axis',(-1.,0.,0.));
#1240=DIRECTION('center_axis',(0.,1.,0.));
#1241=DIRECTION('ref_axis',(0.,0.,1.));
#1242=DIRECTION('center_axis',(0.,1.,0.));
#1243=DIRECTION('ref_axis',(-1.,0.,0.));
#1244=DIRECTION('center_axis',(0.,1.,0.));
#1245=DIRECTION('ref_axis',(-1.,0.,0.));
#1246=DIRECTION('center_axis',(0.,1.,0.));
#1247=DIRECTION('ref_axis',(-1.,0.,0.));
#1248=DIRECTION('center_axis',(0.,1.,0.));
#1249=DIRECTION('ref_axis',(0.,0.,1.));
#1250=DIRECTION('center_axis',(0.,-1.,0.));
#1251=DIRECTION('ref_axis',(-1.,0.,0.));
#1252=DIRECTION('center_axis',(0.,1.,0.));
#1253=DIRECTION('ref_axis',(-1.,0.,0.));
#1254=DIRECTION('',(0.,-1.,0.));
#1255=DIRECTION('center_axis',(0.,-1.,0.));
#1256=DIRECTION('ref_axis',(-1.,0.,0.));
#1257=DIRECTION('',(0.,-1.,0.));
#1258=DIRECTION('center_axis',(0.,0.,1.));
#1259=DIRECTION('ref_axis',(-1.,0.,0.));
#1260=DIRECTION('',(1.,0.,0.));
#1261=DIRECTION('',(-1.,0.,0.));
#1262=DIRECTION('',(0.,-1.,0.));
#1263=DIRECTION('center_axis',(0.,-1.,0.));
#1264=DIRECTION('ref_axis',(0.,0.,1.));
#1265=DIRECTION('center_axis',(0.,1.,0.));
#1266=DIRECTION('ref_axis',(0.,0.,1.));
#1267=DIRECTION('center_axis',(0.,-1.,0.));
#1268=DIRECTION('ref_axis',(0.,0.,1.));
#1269=DIRECTION('',(0.,-1.,0.));
#1270=DIRECTION('center_axis',(1.,0.,0.));
#1271=DIRECTION('ref_axis',(0.,0.,1.));
#1272=DIRECTION('',(0.,0.,-1.));
#1273=DIRECTION('',(0.,0.,1.));
#1274=DIRECTION('',(0.,-1.,0.));
#1275=DIRECTION('center_axis',(0.,-1.,0.));
#1276=DIRECTION('ref_axis',(1.,0.,0.));
#1277=DIRECTION('center_axis',(0.,1.,0.));
#1278=DIRECTION('ref_axis',(1.,0.,0.));
#1279=DIRECTION('center_axis',(0.,-1.,0.));
#1280=DIRECTION('ref_axis',(1.,0.,0.));
#1281=DIRECTION('',(0.,-1.,0.));
#1282=DIRECTION('center_axis',(0.,0.,-1.));
#1283=DIRECTION('ref_axis',(1.,0.,0.));
#1284=DIRECTION('',(-1.,0.,0.));
#1285=DIRECTION('',(1.,0.,0.));
#1286=DIRECTION('',(0.,-1.,0.));
#1287=DIRECTION('center_axis',(0.,-1.,0.));
#1288=DIRECTION('ref_axis',(0.,0.,-1.));
#1289=DIRECTION('center_axis',(0.,1.,0.));
#1290=DIRECTION('ref_axis',(0.,0.,-1.));
#1291=DIRECTION('center_axis',(0.,-1.,0.));
#1292=DIRECTION('ref_axis',(0.,0.,-1.));
#1293=DIRECTION('',(0.,-1.,0.));
#1294=DIRECTION('center_axis',(-1.,0.,0.));
#1295=DIRECTION('ref_axis',(0.,0.,-1.));
#1296=DIRECTION('',(0.,0.,1.));
#1297=DIRECTION('',(0.,0.,-1.));
#1298=DIRECTION('center_axis',(0.,1.,0.));
#1299=DIRECTION('ref_axis',(0.,0.,1.));
#1300=DIRECTION('center_axis',(0.,1.,0.));
#1301=DIRECTION('ref_axis',(0.,0.,1.));
#1302=DIRECTION('center_axis',(0.,1.,0.));
#1303=DIRECTION('ref_axis',(-1.,0.,0.));
#1304=DIRECTION('center_axis',(0.,-1.,0.));
#1305=DIRECTION('ref_axis',(-1.,0.,0.));
#1306=DIRECTION('center_axis',(0.,1.,0.));
#1307=DIRECTION('ref_axis',(-1.,0.,0.));
#1308=DIRECTION('center_axis',(0.,1.,0.));
#1309=DIRECTION('ref_axis',(-1.,0.,0.));
#1310=DIRECTION('center_axis',(0.,-1.,0.));
#1311=DIRECTION('ref_axis',(-1.,0.,0.));
#1312=DIRECTION('center_axis',(0.,1.,0.));
#1313=DIRECTION('ref_axis',(-1.,0.,0.));
#1314=DIRECTION('center_axis',(0.,1.,0.));
#1315=DIRECTION('ref_axis',(0.,0.,1.));
#1316=DIRECTION('center_axis',(0.,-1.,0.));
#1317=DIRECTION('ref_axis',(0.,0.,1.));
#1318=DIRECTION('',(0.,1.,0.));
#1319=DIRECTION('center_axis',(0.,1.,0.));
#1320=DIRECTION('ref_axis',(0.,0.,1.));
#1321=DIRECTION('',(0.,1.,0.));
#1322=DIRECTION('center_axis',(0.,0.,-1.));
#1323=DIRECTION('ref_axis',(-1.,0.,0.));
#1324=DIRECTION('',(1.,0.,0.));
#1325=DIRECTION('',(-1.,0.,0.));
#1326=DIRECTION('',(0.,1.,0.));
#1327=DIRECTION('center_axis',(0.,1.,0.));
#1328=DIRECTION('ref_axis',(-1.,0.,0.));
#1329=DIRECTION('center_axis',(0.,-1.,0.));
#1330=DIRECTION('ref_axis',(-1.,0.,0.));
#1331=DIRECTION('center_axis',(0.,1.,0.));
#1332=DIRECTION('ref_axis',(-1.,0.,0.));
#1333=DIRECTION('',(0.,1.,0.));
#1334=DIRECTION('center_axis',(1.,0.,0.));
#1335=DIRECTION('ref_axis',(0.,0.,-1.));
#1336=DIRECTION('',(0.,0.,1.));
#1337=DIRECTION('',(0.,0.,-1.));
#1338=DIRECTION('',(0.,1.,0.));
#1339=DIRECTION('center_axis',(0.,1.,0.));
#1340=DIRECTION('ref_axis',(0.,0.,-1.));
#1341=DIRECTION('center_axis',(0.,-1.,0.));
#1342=DIRECTION('ref_axis',(0.,0.,-1.));
#1343=DIRECTION('center_axis',(0.,1.,0.));
#1344=DIRECTION('ref_axis',(0.,0.,-1.));
#1345=DIRECTION('',(0.,1.,0.));
#1346=DIRECTION('center_axis',(0.,0.,1.));
#1347=DIRECTION('ref_axis',(1.,0.,0.));
#1348=DIRECTION('',(-1.,0.,0.));
#1349=DIRECTION('',(1.,0.,0.));
#1350=DIRECTION('',(0.,1.,0.));
#1351=DIRECTION('center_axis',(0.,1.,0.));
#1352=DIRECTION('ref_axis',(1.,0.,0.));
#1353=DIRECTION('center_axis',(0.,-1.,0.));
#1354=DIRECTION('ref_axis',(1.,0.,0.));
#1355=DIRECTION('center_axis',(0.,1.,0.));
#1356=DIRECTION('ref_axis',(1.,0.,0.));
#1357=DIRECTION('',(0.,1.,0.));
#1358=DIRECTION('center_axis',(-1.,0.,0.));
#1359=DIRECTION('ref_axis',(0.,0.,1.));
#1360=DIRECTION('',(0.,0.,-1.));
#1361=DIRECTION('',(0.,0.,1.));
#1362=DIRECTION('center_axis',(0.,1.,0.));
#1363=DIRECTION('ref_axis',(0.,0.,1.));
#1364=DIRECTION('center_axis',(0.,1.,0.));
#1365=DIRECTION('ref_axis',(0.,0.,1.));
#1366=DIRECTION('center_axis',(0.,-1.,0.));
#1367=DIRECTION('ref_axis',(0.,0.,-1.));
#1368=DIRECTION('center_axis',(0.,-1.,0.));
#1369=DIRECTION('ref_axis',(-1.,0.,0.));
#1370=DIRECTION('center_axis',(0.,1.,0.));
#1371=DIRECTION('ref_axis',(-1.,0.,0.));
#1372=DIRECTION('center_axis',(0.,1.,0.));
#1373=DIRECTION('ref_axis',(0.,0.,1.));
#1374=DIRECTION('center_axis',(0.,-1.,0.));
#1375=DIRECTION('ref_axis',(-1.,0.,0.));
#1376=DIRECTION('center_axis',(0.,-1.,0.));
#1377=DIRECTION('ref_axis',(-1.,0.,0.));
#1378=DIRECTION('center_axis',(0.,-1.,0.));
#1379=DIRECTION('ref_axis',(-1.,0.,0.));
#1380=DIRECTION('center_axis',(0.,-1.,0.));
#1381=DIRECTION('ref_axis',(1.,0.,0.));
#1382=DIRECTION('center_axis',(0.,1.,0.));
#1383=DIRECTION('ref_axis',(1.,0.,0.));
#1384=DIRECTION('center_axis',(0.,-1.,0.));
#1385=DIRECTION('ref_axis',(1.,0.,0.));
#1386=DIRECTION('center_axis',(0.,-1.,0.));
#1387=DIRECTION('ref_axis',(1.,0.,0.));
#1388=DIRECTION('center_axis',(0.,-1.,0.));
#1389=DIRECTION('ref_axis',(1.,0.,0.));
#1390=DIRECTION('center_axis',(0.,1.,0.));
#1391=DIRECTION('ref_axis',(1.,0.,0.));
#1392=DIRECTION('center_axis',(0.,-1.,0.));
#1393=DIRECTION('ref_axis',(-1.,0.,0.));
#1394=DIRECTION('center_axis',(0.,1.,0.));
#1395=DIRECTION('ref_axis',(-1.,0.,0.));
#1396=DIRECTION('center_axis',(0.,1.,0.));
#1397=DIRECTION('ref_axis',(-1.,0.,0.));
#1398=DIRECTION('center_axis',(0.,-1.,0.));
#1399=DIRECTION('ref_axis',(-1.,0.,0.));
#1400=DIRECTION('center_axis',(0.,-1.,0.));
#1401=DIRECTION('ref_axis',(-1.,0.,0.));
#1402=DIRECTION('center_axis',(0.,-1.,0.));
#1403=DIRECTION('ref_axis',(-1.,0.,0.));
#1404=DIRECTION('center_axis',(0.,1.,0.));
#1405=DIRECTION('ref_axis',(-1.,0.,0.));
#1406=DIRECTION('center_axis',(0.,1.,0.));
#1407=DIRECTION('ref_axis',(-1.,0.,0.));
#1408=DIRECTION('center_axis',(0.,1.,0.));
#1409=DIRECTION('ref_axis',(0.,0.,1.));
#1410=DIRECTION('center_axis',(0.,-1.,0.));
#1411=DIRECTION('ref_axis',(0.,0.,-1.));
#1412=DIRECTION('center_axis',(0.,-1.,0.));
#1413=DIRECTION('ref_axis',(-1.,0.,0.));
#1414=DIRECTION('center_axis',(0.,1.,0.));
#1415=DIRECTION('ref_axis',(-1.,0.,0.));
#1416=DIRECTION('center_axis',(0.,1.,0.));
#1417=DIRECTION('ref_axis',(0.,0.,1.));
#1418=DIRECTION('center_axis',(0.,-1.,0.));
#1419=DIRECTION('ref_axis',(-1.,0.,0.));
#1420=DIRECTION('center_axis',(0.,-1.,0.));
#1421=DIRECTION('ref_axis',(-1.,0.,0.));
#1422=DIRECTION('center_axis',(0.,-1.,0.));
#1423=DIRECTION('ref_axis',(-1.,0.,0.));
#1424=DIRECTION('center_axis',(0.,-1.,0.));
#1425=DIRECTION('ref_axis',(1.,0.,0.));
#1426=DIRECTION('center_axis',(0.,1.,0.));
#1427=DIRECTION('ref_axis',(1.,0.,0.));
#1428=DIRECTION('center_axis',(0.,-1.,0.));
#1429=DIRECTION('ref_axis',(1.,0.,0.));
#1430=DIRECTION('center_axis',(0.,-1.,0.));
#1431=DIRECTION('ref_axis',(1.,0.,0.));
#1432=DIRECTION('center_axis',(0.,-1.,0.));
#1433=DIRECTION('ref_axis',(1.,0.,0.));
#1434=DIRECTION('center_axis',(0.,1.,0.));
#1435=DIRECTION('ref_axis',(1.,0.,0.));
#1436=DIRECTION('center_axis',(0.,-1.,0.));
#1437=DIRECTION('ref_axis',(-1.,0.,0.));
#1438=DIRECTION('center_axis',(0.,1.,0.));
#1439=DIRECTION('ref_axis',(-1.,0.,0.));
#1440=DIRECTION('center_axis',(0.,1.,0.));
#1441=DIRECTION('ref_axis',(-1.,0.,0.));
#1442=DIRECTION('center_axis',(0.,-1.,0.));
#1443=DIRECTION('ref_axis',(-1.,0.,0.));
#1444=DIRECTION('center_axis',(0.,-1.,0.));
#1445=DIRECTION('ref_axis',(-1.,0.,0.));
#1446=DIRECTION('center_axis',(0.,-1.,0.));
#1447=DIRECTION('ref_axis',(-1.,0.,0.));
#1448=DIRECTION('center_axis',(0.,1.,0.));
#1449=DIRECTION('ref_axis',(-1.,0.,0.));
#1450=DIRECTION('center_axis',(0.,1.,0.));
#1451=DIRECTION('ref_axis',(-1.,0.,0.));
#1452=DIRECTION('center_axis',(0.,1.,0.));
#1453=DIRECTION('ref_axis',(0.,0.,1.));
#1454=DIRECTION('center_axis',(0.,-1.,0.));
#1455=DIRECTION('ref_axis',(-1.,0.,0.));
#1456=DIRECTION('center_axis',(0.,-1.,0.));
#1457=DIRECTION('ref_axis',(-1.,0.,0.));
#1458=DIRECTION('center_axis',(0.,1.,0.));
#1459=DIRECTION('ref_axis',(-1.,0.,0.));
#1460=DIRECTION('center_axis',(0.,1.,0.));
#1461=DIRECTION('ref_axis',(0.,0.,1.));
#1462=DIRECTION('center_axis',(0.,1.,0.));
#1463=DIRECTION('ref_axis',(0.,0.,1.));
#1464=DIRECTION('center_axis',(0.,-1.,0.));
#1465=DIRECTION('ref_axis',(-1.,0.,0.));
#1466=DIRECTION('center_axis',(0.,-1.,0.));
#1467=DIRECTION('ref_axis',(-1.,0.,0.));
#1468=DIRECTION('center_axis',(0.,1.,0.));
#1469=DIRECTION('ref_axis',(-1.,0.,0.));
#1470=DIRECTION('center_axis',(0.,1.,0.));
#1471=DIRECTION('ref_axis',(0.,0.,1.));
#1472=DIRECTION('center_axis',(0.,1.,0.));
#1473=DIRECTION('ref_axis',(0.,0.,1.));
#1474=DIRECTION('center_axis',(0.,-1.,0.));
#1475=DIRECTION('ref_axis',(-1.,0.,0.));
#1476=DIRECTION('center_axis',(0.,-1.,0.));
#1477=DIRECTION('ref_axis',(-1.,0.,0.));
#1478=DIRECTION('center_axis',(0.,1.,0.));
#1479=DIRECTION('ref_axis',(-1.,0.,0.));
#1480=DIRECTION('center_axis',(0.,1.,0.));
#1481=DIRECTION('ref_axis',(0.,0.,1.));
#1482=DIRECTION('center_axis',(0.,1.,0.));
#1483=DIRECTION('ref_axis',(0.,0.,1.));
#1484=DIRECTION('center_axis',(0.,-1.,0.));
#1485=DIRECTION('ref_axis',(-1.,0.,0.));
#1486=DIRECTION('center_axis',(0.,-1.,0.));
#1487=DIRECTION('ref_axis',(-1.,0.,0.));
#1488=DIRECTION('center_axis',(0.,1.,0.));
#1489=DIRECTION('ref_axis',(-1.,0.,0.));
#1490=DIRECTION('center_axis',(0.,1.,0.));
#1491=DIRECTION('ref_axis',(0.,0.,1.));
#1492=DIRECTION('center_axis',(0.,1.,0.));
#1493=DIRECTION('ref_axis',(0.,0.,1.));
#1494=DIRECTION('center_axis',(0.,-1.,0.));
#1495=DIRECTION('ref_axis',(-1.,0.,0.));
#1496=DIRECTION('center_axis',(0.,-1.,0.));
#1497=DIRECTION('ref_axis',(-1.,0.,0.));
#1498=DIRECTION('center_axis',(0.,1.,0.));
#1499=DIRECTION('ref_axis',(-1.,0.,0.));
#1500=DIRECTION('center_axis',(0.,1.,0.));
#1501=DIRECTION('ref_axis',(0.,0.,1.));
#1502=DIRECTION('center_axis',(0.,1.,0.));
#1503=DIRECTION('ref_axis',(0.,0.,1.));
#1504=DIRECTION('center_axis',(0.,-1.,0.));
#1505=DIRECTION('ref_axis',(-1.,0.,0.));
#1506=DIRECTION('center_axis',(0.,-1.,0.));
#1507=DIRECTION('ref_axis',(-1.,0.,0.));
#1508=DIRECTION('center_axis',(0.,1.,0.));
#1509=DIRECTION('ref_axis',(-1.,0.,0.));
#1510=DIRECTION('center_axis',(0.,1.,0.));
#1511=DIRECTION('ref_axis',(0.,0.,1.));
#1512=DIRECTION('center_axis',(0.,1.,0.));
#1513=DIRECTION('ref_axis',(0.,0.,1.));
#1514=DIRECTION('center_axis',(0.,-1.,0.));
#1515=DIRECTION('ref_axis',(-1.,0.,0.));
#1516=DIRECTION('center_axis',(0.,-1.,0.));
#1517=DIRECTION('ref_axis',(-1.,0.,0.));
#1518=DIRECTION('center_axis',(0.,1.,0.));
#1519=DIRECTION('ref_axis',(-1.,0.,0.));
#1520=DIRECTION('center_axis',(0.,1.,0.));
#1521=DIRECTION('ref_axis',(0.,0.,1.));
#1522=DIRECTION('center_axis',(0.,1.,0.));
#1523=DIRECTION('ref_axis',(0.,0.,1.));
#1524=DIRECTION('center_axis',(0.,-1.,0.));
#1525=DIRECTION('ref_axis',(-1.,0.,0.));
#1526=DIRECTION('center_axis',(0.,-1.,0.));
#1527=DIRECTION('ref_axis',(-1.,0.,0.));
#1528=DIRECTION('center_axis',(0.,1.,0.));
#1529=DIRECTION('ref_axis',(-1.,0.,0.));
#1530=DIRECTION('center_axis',(0.,1.,0.));
#1531=DIRECTION('ref_axis',(0.,0.,1.));
#1532=DIRECTION('center_axis',(0.,1.,0.));
#1533=DIRECTION('ref_axis',(0.,0.,1.));
#1534=DIRECTION('center_axis',(0.,-1.,0.));
#1535=DIRECTION('ref_axis',(-1.,0.,0.));
#1536=DIRECTION('center_axis',(0.,-1.,0.));
#1537=DIRECTION('ref_axis',(-1.,0.,0.));
#1538=DIRECTION('center_axis',(0.,1.,0.));
#1539=DIRECTION('ref_axis',(-1.,0.,0.));
#1540=DIRECTION('center_axis',(0.,1.,0.));
#1541=DIRECTION('ref_axis',(0.,0.,1.));
#1542=DIRECTION('center_axis',(0.,1.,0.));
#1543=DIRECTION('ref_axis',(0.,0.,1.));
#1544=DIRECTION('center_axis',(0.,-1.,0.));
#1545=DIRECTION('ref_axis',(-1.,0.,0.));
#1546=DIRECTION('center_axis',(0.,-1.,0.));
#1547=DIRECTION('ref_axis',(-1.,0.,0.));
#1548=DIRECTION('center_axis',(0.,1.,0.));
#1549=DIRECTION('ref_axis',(-1.,0.,0.));
#1550=DIRECTION('center_axis',(0.,1.,0.));
#1551=DIRECTION('ref_axis',(0.,0.,1.));
#1552=DIRECTION('center_axis',(0.,1.,0.));
#1553=DIRECTION('ref_axis',(0.,0.,1.));
#1554=CARTESIAN_POINT('',(0.,0.,0.));
#1555=CARTESIAN_POINT('Origin',(23.6,-10.9,13.1));
#1556=CARTESIAN_POINT('',(21.5,0.,13.1));
#1557=CARTESIAN_POINT('Origin',(23.6,0.,13.1));
#1558=CARTESIAN_POINT('',(21.5,-10.9,13.1));
#1559=CARTESIAN_POINT('Origin',(23.6,-10.9,13.1));
#1560=CARTESIAN_POINT('Origin',(-23.6,-10.9,-13.1));
#1561=CARTESIAN_POINT('',(-25.7,0.,-13.1));
#1562=CARTESIAN_POINT('Origin',(-23.6,0.,-13.1));
#1563=CARTESIAN_POINT('',(-25.7,-10.9,-13.1));
#1564=CARTESIAN_POINT('Origin',(-23.6,-10.9,-13.1));
#1565=CARTESIAN_POINT('Origin',(-23.6,-11.1,-13.1));
#1566=CARTESIAN_POINT('',(-20.5,-10.9,-13.1));
#1567=CARTESIAN_POINT('Origin',(-23.6,-10.9,-13.1));
#1568=CARTESIAN_POINT('',(-20.5,-11.1,-13.1));
#1569=CARTESIAN_POINT('Origin',(-23.6,-11.1,-13.1));
#1570=CARTESIAN_POINT('Origin',(-23.6,-10.9,-13.1));
#1571=CARTESIAN_POINT('Origin',(23.6,-11.1,13.1));
#1572=CARTESIAN_POINT('',(26.7,-10.9,13.1));
#1573=CARTESIAN_POINT('Origin',(23.6,-10.9,13.1));
#1574=CARTESIAN_POINT('',(26.7,-11.1,13.1));
#1575=CARTESIAN_POINT('Origin',(23.6,-11.1,13.1));
#1576=CARTESIAN_POINT('Origin',(23.6,-10.9,13.1));
#1577=CARTESIAN_POINT('Origin',(-27.95,0.,17.4));
#1578=CARTESIAN_POINT('',(-28.95,0.,17.4));
#1579=CARTESIAN_POINT('',(-27.95,0.,18.4));
#1580=CARTESIAN_POINT('Origin',(-27.95,0.,17.4));
#1581=CARTESIAN_POINT('',(-28.95,-11.1,17.4));
#1582=CARTESIAN_POINT('',(-28.95,0.,17.4));
#1583=CARTESIAN_POINT('',(-27.95,-11.1,18.4));
#1584=CARTESIAN_POINT('Origin',(-27.95,-11.1,17.4));
#1585=CARTESIAN_POINT('',(-27.95,0.,18.4));
#1586=CARTESIAN_POINT('Origin',(27.95,0.,18.4));
#1587=CARTESIAN_POINT('',(27.95,0.,18.4));
#1588=CARTESIAN_POINT('',(-27.95,0.,18.4));
#1589=CARTESIAN_POINT('',(27.95,-11.1,18.4));
#1590=CARTESIAN_POINT('',(-27.95,-11.1,18.4));
#1591=CARTESIAN_POINT('',(27.95,0.,18.4));
#1592=CARTESIAN_POINT('Origin',(27.95,0.,17.4));
#1593=CARTESIAN_POINT('',(28.95,0.,17.4));
#1594=CARTESIAN_POINT('Origin',(27.95,0.,17.4));
#1595=CARTESIAN_POINT('',(28.95,-11.1,17.4));
#1596=CARTESIAN_POINT('Origin',(27.95,-11.1,17.4));
#1597=CARTESIAN_POINT('',(28.95,0.,17.4));
#1598=CARTESIAN_POINT('Origin',(28.95,0.,-17.4));
#1599=CARTESIAN_POINT('',(28.95,0.,-17.4));
#1600=CARTESIAN_POINT('',(28.95,0.,17.4));
#1601=CARTESIAN_POINT('',(28.95,-11.1,-17.4));
#1602=CARTESIAN_POINT('',(28.95,-11.1,17.4));
#1603=CARTESIAN_POINT('',(28.95,0.,-17.4));
#1604=CARTESIAN_POINT('Origin',(27.95,0.,-17.4));
#1605=CARTESIAN_POINT('',(27.95,0.,-18.4));
#1606=CARTESIAN_POINT('Origin',(27.95,0.,-17.4));
#1607=CARTESIAN_POINT('',(27.95,-11.1,-18.4));
#1608=CARTESIAN_POINT('Origin',(27.95,-11.1,-17.4));
#1609=CARTESIAN_POINT('',(27.95,0.,-18.4));
#1610=CARTESIAN_POINT('Origin',(-27.95,0.,-18.4));
#1611=CARTESIAN_POINT('',(-27.95,0.,-18.4));
#1612=CARTESIAN_POINT('',(27.95,0.,-18.4));
#1613=CARTESIAN_POINT('',(-27.95,-11.1,-18.4));
#1614=CARTESIAN_POINT('',(27.95,-11.1,-18.4));
#1615=CARTESIAN_POINT('',(-27.95,0.,-18.4));
#1616=CARTESIAN_POINT('Origin',(-27.95,0.,-17.4));
#1617=CARTESIAN_POINT('',(-28.95,0.,-17.4));
#1618=CARTESIAN_POINT('Origin',(-27.95,0.,-17.4));
#1619=CARTESIAN_POINT('',(-28.95,-11.1,-17.4));
#1620=CARTESIAN_POINT('Origin',(-27.95,-11.1,-17.4));
#1621=CARTESIAN_POINT('',(-28.95,0.,-17.4));
#1622=CARTESIAN_POINT('Origin',(-28.95,0.,17.4));
#1623=CARTESIAN_POINT('',(-28.95,0.,-17.4));
#1624=CARTESIAN_POINT('',(-28.95,-11.1,-17.4));
#1625=CARTESIAN_POINT('Origin',(2.23700118253983E-17,0.,-2.23700118253983E-17));
#1626=CARTESIAN_POINT('Origin',(2.23700118253983E-17,-11.1,-2.23700118253983E-17));
#1627=CARTESIAN_POINT('Origin',(-23.6,0.,-13.1));
#1628=CARTESIAN_POINT('',(-21.5,1.5,-13.1));
#1629=CARTESIAN_POINT('Origin',(-23.6,1.5,-13.1));
#1630=CARTESIAN_POINT('',(-21.5,0.,-13.1));
#1631=CARTESIAN_POINT('Origin',(-23.6,0.,-13.1));
#1632=CARTESIAN_POINT('Origin',(23.6,0.,13.1));
#1633=CARTESIAN_POINT('',(25.7,1.5,13.1));
#1634=CARTESIAN_POINT('Origin',(23.6,1.5,13.1));
#1635=CARTESIAN_POINT('',(25.7,0.,13.1));
#1636=CARTESIAN_POINT('Origin',(23.6,0.,13.1));
#1637=CARTESIAN_POINT('Origin',(-27.95,0.,-17.4));
#1638=CARTESIAN_POINT('',(-28.95,0.,-17.4));
#1639=CARTESIAN_POINT('',(-27.95,0.,-18.4));
#1640=CARTESIAN_POINT('Origin',(-27.95,0.,-17.4));
#1641=CARTESIAN_POINT('',(-28.95,1.5,-17.4));
#1642=CARTESIAN_POINT('',(-28.95,0.,-17.4));
#1643=CARTESIAN_POINT('',(-27.95,1.5,-18.4));
#1644=CARTESIAN_POINT('Origin',(-27.95,1.5,-17.4));
#1645=CARTESIAN_POINT('',(-27.95,0.,-18.4));
#1646=CARTESIAN_POINT('Origin',(27.95,0.,-18.4));
#1647=CARTESIAN_POINT('',(27.95,0.,-18.4));
#1648=CARTESIAN_POINT('',(-27.95,0.,-18.4));
#1649=CARTESIAN_POINT('',(27.95,1.5,-18.4));
#1650=CARTESIAN_POINT('',(-27.95,1.5,-18.4));
#1651=CARTESIAN_POINT('',(27.95,0.,-18.4));
#1652=CARTESIAN_POINT('Origin',(27.95,0.,-17.4));
#1653=CARTESIAN_POINT('',(28.95,0.,-17.4));
#1654=CARTESIAN_POINT('Origin',(27.95,0.,-17.4));
#1655=CARTESIAN_POINT('',(28.95,1.5,-17.4));
#1656=CARTESIAN_POINT('Origin',(27.95,1.5,-17.4));
#1657=CARTESIAN_POINT('',(28.95,0.,-17.4));
#1658=CARTESIAN_POINT('Origin',(28.95,0.,17.4));
#1659=CARTESIAN_POINT('',(28.95,0.,17.4));
#1660=CARTESIAN_POINT('',(28.95,0.,-17.4));
#1661=CARTESIAN_POINT('',(28.95,1.5,17.4));
#1662=CARTESIAN_POINT('',(28.95,1.5,-17.4));
#1663=CARTESIAN_POINT('',(28.95,0.,17.4));
#1664=CARTESIAN_POINT('Origin',(27.95,0.,17.4));
#1665=CARTESIAN_POINT('',(27.95,0.,18.4));
#1666=CARTESIAN_POINT('Origin',(27.95,0.,17.4));
#1667=CARTESIAN_POINT('',(27.95,1.5,18.4));
#1668=CARTESIAN_POINT('Origin',(27.95,1.5,17.4));
#1669=CARTESIAN_POINT('',(27.95,0.,18.4));
#1670=CARTESIAN_POINT('Origin',(-27.95,0.,18.4));
#1671=CARTESIAN_POINT('',(-27.95,0.,18.4));
#1672=CARTESIAN_POINT('',(27.95,0.,18.4));
#1673=CARTESIAN_POINT('',(-27.95,1.5,18.4));
#1674=CARTESIAN_POINT('',(27.95,1.5,18.4));
#1675=CARTESIAN_POINT('',(-27.95,0.,18.4));
#1676=CARTESIAN_POINT('Origin',(-27.95,0.,17.4));
#1677=CARTESIAN_POINT('',(-28.95,0.,17.4));
#1678=CARTESIAN_POINT('Origin',(-27.95,0.,17.4));
#1679=CARTESIAN_POINT('',(-28.95,1.5,17.4));
#1680=CARTESIAN_POINT('Origin',(-27.95,1.5,17.4));
#1681=CARTESIAN_POINT('',(-28.95,0.,17.4));
#1682=CARTESIAN_POINT('Origin',(-28.95,0.,-17.4));
#1683=CARTESIAN_POINT('',(-28.95,0.,17.4));
#1684=CARTESIAN_POINT('',(-28.95,1.5,17.4));
#1685=CARTESIAN_POINT('Origin',(0.,0.,2.23700118253983E-17));
#1686=CARTESIAN_POINT('Origin',(0.,1.5,2.23700118253983E-17));
#1687=CARTESIAN_POINT('Origin',(23.6,-11.1,13.1));
#1688=CARTESIAN_POINT('',(25.7,-11.1,13.1));
#1689=CARTESIAN_POINT('Origin',(23.6,-11.1,13.1));
#1690=CARTESIAN_POINT('',(25.6,-11.2,13.1));
#1691=CARTESIAN_POINT('Origin',(23.6,-11.2,13.1));
#1692=CARTESIAN_POINT('Origin',(23.6,-11.2,13.1));
#1693=CARTESIAN_POINT('',(25.3295,-11.2,13.1));
#1694=CARTESIAN_POINT('Origin',(23.6,-11.2,13.1));
#1695=CARTESIAN_POINT('Origin',(23.6,1.5,13.1));
#1696=CARTESIAN_POINT('',(25.7,1.5,13.1));
#1697=CARTESIAN_POINT('Origin',(23.6,1.5,13.1));
#1698=CARTESIAN_POINT('Origin',(23.6,2.4058845726812,13.1));
#1699=CARTESIAN_POINT('',(24.6320929590049,-10.9705,14.1884778931942));
#1700=CARTESIAN_POINT('',(23.6260972634106,-10.9705,11.6002270395682));
#1701=CARTESIAN_POINT('Origin',(23.6,-10.9705,13.1));
#1702=CARTESIAN_POINT('',(22.6973424424652,1.27050000000001,11.9019977738646));
#1703=CARTESIAN_POINT('Ctrl Pts',(22.6973424424652,1.27050000000001,11.9019977738646));
#1704=CARTESIAN_POINT('Ctrl Pts',(23.0962225805133,1.24400432900433,11.6014539490663));
#1705=CARTESIAN_POINT('Ctrl Pts',(24.2109380005037,1.19101298701299,11.4354456975604));
#1706=CARTESIAN_POINT('Ctrl Pts',(25.3326364370215,1.11152597402598,12.7151555606121));
#1707=CARTESIAN_POINT('Ctrl Pts',(24.8602303690662,1.03203896103897,14.3474391971423));
#1708=CARTESIAN_POINT('Ctrl Pts',(23.2338000230293,0.952551948051955,14.8354526086565));
#1709=CARTESIAN_POINT('Ctrl Pts',(21.9422098235466,0.87306493506494,13.7310996061118));
#1710=CARTESIAN_POINT('Ctrl Pts',(22.1722067732939,0.79357792207793,12.0477844503404));
#1711=CARTESIAN_POINT('Ctrl Pts',(23.7118716468902,0.714090909090914,11.3298275124202));
#1712=CARTESIAN_POINT('Ctrl Pts',(25.1490563895086,0.634603896103903,12.2359902589565));
#1713=CARTESIAN_POINT('Ctrl Pts',(25.1649248856855,0.555116883116889,13.9348587124672));
#1714=CARTESIAN_POINT('Ctrl Pts',(23.7450446763783,0.475629870129876,14.8677629213926));
#1715=CARTESIAN_POINT('Ctrl Pts',(22.1920659157525,0.396142857142863,14.1787723393133));
#1716=CARTESIAN_POINT('Ctrl Pts',(21.9308544910727,0.31665584415585,12.5000276506098));
#1717=CARTESIAN_POINT('Ctrl Pts',(23.2010496500203,0.237168831168837,11.3717467827104));
#1718=CARTESIAN_POINT('Ctrl Pts',(24.8372781499069,0.157681818181824,11.8291092327204));
#1719=CARTESIAN_POINT('Ctrl Pts',(25.3383233017456,0.0781948051948103,13.452492220944));
#1720=CARTESIAN_POINT('Ctrl Pts',(24.2444871858005,-0.00129220779220213,
14.7524696675075));
#1721=CARTESIAN_POINT('Ctrl Pts',(22.5593445709317,-0.0807792207792154,
14.5363341965721));
#1722=CARTESIAN_POINT('Ctrl Pts',(21.8289858801309,-0.160266233766228,13.0023865037146));
#1723=CARTESIAN_POINT('Ctrl Pts',(22.7235024636235,-0.239753246753242,11.55799752448));
#1724=CARTESIAN_POINT('Ctrl Pts',(24.4221907220864,-0.319240259740255,11.5283696497753));
#1725=CARTESIAN_POINT('Ctrl Pts',(25.3665329159551,-0.398727272727268,12.9406859419723));
#1726=CARTESIAN_POINT('Ctrl Pts',(24.6901111606204,-0.478214285714281,14.4991701800307));
#1727=CARTESIAN_POINT('Ctrl Pts',(23.0135309096307,-0.557701298701294,14.7739395258355));
#1728=CARTESIAN_POINT('Ctrl Pts',(21.8750260991908,-0.637188311688306,13.5128977697859));
#1729=CARTESIAN_POINT('Ctrl Pts',(22.3191555615027,-0.71667532467532,11.8730293180376));
#1730=CARTESIAN_POINT('Ctrl Pts',(23.9384380569468,-0.796162337662333,11.3588856411178));
#1731=CARTESIAN_POINT('Ctrl Pts',(25.2472093789809,-0.875649350649347,12.4421848355842));
#1732=CARTESIAN_POINT('Ctrl Pts',(25.0446940550593,-0.955136363636359,14.1290182780042));
#1733=CARTESIAN_POINT('Ctrl Pts',(23.516696456976,-1.03462337662337,14.8717449163895));
#1734=CARTESIAN_POINT('Ctrl Pts',(22.0651284457541,-1.11411038961039,13.9889256667269));
#1735=CARTESIAN_POINT('Ctrl Pts',(22.0217790333481,-1.1935974025974,12.2905322060262));
#1736=CARTESIAN_POINT('Ctrl Pts',(23.4264205699202,-1.27308441558441,11.3348117067893));
#1737=CARTESIAN_POINT('Ctrl Pts',(24.9903182873257,-1.35257142857142,11.9986215051307));
#1738=CARTESIAN_POINT('Ctrl Pts',(25.2786225746978,-1.43205844155844,13.6729273782564));
#1739=CARTESIAN_POINT('Ctrl Pts',(24.0268191418985,-1.51154545454545,14.8215821064201));
#1740=CARTESIAN_POINT('Ctrl Pts',(22.383416391028,-1.59103246753247,14.3907144732348));
#1741=CARTESIAN_POINT('Ctrl Pts',(21.8562084516944,-1.67051948051948,12.7756382188115));
#1742=CARTESIAN_POINT('Ctrl Pts',(22.9288996596682,-1.75000649350649,11.4581583930708));
#1743=CARTESIAN_POINT('Ctrl Pts',(24.6173140389678,-1.8294935064935,11.6470403738726));
#1744=CARTESIAN_POINT('Ctrl Pts',(25.3723600549047,-1.90898051948052,13.1689881498215));
#1745=CARTESIAN_POINT('Ctrl Pts',(24.5012958036376,-1.98846753246753,14.6276404692802));
#1746=CARTESIAN_POINT('Ctrl Pts',(22.8033079506864,-2.06795454545454,14.6847085875952));
#1747=CARTESIAN_POINT('Ctrl Pts',(21.8362715303199,-2.14744155844155,13.2878334748587));
#1748=CARTESIAN_POINT('Ctrl Pts',(22.4874260442221,-2.22692857142857,11.7186243371327));
#1749=CARTESIAN_POINT('Ctrl Pts',(24.1593482782651,-2.30641558441558,11.4168039232938));
#1750=CARTESIAN_POINT('Ctrl Pts',(25.3180779611037,-2.3859025974026,12.6592873400873));
#1751=CARTESIAN_POINT('Ctrl Pts',(24.9005002764431,-2.46538961038961,14.3061171419099));
#1752=CARTESIAN_POINT('Ctrl Pts',(23.2897356622004,-2.54487662337662,14.8463549380717));
#1753=CARTESIAN_POINT('Ctrl Pts',(21.9636333116141,-2.62436363636364,13.7843417203257));
#1754=CARTESIAN_POINT('Ctrl Pts',(22.1388696227353,-2.70385064935064,12.094456589862));
#1755=CARTESIAN_POINT('Ctrl Pts',(23.6546682544858,-2.78333766233766,11.3271404705987));
#1756=CARTESIAN_POINT('Ctrl Pts',(25.1203096906577,-2.86282467532467,12.1863928779121));
#1757=CARTESIAN_POINT('Ctrl Pts',(25.191092790643,-2.94231168831168,13.8838643126214));
#1758=CARTESIAN_POINT('Ctrl Pts',(23.8020752616428,-3.0217987012987,14.8621535454294));
#1759=CARTESIAN_POINT('Ctrl Pts',(22.2276571100118,-3.10128571428571,14.2236968102368));
#1760=CARTESIAN_POINT('Ctrl Pts',(21.9123402664692,-3.18077272727273,12.554267324731));
#1761=CARTESIAN_POINT('Ctrl Pts',(23.1454225829317,-3.26025974025974,11.3855383057855));
#1762=CARTESIAN_POINT('Ctrl Pts',(24.7955719637799,-3.33974675324675,11.789798790849));
#1763=CARTESIAN_POINT('Ctrl Pts',(25.3488043609129,-3.41923376623377,13.3961466465951));
#1764=CARTESIAN_POINT('Ctrl Pts',(24.2975384402566,-3.49872077922078,14.7307849807384));
#1765=CARTESIAN_POINT('Ctrl Pts',(22.6062928403406,-3.57820779220779,14.5692057751994));
#1766=CARTESIAN_POINT('Ctrl Pts',(21.8267566927137,-3.6576948051948,13.059655208494));
#1767=CARTESIAN_POINT('Ctrl Pts',(22.6741411813588,-3.73718181818182,11.5871203032026));
#1768=CARTESIAN_POINT('Ctrl Pts',(24.3709854210333,-3.81666883116883,11.5026268408442));
#1769=CARTESIAN_POINT('Ctrl Pts',(25.3604636232385,-3.89615584415585,12.8836961389818));
#1770=CARTESIAN_POINT('Ctrl Pts',(24.7347463323694,-3.97564285714285,14.4632205581679));
#1771=CARTESIAN_POINT('Ctrl Pts',(23.0679185421797,-4.05512987012987,14.7920132538728));
#1772=CARTESIAN_POINT('Ctrl Pts',(21.88926645825,-4.13461688311688,13.5684125085534));
#1773=CARTESIAN_POINT('Ctrl Pts',(22.2801833617232,-4.2141038961039,11.9150512372406));
#1774=CARTESIAN_POINT('Ctrl Pts',(23.8820096288942,-4.2935909090909,11.3488603430199));
#1775=CARTESIAN_POINT('Ctrl Pts',(25.2250968482482,-4.37307792207792,12.3893103610919));
#1776=CARTESIAN_POINT('Ctrl Pts',(25.077185292932,-4.45256493506493,14.0818060599643));
#1777=CARTESIAN_POINT('Ctrl Pts',(23.5739813043703,-4.53205194805195,14.8735113635145));
#1778=CARTESIAN_POINT('Ctrl Pts',(22.0946490274201,-4.61153896103896,14.0380500937531));
#1779=CARTESIAN_POINT('Ctrl Pts',(21.9964507167222,-4.69102597402597,12.3419437849759));
#1780=CARTESIAN_POINT('Ctrl Pts',(23.3694816555718,-4.77051298701299,11.3413411866085));
#1781=CARTESIAN_POINT('Ctrl Pts',(24.9540092627288,-4.85,11.9542781989148));
#1782=CARTESIAN_POINT('Ctrl Pts',(25.296256353622,-4.92948701298701,13.6183955167962));
#1783=CARTESIAN_POINT('Ctrl Pts',(24.0822170314912,-5.00897402597403,14.8068937470087));
#1784=CARTESIAN_POINT('Ctrl Pts',(22.4257517678829,-5.08846103896103,14.4293459363188));
#1785=CARTESIAN_POINT('Ctrl Pts',(21.8466393261278,-5.16794805194805,12.832145792723));
#1786=CARTESIAN_POINT('Ctrl Pts',(22.8762055419655,-5.24743506493507,11.4806973378778));
#1787=CARTESIAN_POINT('Ctrl Pts',(24.5698408877173,-5.32692207792207,11.6149315902797));
#1788=CARTESIAN_POINT('Ctrl Pts',(25.3736636805926,-5.40640909090909,13.1116909017764));
#1789=CARTESIAN_POINT('Ctrl Pts',(24.5501801518224,-5.4858961038961,14.5977240093289));
#1790=CARTESIAN_POINT('Ctrl Pts',(22.8549224616476,-5.56538311688312,14.7096207599556));
#1791=CARTESIAN_POINT('Ctrl Pts',(21.84326076633,-5.64487012987013,13.3447177842373));
#1792=CARTESIAN_POINT('Ctrl Pts',(22.4433774998736,-5.72435714285715,11.755290395201));
#1793=CARTESIAN_POINT('Ctrl Pts',(24.1046757453395,-5.80384415584415,11.3996112441258));
#1794=CARTESIAN_POINT('Ctrl Pts',(25.3029425605753,-5.88333116883117,12.6040099149996));
#1795=CARTESIAN_POINT('Ctrl Pts',(24.9387884813959,-5.96281818181819,14.2634710701686));
#1796=CARTESIAN_POINT('Ctrl Pts',(23.3463186944755,-6.04230519480519,14.8554672666458));
#1797=CARTESIAN_POINT('Ctrl Pts',(21.9865971995117,-6.12179220779221,13.8368520424168));
#1798=CARTESIAN_POINT('Ctrl Pts',(22.1071453888872,-6.20127922077922,12.1421875762359));
#1799=CARTESIAN_POINT('Ctrl Pts',(23.5973623449761,-6.28076623376624,11.3262997514198));
#1800=CARTESIAN_POINT('Ctrl Pts',(25.0899993047791,-6.36025324675324,12.137751798757));
#1801=CARTESIAN_POINT('Ctrl Pts',(25.2155871929655,-6.43974025974026,13.8320502380052));
#1802=CARTESIAN_POINT('Ctrl Pts',(23.8589012537915,-6.51922727272728,14.8547050093456));
#1803=CARTESIAN_POINT('Ctrl Pts',(22.2646778087268,-6.59871428571428,14.2674477181146));
#1804=CARTESIAN_POINT('Ctrl Pts',(21.8955898090507,-6.6782012987013,12.609076961199));
#1805=CARTESIAN_POINT('Ctrl Pts',(23.090269229747,-6.75768831168831,11.4011197596962));
#1806=CARTESIAN_POINT('Ctrl Pts',(24.7526179802301,-6.83717532467532,11.7518563427113));
#1807=CARTESIAN_POINT('Ctrl Pts',(25.3574592978249,-6.91666233766234,13.3394918485589));
#1808=CARTESIAN_POINT('Ctrl Pts',(24.3498615399184,-6.99614935064935,14.707397648371));
#1809=CARTESIAN_POINT('Ctrl Pts',(22.6542785469192,-7.07563636363638,14.6005433889828));
#1810=CARTESIAN_POINT('Ctrl Pts',(21.8263789349089,-7.15512337662337,13.1169660396912));
#1811=CARTESIAN_POINT('Ctrl Pts',(22.6257465455449,-7.2346103896104,11.6178226369561));
#1812=CARTESIAN_POINT('Ctrl Pts',(24.3189751641425,-7.3140974025974,11.4785518070614));
#1813=CARTESIAN_POINT('Ctrl Pts',(25.3525562731717,-7.39358441558442,12.8269321725207));
#1814=CARTESIAN_POINT('Ctrl Pts',(24.7781967485972,-7.47307142857142,14.4258476347727));
#1815=CARTESIAN_POINT('Ctrl Pts',(23.1228617053193,-7.55255844155845,14.8083203964089));
#1816=CARTESIAN_POINT('Ctrl Pts',(21.9052929486992,-7.63204545454545,13.6234381905333));
#1817=CARTESIAN_POINT('Ctrl Pts',(22.2425891465205,-7.71153246753248,11.9583103294268));
#1818=CARTESIAN_POINT('Ctrl Pts',(23.8252867623825,-7.79101948051948,11.3406633625901));
#1819=CARTESIAN_POINT('Ctrl Pts',(25.2012875976657,-7.87050649350651,12.3371778984589));
#1820=CARTESIAN_POINT('Ctrl Pts',(25.1081342415617,-7.9499935064935,14.033568764723));
#1821=CARTESIAN_POINT('Ctrl Pts',(23.6312933171566,-8.02948051948053,14.8734261352927));
#1822=CARTESIAN_POINT('Ctrl Pts',(22.1257413054177,-8.10896753246753,14.0861951279972));
#1823=CARTESIAN_POINT('Ctrl Pts',(21.9727966226133,-8.18845454545455,12.3941468299582));
#1824=CARTESIAN_POINT('Ctrl Pts',(23.3127834192084,-8.26794155844156,11.3497068346248));
#1825=CARTESIAN_POINT('Ctrl Pts',(24.916286553606,-8.34742857142857,11.911131109908));
#1826=CARTESIAN_POINT('Ctrl Pts',(25.3121191170736,-8.42691558441558,13.5633224125659));
#1827=CARTESIAN_POINT('Ctrl Pts',(24.1371114512964,-8.50640259740261,14.790423265915));
#1828=CARTESIAN_POINT('Ctrl Pts',(22.4693131456229,-8.58588961038961,14.4665894651788));
#1829=CARTESIAN_POINT('Ctrl Pts',(21.8389008371127,-8.66537662337663,12.8889330260083));
#1830=CARTESIAN_POINT('Ctrl Pts',(22.8242671185231,-8.74486363636363,11.504926952837));
#1831=CARTESIAN_POINT('Ctrl Pts',(24.5213551517675,-8.82435064935066,11.5843733266238));
#1832=CARTESIAN_POINT('Ctrl Pts',(25.3731154719177,-8.90383766233766,13.0543814473932));
#1833=CARTESIAN_POINT('Ctrl Pts',(24.5980724425354,-8.98332467532468,14.5662438165176));
#1834=CARTESIAN_POINT('Ctrl Pts',(22.9073148879989,-9.06281168831169,14.7328523700503));
#1835=CARTESIAN_POINT('Ctrl Pts',(21.8520841662731,-9.1422987012987,13.4013465916845));
#1836=CARTESIAN_POINT('Ctrl Pts',(22.4005365540182,-9.22178571428572,11.7933604257677));
#1837=CARTESIAN_POINT('Ctrl Pts',(24.0494762937827,-9.30127272727273,11.3841938997762));
#1838=CARTESIAN_POINT('Ctrl Pts',(25.2860291642766,-9.38075974025974,12.549250330512));
#1839=CARTESIAN_POINT('Ctrl Pts',(24.9756788922938,-9.46024675324676,14.2196102674954));
#1840=CARTESIAN_POINT('Ctrl Pts',(23.4031665907425,-9.53973376623376,14.8627467249815));
#1841=CARTESIAN_POINT('Ctrl Pts',(22.0112455935163,-9.61922077922079,13.888593103045));
#1842=CARTESIAN_POINT('Ctrl Pts',(22.0769798123368,-9.6987077922078,12.1909184620377));
#1843=CARTESIAN_POINT('Ctrl Pts',(23.5400591738063,-9.7781948051948,11.3273111484039));
#1844=CARTESIAN_POINT('Ctrl Pts',(25.0581332807772,-9.85768181818183,12.0901149084755));
#1845=CARTESIAN_POINT('Ctrl Pts',(25.2383947467412,-9.93716883116884,13.7794727504997));
#1846=CARTESIAN_POINT('Ctrl Pts',(23.9154570448388,-10.0166558441558,14.8454227003413));
#1847=CARTESIAN_POINT('Ctrl Pts',(22.3030924683862,-10.0961428571429,14.3099830577725));
#1848=CARTESIAN_POINT('Ctrl Pts',(21.8806192897742,-10.1756298701299,12.6643927483388));
#1849=CARTESIAN_POINT('Ctrl Pts',(23.0356472852286,-10.2551168831169,11.418487293848));
#1850=CARTESIAN_POINT('Ctrl Pts',(24.7084620937946,-10.3346038961039,11.7152977514586));
#1851=CARTESIAN_POINT('Ctrl Pts',(25.3642764064535,-10.4140909090909,13.2826325896271));
#1852=CARTESIAN_POINT('Ctrl Pts',(24.4014073301182,-10.4935779220779,14.6822444034996));
#1853=CARTESIAN_POINT('Ctrl Pts',(22.703240888606,-10.5730649350649,14.6304829558383));
#1854=CARTESIAN_POINT('Ctrl Pts',(21.8278736366201,-10.652551948052,13.1739346484417));
#1855=CARTESIAN_POINT('Ctrl Pts',(22.5783296985408,-10.732038961039,11.6506984686408));
#1856=CARTESIAN_POINT('Ctrl Pts',(24.2662867785305,-10.811525974026,11.4549479661185));
#1857=CARTESIAN_POINT('Ctrl Pts',(25.342709609407,-10.891012987013,12.7729686811477));
#1858=CARTESIAN_POINT('Ctrl Pts',(24.9945064861485,-10.9440043290043,13.8448379791897));
#1859=CARTESIAN_POINT('Ctrl Pts',(24.6320929590049,-10.9705,14.1884778931942));
#1860=CARTESIAN_POINT('',(23.4048105094564,1.27050000000001,14.5872461338936));
#1861=CARTESIAN_POINT('Origin',(23.6,1.27050000000001,13.1));
#1862=CARTESIAN_POINT('Ctrl Pts',(23.4048105094564,1.27050000000001,14.5872461338936));
#1863=CARTESIAN_POINT('Ctrl Pts',(22.909625333455,1.24400432900434,14.5222569300048));
#1864=CARTESIAN_POINT('Ctrl Pts',(21.9978940923084,1.19101298701299,13.8597660635295));
#1865=CARTESIAN_POINT('Ctrl Pts',(22.0940254162413,1.11152597402598,12.1607579543483));
#1866=CARTESIAN_POINT('Ctrl Pts',(23.5746705957947,1.03203896103897,11.3269680907497));
#1867=CARTESIAN_POINT('Ctrl Pts',(25.0771379561783,0.952551948051954,12.1181844803331));
#1868=CARTESIAN_POINT('Ctrl Pts',(25.2250886444194,0.873064935064942,13.8110850328583));
#1869=CARTESIAN_POINT('Ctrl Pts',(23.8816677459657,0.793577922077928,14.8511178936729));
#1870=CARTESIAN_POINT('Ctrl Pts',(22.2800192062084,0.714090909090915,14.2847685199467));
#1871=CARTESIAN_POINT('Ctrl Pts',(21.8893278176162,0.634603896103903,12.631290014026));
#1872=CARTESIAN_POINT('Ctrl Pts',(23.0682025904646,0.555116883116888,11.4079095120361));
#1873=CARTESIAN_POINT('Ctrl Pts',(24.7349646540018,0.475629870129876,11.7369597455131));
#1874=CARTESIAN_POINT('Ctrl Pts',(25.3604303718423,0.396142857142863,13.3165937325156));
#1875=CARTESIAN_POINT('Ctrl Pts',(24.3707235845476,0.31665584415585,14.6974975688376));
#1876=CARTESIAN_POINT('Ctrl Pts',(22.6738949007656,0.237168831168836,14.612729221447));
#1877=CARTESIAN_POINT('Ctrl Pts',(21.8267498927223,0.157681818181823,13.1400550348697));
#1878=CARTESIAN_POINT('Ctrl Pts',(22.6065328173388,0.0781948051948103,11.630632310263));
#1879=CARTESIAN_POINT('Ctrl Pts',(24.2978044694835,-0.00129220779220278,
11.4693288367972));
#1880=CARTESIAN_POINT('Ctrl Pts',(25.3488526510531,-0.0807792207792158,
12.8041388225871));
#1881=CARTESIAN_POINT('Ctrl Pts',(24.7953580607286,-0.160266233766229,14.4103962373202));
#1882=CARTESIAN_POINT('Ctrl Pts',(23.1451428164471,-0.239753246753242,14.8143874396971));
#1883=CARTESIAN_POINT('Ctrl Pts',(21.9122512773336,-0.319240259740255,13.6454572167735));
#1884=CARTESIAN_POINT('Ctrl Pts',(22.2278405651616,-0.398727272727268,11.9760792810317));
#1885=CARTESIAN_POINT('Ctrl Pts',(23.8023628332155,-0.478214285714282,11.337879514934));
#1886=CARTESIAN_POINT('Ctrl Pts',(25.1912206422578,-0.557701298701293,12.3163953913425));
#1887=CARTESIAN_POINT('Ctrl Pts',(25.1201605176869,-0.637188311688309,14.0138551921228));
#1888=CARTESIAN_POINT('Ctrl Pts',(23.6543789221275,-0.716675324675319,14.8728683673072));
#1889=CARTESIAN_POINT('Ctrl Pts',(22.1387055877221,-0.796162337662335,14.1053049063261));
#1890=CARTESIAN_POINT('Ctrl Pts',(21.9637450736997,-0.875649350649346,12.415391257843));
#1891=CARTESIAN_POINT('Ctrl Pts',(23.2900206813535,-0.955136363636361,11.353594509816));
#1892=CARTESIAN_POINT('Ctrl Pts',(24.90069705254,-1.03462337662337,11.8940951565367));
#1893=CARTESIAN_POINT('Ctrl Pts',(25.3180059553576,-1.11411038961039,13.5409930286267));
#1894=CARTESIAN_POINT('Ctrl Pts',(24.159073554756,-1.1935974025974,14.7832872821879));
#1895=CARTESIAN_POINT('Ctrl Pts',(22.4872006570908,-1.27308441558441,14.4811940256163));
#1896=CARTESIAN_POINT('Ctrl Pts',(21.836302268442,-1.35257142857143,12.9118786942623));
#1897=CARTESIAN_POINT('Ctrl Pts',(22.8035666123524,-1.43205844155844,11.5151614678386));
#1898=CARTESIAN_POINT('Ctrl Pts',(24.5015450711615,-1.51154545454545,11.572506694403));
#1899=CARTESIAN_POINT('Ctrl Pts',(25.3723712295632,-1.59103246753246,13.0313011019282));
#1900=CARTESIAN_POINT('Ctrl Pts',(24.6170768682021,-1.67051948051948,14.5531255823737));
#1901=CARTESIAN_POINT('Ctrl Pts',(22.9286317436297,-1.75000649350649,14.7417320056325));
#1902=CARTESIAN_POINT('Ctrl Pts',(21.8561555988014,-1.8294935064935,13.4240771796784));
#1903=CARTESIAN_POINT('Ctrl Pts',(22.3836270929123,-1.90898051948052,11.8090870420965));
#1904=CARTESIAN_POINT('Ctrl Pts',(24.0271000831584,-1.98846753246753,11.3784876320671));
#1905=CARTESIAN_POINT('Ctrl Pts',(25.2787159964942,-2.06795454545454,12.5273465995086));
#1906=CARTESIAN_POINT('Ctrl Pts',(24.9901384767494,-2.14744155844156,14.2016053419627));
#1907=CARTESIAN_POINT('Ctrl Pts',(23.4261325001164,-2.22692857142857,14.8651598812754));
#1908=CARTESIAN_POINT('Ctrl Pts',(22.0216470034848,-2.30641558441558,13.9092101904769));
#1909=CARTESIAN_POINT('Ctrl Pts',(22.0652735909655,-2.3859025974026,12.2108238850531));
#1910=CARTESIAN_POINT('Ctrl Pts',(23.5169856090411,-2.46538961038961,11.3282415726534));
#1911=CARTESIAN_POINT('Ctrl Pts',(25.044861921776,-2.54487662337662,12.0712175443847));
#1912=CARTESIAN_POINT('Ctrl Pts',(25.2471019456596,-2.62436363636363,13.7580839570937));
#1913=CARTESIAN_POINT('Ctrl Pts',(23.9381538915021,-2.70385064935065,14.8411695091639));
#1914=CARTESIAN_POINT('Ctrl Pts',(22.3189553815497,-2.78333766233766,14.3267615903344));
#1915=CARTESIAN_POINT('Ctrl Pts',(21.8750935652019,-2.86282467532467,12.6868207348232));
#1916=CARTESIAN_POINT('Ctrl Pts',(23.0138041250645,-2.94231168831169,11.4259648420094));
#1917=CARTESIAN_POINT('Ctrl Pts',(24.690339450379,-3.0217987012987,11.7010077923993));
#1918=CARTESIAN_POINT('Ctrl Pts',(25.3665068368582,-3.10128571428571,13.2596023474547));
#1919=CARTESIAN_POINT('Ctrl Pts',(24.4219341843417,-3.18077272727273,14.6717644577323));
#1920=CARTESIAN_POINT('Ctrl Pts',(22.7232508687997,-3.26025974025974,14.6418593564004));
#1921=CARTESIAN_POINT('Ctrl Pts',(21.8289699996239,-3.33974675324675,13.1973244663364));
#1922=CARTESIAN_POINT('Ctrl Pts',(22.5595790951976,-3.41923376623377,11.6634960303465));
#1923=CARTESIAN_POINT('Ctrl Pts',(24.2447567113329,-3.49872077922078,11.4476356039991));
#1924=CARTESIAN_POINT('Ctrl Pts',(25.3383809886047,-3.57820779220779,12.7477914645589));
#1925=CARTESIAN_POINT('Ctrl Pts',(24.837070215259,-3.65769480519481,14.3710926781707));
#1926=CARTESIAN_POINT('Ctrl Pts',(23.2007685168367,-3.73718181818182,14.8281879344653));
#1927=CARTESIAN_POINT('Ctrl Pts',(21.9307549278573,-3.81666883116883,13.6997000943032));
#1928=CARTESIAN_POINT('Ctrl Pts',(22.1922453596207,-3.89615584415584,12.0209975966335));
#1929=CARTESIAN_POINT('Ctrl Pts',(23.7453267793946,-3.97564285714286,11.3322614895945));
#1930=CARTESIAN_POINT('Ctrl Pts',(25.1650733457795,-4.05512987012987,12.2653954611251));
#1931=CARTESIAN_POINT('Ctrl Pts',(25.1488916821999,-4.13461688311689,13.9642649309049));
#1932=CARTESIAN_POINT('Ctrl Pts',(23.7116281903303,-4.21410389610389,14.870185996189));
#1933=CARTESIAN_POINT('Ctrl Pts',(22.171947728555,-4.29359090909091,14.1519914562394));
#1934=CARTESIAN_POINT('Ctrl Pts',(21.9424809867708,-4.37307792207792,12.4686126111777));
#1935=CARTESIAN_POINT('Ctrl Pts',(23.2337598057089,-4.45256493506494,11.3645209785003));
#1936=CARTESIAN_POINT('Ctrl Pts',(24.8610577865274,-4.53205194805195,11.8527018908782));
#1937=CARTESIAN_POINT('Ctrl Pts',(25.3313566527841,-4.61153896103896,13.4852576473484));
#1938=CARTESIAN_POINT('Ctrl Pts',(24.2131651773109,-4.69102597402597,14.764346051551));
#1939=CARTESIAN_POINT('Ctrl Pts',(22.5324050592203,-4.77051298701299,14.5164252032499));
#1940=CARTESIAN_POINT('Ctrl Pts',(21.8311451784616,-4.85000000000001,12.9689582726745));
#1941=CARTESIAN_POINT('Ctrl Pts',(22.7527795727893,-4.92948701298701,11.5417199026821));
#1942=CARTESIAN_POINT('Ctrl Pts',(24.4517243287784,-5.00897402597403,11.544177072496));
#1943=CARTESIAN_POINT('Ctrl Pts',(25.3692264698647,-5.08846103896104,12.9740753705187));
#1944=CARTESIAN_POINT('Ctrl Pts',(24.6634933548335,-5.16794805194806,14.5195073787075));
#1945=CARTESIAN_POINT('Ctrl Pts',(22.9820231379576,-5.24743506493507,14.7625654609549));
#1946=CARTESIAN_POINT('Ctrl Pts',(21.8675362027692,-5.32692207792208,13.4802479523477));
#1947=CARTESIAN_POINT('Ctrl Pts',(22.3425553955484,-5.4064090909091,11.8490594016039));
#1948=CARTESIAN_POINT('Ctrl Pts',(23.9712586696633,-5.4858961038961,11.3655876170357));
#1949=CARTESIAN_POINT('Ctrl Pts',(25.2593384159249,-5.56538311688312,12.4734097547713));
#1950=CARTESIAN_POINT('Ctrl Pts',(25.0250033303727,-5.64487012987013,14.1561178070683));
#1951=CARTESIAN_POINT('Ctrl Pts',(23.4832518765119,-5.72435714285715,14.8698556974064));
#1952=CARTESIAN_POINT('Ctrl Pts',(22.048614844326,-5.80384415584416,13.9597810260376));
#1953=CARTESIAN_POINT('Ctrl Pts',(22.0373473600195,-5.88333116883117,12.2608718567811));
#1954=CARTESIAN_POINT('Ctrl Pts',(23.4597871491948,-5.96281818181818,11.331848515978));
#1955=CARTESIAN_POINT('Ctrl Pts',(25.0108698490797,-6.0423051948052,12.0250741500281));
#1956=CARTESIAN_POINT('Ctrl Pts',(25.2675034098475,-6.12179220779221,13.7045260061627));
#1957=CARTESIAN_POINT('Ctrl Pts',(23.9942308954661,-6.20127922077922,14.8293355125712));
#1958=CARTESIAN_POINT('Ctrl Pts',(22.3592582259766,-6.28076623376625,14.3675090390894));
#1959=CARTESIAN_POINT('Ctrl Pts',(21.8626450744106,-6.36025324675324,12.7427645363204));
#1960=CARTESIAN_POINT('Ctrl Pts',(22.9600255780616,-6.43974025974027,11.4457775079378));
#1961=CARTESIAN_POINT('Ctrl Pts',(24.6445717512288,-6.51922727272727,11.6665115380601));
#1962=CARTESIAN_POINT('Ctrl Pts',(25.3707410726926,-6.5987142857143,13.2024469006815));
#1963=CARTESIAN_POINT('Ctrl Pts',(24.4722855156524,-6.6782012987013,14.6443889708111));
#1964=CARTESIAN_POINT('Ctrl Pts',(22.773522803748,-6.75768831168831,14.6693803739233));
#1965=CARTESIAN_POINT('Ctrl Pts',(21.8330388911859,-6.83717532467533,13.2544919218543));
#1966=CARTESIAN_POINT('Ctrl Pts',(22.5137118044285,-6.91666233766234,11.6978597537543));
#1967=CARTESIAN_POINT('Ctrl Pts',(24.1910356989844,-6.99614935064935,11.4276674623431));
#1968=CARTESIAN_POINT('Ctrl Pts',(25.3260943716725,-7.07563636363637,12.691811888879));
#1969=CARTESIAN_POINT('Ctrl Pts',(24.8774907562312,-7.15512337662338,14.3304619789834));
#1970=CARTESIAN_POINT('Ctrl Pts',(23.25681105545,-7.2346103896104,14.8401840886293));
#1971=CARTESIAN_POINT('Ctrl Pts',(21.9510013861724,-7.3140974025974,13.7533168339899));
#1972=CARTESIAN_POINT('Ctrl Pts',(22.1581199557871,-7.39358441558443,12.0670424732446));
#1973=CARTESIAN_POINT('Ctrl Pts',(23.6881389922017,-7.47307142857143,11.3284891103824));
#1974=CARTESIAN_POINT('Ctrl Pts',(25.1372919992994,-7.55255844155845,12.2152669199865));
#1975=CARTESIAN_POINT('Ctrl Pts',(25.176005690281,-7.63204545454546,13.9137723134771));
#1976=CARTESIAN_POINT('Ctrl Pts',(23.7687609107783,-7.71153246753247,14.865655421925));
#1977=CARTESIAN_POINT('Ctrl Pts',(22.2066808601014,-7.79101948051949,14.1975796501268));
#1978=CARTESIAN_POINT('Ctrl Pts',(21.9229474707652,-7.8705064935065,12.5224931791164));
#1979=CARTESIAN_POINT('Ctrl Pts',(23.1778813115339,-7.94999350649351,11.377259413949));
#1980=CARTESIAN_POINT('Ctrl Pts',(24.8201018841345,-8.02948051948053,11.8126108955286));
#1981=CARTESIAN_POINT('Ctrl Pts',(25.3428996874531,-8.10896753246753,13.4291200289491));
#1982=CARTESIAN_POINT('Ctrl Pts',(24.2666166106594,-8.18845454545456,14.7436671221304));
#1983=CARTESIAN_POINT('Ctrl Pts',(22.5787241084082,-8.26794155844156,14.5501775295586));
#1984=CARTESIAN_POINT('Ctrl Pts',(21.8278349020584,-8.34742857142858,13.0261746682174));
#1985=CARTESIAN_POINT('Ctrl Pts',(22.702877093203,-8.42691558441559,11.5699052957161));
#1986=CARTESIAN_POINT('Ctrl Pts',(24.4010143240187,-8.5064025974026,11.517471843309));
#1987=CARTESIAN_POINT('Ctrl Pts',(25.3642345085536,-8.58588961038962,12.9169811136247));
#1988=CARTESIAN_POINT('Ctrl Pts',(24.708799476778,-8.66537662337663,14.4844071056852));
#1989=CARTESIAN_POINT('Ctrl Pts',(23.0360597452098,-8.74486363636364,14.7816630765884));
#1990=CARTESIAN_POINT('Ctrl Pts',(21.8807256254965,-8.82435064935066,13.5360217183297));
#1991=CARTESIAN_POINT('Ctrl Pts',(22.3027965620183,-8.90383766233767,11.8903378345477));
#1992=CARTESIAN_POINT('Ctrl Pts',(23.9150296352755,-8.98332467532468,11.3544984549223));
#1993=CARTESIAN_POINT('Ctrl Pts',(25.2382283643978,-9.0628116883117,12.4201271164502));
#1994=CARTESIAN_POINT('Ctrl Pts',(25.0583803774557,-9.1422987012987,14.1095276072049));
#1995=CARTESIAN_POINT('Ctrl Pts',(23.5404931445996,-9.22178571428573,14.8727036566545));
#1996=CARTESIAN_POINT('Ctrl Pts',(22.0772024481336,-9.30127272727273,14.0094541842071));
#1997=CARTESIAN_POINT('Ctrl Pts',(22.011052645593,-9.38075974025975,12.311795945763));
#1998=CARTESIAN_POINT('Ctrl Pts',(23.4027350951142,-9.46024675324676,11.3373015266016));
#1999=CARTESIAN_POINT('Ctrl Pts',(24.9754046996561,-9.53973376623378,11.9800530796972));
#2000=CARTESIAN_POINT('Ctrl Pts',(25.2861639279617,-9.61922077922079,13.6503368417947));
#2001=CARTESIAN_POINT('Ctrl Pts',(24.0498961989303,-9.69870779220781,14.815696048349));
#2002=CARTESIAN_POINT('Ctrl Pts',(22.400856677433,-9.77819480519481,14.4069329526073));
#2003=CARTESIAN_POINT('Ctrl Pts',(21.8520101589597,-9.85768181818184,12.7990816316692));
#2004=CARTESIAN_POINT('Ctrl Pts',(22.9069158841985,-9.93716883116883,11.4673166992122));
#2005=CARTESIAN_POINT('Ctrl Pts',(24.5977121485232,-10.0166558441559,11.6335131112386));
#2006=CARTESIAN_POINT('Ctrl Pts',(25.373129014623,-10.0961428571429,13.145182259483));
#2007=CARTESIAN_POINT('Ctrl Pts',(24.5217213308407,-10.1756298701299,14.6154053218391));
#2008=CARTESIAN_POINT('Ctrl Pts',(22.8246668452245,-10.2551168831169,14.695254588883));
#2009=CARTESIAN_POINT('Ctrl Pts',(21.8389349201882,-10.3346038961039,13.3115139503701));
#2010=CARTESIAN_POINT('Ctrl Pts',(22.4690127124362,-10.4140909090909,11.7336568889169));
#2011=CARTESIAN_POINT('Ctrl Pts',(24.1366321535943,-10.4935779220779,11.4095040584529));
#2012=CARTESIAN_POINT('Ctrl Pts',(25.3121314541001,-10.5730649350649,12.6361455939012));
#2013=CARTESIAN_POINT('Ctrl Pts',(24.9163353467491,-10.652551948052,14.288763858443));
#2014=CARTESIAN_POINT('Ctrl Pts',(23.313678661334,-10.732038961039,14.8499439479485));
#2015=CARTESIAN_POINT('Ctrl Pts',(21.9720617797465,-10.811525974026,13.8070729936047));
#2016=CARTESIAN_POINT('Ctrl Pts',(22.1273404137451,-10.891012987013,12.1124466830784));
#2017=CARTESIAN_POINT('Ctrl Pts',(23.1267412251271,-10.9440043290043,11.591537840329));
#2018=CARTESIAN_POINT('Ctrl Pts',(23.6260972634106,-10.9705,11.6002270395682));
#2019=CARTESIAN_POINT('Origin',(23.6,2.75,13.1));
#2020=CARTESIAN_POINT('',(24.5996138222526,-10.7005,12.3832907100075));
#2021=CARTESIAN_POINT('Origin',(23.6,-10.7005,13.1));
#2022=CARTESIAN_POINT('',(22.370024279147,1.0005,13.1077282670777));
#2023=CARTESIAN_POINT('Ctrl Pts',(24.5990214767253,-10.7005,12.3847614538684));
#2024=CARTESIAN_POINT('Ctrl Pts',(24.4440312147691,-10.683487498253,12.1715034278218));
#2025=CARTESIAN_POINT('Ctrl Pts',(24.2222706355573,-10.6664749965061,12.004930201725));
#2026=CARTESIAN_POINT('Ctrl Pts',(23.9727819467249,-10.6494624947591,11.925735224606));
#2027=CARTESIAN_POINT('Ctrl Pts',(23.5842223853642,-10.6229668237635,11.8023951015915));
#2028=CARTESIAN_POINT('Ctrl Pts',(23.1284064047809,-10.5964711527678,11.8909968752517));
#2029=CARTESIAN_POINT('Ctrl Pts',(22.814387782882,-10.5699754817721,12.150938227147));
#2030=CARTESIAN_POINT('Ctrl Pts',(22.5003691609832,-10.5434798107764,12.4108795790424));
#2031=CARTESIAN_POINT('Ctrl Pts',(22.3281478977688,-10.5169841397808,12.8421605091729));
#2032=CARTESIAN_POINT('Ctrl Pts',(22.3767539625832,-10.4904884687851,13.246912194835));
#2033=CARTESIAN_POINT('Ctrl Pts',(22.4253600273976,-10.4639927977894,13.651663880497));
#2034=CARTESIAN_POINT('Ctrl Pts',(22.6947934202408,-10.4374971267938,14.0298863216906));
#2035=CARTESIAN_POINT('Ctrl Pts',(23.0614408963633,-10.4110014557981,14.2080848091246));
#2036=CARTESIAN_POINT('Ctrl Pts',(23.4280883724858,-10.3845057848024,14.3862832965587));
#2037=CARTESIAN_POINT('Ctrl Pts',(23.8919499318876,-10.3580101138067,14.3644578302334));
#2038=CARTESIAN_POINT('Ctrl Pts',(24.2402397617055,-10.3315144428111,14.1526146118821));
#2039=CARTESIAN_POINT('Ctrl Pts',(24.5885295915233,-10.3050187718154,13.9407713935307));
#2040=CARTESIAN_POINT('Ctrl Pts',(24.8212476917571,-10.2785231008197,13.5389104231534));
#2041=CARTESIAN_POINT('Ctrl Pts',(24.831633103507,-10.2520274298241,13.1313851543714));
#2042=CARTESIAN_POINT('Ctrl Pts',(24.8420185152569,-10.2255317588284,12.7238598855893));
#2043=CARTESIAN_POINT('Ctrl Pts',(24.630071238523,-10.1990360878327,12.3106703184025));
#2044=CARTESIAN_POINT('Ctrl Pts',(24.2930221106983,-10.1725404168371,12.0813620251655));
#2045=CARTESIAN_POINT('Ctrl Pts',(23.9559729828736,-10.1460447458414,11.8520537319284));
#2046=CARTESIAN_POINT('Ctrl Pts',(23.4938220039582,-10.1195490748457,11.8066267126412));
#2047=CARTESIAN_POINT('Ctrl Pts',(23.1185760653845,-10.09305340385,11.9659210771001));
#2048=CARTESIAN_POINT('Ctrl Pts',(22.7433301268109,-10.0665577328544,12.1252154415589));
#2049=CARTESIAN_POINT('Ctrl Pts',(22.4549892285789,-10.0400620618587,12.4892311897638));
#2050=CARTESIAN_POINT('Ctrl Pts',(22.3858278036543,-10.013566390863,12.8909787443945));
#2051=CARTESIAN_POINT('Ctrl Pts',(22.3166663787297,-9.98707071986736,13.2927262990252));
#2052=CARTESIAN_POINT('Ctrl Pts',(22.4666844271124,-9.96057504887169,13.7322056600816));
#2053=CARTESIAN_POINT('Ctrl Pts',(22.7670621859084,-9.93407937787602,14.0078096303611));
#2054=CARTESIAN_POINT('Ctrl Pts',(23.0674399447043,-9.90758370688035,14.2834136006407));
#2055=CARTESIAN_POINT('Ctrl Pts',(23.5181774139136,-9.88108803588467,14.3951421801434));
#2056=CARTESIAN_POINT('Ctrl Pts',(23.9125027381525,-9.854592364889,14.2917407116657));
#2057=CARTESIAN_POINT('Ctrl Pts',(24.3068280623914,-9.82809669389333,14.188339243188));
#2058=CARTESIAN_POINT('Ctrl Pts',(24.64474124166,-9.80160102289766,13.8698077267298));
#2059=CARTESIAN_POINT('Ctrl Pts',(24.7712274034258,-9.77510535190199,13.4822698543474));
#2060=CARTESIAN_POINT('Ctrl Pts',(24.8977135651917,-9.74860968090632,13.094731981965));
#2061=CARTESIAN_POINT('Ctrl Pts',(24.8127727094548,-9.72211400991065,12.6381877536584));
#2062=CARTESIAN_POINT('Ctrl Pts',(24.5553707689657,-9.69561833891497,12.3220729272486));
#2063=CARTESIAN_POINT('Ctrl Pts',(24.2979688284765,-9.6691226679193,12.0059581008389));
#2064=CARTESIAN_POINT('Ctrl Pts',(23.8681058032351,-9.64262699692363,11.8302726763261));
#2065=CARTESIAN_POINT('Ctrl Pts',(23.4629776891798,-9.61613132592796,11.8756108680218));
#2066=CARTESIAN_POINT('Ctrl Pts',(23.0578495751245,-9.58963565493229,11.9209490597174));
#2067=CARTESIAN_POINT('Ctrl Pts',(22.6774563722554,-9.56313998393662,12.1873108676216));
#2068=CARTESIAN_POINT('Ctrl Pts',(22.4963002438347,-9.53664431294095,12.552505064161));
#2069=CARTESIAN_POINT('Ctrl Pts',(22.315144115414,-9.51014864194528,12.9176992607004));
#2070=CARTESIAN_POINT('Ctrl Pts',(22.3332250614418,-9.48365297094961,13.3817258458751));
#2071=CARTESIAN_POINT('Ctrl Pts',(22.542248596306,-9.45715729995394,13.7317165663636));
#2072=CARTESIAN_POINT('Ctrl Pts',(22.7512721311703,-9.43066162895827,14.0817072868522));
#2073=CARTESIAN_POINT('Ctrl Pts',(23.1512382548709,-9.4041659579626,14.3176621426544));
#2074=CARTESIAN_POINT('Ctrl Pts',(23.5586659052116,-9.37767028696692,14.3313388437975));
#2075=CARTESIAN_POINT('Ctrl Pts',(23.9660935555523,-9.35117461597125,14.3450155449405));
#2076=CARTESIAN_POINT('Ctrl Pts',(24.380982732533,-9.32467894497558,14.1364140914243));
#2077=CARTESIAN_POINT('Ctrl Pts',(24.6130065459054,-9.29818327397991,13.8012286309297));
#2078=CARTESIAN_POINT('Ctrl Pts',(24.8450303592779,-9.27168760298424,13.4660431704351));
#2079=CARTESIAN_POINT('Ctrl Pts',(24.894188809042,-9.24519193198856,13.0042737029621));
#2080=CARTESIAN_POINT('Ctrl Pts',(24.7379308742774,-9.21869626099289,12.6277530521502));
#2081=CARTESIAN_POINT('Ctrl Pts',(24.5816729395128,-9.19220058999722,12.2512324013382));
#2082=CARTESIAN_POINT('Ctrl Pts',(24.2199986202193,-9.16570491900156,11.9599605671873));
#2083=CARTESIAN_POINT('Ctrl Pts',(23.8188229405608,-9.13920924800589,11.8875560319939));
#2084=CARTESIAN_POINT('Ctrl Pts',(23.4176472609023,-9.11271357701022,11.8151514968006));
#2085=CARTESIAN_POINT('Ctrl Pts',(22.9769702208787,-9.08621790601454,11.9616142605649));
#2086=CARTESIAN_POINT('Ctrl Pts',(22.6989486728755,-9.05972223501887,12.2597557732305));
#2087=CARTESIAN_POINT('Ctrl Pts',(22.4209271248724,-9.03322656402319,12.5578972858962));
#2088=CARTESIAN_POINT('Ctrl Pts',(22.3055610688898,-9.00673089302752,13.0077175474633));
#2089=CARTESIAN_POINT('Ctrl Pts',(22.4057737039259,-8.98023522203185,13.4028653305422));
#2090=CARTESIAN_POINT('Ctrl Pts',(22.5059863389621,-8.95373955103618,13.7980131136211));
#2091=CARTESIAN_POINT('Ctrl Pts',(22.8217776650171,-8.92724388004052,14.1384884182118));
#2092=CARTESIAN_POINT('Ctrl Pts',(23.2082810913589,-8.90074820904485,14.268101087817));
#2093=CARTESIAN_POINT('Ctrl Pts',(23.5947845177007,-8.87425253804917,14.3977137574223));
#2094=CARTESIAN_POINT('Ctrl Pts',(24.0520000443293,-8.8477568670535,14.3164637920421));
#2095=CARTESIAN_POINT('Ctrl Pts',(24.370183928653,-8.82126119605783,14.0616239237704));
#2096=CARTESIAN_POINT('Ctrl Pts',(24.6883678129766,-8.79476552506216,13.8067840554987));
#2097=CARTESIAN_POINT('Ctrl Pts',(24.8675200549953,-8.76826985406649,13.3783542843355));
#2098=CARTESIAN_POINT('Ctrl Pts',(24.8254560841182,-8.74177418307082,12.9728731318107));
#2099=CARTESIAN_POINT('Ctrl Pts',(24.7833921132411,-8.71527851207515,12.567391979286));
#2100=CARTESIAN_POINT('Ctrl Pts',(24.5201119294682,-8.68878284107948,12.1848594453997));
#2101=CARTESIAN_POINT('Ctrl Pts',(24.1563930827037,-8.66228717008381,12.0007590836188));
#2102=CARTESIAN_POINT('Ctrl Pts',(23.7926742359391,-8.63579149908814,11.816658721838));
#2103=CARTESIAN_POINT('Ctrl Pts',(23.3285167261828,-8.60929582809247,11.8309905321626));
#2104=CARTESIAN_POINT('Ctrl Pts',(22.9768488718482,-8.5828001570968,12.0371799182334));
#2105=CARTESIAN_POINT('Ctrl Pts',(22.6251810175136,-8.55630448610112,12.2433693043042));
#2106=CARTESIAN_POINT('Ctrl Pts',(22.3860028186007,-8.52980881510545,12.6414162661212));
#2107=CARTESIAN_POINT('Ctrl Pts',(22.3690352440121,-8.50331314410978,13.0487201380797));
#2108=CARTESIAN_POINT('Ctrl Pts',(22.3520676694235,-8.47681747311411,13.4560240100382));
#2109=CARTESIAN_POINT('Ctrl Pts',(22.5573107191591,-8.45032180211844,13.8725847921381));
#2110=CARTESIAN_POINT('Ctrl Pts',(22.8906108860012,-8.42382613112277,14.1073087608396));
#2111=CARTESIAN_POINT('Ctrl Pts',(23.2239110528434,-8.3973304601271,14.342032729541));
#2112=CARTESIAN_POINT('Ctrl Pts',(23.685268336792,-8.37083478913143,14.394919884844));
#2113=CARTESIAN_POINT('Ctrl Pts',(24.0630389992615,-8.34433911813575,14.241708693094));
#2114=CARTESIAN_POINT('Ctrl Pts',(24.440809661731,-8.31784344714008,14.088497501344));
#2115=CARTESIAN_POINT('Ctrl Pts',(24.7349937027212,-8.29134777614441,13.7291879625412));
#2116=CARTESIAN_POINT('Ctrl Pts',(24.8106366900962,-8.26485210514874,13.3286102782389));
#2117=CARTESIAN_POINT('Ctrl Pts',(24.8862796774711,-8.23835643415307,12.9280325939367));
#2118=CARTESIAN_POINT('Ctrl Pts',(24.7433816112307,-8.2118607631574,12.486186764135));
#2119=CARTESIAN_POINT('Ctrl Pts',(24.4474957665218,-8.18536509216172,12.2057658134184));
#2120=CARTESIAN_POINT('Ctrl Pts',(24.1516099218128,-8.15886942116606,11.9253448627017));
#2121=CARTESIAN_POINT('Ctrl Pts',(23.7027362986353,-8.13237375017039,11.8063487910699));
#2122=CARTESIAN_POINT('Ctrl Pts',(23.3067918621415,-8.10587807917472,11.9033660364936));
#2123=CARTESIAN_POINT('Ctrl Pts',(22.9108474256476,-8.07938240817905,12.0003832819173));
#2124=CARTESIAN_POINT('Ctrl Pts',(22.5678321758376,-8.05288673718337,12.3134138443963));
#2125=CARTESIAN_POINT('Ctrl Pts',(22.4351014474751,-8.0263910661877,12.6988576100073));
#2126=CARTESIAN_POINT('Ctrl Pts',(22.3023707191127,-7.99989539519203,13.0843013756183));
#2127=CARTESIAN_POINT('Ctrl Pts',(22.379924512198,-7.97339972419636,13.5421583443611));
#2128=CARTESIAN_POINT('Ctrl Pts',(22.6321856823331,-7.94690405320069,13.862390517545));
#2129=CARTESIAN_POINT('Ctrl Pts',(22.8844468524682,-7.92040838220502,14.1826226907288));
#2130=CARTESIAN_POINT('Ctrl Pts',(23.3114153996532,-7.89391271120935,14.3652300683537));
#2131=CARTESIAN_POINT('Ctrl Pts',(23.7172231264444,-7.86741704021367,14.3264430656782));
#2132=CARTESIAN_POINT('Ctrl Pts',(24.1230308532356,-7.840921369218,14.2876560630028));
#2133=CARTESIAN_POINT('Ctrl Pts',(24.507677759633,-7.81442569822233,14.027474680027));
#2134=CARTESIAN_POINT('Ctrl Pts',(24.6947103417309,-7.78793002722666,13.6652549180954));
#2135=CARTESIAN_POINT('Ctrl Pts',(24.8817429238288,-7.76143435623099,13.3030351561638));
#2136=CARTESIAN_POINT('Ctrl Pts',(24.8711611816271,-7.73493868523532,12.8387770152763));
#2137=CARTESIAN_POINT('Ctrl Pts',(24.6678193995563,-7.70844301423965,12.4854549775201));
#2138=CARTESIAN_POINT('Ctrl Pts',(24.4644776174855,-7.68194734324398,12.1321329397638));
#2139=CARTESIAN_POINT('Ctrl Pts',(24.0683757955454,-7.6554516722483,11.8897470051387));
#2140=CARTESIAN_POINT('Ctrl Pts',(23.6612222829321,-7.62895600125263,11.869489664084));
#2141=CARTESIAN_POINT('Ctrl Pts',(23.2540687703187,-7.60246033025696,11.8492323230293));
#2142=CARTESIAN_POINT('Ctrl Pts',(22.8358635670321,-7.57596465926129,12.0511035755449));
#2143=CARTESIAN_POINT('Ctrl Pts',(22.5984547608747,-7.54946898826562,12.3824966977713));
#2144=CARTESIAN_POINT('Ctrl Pts',(22.3610459547174,-7.52297331726995,12.7138898199976));
#2145=CARTESIAN_POINT('Ctrl Pts',(22.3044335456894,-7.49647764627428,13.1748048119347));
#2146=CARTESIAN_POINT('Ctrl Pts',(22.4545879959766,-7.46998197527861,13.5538008327039));
#2147=CARTESIAN_POINT('Ctrl Pts',(22.6047424462639,-7.44348630428294,13.9327968534732));
#2148=CARTESIAN_POINT('Ctrl Pts',(22.9616637558664,-7.41699063328727,14.2298739030746));
#2149=CARTESIAN_POINT('Ctrl Pts',(23.3616173031078,-7.3904949622916,14.3087504062237));
#2150=CARTESIAN_POINT('Ctrl Pts',(23.7615708503492,-7.36399929129592,14.3876269093728));
#2151=CARTESIAN_POINT('Ctrl Pts',(24.2045566352294,-7.33750362030025,14.2483028660696));
#2152=CARTESIAN_POINT('Ctrl Pts',(24.4873586884465,-7.31100794930458,13.9546919987704));
#2153=CARTESIAN_POINT('Ctrl Pts',(24.7701607416635,-7.28451227830891,13.6610811314712));
#2154=CARTESIAN_POINT('Ctrl Pts',(24.8927790632175,-7.25801660731324,13.213183440176));
#2155=CARTESIAN_POINT('Ctrl Pts',(24.7989635387271,-7.23152093631757,12.8164681895685));
#2156=CARTESIAN_POINT('Ctrl Pts',(24.7051480142367,-7.2050252653219,12.419752938961));
#2157=CARTESIAN_POINT('Ctrl Pts',(24.394898643702,-7.17852959432623,12.0742201290412));
#2158=CARTESIAN_POINT('Ctrl Pts',(24.0105396928453,-7.15203392333056,11.9383800039074));
#2159=CARTESIAN_POINT('Ctrl Pts',(23.6261807419886,-7.12553825233488,11.8025398787737));
#2160=CARTESIAN_POINT('Ctrl Pts',(23.16771221081,-7.09904258133921,11.8763924384261));
#2161=CARTESIAN_POINT('Ctrl Pts',(22.8454526470775,-7.07254691034354,12.1260584478927));
#2162=CARTESIAN_POINT('Ctrl Pts',(22.5231930833451,-7.04605123934787,12.3757244573592));
#2163=CARTESIAN_POINT('Ctrl Pts',(22.3371424870587,-7.0195555683522,12.8012039166399));
#2164=CARTESIAN_POINT('Ctrl Pts',(22.3726499902991,-6.99305989735653,13.2073117347296));
#2165=CARTESIAN_POINT('Ctrl Pts',(22.4081574935394,-6.96656422636086,13.6134195528194));
#2166=CARTESIAN_POINT('Ctrl Pts',(22.6652230963064,-6.94006855536518,14.0001557297182));
#2167=CARTESIAN_POINT('Ctrl Pts',(23.0259201349835,-6.91357288436951,14.190108326409));
#2168=CARTESIAN_POINT('Ctrl Pts',(23.3866171736606,-6.88707721337384,14.3800609230997));
#2169=CARTESIAN_POINT('Ctrl Pts',(23.8509456482477,-6.86058154237817,14.3732299395824));
#2170=CARTESIAN_POINT('Ctrl Pts',(24.2058988116702,-6.8340858713825,14.1727490315727));
#2171=CARTESIAN_POINT('Ctrl Pts',(24.5608519750926,-6.80759020038684,13.972268123563));
#2172=CARTESIAN_POINT('Ctrl Pts',(24.8064298273503,-6.78109452939116,13.5781372910609));
#2173=CARTESIAN_POINT('Ctrl Pts',(24.8299756128791,-6.75459885839549,13.171160708585));
#2174=CARTESIAN_POINT('Ctrl Pts',(24.8535213984079,-6.72810318739982,12.764184126109));
#2175=CARTESIAN_POINT('Ctrl Pts',(24.6550351172077,-6.70160751640415,12.3443617936591));
#2176=CARTESIAN_POINT('Ctrl Pts',(24.3255706662748,-6.67511184540848,12.1042836433175));
#2177=CARTESIAN_POINT('Ctrl Pts',(23.9961062153419,-6.64861617441281,11.8642054929758));
#2178=CARTESIAN_POINT('Ctrl Pts',(23.5356635946762,-6.62212050341713,11.8038715247424));
#2179=CARTESIAN_POINT('Ctrl Pts',(23.1554669488444,-6.59562483242146,11.9509594345047));
#2180=CARTESIAN_POINT('Ctrl Pts',(22.7752703030126,-6.56912916142579,12.0980473442669));
#2181=CARTESIAN_POINT('Ctrl Pts',(22.4753196320146,-6.54263349043012,12.4525571320248));
#2182=CARTESIAN_POINT('Ctrl Pts',(22.393214760563,-6.51613781943445,12.8518604412822));
#2183=CARTESIAN_POINT('Ctrl Pts',(22.3111098891114,-6.48964214843878,13.2511637505396));
#2184=CARTESIAN_POINT('Ctrl Pts',(22.4468508172061,-6.46314647744311,13.6952605812965));
#2185=CARTESIAN_POINT('Ctrl Pts',(22.7381675460837,-6.43665080644744,13.9804252813841));
#2186=CARTESIAN_POINT('Ctrl Pts',(23.0294842749613,-6.41015513545177,14.2655899814717));
#2187=CARTESIAN_POINT('Ctrl Pts',(23.4763768046217,-6.3836594644561,14.39182255089));
#2188=CARTESIAN_POINT('Ctrl Pts',(23.8738369797507,-6.35716379346043,14.3012148697234));
#2189=CARTESIAN_POINT('Ctrl Pts',(24.2712971548798,-6.33066812246475,14.2106071885567));
#2190=CARTESIAN_POINT('Ctrl Pts',(24.6193249754774,-6.30417245146908,13.9031592568051));
#2191=CARTESIAN_POINT('Ctrl Pts',(24.7582656324712,-6.27767678047341,13.5199102039242));
#2192=CARTESIAN_POINT('Ctrl Pts',(24.8972062894651,-6.25118110947774,13.1366611510433));
#2193=CARTESIAN_POINT('Ctrl Pts',(24.8270597828552,-6.22468543848207,12.6776109770332));
#2194=CARTESIAN_POINT('Ctrl Pts',(24.5800052272327,-6.1981897674864,12.3533450533746));
#2195=CARTESIAN_POINT('Ctrl Pts',(24.3329506716102,-6.17169409649073,12.029079129716));
#2196=CARTESIAN_POINT('Ctrl Pts',(23.9089880669749,-6.14519842549505,11.839597456409));
#2197=CARTESIAN_POINT('Ctrl Pts',(23.5026066601367,-6.11870275449938,11.8718231429986));
#2198=CARTESIAN_POINT('Ctrl Pts',(23.0962252532985,-6.09220708350371,11.9040488295882));
#2199=CARTESIAN_POINT('Ctrl Pts',(22.7074250442573,-6.06571141250805,12.1579818760744));
#2200=CARTESIAN_POINT('Ctrl Pts',(22.5145648292585,-6.03921574151238,12.5171326524492));
#2201=CARTESIAN_POINT('Ctrl Pts',(22.3217046142598,-6.01272007051671,12.876283428824));
#2202=CARTESIAN_POINT('Ctrl Pts',(22.3247843933035,-5.98622439952103,13.3406519350874));
#2203=CARTESIAN_POINT('Ctrl Pts',(22.5223913438908,-5.95972872852536,13.6972130599729));
#2204=CARTESIAN_POINT('Ctrl Pts',(22.7199982944781,-5.93323305752969,14.0537741848583));
#2205=CARTESIAN_POINT('Ctrl Pts',(23.1121324166089,-5.90673738653402,14.3025279283658));
#2206=CARTESIAN_POINT('Ctrl Pts',(23.518905509702,-5.88024171553835,14.3293606217733));
#2207=CARTESIAN_POINT('Ctrl Pts',(23.925678602795,-5.85374604454268,14.3561933151809));
#2208=CARTESIAN_POINT('Ctrl Pts',(24.3470906668503,-5.827250373547,14.1611049584884));
#2209=CARTESIAN_POINT('Ctrl Pts',(24.5898224939034,-5.80075470255133,13.8335906796616));
#2210=CARTESIAN_POINT('Ctrl Pts',(24.8325543209565,-5.77425903155566,13.5060764008348));
#2211=CARTESIAN_POINT('Ctrl Pts',(24.8966059110075,-5.74776336055999,13.0461361998736));
#2212=CARTESIAN_POINT('Ctrl Pts',(24.7525941407105,-5.72126768956432,12.6647637405692));
#2213=CARTESIAN_POINT('Ctrl Pts',(24.6085823704136,-5.69477201856865,12.2833912812647));
#2214=CARTESIAN_POINT('Ctrl Pts',(24.2565072397688,-5.66827634757298,11.980586563617));
#2215=CARTESIAN_POINT('Ctrl Pts',(23.857880226984,-5.64178067657731,11.8952586820175));
#2216=CARTESIAN_POINT('Ctrl Pts',(23.4592532141992,-5.61528500558164,11.8099308004179));
#2217=CARTESIAN_POINT('Ctrl Pts',(23.0140743192744,-5.58878933458596,11.9420797548666));
#2218=CARTESIAN_POINT('Ctrl Pts',(22.7265655821322,-5.56229366359029,12.2310833340259));
#2219=CARTESIAN_POINT('Ctrl Pts',(22.43905684499,-5.53579799259462,12.5200869131852));
#2220=CARTESIAN_POINT('Ctrl Pts',(22.3092182656304,-5.50930232159895,12.9659451170552));
#2221=CARTESIAN_POINT('Ctrl Pts',(22.3966121904263,-5.48280665060328,13.3641242784998));
#2222=CARTESIAN_POINT('Ctrl Pts',(22.4840061152223,-5.45631097960761,13.7623034399444));
#2223=CARTESIAN_POINT('Ctrl Pts',(22.7886325441738,-5.42981530861194,14.1128035589637));
#2224=CARTESIAN_POINT('Ctrl Pts',(23.1707466882892,-5.40331963761627,14.2548356805662));
#2225=CARTESIAN_POINT('Ctrl Pts',(23.5528608324046,-5.3768239666206,14.3968678021687));
#2226=CARTESIAN_POINT('Ctrl Pts',(24.012462691684,-5.35032829562492,14.3304319263545));
#2227=CARTESIAN_POINT('Ctrl Pts',(24.3387138137113,-5.32383262462925,14.0860049473282));
#2228=CARTESIAN_POINT('Ctrl Pts',(24.6649649357386,-5.29733695363358,13.8415779683019));
#2229=CARTESIAN_POINT('Ctrl Pts',(24.8578653205139,-5.27084128263791,13.4191598860636));
#2230=CARTESIAN_POINT('Ctrl Pts',(24.8289235536197,-5.24434561164224,13.0125314108814));
#2231=CARTESIAN_POINT('Ctrl Pts',(24.7999817867255,-5.21784994064657,12.6059029356991));
#2232=CARTESIAN_POINT('Ctrl Pts',(24.5491978681619,-5.1913542696509,12.215064067573));
#2233=CARTESIAN_POINT('Ctrl Pts',(24.1916167922283,-5.16485859865523,12.019308820302));
#2234=CARTESIAN_POINT('Ctrl Pts',(23.8340357162946,-5.13836292765956,11.823553573031));
#2235=CARTESIAN_POINT('Ctrl Pts',(23.3696574829909,-5.11186725666389,11.8228819466152));
#2236=CARTESIAN_POINT('Ctrl Pts',(23.011511665781,-5.08537158566822,12.0176020439729));
#2237=CARTESIAN_POINT('Ctrl Pts',(22.653365848571,-5.05887591467255,12.2123221413306));
#2238=CARTESIAN_POINT('Ctrl Pts',(22.4014524474548,-5.03238024367687,12.6024339624618));
#2239=CARTESIAN_POINT('Ctrl Pts',(22.371334597267,-5.0058845726812,13.0089770202061));
#2240=CARTESIAN_POINT('Ctrl Pts',(22.3412167470793,-4.97938890168553,13.4155200779504));
#2241=CARTESIAN_POINT('Ctrl Pts',(22.5328944478199,-4.95289323068986,13.8384943723077));
#2242=CARTESIAN_POINT('Ctrl Pts',(22.858437180996,-4.92639755969419,14.0838640354208));
#2243=CARTESIAN_POINT('Ctrl Pts',(23.1839799141721,-4.89990188869852,14.3292336985339));
#2244=CARTESIAN_POINT('Ctrl Pts',(23.6433876797835,-4.87340621770285,14.3969987304028));
#2245=CARTESIAN_POINT('Ctrl Pts',(24.0259110642372,-4.84691054670717,14.256072497763));
#2246=CARTESIAN_POINT('Ctrl Pts',(24.4084344486909,-4.8204148757115,14.1151462651231));
#2247=CARTESIAN_POINT('Ctrl Pts',(24.7140734519869,-4.79391920471583,13.7655287679744));
#2248=CARTESIAN_POINT('Ctrl Pts',(24.8026187752465,-4.76742353372016,13.3676040660158));
#2249=CARTESIAN_POINT('Ctrl Pts',(24.8911640985061,-4.74092786272449,12.9696793640572));
#2250=CARTESIAN_POINT('Ctrl Pts',(24.7626157417293,-4.71443219172882,12.5234474572887));
#2251=CARTESIAN_POINT('Ctrl Pts',(24.475944172629,-4.68793652073315,12.2336134458794));
#2252=CARTESIAN_POINT('Ctrl Pts',(24.1892726035287,-4.66144084973748,11.9437794344702));
#2253=CARTESIAN_POINT('Ctrl Pts',(23.744477822105,-4.63494517874181,11.8103433184202));
#2254=CARTESIAN_POINT('Ctrl Pts',(23.3456056594716,-4.60844950774614,11.8945177835278));
#2255=CARTESIAN_POINT('Ctrl Pts',(22.9467334968382,-4.58195383675047,11.9786922486354));
#2256=CARTESIAN_POINT('Ctrl Pts',(22.5937839529951,-4.55545816575479,12.2804772949006));
#2257=CARTESIAN_POINT('Ctrl Pts',(22.4486696357841,-4.52896249475912,12.6614315935249));
#2258=CARTESIAN_POINT('Ctrl Pts',(22.3035553185731,-4.50246682376345,13.0423858921493));
#2259=CARTESIAN_POINT('Ctrl Pts',(22.3662762279941,-4.47597115276778,13.5025094431328));
#2260=CARTESIAN_POINT('Ctrl Pts',(22.6080596791472,-4.44947548177211,13.8307244724177));
#2261=CARTESIAN_POINT('Ctrl Pts',(22.8498431303003,-4.42297981077644,14.1589395017025));
#2262=CARTESIAN_POINT('Ctrl Pts',(23.2706891231856,-4.39648413978077,14.3552460092887));
#2263=CARTESIAN_POINT('Ctrl Pts',(23.6775381301837,-4.3699884687851,14.3295900508264));
#2264=CARTESIAN_POINT('Ctrl Pts',(24.0843871371819,-4.34349279778943,14.303934092364));
#2265=CARTESIAN_POINT('Ctrl Pts',(24.4772391582929,-4.31699712679375,14.056315667853));
#2266=CARTESIAN_POINT('Ctrl Pts',(24.6758766628709,-4.29050145579808,13.700327628061));
#2267=CARTESIAN_POINT('Ctrl Pts',(24.874514167449,-4.26400578480241,13.3443395882689));
#2268=CARTESIAN_POINT('Ctrl Pts',(24.8789371554941,-4.23751011380674,12.8799819331958));
#2269=CARTESIAN_POINT('Ctrl Pts',(24.6871166187774,-4.21101444281107,12.5202747962167));
#2270=CARTESIAN_POINT('Ctrl Pts',(24.4952960820607,-4.1845187718154,12.1605676592376));
#2271=CARTESIAN_POINT('Ctrl Pts',(24.1072320205821,-4.15802310081973,11.9055110403525));
#2272=CARTESIAN_POINT('Ctrl Pts',(23.7009455291404,-4.13152742982406,11.872109998872));
#2273=CARTESIAN_POINT('Ctrl Pts',(23.2946590376987,-4.10503175882839,11.8387089573915));
#2274=CARTESIAN_POINT('Ctrl Pts',(22.8701501162939,-4.07853608783272,12.0269634933155));
#2275=CARTESIAN_POINT('Ctrl Pts',(22.6221586299171,-4.05204041683705,12.350513435959));
#2276=CARTESIAN_POINT('Ctrl Pts',(22.3741671435403,-4.02554474584138,12.6740633786025));
#2277=CARTESIAN_POINT('Ctrl Pts',(22.3026930921916,-3.9990490748457,13.1329087279656));
#2278=CARTESIAN_POINT('Ctrl Pts',(22.4405245903445,-3.97255340385003,13.5165580741359));
#2279=CARTESIAN_POINT('Ctrl Pts',(22.5783560884974,-3.94605773285436,13.9002074203062));
#2280=CARTESIAN_POINT('Ctrl Pts',(22.9254931361518,-3.91956206185869,14.2086607632839));
#2281=CARTESIAN_POINT('Ctrl Pts',(23.3226895587633,-3.89306639086302,14.3004177497458));
#2282=CARTESIAN_POINT('Ctrl Pts',(23.7198859813749,-3.86657071986735,14.3921747362077));
#2283=CARTESIAN_POINT('Ctrl Pts',(24.1671417789436,-3.84007504887168,14.2672353661538));
#2284=CARTESIAN_POINT('Ctrl Pts',(24.4592821500852,-3.813579377876,13.9829145152666));
#2285=CARTESIAN_POINT('Ctrl Pts',(24.7514225212269,-3.78708370688033,13.6985936643794));
#2286=CARTESIAN_POINT('Ctrl Pts',(24.8884474659414,-3.76058803588466,13.2548913326589));
#2287=CARTESIAN_POINT('Ctrl Pts',(24.8074979537382,-3.73409236488899,12.8553521991888));
#2288=CARTESIAN_POINT('Ctrl Pts',(24.7265484415349,-3.70759669389332,12.4558130657186));
#2289=CARTESIAN_POINT('Ctrl Pts',(24.4276244724139,-3.68110102289765,12.100437130499));
#2290=CARTESIAN_POINT('Ctrl Pts',(24.047854880315,-3.65460535190198,11.9522500878233));
#2291=CARTESIAN_POINT('Ctrl Pts',(23.668085288216,-3.62810968090631,11.8040630451476));
#2292=CARTESIAN_POINT('Ctrl Pts',(23.207470073139,-3.60161400991064,11.8630648950159));
#2293=CARTESIAN_POINT('Ctrl Pts',(22.8773125558721,-3.57511833891497,12.1021890395353));
#2294=CARTESIAN_POINT('Ctrl Pts',(22.5471550386052,-3.5486226679193,12.3413131840547));
#2295=CARTESIAN_POINT('Ctrl Pts',(22.3474552191484,-3.52212699692363,12.7605596232253));
#2296=CARTESIAN_POINT('Ctrl Pts',(22.369823694874,-3.49563132592795,13.1676026111193));
#2297=CARTESIAN_POINT('Ctrl Pts',(22.3921921705996,-3.46913565493228,13.5746455990133));
#2298=CARTESIAN_POINT('Ctrl Pts',(22.6366289415077,-3.44263998393661,13.9694851356308));
#2299=CARTESIAN_POINT('Ctrl Pts',(22.9910007134191,-3.41614431294094,14.170991934455));
#2300=CARTESIAN_POINT('Ctrl Pts',(23.3453724853306,-3.38964864194527,14.3724987332791));
#2301=CARTESIAN_POINT('Ctrl Pts',(23.8096792582454,-3.3631529709496,14.3806727943098));
#2302=CARTESIAN_POINT('Ctrl Pts',(24.1709242405467,-3.33665729995393,14.1917643364205));
#2303=CARTESIAN_POINT('Ctrl Pts',(24.532169222848,-3.31016162895826,14.0028558785313));
#2304=CARTESIAN_POINT('Ctrl Pts',(24.7903524145359,-3.28366595796258,13.616864901722));
#2305=CARTESIAN_POINT('Ctrl Pts',(24.827034467561,-3.25717028696691,13.2108614907932));
#2306=CARTESIAN_POINT('Ctrl Pts',(24.8637165205861,-3.23067461597124,12.8048580798644));
#2307=CARTESIAN_POINT('Ctrl Pts',(24.6788974349484,-3.20417894497557,12.3788422348159));
#2308=CARTESIAN_POINT('Ctrl Pts',(24.35736139767,-3.1776832739799,12.1282451090717));
#2309=CARTESIAN_POINT('Ctrl Pts',(24.0358253603915,-3.15118760298423,11.8776479833275));
#2310=CARTESIAN_POINT('Ctrl Pts',(23.5775723714722,-3.12469193198856,11.8024695768876));
#2311=CARTESIAN_POINT('Ctrl Pts',(23.192822100498,-3.09819626099289,11.9371973456855));
#2312=CARTESIAN_POINT('Ctrl Pts',(22.8080718295238,-3.07170058999722,12.0719251144835));
#2313=CARTESIAN_POINT('Ctrl Pts',(22.4968242764947,-3.04520491900154,12.4165590585193));
#2314=CARTESIAN_POINT('Ctrl Pts',(22.401861614881,-3.01870924800587,12.8130012807903));
#2315=CARTESIAN_POINT('Ctrl Pts',(22.3068989532673,-2.9922135770102,13.2094435030614));
#2316=CARTESIAN_POINT('Ctrl Pts',(22.428221183069,-2.96571790601453,13.6576940035678));
#2317=CARTESIAN_POINT('Ctrl Pts',(22.7101727609967,-2.93922223501886,13.9521216693944));
#2318=CARTESIAN_POINT('Ctrl Pts',(22.9921243389244,-2.91272656402319,14.2465493352209));
#2319=CARTESIAN_POINT('Ctrl Pts',(23.4347052649781,-2.88623089302752,14.3871541663676));
#2320=CARTESIAN_POINT('Ctrl Pts',(23.8348852954064,-2.85973522203185,14.3094348898248));
#2321=CARTESIAN_POINT('Ctrl Pts',(24.2350653258348,-2.83323955103618,14.2317156132819));
#2322=CARTESIAN_POINT('Ctrl Pts',(24.5928444606378,-2.80674388004051,13.9356722290494));
#2323=CARTESIAN_POINT('Ctrl Pts',(24.7440945581086,-2.78024820904484,13.5571121271962));
#2324=CARTESIAN_POINT('Ctrl Pts',(24.8953446555794,-2.75375253804917,13.1785520253431));
#2325=CARTESIAN_POINT('Ctrl Pts',(24.8400657157179,-2.72725686705349,12.7174752058693));
#2326=CARTESIAN_POINT('Ctrl Pts',(24.6036164830467,-2.70076119605782,12.3853967466624));
#2327=CARTESIAN_POINT('Ctrl Pts',(24.3671672503755,-2.67426552506215,12.0533182874556));
#2328=CARTESIAN_POINT('Ctrl Pts',(23.9495477248946,-2.64776985406648,11.8502381885157));
#2329=CARTESIAN_POINT('Ctrl Pts',(23.5423373196838,-2.62127418307081,11.8693177217404));
#2330=CARTESIAN_POINT('Ctrl Pts',(23.1351269144731,-2.59477851207514,11.888397254965));
#2331=CARTESIAN_POINT('Ctrl Pts',(22.7383256295324,-2.56828284107947,12.1296364203543));
#2332=CARTESIAN_POINT('Ctrl Pts',(22.533962686773,-2.5417871700838,12.4823687981235));
#2333=CARTESIAN_POINT('Ctrl Pts',(22.3295997440137,-2.51529149908812,12.8351011758927));
#2334=CARTESIAN_POINT('Ctrl Pts',(22.3176751434356,-2.48879582809245,13.2993267660419));
#2335=CARTESIAN_POINT('Ctrl Pts',(22.5036591943529,-2.46230015709678,13.6620860188589));
#2336=CARTESIAN_POINT('Ctrl Pts',(22.6896432452702,-2.43580448610111,14.024845271676));
#2337=CARTESIAN_POINT('Ctrl Pts',(23.0735359476828,-2.40930881510544,14.2861381871609));
#2338=CARTESIAN_POINT('Ctrl Pts',(23.4792297823623,-2.38281314410977,14.326098857864));
#2339=CARTESIAN_POINT('Ctrl Pts',(23.8849236170418,-2.3563174731141,14.366059528567));
#2340=CARTESIAN_POINT('Ctrl Pts',(24.3124185839882,-2.32982180211843,14.1846879544882));
#2341=CARTESIAN_POINT('Ctrl Pts',(24.5656049951598,-2.30332613112276,13.8651868059801));
#2342=CARTESIAN_POINT('Ctrl Pts',(24.8187914063314,-2.27683046012709,13.545685657472));
#2343=CARTESIAN_POINT('Ctrl Pts',(24.8976692617283,-2.25033478913141,13.0880549345345));
#2344=CARTESIAN_POINT('Ctrl Pts',(24.7660540146042,-2.22383911813574,12.7022288475154));
#2345=CARTESIAN_POINT('Ctrl Pts',(24.6344387674801,-2.19734344714007,12.3164027604963));
#2346=CARTESIAN_POINT('Ctrl Pts',(24.292330417835,-2.1708477761444,12.0023813093957));
#2347=CARTESIAN_POINT('Ctrl Pts',(23.8966682676788,-2.14435210514873,11.9042191698827));
#2348=CARTESIAN_POINT('Ctrl Pts',(23.5010061175226,-2.11785643415306,11.8060570303697));
#2349=CARTESIAN_POINT('Ctrl Pts',(23.0517901668553,-2.09136076315739,11.9237542024444));
#2350=CARTESIAN_POINT('Ctrl Pts',(22.7550944206599,-2.06486509216172,12.2033181072847));
#2351=CARTESIAN_POINT('Ctrl Pts',(22.4583986744644,-2.03836942116605,12.4828820121249));
#2352=CARTESIAN_POINT('Ctrl Pts',(22.3142231327408,-2.01187375017038,12.9243126497306));
#2353=CARTESIAN_POINT('Ctrl Pts',(22.3887071016722,-1.9853780791747,13.3251074614138));
#2354=CARTESIAN_POINT('Ctrl Pts',(22.4631910706036,-1.95888240817903,13.7259022730971));
#2355=CARTESIAN_POINT('Ctrl Pts',(22.75633455019,-1.93238673718336,14.0860612588579));
#2356=CARTESIAN_POINT('Ctrl Pts',(23.133660457008,-1.90589106618769,14.2403645405596));
#2357=CARTESIAN_POINT('Ctrl Pts',(23.5109863638261,-1.87939539519202,14.3946678222613));
#2358=CARTESIAN_POINT('Ctrl Pts',(23.9724946978759,-1.85289972419635,14.3431153999038));
#2359=CARTESIAN_POINT('Ctrl Pts',(24.3064724276202,-1.82640405320068,14.1093565097309));
#2360=CARTESIAN_POINT('Ctrl Pts',(24.6404501573644,-1.79990838220501,13.875597619558));
#2361=CARTESIAN_POINT('Ctrl Pts',(24.8468972828031,-1.77341271120934,13.4596322615696));
#2362=CARTESIAN_POINT('Ctrl Pts',(24.8311079372075,-1.74691704021367,13.0522810135469));
#2363=CARTESIAN_POINT('Ctrl Pts',(24.815318591612,-1.72042136921799,12.6449297655243));
#2364=CARTESIAN_POINT('Ctrl Pts',(24.5772927749822,-1.69392569822232,12.2461926274673));
#2365=CARTESIAN_POINT('Ctrl Pts',(24.2262228106301,-1.66743002722665,12.0389868774751));
#2366=CARTESIAN_POINT('Ctrl Pts',(23.8751528462779,-1.64093435623098,11.8317811274828));
#2367=CARTESIAN_POINT('Ctrl Pts',(23.4110387342034,-1.61443868523531,11.8161067655552));
#2368=CARTESIAN_POINT('Ctrl Pts',(23.0467888844985,-1.58794301423964,11.9991542722027));
#2369=CARTESIAN_POINT('Ctrl Pts',(22.6825390347935,-1.56144734324397,12.1822017788501));
#2370=CARTESIAN_POINT('Ctrl Pts',(22.418153447458,-1.5349516722483,12.5639711540726));
#2371=CARTESIAN_POINT('Ctrl Pts',(22.3749167669055,-1.50845600125263,12.9693289369689));
#2372=CARTESIAN_POINT('Ctrl Pts',(22.3316800863531,-1.48196033025695,13.3746867198651));
#2373=CARTESIAN_POINT('Ctrl Pts',(22.5095923125837,-1.45546465926128,13.8036329104352));
#2374=CARTESIAN_POINT('Ctrl Pts',(22.8270377217133,-1.42896898826561,14.0593920841184));
#2375=CARTESIAN_POINT('Ctrl Pts',(23.1444831308429,-1.40247331726994,14.3151512578016));
#2376=CARTESIAN_POINT('Ctrl Pts',(23.6014617228714,-1.37597764627427,14.3977234145978));
#2377=CARTESIAN_POINT('Ctrl Pts',(23.9883384469679,-1.3494819752786,14.2692292783426));
#2378=CARTESIAN_POINT('Ctrl Pts',(24.3752151710644,-1.32298630428293,14.1407351420874));
#2379=CARTESIAN_POINT('Ctrl Pts',(24.6919900272288,-1.29649063328726,13.8011747127807));
#2380=CARTESIAN_POINT('Ctrl Pts',(24.7933452385926,-1.26999496229159,13.4063184556083));
#2381=CARTESIAN_POINT('Ctrl Pts',(24.8947004499564,-1.24349929129591,13.011462198436));
#2382=CARTESIAN_POINT('Ctrl Pts',(24.7806360165196,-1.21700362030024,12.561310113398));
#2383=CARTESIAN_POINT('Ctrl Pts',(24.5034780290724,-1.19050794930457,12.2623656491605));
#2384=CARTESIAN_POINT('Ctrl Pts',(24.2263200416252,-1.1640122783089,11.9634211849231));
#2385=CARTESIAN_POINT('Ctrl Pts',(23.7860685001675,-1.13751660731323,11.8156843414861));
#2386=CARTESIAN_POINT('Ctrl Pts',(23.3846850630594,-1.11102093631756,11.886928141998));
#2387=CARTESIAN_POINT('Ctrl Pts',(22.9833016259512,-1.08452526532189,11.9581719425098));
#2388=CARTESIAN_POINT('Ctrl Pts',(22.6207862931925,-1.05802959432622,12.2483963869706));
#2389=CARTESIAN_POINT('Ctrl Pts',(22.4634398970629,-1.03153392333055,12.6244634744936));
#2390=CARTESIAN_POINT('Ctrl Pts',(22.3060935009332,-1.00503825233488,13.0005305620166));
#2391=CARTESIAN_POINT('Ctrl Pts',(22.3539160414327,-0.978542581339205,13.462440292602));
#2392=CARTESIAN_POINT('Ctrl Pts',(22.5849693340511,-0.952046910343534,13.7982954975621));
#2393=CARTESIAN_POINT('Ctrl Pts',(22.8160226266696,-0.925551239347863,14.1341507025222));
#2394=CARTESIAN_POINT('Ctrl Pts',(23.2303066714071,-0.899055568352192,14.3439513818571));
#2395=CARTESIAN_POINT('Ctrl Pts',(23.6377721785023,-0.872559897356521,14.3314532542493));
#2396=CARTESIAN_POINT('Ctrl Pts',(24.0452376855975,-0.84606422636085,14.3189551266415));
#2397=CARTESIAN_POINT('Ctrl Pts',(24.4458846550503,-0.819568555365178,14.0841581920911));
#2398=CARTESIAN_POINT('Ctrl Pts',(24.6559196901348,-0.793072884369507,13.7347735520426));
#2399=CARTESIAN_POINT('Ctrl Pts',(24.8659547252193,-0.766577213373836,13.3853889119941));
#2400=CARTESIAN_POINT('Ctrl Pts',(24.8853778259354,-0.740081542378165,12.9214165664474));
#2401=CARTESIAN_POINT('Ctrl Pts',(24.7052788090576,-0.713585871382494,12.555699890565));
#2402=CARTESIAN_POINT('Ctrl Pts',(24.5251797921798,-0.687090200386823,12.1899832146825));
#2403=CARTESIAN_POINT('Ctrl Pts',(24.1455586577082,-0.660594529391152,11.9225222084642));
#2404=CARTESIAN_POINT('Ctrl Pts',(23.7405633805051,-0.634098858395481,11.8760123400551));
#2405=CARTESIAN_POINT('Ctrl Pts',(23.335568103302,-0.60760318739981,11.8295024716459));
#2406=CARTESIAN_POINT('Ctrl Pts',(22.9051986833672,-0.581107516404139,12.003943741046));
#2407=CARTESIAN_POINT('Ctrl Pts',(22.6468834373967,-0.554611845408468,12.3193126936307));
#2408=CARTESIAN_POINT('Ctrl Pts',(22.3885681914262,-0.528116174412797,12.6346816462154));
#2409=CARTESIAN_POINT('Ctrl Pts',(22.3023071194198,-0.501620503417126,13.0909782819849));
#2410=CARTESIAN_POINT('Ctrl Pts',(22.4276717604289,-0.475124832421455,13.4788803970025));
#2411=CARTESIAN_POINT('Ctrl Pts',(22.5530364014379,-0.448629161425784,13.86678251202));
#2412=CARTESIAN_POINT('Ctrl Pts',(22.8900267554623,-0.422133490430113,14.1862901062858));
#2413=CARTESIAN_POINT('Ctrl Pts',(23.2840513491929,-0.395637819434442,14.2908317724272));
#2414=CARTESIAN_POINT('Ctrl Pts',(23.6780759429236,-0.369142148438771,14.3953734385686));
#2415=CARTESIAN_POINT('Ctrl Pts',(24.1291347763605,-0.3426464774431,14.2849491765856));
#2416=CARTESIAN_POINT('Ctrl Pts',(24.4303084537567,-0.316150806447429,14.0102151989139));
#2417=CARTESIAN_POINT('Ctrl Pts',(24.7314821311528,-0.289655135451758,13.7354812212422));
#2418=CARTESIAN_POINT('Ctrl Pts',(24.8827706525082,-0.263159464456087,13.2964375278818));
#2419=CARTESIAN_POINT('Ctrl Pts',(24.8147716617047,-0.236663793460415,12.8944916498103));
#2420=CARTESIAN_POINT('Ctrl Pts',(24.7467726709012,-0.210168122464744,12.4925457717389));
#2421=CARTESIAN_POINT('Ctrl Pts',(24.4594861679388,-0.183672451469073,12.1276977089563));
#2422=CARTESIAN_POINT('Ctrl Pts',(24.0847024573312,-0.157176780473402,11.9673184856053));
#2423=CARTESIAN_POINT('Ctrl Pts',(23.7099187467236,-0.130681109477731,11.8069392622544));
#2424=CARTESIAN_POINT('Ctrl Pts',(23.2476378284707,-0.10418543848206,11.851028878335));
#2425=CARTESIAN_POINT('Ctrl Pts',(22.9099270363133,-0.0776897674863894,
12.0793614587383));
#2426=CARTESIAN_POINT('Ctrl Pts',(22.572216244156,-0.0511940964907184,12.3076940391415));
#2427=CARTESIAN_POINT('Ctrl Pts',(22.3590755780941,-0.0246984254950474,
12.7202695838673));
#2428=CARTESIAN_POINT('Ctrl Pts',(22.3682817294958,0.00179724550062356,
13.1278228283958));
#2429=CARTESIAN_POINT('Ctrl Pts',(22.3774878808974,0.0282929164962946,13.5353760729243));
#2430=CARTESIAN_POINT('Ctrl Pts',(22.6090408497626,0.0547885874919657,13.9379070172554));
#2431=CARTESIAN_POINT('Ctrl Pts',(22.9567172543121,0.0812842584876368,14.1507574968977));
#2432=CARTESIAN_POINT('Ctrl Pts',(23.3043936588615,0.107779929483308,14.36360797654));
#2433=CARTESIAN_POINT('Ctrl Pts',(23.7681934990953,0.134275600478979,14.3867779914934));
#2434=CARTESIAN_POINT('Ctrl Pts',(24.1353533468091,0.16077127147465,14.2096394746728));
#2435=CARTESIAN_POINT('Ctrl Pts',(24.5025131945229,0.187266942470321,14.0325009578521));
#2436=CARTESIAN_POINT('Ctrl Pts',(24.7730330497168,0.213762613465992,13.6550539092575));
#2437=CARTESIAN_POINT('Ctrl Pts',(24.8228126625422,0.240258284461663,13.2504470734031));
#2438=CARTESIAN_POINT('Ctrl Pts',(24.8725922753676,0.266753955457334,12.8458402375488));
#2439=CARTESIAN_POINT('Ctrl Pts',(24.7016316458246,0.293249626453005,12.4140736144347));
#2440=CARTESIAN_POINT('Ctrl Pts',(24.3883605157029,0.319745297448676,12.1532201043025));
#2441=CARTESIAN_POINT('Ctrl Pts',(24.0750893855813,0.346240968444347,11.8923665941703));
#2442=CARTESIAN_POINT('Ctrl Pts',(23.6195077548811,0.372736639440018,11.80242619702));
#2443=CARTESIAN_POINT('Ctrl Pts',(23.2306040539084,0.399232310435689,11.9246513337167));
#2444=CARTESIAN_POINT('Ctrl Pts',(22.8417003529357,0.42572798143136,12.0468764704135));
#2445=CARTESIAN_POINT('Ctrl Pts',(22.5194745816905,0.452223652427031,12.3812671409574));
#2446=CARTESIAN_POINT('Ctrl Pts',(22.4117561858422,0.478719323422702,12.7744378720385));
#2447=CARTESIAN_POINT('Ctrl Pts',(22.3040377899938,0.505214994418373,13.1676086031196));
#2448=CARTESIAN_POINT('Ctrl Pts',(22.4108267695424,0.531710665414044,13.619559394738));
#2449=CARTESIAN_POINT('Ctrl Pts',(22.6831132264168,0.558206336409716,13.922935871623));
#2450=CARTESIAN_POINT('Ctrl Pts',(22.9553996832912,0.584702007405386,14.2263123485081));
#2451=CARTESIAN_POINT('Ctrl Pts',(23.3931836174915,0.611197678401057,14.3811145106599));
#2452=CARTESIAN_POINT('Ctrl Pts',(23.7956764407137,0.637693349396728,14.3163777674245));
#2453=CARTESIAN_POINT('Ctrl Pts',(24.1981692639359,0.664189020392399,14.2516410241891));
#2454=CARTESIAN_POINT('Ctrl Pts',(24.5653709761799,0.690684691388071,13.9673653755665));
#2455=CARTESIAN_POINT('Ctrl Pts',(24.728751904909,0.717180362383742,13.5938644757434));
#2456=CARTESIAN_POINT('Ctrl Pts',(24.892132833638,0.743676033379413,13.2203635759203));
#2457=CARTESIAN_POINT('Ctrl Pts',(24.8516929788521,0.770171704375084,12.7576374248967));
#2458=CARTESIAN_POINT('Ctrl Pts',(24.62613584554,0.796667375370755,12.4181414428085));
#2459=CARTESIAN_POINT('Ctrl Pts',(24.400578712228,0.823163046366426,12.0786454607203));
#2460=CARTESIAN_POINT('Ctrl Pts',(23.9899043003898,0.849658717362097,11.8623796475676));
#2461=CARTESIAN_POINT('Ctrl Pts',(23.5822122532651,0.876154388357768,11.8681980223496));
#2462=CARTESIAN_POINT('Ctrl Pts',(23.1745202061404,0.902650059353439,11.8740163971317));
#2463=CARTESIAN_POINT('Ctrl Pts',(22.7698105237291,0.92914573034911,12.1019189598486));
#2464=CARTESIAN_POINT('Ctrl Pts',(22.5543177349193,0.95564140134478,12.4480680161285));
#2465=CARTESIAN_POINT('Ctrl Pts',(22.4327041006531,0.970594267563189,12.6434176840432));
#2466=CARTESIAN_POINT('Ctrl Pts',(22.3713546057947,0.985547133781597,12.8764279595121));
#2467=CARTESIAN_POINT('Ctrl Pts',(22.372215125313,1.00050000000001,13.1085202509315));
#2468=CARTESIAN_POINT('Origin',(23.6,1.0005,13.1));
#2469=CARTESIAN_POINT('Ctrl Pts',(23.4399446177543,1.11461542731881,14.3195418297927));
#2470=CARTESIAN_POINT('Ctrl Pts',(23.0338927734331,1.08811975632314,14.2662506826039));
#2471=CARTESIAN_POINT('Ctrl Pts',(22.2862731556929,1.03512841433179,13.7230081720942));
#2472=CARTESIAN_POINT('Ctrl Pts',(22.3651008413179,0.955641401344779,12.3298215225656));
#2473=CARTESIAN_POINT('Ctrl Pts',(23.5792298885516,0.876154388357768,11.6461138344148));
#2474=CARTESIAN_POINT('Ctrl Pts',(24.8112531240662,0.796667375370754,12.2949112738731));
#2475=CARTESIAN_POINT('Ctrl Pts',(24.9325726884239,0.717180362383741,13.6830897269438));
#2476=CARTESIAN_POINT('Ctrl Pts',(23.8309675516919,0.637693349396728,14.5359166728117));
#2477=CARTESIAN_POINT('Ctrl Pts',(22.5176157490909,0.558206336409715,14.0715101863563));
#2478=CARTESIAN_POINT('Ctrl Pts',(22.1972488104453,0.478719323422701,12.7156578115013));
#2479=CARTESIAN_POINT('Ctrl Pts',(23.163926124181,0.399232310435689,11.7124857998696));
#2480=CARTESIAN_POINT('Ctrl Pts',(24.5306710162815,0.319745297448676,11.9823069913207));
#2481=CARTESIAN_POINT('Ctrl Pts',(25.0435529049107,0.240258284461662,13.2776068606628));
#2482=CARTESIAN_POINT('Ctrl Pts',(24.231993339329,0.16077127147465,14.4099480064468));
#2483=CARTESIAN_POINT('Ctrl Pts',(22.8405938186278,0.0812842584876362,14.3404379615865));
#2484=CARTESIAN_POINT('Ctrl Pts',(22.1459349120323,0.00179724550062316,
13.1328451285931));
#2485=CARTESIAN_POINT('Ctrl Pts',(22.7853569102178,-0.0776897674863899,
11.8951184944157));
#2486=CARTESIAN_POINT('Ctrl Pts',(24.1721996649765,-0.157176780473403,11.7628496461737));
#2487=CARTESIAN_POINT('Ctrl Pts',(25.0340591738635,-0.236663793460416,12.8573938345214));
#2488=CARTESIAN_POINT('Ctrl Pts',(24.5801936097974,-0.316150806447429,14.1745249146025));
#2489=CARTESIAN_POINT('Ctrl Pts',(23.2270171094867,-0.395637819434442,14.5057977005516));
#2490=CARTESIAN_POINT('Ctrl Pts',(22.2160460474135,-0.475124832421456,13.5472749177543));
#2491=CARTESIAN_POINT('Ctrl Pts',(22.4748292634325,-0.554611845408468,12.178385010446));
#2492=CARTESIAN_POINT('Ctrl Pts',(23.7659375232367,-0.634098858395481,11.6550612022459));
#2493=CARTESIAN_POINT('Ctrl Pts',(24.9048009266514,-0.713585871382495,12.4574442209008));
#2494=CARTESIAN_POINT('Ctrl Pts',(24.8465316245032,-0.793072884369508,13.8493612575407));
#2495=CARTESIAN_POINT('Ctrl Pts',(23.6445907161446,-0.872559897356521,14.5537520611919));
#2496=CARTESIAN_POINT('Ctrl Pts',(22.4017385819321,-0.952046910343534,13.9243500231874));
#2497=CARTESIAN_POINT('Ctrl Pts',(22.2582709604338,-1.03153392333055,12.5386208314313));
#2498=CARTESIAN_POINT('Ctrl Pts',(23.3458169587099,-1.11102093631756,11.6679474980491));
#2499=CARTESIAN_POINT('Ctrl Pts',(24.6665715830829,-1.19050794930457,12.1111580283601));
#2500=CARTESIAN_POINT('Ctrl Pts',(25.0087648833932,-1.26999496229159,13.4616142834739));
#2501=CARTESIAN_POINT('Ctrl Pts',(24.0584403148999,-1.3494819752786,14.4802955713941));
#2502=CARTESIAN_POINT('Ctrl Pts',(22.6875045388144,-1.42896898826561,14.2325791010053));
#2503=CARTESIAN_POINT('Ctrl Pts',(22.1537678601225,-1.50845600125263,12.945740529295));
#2504=CARTESIAN_POINT('Ctrl Pts',(22.946924622129,-1.58794301423964,11.8004324036276));
#2505=CARTESIAN_POINT('Ctrl Pts',(24.3392669583524,-1.66743002722665,11.8474554894104));
#2506=CARTESIAN_POINT('Ctrl Pts',(25.0533444082418,-1.74691704021367,13.0436669035812));
#2507=CARTESIAN_POINT('Ctrl Pts',(24.4340030319257,-1.82640405320068,14.2915629775464));
#2508=CARTESIAN_POINT('Ctrl Pts',(23.0494780297763,-1.90589106618769,14.4462202446187));
#2509=CARTESIAN_POINT('Ctrl Pts',(22.1700475910172,-1.9853780791747,13.3657432873363));
#2510=CARTESIAN_POINT('Ctrl Pts',(22.602574216188,-2.06486509216172,12.0414513745192));
#2511=CARTESIAN_POINT('Ctrl Pts',(23.95022206819,-2.14435210514873,11.688359858295));
#2512=CARTESIAN_POINT('Ctrl Pts',(24.9765471171252,-2.22383911813574,12.630424211597));
#2513=CARTESIAN_POINT('Ctrl Pts',(24.7399135509346,-2.30332613112276,14.0033163804094));
#2514=CARTESIAN_POINT('Ctrl Pts',(23.4574286500955,-2.38281314410977,14.5474311026458));
#2515=CARTESIAN_POINT('Ctrl Pts',(22.3057505428576,-2.46230015709678,13.7635523561911));
#2516=CARTESIAN_POINT('Ctrl Pts',(22.3415243445917,-2.5417871700838,12.3708755857436));
#2517=CARTESIAN_POINT('Ctrl Pts',(23.5319281994138,-2.62127418307081,11.6471580895758));
#2518=CARTESIAN_POINT('Ctrl Pts',(24.7847867758563,-2.70076119605782,12.2563983863955));
#2519=CARTESIAN_POINT('Ctrl Pts',(24.9506235954409,-2.78024820904484,13.6396288448169));
#2520=CARTESIAN_POINT('Ctrl Pts',(23.8772861910317,-2.85973522203185,14.5277589975144));
#2521=CARTESIAN_POINT('Ctrl Pts',(22.5495434128708,-2.93922223501886,14.1059445040742));
#2522=CARTESIAN_POINT('Ctrl Pts',(22.1855767234656,-3.01870924800587,12.7611930025551));
#2523=CARTESIAN_POINT('Ctrl Pts',(23.1193193825529,-3.09819626099289,11.7272911704477));
#2524=CARTESIAN_POINT('Ctrl Pts',(24.4940783493108,-3.1776832739799,11.9528263897675));
#2525=CARTESIAN_POINT('Ctrl Pts',(25.0485356062238,-3.25717028696691,13.2308739249128));
#2526=CARTESIAN_POINT('Ctrl Pts',(24.2739860311602,-3.33665729995393,14.3888468553405));
#2527=CARTESIAN_POINT('Ctrl Pts',(22.8810657124158,-3.41614431294094,14.3643246722483));
#2528=CARTESIAN_POINT('Ctrl Pts',(22.1477553996915,-3.49563132592795,13.1798060623958));
#2529=CARTESIAN_POINT('Ctrl Pts',(22.7468548580621,-3.57511833891497,11.9220667448841));
#2530=CARTESIAN_POINT('Ctrl Pts',(24.1287005032929,-3.65460535190198,11.7450611952793));
#2531=CARTESIAN_POINT('Ctrl Pts',(25.0254724106559,-3.73409236488899,12.8111890009383));
#2532=CARTESIAN_POINT('Ctrl Pts',(24.6143975765123,-3.813579377876,14.1422959961));
#2533=CARTESIAN_POINT('Ctrl Pts',(23.2726301838062,-3.89306639086302,14.5171141062615));
#2534=CARTESIAN_POINT('Ctrl Pts',(22.2312190408429,-3.97255340385003,13.5917540773286));
#2535=CARTESIAN_POINT('Ctrl Pts',(22.445641194889,-4.05204041683705,12.2152180292395));
#2536=CARTESIAN_POINT('Ctrl Pts',(23.7191679591036,-4.13152742982405,11.6504544214675));
#2537=CARTESIAN_POINT('Ctrl Pts',(24.8833601435392,-4.21101444281107,12.4156242781226));
#2538=CARTESIAN_POINT('Ctrl Pts',(24.8700911794039,-4.29050145579808,13.8086972433421));
#2539=CARTESIAN_POINT('Ctrl Pts',(23.6915351160709,-4.3699884687851,14.5515525168749));
#2540=CARTESIAN_POINT('Ctrl Pts',(22.4289971374151,-4.44947548177211,13.9626329941163));
#2541=CARTESIAN_POINT('Ctrl Pts',(22.2408344091521,-4.52896249475912,12.5822623411657));
#2542=CARTESIAN_POINT('Ctrl Pts',(23.2996830406813,-4.60844950774614,11.6769072023703));
#2543=CARTESIAN_POINT('Ctrl Pts',(24.6340673849524,-4.68793652073315,12.0772155505201));
#2544=CARTESIAN_POINT('Ctrl Pts',(25.0197124552829,-4.76742353372017,13.4159112708257));
#2545=CARTESIAN_POINT('Ctrl Pts',(24.1027954453949,-4.84691054670717,14.4647637622718));
#2546=CARTESIAN_POINT('Ctrl Pts',(22.7245721485606,-4.92639755969419,14.2614686666649));
#2547=CARTESIAN_POINT('Ctrl Pts',(22.1495390463386,-5.0058845726812,12.9925457835931));
#2548=CARTESIAN_POINT('Ctrl Pts',(22.9052792496872,-5.08537158566822,11.8222103201994));
#2549=CARTESIAN_POINT('Ctrl Pts',(24.2984139495983,-5.16485859865522,11.8242251994468));
#2550=CARTESIAN_POINT('Ctrl Pts',(25.0507657052891,-5.24434561164224,12.9967418038254));
#2551=CARTESIAN_POINT('Ctrl Pts',(24.4720645509634,-5.32383262462925,14.2639960505402));
#2552=CARTESIAN_POINT('Ctrl Pts',(23.0932589731253,-5.40331963761627,14.463303677983));
#2553=CARTESIAN_POINT('Ctrl Pts',(22.1793796862707,-5.48280665060328,13.4118033209251));
#2554=CARTESIAN_POINT('Ctrl Pts',(22.5688954243497,-5.56229366359029,12.0742287093152));
#2555=CARTESIAN_POINT('Ctrl Pts',(23.9044321091239,-5.64178067657731,11.6777818459693));
#2556=CARTESIAN_POINT('Ctrl Pts',(24.9606575010584,-5.72126768956433,12.5861959989124));
#2557=CARTESIAN_POINT('Ctrl Pts',(24.7685027309056,-5.80075470255132,13.966016601796));
#2558=CARTESIAN_POINT('Ctrl Pts',(23.5042665387398,-5.88024171553835,14.5512816718733));
#2559=CARTESIAN_POINT('Ctrl Pts',(22.3278641723473,-5.95972872852535,13.8050204413508));
#2560=CARTESIAN_POINT('Ctrl Pts',(22.318624835216,-6.03921574151238,12.4119149225605));
#2561=CARTESIAN_POINT('Ctrl Pts',(23.4850254623397,-6.11870275449938,11.650115783102));
#2562=CARTESIAN_POINT('Ctrl Pts',(24.7569132762454,-6.1981897674864,12.2185608030231));
#2563=CARTESIAN_POINT('Ctrl Pts',(24.9673527960749,-6.27767678047341,13.5957113250534));
#2564=CARTESIAN_POINT('Ctrl Pts',(23.9232693342822,-6.35716379346043,14.5180551203084));
#2565=CARTESIAN_POINT('Ctrl Pts',(22.5825917453009,-6.43665080644744,14.1393574120533));
#2566=CARTESIAN_POINT('Ctrl Pts',(22.1753689610167,-6.51613781943445,12.8070669197828));
#2567=CARTESIAN_POINT('Ctrl Pts',(23.0752209740106,-6.59562483242146,11.743537556509));
#2568=CARTESIAN_POINT('Ctrl Pts',(24.4565488360076,-6.67511184540848,11.9245394612093));
#2569=CARTESIAN_POINT('Ctrl Pts',(25.052007679608,-6.75459885839549,13.1840064585589));
#2570=CARTESIAN_POINT('Ctrl Pts',(24.3152741228349,-6.83408587138251,14.3663989560651));
#2571=CARTESIAN_POINT('Ctrl Pts',(22.9222886990734,-6.91357288436951,14.3868919066171));
#2572=CARTESIAN_POINT('Ctrl Pts',(22.1510918907724,-6.99305989735654,13.2266833759206));
#2573=CARTESIAN_POINT('Ctrl Pts',(22.7092436796314,-7.07254691034354,11.9502449980785));
#2574=CARTESIAN_POINT('Ctrl Pts',(24.0846492731672,-7.15203392333055,11.7286873191213));
#2575=CARTESIAN_POINT('Ctrl Pts',(25.0153973847715,-7.23152093631757,12.7652857488808));
#2576=CARTESIAN_POINT('Ctrl Pts',(24.6475424201096,-7.31100794930458,14.1089788227664));
#2577=CARTESIAN_POINT('Ctrl Pts',(23.318585065469,-7.3904949622916,14.526950952676));
#2578=CARTESIAN_POINT('Ctrl Pts',(22.2478211366614,-7.46998197527861,13.6357198038717));
#2579=CARTESIAN_POINT('Ctrl Pts',(22.4176583637454,-7.54946898826562,12.2529748280606));
#2580=CARTESIAN_POINT('Ctrl Pts',(23.6722739736054,-7.62895600125263,11.6473610705136));
#2581=CARTESIAN_POINT('Ctrl Pts',(24.8605794394255,-7.70844301423965,12.3745188743889));
#2582=CARTESIAN_POINT('Ctrl Pts',(24.8923246660304,-7.78793002722665,13.7672932970512));
#2583=CARTESIAN_POINT('Ctrl Pts',(23.7383839468382,-7.86741704021367,14.5478374459785));
#2584=CARTESIAN_POINT('Ctrl Pts',(22.4574783052832,-7.94690405320069,14.000015313104));
#2585=CARTESIAN_POINT('Ctrl Pts',(22.2248169260275,-8.0263910661877,12.6264444068754));
#2586=CARTESIAN_POINT('Ctrl Pts',(23.2538626754577,-8.10587807917472,11.6873527194382));
#2587=CARTESIAN_POINT('Ctrl Pts',(24.6004835449904,-8.18536509216172,12.0443409343334));
#2588=CARTESIAN_POINT('Ctrl Pts',(25.0291777437115,-8.26485210514874,13.3698784237383));
#2589=CARTESIAN_POINT('Ctrl Pts',(24.1466256207407,-8.34433911813575,14.4478070401469));
#2590=CARTESIAN_POINT('Ctrl Pts',(22.7625537688947,-8.42382613112277,14.289145574238));
#2591=CARTESIAN_POINT('Ctrl Pts',(22.1468246196879,-8.50331314410978,13.0394632279382));
#2592=CARTESIAN_POINT('Ctrl Pts',(22.8643592164265,-8.58280015709679,11.8453223424872));
#2593=CARTESIAN_POINT('Ctrl Pts',(24.2568317456954,-8.6622871700838,11.8023269115134));
#2594=CARTESIAN_POINT('Ctrl Pts',(25.0466722970139,-8.74177418307082,12.9499245131723));
#2595=CARTESIAN_POINT('Ctrl Pts',(24.5092155709579,-8.82126119605783,14.2352138266619));
#2596=CARTESIAN_POINT('Ctrl Pts',(23.137568991072,-8.90074820904485,14.4789637228025));
#2597=CARTESIAN_POINT('Ctrl Pts',(22.1901950129071,-8.98023522203185,13.4575378090304));
#2598=CARTESIAN_POINT('Ctrl Pts',(22.5362931808551,-9.05972223501887,12.1080770243291));
#2599=CARTESIAN_POINT('Ctrl Pts',(23.8583243009259,-9.13920924800589,11.6686887330363));
#2600=CARTESIAN_POINT('Ctrl Pts',(24.9433472588062,-9.21869626099289,12.5425042354892));
#2601=CARTESIAN_POINT('Ctrl Pts',(24.7958719095137,-9.29818327397991,13.927812637908));
#2602=CARTESIAN_POINT('Ctrl Pts',(23.5512043785716,-9.37767028696692,14.5536169984567));
#2603=CARTESIAN_POINT('Ctrl Pts',(22.3513060074696,-9.45715729995394,13.8457524310499));
#2604=CARTESIAN_POINT('Ctrl Pts',(22.2970631693863,-9.53664431294095,12.4536726755257));
#2605=CARTESIAN_POINT('Ctrl Pts',(23.4382427779936,-9.61613132592796,11.6545872518133));
#2606=CARTESIAN_POINT('Ctrl Pts',(24.727831853718,-9.69561833891497,12.1816435253517));
#2607=CARTESIAN_POINT('Ctrl Pts',(24.9826544209285,-9.77510535190199,13.5512762102716));
#2608=CARTESIAN_POINT('Ctrl Pts',(23.9689148831229,-9.854592364889,14.5068707596462));
#2609=CARTESIAN_POINT('Ctrl Pts',(22.6167024754951,-9.93407937787602,14.171685021138));
#2610=CARTESIAN_POINT('Ctrl Pts',(22.166648330347,-10.013566390863,12.8532469379688));
#2611=CARTESIAN_POINT('Ctrl Pts',(23.0316710250428,-10.09305340385,11.761199693354));
#2612=CARTESIAN_POINT('Ctrl Pts',(24.418123961789,-10.1725404168371,11.8974807512157));
#2613=CARTESIAN_POINT('Ctrl Pts',(25.0539657919909,-10.2520274298241,13.1370494527761));
#2614=CARTESIAN_POINT('Ctrl Pts',(24.3558114912894,-10.3315144428111,14.3426323639081));
#2615=CARTESIAN_POINT('Ctrl Pts',(22.964226813084,-10.4110014557981,14.4081087628841));
#2616=CARTESIAN_POINT('Ctrl Pts',(22.1559266345544,-10.4904884687851,13.2734414393035));
#2617=CARTESIAN_POINT('Ctrl Pts',(22.6725904241976,-10.5699754817721,11.9795986489119));
#2618=CARTESIAN_POINT('Ctrl Pts',(24.0400383659474,-10.6494624947591,11.7137933279313));
#2619=CARTESIAN_POINT('Ctrl Pts',(25.003947792362,-10.7289495077461,12.719639386999));
#2620=CARTESIAN_POINT('Ctrl Pts',(24.6793949843343,-10.8084365207332,14.0747863639232));
#2621=CARTESIAN_POINT('Ctrl Pts',(23.3652165022938,-10.8879235337202,14.5349540373178));
#2622=CARTESIAN_POINT('Ctrl Pts',(22.2650906593921,-10.9674105467072,13.6797998547559));
#2623=CARTESIAN_POINT('Ctrl Pts',(22.392419139271,-11.0468975596942,12.2902062801243));
#2624=CARTESIAN_POINT('Ctrl Pts',(23.2119278046043,-11.0998889016855,11.8630610290697));
#2625=CARTESIAN_POINT('Ctrl Pts',(23.6213997559968,-11.1263845726812,11.8701861724459));
#2626=CARTESIAN_POINT('Ctrl Pts',(23.4282332483217,1.16657695154587,14.4087765978263));
#2627=CARTESIAN_POINT('Ctrl Pts',(22.9924702934404,1.1400812805502,14.3515860984042));
#2628=CARTESIAN_POINT('Ctrl Pts',(22.1901468012314,1.08708993855886,13.7685941359059));
#2629=CARTESIAN_POINT('Ctrl Pts',(22.2747423662923,1.00760292557185,12.2734669998265));
#2630=CARTESIAN_POINT('Ctrl Pts',(23.5777101242993,0.928115912584834,11.5397319198598));
#2631=CARTESIAN_POINT('Ctrl Pts',(24.8998814014369,0.84862889959782,12.2360023426931));
#2632=CARTESIAN_POINT('Ctrl Pts',(25.0300780070891,0.769141886610808,13.7257548289153));
#2633=CARTESIAN_POINT('Ctrl Pts',(23.8478676164498,0.689654873623795,14.6409837464321));
#2634=CARTESIAN_POINT('Ctrl Pts',(22.4384169014634,0.610167860636781,14.1425962975531));
#2635=CARTESIAN_POINT('Ctrl Pts',(22.0946084795022,0.530680847649769,12.6875352123429));
#2636=CARTESIAN_POINT('Ctrl Pts',(23.1320182796089,0.451193834662755,11.6109603705918));
#2637=CARTESIAN_POINT('Ctrl Pts',(24.5987688955216,0.371706821675742,11.9005245760515));
#2638=CARTESIAN_POINT('Ctrl Pts',(25.1491787272213,0.292219808688729,13.2906024846137));
#2639=CARTESIAN_POINT('Ctrl Pts',(24.2782367544018,0.212732795701716,14.5057978605771));
#2640=CARTESIAN_POINT('Ctrl Pts',(22.7850275126737,0.133245782714703,14.4312017148734));
#2641=CARTESIAN_POINT('Ctrl Pts',(22.0395399055956,0.0537587697276899,13.1352484306853));
#2642=CARTESIAN_POINT('Ctrl Pts',(22.7257488792582,-0.0257282432593232,
11.8069564330315));
#2643=CARTESIAN_POINT('Ctrl Pts',(24.2140679331455,-0.105215256246336,11.6650093763815));
#2644=CARTESIAN_POINT('Ctrl Pts',(25.1389903329267,-0.184702269233349,12.8396421638767));
#2645=CARTESIAN_POINT('Ctrl Pts',(24.6519150934412,-0.264189282220363,14.2531486888418));
#2646=CARTESIAN_POINT('Ctrl Pts',(23.1997256784734,-0.343676295207376,14.6086609469334));
#2647=CARTESIAN_POINT('Ctrl Pts',(22.1147811240536,-0.423163308194389,13.5800023507607));
#2648=CARTESIAN_POINT('Ctrl Pts',(22.3924996973422,-0.502650321181401,12.1109497673079));
#2649=CARTESIAN_POINT('Ctrl Pts',(23.7780792932296,-0.582137334168415,11.549333973142));
#2650=CARTESIAN_POINT('Ctrl Pts',(25.0002741651869,-0.661624347155428,12.4104279443814));
#2651=CARTESIAN_POINT('Ctrl Pts',(24.9377412555644,-0.741111360142441,13.904192569068));
#2652=CARTESIAN_POINT('Ctrl Pts',(23.6478534514723,-0.820598373129454,14.6601241632303));
#2653=CARTESIAN_POINT('Ctrl Pts',(22.3140609171954,-0.900085386116468,13.984668317567));
#2654=CARTESIAN_POINT('Ctrl Pts',(22.1600956648558,-0.97957239910348,12.4975443069019));
#2655=CARTESIAN_POINT('Ctrl Pts',(23.327218199591,-1.05905941209049,11.5631631686381));
#2656=CARTESIAN_POINT('Ctrl Pts',(24.7446134062353,-1.13854642507751,12.0388037377522));
#2657=CARTESIAN_POINT('Ctrl Pts',(25.1118452407146,-1.21803343806452,13.4880738651915));
#2658=CARTESIAN_POINT('Ctrl Pts',(24.0919847281853,-1.29752045105153,14.5812928083254));
#2659=CARTESIAN_POINT('Ctrl Pts',(22.6207365782398,-1.37700746403854,14.3154507425423));
#2660=CARTESIAN_POINT('Ctrl Pts',(22.047945996229,-1.45649447702556,12.9344532509508));
#2661=CARTESIAN_POINT('Ctrl Pts',(22.8991386188701,-1.53598149001257,11.7053420916979));
#2662=CARTESIAN_POINT('Ctrl Pts',(24.3933596626221,-1.61546850299959,11.7558058910746));
#2663=CARTESIAN_POINT('Ctrl Pts',(25.1596866820156,-1.6949555159866,13.0395449696969));
#2664=CARTESIAN_POINT('Ctrl Pts',(24.4950276440178,-1.77444252897361,14.3787505124888));
#2665=CARTESIAN_POINT('Ctrl Pts',(23.0091959343942,-1.85392954196063,14.5447241649566));
#2666=CARTESIAN_POINT('Ctrl Pts',(22.0654169269452,-1.93341655494764,13.385187918117));
#2667=CARTESIAN_POINT('Ctrl Pts',(22.5295918417628,-2.01290356793465,11.963996597045));
#2668=CARTESIAN_POINT('Ctrl Pts',(23.9758480731794,-2.09239058092166,11.585069116219));
#2669=CARTESIAN_POINT('Ctrl Pts',(25.0772700769149,-2.17187759390867,12.5960650075675));
#2670=CARTESIAN_POINT('Ctrl Pts',(24.8233218595395,-2.25136460689569,14.0694127009272));
#2671=CARTESIAN_POINT('Ctrl Pts',(23.4469966001025,-2.3308516198827,14.6533406955223));
#2672=CARTESIAN_POINT('Ctrl Pts',(22.2110493630667,-2.41033863286972,13.8121049676197));
#2673=CARTESIAN_POINT('Ctrl Pts',(22.2494407600496,-2.48982564585673,12.3175250188468));
#2674=CARTESIAN_POINT('Ctrl Pts',(23.5269473359562,-2.56931265884374,11.540852583935));
#2675=CARTESIAN_POINT('Ctrl Pts',(24.8714784911629,-2.64879967183075,12.1946714390585));
#2676=CARTESIAN_POINT('Ctrl Pts',(25.0494497121805,-2.72828668481777,13.6791138822425));
#2677=CARTESIAN_POINT('Ctrl Pts',(23.8975754245218,-2.80777369780478,14.6322291680642));
#2678=CARTESIAN_POINT('Ctrl Pts',(22.4726807357638,-2.88726071079179,14.1795501994942));
#2679=CARTESIAN_POINT('Ctrl Pts',(22.0820823373777,-2.96674772377881,12.7364022466444));
#2680=CARTESIAN_POINT('Ctrl Pts',(23.0841476300568,-3.04623473676582,11.6268490609683));
#2681=CARTESIAN_POINT('Ctrl Pts',(24.5594987163335,-3.12572174975283,11.8688868573114));
#2682=CARTESIAN_POINT('Ctrl Pts',(25.1545260164353,-3.20520876273985,13.2404500657601));
#2683=CARTESIAN_POINT('Ctrl Pts',(24.3233020822206,-3.28469577572686,14.4831527228044));
#2684=CARTESIAN_POINT('Ctrl Pts',(22.8284607645437,-3.36418278871388,14.4568362336324));
#2685=CARTESIAN_POINT('Ctrl Pts',(22.041493599669,-3.44366980170088,13.185645530376));
#2686=CARTESIAN_POINT('Ctrl Pts',(22.6844296037739,-3.52315681468791,11.835876506705));
#2687=CARTESIAN_POINT('Ctrl Pts',(24.167385905973,-3.60264382767491,11.6459193315193));
#2688=CARTESIAN_POINT('Ctrl Pts',(25.1297752699722,-3.68213084066193,12.7900564888118));
#2689=CARTESIAN_POINT('Ctrl Pts',(24.6886217894279,-3.76161785364894,14.2185615567903));
#2690=CARTESIAN_POINT('Ctrl Pts',(23.2486762948163,-3.84110486663595,14.6208053823294));
#2691=CARTESIAN_POINT('Ctrl Pts',(22.1310643365144,-3.92059187962296,13.6277360829868));
#2692=CARTESIAN_POINT('Ctrl Pts',(22.3611759164663,-4.00007889260998,12.1504778850375));
#2693=CARTESIAN_POINT('Ctrl Pts',(23.7278875658673,-4.07956590559699,11.5443901108431));
#2694=CARTESIAN_POINT('Ctrl Pts',(24.977264544286,-4.15905291858401,12.3655480057901));
#2695=CARTESIAN_POINT('Ctrl Pts',(24.9630246803359,-4.23853993157102,13.8605531391964));
#2696=CARTESIAN_POINT('Ctrl Pts',(23.6982328074907,-4.31802694455803,14.6577636766463));
#2697=CARTESIAN_POINT('Ctrl Pts',(22.3433140011284,-4.39751395754505,14.0257524814907));
#2698=CARTESIAN_POINT('Ctrl Pts',(22.1413832683583,-4.47700097053206,12.5443790978364));
#2699=CARTESIAN_POINT('Ctrl Pts',(23.2777086290238,-4.55648798351907,11.5727784610803));
#2700=CARTESIAN_POINT('Ctrl Pts',(24.7097308521441,-4.63597499650608,12.0023776639728));
#2701=CARTESIAN_POINT('Ctrl Pts',(25.12359385445,-4.7154620094931,13.4390267296666));
#2702=CARTESIAN_POINT('Ctrl Pts',(24.1395853560336,-4.79494902248011,14.5646245253648));
#2703=CARTESIAN_POINT('Ctrl Pts',(22.6605164521139,-4.87443603546712,14.3464541788599));
#2704=CARTESIAN_POINT('Ctrl Pts',(22.0434077570462,-4.95392304845414,12.9846832799536));
#2705=CARTESIAN_POINT('Ctrl Pts',(22.8544460240546,-5.03341006144114,11.7287135143603));
#2706=CARTESIAN_POINT('Ctrl Pts',(24.3495174093249,-5.11289707442817,11.7308758237965));
#2707=CARTESIAN_POINT('Ctrl Pts',(25.156919293481,-5.19238408741517,12.9891863260565));
#2708=CARTESIAN_POINT('Ctrl Pts',(24.5358741522534,-5.27187110040218,14.3491664932626));
#2709=CARTESIAN_POINT('Ctrl Pts',(23.0561803614027,-5.3513581133892,14.5630576056403));
#2710=CARTESIAN_POINT('Ctrl Pts',(22.0754318584369,-5.43084512637621,13.434618198066));
#2711=CARTESIAN_POINT('Ctrl Pts',(22.4934487480826,-5.51033213936322,11.9991722734115));
#2712=CARTESIAN_POINT('Ctrl Pts',(23.9267076293037,-5.58981915235024,11.5737171029914));
#2713=CARTESIAN_POINT('Ctrl Pts',(25.0602178060139,-5.66930616533725,12.5486005841987));
#2714=CARTESIAN_POINT('Ctrl Pts',(24.854002930728,-5.74879317832426,14.0293836702201));
#2715=CARTESIAN_POINT('Ctrl Pts',(23.4972616513304,-5.82828019131129,14.6574730137177));
#2716=CARTESIAN_POINT('Ctrl Pts',(22.2347810630069,-5.90776720429828,13.8566073029131));
#2717=CARTESIAN_POINT('Ctrl Pts',(22.2248656768171,-5.98725421728531,12.3615672339674));
#2718=CARTESIAN_POINT('Ctrl Pts',(23.4766126912915,-6.06674123027232,11.5440266940607));
#2719=CARTESIAN_POINT('Ctrl Pts',(24.8415654671901,-6.14622824325934,12.1540652520247));
#2720=CARTESIAN_POINT('Ctrl Pts',(25.0674030006658,-6.22571525624635,13.6319828854232));
#2721=CARTESIAN_POINT('Ctrl Pts',(23.9469231880101,-6.30520226923335,14.6218152510627));
#2722=CARTESIAN_POINT('Ctrl Pts',(22.5081472388595,-6.38468928222038,14.2154079543987));
#2723=CARTESIAN_POINT('Ctrl Pts',(22.0711276654813,-6.46417629520738,12.785632791962));
#2724=CARTESIAN_POINT('Ctrl Pts',(23.0368225086943,-6.5436633081944,11.6442842069852));
#2725=CARTESIAN_POINT('Ctrl Pts',(24.5192231410813,-6.62315032118141,11.8385301534929));
#2726=CARTESIAN_POINT('Ctrl Pts',(25.1582521439696,-6.70263733416843,13.1901532725997));
#2727=CARTESIAN_POINT('Ctrl Pts',(24.3676112537741,-6.78212434715544,14.4590622943138));
#2728=CARTESIAN_POINT('Ctrl Pts',(22.8727000672983,-6.86161136014245,14.4810547290524));
#2729=CARTESIAN_POINT('Ctrl Pts',(22.0450742242435,-6.94109837312946,13.2359528912318));
#2730=CARTESIAN_POINT('Ctrl Pts',(22.6440663878971,-7.02058538611648,11.8661165833038));
#2731=CARTESIAN_POINT('Ctrl Pts',(24.1201114151063,-7.10007239910348,11.6283473668619));
#2732=CARTESIAN_POINT('Ctrl Pts',(25.1189630470718,-7.17955941209051,12.7407944622135));
#2733=CARTESIAN_POINT('Ctrl Pts',(24.7241918654835,-7.25904642507751,14.1828065415054));
#2734=CARTESIAN_POINT('Ctrl Pts',(23.297993728796,-7.33853343806452,14.6313619979938));
#2735=CARTESIAN_POINT('Ctrl Pts',(22.1488812198317,-7.41802045105155,13.6749188139111));
#2736=CARTESIAN_POINT('Ctrl Pts',(22.3311455610927,-7.49750746403855,12.1909973764552));
#2737=CARTESIAN_POINT('Ctrl Pts',(23.6775623131375,-7.57699447702558,11.5410704171366));
#2738=CARTESIAN_POINT('Ctrl Pts',(24.9528169593834,-7.65648149001257,12.3214348895881));
#2739=CARTESIAN_POINT('Ctrl Pts',(24.9868850074473,-7.7359685029996,13.8161196358599));
#2740=CARTESIAN_POINT('Ctrl Pts',(23.7485096014849,-7.81545551598661,14.653776771294));
#2741=CARTESIAN_POINT('Ctrl Pts',(22.3738791568893,-7.89494252897362,14.0658700921116));
#2742=CARTESIAN_POINT('Ctrl Pts',(22.1241937742734,-7.97442954196063,12.5917939976224));
#2743=CARTESIAN_POINT('Ctrl Pts',(23.2285355541498,-8.05391655494765,11.5839882842751));
#2744=CARTESIAN_POINT('Ctrl Pts',(24.6736896580384,-8.13340356793465,11.9670975880651));
#2745=CARTESIAN_POINT('Ctrl Pts',(25.1337517249587,-8.21289058092168,13.3896256254752));
#2746=CARTESIAN_POINT('Ctrl Pts',(24.1866226173803,-8.29237759390869,14.5464270674747));
#2747=CARTESIAN_POINT('Ctrl Pts',(22.7012772153992,-8.3718646068957,14.3761562260116));
#2748=CARTESIAN_POINT('Ctrl Pts',(22.0404947138114,-8.45135161988272,13.0350337080313));
#2749=CARTESIAN_POINT('Ctrl Pts',(22.8105318420187,-8.53083863286973,11.7535166602302));
#2750=CARTESIAN_POINT('Ctrl Pts',(24.3048926051365,-8.61032564585673,11.7073752221119));
#2751=CARTESIAN_POINT('Ctrl Pts',(25.1525263675272,-8.68981265884376,12.9389433799898));
#2752=CARTESIAN_POINT('Ctrl Pts',(24.5757435395646,-8.76929967183076,14.318278253003));
#2753=CARTESIAN_POINT('Ctrl Pts',(23.1037325757846,-8.84878668481778,14.5798635073978));
#2754=CARTESIAN_POINT('Ctrl Pts',(22.0870385504369,-8.92827369780479,13.4836991121301));
#2755=CARTESIAN_POINT('Ctrl Pts',(22.4584609745762,-9.00776071079181,12.035497294402));
#2756=CARTESIAN_POINT('Ctrl Pts',(23.8772260790424,-9.08724772377882,11.5639586403317));
#2757=CARTESIAN_POINT('Ctrl Pts',(25.04164096067,-9.16673473676583,12.5017118624762));
#2758=CARTESIAN_POINT('Ctrl Pts',(24.8833747321611,-9.24622174975284,13.9883842943403));
#2759=CARTESIAN_POINT('Ctrl Pts',(23.5476339672476,-9.32570876273986,14.659979217856));
#2760=CARTESIAN_POINT('Ctrl Pts',(22.2599381543575,-9.40519577572687,13.9003196821023));
#2761=CARTESIAN_POINT('Ctrl Pts',(22.2017263281219,-9.48468278871389,12.4063804322715));
#2762=CARTESIAN_POINT('Ctrl Pts',(23.4264068837004,-9.56416980170089,11.5488253434094));
#2763=CARTESIAN_POINT('Ctrl Pts',(24.8103561356974,-9.64365681468791,12.1144467101336));
#2764=CARTESIAN_POINT('Ctrl Pts',(25.0838242566062,-9.72314382767493,13.5842964207793));
#2765=CARTESIAN_POINT('Ctrl Pts',(23.9959086550587,-9.80263084066193,14.6098125225471));
#2766=CARTESIAN_POINT('Ctrl Pts',(22.5447538761411,-9.88211785364895,14.2501009982944));
#2767=CARTESIAN_POINT('Ctrl Pts',(22.0617689398846,-9.96160486663596,12.8351918358689));
#2768=CARTESIAN_POINT('Ctrl Pts',(22.9900859780947,-10.041091879623,11.6632386953067));
#2769=CARTESIAN_POINT('Ctrl Pts',(24.4779866907004,-10.12057889261,11.80949153789));
#2770=CARTESIAN_POINT('Ctrl Pts',(25.1603535328683,-10.200065905597,13.139760388345));
#2771=CARTESIAN_POINT('Ctrl Pts',(24.4111147711399,-10.279552918584,14.4335566832184));
#2772=CARTESIAN_POINT('Ctrl Pts',(22.9177068237975,-10.359039931571,14.5038240382171));
#2773=CARTESIAN_POINT('Ctrl Pts',(22.0502627297657,-10.438526944558,13.2861322763257));
#2774=CARTESIAN_POINT('Ctrl Pts',(22.6047311869438,-10.518013957545,11.8976180622469));
#2775=CARTESIAN_POINT('Ctrl Pts',(24.0722362951631,-10.5975009705321,11.6123635714385));
#2776=CARTESIAN_POINT('Ctrl Pts',(25.106675679608,-10.6769879835191,12.691808122633));
#2777=CARTESIAN_POINT('Ctrl Pts',(24.7583751051393,-10.7564749965061,14.1461121954298));
#2778=CARTESIAN_POINT('Ctrl Pts',(23.3480372219739,-10.8359620094931,14.6399506741946));
#2779=CARTESIAN_POINT('Ctrl Pts',(22.1674143661769,-10.9154490224801,13.7222242343722));
#2780=CARTESIAN_POINT('Ctrl Pts',(22.3040595640957,-10.9949360354671,12.230953081109));
#2781=CARTESIAN_POINT('Ctrl Pts',(23.183532278112,-11.0479273774585,11.7725532994894));
#2782=CARTESIAN_POINT('Ctrl Pts',(23.6229655918015,-11.0744230484541,11.78019979482));
#2783=CARTESIAN_POINT('Ctrl Pts',(23.416521878889,1.21853847577294,14.4980113658599));
#2784=CARTESIAN_POINT('Ctrl Pts',(22.9510478134477,1.19204280477727,14.4369215142045));
#2785=CARTESIAN_POINT('Ctrl Pts',(22.0940204467699,1.13905146278593,13.8141800997177));
#2786=CARTESIAN_POINT('Ctrl Pts',(22.1843838912668,1.05956444979892,12.2171124770874));
#2787=CARTESIAN_POINT('Ctrl Pts',(23.576190360047,0.980077436811899,11.4333500053048));
#2788=CARTESIAN_POINT('Ctrl Pts',(24.9885096788076,0.900590423824889,12.1770934115131));
#2789=CARTESIAN_POINT('Ctrl Pts',(25.1275833257543,0.821103410837874,13.7684199308868));
#2790=CARTESIAN_POINT('Ctrl Pts',(23.8647676812077,0.741616397850862,14.7460508200525));
#2791=CARTESIAN_POINT('Ctrl Pts',(22.3592180538359,0.662129384863849,14.2136824087499));
#2792=CARTESIAN_POINT('Ctrl Pts',(21.9919681485592,0.582642371876835,12.6594126131845));
#2793=CARTESIAN_POINT('Ctrl Pts',(23.1001104350368,0.503155358889822,11.5094349413139));
#2794=CARTESIAN_POINT('Ctrl Pts',(24.6668667747617,0.423668345902809,11.8187421607823));
#2795=CARTESIAN_POINT('Ctrl Pts',(25.2548045495318,0.344181332915796,13.3035981085647));
#2796=CARTESIAN_POINT('Ctrl Pts',(24.3244801694747,0.264694319928783,14.6016477147073));
#2797=CARTESIAN_POINT('Ctrl Pts',(22.7294612067197,0.18520730694177,14.5219654681602));
#2798=CARTESIAN_POINT('Ctrl Pts',(21.9331448991589,0.105720293954756,13.1376517327775));
#2799=CARTESIAN_POINT('Ctrl Pts',(22.6661408482985,0.0262332809677437,11.7187943716473));
#2800=CARTESIAN_POINT('Ctrl Pts',(24.2559362013145,-0.0532537320192697,
11.5671691065894));
#2801=CARTESIAN_POINT('Ctrl Pts',(25.2439214919899,-0.132740745006282,12.8218904932319));
#2802=CARTESIAN_POINT('Ctrl Pts',(24.7236365770849,-0.212227757993296,14.331772463081));
#2803=CARTESIAN_POINT('Ctrl Pts',(23.1724342474603,-0.291714770980309,14.7115241933152));
#2804=CARTESIAN_POINT('Ctrl Pts',(22.0135162006935,-0.371201783967321,13.6127297837671));
#2805=CARTESIAN_POINT('Ctrl Pts',(22.3101701312519,-0.450688796954336,12.0435145241698));
#2806=CARTESIAN_POINT('Ctrl Pts',(23.7902210632226,-0.530175809941347,11.443606744038));
#2807=CARTESIAN_POINT('Ctrl Pts',(25.0957474037223,-0.609662822928361,12.3634116678619));
#2808=CARTESIAN_POINT('Ctrl Pts',(25.0289508866256,-0.689149835915374,13.9590238805954));
#2809=CARTESIAN_POINT('Ctrl Pts',(23.6511161867999,-0.768636848902388,14.7664962652688));
#2810=CARTESIAN_POINT('Ctrl Pts',(22.2263832524587,-0.848123861889401,14.0449866119465));
#2811=CARTESIAN_POINT('Ctrl Pts',(22.0619203692778,-0.927610874876413,12.4564677823725));
#2812=CARTESIAN_POINT('Ctrl Pts',(23.3086194404723,-1.00709788786343,11.458378839227));
#2813=CARTESIAN_POINT('Ctrl Pts',(24.8226552293877,-1.08658490085044,11.9664494471445));
#2814=CARTESIAN_POINT('Ctrl Pts',(25.2149255980361,-1.16607191383745,13.5145334469091));
#2815=CARTESIAN_POINT('Ctrl Pts',(24.1255291414707,-1.24555892682447,14.6822900452566));
#2816=CARTESIAN_POINT('Ctrl Pts',(22.5539686176652,-1.32504593981148,14.3983223840793));
#2817=CARTESIAN_POINT('Ctrl Pts',(21.9421241323355,-1.40453295279849,12.9231659726065));
#2818=CARTESIAN_POINT('Ctrl Pts',(22.8513526156112,-1.48401996578551,11.6102517797683));
#2819=CARTESIAN_POINT('Ctrl Pts',(24.4474523668919,-1.56350697877252,11.6641562927388));
#2820=CARTESIAN_POINT('Ctrl Pts',(25.2660289557893,-1.64299399175953,13.0354230358126));
#2821=CARTESIAN_POINT('Ctrl Pts',(24.5560522561099,-1.72248100474654,14.4659380474312));
#2822=CARTESIAN_POINT('Ctrl Pts',(22.9689138390119,-1.80196801773356,14.6432280852946));
#2823=CARTESIAN_POINT('Ctrl Pts',(21.9607862628734,-1.88145503072057,13.4046325488977));
#2824=CARTESIAN_POINT('Ctrl Pts',(22.4566094673375,-1.96094204370759,11.8865418195707));
#2825=CARTESIAN_POINT('Ctrl Pts',(24.001474078169,-2.0404290566946,11.4817783741431));
#2826=CARTESIAN_POINT('Ctrl Pts',(25.1779930367045,-2.11991606968161,12.561705803538));
#2827=CARTESIAN_POINT('Ctrl Pts',(24.9067301681445,-2.19940308266863,14.135509021445));
#2828=CARTESIAN_POINT('Ctrl Pts',(23.4365645501095,-2.27889009565564,14.7592502883989));
#2829=CARTESIAN_POINT('Ctrl Pts',(22.1163481832758,-2.35837710864265,13.8606575790483));
#2830=CARTESIAN_POINT('Ctrl Pts',(22.1573571755075,-2.43786412162966,12.2641744519499));
#2831=CARTESIAN_POINT('Ctrl Pts',(23.5219664724987,-2.51735113461668,11.4345470782942));
#2832=CARTESIAN_POINT('Ctrl Pts',(24.9581702064694,-2.59683814760369,12.1329444917216));
#2833=CARTESIAN_POINT('Ctrl Pts',(25.1482758289201,-2.6763251605907,13.7185989196681));
#2834=CARTESIAN_POINT('Ctrl Pts',(23.9178646580119,-2.75581217357771,14.7366993386141));
#2835=CARTESIAN_POINT('Ctrl Pts',(22.3958180586568,-2.83529918656473,14.2531558949143));
#2836=CARTESIAN_POINT('Ctrl Pts',(21.9785879512897,-2.91478619955174,12.7116114907338));
#2837=CARTESIAN_POINT('Ctrl Pts',(23.0489758775607,-2.99427321253875,11.5264069514888));
#2838=CARTESIAN_POINT('Ctrl Pts',(24.6249190833563,-3.07376022552577,11.7849473248554));
#2839=CARTESIAN_POINT('Ctrl Pts',(25.2605164266467,-3.15324723851278,13.2500262066074));
#2840=CARTESIAN_POINT('Ctrl Pts',(24.3726181332812,-3.23273425149979,14.5774585902684));
#2841=CARTESIAN_POINT('Ctrl Pts',(22.7758558166717,-3.31222126448681,14.5493477950164));
#2842=CARTESIAN_POINT('Ctrl Pts',(21.9352317996464,-3.39170827747381,13.1914849983562));
#2843=CARTESIAN_POINT('Ctrl Pts',(22.6220043494857,-3.47119529046084,11.7496862685258));
#2844=CARTESIAN_POINT('Ctrl Pts',(24.2060713086529,-3.55068230344784,11.5467774677592));
#2845=CARTESIAN_POINT('Ctrl Pts',(25.2340781292884,-3.63016931643486,12.7689239766854));
#2846=CARTESIAN_POINT('Ctrl Pts',(24.7628460023434,-3.70965632942187,14.2948271174805));
#2847=CARTESIAN_POINT('Ctrl Pts',(23.2247224058265,-3.78914334240888,14.7244966583974));
#2848=CARTESIAN_POINT('Ctrl Pts',(22.0309096321858,-3.8686303553959,13.663718088645));
#2849=CARTESIAN_POINT('Ctrl Pts',(22.2767106380435,-3.94811736838291,12.0857377408355));
#2850=CARTESIAN_POINT('Ctrl Pts',(23.736607172631,-4.02760438136993,11.4383258002188));
#2851=CARTESIAN_POINT('Ctrl Pts',(25.0711689450327,-4.10709139435694,12.3154717334576));
#2852=CARTESIAN_POINT('Ctrl Pts',(25.0559581812679,-4.18657840734395,13.9124090350507));
#2853=CARTESIAN_POINT('Ctrl Pts',(23.7049304989105,-4.26606542033096,14.7639748364176));
#2854=CARTESIAN_POINT('Ctrl Pts',(22.2576308648417,-4.34555243331798,14.088871968865));
#2855=CARTESIAN_POINT('Ctrl Pts',(22.0419321275646,-4.42503944630499,12.5064958545071));
#2856=CARTESIAN_POINT('Ctrl Pts',(23.2557342173663,-4.504526459292,11.4686497197903));
#2857=CARTESIAN_POINT('Ctrl Pts',(24.7853943193357,-4.58401347227902,11.9275397774255));
#2858=CARTESIAN_POINT('Ctrl Pts',(25.227475253617,-4.66350048526603,13.4621421885075));
#2859=CARTESIAN_POINT('Ctrl Pts',(24.1763752666722,-4.74298749825304,14.6644852884579));
#2860=CARTESIAN_POINT('Ctrl Pts',(22.5964607556671,-4.82247451124006,14.4314396910549));
#2861=CARTESIAN_POINT('Ctrl Pts',(21.9372764677539,-4.90196152422707,12.976820776314));
#2862=CARTESIAN_POINT('Ctrl Pts',(22.803612798422,-4.98144853721408,11.6352167085212));
#2863=CARTESIAN_POINT('Ctrl Pts',(24.4006208690516,-5.0609355502011,11.6375264481463));
#2864=CARTESIAN_POINT('Ctrl Pts',(25.2630728816729,-5.14042256318811,12.9816308482876));
#2865=CARTESIAN_POINT('Ctrl Pts',(24.5996837535434,-5.21990957617512,14.4343369359851));
#2866=CARTESIAN_POINT('Ctrl Pts',(23.0191017496802,-5.29939658916214,14.6628115332976));
#2867=CARTESIAN_POINT('Ctrl Pts',(21.971484030603,-5.37888360214914,13.4574330752069));
#2868=CARTESIAN_POINT('Ctrl Pts',(22.4180020718155,-5.45837061513617,11.9241158375077));
#2869=CARTESIAN_POINT('Ctrl Pts',(23.9489831494836,-5.53785762812317,11.4696523600136));
#2870=CARTESIAN_POINT('Ctrl Pts',(25.1597781109693,-5.61734464111019,12.511005169485));
#2871=CARTESIAN_POINT('Ctrl Pts',(24.9395031305504,-5.6968316540972,14.0927507386442));
#2872=CARTESIAN_POINT('Ctrl Pts',(23.4902567639211,-5.77631866708422,14.763664355562));
#2873=CARTESIAN_POINT('Ctrl Pts',(22.1416979536664,-5.85580568007122,13.9081941644754));
#2874=CARTESIAN_POINT('Ctrl Pts',(22.1311065184183,-5.93529269305825,12.3112195453743));
#2875=CARTESIAN_POINT('Ctrl Pts',(23.4681999202432,-6.01477970604525,11.4379376050194));
#2876=CARTESIAN_POINT('Ctrl Pts',(24.9262176581349,-6.09426671903227,12.0895697010264));
#2877=CARTESIAN_POINT('Ctrl Pts',(25.1674532052567,-6.17375373201928,13.6682544457929));
#2878=CARTESIAN_POINT('Ctrl Pts',(23.9705770417381,-6.25324074500629,14.725575381817));
#2879=CARTESIAN_POINT('Ctrl Pts',(22.433702732418,-6.33272775799331,14.291458496744));
#2880=CARTESIAN_POINT('Ctrl Pts',(21.966886369946,-6.41221477098031,12.7641986641412));
#2881=CARTESIAN_POINT('Ctrl Pts',(22.9984240433779,-6.49170178396733,11.5450308574615));
#2882=CARTESIAN_POINT('Ctrl Pts',(24.5818974461551,-6.57118879695434,11.7525208457765));
#2883=CARTESIAN_POINT('Ctrl Pts',(25.2644966083311,-6.65067580994136,13.1963000866406));
#2884=CARTESIAN_POINT('Ctrl Pts',(24.4199483847133,-6.73016282292837,14.5517256325624));
#2885=CARTESIAN_POINT('Ctrl Pts',(22.8231114355231,-6.80964983591538,14.5752175514879));
#2886=CARTESIAN_POINT('Ctrl Pts',(21.9390565577147,-6.88913684890239,13.2452224065431));
#2887=CARTESIAN_POINT('Ctrl Pts',(22.5788890961628,-6.96862386188941,11.781988168529));
#2888=CARTESIAN_POINT('Ctrl Pts',(24.1555735570454,-7.04811087487642,11.5280074146025));
#2889=CARTESIAN_POINT('Ctrl Pts',(25.2225287093722,-7.12759788786343,12.7163031755463));
#2890=CARTESIAN_POINT('Ctrl Pts',(24.8008413108573,-7.20708490085045,14.2566342602444));
#2891=CARTESIAN_POINT('Ctrl Pts',(23.277402392123,-7.28657191383746,14.7357730433116));
#2892=CARTESIAN_POINT('Ctrl Pts',(22.049941303002,-7.36605892682447,13.7141178239505));
#2893=CARTESIAN_POINT('Ctrl Pts',(22.2446327584399,-7.44554593981149,12.12901992485));
#2894=CARTESIAN_POINT('Ctrl Pts',(23.6828506526696,-7.5250329527985,11.4347797637595));
#2895=CARTESIAN_POINT('Ctrl Pts',(25.0450544793414,-7.60451996578551,12.2683509047873));
#2896=CARTESIAN_POINT('Ctrl Pts',(25.0814453488642,-7.68400697877252,13.8649459746685));
#2897=CARTESIAN_POINT('Ctrl Pts',(23.7586352561315,-7.76349399175954,14.7597160966095));
#2898=CARTESIAN_POINT('Ctrl Pts',(22.2902800084954,-7.84298100474655,14.1317248711192));
#2899=CARTESIAN_POINT('Ctrl Pts',(22.0235706225193,-7.92246801773357,12.5571435883694));
#2900=CARTESIAN_POINT('Ctrl Pts',(23.2032084328418,-8.00195503072058,11.480623849112));
#2901=CARTESIAN_POINT('Ctrl Pts',(24.7468957710865,-8.08144204370759,11.8898542417969));
#2902=CARTESIAN_POINT('Ctrl Pts',(25.2383257062059,-8.16092905669461,13.4093728272122));
#2903=CARTESIAN_POINT('Ctrl Pts',(24.2266196140199,-8.24041606968162,14.6450470948026));
#2904=CARTESIAN_POINT('Ctrl Pts',(22.6400006619037,-8.31990308266863,14.4631668777851));
#2905=CARTESIAN_POINT('Ctrl Pts',(21.9341648079349,-8.39939009565565,13.0306041881243));
#2906=CARTESIAN_POINT('Ctrl Pts',(22.7567044676108,-8.47887710864265,11.6617109779732));
#2907=CARTESIAN_POINT('Ctrl Pts',(24.3529534645776,-8.55836412162968,11.6124235327104));
#2908=CARTESIAN_POINT('Ctrl Pts',(25.2583804380404,-8.63785113461668,12.9279622468073));
#2909=CARTESIAN_POINT('Ctrl Pts',(24.6422715081713,-8.7173381476037,14.4013426793441));
#2910=CARTESIAN_POINT('Ctrl Pts',(23.0698961604972,-8.79682516059071,14.6807632919931));
#2911=CARTESIAN_POINT('Ctrl Pts',(21.9838820879667,-8.87631217357772,13.5098604152299));
#2912=CARTESIAN_POINT('Ctrl Pts',(22.3806287682973,-8.95579918656474,11.9629175644749));
#2913=CARTESIAN_POINT('Ctrl Pts',(23.8961278571589,-9.03528619955175,11.459228547627));
#2914=CARTESIAN_POINT('Ctrl Pts',(25.1399346625339,-9.11477321253876,12.4609194894632));
#2915=CARTESIAN_POINT('Ctrl Pts',(24.9708775548083,-9.19426022552578,14.0489559507726));
#2916=CARTESIAN_POINT('Ctrl Pts',(23.5440635559236,-9.27374723851279,14.7663414372553));
#2917=CARTESIAN_POINT('Ctrl Pts',(22.1685703012456,-9.35323425149981,13.9548869331547));
#2918=CARTESIAN_POINT('Ctrl Pts',(22.1063894868575,-9.43272126448682,12.3590881890172));
#2919=CARTESIAN_POINT('Ctrl Pts',(23.4145709894073,-9.51220827747383,11.4430634350055));
#2920=CARTESIAN_POINT('Ctrl Pts',(24.8928804176767,-9.59169529046084,12.0472498949154));
#2921=CARTESIAN_POINT('Ctrl Pts',(25.1849940922839,-9.67118230344785,13.617316631287));
#2922=CARTESIAN_POINT('Ctrl Pts',(24.0229024269945,-9.75066931643488,14.712754285448));
#2923=CARTESIAN_POINT('Ctrl Pts',(22.472805276787,-9.83015632942187,14.3285169754508));
#2924=CARTESIAN_POINT('Ctrl Pts',(21.9568895494221,-9.9096433424089,12.8171367337691));
#2925=CARTESIAN_POINT('Ctrl Pts',(22.9485009311466,-9.98913035539591,11.5652776972595));
#2926=CARTESIAN_POINT('Ctrl Pts',(24.5378494196118,-10.0686173683829,11.7215023245643));
#2927=CARTESIAN_POINT('Ctrl Pts',(25.2667412737457,-10.1481043813699,13.142471323914));
#2928=CARTESIAN_POINT('Ctrl Pts',(24.4664180509903,-10.2275913943569,14.5244810025287));
#2929=CARTESIAN_POINT('Ctrl Pts',(22.871186834511,-10.307078407344,14.5995393135501));
#2930=CARTESIAN_POINT('Ctrl Pts',(21.9445988249769,-10.386565420331,13.2988231133479));
#2931=CARTESIAN_POINT('Ctrl Pts',(22.53687194969,-10.466052433318,11.8156374755819));
#2932=CARTESIAN_POINT('Ctrl Pts',(24.1044342243787,-10.545539446305,11.5109338149457));
#2933=CARTESIAN_POINT('Ctrl Pts',(25.209403566854,-10.625026459292,12.6639768582671));
#2934=CARTESIAN_POINT('Ctrl Pts',(24.8373552259442,-10.704513472279,14.2174380269364));
#2935=CARTESIAN_POINT('Ctrl Pts',(23.3308579416539,-10.784000485266,14.7449473110716));
#2936=CARTESIAN_POINT('Ctrl Pts',(22.0697380729617,-10.8634874982531,13.7646486139884));
#2937=CARTESIAN_POINT('Ctrl Pts',(22.2156999889204,-10.9429745112401,12.1716998820937));
#2938=CARTESIAN_POINT('Ctrl Pts',(23.1551367516196,-10.9959658532314,11.6820455699092));
#2939=CARTESIAN_POINT('Ctrl Pts',(23.6245314276061,-11.0224615242271,11.6902134171941));
#2940=CARTESIAN_POINT('Ctrl Pts',(23.4048105094564,1.27050000000001,14.5872461338936));
#2941=CARTESIAN_POINT('Ctrl Pts',(22.909625333455,1.24400432900434,14.5222569300048));
#2942=CARTESIAN_POINT('Ctrl Pts',(21.9978940923084,1.19101298701299,13.8597660635295));
#2943=CARTESIAN_POINT('Ctrl Pts',(22.0940254162413,1.11152597402598,12.1607579543483));
#2944=CARTESIAN_POINT('Ctrl Pts',(23.5746705957947,1.03203896103897,11.3269680907497));
#2945=CARTESIAN_POINT('Ctrl Pts',(25.0771379561783,0.952551948051954,12.1181844803331));
#2946=CARTESIAN_POINT('Ctrl Pts',(25.2250886444194,0.873064935064942,13.8110850328583));
#2947=CARTESIAN_POINT('Ctrl Pts',(23.8816677459657,0.793577922077928,14.8511178936729));
#2948=CARTESIAN_POINT('Ctrl Pts',(22.2800192062084,0.714090909090915,14.2847685199467));
#2949=CARTESIAN_POINT('Ctrl Pts',(21.8893278176162,0.634603896103903,12.631290014026));
#2950=CARTESIAN_POINT('Ctrl Pts',(23.0682025904646,0.555116883116888,11.4079095120361));
#2951=CARTESIAN_POINT('Ctrl Pts',(24.7349646540018,0.475629870129876,11.7369597455131));
#2952=CARTESIAN_POINT('Ctrl Pts',(25.3604303718423,0.396142857142863,13.3165937325156));
#2953=CARTESIAN_POINT('Ctrl Pts',(24.3707235845476,0.31665584415585,14.6974975688376));
#2954=CARTESIAN_POINT('Ctrl Pts',(22.6738949007656,0.237168831168836,14.612729221447));
#2955=CARTESIAN_POINT('Ctrl Pts',(21.8267498927223,0.157681818181823,13.1400550348697));
#2956=CARTESIAN_POINT('Ctrl Pts',(22.6065328173388,0.0781948051948103,11.630632310263));
#2957=CARTESIAN_POINT('Ctrl Pts',(24.2978044694835,-0.00129220779220278,
11.4693288367972));
#2958=CARTESIAN_POINT('Ctrl Pts',(25.3488526510531,-0.0807792207792158,
12.8041388225871));
#2959=CARTESIAN_POINT('Ctrl Pts',(24.7953580607286,-0.160266233766229,14.4103962373202));
#2960=CARTESIAN_POINT('Ctrl Pts',(23.1451428164471,-0.239753246753242,14.8143874396971));
#2961=CARTESIAN_POINT('Ctrl Pts',(21.9122512773336,-0.319240259740255,13.6454572167735));
#2962=CARTESIAN_POINT('Ctrl Pts',(22.2278405651616,-0.398727272727268,11.9760792810317));
#2963=CARTESIAN_POINT('Ctrl Pts',(23.8023628332155,-0.478214285714282,11.337879514934));
#2964=CARTESIAN_POINT('Ctrl Pts',(25.1912206422578,-0.557701298701293,12.3163953913425));
#2965=CARTESIAN_POINT('Ctrl Pts',(25.1201605176869,-0.637188311688309,14.0138551921228));
#2966=CARTESIAN_POINT('Ctrl Pts',(23.6543789221275,-0.716675324675319,14.8728683673072));
#2967=CARTESIAN_POINT('Ctrl Pts',(22.1387055877221,-0.796162337662335,14.1053049063261));
#2968=CARTESIAN_POINT('Ctrl Pts',(21.9637450736997,-0.875649350649346,12.415391257843));
#2969=CARTESIAN_POINT('Ctrl Pts',(23.2900206813535,-0.955136363636361,11.353594509816));
#2970=CARTESIAN_POINT('Ctrl Pts',(24.90069705254,-1.03462337662337,11.8940951565367));
#2971=CARTESIAN_POINT('Ctrl Pts',(25.3180059553576,-1.11411038961039,13.5409930286267));
#2972=CARTESIAN_POINT('Ctrl Pts',(24.159073554756,-1.1935974025974,14.7832872821879));
#2973=CARTESIAN_POINT('Ctrl Pts',(22.4872006570908,-1.27308441558441,14.4811940256163));
#2974=CARTESIAN_POINT('Ctrl Pts',(21.836302268442,-1.35257142857143,12.9118786942623));
#2975=CARTESIAN_POINT('Ctrl Pts',(22.8035666123524,-1.43205844155844,11.5151614678386));
#2976=CARTESIAN_POINT('Ctrl Pts',(24.5015450711615,-1.51154545454545,11.572506694403));
#2977=CARTESIAN_POINT('Ctrl Pts',(25.3723712295632,-1.59103246753246,13.0313011019282));
#2978=CARTESIAN_POINT('Ctrl Pts',(24.6170768682021,-1.67051948051948,14.5531255823737));
#2979=CARTESIAN_POINT('Ctrl Pts',(22.9286317436297,-1.75000649350649,14.7417320056325));
#2980=CARTESIAN_POINT('Ctrl Pts',(21.8561555988014,-1.8294935064935,13.4240771796784));
#2981=CARTESIAN_POINT('Ctrl Pts',(22.3836270929123,-1.90898051948052,11.8090870420965));
#2982=CARTESIAN_POINT('Ctrl Pts',(24.0271000831584,-1.98846753246753,11.3784876320671));
#2983=CARTESIAN_POINT('Ctrl Pts',(25.2787159964942,-2.06795454545454,12.5273465995086));
#2984=CARTESIAN_POINT('Ctrl Pts',(24.9901384767494,-2.14744155844156,14.2016053419627));
#2985=CARTESIAN_POINT('Ctrl Pts',(23.4261325001164,-2.22692857142857,14.8651598812754));
#2986=CARTESIAN_POINT('Ctrl Pts',(22.0216470034848,-2.30641558441558,13.9092101904769));
#2987=CARTESIAN_POINT('Ctrl Pts',(22.0652735909655,-2.3859025974026,12.2108238850531));
#2988=CARTESIAN_POINT('Ctrl Pts',(23.5169856090411,-2.46538961038961,11.3282415726534));
#2989=CARTESIAN_POINT('Ctrl Pts',(25.044861921776,-2.54487662337662,12.0712175443847));
#2990=CARTESIAN_POINT('Ctrl Pts',(25.2471019456596,-2.62436363636363,13.7580839570937));
#2991=CARTESIAN_POINT('Ctrl Pts',(23.9381538915021,-2.70385064935065,14.8411695091639));
#2992=CARTESIAN_POINT('Ctrl Pts',(22.3189553815497,-2.78333766233766,14.3267615903344));
#2993=CARTESIAN_POINT('Ctrl Pts',(21.8750935652019,-2.86282467532467,12.6868207348232));
#2994=CARTESIAN_POINT('Ctrl Pts',(23.0138041250645,-2.94231168831169,11.4259648420094));
#2995=CARTESIAN_POINT('Ctrl Pts',(24.690339450379,-3.0217987012987,11.7010077923993));
#2996=CARTESIAN_POINT('Ctrl Pts',(25.3665068368582,-3.10128571428571,13.2596023474547));
#2997=CARTESIAN_POINT('Ctrl Pts',(24.4219341843417,-3.18077272727273,14.6717644577323));
#2998=CARTESIAN_POINT('Ctrl Pts',(22.7232508687997,-3.26025974025974,14.6418593564004));
#2999=CARTESIAN_POINT('Ctrl Pts',(21.8289699996239,-3.33974675324675,13.1973244663364));
#3000=CARTESIAN_POINT('Ctrl Pts',(22.5595790951976,-3.41923376623377,11.6634960303465));
#3001=CARTESIAN_POINT('Ctrl Pts',(24.2447567113329,-3.49872077922078,11.4476356039991));
#3002=CARTESIAN_POINT('Ctrl Pts',(25.3383809886047,-3.57820779220779,12.7477914645589));
#3003=CARTESIAN_POINT('Ctrl Pts',(24.837070215259,-3.65769480519481,14.3710926781707));
#3004=CARTESIAN_POINT('Ctrl Pts',(23.2007685168367,-3.73718181818182,14.8281879344653));
#3005=CARTESIAN_POINT('Ctrl Pts',(21.9307549278573,-3.81666883116883,13.6997000943032));
#3006=CARTESIAN_POINT('Ctrl Pts',(22.1922453596207,-3.89615584415584,12.0209975966335));
#3007=CARTESIAN_POINT('Ctrl Pts',(23.7453267793946,-3.97564285714286,11.3322614895945));
#3008=CARTESIAN_POINT('Ctrl Pts',(25.1650733457795,-4.05512987012987,12.2653954611251));
#3009=CARTESIAN_POINT('Ctrl Pts',(25.1488916821999,-4.13461688311689,13.9642649309049));
#3010=CARTESIAN_POINT('Ctrl Pts',(23.7116281903303,-4.21410389610389,14.870185996189));
#3011=CARTESIAN_POINT('Ctrl Pts',(22.171947728555,-4.29359090909091,14.1519914562394));
#3012=CARTESIAN_POINT('Ctrl Pts',(21.9424809867708,-4.37307792207792,12.4686126111777));
#3013=CARTESIAN_POINT('Ctrl Pts',(23.2337598057089,-4.45256493506494,11.3645209785003));
#3014=CARTESIAN_POINT('Ctrl Pts',(24.8610577865274,-4.53205194805195,11.8527018908782));
#3015=CARTESIAN_POINT('Ctrl Pts',(25.3313566527841,-4.61153896103896,13.4852576473484));
#3016=CARTESIAN_POINT('Ctrl Pts',(24.2131651773109,-4.69102597402597,14.764346051551));
#3017=CARTESIAN_POINT('Ctrl Pts',(22.5324050592203,-4.77051298701299,14.5164252032499));
#3018=CARTESIAN_POINT('Ctrl Pts',(21.8311451784616,-4.85000000000001,12.9689582726745));
#3019=CARTESIAN_POINT('Ctrl Pts',(22.7527795727893,-4.92948701298701,11.5417199026821));
#3020=CARTESIAN_POINT('Ctrl Pts',(24.4517243287784,-5.00897402597403,11.544177072496));
#3021=CARTESIAN_POINT('Ctrl Pts',(25.3692264698647,-5.08846103896104,12.9740753705187));
#3022=CARTESIAN_POINT('Ctrl Pts',(24.6634933548335,-5.16794805194806,14.5195073787075));
#3023=CARTESIAN_POINT('Ctrl Pts',(22.9820231379576,-5.24743506493507,14.7625654609549));
#3024=CARTESIAN_POINT('Ctrl Pts',(21.8675362027692,-5.32692207792208,13.4802479523477));
#3025=CARTESIAN_POINT('Ctrl Pts',(22.3425553955484,-5.4064090909091,11.8490594016039));
#3026=CARTESIAN_POINT('Ctrl Pts',(23.9712586696633,-5.4858961038961,11.3655876170357));
#3027=CARTESIAN_POINT('Ctrl Pts',(25.2593384159249,-5.56538311688312,12.4734097547713));
#3028=CARTESIAN_POINT('Ctrl Pts',(25.0250033303727,-5.64487012987013,14.1561178070683));
#3029=CARTESIAN_POINT('Ctrl Pts',(23.4832518765119,-5.72435714285715,14.8698556974064));
#3030=CARTESIAN_POINT('Ctrl Pts',(22.048614844326,-5.80384415584416,13.9597810260376));
#3031=CARTESIAN_POINT('Ctrl Pts',(22.0373473600195,-5.88333116883117,12.2608718567811));
#3032=CARTESIAN_POINT('Ctrl Pts',(23.4597871491948,-5.96281818181818,11.331848515978));
#3033=CARTESIAN_POINT('Ctrl Pts',(25.0108698490797,-6.0423051948052,12.0250741500281));
#3034=CARTESIAN_POINT('Ctrl Pts',(25.2675034098475,-6.12179220779221,13.7045260061627));
#3035=CARTESIAN_POINT('Ctrl Pts',(23.9942308954661,-6.20127922077922,14.8293355125712));
#3036=CARTESIAN_POINT('Ctrl Pts',(22.3592582259766,-6.28076623376625,14.3675090390894));
#3037=CARTESIAN_POINT('Ctrl Pts',(21.8626450744106,-6.36025324675324,12.7427645363204));
#3038=CARTESIAN_POINT('Ctrl Pts',(22.9600255780616,-6.43974025974027,11.4457775079378));
#3039=CARTESIAN_POINT('Ctrl Pts',(24.6445717512288,-6.51922727272727,11.6665115380601));
#3040=CARTESIAN_POINT('Ctrl Pts',(25.3707410726926,-6.5987142857143,13.2024469006815));
#3041=CARTESIAN_POINT('Ctrl Pts',(24.4722855156524,-6.6782012987013,14.6443889708111));
#3042=CARTESIAN_POINT('Ctrl Pts',(22.773522803748,-6.75768831168831,14.6693803739233));
#3043=CARTESIAN_POINT('Ctrl Pts',(21.8330388911859,-6.83717532467533,13.2544919218543));
#3044=CARTESIAN_POINT('Ctrl Pts',(22.5137118044285,-6.91666233766234,11.6978597537543));
#3045=CARTESIAN_POINT('Ctrl Pts',(24.1910356989844,-6.99614935064935,11.4276674623431));
#3046=CARTESIAN_POINT('Ctrl Pts',(25.3260943716725,-7.07563636363637,12.691811888879));
#3047=CARTESIAN_POINT('Ctrl Pts',(24.8774907562312,-7.15512337662338,14.3304619789834));
#3048=CARTESIAN_POINT('Ctrl Pts',(23.25681105545,-7.2346103896104,14.8401840886293));
#3049=CARTESIAN_POINT('Ctrl Pts',(21.9510013861724,-7.3140974025974,13.7533168339899));
#3050=CARTESIAN_POINT('Ctrl Pts',(22.1581199557871,-7.39358441558443,12.0670424732446));
#3051=CARTESIAN_POINT('Ctrl Pts',(23.6881389922017,-7.47307142857143,11.3284891103824));
#3052=CARTESIAN_POINT('Ctrl Pts',(25.1372919992994,-7.55255844155845,12.2152669199865));
#3053=CARTESIAN_POINT('Ctrl Pts',(25.176005690281,-7.63204545454546,13.9137723134771));
#3054=CARTESIAN_POINT('Ctrl Pts',(23.7687609107783,-7.71153246753247,14.865655421925));
#3055=CARTESIAN_POINT('Ctrl Pts',(22.2066808601014,-7.79101948051949,14.1975796501268));
#3056=CARTESIAN_POINT('Ctrl Pts',(21.9229474707652,-7.8705064935065,12.5224931791164));
#3057=CARTESIAN_POINT('Ctrl Pts',(23.1778813115339,-7.94999350649351,11.377259413949));
#3058=CARTESIAN_POINT('Ctrl Pts',(24.8201018841345,-8.02948051948053,11.8126108955286));
#3059=CARTESIAN_POINT('Ctrl Pts',(25.3428996874531,-8.10896753246753,13.4291200289491));
#3060=CARTESIAN_POINT('Ctrl Pts',(24.2666166106594,-8.18845454545456,14.7436671221304));
#3061=CARTESIAN_POINT('Ctrl Pts',(22.5787241084082,-8.26794155844156,14.5501775295586));
#3062=CARTESIAN_POINT('Ctrl Pts',(21.8278349020584,-8.34742857142858,13.0261746682174));
#3063=CARTESIAN_POINT('Ctrl Pts',(22.702877093203,-8.42691558441559,11.5699052957161));
#3064=CARTESIAN_POINT('Ctrl Pts',(24.4010143240187,-8.5064025974026,11.517471843309));
#3065=CARTESIAN_POINT('Ctrl Pts',(25.3642345085536,-8.58588961038962,12.9169811136247));
#3066=CARTESIAN_POINT('Ctrl Pts',(24.708799476778,-8.66537662337663,14.4844071056852));
#3067=CARTESIAN_POINT('Ctrl Pts',(23.0360597452098,-8.74486363636364,14.7816630765884));
#3068=CARTESIAN_POINT('Ctrl Pts',(21.8807256254965,-8.82435064935066,13.5360217183297));
#3069=CARTESIAN_POINT('Ctrl Pts',(22.3027965620183,-8.90383766233767,11.8903378345477));
#3070=CARTESIAN_POINT('Ctrl Pts',(23.9150296352755,-8.98332467532468,11.3544984549223));
#3071=CARTESIAN_POINT('Ctrl Pts',(25.2382283643978,-9.0628116883117,12.4201271164502));
#3072=CARTESIAN_POINT('Ctrl Pts',(25.0583803774557,-9.1422987012987,14.1095276072049));
#3073=CARTESIAN_POINT('Ctrl Pts',(23.5404931445996,-9.22178571428573,14.8727036566545));
#3074=CARTESIAN_POINT('Ctrl Pts',(22.0772024481336,-9.30127272727273,14.0094541842071));
#3075=CARTESIAN_POINT('Ctrl Pts',(22.011052645593,-9.38075974025975,12.311795945763));
#3076=CARTESIAN_POINT('Ctrl Pts',(23.4027350951142,-9.46024675324676,11.3373015266016));
#3077=CARTESIAN_POINT('Ctrl Pts',(24.9754046996561,-9.53973376623378,11.9800530796972));
#3078=CARTESIAN_POINT('Ctrl Pts',(25.2861639279617,-9.61922077922079,13.6503368417947));
#3079=CARTESIAN_POINT('Ctrl Pts',(24.0498961989303,-9.69870779220781,14.815696048349));
#3080=CARTESIAN_POINT('Ctrl Pts',(22.400856677433,-9.77819480519481,14.4069329526073));
#3081=CARTESIAN_POINT('Ctrl Pts',(21.8520101589597,-9.85768181818184,12.7990816316692));
#3082=CARTESIAN_POINT('Ctrl Pts',(22.9069158841985,-9.93716883116883,11.4673166992122));
#3083=CARTESIAN_POINT('Ctrl Pts',(24.5977121485232,-10.0166558441559,11.6335131112386));
#3084=CARTESIAN_POINT('Ctrl Pts',(25.373129014623,-10.0961428571429,13.145182259483));
#3085=CARTESIAN_POINT('Ctrl Pts',(24.5217213308407,-10.1756298701299,14.6154053218391));
#3086=CARTESIAN_POINT('Ctrl Pts',(22.8246668452245,-10.2551168831169,14.695254588883));
#3087=CARTESIAN_POINT('Ctrl Pts',(21.8389349201882,-10.3346038961039,13.3115139503701));
#3088=CARTESIAN_POINT('Ctrl Pts',(22.4690127124362,-10.4140909090909,11.7336568889169));
#3089=CARTESIAN_POINT('Ctrl Pts',(24.1366321535943,-10.4935779220779,11.4095040584529));
#3090=CARTESIAN_POINT('Ctrl Pts',(25.3121314541001,-10.5730649350649,12.6361455939012));
#3091=CARTESIAN_POINT('Ctrl Pts',(24.9163353467491,-10.652551948052,14.288763858443));
#3092=CARTESIAN_POINT('Ctrl Pts',(23.313678661334,-10.732038961039,14.8499439479485));
#3093=CARTESIAN_POINT('Ctrl Pts',(21.9720617797465,-10.811525974026,13.8070729936047));
#3094=CARTESIAN_POINT('Ctrl Pts',(22.1273404137451,-10.891012987013,12.1124466830784));
#3095=CARTESIAN_POINT('Ctrl Pts',(23.1267412251272,-10.9440043290043,11.5915378403289));
#3096=CARTESIAN_POINT('Ctrl Pts',(23.6260972634108,-10.9705,11.6002270395682));
#3097=CARTESIAN_POINT('Ctrl Pts',(23.6260972634108,-10.9705,11.6002270395682));
#3098=CARTESIAN_POINT('Ctrl Pts',(23.1330572785363,-10.953924580905,11.6082256730959));
#3099=CARTESIAN_POINT('Ctrl Pts',(22.6496533936473,-10.9371649093065,11.8782453899996));
#3100=CARTESIAN_POINT('Ctrl Pts',(22.3932607620312,-10.9201072530372,12.2927206700191));
#3101=CARTESIAN_POINT('Ctrl Pts',(22.145471183385,-10.9036219529994,12.6932885582146));
#3102=CARTESIAN_POINT('Ctrl Pts',(22.1106114038472,-10.8868211398447,13.2316378800636));
#3103=CARTESIAN_POINT('Ctrl Pts',(22.3141632536507,-10.8697145060744,13.6582372431387));
#3104=CARTESIAN_POINT('Ctrl Pts',(22.5107537538616,-10.8531929087856,14.070247167183));
#3105=CARTESIAN_POINT('Ctrl Pts',(22.9298585169287,-10.8364153688203,14.3766098707829));
#3106=CARTESIAN_POINT('Ctrl Pts',(23.3816574952503,-10.8193217591115,14.4331773216268));
#3107=CARTESIAN_POINT('Ctrl Pts',(23.8170923581396,-10.8028472782982,14.4876959048554));
#3108=CARTESIAN_POINT('Ctrl Pts',(24.2845073775513,-10.7860308506502,14.3082042179763));
#3109=CARTESIAN_POINT('Ctrl Pts',(24.5653316928265,-10.7689290121487,13.9715553225493));
#3110=CARTESIAN_POINT('Ctrl Pts',(24.8357520412087,-10.7524607618086,13.6473785806077));
#3111=CARTESIAN_POINT('Ctrl Pts',(24.9337685731173,-10.7357071802282,13.1767781185662));
#3112=CARTESIAN_POINT('Ctrl Pts',(24.8066421356187,-10.7185362651859,12.7731324091743));
#3113=CARTESIAN_POINT('Ctrl Pts',(24.7623719965613,-10.7125567159149,12.632568007022));
#3114=CARTESIAN_POINT('Ctrl Pts',(24.6911719283475,-10.7065695319394,12.5012429127902));
#3115=CARTESIAN_POINT('Ctrl Pts',(24.5990214767254,-10.7005,12.3847614538686));
#3116=CARTESIAN_POINT('Ctrl Pts',(22.372215125313,1.0005,13.1085202509315));
#3117=CARTESIAN_POINT('Ctrl Pts',(22.344708413452,1.0287445701889,13.2940058397986));
#3118=CARTESIAN_POINT('Ctrl Pts',(22.3577089021208,1.05589763040331,13.4841996257516));
#3119=CARTESIAN_POINT('Ctrl Pts',(22.4121322421543,1.08243170800179,13.6616998540941));
#3120=CARTESIAN_POINT('Ctrl Pts',(22.549487990275,1.14939944789049,14.1096818530049));
#3121=CARTESIAN_POINT('Ctrl Pts',(22.9455897957565,1.21138983195108,14.4673599192555));
#3122=CARTESIAN_POINT('Ctrl Pts',(23.4048105094564,1.27050000000001,14.5872461338936));
#3123=CARTESIAN_POINT('Ctrl Pts',(22.6973424424652,1.27050000000001,11.9019977738646));
#3124=CARTESIAN_POINT('Ctrl Pts',(23.0962225805133,1.24400432900434,11.6014539490663));
#3125=CARTESIAN_POINT('Ctrl Pts',(24.2109380005037,1.19101298701299,11.4354456975604));
#3126=CARTESIAN_POINT('Ctrl Pts',(25.3326364370215,1.11152597402598,12.7151555606121));
#3127=CARTESIAN_POINT('Ctrl Pts',(24.8602303690662,1.03203896103897,14.3474391971423));
#3128=CARTESIAN_POINT('Ctrl Pts',(23.2338000230293,0.952551948051955,14.8354526086565));
#3129=CARTESIAN_POINT('Ctrl Pts',(21.9422098235466,0.87306493506494,13.7310996061118));
#3130=CARTESIAN_POINT('Ctrl Pts',(22.1722067732939,0.79357792207793,12.0477844503404));
#3131=CARTESIAN_POINT('Ctrl Pts',(23.7118716468902,0.714090909090914,11.3298275124202));
#3132=CARTESIAN_POINT('Ctrl Pts',(25.1490563895086,0.634603896103903,12.2359902589565));
#3133=CARTESIAN_POINT('Ctrl Pts',(25.1649248856855,0.555116883116889,13.9348587124672));
#3134=CARTESIAN_POINT('Ctrl Pts',(23.7450446763783,0.475629870129876,14.8677629213926));
#3135=CARTESIAN_POINT('Ctrl Pts',(22.1920659157525,0.396142857142863,14.1787723393133));
#3136=CARTESIAN_POINT('Ctrl Pts',(21.9308544910727,0.31665584415585,12.5000276506098));
#3137=CARTESIAN_POINT('Ctrl Pts',(23.2010496500203,0.237168831168837,11.3717467827104));
#3138=CARTESIAN_POINT('Ctrl Pts',(24.8372781499069,0.157681818181824,11.8291092327204));
#3139=CARTESIAN_POINT('Ctrl Pts',(25.3383233017456,0.0781948051948103,13.452492220944));
#3140=CARTESIAN_POINT('Ctrl Pts',(24.2444871858005,-0.00129220779220213,
14.7524696675075));
#3141=CARTESIAN_POINT('Ctrl Pts',(22.5593445709317,-0.0807792207792154,
14.5363341965721));
#3142=CARTESIAN_POINT('Ctrl Pts',(21.8289858801309,-0.160266233766228,13.0023865037146));
#3143=CARTESIAN_POINT('Ctrl Pts',(22.7235024636235,-0.239753246753242,11.55799752448));
#3144=CARTESIAN_POINT('Ctrl Pts',(24.4221907220864,-0.319240259740255,11.5283696497753));
#3145=CARTESIAN_POINT('Ctrl Pts',(25.3665329159551,-0.398727272727268,12.9406859419723));
#3146=CARTESIAN_POINT('Ctrl Pts',(24.6901111606204,-0.478214285714281,14.4991701800307));
#3147=CARTESIAN_POINT('Ctrl Pts',(23.0135309096307,-0.557701298701294,14.7739395258355));
#3148=CARTESIAN_POINT('Ctrl Pts',(21.8750260991908,-0.637188311688306,13.5128977697859));
#3149=CARTESIAN_POINT('Ctrl Pts',(22.3191555615027,-0.71667532467532,11.8730293180376));
#3150=CARTESIAN_POINT('Ctrl Pts',(23.9384380569468,-0.796162337662333,11.3588856411178));
#3151=CARTESIAN_POINT('Ctrl Pts',(25.2472093789809,-0.875649350649347,12.4421848355842));
#3152=CARTESIAN_POINT('Ctrl Pts',(25.0446940550593,-0.955136363636359,14.1290182780042));
#3153=CARTESIAN_POINT('Ctrl Pts',(23.516696456976,-1.03462337662337,14.8717449163895));
#3154=CARTESIAN_POINT('Ctrl Pts',(22.0651284457541,-1.11411038961039,13.9889256667269));
#3155=CARTESIAN_POINT('Ctrl Pts',(22.0217790333481,-1.1935974025974,12.2905322060262));
#3156=CARTESIAN_POINT('Ctrl Pts',(23.4264205699202,-1.27308441558441,11.3348117067893));
#3157=CARTESIAN_POINT('Ctrl Pts',(24.9903182873257,-1.35257142857142,11.9986215051307));
#3158=CARTESIAN_POINT('Ctrl Pts',(25.2786225746978,-1.43205844155844,13.6729273782564));
#3159=CARTESIAN_POINT('Ctrl Pts',(24.0268191418985,-1.51154545454545,14.8215821064201));
#3160=CARTESIAN_POINT('Ctrl Pts',(22.383416391028,-1.59103246753247,14.3907144732348));
#3161=CARTESIAN_POINT('Ctrl Pts',(21.8562084516944,-1.67051948051948,12.7756382188115));
#3162=CARTESIAN_POINT('Ctrl Pts',(22.9288996596682,-1.75000649350649,11.4581583930708));
#3163=CARTESIAN_POINT('Ctrl Pts',(24.6173140389678,-1.8294935064935,11.6470403738726));
#3164=CARTESIAN_POINT('Ctrl Pts',(25.3723600549047,-1.90898051948052,13.1689881498215));
#3165=CARTESIAN_POINT('Ctrl Pts',(24.5012958036376,-1.98846753246753,14.6276404692802));
#3166=CARTESIAN_POINT('Ctrl Pts',(22.8033079506864,-2.06795454545454,14.6847085875952));
#3167=CARTESIAN_POINT('Ctrl Pts',(21.8362715303199,-2.14744155844155,13.2878334748587));
#3168=CARTESIAN_POINT('Ctrl Pts',(22.4874260442221,-2.22692857142857,11.7186243371327));
#3169=CARTESIAN_POINT('Ctrl Pts',(24.1593482782651,-2.30641558441558,11.4168039232938));
#3170=CARTESIAN_POINT('Ctrl Pts',(25.3180779611037,-2.3859025974026,12.6592873400873));
#3171=CARTESIAN_POINT('Ctrl Pts',(24.9005002764431,-2.46538961038961,14.3061171419099));
#3172=CARTESIAN_POINT('Ctrl Pts',(23.2897356622004,-2.54487662337662,14.8463549380717));
#3173=CARTESIAN_POINT('Ctrl Pts',(21.9636333116141,-2.62436363636364,13.7843417203257));
#3174=CARTESIAN_POINT('Ctrl Pts',(22.1388696227353,-2.70385064935064,12.094456589862));
#3175=CARTESIAN_POINT('Ctrl Pts',(23.6546682544858,-2.78333766233766,11.3271404705987));
#3176=CARTESIAN_POINT('Ctrl Pts',(25.1203096906577,-2.86282467532467,12.1863928779121));
#3177=CARTESIAN_POINT('Ctrl Pts',(25.191092790643,-2.94231168831168,13.8838643126214));
#3178=CARTESIAN_POINT('Ctrl Pts',(23.8020752616428,-3.0217987012987,14.8621535454294));
#3179=CARTESIAN_POINT('Ctrl Pts',(22.2276571100118,-3.10128571428571,14.2236968102368));
#3180=CARTESIAN_POINT('Ctrl Pts',(21.9123402664692,-3.18077272727273,12.554267324731));
#3181=CARTESIAN_POINT('Ctrl Pts',(23.1454225829317,-3.26025974025974,11.3855383057855));
#3182=CARTESIAN_POINT('Ctrl Pts',(24.7955719637799,-3.33974675324675,11.789798790849));
#3183=CARTESIAN_POINT('Ctrl Pts',(25.3488043609129,-3.41923376623377,13.3961466465951));
#3184=CARTESIAN_POINT('Ctrl Pts',(24.2975384402566,-3.49872077922078,14.7307849807384));
#3185=CARTESIAN_POINT('Ctrl Pts',(22.6062928403406,-3.57820779220779,14.5692057751994));
#3186=CARTESIAN_POINT('Ctrl Pts',(21.8267566927137,-3.6576948051948,13.059655208494));
#3187=CARTESIAN_POINT('Ctrl Pts',(22.6741411813588,-3.73718181818182,11.5871203032026));
#3188=CARTESIAN_POINT('Ctrl Pts',(24.3709854210333,-3.81666883116883,11.5026268408442));
#3189=CARTESIAN_POINT('Ctrl Pts',(25.3604636232385,-3.89615584415585,12.8836961389818));
#3190=CARTESIAN_POINT('Ctrl Pts',(24.7347463323694,-3.97564285714285,14.4632205581679));
#3191=CARTESIAN_POINT('Ctrl Pts',(23.0679185421797,-4.05512987012987,14.7920132538728));
#3192=CARTESIAN_POINT('Ctrl Pts',(21.88926645825,-4.13461688311688,13.5684125085534));
#3193=CARTESIAN_POINT('Ctrl Pts',(22.2801833617232,-4.2141038961039,11.9150512372406));
#3194=CARTESIAN_POINT('Ctrl Pts',(23.8820096288942,-4.2935909090909,11.3488603430199));
#3195=CARTESIAN_POINT('Ctrl Pts',(25.2250968482482,-4.37307792207792,12.3893103610919));
#3196=CARTESIAN_POINT('Ctrl Pts',(25.077185292932,-4.45256493506493,14.0818060599643));
#3197=CARTESIAN_POINT('Ctrl Pts',(23.5739813043703,-4.53205194805195,14.8735113635145));
#3198=CARTESIAN_POINT('Ctrl Pts',(22.0946490274201,-4.61153896103896,14.0380500937531));
#3199=CARTESIAN_POINT('Ctrl Pts',(21.9964507167222,-4.69102597402597,12.3419437849759));
#3200=CARTESIAN_POINT('Ctrl Pts',(23.3694816555718,-4.77051298701299,11.3413411866085));
#3201=CARTESIAN_POINT('Ctrl Pts',(24.9540092627288,-4.85,11.9542781989148));
#3202=CARTESIAN_POINT('Ctrl Pts',(25.296256353622,-4.92948701298701,13.6183955167962));
#3203=CARTESIAN_POINT('Ctrl Pts',(24.0822170314912,-5.00897402597403,14.8068937470087));
#3204=CARTESIAN_POINT('Ctrl Pts',(22.4257517678829,-5.08846103896103,14.4293459363188));
#3205=CARTESIAN_POINT('Ctrl Pts',(21.8466393261278,-5.16794805194805,12.832145792723));
#3206=CARTESIAN_POINT('Ctrl Pts',(22.8762055419655,-5.24743506493507,11.4806973378778));
#3207=CARTESIAN_POINT('Ctrl Pts',(24.5698408877173,-5.32692207792207,11.6149315902797));
#3208=CARTESIAN_POINT('Ctrl Pts',(25.3736636805926,-5.40640909090909,13.1116909017764));
#3209=CARTESIAN_POINT('Ctrl Pts',(24.5501801518224,-5.4858961038961,14.5977240093289));
#3210=CARTESIAN_POINT('Ctrl Pts',(22.8549224616476,-5.56538311688312,14.7096207599556));
#3211=CARTESIAN_POINT('Ctrl Pts',(21.84326076633,-5.64487012987013,13.3447177842373));
#3212=CARTESIAN_POINT('Ctrl Pts',(22.4433774998736,-5.72435714285715,11.755290395201));
#3213=CARTESIAN_POINT('Ctrl Pts',(24.1046757453395,-5.80384415584415,11.3996112441258));
#3214=CARTESIAN_POINT('Ctrl Pts',(25.3029425605753,-5.88333116883117,12.6040099149996));
#3215=CARTESIAN_POINT('Ctrl Pts',(24.9387884813959,-5.96281818181819,14.2634710701686));
#3216=CARTESIAN_POINT('Ctrl Pts',(23.3463186944755,-6.04230519480519,14.8554672666458));
#3217=CARTESIAN_POINT('Ctrl Pts',(21.9865971995117,-6.12179220779221,13.8368520424168));
#3218=CARTESIAN_POINT('Ctrl Pts',(22.1071453888872,-6.20127922077922,12.1421875762359));
#3219=CARTESIAN_POINT('Ctrl Pts',(23.5973623449761,-6.28076623376624,11.3262997514198));
#3220=CARTESIAN_POINT('Ctrl Pts',(25.0899993047791,-6.36025324675324,12.137751798757));
#3221=CARTESIAN_POINT('Ctrl Pts',(25.2155871929655,-6.43974025974026,13.8320502380052));
#3222=CARTESIAN_POINT('Ctrl Pts',(23.8589012537915,-6.51922727272728,14.8547050093456));
#3223=CARTESIAN_POINT('Ctrl Pts',(22.2646778087268,-6.59871428571428,14.2674477181146));
#3224=CARTESIAN_POINT('Ctrl Pts',(21.8955898090507,-6.6782012987013,12.609076961199));
#3225=CARTESIAN_POINT('Ctrl Pts',(23.090269229747,-6.75768831168831,11.4011197596962));
#3226=CARTESIAN_POINT('Ctrl Pts',(24.7526179802301,-6.83717532467532,11.7518563427113));
#3227=CARTESIAN_POINT('Ctrl Pts',(25.3574592978249,-6.91666233766234,13.3394918485589));
#3228=CARTESIAN_POINT('Ctrl Pts',(24.3498615399184,-6.99614935064935,14.707397648371));
#3229=CARTESIAN_POINT('Ctrl Pts',(22.6542785469192,-7.07563636363638,14.6005433889828));
#3230=CARTESIAN_POINT('Ctrl Pts',(21.8263789349089,-7.15512337662337,13.1169660396912));
#3231=CARTESIAN_POINT('Ctrl Pts',(22.6257465455449,-7.2346103896104,11.6178226369561));
#3232=CARTESIAN_POINT('Ctrl Pts',(24.3189751641425,-7.3140974025974,11.4785518070614));
#3233=CARTESIAN_POINT('Ctrl Pts',(25.3525562731717,-7.39358441558442,12.8269321725207));
#3234=CARTESIAN_POINT('Ctrl Pts',(24.7781967485972,-7.47307142857142,14.4258476347727));
#3235=CARTESIAN_POINT('Ctrl Pts',(23.1228617053193,-7.55255844155845,14.8083203964089));
#3236=CARTESIAN_POINT('Ctrl Pts',(21.9052929486992,-7.63204545454545,13.6234381905333));
#3237=CARTESIAN_POINT('Ctrl Pts',(22.2425891465205,-7.71153246753248,11.9583103294268));
#3238=CARTESIAN_POINT('Ctrl Pts',(23.8252867623825,-7.79101948051948,11.3406633625901));
#3239=CARTESIAN_POINT('Ctrl Pts',(25.2012875976657,-7.87050649350651,12.3371778984589));
#3240=CARTESIAN_POINT('Ctrl Pts',(25.1081342415617,-7.9499935064935,14.033568764723));
#3241=CARTESIAN_POINT('Ctrl Pts',(23.6312933171566,-8.02948051948053,14.8734261352927));
#3242=CARTESIAN_POINT('Ctrl Pts',(22.1257413054177,-8.10896753246753,14.0861951279972));
#3243=CARTESIAN_POINT('Ctrl Pts',(21.9727966226133,-8.18845454545455,12.3941468299582));
#3244=CARTESIAN_POINT('Ctrl Pts',(23.3127834192084,-8.26794155844156,11.3497068346248));
#3245=CARTESIAN_POINT('Ctrl Pts',(24.916286553606,-8.34742857142857,11.911131109908));
#3246=CARTESIAN_POINT('Ctrl Pts',(25.3121191170736,-8.42691558441558,13.5633224125659));
#3247=CARTESIAN_POINT('Ctrl Pts',(24.1371114512964,-8.50640259740261,14.790423265915));
#3248=CARTESIAN_POINT('Ctrl Pts',(22.4693131456229,-8.58588961038961,14.4665894651788));
#3249=CARTESIAN_POINT('Ctrl Pts',(21.8389008371127,-8.66537662337663,12.8889330260083));
#3250=CARTESIAN_POINT('Ctrl Pts',(22.8242671185231,-8.74486363636363,11.504926952837));
#3251=CARTESIAN_POINT('Ctrl Pts',(24.5213551517675,-8.82435064935066,11.5843733266238));
#3252=CARTESIAN_POINT('Ctrl Pts',(25.3731154719177,-8.90383766233766,13.0543814473932));
#3253=CARTESIAN_POINT('Ctrl Pts',(24.5980724425354,-8.98332467532468,14.5662438165176));
#3254=CARTESIAN_POINT('Ctrl Pts',(22.9073148879989,-9.06281168831169,14.7328523700503));
#3255=CARTESIAN_POINT('Ctrl Pts',(21.8520841662731,-9.1422987012987,13.4013465916845));
#3256=CARTESIAN_POINT('Ctrl Pts',(22.4005365540182,-9.22178571428572,11.7933604257677));
#3257=CARTESIAN_POINT('Ctrl Pts',(24.0494762937827,-9.30127272727273,11.3841938997762));
#3258=CARTESIAN_POINT('Ctrl Pts',(25.2860291642766,-9.38075974025974,12.549250330512));
#3259=CARTESIAN_POINT('Ctrl Pts',(24.9756788922938,-9.46024675324676,14.2196102674954));
#3260=CARTESIAN_POINT('Ctrl Pts',(23.4031665907425,-9.53973376623376,14.8627467249815));
#3261=CARTESIAN_POINT('Ctrl Pts',(22.0112455935163,-9.61922077922079,13.888593103045));
#3262=CARTESIAN_POINT('Ctrl Pts',(22.0769798123368,-9.6987077922078,12.1909184620377));
#3263=CARTESIAN_POINT('Ctrl Pts',(23.5400591738063,-9.7781948051948,11.3273111484039));
#3264=CARTESIAN_POINT('Ctrl Pts',(25.0581332807772,-9.85768181818183,12.0901149084755));
#3265=CARTESIAN_POINT('Ctrl Pts',(25.2383947467412,-9.93716883116884,13.7794727504997));
#3266=CARTESIAN_POINT('Ctrl Pts',(23.9154570448388,-10.0166558441558,14.8454227003413));
#3267=CARTESIAN_POINT('Ctrl Pts',(22.3030924683862,-10.0961428571429,14.3099830577725));
#3268=CARTESIAN_POINT('Ctrl Pts',(21.8806192897742,-10.1756298701299,12.6643927483388));
#3269=CARTESIAN_POINT('Ctrl Pts',(23.0356472852286,-10.2551168831169,11.418487293848));
#3270=CARTESIAN_POINT('Ctrl Pts',(24.7084620937946,-10.3346038961039,11.7152977514586));
#3271=CARTESIAN_POINT('Ctrl Pts',(25.3642764064535,-10.4140909090909,13.2826325896271));
#3272=CARTESIAN_POINT('Ctrl Pts',(24.4014073301182,-10.4935779220779,14.6822444034996));
#3273=CARTESIAN_POINT('Ctrl Pts',(22.703240888606,-10.5730649350649,14.6304829558383));
#3274=CARTESIAN_POINT('Ctrl Pts',(21.8278736366201,-10.652551948052,13.1739346484417));
#3275=CARTESIAN_POINT('Ctrl Pts',(22.5783296985408,-10.732038961039,11.6506984686408));
#3276=CARTESIAN_POINT('Ctrl Pts',(24.2662867785305,-10.811525974026,11.4549479661185));
#3277=CARTESIAN_POINT('Ctrl Pts',(25.342709609407,-10.891012987013,12.7729686811477));
#3278=CARTESIAN_POINT('Ctrl Pts',(24.9945064861484,-10.9440043290043,13.8448379791899));
#3279=CARTESIAN_POINT('Ctrl Pts',(24.6320929590048,-10.9705,14.1884778931943));
#3280=CARTESIAN_POINT('Ctrl Pts',(22.7515018959173,1.32246152422707,11.9738779074327));
#3281=CARTESIAN_POINT('Ctrl Pts',(23.1264492256825,1.2959658532314,11.6913667121223));
#3282=CARTESIAN_POINT('Ctrl Pts',(24.1742817204734,1.24297451124006,11.5353189557068));
#3283=CARTESIAN_POINT('Ctrl Pts',(25.2286782508002,1.16348749825305,12.7382462269754));
#3284=CARTESIAN_POINT('Ctrl Pts',(24.7846165469223,1.08400048526603,14.2725928453138));
#3285=CARTESIAN_POINT('Ctrl Pts',(23.2557720216475,1.00451347227902,14.7313254521371));
#3286=CARTESIAN_POINT('Ctrl Pts',(22.0416772341338,0.925026459292007,13.6932336297451));
#3287=CARTESIAN_POINT('Ctrl Pts',(22.2578743668963,0.845539446304996,12.11091738332));
#3288=CARTESIAN_POINT('Ctrl Pts',(23.7051593480768,0.76605243331798,11.436037861675));
#3289=CARTESIAN_POINT('Ctrl Pts',(25.056113006138,0.68656542033097,12.2878308434191));
#3290=CARTESIAN_POINT('Ctrl Pts',(25.0710293925444,0.607078407343955,13.8847671897192));
#3291=CARTESIAN_POINT('Ctrl Pts',(23.7363419957956,0.527591394356943,14.7616971461091));
#3292=CARTESIAN_POINT('Ctrl Pts',(22.2765419608074,0.44810438136993,14.1140459989545));
#3293=CARTESIAN_POINT('Ctrl Pts',(22.0310032216083,0.368617368382916,12.5360259915732));
#3294=CARTESIAN_POINT('Ctrl Pts',(23.2249866710191,0.289130355395904,11.4754419757477));
#3295=CARTESIAN_POINT('Ctrl Pts',(24.7630414609125,0.20964334240889,11.9053626787572));
#3296=CARTESIAN_POINT('Ctrl Pts',(25.2340239036409,0.130156329421877,13.4313426876874));
#3297=CARTESIAN_POINT('Ctrl Pts',(24.2058179546525,0.0506693164348645,14.653321487457));
#3298=CARTESIAN_POINT('Ctrl Pts',(22.6217838966759,-0.0288176965521487,
14.4501541447778));
#3299=CARTESIAN_POINT('Ctrl Pts',(21.935246727323,-0.108304709539162,13.0082433134917));
#3300=CARTESIAN_POINT('Ctrl Pts',(22.7760923158061,-0.187791722526175,11.6505176730112));
#3301=CARTESIAN_POINT('Ctrl Pts',(24.3728592787612,-0.267278735513188,11.6226674707888));
#3302=CARTESIAN_POINT('Ctrl Pts',(25.2605409409978,-0.346765748500201,12.950244785454));
#3303=CARTESIAN_POINT('Ctrl Pts',(24.6247044909831,-0.426252761487215,14.4152199692289));
#3304=CARTESIAN_POINT('Ctrl Pts',(23.0487190550529,-0.505739774474227,14.6735031542853));
#3305=CARTESIAN_POINT('Ctrl Pts',(21.9785245332394,-0.585226787461241,13.4881239035987));
#3306=CARTESIAN_POINT('Ctrl Pts',(22.3960062278126,-0.664713800448253,11.9466475589554));
#3307=CARTESIAN_POINT('Ctrl Pts',(23.91813177353,-0.744200813435266,11.4633525026507));
#3308=CARTESIAN_POINT('Ctrl Pts',(25.148376816242,-0.82368782642228,12.4816537454492));
#3309=CARTESIAN_POINT('Ctrl Pts',(24.9580124117558,-0.903174839409291,14.0672771813239));
#3310=CARTESIAN_POINT('Ctrl Pts',(23.5216946695574,-0.982661852396308,14.7654402214062));
#3311=CARTESIAN_POINT('Ctrl Pts',(22.1572207390089,-1.06214886538332,13.9355901267233));
#3312=CARTESIAN_POINT('Ctrl Pts',(22.1164722913472,-1.14163587837033,12.3391002736647));
#3313=CARTESIAN_POINT('Ctrl Pts',(23.436835335725,-1.22112289135734,11.4407230043819));
#3314=CARTESIAN_POINT('Ctrl Pts',(24.9068991900861,-1.30060990434436,12.0647042148228));
#3315=CARTESIAN_POINT('Ctrl Pts',(25.177905220216,-1.38009691733137,13.638551735561));
#3316=CARTESIAN_POINT('Ctrl Pts',(24.0012099933845,-1.45958393031839,14.7182871800349));
#3317=CARTESIAN_POINT('Ctrl Pts',(22.4564114075664,-1.5390709433054,14.3132716048407));
#3318=CARTESIAN_POINT('Ctrl Pts',(21.9608359445927,-1.61855795629241,12.7950999256828));
#3319=CARTESIAN_POINT('Ctrl Pts',(22.9691656800881,-1.69804496927942,11.5566688894865));
#3320=CARTESIAN_POINT('Ctrl Pts',(24.5562751966298,-1.77753198226643,11.7342179514402));
#3321=CARTESIAN_POINT('Ctrl Pts',(25.2660184516104,-1.85701899525345,13.1648488608322));
#3322=CARTESIAN_POINT('Ctrl Pts',(24.4472180554193,-1.93650600824046,14.5359820411234));
#3323=CARTESIAN_POINT('Ctrl Pts',(22.8511094736452,-2.01599302122748,14.5896260723395));
#3324=CARTESIAN_POINT('Ctrl Pts',(21.9420952385007,-2.09548003421449,13.2765634663672));
#3325=CARTESIAN_POINT('Ctrl Pts',(22.5541804815687,-2.1749670472015,11.8015068769048));
#3326=CARTESIAN_POINT('Ctrl Pts',(24.1257873815693,-2.25445406018851,11.5177956878961));
#3327=CARTESIAN_POINT('Ctrl Pts',(25.2149932834374,-2.33394107317553,12.685730099682));
#3328=CARTESIAN_POINT('Ctrl Pts',(24.8224702598565,-2.41342808616254,14.2337501133954));
#3329=CARTESIAN_POINT('Ctrl Pts',(23.3083515224684,-2.49291509914955,14.7415736417874));
#3330=CARTESIAN_POINT('Ctrl Pts',(22.0618153129173,-2.57240211213657,13.7432812171062));
#3331=CARTESIAN_POINT('Ctrl Pts',(22.2265374453712,-2.65188912512358,12.1547891944703));
#3332=CARTESIAN_POINT('Ctrl Pts',(23.6513881592167,-2.73137613811059,11.4335120423628));
#3333=CARTESIAN_POINT('Ctrl Pts',(25.0290911092182,-2.81086315109761,12.2412093052373));
#3334=CARTESIAN_POINT('Ctrl Pts',(25.0956272232044,-2.89035016408462,13.8368324538642));
#3335=CARTESIAN_POINT('Ctrl Pts',(23.7899507459442,-2.96983717707163,14.7564243327037));
#3336=CARTESIAN_POINT('Ctrl Pts',(22.3099976834111,-3.04932419005864,14.1562750016226));
#3337=CARTESIAN_POINT('Ctrl Pts',(22.0135998504811,-3.12881120304566,12.5870112852472));
#3338=CARTESIAN_POINT('Ctrl Pts',(23.1726972279557,-3.20829821603267,11.4884060074383));
#3339=CARTESIAN_POINT('Ctrl Pts',(24.7238376459532,-3.28778522901969,11.868410863398));
#3340=CARTESIAN_POINT('Ctrl Pts',(25.2438760992581,-3.36727224200669,13.3783778477994));
#3341=CARTESIAN_POINT('Ctrl Pts',(24.2556861338412,-3.44675925499371,14.6329378818941));
#3342=CARTESIAN_POINT('Ctrl Pts',(22.6659152699202,-3.52624626798073,14.4810534286874));
#3343=CARTESIAN_POINT('Ctrl Pts',(21.9331512911508,-3.60573328096773,13.0620758959843));
#3344=CARTESIAN_POINT('Ctrl Pts',(22.7296927104773,-3.68522029395475,11.6778930850104));
#3345=CARTESIAN_POINT('Ctrl Pts',(24.3247262957712,-3.76470730694176,11.5984692303935));
#3346=CARTESIAN_POINT('Ctrl Pts',(25.2548358058443,-3.84419431992878,12.8966743706429));
#3347=CARTESIAN_POINT('Ctrl Pts',(24.6666615524272,-3.92368133291578,14.3814273246778));
#3348=CARTESIAN_POINT('Ctrl Pts',(23.0998434296489,-4.00316834590281,14.6904924586405));
#3349=CARTESIAN_POINT('Ctrl Pts',(21.991910470755,-4.08265535888981,13.5403077580401));
#3350=CARTESIAN_POINT('Ctrl Pts',(22.3593723600198,-4.16214237187683,11.9861481630062));
#3351=CARTESIAN_POINT('Ctrl Pts',(23.8650890511605,-4.24162938486384,11.4539287224387));
#3352=CARTESIAN_POINT('Ctrl Pts',(25.1275910373533,-4.32111639785086,12.4319517394263));
#3353=CARTESIAN_POINT('Ctrl Pts',(24.9885541753561,-4.40060341083787,14.0228976963665));
#3354=CARTESIAN_POINT('Ctrl Pts',(23.575542426108,-4.48009042382489,14.7671006817037));
#3355=CARTESIAN_POINT('Ctrl Pts',(22.1849700857749,-4.55957743681189,13.9817670881279));
#3356=CARTESIAN_POINT('Ctrl Pts',(22.0926636737189,-4.63906444979891,12.3874271578774));
#3357=CARTESIAN_POINT('Ctrl Pts',(23.3833127562375,-4.71855146278592,11.446860715412));
#3358=CARTESIAN_POINT('Ctrl Pts',(24.8727687069651,-4.79803847577293,12.0230215069799));
#3359=CARTESIAN_POINT('Ctrl Pts',(25.1944809724047,-4.87752548875994,13.5872917857885));
#3360=CARTESIAN_POINT('Ctrl Pts',(24.0532840096018,-4.95701250174696,14.7044801221881));
#3361=CARTESIAN_POINT('Ctrl Pts',(22.4962066618099,-5.03649951473397,14.3495851801397));
#3362=CARTESIAN_POINT('Ctrl Pts',(21.9518409665601,-5.11598652772099,12.8482170451597));
#3363=CARTESIAN_POINT('Ctrl Pts',(22.9196332094475,-5.195473540708,11.5778554976052));
#3364=CARTESIAN_POINT('Ctrl Pts',(24.5116504344543,-5.27496055369501,11.7040356948629));
#3365=CARTESIAN_POINT('Ctrl Pts',(25.267243859757,-5.35444756668202,13.1109894476698));
#3366=CARTESIAN_POINT('Ctrl Pts',(24.4931693427131,-5.43393457966904,14.5078605687691));
#3367=CARTESIAN_POINT('Ctrl Pts',(22.8996271139488,-5.51342159265605,14.6130435143583));
#3368=CARTESIAN_POINT('Ctrl Pts',(21.9486651203502,-5.59290860564307,13.330034717183));
#3369=CARTESIAN_POINT('Ctrl Pts',(22.5127748498812,-5.67239561863007,11.8359729714889));
#3370=CARTESIAN_POINT('Ctrl Pts',(24.0743952006192,-5.75188263161709,11.5016345694782));
#3371=CARTESIAN_POINT('Ctrl Pts',(25.2007660069408,-5.8313696446041,12.6337693200996));
#3372=CARTESIAN_POINT('Ctrl Pts',(24.8584611725121,-5.91085665759112,14.1936628059585));
#3373=CARTESIAN_POINT('Ctrl Pts',(23.361539572807,-5.99034367057813,14.750139230647));
#3374=CARTESIAN_POINT('Ctrl Pts',(22.0834013675409,-6.06983068356514,13.7926409198718));
#3375=CARTESIAN_POINT('Ctrl Pts',(22.196716665554,-6.14931769655216,12.1996563216618));
#3376=CARTESIAN_POINT('Ctrl Pts',(23.5975206042775,-6.22880470953916,11.4327217663346));
#3377=CARTESIAN_POINT('Ctrl Pts',(25.0005993464923,-6.30829172252618,12.1954866908316));
#3378=CARTESIAN_POINT('Ctrl Pts',(25.1186519613875,-6.38777873551319,13.7881272237248));
#3379=CARTESIAN_POINT('Ctrl Pts',(23.843367178564,-6.46726574850021,14.7494227087849));
#3380=CARTESIAN_POINT('Ctrl Pts',(22.3447971402032,-6.54675276148722,14.1974008550277));
#3381=CARTESIAN_POINT('Ctrl Pts',(21.9978544205077,-6.62623977447424,12.638532343527));
#3382=CARTESIAN_POINT('Ctrl Pts',(23.1208530759622,-6.70572678746125,11.5030525741144));
#3383=CARTESIAN_POINT('Ctrl Pts',(24.6834609014163,-6.78521380044826,11.8327449621486));
#3384=CARTESIAN_POINT('Ctrl Pts',(25.2520117399555,-6.86470081343527,13.3251223376454));
#3385=CARTESIAN_POINT('Ctrl Pts',(24.3048698475233,-6.94418782642229,14.6109537894688));
#3386=CARTESIAN_POINT('Ctrl Pts',(22.711021834104,-7.0236748394093,14.5105107856439));
#3387=CARTESIAN_POINT('Ctrl Pts',(21.9327961988144,-7.1031618523963,13.1159480773097));
#3388=CARTESIAN_POINT('Ctrl Pts',(22.6842017528122,-7.18264886538333,11.7067532787388));
#3389=CARTESIAN_POINT('Ctrl Pts',(24.275836654294,-7.26213587837033,11.5758386986378));
#3390=CARTESIAN_POINT('Ctrl Pts',(25.2474028967813,-7.34162289135735,12.8433162421694));
#3391=CARTESIAN_POINT('Ctrl Pts',(24.7075049436814,-7.42110990434436,14.3462967766863));
#3392=CARTESIAN_POINT('Ctrl Pts',(23.1514900030001,-7.50059691733138,14.7058211726243));
#3393=CARTESIAN_POINT('Ctrl Pts',(22.0069753717772,-7.58008393031838,13.5920318991013));
#3394=CARTESIAN_POINT('Ctrl Pts',(22.3240337977293,-7.65957094330541,12.0268117096612));
#3395=CARTESIAN_POINT('Ctrl Pts',(23.8117695566395,-7.73905795629241,11.4462235608347));
#3396=CARTESIAN_POINT('Ctrl Pts',(25.1052103418057,-7.81854496927944,12.3829472245514));
#3397=CARTESIAN_POINT('Ctrl Pts',(25.017646187068,-7.89803198226643,13.9775546388396));
#3398=CARTESIAN_POINT('Ctrl Pts',(23.6294157181272,-7.97751899525347,14.7670205671752));
#3399=CARTESIAN_POINT('Ctrl Pts',(22.2141968270927,-8.05700600824046,14.0270234203174));
#3400=CARTESIAN_POINT('Ctrl Pts',(22.0704288252565,-8.13649302122749,12.4364980201607));
#3401=CARTESIAN_POINT('Ctrl Pts',(23.3300164140558,-8.21598003421449,11.4547244245473));
#3402=CARTESIAN_POINT('Ctrl Pts',(24.8373093603897,-8.29546704720152,11.9824632433135));
#3403=CARTESIAN_POINT('Ctrl Pts',(25.2093919700492,-8.37495406018851,13.535523067812));
#3404=CARTESIAN_POINT('Ctrl Pts',(24.1048847642186,-8.45444107317554,14.6889978699601));
#3405=CARTESIAN_POINT('Ctrl Pts',(22.5371543568855,-8.53392808616255,14.3845940972681));
#3406=CARTESIAN_POINT('Ctrl Pts',(21.944566786886,-8.61341509914956,12.9015970444478));
#3407=CARTESIAN_POINT('Ctrl Pts',(22.8708110914116,-8.69290211213657,11.6006313356668));
#3408=CARTESIAN_POINT('Ctrl Pts',(24.4660738426614,-8.77238912512359,11.6753109270264));
#3409=CARTESIAN_POINT('Ctrl Pts',(25.2667285436026,-8.85187613811059,13.0571185605496));
#3410=CARTESIAN_POINT('Ctrl Pts',(24.5381880959832,-8.93136315109762,14.4782691875266));
#3411=CARTESIAN_POINT('Ctrl Pts',(22.9488759947189,-9.01085016408461,14.6348812278473));
#3412=CARTESIAN_POINT('Ctrl Pts',(21.9569591162967,-9.09033717707165,13.3832657961834));
#3413=CARTESIAN_POINT('Ctrl Pts',(22.4725043607771,-9.16982419005864,11.8717588002217));
#3414=CARTESIAN_POINT('Ctrl Pts',(24.0225077161557,-9.24931120304567,11.4871422657896));
#3415=CARTESIAN_POINT('Ctrl Pts',(25.18486741442,-9.32879821603267,12.5822953106813));
#3416=CARTESIAN_POINT('Ctrl Pts',(24.8931381587561,-9.40828522901969,14.1524336514457));
#3417=CARTESIAN_POINT('Ctrl Pts',(23.4149765952979,-9.48777224200671,14.7569819214826));
#3418=CARTESIAN_POINT('Ctrl Pts',(22.1065708579053,-9.56725925499371,13.8412775168623));
#3419=CARTESIAN_POINT('Ctrl Pts',(22.1683610235967,-9.64674626798074,12.2454633543154));
#3420=CARTESIAN_POINT('Ctrl Pts',(23.5436556233779,-9.72623328096773,11.4336724794997));
#3421=CARTESIAN_POINT('Ctrl Pts',(24.9706452839306,-9.80572029395476,12.1507080139669));
#3422=CARTESIAN_POINT('Ctrl Pts',(25.1400910619368,-9.88520730694177,13.7387043854697));
#3423=CARTESIAN_POINT('Ctrl Pts',(23.8965296221484,-9.96469431992878,14.7406973383208));
#3424=CARTESIAN_POINT('Ctrl Pts',(22.380906920283,-10.0441813329158,14.2373840743062));
#3425=CARTESIAN_POINT('Ctrl Pts',(21.9837821323878,-10.1236683459028,12.6905291834384));
#3426=CARTESIAN_POINT('Ctrl Pts',(23.0695084481149,-10.2031553588898,11.5193780562171));
#3427=CARTESIAN_POINT('Ctrl Pts',(24.641954368167,-10.2826423718768,11.7983798863711));
#3428=CARTESIAN_POINT('Ctrl Pts',(25.2584198220663,-10.3621293848638,13.2716746342495));
#3429=CARTESIAN_POINT('Ctrl Pts',(24.3533228903111,-10.4416163978509,14.5873097392897));
#3430=CARTESIAN_POINT('Ctrl Pts',(22.7570464352896,-10.5211034108379,14.538653978488));
#3431=CARTESIAN_POINT('Ctrl Pts',(21.934201218423,-10.6005904238249,13.1694985695352));
#3432=CARTESIAN_POINT('Ctrl Pts',(22.6396299166283,-10.6800774368119,11.7376565605224));
#3433=CARTESIAN_POINT('Ctrl Pts',(24.2263095718187,-10.7595644497989,11.5536510881513));
#3434=CARTESIAN_POINT('Ctrl Pts',(25.2381470328426,-10.8390514627859,12.7925905602789));
#3435=CARTESIAN_POINT('Ctrl Pts',(24.9108360969795,-10.8920428047773,13.8001477004385));
#3436=CARTESIAN_POINT('Ctrl Pts',(24.5701673814645,-10.9185384757729,14.1231692196027));
#3437=CARTESIAN_POINT('Ctrl Pts',(22.8056613493694,1.37442304845414,12.0457580410009));
#3438=CARTESIAN_POINT('Ctrl Pts',(23.1566758708517,1.34792737745847,11.7812794751783));
#3439=CARTESIAN_POINT('Ctrl Pts',(24.1376254404432,1.29493603546713,11.6351922138531));
#3440=CARTESIAN_POINT('Ctrl Pts',(25.1247200645789,1.21544902248011,12.7613368933386));
#3441=CARTESIAN_POINT('Ctrl Pts',(24.7090027247783,1.1359620094931,14.1977464934852));
#3442=CARTESIAN_POINT('Ctrl Pts',(23.2777440202658,1.05647499650609,14.6271982956177));
#3443=CARTESIAN_POINT('Ctrl Pts',(22.141144644721,0.976987983519075,13.6553676533784));
#3444=CARTESIAN_POINT('Ctrl Pts',(22.3435419604987,0.897500970532062,12.1740503162996));
#3445=CARTESIAN_POINT('Ctrl Pts',(23.6984470492634,0.818013957545049,11.5422482109298));
#3446=CARTESIAN_POINT('Ctrl Pts',(24.9631696227675,0.738526944558035,12.3396714278817));
#3447=CARTESIAN_POINT('Ctrl Pts',(24.9771338994033,0.659039931571023,13.8346756669712));
#3448=CARTESIAN_POINT('Ctrl Pts',(23.7276393152129,0.579552918584009,14.6556313708255));
#3449=CARTESIAN_POINT('Ctrl Pts',(22.3610180058622,0.500065905596997,14.0493196585957));
#3450=CARTESIAN_POINT('Ctrl Pts',(22.131151952144,0.420578892609983,12.5720243325367));
#3451=CARTESIAN_POINT('Ctrl Pts',(23.2489236920179,0.341091879622971,11.5791371687851));
#3452=CARTESIAN_POINT('Ctrl Pts',(24.6888047719181,0.261604866635957,11.981616124794));
#3453=CARTESIAN_POINT('Ctrl Pts',(25.1297245055361,0.182117853648944,13.4101931544307));
#3454=CARTESIAN_POINT('Ctrl Pts',(24.1671487235045,0.102630840661931,14.5541733074066));
#3455=CARTESIAN_POINT('Ctrl Pts',(22.68422322242,0.0231438276749182,14.3639740929835));
#3456=CARTESIAN_POINT('Ctrl Pts',(22.0415075745151,-0.056343185312095,13.0141001232689));
#3457=CARTESIAN_POINT('Ctrl Pts',(22.8286821679887,-0.135830198299108,11.7430378215424));
#3458=CARTESIAN_POINT('Ctrl Pts',(24.323527835436,-0.215317211286122,11.7169652918023));
#3459=CARTESIAN_POINT('Ctrl Pts',(25.1545489660404,-0.294804224273135,12.9598036289356));
#3460=CARTESIAN_POINT('Ctrl Pts',(24.559297821346,-0.374291237260147,14.3312697584271));
#3461=CARTESIAN_POINT('Ctrl Pts',(23.0839072004749,-0.453778250247161,14.5730667827352));
#3462=CARTESIAN_POINT('Ctrl Pts',(22.082022967288,-0.533265263234173,13.4633500374116));
#3463=CARTESIAN_POINT('Ctrl Pts',(22.4728568941223,-0.612752276221186,12.0202657998731));
#3464=CARTESIAN_POINT('Ctrl Pts',(23.8978254901133,-0.6922392892082,11.5678193641837));
#3465=CARTESIAN_POINT('Ctrl Pts',(25.0495442535031,-0.771726302195212,12.5211226553142));
#3466=CARTESIAN_POINT('Ctrl Pts',(24.8713307684522,-0.851213315182227,14.0055360846437));
#3467=CARTESIAN_POINT('Ctrl Pts',(23.5266928821389,-0.930700328169237,14.6591355264228));
#3468=CARTESIAN_POINT('Ctrl Pts',(22.2493130322636,-1.01018734115625,13.8822545867196));
#3469=CARTESIAN_POINT('Ctrl Pts',(22.2111655493463,-1.08967435414326,12.3876683413031));
#3470=CARTESIAN_POINT('Ctrl Pts',(23.4472501015298,-1.16916136713028,11.5466343019746));
#3471=CARTESIAN_POINT('Ctrl Pts',(24.8234800928466,-1.24864838011729,12.130786924515));
#3472=CARTESIAN_POINT('Ctrl Pts',(25.0771878657341,-1.3281353931043,13.6041760928656));
#3473=CARTESIAN_POINT('Ctrl Pts',(23.9756008448707,-1.40762240609132,14.6149922536497));
#3474=CARTESIAN_POINT('Ctrl Pts',(22.5294064241047,-1.48710941907833,14.2358287364466));
#3475=CARTESIAN_POINT('Ctrl Pts',(22.0654634374911,-1.56659643206534,12.8145616325541));
#3476=CARTESIAN_POINT('Ctrl Pts',(23.009431700508,-1.64608344505235,11.6551793859023));
#3477=CARTESIAN_POINT('Ctrl Pts',(24.4952363542917,-1.72557045803937,11.8213955290079));
#3478=CARTESIAN_POINT('Ctrl Pts',(25.1596768483161,-1.80505747102638,13.1607095718429));
#3479=CARTESIAN_POINT('Ctrl Pts',(24.3931403072011,-1.8845444840134,14.4443236129666));
#3480=CARTESIAN_POINT('Ctrl Pts',(22.898910996604,-1.96403149700041,14.4945435570838));
#3481=CARTESIAN_POINT('Ctrl Pts',(22.0479189466815,-2.04351850998742,13.2652934578757));
#3482=CARTESIAN_POINT('Ctrl Pts',(22.6209349189154,-2.12300552297443,11.8843894166768));
#3483=CARTESIAN_POINT('Ctrl Pts',(24.0922264848734,-2.20249253596145,11.6187874524985));
#3484=CARTESIAN_POINT('Ctrl Pts',(25.1119086057712,-2.28197954894846,12.7121728592768));
#3485=CARTESIAN_POINT('Ctrl Pts',(24.7444402432699,-2.36146656193548,14.1613830848807));
#3486=CARTESIAN_POINT('Ctrl Pts',(23.3269673827364,-2.44095357492248,14.6367923455031));
#3487=CARTESIAN_POINT('Ctrl Pts',(22.1599973142204,-2.5204405879095,13.7022207138866));
#3488=CARTESIAN_POINT('Ctrl Pts',(22.3142052680071,-2.59992760089651,12.2151217990786));
#3489=CARTESIAN_POINT('Ctrl Pts',(23.6481080639475,-2.67941461388353,11.5398836141269));
#3490=CARTESIAN_POINT('Ctrl Pts',(24.9378725277788,-2.75890162687054,12.2960257325626));
#3491=CARTESIAN_POINT('Ctrl Pts',(25.0001616557658,-2.83838863985755,13.7898005951069));
#3492=CARTESIAN_POINT('Ctrl Pts',(23.7778262302457,-2.91787565284457,14.6506951199779));
#3493=CARTESIAN_POINT('Ctrl Pts',(22.3923382568104,-2.99736266583157,14.0888531930084));
#3494=CARTESIAN_POINT('Ctrl Pts',(22.1148594344929,-3.07684967881859,12.6197552457633));
#3495=CARTESIAN_POINT('Ctrl Pts',(23.1999718729799,-3.1563366918056,11.5912737090912));
#3496=CARTESIAN_POINT('Ctrl Pts',(24.6521033281264,-3.23582370479262,11.9470229359471));
#3497=CARTESIAN_POINT('Ctrl Pts',(25.1389478376034,-3.31531071777963,13.3606090490037));
#3498=CARTESIAN_POINT('Ctrl Pts',(24.2138338274258,-3.39479773076664,14.5350907830498));
#3499=CARTESIAN_POINT('Ctrl Pts',(22.7255376994998,-3.47428474375366,14.3929010821754));
#3500=CARTESIAN_POINT('Ctrl Pts',(22.039545889588,-3.55377175674067,13.0644965834747));
#3501=CARTESIAN_POINT('Ctrl Pts',(22.7852442395958,-3.63325876972768,11.7686658668183));
#3502=CARTESIAN_POINT('Ctrl Pts',(24.2784671705093,-3.7127457827147,11.6943116199428));
#3503=CARTESIAN_POINT('Ctrl Pts',(25.1492079884499,-3.79223279570171,12.909652602304));
#3504=CARTESIAN_POINT('Ctrl Pts',(24.5985767724851,-3.87171980868873,14.2996340911877));
#3505=CARTESIAN_POINT('Ctrl Pts',(23.1317683171181,-3.95120682167573,14.5889716634081));
#3506=CARTESIAN_POINT('Ctrl Pts',(22.0945544832601,-4.03069383466275,13.5122030075269));
#3507=CARTESIAN_POINT('Ctrl Pts',(22.4385613583164,-4.11018084764976,12.0572450887718));
#3508=CARTESIAN_POINT('Ctrl Pts',(23.8481684734269,-4.18966786063677,11.5589971018575));
#3509=CARTESIAN_POINT('Ctrl Pts',(25.0300852264584,-4.26915487362379,12.4745931177608));
#3510=CARTESIAN_POINT('Ctrl Pts',(24.8999230577802,-4.3486418866108,13.9639893327686));
#3511=CARTESIAN_POINT('Ctrl Pts',(23.5771035478458,-4.42812889959782,14.6606899998928));
#3512=CARTESIAN_POINT('Ctrl Pts',(22.2752911441297,-4.50761591258482,13.9254840825028));
#3513=CARTESIAN_POINT('Ctrl Pts',(22.1888766307155,-4.58710292557184,12.4329105307788));
#3514=CARTESIAN_POINT('Ctrl Pts',(23.3971438569032,-4.66658993855886,11.5523802442155));
#3515=CARTESIAN_POINT('Ctrl Pts',(24.7915281512013,-4.74607695154586,12.091764815045));
#3516=CARTESIAN_POINT('Ctrl Pts',(25.0927055911874,-4.82556396453288,13.5561880547807));
#3517=CARTESIAN_POINT('Ctrl Pts',(24.0243509877123,-4.90505097751989,14.6020664973676));
#3518=CARTESIAN_POINT('Ctrl Pts',(22.566661555737,-4.98453799050691,14.2698244239606));
#3519=CARTESIAN_POINT('Ctrl Pts',(22.0570426069925,-5.06402500349392,12.8642882975963));
#3520=CARTESIAN_POINT('Ctrl Pts',(22.9630608769296,-5.14351201648093,11.6750136573325));
#3521=CARTESIAN_POINT('Ctrl Pts',(24.4534599811912,-5.22299902946795,11.7931397994461));
#3522=CARTESIAN_POINT('Ctrl Pts',(25.1608240389214,-5.30248604245496,13.1102879935632));
#3523=CARTESIAN_POINT('Ctrl Pts',(24.4361585336038,-5.38197305544197,14.4179971282094));
#3524=CARTESIAN_POINT('Ctrl Pts',(22.9443317662499,-5.46146006842898,14.516466268761));
#3525=CARTESIAN_POINT('Ctrl Pts',(22.0540694743704,-5.540947081416,13.3153516501288));
#3526=CARTESIAN_POINT('Ctrl Pts',(22.5821721998888,-5.620434094403,11.9166555477768));
#3527=CARTESIAN_POINT('Ctrl Pts',(24.0441146558988,-5.69992110739002,11.6036578948307));
#3528=CARTESIAN_POINT('Ctrl Pts',(25.0985894533063,-5.77940812037704,12.6635287251996));
#3529=CARTESIAN_POINT('Ctrl Pts',(24.7781338636284,-5.85889513336404,14.1238545417483));
#3530=CARTESIAN_POINT('Ctrl Pts',(23.3767604511384,-5.93838214635107,14.6448111946483));
#3531=CARTESIAN_POINT('Ctrl Pts',(22.1802055355702,-6.01786915933807,13.7484297973268));
#3532=CARTESIAN_POINT('Ctrl Pts',(22.2862879422208,-6.0973561723251,12.2571250670876));
#3533=CARTESIAN_POINT('Ctrl Pts',(23.5976788635789,-6.1768431853121,11.5391437812494));
#3534=CARTESIAN_POINT('Ctrl Pts',(24.9111993882056,-6.25633019829912,12.2532215829062));
#3535=CARTESIAN_POINT('Ctrl Pts',(25.0217167298096,-6.33581721128613,13.7442042094446));
#3536=CARTESIAN_POINT('Ctrl Pts',(23.8278331033365,-6.41530422427314,14.6441404082242));
#3537=CARTESIAN_POINT('Ctrl Pts',(22.4249164716796,-6.49479123726016,14.1273539919408));
#3538=CARTESIAN_POINT('Ctrl Pts',(22.1001190319646,-6.57427825024717,12.6679877258551));
#3539=CARTESIAN_POINT('Ctrl Pts',(23.1514369221774,-6.65376526323418,11.6049853885326));
#3540=CARTESIAN_POINT('Ctrl Pts',(24.6143038226025,-6.73325227622119,11.9136335815859));
#3541=CARTESIAN_POINT('Ctrl Pts',(25.146564182086,-6.81273928920821,13.3107528267319));
#3542=CARTESIAN_POINT('Ctrl Pts',(24.2598781551282,-6.89222630219522,14.5145099305665));
#3543=CARTESIAN_POINT('Ctrl Pts',(22.7677651212889,-6.97171331518224,14.4204781823049));
#3544=CARTESIAN_POINT('Ctrl Pts',(22.0392134627199,-7.05120032816924,13.1149301149282));
#3545=CARTESIAN_POINT('Ctrl Pts',(22.7426569600795,-7.13068734115627,11.7956839205214));
#3546=CARTESIAN_POINT('Ctrl Pts',(24.2326981444454,-7.21017435414326,11.6731255902141));
#3547=CARTESIAN_POINT('Ctrl Pts',(25.142249520391,-7.28966136713029,12.8597003118182));
#3548=CARTESIAN_POINT('Ctrl Pts',(24.6368131387656,-7.36914838011729,14.2667459185999));
#3549=CARTESIAN_POINT('Ctrl Pts',(23.1801183006809,-7.44863539310431,14.6033219488398));
#3550=CARTESIAN_POINT('Ctrl Pts',(22.1086577948553,-7.52812240609132,13.5606256076693));
#3551=CARTESIAN_POINT('Ctrl Pts',(22.405478448938,-7.60760941907834,12.0953130898956));
#3552=CARTESIAN_POINT('Ctrl Pts',(23.7982523508966,-7.68709643206535,11.5517837590793));
#3553=CARTESIAN_POINT('Ctrl Pts',(25.0091330859458,-7.76658344505237,12.4287165506439));
#3554=CARTESIAN_POINT('Ctrl Pts',(24.9271581325743,-7.84607045803936,13.9215405129562));
#3555=CARTESIAN_POINT('Ctrl Pts',(23.6275381190978,-7.92555747102641,14.6606149990576));
#3556=CARTESIAN_POINT('Ctrl Pts',(22.3026523487676,-8.00504448401339,13.9678517126376));
#3557=CARTESIAN_POINT('Ctrl Pts',(22.1680610278997,-8.08453149700043,12.4788492103632));
#3558=CARTESIAN_POINT('Ctrl Pts',(23.3472494089034,-8.16401850998742,11.5597420144698));
#3559=CARTESIAN_POINT('Ctrl Pts',(24.7583321671733,-8.24350552297445,12.053795376719));
#3560=CARTESIAN_POINT('Ctrl Pts',(25.1066648230248,-8.32299253596144,13.507723723058));
#3561=CARTESIAN_POINT('Ctrl Pts',(24.0726580771408,-8.40247954894848,14.5875724740052));
#3562=CARTESIAN_POINT('Ctrl Pts',(22.6049955681482,-8.48196656193548,14.3025987293574));
#3563=CARTESIAN_POINT('Ctrl Pts',(22.0502327366592,-8.56145357492249,12.9142610628873));
#3564=CARTESIAN_POINT('Ctrl Pts',(22.9173550643003,-8.6409405879095,11.6963357184965));
#3565=CARTESIAN_POINT('Ctrl Pts',(24.4107925335554,-8.72042760089652,11.766248527429));
#3566=CARTESIAN_POINT('Ctrl Pts',(25.1603416152875,-8.79991461388352,13.059855673706));
#3567=CARTESIAN_POINT('Ctrl Pts',(24.4783037494312,-8.87940162687056,14.3902945585355));
#3568=CARTESIAN_POINT('Ctrl Pts',(22.990437101439,-8.95888863985755,14.5369100856443));
#3569=CARTESIAN_POINT('Ctrl Pts',(22.0618340663204,-9.03837565284457,13.3651850006824));
#3570=CARTESIAN_POINT('Ctrl Pts',(22.5444721675359,-9.11786266583158,11.9501571746756));
#3571=CARTESIAN_POINT('Ctrl Pts',(23.9955391385288,-9.19734967881859,11.590090631803));
#3572=CARTESIAN_POINT('Ctrl Pts',(25.0837056645634,-9.27683669180561,12.6153402908506));
#3573=CARTESIAN_POINT('Ctrl Pts',(24.8105974252186,-9.35632370479262,14.085257035396));
#3574=CARTESIAN_POINT('Ctrl Pts',(23.4267865998533,-9.43581071777963,14.6512171179837));
#3575=CARTESIAN_POINT('Ctrl Pts',(22.2018961222944,-9.51529773076665,13.7939619306796));
#3576=CARTESIAN_POINT('Ctrl Pts',(22.2597422348564,-9.59478474375367,12.3000082465932));
#3577=CARTESIAN_POINT('Ctrl Pts',(23.5472520729496,-9.67427175674067,11.5400338105955));
#3578=CARTESIAN_POINT('Ctrl Pts',(24.8831572870839,-9.75375876972769,12.2113011194584));
#3579=CARTESIAN_POINT('Ctrl Pts',(25.0417873771323,-9.8332457827147,13.6979360204398));
#3580=CARTESIAN_POINT('Ctrl Pts',(23.8776021994581,-9.91273279570171,14.6359719763003));
#3581=CARTESIAN_POINT('Ctrl Pts',(22.4587213721799,-9.99221980868874,14.1647850908399));
#3582=CARTESIAN_POINT('Ctrl Pts',(22.0869449750013,-10.0717068216757,12.7166656185381));
#3583=CARTESIAN_POINT('Ctrl Pts',(23.1033696110012,-10.1511938346628,11.6202688185863));
#3584=CARTESIAN_POINT('Ctrl Pts',(24.5754466425393,-10.2306808476498,11.8814620212836));
#3585=CARTESIAN_POINT('Ctrl Pts',(25.152563237679,-10.3101678606368,13.2607166788718));
#3586=CARTESIAN_POINT('Ctrl Pts',(24.3052384505041,-10.3896548736238,14.4923750750797));
#3587=CARTESIAN_POINT('Ctrl Pts',(22.8108519819732,-10.4691418866108,14.4468250011377));
#3588=CARTESIAN_POINT('Ctrl Pts',(22.0405288002258,-10.5486288995978,13.1650624906287));
#3589=CARTESIAN_POINT('Ctrl Pts',(22.7009301347159,-10.6281159125848,11.8246146524039));
#3590=CARTESIAN_POINT('Ctrl Pts',(24.1863323651068,-10.7076029255718,11.6523542101842));
#3591=CARTESIAN_POINT('Ctrl Pts',(25.1335844562782,-10.7870899385589,12.81221243941));
#3592=CARTESIAN_POINT('Ctrl Pts',(24.8271657078106,-10.8400812805502,13.7554574216871));
#3593=CARTESIAN_POINT('Ctrl Pts',(24.5082418039242,-10.8665769515459,14.057860546011));
#3594=CARTESIAN_POINT('Ctrl Pts',(22.8598208028215,1.42638457268121,12.117638174569));
#3595=CARTESIAN_POINT('Ctrl Pts',(23.1869025160209,1.39988890168554,11.8711922382344));
#3596=CARTESIAN_POINT('Ctrl Pts',(24.100969160413,1.3468975596942,11.7350654719995));
#3597=CARTESIAN_POINT('Ctrl Pts',(25.0207618783577,1.26741054670718,12.7844275597019));
#3598=CARTESIAN_POINT('Ctrl Pts',(24.6333889026343,1.18792353372017,14.1229001416567));
#3599=CARTESIAN_POINT('Ctrl Pts',(23.299716018884,1.10843652073315,14.5230711390983));
#3600=CARTESIAN_POINT('Ctrl Pts',(22.2406120553083,1.02894950774614,13.6175016770117));
#3601=CARTESIAN_POINT('Ctrl Pts',(22.429209554101,0.949462494759129,12.2371832492791));
#3602=CARTESIAN_POINT('Ctrl Pts',(23.6917347504501,0.869975481772115,11.6484585601846));
#3603=CARTESIAN_POINT('Ctrl Pts',(24.8702262393969,0.790488468785102,12.3915120123443));
#3604=CARTESIAN_POINT('Ctrl Pts',(24.8832384062622,0.711001455798089,13.7845841442232));
#3605=CARTESIAN_POINT('Ctrl Pts',(23.7189366346302,0.631514442811076,14.5495655955419));
#3606=CARTESIAN_POINT('Ctrl Pts',(22.4454940509171,0.552027429824063,13.9845933182369));
#3607=CARTESIAN_POINT('Ctrl Pts',(22.2313006826796,0.47254041683705,12.6080226735001));
#3608=CARTESIAN_POINT('Ctrl Pts',(23.2728607130167,0.393053403850037,11.6828323618225));
#3609=CARTESIAN_POINT('Ctrl Pts',(24.6145680829237,0.313566390863024,12.0578695708307));
#3610=CARTESIAN_POINT('Ctrl Pts',(25.0254251074314,0.234079377876011,13.3890436211741));
#3611=CARTESIAN_POINT('Ctrl Pts',(24.1284794923564,0.154592364888998,14.4550251273562));
#3612=CARTESIAN_POINT('Ctrl Pts',(22.746662548164,0.0751053519019848,14.2777940411891));
#3613=CARTESIAN_POINT('Ctrl Pts',(22.1477684217073,-0.00438166108502813,
13.019956933046));
#3614=CARTESIAN_POINT('Ctrl Pts',(22.8812720201713,-0.0838686740720415,
11.8355579700736));
#3615=CARTESIAN_POINT('Ctrl Pts',(24.2741963921108,-0.163355687059055,11.8112631128157));
#3616=CARTESIAN_POINT('Ctrl Pts',(25.0485569910831,-0.242842700046068,12.9693624724173));
#3617=CARTESIAN_POINT('Ctrl Pts',(24.4938911517088,-0.322329713033081,14.2473195476252));
#3618=CARTESIAN_POINT('Ctrl Pts',(23.1190953458971,-0.401816726020094,14.4726304111851));
#3619=CARTESIAN_POINT('Ctrl Pts',(22.1855214013365,-0.481303739007106,13.4385761712244));
#3620=CARTESIAN_POINT('Ctrl Pts',(22.5497075604322,-0.56079075199412,12.0938840407908));
#3621=CARTESIAN_POINT('Ctrl Pts',(23.8775192066964,-0.640277764981133,11.6722862257166));
#3622=CARTESIAN_POINT('Ctrl Pts',(24.9507116907643,-0.719764777968146,12.5605915651791));
#3623=CARTESIAN_POINT('Ctrl Pts',(24.7846491251486,-0.799251790955159,13.9437949879635));
#3624=CARTESIAN_POINT('Ctrl Pts',(23.5316910947203,-0.878738803942171,14.5528308314394));
#3625=CARTESIAN_POINT('Ctrl Pts',(22.3414053255184,-0.958225816929186,13.828919046716));
#3626=CARTESIAN_POINT('Ctrl Pts',(22.3058588073454,-1.0377128299162,12.4362364089415));
#3627=CARTESIAN_POINT('Ctrl Pts',(23.4576648673345,-1.11719984290321,11.6525455995672));
#3628=CARTESIAN_POINT('Ctrl Pts',(24.740060995607,-1.19668685589022,12.1968696342071));
#3629=CARTESIAN_POINT('Ctrl Pts',(24.9764705112522,-1.27617386887724,13.5698004501702));
#3630=CARTESIAN_POINT('Ctrl Pts',(23.9499916963568,-1.35566088186425,14.5116973272645));
#3631=CARTESIAN_POINT('Ctrl Pts',(22.602401440643,-1.43514789485126,14.1583858680525));
#3632=CARTESIAN_POINT('Ctrl Pts',(22.1700909303894,-1.51463490783828,12.8340233394254));
#3633=CARTESIAN_POINT('Ctrl Pts',(23.0496977209279,-1.59412192082529,11.753689882318));
#3634=CARTESIAN_POINT('Ctrl Pts',(24.4341975119536,-1.6736089338123,11.9085731065755));
#3635=CARTESIAN_POINT('Ctrl Pts',(25.0533352450219,-1.75309594679932,13.1565702828536));
#3636=CARTESIAN_POINT('Ctrl Pts',(24.3390625589828,-1.83258295978633,14.3526651848098));
#3637=CARTESIAN_POINT('Ctrl Pts',(22.9467125195629,-1.91206997277334,14.3994610418281));
#3638=CARTESIAN_POINT('Ctrl Pts',(22.1537426548624,-1.99155698576036,13.2540234493841));
#3639=CARTESIAN_POINT('Ctrl Pts',(22.6876893562621,-2.07104399874737,11.9672719564488));
#3640=CARTESIAN_POINT('Ctrl Pts',(24.0586655881775,-2.15053101173438,11.7197792171009));
#3641=CARTESIAN_POINT('Ctrl Pts',(25.008823928105,-2.2300180247214,12.7386156188716));
#3642=CARTESIAN_POINT('Ctrl Pts',(24.6664102266833,-2.30950503770841,14.0890160563661));
#3643=CARTESIAN_POINT('Ctrl Pts',(23.3455832430044,-2.38899205069542,14.5320110492188));
#3644=CARTESIAN_POINT('Ctrl Pts',(22.2581793155235,-2.46847906368244,13.6611602106671));
#3645=CARTESIAN_POINT('Ctrl Pts',(22.401873090643,-2.54796607666944,12.2754544036868));
#3646=CARTESIAN_POINT('Ctrl Pts',(23.6448279686783,-2.62745308965647,11.6462551858909));
#3647=CARTESIAN_POINT('Ctrl Pts',(24.8466539463393,-2.70694010264347,12.3508421598879));
#3648=CARTESIAN_POINT('Ctrl Pts',(24.9046960883272,-2.78642711563049,13.7427687363496));
#3649=CARTESIAN_POINT('Ctrl Pts',(23.7657017145471,-2.8659141286175,14.5449659072521));
#3650=CARTESIAN_POINT('Ctrl Pts',(22.4746788302097,-2.94540114160451,14.0214313843942));
#3651=CARTESIAN_POINT('Ctrl Pts',(22.2161190185047,-3.02488815459153,12.6524992062794));
#3652=CARTESIAN_POINT('Ctrl Pts',(23.227246518004,-3.10437516757854,11.6941414107441));
#3653=CARTESIAN_POINT('Ctrl Pts',(24.5803690102995,-3.18386218056555,12.0256350084961));
#3654=CARTESIAN_POINT('Ctrl Pts',(25.0340195759486,-3.26334919355257,13.342840250208));
#3655=CARTESIAN_POINT('Ctrl Pts',(24.1719815210104,-3.34283620653958,14.4372436842054));
#3656=CARTESIAN_POINT('Ctrl Pts',(22.7851601290793,-3.42232321952659,14.3047487356635));
#3657=CARTESIAN_POINT('Ctrl Pts',(22.1459404880252,-3.5018102325136,13.066917270965));
#3658=CARTESIAN_POINT('Ctrl Pts',(22.8407957687142,-3.58129724550061,11.8594386486261));
#3659=CARTESIAN_POINT('Ctrl Pts',(24.2322080452473,-3.66078425848763,11.7901540094922));
#3660=CARTESIAN_POINT('Ctrl Pts',(25.0435801710556,-3.74027127147464,12.9226308339651));
#3661=CARTESIAN_POINT('Ctrl Pts',(24.5304919925429,-3.81975828446166,14.2178408576977));
#3662=CARTESIAN_POINT('Ctrl Pts',(23.1636932045873,-3.89924529744867,14.4874508681757));
#3663=CARTESIAN_POINT('Ctrl Pts',(22.1971984957651,-3.97873231043568,13.4840982570137));
#3664=CARTESIAN_POINT('Ctrl Pts',(22.5177503566129,-4.05821932342269,12.1283420145373));
#3665=CARTESIAN_POINT('Ctrl Pts',(23.8312478956933,-4.13770633640971,11.6640654812763));
#3666=CARTESIAN_POINT('Ctrl Pts',(24.9325794155635,-4.21719334939672,12.5172344960953));
#3667=CARTESIAN_POINT('Ctrl Pts',(24.8112919402043,-4.29668036238373,13.9050809691707));
#3668=CARTESIAN_POINT('Ctrl Pts',(23.5786646695836,-4.37616737537075,14.5542793180819));
#3669=CARTESIAN_POINT('Ctrl Pts',(22.3656122024845,-4.45565438835775,13.8692010768776));
#3670=CARTESIAN_POINT('Ctrl Pts',(22.2850895877122,-4.53514140134478,12.4783939036802));
#3671=CARTESIAN_POINT('Ctrl Pts',(23.4109749575689,-4.61462841433178,11.657899773019));
#3672=CARTESIAN_POINT('Ctrl Pts',(24.7102875954376,-4.6941154273188,12.1605081231101));
#3673=CARTESIAN_POINT('Ctrl Pts',(24.9909302099701,-4.77360244030581,13.5250843237729));
#3674=CARTESIAN_POINT('Ctrl Pts',(23.9954179658228,-4.85308945329282,14.4996528725471));
#3675=CARTESIAN_POINT('Ctrl Pts',(22.637116449664,-4.93257646627984,14.1900636677814));
#3676=CARTESIAN_POINT('Ctrl Pts',(22.1622442474248,-5.01206347926685,12.8803595500329));
#3677=CARTESIAN_POINT('Ctrl Pts',(23.0064885444117,-5.09155049225387,11.7721718170598));
#3678=CARTESIAN_POINT('Ctrl Pts',(24.3952695279282,-5.17103750524087,11.8822439040293));
#3679=CARTESIAN_POINT('Ctrl Pts',(25.0544042180859,-5.25052451822789,13.1095865394566));
#3680=CARTESIAN_POINT('Ctrl Pts',(24.3791477244944,-5.3300115312149,14.3281336876497));
#3681=CARTESIAN_POINT('Ctrl Pts',(22.989036418551,-5.40949854420193,14.4198890231636));
#3682=CARTESIAN_POINT('Ctrl Pts',(22.1594738283906,-5.48898555718892,13.3006685830746));
#3683=CARTESIAN_POINT('Ctrl Pts',(22.6515695498963,-5.56847257017595,11.9973381240648));
#3684=CARTESIAN_POINT('Ctrl Pts',(24.0138341111784,-5.64795958316296,11.7056812201831));
#3685=CARTESIAN_POINT('Ctrl Pts',(24.9964128996718,-5.72744659614997,12.6932881302997));
#3686=CARTESIAN_POINT('Ctrl Pts',(24.6978065547446,-5.80693360913698,14.0540462775382));
#3687=CARTESIAN_POINT('Ctrl Pts',(23.3919813294699,-5.886420622124,14.5394831586496));
#3688=CARTESIAN_POINT('Ctrl Pts',(22.2770097035995,-5.96590763511101,13.7042186747818));
#3689=CARTESIAN_POINT('Ctrl Pts',(22.3758592188876,-6.04539464809802,12.3145938125135));
#3690=CARTESIAN_POINT('Ctrl Pts',(23.5978371228803,-6.12488166108504,11.6455657961642));
#3691=CARTESIAN_POINT('Ctrl Pts',(24.8217994299189,-6.20436867407205,12.3109564749808));
#3692=CARTESIAN_POINT('Ctrl Pts',(24.9247814982316,-6.28385568705906,13.7002811951642));
#3693=CARTESIAN_POINT('Ctrl Pts',(23.8122990281091,-6.36334270004607,14.5388581076634));
#3694=CARTESIAN_POINT('Ctrl Pts',(22.505035803156,-6.44282971303309,14.0573071288539));
#3695=CARTESIAN_POINT('Ctrl Pts',(22.2023836434216,-6.52231672602011,12.6974431081832));
#3696=CARTESIAN_POINT('Ctrl Pts',(23.1820207683925,-6.60180373900711,11.7069182029509));
#3697=CARTESIAN_POINT('Ctrl Pts',(24.5451467437887,-6.68129075199413,11.9945222010233));
#3698=CARTESIAN_POINT('Ctrl Pts',(25.0411166242164,-6.76077776498114,13.2963833158183));
#3699=CARTESIAN_POINT('Ctrl Pts',(24.2148864627331,-6.84026477796815,14.4180660716642));
#3700=CARTESIAN_POINT('Ctrl Pts',(22.8245084084737,-6.91975179095516,14.3304455789659));
#3701=CARTESIAN_POINT('Ctrl Pts',(22.1456307266254,-6.99923880394218,13.1139121525468));
#3702=CARTESIAN_POINT('Ctrl Pts',(22.8011121673468,-7.0787258169292,11.884614562304));
#3703=CARTESIAN_POINT('Ctrl Pts',(24.1895596345969,-7.1582128299162,11.7704124817904));
#3704=CARTESIAN_POINT('Ctrl Pts',(25.0370961440007,-7.23769984290322,12.876084381467));
#3705=CARTESIAN_POINT('Ctrl Pts',(24.5661213338497,-7.31718685589022,14.1871950605136));
#3706=CARTESIAN_POINT('Ctrl Pts',(23.2087465983618,-7.39667386887725,14.5008227250553));
#3707=CARTESIAN_POINT('Ctrl Pts',(22.2103402179333,-7.47616088186425,13.5292193162373));
#3708=CARTESIAN_POINT('Ctrl Pts',(22.4869231001468,-7.55564789485127,12.16381447013));
#3709=CARTESIAN_POINT('Ctrl Pts',(23.7847351451536,-7.63513490783828,11.6573439573239));
#3710=CARTESIAN_POINT('Ctrl Pts',(24.9130558300859,-7.7146219208253,12.4744858767363));
#3711=CARTESIAN_POINT('Ctrl Pts',(24.8366700780806,-7.7941089338123,13.8655263870728));
#3712=CARTESIAN_POINT('Ctrl Pts',(23.6256605200684,-7.87359594679934,14.5542094309401));
#3713=CARTESIAN_POINT('Ctrl Pts',(22.3911078704426,-7.95308295978632,13.9086800049577));
#3714=CARTESIAN_POINT('Ctrl Pts',(22.2656932305429,-8.03256997277336,12.5212004005657));
#3715=CARTESIAN_POINT('Ctrl Pts',(23.3644824037508,-8.11205698576035,11.6647596043923));
#3716=CARTESIAN_POINT('Ctrl Pts',(24.6793549739569,-8.19154399874739,12.1251275101245));
#3717=CARTESIAN_POINT('Ctrl Pts',(25.0039376760004,-8.27103101173438,13.4799243783041));
#3718=CARTESIAN_POINT('Ctrl Pts',(24.040431390063,-8.35051802472141,14.4861470780503));
#3719=CARTESIAN_POINT('Ctrl Pts',(22.6728367794108,-8.4300050377084,14.2206033614466));
#3720=CARTESIAN_POINT('Ctrl Pts',(22.1558986864324,-8.50949205069544,12.9269250813268));
#3721=CARTESIAN_POINT('Ctrl Pts',(22.9638990371889,-8.58897906368243,11.7920401013263));
#3722=CARTESIAN_POINT('Ctrl Pts',(24.3555112244493,-8.66846607666946,11.8571861278315));
#3723=CARTESIAN_POINT('Ctrl Pts',(25.0539546869725,-8.74795308965646,13.0625927868625));
#3724=CARTESIAN_POINT('Ctrl Pts',(24.418419402879,-8.82744010264348,14.3023199295444));
#3725=CARTESIAN_POINT('Ctrl Pts',(23.0319982081591,-8.90692711563049,14.4389389434413));
#3726=CARTESIAN_POINT('Ctrl Pts',(22.166709016344,-8.9864141286175,13.3471042051813));
#3727=CARTESIAN_POINT('Ctrl Pts',(22.6164399742949,-9.06590114160452,12.0285555491296));
#3728=CARTESIAN_POINT('Ctrl Pts',(23.9685705609018,-9.14538815459153,11.6930389978164));
#3729=CARTESIAN_POINT('Ctrl Pts',(24.9825439147068,-9.22487516757854,12.6483852710199));
#3730=CARTESIAN_POINT('Ctrl Pts',(24.7280566916809,-9.30436218056556,14.0180804193462));
#3731=CARTESIAN_POINT('Ctrl Pts',(23.4385966044088,-9.38384919355257,14.5454523144849));
#3732=CARTESIAN_POINT('Ctrl Pts',(22.2972213866834,-9.46333620653958,13.7466463444969));
#3733=CARTESIAN_POINT('Ctrl Pts',(22.3511234461162,-9.5428232195266,12.3545531388709));
#3734=CARTESIAN_POINT('Ctrl Pts',(23.5508485225212,-9.62231023251361,11.6463951416912));
#3735=CARTESIAN_POINT('Ctrl Pts',(24.7956692902373,-9.70179724550063,12.2718942249499));
#3736=CARTESIAN_POINT('Ctrl Pts',(24.9434836923278,-9.78128425848763,13.6571676554098));
#3737=CARTESIAN_POINT('Ctrl Pts',(23.8586747767678,-9.86077127147465,14.5312466142798));
#3738=CARTESIAN_POINT('Ctrl Pts',(22.5365358240767,-9.94025828446166,14.0921861073735));
#3739=CARTESIAN_POINT('Ctrl Pts',(22.1901078176149,-10.0197452974487,12.7428020536378));
#3740=CARTESIAN_POINT('Ctrl Pts',(23.1372307738874,-10.0992323104357,11.7211595809554));
#3741=CARTESIAN_POINT('Ctrl Pts',(24.5089389169116,-10.1787193234227,11.964544156196));
#3742=CARTESIAN_POINT('Ctrl Pts',(25.0467066532918,-10.2582063364097,13.2497587234942));
#3743=CARTESIAN_POINT('Ctrl Pts',(24.257154010697,-10.3376933493967,14.3974404108697));
#3744=CARTESIAN_POINT('Ctrl Pts',(22.8646575286569,-10.4171803623837,14.3549960237874));
#3745=CARTESIAN_POINT('Ctrl Pts',(22.1468563820285,-10.4966673753707,13.1606264117222));
#3746=CARTESIAN_POINT('Ctrl Pts',(22.7622303528034,-10.5761543883578,11.9115727442855));
#3747=CARTESIAN_POINT('Ctrl Pts',(24.146355158395,-10.6556414013448,11.7510573322171));
#3748=CARTESIAN_POINT('Ctrl Pts',(25.0290218797137,-10.7351284143318,12.8318343185411));
#3749=CARTESIAN_POINT('Ctrl Pts',(24.7434953186417,-10.7881197563231,13.7107671429357));
#3750=CARTESIAN_POINT('Ctrl Pts',(24.4463162263839,-10.8146154273188,13.9925518724194));
#3751=CARTESIAN_POINT('Ctrl Pts',(24.5983067963822,-10.7005,12.3852190132046));
#3752=CARTESIAN_POINT('Ctrl Pts',(24.729585821202,-10.7287445701889,12.5191118887693));
#3753=CARTESIAN_POINT('Ctrl Pts',(24.8308612497937,-10.7558976304033,12.6806233220724));
#3754=CARTESIAN_POINT('Ctrl Pts',(24.8911638495707,-10.7824317080018,12.8562132522534));
#3755=CARTESIAN_POINT('Ctrl Pts',(25.0433579027271,-10.8493994478905,13.2993739661616));
#3756=CARTESIAN_POINT('Ctrl Pts',(24.9331429716396,-10.9113898319511,13.8215647451008));
#3757=CARTESIAN_POINT('Ctrl Pts',(24.6320929590048,-10.9705,14.1884778931943));
#3758=CARTESIAN_POINT('Ctrl Pts',(22.6973424424652,1.27050000000001,11.9019977738646));
#3759=CARTESIAN_POINT('Ctrl Pts',(23.1009216479612,1.25392458090498,11.6186671724206));
#3760=CARTESIAN_POINT('Ctrl Pts',(23.6507175281729,1.2371649093065,11.5529803801648));
#3761=CARTESIAN_POINT('Ctrl Pts',(24.1017659769531,1.22010725303718,11.7375941008988));
#3762=CARTESIAN_POINT('Ctrl Pts',(24.537679850015,1.2036219529994,11.9160132535268));
#3763=CARTESIAN_POINT('Ctrl Pts',(24.8823154872635,1.18682113984468,12.3310565804818));
#3764=CARTESIAN_POINT('Ctrl Pts',(24.9683873413049,1.16971450607436,12.7958274228079));
#3765=CARTESIAN_POINT('Ctrl Pts',(25.0515155902322,1.15319290878561,13.2447033847045));
#3766=CARTESIAN_POINT('Ctrl Pts',(24.8925283833449,1.13641536882034,13.7388998296343));
#3767=CARTESIAN_POINT('Ctrl Pts',(24.560264866991,1.11932175911154,14.0502246906489));
#3768=CARTESIAN_POINT('Ctrl Pts',(24.2400359031625,1.10284727829822,14.3502733952155));
#3769=CARTESIAN_POINT('Ctrl Pts',(23.7563865037004,1.08603085065022,14.4798011295277));
#3770=CARTESIAN_POINT('Ctrl Pts',(23.3313175682929,1.06892901214872,14.3725108164164));
#3771=CARTESIAN_POINT('Ctrl Pts',(22.921996568127,1.05246076180856,14.2691953901108));
#3772=CARTESIAN_POINT('Ctrl Pts',(22.5660875797888,1.03570718022821,13.946084331102));
#3773=CARTESIAN_POINT('Ctrl Pts',(22.4316780423537,1.01853626518589,13.5448050454262));
#3774=CARTESIAN_POINT('Ctrl Pts',(22.3848716578598,1.01255671591491,13.4050647197527));
#3775=CARTESIAN_POINT('Ctrl Pts',(22.3652827659957,1.00656953193944,13.2569701307886));
#3776=CARTESIAN_POINT('Ctrl Pts',(22.3713679579401,1.0005,13.1085699664182));
#3777=CARTESIAN_POINT('Origin',(23.6,-10.95,13.1));
#3778=CARTESIAN_POINT('',(24.8295,-10.7,13.1));
#3779=CARTESIAN_POINT('Origin',(23.6,-10.7,13.1));
#3780=CARTESIAN_POINT('Origin',(23.6,1.25,13.1));
#3781=CARTESIAN_POINT('',(24.8295,1.,13.1));
#3782=CARTESIAN_POINT('Origin',(23.6,1.,13.1));
#3783=CARTESIAN_POINT('Origin',(23.6,-10.95,13.1));
#3784=CARTESIAN_POINT('Origin',(23.6,1.5,13.1));
#3785=CARTESIAN_POINT('Origin',(23.6,1.25,13.1));
#3786=CARTESIAN_POINT('',(25.3295,1.5,13.1));
#3787=CARTESIAN_POINT('Origin',(23.6,1.5,13.1));
#3788=CARTESIAN_POINT('Origin',(23.6,1.5,13.1));
#3789=CARTESIAN_POINT('Origin',(-23.6,-11.1,-13.1));
#3790=CARTESIAN_POINT('',(-21.5,-11.1,-13.1));
#3791=CARTESIAN_POINT('Origin',(-23.6,-11.1,-13.1));
#3792=CARTESIAN_POINT('',(-21.6,-11.2,-13.1));
#3793=CARTESIAN_POINT('Origin',(-23.6,-11.2,-13.1));
#3794=CARTESIAN_POINT('Origin',(-23.6,-11.2,-13.1));
#3795=CARTESIAN_POINT('',(-21.8705,-11.2,-13.1));
#3796=CARTESIAN_POINT('Origin',(-23.6,-11.2,-13.1));
#3797=CARTESIAN_POINT('Origin',(-23.6,1.5,-13.1));
#3798=CARTESIAN_POINT('',(-21.5,1.5,-13.1));
#3799=CARTESIAN_POINT('Origin',(-23.6,1.5,-13.1));
#3800=CARTESIAN_POINT('Origin',(-23.6,2.4058845726812,-13.1));
#3801=CARTESIAN_POINT('',(-22.5679070409951,-10.9705,-12.0115221068058));
#3802=CARTESIAN_POINT('',(-23.5739027365894,-10.9705,-14.5997729604318));
#3803=CARTESIAN_POINT('Origin',(-23.6,-10.9705,-13.1));
#3804=CARTESIAN_POINT('',(-24.5026575575348,1.27050000000001,-14.2980022261354));
#3805=CARTESIAN_POINT('Ctrl Pts',(-24.5026575575348,1.27050000000001,-14.2980022261354));
#3806=CARTESIAN_POINT('Ctrl Pts',(-24.1037774194867,1.24400432900433,-14.5985460509337));
#3807=CARTESIAN_POINT('Ctrl Pts',(-22.9890625404669,1.191012987013,-14.7645548908112));
#3808=CARTESIAN_POINT('Ctrl Pts',(-21.86736328833,1.11152597402598,-13.4848440781279));
#3809=CARTESIAN_POINT('Ctrl Pts',(-22.339769879037,1.03203896103897,-11.8525610249486));
#3810=CARTESIAN_POINT('Ctrl Pts',(-23.9661998294298,0.952551948051954,-11.3645473417697));
#3811=CARTESIAN_POINT('Ctrl Pts',(-25.257790214787,0.873064935064941,-12.4689004651823));
#3812=CARTESIAN_POINT('Ctrl Pts',(-25.0277931332588,0.793577922077929,-14.1522154910005));
#3813=CARTESIAN_POINT('Ctrl Pts',(-23.4881283876364,0.714090909090915,-14.8701724519441));
#3814=CARTESIAN_POINT('Ctrl Pts',(-22.0509436365924,0.634603896103902,-13.9640097081064));
#3815=CARTESIAN_POINT('Ctrl Pts',(-22.035075169916,0.555116883116889,-12.2651413158464));
#3816=CARTESIAN_POINT('Ctrl Pts',(-23.4549553216766,0.475629870129876,-11.3322371270641));
#3817=CARTESIAN_POINT('Ctrl Pts',(-25.0079340472852,0.396142857142863,-12.0212276929028));
#3818=CARTESIAN_POINT('Ctrl Pts',(-25.269145459029,0.316655844155849,-13.6999723315016));
#3819=CARTESIAN_POINT('Ctrl Pts',(-23.9989503396212,0.237168831168837,-14.828253168004));
#3820=CARTESIAN_POINT('Ctrl Pts',(-22.3627218850145,0.157681818181824,-14.3708907305931));
#3821=CARTESIAN_POINT('Ctrl Pts',(-21.8616767485198,0.0781948051948105,
-12.7475077892787));
#3822=CARTESIAN_POINT('Ctrl Pts',(-22.9555128325209,-0.00129220779220221,
-11.4475303798989));
#3823=CARTESIAN_POINT('Ctrl Pts',(-24.6406553992843,-0.0807792207792153,
-11.6636658447076));
#3824=CARTESIAN_POINT('Ctrl Pts',(-25.3710140689485,-0.160266233766229,
-13.197613493467));
#3825=CARTESIAN_POINT('Ctrl Pts',(-24.4764975112346,-0.239753246753242,
-14.6420024312414));
#3826=CARTESIAN_POINT('Ctrl Pts',(-22.77780930151,-0.319240259740255,-14.6716303050831));
#3827=CARTESIAN_POINT('Ctrl Pts',(-21.8334671347893,-0.398727272727268,
-13.2593140534544));
#3828=CARTESIAN_POINT('Ctrl Pts',(-22.5098888706827,-0.478214285714281,
-11.7008298601524));
#3829=CARTESIAN_POINT('Ctrl Pts',(-24.1864690735286,-0.557701298701294,
-11.4260605222409));
#3830=CARTESIAN_POINT('Ctrl Pts',(-25.3249738512663,-0.637188311688307,
-12.6871022420723));
#3831=CARTESIAN_POINT('Ctrl Pts',(-24.8808444017121,-0.716675324675319,
-14.3269706467238));
#3832=CARTESIAN_POINT('Ctrl Pts',(-23.2615619527727,-0.796162337662334,
-14.8411143088771));
#3833=CARTESIAN_POINT('Ctrl Pts',(-21.9527906683274,-0.875649350649346,
-13.7578151455233));
#3834=CARTESIAN_POINT('Ctrl Pts',(-22.1553059864324,-0.95513636363636,-12.0709817515493));
#3835=CARTESIAN_POINT('Ctrl Pts',(-23.6833035406316,-1.03462337662337,-11.3282551344952));
#3836=CARTESIAN_POINT('Ctrl Pts',(-25.1348715101641,-1.11411038961039,-12.2110743588032));
#3837=CARTESIAN_POINT('Ctrl Pts',(-25.1782209213253,-1.1935974025974,-13.9094677707258));
#3838=CARTESIAN_POINT('Ctrl Pts',(-23.7735794250946,-1.27308441558441,-14.8651882425143));
#3839=CARTESIAN_POINT('Ctrl Pts',(-22.2096817526045,-1.35257142857142,-14.2013784632376));
#3840=CARTESIAN_POINT('Ctrl Pts',(-21.9213774735124,-1.43205844155844,-12.5270726381982));
#3841=CARTESIAN_POINT('Ctrl Pts',(-23.1731808703598,-1.51154545454545,-11.3784179430239));
#3842=CARTESIAN_POINT('Ctrl Pts',(-24.8165835740315,-1.59103246753246,-11.8092855638347));
#3843=CARTESIAN_POINT('Ctrl Pts',(-25.3437914982237,-1.67051948051948,-13.4243617718728));
#3844=CARTESIAN_POINT('Ctrl Pts',(-24.2711003210577,-1.75000649350649,-14.7418415597753));
#3845=CARTESIAN_POINT('Ctrl Pts',(-22.5826859902495,-1.8294935064935,-14.5529595843983));
#3846=CARTESIAN_POINT('Ctrl Pts',(-21.8276399959977,-1.90898051948052,-13.0310118521598));
#3847=CARTESIAN_POINT('Ctrl Pts',(-22.6987042222477,-1.98846753246753,-11.5723595745938));
#3848=CARTESIAN_POINT('Ctrl Pts',(-24.3966920264325,-2.06795454545454,-11.5152914579178));
#3849=CARTESIAN_POINT('Ctrl Pts',(-25.3637284190256,-2.14744155844155,-12.9121665305359));
#3850=CARTESIAN_POINT('Ctrl Pts',(-24.7125739238247,-2.22692857142857,-14.481375623194));
#3851=CARTESIAN_POINT('Ctrl Pts',(-23.0406517377994,-2.30641558441558,-14.7831960283647));
#3852=CARTESIAN_POINT('Ctrl Pts',(-21.8819220882397,-2.38590259740259,-13.5407126472554));
#3853=CARTESIAN_POINT('Ctrl Pts',(-22.2994997609075,-2.46538961038961,-11.8938828927299));
#3854=CARTESIAN_POINT('Ctrl Pts',(-23.9102643288887,-2.54487662337662,-11.3536451120838));
#3855=CARTESIAN_POINT('Ctrl Pts',(-25.2363666413893,-2.62436363636363,-12.4156582993287));
#3856=CARTESIAN_POINT('Ctrl Pts',(-25.0611303353008,-2.70385064935065,-14.1055433812587));
#3857=CARTESIAN_POINT('Ctrl Pts',(-23.5453317470843,-2.78333766233766,-14.8728594784846));
#3858=CARTESIAN_POINT('Ctrl Pts',(-22.0796903530058,-2.86282467532467,-14.013607095849));
#3859=CARTESIAN_POINT('Ctrl Pts',(-22.0089072550534,-2.94231168831168,-12.3161357098912));
#3860=CARTESIAN_POINT('Ctrl Pts',(-23.3979247441609,-3.0217987012987,-11.3378465051798));
#3861=CARTESIAN_POINT('Ctrl Pts',(-24.9723428505743,-3.10128571428571,-11.9763032220359));
#3862=CARTESIAN_POINT('Ctrl Pts',(-25.287659685061,-3.18077272727272,-13.6457326595955));
#3863=CARTESIAN_POINT('Ctrl Pts',(-24.0545774040129,-3.26025974025974,-14.814461644975));
#3864=CARTESIAN_POINT('Ctrl Pts',(-22.404428070557,-3.33974675324675,-14.4102011715219));
#3865=CARTESIAN_POINT('Ctrl Pts',(-21.851195689313,-3.41923376623377,-12.8038533619102));
#3866=CARTESIAN_POINT('Ctrl Pts',(-22.9024615797768,-3.49872077922078,-11.4692150660979));
#3867=CARTESIAN_POINT('Ctrl Pts',(-24.59370713112,-3.57820779220778,-11.6307942669964));
#3868=CARTESIAN_POINT('Ctrl Pts',(-25.3732432563586,-3.65769480519481,-13.1403447903473));
#3869=CARTESIAN_POINT('Ctrl Pts',(-24.5258587920504,-3.73718181818181,-14.6128796533473));
#3870=CARTESIAN_POINT('Ctrl Pts',(-22.8290146011095,-3.81666883116883,-14.6973731132791));
#3871=CARTESIAN_POINT('Ctrl Pts',(-21.8395364273222,-3.89615584415584,-13.3163038548059));
#3872=CARTESIAN_POINT('Ctrl Pts',(-22.4652537002207,-3.97564285714286,-11.7367794809839));
#3873=CARTESIAN_POINT('Ctrl Pts',(-24.1320814425389,-4.05512987012987,-11.407986794722));
#3874=CARTESIAN_POINT('Ctrl Pts',(-25.3107334926175,-4.13461688311688,-12.6315875048995));
#3875=CARTESIAN_POINT('Ctrl Pts',(-24.9198166003716,-4.2141038961039,-14.2849487287275));
#3876=CARTESIAN_POINT('Ctrl Pts',(-23.3179903792051,-4.29359090909091,-14.8511396066872));
#3877=CARTESIAN_POINT('Ctrl Pts',(-21.9749031984248,-4.37307792207792,-13.8106896184971));
#3878=CARTESIAN_POINT('Ctrl Pts',(-22.1228147494929,-4.45256493506494,-12.1181939682333));
#3879=CARTESIAN_POINT('Ctrl Pts',(-23.6260186948825,-4.53205194805195,-11.3264886874209));
#3880=CARTESIAN_POINT('Ctrl Pts',(-25.1053509293461,-4.61153896103897,-12.1619499331878));
#3881=CARTESIAN_POINT('Ctrl Pts',(-25.2035492372237,-4.69102597402597,-13.8580561932526));
#3882=CARTESIAN_POINT('Ctrl Pts',(-23.8305183378077,-4.77051298701299,-14.8586587628826));
#3883=CARTESIAN_POINT('Ctrl Pts',(-22.2459907761585,-4.85,-14.24572176818));
#3884=CARTESIAN_POINT('Ctrl Pts',(-21.9037436950947,-4.92948701298702,-12.5816044980921));
#3885=CARTESIAN_POINT('Ctrl Pts',(-23.1177829823581,-5.00897402597402,-11.3931063020135));
#3886=CARTESIAN_POINT('Ctrl Pts',(-24.7742481983926,-5.08846103896104,-11.7706541018602));
#3887=CARTESIAN_POINT('Ctrl Pts',(-25.3533606235155,-5.16794805194805,-13.3678541995841));
#3888=CARTESIAN_POINT('Ctrl Pts',(-24.3237944372471,-5.24743506493506,-14.7193026156156));
#3889=CARTESIAN_POINT('Ctrl Pts',(-22.6301591401366,-5.32692207792207,-14.585068367069));
#3890=CARTESIAN_POINT('Ctrl Pts',(-21.8263363703473,-5.4064090909091,-13.0883090985594));
#3891=CARTESIAN_POINT('Ctrl Pts',(-22.6498198754668,-5.4858961038961,-11.6022760336859));
#3892=CARTESIAN_POINT('Ctrl Pts',(-24.3450775169537,-5.56538311688312,-11.4903792862729));
#3893=CARTESIAN_POINT('Ctrl Pts',(-25.3567391832163,-5.64487012987013,-12.8552822227911));
#3894=CARTESIAN_POINT('Ctrl Pts',(-24.7566224669081,-5.72435714285714,-14.4447095661789));
#3895=CARTESIAN_POINT('Ctrl Pts',(-23.0953242691548,-5.80384415584416,-14.8003887070388));
#3896=CARTESIAN_POINT('Ctrl Pts',(-21.8970574883334,-5.88333116883116,-13.5959900707556));
#3897=CARTESIAN_POINT('Ctrl Pts',(-22.2612115570543,-5.96281818181819,-11.9365289632464));
#3898=CARTESIAN_POINT('Ctrl Pts',(-23.8536812982388,-6.04230519480519,-11.3445327837714));
#3899=CARTESIAN_POINT('Ctrl Pts',(-25.2134027541512,-6.12179220779221,-12.3631479787457));
#3900=CARTESIAN_POINT('Ctrl Pts',(-25.0928545682378,-6.20127922077923,-14.0578123962556));
#3901=CARTESIAN_POINT('Ctrl Pts',(-23.6026376549482,-6.28076623376623,-14.8737001976393));
#3902=CARTESIAN_POINT('Ctrl Pts',(-22.1100007380139,-6.36025324675325,-14.0622481736071));
#3903=CARTESIAN_POINT('Ctrl Pts',(-21.9844128534344,-6.43974025974026,-12.3679497830194));
#3904=CARTESIAN_POINT('Ctrl Pts',(-23.3410987536442,-6.51922727272728,-11.3452950410497));
#3905=CARTESIAN_POINT('Ctrl Pts',(-24.9353221529226,-6.59871428571429,-11.9325523154146));
#3906=CARTESIAN_POINT('Ctrl Pts',(-25.3044101419984,-6.6782012987013,-13.5909230247017));
#3907=CARTESIAN_POINT('Ctrl Pts',(-24.1097307556134,-6.75768831168831,-14.7988801915118));
#3908=CARTESIAN_POINT('Ctrl Pts',(-22.4473820528732,-6.83717532467533,-14.4481436185699));
#3909=CARTESIAN_POINT('Ctrl Pts',(-21.8425407526495,-6.91666233766234,-12.8605081583193));
#3910=CARTESIAN_POINT('Ctrl Pts',(-22.8501384816177,-6.99614935064935,-11.4926023977936));
#3911=CARTESIAN_POINT('Ctrl Pts',(-24.5457214259196,-7.07563636363637,-11.5994566541129));
#3912=CARTESIAN_POINT('Ctrl Pts',(-25.3736210141525,-7.15512337662338,-13.0830339607961));
#3913=CARTESIAN_POINT('Ctrl Pts',(-24.5742534264745,-7.23461038961039,-14.5821773204756));
#3914=CARTESIAN_POINT('Ctrl Pts',(-22.8810248565065,-7.31409740259741,-14.7214481463704));
#3915=CARTESIAN_POINT('Ctrl Pts',(-21.847443777162,-7.39358441558442,-13.3730678196368));
#3916=CARTESIAN_POINT('Ctrl Pts',(-22.4218032852407,-7.47307142857143,-11.7741524033058));
#3917=CARTESIAN_POINT('Ctrl Pts',(-24.0771382809773,-7.55255844155845,-11.3916796526543));
#3918=CARTESIAN_POINT('Ctrl Pts',(-25.2947070026287,-7.63204545454545,-12.5765618244999));
#3919=CARTESIAN_POINT('Ctrl Pts',(-24.9574108144945,-7.71153246753247,-14.2416896377837));
#3920=CARTESIAN_POINT('Ctrl Pts',(-23.3747132440878,-7.79101948051949,-14.8593365868816));
#3921=CARTESIAN_POINT('Ctrl Pts',(-21.9987124483235,-7.8705064935065,-13.8628220796327));
#3922=CARTESIAN_POINT('Ctrl Pts',(-22.091865801752,-7.94999350649352,-12.1664312620892));
#3923=CARTESIAN_POINT('Ctrl Pts',(-23.5687066837422,-8.02948051948051,-11.3265739156403));
#3924=CARTESIAN_POINT('Ctrl Pts',(-25.0742586522414,-8.10896753246755,-12.1138049003264));
#3925=CARTESIAN_POINT('Ctrl Pts',(-25.2272033306533,-8.18845454545453,-13.8058531497696));
#3926=CARTESIAN_POINT('Ctrl Pts',(-23.8872165725428,-8.26794155844158,-14.8502931151066));
#3927=CARTESIAN_POINT('Ctrl Pts',(-22.2837134841979,-8.34742857142857,-14.2888688559476));
#3928=CARTESIAN_POINT('Ctrl Pts',(-21.8878809320986,-8.42691558441559,-12.6366776007408));
#3929=CARTESIAN_POINT('Ctrl Pts',(-23.0628885641295,-8.5064025974026,-11.4095767826341));
#3930=CARTESIAN_POINT('Ctrl Pts',(-24.7306868219036,-8.58588961038962,-11.7334105740698));
#3931=CARTESIAN_POINT('Ctrl Pts',(-25.3610991123083,-8.66537662337663,-13.3110669679298));
#3932=CARTESIAN_POINT('Ctrl Pts',(-24.3757328591978,-8.74486363636364,-14.6950730013525));
#3933=CARTESIAN_POINT('Ctrl Pts',(-22.6786448746939,-8.82435064935066,-14.6156266298469));
#3934=CARTESIAN_POINT('Ctrl Pts',(-21.8268845790065,-8.90383766233766,-13.1456185512971));
#3935=CARTESIAN_POINT('Ctrl Pts',(-22.6019275861293,-8.98332467532468,-11.6337562255922));
#3936=CARTESIAN_POINT('Ctrl Pts',(-24.2926850921072,-9.06281168831168,-11.4671476768469));
#3937=CARTESIAN_POINT('Ctrl Pts',(-25.3479157835264,-9.14229870129872,-12.7986534169674));
#3938=CARTESIAN_POINT('Ctrl Pts',(-24.7994634115334,-9.22178571428571,-14.4066395367106));
#3939=CARTESIAN_POINT('Ctrl Pts',(-23.1505237191257,-9.30127272727273,-14.8158060509361));
#3940=CARTESIAN_POINT('Ctrl Pts',(-21.9139708841477,-9.38075974025974,-13.6507496536879));
#3941=CARTESIAN_POINT('Ctrl Pts',(-22.2243211472132,-9.46024675324676,-11.9803897646278));
#3942=CARTESIAN_POINT('Ctrl Pts',(-23.7968334036097,-9.53973376623377,-11.3372533257035));
#3943=CARTESIAN_POINT('Ctrl Pts',(-25.1887543608441,-9.61922077922079,-12.3114069194965));
#3944=CARTESIAN_POINT('Ctrl Pts',(-25.1230201439426,-9.6987077922078,-14.0090815120479));
#3945=CARTESIAN_POINT('Ctrl Pts',(-23.6599408244309,-9.77819480519481,-14.8726888003319));
#3946=CARTESIAN_POINT('Ctrl Pts',(-22.1418667611828,-9.85768181818182,-14.1098850631562));
#3947=CARTESIAN_POINT('Ctrl Pts',(-21.9616053001504,-9.93716883116884,-12.4205272678726));
#3948=CARTESIAN_POINT('Ctrl Pts',(-23.284542964545,-10.0166558441558,-11.3545773518295));
#3949=CARTESIAN_POINT('Ctrl Pts',(-24.8969074937248,-10.0961428571429,-11.8900169733484));
#3950=CARTESIAN_POINT('Ctrl Pts',(-25.3193806621153,-10.1756298701299,-13.53560724556));
#3951=CARTESIAN_POINT('Ctrl Pts',(-24.1643526960501,-10.2551168831169,-14.7815126466313));
#3952=CARTESIAN_POINT('Ctrl Pts',(-22.4915379430079,-10.3346038961039,-14.4847022282515));
#3953=CARTESIAN_POINT('Ctrl Pts',(-21.8357236344049,-10.4140909090909,-12.91736738222));
#3954=CARTESIAN_POINT('Ctrl Pts',(-22.7985927122665,-10.4935779220779,-11.5177556983671));
#3955=CARTESIAN_POINT('Ctrl Pts',(-24.4967590474272,-10.5730649350649,-11.5695169945576));
#3956=CARTESIAN_POINT('Ctrl Pts',(-25.3721263878521,-10.6525519480519,-13.026065505269));
#3957=CARTESIAN_POINT('Ctrl Pts',(-24.6216701234918,-10.732038961039,-14.5493012499215));
#3958=CARTESIAN_POINT('Ctrl Pts',(-22.9337135322937,-10.811525974026,-14.7450523645307));
#3959=CARTESIAN_POINT('Ctrl Pts',(-21.857289899865,-10.891012987013,-13.4270306879669));
#3960=CARTESIAN_POINT('Ctrl Pts',(-22.2054935138515,-10.9440043290043,-12.3551620208103));
#3961=CARTESIAN_POINT('Ctrl Pts',(-22.5679070409951,-10.9705,-12.0115221068058));
#3962=CARTESIAN_POINT('',(-23.7951894905436,1.27050000000001,-11.6127538661064));
#3963=CARTESIAN_POINT('Origin',(-23.6,1.27050000000001,-13.1));
#3964=CARTESIAN_POINT('Ctrl Pts',(-23.7951894905436,1.27050000000001,-11.6127538661064));
#3965=CARTESIAN_POINT('Ctrl Pts',(-24.290374666545,1.24400432900434,-11.6777430699952));
#3966=CARTESIAN_POINT('Ctrl Pts',(-25.2021058881517,1.191012987013,-12.340234532577));
#3967=CARTESIAN_POINT('Ctrl Pts',(-25.1059746263724,1.11152597402598,-14.0392417096522));
#3968=CARTESIAN_POINT('Ctrl Pts',(-23.6253294202083,1.03203896103897,-14.8730321572488));
#3969=CARTESIAN_POINT('Ctrl Pts',(-22.12286199118,0.952551948051953,-14.0818154161038));
#3970=CARTESIAN_POINT('Ctrl Pts',(-21.9749113387294,0.873064935064942,-12.3889150251676));
#3971=CARTESIAN_POINT('Ctrl Pts',(-23.3183322349406,0.793577922077927,-11.3488820262329));
#3972=CARTESIAN_POINT('Ctrl Pts',(-24.9199808308029,0.714090909090915,-11.9152314791413));
#3973=CARTESIAN_POINT('Ctrl Pts',(-25.3106722134931,0.634603896103902,-13.5687099820738));
#3974=CARTESIAN_POINT('Ctrl Pts',(-24.1317974243389,0.555116883116889,-14.7920905321048));
#3975=CARTESIAN_POINT('Ctrl Pts',(-22.4650353196337,0.475629870129876,-14.463040279265));
#3976=CARTESIAN_POINT('Ctrl Pts',(-21.8395695916412,0.396142857142863,-12.8834062653173));
#3977=CARTESIAN_POINT('Ctrl Pts',(-22.8292763982372,0.31665584415585,-11.5025023955565));
#3978=CARTESIAN_POINT('Ctrl Pts',(-24.5261051194812,0.237168831168836,-11.5872707469004));
#3979=CARTESIAN_POINT('Ctrl Pts',(-25.3732501450448,0.157681818181823,-13.059944963852));
#3980=CARTESIAN_POINT('Ctrl Pts',(-24.5934672040784,0.0781948051948105,
-14.5693677214529));
#3981=CARTESIAN_POINT('Ctrl Pts',(-22.9021955154914,-0.00129220779220295,
-14.7306711980174));
#3982=CARTESIAN_POINT('Ctrl Pts',(-21.851147311514,-0.0807792207792156,
-13.3958611838217));
#3983=CARTESIAN_POINT('Ctrl Pts',(-22.4046419136351,-0.160266233766229,
-11.7896037345635));
#3984=CARTESIAN_POINT('Ctrl Pts',(-24.0548571933119,-0.239753246753242,
-11.3856125235884));
#3985=CARTESIAN_POINT('Ctrl Pts',(-25.2877487588239,-0.319240259740255,
-12.5545427715275));
#3986=CARTESIAN_POINT('Ctrl Pts',(-24.9721594642442,-0.398727272727268,
-14.2239207430572));
#3987=CARTESIAN_POINT('Ctrl Pts',(-23.3976371624463,-0.478214285714281,
-14.8621205228206));
#3988=CARTESIAN_POINT('Ctrl Pts',(-22.0087793236474,-0.557701298701295,
-13.8836046254501));
#3989=CARTESIAN_POINT('Ctrl Pts',(-22.0798394497392,-0.637188311688306,
-12.1861447882946));
#3990=CARTESIAN_POINT('Ctrl Pts',(-23.5456210767076,-0.716675324675322,
-11.3271315947051));
#3991=CARTESIAN_POINT('Ctrl Pts',(-25.0612944435898,-0.796162337662332,
-12.0946950721324));
#3992=CARTESIAN_POINT('Ctrl Pts',(-25.2362549613613,-0.875649350649349,
-13.7846087568266));
#3993=CARTESIAN_POINT('Ctrl Pts',(-23.9099793252886,-0.955136363636359,
-14.8464055276052));
#3994=CARTESIAN_POINT('Ctrl Pts',(-22.2993029195892,-1.03462337662337,-14.305904869303));
#3995=CARTESIAN_POINT('Ctrl Pts',(-21.8819940078298,-1.11411038961039,-12.6590069619238));
#3996=CARTESIAN_POINT('Ctrl Pts',(-23.0409264332644,-1.1935974025974,-11.4167126817434));
#3997=CARTESIAN_POINT('Ctrl Pts',(-24.7127993667538,-1.27308441558441,-11.7188059447881));
#3998=CARTESIAN_POINT('Ctrl Pts',(-25.3636977693497,-1.35257142857143,-13.2881213097688));
#3999=CARTESIAN_POINT('Ctrl Pts',(-24.3964334047132,-1.43205844155844,-14.6848385661206));
#4000=CARTESIAN_POINT('Ctrl Pts',(-22.6984549095206,-1.51154545454545,-14.6274933383275));
#4001=CARTESIAN_POINT('Ctrl Pts',(-21.8276287324593,-1.59103246753246,-13.1686988995438));
#4002=CARTESIAN_POINT('Ctrl Pts',(-22.5829231100045,-1.67051948051948,-11.6468743864894));
#4003=CARTESIAN_POINT('Ctrl Pts',(-24.271368270756,-1.75000649350649,-11.4582679591892));
#4004=CARTESIAN_POINT('Ctrl Pts',(-25.3438444385649,-1.8294935064935,-12.7759228133774));
#4005=CARTESIAN_POINT('Ctrl Pts',(-24.8163729331516,-1.90898051948052,-14.3909129855646));
#4006=CARTESIAN_POINT('Ctrl Pts',(-23.1728999076899,-1.98846753246753,-14.8215124048207));
#4007=CARTESIAN_POINT('Ctrl Pts',(-21.921283967535,-2.06795454545454,-13.672653412762));
#4008=CARTESIAN_POINT('Ctrl Pts',(-22.2098614934633,-2.14744155844156,-11.9983946344326));
#4009=CARTESIAN_POINT('Ctrl Pts',(-23.7738675036091,-2.22692857142857,-11.3348400809015));
#4010=CARTESIAN_POINT('Ctrl Pts',(-25.1783530303354,-2.30641558441558,-12.2907897921837));
#4011=CARTESIAN_POINT('Ctrl Pts',(-25.1347264419199,-2.3859025974026,-13.9891761339997));
#4012=CARTESIAN_POINT('Ctrl Pts',(-23.6830143927376,-2.46538961038961,-14.8717584653111));
#4013=CARTESIAN_POINT('Ctrl Pts',(-22.1551380472642,-2.54487662337662,-14.1287824776596));
#4014=CARTESIAN_POINT('Ctrl Pts',(-21.952898019047,-2.62436363636363,-12.4419160288051));
#4015=CARTESIAN_POINT('Ctrl Pts',(-23.2618461012521,-2.70385064935065,-11.3588304535271));
#4016=CARTESIAN_POINT('Ctrl Pts',(-24.8810446458999,-2.78333766233766,-11.8732383833791));
#4017=CARTESIAN_POINT('Ctrl Pts',(-25.3249064717587,-2.86282467532467,-13.5131792740302));
#4018=CARTESIAN_POINT('Ctrl Pts',(-24.1861958874962,-2.94231168831169,-14.7740351938611));
#4019=CARTESIAN_POINT('Ctrl Pts',(-22.5096605262577,-3.0217987012987,-14.4989922375776));
#4020=CARTESIAN_POINT('Ctrl Pts',(-21.8334931252898,-3.10128571428571,-12.9403976491255));
#4021=CARTESIAN_POINT('Ctrl Pts',(-22.7780657980463,-3.18077272727273,-11.5282355085886));
#4022=CARTESIAN_POINT('Ctrl Pts',(-24.4767491499869,-3.26025974025974,-11.5581406105613));
#4023=CARTESIAN_POINT('Ctrl Pts',(-25.371030038325,-3.33974675324675,-13.0026755315782));
#4024=CARTESIAN_POINT('Ctrl Pts',(-24.640420927096,-3.41923376623377,-14.5365040004343));
#4025=CARTESIAN_POINT('Ctrl Pts',(-22.9552432748516,-3.49872077922078,-14.7523644314069));
#4026=CARTESIAN_POINT('Ctrl Pts',(-21.861618974146,-3.57820779220779,-13.4522085429881));
#4027=CARTESIAN_POINT('Ctrl Pts',(-22.3629297582337,-3.65769480519481,-11.8289072945929));
#4028=CARTESIAN_POINT('Ctrl Pts',(-23.9992314917178,-3.73718181818182,-11.3718120285039));
#4029=CARTESIAN_POINT('Ctrl Pts',(-25.2692451079106,-3.81666883116883,-12.5002998928467));
#4030=CARTESIAN_POINT('Ctrl Pts',(-25.007754670544,-3.89615584415584,-14.1790024264869));
#4031=CARTESIAN_POINT('Ctrl Pts',(-23.4546732174914,-3.97564285714286,-14.8677385482839));
#4032=CARTESIAN_POINT('Ctrl Pts',(-22.0349266206848,-4.05512987012987,-13.9346045567584));
#4033=CARTESIAN_POINT('Ctrl Pts',(-22.0511082846112,-4.13461688311689,-12.235735050576));
#4034=CARTESIAN_POINT('Ctrl Pts',(-23.4883718072777,-4.21410389610389,-11.3298139658803));
#4035=CARTESIAN_POINT('Ctrl Pts',(-25.0280523020447,-4.29359090909091,-12.048008521219));
#4036=CARTESIAN_POINT('Ctrl Pts',(-25.2575190487457,-4.37307792207792,-13.7313874023514));
#4037=CARTESIAN_POINT('Ctrl Pts',(-23.9662402021388,-4.45256493506494,-14.8354790586868));
#4038=CARTESIAN_POINT('Ctrl Pts',(-22.3389421864513,-4.53205194805195,-14.3472981358483));
#4039=CARTESIAN_POINT('Ctrl Pts',(-21.8686433101172,-4.61153896103896,-12.7147423443965));
#4040=CARTESIAN_POINT('Ctrl Pts',(-22.9868348095504,-4.69102597402597,-11.4356539127862));
#4041=CARTESIAN_POINT('Ctrl Pts',(-24.6675949636557,-4.77051298701299,-11.6835747663995));
#4042=CARTESIAN_POINT('Ctrl Pts',(-25.3688548594406,-4.85,-13.2310417301334));
#4043=CARTESIAN_POINT('Ctrl Pts',(-24.4472204453645,-4.92948701298701,-14.658280130708));
#4044=CARTESIAN_POINT('Ctrl Pts',(-22.7482756529712,-5.00897402597403,-14.6558229608414));
#4045=CARTESIAN_POINT('Ctrl Pts',(-21.8307734922251,-5.08846103896104,-13.2259246321795));
#4046=CARTESIAN_POINT('Ctrl Pts',(-22.5365066223785,-5.16794805194805,-11.6804925908759));
#4047=CARTESIAN_POINT('Ctrl Pts',(-24.2179768752841,-5.24743506493507,-11.4374345034204));
#4048=CARTESIAN_POINT('Ctrl Pts',(-25.3324638343533,-5.32692207792208,-12.7197520395045));
#4049=CARTESIAN_POINT('Ctrl Pts',(-24.8574446313955,-5.4064090909091,-14.3509406252007));
#4050=CARTESIAN_POINT('Ctrl Pts',(-23.2287413223816,-5.4858961038961,-14.8344124201285));
#4051=CARTESIAN_POINT('Ctrl Pts',(-21.9406615485195,-5.56538311688312,-13.7265902586551));
#4052=CARTESIAN_POINT('Ctrl Pts',(-22.174996639093,-5.64487012987013,-12.0438821703017));
#4053=CARTESIAN_POINT('Ctrl Pts',(-23.7167481259897,-5.72435714285715,-11.3301442646699));
#4054=CARTESIAN_POINT('Ctrl Pts',(-25.1513851889164,-5.80384415584416,-12.2402189555394));
#4055=CARTESIAN_POINT('Ctrl Pts',(-25.1626526734643,-5.88333116883117,-13.9391281611993));
#4056=CARTESIAN_POINT('Ctrl Pts',(-23.7402128538096,-5.96281818181818,-14.8681515219091));
#4057=CARTESIAN_POINT('Ctrl Pts',(-22.1891301206888,-6.0423051948052,-14.1749258730049));
#4058=CARTESIAN_POINT('Ctrl Pts',(-21.932496554422,-6.12179220779221,-12.4954739808838));
#4059=CARTESIAN_POINT('Ctrl Pts',(-23.2057690960865,-6.20127922077922,-11.3706644503733));
#4060=CARTESIAN_POINT('Ctrl Pts',(-24.8407418006095,-6.28076623376624,-11.832490933751));
#4061=CARTESIAN_POINT('Ctrl Pts',(-25.3373549628166,-6.36025324675325,-13.4572354713342));
#4062=CARTESIAN_POINT('Ctrl Pts',(-24.2399744356515,-6.43974025974027,-14.7542225275082));
#4063=CARTESIAN_POINT('Ctrl Pts',(-22.5554282263886,-6.51922727272727,-14.5334884926561));
#4064=CARTESIAN_POINT('Ctrl Pts',(-21.8292588893647,-6.5987142857143,-12.9975530971233));
#4065=CARTESIAN_POINT('Ctrl Pts',(-22.7277144656567,-6.6782012987013,-11.5556109960964));
#4066=CARTESIAN_POINT('Ctrl Pts',(-24.4264772139613,-6.75768831168831,-11.5306195924488));
#4067=CARTESIAN_POINT('Ctrl Pts',(-25.3669611466758,-6.83717532467533,-12.9455080748353));
#4068=CARTESIAN_POINT('Ctrl Pts',(-24.686288218848,-6.91666233766234,-14.5021402762902));
#4069=CARTESIAN_POINT('Ctrl Pts',(-23.0089642883511,-6.99614935064935,-14.7723325734909));
#4070=CARTESIAN_POINT('Ctrl Pts',(-21.8739055913415,-7.07563636363636,-13.5081881198675));
#4071=CARTESIAN_POINT('Ctrl Pts',(-22.3225092163953,-7.15512337662338,-11.8695379946508));
#4072=CARTESIAN_POINT('Ctrl Pts',(-23.9431889519038,-7.23461038961039,-11.3598158740828));
#4073=CARTESIAN_POINT('Ctrl Pts',(-25.2489986491616,-7.31409740259741,-12.4466831520111));
#4074=CARTESIAN_POINT('Ctrl Pts',(-25.0418800751089,-7.39358441558442,-14.1329575488891));
#4075=CARTESIAN_POINT('Ctrl Pts',(-23.5118610059097,-7.47307142857144,-14.8715109275767));
#4076=CARTESIAN_POINT('Ctrl Pts',(-22.0627079677603,-7.55255844155844,-13.9847330989712));
#4077=CARTESIAN_POINT('Ctrl Pts',(-22.023994275949,-7.63204545454546,-12.2862276690857));
#4078=CARTESIAN_POINT('Ctrl Pts',(-23.4312390856056,-7.71153246753247,-11.3343445402413));
#4079=CARTESIAN_POINT('Ctrl Pts',(-24.993319169754,-7.79101948051948,-12.0024203263548));
#4080=CARTESIAN_POINT('Ctrl Pts',(-25.2770525651699,-7.8705064935065,-13.6775068332582));
#4081=CARTESIAN_POINT('Ctrl Pts',(-24.0221186975112,-7.94999350649351,-14.8227406229652));
#4082=CARTESIAN_POINT('Ctrl Pts',(-22.3798980897216,-8.02948051948053,-14.387389132057));
#4083=CARTESIAN_POINT('Ctrl Pts',(-21.8571002752009,-8.10896753246753,-12.7708799639986));
#4084=CARTESIAN_POINT('Ctrl Pts',(-22.9333833750566,-8.18845454545455,-11.4563328426499));
#4085=CARTESIAN_POINT('Ctrl Pts',(-24.6212759134753,-8.26794155844157,-11.6498224393676));
#4086=CARTESIAN_POINT('Ctrl Pts',(-25.3721651359148,-8.34742857142858,-13.1738253333645));
#4087=CARTESIAN_POINT('Ctrl Pts',(-24.4971229260202,-8.42691558441559,-14.6300947370701));
#4088=CARTESIAN_POINT('Ctrl Pts',(-22.7989856588175,-8.50640259740261,-14.6825281906008));
#4089=CARTESIAN_POINT('Ctrl Pts',(-21.8357654536432,-8.58588961038961,-13.2830188902969));
#4090=CARTESIAN_POINT('Ctrl Pts',(-22.4912004994632,-8.66537662337663,-11.7155928646503));
#4091=CARTESIAN_POINT('Ctrl Pts',(-24.163940266874,-8.74486363636364,-11.4183368873778));
#4092=CARTESIAN_POINT('Ctrl Pts',(-25.3192744113434,-8.82435064935065,-12.6639782723273));
#4093=CARTESIAN_POINT('Ctrl Pts',(-24.8972034657773,-8.90383766233767,-14.3096621913726));
#4094=CARTESIAN_POINT('Ctrl Pts',(-23.2849703579746,-8.98332467532468,-14.845501582479));
#4095=CARTESIAN_POINT('Ctrl Pts',(-21.9617716004983,-9.06281168831169,-13.7798728981186));
#4096=CARTESIAN_POINT('Ctrl Pts',(-22.1416195912961,-9.14229870129871,-12.0904723711618));
#4097=CARTESIAN_POINT('Ctrl Pts',(-23.659506856673,-9.22178571428573,-11.3272963053637));
#4098=CARTESIAN_POINT('Ctrl Pts',(-25.1227975845009,-9.30127272727273,-12.1905457963001));
#4099=CARTESIAN_POINT('Ctrl Pts',(-25.1889473884458,-9.38075974025976,-13.8882040711363));
#4100=CARTESIAN_POINT('Ctrl Pts',(-23.7972649091281,-9.46024675324676,-14.8626985111502));
#4101=CARTESIAN_POINT('Ctrl Pts',(-22.2245952708444,-9.53973376623377,-14.2199469443345));
#4102=CARTESIAN_POINT('Ctrl Pts',(-21.9138360359584,-9.61922077922079,-12.5496631463505));
#4103=CARTESIAN_POINT('Ctrl Pts',(-23.1501037913389,-9.6987077922078,-11.3843039150023));
#4104=CARTESIAN_POINT('Ctrl Pts',(-24.7991433484239,-9.77819480519482,-11.793067019179));
#4105=CARTESIAN_POINT('Ctrl Pts',(-25.3479898782068,-9.85768181818182,-13.4009183751604));
#4106=CARTESIAN_POINT('Ctrl Pts',(-24.293084131163,-9.93716883116884,-14.7326833350783));
#4107=CARTESIAN_POINT('Ctrl Pts',(-22.6022878292028,-10.0166558441559,-14.5664869214419));
#4108=CARTESIAN_POINT('Ctrl Pts',(-21.8268709489398,-10.0961428571429,-13.0548177372795));
#4109=CARTESIAN_POINT('Ctrl Pts',(-22.6782786467337,-10.1756298701299,-11.5845946497683));
#4110=CARTESIAN_POINT('Ctrl Pts',(-24.3753331759219,-10.2551168831169,-11.5047453696394));
#4111=CARTESIAN_POINT('Ctrl Pts',(-25.3610651100067,-10.3346038961039,-12.8884860580717));
#4112=CARTESIAN_POINT('Ctrl Pts',(-24.7309873240367,-10.4140909090909,-14.4663431174391));
#4113=CARTESIAN_POINT('Ctrl Pts',(-23.0633678157179,-10.493577922078,-14.7904960179534));
#4114=CARTESIAN_POINT('Ctrl Pts',(-21.8878685377833,-10.5730649350649,-13.5638543462232));
#4115=CARTESIAN_POINT('Ctrl Pts',(-22.2836645859231,-10.652551948052,-11.9112362362325));
#4116=CARTESIAN_POINT('Ctrl Pts',(-23.8863213910386,-10.732038961039,-11.3500558091184));
#4117=CARTESIAN_POINT('Ctrl Pts',(-25.2279382128901,-10.811525974026,-12.3929273450063));
#4118=CARTESIAN_POINT('Ctrl Pts',(-25.0726596547687,-10.891012987013,-14.0875527244433));
#4119=CARTESIAN_POINT('Ctrl Pts',(-24.0732587748729,-10.9440043290043,-14.608462159671));
#4120=CARTESIAN_POINT('Ctrl Pts',(-23.5739027365894,-10.9705,-14.5997729604318));
#4121=CARTESIAN_POINT('Origin',(-23.6,2.75,-13.1));
#4122=CARTESIAN_POINT('',(-22.6003861777474,-10.7005,-13.8167092899925));
#4123=CARTESIAN_POINT('Origin',(-23.6,-10.7005,-13.1));
#4124=CARTESIAN_POINT('',(-24.8299757208531,1.0005,-13.0922717329223));
#4125=CARTESIAN_POINT('Ctrl Pts',(-22.6009785075983,-10.7005,-13.8152385462597));
#4126=CARTESIAN_POINT('Ctrl Pts',(-22.7559687695605,-10.683487498253,-14.0284965833831));
#4127=CARTESIAN_POINT('Ctrl Pts',(-22.9777293476293,-10.6664749965061,-14.1950698269175));
#4128=CARTESIAN_POINT('Ctrl Pts',(-23.2272180403745,-10.6494624947591,-14.2742648098484));
#4129=CARTESIAN_POINT('Ctrl Pts',(-23.6157776078292,-10.6229668237635,-14.3976049419146));
#4130=CARTESIAN_POINT('Ctrl Pts',(-24.0715936067696,-10.5964711527678,-14.3090031491073));
#4131=CARTESIAN_POINT('Ctrl Pts',(-24.3856122369891,-10.5699754817721,-14.0490617879234));
#4132=CARTESIAN_POINT('Ctrl Pts',(-24.6996308672086,-10.5434798107764,-13.7891204267396));
#4133=CARTESIAN_POINT('Ctrl Pts',(-24.871852128707,-10.5169841397808,-13.3578394971792));
#4134=CARTESIAN_POINT('Ctrl Pts',(-24.823246061798,-10.4904884687851,-12.9530878049799));
#4135=CARTESIAN_POINT('Ctrl Pts',(-24.774639994889,-10.4639927977894,-12.5483361127806));
#4136=CARTESIAN_POINT('Ctrl Pts',(-24.5052065995725,-10.4374971267938,-12.1701136579425));
#4137=CARTESIAN_POINT('Ctrl Pts',(-24.1385591162585,-10.4110014557981,-11.9919151654743));
#4138=CARTESIAN_POINT('Ctrl Pts',(-23.7719116329445,-10.3845057848024,-11.8137166730062));
#4139=CARTESIAN_POINT('Ctrl Pts',(-23.3080500616331,-10.3580101138067,-11.8355421429081));
#4140=CARTESIAN_POINT('Ctrl Pts',(-22.9597602239455,-10.3315144428111,-12.0473853664856));
#4141=CARTESIAN_POINT('Ctrl Pts',(-22.611470386258,-10.3050187718154,-12.2592285900631));
#4142=CARTESIAN_POINT('Ctrl Pts',(-22.3787522821943,-10.2785231008197,-12.6610895673161));
#4143=CARTESIAN_POINT('Ctrl Pts',(-22.3683668704651,-10.2520274298241,-13.0686148444448));
#4144=CARTESIAN_POINT('Ctrl Pts',(-22.3579814587358,-10.2255317588284,-13.4761401215735));
#4145=CARTESIAN_POINT('Ctrl Pts',(-22.5699287393411,-10.1990360878327,-13.8893296985779));
#4146=CARTESIAN_POINT('Ctrl Pts',(-22.9069778742449,-10.1725404168371,-14.1186379969438));
#4147=CARTESIAN_POINT('Ctrl Pts',(-23.2440270091487,-10.1460447458414,-14.3479462953096));
#4148=CARTESIAN_POINT('Ctrl Pts',(-23.7061779983512,-10.1195490748457,-14.3933733150369));
#4149=CARTESIAN_POINT('Ctrl Pts',(-24.0814239450484,-10.09305340385,-14.2340789470451));
#4150=CARTESIAN_POINT('Ctrl Pts',(-24.4566698917456,-10.0665577328544,-14.0747845790533));
#4151=CARTESIAN_POINT('Ctrl Pts',(-24.7450107959376,-10.0400620618587,-13.7107688233424));
#4152=CARTESIAN_POINT('Ctrl Pts',(-24.8141722222966,-10.013566390863,-13.3090212601695));
#4153=CARTESIAN_POINT('Ctrl Pts',(-24.8833336486556,-9.98707071986735,-12.9072736969966));
#4154=CARTESIAN_POINT('Ctrl Pts',(-24.7333155971816,-9.96057504887169,-12.4677943263617));
#4155=CARTESIAN_POINT('Ctrl Pts',(-24.4329378319763,-9.93407937787602,-12.1921903501401));
#4156=CARTESIAN_POINT('Ctrl Pts',(-24.132560066771,-9.90758370688034,-11.9165863739185));
#4157=CARTESIAN_POINT('Ctrl Pts',(-23.6818225878344,-9.88108803588467,-11.8048577921102));
#4158=CARTESIAN_POINT('Ctrl Pts',(-23.2874972551308,-9.854592364889,-11.9082592628237));
#4159=CARTESIAN_POINT('Ctrl Pts',(-22.8931719224272,-9.82809669389333,-12.0116607335371));
#4160=CARTESIAN_POINT('Ctrl Pts',(-22.5552587359566,-9.80160102289766,-12.3301922567723));
#4161=CARTESIAN_POINT('Ctrl Pts',(-22.428772571489,-9.77510535190199,-12.7177301374477));
#4162=CARTESIAN_POINT('Ctrl Pts',(-22.3022864070214,-9.74860968090632,-13.105268018123));
#4163=CARTESIAN_POINT('Ctrl Pts',(-22.3872272645569,-9.72211400991064,-13.5618122562387));
#4164=CARTESIAN_POINT('Ctrl Pts',(-22.6446292105568,-9.69561833891497,-13.877927089428));
#4165=CARTESIAN_POINT('Ctrl Pts',(-22.9020311565566,-9.6691226679193,-14.1940419226172));
#4166=CARTESIAN_POINT('Ctrl Pts',(-23.3318941910209,-9.64262699692363,-14.3697273508802));
#4167=CARTESIAN_POINT('Ctrl Pts',(-23.7370223137597,-9.61613132592796,-14.3243891582098));
#4168=CARTESIAN_POINT('Ctrl Pts',(-24.1421504364986,-9.58963565493229,-14.2790509655394));
#4169=CARTESIAN_POINT('Ctrl Pts',(-24.522543647512,-9.56313998393662,-14.0126891519356));
#4170=CARTESIAN_POINT('Ctrl Pts',(-24.703699779813,-9.53664431294095,-13.6474949475727));
#4171=CARTESIAN_POINT('Ctrl Pts',(-24.8848559121139,-9.51014864194528,-13.2823007432098));
#4172=CARTESIAN_POINT('Ctrl Pts',(-24.8667749657023,-9.48365297094961,-12.818274148088));
#4173=CARTESIAN_POINT('Ctrl Pts',(-24.65775142636,-9.45715729995393,-12.468283420099));
#4174=CARTESIAN_POINT('Ctrl Pts',(-24.4487278870178,-9.43066162895826,-12.1182926921101));
#4175=CARTESIAN_POINT('Ctrl Pts',(-24.0487617547448,-9.40416595796259,-11.8823378312542));
#4176=CARTESIAN_POINT('Ctrl Pts',(-23.6413340956735,-9.37767028696692,-11.8686611298186));
#4177=CARTESIAN_POINT('Ctrl Pts',(-23.2339064366022,-9.35117461597125,-11.854984428383));
#4178=CARTESIAN_POINT('Ctrl Pts',(-22.8190172507325,-9.32467894497558,-12.0635858863678));
#4179=CARTESIAN_POINT('Ctrl Pts',(-22.5869934323886,-9.29818327397991,-12.3987713540443));
#4180=CARTESIAN_POINT('Ctrl Pts',(-22.3549696140448,-9.27168760298424,-12.7339568217209));
#4181=CARTESIAN_POINT('Ctrl Pts',(-22.3058111632267,-9.24519193198857,-13.1957262990891));
#4182=CARTESIAN_POINT('Ctrl Pts',(-22.4620691013394,-9.21869626099289,-13.5722469579691));
#4183=CARTESIAN_POINT('Ctrl Pts',(-22.6183270394521,-9.19220058999722,-13.9487676168491));
#4184=CARTESIAN_POINT('Ctrl Pts',(-22.9800013664956,-9.16570491900155,-14.240039457241));
#4185=CARTESIAN_POINT('Ctrl Pts',(-23.3811770547505,-9.13920924800588,-14.3124439939857));
#4186=CARTESIAN_POINT('Ctrl Pts',(-23.7823527430053,-9.11271357701021,-14.3848485307304));
#4187=CARTESIAN_POINT('Ctrl Pts',(-24.2230297924713,-9.08621790601454,-14.238385763828));
#4188=CARTESIAN_POINT('Ctrl Pts',(-24.5010513464318,-9.05972223501887,-13.9402442447739));
#4189=CARTESIAN_POINT('Ctrl Pts',(-24.7790729003922,-9.0332265640232,-13.6421027257198));
#4190=CARTESIAN_POINT('Ctrl Pts',(-24.8944389588469,-9.00673089302753,-13.1922824545141));
#4191=CARTESIAN_POINT('Ctrl Pts',(-24.7942263216634,-8.98023522203185,-12.7971346629681));
#4192=CARTESIAN_POINT('Ctrl Pts',(-24.69401368448,-8.95373955103618,-12.4019868714222));
#4193=CARTESIAN_POINT('Ctrl Pts',(-24.3782223516583,-8.92724388004051,-12.061511559536));
#4194=CARTESIAN_POINT('Ctrl Pts',(-23.9917189170347,-8.90074820904484,-11.9318988871535));
#4195=CARTESIAN_POINT('Ctrl Pts',(-23.6052154824111,-8.87425253804917,-11.8022862147709));
#4196=CARTESIAN_POINT('Ctrl Pts',(-23.1479999459854,-8.8477568670535,-11.8835361818921));
#4197=CARTESIAN_POINT('Ctrl Pts',(-22.8298160548439,-8.82126119605783,-12.1383760556244));
#4198=CARTESIAN_POINT('Ctrl Pts',(-22.5116321637023,-8.79476552506216,-12.3932159293567));
#4199=CARTESIAN_POINT('Ctrl Pts',(-22.3324799178449,-8.76826985406649,-12.8216457097001));
#4200=CARTESIAN_POINT('Ctrl Pts',(-22.3745438896233,-8.74177418307081,-13.2271268709133));
#4201=CARTESIAN_POINT('Ctrl Pts',(-22.4166078614017,-8.71527851207515,-13.6326080321265));
#4202=CARTESIAN_POINT('Ctrl Pts',(-22.679888050816,-8.68878284107948,-14.0151405742095));
#4203=CARTESIAN_POINT('Ctrl Pts',(-23.0436069053742,-8.66228717008381,-14.1992409399352));
#4204=CARTESIAN_POINT('Ctrl Pts',(-23.4073257599324,-8.63579149908814,-14.3833413056609));
#4205=CARTESIAN_POINT('Ctrl Pts',(-23.8714832796344,-8.60929582809246,-14.3690094950292));
#4206=CARTESIAN_POINT('Ctrl Pts',(-24.2231511415044,-8.58280015709679,-14.1628201045402));
#4207=CARTESIAN_POINT('Ctrl Pts',(-24.5748190033744,-8.55630448610112,-13.9566307140513));
#4208=CARTESIAN_POINT('Ctrl Pts',(-24.8139972074122,-8.52980881510545,-13.5585837437051));
#4209=CARTESIAN_POINT('Ctrl Pts',(-24.8309647823644,-8.50331314410978,-13.1512798630191));
#4210=CARTESIAN_POINT('Ctrl Pts',(-24.8479323573166,-8.47681747311411,-12.7439759823331));
#4211=CARTESIAN_POINT('Ctrl Pts',(-24.6426893031832,-8.45032180211844,-12.3274151913073));
#4212=CARTESIAN_POINT('Ctrl Pts',(-24.3093891291993,-8.42382613112276,-12.0926912175763));
#4213=CARTESIAN_POINT('Ctrl Pts',(-23.9760889552153,-8.39733046012709,-11.8579672438453));
#4214=CARTESIAN_POINT('Ctrl Pts',(-23.5147316613809,-8.37083478913142,-11.8050800874091));
#4215=CARTESIAN_POINT('Ctrl Pts',(-23.1369609908167,-8.34433911813575,-11.958291282442));
#4216=CARTESIAN_POINT('Ctrl Pts',(-22.7591903202525,-8.31784344714008,-12.1115024774749));
#4217=CARTESIAN_POINT('Ctrl Pts',(-22.4650062729586,-8.29134777614441,-12.4708120239769));
#4218=CARTESIAN_POINT('Ctrl Pts',(-22.3893632839628,-8.26485210514874,-12.8713897168625));
#4219=CARTESIAN_POINT('Ctrl Pts',(-22.3137202949671,-8.23835643415307,-13.2719674097482));
#4220=CARTESIAN_POINT('Ctrl Pts',(-22.4566183642694,-8.2118607631574,-13.7138132490175));
#4221=CARTESIAN_POINT('Ctrl Pts',(-22.7525042153185,-8.18536509216173,-13.9942342057429));
#4222=CARTESIAN_POINT('Ctrl Pts',(-23.0483900663675,-8.15886942116606,-14.2746551624683));
#4223=CARTESIAN_POINT('Ctrl Pts',(-23.4972636991633,-8.13237375017038,-14.3936512366499));
#4224=CARTESIAN_POINT('Ctrl Pts',(-23.8932081441413,-8.10587807917471,-14.2966339891474));
#4225=CARTESIAN_POINT('Ctrl Pts',(-24.2891525891192,-8.07938240817904,-14.1996167416449));
#4226=CARTESIAN_POINT('Ctrl Pts',(-24.6321678462793,-8.05288673718337,-13.8865861724583));
#4227=CARTESIAN_POINT('Ctrl Pts',(-24.7648985774858,-8.0263910661877,-13.5011423985882));
#4228=CARTESIAN_POINT('Ctrl Pts',(-24.8976293086923,-7.99989539519203,-13.1156986247181));
#4229=CARTESIAN_POINT('Ctrl Pts',(-24.8200755139453,-7.97339972419636,-12.6578416461645));
#4230=CARTESIAN_POINT('Ctrl Pts',(-24.5678143384048,-7.94690405320069,-12.3376094661189));
#4231=CARTESIAN_POINT('Ctrl Pts',(-24.3155531628644,-7.92040838220502,-12.0173772860732));
#4232=CARTESIAN_POINT('Ctrl Pts',(-23.8885846065305,-7.89391271120934,-11.8347699045355));
#4233=CARTESIAN_POINT('Ctrl Pts',(-23.4827768710438,-7.86741704021367,-11.8735569080421));
#4234=CARTESIAN_POINT('Ctrl Pts',(-23.0769691355571,-7.840921369218,-11.9123439115487));
#4235=CARTESIAN_POINT('Ctrl Pts',(-22.6923222209177,-7.81442569822234,-12.1725253000995));
#4236=CARTESIAN_POINT('Ctrl Pts',(-22.5052896348121,-7.78793002722667,-12.5347450697926));
#4237=CARTESIAN_POINT('Ctrl Pts',(-22.3182570487066,-7.761434356231,-12.8969648394857));
#4238=CARTESIAN_POINT('Ctrl Pts',(-22.328838791135,-7.73493868523532,-13.361222990321));
#4239=CARTESIAN_POINT('Ctrl Pts',(-22.532180577563,-7.70844301423964,-13.7145450356481));
#4240=CARTESIAN_POINT('Ctrl Pts',(-22.7355223639909,-7.68194734324397,-14.0678670809752));
#4241=CARTESIAN_POINT('Ctrl Pts',(-23.1316241944184,-7.65545167224831,-14.3102530207941));
#4242=CARTESIAN_POINT('Ctrl Pts',(-23.5387777157561,-7.62895600125264,-14.3305103622829));
#4243=CARTESIAN_POINT('Ctrl Pts',(-23.9459312370937,-7.60246033025697,-14.3507677037716));
#4244=CARTESIAN_POINT('Ctrl Pts',(-24.3641364493415,-7.57596465926129,-14.1488964469304));
#4245=CARTESIAN_POINT('Ctrl Pts',(-24.6015452605859,-7.54946898826562,-13.8175033176031));
#4246=CARTESIAN_POINT('Ctrl Pts',(-24.8389540718304,-7.52297331726995,-13.4861101882758));
#4247=CARTESIAN_POINT('Ctrl Pts',(-24.8955664820714,-7.49647764627428,-13.0251951864624));
#4248=CARTESIAN_POINT('Ctrl Pts',(-24.7454120285667,-7.46998197527861,-12.6461991575722));
#4249=CARTESIAN_POINT('Ctrl Pts',(-24.595257575062,-7.44348630428294,-12.267203128682));
#4250=CARTESIAN_POINT('Ctrl Pts',(-24.2383362578115,-7.41699063328727,-11.970126072715));
#4251=CARTESIAN_POINT('Ctrl Pts',(-23.8383827020002,-7.3904949622916,-11.8912495678757));
#4252=CARTESIAN_POINT('Ctrl Pts',(-23.4384291461888,-7.36399929129592,-11.8123730630365));
#4253=CARTESIAN_POINT('Ctrl Pts',(-22.9954433518164,-7.33750362030025,-11.951697109325));
#4254=CARTESIAN_POINT('Ctrl Pts',(-22.7126412925396,-7.31100794930458,-12.2453079829156));
#4255=CARTESIAN_POINT('Ctrl Pts',(-22.4298392332628,-7.28451227830891,-12.5389188565062));
#4256=CARTESIAN_POINT('Ctrl Pts',(-22.3072209090814,-7.25801660731324,-12.9868165573988));
#4257=CARTESIAN_POINT('Ctrl Pts',(-22.401036435582,-7.23152093631757,-13.3835318165069));
#4258=CARTESIAN_POINT('Ctrl Pts',(-22.4948519620827,-7.2050252653219,-13.7802470756151));
#4259=CARTESIAN_POINT('Ctrl Pts',(-22.8051013392653,-7.17852959432623,-14.1257798929388));
#4260=CARTESIAN_POINT('Ctrl Pts',(-23.1894602983578,-7.15203392333056,-14.2616200209832));
#4261=CARTESIAN_POINT('Ctrl Pts',(-23.5738192574504,-7.12553825233488,-14.3974601490277));
#4262=CARTESIAN_POINT('Ctrl Pts',(-24.0322877984529,-7.09904258133921,-14.3236075877928));
#4263=CARTESIAN_POINT('Ctrl Pts',(-24.3545473690906,-7.07254691034354,-14.0739415729765));
#4264=CARTESIAN_POINT('Ctrl Pts',(-24.6768069397283,-7.04605123934787,-13.8242755581603));
#4265=CARTESIAN_POINT('Ctrl Pts',(-24.8628575400012,-7.0195555683522,-13.3987960897626));
#4266=CARTESIAN_POINT('Ctrl Pts',(-24.8273500360001,-6.99305989735653,-12.9926882629709));
#4267=CARTESIAN_POINT('Ctrl Pts',(-24.7918425319989,-6.96656422636086,-12.5865804361793));
#4268=CARTESIAN_POINT('Ctrl Pts',(-24.5347769237236,-6.94006855536518,-12.1998442509936));
#4269=CARTESIAN_POINT('Ctrl Pts',(-24.1740798773177,-6.91357288436951,-12.0098916502327));
#4270=CARTESIAN_POINT('Ctrl Pts',(-23.8133828309117,-6.88707721337384,-11.8199390494717));
#4271=CARTESIAN_POINT('Ctrl Pts',(-23.3490543463751,-6.86058154237818,-11.8267700331354));
#4272=CARTESIAN_POINT('Ctrl Pts',(-22.9941011753469,-6.83408587138251,-12.0272509454409));
#4273=CARTESIAN_POINT('Ctrl Pts',(-22.6391480043186,-6.80759020038684,-12.2277318577464));
#4274=CARTESIAN_POINT('Ctrl Pts',(-22.3935701467989,-6.78109452939116,-12.6218626986938));
#4275=CARTESIAN_POINT('Ctrl Pts',(-22.3700243607656,-6.75459885839549,-13.0288392898902));
#4276=CARTESIAN_POINT('Ctrl Pts',(-22.3464785747322,-6.72810318739982,-13.4358158810867));
#4277=CARTESIAN_POINT('Ctrl Pts',(-22.5449648601854,-6.70160751640414,-13.8556382225324));
#4278=CARTESIAN_POINT('Ctrl Pts',(-22.874429318178,-6.67511184540848,-14.0957163780183));
#4279=CARTESIAN_POINT('Ctrl Pts',(-23.2038937761705,-6.6486161744128,-14.3357945335042));
#4280=CARTESIAN_POINT('Ctrl Pts',(-23.6643364067023,-6.62212050341713,-14.3961285030305));
#4281=CARTESIAN_POINT('Ctrl Pts',(-24.0445330606809,-6.59562483242147,-14.2490405901165));
#4282=CARTESIAN_POINT('Ctrl Pts',(-24.4247297146594,-6.56912916142579,-14.1019526772025));
#4283=CARTESIAN_POINT('Ctrl Pts',(-24.7246803920845,-6.54263349043012,-13.7474428818483));
#4284=CARTESIAN_POINT('Ctrl Pts',(-24.8067852652954,-6.51613781943445,-13.3481395640348));
#4285=CARTESIAN_POINT('Ctrl Pts',(-24.8888901385064,-6.48964214843878,-12.9488362462213));
#4286=CARTESIAN_POINT('Ctrl Pts',(-24.753149207503,-6.46314647744311,-12.5047394059485));
#4287=CARTESIAN_POINT('Ctrl Pts',(-24.4618324723832,-6.43665080644744,-12.2195746997506));
#4288=CARTESIAN_POINT('Ctrl Pts',(-24.1705157372634,-6.41015513545177,-11.9344099935526));
#4289=CARTESIAN_POINT('Ctrl Pts',(-23.7236231980272,-6.3836594644561,-11.8081774214294));
#4290=CARTESIAN_POINT('Ctrl Pts',(-23.3261630143816,-6.35716379346042,-11.8987851045375));
#4291=CARTESIAN_POINT('Ctrl Pts',(-22.928702830736,-6.33066812246475,-11.9893927876457));
#4292=CARTESIAN_POINT('Ctrl Pts',(-22.580675002681,-6.30417245146908,-12.2968407259852));
#4293=CARTESIAN_POINT('Ctrl Pts',(-22.44173434271,-6.27767678047341,-12.6800897870782));
#4294=CARTESIAN_POINT('Ctrl Pts',(-22.302793682739,-6.25118110947774,-13.0633388481712));
#4295=CARTESIAN_POINT('Ctrl Pts',(-22.3729401908519,-6.22468543848207,-13.5223890320176));
#4296=CARTESIAN_POINT('Ctrl Pts',(-22.6199947517682,-6.1981897674864,-13.8466549626244));
#4297=CARTESIAN_POINT('Ctrl Pts',(-22.8670493126845,-6.17169409649073,-14.1709208932312));
#4298=CARTESIAN_POINT('Ctrl Pts',(-23.2910119264042,-6.14519842549505,-14.3604025705983));
#4299=CARTESIAN_POINT('Ctrl Pts',(-23.6973933419502,-6.11870275449938,-14.3281768833182));
#4300=CARTESIAN_POINT('Ctrl Pts',(-24.1037747574962,-6.09220708350371,-14.2959511960381));
#4301=CARTESIAN_POINT('Ctrl Pts',(-24.4925749748684,-6.06571141250804,-14.0420181441108));
#4302=CARTESIAN_POINT('Ctrl Pts',(-24.6854351939997,-6.03921574151237,-13.6828673600403));
#4303=CARTESIAN_POINT('Ctrl Pts',(-24.878295413131,-6.0127200705167,-13.3237165759697));
#4304=CARTESIAN_POINT('Ctrl Pts',(-24.8752156340212,-5.98622439952103,-12.859348059756));
#4305=CARTESIAN_POINT('Ctrl Pts',(-24.6776086791997,-5.95972872852536,-12.5027869272303));
#4306=CARTESIAN_POINT('Ctrl Pts',(-24.4800017243782,-5.93323305752968,-12.1462257947046));
#4307=CARTESIAN_POINT('Ctrl Pts',(-24.0878675938449,-5.90673738653401,-11.897472045867));
#4308=CARTESIAN_POINT('Ctrl Pts',(-23.6810944920357,-5.88024171553834,-11.8706393518845));
#4309=CARTESIAN_POINT('Ctrl Pts',(-23.2743213902265,-5.85374604454267,-11.843806657902));
#4310=CARTESIAN_POINT('Ctrl Pts',(-22.8529093171414,-5.82725037354701,-12.0388950187747));
#4311=CARTESIAN_POINT('Ctrl Pts',(-22.6101774848871,-5.80075470255134,-12.3664093046193));
#4312=CARTESIAN_POINT('Ctrl Pts',(-22.3674456526328,-5.77425903155567,-12.693923590464));
#4313=CARTESIAN_POINT('Ctrl Pts',(-22.3033940612094,-5.74776336055999,-13.1538638012805));
#4314=CARTESIAN_POINT('Ctrl Pts',(-22.4474058345922,-5.72126768956432,-13.5352362687569));
#4315=CARTESIAN_POINT('Ctrl Pts',(-22.591417607975,-5.69477201856865,-13.9166087362332));
#4316=CARTESIAN_POINT('Ctrl Pts',(-22.9434927461639,-5.66827634757298,-14.2194134603693));
#4317=CARTESIAN_POINT('Ctrl Pts',(-23.3421197674903,-5.64178067657731,-14.3047413437972));
#4318=CARTESIAN_POINT('Ctrl Pts',(-23.7407467888167,-5.61528500558164,-14.3900692272251));
#4319=CARTESIAN_POINT('Ctrl Pts',(-24.1859256932805,-5.58878933458596,-14.2579202699448));
#4320=CARTESIAN_POINT('Ctrl Pts',(-24.4734344365833,-5.56229366359029,-13.9689166845929));
#4321=CARTESIAN_POINT('Ctrl Pts',(-24.7609431798861,-5.53579799259462,-13.6799130992409));
#4322=CARTESIAN_POINT('Ctrl Pts',(-24.8907817620279,-5.50930232159895,-13.2340548858173));
#4323=CARTESIAN_POINT('Ctrl Pts',(-24.8033878353593,-5.48280665060328,-12.8358757158407));
#4324=CARTESIAN_POINT('Ctrl Pts',(-24.7159939086908,-5.45631097960761,-12.437696545864));
#4325=CARTESIAN_POINT('Ctrl Pts',(-24.4113674732119,-5.42981530861194,-12.0871964193344));
#4326=CARTESIAN_POINT('Ctrl Pts',(-24.0292533209087,-5.40331963761627,-11.9451642946884));
#4327=CARTESIAN_POINT('Ctrl Pts',(-23.6471391686054,-5.3768239666206,-11.8031321700425));
#4328=CARTESIAN_POINT('Ctrl Pts',(-23.1875372994779,-5.35032829562493,-11.8695680472804));
#4329=CARTESIAN_POINT('Ctrl Pts',(-22.8612861704598,-5.32383262462926,-12.1139950315442));
#4330=CARTESIAN_POINT('Ctrl Pts',(-22.5350350414418,-5.29733695363358,-12.3584220158079));
#4331=CARTESIAN_POINT('Ctrl Pts',(-22.3421346525332,-5.27084128263791,-12.7808401070976));
#4332=CARTESIAN_POINT('Ctrl Pts',(-22.3710764200475,-5.24434561164224,-13.1874685909929));
#4333=CARTESIAN_POINT('Ctrl Pts',(-22.4000181875619,-5.21784994064657,-13.5940970748881));
#4334=CARTESIAN_POINT('Ctrl Pts',(-22.6508021114991,-5.1913542696509,-13.984935951389));
#4335=CARTESIAN_POINT('Ctrl Pts',(-23.0083831950948,-5.16485859865523,-14.1806912028546));
#4336=CARTESIAN_POINT('Ctrl Pts',(-23.3659642786906,-5.13836292765956,-14.3764464543202));
#4337=CARTESIAN_POINT('Ctrl Pts',(-23.8303425219448,-5.11186725666388,-14.3771180807504));
#4338=CARTESIAN_POINT('Ctrl Pts',(-24.1884883468289,-5.08537158566821,-14.1823979792203));
#4339=CARTESIAN_POINT('Ctrl Pts',(-24.5466341717131,-5.05887591467254,-13.9876778776902));
#4340=CARTESIAN_POINT('Ctrl Pts',(-24.7985475782272,-5.03238024367687,-13.5975660481998));
#4341=CARTESIAN_POINT('Ctrl Pts',(-24.8286654290603,-5.0058845726812,-13.1910229817443));
#4342=CARTESIAN_POINT('Ctrl Pts',(-24.8587832798934,-4.97938890168553,-12.7844799152888));
#4343=CARTESIAN_POINT('Ctrl Pts',(-24.6671055750455,-4.95289323068986,-12.3615056118682));
#4344=CARTESIAN_POINT('Ctrl Pts',(-24.3415628348939,-4.92639755969419,-12.1161359434974));
#4345=CARTESIAN_POINT('Ctrl Pts',(-24.0160200947422,-4.89990188869851,-11.8707662751266));
#4346=CARTESIAN_POINT('Ctrl Pts',(-23.5566123192868,-4.87340621770285,-11.8030012418056));
#4347=CARTESIAN_POINT('Ctrl Pts',(-23.1740889266365,-4.84691054670717,-11.9439274774652));
#4348=CARTESIAN_POINT('Ctrl Pts',(-22.7915655339863,-4.8204148757115,-12.0848537131248));
#4349=CARTESIAN_POINT('Ctrl Pts',(-22.4859265241412,-4.79391920471583,-12.434471217765));
#4350=CARTESIAN_POINT('Ctrl Pts',(-22.3973811989843,-4.76742353372016,-12.8323959282501));
#4351=CARTESIAN_POINT('Ctrl Pts',(-22.3088358738274,-4.74092786272449,-13.2303206387353));
#4352=CARTESIAN_POINT('Ctrl Pts',(-22.4373842333587,-4.71443219172882,-13.6765525550654));
#4353=CARTESIAN_POINT('Ctrl Pts',(-22.7240558086017,-4.68793652073315,-13.9663865726851));
#4354=CARTESIAN_POINT('Ctrl Pts',(-23.0107273838446,-4.66144084973748,-14.2562205903048));
#4355=CARTESIAN_POINT('Ctrl Pts',(-23.4555221747992,-4.63494517874181,-14.389656709214));
#4356=CARTESIAN_POINT('Ctrl Pts',(-23.8543943459795,-4.60844950774614,-14.3054822423027));
#4357=CARTESIAN_POINT('Ctrl Pts',(-24.2532665171597,-4.58195383675047,-14.2213077753915));
#4358=CARTESIAN_POINT('Ctrl Pts',(-24.6062160685656,-4.55545816575479,-13.9195227226598));
#4359=CARTESIAN_POINT('Ctrl Pts',(-24.7513303888861,-4.52896249475912,-13.5385684158725));
#4360=CARTESIAN_POINT('Ctrl Pts',(-24.8964447092066,-4.50246682376345,-13.1576141090853));
#4361=CARTESIAN_POINT('Ctrl Pts',(-24.8337237984416,-4.47597115276778,-12.6974905482424));
#4362=CARTESIAN_POINT('Ctrl Pts',(-24.5919403421076,-4.44947548177211,-12.3692755119247));
#4363=CARTESIAN_POINT('Ctrl Pts',(-24.3501568857737,-4.42297981077644,-12.041060475607));
#4364=CARTESIAN_POINT('Ctrl Pts',(-23.9293108838707,-4.39648413978077,-11.8447539638144));
#4365=CARTESIAN_POINT('Ctrl Pts',(-23.5224618681548,-4.3699884687851,-11.8704099228265));
#4366=CARTESIAN_POINT('Ctrl Pts',(-23.1156128524389,-4.34349279778943,-11.8960658818386));
#4367=CARTESIAN_POINT('Ctrl Pts',(-22.72276082291,-4.31699712679375,-12.1436843116555));
#4368=CARTESIAN_POINT('Ctrl Pts',(-22.5241233140757,-4.29050145579808,-12.4996723590755));
#4369=CARTESIAN_POINT('Ctrl Pts',(-22.3254858052413,-4.26400578480241,-12.8556604064955));
#4370=CARTESIAN_POINT('Ctrl Pts',(-22.3210628171014,-4.23751011380674,-13.3200180715187));
#4371=CARTESIAN_POINT('Ctrl Pts',(-22.5128833579284,-4.21101444281107,-13.6797252162054));
#4372=CARTESIAN_POINT('Ctrl Pts',(-22.7047038987553,-4.1845187718154,-14.0394323608922));
#4373=CARTESIAN_POINT('Ctrl Pts',(-23.0927679685491,-4.15802310081973,-14.2944889852425));
#4374=CARTESIAN_POINT('Ctrl Pts',(-23.4990544686966,-4.13152742982406,-14.3278900274387));
#4375=CARTESIAN_POINT('Ctrl Pts',(-23.905340968844,-4.10503175882839,-14.3612910696349));
#4376=CARTESIAN_POINT('Ctrl Pts',(-24.329849899345,-4.07853608783271,-14.1730365296771));
#4377=CARTESIAN_POINT('Ctrl Pts',(-24.5778413910357,-4.05204041683704,-13.8494865801007));
#4378=CARTESIAN_POINT('Ctrl Pts',(-24.8258328827263,-4.02554474584137,-13.5259366305243));
#4379=CARTESIAN_POINT('Ctrl Pts',(-24.8973069356065,-3.99904907484571,-13.0670912713293));
#4380=CARTESIAN_POINT('Ctrl Pts',(-24.7594754345002,-3.97255340385003,-12.6834419169383));
#4381=CARTESIAN_POINT('Ctrl Pts',(-24.621643933394,-3.94605773285436,-12.2997925625473));
#4382=CARTESIAN_POINT('Ctrl Pts',(-24.2745068783013,-3.91956206185869,-11.9913392129602));
#4383=CARTESIAN_POINT('Ctrl Pts',(-23.8773104471788,-3.89306639086302,-11.8995822245322));
#4384=CARTESIAN_POINT('Ctrl Pts',(-23.4801140160563,-3.86657071986735,-11.8078252361042));
#4385=CARTESIAN_POINT('Ctrl Pts',(-23.0328582089039,-3.84007504887168,-11.9327646088352));
#4386=CARTESIAN_POINT('Ctrl Pts',(-22.7407178315025,-3.81357937787601,-12.2170854658147));
#4387=CARTESIAN_POINT('Ctrl Pts',(-22.448577454101,-3.78708370688034,-12.5014063227942));
#4388=CARTESIAN_POINT('Ctrl Pts',(-22.3115525064504,-3.76058803588466,-12.9451086640222));
#4389=CARTESIAN_POINT('Ctrl Pts',(-22.3925020203881,-3.73409236488899,-13.3446478060534));
#4390=CARTESIAN_POINT('Ctrl Pts',(-22.4734515343259,-3.70759669389332,-13.7441869480847));
#4391=CARTESIAN_POINT('Ctrl Pts',(-22.7723755098521,-3.68110102289765,-14.0995628909192));
#4392=CARTESIAN_POINT('Ctrl Pts',(-23.1521451100886,-3.65460535190198,-14.2477499367702));
#4393=CARTESIAN_POINT('Ctrl Pts',(-23.5319147103251,-3.62810968090631,-14.3959369826212));
#4394=CARTESIAN_POINT('Ctrl Pts',(-23.992529935272,-3.60161400991064,-14.3369351314886));
#4395=CARTESIAN_POINT('Ctrl Pts',(-24.3226874596133,-3.57511833891497,-14.0978109818453));
#4396=CARTESIAN_POINT('Ctrl Pts',(-24.6528449839547,-3.5486226679193,-13.8586868322021));
#4397=CARTESIAN_POINT('Ctrl Pts',(-24.8525448076906,-3.52212699692363,-13.4394403840481));
#4398=CARTESIAN_POINT('Ctrl Pts',(-24.8301763314857,-3.49563132592796,-13.0323973874321));
#4399=CARTESIAN_POINT('Ctrl Pts',(-24.8078078552808,-3.46913565493228,-12.6253543908162));
#4400=CARTESIAN_POINT('Ctrl Pts',(-24.563371079135,-3.44263998393661,-12.2305148457382));
#4401=CARTESIAN_POINT('Ctrl Pts',(-24.2089992996302,-3.41614431294094,-12.0290080425963));
#4402=CARTESIAN_POINT('Ctrl Pts',(-23.8546275201255,-3.38964864194527,-11.8275012394544));
#4403=CARTESIAN_POINT('Ctrl Pts',(-23.3903207372617,-3.3631529709496,-11.8193271782485));
#4404=CARTESIAN_POINT('Ctrl Pts',(-23.0290757472198,-3.33665729995393,-12.0082356401856));
#4405=CARTESIAN_POINT('Ctrl Pts',(-22.6678307571779,-3.31016162895826,-12.1971441021227));
#4406=CARTESIAN_POINT('Ctrl Pts',(-22.4096475599578,-3.28366595796259,-12.5831350872028));
#4407=CARTESIAN_POINT('Ctrl Pts',(-22.3729655061467,-3.25717028696691,-12.9891385068313));
#4408=CARTESIAN_POINT('Ctrl Pts',(-22.3362834523356,-3.23067461597124,-13.3951419264598));
#4409=CARTESIAN_POINT('Ctrl Pts',(-22.5211025419334,-3.20417894497557,-13.8211577806367));
#4410=CARTESIAN_POINT('Ctrl Pts',(-22.8426385861016,-3.1776832739799,-14.0717549117506));
#4411=CARTESIAN_POINT('Ctrl Pts',(-23.1641746302698,-3.15118760298423,-14.3223520428645));
#4412=CARTESIAN_POINT('Ctrl Pts',(-23.6224276290084,-3.12469193198856,-14.3975304509153));
#4413=CARTESIAN_POINT('Ctrl Pts',(-24.0071779082268,-3.09819626099289,-14.2628026792305));
#4414=CARTESIAN_POINT('Ctrl Pts',(-24.3919281874453,-3.07170058999722,-14.1280749075457));
#4415=CARTESIAN_POINT('Ctrl Pts',(-24.7031757471437,-3.04520491900155,-13.7834409561252));
#4416=CARTESIAN_POINT('Ctrl Pts',(-24.7981384107922,-3.01870924800587,-13.3869987253593));
#4417=CARTESIAN_POINT('Ctrl Pts',(-24.8931010744407,-2.9922135770102,-12.9905564945935));
#4418=CARTESIAN_POINT('Ctrl Pts',(-24.7717788420393,-2.96571790601453,-12.5423059844822));
#4419=CARTESIAN_POINT('Ctrl Pts',(-24.4898272580701,-2.93922223501886,-12.2478783123468));
#4420=CARTESIAN_POINT('Ctrl Pts',(-24.2078756741009,-2.91272656402319,-11.9534506402113));
#4421=CARTESIAN_POINT('Ctrl Pts',(-23.7652947385638,-2.88623089302752,-11.8128458060518));
#4422=CARTESIAN_POINT('Ctrl Pts',(-23.3651146995606,-2.85973522203185,-11.89056508426));
#4423=CARTESIAN_POINT('Ctrl Pts',(-22.9649346605573,-2.83323955103618,-11.9682843624682));
#4424=CARTESIAN_POINT('Ctrl Pts',(-22.6071555180879,-2.80674388004051,-12.2643277530442));
#4425=CARTESIAN_POINT('Ctrl Pts',(-22.4559054173762,-2.78024820904483,-12.642887863009));
#4426=CARTESIAN_POINT('Ctrl Pts',(-22.3046553166645,-2.75375253804916,-13.0214479729738));
#4427=CARTESIAN_POINT('Ctrl Pts',(-22.3599342577106,-2.72725686705349,-13.4825248023273));
#4428=CARTESIAN_POINT('Ctrl Pts',(-22.5963834954483,-2.70076119605782,-13.8146032686498));
#4429=CARTESIAN_POINT('Ctrl Pts',(-22.832832733186,-2.67426552506215,-14.1466817349723));
#4430=CARTESIAN_POINT('Ctrl Pts',(-23.2504522676154,-2.64776985406648,-14.3497618382637));
#4431=CARTESIAN_POINT('Ctrl Pts',(-23.6576626815517,-2.62127418307081,-14.3306823046302));
#4432=CARTESIAN_POINT('Ctrl Pts',(-24.064873095488,-2.59477851207514,-14.3116027709966));
#4433=CARTESIAN_POINT('Ctrl Pts',(-24.4616743889312,-2.56828284107947,-14.0703636004382));
#4434=CARTESIAN_POINT('Ctrl Pts',(-24.6660373360695,-2.54178717008379,-13.7176312151108));
#4435=CARTESIAN_POINT('Ctrl Pts',(-24.8704002832079,-2.51529149908812,-13.3648988297834));
#4436=CARTESIAN_POINT('Ctrl Pts',(-24.8823248840415,-2.48879582809245,-12.900673229687));
#4437=CARTESIAN_POINT('Ctrl Pts',(-24.696340829139,-2.46230015709678,-12.5379139690969));
#4438=CARTESIAN_POINT('Ctrl Pts',(-24.5103567742365,-2.43580448610111,-12.1751547085068));
#4439=CARTESIAN_POINT('Ctrl Pts',(-24.126464063598,-2.40930881510544,-11.9138617874231));
#4440=CARTESIAN_POINT('Ctrl Pts',(-23.7207702202255,-2.38281314410977,-11.8739011158637));
#4441=CARTESIAN_POINT('Ctrl Pts',(-23.3150763768529,-2.3563174731141,-11.8339404443044));
#4442=CARTESIAN_POINT('Ctrl Pts',(-22.8875814007464,-2.32982180211843,-12.0153120222696));
#4443=CARTESIAN_POINT('Ctrl Pts',(-22.6343949841497,-2.30332613112276,-12.3348131776238));
#4444=CARTESIAN_POINT('Ctrl Pts',(-22.3812085675529,-2.27683046012709,-12.6543143329781));
#4445=CARTESIAN_POINT('Ctrl Pts',(-22.3023307104658,-2.25033478913141,-13.1119450657215));
#4446=CARTESIAN_POINT('Ctrl Pts',(-22.4339459604101,-2.22383911813574,-13.4977711610078));
#4447=CARTESIAN_POINT('Ctrl Pts',(-22.5655612103544,-2.19734344714007,-13.8835972562942));
#4448=CARTESIAN_POINT('Ctrl Pts',(-22.90766956733,-2.1708477761444,-14.1976187141236));
#4449=CARTESIAN_POINT('Ctrl Pts',(-23.3033317259643,-2.14435210514873,-14.29578085574));
#4450=CARTESIAN_POINT('Ctrl Pts',(-23.6989938845986,-2.11785643415306,-14.3939429973563));
#4451=CARTESIAN_POINT('Ctrl Pts',(-24.1482098448914,-2.09136076315739,-14.2762458227596));
#4452=CARTESIAN_POINT('Ctrl Pts',(-24.4449055974444,-2.06486509216172,-13.996681911929));
#4453=CARTESIAN_POINT('Ctrl Pts',(-24.7416013499973,-2.03836942116605,-13.7171180010984));
#4454=CARTESIAN_POINT('Ctrl Pts',(-24.8857768948103,-2.01187375017038,-13.275687354034));
#4455=CARTESIAN_POINT('Ctrl Pts',(-24.8112929242829,-1.9853780791747,-12.8748925337626));
#4456=CARTESIAN_POINT('Ctrl Pts',(-24.7368089537555,-1.95888240817903,-12.4740977134913));
#4457=CARTESIAN_POINT('Ctrl Pts',(-24.4436654678877,-1.93238673718336,-12.1139387200132));
#4458=CARTESIAN_POINT('Ctrl Pts',(-24.0663395529845,-1.90589106618769,-11.9596354350052));
#4459=CARTESIAN_POINT('Ctrl Pts',(-23.6890136380812,-1.87939539519202,-11.8053321499972));
#4460=CARTESIAN_POINT('Ctrl Pts',(-23.2275052941424,-1.85289972419635,-11.8568845734592));
#4461=CARTESIAN_POINT('Ctrl Pts',(-22.8935275572419,-1.82640405320068,-12.090643468641));
#4462=CARTESIAN_POINT('Ctrl Pts',(-22.5595498203413,-1.79990838220501,-12.3244023638229));
#4463=CARTESIAN_POINT('Ctrl Pts',(-22.353102690479,-1.77341271120933,-12.7403677307244));
#4464=CARTESIAN_POINT('Ctrl Pts',(-22.3688920364128,-1.74691704021366,-13.1477189874756));
#4465=CARTESIAN_POINT('Ctrl Pts',(-22.3846813823467,-1.72042136921799,-13.5550702442268));
#4466=CARTESIAN_POINT('Ctrl Pts',(-22.6227072040768,-1.69392569822232,-13.9538073908277));
#4467=CARTESIAN_POINT('Ctrl Pts',(-22.9737771759515,-1.66743002722665,-14.1610131452598));
#4468=CARTESIAN_POINT('Ctrl Pts',(-23.3248471478262,-1.64093435623098,-14.368218899692));
#4469=CARTESIAN_POINT('Ctrl Pts',(-23.7889612698455,-1.61443868523531,-14.3838932619555));
#4470=CARTESIAN_POINT('Ctrl Pts',(-24.1532111273555,-1.58794301423964,-14.2008457513858));
#4471=CARTESIAN_POINT('Ctrl Pts',(-24.5174609848655,-1.56144734324397,-14.0177982408161));
#4472=CARTESIAN_POINT('Ctrl Pts',(-24.7818465778661,-1.5349516722483,-13.6360288574132));
#4473=CARTESIAN_POINT('Ctrl Pts',(-24.825083259345,-1.50845600125263,-13.2306710658311));
#4474=CARTESIAN_POINT('Ctrl Pts',(-24.8683199408239,-1.48196033025696,-12.825313274249));
#4475=CARTESIAN_POINT('Ctrl Pts',(-24.690407710781,-1.45546465926128,-12.3963670744876));
#4476=CARTESIAN_POINT('Ctrl Pts',(-24.3729622948494,-1.42896898826561,-12.1406078953242));
#4477=CARTESIAN_POINT('Ctrl Pts',(-24.0555168789177,-1.40247331726994,-11.8848487161607));
#4478=CARTESIAN_POINT('Ctrl Pts',(-23.5985382770973,-1.37597764627427,-11.8022765575951));
#4479=CARTESIAN_POINT('Ctrl Pts',(-23.211661544711,-1.3494819752786,-11.9307706966037));
#4480=CARTESIAN_POINT('Ctrl Pts',(-22.8247848123247,-1.32298630428293,-12.0592648356122));
#4481=CARTESIAN_POINT('Ctrl Pts',(-22.5080099493725,-1.29649063328726,-12.3988252721949));
#4482=CARTESIAN_POINT('Ctrl Pts',(-22.4066547358369,-1.26999496229158,-12.793681537828));
#4483=CARTESIAN_POINT('Ctrl Pts',(-22.3052995223013,-1.24349929129591,-13.1885378034612));
#4484=CARTESIAN_POINT('Ctrl Pts',(-22.4193639581822,-1.21700362030024,-13.6386898981448));
#4485=CARTESIAN_POINT('Ctrl Pts',(-22.6965219515682,-1.19050794930457,-13.9376343687879));
#4486=CARTESIAN_POINT('Ctrl Pts',(-22.9736799449543,-1.1640122783089,-14.236578839431));
#4487=CARTESIAN_POINT('Ctrl Pts',(-23.4139314958455,-1.13751660731323,-14.3843156860336));
#4488=CARTESIAN_POINT('Ctrl Pts',(-23.8153149415543,-1.11102093631756,-14.3130718839952));
#4489=CARTESIAN_POINT('Ctrl Pts',(-24.2166983872632,-1.08452526532189,-14.2418280819568));
#4490=CARTESIAN_POINT('Ctrl Pts',(-24.5792137277897,-1.05802959432622,-13.9516036312773));
#4491=CARTESIAN_POINT('Ctrl Pts',(-24.7365601272909,-1.03153392333055,-13.575536535696));
#4492=CARTESIAN_POINT('Ctrl Pts',(-24.893906526792,-1.00503825233488,-13.1994694401147));
#4493=CARTESIAN_POINT('Ctrl Pts',(-24.8460839852678,-0.978542581339205,
-12.7375596996317));
#4494=CARTESIAN_POINT('Ctrl Pts',(-24.6150306876985,-0.952046910343534,
-12.401704487475));
#4495=CARTESIAN_POINT('Ctrl Pts',(-24.3839773901291,-0.925551239347862,
-12.0658492753184));
#4496=CARTESIAN_POINT('Ctrl Pts',(-23.9696933365147,-0.899055568352192,
-11.8560485914883));
#4497=CARTESIAN_POINT('Ctrl Pts',(-23.5622278206884,-0.872559897356521,
-11.8685467193638));
#4498=CARTESIAN_POINT('Ctrl Pts',(-23.1547623048622,-0.846064226360849,
-11.8810448472393));
#4499=CARTESIAN_POINT('Ctrl Pts',(-22.7541153268242,-0.819568555365178,
-12.1158417868204));
#4500=CARTESIAN_POINT('Ctrl Pts',(-22.5440802872393,-0.793072884369507,
-12.4652264343556));
#4501=CARTESIAN_POINT('Ctrl Pts',(-22.3340452476544,-0.766577213373836,
-12.8146110818907));
#4502=CARTESIAN_POINT('Ctrl Pts',(-22.3146221465226,-0.740081542378166,
-13.2785834373799));
#4503=CARTESIAN_POINT('Ctrl Pts',(-22.4947211672593,-0.713585871382495,
-13.6443001210984));
#4504=CARTESIAN_POINT('Ctrl Pts',(-22.6748201879959,-0.687090200386823,
-14.010016804817));
#4505=CARTESIAN_POINT('Ctrl Pts',(-23.0544413306009,-0.660594529391151,
-14.2774778167649));
#4506=CARTESIAN_POINT('Ctrl Pts',(-23.4594366164825,-0.63409885839548,-14.3239876861713));
#4507=CARTESIAN_POINT('Ctrl Pts',(-23.8644319023641,-0.607603187399809,
-14.3704975555776));
#4508=CARTESIAN_POINT('Ctrl Pts',(-24.2948013315222,-0.581107516404139,
-14.1960562824422));
#4509=CARTESIAN_POINT('Ctrl Pts',(-24.5531165830271,-0.554611845408468,
-13.8806873230989));
#4510=CARTESIAN_POINT('Ctrl Pts',(-24.8114318345321,-0.528116174412797,
-13.5653183637555));
#4511=CARTESIAN_POINT('Ctrl Pts',(-24.8976929083838,-0.501620503417126,
-13.109021718204));
#4512=CARTESIAN_POINT('Ctrl Pts',(-24.7723282646897,-0.475124832421454,
-12.7211195948766));
#4513=CARTESIAN_POINT('Ctrl Pts',(-24.6469636209956,-0.448629161425783,
-12.3332174715492));
#4514=CARTESIAN_POINT('Ctrl Pts',(-24.3099732597557,-0.422133490430113,
-12.0137098704458));
#4515=CARTESIAN_POINT('Ctrl Pts',(-23.9159486575799,-0.395637819434442,
-11.9091682020608));
#4516=CARTESIAN_POINT('Ctrl Pts',(-23.5219240554041,-0.369142148438771,
-11.8046265336757));
#4517=CARTESIAN_POINT('Ctrl Pts',(-23.0708652122925,-0.3426464774431,-11.9150507980089));
#4518=CARTESIAN_POINT('Ctrl Pts',(-22.7696915284468,-0.316150806447429,
-12.1897847815741));
#4519=CARTESIAN_POINT('Ctrl Pts',(-22.4685178446011,-0.289655135451758,
-12.4645187651393));
#4520=CARTESIAN_POINT('Ctrl Pts',(-22.3172293200213,-0.263159464456087,
-12.9035624679365));
#4521=CARTESIAN_POINT('Ctrl Pts',(-22.385228312275,-0.236663793460415,-13.3055083546086));
#4522=CARTESIAN_POINT('Ctrl Pts',(-22.4532273045286,-0.210168122464744,
-13.7074542412806));
#4523=CARTESIAN_POINT('Ctrl Pts',(-22.7405138136158,-0.183672451469073,
-14.0723023118275));
#4524=CARTESIAN_POINT('Ctrl Pts',(-23.1152975322663,-0.157176780473402,
-14.2326815386371));
#4525=CARTESIAN_POINT('Ctrl Pts',(-23.4900812509168,-0.130681109477731,
-14.3930607654467));
#4526=CARTESIAN_POINT('Ctrl Pts',(-23.9523621791305,-0.10418543848206,-14.348971148519));
#4527=CARTESIAN_POINT('Ctrl Pts',(-24.2900729785028,-0.0776897674863894,
-14.1206385631831));
#4528=CARTESIAN_POINT('Ctrl Pts',(-24.6277837778751,-0.0511940964907184,
-13.8923059778471));
#4529=CARTESIAN_POINT('Ctrl Pts',(-24.8409244484059,-0.0246984254950474,
-13.4797304241029));
#4530=CARTESIAN_POINT('Ctrl Pts',(-24.8317182968443,0.00179724550062359,
-13.072177170914));
#4531=CARTESIAN_POINT('Ctrl Pts',(-24.8225121452827,0.0282929164962947,
-12.6646239177252));
#4532=CARTESIAN_POINT('Ctrl Pts',(-24.5909591716286,0.0547885874919656,
-12.2620929650918));
#4533=CARTESIAN_POINT('Ctrl Pts',(-24.2432827595649,0.0812842584876368,
-12.0492424807581));
#4534=CARTESIAN_POINT('Ctrl Pts',(-23.8956063475012,0.107779929483308,-11.8363919964244));
#4535=CARTESIAN_POINT('Ctrl Pts',(-23.4318064970279,0.134275600478979,-11.8132219803903));
#4536=CARTESIAN_POINT('Ctrl Pts',(-23.0646466415564,0.16077127147465,-11.9903605012406));
#4537=CARTESIAN_POINT('Ctrl Pts',(-22.6974867860849,0.187266942470321,-12.1674990220909));
#4538=CARTESIAN_POINT('Ctrl Pts',(-22.4269669256153,0.213762613465992,-12.5449460798256));
#4539=CARTESIAN_POINT('Ctrl Pts',(-22.3771873115395,0.240258284461663,-12.9495529239324));
#4540=CARTESIAN_POINT('Ctrl Pts',(-22.3274076974637,0.266753955457334,-13.3541597680392));
#4541=CARTESIAN_POINT('Ctrl Pts',(-22.4983683297817,0.293249626453005,-13.7859263985183));
#4542=CARTESIAN_POINT('Ctrl Pts',(-22.811639466917,0.319745297448676,-14.0467799149792));
#4543=CARTESIAN_POINT('Ctrl Pts',(-23.1249106040524,0.346240968444347,-14.3076334314402));
#4544=CARTESIAN_POINT('Ctrl Pts',(-23.5804922460051,0.372736639440018,-14.3975738338831));
#4545=CARTESIAN_POINT('Ctrl Pts',(-23.9693959548326,0.399232310435689,-14.2753486932669));
#4546=CARTESIAN_POINT('Ctrl Pts',(-24.35829966366,0.42572798143136,-14.1531235526508));
#4547=CARTESIAN_POINT('Ctrl Pts',(-24.6805254393622,0.452223652427031,-13.8187328689756));
#4548=CARTESIAN_POINT('Ctrl Pts',(-24.7882438382456,0.478719323422702,-13.4255621317373));
#4549=CARTESIAN_POINT('Ctrl Pts',(-24.895962237129,0.505214994418373,-13.0323913944989));
#4550=CARTESIAN_POINT('Ctrl Pts',(-24.7891732591937,0.531710665414044,-12.5804406036974));
#4551=CARTESIAN_POINT('Ctrl Pts',(-24.5168867954582,0.558206336409715,-12.2770641163991));
#4552=CARTESIAN_POINT('Ctrl Pts',(-24.2446003317227,0.584702007405386,-11.9736876291009));
#4553=CARTESIAN_POINT('Ctrl Pts',(-23.806816382187,0.611197678401058,-11.8188854453059));
#4554=CARTESIAN_POINT('Ctrl Pts',(-23.4043235516036,0.637693349396729,-11.8836221965962));
#4555=CARTESIAN_POINT('Ctrl Pts',(-23.0018307210202,0.6641890203924,-11.9483589478865));
#4556=CARTESIAN_POINT('Ctrl Pts',(-22.6346290093892,0.69068469138807,-12.232634634262));
#4557=CARTESIAN_POINT('Ctrl Pts',(-22.4712480760752,0.717180362383741,-12.6061355308777));
#4558=CARTESIAN_POINT('Ctrl Pts',(-22.3078671427613,0.743676033379412,-12.9796364274934));
#4559=CARTESIAN_POINT('Ctrl Pts',(-22.3483069877645,0.770171704375083,-13.4423625343492));
#4560=CARTESIAN_POINT('Ctrl Pts',(-22.5738641255666,0.796667375370754,-13.7818585424003));
#4561=CARTESIAN_POINT('Ctrl Pts',(-22.7994212633687,0.823163046366426,-14.1213545504514));
#4562=CARTESIAN_POINT('Ctrl Pts',(-23.2100956939697,0.849658717362097,-14.3376204596977));
#4563=CARTESIAN_POINT('Ctrl Pts',(-23.6177877541127,0.876154388357768,-14.3318020531493));
#4564=CARTESIAN_POINT('Ctrl Pts',(-24.0254798142556,0.902650059353439,-14.325983646601));
#4565=CARTESIAN_POINT('Ctrl Pts',(-24.4301895039405,0.92914573034911,-14.0980809242578));
#4566=CARTESIAN_POINT('Ctrl Pts',(-24.6456822878928,0.955641401344781,-13.7519319155527));
#4567=CARTESIAN_POINT('Ctrl Pts',(-24.7672959194176,0.970594267563189,-13.5565822744869));
#4568=CARTESIAN_POINT('Ctrl Pts',(-24.8286454076711,0.985547133781597,-13.3235720918587));
#4569=CARTESIAN_POINT('Ctrl Pts',(-24.8277848821112,1.00050000000001,-13.0914798771678));
#4570=CARTESIAN_POINT('Origin',(-23.6,1.0005,-13.1));
#4571=CARTESIAN_POINT('Ctrl Pts',(-23.7600553822457,1.11461542731881,-11.8804581702073));
#4572=CARTESIAN_POINT('Ctrl Pts',(-24.1661072265669,1.08811975632314,-11.9337493173961));
#4573=CARTESIAN_POINT('Ctrl Pts',(-24.9137268282843,1.03512841433179,-12.4769923167131));
#4574=CARTESIAN_POINT('Ctrl Pts',(-24.8348991936254,0.955641401344779,-13.8701782019147));
#4575=CARTESIAN_POINT('Ctrl Pts',(-23.6207701245707,0.876154388357768,-14.5538863689441));
#4576=CARTESIAN_POINT('Ctrl Pts',(-22.3887468327677,0.796667375370753,-13.9050886412051));
#4577=CARTESIAN_POINT('Ctrl Pts',(-22.2674272977581,0.71718036238374,-12.5169103206375));
#4578=CARTESIAN_POINT('Ctrl Pts',(-23.3690324326513,0.637693349396729,-11.664083261511));
#4579=CARTESIAN_POINT('Ctrl Pts',(-24.6823842812583,0.558206336409714,-12.1284898128959));
#4580=CARTESIAN_POINT('Ctrl Pts',(-25.0027512150644,0.478719323422702,-13.4843421853005));
#4581=CARTESIAN_POINT('Ctrl Pts',(-24.0360738879578,0.399232310435688,-14.4875142363259));
#4582=CARTESIAN_POINT('Ctrl Pts',(-22.6693289620996,0.319745297448676,-14.2176930289973));
#4583=CARTESIAN_POINT('Ctrl Pts',(-22.1564470651457,0.240258284461662,-12.9223931375602));
#4584=CARTESIAN_POINT('Ctrl Pts',(-22.9680066465545,0.16077127147465,-11.7900519643563));
#4585=CARTESIAN_POINT('Ctrl Pts',(-24.3594061979746,0.0812842584876361,
-11.8595620124584));
#4586=CARTESIAN_POINT('Ctrl Pts',(-25.0540651189368,0.00179724550062326,
-13.0671548703586));
#4587=CARTESIAN_POINT('Ctrl Pts',(-24.4146431073443,-0.07768976748639,-14.3048815315914));
#4588=CARTESIAN_POINT('Ctrl Pts',(-23.027800322703,-0.157176780473403,-14.4371503823743));
#4589=CARTESIAN_POINT('Ctrl Pts',(-22.1659407954415,-0.236663793460416,
-13.3426061707338));
#4590=CARTESIAN_POINT('Ctrl Pts',(-22.6198063691808,-0.316150806447429,
-12.025475062342));
#4591=CARTESIAN_POINT('Ctrl Pts',(-23.9729828985158,-0.395637819434443,
-11.6942022693425));
#4592=CARTESIAN_POINT('Ctrl Pts',(-24.9839539822355,-0.475124832421455,
-12.6527250726526));
#4593=CARTESIAN_POINT('Ctrl Pts',(-24.7251707606803,-0.554611845408469,
-14.0216150093069));
#4594=CARTESIAN_POINT('Ctrl Pts',(-23.4340624732059,-0.63409885839548,-14.5449388287129));
#4595=CARTESIAN_POINT('Ctrl Pts',(-22.2951990453909,-0.713585871382496,
-13.7425557928691));
#4596=CARTESIAN_POINT('Ctrl Pts',(-22.3534683487862,-0.793072884369507,
-12.3506387264015));
#4597=CARTESIAN_POINT('Ctrl Pts',(-23.5554092829002,-0.872559897356521,
-11.6462479076582));
#4598=CARTESIAN_POINT('Ctrl Pts',(-24.7982614437436,-0.952046910343534,
-12.2756499591486));
#4599=CARTESIAN_POINT('Ctrl Pts',(-24.9417290683163,-1.03153392333055,-13.6613791805978));
#4600=CARTESIAN_POINT('Ctrl Pts',(-23.8541830467367,-1.11102093631756,-14.5320525326362));
#4601=CARTESIAN_POINT('Ctrl Pts',(-22.5334283940631,-1.19050794930457,-14.0888419928284));
#4602=CARTESIAN_POINT('Ctrl Pts',(-22.1912350864204,-1.26999496229158,-12.7383857087775));
#4603=CARTESIAN_POINT('Ctrl Pts',(-23.1415596752768,-1.3494819752786,-11.7197043990296));
#4604=CARTESIAN_POINT('Ctrl Pts',(-24.5124954807382,-1.42896898826561,-11.9674208747263));
#4605=CARTESIAN_POINT('Ctrl Pts',(-25.0462321708667,-1.50845600125263,-13.2542594740104));
#4606=CARTESIAN_POINT('Ctrl Pts',(-24.2530753918649,-1.58794301423964,-14.3995676242189));
#4607=CARTESIAN_POINT('Ctrl Pts',(-22.8607330258069,-1.66743002722665,-14.3525445374285));
#4608=CARTESIAN_POINT('Ctrl Pts',(-22.1466555606166,-1.74691704021366,-13.1563330976259));
#4609=CARTESIAN_POINT('Ctrl Pts',(-22.7659969502037,-1.82640405320068,-11.9084369969213));
#4610=CARTESIAN_POINT('Ctrl Pts',(-24.1505219820199,-1.90589106618769,-11.7537797265351));
#4611=CARTESIAN_POINT('Ctrl Pts',(-25.0299524396232,-1.98537807917471,-12.8342567069695));
#4612=CARTESIAN_POINT('Ctrl Pts',(-24.5974258051843,-2.06486509216171,-14.1585486481629));
#4613=CARTESIAN_POINT('Ctrl Pts',(-23.2497779243057,-2.14435210514873,-14.511640171953));
#4614=CARTESIAN_POINT('Ctrl Pts',(-22.2234528533787,-2.22383911813574,-13.5695757984648));
#4615=CARTESIAN_POINT('Ctrl Pts',(-22.4600864246399,-2.30332613112276,-12.1966836002347));
#4616=CARTESIAN_POINT('Ctrl Pts',(-23.7425713529595,-2.38281314410977,-11.6525688663393));
#4617=CARTESIAN_POINT('Ctrl Pts',(-24.8942494848751,-2.46230015709678,-12.4364476295906));
#4618=CARTESIAN_POINT('Ctrl Pts',(-24.8584756823743,-2.54178717008379,-13.8291244298798));
#4619=CARTESIAN_POINT('Ctrl Pts',(-23.6680718020449,-2.62127418307081,-14.5528419415551));
#4620=CARTESIAN_POINT('Ctrl Pts',(-22.4152131987566,-2.70076119605782,-13.9436016316809));
#4621=CARTESIAN_POINT('Ctrl Pts',(-22.2493763756185,-2.78024820904483,-12.5603711436202));
#4622=CARTESIAN_POINT('Ctrl Pts',(-23.3227138030268,-2.85973522203185,-11.6722409718922));
#4623=CARTESIAN_POINT('Ctrl Pts',(-24.6504566096379,-2.93922223501886,-12.0940554743709));
#4624=CARTESIAN_POINT('Ctrl Pts',(-25.0144233068421,-3.01870924800587,-13.4388070047048));
#4625=CARTESIAN_POINT('Ctrl Pts',(-24.0806806277469,-3.09819626099289,-14.4727088589661));
#4626=CARTESIAN_POINT('Ctrl Pts',(-22.7059216315313,-3.1776832739799,-14.2471736348136));
#4627=CARTESIAN_POINT('Ctrl Pts',(-22.1514643627377,-3.25717028696692,-12.9691260722829));
#4628=CARTESIAN_POINT('Ctrl Pts',(-22.926013954398,-3.33665729995393,-11.8111531170426));
#4629=CARTESIAN_POINT('Ctrl Pts',(-24.3189343029892,-3.41614431294094,-11.8356753006603));
#4630=CARTESIAN_POINT('Ctrl Pts',(-25.0522446314265,-3.49563132592795,-13.0201939358941));
#4631=CARTESIAN_POINT('Ctrl Pts',(-24.4531451602188,-3.57511833891497,-14.2779332803561));
#4632=CARTESIAN_POINT('Ctrl Pts',(-23.0712994853783,-3.65460535190198,-14.4549388337537));
#4633=CARTESIAN_POINT('Ctrl Pts',(-22.1745275587997,-3.73409236488899,-13.3888110052502));
#4634=CARTESIAN_POINT('Ctrl Pts',(-22.5856024017516,-3.81357937787601,-12.0577039815661));
#4635=CARTESIAN_POINT('Ctrl Pts',(-23.9273698232086,-3.89306639086301,-11.6828858633732));
#4636=CARTESIAN_POINT('Ctrl Pts',(-24.9687809884866,-3.97255340385004,-12.6082459121343));
#4637=CARTESIAN_POINT('Ctrl Pts',(-24.7543588298461,-4.05204041683704,-13.9847819897192));
#4638=CARTESIAN_POINT('Ctrl Pts',(-23.480832038343,-4.13152742982406,-14.5495456095928));
#4639=CARTESIAN_POINT('Ctrl Pts',(-22.3166398289615,-4.21101444281107,-13.7843757365419));
#4640=CARTESIAN_POINT('Ctrl Pts',(-22.3299087933812,-4.29050145579808,-12.3913027414723));
#4641=CARTESIAN_POINT('Ctrl Pts',(-23.5084648819677,-4.3699884687851,-11.6484474520218));
#4642=CARTESIAN_POINT('Ctrl Pts',(-24.7710028876766,-4.44947548177211,-12.2373669873996));
#4643=CARTESIAN_POINT('Ctrl Pts',(-24.9591656199715,-4.52896249475912,-13.6177376699281));
#4644=CARTESIAN_POINT('Ctrl Pts',(-23.9003169657538,-4.60844950774614,-14.5230928281232));
#4645=CARTESIAN_POINT('Ctrl Pts',(-22.5659325928901,-4.68793652073315,-14.1227844713956));
#4646=CARTESIAN_POINT('Ctrl Pts',(-22.1802875142961,-4.76742353372016,-12.7840887224051));
#4647=CARTESIAN_POINT('Ctrl Pts',(-23.0972045438314,-4.84691054670718,-11.7352362084847));
#4648=CARTESIAN_POINT('Ctrl Pts',(-24.4754278701977,-4.92639755969418,-11.9385313084476));
#4649=CARTESIAN_POINT('Ctrl Pts',(-25.0504609847413,-5.00588457268121,-13.2074542187094));
#4650=CARTESIAN_POINT('Ctrl Pts',(-24.2947207651989,-5.08537158566821,-14.3777897071806));
#4651=CARTESIAN_POINT('Ctrl Pts',(-22.9015860354364,-5.16485859865523,-14.37577482789));
#4652=CARTESIAN_POINT('Ctrl Pts',(-22.1492342636246,-5.24434561164224,-13.2032581983872));
#4653=CARTESIAN_POINT('Ctrl Pts',(-22.7279354303503,-5.32383262462926,-11.9360039245183));
#4654=CARTESIAN_POINT('Ctrl Pts',(-24.106741037733,-5.40331963761626,-11.7366962928047));
#4655=CARTESIAN_POINT('Ctrl Pts',(-25.0206203441697,-5.48280665060328,-12.7881966723937));
#4656=CARTESIAN_POINT('Ctrl Pts',(-24.6311045977444,-5.56229366359029,-14.1257713126645));
#4657=CARTESIAN_POINT('Ctrl Pts',(-23.2955678843529,-5.64178067657731,-14.5222181845054));
#4658=CARTESIAN_POINT('Ctrl Pts',(-22.239342469786,-5.72126768956431,-13.6138040120971));
#4659=CARTESIAN_POINT('Ctrl Pts',(-22.4314972440562,-5.80075470255134,-12.2339833796474));
#4660=CARTESIAN_POINT('Ctrl Pts',(-23.6957334633116,-5.88024171553834,-11.6487182970293));
#4661=CARTESIAN_POINT('Ctrl Pts',(-24.8721358549115,-5.95972872852535,-12.3949795435423));
#4662=CARTESIAN_POINT('Ctrl Pts',(-24.8813751922407,-6.03921574151237,-13.7880850921834));
#4663=CARTESIAN_POINT('Ctrl Pts',(-23.7149745401239,-6.11870275449938,-14.5498842479655));
#4664=CARTESIAN_POINT('Ctrl Pts',(-22.4430866989648,-6.1981897674864,-13.9814392158641));
#4665=CARTESIAN_POINT('Ctrl Pts',(-22.232647174626,-6.27767678047341,-12.6042886643247));
#4666=CARTESIAN_POINT('Ctrl Pts',(-23.2767306587909,-6.35716379346043,-11.6819448493061));
#4667=CARTESIAN_POINT('Ctrl Pts',(-24.6174082764997,-6.43665080644744,-12.0606425656758));
#4668=CARTESIAN_POINT('Ctrl Pts',(-25.0246310695097,-6.51613781943445,-13.3929330864941));
#4669=CARTESIAN_POINT('Ctrl Pts',(-24.1247790372342,-6.59562483242147,-14.4564624725567));
#4670=CARTESIAN_POINT('Ctrl Pts',(-22.7434511456386,-6.67511184540847,-14.275460563978));
#4671=CARTESIAN_POINT('Ctrl Pts',(-22.1479922892791,-6.75459885839549,-13.0159935396411));
#4672=CARTESIAN_POINT('Ctrl Pts',(-22.8847258618384,-6.83408587138251,-11.833601016799));
#4673=CARTESIAN_POINT('Ctrl Pts',(-24.2777113154483,-6.91357288436951,-11.813108065808));
#4674=CARTESIAN_POINT('Ctrl Pts',(-25.0489081402742,-6.99305989735654,-12.9733166213649));
#4675=CARTESIAN_POINT('Ctrl Pts',(-24.4907563394554,-7.07254691034353,-14.2497550265579));
#4676=CARTESIAN_POINT('Ctrl Pts',(-23.1153507164479,-7.15203392333056,-14.4713127102625));
#4677=CARTESIAN_POINT('Ctrl Pts',(-22.1846025849001,-7.23152093631757,-13.4347142582913));
#4678=CARTESIAN_POINT('Ctrl Pts',(-22.5524575574441,-7.31100794930458,-12.0910211556136));
#4679=CARTESIAN_POINT('Ctrl Pts',(-23.8814149405611,-7.3904949622916,-11.6730490167479));
#4680=CARTESIAN_POINT('Ctrl Pts',(-24.9521788923125,-7.4699819752786,-12.5642801846491));
#4681=CARTESIAN_POINT('Ctrl Pts',(-24.7823416615893,-7.54946898826562,-13.9470251900891));
#4682=CARTESIAN_POINT('Ctrl Pts',(-23.5277260248459,-7.62895600125264,-14.5526389606129));
#4683=CARTESIAN_POINT('Ctrl Pts',(-22.3394205335634,-7.70844301423964,-13.8254811411564));
#4684=CARTESIAN_POINT('Ctrl Pts',(-22.3076753062782,-7.78793002722668,-12.4327066886503));
#4685=CARTESIAN_POINT('Ctrl Pts',(-23.4616160501966,-7.86741704021366,-11.6521625229978));
#4686=CARTESIAN_POINT('Ctrl Pts',(-24.7425217191983,-7.9469040532007,-12.1999846676109));
#4687=CARTESIAN_POINT('Ctrl Pts',(-24.9751831034393,-8.0263910661877,-13.5735556032717));
#4688=CARTESIAN_POINT('Ctrl Pts',(-23.9461373319591,-8.10587807917471,-14.5126473108315));
#4689=CARTESIAN_POINT('Ctrl Pts',(-22.5995164335717,-8.18536509216173,-14.1556590882868));
#4690=CARTESIAN_POINT('Ctrl Pts',(-22.1708222256647,-8.26485210514874,-12.8301215704789));
#4691=CARTESIAN_POINT('Ctrl Pts',(-23.0533743675464,-8.34433911813575,-11.7521929309729));
#4692=CARTESIAN_POINT('Ctrl Pts',(-24.4374462490497,-8.42382613112276,-11.9108544002815));
#4693=CARTESIAN_POINT('Ctrl Pts',(-25.0531754114501,-8.50331314410978,-13.1605367733589));
#4694=CARTESIAN_POINT('Ctrl Pts',(-24.3356407993365,-8.58280015709678,-14.3546776843975));
#4695=CARTESIAN_POINT('Ctrl Pts',(-22.9431682402303,-8.66228717008382,-14.3976731162926));
#4696=CARTESIAN_POINT('Ctrl Pts',(-22.1533276719874,-8.74177418307081,-13.2500754900435));
#4697=CARTESIAN_POINT('Ctrl Pts',(-22.6907844095598,-8.82126119605784,-11.9647861490133));
#4698=CARTESIAN_POINT('Ctrl Pts',(-24.0624310188367,-8.90074820904483,-11.7210362476498));
#4699=CARTESIAN_POINT('Ctrl Pts',(-25.0098050173016,-8.98023522203186,-12.7424621833084));
#4700=CARTESIAN_POINT('Ctrl Pts',(-24.6637068419374,-9.05972223501887,-14.0919229969255));
#4701=CARTESIAN_POINT('Ctrl Pts',(-23.3416756935392,-9.13920924800588,-14.5313112976328));
#4702=CARTESIAN_POINT('Ctrl Pts',(-22.2566527124086,-9.21869626099289,-13.6574957764573));
#4703=CARTESIAN_POINT('Ctrl Pts',(-22.4041280648628,-9.29818327397991,-12.2721873443527));
#4704=CARTESIAN_POINT('Ctrl Pts',(-23.6487956224718,-9.37767028696692,-11.6463829703982));
#4705=CARTESIAN_POINT('Ctrl Pts',(-24.8486940192907,-9.45715729995393,-12.3542475529661));
#4706=CARTESIAN_POINT('Ctrl Pts',(-24.9029368585255,-9.53664431294095,-13.7463273383317));
#4707=CARTESIAN_POINT('Ctrl Pts',(-23.7617572254851,-9.61613132592796,-14.5454127791432));
#4708=CARTESIAN_POINT('Ctrl Pts',(-22.4721681220924,-9.69561833891497,-14.0183564943543));
#4709=CARTESIAN_POINT('Ctrl Pts',(-22.2173455494859,-9.77510535190199,-12.6487237800074));
#4710=CARTESIAN_POINT('Ctrl Pts',(-23.2310851088978,-9.854592364889,-11.6931292103019));
#4711=CARTESIAN_POINT('Ctrl Pts',(-24.5832975457076,-9.93407937787602,-12.0283149557268));
#4712=CARTESIAN_POINT('Ctrl Pts',(-25.0333517001295,-10.013566390863,-13.3467530676315));
#4713=CARTESIAN_POINT('Ctrl Pts',(-24.1683289875536,-10.09305340385,-14.4388003347642));
#4714=CARTESIAN_POINT('Ctrl Pts',(-22.7818760199463,-10.172540416837,-14.3025192755823));
#4715=CARTESIAN_POINT('Ctrl Pts',(-22.1460341781306,-10.2520274298241,-13.0629505445691));
#4716=CARTESIAN_POINT('Ctrl Pts',(-22.8441884903217,-10.3315144428111,-11.85736761281));
#4717=CARTESIAN_POINT('Ctrl Pts',(-24.235773204256,-10.4110014557981,-11.7918912031043));
#4718=CARTESIAN_POINT('Ctrl Pts',(-25.0440733902055,-10.4904884687851,-12.9265585676188));
#4719=CARTESIAN_POINT('Ctrl Pts',(-24.5274096057101,-10.5699754817721,-14.2204013563));
#4720=CARTESIAN_POINT('Ctrl Pts',(-23.1599616088887,-10.6494624947592,-14.4862067347218));
#4721=CARTESIAN_POINT('Ctrl Pts',(-22.1960522009823,-10.7289495077461,-13.480360563903));
#4722=CARTESIAN_POINT('Ctrl Pts',(-22.5206049604569,-10.8084365207332,-12.1252137137107));
#4723=CARTESIAN_POINT('Ctrl Pts',(-23.8347835406516,-10.8879235337202,-11.6650457634771));
#4724=CARTESIAN_POINT('Ctrl Pts',(-24.9349093345699,-10.9674105467072,-12.5202004229052));
#4725=CARTESIAN_POINT('Ctrl Pts',(-24.8075809169103,-11.0468975596942,-13.9097932340435));
#4726=CARTESIAN_POINT('Ctrl Pts',(-23.9880721953957,-11.0998889016855,-14.3369389709303));
#4727=CARTESIAN_POINT('Ctrl Pts',(-23.5786002440032,-11.1263845726812,-14.3298138275541));
#4728=CARTESIAN_POINT('Ctrl Pts',(-23.7717667516783,1.16657695154587,-11.7912234021737));
#4729=CARTESIAN_POINT('Ctrl Pts',(-24.2075297065596,1.1400812805502,-11.8484139015958));
#4730=CARTESIAN_POINT('Ctrl Pts',(-25.0098531815734,1.08708993855886,-12.4314063886677));
#4731=CARTESIAN_POINT('Ctrl Pts',(-24.9252576712077,1.00760292557185,-13.9265327044939));
#4732=CARTESIAN_POINT('Ctrl Pts',(-23.6222898897833,0.928115912584833,-14.660268298379));
#4733=CARTESIAN_POINT('Ctrl Pts',(-22.3001185522384,0.848628899597821,-13.9639975661714));
#4734=CARTESIAN_POINT('Ctrl Pts',(-22.1699219780819,0.769141886610807,-12.4742452221475));
#4735=CARTESIAN_POINT('Ctrl Pts',(-23.3521323667477,0.689654873623795,-11.559016183085));
#4736=CARTESIAN_POINT('Ctrl Pts',(-24.7615831311066,0.610167860636781,-12.0574037016443));
#4737=CARTESIAN_POINT('Ctrl Pts',(-25.1053915478739,0.530680847649769,-13.5124647842249));
#4738=CARTESIAN_POINT('Ctrl Pts',(-24.0679817334182,0.451193834662755,-14.5890396682522));
#4739=CARTESIAN_POINT('Ctrl Pts',(-22.6012310812776,0.371706821675742,-14.2994754457532));
#4740=CARTESIAN_POINT('Ctrl Pts',(-22.0508212406442,0.292219808688729,-12.9093975134792));
#4741=CARTESIAN_POINT('Ctrl Pts',(-22.9217632304488,0.212732795701716,-11.6942021080897));
#4742=CARTESIAN_POINT('Ctrl Pts',(-24.4149725051434,0.133245782714703,-11.7687982572724));
#4743=CARTESIAN_POINT('Ctrl Pts',(-25.1604601276395,0.05375876972769,-13.0647515681897));
#4744=CARTESIAN_POINT('Ctrl Pts',(-24.474251139589,-0.0257282432593233,
-14.3930435948785));
#4745=CARTESIAN_POINT('Ctrl Pts',(-22.9859320536325,-0.105215256246336,
-14.5349906542554));
#4746=CARTESIAN_POINT('Ctrl Pts',(-22.0610096341323,-0.184702269233349,
-13.3603578417631));
#4747=CARTESIAN_POINT('Ctrl Pts',(-22.548084883999,-0.264189282220363,-11.9468512864159));
#4748=CARTESIAN_POINT('Ctrl Pts',(-24.0002743301145,-0.343676295207376,
-11.5913390207578));
#4749=CARTESIAN_POINT('Ctrl Pts',(-25.085218907765,-0.423163308194389,-12.6199976389442));
#4750=CARTESIAN_POINT('Ctrl Pts',(-24.807500328535,-0.502650321181402,-14.0890502538903));
#4751=CARTESIAN_POINT('Ctrl Pts',(-23.4219207029527,-0.582137334168415,
-14.6506660600821));
#4752=CARTESIAN_POINT('Ctrl Pts',(-22.1997258048097,-0.661624347155428,
-13.789572070396));
#4753=CARTESIAN_POINT('Ctrl Pts',(-22.2622587157705,-0.741111360142441,
-12.2958074136992));
#4754=CARTESIAN_POINT('Ctrl Pts',(-23.5521465475027,-0.820598373129454,
-11.5398758033405));
#4755=CARTESIAN_POINT('Ctrl Pts',(-24.885939110359,-0.900085386116467,-12.2153316634765));
#4756=CARTESIAN_POINT('Ctrl Pts',(-25.0399043659979,-0.979572399103481,
-13.7024557060074));
#4757=CARTESIAN_POINT('Ctrl Pts',(-23.872781806254,-1.05905941209049,-14.6368368642925));
#4758=CARTESIAN_POINT('Ctrl Pts',(-22.4553865692385,-1.13854642507751,-14.1611962849866));
#4759=CARTESIAN_POINT('Ctrl Pts',(-22.0881547268902,-1.21803343806452,-12.711926126493));
#4760=CARTESIAN_POINT('Ctrl Pts',(-23.1080152612727,-1.29752045105153,-11.6187071599342));
#4761=CARTESIAN_POINT('Ctrl Pts',(-24.5792634427434,-1.37700746403854,-11.8845492314135));
#4762=CARTESIAN_POINT('Ctrl Pts',(-25.1520540370278,-1.45649447702556,-13.2655467525965));
#4763=CARTESIAN_POINT('Ctrl Pts',(-24.3008613961477,-1.53598149001257,-14.4946579381861));
#4764=CARTESIAN_POINT('Ctrl Pts',(-22.8066403203781,-1.61546850299959,-14.4441941377282));
#4765=CARTESIAN_POINT('Ctrl Pts',(-22.0403132845642,-1.69495551598659,-13.1604550315985));
#4766=CARTESIAN_POINT('Ctrl Pts',(-22.7049723368039,-1.77444252897361,-11.8212494601107));
#4767=CARTESIAN_POINT('Ctrl Pts',(-24.1908040782653,-1.85392954196062,-11.6552758040865));
#4768=CARTESIAN_POINT('Ctrl Pts',(-25.1345831059371,-1.93341655494764,-12.8148120757721));
#4769=CARTESIAN_POINT('Ctrl Pts',(-24.6704081811734,-2.01290356793465,-14.2360034272968));
#4770=CARTESIAN_POINT('Ctrl Pts',(-23.2241519187671,-2.09239058092166,-14.6149309162422));
#4771=CARTESIAN_POINT('Ctrl Pts',(-22.1227298914308,-2.17187759390868,-13.6039350032306));
#4772=CARTESIAN_POINT('Ctrl Pts',(-22.3766781142477,-2.25136460689569,-12.1305872783007));
#4773=CARTESIAN_POINT('Ctrl Pts',(-23.7530034031761,-2.3308516198827,-11.5466592711933));
#4774=CARTESIAN_POINT('Ctrl Pts',(-24.9889506666951,-2.41033863286972,-12.3878950171217));
#4775=CARTESIAN_POINT('Ctrl Pts',(-24.9505592688896,-2.48982564585673,-13.8824749979198));
#4776=CARTESIAN_POINT('Ctrl Pts',(-23.6730526656091,-2.56931265884375,-14.6591474494737));
#4777=CARTESIAN_POINT('Ctrl Pts',(-22.3285214815925,-2.64879967183075,-14.0053285803404));
#4778=CARTESIAN_POINT('Ctrl Pts',(-22.1505502567613,-2.72828668481777,-12.5208861053485));
#4779=CARTESIAN_POINT('Ctrl Pts',(-23.3024245691019,-2.80777369780478,-11.5677707991039));
#4780=CARTESIAN_POINT('Ctrl Pts',(-24.7273192883919,-2.8872607107918,-12.0204497773736));
#4781=CARTESIAN_POINT('Ctrl Pts',(-25.1179176951476,-2.96674772377881,-13.4635977611466));
#4782=CARTESIAN_POINT('Ctrl Pts',(-24.1158523809966,-3.04623473676582,-14.5731509705978));
#4783=CARTESIAN_POINT('Ctrl Pts',(-22.6405012631068,-3.12572174975284,-14.3311131690683));
#4784=CARTESIAN_POINT('Ctrl Pts',(-22.045473950255,-3.20520876273984,-12.9595499312304));
#4785=CARTESIAN_POINT('Ctrl Pts',(-22.8766979022808,-3.28469577572686,-11.716847247558));
#4786=CARTESIAN_POINT('Ctrl Pts',(-24.3715392519885,-3.36418278871387,-11.7431637372939));
#4787=CARTESIAN_POINT('Ctrl Pts',(-25.158506433726,-3.44366980170089,-13.0143544677888));
#4788=CARTESIAN_POINT('Ctrl Pts',(-24.5155704158445,-3.5231568146879,-14.3641235203821));
#4789=CARTESIAN_POINT('Ctrl Pts',(-23.0326140818694,-3.60264382767491,-14.5540806996381));
#4790=CARTESIAN_POINT('Ctrl Pts',(-22.0702246972485,-3.68213084066192,-13.4099435178295));
#4791=CARTESIAN_POINT('Ctrl Pts',(-22.5113781872456,-3.76161785364894,-11.9814384192417));
#4792=CARTESIAN_POINT('Ctrl Pts',(-23.9513237127117,-3.84110486663595,-11.5791945850834));
#4793=CARTESIAN_POINT('Ctrl Pts',(-25.0689356949613,-3.92059187962297,-12.5722639057051));
#4794=CARTESIAN_POINT('Ctrl Pts',(-24.8388241100787,-4.00007889260997,-14.0495221353084));
#4795=CARTESIAN_POINT('Ctrl Pts',(-23.4721124313925,-4.07956590559699,-14.6556099224898));
#4796=CARTESIAN_POINT('Ctrl Pts',(-22.2227354262026,-4.15905291858401,-13.8344520099474));
#4797=CARTESIAN_POINT('Ctrl Pts',(-22.2369752904579,-4.23853993157101,-12.3394468445068));
#4798=CARTESIAN_POINT('Ctrl Pts',(-23.5017671904044,-4.31802694455803,-11.5422362899746));
#4799=CARTESIAN_POINT('Ctrl Pts',(-24.8566860257994,-4.39751395754504,-12.1742474986727));
#4800=CARTESIAN_POINT('Ctrl Pts',(-25.0586167628962,-4.47700097053206,-13.6556209140692));
#4801=CARTESIAN_POINT('Ctrl Pts',(-23.9222913778822,-4.55648798351907,-14.6272215716444));
#4802=CARTESIAN_POINT('Ctrl Pts',(-22.4902691240771,-4.63597499650608,-14.1976223595465));
#4803=CARTESIAN_POINT('Ctrl Pts',(-22.0764061129032,-4.7154620094931,-12.7609732630689));
#4804=CARTESIAN_POINT('Ctrl Pts',(-23.0604146324044,-4.79494902248011,-11.6353754432518));
#4805=CARTESIAN_POINT('Ctrl Pts',(-24.539483568017,-4.87443603546712,-11.8535457944316));
#4806=CARTESIAN_POINT('Ctrl Pts',(-25.1565922763077,-4.95392304845414,-13.2153167225174));
#4807=CARTESIAN_POINT('Ctrl Pts',(-24.3455539919208,-5.03341006144115,-14.471286515023));
#4808=CARTESIAN_POINT('Ctrl Pts',(-22.8504825746147,-5.11289707442816,-14.4691242055405));
#4809=CARTESIAN_POINT('Ctrl Pts',(-22.0430806731581,-5.19238408741518,-13.210813676318));
#4810=CARTESIAN_POINT('Ctrl Pts',(-22.6641258276931,-5.27187110040218,-11.8508334799708));
#4811=CARTESIAN_POINT('Ctrl Pts',(-24.14381965025,-5.3513581133892,-11.6369423630099));
#4812=CARTESIAN_POINT('Ctrl Pts',(-25.1245681742309,-5.43084512637621,-12.765381794764));
#4813=CARTESIAN_POINT('Ctrl Pts',(-24.7065512756281,-5.51033213936323,-14.2008277501766));
#4814=CARTESIAN_POINT('Ctrl Pts',(-23.2732923636958,-5.58981915235024,-14.6262829297131));
#4815=CARTESIAN_POINT('Ctrl Pts',(-22.1397821626972,-5.66930616533725,-13.6513994276164));
#4816=CARTESIAN_POINT('Ctrl Pts',(-22.3459970424019,-5.74879317832427,-12.1706163098655));
#4817=CARTESIAN_POINT('Ctrl Pts',(-23.702738350871,-5.82828019131127,-11.5425269529095));
#4818=CARTESIAN_POINT('Ctrl Pts',(-24.9652189662465,-5.9077672042983,-12.3433926808747));
#4819=CARTESIAN_POINT('Ctrl Pts',(-24.9751343526486,-5.9872542172853,-13.8384327818554));
#4820=CARTESIAN_POINT('Ctrl Pts',(-23.7233873113524,-6.06674123027233,-14.65597333928));
#4821=CARTESIAN_POINT('Ctrl Pts',(-22.3584345062061,-6.14622824325932,-14.0459347682444));
#4822=CARTESIAN_POINT('Ctrl Pts',(-22.1325969678914,-6.22571525624635,-12.5680171031778));
#4823=CARTESIAN_POINT('Ctrl Pts',(-23.2530768045561,-6.30520226923336,-11.5781847163285));
#4824=CARTESIAN_POINT('Ctrl Pts',(-24.6918527845363,-6.38468928222037,-11.9845920217009));
#4825=CARTESIAN_POINT('Ctrl Pts',(-25.1288723672787,-6.46417629520739,-13.4143672147741));
#4826=CARTESIAN_POINT('Ctrl Pts',(-24.1631775033733,-6.54366330819439,-14.5557158242072));
#4827=CARTESIAN_POINT('Ctrl Pts',(-22.680776839222,-6.62315032118141,-14.3614698735373));
#4828=CARTESIAN_POINT('Ctrl Pts',(-22.0417478226409,-6.70263733416842,-13.0098467254685));
#4829=CARTESIAN_POINT('Ctrl Pts',(-22.8323887297779,-6.78212434715544,-11.7409376765648));
#4830=CARTESIAN_POINT('Ctrl Pts',(-24.327299948286,-6.86161136014245,-11.7189452413549));
#4831=CARTESIAN_POINT('Ctrl Pts',(-25.1549258090747,-6.94109837312946,-12.964047105855));
#4832=CARTESIAN_POINT('Ctrl Pts',(-24.5559336325862,-7.02058538611647,-14.3338834431353));
#4833=CARTESIAN_POINT('Ctrl Pts',(-23.079888573749,-7.10007239910349,-14.571652664672));
#4834=CARTESIAN_POINT('Ctrl Pts',(-22.0810369203805,-7.1795594120905,-13.4592055454834));
#4835=CARTESIAN_POINT('Ctrl Pts',(-22.4758081104278,-7.25904642507752,-12.0171934352927));
#4836=CARTESIAN_POINT('Ctrl Pts',(-23.9020062776753,-7.33853343806453,-11.5686379691929));
#4837=CARTESIAN_POINT('Ctrl Pts',(-25.0511188112622,-7.41802045105154,-12.5250811737698));
#4838=CARTESIAN_POINT('Ctrl Pts',(-24.8688544660958,-7.49750746403856,-14.0090026430224));
#4839=CARTESIAN_POINT('Ctrl Pts',(-23.5224376852005,-7.57699447702557,-14.6589296162675));
#4840=CARTESIAN_POINT('Ctrl Pts',(-22.247183011629,-7.65648149001258,-13.8785651270947));
#4841=CARTESIAN_POINT('Ctrl Pts',(-22.2131149628352,-7.73596850299959,-12.3838803487954));
#4842=CARTESIAN_POINT('Ctrl Pts',(-23.4514903953329,-7.8154555159866,-11.5462231954123));
#4843=CARTESIAN_POINT('Ctrl Pts',(-24.8261208693835,-7.89494252897362,-12.1341298871922));
#4844=CARTESIAN_POINT('Ctrl Pts',(-25.0758062573495,-7.97442954196063,-13.6082060132672));
#4845=CARTESIAN_POINT('Ctrl Pts',(-23.9714644538098,-8.05391655494765,-14.6160117482093));
#4846=CARTESIAN_POINT('Ctrl Pts',(-22.5263103189551,-8.13340356793466,-14.2329024362102));
#4847=CARTESIAN_POINT('Ctrl Pts',(-22.0662482421767,-8.21289058092166,-12.8103743683188));
#4848=CARTESIAN_POINT('Ctrl Pts',(-23.0133773700499,-8.29237759390869,-11.6535729015319));
#4849=CARTESIAN_POINT('Ctrl Pts',(-24.4987228038582,-8.3718646068957,-11.8238437466435));
#4850=CARTESIAN_POINT('Ctrl Pts',(-25.159505319605,-8.45135161988272,-13.1649662933608));
#4851=CARTESIAN_POINT('Ctrl Pts',(-24.3894681748977,-8.53083863286972,-14.4464833686216));
#4852=CARTESIAN_POINT('Ctrl Pts',(-22.8951073797594,-8.61032564585675,-14.4926248077287));
#4853=CARTESIAN_POINT('Ctrl Pts',(-22.0474735992059,-8.68981265884374,-13.2610566234613));
#4854=CARTESIAN_POINT('Ctrl Pts',(-22.6242564395276,-8.76929967183077,-11.8817217208923));
#4855=CARTESIAN_POINT('Ctrl Pts',(-24.0962674348491,-8.84878668481777,-11.6201364608924));
#4856=CARTESIAN_POINT('Ctrl Pts',(-25.1129614819822,-8.92827369780479,-12.716300879648));
#4857=CARTESIAN_POINT('Ctrl Pts',(-24.7415390498841,-9.00776071079181,-14.1645027284079));
#4858=CARTESIAN_POINT('Ctrl Pts',(-23.3227739150177,-9.08724772377881,-14.6360413925815));
#4859=CARTESIAN_POINT('Ctrl Pts',(-22.1583590084385,-9.16673473676583,-13.6982881503444));
#4860=CARTESIAN_POINT('Ctrl Pts',(-22.3166252403406,-9.24622174975285,-12.2116156866224));
#4861=CARTESIAN_POINT('Ctrl Pts',(-23.6523660338722,-9.32570876273985,-11.54002074872));
#4862=CARTESIAN_POINT('Ctrl Pts',(-24.9400618743607,-9.40519577572687,-12.2996803007441));
#4863=CARTESIAN_POINT('Ctrl Pts',(-24.9982737018323,-9.48468278871388,-13.7936195825999));
#4864=CARTESIAN_POINT('Ctrl Pts',(-23.7735931200327,-9.5641698017009,-14.6511746898122));
#4865=CARTESIAN_POINT('Ctrl Pts',(-22.3896438383431,-9.6436568146879,-14.0855533110144));
#4866=CARTESIAN_POINT('Ctrl Pts',(-22.1161757116434,-9.72314382767492,-12.6157035687884));
#4867=CARTESIAN_POINT('Ctrl Pts',(-23.2040913363782,-9.80263084066194,-11.5901874452021));
#4868=CARTESIAN_POINT('Ctrl Pts',(-24.655246146613,-9.88211785364894,-11.9498989768775));
#4869=CARTESIAN_POINT('Ctrl Pts',(-25.1382310928219,-9.96160486663597,-13.3648081701412));
#4870=CARTESIAN_POINT('Ctrl Pts',(-24.2099140354234,-10.041091879623,-14.5367613348689));
#4871=CARTESIAN_POINT('Ctrl Pts',(-22.7220132896984,-10.12057889261,-14.3905084908689));
#4872=CARTESIAN_POINT('Ctrl Pts',(-22.039646435067,-10.200065905597,-13.0602396088059));
#4873=CARTESIAN_POINT('Ctrl Pts',(-22.7888852091257,-10.279552918584,-11.7664432917961));
#4874=CARTESIAN_POINT('Ctrl Pts',(-24.2822931948113,-10.359039931571,-11.6961759252827));
#4875=CARTESIAN_POINT('Ctrl Pts',(-25.1497372968059,-10.438526944558,-12.9138677311031));
#4876=CARTESIAN_POINT('Ctrl Pts',(-24.5952688451522,-10.5180139575451,-14.3023819433464));
#4877=CARTESIAN_POINT('Ctrl Pts',(-23.1277636778318,-10.5975009705321,-14.587636495799));
#4878=CARTESIAN_POINT('Ctrl Pts',(-22.0933243132493,-10.6769879835191,-13.5081918246764));
#4879=CARTESIAN_POINT('Ctrl Pts',(-22.4416248356123,-10.7564749965061,-12.0538878878846));
#4880=CARTESIAN_POINT('Ctrl Pts',(-23.851962824114,-10.8359620094931,-11.5600491120242));
#4881=CARTESIAN_POINT('Ctrl Pts',(-25.0325856273433,-10.9154490224801,-12.4777760636055));
#4882=CARTESIAN_POINT('Ctrl Pts',(-24.8959404961964,-10.9949360354671,-13.9690463975101));
#4883=CARTESIAN_POINT('Ctrl Pts',(-24.016467721888,-11.0479273774585,-14.4274467005106));
#4884=CARTESIAN_POINT('Ctrl Pts',(-23.5770344081985,-11.0744230484541,-14.41980020518));
#4885=CARTESIAN_POINT('Ctrl Pts',(-23.783478121111,1.21853847577294,-11.7019886341401));
#4886=CARTESIAN_POINT('Ctrl Pts',(-24.2489521865523,1.19204280477727,-11.7630784857955));
#4887=CARTESIAN_POINT('Ctrl Pts',(-25.1059795348625,1.13905146278593,-12.3858204606224));
#4888=CARTESIAN_POINT('Ctrl Pts',(-25.0156161487901,1.05956444979891,-13.982887207073));
#4889=CARTESIAN_POINT('Ctrl Pts',(-23.6238096549958,0.980077436811902,-14.7666502278139));
#4890=CARTESIAN_POINT('Ctrl Pts',(-22.2114902717093,0.900590423824887,-14.0229064911376));
#4891=CARTESIAN_POINT('Ctrl Pts',(-22.0724166584056,0.821103410837876,-12.4315801236576));
#4892=CARTESIAN_POINT('Ctrl Pts',(-23.3352323008442,0.741616397850861,-11.4539491046589));
#4893=CARTESIAN_POINT('Ctrl Pts',(-24.8407819809547,0.662129384863848,-11.9863175903928));
#4894=CARTESIAN_POINT('Ctrl Pts',(-25.2080318806835,0.582642371876835,-13.5405873831494));
#4895=CARTESIAN_POINT('Ctrl Pts',(-24.0998895788785,0.503155358889822,-14.6905651001785));
#4896=CARTESIAN_POINT('Ctrl Pts',(-22.5331332004556,0.423668345902809,-14.3812578625091));
#4897=CARTESIAN_POINT('Ctrl Pts',(-21.9451954161427,0.344181332915796,-12.8964018893983));
#4898=CARTESIAN_POINT('Ctrl Pts',(-22.875519814343,0.264694319928783,-11.5983522518231));
#4899=CARTESIAN_POINT('Ctrl Pts',(-24.4705388123123,0.18520730694177,-11.6780345020864));
#4900=CARTESIAN_POINT('Ctrl Pts',(-25.2668551363422,0.105720293954757,-13.0623482660209));
#4901=CARTESIAN_POINT('Ctrl Pts',(-24.5338591718337,0.0262332809677436,
-14.4812056581657));
#4902=CARTESIAN_POINT('Ctrl Pts',(-22.944063784562,-0.0532537320192696,
-14.6328309261364));
#4903=CARTESIAN_POINT('Ctrl Pts',(-21.9560784728231,-0.132740745006282,
-13.3781095127924));
#4904=CARTESIAN_POINT('Ctrl Pts',(-22.4763633988171,-0.212227757993296,
-11.8682275104897));
#4905=CARTESIAN_POINT('Ctrl Pts',(-24.0275657617132,-0.291714770980309,
-11.4884757721731));
#4906=CARTESIAN_POINT('Ctrl Pts',(-25.1864838332945,-0.371201783967321,
-12.5872702052359));
#4907=CARTESIAN_POINT('Ctrl Pts',(-24.8898298963896,-0.450688796954335,
-14.1564854984738));
#4908=CARTESIAN_POINT('Ctrl Pts',(-23.4097789326996,-0.530175809941347,
-14.7563932914514));
#4909=CARTESIAN_POINT('Ctrl Pts',(-22.1042525642285,-0.609662822928361,
-13.836588347923));
#4910=CARTESIAN_POINT('Ctrl Pts',(-22.1710490827549,-0.689149835915374,
-12.2409761009969));
#4911=CARTESIAN_POINT('Ctrl Pts',(-23.5488838121051,-0.768636848902388,
-11.4335036990228));
#4912=CARTESIAN_POINT('Ctrl Pts',(-24.9736167769744,-0.8481238618894,-12.1550133678044));
#4913=CARTESIAN_POINT('Ctrl Pts',(-25.1380796636796,-0.927610874876414,
-13.743532231417));
#4914=CARTESIAN_POINT('Ctrl Pts',(-23.8913805657713,-1.00709788786343,-14.7416211959488));
#4915=CARTESIAN_POINT('Ctrl Pts',(-22.3773447444138,-1.08658490085044,-14.2335505771448));
#4916=CARTESIAN_POINT('Ctrl Pts',(-21.98507436736,-1.16607191383745,-12.6854665442084));
#4917=CARTESIAN_POINT('Ctrl Pts',(-23.0744708472685,-1.24555892682447,-11.5177099208388));
#4918=CARTESIAN_POINT('Ctrl Pts',(-24.6460314047486,-1.32504593981148,-11.8016775881008));
#4919=CARTESIAN_POINT('Ctrl Pts',(-25.2578759031887,-1.40453295279849,-13.2768340311826));
#4920=CARTESIAN_POINT('Ctrl Pts',(-24.3486474004304,-1.4840199657855,-14.5897482521534));
#4921=CARTESIAN_POINT('Ctrl Pts',(-22.7525476149494,-1.56350697877252,-14.5358437380279));
#4922=CARTESIAN_POINT('Ctrl Pts',(-21.9339710085117,-1.64299399175953,-13.1645769655712));
#4923=CARTESIAN_POINT('Ctrl Pts',(-22.6439477234042,-1.72248100474655,-11.7340619233001));
#4924=CARTESIAN_POINT('Ctrl Pts',(-24.2310861745107,-1.80196801773356,-11.5567718816378));
#4925=CARTESIAN_POINT('Ctrl Pts',(-25.239213772251,-1.88145503072057,-12.7953674445748));
#4926=CARTESIAN_POINT('Ctrl Pts',(-24.7433905571625,-1.96094204370758,-14.3134582064307));
#4927=CARTESIAN_POINT('Ctrl Pts',(-23.1985259132285,-2.0404290566946,-14.7182216605315));
#4928=CARTESIAN_POINT('Ctrl Pts',(-22.0220069294829,-2.11991606968161,-13.6382942079963));
#4929=CARTESIAN_POINT('Ctrl Pts',(-22.2932698038555,-2.19940308266863,-12.0644909563666));
#4930=CARTESIAN_POINT('Ctrl Pts',(-23.7634354533926,-2.27889009565563,-11.4407496760474));
#4931=CARTESIAN_POINT('Ctrl Pts',(-25.0836518485153,-2.35837710864265,-12.3393424046527));
#4932=CARTESIAN_POINT('Ctrl Pts',(-25.0426428554047,-2.43786412162966,-13.9358255659598));
#4933=CARTESIAN_POINT('Ctrl Pts',(-23.6780335291734,-2.51735113461667,-14.7654529573924));
#4934=CARTESIAN_POINT('Ctrl Pts',(-22.2418297644283,-2.59683814760369,-14.067055529));
#4935=CARTESIAN_POINT('Ctrl Pts',(-22.0517241379042,-2.6763251605907,-12.4814010670769));
#4936=CARTESIAN_POINT('Ctrl Pts',(-23.282135335177,-2.75581217357771,-11.4633006263155));
#4937=CARTESIAN_POINT('Ctrl Pts',(-24.8041819671459,-2.83529918656473,-11.9468440803764));
#4938=CARTESIAN_POINT('Ctrl Pts',(-25.2214120834531,-2.91478619955174,-13.4883885175884));
#4939=CARTESIAN_POINT('Ctrl Pts',(-24.1510241342464,-2.99427321253876,-14.6735930822294));
#4940=CARTESIAN_POINT('Ctrl Pts',(-22.5750808946822,-3.07376022552576,-14.415052703323));
#4941=CARTESIAN_POINT('Ctrl Pts',(-21.9394835377725,-3.15324723851278,-12.9499737901779));
#4942=CARTESIAN_POINT('Ctrl Pts',(-22.8273818501635,-3.23273425149979,-11.6225413780733));
#4943=CARTESIAN_POINT('Ctrl Pts',(-24.4241442009877,-3.31222126448681,-11.6506521739276));
#4944=CARTESIAN_POINT('Ctrl Pts',(-25.2647682360255,-3.39170827747382,-13.0085149996835));
#4945=CARTESIAN_POINT('Ctrl Pts',(-24.5779956714703,-3.47119529046083,-14.4503137604082));
#4946=CARTESIAN_POINT('Ctrl Pts',(-22.9939286783605,-3.55068230344785,-14.6532225655226));
#4947=CARTESIAN_POINT('Ctrl Pts',(-21.9659218356972,-3.63016931643486,-13.4310760304088));
#4948=CARTESIAN_POINT('Ctrl Pts',(-22.4371539727397,-3.70965632942187,-11.9051728569173));
#4949=CARTESIAN_POINT('Ctrl Pts',(-23.9752776022147,-3.78914334240889,-11.4755033067937));
#4950=CARTESIAN_POINT('Ctrl Pts',(-25.1690904014359,-3.8686303553959,-12.5362818992759));
#4951=CARTESIAN_POINT('Ctrl Pts',(-24.9232893903114,-3.94811736838291,-14.1142622808976));
#4952=CARTESIAN_POINT('Ctrl Pts',(-23.4633928244419,-4.02760438136993,-14.7616742353868));
#4953=CARTESIAN_POINT('Ctrl Pts',(-22.1288310234437,-4.10709139435694,-13.8845282833529));
#4954=CARTESIAN_POINT('Ctrl Pts',(-22.1440417875345,-4.18657840734395,-12.2875909475414));
#4955=CARTESIAN_POINT('Ctrl Pts',(-23.4950694988411,-4.26606542033096,-11.4360251279274));
#4956=CARTESIAN_POINT('Ctrl Pts',(-24.942369163922,-4.34555243331798,-12.1111280099459));
#4957=CARTESIAN_POINT('Ctrl Pts',(-25.158067905821,-4.42503944630499,-13.6935041582103));
#4958=CARTESIAN_POINT('Ctrl Pts',(-23.9442657900105,-4.50452645929201,-14.7313503151656));
#4959=CARTESIAN_POINT('Ctrl Pts',(-22.4146056552642,-4.58401347227901,-14.2724602476974));
#4960=CARTESIAN_POINT('Ctrl Pts',(-21.9725247115101,-4.66350048526603,-12.7378578037327));
#4961=CARTESIAN_POINT('Ctrl Pts',(-23.0236247209774,-4.74298749825304,-11.535514678019));
#4962=CARTESIAN_POINT('Ctrl Pts',(-24.6035392658363,-4.82247451124006,-11.7685602804156));
#4963=CARTESIAN_POINT('Ctrl Pts',(-25.2627235678742,-4.90196152422707,-13.2231792263254));
#4964=CARTESIAN_POINT('Ctrl Pts',(-24.3963872186427,-4.98144853721408,-14.5647833228655));
#4965=CARTESIAN_POINT('Ctrl Pts',(-22.799379113793,-5.06093555020109,-14.562473583191));
#4966=CARTESIAN_POINT('Ctrl Pts',(-21.9369270826916,-5.14042256318811,-13.2183691542487));
#4967=CARTESIAN_POINT('Ctrl Pts',(-22.6003162250358,-5.21990957617512,-11.7656630354234));
#4968=CARTESIAN_POINT('Ctrl Pts',(-24.1808982627671,-5.29939658916214,-11.5371884332151));
#4969=CARTESIAN_POINT('Ctrl Pts',(-25.2285160042921,-5.37888360214914,-12.7425669171342));
#4970=CARTESIAN_POINT('Ctrl Pts',(-24.7819979535118,-5.45837061513616,-14.2758841876886));
#4971=CARTESIAN_POINT('Ctrl Pts',(-23.2510168430386,-5.53785762812317,-14.7303476749208));
#4972=CARTESIAN_POINT('Ctrl Pts',(-22.0402218556083,-5.61734464111018,-13.6889948431358));
#4973=CARTESIAN_POINT('Ctrl Pts',(-22.2604968407474,-5.69683165409721,-12.1072492400836));
#4974=CARTESIAN_POINT('Ctrl Pts',(-23.7097432384303,-5.7763186670842,-11.4363356087897));
#4975=CARTESIAN_POINT('Ctrl Pts',(-25.0583020775815,-5.85580568007123,-12.291805818207));
#4976=CARTESIAN_POINT('Ctrl Pts',(-25.0688935130564,-5.93529269305824,-13.8887804715273));
#4977=CARTESIAN_POINT('Ctrl Pts',(-23.7318000825811,-6.01477970604525,-14.7620624305946));
#4978=CARTESIAN_POINT('Ctrl Pts',(-22.2737823134474,-6.09426671903226,-14.1104303206246));
#4979=CARTESIAN_POINT('Ctrl Pts',(-22.0325467611567,-6.17375373201928,-12.5317455420308));
#4980=CARTESIAN_POINT('Ctrl Pts',(-23.2294229503213,-6.25324074500629,-11.4744245833509));
#4981=CARTESIAN_POINT('Ctrl Pts',(-24.7662972925729,-6.33272775799331,-11.9085414777259));
#4982=CARTESIAN_POINT('Ctrl Pts',(-25.2331136650477,-6.41221477098031,-13.4358013430542));
#4983=CARTESIAN_POINT('Ctrl Pts',(-24.2015759695124,-6.49170178396733,-14.6549691758577));
#4984=CARTESIAN_POINT('Ctrl Pts',(-22.6181025328053,-6.57118879695434,-14.4474791830967));
#4985=CARTESIAN_POINT('Ctrl Pts',(-21.9355033560028,-6.65067580994136,-13.0036999112959));
#4986=CARTESIAN_POINT('Ctrl Pts',(-22.7800515977172,-6.73016282292837,-11.6482743363306));
#4987=CARTESIAN_POINT('Ctrl Pts',(-24.3768885811237,-6.80964983591538,-11.6247824169018));
#4988=CARTESIAN_POINT('Ctrl Pts',(-25.2609434778753,-6.8891368489024,-12.9547775903451));
#4989=CARTESIAN_POINT('Ctrl Pts',(-24.6211109257171,-6.9686238618894,-14.4180118597128));
#4990=CARTESIAN_POINT('Ctrl Pts',(-23.0444264310501,-7.04811087487643,-14.6719926190815));
#4991=CARTESIAN_POINT('Ctrl Pts',(-21.977471255861,-7.12759788786343,-13.4836968326754));
#4992=CARTESIAN_POINT('Ctrl Pts',(-22.3991586634116,-7.20708490085044,-11.9433657149717));
#4993=CARTESIAN_POINT('Ctrl Pts',(-23.9225976147895,-7.28657191383747,-11.4642269216378));
#4994=CARTESIAN_POINT('Ctrl Pts',(-25.1500587302119,-7.36605892682447,-12.4858821628904));
#4995=CARTESIAN_POINT('Ctrl Pts',(-24.9553672706023,-7.44554593981148,-14.0709800959558));
#4996=CARTESIAN_POINT('Ctrl Pts',(-23.5171493455551,-7.52503295279851,-14.7652202719221));
#4997=CARTESIAN_POINT('Ctrl Pts',(-22.1549454896947,-7.6045199657855,-13.9316491130329));
#4998=CARTESIAN_POINT('Ctrl Pts',(-22.1185546193921,-7.68400697877254,-12.3350540089406));
#4999=CARTESIAN_POINT('Ctrl Pts',(-23.4413647404693,-7.76349399175953,-11.4402838678268));
#5000=CARTESIAN_POINT('Ctrl Pts',(-24.9097200195687,-7.84298100474656,-12.0682751067735));
#5001=CARTESIAN_POINT('Ctrl Pts',(-25.1764294112597,-7.92246801773356,-13.6428564232627));
#5002=CARTESIAN_POINT('Ctrl Pts',(-23.9967915756605,-8.00195503072058,-14.7193761855872));
#5003=CARTESIAN_POINT('Ctrl Pts',(-22.4531042043383,-8.08144204370759,-14.3101457841336));
#5004=CARTESIAN_POINT('Ctrl Pts',(-21.9616742586888,-8.16092905669461,-12.7906271661587));
#5005=CARTESIAN_POINT('Ctrl Pts',(-22.9733803725532,-8.24041606968162,-11.5549528720909));
#5006=CARTESIAN_POINT('Ctrl Pts',(-24.5599993586668,-8.31990308266864,-11.7368330930056));
#5007=CARTESIAN_POINT('Ctrl Pts',(-25.2658352277599,-8.39939009565564,-13.1693958133627));
#5008=CARTESIAN_POINT('Ctrl Pts',(-24.4432955504589,-8.47887710864266,-14.5382890528459));
#5009=CARTESIAN_POINT('Ctrl Pts',(-22.8470465192884,-8.55836412162968,-14.5875764991647));
#5010=CARTESIAN_POINT('Ctrl Pts',(-21.9416195264246,-8.63785113461667,-13.2720377568791));
#5011=CARTESIAN_POINT('Ctrl Pts',(-22.5577284694954,-8.71733814760371,-11.7986572927713));
#5012=CARTESIAN_POINT('Ctrl Pts',(-24.1301038508616,-8.79682516059069,-11.5192366741351));
#5013=CARTESIAN_POINT('Ctrl Pts',(-25.2161179466628,-8.87631217357773,-12.6901395759876));
#5014=CARTESIAN_POINT('Ctrl Pts',(-24.8193712578307,-8.95579918656473,-14.2370824598903));
#5015=CARTESIAN_POINT('Ctrl Pts',(-23.3038721364962,-9.03528619955176,-14.7407714875303));
#5016=CARTESIAN_POINT('Ctrl Pts',(-22.0600653044684,-9.11477321253876,-13.7390805242315));
#5017=CARTESIAN_POINT('Ctrl Pts',(-22.2291224158184,-9.19426022552577,-12.1510440288921));
#5018=CARTESIAN_POINT('Ctrl Pts',(-23.6559364452726,-9.27374723851279,-11.4336585270419));
#5019=CARTESIAN_POINT('Ctrl Pts',(-25.0314297294308,-9.3532342514998,-12.245113048522));
#5020=CARTESIAN_POINT('Ctrl Pts',(-25.093610545139,-9.43272126448682,-13.8409118268681));
#5021=CARTESIAN_POINT('Ctrl Pts',(-23.7854290145805,-9.51220827747383,-14.7569366004812));
#5022=CARTESIAN_POINT('Ctrl Pts',(-22.3071195545938,-9.59169529046084,-14.1527501276745));
#5023=CARTESIAN_POINT('Ctrl Pts',(-22.0150058738009,-9.67118230344786,-12.5826833575695));
#5024=CARTESIAN_POINT('Ctrl Pts',(-23.1770975638585,-9.75066931643487,-11.4872456801022));
#5025=CARTESIAN_POINT('Ctrl Pts',(-24.7271947475185,-9.83015632942188,-11.8714829980283));
#5026=CARTESIAN_POINT('Ctrl Pts',(-25.2431104855143,-9.9096433424089,-13.3828632726508));
#5027=CARTESIAN_POINT('Ctrl Pts',(-24.2514990832932,-9.9891303553959,-14.6347223349736));
#5028=CARTESIAN_POINT('Ctrl Pts',(-22.6621505594506,-10.0686173683829,-14.4784977061554));
#5029=CARTESIAN_POINT('Ctrl Pts',(-21.9332586920034,-10.1481043813699,-13.0575286730427));
#5030=CARTESIAN_POINT('Ctrl Pts',(-22.7335819279297,-10.2275913943569,-11.6755189707822));
#5031=CARTESIAN_POINT('Ctrl Pts',(-24.3288131853666,-10.307078407344,-11.600460647461));
#5032=CARTESIAN_POINT('Ctrl Pts',(-25.2554012034063,-10.386565420331,-12.9011768945874));
#5033=CARTESIAN_POINT('Ctrl Pts',(-24.6631280845945,-10.466052433318,-14.3843625303927));
#5034=CARTESIAN_POINT('Ctrl Pts',(-23.0955657467749,-10.545539446305,-14.6890662568763));
#5035=CARTESIAN_POINT('Ctrl Pts',(-21.9905964255163,-10.625026459292,-13.5360230854498));
#5036=CARTESIAN_POINT('Ctrl Pts',(-22.3626447107677,-10.704513472279,-11.9825620620586));
#5037=CARTESIAN_POINT('Ctrl Pts',(-23.8691421075763,-10.784000485266,-11.4550524605713));
#5038=CARTESIAN_POINT('Ctrl Pts',(-25.1302619201167,-10.8634874982531,-12.4353517043059));
#5039=CARTESIAN_POINT('Ctrl Pts',(-24.9843000754826,-10.9429745112401,-14.0282995609767));
#5040=CARTESIAN_POINT('Ctrl Pts',(-24.0448632483804,-10.9959658532314,-14.5179544300908));
#5041=CARTESIAN_POINT('Ctrl Pts',(-23.5754685723939,-11.0224615242271,-14.5097865828059));
#5042=CARTESIAN_POINT('Ctrl Pts',(-23.7951894905436,1.27050000000001,-11.6127538661064));
#5043=CARTESIAN_POINT('Ctrl Pts',(-24.290374666545,1.24400432900434,-11.6777430699952));
#5044=CARTESIAN_POINT('Ctrl Pts',(-25.2021058881517,1.191012987013,-12.340234532577));
#5045=CARTESIAN_POINT('Ctrl Pts',(-25.1059746263724,1.11152597402598,-14.0392417096522));
#5046=CARTESIAN_POINT('Ctrl Pts',(-23.6253294202083,1.03203896103897,-14.8730321572488));
#5047=CARTESIAN_POINT('Ctrl Pts',(-22.12286199118,0.952551948051953,-14.0818154161038));
#5048=CARTESIAN_POINT('Ctrl Pts',(-21.9749113387294,0.873064935064942,-12.3889150251676));
#5049=CARTESIAN_POINT('Ctrl Pts',(-23.3183322349406,0.793577922077927,-11.3488820262329));
#5050=CARTESIAN_POINT('Ctrl Pts',(-24.9199808308029,0.714090909090915,-11.9152314791413));
#5051=CARTESIAN_POINT('Ctrl Pts',(-25.3106722134931,0.634603896103902,-13.5687099820738));
#5052=CARTESIAN_POINT('Ctrl Pts',(-24.1317974243389,0.555116883116889,-14.7920905321048));
#5053=CARTESIAN_POINT('Ctrl Pts',(-22.4650353196337,0.475629870129876,-14.463040279265));
#5054=CARTESIAN_POINT('Ctrl Pts',(-21.8395695916412,0.396142857142863,-12.8834062653173));
#5055=CARTESIAN_POINT('Ctrl Pts',(-22.8292763982372,0.31665584415585,-11.5025023955565));
#5056=CARTESIAN_POINT('Ctrl Pts',(-24.5261051194812,0.237168831168836,-11.5872707469004));
#5057=CARTESIAN_POINT('Ctrl Pts',(-25.3732501450448,0.157681818181823,-13.059944963852));
#5058=CARTESIAN_POINT('Ctrl Pts',(-24.5934672040784,0.0781948051948105,
-14.5693677214529));
#5059=CARTESIAN_POINT('Ctrl Pts',(-22.9021955154914,-0.00129220779220295,
-14.7306711980174));
#5060=CARTESIAN_POINT('Ctrl Pts',(-21.851147311514,-0.0807792207792156,
-13.3958611838217));
#5061=CARTESIAN_POINT('Ctrl Pts',(-22.4046419136351,-0.160266233766229,
-11.7896037345635));
#5062=CARTESIAN_POINT('Ctrl Pts',(-24.0548571933119,-0.239753246753242,
-11.3856125235884));
#5063=CARTESIAN_POINT('Ctrl Pts',(-25.2877487588239,-0.319240259740255,
-12.5545427715275));
#5064=CARTESIAN_POINT('Ctrl Pts',(-24.9721594642442,-0.398727272727268,
-14.2239207430572));
#5065=CARTESIAN_POINT('Ctrl Pts',(-23.3976371624463,-0.478214285714281,
-14.8621205228206));
#5066=CARTESIAN_POINT('Ctrl Pts',(-22.0087793236474,-0.557701298701295,
-13.8836046254501));
#5067=CARTESIAN_POINT('Ctrl Pts',(-22.0798394497392,-0.637188311688306,
-12.1861447882946));
#5068=CARTESIAN_POINT('Ctrl Pts',(-23.5456210767076,-0.716675324675322,
-11.3271315947051));
#5069=CARTESIAN_POINT('Ctrl Pts',(-25.0612944435898,-0.796162337662332,
-12.0946950721324));
#5070=CARTESIAN_POINT('Ctrl Pts',(-25.2362549613613,-0.875649350649349,
-13.7846087568266));
#5071=CARTESIAN_POINT('Ctrl Pts',(-23.9099793252886,-0.955136363636359,
-14.8464055276052));
#5072=CARTESIAN_POINT('Ctrl Pts',(-22.2993029195892,-1.03462337662337,-14.305904869303));
#5073=CARTESIAN_POINT('Ctrl Pts',(-21.8819940078298,-1.11411038961039,-12.6590069619238));
#5074=CARTESIAN_POINT('Ctrl Pts',(-23.0409264332644,-1.1935974025974,-11.4167126817434));
#5075=CARTESIAN_POINT('Ctrl Pts',(-24.7127993667538,-1.27308441558441,-11.7188059447881));
#5076=CARTESIAN_POINT('Ctrl Pts',(-25.3636977693497,-1.35257142857143,-13.2881213097688));
#5077=CARTESIAN_POINT('Ctrl Pts',(-24.3964334047132,-1.43205844155844,-14.6848385661206));
#5078=CARTESIAN_POINT('Ctrl Pts',(-22.6984549095206,-1.51154545454545,-14.6274933383275));
#5079=CARTESIAN_POINT('Ctrl Pts',(-21.8276287324593,-1.59103246753246,-13.1686988995438));
#5080=CARTESIAN_POINT('Ctrl Pts',(-22.5829231100045,-1.67051948051948,-11.6468743864894));
#5081=CARTESIAN_POINT('Ctrl Pts',(-24.271368270756,-1.75000649350649,-11.4582679591892));
#5082=CARTESIAN_POINT('Ctrl Pts',(-25.3438444385649,-1.8294935064935,-12.7759228133774));
#5083=CARTESIAN_POINT('Ctrl Pts',(-24.8163729331516,-1.90898051948052,-14.3909129855646));
#5084=CARTESIAN_POINT('Ctrl Pts',(-23.1728999076899,-1.98846753246753,-14.8215124048207));
#5085=CARTESIAN_POINT('Ctrl Pts',(-21.921283967535,-2.06795454545454,-13.672653412762));
#5086=CARTESIAN_POINT('Ctrl Pts',(-22.2098614934633,-2.14744155844156,-11.9983946344326));
#5087=CARTESIAN_POINT('Ctrl Pts',(-23.7738675036091,-2.22692857142857,-11.3348400809015));
#5088=CARTESIAN_POINT('Ctrl Pts',(-25.1783530303354,-2.30641558441558,-12.2907897921837));
#5089=CARTESIAN_POINT('Ctrl Pts',(-25.1347264419199,-2.3859025974026,-13.9891761339997));
#5090=CARTESIAN_POINT('Ctrl Pts',(-23.6830143927376,-2.46538961038961,-14.8717584653111));
#5091=CARTESIAN_POINT('Ctrl Pts',(-22.1551380472642,-2.54487662337662,-14.1287824776596));
#5092=CARTESIAN_POINT('Ctrl Pts',(-21.952898019047,-2.62436363636363,-12.4419160288051));
#5093=CARTESIAN_POINT('Ctrl Pts',(-23.2618461012521,-2.70385064935065,-11.3588304535271));
#5094=CARTESIAN_POINT('Ctrl Pts',(-24.8810446458999,-2.78333766233766,-11.8732383833791));
#5095=CARTESIAN_POINT('Ctrl Pts',(-25.3249064717587,-2.86282467532467,-13.5131792740302));
#5096=CARTESIAN_POINT('Ctrl Pts',(-24.1861958874962,-2.94231168831169,-14.7740351938611));
#5097=CARTESIAN_POINT('Ctrl Pts',(-22.5096605262577,-3.0217987012987,-14.4989922375776));
#5098=CARTESIAN_POINT('Ctrl Pts',(-21.8334931252898,-3.10128571428571,-12.9403976491255));
#5099=CARTESIAN_POINT('Ctrl Pts',(-22.7780657980463,-3.18077272727273,-11.5282355085886));
#5100=CARTESIAN_POINT('Ctrl Pts',(-24.4767491499869,-3.26025974025974,-11.5581406105613));
#5101=CARTESIAN_POINT('Ctrl Pts',(-25.371030038325,-3.33974675324675,-13.0026755315782));
#5102=CARTESIAN_POINT('Ctrl Pts',(-24.640420927096,-3.41923376623377,-14.5365040004343));
#5103=CARTESIAN_POINT('Ctrl Pts',(-22.9552432748516,-3.49872077922078,-14.7523644314069));
#5104=CARTESIAN_POINT('Ctrl Pts',(-21.861618974146,-3.57820779220779,-13.4522085429881));
#5105=CARTESIAN_POINT('Ctrl Pts',(-22.3629297582337,-3.65769480519481,-11.8289072945929));
#5106=CARTESIAN_POINT('Ctrl Pts',(-23.9992314917178,-3.73718181818182,-11.3718120285039));
#5107=CARTESIAN_POINT('Ctrl Pts',(-25.2692451079106,-3.81666883116883,-12.5002998928467));
#5108=CARTESIAN_POINT('Ctrl Pts',(-25.007754670544,-3.89615584415584,-14.1790024264869));
#5109=CARTESIAN_POINT('Ctrl Pts',(-23.4546732174914,-3.97564285714286,-14.8677385482839));
#5110=CARTESIAN_POINT('Ctrl Pts',(-22.0349266206848,-4.05512987012987,-13.9346045567584));
#5111=CARTESIAN_POINT('Ctrl Pts',(-22.0511082846112,-4.13461688311689,-12.235735050576));
#5112=CARTESIAN_POINT('Ctrl Pts',(-23.4883718072777,-4.21410389610389,-11.3298139658803));
#5113=CARTESIAN_POINT('Ctrl Pts',(-25.0280523020447,-4.29359090909091,-12.048008521219));
#5114=CARTESIAN_POINT('Ctrl Pts',(-25.2575190487457,-4.37307792207792,-13.7313874023514));
#5115=CARTESIAN_POINT('Ctrl Pts',(-23.9662402021388,-4.45256493506494,-14.8354790586868));
#5116=CARTESIAN_POINT('Ctrl Pts',(-22.3389421864513,-4.53205194805195,-14.3472981358483));
#5117=CARTESIAN_POINT('Ctrl Pts',(-21.8686433101172,-4.61153896103896,-12.7147423443965));
#5118=CARTESIAN_POINT('Ctrl Pts',(-22.9868348095504,-4.69102597402597,-11.4356539127862));
#5119=CARTESIAN_POINT('Ctrl Pts',(-24.6675949636557,-4.77051298701299,-11.6835747663995));
#5120=CARTESIAN_POINT('Ctrl Pts',(-25.3688548594406,-4.85,-13.2310417301334));
#5121=CARTESIAN_POINT('Ctrl Pts',(-24.4472204453645,-4.92948701298701,-14.658280130708));
#5122=CARTESIAN_POINT('Ctrl Pts',(-22.7482756529712,-5.00897402597403,-14.6558229608414));
#5123=CARTESIAN_POINT('Ctrl Pts',(-21.8307734922251,-5.08846103896104,-13.2259246321795));
#5124=CARTESIAN_POINT('Ctrl Pts',(-22.5365066223785,-5.16794805194805,-11.6804925908759));
#5125=CARTESIAN_POINT('Ctrl Pts',(-24.2179768752841,-5.24743506493507,-11.4374345034204));
#5126=CARTESIAN_POINT('Ctrl Pts',(-25.3324638343533,-5.32692207792208,-12.7197520395045));
#5127=CARTESIAN_POINT('Ctrl Pts',(-24.8574446313955,-5.4064090909091,-14.3509406252007));
#5128=CARTESIAN_POINT('Ctrl Pts',(-23.2287413223816,-5.4858961038961,-14.8344124201285));
#5129=CARTESIAN_POINT('Ctrl Pts',(-21.9406615485195,-5.56538311688312,-13.7265902586551));
#5130=CARTESIAN_POINT('Ctrl Pts',(-22.174996639093,-5.64487012987013,-12.0438821703017));
#5131=CARTESIAN_POINT('Ctrl Pts',(-23.7167481259897,-5.72435714285715,-11.3301442646699));
#5132=CARTESIAN_POINT('Ctrl Pts',(-25.1513851889164,-5.80384415584416,-12.2402189555394));
#5133=CARTESIAN_POINT('Ctrl Pts',(-25.1626526734643,-5.88333116883117,-13.9391281611993));
#5134=CARTESIAN_POINT('Ctrl Pts',(-23.7402128538096,-5.96281818181818,-14.8681515219091));
#5135=CARTESIAN_POINT('Ctrl Pts',(-22.1891301206888,-6.0423051948052,-14.1749258730049));
#5136=CARTESIAN_POINT('Ctrl Pts',(-21.932496554422,-6.12179220779221,-12.4954739808838));
#5137=CARTESIAN_POINT('Ctrl Pts',(-23.2057690960865,-6.20127922077922,-11.3706644503733));
#5138=CARTESIAN_POINT('Ctrl Pts',(-24.8407418006095,-6.28076623376624,-11.832490933751));
#5139=CARTESIAN_POINT('Ctrl Pts',(-25.3373549628166,-6.36025324675325,-13.4572354713342));
#5140=CARTESIAN_POINT('Ctrl Pts',(-24.2399744356515,-6.43974025974027,-14.7542225275082));
#5141=CARTESIAN_POINT('Ctrl Pts',(-22.5554282263886,-6.51922727272727,-14.5334884926561));
#5142=CARTESIAN_POINT('Ctrl Pts',(-21.8292588893647,-6.5987142857143,-12.9975530971233));
#5143=CARTESIAN_POINT('Ctrl Pts',(-22.7277144656567,-6.6782012987013,-11.5556109960964));
#5144=CARTESIAN_POINT('Ctrl Pts',(-24.4264772139613,-6.75768831168831,-11.5306195924488));
#5145=CARTESIAN_POINT('Ctrl Pts',(-25.3669611466758,-6.83717532467533,-12.9455080748353));
#5146=CARTESIAN_POINT('Ctrl Pts',(-24.686288218848,-6.91666233766234,-14.5021402762902));
#5147=CARTESIAN_POINT('Ctrl Pts',(-23.0089642883511,-6.99614935064935,-14.7723325734909));
#5148=CARTESIAN_POINT('Ctrl Pts',(-21.8739055913415,-7.07563636363636,-13.5081881198675));
#5149=CARTESIAN_POINT('Ctrl Pts',(-22.3225092163953,-7.15512337662338,-11.8695379946508));
#5150=CARTESIAN_POINT('Ctrl Pts',(-23.9431889519038,-7.23461038961039,-11.3598158740828));
#5151=CARTESIAN_POINT('Ctrl Pts',(-25.2489986491616,-7.31409740259741,-12.4466831520111));
#5152=CARTESIAN_POINT('Ctrl Pts',(-25.0418800751089,-7.39358441558442,-14.1329575488891));
#5153=CARTESIAN_POINT('Ctrl Pts',(-23.5118610059097,-7.47307142857144,-14.8715109275767));
#5154=CARTESIAN_POINT('Ctrl Pts',(-22.0627079677603,-7.55255844155844,-13.9847330989712));
#5155=CARTESIAN_POINT('Ctrl Pts',(-22.023994275949,-7.63204545454546,-12.2862276690857));
#5156=CARTESIAN_POINT('Ctrl Pts',(-23.4312390856056,-7.71153246753247,-11.3343445402413));
#5157=CARTESIAN_POINT('Ctrl Pts',(-24.993319169754,-7.79101948051948,-12.0024203263548));
#5158=CARTESIAN_POINT('Ctrl Pts',(-25.2770525651699,-7.8705064935065,-13.6775068332582));
#5159=CARTESIAN_POINT('Ctrl Pts',(-24.0221186975112,-7.94999350649351,-14.8227406229652));
#5160=CARTESIAN_POINT('Ctrl Pts',(-22.3798980897216,-8.02948051948053,-14.387389132057));
#5161=CARTESIAN_POINT('Ctrl Pts',(-21.8571002752009,-8.10896753246753,-12.7708799639986));
#5162=CARTESIAN_POINT('Ctrl Pts',(-22.9333833750566,-8.18845454545455,-11.4563328426499));
#5163=CARTESIAN_POINT('Ctrl Pts',(-24.6212759134753,-8.26794155844157,-11.6498224393676));
#5164=CARTESIAN_POINT('Ctrl Pts',(-25.3721651359148,-8.34742857142858,-13.1738253333645));
#5165=CARTESIAN_POINT('Ctrl Pts',(-24.4971229260202,-8.42691558441559,-14.6300947370701));
#5166=CARTESIAN_POINT('Ctrl Pts',(-22.7989856588175,-8.50640259740261,-14.6825281906008));
#5167=CARTESIAN_POINT('Ctrl Pts',(-21.8357654536432,-8.58588961038961,-13.2830188902969));
#5168=CARTESIAN_POINT('Ctrl Pts',(-22.4912004994632,-8.66537662337663,-11.7155928646503));
#5169=CARTESIAN_POINT('Ctrl Pts',(-24.163940266874,-8.74486363636364,-11.4183368873778));
#5170=CARTESIAN_POINT('Ctrl Pts',(-25.3192744113434,-8.82435064935065,-12.6639782723273));
#5171=CARTESIAN_POINT('Ctrl Pts',(-24.8972034657773,-8.90383766233767,-14.3096621913726));
#5172=CARTESIAN_POINT('Ctrl Pts',(-23.2849703579746,-8.98332467532468,-14.845501582479));
#5173=CARTESIAN_POINT('Ctrl Pts',(-21.9617716004983,-9.06281168831169,-13.7798728981186));
#5174=CARTESIAN_POINT('Ctrl Pts',(-22.1416195912961,-9.14229870129871,-12.0904723711618));
#5175=CARTESIAN_POINT('Ctrl Pts',(-23.659506856673,-9.22178571428573,-11.3272963053637));
#5176=CARTESIAN_POINT('Ctrl Pts',(-25.1227975845009,-9.30127272727273,-12.1905457963001));
#5177=CARTESIAN_POINT('Ctrl Pts',(-25.1889473884458,-9.38075974025976,-13.8882040711363));
#5178=CARTESIAN_POINT('Ctrl Pts',(-23.7972649091281,-9.46024675324676,-14.8626985111502));
#5179=CARTESIAN_POINT('Ctrl Pts',(-22.2245952708444,-9.53973376623377,-14.2199469443345));
#5180=CARTESIAN_POINT('Ctrl Pts',(-21.9138360359584,-9.61922077922079,-12.5496631463505));
#5181=CARTESIAN_POINT('Ctrl Pts',(-23.1501037913389,-9.6987077922078,-11.3843039150023));
#5182=CARTESIAN_POINT('Ctrl Pts',(-24.7991433484239,-9.77819480519482,-11.793067019179));
#5183=CARTESIAN_POINT('Ctrl Pts',(-25.3479898782068,-9.85768181818182,-13.4009183751604));
#5184=CARTESIAN_POINT('Ctrl Pts',(-24.293084131163,-9.93716883116884,-14.7326833350783));
#5185=CARTESIAN_POINT('Ctrl Pts',(-22.6022878292028,-10.0166558441559,-14.5664869214419));
#5186=CARTESIAN_POINT('Ctrl Pts',(-21.8268709489398,-10.0961428571429,-13.0548177372795));
#5187=CARTESIAN_POINT('Ctrl Pts',(-22.6782786467337,-10.1756298701299,-11.5845946497683));
#5188=CARTESIAN_POINT('Ctrl Pts',(-24.3753331759219,-10.2551168831169,-11.5047453696394));
#5189=CARTESIAN_POINT('Ctrl Pts',(-25.3610651100067,-10.3346038961039,-12.8884860580717));
#5190=CARTESIAN_POINT('Ctrl Pts',(-24.7309873240367,-10.4140909090909,-14.4663431174391));
#5191=CARTESIAN_POINT('Ctrl Pts',(-23.0633678157179,-10.493577922078,-14.7904960179534));
#5192=CARTESIAN_POINT('Ctrl Pts',(-21.8878685377833,-10.5730649350649,-13.5638543462232));
#5193=CARTESIAN_POINT('Ctrl Pts',(-22.2836645859231,-10.652551948052,-11.9112362362325));
#5194=CARTESIAN_POINT('Ctrl Pts',(-23.8863213910386,-10.732038961039,-11.3500558091184));
#5195=CARTESIAN_POINT('Ctrl Pts',(-25.2279382128901,-10.811525974026,-12.3929273450063));
#5196=CARTESIAN_POINT('Ctrl Pts',(-25.0726596547687,-10.891012987013,-14.0875527244433));
#5197=CARTESIAN_POINT('Ctrl Pts',(-24.0732587748728,-10.9440043290043,-14.6084621596711));
#5198=CARTESIAN_POINT('Ctrl Pts',(-23.5739027365892,-10.9705,-14.5997729604318));
#5199=CARTESIAN_POINT('Ctrl Pts',(-23.5739027365892,-10.9705,-14.5997729604318));
#5200=CARTESIAN_POINT('Ctrl Pts',(-24.0669427214637,-10.953924580905,-14.5917743269041));
#5201=CARTESIAN_POINT('Ctrl Pts',(-24.5503466398322,-10.9371649093065,-14.3217543203193));
#5202=CARTESIAN_POINT('Ctrl Pts',(-24.8067392754064,-10.9201072530372,-13.9072790505186));
#5203=CARTESIAN_POINT('Ctrl Pts',(-25.0545288578781,-10.9036219529994,-13.5067111721992));
#5204=CARTESIAN_POINT('Ctrl Pts',(-25.0893886130971,-10.8868211398447,-12.968362146273));
#5205=CARTESIAN_POINT('Ctrl Pts',(-24.8858367605642,-10.8697145060744,-12.5417628375544));
#5206=CARTESIAN_POINT('Ctrl Pts',(-24.6892462577172,-10.8531929087856,-12.1297529660077));
#5207=CARTESIAN_POINT('Ctrl Pts',(-24.2701415126747,-10.8364153688203,-11.8233900847007));
#5208=CARTESIAN_POINT('Ctrl Pts',(-23.8183425249519,-10.8193217591115,-11.7668225976768));
#5209=CARTESIAN_POINT('Ctrl Pts',(-23.3829076530019,-10.8028472782982,-11.7123039795786));
#5210=CARTESIAN_POINT('Ctrl Pts',(-22.9154925984372,-10.7860308506502,-11.8917957662289));
#5211=CARTESIAN_POINT('Ctrl Pts',(-22.6346682747049,-10.7689290121487,-12.2284446883998));
#5212=CARTESIAN_POINT('Ctrl Pts',(-22.3642479181787,-10.7524607618086,-12.5526214560944));
#5213=CARTESIAN_POINT('Ctrl Pts',(-22.2662314033458,-10.7357071802282,-13.023221874405));
#5214=CARTESIAN_POINT('Ctrl Pts',(-22.3933578462872,-10.7185362651859,-13.4268675813377));
#5215=CARTESIAN_POINT('Ctrl Pts',(-22.43762798724,-10.7125567159149,-13.5674319826337));
#5216=CARTESIAN_POINT('Ctrl Pts',(-22.5088280558952,-10.7065695319394,-13.6987570811051));
#5217=CARTESIAN_POINT('Ctrl Pts',(-22.6009785075981,-10.7005,-13.8152385462594));
#5218=CARTESIAN_POINT('Ctrl Pts',(-24.8277848821112,1.0005,-13.0914798771679));
#5219=CARTESIAN_POINT('Ctrl Pts',(-24.8552915893195,1.0287445701889,-12.9059943524981));
#5220=CARTESIAN_POINT('Ctrl Pts',(-24.8422910962242,1.05589763040331,-12.7158006218988));
#5221=CARTESIAN_POINT('Ctrl Pts',(-24.7878677540884,1.08243170800179,-12.5383004010581));
#5222=CARTESIAN_POINT('Ctrl Pts',(-24.6505120006615,1.14939944789049,-12.0903184210806));
#5223=CARTESIAN_POINT('Ctrl Pts',(-24.2544102042435,1.21138983195108,-11.7326400807445));
#5224=CARTESIAN_POINT('Ctrl Pts',(-23.7951894905436,1.27050000000001,-11.6127538661064));
#5225=CARTESIAN_POINT('Ctrl Pts',(-24.5026575575348,1.27050000000001,-14.2980022261354));
#5226=CARTESIAN_POINT('Ctrl Pts',(-24.1037774194867,1.24400432900434,-14.5985460509337));
#5227=CARTESIAN_POINT('Ctrl Pts',(-22.9890625404669,1.191012987013,-14.7645548908112));
#5228=CARTESIAN_POINT('Ctrl Pts',(-21.86736328833,1.11152597402598,-13.4848440781279));
#5229=CARTESIAN_POINT('Ctrl Pts',(-22.339769879037,1.03203896103897,-11.8525610249486));
#5230=CARTESIAN_POINT('Ctrl Pts',(-23.9661998294298,0.952551948051954,-11.3645473417697));
#5231=CARTESIAN_POINT('Ctrl Pts',(-25.257790214787,0.873064935064941,-12.4689004651823));
#5232=CARTESIAN_POINT('Ctrl Pts',(-25.0277931332588,0.793577922077929,-14.1522154910005));
#5233=CARTESIAN_POINT('Ctrl Pts',(-23.4881283876364,0.714090909090915,-14.8701724519441));
#5234=CARTESIAN_POINT('Ctrl Pts',(-22.0509436365924,0.634603896103902,-13.9640097081064));
#5235=CARTESIAN_POINT('Ctrl Pts',(-22.035075169916,0.555116883116889,-12.2651413158464));
#5236=CARTESIAN_POINT('Ctrl Pts',(-23.4549553216766,0.475629870129876,-11.3322371270641));
#5237=CARTESIAN_POINT('Ctrl Pts',(-25.0079340472852,0.396142857142863,-12.0212276929028));
#5238=CARTESIAN_POINT('Ctrl Pts',(-25.269145459029,0.316655844155849,-13.6999723315016));
#5239=CARTESIAN_POINT('Ctrl Pts',(-23.9989503396212,0.237168831168837,-14.828253168004));
#5240=CARTESIAN_POINT('Ctrl Pts',(-22.3627218850145,0.157681818181824,-14.3708907305931));
#5241=CARTESIAN_POINT('Ctrl Pts',(-21.8616767485198,0.0781948051948105,
-12.7475077892787));
#5242=CARTESIAN_POINT('Ctrl Pts',(-22.9555128325209,-0.00129220779220221,
-11.4475303798989));
#5243=CARTESIAN_POINT('Ctrl Pts',(-24.6406553992843,-0.0807792207792153,
-11.6636658447076));
#5244=CARTESIAN_POINT('Ctrl Pts',(-25.3710140689485,-0.160266233766229,
-13.197613493467));
#5245=CARTESIAN_POINT('Ctrl Pts',(-24.4764975112346,-0.239753246753242,
-14.6420024312414));
#5246=CARTESIAN_POINT('Ctrl Pts',(-22.77780930151,-0.319240259740255,-14.6716303050831));
#5247=CARTESIAN_POINT('Ctrl Pts',(-21.8334671347893,-0.398727272727268,
-13.2593140534544));
#5248=CARTESIAN_POINT('Ctrl Pts',(-22.5098888706827,-0.478214285714281,
-11.7008298601524));
#5249=CARTESIAN_POINT('Ctrl Pts',(-24.1864690735286,-0.557701298701294,
-11.4260605222409));
#5250=CARTESIAN_POINT('Ctrl Pts',(-25.3249738512663,-0.637188311688307,
-12.6871022420723));
#5251=CARTESIAN_POINT('Ctrl Pts',(-24.8808444017121,-0.716675324675319,
-14.3269706467238));
#5252=CARTESIAN_POINT('Ctrl Pts',(-23.2615619527727,-0.796162337662334,
-14.8411143088771));
#5253=CARTESIAN_POINT('Ctrl Pts',(-21.9527906683274,-0.875649350649346,
-13.7578151455233));
#5254=CARTESIAN_POINT('Ctrl Pts',(-22.1553059864324,-0.95513636363636,-12.0709817515493));
#5255=CARTESIAN_POINT('Ctrl Pts',(-23.6833035406316,-1.03462337662337,-11.3282551344952));
#5256=CARTESIAN_POINT('Ctrl Pts',(-25.1348715101641,-1.11411038961039,-12.2110743588032));
#5257=CARTESIAN_POINT('Ctrl Pts',(-25.1782209213253,-1.1935974025974,-13.9094677707258));
#5258=CARTESIAN_POINT('Ctrl Pts',(-23.7735794250946,-1.27308441558441,-14.8651882425143));
#5259=CARTESIAN_POINT('Ctrl Pts',(-22.2096817526045,-1.35257142857142,-14.2013784632376));
#5260=CARTESIAN_POINT('Ctrl Pts',(-21.9213774735124,-1.43205844155844,-12.5270726381982));
#5261=CARTESIAN_POINT('Ctrl Pts',(-23.1731808703598,-1.51154545454545,-11.3784179430239));
#5262=CARTESIAN_POINT('Ctrl Pts',(-24.8165835740315,-1.59103246753246,-11.8092855638347));
#5263=CARTESIAN_POINT('Ctrl Pts',(-25.3437914982237,-1.67051948051948,-13.4243617718728));
#5264=CARTESIAN_POINT('Ctrl Pts',(-24.2711003210577,-1.75000649350649,-14.7418415597753));
#5265=CARTESIAN_POINT('Ctrl Pts',(-22.5826859902495,-1.8294935064935,-14.5529595843983));
#5266=CARTESIAN_POINT('Ctrl Pts',(-21.8276399959977,-1.90898051948052,-13.0310118521598));
#5267=CARTESIAN_POINT('Ctrl Pts',(-22.6987042222477,-1.98846753246753,-11.5723595745938));
#5268=CARTESIAN_POINT('Ctrl Pts',(-24.3966920264325,-2.06795454545454,-11.5152914579178));
#5269=CARTESIAN_POINT('Ctrl Pts',(-25.3637284190256,-2.14744155844155,-12.9121665305359));
#5270=CARTESIAN_POINT('Ctrl Pts',(-24.7125739238247,-2.22692857142857,-14.481375623194));
#5271=CARTESIAN_POINT('Ctrl Pts',(-23.0406517377994,-2.30641558441558,-14.7831960283647));
#5272=CARTESIAN_POINT('Ctrl Pts',(-21.8819220882397,-2.38590259740259,-13.5407126472554));
#5273=CARTESIAN_POINT('Ctrl Pts',(-22.2994997609075,-2.46538961038961,-11.8938828927299));
#5274=CARTESIAN_POINT('Ctrl Pts',(-23.9102643288887,-2.54487662337662,-11.3536451120838));
#5275=CARTESIAN_POINT('Ctrl Pts',(-25.2363666413893,-2.62436363636363,-12.4156582993287));
#5276=CARTESIAN_POINT('Ctrl Pts',(-25.0611303353008,-2.70385064935065,-14.1055433812587));
#5277=CARTESIAN_POINT('Ctrl Pts',(-23.5453317470843,-2.78333766233766,-14.8728594784846));
#5278=CARTESIAN_POINT('Ctrl Pts',(-22.0796903530058,-2.86282467532467,-14.013607095849));
#5279=CARTESIAN_POINT('Ctrl Pts',(-22.0089072550534,-2.94231168831168,-12.3161357098912));
#5280=CARTESIAN_POINT('Ctrl Pts',(-23.3979247441609,-3.0217987012987,-11.3378465051798));
#5281=CARTESIAN_POINT('Ctrl Pts',(-24.9723428505743,-3.10128571428571,-11.9763032220359));
#5282=CARTESIAN_POINT('Ctrl Pts',(-25.287659685061,-3.18077272727272,-13.6457326595955));
#5283=CARTESIAN_POINT('Ctrl Pts',(-24.0545774040129,-3.26025974025974,-14.814461644975));
#5284=CARTESIAN_POINT('Ctrl Pts',(-22.404428070557,-3.33974675324675,-14.4102011715219));
#5285=CARTESIAN_POINT('Ctrl Pts',(-21.851195689313,-3.41923376623377,-12.8038533619102));
#5286=CARTESIAN_POINT('Ctrl Pts',(-22.9024615797768,-3.49872077922078,-11.4692150660979));
#5287=CARTESIAN_POINT('Ctrl Pts',(-24.59370713112,-3.57820779220778,-11.6307942669964));
#5288=CARTESIAN_POINT('Ctrl Pts',(-25.3732432563586,-3.65769480519481,-13.1403447903473));
#5289=CARTESIAN_POINT('Ctrl Pts',(-24.5258587920504,-3.73718181818181,-14.6128796533473));
#5290=CARTESIAN_POINT('Ctrl Pts',(-22.8290146011095,-3.81666883116883,-14.6973731132791));
#5291=CARTESIAN_POINT('Ctrl Pts',(-21.8395364273222,-3.89615584415584,-13.3163038548059));
#5292=CARTESIAN_POINT('Ctrl Pts',(-22.4652537002207,-3.97564285714286,-11.7367794809839));
#5293=CARTESIAN_POINT('Ctrl Pts',(-24.1320814425389,-4.05512987012987,-11.407986794722));
#5294=CARTESIAN_POINT('Ctrl Pts',(-25.3107334926175,-4.13461688311688,-12.6315875048995));
#5295=CARTESIAN_POINT('Ctrl Pts',(-24.9198166003716,-4.2141038961039,-14.2849487287275));
#5296=CARTESIAN_POINT('Ctrl Pts',(-23.3179903792051,-4.29359090909091,-14.8511396066872));
#5297=CARTESIAN_POINT('Ctrl Pts',(-21.9749031984248,-4.37307792207792,-13.8106896184971));
#5298=CARTESIAN_POINT('Ctrl Pts',(-22.1228147494929,-4.45256493506494,-12.1181939682333));
#5299=CARTESIAN_POINT('Ctrl Pts',(-23.6260186948825,-4.53205194805195,-11.3264886874209));
#5300=CARTESIAN_POINT('Ctrl Pts',(-25.1053509293461,-4.61153896103897,-12.1619499331878));
#5301=CARTESIAN_POINT('Ctrl Pts',(-25.2035492372237,-4.69102597402597,-13.8580561932526));
#5302=CARTESIAN_POINT('Ctrl Pts',(-23.8305183378077,-4.77051298701299,-14.8586587628826));
#5303=CARTESIAN_POINT('Ctrl Pts',(-22.2459907761585,-4.85,-14.24572176818));
#5304=CARTESIAN_POINT('Ctrl Pts',(-21.9037436950947,-4.92948701298702,-12.5816044980921));
#5305=CARTESIAN_POINT('Ctrl Pts',(-23.1177829823581,-5.00897402597402,-11.3931063020135));
#5306=CARTESIAN_POINT('Ctrl Pts',(-24.7742481983926,-5.08846103896104,-11.7706541018602));
#5307=CARTESIAN_POINT('Ctrl Pts',(-25.3533606235155,-5.16794805194805,-13.3678541995841));
#5308=CARTESIAN_POINT('Ctrl Pts',(-24.3237944372471,-5.24743506493506,-14.7193026156156));
#5309=CARTESIAN_POINT('Ctrl Pts',(-22.6301591401366,-5.32692207792207,-14.585068367069));
#5310=CARTESIAN_POINT('Ctrl Pts',(-21.8263363703473,-5.4064090909091,-13.0883090985594));
#5311=CARTESIAN_POINT('Ctrl Pts',(-22.6498198754668,-5.4858961038961,-11.6022760336859));
#5312=CARTESIAN_POINT('Ctrl Pts',(-24.3450775169537,-5.56538311688312,-11.4903792862729));
#5313=CARTESIAN_POINT('Ctrl Pts',(-25.3567391832163,-5.64487012987013,-12.8552822227911));
#5314=CARTESIAN_POINT('Ctrl Pts',(-24.7566224669081,-5.72435714285714,-14.4447095661789));
#5315=CARTESIAN_POINT('Ctrl Pts',(-23.0953242691548,-5.80384415584416,-14.8003887070388));
#5316=CARTESIAN_POINT('Ctrl Pts',(-21.8970574883334,-5.88333116883116,-13.5959900707556));
#5317=CARTESIAN_POINT('Ctrl Pts',(-22.2612115570543,-5.96281818181819,-11.9365289632464));
#5318=CARTESIAN_POINT('Ctrl Pts',(-23.8536812982388,-6.04230519480519,-11.3445327837714));
#5319=CARTESIAN_POINT('Ctrl Pts',(-25.2134027541512,-6.12179220779221,-12.3631479787457));
#5320=CARTESIAN_POINT('Ctrl Pts',(-25.0928545682378,-6.20127922077923,-14.0578123962556));
#5321=CARTESIAN_POINT('Ctrl Pts',(-23.6026376549482,-6.28076623376623,-14.8737001976393));
#5322=CARTESIAN_POINT('Ctrl Pts',(-22.1100007380139,-6.36025324675325,-14.0622481736071));
#5323=CARTESIAN_POINT('Ctrl Pts',(-21.9844128534344,-6.43974025974026,-12.3679497830194));
#5324=CARTESIAN_POINT('Ctrl Pts',(-23.3410987536442,-6.51922727272728,-11.3452950410497));
#5325=CARTESIAN_POINT('Ctrl Pts',(-24.9353221529226,-6.59871428571429,-11.9325523154146));
#5326=CARTESIAN_POINT('Ctrl Pts',(-25.3044101419984,-6.6782012987013,-13.5909230247017));
#5327=CARTESIAN_POINT('Ctrl Pts',(-24.1097307556134,-6.75768831168831,-14.7988801915118));
#5328=CARTESIAN_POINT('Ctrl Pts',(-22.4473820528732,-6.83717532467533,-14.4481436185699));
#5329=CARTESIAN_POINT('Ctrl Pts',(-21.8425407526495,-6.91666233766234,-12.8605081583193));
#5330=CARTESIAN_POINT('Ctrl Pts',(-22.8501384816177,-6.99614935064935,-11.4926023977936));
#5331=CARTESIAN_POINT('Ctrl Pts',(-24.5457214259196,-7.07563636363637,-11.5994566541129));
#5332=CARTESIAN_POINT('Ctrl Pts',(-25.3736210141525,-7.15512337662338,-13.0830339607961));
#5333=CARTESIAN_POINT('Ctrl Pts',(-24.5742534264745,-7.23461038961039,-14.5821773204756));
#5334=CARTESIAN_POINT('Ctrl Pts',(-22.8810248565065,-7.31409740259741,-14.7214481463704));
#5335=CARTESIAN_POINT('Ctrl Pts',(-21.847443777162,-7.39358441558442,-13.3730678196368));
#5336=CARTESIAN_POINT('Ctrl Pts',(-22.4218032852407,-7.47307142857143,-11.7741524033058));
#5337=CARTESIAN_POINT('Ctrl Pts',(-24.0771382809773,-7.55255844155845,-11.3916796526543));
#5338=CARTESIAN_POINT('Ctrl Pts',(-25.2947070026287,-7.63204545454545,-12.5765618244999));
#5339=CARTESIAN_POINT('Ctrl Pts',(-24.9574108144945,-7.71153246753247,-14.2416896377837));
#5340=CARTESIAN_POINT('Ctrl Pts',(-23.3747132440878,-7.79101948051949,-14.8593365868816));
#5341=CARTESIAN_POINT('Ctrl Pts',(-21.9987124483235,-7.8705064935065,-13.8628220796327));
#5342=CARTESIAN_POINT('Ctrl Pts',(-22.091865801752,-7.94999350649352,-12.1664312620892));
#5343=CARTESIAN_POINT('Ctrl Pts',(-23.5687066837422,-8.02948051948051,-11.3265739156403));
#5344=CARTESIAN_POINT('Ctrl Pts',(-25.0742586522414,-8.10896753246755,-12.1138049003264));
#5345=CARTESIAN_POINT('Ctrl Pts',(-25.2272033306533,-8.18845454545453,-13.8058531497696));
#5346=CARTESIAN_POINT('Ctrl Pts',(-23.8872165725428,-8.26794155844158,-14.8502931151066));
#5347=CARTESIAN_POINT('Ctrl Pts',(-22.2837134841979,-8.34742857142857,-14.2888688559476));
#5348=CARTESIAN_POINT('Ctrl Pts',(-21.8878809320986,-8.42691558441559,-12.6366776007408));
#5349=CARTESIAN_POINT('Ctrl Pts',(-23.0628885641295,-8.5064025974026,-11.4095767826341));
#5350=CARTESIAN_POINT('Ctrl Pts',(-24.7306868219036,-8.58588961038962,-11.7334105740698));
#5351=CARTESIAN_POINT('Ctrl Pts',(-25.3610991123083,-8.66537662337663,-13.3110669679298));
#5352=CARTESIAN_POINT('Ctrl Pts',(-24.3757328591978,-8.74486363636364,-14.6950730013525));
#5353=CARTESIAN_POINT('Ctrl Pts',(-22.6786448746939,-8.82435064935066,-14.6156266298469));
#5354=CARTESIAN_POINT('Ctrl Pts',(-21.8268845790065,-8.90383766233766,-13.1456185512971));
#5355=CARTESIAN_POINT('Ctrl Pts',(-22.6019275861293,-8.98332467532468,-11.6337562255922));
#5356=CARTESIAN_POINT('Ctrl Pts',(-24.2926850921072,-9.06281168831168,-11.4671476768469));
#5357=CARTESIAN_POINT('Ctrl Pts',(-25.3479157835264,-9.14229870129872,-12.7986534169674));
#5358=CARTESIAN_POINT('Ctrl Pts',(-24.7994634115334,-9.22178571428571,-14.4066395367106));
#5359=CARTESIAN_POINT('Ctrl Pts',(-23.1505237191257,-9.30127272727273,-14.8158060509361));
#5360=CARTESIAN_POINT('Ctrl Pts',(-21.9139708841477,-9.38075974025974,-13.6507496536879));
#5361=CARTESIAN_POINT('Ctrl Pts',(-22.2243211472132,-9.46024675324676,-11.9803897646278));
#5362=CARTESIAN_POINT('Ctrl Pts',(-23.7968334036097,-9.53973376623377,-11.3372533257035));
#5363=CARTESIAN_POINT('Ctrl Pts',(-25.1887543608441,-9.61922077922079,-12.3114069194965));
#5364=CARTESIAN_POINT('Ctrl Pts',(-25.1230201439426,-9.6987077922078,-14.0090815120479));
#5365=CARTESIAN_POINT('Ctrl Pts',(-23.6599408244309,-9.77819480519481,-14.8726888003319));
#5366=CARTESIAN_POINT('Ctrl Pts',(-22.1418667611828,-9.85768181818182,-14.1098850631562));
#5367=CARTESIAN_POINT('Ctrl Pts',(-21.9616053001504,-9.93716883116884,-12.4205272678726));
#5368=CARTESIAN_POINT('Ctrl Pts',(-23.284542964545,-10.0166558441558,-11.3545773518295));
#5369=CARTESIAN_POINT('Ctrl Pts',(-24.8969074937248,-10.0961428571429,-11.8900169733484));
#5370=CARTESIAN_POINT('Ctrl Pts',(-25.3193806621153,-10.1756298701299,-13.53560724556));
#5371=CARTESIAN_POINT('Ctrl Pts',(-24.1643526960501,-10.2551168831169,-14.7815126466313));
#5372=CARTESIAN_POINT('Ctrl Pts',(-22.4915379430079,-10.3346038961039,-14.4847022282515));
#5373=CARTESIAN_POINT('Ctrl Pts',(-21.8357236344049,-10.4140909090909,-12.91736738222));
#5374=CARTESIAN_POINT('Ctrl Pts',(-22.7985927122665,-10.4935779220779,-11.5177556983671));
#5375=CARTESIAN_POINT('Ctrl Pts',(-24.4967590474272,-10.5730649350649,-11.5695169945576));
#5376=CARTESIAN_POINT('Ctrl Pts',(-25.3721263878521,-10.6525519480519,-13.026065505269));
#5377=CARTESIAN_POINT('Ctrl Pts',(-24.6216701234918,-10.732038961039,-14.5493012499215));
#5378=CARTESIAN_POINT('Ctrl Pts',(-22.9337135322937,-10.811525974026,-14.7450523645307));
#5379=CARTESIAN_POINT('Ctrl Pts',(-21.857289899865,-10.891012987013,-13.4270306879669));
#5380=CARTESIAN_POINT('Ctrl Pts',(-22.2054935138516,-10.9440043290043,-12.3551620208101));
#5381=CARTESIAN_POINT('Ctrl Pts',(-22.5679070409952,-10.9705,-12.0115221068057));
#5382=CARTESIAN_POINT('Ctrl Pts',(-24.4484981040827,1.32246152422707,-14.2261220925673));
#5383=CARTESIAN_POINT('Ctrl Pts',(-24.0735507743175,1.2959658532314,-14.5086332878777));
#5384=CARTESIAN_POINT('Ctrl Pts',(-23.0257187880389,1.24297451124006,-14.6646815973626));
#5385=CARTESIAN_POINT('Ctrl Pts',(-21.9713214910303,1.16348749825305,-13.4617534334402));
#5386=CARTESIAN_POINT('Ctrl Pts',(-22.4153836862947,1.08400048526603,-11.9274073634517));
#5387=CARTESIAN_POINT('Ctrl Pts',(-23.944227839664,1.00451347227902,-11.4686745012635));
#5388=CARTESIAN_POINT('Ctrl Pts',(-25.1583228018997,0.925026459292008,-12.5067664372714));
#5389=CARTESIAN_POINT('Ctrl Pts',(-24.9421255452633,0.845539446304995,-14.0890825615405));
#5390=CARTESIAN_POINT('Ctrl Pts',(-23.4948406843782,0.766052433317982,-14.7639621048274));
#5391=CARTESIAN_POINT('Ctrl Pts',(-22.1438870183968,0.686565420330968,-13.91216912562));
#5392=CARTESIAN_POINT('Ctrl Pts',(-22.1289706597211,0.607078407343956,-12.3152328368956));
#5393=CARTESIAN_POINT('Ctrl Pts',(-23.463658002376,0.527591394356942,-11.4383028994403));
#5394=CARTESIAN_POINT('Ctrl Pts',(-24.9234580044481,0.44810438136993,-12.0859540313286));
#5395=CARTESIAN_POINT('Ctrl Pts',(-25.1689967314873,0.368617368382916,-13.6639739916115));
#5396=CARTESIAN_POINT('Ctrl Pts',(-23.9750133192439,0.289130355395904,-14.7245579779238));
#5397=CARTESIAN_POINT('Ctrl Pts',(-22.4369585719137,0.20964334240889,-14.2946372867575));
#5398=CARTESIAN_POINT('Ctrl Pts',(-21.9659761436086,0.130156329421877,-12.768657321922));
#5399=CARTESIAN_POINT('Ctrl Pts',(-22.9941820625696,0.0506693164348644,
-11.546678557105));
#5400=CARTESIAN_POINT('Ctrl Pts',(-24.5782160753272,-0.0288176965521486,
-11.7498458940251));
#5401=CARTESIAN_POINT('Ctrl Pts',(-25.2647532248115,-0.108304709539162,
-13.191756683859));
#5402=CARTESIAN_POINT('Ctrl Pts',(-24.4239076605605,-0.187791722526175,
-14.549482285367));
#5403=CARTESIAN_POINT('Ctrl Pts',(-22.8271407434194,-0.267278735513188,
-14.5773324867781));
#5404=CARTESIAN_POINT('Ctrl Pts',(-21.9394591067019,-0.346765748500201,
-13.2497552102471));
#5405=CARTESIAN_POINT('Ctrl Pts',(-22.5752955384417,-0.426252761487214,
-11.7847800685433));
#5406=CARTESIAN_POINT('Ctrl Pts',(-24.1512809291169,-0.505739774474227,
-11.5264968909065));
#5407=CARTESIAN_POINT('Ctrl Pts',(-25.2214754201903,-0.58522678746124,-12.7118761075479));
#5408=CARTESIAN_POINT('Ctrl Pts',(-24.8039937376094,-0.664713800448253,
-14.2533524079204));
#5409=CARTESIAN_POINT('Ctrl Pts',(-23.2818682356063,-0.744200813435266,
-14.7366474503445));
#5410=CARTESIAN_POINT('Ctrl Pts',(-22.0516232282278,-0.82368782642228,-13.7183462367919));
#5411=CARTESIAN_POINT('Ctrl Pts',(-22.2419876272464,-0.903174839409293,
-12.1327228464564));
#5412=CARTESIAN_POINT('Ctrl Pts',(-23.6783053281937,-0.982661852396305,
-11.4345598264255));
#5413=CARTESIAN_POINT('Ctrl Pts',(-25.0427792195543,-1.06214886538332,-12.264409897275));
#5414=CARTESIAN_POINT('Ctrl Pts',(-25.0835276660458,-1.14163587837033,-13.8608997044822));
#5415=CARTESIAN_POINT('Ctrl Pts',(-23.7631646595889,-1.22112289135734,-14.7592769479634));
#5416=CARTESIAN_POINT('Ctrl Pts',(-22.2931008474482,-1.30060990434436,-14.1352957554434));
#5417=CARTESIAN_POINT('Ctrl Pts',(-22.0220948251017,-1.38009691733137,-12.5614482799063));
#5418=CARTESIAN_POINT('Ctrl Pts',(-23.1987900181382,-1.45958393031838,-11.4817128664425));
#5419=CARTESIAN_POINT('Ctrl Pts',(-24.7435885595896,-1.5390709433054,-11.8867284300046));
#5420=CARTESIAN_POINT('Ctrl Pts',(-25.2391640083303,-1.61855795629241,-13.4049000655604));
#5421=CARTESIAN_POINT('Ctrl Pts',(-24.2308343017943,-1.69804496927942,-14.6433310661888));
#5422=CARTESIAN_POINT('Ctrl Pts',(-22.6437248308346,-1.77753198226644,-14.4657820093343));
#5423=CARTESIAN_POINT('Ctrl Pts',(-21.9339815962378,-1.85701899525345,-13.0351511410303));
#5424=CARTESIAN_POINT('Ctrl Pts',(-22.7527819689129,-1.93650600824046,-11.6640180001181));
#5425=CARTESIAN_POINT('Ctrl Pts',(-24.3488905048465,-2.01599302122747,-11.6103739704428));
#5426=CARTESIAN_POINT('Ctrl Pts',(-25.257904713884,-2.09548003421449,-12.9234365387037));
#5427=CARTESIAN_POINT('Ctrl Pts',(-24.6458194883953,-2.1749670472015,-14.3984930858024));
#5428=CARTESIAN_POINT('Ctrl Pts',(-23.0742126335314,-2.25445406018852,-14.6822042666628));
#5429=CARTESIAN_POINT('Ctrl Pts',(-21.9850067629453,-2.33394107317553,-13.5142698884201));
#5430=CARTESIAN_POINT('Ctrl Pts',(-22.377529775253,-2.41342808616254,-11.9662499191661));
#5431=CARTESIAN_POINT('Ctrl Pts',(-23.8916484691554,-2.49291509914956,-11.4584264053588));
#5432=CARTESIAN_POINT('Ctrl Pts',(-25.1381846429059,-2.57240211213656,-12.4567188013689));
#5433=CARTESIAN_POINT('Ctrl Pts',(-24.9734625151828,-2.65188912512358,-14.0452107783832));
#5434=CARTESIAN_POINT('Ctrl Pts',(-23.5486118422592,-2.73137613811059,-14.7664879097755));
#5435=CARTESIAN_POINT('Ctrl Pts',(-22.1709089318255,-2.81086315109761,-13.9587906700981));
#5436=CARTESIAN_POINT('Ctrl Pts',(-22.1043728197502,-2.89035016408461,-12.3631675672978));
#5437=CARTESIAN_POINT('Ctrl Pts',(-23.4100492595112,-2.96983717707164,-11.443575714869));
#5438=CARTESIAN_POINT('Ctrl Pts',(-24.8900022795399,-3.04932419005864,-12.0437250287137));
#5439=CARTESIAN_POINT('Ctrl Pts',(-25.1864001039574,-3.12881120304566,-13.6129887000197));
#5440=CARTESIAN_POINT('Ctrl Pts',(-24.0273027597721,-3.20829821603267,-14.7115939462765));
#5441=CARTESIAN_POINT('Ctrl Pts',(-22.4761623863236,-3.28778522901968,-14.3315891012306));
#5442=CARTESIAN_POINT('Ctrl Pts',(-21.9561239479542,-3.3672722420067,-12.8216221601956));
#5443=CARTESIAN_POINT('Ctrl Pts',(-22.9443138849902,-3.44675925499371,-11.5670621621321));
#5444=CARTESIAN_POINT('Ctrl Pts',(-24.5340847032528,-3.52624626798073,-11.7189466109766));
#5445=CARTESIAN_POINT('Ctrl Pts',(-25.2668486609771,-3.60573328096774,-13.1379241029265));
#5446=CARTESIAN_POINT('Ctrl Pts',(-24.4703072645274,-3.68522029395475,-14.5221068741465));
#5447=CARTESIAN_POINT('Ctrl Pts',(-22.875273725043,-3.76470730694176,-14.6015307264824));
#5448=CARTESIAN_POINT('Ctrl Pts',(-21.9451642416829,-3.84419431992878,-13.3033256235176));
#5449=CARTESIAN_POINT('Ctrl Pts',(-22.5333384782074,-3.92368133291579,-11.8185727121249));
#5450=CARTESIAN_POINT('Ctrl Pts',(-24.1001565559866,-4.0031683459028,-11.5095075870387));
#5451=CARTESIAN_POINT('Ctrl Pts',(-25.2080894830604,-4.08265535888981,-12.6596922546055));
#5452=CARTESIAN_POINT('Ctrl Pts',(-24.8406276043493,-4.16214237187683,-14.2138518050039));
#5453=CARTESIAN_POINT('Ctrl Pts',(-23.3349109564528,-4.24162938486384,-14.746071230286));
#5454=CARTESIAN_POINT('Ctrl Pts',(-22.0724090065194,-4.32111639785085,-13.7680482413872));
#5455=CARTESIAN_POINT('Ctrl Pts',(-22.2114458645233,-4.40060341083787,-12.1771023301393));
#5456=CARTESIAN_POINT('Ctrl Pts',(-23.6244575731896,-4.48009042382488,-11.4328993661757));
#5457=CARTESIAN_POINT('Ctrl Pts',(-25.0150298735852,-4.5595774368119,-12.2182329371965));
#5458=CARTESIAN_POINT('Ctrl Pts',(-25.1073362829903,-4.63906444979891,-13.8125728216575));
#5459=CARTESIAN_POINT('Ctrl Pts',(-23.8166872375392,-4.71855146278592,-14.7531392371097));
#5460=CARTESIAN_POINT('Ctrl Pts',(-22.327231329589,-4.79803847577294,-14.1769784620891));
#5461=CARTESIAN_POINT('Ctrl Pts',(-22.005519073389,-4.87752548875995,-12.6127082282066));
#5462=CARTESIAN_POINT('Ctrl Pts',(-23.1467160034166,-4.95701250174696,-11.4955199238927));
#5463=CARTESIAN_POINT('Ctrl Pts',(-24.703793306489,-5.03649951473397,-11.8504148557486));
#5464=CARTESIAN_POINT('Ctrl Pts',(-25.2481589861045,-5.11598652772098,-13.3517829476091));
#5465=CARTESIAN_POINT('Ctrl Pts',(-24.2803667710123,-5.195473540708,-14.6221444586787));
#5466=CARTESIAN_POINT('Ctrl Pts',(-22.6883495917284,-5.27496055369501,-14.4959642650448));
#5467=CARTESIAN_POINT('Ctrl Pts',(-21.9327561881265,-5.35444756668203,-13.0890105526458));
#5468=CARTESIAN_POINT('Ctrl Pts',(-22.7068306829388,-5.43393457966904,-11.6921394716648));
#5469=CARTESIAN_POINT('Ctrl Pts',(-24.3003728659365,-5.51342159265606,-11.5869565290965));
#5470=CARTESIAN_POINT('Ctrl Pts',(-25.2513348322233,-5.59290860564306,-12.8699652894236));
#5471=CARTESIAN_POINT('Ctrl Pts',(-24.6872251188936,-5.67239561863008,-14.3640269922081));
#5472=CARTESIAN_POINT('Ctrl Pts',(-23.1256048130055,-5.7518826316171,-14.6983653846165));
#5473=CARTESIAN_POINT('Ctrl Pts',(-21.9992340390334,-5.8313696446041,-13.5662306665102));
#5474=CARTESIAN_POINT('Ctrl Pts',(-22.341538863631,-5.91085665759112,-12.0063372254516));
#5475=CARTESIAN_POINT('Ctrl Pts',(-23.8384604203445,-5.99034367057813,-11.4498608167452));
#5476=CARTESIAN_POINT('Ctrl Pts',(-25.1165985889021,-6.06983068356515,-12.4073591000209));
#5477=CARTESIAN_POINT('Ctrl Pts',(-25.0032832941436,-6.14931769655215,-14.0003436524803));
#5478=CARTESIAN_POINT('Ctrl Pts',(-23.6024793956513,-6.22880470953918,-14.767278185781));
#5479=CARTESIAN_POINT('Ctrl Pts',(-22.199400693733,-6.30829172252618,-14.0045132831907));
#5480=CARTESIAN_POINT('Ctrl Pts',(-22.0813480822283,-6.3877787355132,-12.4118727960382));
#5481=CARTESIAN_POINT('Ctrl Pts',(-23.3566328284255,-6.4672657485002,-11.4505773385867));
#5482=CARTESIAN_POINT('Ctrl Pts',(-24.8552028237472,-6.54675276148722,-12.0025991764898));
#5483=CARTESIAN_POINT('Ctrl Pts',(-25.2021455334785,-6.62623977447423,-13.5614676432196));
#5484=CARTESIAN_POINT('Ctrl Pts',(-24.0791469102767,-6.70572678746125,-14.6969473800211));
#5485=CARTESIAN_POINT('Ctrl Pts',(-22.5165391297008,-6.78521380044826,-14.3672550014557));
#5486=CARTESIAN_POINT('Ctrl Pts',(-21.9479883074905,-6.86470081343527,-12.8748776688202));
#5487=CARTESIAN_POINT('Ctrl Pts',(-22.8951301727206,-6.94418782642229,-11.589046253926));
#5488=CARTESIAN_POINT('Ctrl Pts',(-24.4889781403645,-7.0236748394093,-11.6894892548662));
#5489=CARTESIAN_POINT('Ctrl Pts',(-25.2672037533033,-7.10316185239632,-13.0840519231483));
#5490=CARTESIAN_POINT('Ctrl Pts',(-24.515798220886,-7.18264886538332,-14.493246681247));
#5491=CARTESIAN_POINT('Ctrl Pts',(-22.9241633651162,-7.26213587837034,-14.6241612575882));
#5492=CARTESIAN_POINT('Ctrl Pts',(-21.9525971505323,-7.34162289135735,-13.3566837504585));
#5493=CARTESIAN_POINT('Ctrl Pts',(-22.4924950881263,-7.42110990434436,-11.8537032591075));
#5494=CARTESIAN_POINT('Ctrl Pts',(-24.0485099841187,-7.50059691733138,-11.494178873495));
#5495=CARTESIAN_POINT('Ctrl Pts',(-25.1930245824709,-7.58008393031839,-12.6079681150299));
#5496=CARTESIAN_POINT('Ctrl Pts',(-24.8759661656249,-7.6595709433054,-14.1731882595167));
#5497=CARTESIAN_POINT('Ctrl Pts',(-23.3882304494425,-7.73905795629242,-14.7537763916686));
#5498=CARTESIAN_POINT('Ctrl Pts',(-22.0947897014241,-7.81854496927943,-13.8170527548548));
#5499=CARTESIAN_POINT('Ctrl Pts',(-22.1823538536469,-7.89803198226644,-12.2224453863639));
#5500=CARTESIAN_POINT('Ctrl Pts',(-23.5705842827177,-7.97751899525345,-11.4329794807018));
#5501=CARTESIAN_POINT('Ctrl Pts',(-24.9858031331069,-8.05700600824048,-12.1729766063068));
#5502=CARTESIAN_POINT('Ctrl Pts',(-25.1295711308141,-8.13649302122747,-13.7635019607835));
#5503=CARTESIAN_POINT('Ctrl Pts',(-23.8699835781902,-8.2159800342145,-14.7452755282002));
#5504=CARTESIAN_POINT('Ctrl Pts',(-22.362690675146,-8.29546704720151,-14.2175367245907));
#5505=CARTESIAN_POINT('Ctrl Pts',(-21.9906080761727,-8.37495406018852,-12.6644769446963));
#5506=CARTESIAN_POINT('Ctrl Pts',(-23.0951152502817,-8.45444107317553,-11.511002175676));
#5507=CARTESIAN_POINT('Ctrl Pts',(-24.6628456125894,-8.53392808616255,-11.8154059396256));
#5508=CARTESIAN_POINT('Ctrl Pts',(-25.2554331655698,-8.61341509914956,-13.298402949854));
#5509=CARTESIAN_POINT('Ctrl Pts',(-24.329188887646,-8.69290211213657,-14.5993686212713));
#5510=CARTESIAN_POINT('Ctrl Pts',(-22.7339261822123,-8.77238912512359,-14.5246890320561));
#5511=CARTESIAN_POINT('Ctrl Pts',(-21.9332715042661,-8.8518761381106,-13.1428814382192));
#5512=CARTESIAN_POINT('Ctrl Pts',(-22.6618119309615,-8.93136315109762,-11.7217308520567));
#5513=CARTESIAN_POINT('Ctrl Pts',(-24.2511239865808,-9.01085016408462,-11.5651188162361));
#5514=CARTESIAN_POINT('Ctrl Pts',(-25.2430408365148,-9.09033717707164,-12.8167342119493));
#5515=CARTESIAN_POINT('Ctrl Pts',(-24.7274956068414,-9.16982419005865,-14.328241164508));
#5516=CARTESIAN_POINT('Ctrl Pts',(-23.1774922959782,-9.24931120304566,-14.71285768788));
#5517=CARTESIAN_POINT('Ctrl Pts',(-22.0151326310988,-9.32879821603269,-13.6177046744666));
#5518=CARTESIAN_POINT('Ctrl Pts',(-22.3068618783805,-9.40828522901968,-12.0475663787501));
#5519=CARTESIAN_POINT('Ctrl Pts',(-23.7850233993932,-9.48777224200671,-11.4430181261613));
#5520=CARTESIAN_POINT('Ctrl Pts',(-25.0934290991934,-9.56725925499372,-12.3587225043267));
#5521=CARTESIAN_POINT('Ctrl Pts',(-25.0316389353061,-9.64674626798073,-13.954536621325));
#5522=CARTESIAN_POINT('Ctrl Pts',(-23.656344374965,-9.72623328096775,-14.766327472312));
#5523=CARTESIAN_POINT('Ctrl Pts',(-22.2293547555119,-9.80572029395476,-14.0492919593668));
#5524=CARTESIAN_POINT('Ctrl Pts',(-22.0599089821414,-9.88520730694177,-12.4612956318003));
#5525=CARTESIAN_POINT('Ctrl Pts',(-23.3034703866723,-9.96469431992877,-11.4593027107197));
#5526=CARTESIAN_POINT('Ctrl Pts',(-24.8190930441014,-10.0441813329158,-11.9626159549475));
#5527=CARTESIAN_POINT('Ctrl Pts',(-25.2162178223883,-10.1236683459028,-13.5094708108264));
#5528=CARTESIAN_POINT('Ctrl Pts',(-24.1304915342871,-10.2031553588898,-14.6806218878335));
#5529=CARTESIAN_POINT('Ctrl Pts',(-22.5580456664275,-10.2826423718769,-14.4016200945564));
#5530=CARTESIAN_POINT('Ctrl Pts',(-21.9415802163406,-10.3621293848638,-12.9283253392868));
#5531=CARTESIAN_POINT('Ctrl Pts',(-22.8466771495305,-10.4416163978509,-11.612690356465));
#5532=CARTESIAN_POINT('Ctrl Pts',(-24.4429535045815,-10.5211034108379,-11.6613459748842));
#5533=CARTESIAN_POINT('Ctrl Pts',(-25.265798804581,-10.6005904238249,-13.0305015749529));
#5534=CARTESIAN_POINT('Ctrl Pts',(-24.5603699160823,-10.6800774368119,-14.4623431749263));
#5535=CARTESIAN_POINT('Ctrl Pts',(-22.9736907203561,-10.7595644497989,-14.6463492226588));
#5536=CARTESIAN_POINT('Ctrl Pts',(-21.9618525058731,-10.8390514627859,-13.4074088466888));
#5537=CARTESIAN_POINT('Ctrl Pts',(-22.2891639030205,-10.8920428047773,-12.3998522995615));
#5538=CARTESIAN_POINT('Ctrl Pts',(-22.6298326185355,-10.9185384757729,-12.0768307803973));
#5539=CARTESIAN_POINT('Ctrl Pts',(-24.3943386506306,1.37442304845414,-14.1542419589991));
#5540=CARTESIAN_POINT('Ctrl Pts',(-24.0433241291483,1.34792737745847,-14.4187205248217));
#5541=CARTESIAN_POINT('Ctrl Pts',(-23.0623750356109,1.29493603546713,-14.5648083039139));
#5542=CARTESIAN_POINT('Ctrl Pts',(-22.0752796937305,1.21544902248011,-13.4386627887526));
#5543=CARTESIAN_POINT('Ctrl Pts',(-22.4909974935525,1.1359620094931,-12.0022537019548));
#5544=CARTESIAN_POINT('Ctrl Pts',(-23.9222558498983,1.05647499650609,-11.5728016607573));
#5545=CARTESIAN_POINT('Ctrl Pts',(-25.0588553890125,0.976987983519074,-12.5446324093604));
#5546=CARTESIAN_POINT('Ctrl Pts',(-24.8564579572678,0.897500970532062,-14.0259496320805));
#5547=CARTESIAN_POINT('Ctrl Pts',(-23.50155298112,0.818013957545049,-14.6577517577108));
#5548=CARTESIAN_POINT('Ctrl Pts',(-22.2368304002013,0.738526944558035,-13.8603285431336));
#5549=CARTESIAN_POINT('Ctrl Pts',(-22.2228661495261,0.659039931571023,-12.3653243579449));
#5550=CARTESIAN_POINT('Ctrl Pts',(-23.4723606830754,0.579552918584009,-11.5443686718165));
#5551=CARTESIAN_POINT('Ctrl Pts',(-24.838981961611,0.500065905596996,-12.1506803697544));
#5552=CARTESIAN_POINT('Ctrl Pts',(-25.0688480039455,0.420578892609983,-13.6279756517214));
#5553=CARTESIAN_POINT('Ctrl Pts',(-23.9510762988666,0.341091879622971,-14.6208627878435));
#5554=CARTESIAN_POINT('Ctrl Pts',(-22.5111952588128,0.261604866635957,-14.218383842922));
#5555=CARTESIAN_POINT('Ctrl Pts',(-22.0702755386974,0.182117853648944,-12.7898068545652));
#5556=CARTESIAN_POINT('Ctrl Pts',(-23.0328512926184,0.102630840661931,-11.6458267343111));
#5557=CARTESIAN_POINT('Ctrl Pts',(-24.5157767513702,0.0231438276749182,
-11.8360259433427));
#5558=CARTESIAN_POINT('Ctrl Pts',(-25.1584923806746,-0.0563431853120951,
-13.185899874251));
#5559=CARTESIAN_POINT('Ctrl Pts',(-24.3713178098865,-0.135830198299108,
-14.4569621394925));
#5560=CARTESIAN_POINT('Ctrl Pts',(-22.8764721853287,-0.215317211286122,
-14.4830346684731));
#5561=CARTESIAN_POINT('Ctrl Pts',(-22.0454510786146,-0.294804224273134,
-13.2401963670399));
#5562=CARTESIAN_POINT('Ctrl Pts',(-22.6407022062007,-0.374291237260148,
-11.8687302769341));
#5563=CARTESIAN_POINT('Ctrl Pts',(-24.1160927847053,-0.45377825024716,-11.626933259572));
#5564=CARTESIAN_POINT('Ctrl Pts',(-25.1179769891142,-0.533265263234173,
-12.7366499730236));
#5565=CARTESIAN_POINT('Ctrl Pts',(-24.7271430735067,-0.612752276221186,
-14.179734169117));
#5566=CARTESIAN_POINT('Ctrl Pts',(-23.3021745184399,-0.692239289208201,
-14.6321805918118));
#5567=CARTESIAN_POINT('Ctrl Pts',(-22.1504557881281,-0.771726302195212,
-13.6788773280605));
#5568=CARTESIAN_POINT('Ctrl Pts',(-22.3286692680605,-0.851213315182227,
-12.1944639413634));
#5569=CARTESIAN_POINT('Ctrl Pts',(-23.6733071157558,-0.930700328169238,
-11.5408645183558));
#5570=CARTESIAN_POINT('Ctrl Pts',(-24.9506869289445,-1.01018734115625,-12.3177454357468));
#5571=CARTESIAN_POINT('Ctrl Pts',(-24.9888344107662,-1.08967435414327,-13.8123316382387));
#5572=CARTESIAN_POINT('Ctrl Pts',(-23.7527498940833,-1.16916136713028,-14.6533656534126));
#5573=CARTESIAN_POINT('Ctrl Pts',(-22.3765199422919,-1.24864838011729,-14.0692130476491));
#5574=CARTESIAN_POINT('Ctrl Pts',(-22.1228121766909,-1.3281353931043,-12.5958239216144));
#5575=CARTESIAN_POINT('Ctrl Pts',(-23.2243991659166,-1.40762240609132,-11.585007789861));
#5576=CARTESIAN_POINT('Ctrl Pts',(-24.6705935451478,-1.48710941907833,-11.9641712961745));
#5577=CARTESIAN_POINT('Ctrl Pts',(-25.1345365184369,-1.56659643206534,-13.385438359248));
#5578=CARTESIAN_POINT('Ctrl Pts',(-24.1905682825308,-1.64608344505236,-14.5448205726023));
#5579=CARTESIAN_POINT('Ctrl Pts',(-22.7047636714196,-1.72557045803937,-14.3786044342705));
#5580=CARTESIAN_POINT('Ctrl Pts',(-22.040323196478,-1.80505747102638,-13.0392904299007));
#5581=CARTESIAN_POINT('Ctrl Pts',(-22.806859715578,-1.88454448401339,-11.7556764256425));
#5582=CARTESIAN_POINT('Ctrl Pts',(-24.3010889832606,-1.96403149700041,-11.7054564829677));
#5583=CARTESIAN_POINT('Ctrl Pts',(-25.1520810087425,-2.04351850998742,-12.9347065468716));
#5584=CARTESIAN_POINT('Ctrl Pts',(-24.5790650529658,-2.12300552297444,-14.3156105484107));
#5585=CARTESIAN_POINT('Ctrl Pts',(-23.1077735292634,-2.20249253596145,-14.5812125049609));
#5586=CARTESIAN_POINT('Ctrl Pts',(-22.088091437651,-2.28197954894846,-13.4878271295848));
#5587=CARTESIAN_POINT('Ctrl Pts',(-22.4555597895985,-2.36146656193547,-12.0386169456023));
#5588=CARTESIAN_POINT('Ctrl Pts',(-23.8730326094221,-2.44095357492249,-11.5632076986338));
#5589=CARTESIAN_POINT('Ctrl Pts',(-25.0400026444225,-2.5204405879095,-12.4977793034092));
#5590=CARTESIAN_POINT('Ctrl Pts',(-24.8857946950648,-2.59992760089652,-13.9848781755076));
#5591=CARTESIAN_POINT('Ctrl Pts',(-23.5518919374341,-2.67941461388352,-14.6601163410664));
#5592=CARTESIAN_POINT('Ctrl Pts',(-22.2621275106451,-2.75890162687054,-13.9039742443471));
#5593=CARTESIAN_POINT('Ctrl Pts',(-22.199838384447,-2.83838863985755,-12.4101994247043));
#5594=CARTESIAN_POINT('Ctrl Pts',(-23.4221737748615,-2.91787565284457,-11.5493049245582));
#5595=CARTESIAN_POINT('Ctrl Pts',(-24.8076617085054,-2.99736266583158,-12.1111468353916));
#5596=CARTESIAN_POINT('Ctrl Pts',(-25.0851405228537,-3.07684967881859,-13.580244740444));
#5597=CARTESIAN_POINT('Ctrl Pts',(-24.0000281155313,-3.15633669180561,-14.608726247578));
#5598=CARTESIAN_POINT('Ctrl Pts',(-22.5478967020902,-3.23582370479262,-14.2529770309393));
#5599=CARTESIAN_POINT('Ctrl Pts',(-22.0610522065954,-3.31531071777964,-12.839390958481));
#5600=CARTESIAN_POINT('Ctrl Pts',(-22.9861661902035,-3.39479773076664,-11.6649092581662));
#5601=CARTESIAN_POINT('Ctrl Pts',(-24.4744622753856,-3.47428474375366,-11.8070989549568));
#5602=CARTESIAN_POINT('Ctrl Pts',(-25.1604540655956,-3.55377175674067,-13.1355034155057));
#5603=CARTESIAN_POINT('Ctrl Pts',(-24.4147557370044,-3.63325876972769,-14.4313340949456));
#5604=CARTESIAN_POINT('Ctrl Pts',(-22.9215328489764,-3.7127457827147,-14.5056883396856));
#5605=CARTESIAN_POINT('Ctrl Pts',(-22.0507920560435,-3.79223279570171,-13.2903473922292));
#5606=CARTESIAN_POINT('Ctrl Pts',(-22.6014232561942,-3.87171980868872,-11.9003659432659));
#5607=CARTESIAN_POINT('Ctrl Pts',(-24.0682316694343,-3.95120682167574,-11.6110283793554));
#5608=CARTESIAN_POINT('Ctrl Pts',(-25.1054454735034,-4.03069383466274,-12.6877970043116));
#5609=CARTESIAN_POINT('Ctrl Pts',(-24.761438608327,-4.11018084764976,-14.1427548812802));
#5610=CARTESIAN_POINT('Ctrl Pts',(-23.3518315337005,-4.18966786063678,-14.6410028538847));
#5611=CARTESIAN_POINT('Ctrl Pts',(-22.1699148146138,-4.26915487362379,-13.7254068642774));
#5612=CARTESIAN_POINT('Ctrl Pts',(-22.3000769795537,-4.3486418866108,-12.2360106920453));
#5613=CARTESIAN_POINT('Ctrl Pts',(-23.6228964514966,-4.42812889959782,-11.5393100449304));
#5614=CARTESIAN_POINT('Ctrl Pts',(-24.9247088178245,-4.50761591258483,-12.2745159412052));
#5615=CARTESIAN_POINT('Ctrl Pts',(-25.0111233287569,-4.58710292557184,-13.7670894500623));
#5616=CARTESIAN_POINT('Ctrl Pts',(-23.8028561372708,-4.66658993855885,-14.6476197113367));
#5617=CARTESIAN_POINT('Ctrl Pts',(-22.4084718830194,-4.74607695154587,-14.1082351559983));
#5618=CARTESIAN_POINT('Ctrl Pts',(-22.1072944516833,-4.82556396453288,-12.6438119583211));
#5619=CARTESIAN_POINT('Ctrl Pts',(-23.1756490244751,-4.90505097751989,-11.5979335457719));
#5620=CARTESIAN_POINT('Ctrl Pts',(-24.6333384145855,-4.98453799050691,-11.930175609637));
#5621=CARTESIAN_POINT('Ctrl Pts',(-25.1429573486936,-5.06402500349392,-13.335711695634));
#5622=CARTESIAN_POINT('Ctrl Pts',(-24.2369391047775,-5.14351201648093,-14.5249863017418));
#5623=CARTESIAN_POINT('Ctrl Pts',(-22.7465400433202,-5.22299902946794,-14.4068601630207));
#5624=CARTESIAN_POINT('Ctrl Pts',(-22.0391760059056,-5.30248604245496,-13.0897120067323));
#5625=CARTESIAN_POINT('Ctrl Pts',(-22.7638414904108,-5.38197305544197,-11.7820029096436));
#5626=CARTESIAN_POINT('Ctrl Pts',(-24.2556682149193,-5.46146006842899,-11.6835337719201));
#5627=CARTESIAN_POINT('Ctrl Pts',(-25.1459304812303,-5.54094708141599,-12.8846483560561));
#5628=CARTESIAN_POINT('Ctrl Pts',(-24.6178277708791,-5.62043409440302,-14.2833444182374));
#5629=CARTESIAN_POINT('Ctrl Pts',(-23.1558853568562,-5.69992110739002,-14.5963420621942));
#5630=CARTESIAN_POINT('Ctrl Pts',(-22.1014105897334,-5.77940812037704,-13.5364712622649));
#5631=CARTESIAN_POINT('Ctrl Pts',(-22.4218661702078,-5.85889513336405,-12.0761454876569));
#5632=CARTESIAN_POINT('Ctrl Pts',(-23.8232395424501,-5.93838214635106,-11.5551888497189));
#5633=CARTESIAN_POINT('Ctrl Pts',(-25.0197944236531,-6.01786915933807,-12.4515702212962));
#5634=CARTESIAN_POINT('Ctrl Pts',(-24.9137120200493,-6.09735617232509,-13.9428749087049));
#5635=CARTESIAN_POINT('Ctrl Pts',(-23.6023211363544,-6.1768431853121,-14.6608561739226));
#5636=CARTESIAN_POINT('Ctrl Pts',(-22.2888006494522,-6.25633019829912,-13.9467783927742));
#5637=CARTESIAN_POINT('Ctrl Pts',(-22.1782833110223,-6.33581721128613,-12.4557958090571));
#5638=CARTESIAN_POINT('Ctrl Pts',(-23.3721669032069,-6.41530422427314,-11.5558596361237));
#5639=CARTESIAN_POINT('Ctrl Pts',(-24.7750834945718,-6.49479123726015,-12.0726460375649));
#5640=CARTESIAN_POINT('Ctrl Pts',(-25.0998809249587,-6.57427825024717,-13.5320122617375));
#5641=CARTESIAN_POINT('Ctrl Pts',(-24.0485630649398,-6.65376526323418,-14.5950145685304));
#5642=CARTESIAN_POINT('Ctrl Pts',(-22.5856962065284,-6.7332522762212,-14.2863663843415));
#5643=CARTESIAN_POINT('Ctrl Pts',(-22.0534358623315,-6.8127392892082,-12.889247179321));
#5644=CARTESIAN_POINT('Ctrl Pts',(-22.9401218638236,-6.89222630219523,-11.6854901100584));
#5645=CARTESIAN_POINT('Ctrl Pts',(-24.4322348548093,-6.97171331518223,-11.7795218556194));
#5646=CARTESIAN_POINT('Ctrl Pts',(-25.1607864924542,-7.05120032816925,-13.0850698855005));
#5647=CARTESIAN_POINT('Ctrl Pts',(-24.4573430152975,-7.13068734115625,-14.4043160420185));
#5648=CARTESIAN_POINT('Ctrl Pts',(-22.9673018737258,-7.21017435414328,-14.5268743688059));
#5649=CARTESIAN_POINT('Ctrl Pts',(-22.0577505239025,-7.28966136713028,-13.3402996812804));
#5650=CARTESIAN_POINT('Ctrl Pts',(-22.5631868910119,-7.3691483801173,-11.9332541149091));
#5651=CARTESIAN_POINT('Ctrl Pts',(-24.01988168726,-7.44863539310431,-11.5966780943358));
#5652=CARTESIAN_POINT('Ctrl Pts',(-25.0913421623132,-7.52812240609132,-12.6393744055599));
#5653=CARTESIAN_POINT('Ctrl Pts',(-24.7945215167552,-7.60760941907834,-14.1046868812497));
#5654=CARTESIAN_POINT('Ctrl Pts',(-23.4017476547973,-7.68709643206536,-14.6482161964558));
#5655=CARTESIAN_POINT('Ctrl Pts',(-22.1908669545247,-7.76658344505236,-13.7712834300768));
#5656=CARTESIAN_POINT('Ctrl Pts',(-22.2728419055418,-7.84607045803939,-12.2784595106385));
#5657=CARTESIAN_POINT('Ctrl Pts',(-23.5724618816931,-7.92555747102638,-11.5393850457634));
#5658=CARTESIAN_POINT('Ctrl Pts',(-24.8973476139724,-8.00504448401341,-12.2321483122872));
#5659=CARTESIAN_POINT('Ctrl Pts',(-25.0319389309749,-8.08453149700041,-13.7211507717973));
#5660=CARTESIAN_POINT('Ctrl Pts',(-23.8527505838376,-8.16401850998743,-14.6402579412938));
#5661=CARTESIAN_POINT('Ctrl Pts',(-22.4416678660941,-8.24350552297444,-14.1462045932339));
#5662=CARTESIAN_POINT('Ctrl Pts',(-22.0933352202468,-8.32299253596146,-12.6922762886519));
#5663=CARTESIAN_POINT('Ctrl Pts',(-23.127341936434,-8.40247954894847,-11.612427568718));
#5664=CARTESIAN_POINT('Ctrl Pts',(-24.5950044032752,-8.48196656193548,-11.8974013051814));
#5665=CARTESIAN_POINT('Ctrl Pts',(-25.1497672188314,-8.5614535749225,-13.2857389317782));
#5666=CARTESIAN_POINT('Ctrl Pts',(-24.2826449160941,-8.6409405879095,-14.5036642411902));
#5667=CARTESIAN_POINT('Ctrl Pts',(-22.7892074897306,-8.72042760089652,-14.4337514342653));
#5668=CARTESIAN_POINT('Ctrl Pts',(-22.0396584295257,-8.79991461388353,-13.1401443251414));
#5669=CARTESIAN_POINT('Ctrl Pts',(-22.7216962757938,-8.87940162687055,-11.8097054785212));
#5670=CARTESIAN_POINT('Ctrl Pts',(-24.2095628810544,-8.95888863985756,-11.6630899556253));
#5671=CARTESIAN_POINT('Ctrl Pts',(-25.1381658895031,-9.03837565284458,-12.8348150069313));
#5672=CARTESIAN_POINT('Ctrl Pts',(-24.6555278021495,-9.11786266583159,-14.2498427923053));
#5673=CARTESIAN_POINT('Ctrl Pts',(-23.2044608728306,-9.19734967881859,-14.6099093248238));
#5674=CARTESIAN_POINT('Ctrl Pts',(-22.11629437805,-9.27683669180561,-13.5846596952453));
#5675=CARTESIAN_POINT('Ctrl Pts',(-22.3894026095476,-9.35632370479262,-12.1147429928724));
#5676=CARTESIAN_POINT('Ctrl Pts',(-23.7732133951766,-9.43581071777963,-11.5487829266191));
#5677=CARTESIAN_POINT('Ctrl Pts',(-24.9981038375428,-9.51529773076666,-12.4060380891569));
#5678=CARTESIAN_POINT('Ctrl Pts',(-24.9402577266695,-9.59478474375366,-13.8999917306021));
#5679=CARTESIAN_POINT('Ctrl Pts',(-23.6527479254991,-9.67427175674068,-14.6599661442921));
#5680=CARTESIAN_POINT('Ctrl Pts',(-22.3168427498409,-9.75375876972769,-13.9886988555775));
#5681=CARTESIAN_POINT('Ctrl Pts',(-22.1582126641323,-9.83324578271469,-12.5020639957279));
#5682=CARTESIAN_POINT('Ctrl Pts',(-23.3223978087996,-9.91273279570173,-11.5640280696099));
#5683=CARTESIAN_POINT('Ctrl Pts',(-24.7412785944779,-9.99221980868872,-12.0352149365466));
#5684=CARTESIAN_POINT('Ctrl Pts',(-25.1130549826615,-10.0717068216758,-13.4833343760928));
#5685=CARTESIAN_POINT('Ctrl Pts',(-24.0966303725241,-10.1511938346628,-14.5797311290356));
#5686=CARTESIAN_POINT('Ctrl Pts',(-22.624553389847,-10.2306808476498,-14.3185379608613));
#5687=CARTESIAN_POINT('Ctrl Pts',(-22.0474367982763,-10.3101678606368,-12.9392832963536));
#5688=CARTESIAN_POINT('Ctrl Pts',(-22.8947615867945,-10.3896548736238,-11.707625014563));
#5689=CARTESIAN_POINT('Ctrl Pts',(-24.3891479617359,-10.4691418866108,-11.7531749552107));
#5690=CARTESIAN_POINT('Ctrl Pts',(-25.1594712213099,-10.5486288995978,-13.0349376446367));
#5691=CARTESIAN_POINT('Ctrl Pts',(-24.4990697086727,-10.6281159125848,-14.375385099931));
#5692=CARTESIAN_POINT('Ctrl Pts',(-23.0136679084185,-10.7076029255718,-14.547646080787));
#5693=CARTESIAN_POINT('Ctrl Pts',(-22.0664151118812,-10.7870899385589,-13.3877870054108));
#5694=CARTESIAN_POINT('Ctrl Pts',(-22.3728342921894,-10.8400812805502,-12.4445425783129));
#5695=CARTESIAN_POINT('Ctrl Pts',(-22.6917581960758,-10.8665769515459,-12.142139453989));
#5696=CARTESIAN_POINT('Ctrl Pts',(-24.3401791971785,1.42638457268121,-14.082361825431));
#5697=CARTESIAN_POINT('Ctrl Pts',(-24.0130974839791,1.39988890168554,-14.3288077617656));
#5698=CARTESIAN_POINT('Ctrl Pts',(-23.0990312831828,1.34689755969419,-14.4649350104652));
#5699=CARTESIAN_POINT('Ctrl Pts',(-22.1792378964307,1.26741054670718,-13.4155721440649));
#5700=CARTESIAN_POINT('Ctrl Pts',(-22.5666113008102,1.18792353372017,-12.0771000404578));
#5701=CARTESIAN_POINT('Ctrl Pts',(-23.9002838601325,1.10843652073316,-11.6769288202512));
#5702=CARTESIAN_POINT('Ctrl Pts',(-24.9593879761253,1.02894950774614,-12.5824983814495));
#5703=CARTESIAN_POINT('Ctrl Pts',(-24.7707903692722,0.949462494759129,-13.9628167026205));
#5704=CARTESIAN_POINT('Ctrl Pts',(-23.5082652778619,0.869975481772114,-14.5515414105942));
#5705=CARTESIAN_POINT('Ctrl Pts',(-22.3297737820058,0.790488468785103,-13.8084879606472));
#5706=CARTESIAN_POINT('Ctrl Pts',(-22.3167616393311,0.711001455798089,-12.4154158789941));
#5707=CARTESIAN_POINT('Ctrl Pts',(-23.4810633637748,0.631514442811077,-11.6504344441926));
#5708=CARTESIAN_POINT('Ctrl Pts',(-24.7545059187739,0.552027429824063,-12.2154067081802));
#5709=CARTESIAN_POINT('Ctrl Pts',(-24.9686992764038,0.47254041683705,-13.5919773118313));
#5710=CARTESIAN_POINT('Ctrl Pts',(-23.9271392784893,0.393053403850037,-14.5171675977633));
#5711=CARTESIAN_POINT('Ctrl Pts',(-22.5854319457119,0.313566390863024,-14.1421303990864));
#5712=CARTESIAN_POINT('Ctrl Pts',(-22.1745749337862,0.234079377876011,-12.8109563872085));
#5713=CARTESIAN_POINT('Ctrl Pts',(-23.0715205226671,0.154592364888998,-11.7449749115171));
#5714=CARTESIAN_POINT('Ctrl Pts',(-24.4533374274131,0.0751053519019848,
-11.9222059926602));
#5715=CARTESIAN_POINT('Ctrl Pts',(-25.0522315365377,-0.00438166108502818,
-13.180043064643));
#5716=CARTESIAN_POINT('Ctrl Pts',(-24.3187279592124,-0.0838686740720413,
-14.364441993618));
#5717=CARTESIAN_POINT('Ctrl Pts',(-22.9258036272382,-0.163355687059055,
-14.3887368501681));
#5718=CARTESIAN_POINT('Ctrl Pts',(-22.1514430505272,-0.242842700046067,
-13.2306375238326));
#5719=CARTESIAN_POINT('Ctrl Pts',(-22.7061088739598,-0.322329713033081,
-11.952680485325));
#5720=CARTESIAN_POINT('Ctrl Pts',(-24.0809046402935,-0.401816726020093,
-11.7273696282375));
#5721=CARTESIAN_POINT('Ctrl Pts',(-25.0144785580384,-0.481303739007107,
-12.7614238384993));
#5722=CARTESIAN_POINT('Ctrl Pts',(-24.6502924094039,-0.560790751994119,
-14.1061159303135));
#5723=CARTESIAN_POINT('Ctrl Pts',(-23.3224808012736,-0.640277764981133,
-14.5277137332792));
#5724=CARTESIAN_POINT('Ctrl Pts',(-22.2492883480285,-0.719764777968145,
-13.6394084193291));
#5725=CARTESIAN_POINT('Ctrl Pts',(-22.4153509088746,-0.79925179095516,-12.2562050362704));
#5726=CARTESIAN_POINT('Ctrl Pts',(-23.6683089033179,-0.878738803942171,
-11.6471692102861));
#5727=CARTESIAN_POINT('Ctrl Pts',(-24.8585946383346,-0.958225816929185,
-12.3710809742186));
#5728=CARTESIAN_POINT('Ctrl Pts',(-24.8941411554867,-1.0377128299162,-13.7637635719951));
#5729=CARTESIAN_POINT('Ctrl Pts',(-23.7423351285776,-1.11719984290321,-14.5474543588617));
#5730=CARTESIAN_POINT('Ctrl Pts',(-22.4599390371356,-1.19668685589022,-14.0031303398548));
#5731=CARTESIAN_POINT('Ctrl Pts',(-22.2235295282802,-1.27617386887724,-12.6301995633225));
#5732=CARTESIAN_POINT('Ctrl Pts',(-23.250008313695,-1.35566088186425,-11.6883027132796));
#5733=CARTESIAN_POINT('Ctrl Pts',(-24.5975985307059,-1.43514789485126,-12.0416141623444));
#5734=CARTESIAN_POINT('Ctrl Pts',(-25.0299090285435,-1.51463490783828,-13.3659766529357));
#5735=CARTESIAN_POINT('Ctrl Pts',(-24.1503022632673,-1.59412192082529,-14.4463100790158));
#5736=CARTESIAN_POINT('Ctrl Pts',(-22.7658025120046,-1.6736089338123,-14.2914268592066));
#5737=CARTESIAN_POINT('Ctrl Pts',(-22.1466647967181,-1.75309594679932,-13.0434297187711));
#5738=CARTESIAN_POINT('Ctrl Pts',(-22.8609374622431,-1.83258295978633,-11.8473348511669));
#5739=CARTESIAN_POINT('Ctrl Pts',(-24.2532874616747,-1.91206997277334,-11.8005389954926));
#5740=CARTESIAN_POINT('Ctrl Pts',(-25.0462573036009,-1.99155698576036,-12.9459765550394));
#5741=CARTESIAN_POINT('Ctrl Pts',(-24.5123106175363,-2.07104399874737,-14.2327280110191));
#5742=CARTESIAN_POINT('Ctrl Pts',(-23.1413344249955,-2.15053101173438,-14.480220743259));
#5743=CARTESIAN_POINT('Ctrl Pts',(-22.1911761123566,-2.23001802472139,-13.4613843707494));
#5744=CARTESIAN_POINT('Ctrl Pts',(-22.5335898039441,-2.30950503770841,-12.1109839720385));
#5745=CARTESIAN_POINT('Ctrl Pts',(-23.8544167496888,-2.38899205069542,-11.6679889919087));
#5746=CARTESIAN_POINT('Ctrl Pts',(-24.9418206459392,-2.46847906368244,-12.5388398054495));
#5747=CARTESIAN_POINT('Ctrl Pts',(-24.7981268749467,-2.54796607666945,-13.9245455726321));
#5748=CARTESIAN_POINT('Ctrl Pts',(-23.5551720326091,-2.62745308965646,-14.5537447723573));
#5749=CARTESIAN_POINT('Ctrl Pts',(-22.3533460894648,-2.70694010264348,-13.8491578185962));
#5750=CARTESIAN_POINT('Ctrl Pts',(-22.2953039491438,-2.78642711563048,-12.4572312821108));
#5751=CARTESIAN_POINT('Ctrl Pts',(-23.4342982902119,-2.86591412861751,-11.6550341342475));
#5752=CARTESIAN_POINT('Ctrl Pts',(-24.7253211374709,-2.94540114160451,-12.1785686420694));
#5753=CARTESIAN_POINT('Ctrl Pts',(-24.9838809417501,-3.02488815459153,-13.5475007808683));
#5754=CARTESIAN_POINT('Ctrl Pts',(-23.9727534712905,-3.10437516757854,-14.5058585488795));
#5755=CARTESIAN_POINT('Ctrl Pts',(-22.6196310178567,-3.18386218056555,-14.174364960648));
#5756=CARTESIAN_POINT('Ctrl Pts',(-22.1659804652367,-3.26334919355257,-12.8571597567664));
#5757=CARTESIAN_POINT('Ctrl Pts',(-23.0280184954169,-3.34283620653958,-11.7627563542003));
#5758=CARTESIAN_POINT('Ctrl Pts',(-24.4148398475184,-3.42232321952659,-11.895251298937));
#5759=CARTESIAN_POINT('Ctrl Pts',(-25.054059470214,-3.5018102325136,-13.1330827280848));
#5760=CARTESIAN_POINT('Ctrl Pts',(-24.3592042094814,-3.58129724550061,-14.3405613157448));
#5761=CARTESIAN_POINT('Ctrl Pts',(-22.9677919729098,-3.66078425848763,-14.4098459528889));
#5762=CARTESIAN_POINT('Ctrl Pts',(-22.1564198704042,-3.74027127147464,-13.2773691609408));
#5763=CARTESIAN_POINT('Ctrl Pts',(-22.6695080341809,-3.81975828446165,-11.9821591744068));
#5764=CARTESIAN_POINT('Ctrl Pts',(-24.0363067828819,-3.89924529744868,-11.712549171672));
#5765=CARTESIAN_POINT('Ctrl Pts',(-25.0028014639463,-3.97873231043567,-12.7159017540176));
#5766=CARTESIAN_POINT('Ctrl Pts',(-24.6822496123047,-4.0582193234227,-14.0716579575566));
#5767=CARTESIAN_POINT('Ctrl Pts',(-23.3687521109482,-4.1377063364097,-14.5359344774835));
#5768=CARTESIAN_POINT('Ctrl Pts',(-22.2674206227084,-4.21719334939673,-13.6827654871676));
#5769=CARTESIAN_POINT('Ctrl Pts',(-22.3887080945841,-4.29668036238373,-12.2949190539513));
#5770=CARTESIAN_POINT('Ctrl Pts',(-23.6213353298036,-4.37616737537075,-11.6457207236851));
#5771=CARTESIAN_POINT('Ctrl Pts',(-24.8343877620638,-4.45565438835776,-12.330798945214));
#5772=CARTESIAN_POINT('Ctrl Pts',(-24.9149103745234,-4.53514140134477,-13.7216060784672));
#5773=CARTESIAN_POINT('Ctrl Pts',(-23.7890250370023,-4.61462841433179,-14.5421001855637));
#5774=CARTESIAN_POINT('Ctrl Pts',(-22.4897124364499,-4.6941154273188,-14.0394918499076));
#5775=CARTESIAN_POINT('Ctrl Pts',(-22.2090698299776,-4.77360244030581,-12.6749156884356));
#5776=CARTESIAN_POINT('Ctrl Pts',(-23.2045820455336,-4.85308945329283,-11.7003471676511));
#5777=CARTESIAN_POINT('Ctrl Pts',(-24.5628835226819,-4.93257646627984,-12.0099363635253));
#5778=CARTESIAN_POINT('Ctrl Pts',(-25.0377557112827,-5.01206347926685,-13.319640443659));
#5779=CARTESIAN_POINT('Ctrl Pts',(-24.1935114385426,-5.09155049225386,-14.4278281448048));
#5780=CARTESIAN_POINT('Ctrl Pts',(-22.8047304949121,-5.17103750524089,-14.3177560609966));
#5781=CARTESIAN_POINT('Ctrl Pts',(-22.1455958236847,-5.25052451822789,-13.0904134608187));
#5782=CARTESIAN_POINT('Ctrl Pts',(-22.8208522978828,-5.33001153121491,-11.8718663476225));
#5783=CARTESIAN_POINT('Ctrl Pts',(-24.210963563902,-5.40949854420191,-11.7801110147437));
#5784=CARTESIAN_POINT('Ctrl Pts',(-25.0405261302373,-5.48898555718894,-12.8993314226887));
#5785=CARTESIAN_POINT('Ctrl Pts',(-24.5484304228646,-5.56847257017593,-14.2026618442666));
#5786=CARTESIAN_POINT('Ctrl Pts',(-23.1861659007069,-5.64795958316297,-14.4943187397719));
#5787=CARTESIAN_POINT('Ctrl Pts',(-22.2035871404334,-5.72744659614996,-13.5067118580195));
#5788=CARTESIAN_POINT('Ctrl Pts',(-22.5021934767845,-5.80693360913699,-12.1459537498621));
#5789=CARTESIAN_POINT('Ctrl Pts',(-23.8080186645558,-5.88642062212399,-11.6605168826926));
#5790=CARTESIAN_POINT('Ctrl Pts',(-24.922990258404,-5.96590763511101,-12.4957813425715));
#5791=CARTESIAN_POINT('Ctrl Pts',(-24.824140745955,-6.04539464809801,-13.8854061649296));
#5792=CARTESIAN_POINT('Ctrl Pts',(-23.6021628770575,-6.12488166108504,-14.5544341620643));
#5793=CARTESIAN_POINT('Ctrl Pts',(-22.3782006051714,-6.20436867407204,-13.8890435023578));
#5794=CARTESIAN_POINT('Ctrl Pts',(-22.2752185398162,-6.28385568705907,-12.4997188220759));
#5795=CARTESIAN_POINT('Ctrl Pts',(-23.3877009779882,-6.36334270004607,-11.6611419336607));
#5796=CARTESIAN_POINT('Ctrl Pts',(-24.6949641653965,-6.44282971303309,-12.14269289864));
#5797=CARTESIAN_POINT('Ctrl Pts',(-24.9976163164387,-6.5223167260201,-13.5025568802553));
#5798=CARTESIAN_POINT('Ctrl Pts',(-24.017979219603,-6.60180373900711,-14.4930817570397));
#5799=CARTESIAN_POINT('Ctrl Pts',(-22.6548532833561,-6.68129075199413,-14.2054777672273));
#5800=CARTESIAN_POINT('Ctrl Pts',(-22.1588834171726,-6.76077776498113,-12.9036166898219));
#5801=CARTESIAN_POINT('Ctrl Pts',(-22.9851135549265,-6.84026477796816,-11.7819339661908));
#5802=CARTESIAN_POINT('Ctrl Pts',(-24.3754915692541,-6.91975179095516,-11.8695544563726));
#5803=CARTESIAN_POINT('Ctrl Pts',(-25.054369231605,-6.99923880394218,-13.0860878478528));
#5804=CARTESIAN_POINT('Ctrl Pts',(-24.3988878097091,-7.07872581692918,-14.31538540279));
#5805=CARTESIAN_POINT('Ctrl Pts',(-23.0104403823353,-7.1582128299162,-14.4295874800237));
#5806=CARTESIAN_POINT('Ctrl Pts',(-22.1629038972728,-7.23769984290322,-13.3239156121021));
#5807=CARTESIAN_POINT('Ctrl Pts',(-22.6338786938974,-7.31718685589023,-12.0128049707108));
#5808=CARTESIAN_POINT('Ctrl Pts',(-23.9912533904014,-7.39667386887725,-11.6991773151765));
#5809=CARTESIAN_POINT('Ctrl Pts',(-24.9896597421555,-7.47616088186426,-12.6707806960899));
#5810=CARTESIAN_POINT('Ctrl Pts',(-24.7130768678855,-7.55564789485127,-14.0361855029826));
#5811=CARTESIAN_POINT('Ctrl Pts',(-23.415264860152,-7.63513490783829,-14.5426560012429));
#5812=CARTESIAN_POINT('Ctrl Pts',(-22.2869442076252,-7.71462192082529,-13.7255141052988));
#5813=CARTESIAN_POINT('Ctrl Pts',(-22.3633299574367,-7.79410893381233,-12.3344736349132));
#5814=CARTESIAN_POINT('Ctrl Pts',(-23.5743394806686,-7.87359594679931,-11.645790610825));
#5815=CARTESIAN_POINT('Ctrl Pts',(-24.8088920948379,-7.95308295978635,-12.2913200182676));
#5816=CARTESIAN_POINT('Ctrl Pts',(-24.9343067311357,-8.03256997277334,-13.6787995828111));
#5817=CARTESIAN_POINT('Ctrl Pts',(-23.835517589485,-8.11205698576037,-14.5352403543874));
#5818=CARTESIAN_POINT('Ctrl Pts',(-22.5206450570423,-8.19154399874737,-14.074872461877));
#5819=CARTESIAN_POINT('Ctrl Pts',(-22.1960623643209,-8.27103101173439,-12.7200756326074));
#5820=CARTESIAN_POINT('Ctrl Pts',(-23.1595686225862,-8.35051802472139,-11.71385296176));
#5821=CARTESIAN_POINT('Ctrl Pts',(-24.527163193961,-8.43000503770843,-11.9793966707373));
#5822=CARTESIAN_POINT('Ctrl Pts',(-25.0441012720929,-8.50949205069542,-13.2730749137024));
#5823=CARTESIAN_POINT('Ctrl Pts',(-24.2361009445422,-8.58897906368245,-14.407959861109));
#5824=CARTESIAN_POINT('Ctrl Pts',(-22.844488797249,-8.66846607666945,-14.3428138364745));
#5825=CARTESIAN_POINT('Ctrl Pts',(-22.1460453547853,-8.74795308965646,-13.1374072120636));
#5826=CARTESIAN_POINT('Ctrl Pts',(-22.781580620626,-8.82744010264348,-11.8976801049856));
#5827=CARTESIAN_POINT('Ctrl Pts',(-24.1680017755279,-8.90692711563049,-11.7610610950145));
#5828=CARTESIAN_POINT('Ctrl Pts',(-25.0332909424916,-8.98641412861751,-12.8528958019133));
#5829=CARTESIAN_POINT('Ctrl Pts',(-24.5835599974574,-9.06590114160451,-14.1714444201027));
#5830=CARTESIAN_POINT('Ctrl Pts',(-23.2314294496831,-9.14538815459153,-14.5069609617676));
#5831=CARTESIAN_POINT('Ctrl Pts',(-22.2174561250011,-9.22487516757854,-13.5516147160241));
#5832=CARTESIAN_POINT('Ctrl Pts',(-22.4719433407148,-9.30436218056556,-12.1819196069948));
#5833=CARTESIAN_POINT('Ctrl Pts',(-23.76140339096,-9.38384919355257,-11.6545477270768));
#5834=CARTESIAN_POINT('Ctrl Pts',(-24.9027785758921,-9.46333620653959,-12.4533536739871));
#5835=CARTESIAN_POINT('Ctrl Pts',(-24.848876518033,-9.54282321952659,-13.8454468398793));
#5836=CARTESIAN_POINT('Ctrl Pts',(-23.6491514760333,-9.62231023251361,-14.5536048162722));
#5837=CARTESIAN_POINT('Ctrl Pts',(-22.4043307441699,-9.70179724550063,-13.9281057517881));
#5838=CARTESIAN_POINT('Ctrl Pts',(-22.2565163461234,-9.78128425848764,-12.5428323596556));
#5839=CARTESIAN_POINT('Ctrl Pts',(-23.3413252309268,-9.86077127147465,-11.6687534285002));
#5840=CARTESIAN_POINT('Ctrl Pts',(-24.6634641448544,-9.94025828446165,-12.1078139181457));
#5841=CARTESIAN_POINT('Ctrl Pts',(-25.0098921429345,-10.0197452974487,-13.4571979413592));
#5842=CARTESIAN_POINT('Ctrl Pts',(-24.0627692107611,-10.0992323104357,-14.4788403702377));
#5843=CARTESIAN_POINT('Ctrl Pts',(-22.6910611132665,-10.1787193234227,-14.2354558271662));
#5844=CARTESIAN_POINT('Ctrl Pts',(-22.153293380212,-10.2582063364097,-12.9502412534204));
#5845=CARTESIAN_POINT('Ctrl Pts',(-22.9428460240585,-10.3376933493968,-11.802559672661));
#5846=CARTESIAN_POINT('Ctrl Pts',(-24.3353424188903,-10.4171803623837,-11.8450039355373));
#5847=CARTESIAN_POINT('Ctrl Pts',(-25.0531436380388,-10.4966673753708,-13.0393737143206));
#5848=CARTESIAN_POINT('Ctrl Pts',(-24.4377695012632,-10.5761543883578,-14.2884270249357));
#5849=CARTESIAN_POINT('Ctrl Pts',(-23.0536450964809,-10.6556414013448,-14.4489429389152));
#5850=CARTESIAN_POINT('Ctrl Pts',(-22.1709777178894,-10.7351284143318,-13.3681651641328));
#5851=CARTESIAN_POINT('Ctrl Pts',(-22.4565046813583,-10.7881197563231,-12.4892328570643));
#5852=CARTESIAN_POINT('Ctrl Pts',(-22.7536837736161,-10.8146154273188,-12.2074481275806));
#5853=CARTESIAN_POINT('Ctrl Pts',(-22.601693110752,-10.7005,-13.8147808420446));
#5854=CARTESIAN_POINT('Ctrl Pts',(-22.470414030323,-10.7287445701889,-13.6808879005484));
#5855=CARTESIAN_POINT('Ctrl Pts',(-22.3691385533341,-10.7558976304033,-13.5193764107248));
#5856=CARTESIAN_POINT('Ctrl Pts',(-22.3088359453709,-10.7824317080018,-13.3437864740703));
#5857=CARTESIAN_POINT('Ctrl Pts',(-22.1566418715539,-10.8493994478905,-12.9006257438244));
#5858=CARTESIAN_POINT('Ctrl Pts',(-22.2668570283604,-10.9113898319511,-12.3784352548992));
#5859=CARTESIAN_POINT('Ctrl Pts',(-22.5679070409952,-10.9705,-12.0115221068057));
#5860=CARTESIAN_POINT('Ctrl Pts',(-24.5026575575348,1.27050000000001,-14.2980022261354));
#5861=CARTESIAN_POINT('Ctrl Pts',(-24.0990783520388,1.25392458090498,-14.5813328275794));
#5862=CARTESIAN_POINT('Ctrl Pts',(-23.5492827363038,1.2371649093065,-14.6470199075234));
#5863=CARTESIAN_POINT('Ctrl Pts',(-23.0982342837746,1.22010725303718,-14.4624061726003));
#5864=CARTESIAN_POINT('Ctrl Pts',(-22.6623204070896,1.2036219529994,-14.2839870062594));
#5865=CARTESIAN_POINT('Ctrl Pts',(-22.317684510397,1.18682113984468,-13.8689433776482));
#5866=CARTESIAN_POINT('Ctrl Pts',(-22.2316126105746,1.16971450607436,-13.4041724785355));
#5867=CARTESIAN_POINT('Ctrl Pts',(-22.148484317432,1.15319290878561,-12.9552964617944));
#5868=CARTESIAN_POINT('Ctrl Pts',(-22.3074716838118,1.13641536882034,-12.4611001953043));
#5869=CARTESIAN_POINT('Ctrl Pts',(-22.6397352184679,1.11932175911154,-12.1497753809181));
#5870=CARTESIAN_POINT('Ctrl Pts',(-22.9599641999357,1.10284727829822,-11.8497267212909));
#5871=CARTESIAN_POINT('Ctrl Pts',(-23.4436134827155,1.08603085065022,-11.7201989065211));
#5872=CARTESIAN_POINT('Ctrl Pts',(-23.8686823878884,1.06892901214872,-11.8274891973022));
#5873=CARTESIAN_POINT('Ctrl Pts',(-24.2780033589401,1.05246076180856,-11.9308046021049));
#5874=CARTESIAN_POINT('Ctrl Pts',(-24.633912400221,1.03570718022821,-12.2539156950604));
#5875=CARTESIAN_POINT('Ctrl Pts',(-24.7683219454913,1.01853626518589,-12.6551949791108));
#5876=CARTESIAN_POINT('Ctrl Pts',(-24.8151283327137,1.01255671591491,-12.7949353042181));
#5877=CARTESIAN_POINT('Ctrl Pts',(-24.8347172217176,1.00656953193944,-12.9430298882379));
#5878=CARTESIAN_POINT('Ctrl Pts',(-24.8286320249527,1.0005,-13.0914300457875));
#5879=CARTESIAN_POINT('Origin',(-23.6,-10.95,-13.1));
#5880=CARTESIAN_POINT('',(-22.3705,-10.7,-13.1));
#5881=CARTESIAN_POINT('Origin',(-23.6,-10.7,-13.1));
#5882=CARTESIAN_POINT('Origin',(-23.6,1.25,-13.1));
#5883=CARTESIAN_POINT('',(-22.3705,1.,-13.1));
#5884=CARTESIAN_POINT('Origin',(-23.6,1.,-13.1));
#5885=CARTESIAN_POINT('Origin',(-23.6,-10.95,-13.1));
#5886=CARTESIAN_POINT('Origin',(-23.6,1.5,-13.1));
#5887=CARTESIAN_POINT('Origin',(-23.6,1.25,-13.1));
#5888=CARTESIAN_POINT('',(-21.8705,1.5,-13.1));
#5889=CARTESIAN_POINT('Origin',(-23.6,1.5,-13.1));
#5890=CARTESIAN_POINT('Origin',(-23.6,1.5,-13.1));
#5891=CARTESIAN_POINT('Origin',(25.4,-11.1,7.62));
#5892=CARTESIAN_POINT('',(26.15,-15.2,7.62));
#5893=CARTESIAN_POINT('Origin',(25.4,-15.2,7.62));
#5894=CARTESIAN_POINT('',(26.15,-11.1,7.62));
#5895=CARTESIAN_POINT('Origin',(25.4,-11.1,7.62));
#5896=CARTESIAN_POINT('Origin',(25.4,-11.1,7.62));
#5897=CARTESIAN_POINT('Origin',(25.4,-15.2,7.62));
#5898=CARTESIAN_POINT('Origin',(-25.4,-11.1,-3.81));
#5899=CARTESIAN_POINT('',(-24.9,-15.2,-3.81));
#5900=CARTESIAN_POINT('Origin',(-25.4,-15.2,-3.81));
#5901=CARTESIAN_POINT('',(-24.9,-11.1,-3.81));
#5902=CARTESIAN_POINT('Origin',(-25.4,-11.1,-3.81));
#5903=CARTESIAN_POINT('Origin',(-25.4,-11.1,-3.81));
#5904=CARTESIAN_POINT('Origin',(-25.4,-15.2,-3.81));
#5905=CARTESIAN_POINT('Origin',(25.4,-11.1,0.));
#5906=CARTESIAN_POINT('',(25.9,-15.2,6.12323399573677E-17));
#5907=CARTESIAN_POINT('Origin',(25.4,-15.2,0.));
#5908=CARTESIAN_POINT('',(25.9,-11.1,6.12323399573677E-17));
#5909=CARTESIAN_POINT('Origin',(25.4,-11.1,0.));
#5910=CARTESIAN_POINT('Origin',(25.4,-11.1,-7.2280144832367E-18));
#5911=CARTESIAN_POINT('Origin',(25.4,-15.2,-7.2280144832367E-18));
#5912=CARTESIAN_POINT('Origin',(-25.4,-11.1,0.));
#5913=CARTESIAN_POINT('',(-24.9,-15.2,6.12323399573677E-17));
#5914=CARTESIAN_POINT('Origin',(-25.4,-15.2,0.));
#5915=CARTESIAN_POINT('',(-24.9,-11.1,6.12323399573677E-17));
#5916=CARTESIAN_POINT('Origin',(-25.4,-11.1,0.));
#5917=CARTESIAN_POINT('Origin',(-25.4,-11.1,-7.2280144832367E-18));
#5918=CARTESIAN_POINT('Origin',(-25.4,-15.2,-7.2280144832367E-18));
#5919=CARTESIAN_POINT('Origin',(-25.4,-11.1,7.62));
#5920=CARTESIAN_POINT('',(-24.9,-15.2,7.62));
#5921=CARTESIAN_POINT('Origin',(-25.4,-15.2,7.62));
#5922=CARTESIAN_POINT('',(-24.9,-11.1,7.62));
#5923=CARTESIAN_POINT('Origin',(-25.4,-11.1,7.62));
#5924=CARTESIAN_POINT('Origin',(-25.4,-11.1,7.62));
#5925=CARTESIAN_POINT('Origin',(-25.4,-15.2,7.62));
#5926=CARTESIAN_POINT('Origin',(-25.4,-11.1,3.81));
#5927=CARTESIAN_POINT('',(-24.9,-15.2,3.81));
#5928=CARTESIAN_POINT('Origin',(-25.4,-15.2,3.81));
#5929=CARTESIAN_POINT('',(-24.9,-11.1,3.81));
#5930=CARTESIAN_POINT('Origin',(-25.4,-11.1,3.81));
#5931=CARTESIAN_POINT('Origin',(-25.4,-11.1,3.81));
#5932=CARTESIAN_POINT('Origin',(-25.4,-15.2,3.81));
#5933=CARTESIAN_POINT('Origin',(25.4,-11.1,3.81));
#5934=CARTESIAN_POINT('',(25.9,-15.2,3.81));
#5935=CARTESIAN_POINT('Origin',(25.4,-15.2,3.81));
#5936=CARTESIAN_POINT('',(25.9,-11.1,3.81));
#5937=CARTESIAN_POINT('Origin',(25.4,-11.1,3.81));
#5938=CARTESIAN_POINT('Origin',(25.4,-11.1,3.81));
#5939=CARTESIAN_POINT('Origin',(25.4,-15.2,3.81));
#5940=CARTESIAN_POINT('Origin',(25.4,-11.1,-3.81));
#5941=CARTESIAN_POINT('',(25.9,-15.2,-3.81));
#5942=CARTESIAN_POINT('Origin',(25.4,-15.2,-3.81));
#5943=CARTESIAN_POINT('',(25.9,-11.1,-3.81));
#5944=CARTESIAN_POINT('Origin',(25.4,-11.1,-3.81));
#5945=CARTESIAN_POINT('Origin',(25.4,-11.1,-3.81));
#5946=CARTESIAN_POINT('Origin',(25.4,-15.2,-3.81));
#5947=CARTESIAN_POINT('Origin',(-25.4,-11.1,-7.62));
#5948=CARTESIAN_POINT('',(-24.9,-15.2,-7.62));
#5949=CARTESIAN_POINT('Origin',(-25.4,-15.2,-7.62));
#5950=CARTESIAN_POINT('',(-24.9,-11.1,-7.62));
#5951=CARTESIAN_POINT('Origin',(-25.4,-11.1,-7.62));
#5952=CARTESIAN_POINT('Origin',(-25.4,-11.1,-7.62));
#5953=CARTESIAN_POINT('Origin',(-25.4,-15.2,-7.62));
#5954=CARTESIAN_POINT('Origin',(25.4,-11.1,-7.62));
#5955=CARTESIAN_POINT('',(26.15,-15.2,-7.62));
#5956=CARTESIAN_POINT('Origin',(25.4,-15.2,-7.62));
#5957=CARTESIAN_POINT('',(26.15,-11.1,-7.62));
#5958=CARTESIAN_POINT('Origin',(25.4,-11.1,-7.62));
#5959=CARTESIAN_POINT('Origin',(25.4,-11.1,-7.62));
#5960=CARTESIAN_POINT('Origin',(25.4,-15.2,-7.62));
#5961=UNCERTAINTY_MEASURE_WITH_UNIT(LENGTH_MEASURE(0.01),#5965,
'DISTANCE_ACCURACY_VALUE',
'Maximum model space distance between geometric entities at asserted c
onnectivities');
#5962=UNCERTAINTY_MEASURE_WITH_UNIT(LENGTH_MEASURE(1.E-6),#5965,
'DISTANCE_ACCURACY_VALUE',
'Maximum model space distance between geometric entities at asserted c
onnectivities');
#5963=(
GEOMETRIC_REPRESENTATION_CONTEXT(3)
GLOBAL_UNCERTAINTY_ASSIGNED_CONTEXT((#5961))
GLOBAL_UNIT_ASSIGNED_CONTEXT((#5965,#5968,#5966))
REPRESENTATION_CONTEXT('','3D')
);
#5964=(
GEOMETRIC_REPRESENTATION_CONTEXT(3)
GLOBAL_UNCERTAINTY_ASSIGNED_CONTEXT((#5962))
GLOBAL_UNIT_ASSIGNED_CONTEXT((#5965,#5968,#5966))
REPRESENTATION_CONTEXT('','3D')
);
#5965=(
LENGTH_UNIT()
NAMED_UNIT(*)
SI_UNIT(.MILLI.,.METRE.)
);
#5966=(
NAMED_UNIT(*)
SI_UNIT($,.STERADIAN.)
SOLID_ANGLE_UNIT()
);
#5967=DIMENSIONAL_EXPONENTS(0.,0.,0.,0.,0.,0.,0.);
#5968=(
CONVERSION_BASED_UNIT('degree',#5970)
NAMED_UNIT(#5967)
PLANE_ANGLE_UNIT()
);
#5969=(
NAMED_UNIT(*)
PLANE_ANGLE_UNIT()
SI_UNIT($,.RADIAN.)
);
#5970=PLANE_ANGLE_MEASURE_WITH_UNIT(PLANE_ANGLE_MEASURE(0.01745329252),
#5969);
#5971=SHAPE_DEFINITION_REPRESENTATION(#5972,#5973);
#5972=PRODUCT_DEFINITION_SHAPE('',$,#5975);
#5973=SHAPE_REPRESENTATION('',(#1069),#5963);
#5974=PRODUCT_DEFINITION_CONTEXT('part definition',#5979,'design');
#5975=PRODUCT_DEFINITION('N2105','MRQ150WR12',#5976,#5974);
#5976=PRODUCT_DEFINITION_FORMATION('',$,#5981);
#5977=PRODUCT_RELATED_PRODUCT_CATEGORY('MRQ150WR12','MRQ150WR12',(#5981));
#5978=APPLICATION_PROTOCOL_DEFINITION('international standard',
'automotive_design',2009,#5979);
#5979=APPLICATION_CONTEXT(
'Core Data for Automotive Mechanical Design Process');
#5980=PRODUCT_CONTEXT('part definition',#5979,'mechanical');
#5981=PRODUCT('N2105','MRQ150WR12',$,(#5980));
#5982=PRESENTATION_STYLE_ASSIGNMENT((#5987));
#5983=PRESENTATION_STYLE_ASSIGNMENT((#5988));
#5984=PRESENTATION_STYLE_ASSIGNMENT((#5989));
#5985=PRESENTATION_STYLE_ASSIGNMENT((#5990));
#5986=PRESENTATION_STYLE_ASSIGNMENT((#5991));
#5987=SURFACE_STYLE_USAGE(.BOTH.,#5992);
#5988=SURFACE_STYLE_USAGE(.BOTH.,#5993);
#5989=SURFACE_STYLE_USAGE(.BOTH.,#5994);
#5990=SURFACE_STYLE_USAGE(.BOTH.,#5995);
#5991=SURFACE_STYLE_USAGE(.BOTH.,#5996);
#5992=SURFACE_SIDE_STYLE('',(#5997));
#5993=SURFACE_SIDE_STYLE('',(#5998));
#5994=SURFACE_SIDE_STYLE('',(#5999));
#5995=SURFACE_SIDE_STYLE('',(#6000));
#5996=SURFACE_SIDE_STYLE('',(#6001));
#5997=SURFACE_STYLE_FILL_AREA(#6002);
#5998=SURFACE_STYLE_FILL_AREA(#6003);
#5999=SURFACE_STYLE_FILL_AREA(#6004);
#6000=SURFACE_STYLE_FILL_AREA(#6005);
#6001=SURFACE_STYLE_FILL_AREA(#6006);
#6002=FILL_AREA_STYLE('',(#6007));
#6003=FILL_AREA_STYLE('',(#6008));
#6004=FILL_AREA_STYLE('',(#6009));
#6005=FILL_AREA_STYLE('',(#6010));
#6006=FILL_AREA_STYLE('',(#6011));
#6007=FILL_AREA_STYLE_COLOUR('',#6012);
#6008=FILL_AREA_STYLE_COLOUR('',#6013);
#6009=FILL_AREA_STYLE_COLOUR('',#6014);
#6010=FILL_AREA_STYLE_COLOUR('',#6015);
#6011=FILL_AREA_STYLE_COLOUR('',#6016);
#6012=COLOUR_RGB('',0.749019607843137,0.749019607843137,0.749019607843137);
#6013=COLOUR_RGB('',0.0196078431372549,0.0196078431372549,0.0196078431372549);
#6014=COLOUR_RGB('',0.996078431372549,0.996078431372549,1.);
#6015=COLOUR_RGB('',0.956862745098039,0.956862745098039,0.956862745098039);
#6016=COLOUR_RGB('',0.701960784313725,0.552941176470588,0.00392156862745098);
ENDSEC;
END-ISO-10303-21;
