ISO-10303-21;
HEADER;
FILE_DESCRIPTION (( 'STEP AP214' ),
    '1' );
FILE_NAME ('SHT3x.STEP',
    '2023-02-04T21:26:38',
    ( '' ),
    ( '' ),
    'SwSTEP 2.0',
    'SolidWorks 2020',
    '' );
FILE_SCHEMA (( 'AUTOMOTIVE_DESIGN' ));
ENDSEC;

DATA;
#1 = FACE_OUTER_BOUND ( 'NONE', #1336, .T. ) ;
#2 = DIRECTION ( 'NONE',  ( 0.000000000000000000, 0.000000000000000000, -1.000000000000000000 ) ) ;
#3 = ORIENTED_EDGE ( 'NONE', *, *, #418, .T. ) ;
#4 = CARTESIAN_POINT ( 'NONE',  ( -1.294999999999999929, 0.4020000000000000240, 0.03400000000000000244 ) ) ;
#5 = CARTESIAN_POINT ( 'NONE',  ( -1.294999999999999929, -0.4020000000000000240, 0.4949999999999999956 ) ) ;
#6 = ORIENTED_EDGE ( 'NONE', *, *, #1578, .T. ) ;
#7 = VERTEX_POINT ( 'NONE', #2121 ) ;
#8 = B_SPLINE_CURVE_WITH_KNOTS ( 'NONE', 3,
 ( #419, #958, #65, #1676 ),
 .UNSPECIFIED., .F., .F.,
 ( 4, 4 ),
 ( 0.1030303030303029999, 1.000000000000000000 ),
 .UNSPECIFIED. ) ;
#9 = CARTESIAN_POINT ( 'NONE',  ( -0.9903333333333332877, -0.9020000000000000240, 0.000000000000000000 ) ) ;
#10 = EDGE_CURVE ( 'NONE', #1864, #1442, #129, .T. ) ;
#11 = ORIENTED_EDGE ( 'NONE', *, *, #464, .F. ) ;
#12 = CARTESIAN_POINT ( 'NONE',  ( -1.294999999999999929, -0.09800000000000000377, 0.1989999999999999825 ) ) ;
#13 = FILL_AREA_STYLE_COLOUR ( '', #1957 ) ;
#14 = CARTESIAN_POINT ( 'NONE',  ( 1.294999999999999929, 0.5979999999999999760, 0.000000000000000000 ) ) ;
#15 = DIRECTION ( 'NONE',  ( -0.000000000000000000, 1.000000000000000000, 0.000000000000000000 ) ) ;
#16 =( NAMED_UNIT ( * ) SI_UNIT ( $, .STERADIAN. ) SOLID_ANGLE_UNIT ( ) );
#17 = UNCERTAINTY_MEASURE_WITH_UNIT (LENGTH_MEASURE( 1.000000000000000082E-05 ), #1790, 'distance_accuracy_value', 'NONE');
#18 = AXIS2_PLACEMENT_3D ( 'NONE', #1278, #952, #766 ) ;
#19 = DIRECTION ( 'NONE',  ( 0.000000000000000000, 0.000000000000000000, 1.000000000000000000 ) ) ;
#20 = VERTEX_POINT ( 'NONE', #862 ) ;
#21 = CARTESIAN_POINT ( 'NONE',  ( 1.142666666666666719, 0.5979999999999999760, 0.000000000000000000 ) ) ;
#22 = AXIS2_PLACEMENT_3D ( 'NONE', #144, #1551, #1370 ) ;
#23 = DIRECTION ( 'NONE',  ( 0.000000000000000000, 0.000000000000000000, 1.000000000000000000 ) ) ;
#24 = ORIENTED_EDGE ( 'NONE', *, *, #484, .F. ) ;
#25 = AXIS2_PLACEMENT_3D ( 'NONE', #1378, #2089, #1701 ) ;
#26 = DIRECTION ( 'NONE',  ( 0.000000000000000000, 0.000000000000000000, -1.000000000000000000 ) ) ;
#27 = PRESENTATION_STYLE_ASSIGNMENT (( #349 ) ) ;
#28 = ADVANCED_FACE ( 'NONE', ( #1584 ), #1407, .T. ) ;
#29 = CARTESIAN_POINT ( 'NONE',  ( -1.294999999999999929, 0.09800000000000000377, 0.05099999999999999672 ) ) ;
#30 = FACE_OUTER_BOUND ( 'NONE', #1750, .T. ) ;
#31 = STYLED_ITEM ( 'NONE', ( #119 ), #1322 ) ;
#32 = AXIS2_PLACEMENT_3D ( 'NONE', #1474, #2011, #90 ) ;
#33 = EDGE_CURVE ( 'NONE', #1816, #664, #872, .T. ) ;
#34 = PLANE ( 'NONE',  #211 ) ;
#35 = CARTESIAN_POINT ( 'NONE',  ( -1.294999999999999929, -0.4020000000000000240, 0.000000000000000000 ) ) ;
#36 =( NAMED_UNIT ( * ) PLANE_ANGLE_UNIT ( ) SI_UNIT ( $, .RADIAN. ) );
#37 = DIRECTION ( 'NONE',  ( 0.000000000000000000, -1.000000000000000000, 0.000000000000000000 ) ) ;
#38 = ORIENTED_EDGE ( 'NONE', *, *, #1774, .T. ) ;
#39 = DIRECTION ( 'NONE',  ( -0.5735764363510452712, 7.024285468436531304E-17, 0.8191520442889923537 ) ) ;
#40 = EDGE_CURVE ( 'NONE', #1572, #1430, #2093, .T. ) ;
#41 = COLOUR_RGB ( '',0.7215686274509803821, 0.7215686274509803821, 0.7215686274509803821 ) ;
#42 = ORIENTED_EDGE ( 'NONE', *, *, #1656, .F. ) ;
#43 = CARTESIAN_POINT ( 'NONE',  ( -0.9903333333333332877, -0.09800000000000000377, 0.05099999999999999672 ) ) ;
#44 = UNCERTAINTY_MEASURE_WITH_UNIT (LENGTH_MEASURE( 1.000000000000000082E-05 ), #890, 'distance_accuracy_value', 'NONE');
#45 = B_SPLINE_CURVE_WITH_KNOTS ( 'NONE', 3,
 ( #1984, #1467, #374, #1092 ),
 .UNSPECIFIED., .F., .F.,
 ( 4, 4 ),
 ( 0.000000000000000000, 1.000000000000000000 ),
 .UNSPECIFIED. ) ;
#46 = CARTESIAN_POINT ( 'NONE',  ( 1.294999999999999929, -0.09800000000000000377, 0.000000000000000000 ) ) ;
#47 = DIRECTION ( 'NONE',  ( 0.000000000000000000, 1.000000000000000000, 0.000000000000000000 ) ) ;
#48 = DIRECTION ( 'NONE',  ( 0.000000000000000000, -1.000000000000000000, 0.000000000000000000 ) ) ;
#49 = AXIS2_PLACEMENT_3D ( 'NONE', #128, #2256, #837 ) ;
#50 = DIRECTION ( 'NONE',  ( 1.000000000000000000, 0.000000000000000000, 0.000000000000000000 ) ) ;
#51 = ORIENTED_EDGE ( 'NONE', *, *, #64, .T. ) ;
#52 = CARTESIAN_POINT ( 'NONE',  ( -0.8379999999999999671, -0.9020000000000000240, 0.000000000000000000 ) ) ;
#53 = CARTESIAN_POINT ( 'NONE',  ( 0.8379999999999999671, -0.9020000000000000240, 0.01700000000000000122 ) ) ;
#54 = B_SPLINE_CURVE_WITH_KNOTS ( 'NONE', 3,
 ( #1579, #1071, #191, #1400 ),
 .UNSPECIFIED., .F., .F.,
 ( 4, 4 ),
 ( 0.000000000000000000, 1.000000000000000000 ),
 .UNSPECIFIED. ) ;
#55 = ORIENTED_EDGE ( 'NONE', *, *, #471, .T. ) ;
#56 = SURFACE_STYLE_FILL_AREA ( #238 ) ;
#57 = EDGE_CURVE ( 'NONE', #664, #2026, #118, .T. ) ;
#58 = CARTESIAN_POINT ( 'NONE',  ( 0.8379999999999999671, 0.9020000000000000240, 0.000000000000000000 ) ) ;
#59 = AXIS2_PLACEMENT_3D ( 'NONE', #581, #1307, #2044 ) ;
#60 =( NAMED_UNIT ( * ) PLANE_ANGLE_UNIT ( ) SI_UNIT ( $, .RADIAN. ) );
#61 = FILL_AREA_STYLE ('',( #1645 ) ) ;
#62 = CARTESIAN_POINT ( 'NONE',  ( 1.294999999999999929, 0.9020000000000000240, 0.05099999999999999672 ) ) ;
#63 = LINE ( 'NONE', #2023, #517 ) ;
#64 = EDGE_CURVE ( 'NONE', #2273, #721, #8, .T. ) ;
#65 = CARTESIAN_POINT ( 'NONE',  ( -1.294999999999999929, 0.5979999999999999760, 0.3469999999999999751 ) ) ;
#66 = ORIENTED_EDGE ( 'NONE', *, *, #1516, .T. ) ;
#67 = CARTESIAN_POINT ( 'NONE',  ( 1.142666666666666719, 0.9020000000000000240, 0.05099999999999999672 ) ) ;
#68 = EDGE_CURVE ( 'NONE', #544, #2141, #1207, .T. ) ;
#69 = CIRCLE ( 'NONE', #743, 0.4420982126971167436 ) ;
#70 = CARTESIAN_POINT ( 'NONE',  ( 1.294999999999999929, -0.3006666666666666932, 0.05099999999999999672 ) ) ;
#71 = B_SPLINE_CURVE_WITH_KNOTS ( 'NONE', 3,
 ( #1360, #1146, #945, #62 ),
 .UNSPECIFIED., .F., .F.,
 ( 4, 4 ),
 ( 0.000000000000000000, 1.000000000000000000 ),
 .UNSPECIFIED. ) ;
#72 = FACE_OUTER_BOUND ( 'NONE', #980, .T. ) ;
#73 = DIRECTION ( 'NONE',  ( 0.000000000000000000, 0.000000000000000000, -1.000000000000000000 ) ) ;
#74 = EDGE_LOOP ( 'NONE', ( #1208, #42, #554, #2039 ) ) ;
#75 = PLANE ( 'NONE',  #429 ) ;
#76 = CARTESIAN_POINT ( 'NONE',  ( 0.8379999999999999671, 0.09800000000000000377, 0.03400000000000000244 ) ) ;
#77 = VERTEX_POINT ( 'NONE', #1309 ) ;
#78 = VERTEX_POINT ( 'NONE', #571 ) ;
#79 = DIRECTION ( 'NONE',  ( 0.000000000000000000, 0.000000000000000000, 1.000000000000000000 ) ) ;
#80 = EDGE_CURVE ( 'NONE', #2090, #78, #412, .T. ) ;
#81 = CARTESIAN_POINT ( 'NONE',  ( -0.8379999999999999671, 0.4020000000000000240, 0.000000000000000000 ) ) ;
#82 = EDGE_CURVE ( 'NONE', #529, #110, #1638, .T. ) ;
#83 = LINE ( 'NONE', #778, #2133 ) ;
#84 = ORIENTED_EDGE ( 'NONE', *, *, #1355, .T. ) ;
#85 = CARTESIAN_POINT ( 'NONE',  ( -0.8379999999999999671, -0.9020000000000000240, 0.000000000000000000 ) ) ;
#86 = CARTESIAN_POINT ( 'NONE',  ( 0.8379999999999999671, 0.4020000000000000240, 0.000000000000000000 ) ) ;
#87 = EDGE_CURVE ( 'NONE', #1264, #744, #1706, .T. ) ;
#88 = ORIENTED_EDGE ( 'NONE', *, *, #1656, .T. ) ;
#89 = ORIENTED_EDGE ( 'NONE', *, *, #1042, .T. ) ;
#90 = DIRECTION ( 'NONE',  ( 0.000000000000000000, 0.000000000000000000, -1.000000000000000000 ) ) ;
#91 = CARTESIAN_POINT ( 'NONE',  ( 1.294999999999999929, -0.4020000000000000240, 0.4949999999999999956 ) ) ;
#92 = CARTESIAN_POINT ( 'NONE',  ( -0.9903333333333332877, -0.5979999999999999760, 0.05099999999999999672 ) ) ;
#93 = DIRECTION ( 'NONE',  ( 1.000000000000000000, 0.000000000000000000, -0.000000000000000000 ) ) ;
#94 = CIRCLE ( 'NONE', #730, 0.2500000000000000000 ) ;
#95 = CARTESIAN_POINT ( 'NONE',  ( -1.294999999999999929, 0.09800000000000000377, 0.05099999999999999672 ) ) ;
#96 = AXIS2_PLACEMENT_3D ( 'NONE', #683, #1716, #459 ) ;
#97 = ADVANCED_FACE ( 'NONE', ( #1531 ), #850, .T. ) ;
#98 = CARTESIAN_POINT ( 'NONE',  ( 0.8379999999999999671, -0.5979999999999999760, 0.05099999999999999672 ) ) ;
#99 = AXIS2_PLACEMENT_3D ( 'NONE', #306, #672, #239 ) ;
#100 = VERTEX_POINT ( 'NONE', #661 ) ;
#101 = CARTESIAN_POINT ( 'NONE',  ( 0.8379999999999999671, -0.4020000000000000240, 0.03400000000000000244 ) ) ;
#102 = CARTESIAN_POINT ( 'NONE',  ( 1.294999999999999929, 0.09800000000000000377, 0.05099999999999999672 ) ) ;
#103 = CARTESIAN_POINT ( 'NONE',  ( -0.8379999999999999671, 0.9020000000000000240, 0.05099999999999999672 ) ) ;
#104 = VECTOR ( 'NONE', #1387, 1000.000000000000000 ) ;
#105 = CARTESIAN_POINT ( 'NONE',  ( -1.294999999999999929, 1.294999999999999929, 0.05099999999999999672 ) ) ;
#106 = CARTESIAN_POINT ( 'NONE',  ( -1.294999999999999929, 1.294999999999999929, 0.05099999999999999672 ) ) ;
#107 = ADVANCED_FACE ( 'NONE', ( #1031 ), #145, .T. ) ;
#108 = VECTOR ( 'NONE', #812, 1000.000000000000000 ) ;
#109 = DIRECTION ( 'NONE',  ( -1.000000000000000000, 0.000000000000000000, 0.000000000000000000 ) ) ;
#110 = VERTEX_POINT ( 'NONE', #1361 ) ;
#111 = DIRECTION ( 'NONE',  ( 0.000000000000000000, 1.000000000000000000, 0.000000000000000000 ) ) ;
#112 = CARTESIAN_POINT ( 'NONE',  ( 0.8379999999999999671, 0.09800000000000000377, 0.000000000000000000 ) ) ;
#113 = ORIENTED_EDGE ( 'NONE', *, *, #983, .F. ) ;
#114 = PLANE ( 'NONE',  #22 ) ;
#115 = CARTESIAN_POINT ( 'NONE',  ( -1.294999999999999929, 0.5979999999999999760, 0.03400000000000000244 ) ) ;
#116 = EDGE_LOOP ( 'NONE', ( #2152, #2260, #1780, #939 ) ) ;
#117 = CLOSED_SHELL ( 'NONE', ( #897, #832, #201, #545, #1799, #977, #562 ) ) ;
#118 = B_SPLINE_CURVE_WITH_KNOTS ( 'NONE', 3,
 ( #938, #1840, #1660, #1818 ),
 .UNSPECIFIED., .F., .F.,
 ( 4, 4 ),
 ( 0.000000000000000000, 1.000000000000000000 ),
 .UNSPECIFIED. ) ;
#119 = PRESENTATION_STYLE_ASSIGNMENT (( #2073 ) ) ;
#120 = ORIENTED_EDGE ( 'NONE', *, *, #64, .F. ) ;
#121 = CARTESIAN_POINT ( 'NONE',  ( 0.000000000000000000, 0.000000000000000000, 0.9909999999999998810 ) ) ;
#122 = EDGE_CURVE ( 'NONE', #708, #1356, #1604, .T. ) ;
#123 = ORIENTED_EDGE ( 'NONE', *, *, #1857, .T. ) ;
#124 = CARTESIAN_POINT ( 'NONE',  ( -1.294999999999999929, 0.09800000000000000377, 0.05099999999999999672 ) ) ;
#125 = CARTESIAN_POINT ( 'NONE',  ( 0.9903333333333332877, 0.09800000000000000377, 0.05099999999999999672 ) ) ;
#126 = ORIENTED_EDGE ( 'NONE', *, *, #1851, .T. ) ;
#127 = CARTESIAN_POINT ( 'NONE',  ( -0.9903333333333332877, 0.9020000000000000240, 0.000000000000000000 ) ) ;
#128 = CARTESIAN_POINT ( 'NONE',  ( -1.036000000000000032, 0.7500000000000000000, 0.9929999999999999938 ) ) ;
#129 = LINE ( 'NONE', #686, #783 ) ;
#130 = CIRCLE ( 'NONE', #1918, 0.4420982126971167436 ) ;
#131 = EDGE_CURVE ( 'NONE', #1419, #1728, #340, .T. ) ;
#132 = CARTESIAN_POINT ( 'NONE',  ( -0.8379999999999999671, 0.9020000000000000240, 0.000000000000000000 ) ) ;
#133 = ORIENTED_EDGE ( 'NONE', *, *, #1060, .T. ) ;
#134 = VECTOR ( 'NONE', #456, 1000.000000000000000 ) ;
#135 = EDGE_LOOP ( 'NONE', ( #433, #2277, #462, #1514 ) ) ;
#136 = CARTESIAN_POINT ( 'NONE',  ( -1.294999968750000230, -0.5979999999999999760, 0.05099999999999999672 ) ) ;
#137 = UNCERTAINTY_MEASURE_WITH_UNIT (LENGTH_MEASURE( 1.000000000000000082E-05 ), #262, 'distance_accuracy_value', 'NONE');
#138 = CARTESIAN_POINT ( 'NONE',  ( 0.8379999999999999671, -0.4020000000000000240, 0.000000000000000000 ) ) ;
#139 = EDGE_LOOP ( 'NONE', ( #830, #1721, #357, #451 ) ) ;
#140 = CARTESIAN_POINT ( 'NONE',  ( -1.294999999999999929, -0.9020000000000000240, 0.000000000000000000 ) ) ;
#141 = ADVANCED_FACE ( 'NONE', ( #879 ), #1821, .F. ) ;
#142 = ORIENTED_EDGE ( 'NONE', *, *, #949, .F. ) ;
#143 = AXIS2_PLACEMENT_3D ( 'NONE', #2094, #673, #2 ) ;
#144 = CARTESIAN_POINT ( 'NONE',  ( 1.294999999999999929, -0.4020000000000000240, 0.000000000000000000 ) ) ;
#145 = PLANE ( 'NONE',  #1011 ) ;
#146 = CARTESIAN_POINT ( 'NONE',  ( -1.294999999999999929, 0.5979999999999999760, 0.05099999999999999672 ) ) ;
#147 = AXIS2_PLACEMENT_3D ( 'NONE', #1768, #19, #1591 ) ;
#148 = CARTESIAN_POINT ( 'NONE',  ( 0.9903333333333332877, -0.4020000000000000240, 0.05099999999999999672 ) ) ;
#149 = VERTEX_POINT ( 'NONE', #950 ) ;
#150 = ORIENTED_EDGE ( 'NONE', *, *, #569, .T. ) ;
#151 = CARTESIAN_POINT ( 'NONE',  ( 0.8379999999999999671, 0.5979999999999999760, 0.05099999999999999672 ) ) ;
#152 = VERTEX_POINT ( 'NONE', #1189 ) ;
#153 = EDGE_LOOP ( 'NONE', ( #1018, #1433, #2067, #1502 ) ) ;
#154 = CARTESIAN_POINT ( 'NONE',  ( -0.5969999999999999751, -0.9520000000000000684, 0.000000000000000000 ) ) ;
#155 = FACE_OUTER_BOUND ( 'NONE', #116, .T. ) ;
#156 = ORIENTED_EDGE ( 'NONE', *, *, #2131, .F. ) ;
#157 = EDGE_CURVE ( 'NONE', #1259, #1948, #760, .T. ) ;
#158 = PLANE ( 'NONE',  #1404 ) ;
#159 = CARTESIAN_POINT ( 'NONE',  ( 1.294999999999999929, 0.3006666666666666377, 0.000000000000000000 ) ) ;
#160 = B_SPLINE_CURVE_WITH_KNOTS ( 'NONE', 3,
 ( #893, #1796, #217, #1961 ),
 .UNSPECIFIED., .F., .F.,
 ( 4, 4 ),
 ( 0.000000000000000000, 1.000000000000000000 ),
 .UNSPECIFIED. ) ;
#161 = EDGE_CURVE ( 'NONE', #2112, #231, #1934, .T. ) ;
#162 = CARTESIAN_POINT ( 'NONE',  ( -0.8379999999999999671, -0.09800000000000000377, 0.05099999999999999672 ) ) ;
#163 = CARTESIAN_POINT ( 'NONE',  ( -1.294999999999999929, -0.09800000000000000377, 0.03400000000000000244 ) ) ;
#164 =( GEOMETRIC_REPRESENTATION_CONTEXT ( 3 ) GLOBAL_UNCERTAINTY_ASSIGNED_CONTEXT ( ( #906 ) ) GLOBAL_UNIT_ASSIGNED_CONTEXT ( ( #557, #2159, #194 ) ) REPRESENTATION_CONTEXT ( 'NONE', 'WORKASPACE' ) );
#165 = ORIENTED_EDGE ( 'NONE', *, *, #1406, .F. ) ;
#166 = APPLICATION_PROTOCOL_DEFINITION ( 'draft international standard', 'automotive_design', 1998, #457 ) ;
#167 = ORIENTED_EDGE ( 'NONE', *, *, #1993, .T. ) ;
#168 = ADVANCED_FACE ( 'NONE', ( #961 ), #979, .T. ) ;
#169 = DIRECTION ( 'NONE',  ( 0.000000000000000000, 0.000000000000000000, 1.000000000000000000 ) ) ;
#170 = ORIENTED_EDGE ( 'NONE', *, *, #1723, .T. ) ;
#171 = CARTESIAN_POINT ( 'NONE',  ( -0.8379999999999999671, -0.9020000000000000240, 0.05099999999999999672 ) ) ;
#172 = DIRECTION ( 'NONE',  ( 0.000000000000000000, 0.000000000000000000, 1.000000000000000000 ) ) ;
#173 = FACE_OUTER_BOUND ( 'NONE', #329, .T. ) ;
#174 = CARTESIAN_POINT ( 'NONE',  ( 0.8379999999999999671, 0.4020000000000000240, 0.05099999999999999672 ) ) ;
#175 = EDGE_CURVE ( 'NONE', #598, #149, #1823, .T. ) ;
#176 = ORIENTED_EDGE ( 'NONE', *, *, #2211, .F. ) ;
#177 = AXIS2_PLACEMENT_3D ( 'NONE', #2123, #195, #183 ) ;
#178 = ORIENTED_EDGE ( 'NONE', *, *, #1601, .F. ) ;
#179 = CARTESIAN_POINT ( 'NONE',  ( 1.294999999999999929, 0.4020000000000000240, 0.05099999999999999672 ) ) ;
#180 = CARTESIAN_POINT ( 'NONE',  ( -0.8379999999999999671, 0.09800000000000000377, 0.000000000000000000 ) ) ;
#181 = EDGE_LOOP ( 'NONE', ( #156, #1527, #1612, #1902 ) ) ;
#182 = CARTESIAN_POINT ( 'NONE',  ( -0.9712300000000000377, 0.7500000000000000000, 0.9909999999999998810 ) ) ;
#183 = DIRECTION ( 'NONE',  ( 0.000000000000000000, 0.000000000000000000, -1.000000000000000000 ) ) ;
#184 = CARTESIAN_POINT ( 'NONE',  ( 1.294999999999999929, -0.4020000000000000240, 0.05099999999999999672 ) ) ;
#185 = AXIS2_PLACEMENT_3D ( 'NONE', #2232, #2055, #584 ) ;
#186 = EDGE_CURVE ( 'NONE', #1581, #1364, #423, .T. ) ;
#187 = ORIENTED_EDGE ( 'NONE', *, *, #1632, .F. ) ;
#188 = B_SPLINE_CURVE_WITH_KNOTS ( 'NONE', 3,
 ( #1729, #836, #127, #2264 ),
 .UNSPECIFIED., .F., .F.,
 ( 4, 4 ),
 ( 0.000000000000000000, 1.000000000000000000 ),
 .UNSPECIFIED. ) ;
#189 = SURFACE_STYLE_FILL_AREA ( #666 ) ;
#190 = ORIENTED_EDGE ( 'NONE', *, *, #215, .F. ) ;
#191 = CARTESIAN_POINT ( 'NONE',  ( 1.142666666666666719, 0.4020000000000000240, 0.05099999999999999672 ) ) ;
#192 = ORIENTED_EDGE ( 'NONE', *, *, #1494, .T. ) ;
#193 = CARTESIAN_POINT ( 'NONE',  ( -1.294999999999999929, -0.8006666666666666377, 0.000000000000000000 ) ) ;
#194 =( NAMED_UNIT ( * ) SI_UNIT ( $, .STERADIAN. ) SOLID_ANGLE_UNIT ( ) );
#195 = DIRECTION ( 'NONE',  ( 0.000000000000000000, -1.000000000000000000, 0.000000000000000000 ) ) ;
#196 = CARTESIAN_POINT ( 'NONE',  ( 1.294999999999999929, 0.5979999999999999760, 0.000000000000000000 ) ) ;
#197 = CARTESIAN_POINT ( 'NONE',  ( -1.294999999999999929, -0.5979999999999999760, 0.03400000000000000244 ) ) ;
#198 = VECTOR ( 'NONE', #1235, 1000.000000000000000 ) ;
#199 = ORIENTED_EDGE ( 'NONE', *, *, #186, .F. ) ;
#200 = LINE ( 'NONE', #368, #755 ) ;
#201 = ADVANCED_FACE ( 'NONE', ( #328 ), #2249, .T. ) ;
#202 = VERTEX_POINT ( 'NONE', #1498 ) ;
#203 = SURFACE_STYLE_USAGE ( .BOTH. , #1958 ) ;
#204 = SURFACE_STYLE_FILL_AREA ( #1249 ) ;
#205 = DIRECTION ( 'NONE',  ( 0.000000000000000000, 0.000000000000000000, 1.000000000000000000 ) ) ;
#206 = CARTESIAN_POINT ( 'NONE',  ( -1.294999968750000230, -0.5979999999999999760, 0.05099999999999999672 ) ) ;
#207 = CARTESIAN_POINT ( 'NONE',  ( 0.8379999999999999671, -0.09800000000000000377, 0.000000000000000000 ) ) ;
#208 = B_SPLINE_CURVE_WITH_KNOTS ( 'NONE', 3,
 ( #650, #1002, #1014, #1541 ),
 .UNSPECIFIED., .F., .F.,
 ( 4, 4 ),
 ( 0.000000000000000000, 1.000000000000000000 ),
 .UNSPECIFIED. ) ;
#209 = ADVANCED_FACE ( 'NONE', ( #1034 ), #1717, .T. ) ;
#210 = FACE_OUTER_BOUND ( 'NONE', #1086, .T. ) ;
#211 = AXIS2_PLACEMENT_3D ( 'NONE', #747, #1843, #555 ) ;
#212 = FACE_OUTER_BOUND ( 'NONE', #860, .T. ) ;
#213 = AXIS2_PLACEMENT_3D ( 'NONE', #2166, #1434, #2134 ) ;
#214 = FILL_AREA_STYLE_COLOUR ( '', #309 ) ;
#215 = EDGE_CURVE ( 'NONE', #297, #885, #2204, .T. ) ;
#216 = DIRECTION ( 'NONE',  ( 1.000000000000000000, 0.000000000000000000, 0.000000000000000000 ) ) ;
#217 = CARTESIAN_POINT ( 'NONE',  ( 0.9903333333333332877, 0.9020000000000000240, 0.000000000000000000 ) ) ;
#218 = ORIENTED_EDGE ( 'NONE', *, *, #1578, .F. ) ;
#219 = CARTESIAN_POINT ( 'NONE',  ( -1.294999999999999929, -0.9020000000000000240, 0.4949999999999999956 ) ) ;
#220 =( NAMED_UNIT ( * ) PLANE_ANGLE_UNIT ( ) SI_UNIT ( $, .RADIAN. ) );
#221 = DIRECTION ( 'NONE',  ( -0.000000000000000000, 1.000000000000000000, 0.000000000000000000 ) ) ;
#222 = DIRECTION ( 'NONE',  ( -1.000000000000000000, 0.000000000000000000, 0.000000000000000000 ) ) ;
#223 = DIRECTION ( 'NONE',  ( 1.000000000000000000, 0.000000000000000000, 0.000000000000000000 ) ) ;
#224 = PLANE ( 'NONE',  #991 ) ;
#225 = ORIENTED_EDGE ( 'NONE', *, *, #82, .T. ) ;
#226 = CARTESIAN_POINT ( 'NONE',  ( -1.294999999999999929, -0.9020000000000000240, 0.05099999999999999672 ) ) ;
#227 = ORIENTED_EDGE ( 'NONE', *, *, #1857, .F. ) ;
#228 = ADVANCED_FACE ( 'NONE', ( #1133 ), #1856, .T. ) ;
#229 = DIRECTION ( 'NONE',  ( 0.000000000000000000, 0.000000000000000000, 1.000000000000000000 ) ) ;
#230 = CARTESIAN_POINT ( 'NONE',  ( -0.8379999999999999671, -0.9020000000000000240, 0.000000000000000000 ) ) ;
#231 = VERTEX_POINT ( 'NONE', #406 ) ;
#232 = CARTESIAN_POINT ( 'NONE',  ( 0.4420982126971167436, 0.000000000000000000, 0.9909999999999998810 ) ) ;
#233 = ADVANCED_FACE ( 'NONE', ( #72 ), #224, .T. ) ;
#234 = CARTESIAN_POINT ( 'NONE',  ( -1.294999999999999929, -0.9020000000000000240, 0.000000000000000000 ) ) ;
#235 = CARTESIAN_POINT ( 'NONE',  ( -1.294999999999999929, -0.4020000000000000240, 0.000000000000000000 ) ) ;
#236 = CARTESIAN_POINT ( 'NONE',  ( 1.294999968750000230, -0.9020000000000000240, 0.05099999999999999672 ) ) ;
#237 = EDGE_CURVE ( 'NONE', #1446, #1385, #2122, .T. ) ;
#238 = FILL_AREA_STYLE ('',( #2007 ) ) ;
#239 = DIRECTION ( 'NONE',  ( 1.000000000000000000, 0.000000000000000000, 0.000000000000000000 ) ) ;
#240 = CARTESIAN_POINT ( 'NONE',  ( 0.8379999999999999671, 0.9020000000000000240, 0.05099999999999999672 ) ) ;
#241 = PLANE ( 'NONE',  #242 ) ;
#242 = AXIS2_PLACEMENT_3D ( 'NONE', #1145, #48, #250 ) ;
#243 = CARTESIAN_POINT ( 'NONE',  ( -1.294999999999999929, -0.3006666666666666377, 0.000000000000000000 ) ) ;
#244 = LINE ( 'NONE', #1489, #483 ) ;
#245 = ORIENTED_EDGE ( 'NONE', *, *, #1231, .F. ) ;
#246 = CARTESIAN_POINT ( 'NONE',  ( 0.2500000000000000000, 0.000000000000000000, 0.7909999999999999254 ) ) ;
#247 = ADVANCED_FACE ( 'NONE', ( #252 ), #1847, .T. ) ;
#248 = FACE_OUTER_BOUND ( 'NONE', #779, .T. ) ;
#249 = CARTESIAN_POINT ( 'NONE',  ( 1.294999999999999929, 0.9020000000000000240, 0.03400000000000000244 ) ) ;
#250 = DIRECTION ( 'NONE',  ( 0.000000000000000000, 0.000000000000000000, -1.000000000000000000 ) ) ;
#251 = DIRECTION ( 'NONE',  ( 1.000000000000000000, 0.000000000000000000, 0.000000000000000000 ) ) ;
#252 = FACE_OUTER_BOUND ( 'NONE', #1376, .T. ) ;
#253 = CARTESIAN_POINT ( 'NONE',  ( 0.000000000000000000, 0.000000000000000000, 0.7909999999999999254 ) ) ;
#254 = ORIENTED_EDGE ( 'NONE', *, *, #1862, .F. ) ;
#255 = ORIENTED_EDGE ( 'NONE', *, *, #443, .F. ) ;
#256 = CARTESIAN_POINT ( 'NONE',  ( 0.8379999999999999671, 0.09800000000000000377, 0.000000000000000000 ) ) ;
#257 = FACE_OUTER_BOUND ( 'NONE', #1240, .T. ) ;
#258 = EDGE_CURVE ( 'NONE', #474, #299, #244, .T. ) ;
#259 = CARTESIAN_POINT ( 'NONE',  ( -0.8379999999999999671, -0.4020000000000000240, 0.000000000000000000 ) ) ;
#260 = CARTESIAN_POINT ( 'NONE',  ( -1.294999999999999929, -0.09800000000000000377, 0.000000000000000000 ) ) ;
#261 = DIRECTION ( 'NONE',  ( 0.000000000000000000, 1.000000000000000000, 0.000000000000000000 ) ) ;
#262 =( LENGTH_UNIT ( ) NAMED_UNIT ( * ) SI_UNIT ( .MILLI., .METRE. ) );
#263 = CARTESIAN_POINT ( 'NONE',  ( 1.294999999999999929, 0.5979999999999999760, 0.4949999999999999956 ) ) ;
#264 = B_SPLINE_CURVE_WITH_KNOTS ( 'NONE', 3,
 ( #102, #279, #1714, #822 ),
 .UNSPECIFIED., .F., .F.,
 ( 4, 4 ),
 ( 0.8969696969696969724, 1.000000000000000000 ),
 .UNSPECIFIED. ) ;
#266 = EDGE_CURVE ( 'NONE', #2090, #1923, #83, .T. ) ;
#265 = B_SPLINE_CURVE_WITH_KNOTS ( 'NONE', 3,
 ( #1156, #1102, #1481, #2170 ),
 .UNSPECIFIED., .F., .F.,
 ( 4, 4 ),
 ( 0.000000000000000000, 0.8969696969696969724 ),
 .UNSPECIFIED. ) ;
#267 = ORIENTED_EDGE ( 'NONE', *, *, #913, .T. ) ;
#268 = PLANE ( 'NONE',  #1508 ) ;
#269 = ORIENTED_EDGE ( 'NONE', *, *, #375, .F. ) ;
#270 = FACE_OUTER_BOUND ( 'NONE', #717, .T. ) ;
#271 = DIRECTION ( 'NONE',  ( 1.000000000000000000, 0.000000000000000000, 0.000000000000000000 ) ) ;
#272 = ADVANCED_FACE ( 'NONE', ( #2048 ), #934, .F. ) ;
#273 = PLANE ( 'NONE',  #799 ) ;
#274 = CARTESIAN_POINT ( 'NONE',  ( -1.294999999999999929, 0.09800000000000000377, 0.05099999999999999672 ) ) ;
#275 = CARTESIAN_POINT ( 'NONE',  ( -0.8379999999999999671, -0.3006666666666667487, 0.000000000000000000 ) ) ;
#276 = DIRECTION ( 'NONE',  ( -0.000000000000000000, -0.000000000000000000, -1.000000000000000000 ) ) ;
#277 = ORIENTED_EDGE ( 'NONE', *, *, #2265, .F. ) ;
#278 = CARTESIAN_POINT ( 'NONE',  ( 0.8379999999999999671, -0.4020000000000000240, 0.05099999999999999672 ) ) ;
#279 = CARTESIAN_POINT ( 'NONE',  ( 1.294999999999999929, 0.09800000000000000377, 0.03400000000000000244 ) ) ;
#280 = CARTESIAN_POINT ( 'NONE',  ( -0.5969999999999999751, 0.9520000000000000684, 0.000000000000000000 ) ) ;
#281 = DIRECTION ( 'NONE',  ( 0.000000000000000000, 0.000000000000000000, -1.000000000000000000 ) ) ;
#282 = FACE_OUTER_BOUND ( 'NONE', #1043, .T. ) ;
#283 = ADVANCED_FACE ( 'NONE', ( #1683 ), #789, .T. ) ;
#284 = ORIENTED_EDGE ( 'NONE', *, *, #1287, .F. ) ;
#285 = VERTEX_POINT ( 'NONE', #1828 ) ;
#286 = CARTESIAN_POINT ( 'NONE',  ( 1.294999999999999929, -0.4020000000000000240, 0.3469999999999999751 ) ) ;
#287 = FACE_OUTER_BOUND ( 'NONE', #135, .T. ) ;
#288 = B_SPLINE_CURVE_WITH_KNOTS ( 'NONE', 3,
 ( #424, #1143, #816, #640 ),
 .UNSPECIFIED., .F., .F.,
 ( 4, 4 ),
 ( 0.000000000000000000, 1.000000000000000000 ),
 .UNSPECIFIED. ) ;
#289 = EDGE_CURVE ( 'NONE', #285, #1873, #1271, .T. ) ;
#290 = CARTESIAN_POINT ( 'NONE',  ( -0.8379999999999999671, -0.5979999999999999760, 0.05099999999999999672 ) ) ;
#291 = CARTESIAN_POINT ( 'NONE',  ( -1.294999999999999929, -0.3006666666666666932, 0.05099999999999999672 ) ) ;
#292 = ORIENTED_EDGE ( 'NONE', *, *, #674, .T. ) ;
#293 = CARTESIAN_POINT ( 'NONE',  ( 1.142666666666666719, -0.4020000000000000240, 0.05099999999999999672 ) ) ;
#294 = VERTEX_POINT ( 'NONE', #2180 ) ;
#295 = ADVANCED_FACE ( 'NONE', ( #2014 ), #1115, .T. ) ;
#296 = FACE_OUTER_BOUND ( 'NONE', #2017, .T. ) ;
#297 = VERTEX_POINT ( 'NONE', #1147 ) ;
#298 = ORIENTED_EDGE ( 'NONE', *, *, #1231, .T. ) ;
#299 = VERTEX_POINT ( 'NONE', #1869 ) ;
#300 = CARTESIAN_POINT ( 'NONE',  ( -0.8379999999999999671, 0.5979999999999999760, 0.05099999999999999672 ) ) ;
#301 = LINE ( 'NONE', #2068, #134 ) ;
#302 = B_SPLINE_CURVE_WITH_KNOTS ( 'NONE', 3,
 ( #1477, #2190, #1306, #1124 ),
 .UNSPECIFIED., .F., .F.,
 ( 4, 4 ),
 ( 0.000000000000000000, 1.000000000000000000 ),
 .UNSPECIFIED. ) ;
#303 = FACE_OUTER_BOUND ( 'NONE', #322, .T. ) ;
#304 = CARTESIAN_POINT ( 'NONE',  ( -1.294999999999999929, -1.294999999999999929, 0.05099999999999999672 ) ) ;
#305 = VECTOR ( 'NONE', #317, 1000.000000000000000 ) ;
#306 = CARTESIAN_POINT ( 'NONE',  ( 0.000000000000000000, 0.000000000000000000, 0.7909999999999991482 ) ) ;
#307 = DIRECTION ( 'NONE',  ( 0.000000000000000000, -1.000000000000000000, 0.000000000000000000 ) ) ;
#308 = B_SPLINE_CURVE_WITH_KNOTS ( 'NONE', 3,
 ( #2066, #1938, #1887, #1227 ),
 .UNSPECIFIED., .F., .F.,
 ( 4, 4 ),
 ( 0.000000000000000000, 0.8969696969696969724 ),
 .UNSPECIFIED. ) ;
#309 = COLOUR_RGB ( '',0.7215686274509803821, 0.7215686274509803821, 0.7215686274509803821 ) ;
#310 = ORIENTED_EDGE ( 'NONE', *, *, #1941, .F. ) ;
#311 = AXIS2_PLACEMENT_3D ( 'NONE', #2290, #2320, #899 ) ;
#312 = CARTESIAN_POINT ( 'NONE',  ( -1.294999999999999929, -0.6993333333333333623, 0.05099999999999999672 ) ) ;
#313 = EDGE_CURVE ( 'NONE', #1374, #796, #302, .T. ) ;
#314 = CARTESIAN_POINT ( 'NONE',  ( 1.294999999999999929, -0.9020000000000000240, 0.4949999999999999956 ) ) ;
#315 = ORIENTED_EDGE ( 'NONE', *, *, #2228, .T. ) ;
#316 = FACE_OUTER_BOUND ( 'NONE', #1222, .T. ) ;
#317 = DIRECTION ( 'NONE',  ( 0.000000000000000000, -1.000000000000000000, 0.000000000000000000 ) ) ;
#318 = EDGE_CURVE ( 'NONE', #2142, #704, #1679, .T. ) ;
#319 = AXIS2_PLACEMENT_3D ( 'NONE', #689, #352, #1252 ) ;
#320 = DIRECTION ( 'NONE',  ( 1.000000000000000000, 0.000000000000000000, 0.000000000000000000 ) ) ;
#321 = CARTESIAN_POINT ( 'NONE',  ( -1.294999999999999929, -0.4020000000000000240, 0.01700000000000000122 ) ) ;
#322 = EDGE_LOOP ( 'NONE', ( #84, #910, #362, #2292 ) ) ;
#323 = CARTESIAN_POINT ( 'NONE',  ( -0.8379999999999999671, -0.09800000000000000377, 0.01700000000000000122 ) ) ;
#324 = EDGE_LOOP ( 'NONE', ( #3, #2099, #225, #88 ) ) ;
#325 = B_SPLINE_CURVE_WITH_KNOTS ( 'NONE', 3,
 ( #2057, #1200, #1911, #112 ),
 .UNSPECIFIED., .F., .F.,
 ( 4, 4 ),
 ( 0.000000000000000000, 1.000000000000000000 ),
 .UNSPECIFIED. ) ;
#326 = EDGE_CURVE ( 'NONE', #420, #1572, #63, .T. ) ;
#327 = CARTESIAN_POINT ( 'NONE',  ( -1.294999999999999929, -0.5979999999999999760, 0.000000000000000000 ) ) ;
#328 = FACE_OUTER_BOUND ( 'NONE', #1917, .T. ) ;
#329 = EDGE_LOOP ( 'NONE', ( #1909, #589, #2102, #808 ) ) ;
#330 = CARTESIAN_POINT ( 'NONE',  ( -0.8379999999999999671, -0.9020000000000000240, 0.000000000000000000 ) ) ;
#331 = VERTEX_POINT ( 'NONE', #1187 ) ;
#332 = CARTESIAN_POINT ( 'NONE',  ( 0.8379999999999999671, 0.5979999999999999760, 0.05099999999999999672 ) ) ;
#333 = ORIENTED_EDGE ( 'NONE', *, *, #1862, .T. ) ;
#334 =( GEOMETRIC_REPRESENTATION_CONTEXT ( 3 ) GLOBAL_UNCERTAINTY_ASSIGNED_CONTEXT ( ( #365 ) ) GLOBAL_UNIT_ASSIGNED_CONTEXT ( ( #1483, #220, #1652 ) ) REPRESENTATION_CONTEXT ( 'NONE', 'WORKASPACE' ) );
#335 = CARTESIAN_POINT ( 'NONE',  ( -0.8379999999999999671, -0.5979999999999999760, 0.01700000000000000122 ) ) ;
#336 = ADVANCED_FACE ( 'NONE', ( #851 ), #1170, .T. ) ;
#337 = DIRECTION ( 'NONE',  ( -1.000000000000000000, 0.000000000000000000, 0.000000000000000000 ) ) ;
#338 = CARTESIAN_POINT ( 'NONE',  ( 0.8379999999999999671, 0.1993333333333333346, 0.05099999999999999672 ) ) ;
#339 = EDGE_LOOP ( 'NONE', ( #1977, #1939 ) ) ;
#340 = B_SPLINE_CURVE_WITH_KNOTS ( 'NONE', 3,
 ( #1423, #865, #2295, #1250 ),
 .UNSPECIFIED., .F., .F.,
 ( 4, 4 ),
 ( 0.000000000000000000, 1.000000000000000000 ),
 .UNSPECIFIED. ) ;
#341 = EDGE_LOOP ( 'NONE', ( #720, #539, #55, #925 ) ) ;
#342 = CARTESIAN_POINT ( 'NONE',  ( 1.142666666666666719, 0.5979999999999999760, 0.05099999999999999672 ) ) ;
#343 =( GEOMETRIC_REPRESENTATION_CONTEXT ( 3 ) GLOBAL_UNCERTAINTY_ASSIGNED_CONTEXT ( ( #1986 ) ) GLOBAL_UNIT_ASSIGNED_CONTEXT ( ( #1785, #891, #534 ) ) REPRESENTATION_CONTEXT ( 'NONE', 'WORKASPACE' ) );
#344 = ORIENTED_EDGE ( 'NONE', *, *, #2211, .T. ) ;
#345 = DIRECTION ( 'NONE',  ( 0.000000000000000000, 0.000000000000000000, 1.000000000000000000 ) ) ;
#346 = ORIENTED_EDGE ( 'NONE', *, *, #430, .T. ) ;
#347 = B_SPLINE_CURVE_WITH_KNOTS ( 'NONE', 3,
 ( #2245, #2236, #243, #235 ),
 .UNSPECIFIED., .F., .F.,
 ( 4, 4 ),
 ( 0.000000000000000000, 1.000000000000000000 ),
 .UNSPECIFIED. ) ;
#348 = DIRECTION ( 'NONE',  ( 0.000000000000000000, -1.000000000000000000, 0.000000000000000000 ) ) ;
#349 = SURFACE_STYLE_USAGE ( .BOTH. , #1959 ) ;
#350 = EDGE_CURVE ( 'NONE', #658, #2141, #734, .T. ) ;
#351 = DIRECTION ( 'NONE',  ( 0.000000000000000000, 0.000000000000000000, -1.000000000000000000 ) ) ;
#352 = DIRECTION ( 'NONE',  ( -0.000000000000000000, 1.000000000000000000, 0.000000000000000000 ) ) ;
#353 = AXIS2_PLACEMENT_3D ( 'NONE', #52, #1294, #2191 ) ;
#354 = B_SPLINE_CURVE_WITH_KNOTS ( 'NONE', 3,
 ( #653, #286, #2230, #981 ),
 .UNSPECIFIED., .F., .F.,
 ( 4, 4 ),
 ( 0.000000000000000000, 0.8969696969696969724 ),
 .UNSPECIFIED. ) ;
#355 = EDGE_LOOP ( 'NONE', ( #1065, #678, #1440, #1094 ) ) ;
#356 = ORIENTED_EDGE ( 'NONE', *, *, #318, .T. ) ;
#357 = ORIENTED_EDGE ( 'NONE', *, *, #949, .T. ) ;
#358 = CARTESIAN_POINT ( 'NONE',  ( -0.9903333333333332877, 0.09800000000000000377, 0.000000000000000000 ) ) ;
#359 = FILL_AREA_STYLE ('',( #912 ) ) ;
#360 = CARTESIAN_POINT ( 'NONE',  ( -1.294999999999999929, 0.09800000000000000377, 0.4949999999999999956 ) ) ;
#361 = CARTESIAN_POINT ( 'NONE',  ( -1.294999999999999929, 0.3006666666666667487, 0.4949999999999999956 ) ) ;
#362 = ORIENTED_EDGE ( 'NONE', *, *, #1903, .T. ) ;
#363 = EDGE_CURVE ( 'NONE', #2026, #1948, #1741, .T. ) ;
#364 = PLANE ( 'NONE',  #1464 ) ;
#365 = UNCERTAINTY_MEASURE_WITH_UNIT (LENGTH_MEASURE( 1.000000000000000082E-05 ), #1483, 'distance_accuracy_value', 'NONE');
#366 = ORIENTED_EDGE ( 'NONE', *, *, #1966, .T. ) ;
#367 = ORIENTED_EDGE ( 'NONE', *, *, #157, .T. ) ;
#368 = CARTESIAN_POINT ( 'NONE',  ( -1.294999999999999929, 1.294999999999999929, 0.9909999999999998810 ) ) ;
#369 = EDGE_LOOP ( 'NONE', ( #1503, #120, #389, #1188 ) ) ;
#370 = CARTESIAN_POINT ( 'NONE',  ( -1.294999999999999929, -0.9020000000000000240, 0.000000000000000000 ) ) ;
#371 = DIRECTION ( 'NONE',  ( 1.000000000000000000, 0.000000000000000000, 0.000000000000000000 ) ) ;
#372 = EDGE_CURVE ( 'NONE', #294, #2026, #2045, .T. ) ;
#373 = SURFACE_SIDE_STYLE ('',( #1972 ) ) ;
#374 = CARTESIAN_POINT ( 'NONE',  ( 0.8379999999999999671, -0.09800000000000000377, 0.03400000000000000244 ) ) ;
#375 = EDGE_CURVE ( 'NONE', #744, #2273, #1512, .T. ) ;
#376 = ORIENTED_EDGE ( 'NONE', *, *, #863, .F. ) ;
#377 = DIRECTION ( 'NONE',  ( 1.000000000000000000, 0.000000000000000000, 0.000000000000000000 ) ) ;
#378 = B_SPLINE_CURVE_WITH_KNOTS ( 'NONE', 3,
 ( #2127, #4, #718, #677 ),
 .UNSPECIFIED., .F., .F.,
 ( 4, 4 ),
 ( 0.8969696969696969724, 1.000000000000000000 ),
 .UNSPECIFIED. ) ;
#379 = ORIENTED_EDGE ( 'NONE', *, *, #1383, .F. ) ;
#380 = SURFACE_SIDE_STYLE ('',( #1970 ) ) ;
#381 = B_SPLINE_CURVE_WITH_KNOTS ( 'NONE', 3,
 ( #709, #1244, #1055, #1445 ),
 .UNSPECIFIED., .F., .F.,
 ( 4, 4 ),
 ( 0.1030303030303029999, 1.000000000000000000 ),
 .UNSPECIFIED. ) ;
#382 = B_SPLINE_CURVE_WITH_KNOTS ( 'NONE', 3,
 ( #2137, #1064, #1775, #485 ),
 .UNSPECIFIED., .F., .F.,
 ( 4, 4 ),
 ( 0.000000000000000000, 1.000000000000000000 ),
 .UNSPECIFIED. ) ;
#383 = DIRECTION ( 'NONE',  ( 0.000000000000000000, -1.000000000000000000, 0.000000000000000000 ) ) ;
#384 = CARTESIAN_POINT ( 'NONE',  ( 1.294999999999999929, 0.09800000000000000377, 0.1989999999999999825 ) ) ;
#385 = DIRECTION ( 'NONE',  ( -1.000000000000000000, 0.000000000000000000, 0.000000000000000000 ) ) ;
#386 = CARTESIAN_POINT ( 'NONE',  ( 1.294999999999999929, -0.09800000000000000377, 0.4949999999999999956 ) ) ;
#387 = EDGE_CURVE ( 'NONE', #299, #77, #449, .T. ) ;
#388 = AXIS2_PLACEMENT_3D ( 'NONE', #875, #1912, #1380 ) ;
#389 = ORIENTED_EDGE ( 'NONE', *, *, #2239, .F. ) ;
#390 = DIRECTION ( 'NONE',  ( 0.000000000000000000, 1.000000000000000000, 0.000000000000000000 ) ) ;
#391 = EDGE_CURVE ( 'NONE', #885, #736, #1891, .T. ) ;
#392 = DIRECTION ( 'NONE',  ( 0.000000000000000000, 0.000000000000000000, 1.000000000000000000 ) ) ;
#393 = ORIENTED_EDGE ( 'NONE', *, *, #682, .F. ) ;
#394 = CARTESIAN_POINT ( 'NONE',  ( 0.5969999999999999751, 0.9520000000000000684, 0.05099999999999999672 ) ) ;
#395 = VECTOR ( 'NONE', #1318, 1000.000000000000000 ) ;
#396 = EDGE_LOOP ( 'NONE', ( #199, #630, #422, #1756 ) ) ;
#397 = SURFACE_STYLE_FILL_AREA ( #2271 ) ;
#398 = EDGE_CURVE ( 'NONE', #794, #1905, #2092, .T. ) ;
#399 = STYLED_ITEM ( 'NONE', ( #1608 ), #2114 ) ;
#400 = DIRECTION ( 'NONE',  ( 1.000000000000000000, 0.000000000000000000, 0.000000000000000000 ) ) ;
#401 = ORIENTED_EDGE ( 'NONE', *, *, #387, .T. ) ;
#402 = DIRECTION ( 'NONE',  ( -0.000000000000000000, 1.000000000000000000, 0.000000000000000000 ) ) ;
#403 = PLANE ( 'NONE',  #1142 ) ;
#404 = AXIS2_PLACEMENT_3D ( 'NONE', #1382, #624, #1929 ) ;
#405 = EDGE_CURVE ( 'NONE', #1053, #1021, #1831, .T. ) ;
#406 = CARTESIAN_POINT ( 'NONE',  ( 1.294999999999999929, 0.5979999999999999760, 0.4949999999999999956 ) ) ;
#407 = ORIENTED_EDGE ( 'NONE', *, *, #748, .F. ) ;
#408 = B_SPLINE_CURVE_WITH_KNOTS ( 'NONE', 3,
 ( #2248, #615, #1179, #1685 ),
 .UNSPECIFIED., .F., .F.,
 ( 4, 4 ),
 ( 0.000000000000000000, 1.000000000000000000 ),
 .UNSPECIFIED. ) ;
#409 = CARTESIAN_POINT ( 'NONE',  ( -1.294999968750000230, -0.09800000000000000377, 0.05099999999999999672 ) ) ;
#410 = CARTESIAN_POINT ( 'NONE',  ( -1.294999999999999929, 0.3006666666666667487, 0.000000000000000000 ) ) ;
#411 = CARTESIAN_POINT ( 'NONE',  ( 0.8379999999999999671, 0.09800000000000000377, 0.01700000000000000122 ) ) ;
#412 = CIRCLE ( 'NONE', #1722, 0.06477000000000002200 ) ;
#413 = DIRECTION ( 'NONE',  ( 0.000000000000000000, -1.000000000000000000, 0.000000000000000000 ) ) ;
#414 = SURFACE_SIDE_STYLE ('',( #758 ) ) ;
#415 = CARTESIAN_POINT ( 'NONE',  ( 1.294999999999999929, -0.5979999999999999760, 0.000000000000000000 ) ) ;
#416 = DIRECTION ( 'NONE',  ( 0.000000000000000000, 0.000000000000000000, 1.000000000000000000 ) ) ;
#417 = ORIENTED_EDGE ( 'NONE', *, *, #1355, .F. ) ;
#418 = EDGE_CURVE ( 'NONE', #1206, #2305, #208, .T. ) ;
#419 = CARTESIAN_POINT ( 'NONE',  ( -1.294999999999999929, 0.5979999999999999760, 0.05099999999999999672 ) ) ;
#420 = VERTEX_POINT ( 'NONE', #1045 ) ;
#421 = PRODUCT_CONTEXT ( 'NONE', #1641, 'mechanical' ) ;
#422 = ORIENTED_EDGE ( 'NONE', *, *, #1494, .F. ) ;
#423 = B_SPLINE_CURVE_WITH_KNOTS ( 'NONE', 3,
 ( #719, #542, #518, #314 ),
 .UNSPECIFIED., .F., .F.,
 ( 4, 4 ),
 ( 0.000000000000000000, 1.000000000000000000 ),
 .UNSPECIFIED. ) ;
#424 = CARTESIAN_POINT ( 'NONE',  ( 0.8379999999999999671, -0.5979999999999999760, 0.000000000000000000 ) ) ;
#425 = MECHANICAL_DESIGN_GEOMETRIC_PRESENTATION_REPRESENTATION (  '', ( #1401 ), #855 ) ;
#426 = FACE_OUTER_BOUND ( 'NONE', #1151, .T. ) ;
#427 = DIRECTION ( 'NONE',  ( 0.000000000000000000, -1.000000000000000000, 0.000000000000000000 ) ) ;
#428 = CARTESIAN_POINT ( 'NONE',  ( 1.294999999999999929, -0.5979999999999999760, 0.03400000000000000244 ) ) ;
#429 = AXIS2_PLACEMENT_3D ( 'NONE', #1138, #1523, #1004 ) ;
#430 = EDGE_CURVE ( 'NONE', #100, #598, #1568, .T. ) ;
#431 = DIRECTION ( 'NONE',  ( -1.000000000000000000, 0.000000000000000000, 0.000000000000000000 ) ) ;
#432 = AXIS2_PLACEMENT_3D ( 'NONE', #1420, #565, #222 ) ;
#433 = ORIENTED_EDGE ( 'NONE', *, *, #215, .T. ) ;
#434 =( NAMED_UNIT ( * ) SI_UNIT ( $, .STERADIAN. ) SOLID_ANGLE_UNIT ( ) );
#435 = CARTESIAN_POINT ( 'NONE',  ( 1.294999999999999929, 0.09800000000000000377, 0.05099999999999999672 ) ) ;
#436 = CARTESIAN_POINT ( 'NONE',  ( 1.294999999999999929, 0.09800000000000000377, 0.3469999999999999751 ) ) ;
#437 = CARTESIAN_POINT ( 'NONE',  ( 1.294999999999999929, -0.4020000000000000240, 0.000000000000000000 ) ) ;
#438 = DIRECTION ( 'NONE',  ( 0.000000000000000000, 0.000000000000000000, 1.000000000000000000 ) ) ;
#439 = ADVANCED_FACE ( 'NONE', ( #1520 ), #2016, .T. ) ;
#440 = CARTESIAN_POINT ( 'NONE',  ( -0.8379999999999999671, -0.8006666666666666377, 0.000000000000000000 ) ) ;
#441 = CARTESIAN_POINT ( 'NONE',  ( 1.294999999999999929, 0.6993333333333333623, 0.4949999999999999956 ) ) ;
#442 = CARTESIAN_POINT ( 'NONE',  ( -0.8379999999999999671, -0.09800000000000000377, 0.000000000000000000 ) ) ;
#443 = EDGE_CURVE ( 'NONE', #2273, #1356, #612, .T. ) ;
#444 = ORIENTED_EDGE ( 'NONE', *, *, #1057, .F. ) ;
#445 = CARTESIAN_POINT ( 'NONE',  ( 0.000000000000000000, 0.000000000000000000, 0.7909999999999991482 ) ) ;
#446 = CARTESIAN_POINT ( 'NONE',  ( 1.294999999999999929, -0.5979999999999999760, 0.000000000000000000 ) ) ;
#447 = FACE_OUTER_BOUND ( 'NONE', #874, .T. ) ;
#448 = DIRECTION ( 'NONE',  ( 0.000000000000000000, 0.000000000000000000, -1.000000000000000000 ) ) ;
#449 = LINE ( 'NONE', #106, #706 ) ;
#450 = CARTESIAN_POINT ( 'NONE',  ( 1.294999999999999929, -0.9020000000000000240, 0.4949999999999999956 ) ) ;
#451 = ORIENTED_EDGE ( 'NONE', *, *, #313, .T. ) ;
#452 = PLANE ( 'NONE',  #1634 ) ;
#453 = ORIENTED_EDGE ( 'NONE', *, *, #892, .F. ) ;
#454 = CARTESIAN_POINT ( 'NONE',  ( -0.8379999999999999671, -0.9020000000000000240, 0.03400000000000000244 ) ) ;
#455 = ORIENTED_EDGE ( 'NONE', *, *, #131, .F. ) ;
#456 = DIRECTION ( 'NONE',  ( 0.000000000000000000, 0.000000000000000000, 1.000000000000000000 ) ) ;
#457 = APPLICATION_CONTEXT ( 'automotive_design' ) ;
#458 = TOROIDAL_SURFACE ( 'NONE', #1366, 0.4420982126971167436, 0.1000000000000000056 ) ;
#459 = DIRECTION ( 'NONE',  ( 0.000000000000000000, 0.000000000000000000, -1.000000000000000000 ) ) ;
#460 = EDGE_CURVE ( 'NONE', #1923, #2291, #2179, .T. ) ;
#461 = CARTESIAN_POINT ( 'NONE',  ( -1.294999999999999929, 0.1993333333333333068, 0.05099999999999999672 ) ) ;
#462 = ORIENTED_EDGE ( 'NONE', *, *, #10, .T. ) ;
#463 = CARTESIAN_POINT ( 'NONE',  ( -1.294999999999999929, -0.1993333333333332513, 0.4949999999999999956 ) ) ;
#464 = EDGE_CURVE ( 'NONE', #598, #498, #1991, .T. ) ;
#465 = ORIENTED_EDGE ( 'NONE', *, *, #2296, .T. ) ;
#466 =( LENGTH_UNIT ( ) NAMED_UNIT ( * ) SI_UNIT ( .MILLI., .METRE. ) );
#467 = CARTESIAN_POINT ( 'NONE',  ( 1.142666666666666719, -0.5979999999999999760, 0.000000000000000000 ) ) ;
#468 = ORIENTED_EDGE ( 'NONE', *, *, #629, .F. ) ;
#469 = CARTESIAN_POINT ( 'NONE',  ( -1.294999999999999929, 0.09800000000000000377, 0.05099999999999999672 ) ) ;
#470 = CARTESIAN_POINT ( 'NONE',  ( 1.294999999999999929, -1.294999999999999929, 0.9909999999999998810 ) ) ;
#471 = EDGE_CURVE ( 'NONE', #1385, #577, #1204, .T. ) ;
#472 = CARTESIAN_POINT ( 'NONE',  ( 0.8379999999999999671, -0.4020000000000000240, 0.05099999999999999672 ) ) ;
#473 = ORIENTED_EDGE ( 'NONE', *, *, #1586, .T. ) ;
#474 = VERTEX_POINT ( 'NONE', #304 ) ;
#475 = DIRECTION ( 'NONE',  ( 0.000000000000000000, -1.000000000000000000, 0.000000000000000000 ) ) ;
#476 = ORIENTED_EDGE ( 'NONE', *, *, #1305, .F. ) ;
#477 = ORIENTED_EDGE ( 'NONE', *, *, #2185, .T. ) ;
#478 = CARTESIAN_POINT ( 'NONE',  ( -1.294999999999999929, 0.5979999999999999760, 0.05099999999999999672 ) ) ;
#479 = DIRECTION ( 'NONE',  ( 0.000000000000000000, 0.000000000000000000, -1.000000000000000000 ) ) ;
#480 = PLANE ( 'NONE',  #388 ) ;
#481 = CARTESIAN_POINT ( 'NONE',  ( -1.294999999999999929, -0.4020000000000000240, 0.000000000000000000 ) ) ;
#482 = CARTESIAN_POINT ( 'NONE',  ( 0.5969999999999999751, 0.9520000000000000684, 0.05099999999999999672 ) ) ;
#483 = VECTOR ( 'NONE', #261, 1000.000000000000000 ) ;
#484 = EDGE_CURVE ( 'NONE', #1613, #1049, #1028, .T. ) ;
#485 = CARTESIAN_POINT ( 'NONE',  ( 0.8379999999999999671, -0.5979999999999999760, 0.05099999999999999672 ) ) ;
#486 = ORIENTED_EDGE ( 'NONE', *, *, #122, .F. ) ;
#487 = EDGE_LOOP ( 'NONE', ( #1180, #2126, #1444, #867 ) ) ;
#488 = EDGE_CURVE ( 'NONE', #1684, #868, #574, .T. ) ;
#489 = B_SPLINE_CURVE_WITH_KNOTS ( 'NONE', 3,
 ( #2316, #43, #561, #409 ),
 .UNSPECIFIED., .F., .F.,
 ( 4, 4 ),
 ( 0.000000000000000000, 1.000000000000000000 ),
 .UNSPECIFIED. ) ;
#490 = ORIENTED_EDGE ( 'NONE', *, *, #430, .F. ) ;
#491 = ORIENTED_EDGE ( 'NONE', *, *, #753, .F. ) ;
#492 = CARTESIAN_POINT ( 'NONE',  ( 1.294999999999999929, -0.09800000000000000377, 0.05099999999999999672 ) ) ;
#493 = LINE ( 'NONE', #1926, #305 ) ;
#494 = ORIENTED_EDGE ( 'NONE', *, *, #1057, .T. ) ;
#495 = CARTESIAN_POINT ( 'NONE',  ( -0.8379999999999999671, -0.5979999999999999760, 0.000000000000000000 ) ) ;
#496 = DIRECTION ( 'NONE',  ( 0.000000000000000000, 0.000000000000000000, 1.000000000000000000 ) ) ;
#497 = ADVANCED_FACE ( 'NONE', ( #2294 ), #1971, .T. ) ;
#498 = VERTEX_POINT ( 'NONE', #1081 ) ;
#499 = VECTOR ( 'NONE', #1919, 1000.000000000000000 ) ;
#500 = MANIFOLD_SOLID_BREP ( 'SHT3x-DIS_SEN.step[6]', #1435 ) ;
#501 = CARTESIAN_POINT ( 'NONE',  ( -0.8379999999999999671, -0.09800000000000000377, 0.000000000000000000 ) ) ;
#502 = ORIENTED_EDGE ( 'NONE', *, *, #716, .F. ) ;
#503 = CARTESIAN_POINT ( 'NONE',  ( 1.294999968750000230, -0.9020000000000000240, 0.05099999999999999672 ) ) ;
#504 = ORIENTED_EDGE ( 'NONE', *, *, #1723, .F. ) ;
#505 = EDGE_CURVE ( 'NONE', #533, #817, #1113, .T. ) ;
#506 = LINE ( 'NONE', #154, #104 ) ;
#507 = PLANE ( 'NONE',  #1636 ) ;
#508 = ORIENTED_EDGE ( 'NONE', *, *, #2025, .F. ) ;
#509 = CARTESIAN_POINT ( 'NONE',  ( 1.294999968750000230, -0.9020000000000000240, 0.05099999999999999672 ) ) ;
#510 = CARTESIAN_POINT ( 'NONE',  ( 1.294999999999999929, 0.1993333333333332513, 0.000000000000000000 ) ) ;
#511 = CARTESIAN_POINT ( 'NONE',  ( -1.294999999999999929, 0.4020000000000000240, 0.000000000000000000 ) ) ;
#512 =( GEOMETRIC_REPRESENTATION_CONTEXT ( 3 ) GLOBAL_UNCERTAINTY_ASSIGNED_CONTEXT ( ( #17 ) ) GLOBAL_UNIT_ASSIGNED_CONTEXT ( ( #1790, #898, #1415 ) ) REPRESENTATION_CONTEXT ( 'NONE', 'WORKASPACE' ) );
#513 = CARTESIAN_POINT ( 'NONE',  ( -1.294999999999999929, 0.09800000000000000377, 0.1989999999999999825 ) ) ;
#514 = CARTESIAN_POINT ( 'NONE',  ( 1.142666666666666719, 0.4020000000000000240, 0.000000000000000000 ) ) ;
#515 = ORIENTED_EDGE ( 'NONE', *, *, #1922, .F. ) ;
#516 = CARTESIAN_POINT ( 'NONE',  ( 1.294999999999999929, -0.9020000000000000240, 0.1989999999999999825 ) ) ;
#517 = VECTOR ( 'NONE', #670, 1000.000000000000000 ) ;
#518 = CARTESIAN_POINT ( 'NONE',  ( 1.294999999999999929, -0.8006666666666666377, 0.4949999999999999956 ) ) ;
#519 = ORIENTED_EDGE ( 'NONE', *, *, #289, .T. ) ;
#520 = EDGE_LOOP ( 'NONE', ( #444, #1617, #1101, #1783 ) ) ;
#521 = PLANE ( 'NONE',  #1105 ) ;
#522 = ADVANCED_FACE ( 'NONE', ( #1624 ), #1773, .T. ) ;
#523 = CARTESIAN_POINT ( 'NONE',  ( -1.294999999999999929, -0.6993333333333333623, 0.000000000000000000 ) ) ;
#524 = CARTESIAN_POINT ( 'NONE',  ( -1.294999999999999929, 0.09800000000000000377, 0.05099999999999999672 ) ) ;
#525 = FACE_OUTER_BOUND ( 'NONE', #1125, .T. ) ;
#526 = CARTESIAN_POINT ( 'NONE',  ( 0.8379999999999999671, -0.3006666666666666377, 0.05099999999999999672 ) ) ;
#527 = CARTESIAN_POINT ( 'NONE',  ( -1.294999999999999929, -0.9020000000000000240, 0.05099999999999999672 ) ) ;
#528 = CARTESIAN_POINT ( 'NONE',  ( -1.294999999999999929, -0.4020000000000000240, 0.05099999999999999672 ) ) ;
#529 = VERTEX_POINT ( 'NONE', #1597 ) ;
#530 = ORIENTED_EDGE ( 'NONE', *, *, #1432, .F. ) ;
#531 = ORIENTED_EDGE ( 'NONE', *, *, #1329, .F. ) ;
#532 = CARTESIAN_POINT ( 'NONE',  ( 1.294999999999999929, 0.4020000000000000240, 0.000000000000000000 ) ) ;
#533 = VERTEX_POINT ( 'NONE', #549 ) ;
#534 =( NAMED_UNIT ( * ) SI_UNIT ( $, .STERADIAN. ) SOLID_ANGLE_UNIT ( ) );
#535 = EDGE_CURVE ( 'NONE', #882, #1888, #2231, .T. ) ;
#536 = MANIFOLD_SOLID_BREP ( 'SHT3x-DIS_SEN.step[8]', #714 ) ;
#537 = DIRECTION ( 'NONE',  ( 0.000000000000000000, 0.000000000000000000, 1.000000000000000000 ) ) ;
#538 = CARTESIAN_POINT ( 'NONE',  ( -0.8379999999999999671, -0.5979999999999999760, 0.000000000000000000 ) ) ;
#539 = ORIENTED_EDGE ( 'NONE', *, *, #1149, .F. ) ;
#540 = B_SPLINE_CURVE_WITH_KNOTS ( 'NONE', 3,
 ( #495, #335, #1772, #290 ),
 .UNSPECIFIED., .F., .F.,
 ( 4, 4 ),
 ( 0.000000000000000000, 1.000000000000000000 ),
 .UNSPECIFIED. ) ;
#541 = VECTOR ( 'NONE', #586, 1000.000000000000000 ) ;
#542 = CARTESIAN_POINT ( 'NONE',  ( 1.294999999999999929, -0.6993333333333333623, 0.4949999999999999956 ) ) ;
#543 = VERTEX_POINT ( 'NONE', #234 ) ;
#544 = VERTEX_POINT ( 'NONE', #1099 ) ;
#545 = ADVANCED_FACE ( 'NONE', ( #607 ), #1270, .T. ) ;
#546 = FACE_OUTER_BOUND ( 'NONE', #896, .T. ) ;
#547 = ORIENTED_EDGE ( 'NONE', *, *, #937, .T. ) ;
#548 = CARTESIAN_POINT ( 'NONE',  ( 1.294999999999999929, 0.5979999999999999760, 0.05099999999999999672 ) ) ;
#549 = CARTESIAN_POINT ( 'NONE',  ( 1.294999999999999929, 0.09800000000000000377, 0.000000000000000000 ) ) ;
#550 = AXIS2_PLACEMENT_3D ( 'NONE', #663, #2267, #894 ) ;
#551 = CARTESIAN_POINT ( 'NONE',  ( 0.8379999999999999671, 0.5979999999999999760, 0.000000000000000000 ) ) ;
#552 = CARTESIAN_POINT ( 'NONE',  ( -0.8379999999999999671, 0.9020000000000000240, 0.03400000000000000244 ) ) ;
#553 = ADVANCED_FACE ( 'NONE', ( #2030 ), #1465, .T. ) ;
#554 = ORIENTED_EDGE ( 'NONE', *, *, #892, .T. ) ;
#555 = DIRECTION ( 'NONE',  ( 0.000000000000000000, 1.000000000000000000, 0.000000000000000000 ) ) ;
#556 = ORIENTED_EDGE ( 'NONE', *, *, #1316, .T. ) ;
#557 =( LENGTH_UNIT ( ) NAMED_UNIT ( * ) SI_UNIT ( .MILLI., .METRE. ) );
#558 = DIRECTION ( 'NONE',  ( -1.000000000000000000, 0.000000000000000000, 0.000000000000000000 ) ) ;
#559 = CARTESIAN_POINT ( 'NONE',  ( -0.5969999999999999751, -0.9520000000000000684, 0.05099999999999999672 ) ) ;
#560 = ADVANCED_FACE ( 'NONE', ( #1303 ), #1325, .T. ) ;
#561 = CARTESIAN_POINT ( 'NONE',  ( -1.142666666666666719, -0.09800000000000000377, 0.05099999999999999672 ) ) ;
#562 = ADVANCED_FACE ( 'NONE', ( #1112 ), #241, .T. ) ;
#563 = CARTESIAN_POINT ( 'NONE',  ( 1.294999999999999929, 0.9020000000000000240, 0.05099999999999999672 ) ) ;
#564 = MANIFOLD_SOLID_BREP ( 'SHT3x-DIS_SEN.step[3]', #1623 ) ;
#565 = DIRECTION ( 'NONE',  ( 0.000000000000000000, 0.000000000000000000, 1.000000000000000000 ) ) ;
#566 = CARTESIAN_POINT ( 'NONE',  ( 0.3601830082682175860, 0.000000000000000000, 0.9483576436351043304 ) ) ;
#567 = DIRECTION ( 'NONE',  ( 0.000000000000000000, 0.000000000000000000, 1.000000000000000000 ) ) ;
#568 = VERTEX_POINT ( 'NONE', #953 ) ;
#569 = EDGE_CURVE ( 'NONE', #1888, #529, #1950, .T. ) ;
#570 = LINE ( 'NONE', #1273, #685 ) ;
#571 = CARTESIAN_POINT ( 'NONE',  ( -1.100770000000000026, 0.7500000000000000000, 0.9909999999999998810 ) ) ;
#572 = PRODUCT_DEFINITION_CONTEXT ( 'detailed design', #457, 'design' ) ;
#573 = VECTOR ( 'NONE', #1451, 1000.000000000000000 ) ;
#574 = B_SPLINE_CURVE_WITH_KNOTS ( 'NONE', 3,
 ( #902, #727, #1436, #1633 ),
 .UNSPECIFIED., .F., .F.,
 ( 4, 4 ),
 ( 0.000000000000000000, 1.000000000000000000 ),
 .UNSPECIFIED. ) ;
#575 = DIRECTION ( 'NONE',  ( 0.000000000000000000, 0.000000000000000000, 1.000000000000000000 ) ) ;
#576 = EDGE_CURVE ( 'NONE', #721, #202, #2086, .T. ) ;
#577 = VERTEX_POINT ( 'NONE', #566 ) ;
#578 = CARTESIAN_POINT ( 'NONE',  ( 0.5969999999999999751, 0.9520000000000000684, 0.000000000000000000 ) ) ;
#579 = LINE ( 'NONE', #2209, #541 ) ;
#580 = CARTESIAN_POINT ( 'NONE',  ( -1.294999999999999929, -0.09800000000000000377, 0.000000000000000000 ) ) ;
#581 = CARTESIAN_POINT ( 'NONE',  ( 0.000000000000000000, 0.000000000000000000, 0.9483576436351043304 ) ) ;
#582 = EDGE_LOOP ( 'NONE', ( #2252, #1137, #310, #344 ) ) ;
#583 = DIRECTION ( 'NONE',  ( 1.000000000000000000, 0.000000000000000000, 0.000000000000000000 ) ) ;
#584 = DIRECTION ( 'NONE',  ( 1.000000000000000000, 0.000000000000000000, 0.000000000000000000 ) ) ;
#585 = EDGE_CURVE ( 'NONE', #736, #474, #579, .T. ) ;
#586 = DIRECTION ( 'NONE',  ( -1.000000000000000000, 0.000000000000000000, 0.000000000000000000 ) ) ;
#587 = CARTESIAN_POINT ( 'NONE',  ( -1.142666666666666719, 0.5979999999999999760, 0.000000000000000000 ) ) ;
#588 = DIRECTION ( 'NONE',  ( -1.000000000000000000, 0.000000000000000000, 0.000000000000000000 ) ) ;
#589 = ORIENTED_EDGE ( 'NONE', *, *, #990, .F. ) ;
#590 = B_SPLINE_CURVE_WITH_KNOTS ( 'NONE', 3,
 ( #2031, #1674, #1327, #1044 ),
 .UNSPECIFIED., .F., .F.,
 ( 4, 4 ),
 ( 0.000000000000000000, 1.000000000000000000 ),
 .UNSPECIFIED. ) ;
#591 = UNCERTAINTY_MEASURE_WITH_UNIT (LENGTH_MEASURE( 1.000000000000000082E-05 ), #466, 'distance_accuracy_value', 'NONE');
#592 = CARTESIAN_POINT ( 'NONE',  ( 1.294999999999999929, -0.09800000000000000377, 0.05099999999999999672 ) ) ;
#593 = DIRECTION ( 'NONE',  ( 1.000000000000000000, 0.000000000000000000, 0.000000000000000000 ) ) ;
#594 = CARTESIAN_POINT ( 'NONE',  ( 1.294999999999999929, -0.09800000000000000377, 0.000000000000000000 ) ) ;
#595 = B_SPLINE_CURVE_WITH_KNOTS ( 'NONE', 3,
 ( #2004, #1797, #552, #1817 ),
 .UNSPECIFIED., .F., .F.,
 ( 4, 4 ),
 ( 0.000000000000000000, 1.000000000000000000 ),
 .UNSPECIFIED. ) ;
#596 = CARTESIAN_POINT ( 'NONE',  ( 1.294999999999999929, -0.09800000000000000377, 0.05099999999999999672 ) ) ;
#597 = CARTESIAN_POINT ( 'NONE',  ( -1.294999999999999929, -1.294999999999999929, 0.9909999999999998810 ) ) ;
#598 = VERTEX_POINT ( 'NONE', #1290 ) ;
#599 = B_SPLINE_CURVE_WITH_KNOTS ( 'NONE', 3,
 ( #1677, #780, #2215, #2037 ),
 .UNSPECIFIED., .F., .F.,
 ( 4, 4 ),
 ( 0.000000000000000000, 1.000000000000000000 ),
 .UNSPECIFIED. ) ;
#600 = ADVANCED_FACE ( 'NONE', ( #1315 ), #2013, .T. ) ;
#601 = ORIENTED_EDGE ( 'NONE', *, *, #781, .F. ) ;
#602 = PLANE ( 'NONE',  #604 ) ;
#603 = ORIENTED_EDGE ( 'NONE', *, *, #937, .F. ) ;
#604 = AXIS2_PLACEMENT_3D ( 'NONE', #2217, #431, #1883 ) ;
#605 = ORIENTED_EDGE ( 'NONE', *, *, #1874, .T. ) ;
#606 = CARTESIAN_POINT ( 'NONE',  ( 0.8379999999999999671, 0.4020000000000000240, 0.05099999999999999672 ) ) ;
#607 = FACE_OUTER_BOUND ( 'NONE', #520, .T. ) ;
#608 = VECTOR ( 'NONE', #448, 1000.000000000000000 ) ;
#609 = AXIS2_PLACEMENT_3D ( 'NONE', #1594, #1257, #1229 ) ;
#610 = DIRECTION ( 'NONE',  ( 0.000000000000000000, 1.000000000000000000, 0.000000000000000000 ) ) ;
#611 = DIRECTION ( 'NONE',  ( 0.000000000000000000, 0.000000000000000000, 1.000000000000000000 ) ) ;
#612 = B_SPLINE_CURVE_WITH_KNOTS ( 'NONE', 3,
 ( #146, #115, #827, #2237 ),
 .UNSPECIFIED., .F., .F.,
 ( 4, 4 ),
 ( 0.000000000000000000, 1.000000000000000000 ),
 .UNSPECIFIED. ) ;
#613 = ADVANCED_FACE ( 'NONE', ( #932 ), #403, .T. ) ;
#614 = EDGE_LOOP ( 'NONE', ( #1689, #346, #417, #1558 ) ) ;
#615 = CARTESIAN_POINT ( 'NONE',  ( -0.9903333333333332877, -0.4020000000000000240, 0.05099999999999999672 ) ) ;
#616 = CARTESIAN_POINT ( 'NONE',  ( 1.294999999999999929, 0.8006666666666666377, 0.4949999999999999956 ) ) ;
#617 = B_SPLINE_CURVE_WITH_KNOTS ( 'NONE', 3,
 ( #1576, #1925, #1712, #478 ),
 .UNSPECIFIED., .F., .F.,
 ( 4, 4 ),
 ( 0.000000000000000000, 1.000000000000000000 ),
 .UNSPECIFIED. ) ;
#618 = CARTESIAN_POINT ( 'NONE',  ( 0.8379999999999999671, 0.8006666666666666377, 0.05099999999999999672 ) ) ;
#619 = ORIENTED_EDGE ( 'NONE', *, *, #33, .T. ) ;
#620 = CARTESIAN_POINT ( 'NONE',  ( 1.294999999999999929, 0.9020000000000000240, 0.01700000000000000122 ) ) ;
#621 = CARTESIAN_POINT ( 'NONE',  ( -0.8379999999999999671, -0.09800000000000000377, 0.05099999999999999672 ) ) ;
#622 = PLANE ( 'NONE',  #763 ) ;
#623 = CARTESIAN_POINT ( 'NONE',  ( -1.294999999999999929, -0.9020000000000000240, 0.05099999999999999672 ) ) ;
#624 = DIRECTION ( 'NONE',  ( 1.224646799147353207E-16, 1.000000000000000000, -0.000000000000000000 ) ) ;
#625 = CARTESIAN_POINT ( 'NONE',  ( 1.294999999999999929, 0.9020000000000000240, 0.4949999999999999956 ) ) ;
#626 = PRESENTATION_LAYER_ASSIGNMENT (  '', '', ( #1352 ) ) ;
#627 = CARTESIAN_POINT ( 'NONE',  ( -1.294999999999999929, -0.9020000000000000240, 0.000000000000000000 ) ) ;
#628 = B_SPLINE_CURVE_WITH_KNOTS ( 'NONE', 3,
 ( #1770, #2306, #698, #1417 ),
 .UNSPECIFIED., .F., .F.,
 ( 4, 4 ),
 ( 0.000000000000000000, 1.000000000000000000 ),
 .UNSPECIFIED. ) ;
#629 = EDGE_CURVE ( 'NONE', #7, #1297, #888, .T. ) ;
#630 = ORIENTED_EDGE ( 'NONE', *, *, #1931, .F. ) ;
#631 = PLANE ( 'NONE',  #1707 ) ;
#632 = EDGE_LOOP ( 'NONE', ( #1968, #1777, #1411, #843 ) ) ;
#633 = PLANE ( 'NONE',  #2258 ) ;
#634 = CARTESIAN_POINT ( 'NONE',  ( -1.294999999999999929, 0.4020000000000000240, 0.000000000000000000 ) ) ;
#635 = DIRECTION ( 'NONE',  ( 1.000000000000000000, 0.000000000000000000, 0.000000000000000000 ) ) ;
#636 = CARTESIAN_POINT ( 'NONE',  ( 0.8379999999999999671, -0.9020000000000000240, 0.05099999999999999672 ) ) ;
#637 = COLOUR_RGB ( '',0.7215686274509803821, 0.7215686274509803821, 0.7215686274509803821 ) ;
#638 = EDGE_CURVE ( 'NONE', #1943, #681, #1286, .T. ) ;
#639 = FILL_AREA_STYLE ('',( #1353 ) ) ;
#640 = CARTESIAN_POINT ( 'NONE',  ( 0.8379999999999999671, -0.9020000000000000240, 0.000000000000000000 ) ) ;
#641 = ORIENTED_EDGE ( 'NONE', *, *, #2103, .F. ) ;
#642 = ORIENTED_EDGE ( 'NONE', *, *, #638, .T. ) ;
#643 = CARTESIAN_POINT ( 'NONE',  ( 0.000000000000000000, 0.000000000000000000, 0.9909999999999998810 ) ) ;
#644 = DIRECTION ( 'NONE',  ( 1.000000000000000000, 0.000000000000000000, 0.000000000000000000 ) ) ;
#645 = EDGE_CURVE ( 'NONE', #2129, #2118, #1140, .T. ) ;
#646 = PRESENTATION_LAYER_ASSIGNMENT (  '', '', ( #1292 ) ) ;
#647 = CARTESIAN_POINT ( 'NONE',  ( -0.9712300000000000377, 0.7500000000000000000, 0.9929999999999999938 ) ) ;
#648 = B_SPLINE_CURVE_WITH_KNOTS ( 'NONE', 3,
 ( #1565, #2104, #2119, #509 ),
 .UNSPECIFIED., .F., .F.,
 ( 4, 4 ),
 ( 0.000000000000000000, 1.000000000000000000 ),
 .UNSPECIFIED. ) ;
#649 = CARTESIAN_POINT ( 'NONE',  ( -1.294999999999999929, 0.9020000000000000240, 0.000000000000000000 ) ) ;
#650 = CARTESIAN_POINT ( 'NONE',  ( 0.8379999999999999671, -0.09800000000000000377, 0.05099999999999999672 ) ) ;
#651 = PRODUCT_DEFINITION_SHAPE ( 'NONE', 'NONE',  #1628 ) ;
#652 = FILL_AREA_STYLE_COLOUR ( '', #956 ) ;
#653 = CARTESIAN_POINT ( 'NONE',  ( 1.294999999999999929, -0.4020000000000000240, 0.4949999999999999956 ) ) ;
#654 = STYLED_ITEM ( 'NONE', ( #1859 ), #1326 ) ;
#655 = EDGE_LOOP ( 'NONE', ( #165, #2132, #292, #1571 ) ) ;
#656 = ORIENTED_EDGE ( 'NONE', *, *, #363, .F. ) ;
#657 = CARTESIAN_POINT ( 'NONE',  ( 0.8379999999999999671, -0.5979999999999999760, 0.000000000000000000 ) ) ;
#658 = VERTEX_POINT ( 'NONE', #1012 ) ;
#659 = EDGE_CURVE ( 'NONE', #1049, #2197, #1312, .T. ) ;
#660 = FACE_OUTER_BOUND ( 'NONE', #853, .T. ) ;
#661 = CARTESIAN_POINT ( 'NONE',  ( -1.294999968750000230, -0.09800000000000000377, 0.05099999999999999672 ) ) ;
#662 = CARTESIAN_POINT ( 'NONE',  ( 0.5969999999999999751, -0.9520000000000000684, 0.000000000000000000 ) ) ;
#663 = CARTESIAN_POINT ( 'NONE',  ( -0.8379999999999999671, 0.5979999999999999760, 0.000000000000000000 ) ) ;
#664 = VERTEX_POINT ( 'NONE', #2233 ) ;
#665 = CARTESIAN_POINT ( 'NONE',  ( -1.294999968750000230, -0.5979999999999999760, 0.05099999999999999672 ) ) ;
#666 = FILL_AREA_STYLE ('',( #1025 ) ) ;
#667 = ORIENTED_EDGE ( 'NONE', *, *, #776, .T. ) ;
#668 = FACE_OUTER_BOUND ( 'NONE', #324, .T. ) ;
#669 = CARTESIAN_POINT ( 'NONE',  ( -0.9903333333333332877, -0.9020000000000000240, 0.05099999999999999672 ) ) ;
#670 = DIRECTION ( 'NONE',  ( 0.000000000000000000, 1.000000000000000000, 0.000000000000000000 ) ) ;
#671 = PRESENTATION_LAYER_ASSIGNMENT (  '', '', ( #1165 ) ) ;
#672 = DIRECTION ( 'NONE',  ( 0.000000000000000000, 0.000000000000000000, 1.000000000000000000 ) ) ;
#673 = DIRECTION ( 'NONE',  ( 0.000000000000000000, -1.000000000000000000, 0.000000000000000000 ) ) ;
#674 = EDGE_CURVE ( 'NONE', #533, #2214, #325, .T. ) ;
#675 = ORIENTED_EDGE ( 'NONE', *, *, #1715, .F. ) ;
#676 = B_SPLINE_CURVE_WITH_KNOTS ( 'NONE', 3,
 ( #2019, #1130, #1324, #1164 ),
 .UNSPECIFIED., .F., .F.,
 ( 4, 4 ),
 ( 0.000000000000000000, 1.000000000000000000 ),
 .UNSPECIFIED. ) ;
#677 = CARTESIAN_POINT ( 'NONE',  ( -1.294999999999999929, 0.4020000000000000240, 0.000000000000000000 ) ) ;
#678 = ORIENTED_EDGE ( 'NONE', *, *, #1874, .F. ) ;
#679 =( NAMED_UNIT ( * ) SI_UNIT ( $, .STERADIAN. ) SOLID_ANGLE_UNIT ( ) );
#680 = PLANE ( 'NONE',  #1333 ) ;
#681 = VERTEX_POINT ( 'NONE', #1875 ) ;
#682 = EDGE_CURVE ( 'NONE', #1297, #533, #264, .T. ) ;
#683 = CARTESIAN_POINT ( 'NONE',  ( -1.294999999999999929, -1.294999999999999929, 0.05099999999999999672 ) ) ;
#684 = CARTESIAN_POINT ( 'NONE',  ( 1.294999999999999929, 0.09800000000000000377, 0.000000000000000000 ) ) ;
#685 = VECTOR ( 'NONE', #1282, 1000.000000000000000 ) ;
#686 = CARTESIAN_POINT ( 'NONE',  ( 1.294999999999999929, 1.294999999999999929, 0.9909999999999998810 ) ) ;
#687 = B_SPLINE_CURVE_WITH_KNOTS ( 'NONE', 3,
 ( #2181, #1829, #1639, #1116 ),
 .UNSPECIFIED., .F., .F.,
 ( 4, 4 ),
 ( 0.000000000000000000, 1.000000000000000000 ),
 .UNSPECIFIED. ) ;
#688 = CARTESIAN_POINT ( 'NONE',  ( -1.294999999999999929, 0.6993333333333333623, 0.000000000000000000 ) ) ;
#689 = CARTESIAN_POINT ( 'NONE',  ( 1.294999999999999929, 0.4020000000000000240, 0.000000000000000000 ) ) ;
#690 = AXIS2_PLACEMENT_3D ( 'NONE', #105, #1694, #427 ) ;
#691 = ORIENTED_EDGE ( 'NONE', *, *, #1149, .T. ) ;
#692 = ORIENTED_EDGE ( 'NONE', *, *, #175, .F. ) ;
#693 = ADVANCED_FACE ( 'NONE', ( #270 ), #798, .T. ) ;
#694 = CARTESIAN_POINT ( 'NONE',  ( -1.294999999999999929, -0.5979999999999999760, 0.000000000000000000 ) ) ;
#695 = ORIENTED_EDGE ( 'NONE', *, *, #1392, .F. ) ;
#696 = EDGE_LOOP ( 'NONE', ( #675, #845, #1892, #601 ) ) ;
#697 = EDGE_LOOP ( 'NONE', ( #886, #187, #1559, #218 ) ) ;
#698 = CARTESIAN_POINT ( 'NONE',  ( 0.8379999999999999671, -0.3006666666666666377, 0.000000000000000000 ) ) ;
#699 = VERTEX_POINT ( 'NONE', #1867 ) ;
#700 = AXIS2_PLACEMENT_3D ( 'NONE', #2238, #762, #2195 ) ;
#701 = ORIENTED_EDGE ( 'NONE', *, *, #1715, .T. ) ;
#702 = CARTESIAN_POINT ( 'NONE',  ( -1.294999999999999929, 0.9020000000000000240, 0.01700000000000000122 ) ) ;
#703 = CARTESIAN_POINT ( 'NONE',  ( 0.8379999999999999671, -0.09800000000000000377, 0.05099999999999999672 ) ) ;
#704 = VERTEX_POINT ( 'NONE', #1562 ) ;
#705 = CARTESIAN_POINT ( 'NONE',  ( -1.294999968750000230, -0.09800000000000000377, 0.05099999999999999672 ) ) ;
#706 = VECTOR ( 'NONE', #802, 1000.000000000000000 ) ;
#707 = ORIENTED_EDGE ( 'NONE', *, *, #1839, .F. ) ;
#708 = VERTEX_POINT ( 'NONE', #846 ) ;
#709 = CARTESIAN_POINT ( 'NONE',  ( 1.294999999999999929, 0.4020000000000000240, 0.05099999999999999672 ) ) ;
#710 = ADVANCED_FACE ( 'NONE', ( #1388, #287 ), #1727, .T. ) ;
#711 = ORIENTED_EDGE ( 'NONE', *, *, #1646, .T. ) ;
#712 = PLANE ( 'NONE',  #213 ) ;
#713 = CARTESIAN_POINT ( 'NONE',  ( 0.8379999999999999671, 0.4020000000000000240, 0.000000000000000000 ) ) ;
#714 = CLOSED_SHELL ( 'NONE', ( #803, #1681, #283, #1395, #693, #957, #806 ) ) ;
#715 = PLANE ( 'NONE',  #1037 ) ;
#716 = EDGE_CURVE ( 'NONE', #1873, #1010, #993, .T. ) ;
#717 = EDGE_LOOP ( 'NONE', ( #707, #486, #1627, #1907 ) ) ;
#718 = CARTESIAN_POINT ( 'NONE',  ( -1.294999999999999929, 0.4020000000000000240, 0.01700000000000000122 ) ) ;
#719 = CARTESIAN_POINT ( 'NONE',  ( 1.294999999999999929, -0.5979999999999999760, 0.4949999999999999956 ) ) ;
#720 = ORIENTED_EDGE ( 'NONE', *, *, #1646, .F. ) ;
#721 = VERTEX_POINT ( 'NONE', #1185 ) ;
#722 = B_SPLINE_CURVE_WITH_KNOTS ( 'NONE', 3,
 ( #1908, #618, #1709, #2085 ),
 .UNSPECIFIED., .F., .F.,
 ( 4, 4 ),
 ( 0.000000000000000000, 1.000000000000000000 ),
 .UNSPECIFIED. ) ;
#723 = CARTESIAN_POINT ( 'NONE',  ( 1.294999999999999929, -0.4020000000000000240, 0.05099999999999999672 ) ) ;
#724 = ORIENTED_EDGE ( 'NONE', *, *, #745, .T. ) ;
#725 =( NAMED_UNIT ( * ) PLANE_ANGLE_UNIT ( ) SI_UNIT ( $, .RADIAN. ) );
#726 = ADVANCED_FACE ( 'NONE', ( #257 ), #633, .T. ) ;
#727 = CARTESIAN_POINT ( 'NONE',  ( 0.8379999999999999671, 0.5979999999999999760, 0.01700000000000000122 ) ) ;
#728 = DIRECTION ( 'NONE',  ( -1.000000000000000000, 0.000000000000000000, 0.000000000000000000 ) ) ;
#729 = DIRECTION ( 'NONE',  ( 1.000000000000000000, 0.000000000000000000, 0.000000000000000000 ) ) ;
#730 = AXIS2_PLACEMENT_3D ( 'NONE', #253, #1511, #1171 ) ;
#731 = AXIS2_PLACEMENT_3D ( 'NONE', #1657, #216, #1665 ) ;
#732 = SHAPE_DEFINITION_REPRESENTATION ( #651, #1575 ) ;
#733 = EDGE_LOOP ( 'NONE', ( #1429, #1017, #1699, #1391 ) ) ;
#734 = B_SPLINE_CURVE_WITH_KNOTS ( 'NONE', 3,
 ( #2080, #2280, #1390, #636 ),
 .UNSPECIFIED., .F., .F.,
 ( 4, 4 ),
 ( 0.000000000000000000, 1.000000000000000000 ),
 .UNSPECIFIED. ) ;
#735 = CARTESIAN_POINT ( 'NONE',  ( -1.142666666666666719, 0.09800000000000000377, 0.000000000000000000 ) ) ;
#736 = VERTEX_POINT ( 'NONE', #974 ) ;
#737 = CARTESIAN_POINT ( 'NONE',  ( 1.294999999999999929, 0.9020000000000000240, 0.4949999999999999956 ) ) ;
#738 = SURFACE_SIDE_STYLE ('',( #2167 ) ) ;
#739 = ADVANCED_FACE ( 'NONE', ( #668 ), #986, .T. ) ;
#740 =( LENGTH_UNIT ( ) NAMED_UNIT ( * ) SI_UNIT ( .MILLI., .METRE. ) );
#741 = ORIENTED_EDGE ( 'NONE', *, *, #913, .F. ) ;
#742 = PLANE ( 'NONE',  #2187 ) ;
#743 = AXIS2_PLACEMENT_3D ( 'NONE', #643, #1368, #1548 ) ;
#744 = VERTEX_POINT ( 'NONE', #1359 ) ;
#745 = EDGE_CURVE ( 'NONE', #474, #297, #301, .T. ) ;
#746 = SURFACE_SIDE_STYLE ('',( #1118 ) ) ;
#747 = CARTESIAN_POINT ( 'NONE',  ( -1.294999999999999929, 0.5979999999999999760, 0.05099999999999999672 ) ) ;
#748 = EDGE_CURVE ( 'NONE', #543, #971, #1757, .T. ) ;
#749 = CARTESIAN_POINT ( 'NONE',  ( -1.036000000000000032, 0.7500000000000000000, 0.9909999999999998810 ) ) ;
#750 = B_SPLINE_CURVE_WITH_KNOTS ( 'NONE', 3,
 ( #1611, #1074, #1047, #2314 ),
 .UNSPECIFIED., .F., .F.,
 ( 4, 4 ),
 ( 0.000000000000000000, 1.000000000000000000 ),
 .UNSPECIFIED. ) ;
#751 = DIRECTION ( 'NONE',  ( 1.000000000000000000, 0.000000000000000000, 0.000000000000000000 ) ) ;
#752 = CARTESIAN_POINT ( 'NONE',  ( -0.5969999999999999751, 0.9520000000000000684, 0.000000000000000000 ) ) ;
#753 = EDGE_CURVE ( 'NONE', #1128, #1419, #381, .T. ) ;
#754 = FILL_AREA_STYLE_COLOUR ( '', #41 ) ;
#755 = VECTOR ( 'NONE', #1792, 1000.000000000000000 ) ;
#756 = CARTESIAN_POINT ( 'NONE',  ( -0.8379999999999999671, 0.1993333333333332513, 0.000000000000000000 ) ) ;
#757 = LINE ( 'NONE', #578, #1308 ) ;
#758 = SURFACE_STYLE_FILL_AREA ( #61 ) ;
#759 = CARTESIAN_POINT ( 'NONE',  ( 1.294999999999999929, -0.9020000000000000240, 0.03400000000000000244 ) ) ;
#760 = B_SPLINE_CURVE_WITH_KNOTS ( 'NONE', 3,
 ( #2216, #410, #1139, #1509 ),
 .UNSPECIFIED., .F., .F.,
 ( 4, 4 ),
 ( 0.000000000000000000, 1.000000000000000000 ),
 .UNSPECIFIED. ) ;
#761 = CARTESIAN_POINT ( 'NONE',  ( -1.294999999999999929, 0.4020000000000000240, 0.3469999999999999751 ) ) ;
#762 = DIRECTION ( 'NONE',  ( 1.000000000000000000, 0.000000000000000000, 0.000000000000000000 ) ) ;
#763 = AXIS2_PLACEMENT_3D ( 'NONE', #1168, #2058, #1625 ) ;
#764 = EDGE_CURVE ( 'NONE', #704, #544, #1525, .T. ) ;
#765 = B_SPLINE_CURVE_WITH_KNOTS ( 'NONE', 3,
 ( #260, #1846, #1123, #1704 ),
 .UNSPECIFIED., .F., .F.,
 ( 4, 4 ),
 ( 0.000000000000000000, 1.000000000000000000 ),
 .UNSPECIFIED. ) ;
#766 = DIRECTION ( 'NONE',  ( 1.000000000000000000, 0.000000000000000000, 0.000000000000000000 ) ) ;
#767 = CARTESIAN_POINT ( 'NONE',  ( 1.294999999999999929, -0.9020000000000000240, 0.000000000000000000 ) ) ;
#768 =( LENGTH_UNIT ( ) NAMED_UNIT ( * ) SI_UNIT ( .MILLI., .METRE. ) );
#769 = CARTESIAN_POINT ( 'NONE',  ( -1.142666666666666719, 0.4020000000000000240, 0.000000000000000000 ) ) ;
#770 = CARTESIAN_POINT ( 'NONE',  ( -1.294999999999999929, -0.09800000000000000377, 0.000000000000000000 ) ) ;
#771 = B_SPLINE_CURVE_WITH_KNOTS ( 'NONE', 3,
 ( #2240, #1872, #1861, #627 ),
 .UNSPECIFIED., .F., .F.,
 ( 4, 4 ),
 ( 0.000000000000000000, 1.000000000000000000 ),
 .UNSPECIFIED. ) ;
#772 = PRESENTATION_STYLE_ASSIGNMENT (( #928 ) ) ;
#773 = COLOUR_RGB ( '',0.7215686274509803821, 0.7215686274509803821, 0.7215686274509803821 ) ;
#774 = LINE ( 'NONE', #1109, #1735 ) ;
#775 = CARTESIAN_POINT ( 'NONE',  ( 1.294999999999999929, 1.294999999999999929, 0.05099999999999999672 ) ) ;
#776 = EDGE_CURVE ( 'NONE', #2218, #1128, #54, .T. ) ;
#777 = CARTESIAN_POINT ( 'NONE',  ( 1.294999999999999929, -0.4020000000000000240, 0.05099999999999999672 ) ) ;
#778 = CARTESIAN_POINT ( 'NONE',  ( -0.9712300000000000377, 0.7500000000000000000, 0.9909999999999998810 ) ) ;
#779 = EDGE_LOOP ( 'NONE', ( #1927, #2304, #1192, #453 ) ) ;
#780 = CARTESIAN_POINT ( 'NONE',  ( -0.9903333333333332877, 0.4020000000000000240, 0.05099999999999999672 ) ) ;
#781 = EDGE_CURVE ( 'NONE', #2291, #1923, #1262, .T. ) ;
#782 = CARTESIAN_POINT ( 'NONE',  ( -0.4420982126971167436, 5.414141610882897228E-17, 0.9909999999999998810 ) ) ;
#783 = VECTOR ( 'NONE', #1046, 1000.000000000000000 ) ;
#784 = EDGE_LOOP ( 'NONE', ( #833, #1802, #1398, #2298 ) ) ;
#785 = DIRECTION ( 'NONE',  ( 1.000000000000000000, 0.000000000000000000, 0.000000000000000000 ) ) ;
#786 = CARTESIAN_POINT ( 'NONE',  ( -1.294999999999999929, 0.5979999999999999760, 0.4949999999999999956 ) ) ;
#787 = EDGE_CURVE ( 'NONE', #1948, #1816, #2120, .T. ) ;
#788 =( NAMED_UNIT ( * ) SI_UNIT ( $, .STERADIAN. ) SOLID_ANGLE_UNIT ( ) );
#789 = PLANE ( 'NONE',  #1713 ) ;
#790 = ORIENTED_EDGE ( 'NONE', *, *, #68, .T. ) ;
#791 =( NAMED_UNIT ( * ) PLANE_ANGLE_UNIT ( ) SI_UNIT ( $, .RADIAN. ) );
#792 = B_SPLINE_CURVE_WITH_KNOTS ( 'NONE', 3,
 ( #151, #1935, #342, #1210 ),
 .UNSPECIFIED., .F., .F.,
 ( 4, 4 ),
 ( 0.000000000000000000, 1.000000000000000000 ),
 .UNSPECIFIED. ) ;
#793 = CARTESIAN_POINT ( 'NONE',  ( 0.8379999999999999671, 0.4020000000000000240, 0.03400000000000000244 ) ) ;
#794 = VERTEX_POINT ( 'NONE', #1800 ) ;
#795 = VECTOR ( 'NONE', #1976, 1000.000000000000000 ) ;
#796 = VERTEX_POINT ( 'NONE', #2155 ) ;
#797 = CARTESIAN_POINT ( 'NONE',  ( 0.8379999999999999671, 0.4020000000000000240, 0.000000000000000000 ) ) ;
#798 = PLANE ( 'NONE',  #1848 ) ;
#799 = AXIS2_PLACEMENT_3D ( 'NONE', #1855, #2221, #93 ) ;
#800 = CARTESIAN_POINT ( 'NONE',  ( -1.142666666666666719, -0.5979999999999999760, 0.05099999999999999672 ) ) ;
#801 = FACE_OUTER_BOUND ( 'NONE', #1040, .T. ) ;
#802 = DIRECTION ( 'NONE',  ( 1.000000000000000000, 0.000000000000000000, 0.000000000000000000 ) ) ;
#803 = ADVANCED_FACE ( 'NONE', ( #155 ), #680, .T. ) ;
#804 = AXIS2_PLACEMENT_3D ( 'NONE', #1291, #611, #1158 ) ;
#805 = CARTESIAN_POINT ( 'NONE',  ( -1.294999999999999929, 0.5979999999999999760, 0.000000000000000000 ) ) ;
#806 = ADVANCED_FACE ( 'NONE', ( #887 ), #1605, .T. ) ;
#807 = CARTESIAN_POINT ( 'NONE',  ( 1.294999999999999929, 0.3006666666666666932, 0.05099999999999999672 ) ) ;
#808 = ORIENTED_EDGE ( 'NONE', *, *, #1060, .F. ) ;
#809 = FACE_OUTER_BOUND ( 'NONE', #784, .T. ) ;
#810 = CARTESIAN_POINT ( 'NONE',  ( 1.294999999999999929, -0.1993333333333333346, 0.4949999999999999956 ) ) ;
#811 = PLANE ( 'NONE',  #690 ) ;
#812 = DIRECTION ( 'NONE',  ( -1.000000000000000000, 0.000000000000000000, 0.000000000000000000 ) ) ;
#813 = VECTOR ( 'NONE', #281, 1000.000000000000000 ) ;
#814 = CARTESIAN_POINT ( 'NONE',  ( 1.294999999999999929, 0.9020000000000000240, 0.05099999999999999672 ) ) ;
#815 = ADVANCED_FACE ( 'NONE', ( #2117 ), #507, .T. ) ;
#816 = CARTESIAN_POINT ( 'NONE',  ( 0.8379999999999999671, -0.8006666666666666377, 0.000000000000000000 ) ) ;
#817 = VERTEX_POINT ( 'NONE', #532 ) ;
#818 = EDGE_LOOP ( 'NONE', ( #1951, #1764, #356, #1952, #1603, #1738 ) ) ;
#819 = FACE_OUTER_BOUND ( 'NONE', #1215, .T. ) ;
#820 = ORIENTED_EDGE ( 'NONE', *, *, #418, .F. ) ;
#821 = CLOSED_SHELL ( 'NONE', ( #209, #963, #272, #553 ) ) ;
#822 = CARTESIAN_POINT ( 'NONE',  ( 1.294999999999999929, 0.09800000000000000377, 0.000000000000000000 ) ) ;
#823 = ORIENTED_EDGE ( 'NONE', *, *, #2095, .T. ) ;
#824 = CARTESIAN_POINT ( 'NONE',  ( 1.294999999999999929, 0.5979999999999999760, 0.1989999999999999825 ) ) ;
#825 = DIRECTION ( 'NONE',  ( 0.000000000000000000, 1.000000000000000000, 0.000000000000000000 ) ) ;
#827 = CARTESIAN_POINT ( 'NONE',  ( -1.294999999999999929, 0.5979999999999999760, 0.01700000000000000122 ) ) ;
#826 = B_SPLINE_CURVE_WITH_KNOTS ( 'NONE', 3,
 ( #501, #323, #1221, #162 ),
 .UNSPECIFIED., .F., .F.,
 ( 4, 4 ),
 ( 0.000000000000000000, 1.000000000000000000 ),
 .UNSPECIFIED. ) ;
#828 = ORIENTED_EDGE ( 'NONE', *, *, #1126, .F. ) ;
#829 = CARTESIAN_POINT ( 'NONE',  ( -0.8379999999999999671, -0.1993333333333333346, 0.000000000000000000 ) ) ;
#830 = ORIENTED_EDGE ( 'NONE', *, *, #2224, .F. ) ;
#831 = CARTESIAN_POINT ( 'NONE',  ( 1.294999999999999929, 0.6993333333333333623, 0.000000000000000000 ) ) ;
#832 = ADVANCED_FACE ( 'NONE', ( #546 ), #2101, .T. ) ;
#833 = ORIENTED_EDGE ( 'NONE', *, *, #1516, .F. ) ;
#834 = DIRECTION ( 'NONE',  ( 0.000000000000000000, -1.000000000000000000, 0.000000000000000000 ) ) ;
#835 = ORIENTED_EDGE ( 'NONE', *, *, #313, .F. ) ;
#836 = CARTESIAN_POINT ( 'NONE',  ( -1.142666666666666719, 0.9020000000000000240, 0.000000000000000000 ) ) ;
#837 = DIRECTION ( 'NONE',  ( 1.000000000000000000, 0.000000000000000000, 0.000000000000000000 ) ) ;
#838 = AXIS2_PLACEMENT_3D ( 'NONE', #2001, #223, #390 ) ;
#839 = DIRECTION ( 'NONE',  ( 0.000000000000000000, 0.000000000000000000, 1.000000000000000000 ) ) ;
#840 = CARTESIAN_POINT ( 'NONE',  ( 1.294999968750000230, -0.9020000000000000240, 0.05099999999999999672 ) ) ;
#841 = ORIENTED_EDGE ( 'NONE', *, *, #161, .T. ) ;
#842 = FILL_AREA_STYLE ('',( #854 ) ) ;
#843 = ORIENTED_EDGE ( 'NONE', *, *, #1535, .T. ) ;
#844 = DIRECTION ( 'NONE',  ( 0.000000000000000000, 0.000000000000000000, -1.000000000000000000 ) ) ;
#845 = ORIENTED_EDGE ( 'NONE', *, *, #80, .F. ) ;
#846 = CARTESIAN_POINT ( 'NONE',  ( -1.294999999999999929, 0.9020000000000000240, 0.000000000000000000 ) ) ;
#847 = MECHANICAL_DESIGN_GEOMETRIC_PRESENTATION_REPRESENTATION (  '', ( #399 ), #1230 ) ;
#848 = CARTESIAN_POINT ( 'NONE',  ( -1.294999999999999929, 0.9020000000000000240, 0.000000000000000000 ) ) ;
#849 = EDGE_CURVE ( 'NONE', #1442, #297, #200, .T. ) ;
#850 = PLANE ( 'NONE',  #1499 ) ;
#851 = FACE_OUTER_BOUND ( 'NONE', #582, .T. ) ;
#852 = PLANE ( 'NONE',  #319 ) ;
#853 = EDGE_LOOP ( 'NONE', ( #379, #835, #2128, #245 ) ) ;
#854 = FILL_AREA_STYLE_COLOUR ( '', #917 ) ;
#855 =( GEOMETRIC_REPRESENTATION_CONTEXT ( 3 ) GLOBAL_UNCERTAINTY_ASSIGNED_CONTEXT ( ( #929 ) ) GLOBAL_UNIT_ASSIGNED_CONTEXT ( ( #1396, #1441, #2151 ) ) REPRESENTATION_CONTEXT ( 'NONE', 'WORKASPACE' ) );
#856 = ORIENTED_EDGE ( 'NONE', *, *, #1903, .F. ) ;
#857 = ORIENTED_EDGE ( 'NONE', *, *, #175, .T. ) ;
#858 = PLANE ( 'NONE',  #1793 ) ;
#859 = CARTESIAN_POINT ( 'NONE',  ( -1.142666666666666719, -0.9020000000000000240, 0.000000000000000000 ) ) ;
#860 = EDGE_LOOP ( 'NONE', ( #1734, #1767, #2183, #2125 ) ) ;
#861 = CARTESIAN_POINT ( 'NONE',  ( 1.294999999999999929, -0.5979999999999999760, 0.3469999999999999751 ) ) ;
#862 = CARTESIAN_POINT ( 'NONE',  ( -1.294999999999999929, -0.09800000000000000377, 0.4949999999999999956 ) ) ;
#863 = EDGE_CURVE ( 'NONE', #1618, #1684, #1593, .T. ) ;
#864 = AXIS2_PLACEMENT_3D ( 'NONE', #2071, #496, #1532 ) ;
#865 = CARTESIAN_POINT ( 'NONE',  ( 1.294999999999999929, 0.3006666666666666377, 0.4949999999999999956 ) ) ;
#866 = CARTESIAN_POINT ( 'NONE',  ( -1.294999999999999929, 0.09800000000000000377, 0.4949999999999999956 ) ) ;
#867 = ORIENTED_EDGE ( 'NONE', *, *, #2265, .T. ) ;
#868 = VERTEX_POINT ( 'NONE', #332 ) ;
#869 = ORIENTED_EDGE ( 'NONE', *, *, #1022, .F. ) ;
#870 = ORIENTED_EDGE ( 'NONE', *, *, #1085, .F. ) ;
#871 = ORIENTED_EDGE ( 'NONE', *, *, #753, .T. ) ;
#872 = B_SPLINE_CURVE_WITH_KNOTS ( 'NONE', 3,
 ( #1178, #1553, #1719, #1542 ),
 .UNSPECIFIED., .F., .F.,
 ( 4, 4 ),
 ( 0.000000000000000000, 1.000000000000000000 ),
 .UNSPECIFIED. ) ;
#873 = DIRECTION ( 'NONE',  ( 1.000000000000000000, 0.000000000000000000, 0.000000000000000000 ) ) ;
#874 = EDGE_LOOP ( 'NONE', ( #1534, #315, #366, #1228, #255, #51 ) ) ;
#875 = CARTESIAN_POINT ( 'NONE',  ( -0.8379999999999999671, 0.4020000000000000240, 0.000000000000000000 ) ) ;
#876 = DIRECTION ( 'NONE',  ( 1.000000000000000000, 0.000000000000000000, 0.000000000000000000 ) ) ;
#877 = AXIS2_PLACEMENT_3D ( 'NONE', #713, #728, #205 ) ;
#878 = B_SPLINE_CURVE_WITH_KNOTS ( 'NONE', 3,
 ( #1837, #587, #1682, #1519 ),
 .UNSPECIFIED., .F., .F.,
 ( 4, 4 ),
 ( 0.000000000000000000, 1.000000000000000000 ),
 .UNSPECIFIED. ) ;
#879 = FACE_OUTER_BOUND ( 'NONE', #341, .T. ) ;
#880 = PLANE ( 'NONE',  #982 ) ;
#881 = CARTESIAN_POINT ( 'NONE',  ( 0.5969999999999999751, 0.9520000000000000684, 0.000000000000000000 ) ) ;
#882 = VERTEX_POINT ( 'NONE', #723 ) ;
#883 = EDGE_CURVE ( 'NONE', #1293, #1580, #493, .T. ) ;
#884 = CARTESIAN_POINT ( 'NONE',  ( 1.294999999999999929, 0.4020000000000000240, 0.000000000000000000 ) ) ;
#885 = VERTEX_POINT ( 'NONE', #1041 ) ;
#886 = ORIENTED_EDGE ( 'NONE', *, *, #1884, .F. ) ;
#887 = FACE_OUTER_BOUND ( 'NONE', #2144, .T. ) ;
#888 = B_SPLINE_CURVE_WITH_KNOTS ( 'NONE', 3,
 ( #1348, #125, #2276, #435 ),
 .UNSPECIFIED., .F., .F.,
 ( 4, 4 ),
 ( 0.000000000000000000, 1.000000000000000000 ),
 .UNSPECIFIED. ) ;
#889 = ORIENTED_EDGE ( 'NONE', *, *, #1261, .T. ) ;
#890 =( LENGTH_UNIT ( ) NAMED_UNIT ( * ) SI_UNIT ( .MILLI., .METRE. ) );
#891 =( NAMED_UNIT ( * ) PLANE_ANGLE_UNIT ( ) SI_UNIT ( $, .RADIAN. ) );
#892 = EDGE_CURVE ( 'NONE', #110, #2226, #628, .T. ) ;
#893 = CARTESIAN_POINT ( 'NONE',  ( 1.294999999999999929, 0.9020000000000000240, 0.000000000000000000 ) ) ;
#894 = DIRECTION ( 'NONE',  ( 0.000000000000000000, 1.000000000000000000, 0.000000000000000000 ) ) ;
#895 = SURFACE_STYLE_FILL_AREA ( #842 ) ;
#896 = EDGE_LOOP ( 'NONE', ( #841, #1526, #2036, #1600, #1256, #2015 ) ) ;
#897 = ADVANCED_FACE ( 'NONE', ( #2130 ), #521, .T. ) ;
#898 =( NAMED_UNIT ( * ) PLANE_ANGLE_UNIT ( ) SI_UNIT ( $, .RADIAN. ) );
#899 = DIRECTION ( 'NONE',  ( 1.000000000000000000, 0.000000000000000000, 0.000000000000000000 ) ) ;
#900 = ORIENTED_EDGE ( 'NONE', *, *, #2025, .T. ) ;
#901 = FACE_OUTER_BOUND ( 'NONE', #733, .T. ) ;
#902 = CARTESIAN_POINT ( 'NONE',  ( 0.8379999999999999671, 0.5979999999999999760, 0.000000000000000000 ) ) ;
#903 = CARTESIAN_POINT ( 'NONE',  ( 1.294999999999999929, 0.5979999999999999760, 0.05099999999999999672 ) ) ;
#904 = CLOSED_SHELL ( 'NONE', ( #1480, #247, #923, #1788, #1461, #233, #1795 ) ) ;
#905 = CARTESIAN_POINT ( 'NONE',  ( -0.2500000000000000000, 3.061616997868383018E-17, 0.7909999999999991482 ) ) ;
#906 = UNCERTAINTY_MEASURE_WITH_UNIT (LENGTH_MEASURE( 1.000000000000000082E-05 ), #557, 'distance_accuracy_value', 'NONE');
#907 = B_SPLINE_CURVE_WITH_KNOTS ( 'NONE', 3,
 ( #797, #2042, #2219, #256 ),
 .UNSPECIFIED., .F., .F.,
 ( 4, 4 ),
 ( 0.000000000000000000, 1.000000000000000000 ),
 .UNSPECIFIED. ) ;
#908 = CARTESIAN_POINT ( 'NONE',  ( 1.294999999999999929, -0.9020000000000000240, 0.000000000000000000 ) ) ;
#909 = ADVANCED_FACE ( 'NONE', ( #248 ), #962, .T. ) ;
#910 = ORIENTED_EDGE ( 'NONE', *, *, #464, .T. ) ;
#911 = PRESENTATION_STYLE_ASSIGNMENT (( #203 ) ) ;
#912 = FILL_AREA_STYLE_COLOUR ( '', #637 ) ;
#913 = EDGE_CURVE ( 'NONE', #78, #2090, #2222, .T. ) ;
#914 = B_SPLINE_CURVE_WITH_KNOTS ( 'NONE', 3,
 ( #1354, #1896, #807, #2075 ),
 .UNSPECIFIED., .F., .F.,
 ( 4, 4 ),
 ( 0.000000000000000000, 1.000000000000000000 ),
 .UNSPECIFIED. ) ;
#915 = FACE_OUTER_BOUND ( 'NONE', #2241, .T. ) ;
#916 = PLANE ( 'NONE',  #353 ) ;
#917 = COLOUR_RGB ( '',0.1921568627450980227, 0.1921568627450980227, 0.1921568627450980227 ) ;
#918 = B_SPLINE_CURVE_WITH_KNOTS ( 'NONE', 3,
 ( #136, #312, #1413, #527 ),
 .UNSPECIFIED., .F., .F.,
 ( 4, 4 ),
 ( 0.000000000000000000, 1.000000000000000000 ),
 .UNSPECIFIED. ) ;
#919 = AXIS2_PLACEMENT_3D ( 'NONE', #1247, #2177, #26 ) ;
#920 = DIRECTION ( 'NONE',  ( -1.000000000000000000, 0.000000000000000000, 0.000000000000000000 ) ) ;
#921 = CARTESIAN_POINT ( 'NONE',  ( -1.294999968750000230, -0.09800000000000000377, 0.05099999999999999672 ) ) ;
#922 = PRESENTATION_STYLE_ASSIGNMENT (( #1475 ) ) ;
#923 = ADVANCED_FACE ( 'NONE', ( #212 ), #2196, .T. ) ;
#924 = PLANE ( 'NONE',  #177 ) ;
#925 = ORIENTED_EDGE ( 'NONE', *, *, #1601, .T. ) ;
#926 = LINE ( 'NONE', #905, #1999 ) ;
#927 = ORIENTED_EDGE ( 'NONE', *, *, #237, .T. ) ;
#928 = SURFACE_STYLE_USAGE ( .BOTH. , #1798 ) ;
#929 = UNCERTAINTY_MEASURE_WITH_UNIT (LENGTH_MEASURE( 1.000000000000000082E-05 ), #1396, 'distance_accuracy_value', 'NONE');
#930 = CARTESIAN_POINT ( 'NONE',  ( 0.8379999999999999671, 0.09800000000000000377, 0.05099999999999999672 ) ) ;
#931 = CARTESIAN_POINT ( 'NONE',  ( -0.8379999999999999671, 0.9020000000000000240, 0.05099999999999999672 ) ) ;
#932 = FACE_OUTER_BOUND ( 'NONE', #74, .T. ) ;
#933 = B_SPLINE_CURVE_WITH_KNOTS ( 'NONE', 3,
 ( #777, #70, #1495, #596 ),
 .UNSPECIFIED., .F., .F.,
 ( 4, 4 ),
 ( 0.000000000000000000, 1.000000000000000000 ),
 .UNSPECIFIED. ) ;
#934 = PLANE ( 'NONE',  #1528 ) ;
#935 = ORIENTED_EDGE ( 'NONE', *, *, #787, .T. ) ;
#936 = CARTESIAN_POINT ( 'NONE',  ( 1.294999999999999929, 0.09800000000000000377, 0.05099999999999999672 ) ) ;
#937 = EDGE_CURVE ( 'NONE', #2214, #7, #2174, .T. ) ;
#938 = CARTESIAN_POINT ( 'NONE',  ( -0.8379999999999999671, 0.09800000000000000377, 0.05099999999999999672 ) ) ;
#939 = ORIENTED_EDGE ( 'NONE', *, *, #87, .T. ) ;
#940 =( NAMED_UNIT ( * ) PLANE_ANGLE_UNIT ( ) SI_UNIT ( $, .RADIAN. ) );
#941 = FACE_OUTER_BOUND ( 'NONE', #1301, .T. ) ;
#942 = B_SPLINE_CURVE_WITH_KNOTS ( 'NONE', 3,
 ( #1484, #2018, #1492, #2207 ),
 .UNSPECIFIED., .F., .F.,
 ( 4, 4 ),
 ( 0.000000000000000000, 1.000000000000000000 ),
 .UNSPECIFIED. ) ;
#943 = PLANE ( 'NONE',  #1082 ) ;
#944 = DIRECTION ( 'NONE',  ( -1.000000000000000000, 0.000000000000000000, 0.000000000000000000 ) ) ;
#945 = CARTESIAN_POINT ( 'NONE',  ( 1.294999999999999929, 0.8006666666666666377, 0.05099999999999999672 ) ) ;
#946 = CARTESIAN_POINT ( 'NONE',  ( 1.294999999999999929, -0.9020000000000000240, 0.01700000000000000122 ) ) ;
#947 = SURFACE_SIDE_STYLE ('',( #56 ) ) ;
#948 = UNCERTAINTY_MEASURE_WITH_UNIT (LENGTH_MEASURE( 1.000000000000000082E-05 ), #1161, 'distance_accuracy_value', 'NONE');
#949 = EDGE_CURVE ( 'NONE', #1816, #1374, #2008, .T. ) ;
#950 = CARTESIAN_POINT ( 'NONE',  ( -1.294999999999999929, -0.4020000000000000240, 0.4949999999999999956 ) ) ;
#951 =( GEOMETRIC_REPRESENTATION_CONTEXT ( 3 ) GLOBAL_UNCERTAINTY_ASSIGNED_CONTEXT ( ( #1615 ) ) GLOBAL_UNIT_ASSIGNED_CONTEXT ( ( #768, #36, #965 ) ) REPRESENTATION_CONTEXT ( 'NONE', 'WORKASPACE' ) );
#952 = DIRECTION ( 'NONE',  ( 0.000000000000000000, 0.000000000000000000, -1.000000000000000000 ) ) ;
#953 = CARTESIAN_POINT ( 'NONE',  ( 0.8379999999999999671, -0.4020000000000000240, 0.05099999999999999672 ) ) ;
#954 = CARTESIAN_POINT ( 'NONE',  ( -1.294999999999999929, -0.8006666666666666377, 0.4949999999999999956 ) ) ;
#955 = DIRECTION ( 'NONE',  ( 0.000000000000000000, 0.000000000000000000, 1.000000000000000000 ) ) ;
#956 = COLOUR_RGB ( '',0.7215686274509803821, 0.7215686274509803821, 0.7215686274509803821 ) ;
#957 = ADVANCED_FACE ( 'NONE', ( #2164 ), #34, .T. ) ;
#958 = CARTESIAN_POINT ( 'NONE',  ( -1.294999999999999929, 0.5979999999999999760, 0.1989999999999999825 ) ) ;
#959 = ORIENTED_EDGE ( 'NONE', *, *, #2078, .T. ) ;
#960 = SURFACE_STYLE_USAGE ( .BOTH. , #1500 ) ;
#961 = FACE_OUTER_BOUND ( 'NONE', #2243, .T. ) ;
#962 = PLANE ( 'NONE',  #2032 ) ;
#963 = ADVANCED_FACE ( 'NONE', ( #2010 ), #1808, .T. ) ;
#964 = CARTESIAN_POINT ( 'NONE',  ( -0.8379999999999999671, -0.09800000000000000377, 0.05099999999999999672 ) ) ;
#965 =( NAMED_UNIT ( * ) SI_UNIT ( $, .STERADIAN. ) SOLID_ANGLE_UNIT ( ) );
#966 = PLANE ( 'NONE',  #1510 ) ;
#967 = DIRECTION ( 'NONE',  ( 0.000000000000000000, 1.000000000000000000, 0.000000000000000000 ) ) ;
#968 = ORIENTED_EDGE ( 'NONE', *, *, #391, .F. ) ;
#969 = SURFACE_STYLE_FILL_AREA ( #992 ) ;
#970 = DIRECTION ( 'NONE',  ( 1.000000000000000000, 0.000000000000000000, 0.000000000000000000 ) ) ;
#971 = VERTEX_POINT ( 'NONE', #230 ) ;
#972 = STYLED_ITEM ( 'NONE', ( #27 ), #536 ) ;
#973 = EDGE_CURVE ( 'NONE', #2305, #529, #1422, .T. ) ;
#974 = CARTESIAN_POINT ( 'NONE',  ( 1.294999999999999929, -1.294999999999999929, 0.05099999999999999672 ) ) ;
#975 = CARTESIAN_POINT ( 'NONE',  ( -1.294999999999999929, 0.4020000000000000240, 0.4949999999999999956 ) ) ;
#976 = CARTESIAN_POINT ( 'NONE',  ( -0.8379999999999999671, 0.09800000000000000377, 0.000000000000000000 ) ) ;
#977 = ADVANCED_FACE ( 'NONE', ( #941 ), #2186, .T. ) ;
#978 = CARTESIAN_POINT ( 'NONE',  ( 1.294999999999999929, -0.5979999999999999760, 0.05099999999999999672 ) ) ;
#979 = PLANE ( 'NONE',  #700 ) ;
#980 = EDGE_LOOP ( 'NONE', ( #455, #491, #1630, #1849 ) ) ;
#981 = CARTESIAN_POINT ( 'NONE',  ( 1.294999999999999929, -0.4020000000000000240, 0.05099999999999999672 ) ) ;
#982 = AXIS2_PLACEMENT_3D ( 'NONE', #2169, #558, #1083 ) ;
#983 = EDGE_CURVE ( 'NONE', #2096, #1963, #1476, .T. ) ;
#984 = EDGE_LOOP ( 'NONE', ( #1577, #477, #170, #473 ) ) ;
#985 = CARTESIAN_POINT ( 'NONE',  ( 0.8379999999999999671, 0.09800000000000000377, 0.000000000000000000 ) ) ;
#986 = PLANE ( 'NONE',  #25 ) ;
#987 = CARTESIAN_POINT ( 'NONE',  ( 0.8379999999999999671, 0.4020000000000000240, 0.000000000000000000 ) ) ;
#988 = CARTESIAN_POINT ( 'NONE',  ( -0.9903333333333332877, 0.4020000000000000240, 0.000000000000000000 ) ) ;
#989 = CARTESIAN_POINT ( 'NONE',  ( -1.294999999999999929, 0.09800000000000000377, 0.01700000000000000122 ) ) ;
#990 = EDGE_CURVE ( 'NONE', #2305, #1943, #2203, .T. ) ;
#991 = AXIS2_PLACEMENT_3D ( 'NONE', #1838, #1658, #2003 ) ;
#992 = FILL_AREA_STYLE ('',( #652 ) ) ;
#993 = B_SPLINE_CURVE_WITH_KNOTS ( 'NONE', 3,
 ( #446, #467, #1529, #657 ),
 .UNSPECIFIED., .F., .F.,
 ( 4, 4 ),
 ( 0.000000000000000000, 1.000000000000000000 ),
 .UNSPECIFIED. ) ;
#994 = CARTESIAN_POINT ( 'NONE',  ( 1.294999999999999929, 0.4020000000000000240, 0.05099999999999999672 ) ) ;
#995 = PRESENTATION_LAYER_ASSIGNMENT (  '', '', ( #1148 ) ) ;
#996 = EDGE_LOOP ( 'NONE', ( #176, #1975, #1980, #900 ) ) ;
#997 = DIRECTION ( 'NONE',  ( 1.000000000000000000, 0.000000000000000000, 0.000000000000000000 ) ) ;
#998 = CARTESIAN_POINT ( 'NONE',  ( -0.9903333333333332877, 0.9020000000000000240, 0.05099999999999999672 ) ) ;
#999 = ORIENTED_EDGE ( 'NONE', *, *, #1003, .F. ) ;
#1000 = CARTESIAN_POINT ( 'NONE',  ( -1.294999999999999929, 0.9020000000000000240, 0.05099999999999999672 ) ) ;
#1001 = DIRECTION ( 'NONE',  ( 0.000000000000000000, 0.000000000000000000, -1.000000000000000000 ) ) ;
#1002 = CARTESIAN_POINT ( 'NONE',  ( 0.9903333333333332877, -0.09800000000000000377, 0.05099999999999999672 ) ) ;
#1003 = EDGE_CURVE ( 'NONE', #1580, #420, #774, .T. ) ;
#1004 = DIRECTION ( 'NONE',  ( 1.000000000000000000, 0.000000000000000000, 0.000000000000000000 ) ) ;
#1005 = EDGE_LOOP ( 'NONE', ( #1563, #968, #190, #2284 ) ) ;
#1006 = ORIENTED_EDGE ( 'NONE', *, *, #2224, .T. ) ;
#1007 = CARTESIAN_POINT ( 'NONE',  ( 0.9903333333333332877, -0.5979999999999999760, 0.05099999999999999672 ) ) ;
#1008 = PRODUCT ( 'SHT3x', 'SHT3x', '', ( #421 ) ) ;
#1009 = ORIENTED_EDGE ( 'NONE', *, *, #645, .T. ) ;
#1010 = VERTEX_POINT ( 'NONE', #1119 ) ;
#1011 = AXIS2_PLACEMENT_3D ( 'NONE', #1879, #635, #825 ) ;
#1012 = CARTESIAN_POINT ( 'NONE',  ( 0.8379999999999999671, -0.5979999999999999760, 0.05099999999999999672 ) ) ;
#1013 = CARTESIAN_POINT ( 'NONE',  ( -1.294999999999999929, 0.9020000000000000240, 0.03400000000000000244 ) ) ;
#1014 = CARTESIAN_POINT ( 'NONE',  ( 1.142666666666666719, -0.09800000000000000377, 0.05099999999999999672 ) ) ;
#1015 = ORIENTED_EDGE ( 'NONE', *, *, #1406, .T. ) ;
#1016 = CARTESIAN_POINT ( 'NONE',  ( -0.8379999999999999671, -0.5979999999999999760, 0.000000000000000000 ) ) ;
#1017 = ORIENTED_EDGE ( 'NONE', *, *, #326, .T. ) ;
#1018 = ORIENTED_EDGE ( 'NONE', *, *, #1993, .F. ) ;
#1019 = CARTESIAN_POINT ( 'NONE',  ( -1.294999999999999929, -0.3006666666666666377, 0.4949999999999999956 ) ) ;
#1020 = UNCERTAINTY_MEASURE_WITH_UNIT (LENGTH_MEASURE( 1.000000000000000082E-05 ), #1453, 'distance_accuracy_value', 'NONE');
#1021 = VERTEX_POINT ( 'NONE', #1834 ) ;
#1022 = EDGE_CURVE ( 'NONE', #1048, #1684, #942, .T. ) ;
#1023 = B_SPLINE_CURVE_WITH_KNOTS ( 'NONE', 3,
 ( #174, #1570, #338, #1205 ),
 .UNSPECIFIED., .F., .F.,
 ( 4, 4 ),
 ( 0.000000000000000000, 1.000000000000000000 ),
 .UNSPECIFIED. ) ;
#1024 = ORIENTED_EDGE ( 'NONE', *, *, #2235, .T. ) ;
#1025 = FILL_AREA_STYLE_COLOUR ( '', #773 ) ;
#1026 = CARTESIAN_POINT ( 'NONE',  ( -1.036000000000000032, 0.7500000000000000000, 0.9929999999999999938 ) ) ;
#1027 = VECTOR ( 'NONE', #1181, 1000.000000000000000 ) ;
#1028 = B_SPLINE_CURVE_WITH_KNOTS ( 'NONE', 3,
 ( #1090, #1447, #1583, #1405 ),
 .UNSPECIFIED., .F., .F.,
 ( 4, 4 ),
 ( 0.000000000000000000, 1.000000000000000000 ),
 .UNSPECIFIED. ) ;
#1029 = B_SPLINE_CURVE_WITH_KNOTS ( 'NONE', 3,
 ( #1190, #514, #1585, #1384 ),
 .UNSPECIFIED., .F., .F.,
 ( 4, 4 ),
 ( 0.000000000000000000, 1.000000000000000000 ),
 .UNSPECIFIED. ) ;
#1030 = CARTESIAN_POINT ( 'NONE',  ( 1.294999999999999929, -0.09800000000000000377, 0.4949999999999999956 ) ) ;
#1031 = FACE_OUTER_BOUND ( 'NONE', #181, .T. ) ;
#1032 = DIRECTION ( 'NONE',  ( 1.000000000000000000, 0.000000000000000000, 0.000000000000000000 ) ) ;
#1033 = PRESENTATION_LAYER_ASSIGNMENT (  '', '', ( #1739 ) ) ;
#1034 = FACE_OUTER_BOUND ( 'NONE', #1933, .T. ) ;
#1035 = CARTESIAN_POINT ( 'NONE',  ( 0.8379999999999999671, -0.4020000000000000240, 0.05099999999999999672 ) ) ;
#1036 = CARTESIAN_POINT ( 'NONE',  ( -0.5969999999999999751, 0.9520000000000000684, 0.05099999999999999672 ) ) ;
#1037 = AXIS2_PLACEMENT_3D ( 'NONE', #1439, #1748, #307 ) ;
#1038 = VERTEX_POINT ( 'NONE', #2027 ) ;
#1039 = CARTESIAN_POINT ( 'NONE',  ( 0.8379999999999999671, -0.4020000000000000240, 0.01700000000000000122 ) ) ;
#1040 = EDGE_LOOP ( 'NONE', ( #401, #1766, #1427, #1279 ) ) ;
#1041 = CARTESIAN_POINT ( 'NONE',  ( 1.294999999999999929, -1.294999999999999929, 0.9909999999999998810 ) ) ;
#1042 = EDGE_CURVE ( 'NONE', #1010, #544, #288, .T. ) ;
#1043 = EDGE_LOOP ( 'NONE', ( #1771, #2257, #1807, #1978 ) ) ;
#1044 = CARTESIAN_POINT ( 'NONE',  ( -0.8379999999999999671, -0.4020000000000000240, 0.000000000000000000 ) ) ;
#1045 = CARTESIAN_POINT ( 'NONE',  ( 0.5969999999999999751, -0.9520000000000000684, 0.05099999999999999672 ) ) ;
#1046 = DIRECTION ( 'NONE',  ( -1.000000000000000000, 0.000000000000000000, 0.000000000000000000 ) ) ;
#1047 = CARTESIAN_POINT ( 'NONE',  ( 1.294999999999999929, -0.6993333333333333623, 0.000000000000000000 ) ) ;
#1048 = VERTEX_POINT ( 'NONE', #58 ) ;
#1049 = VERTEX_POINT ( 'NONE', #2064 ) ;
#1050 = CARTESIAN_POINT ( 'NONE',  ( 1.294999999999999929, 0.4020000000000000240, 0.03400000000000000244 ) ) ;
#1051 = MECHANICAL_DESIGN_GEOMETRIC_PRESENTATION_REPRESENTATION (  '', ( #2172 ), #1554 ) ;
#1052 = ORIENTED_EDGE ( 'NONE', *, *, #1383, .T. ) ;
#1053 = VERTEX_POINT ( 'NONE', #782 ) ;
#1054 = CARTESIAN_POINT ( 'NONE',  ( -1.294999999999999929, -0.5979999999999999760, 0.000000000000000000 ) ) ;
#1055 = CARTESIAN_POINT ( 'NONE',  ( 1.294999999999999929, 0.4020000000000000240, 0.3469999999999999751 ) ) ;
#1056 = ORIENTED_EDGE ( 'NONE', *, *, #157, .F. ) ;
#1057 = EDGE_CURVE ( 'NONE', #2096, #868, #722, .T. ) ;
#1058 = CARTESIAN_POINT ( 'NONE',  ( 1.294999999999999929, -0.5979999999999999760, 0.4949999999999999956 ) ) ;
#1059 = CARTESIAN_POINT ( 'NONE',  ( 1.294999999999999929, 0.4020000000000000240, 0.000000000000000000 ) ) ;
#1060 = EDGE_CURVE ( 'NONE', #681, #882, #354, .T. ) ;
#1061 = B_SPLINE_CURVE_WITH_KNOTS ( 'NONE', 3,
 ( #472, #148, #293, #184 ),
 .UNSPECIFIED., .F., .F.,
 ( 4, 4 ),
 ( 0.000000000000000000, 1.000000000000000000 ),
 .UNSPECIFIED. ) ;
#1062 = AXIS2_PLACEMENT_3D ( 'NONE', #1982, #371, #1805 ) ;
#1063 = CARTESIAN_POINT ( 'NONE',  ( -1.100770000000000026, 0.7500000000000000000, 0.9909999999999998810 ) ) ;
#1064 = CARTESIAN_POINT ( 'NONE',  ( 0.8379999999999999671, -0.5979999999999999760, 0.01700000000000000122 ) ) ;
#1065 = ORIENTED_EDGE ( 'NONE', *, *, #2146, .F. ) ;
#1066 = ORIENTED_EDGE ( 'NONE', *, *, #1893, .T. ) ;
#1067 = LINE ( 'NONE', #2285, #499 ) ;
#1068 = ORIENTED_EDGE ( 'NONE', *, *, #460, .F. ) ;
#1069 = ORIENTED_EDGE ( 'NONE', *, *, #1316, .F. ) ;
#1070 = ADVANCED_FACE ( 'NONE', ( #1334 ), #452, .T. ) ;
#1071 = CARTESIAN_POINT ( 'NONE',  ( 0.9903333333333332877, 0.4020000000000000240, 0.05099999999999999672 ) ) ;
#1072 = AXIS2_PLACEMENT_3D ( 'NONE', #14, #2313, #383 ) ;
#1073 = CARTESIAN_POINT ( 'NONE',  ( 1.294999999999999929, -0.09800000000000000377, 0.05099999999999999672 ) ) ;
#1074 = CARTESIAN_POINT ( 'NONE',  ( 1.294999999999999929, -0.8006666666666666377, 0.000000000000000000 ) ) ;
#1075 = SURFACE_SIDE_STYLE ('',( #895 ) ) ;
#1076 = ORIENTED_EDGE ( 'NONE', *, *, #131, .T. ) ;
#1077 = ORIENTED_EDGE ( 'NONE', *, *, #863, .T. ) ;
#1078 = CARTESIAN_POINT ( 'NONE',  ( -1.294999999999999929, 0.5979999999999999760, 0.000000000000000000 ) ) ;
#1079 = ORIENTED_EDGE ( 'NONE', *, *, #10, .F. ) ;
#1080 = FACE_OUTER_BOUND ( 'NONE', #1589, .T. ) ;
#1081 = CARTESIAN_POINT ( 'NONE',  ( -1.294999999999999929, -0.4020000000000000240, 0.000000000000000000 ) ) ;
#1082 = AXIS2_PLACEMENT_3D ( 'NONE', #767, #1493, #413 ) ;
#1083 = DIRECTION ( 'NONE',  ( 0.000000000000000000, 0.000000000000000000, 1.000000000000000000 ) ) ;
#1084 = CARTESIAN_POINT ( 'NONE',  ( 1.294999999999999929, 0.09800000000000000377, 0.4949999999999999956 ) ) ;
#1085 = EDGE_CURVE ( 'NONE', #1618, #2052, #1720, .T. ) ;
#1086 = EDGE_LOOP ( 'NONE', ( #1220, #530, #89, #790 ) ) ;
#1087 = CARTESIAN_POINT ( 'NONE',  ( 0.8379999999999999671, -0.9020000000000000240, 0.000000000000000000 ) ) ;
#1088 = ORIENTED_EDGE ( 'NONE', *, *, #659, .F. ) ;
#1089 = CARTESIAN_POINT ( 'NONE',  ( -1.294999999999999929, 0.4020000000000000240, 0.4949999999999999956 ) ) ;
#1090 = CARTESIAN_POINT ( 'NONE',  ( -0.8379999999999999671, -0.4020000000000000240, 0.000000000000000000 ) ) ;
#1091 = SURFACE_STYLE_USAGE ( .BOTH. , #373 ) ;
#1092 = CARTESIAN_POINT ( 'NONE',  ( 0.8379999999999999671, -0.09800000000000000377, 0.05099999999999999672 ) ) ;
#1093 = CARTESIAN_POINT ( 'NONE',  ( 1.142666666666666719, -0.09800000000000000377, 0.000000000000000000 ) ) ;
#1094 = ORIENTED_EDGE ( 'NONE', *, *, #391, .T. ) ;
#1095 = DIRECTION ( 'NONE',  ( 1.000000000000000000, 0.000000000000000000, 0.000000000000000000 ) ) ;
#1096 = EDGE_CURVE ( 'NONE', #152, #543, #771, .T. ) ;
#1097 = ORIENTED_EDGE ( 'NONE', *, *, #849, .F. ) ;
#1098 = PLANE ( 'NONE',  #1296 ) ;
#1099 = CARTESIAN_POINT ( 'NONE',  ( 0.8379999999999999671, -0.9020000000000000240, 0.000000000000000000 ) ) ;
#1100 = FACE_OUTER_BOUND ( 'NONE', #1117, .T. ) ;
#1101 = ORIENTED_EDGE ( 'NONE', *, *, #1022, .T. ) ;
#1102 = CARTESIAN_POINT ( 'NONE',  ( -1.294999999999999929, -0.5979999999999999760, 0.3469999999999999751 ) ) ;
#1103 = CARTESIAN_POINT ( 'NONE',  ( -0.8379999999999999671, 0.5979999999999999760, 0.01700000000000000122 ) ) ;
#1104 = B_SPLINE_CURVE_WITH_KNOTS ( 'NONE', 3,
 ( #226, #1263, #1460, #219 ),
 .UNSPECIFIED., .F., .F.,
 ( 4, 4 ),
 ( 0.1030303030303029999, 1.000000000000000000 ),
 .UNSPECIFIED. ) ;
#1105 = AXIS2_PLACEMENT_3D ( 'NONE', #1755, #221, #583 ) ;
#1106 = ADVANCED_FACE ( 'NONE', ( #296 ), #268, .T. ) ;
#1107 = AXIS2_PLACEMENT_3D ( 'NONE', #623, #251, #610 ) ;
#1108 = SURFACE_STYLE_USAGE ( .BOTH. , #947 ) ;
#1109 = CARTESIAN_POINT ( 'NONE',  ( -0.5969999999999999751, -0.9520000000000000684, 0.05099999999999999672 ) ) ;
#1110 = CARTESIAN_POINT ( 'NONE',  ( 1.294999999999999929, 0.5979999999999999760, 0.000000000000000000 ) ) ;
#1111 = EDGE_CURVE ( 'NONE', #149, #20, #2147, .T. ) ;
#1112 = FACE_OUTER_BOUND ( 'NONE', #1410, .T. ) ;
#1113 = B_SPLINE_CURVE_WITH_KNOTS ( 'NONE', 3,
 ( #684, #510, #159, #1059 ),
 .UNSPECIFIED., .F., .F.,
 ( 4, 4 ),
 ( 0.000000000000000000, 1.000000000000000000 ),
 .UNSPECIFIED. ) ;
#1114 = B_SPLINE_CURVE_WITH_KNOTS ( 'NONE', 3,
 ( #1084, #436, #384, #936 ),
 .UNSPECIFIED., .F., .F.,
 ( 4, 4 ),
 ( 0.000000000000000000, 0.8969696969696969724 ),
 .UNSPECIFIED. ) ;
#1115 = PLANE ( 'NONE',  #1120 ) ;
#1116 = CARTESIAN_POINT ( 'NONE',  ( 0.8379999999999999671, 0.9020000000000000240, 0.05099999999999999672 ) ) ;
#1117 = EDGE_LOOP ( 'NONE', ( #691, #927 ) ) ;
#1118 = SURFACE_STYLE_FILL_AREA ( #1462 ) ;
#1119 = CARTESIAN_POINT ( 'NONE',  ( 0.8379999999999999671, -0.5979999999999999760, 0.000000000000000000 ) ) ;
#1120 = AXIS2_PLACEMENT_3D ( 'NONE', #580, #588, #567 ) ;
#1121 = CARTESIAN_POINT ( 'NONE',  ( 1.294999999999999929, 0.9020000000000000240, 0.000000000000000000 ) ) ;
#1122 = CARTESIAN_POINT ( 'NONE',  ( 0.8379999999999999671, -0.09800000000000000377, 0.000000000000000000 ) ) ;
#1123 = CARTESIAN_POINT ( 'NONE',  ( -0.9903333333333332877, -0.09800000000000000377, 0.000000000000000000 ) ) ;
#1124 = CARTESIAN_POINT ( 'NONE',  ( -0.8379999999999999671, 0.4020000000000000240, 0.05099999999999999672 ) ) ;
#1125 = EDGE_LOOP ( 'NONE', ( #468, #603, #2268, #393 ) ) ;
#1126 = EDGE_CURVE ( 'NONE', #1663, #2218, #2005, .T. ) ;
#1127 = CLOSED_SHELL ( 'NONE', ( #726, #2251, #336, #1543, #1708, #1820, #1650 ) ) ;
#1128 = VERTEX_POINT ( 'NONE', #994 ) ;
#1129 = CARTESIAN_POINT ( 'NONE',  ( 1.294999999999999929, 0.9020000000000000240, 0.05099999999999999672 ) ) ;
#1130 = CARTESIAN_POINT ( 'NONE',  ( -0.8379999999999999671, -0.8006666666666666377, 0.05099999999999999672 ) ) ;
#1131 = EDGE_CURVE ( 'NONE', #1297, #1128, #914, .T. ) ;
#1132 = CARTESIAN_POINT ( 'NONE',  ( -1.294999999999999929, -0.9020000000000000240, 0.4949999999999999956 ) ) ;
#1133 = FACE_OUTER_BOUND ( 'NONE', #1769, .T. ) ;
#1134 = ORIENTED_EDGE ( 'NONE', *, *, #57, .F. ) ;
#1135 = B_SPLINE_CURVE_WITH_KNOTS ( 'NONE', 3,
 ( #2063, #275, #829, #1696 ),
 .UNSPECIFIED., .F., .F.,
 ( 4, 4 ),
 ( 0.000000000000000000, 1.000000000000000000 ),
 .UNSPECIFIED. ) ;
#1136 = EDGE_CURVE ( 'NONE', #1293, #1651, #2038, .T. ) ;
#1137 = ORIENTED_EDGE ( 'NONE', *, *, #1248, .T. ) ;
#1138 = CARTESIAN_POINT ( 'NONE',  ( 0.5969999999999999751, 0.9520000000000000684, 0.000000000000000000 ) ) ;
#1139 = CARTESIAN_POINT ( 'NONE',  ( -1.294999999999999929, 0.1993333333333333346, 0.000000000000000000 ) ) ;
#1140 = B_SPLINE_CURVE_WITH_KNOTS ( 'NONE', 3,
 ( #2077, #998, #2244, #1369 ),
 .UNSPECIFIED., .F., .F.,
 ( 4, 4 ),
 ( 0.000000000000000000, 1.000000000000000000 ),
 .UNSPECIFIED. ) ;
#1141 = B_SPLINE_CURVE_WITH_KNOTS ( 'NONE', 3,
 ( #1491, #197, #1842, #1298 ),
 .UNSPECIFIED., .F., .F.,
 ( 4, 4 ),
 ( 0.8969696969696969724, 1.000000000000000000 ),
 .UNSPECIFIED. ) ;
#1142 = AXIS2_PLACEMENT_3D ( 'NONE', #1122, #1836, #1889 ) ;
#1143 = CARTESIAN_POINT ( 'NONE',  ( 0.8379999999999999671, -0.6993333333333333623, 0.000000000000000000 ) ) ;
#1144 = LINE ( 'NONE', #775, #1521 ) ;
#1145 = CARTESIAN_POINT ( 'NONE',  ( 0.8379999999999999671, 0.5979999999999999760, 0.000000000000000000 ) ) ;
#1146 = CARTESIAN_POINT ( 'NONE',  ( 1.294999999999999929, 0.6993333333333333623, 0.05099999999999999672 ) ) ;
#1147 = CARTESIAN_POINT ( 'NONE',  ( -1.294999999999999929, -1.294999999999999929, 0.9909999999999998810 ) ) ;
#1148 = STYLED_ITEM ( 'NONE', ( #1255 ), #1575 ) ;
#1149 = EDGE_CURVE ( 'NONE', #1385, #1446, #94, .T. ) ;
#1150 = CARTESIAN_POINT ( 'NONE',  ( 1.294999999999999929, -0.5979999999999999760, 0.05099999999999999672 ) ) ;
#1151 = EDGE_LOOP ( 'NONE', ( #502, #2302, #1621, #1330 ) ) ;
#1152 = ADVANCED_FACE ( 'NONE', ( #1687 ), #602, .T. ) ;
#1153 = ORIENTED_EDGE ( 'NONE', *, *, #1126, .T. ) ;
#1154 = CARTESIAN_POINT ( 'NONE',  ( -1.294999999999999929, -0.5979999999999999760, 0.4949999999999999956 ) ) ;
#1155 = CARTESIAN_POINT ( 'NONE',  ( 1.294999999999999929, -0.3006666666666667487, 0.4949999999999999956 ) ) ;
#1156 = CARTESIAN_POINT ( 'NONE',  ( -1.294999999999999929, -0.5979999999999999760, 0.4949999999999999956 ) ) ;
#1157 = CARTESIAN_POINT ( 'NONE',  ( -1.294999999999999929, -0.6993333333333333623, 0.4949999999999999956 ) ) ;
#1158 = DIRECTION ( 'NONE',  ( 1.000000000000000000, 0.000000000000000000, 0.000000000000000000 ) ) ;
#1159 = PRESENTATION_LAYER_ASSIGNMENT (  '', '', ( #2172 ) ) ;
#1160 = EDGE_CURVE ( 'NONE', #658, #285, #1588, .T. ) ;
#1161 =( LENGTH_UNIT ( ) NAMED_UNIT ( * ) SI_UNIT ( .MILLI., .METRE. ) );
#1162 = LINE ( 'NONE', #1524, #1813 ) ;
#1163 = B_SPLINE_CURVE_WITH_KNOTS ( 'NONE', 3,
 ( #703, #1946, #526, #1035 ),
 .UNSPECIFIED., .F., .F.,
 ( 4, 4 ),
 ( 0.000000000000000000, 1.000000000000000000 ),
 .UNSPECIFIED. ) ;
#1164 = CARTESIAN_POINT ( 'NONE',  ( -0.8379999999999999671, -0.5979999999999999760, 0.05099999999999999672 ) ) ;
#1165 = STYLED_ITEM ( 'NONE', ( #1234 ), #500 ) ;
#1166 = DIRECTION ( 'NONE',  ( 0.000000000000000000, 0.000000000000000000, 1.000000000000000000 ) ) ;
#1167 = EDGE_CURVE ( 'NONE', #1053, #2116, #130, .T. ) ;
#1168 = CARTESIAN_POINT ( 'NONE',  ( -1.294999999999999929, 0.9020000000000000240, 0.000000000000000000 ) ) ;
#1169 = CARTESIAN_POINT ( 'NONE',  ( -1.294999999999999929, -0.5979999999999999760, 0.4949999999999999956 ) ) ;
#1170 = PLANE ( 'NONE',  #1425 ) ;
#1171 = DIRECTION ( 'NONE',  ( 1.000000000000000000, 0.000000000000000000, 0.000000000000000000 ) ) ;
#1172 = AXIS2_PLACEMENT_3D ( 'NONE', #1236, #351, #37 ) ;
#1173 = VERTEX_POINT ( 'NONE', #442 ) ;
#1174 = CARTESIAN_POINT ( 'NONE',  ( -0.8379999999999999671, -0.9020000000000000240, 0.01700000000000000122 ) ) ;
#1175 = CARTESIAN_POINT ( 'NONE',  ( -0.8379999999999999671, -0.3006666666666667487, 0.05099999999999999672 ) ) ;
#1176 = CARTESIAN_POINT ( 'NONE',  ( -1.294999999999999929, 0.09800000000000000377, 0.000000000000000000 ) ) ;
#1177 = CARTESIAN_POINT ( 'NONE',  ( -1.294999999999999929, 0.09800000000000000377, 0.03400000000000000244 ) ) ;
#1178 = CARTESIAN_POINT ( 'NONE',  ( -0.8379999999999999671, 0.09800000000000000377, 0.000000000000000000 ) ) ;
#1179 = CARTESIAN_POINT ( 'NONE',  ( -1.142666666666666719, -0.4020000000000000240, 0.05099999999999999672 ) ) ;
#1180 = ORIENTED_EDGE ( 'NONE', *, *, #1239, .T. ) ;
#1181 = DIRECTION ( 'NONE',  ( 0.000000000000000000, 0.000000000000000000, -1.000000000000000000 ) ) ;
#1182 = COLOUR_RGB ( '',0.5843137254901961120, 0.5843137254901961120, 0.5843137254901961120 ) ;
#1183 = ORIENTED_EDGE ( 'NONE', *, *, #405, .T. ) ;
#1184 = CARTESIAN_POINT ( 'NONE',  ( -1.100770000000000026, 0.7500000000000000000, 0.9929999999999999938 ) ) ;
#1185 = CARTESIAN_POINT ( 'NONE',  ( -1.294999999999999929, 0.5979999999999999760, 0.4949999999999999956 ) ) ;
#1186 = CARTESIAN_POINT ( 'NONE',  ( 1.294999999999999929, -0.4020000000000000240, 0.000000000000000000 ) ) ;
#1187 = CARTESIAN_POINT ( 'NONE',  ( -0.8379999999999999671, 0.9020000000000000240, 0.000000000000000000 ) ) ;
#1188 = ORIENTED_EDGE ( 'NONE', *, *, #2228, .F. ) ;
#1189 = CARTESIAN_POINT ( 'NONE',  ( -1.294999999999999929, -0.9020000000000000240, 0.05099999999999999672 ) ) ;
#1190 = CARTESIAN_POINT ( 'NONE',  ( 1.294999999999999929, 0.4020000000000000240, 0.000000000000000000 ) ) ;
#1191 = EDGE_CURVE ( 'NONE', #1905, #1580, #1162, .T. ) ;
#1192 = ORIENTED_EDGE ( 'NONE', *, *, #1998, .T. ) ;
#1193 = ORIENTED_EDGE ( 'NONE', *, *, #787, .F. ) ;
#1194 = DIRECTION ( 'NONE',  ( 0.000000000000000000, 0.000000000000000000, 1.000000000000000000 ) ) ;
#1195 = EDGE_LOOP ( 'NONE', ( #1561, #828, #1536, #547 ) ) ;
#1196 = ORIENTED_EDGE ( 'NONE', *, *, #682, .T. ) ;
#1197 = APPLICATION_PROTOCOL_DEFINITION ( 'draft international standard', 'automotive_design', 1998, #1641 ) ;
#1198 = ORIENTED_EDGE ( 'NONE', *, *, #266, .F. ) ;
#1199 = CLOSED_SHELL ( 'NONE', ( #2138, #28, #522, #600, #97, #2310, #2035 ) ) ;
#1200 = CARTESIAN_POINT ( 'NONE',  ( 1.142666666666666719, 0.09800000000000000377, 0.000000000000000000 ) ) ;
#1201 = ORIENTED_EDGE ( 'NONE', *, *, #350, .T. ) ;
#1202 = EDGE_CURVE ( 'NONE', #1232, #1546, #1341, .T. ) ;
#1203 = CARTESIAN_POINT ( 'NONE',  ( 1.294999999999999929, -0.5979999999999999760, 0.05099999999999999672 ) ) ;
#1204 = LINE ( 'NONE', #1372, #1871 ) ;
#1205 = CARTESIAN_POINT ( 'NONE',  ( 0.8379999999999999671, 0.09800000000000000377, 0.05099999999999999672 ) ) ;
#1206 = VERTEX_POINT ( 'NONE', #1765 ) ;
#1207 = B_SPLINE_CURVE_WITH_KNOTS ( 'NONE', 3,
 ( #1649, #53, #2171, #1283 ),
 .UNSPECIFIED., .F., .F.,
 ( 4, 4 ),
 ( 0.000000000000000000, 1.000000000000000000 ),
 .UNSPECIFIED. ) ;
#1208 = ORIENTED_EDGE ( 'NONE', *, *, #1470, .F. ) ;
#1209 = EDGE_CURVE ( 'NONE', #100, #1038, #1752, .T. ) ;
#1210 = CARTESIAN_POINT ( 'NONE',  ( 1.294999999999999929, 0.5979999999999999760, 0.05099999999999999672 ) ) ;
#1211 = EDGE_LOOP ( 'NONE', ( #1443, #711, #1342, #1394 ) ) ;
#1212 = ORIENTED_EDGE ( 'NONE', *, *, #1507, .F. ) ;
#1213 = PLANE ( 'NONE',  #1418 ) ;
#1214 = CARTESIAN_POINT ( 'NONE',  ( 0.8379999999999999671, 0.5979999999999999760, 0.000000000000000000 ) ) ;
#1215 = EDGE_LOOP ( 'NONE', ( #476, #1212, #1791, #1397 ) ) ;
#1216 = AXIS2_PLACEMENT_3D ( 'NONE', #1300, #1678, #1095 ) ;
#1217 = DIRECTION ( 'NONE',  ( 0.000000000000000000, -1.000000000000000000, 0.000000000000000000 ) ) ;
#1218 = MECHANICAL_DESIGN_GEOMETRIC_PRESENTATION_REPRESENTATION (  '', ( #1697 ), #1635 ) ;
#1219 = DIRECTION ( 'NONE',  ( 0.000000000000000000, 0.000000000000000000, 1.000000000000000000 ) ) ;
#1220 = ORIENTED_EDGE ( 'NONE', *, *, #350, .F. ) ;
#1221 = CARTESIAN_POINT ( 'NONE',  ( -0.8379999999999999671, -0.09800000000000000377, 0.03400000000000000244 ) ) ;
#1222 = EDGE_LOOP ( 'NONE', ( #1841, #6, #556, #823, #1544, #1246 ) ) ;
#1223 = CARTESIAN_POINT ( 'NONE',  ( -1.294999999999999929, 0.4020000000000000240, 0.000000000000000000 ) ) ;
#1224 = EDGE_CURVE ( 'NONE', #1364, #2142, #2175, .T. ) ;
#1225 = ORIENTED_EDGE ( 'NONE', *, *, #1507, .T. ) ;
#1226 = ORIENTED_EDGE ( 'NONE', *, *, #1827, .T. ) ;
#1227 = CARTESIAN_POINT ( 'NONE',  ( -1.294999999999999929, 0.9020000000000000240, 0.05099999999999999672 ) ) ;
#1228 = ORIENTED_EDGE ( 'NONE', *, *, #122, .T. ) ;
#1229 = DIRECTION ( 'NONE',  ( 0.000000000000000000, 1.000000000000000000, 0.000000000000000000 ) ) ;
#1230 =( GEOMETRIC_REPRESENTATION_CONTEXT ( 3 ) GLOBAL_UNCERTAINTY_ASSIGNED_CONTEXT ( ( #1471 ) ) GLOBAL_UNIT_ASSIGNED_CONTEXT ( ( #1835, #60, #434 ) ) REPRESENTATION_CONTEXT ( 'NONE', 'WORKASPACE' ) );
#1231 = EDGE_CURVE ( 'NONE', #294, #1259, #378, .T. ) ;
#1232 = VERTEX_POINT ( 'NONE', #694 ) ;
#1233 = CARTESIAN_POINT ( 'NONE',  ( 0.9903333333333332877, -0.4020000000000000240, 0.000000000000000000 ) ) ;
#1234 = PRESENTATION_STYLE_ASSIGNMENT (( #1990 ) ) ;
#1235 = DIRECTION ( 'NONE',  ( 0.000000000000000000, 0.000000000000000000, -1.000000000000000000 ) ) ;
#1236 = CARTESIAN_POINT ( 'NONE',  ( -1.294999999999999929, -0.5979999999999999760, 0.000000000000000000 ) ) ;
#1237 = CARTESIAN_POINT ( 'NONE',  ( -0.2500000000000000000, 3.736293339848877010E-17, 0.7909999999999999254 ) ) ;
#1238 = VERTEX_POINT ( 'NONE', #665 ) ;
#1239 = EDGE_CURVE ( 'NONE', #1651, #1430, #1067, .T. ) ;
#1240 = EDGE_LOOP ( 'NONE', ( #2156, #2150, #2076, #1024 ) ) ;
#1241 = CARTESIAN_POINT ( 'NONE',  ( 1.294999999999999929, -0.9020000000000000240, 0.3469999999999999751 ) ) ;
#1242 = CARTESIAN_POINT ( 'NONE',  ( -1.294999999999999929, -0.4020000000000000240, 0.1989999999999999825 ) ) ;
#1243 = EDGE_LOOP ( 'NONE', ( #1193, #1056, #126, #142 ) ) ;
#1244 = CARTESIAN_POINT ( 'NONE',  ( 1.294999999999999929, 0.4020000000000000240, 0.1989999999999999825 ) ) ;
#1245 = ORIENTED_EDGE ( 'NONE', *, *, #1202, .F. ) ;
#1246 = ORIENTED_EDGE ( 'NONE', *, *, #1632, .T. ) ;
#1247 = CARTESIAN_POINT ( 'NONE',  ( 0.4420982126971167436, 0.000000000000000000, 0.8909999999999999032 ) ) ;
#1248 = EDGE_CURVE ( 'NONE', #1238, #152, #918, .T. ) ;
#1249 = FILL_AREA_STYLE ('',( #13 ) ) ;
#1250 = CARTESIAN_POINT ( 'NONE',  ( 1.294999999999999929, 0.09800000000000000377, 0.4949999999999999956 ) ) ;
#1251 = PLANE ( 'NONE',  #2072 ) ;
#1252 = DIRECTION ( 'NONE',  ( 1.000000000000000000, 0.000000000000000000, 0.000000000000000000 ) ) ;
#1253 = DIRECTION ( 'NONE',  ( 0.000000000000000000, 0.000000000000000000, 1.000000000000000000 ) ) ;
#1254 = EDGE_LOOP ( 'NONE', ( #1052, #2283, #1134, #1006 ) ) ;
#1255 = PRESENTATION_STYLE_ASSIGNMENT (( #1276 ) ) ;
#1256 = ORIENTED_EDGE ( 'NONE', *, *, #2185, .F. ) ;
#1257 = DIRECTION ( 'NONE',  ( 1.000000000000000000, 0.000000000000000000, 0.000000000000000000 ) ) ;
#1258 = B_SPLINE_CURVE_WITH_KNOTS ( 'NONE', 3,
 ( #814, #2082, #2227, #625 ),
 .UNSPECIFIED., .F., .F.,
 ( 4, 4 ),
 ( 0.1030303030303029999, 1.000000000000000000 ),
 .UNSPECIFIED. ) ;
#1259 = VERTEX_POINT ( 'NONE', #1223 ) ;
#1260 = FILL_AREA_STYLE ('',( #1784 ) ) ;
#1261 = EDGE_CURVE ( 'NONE', #868, #1776, #792, .T. ) ;
#1262 = CIRCLE ( 'NONE', #1450, 0.06477000000000002200 ) ;
#1263 = CARTESIAN_POINT ( 'NONE',  ( -1.294999999999999929, -0.9020000000000000240, 0.1989999999999999825 ) ) ;
#1264 = VERTEX_POINT ( 'NONE', #1778 ) ;
#1265 = ORIENTED_EDGE ( 'NONE', *, *, #363, .T. ) ;
#1266 = ORIENTED_EDGE ( 'NONE', *, *, #80, .T. ) ;
#1267 = PRESENTATION_LAYER_ASSIGNMENT (  '', '', ( #31 ) ) ;
#1268 = CARTESIAN_POINT ( 'NONE',  ( 1.294999999999999929, 0.5979999999999999760, 0.000000000000000000 ) ) ;
#1269 = ORIENTED_EDGE ( 'NONE', *, *, #2029, .F. ) ;
#1270 = PLANE ( 'NONE',  #1661 ) ;
#1271 = B_SPLINE_CURVE_WITH_KNOTS ( 'NONE', 3,
 ( #978, #428, #1466, #1328 ),
 .UNSPECIFIED., .F., .F.,
 ( 4, 4 ),
 ( 0.000000000000000000, 1.000000000000000000 ),
 .UNSPECIFIED. ) ;
#1272 = CARTESIAN_POINT ( 'NONE',  ( -0.8379999999999999671, -0.9020000000000000240, 0.05099999999999999672 ) ) ;
#1273 = CARTESIAN_POINT ( 'NONE',  ( 1.294999999999999929, -1.294999999999999929, 0.9909999999999998810 ) ) ;
#1274 = B_SPLINE_CURVE_WITH_KNOTS ( 'NONE', 3,
 ( #330, #1174, #454, #2088 ),
 .UNSPECIFIED., .F., .F.,
 ( 4, 4 ),
 ( 0.000000000000000000, 1.000000000000000000 ),
 .UNSPECIFIED. ) ;
#1275 = EDGE_CURVE ( 'NONE', #1572, #1293, #1428, .T. ) ;
#1276 = SURFACE_STYLE_USAGE ( .BOTH. , #1953 ) ;
#1277 = ORIENTED_EDGE ( 'NONE', *, *, #1287, .T. ) ;
#1278 = CARTESIAN_POINT ( 'NONE',  ( -1.036000000000000032, 0.7500000000000000000, 0.9909999999999998810 ) ) ;
#1279 = ORIENTED_EDGE ( 'NONE', *, *, #258, .T. ) ;
#1280 = CARTESIAN_POINT ( 'NONE',  ( 1.294999999999999929, 0.5979999999999999760, 0.03400000000000000244 ) ) ;
#1281 = PLANE ( 'NONE',  #877 ) ;
#1282 = DIRECTION ( 'NONE',  ( 0.000000000000000000, 1.000000000000000000, 0.000000000000000000 ) ) ;
#1283 = CARTESIAN_POINT ( 'NONE',  ( 0.8379999999999999671, -0.9020000000000000240, 0.05099999999999999672 ) ) ;
#1284 = PRESENTATION_LAYER_ASSIGNMENT (  '', '', ( #972 ) ) ;
#1285 = UNCERTAINTY_MEASURE_WITH_UNIT (LENGTH_MEASURE( 1.000000000000000082E-05 ), #740, 'distance_accuracy_value', 'NONE');
#1286 = B_SPLINE_CURVE_WITH_KNOTS ( 'NONE', 3,
 ( #1691, #810, #1155, #91 ),
 .UNSPECIFIED., .F., .F.,
 ( 4, 4 ),
 ( 0.000000000000000000, 1.000000000000000000 ),
 .UNSPECIFIED. ) ;
#1287 = EDGE_CURVE ( 'NONE', #1128, #817, #1673, .T. ) ;
#1288 = CARTESIAN_POINT ( 'NONE',  ( 1.294999999999999929, -0.09800000000000000377, 0.05099999999999999672 ) ) ;
#1289 =( NAMED_UNIT ( * ) SI_UNIT ( $, .STERADIAN. ) SOLID_ANGLE_UNIT ( ) );
#1290 = CARTESIAN_POINT ( 'NONE',  ( -1.294999999999999929, -0.4020000000000000240, 0.05099999999999999672 ) ) ;
#1291 = CARTESIAN_POINT ( 'NONE',  ( 0.000000000000000000, 0.000000000000000000, 0.7909999999999999254 ) ) ;
#1292 = STYLED_ITEM ( 'NONE', ( #1815 ), #1809 ) ;
#1293 = VERTEX_POINT ( 'NONE', #1036 ) ;
#1294 = DIRECTION ( 'NONE',  ( 1.000000000000000000, 0.000000000000000000, 0.000000000000000000 ) ) ;
#1295 = MANIFOLD_SOLID_BREP ( 'Fillet1', #1906 ) ;
#1296 = AXIS2_PLACEMENT_3D ( 'NONE', #2000, #1810, #47 ) ;
#1297 = VERTEX_POINT ( 'NONE', #1573 ) ;
#1298 = CARTESIAN_POINT ( 'NONE',  ( -1.294999999999999929, -0.5979999999999999760, 0.000000000000000000 ) ) ;
#1299 = MANIFOLD_SOLID_BREP ( 'SHT3x-DIS_SEN.step[11]', #2097 ) ;
#1300 = CARTESIAN_POINT ( 'NONE',  ( 1.294999999999999929, 0.4020000000000000240, 0.05099999999999999672 ) ) ;
#1301 = EDGE_LOOP ( 'NONE', ( #1335, #2041, #254, #515 ) ) ;
#1302 = DIRECTION ( 'NONE',  ( 0.000000000000000000, -1.000000000000000000, 0.000000000000000000 ) ) ;
#1303 = FACE_OUTER_BOUND ( 'NONE', #818, .T. ) ;
#1304 = B_SPLINE_CURVE_WITH_KNOTS ( 'NONE', 3,
 ( #2149, #92, #800, #206 ),
 .UNSPECIFIED., .F., .F.,
 ( 4, 4 ),
 ( 0.000000000000000000, 1.000000000000000000 ),
 .UNSPECIFIED. ) ;
#1305 = EDGE_CURVE ( 'NONE', #2197, #100, #489, .T. ) ;
#1306 = CARTESIAN_POINT ( 'NONE',  ( -0.8379999999999999671, 0.4020000000000000240, 0.03400000000000000244 ) ) ;
#1307 = DIRECTION ( 'NONE',  ( 0.000000000000000000, 0.000000000000000000, 1.000000000000000000 ) ) ;
#1308 = VECTOR ( 'NONE', #1302, 1000.000000000000000 ) ;
#1309 = CARTESIAN_POINT ( 'NONE',  ( 1.294999999999999929, 1.294999999999999929, 0.05099999999999999672 ) ) ;
#1310 = MANIFOLD_SOLID_BREP ( 'SHT3x-DIS_SEN.step[4]', #2210 ) ;
#1311 = ADVANCED_FACE ( 'NONE', ( #210 ), #364, .T. ) ;
#1312 = B_SPLINE_CURVE_WITH_KNOTS ( 'NONE', 3,
 ( #2262, #1175, #1742, #621 ),
 .UNSPECIFIED., .F., .F.,
 ( 4, 4 ),
 ( 0.000000000000000000, 1.000000000000000000 ),
 .UNSPECIFIED. ) ;
#1313 = CARTESIAN_POINT ( 'NONE',  ( 1.294999999999999929, -0.09800000000000000377, 0.01700000000000000122 ) ) ;
#1314 = CARTESIAN_POINT ( 'NONE',  ( -0.8379999999999999671, 0.3006666666666666377, 0.05099999999999999672 ) ) ;
#1315 = FACE_OUTER_BOUND ( 'NONE', #139, .T. ) ;
#1316 = EDGE_CURVE ( 'NONE', #1238, #1232, #1141, .T. ) ;
#1317 = CARTESIAN_POINT ( 'NONE',  ( 1.294999999999999929, -0.5979999999999999760, 0.000000000000000000 ) ) ;
#1318 = DIRECTION ( 'NONE',  ( 1.000000000000000000, 0.000000000000000000, 0.000000000000000000 ) ) ;
#1319 = MANIFOLD_SOLID_BREP ( 'SHT3x-DIS_SEN.step[2]', #904 ) ;
#1320 = ORIENTED_EDGE ( 'NONE', *, *, #883, .F. ) ;
#1321 = PRESENTATION_STYLE_ASSIGNMENT (( #1108 ) ) ;
#1322 = MANIFOLD_SOLID_BREP ( 'SHT3x-DIS_SEN.step[1]', #117 ) ;
#1323 = DIRECTION ( 'NONE',  ( 0.000000000000000000, -1.000000000000000000, 0.000000000000000000 ) ) ;
#1324 = CARTESIAN_POINT ( 'NONE',  ( -0.8379999999999999671, -0.6993333333333333623, 0.05099999999999999672 ) ) ;
#1325 = PLANE ( 'NONE',  #731 ) ;
#1326 = MANIFOLD_SOLID_BREP ( 'SHT3x-DIS_SEN.step[7]', #1199 ) ;
#1327 = CARTESIAN_POINT ( 'NONE',  ( -0.9903333333333332877, -0.4020000000000000240, 0.000000000000000000 ) ) ;
#1328 = CARTESIAN_POINT ( 'NONE',  ( 1.294999999999999929, -0.5979999999999999760, 0.000000000000000000 ) ) ;
#1329 = EDGE_CURVE ( 'NONE', #1613, #1173, #1135, .T. ) ;
#1330 = ORIENTED_EDGE ( 'NONE', *, *, #1042, .F. ) ;
#1331 = B_SPLINE_CURVE_WITH_KNOTS ( 'NONE', 3,
 ( #1824, #2145, #12, #921 ),
 .UNSPECIFIED., .F., .F.,
 ( 4, 4 ),
 ( 0.000000000000000000, 0.8969696969696969724 ),
 .UNSPECIFIED. ) ;
#1332 = AXIS2_PLACEMENT_3D ( 'NONE', #1852, #1988, #377 ) ;
#1333 = AXIS2_PLACEMENT_3D ( 'NONE', #1078, #1979, #1631 ) ;
#1334 = FACE_OUTER_BOUND ( 'NONE', #153, .T. ) ;
#1335 = ORIENTED_EDGE ( 'NONE', *, *, #161, .F. ) ;
#1336 = EDGE_LOOP ( 'NONE', ( #1749, #2106, #2263, #2272 ) ) ;
#1337 = CARTESIAN_POINT ( 'NONE',  ( -0.8379999999999999671, 0.09800000000000000377, 0.05099999999999999672 ) ) ;
#1338 = CARTESIAN_POINT ( 'NONE',  ( -1.294999999999999929, 0.9020000000000000240, 0.4949999999999999956 ) ) ;
#1339 = DIRECTION ( 'NONE',  ( 1.000000000000000000, 0.000000000000000000, 0.000000000000000000 ) ) ;
#1340 = CARTESIAN_POINT ( 'NONE',  ( 1.294999999999999929, 0.09800000000000000377, 0.000000000000000000 ) ) ;
#1341 = B_SPLINE_CURVE_WITH_KNOTS ( 'NONE', 3,
 ( #327, #2111, #1386, #1587 ),
 .UNSPECIFIED., .F., .F.,
 ( 4, 4 ),
 ( 0.000000000000000000, 1.000000000000000000 ),
 .UNSPECIFIED. ) ;
#1342 = ORIENTED_EDGE ( 'NONE', *, *, #2109, .T. ) ;
#1343 = EDGE_CURVE ( 'NONE', #1963, #2112, #1258, .T. ) ;
#1344 = DIRECTION ( 'NONE',  ( 0.000000000000000000, 0.000000000000000000, -1.000000000000000000 ) ) ;
#1345 = ORIENTED_EDGE ( 'NONE', *, *, #2069, .F. ) ;
#1346 = EDGE_LOOP ( 'NONE', ( #642, #133, #1416, #150, #1595, #2084 ) ) ;
#1347 = FACE_OUTER_BOUND ( 'NONE', #614, .T. ) ;
#1348 = CARTESIAN_POINT ( 'NONE',  ( 0.8379999999999999671, 0.09800000000000000377, 0.05099999999999999672 ) ) ;
#1349 = CARTESIAN_POINT ( 'NONE',  ( -0.8379999999999999671, 0.8006666666666666377, 0.05099999999999999672 ) ) ;
#1350 = CARTESIAN_POINT ( 'NONE',  ( 1.294999999999999929, 1.294999999999999929, 0.9909999999999998810 ) ) ;
#1351 = CARTESIAN_POINT ( 'NONE',  ( -1.294999999999999929, 0.09800000000000000377, 0.000000000000000000 ) ) ;
#1352 = STYLED_ITEM ( 'NONE', ( #1832 ), #1310 ) ;
#1353 = FILL_AREA_STYLE_COLOUR ( '', #1642 ) ;
#1354 = CARTESIAN_POINT ( 'NONE',  ( 1.294999999999999929, 0.09800000000000000377, 0.05099999999999999672 ) ) ;
#1355 = EDGE_CURVE ( 'NONE', #1049, #598, #408, .T. ) ;
#1356 = VERTEX_POINT ( 'NONE', #805 ) ;
#1357 = CARTESIAN_POINT ( 'NONE',  ( -1.294999999999999929, 0.5979999999999999760, 0.05099999999999999672 ) ) ;
#1358 = MECHANICAL_DESIGN_GEOMETRIC_PRESENTATION_REPRESENTATION (  '', ( #972 ), #343 ) ;
#1359 = CARTESIAN_POINT ( 'NONE',  ( -0.8379999999999999671, 0.5979999999999999760, 0.05099999999999999672 ) ) ;
#1360 = CARTESIAN_POINT ( 'NONE',  ( 1.294999999999999929, 0.5979999999999999760, 0.05099999999999999672 ) ) ;
#1361 = CARTESIAN_POINT ( 'NONE',  ( 0.8379999999999999671, -0.09800000000000000377, 0.000000000000000000 ) ) ;
#1362 = CARTESIAN_POINT ( 'NONE',  ( -1.294999999999999929, -0.1993333333333333068, 0.05099999999999999672 ) ) ;
#1363 = SURFACE_STYLE_FILL_AREA ( #639 ) ;
#1364 = VERTEX_POINT ( 'NONE', #450 ) ;
#1365 = CARTESIAN_POINT ( 'NONE',  ( -0.5969999999999999751, 0.9520000000000000684, 0.05099999999999999672 ) ) ;
#1366 = AXIS2_PLACEMENT_3D ( 'NONE', #1876, #1518, #271 ) ;
#1367 = ORIENTED_EDGE ( 'NONE', *, *, #1261, .F. ) ;
#1368 = DIRECTION ( 'NONE',  ( -0.000000000000000000, -0.000000000000000000, -1.000000000000000000 ) ) ;
#1369 = CARTESIAN_POINT ( 'NONE',  ( -1.294999999999999929, 0.9020000000000000240, 0.05099999999999999672 ) ) ;
#1370 = DIRECTION ( 'NONE',  ( 0.000000000000000000, 1.000000000000000000, 0.000000000000000000 ) ) ;
#1371 = ADVANCED_FACE ( 'NONE', ( #282 ), #75, .T. ) ;
#1372 = CARTESIAN_POINT ( 'NONE',  ( 0.2500000000000000000, 0.000000000000000000, 0.7909999999999991482 ) ) ;
#1373 =( NAMED_UNIT ( * ) PLANE_ANGLE_UNIT ( ) SI_UNIT ( $, .RADIAN. ) );
#1374 = VERTEX_POINT ( 'NONE', #1850 ) ;
#1375 = CARTESIAN_POINT ( 'NONE',  ( 0.8379999999999999671, -0.9020000000000000240, 0.000000000000000000 ) ) ;
#1376 = EDGE_LOOP ( 'NONE', ( #1076, #2261, #1196, #2165, #284, #871 ) ) ;
#1377 = ORIENTED_EDGE ( 'NONE', *, *, #1966, .F. ) ;
#1378 = CARTESIAN_POINT ( 'NONE',  ( 1.294999999999999929, -0.09800000000000000377, 0.000000000000000000 ) ) ;
#1379 = ORIENTED_EDGE ( 'NONE', *, *, #57, .T. ) ;
#1380 = DIRECTION ( 'NONE',  ( 1.000000000000000000, 0.000000000000000000, 0.000000000000000000 ) ) ;
#1381 = B_SPLINE_CURVE_WITH_KNOTS ( 'NONE', 3,
 ( #171, #669, #1890, #2293 ),
 .UNSPECIFIED., .F., .F.,
 ( 4, 4 ),
 ( 0.000000000000000000, 1.000000000000000000 ),
 .UNSPECIFIED. ) ;
#1382 = CARTESIAN_POINT ( 'NONE',  ( -0.4420982126971167436, 5.414141610882897228E-17, 0.8909999999999999032 ) ) ;
#1383 = EDGE_CURVE ( 'NONE', #796, #294, #599, .T. ) ;
#1384 = CARTESIAN_POINT ( 'NONE',  ( 0.8379999999999999671, 0.4020000000000000240, 0.000000000000000000 ) ) ;
#1385 = VERTEX_POINT ( 'NONE', #246 ) ;
#1386 = CARTESIAN_POINT ( 'NONE',  ( -0.9903333333333332877, -0.5979999999999999760, 0.000000000000000000 ) ) ;
#1387 = DIRECTION ( 'NONE',  ( 0.000000000000000000, 1.000000000000000000, 0.000000000000000000 ) ) ;
#1388 = FACE_BOUND ( 'NONE', #339, .T. ) ;
#1389 = FACE_OUTER_BOUND ( 'NONE', #1346, .T. ) ;
#1390 = CARTESIAN_POINT ( 'NONE',  ( 0.8379999999999999671, -0.8006666666666666377, 0.05099999999999999672 ) ) ;
#1391 = ORIENTED_EDGE ( 'NONE', *, *, #883, .T. ) ;
#1392 = EDGE_CURVE ( 'NONE', #971, #1546, #1860, .T. ) ;
#1393 = LINE ( 'NONE', #1692, #1478 ) ;
#1394 = ORIENTED_EDGE ( 'NONE', *, *, #471, .F. ) ;
#1395 = ADVANCED_FACE ( 'NONE', ( #2049 ), #1787, .T. ) ;
#1396 =( LENGTH_UNIT ( ) NAMED_UNIT ( * ) SI_UNIT ( .MILLI., .METRE. ) );
#1397 = ORIENTED_EDGE ( 'NONE', *, *, #1209, .F. ) ;
#1398 = ORIENTED_EDGE ( 'NONE', *, *, #372, .F. ) ;
#1399 = ORIENTED_EDGE ( 'NONE', *, *, #488, .F. ) ;
#1400 = CARTESIAN_POINT ( 'NONE',  ( 1.294999999999999929, 0.4020000000000000240, 0.05099999999999999672 ) ) ;
#1401 = STYLED_ITEM ( 'NONE', ( #2098 ), #1295 ) ;
#1402 = EDGE_LOOP ( 'NONE', ( #1009, #1459, #269, #1733 ) ) ;
#1403 = FACE_OUTER_BOUND ( 'NONE', #1761, .T. ) ;
#1404 = AXIS2_PLACEMENT_3D ( 'NONE', #280, #1596, #1217 ) ;
#1405 = CARTESIAN_POINT ( 'NONE',  ( -0.8379999999999999671, -0.4020000000000000240, 0.05099999999999999672 ) ) ;
#1406 = EDGE_CURVE ( 'NONE', #817, #1663, #1029, .T. ) ;
#1407 = PLANE ( 'NONE',  #1804 ) ;
#1408 = DIRECTION ( 'NONE',  ( 0.000000000000000000, -1.000000000000000000, 0.000000000000000000 ) ) ;
#1409 = CARTESIAN_POINT ( 'NONE',  ( 1.294999999999999929, -0.5979999999999999760, 0.05099999999999999672 ) ) ;
#1410 = EDGE_LOOP ( 'NONE', ( #1367, #1399, #376, #1345 ) ) ;
#1411 = ORIENTED_EDGE ( 'NONE', *, *, #1485, .T. ) ;
#1412 = AXIS2_PLACEMENT_3D ( 'NONE', #2269, #23, #1914 ) ;
#1413 = CARTESIAN_POINT ( 'NONE',  ( -1.294999999999999929, -0.8006666666666666377, 0.05099999999999999672 ) ) ;
#1414 = EDGE_CURVE ( 'NONE', #2218, #7, #1023, .T. ) ;
#1415 =( NAMED_UNIT ( * ) SI_UNIT ( $, .STERADIAN. ) SOLID_ANGLE_UNIT ( ) );
#1416 = ORIENTED_EDGE ( 'NONE', *, *, #535, .T. ) ;
#1417 = CARTESIAN_POINT ( 'NONE',  ( 0.8379999999999999671, -0.4020000000000000240, 0.000000000000000000 ) ) ;
#1418 = AXIS2_PLACEMENT_3D ( 'NONE', #124, #997, #111 ) ;
#1419 = VERTEX_POINT ( 'NONE', #2282 ) ;
#1420 = CARTESIAN_POINT ( 'NONE',  ( 0.000000000000000000, 0.000000000000000000, 0.9483576436351043304 ) ) ;
#1421 = CARTESIAN_POINT ( 'NONE',  ( 1.294999999999999929, -0.4020000000000000240, 0.000000000000000000 ) ) ;
#1422 = B_SPLINE_CURVE_WITH_KNOTS ( 'NONE', 3,
 ( #592, #1463, #1313, #46 ),
 .UNSPECIFIED., .F., .F.,
 ( 4, 4 ),
 ( 0.000000000000000000, 1.000000000000000000 ),
 .UNSPECIFIED. ) ;
#1423 = CARTESIAN_POINT ( 'NONE',  ( 1.294999999999999929, 0.4020000000000000240, 0.4949999999999999956 ) ) ;
#1424 = LINE ( 'NONE', #1063, #573 ) ;
#1425 = AXIS2_PLACEMENT_3D ( 'NONE', #1880, #1219, #1032 ) ;
#1426 = FACE_OUTER_BOUND ( 'NONE', #2154, .T. ) ;
#1427 = ORIENTED_EDGE ( 'NONE', *, *, #585, .T. ) ;
#1428 = LINE ( 'NONE', #2140, #795 ) ;
#1429 = ORIENTED_EDGE ( 'NONE', *, *, #1003, .T. ) ;
#1430 = VERTEX_POINT ( 'NONE', #881 ) ;
#1431 = CARTESIAN_POINT ( 'NONE',  ( 0.9903333333333332877, -0.9020000000000000240, 0.000000000000000000 ) ) ;
#1432 = EDGE_CURVE ( 'NONE', #1010, #658, #382, .T. ) ;
#1433 = ORIENTED_EDGE ( 'NONE', *, *, #68, .F. ) ;
#1434 = DIRECTION ( 'NONE',  ( 0.000000000000000000, 0.000000000000000000, 1.000000000000000000 ) ) ;
#1435 = CLOSED_SHELL ( 'NONE', ( #2050, #295, #2201, #2053, #228, #168, #2300 ) ) ;
#1436 = CARTESIAN_POINT ( 'NONE',  ( 0.8379999999999999671, 0.5979999999999999760, 0.03400000000000000244 ) ) ;
#1437 = CARTESIAN_POINT ( 'NONE',  ( -1.294999999999999929, 0.8006666666666666377, 0.000000000000000000 ) ) ;
#1438 = CARTESIAN_POINT ( 'NONE',  ( 0.8379999999999999671, 0.09800000000000000377, 0.000000000000000000 ) ) ;
#1439 = CARTESIAN_POINT ( 'NONE',  ( 1.294999999999999929, 0.09800000000000000377, 0.000000000000000000 ) ) ;
#1440 = ORIENTED_EDGE ( 'NONE', *, *, #1564, .F. ) ;
#1441 =( NAMED_UNIT ( * ) PLANE_ANGLE_UNIT ( ) SI_UNIT ( $, .RADIAN. ) );
#1442 = VERTEX_POINT ( 'NONE', #1932 ) ;
#1443 = ORIENTED_EDGE ( 'NONE', *, *, #237, .F. ) ;
#1444 = ORIENTED_EDGE ( 'NONE', *, *, #398, .T. ) ;
#1445 = CARTESIAN_POINT ( 'NONE',  ( 1.294999999999999929, 0.4020000000000000240, 0.4949999999999999956 ) ) ;
#1446 = VERTEX_POINT ( 'NONE', #1237 ) ;
#1447 = CARTESIAN_POINT ( 'NONE',  ( -0.8379999999999999671, -0.4020000000000000240, 0.01700000000000000122 ) ) ;
#1448 = PRESENTATION_LAYER_ASSIGNMENT (  '', '', ( #1401 ) ) ;
#1449 = EDGE_CURVE ( 'NONE', #704, #1873, #750, .T. ) ;
#1450 = AXIS2_PLACEMENT_3D ( 'NONE', #1026, #345, #2143 ) ;
#1451 = DIRECTION ( 'NONE',  ( 0.000000000000000000, 0.000000000000000000, 1.000000000000000000 ) ) ;
#1452 = FACE_OUTER_BOUND ( 'NONE', #996, .T. ) ;
#1453 =( LENGTH_UNIT ( ) NAMED_UNIT ( * ) SI_UNIT ( .MILLI., .METRE. ) );
#1454 = PRESENTATION_LAYER_ASSIGNMENT (  '', '', ( #654 ) ) ;
#1455 = ADVANCED_FACE ( 'NONE', ( #2124 ), #1763, .T. ) ;
#1456 = CARTESIAN_POINT ( 'NONE',  ( -0.8379999999999999671, 0.09800000000000000377, 0.000000000000000000 ) ) ;
#1457 = FILL_AREA_STYLE ('',( #214 ) ) ;
#1458 = PRODUCT_DEFINITION_FORMATION_WITH_SPECIFIED_SOURCE ( 'ANY', '', #1008, .NOT_KNOWN. ) ;
#1459 = ORIENTED_EDGE ( 'NONE', *, *, #2239, .T. ) ;
#1460 = CARTESIAN_POINT ( 'NONE',  ( -1.294999999999999929, -0.9020000000000000240, 0.3469999999999999751 ) ) ;
#1461 = ADVANCED_FACE ( 'NONE', ( #1915 ), #715, .T. ) ;
#1462 = FILL_AREA_STYLE ('',( #754 ) ) ;
#1463 = CARTESIAN_POINT ( 'NONE',  ( 1.294999999999999929, -0.09800000000000000377, 0.03400000000000000244 ) ) ;
#1464 = AXIS2_PLACEMENT_3D ( 'NONE', #1996, #385, #229 ) ;
#1465 = CYLINDRICAL_SURFACE ( 'NONE', #1924, 0.06477000000000002200 ) ;
#1466 = CARTESIAN_POINT ( 'NONE',  ( 1.294999999999999929, -0.5979999999999999760, 0.01700000000000000122 ) ) ;
#1467 = CARTESIAN_POINT ( 'NONE',  ( 0.8379999999999999671, -0.09800000000000000377, 0.01700000000000000122 ) ) ;
#1468 = CARTESIAN_POINT ( 'NONE',  ( 1.294999999999999929, -0.09800000000000000377, 0.000000000000000000 ) ) ;
#1469 = AXIS2_PLACEMENT_3D ( 'NONE', #524, #172, #876 ) ;
#1470 = EDGE_CURVE ( 'NONE', #1206, #568, #1163, .T. ) ;
#1471 = UNCERTAINTY_MEASURE_WITH_UNIT (LENGTH_MEASURE( 1.000000000000000082E-05 ), #1835, 'distance_accuracy_value', 'NONE');
#1472 = EDGE_CURVE ( 'NONE', #568, #882, #1061, .T. ) ;
#1473 = CARTESIAN_POINT ( 'NONE',  ( 0.8379999999999999671, 0.09800000000000000377, 0.000000000000000000 ) ) ;
#1474 = CARTESIAN_POINT ( 'NONE',  ( -1.294999999999999929, 0.09800000000000000377, 0.000000000000000000 ) ) ;
#1475 = SURFACE_STYLE_USAGE ( .BOTH. , #414 ) ;
#1476 = B_SPLINE_CURVE_WITH_KNOTS ( 'NONE', 3,
 ( #240, #1643, #67, #563 ),
 .UNSPECIFIED., .F., .F.,
 ( 4, 4 ),
 ( 0.000000000000000000, 1.000000000000000000 ),
 .UNSPECIFIED. ) ;
#1477 = CARTESIAN_POINT ( 'NONE',  ( -0.8379999999999999671, 0.4020000000000000240, 0.000000000000000000 ) ) ;
#1478 = VECTOR ( 'NONE', #1659, 1000.000000000000000 ) ;
#1479 = EDGE_LOOP ( 'NONE', ( #504, #870, #1077, #869 ) ) ;
#1480 = ADVANCED_FACE ( 'NONE', ( #1426 ), #852, .T. ) ;
#1481 = CARTESIAN_POINT ( 'NONE',  ( -1.294999999999999929, -0.5979999999999999760, 0.1989999999999999825 ) ) ;
#1482 = CARTESIAN_POINT ( 'NONE',  ( -1.036000000000000032, 0.7500000000000000000, 0.9909999999999998810 ) ) ;
#1483 =( LENGTH_UNIT ( ) NAMED_UNIT ( * ) SI_UNIT ( .MILLI., .METRE. ) );
#1484 = CARTESIAN_POINT ( 'NONE',  ( 0.8379999999999999671, 0.9020000000000000240, 0.000000000000000000 ) ) ;
#1485 = EDGE_CURVE ( 'NONE', #1264, #331, #1885, .T. ) ;
#1486 = PLANE ( 'NONE',  #185 ) ;
#1487 = CARTESIAN_POINT ( 'NONE',  ( 1.294999999999999929, -0.3006666666666667487, 0.000000000000000000 ) ) ;
#1488 = PLANE ( 'NONE',  #1107 ) ;
#1489 = CARTESIAN_POINT ( 'NONE',  ( -1.294999999999999929, -1.294999999999999929, 0.05099999999999999672 ) ) ;
#1490 = EDGE_LOOP ( 'NONE', ( #1379, #1265, #935, #619 ) ) ;
#1491 = CARTESIAN_POINT ( 'NONE',  ( -1.294999968750000230, -0.5979999999999999760, 0.05099999999999999672 ) ) ;
#1492 = CARTESIAN_POINT ( 'NONE',  ( 0.8379999999999999671, 0.6993333333333333623, 0.000000000000000000 ) ) ;
#1493 = DIRECTION ( 'NONE',  ( 0.000000000000000000, 0.000000000000000000, -1.000000000000000000 ) ) ;
#1494 = EDGE_CURVE ( 'NONE', #2142, #285, #2317, .T. ) ;
#1495 = CARTESIAN_POINT ( 'NONE',  ( 1.294999999999999929, -0.1993333333333333068, 0.05099999999999999672 ) ) ;
#1496 = CARTESIAN_POINT ( 'NONE',  ( -1.294999999999999929, 0.5979999999999999760, 0.05099999999999999672 ) ) ;
#1497 = ORIENTED_EDGE ( 'NONE', *, *, #1160, .T. ) ;
#1498 = CARTESIAN_POINT ( 'NONE',  ( -1.294999999999999929, 0.9020000000000000240, 0.4949999999999999956 ) ) ;
#1499 = AXIS2_PLACEMENT_3D ( 'NONE', #1540, #1001, #1900 ) ;
#1500 = SURFACE_SIDE_STYLE ('',( #969 ) ) ;
#1501 = CARTESIAN_POINT ( 'NONE',  ( 0.8379999999999999671, 0.4020000000000000240, 0.05099999999999999672 ) ) ;
#1502 = ORIENTED_EDGE ( 'NONE', *, *, #318, .F. ) ;
#1503 = ORIENTED_EDGE ( 'NONE', *, *, #576, .F. ) ;
#1504 = DIRECTION ( 'NONE',  ( 0.000000000000000000, -1.000000000000000000, 0.000000000000000000 ) ) ;
#1505 = DIRECTION ( 'NONE',  ( 0.000000000000000000, 0.000000000000000000, 1.000000000000000000 ) ) ;
#1506 = CARTESIAN_POINT ( 'NONE',  ( -1.036000000000000032, 0.7500000000000000000, 0.9909999999999998810 ) ) ;
#1507 = EDGE_CURVE ( 'NONE', #1173, #2197, #826, .T. ) ;
#1508 = AXIS2_PLACEMENT_3D ( 'NONE', #1545, #109, #1194 ) ;
#1509 = CARTESIAN_POINT ( 'NONE',  ( -1.294999999999999929, 0.09800000000000000377, 0.000000000000000000 ) ) ;
#1510 = AXIS2_PLACEMENT_3D ( 'NONE', #415, #2212, #1339 ) ;
#1511 = DIRECTION ( 'NONE',  ( 0.000000000000000000, 0.000000000000000000, 1.000000000000000000 ) ) ;
#1512 = B_SPLINE_CURVE_WITH_KNOTS ( 'NONE', 3,
 ( #1901, #1730, #1566, #1705 ),
 .UNSPECIFIED., .F., .F.,
 ( 4, 4 ),
 ( 0.000000000000000000, 1.000000000000000000 ),
 .UNSPECIFIED. ) ;
#1513 = ORIENTED_EDGE ( 'NONE', *, *, #1470, .T. ) ;
#1514 = ORIENTED_EDGE ( 'NONE', *, *, #849, .T. ) ;
#1515 = CARTESIAN_POINT ( 'NONE',  ( 1.294999999999999929, 1.294999999999999929, 0.05099999999999999672 ) ) ;
#1516 = EDGE_CURVE ( 'NONE', #2287, #2054, #1858, .T. ) ;
#1517 = CARTESIAN_POINT ( 'NONE',  ( -1.294999999999999929, -1.294999999999999929, 0.9909999999999998810 ) ) ;
#1518 = DIRECTION ( 'NONE',  ( 0.000000000000000000, 0.000000000000000000, 1.000000000000000000 ) ) ;
#1519 = CARTESIAN_POINT ( 'NONE',  ( -0.8379999999999999671, 0.5979999999999999760, 0.000000000000000000 ) ) ;
#1520 = FACE_OUTER_BOUND ( 'NONE', #2163, .T. ) ;
#1521 = VECTOR ( 'NONE', #1504, 1000.000000000000000 ) ;
#1522 = EDGE_CURVE ( 'NONE', #420, #794, #1393, .T. ) ;
#1523 = DIRECTION ( 'NONE',  ( -0.000000000000000000, 1.000000000000000000, 0.000000000000000000 ) ) ;
#1524 = CARTESIAN_POINT ( 'NONE',  ( -0.5969999999999999751, -0.9520000000000000684, 0.000000000000000000 ) ) ;
#1525 = B_SPLINE_CURVE_WITH_KNOTS ( 'NONE', 3,
 ( #908, #1940, #1431, #1087 ),
 .UNSPECIFIED., .F., .F.,
 ( 4, 4 ),
 ( 0.000000000000000000, 1.000000000000000000 ),
 .UNSPECIFIED. ) ;
#1526 = ORIENTED_EDGE ( 'NONE', *, *, #1922, .T. ) ;
#1527 = ORIENTED_EDGE ( 'NONE', *, *, #40, .F. ) ;
#1528 = AXIS2_PLACEMENT_3D ( 'NONE', #1506, #438, #1675 ) ;
#1529 = CARTESIAN_POINT ( 'NONE',  ( 0.9903333333333332877, -0.5979999999999999760, 0.000000000000000000 ) ) ;
#1530 = FACE_OUTER_BOUND ( 'NONE', #697, .T. ) ;
#1531 = FACE_OUTER_BOUND ( 'NONE', #1243, .T. ) ;
#1532 = DIRECTION ( 'NONE',  ( 1.000000000000000000, 0.000000000000000000, 0.000000000000000000 ) ) ;
#1533 = CARTESIAN_POINT ( 'NONE',  ( 0.8379999999999999671, 0.4020000000000000240, 0.01700000000000000122 ) ) ;
#1534 = ORIENTED_EDGE ( 'NONE', *, *, #576, .T. ) ;
#1535 = EDGE_CURVE ( 'NONE', #331, #2129, #595, .T. ) ;
#1536 = ORIENTED_EDGE ( 'NONE', *, *, #2160, .T. ) ;
#1537 = DIRECTION ( 'NONE',  ( 0.000000000000000000, 0.000000000000000000, 1.000000000000000000 ) ) ;
#1538 = CARTESIAN_POINT ( 'NONE',  ( -1.294999999999999929, 0.9020000000000000240, 0.000000000000000000 ) ) ;
#1539 = CARTESIAN_POINT ( 'NONE',  ( 1.294999999999999929, 0.5979999999999999760, 0.05099999999999999672 ) ) ;
#1540 = CARTESIAN_POINT ( 'NONE',  ( -1.294999999999999929, 0.4020000000000000240, 0.000000000000000000 ) ) ;
#1541 = CARTESIAN_POINT ( 'NONE',  ( 1.294999999999999929, -0.09800000000000000377, 0.05099999999999999672 ) ) ;
#1542 = CARTESIAN_POINT ( 'NONE',  ( -0.8379999999999999671, 0.09800000000000000377, 0.05099999999999999672 ) ) ;
#1543 = ADVANCED_FACE ( 'NONE', ( #1452 ), #916, .T. ) ;
#1544 = ORIENTED_EDGE ( 'NONE', *, *, #1096, .F. ) ;
#1545 = CARTESIAN_POINT ( 'NONE',  ( -1.294999999999999929, 1.294999999999999929, 0.05099999999999999672 ) ) ;
#1546 = VERTEX_POINT ( 'NONE', #538 ) ;
#1547 = COLOUR_RGB ( '',0.7215686274509803821, 0.7215686274509803821, 0.7215686274509803821 ) ;
#1548 = DIRECTION ( 'NONE',  ( 1.000000000000000000, 0.000000000000000000, 0.000000000000000000 ) ) ;
#1549 = DIRECTION ( 'NONE',  ( 0.000000000000000000, 0.000000000000000000, -1.000000000000000000 ) ) ;
#1550 = EDGE_CURVE ( 'NONE', #1728, #1297, #1114, .T. ) ;
#1551 = DIRECTION ( 'NONE',  ( 1.000000000000000000, 0.000000000000000000, 0.000000000000000000 ) ) ;
#1552 = CARTESIAN_POINT ( 'NONE',  ( -1.294999999999999929, -0.4020000000000000240, 0.05099999999999999672 ) ) ;
#1553 = CARTESIAN_POINT ( 'NONE',  ( -0.8379999999999999671, 0.09800000000000000377, 0.01700000000000000122 ) ) ;
#1554 =( GEOMETRIC_REPRESENTATION_CONTEXT ( 3 ) GLOBAL_UNCERTAINTY_ASSIGNED_CONTEXT ( ( #1819 ) ) GLOBAL_UNIT_ASSIGNED_CONTEXT ( ( #1669, #1640, #16 ) ) REPRESENTATION_CONTEXT ( 'NONE', 'WORKASPACE' ) );
#1555 = CARTESIAN_POINT ( 'NONE',  ( 1.294999999999999929, -0.8006666666666666377, 0.05099999999999999672 ) ) ;
#1556 = EDGE_LOOP ( 'NONE', ( #1497, #519, #1725, #2205 ) ) ;
#1557 = FILL_AREA_STYLE_COLOUR ( '', #1945 ) ;
#1558 = ORIENTED_EDGE ( 'NONE', *, *, #659, .T. ) ;
#1559 = ORIENTED_EDGE ( 'NONE', *, *, #1248, .F. ) ;
#1560 = DIRECTION ( 'NONE',  ( -1.000000000000000000, 0.000000000000000000, 0.000000000000000000 ) ) ;
#1561 = ORIENTED_EDGE ( 'NONE', *, *, #1414, .F. ) ;
#1562 = CARTESIAN_POINT ( 'NONE',  ( 1.294999999999999929, -0.9020000000000000240, 0.000000000000000000 ) ) ;
#1563 = ORIENTED_EDGE ( 'NONE', *, *, #585, .F. ) ;
#1564 = EDGE_CURVE ( 'NONE', #885, #1864, #570, .T. ) ;
#1565 = CARTESIAN_POINT ( 'NONE',  ( 0.8379999999999999671, -0.9020000000000000240, 0.05099999999999999672 ) ) ;
#1566 = CARTESIAN_POINT ( 'NONE',  ( -1.142666666666666719, 0.5979999999999999760, 0.05099999999999999672 ) ) ;
#1567 = EDGE_CURVE ( 'NONE', #2054, #294, #2061, .T. ) ;
#1568 = B_SPLINE_CURVE_WITH_KNOTS ( 'NONE', 3,
 ( #2247, #1362, #291, #1718 ),
 .UNSPECIFIED., .F., .F.,
 ( 4, 4 ),
 ( 0.000000000000000000, 1.000000000000000000 ),
 .UNSPECIFIED. ) ;
#1569 = MECHANICAL_DESIGN_GEOMETRIC_PRESENTATION_REPRESENTATION (  '', ( #1654 ), #334 ) ;
#1570 = CARTESIAN_POINT ( 'NONE',  ( 0.8379999999999999671, 0.3006666666666667487, 0.05099999999999999672 ) ) ;
#1571 = ORIENTED_EDGE ( 'NONE', *, *, #2160, .F. ) ;
#1572 = VERTEX_POINT ( 'NONE', #394 ) ;
#1573 = CARTESIAN_POINT ( 'NONE',  ( 1.294999999999999929, 0.09800000000000000377, 0.05099999999999999672 ) ) ;
#1574 = ORIENTED_EDGE ( 'NONE', *, *, #2296, .F. ) ;
#1575 = ADVANCED_BREP_SHAPE_REPRESENTATION ( 'SHT3x', ( #1322, #1319, #564, #1310, #2083, #500, #1326, #536, #2114, #1299, #1295, #147 ), #2012 ) ;
#1576 = CARTESIAN_POINT ( 'NONE',  ( -1.294999999999999929, 0.9020000000000000240, 0.05099999999999999672 ) ) ;
#1577 = ORIENTED_EDGE ( 'NONE', *, *, #983, .T. ) ;
#1578 = EDGE_CURVE ( 'NONE', #2153, #1238, #265, .T. ) ;
#1579 = CARTESIAN_POINT ( 'NONE',  ( 0.8379999999999999671, 0.4020000000000000240, 0.05099999999999999672 ) ) ;
#1580 = VERTEX_POINT ( 'NONE', #559 ) ;
#1581 = VERTEX_POINT ( 'NONE', #1994 ) ;
#1582 = FACE_OUTER_BOUND ( 'NONE', #487, .T. ) ;
#1583 = CARTESIAN_POINT ( 'NONE',  ( -0.8379999999999999671, -0.4020000000000000240, 0.03400000000000000244 ) ) ;
#1584 = FACE_OUTER_BOUND ( 'NONE', #2074, .T. ) ;
#1585 = CARTESIAN_POINT ( 'NONE',  ( 0.9903333333333332877, 0.4020000000000000240, 0.000000000000000000 ) ) ;
#1586 = EDGE_CURVE ( 'NONE', #1048, #2096, #687, .T. ) ;
#1587 = CARTESIAN_POINT ( 'NONE',  ( -0.8379999999999999671, -0.5979999999999999760, 0.000000000000000000 ) ) ;
#1588 = B_SPLINE_CURVE_WITH_KNOTS ( 'NONE', 3,
 ( #98, #1007, #1724, #1150 ),
 .UNSPECIFIED., .F., .F.,
 ( 4, 4 ),
 ( 0.000000000000000000, 1.000000000000000000 ),
 .UNSPECIFIED. ) ;
#1589 = EDGE_LOOP ( 'NONE', ( #1088, #24, #2024, #1225 ) ) ;
#1590 = ORIENTED_EDGE ( 'NONE', *, *, #1167, .F. ) ;
#1591 = DIRECTION ( 'NONE',  ( 1.000000000000000000, 0.000000000000000000, 0.000000000000000000 ) ) ;
#1592 = ORIENTED_EDGE ( 'NONE', *, *, #1567, .T. ) ;
#1593 = B_SPLINE_CURVE_WITH_KNOTS ( 'NONE', 3,
 ( #1268, #21, #1619, #1214 ),
 .UNSPECIFIED., .F., .F.,
 ( 4, 4 ),
 ( 0.000000000000000000, 1.000000000000000000 ),
 .UNSPECIFIED. ) ;
#1594 = CARTESIAN_POINT ( 'NONE',  ( 1.294999999999999929, 0.5979999999999999760, 0.000000000000000000 ) ) ;
#1595 = ORIENTED_EDGE ( 'NONE', *, *, #973, .F. ) ;
#1596 = DIRECTION ( 'NONE',  ( 0.000000000000000000, 0.000000000000000000, -1.000000000000000000 ) ) ;
#1597 = CARTESIAN_POINT ( 'NONE',  ( 1.294999999999999929, -0.09800000000000000377, 0.000000000000000000 ) ) ;
#1598 = CARTESIAN_POINT ( 'NONE',  ( -1.294999999999999929, 0.09800000000000000377, 0.3469999999999999751 ) ) ;
#1599 = CARTESIAN_POINT ( 'NONE',  ( -0.8379999999999999671, -0.6993333333333333623, 0.000000000000000000 ) ) ;
#1600 = ORIENTED_EDGE ( 'NONE', *, *, #1085, .T. ) ;
#1601 = EDGE_CURVE ( 'NONE', #577, #1021, #1781, .T. ) ;
#1602 = CARTESIAN_POINT ( 'NONE',  ( 1.294999999999999929, 0.4020000000000000240, 0.01700000000000000122 ) ) ;
#1603 = ORIENTED_EDGE ( 'NONE', *, *, #289, .F. ) ;
#1604 = B_SPLINE_CURVE_WITH_KNOTS ( 'NONE', 3,
 ( #649, #1437, #688, #2312 ),
 .UNSPECIFIED., .F., .F.,
 ( 4, 4 ),
 ( 0.000000000000000000, 1.000000000000000000 ),
 .UNSPECIFIED. ) ;
#1605 = PLANE ( 'NONE',  #311 ) ;
#1606 = MECHANICAL_DESIGN_GEOMETRIC_PRESENTATION_REPRESENTATION (  '', ( #1148 ), #512 ) ;
#1607 = ORIENTED_EDGE ( 'NONE', *, *, #2103, .T. ) ;
#1608 = PRESENTATION_STYLE_ASSIGNMENT (( #1655 ) ) ;
#1609 = B_SPLINE_CURVE_WITH_KNOTS ( 'NONE', 3,
 ( #1000, #1013, #702, #848 ),
 .UNSPECIFIED., .F., .F.,
 ( 4, 4 ),
 ( 0.8969696969696969724, 1.000000000000000000 ),
 .UNSPECIFIED. ) ;
#1610 = PLANE ( 'NONE',  #1881 ) ;
#1611 = CARTESIAN_POINT ( 'NONE',  ( 1.294999999999999929, -0.9020000000000000240, 0.000000000000000000 ) ) ;
#1612 = ORIENTED_EDGE ( 'NONE', *, *, #326, .F. ) ;
#1613 = VERTEX_POINT ( 'NONE', #259 ) ;
#1614 = SURFACE_STYLE_USAGE ( .BOTH. , #1075 ) ;
#1615 = UNCERTAINTY_MEASURE_WITH_UNIT (LENGTH_MEASURE( 1.000000000000000082E-05 ), #768, 'distance_accuracy_value', 'NONE');
#1616 = CARTESIAN_POINT ( 'NONE',  ( -1.294999999999999929, -0.4020000000000000240, 0.3469999999999999751 ) ) ;
#1617 = ORIENTED_EDGE ( 'NONE', *, *, #1586, .F. ) ;
#1618 = VERTEX_POINT ( 'NONE', #196 ) ;
#1619 = CARTESIAN_POINT ( 'NONE',  ( 0.9903333333333332877, 0.5979999999999999760, 0.000000000000000000 ) ) ;
#1620 = EDGE_CURVE ( 'NONE', #1833, #1238, #1304, .T. ) ;
#1621 = ORIENTED_EDGE ( 'NONE', *, *, #764, .T. ) ;
#1622 = CARTESIAN_POINT ( 'NONE',  ( 1.294999999999999929, 0.9020000000000000240, 0.000000000000000000 ) ) ;
#1623 = CLOSED_SHELL ( 'NONE', ( #739, #1987, #815, #613, #909, #1737, #1759 ) ) ;
#1624 = FACE_OUTER_BOUND ( 'NONE', #1254, .T. ) ;
#1625 = DIRECTION ( 'NONE',  ( 0.000000000000000000, 0.000000000000000000, 1.000000000000000000 ) ) ;
#1626 = CARTESIAN_POINT ( 'NONE',  ( -1.294999999999999929, 0.4020000000000000240, 0.4949999999999999956 ) ) ;
#1627 = ORIENTED_EDGE ( 'NONE', *, *, #2029, .T. ) ;
#1628 = PRODUCT_DEFINITION ( 'UNKNOWN', '', #1458, #572 ) ;
#1629 = SURFACE_STYLE_USAGE ( .BOTH. , #746 ) ;
#1630 = ORIENTED_EDGE ( 'NONE', *, *, #1131, .F. ) ;
#1631 = DIRECTION ( 'NONE',  ( 0.000000000000000000, 0.000000000000000000, -1.000000000000000000 ) ) ;
#1632 = EDGE_CURVE ( 'NONE', #152, #699, #1104, .T. ) ;
#1633 = CARTESIAN_POINT ( 'NONE',  ( 0.8379999999999999671, 0.5979999999999999760, 0.05099999999999999672 ) ) ;
#1634 = AXIS2_PLACEMENT_3D ( 'NONE', #1375, #475, #1344 ) ;
#1635 =( GEOMETRIC_REPRESENTATION_CONTEXT ( 3 ) GLOBAL_UNCERTAINTY_ASSIGNED_CONTEXT ( ( #44 ) ) GLOBAL_UNIT_ASSIGNED_CONTEXT ( ( #890, #725, #1289 ) ) REPRESENTATION_CONTEXT ( 'NONE', 'WORKASPACE' ) );
#1636 = AXIS2_PLACEMENT_3D ( 'NONE', #1967, #169, #873 ) ;
#1637 = PLANE ( 'NONE',  #1172 ) ;
#1638 = B_SPLINE_CURVE_WITH_KNOTS ( 'NONE', 3,
 ( #1468, #1093, #1806, #207 ),
 .UNSPECIFIED., .F., .F.,
 ( 4, 4 ),
 ( 0.000000000000000000, 1.000000000000000000 ),
 .UNSPECIFIED. ) ;
#1639 = CARTESIAN_POINT ( 'NONE',  ( 0.8379999999999999671, 0.9020000000000000240, 0.03400000000000000244 ) ) ;
#1640 =( NAMED_UNIT ( * ) PLANE_ANGLE_UNIT ( ) SI_UNIT ( $, .RADIAN. ) );
#1641 = APPLICATION_CONTEXT ( 'automotive_design' ) ;
#1642 = COLOUR_RGB ( '',0.7215686274509803821, 0.7215686274509803821, 0.7215686274509803821 ) ;
#1643 = CARTESIAN_POINT ( 'NONE',  ( 0.9903333333333332877, 0.9020000000000000240, 0.05099999999999999672 ) ) ;
#1644 = PLANE ( 'NONE',  #2303 ) ;
#1645 = FILL_AREA_STYLE_COLOUR ( '', #1547 ) ;
#1646 = EDGE_CURVE ( 'NONE', #1446, #1021, #926, .T. ) ;
#1647 = DIRECTION ( 'NONE',  ( 0.000000000000000000, 0.000000000000000000, -1.000000000000000000 ) ) ;
#1648 = CARTESIAN_POINT ( 'NONE',  ( -0.8379999999999999671, -0.5979999999999999760, 0.000000000000000000 ) ) ;
#1649 = CARTESIAN_POINT ( 'NONE',  ( 0.8379999999999999671, -0.9020000000000000240, 0.000000000000000000 ) ) ;
#1650 = ADVANCED_FACE ( 'NONE', ( #30 ), #742, .T. ) ;
#1651 = VERTEX_POINT ( 'NONE', #752 ) ;
#1652 =( NAMED_UNIT ( * ) SI_UNIT ( $, .STERADIAN. ) SOLID_ANGLE_UNIT ( ) );
#1653 = CARTESIAN_POINT ( 'NONE',  ( -0.8379999999999999671, 0.4020000000000000240, 0.000000000000000000 ) ) ;
#1654 = STYLED_ITEM ( 'NONE', ( #772 ), #1299 ) ;
#1655 = SURFACE_STYLE_USAGE ( .BOTH. , #380 ) ;
#1656 = EDGE_CURVE ( 'NONE', #110, #1206, #45, .T. ) ;
#1657 = CARTESIAN_POINT ( 'NONE',  ( 1.294999999999999929, -0.9020000000000000240, 0.000000000000000000 ) ) ;
#1658 = DIRECTION ( 'NONE',  ( -1.000000000000000000, 0.000000000000000000, 0.000000000000000000 ) ) ;
#1659 = DIRECTION ( 'NONE',  ( 0.000000000000000000, 0.000000000000000000, -1.000000000000000000 ) ) ;
#1660 = CARTESIAN_POINT ( 'NONE',  ( -1.142666666666666719, 0.09800000000000000377, 0.05099999999999999672 ) ) ;
#1661 = AXIS2_PLACEMENT_3D ( 'NONE', #2020, #944, #2043 ) ;
#1662 = ADVANCED_FACE ( 'NONE', ( #2162 ), #458, .T. ) ;
#1663 = VERTEX_POINT ( 'NONE', #987 ) ;
#1664 = DIRECTION ( 'NONE',  ( 0.000000000000000000, 0.000000000000000000, -1.000000000000000000 ) ) ;
#1665 = DIRECTION ( 'NONE',  ( 0.000000000000000000, 1.000000000000000000, 0.000000000000000000 ) ) ;
#1666 = CARTESIAN_POINT ( 'NONE',  ( 1.294999999999999929, -0.9020000000000000240, 0.000000000000000000 ) ) ;
#1667 = COLOUR_RGB ( '',1.000000000000000000, 1.000000000000000000, 0.7529411764705882248 ) ;
#1668 = EDGE_LOOP ( 'NONE', ( #2319, #1574, #1079, #605 ) ) ;
#1669 =( LENGTH_UNIT ( ) NAMED_UNIT ( * ) SI_UNIT ( .MILLI., .METRE. ) );
#1670 = EDGE_CURVE ( 'NONE', #744, #2129, #2194, .T. ) ;
#1671 = CARTESIAN_POINT ( 'NONE',  ( 1.294999999999999929, -0.09800000000000000377, 0.3469999999999999751 ) ) ;
#1672 = CARTESIAN_POINT ( 'NONE',  ( 0.8379999999999999671, -0.9020000000000000240, 0.05099999999999999672 ) ) ;
#1673 = B_SPLINE_CURVE_WITH_KNOTS ( 'NONE', 3,
 ( #179, #1050, #1602, #884 ),
 .UNSPECIFIED., .F., .F.,
 ( 4, 4 ),
 ( 0.000000000000000000, 1.000000000000000000 ),
 .UNSPECIFIED. ) ;
#1674 = CARTESIAN_POINT ( 'NONE',  ( -1.142666666666666719, -0.4020000000000000240, 0.000000000000000000 ) ) ;
#1675 = DIRECTION ( 'NONE',  ( 1.000000000000000000, 0.000000000000000000, 0.000000000000000000 ) ) ;
#1676 = CARTESIAN_POINT ( 'NONE',  ( -1.294999999999999929, 0.5979999999999999760, 0.4949999999999999956 ) ) ;
#1677 = CARTESIAN_POINT ( 'NONE',  ( -0.8379999999999999671, 0.4020000000000000240, 0.05099999999999999672 ) ) ;
#1678 = DIRECTION ( 'NONE',  ( 0.000000000000000000, 0.000000000000000000, 1.000000000000000000 ) ) ;
#1679 = B_SPLINE_CURVE_WITH_KNOTS ( 'NONE', 3,
 ( #236, #759, #946, #1666 ),
 .UNSPECIFIED., .F., .F.,
 ( 4, 4 ),
 ( 0.8969696969696969724, 1.000000000000000000 ),
 .UNSPECIFIED. ) ;
#1680 = FACE_OUTER_BOUND ( 'NONE', #1211, .T. ) ;
#1681 = ADVANCED_FACE ( 'NONE', ( #447 ), #622, .T. ) ;
#1682 = CARTESIAN_POINT ( 'NONE',  ( -0.9903333333333332877, 0.5979999999999999760, 0.000000000000000000 ) ) ;
#1683 = FACE_OUTER_BOUND ( 'NONE', #1402, .T. ) ;
#1684 = VERTEX_POINT ( 'NONE', #551 ) ;
#1685 = CARTESIAN_POINT ( 'NONE',  ( -1.294999999999999929, -0.4020000000000000240, 0.05099999999999999672 ) ) ;
#1686 = PRODUCT_RELATED_PRODUCT_CATEGORY ( 'part', '', ( #1008 ) ) ;
#1687 = FACE_OUTER_BOUND ( 'NONE', #396, .T. ) ;
#1688 = EDGE_LOOP ( 'NONE', ( #1947, #1066, #820, #1513 ) ) ;
#1689 = ORIENTED_EDGE ( 'NONE', *, *, #1305, .T. ) ;
#1690 = CARTESIAN_POINT ( 'NONE',  ( -1.294999999999999929, 0.9020000000000000240, 0.05099999999999999672 ) ) ;
#1691 = CARTESIAN_POINT ( 'NONE',  ( 1.294999999999999929, -0.09800000000000000377, 0.4949999999999999956 ) ) ;
#1692 = CARTESIAN_POINT ( 'NONE',  ( 0.5969999999999999751, -0.9520000000000000684, 0.05099999999999999672 ) ) ;
#1693 = ADVANCED_FACE ( 'NONE', ( #1992 ), #880, .T. ) ;
#1694 = DIRECTION ( 'NONE',  ( 0.000000000000000000, 0.000000000000000000, -1.000000000000000000 ) ) ;
#1695 = DIRECTION ( 'NONE',  ( 0.000000000000000000, -1.000000000000000000, 0.000000000000000000 ) ) ;
#1696 = CARTESIAN_POINT ( 'NONE',  ( -0.8379999999999999671, -0.09800000000000000377, 0.000000000000000000 ) ) ;
#1697 = STYLED_ITEM ( 'NONE', ( #911 ), #2083 ) ;
#1698 = CARTESIAN_POINT ( 'NONE',  ( -1.294999999999999929, -0.4020000000000000240, 0.4949999999999999956 ) ) ;
#1699 = ORIENTED_EDGE ( 'NONE', *, *, #1275, .T. ) ;
#1700 = CARTESIAN_POINT ( 'NONE',  ( 0.8379999999999999671, -0.4020000000000000240, 0.000000000000000000 ) ) ;
#1701 = DIRECTION ( 'NONE',  ( 1.000000000000000000, 0.000000000000000000, 0.000000000000000000 ) ) ;
#1702 = CARTESIAN_POINT ( 'NONE',  ( -0.8379999999999999671, 0.6993333333333333623, 0.05099999999999999672 ) ) ;
#1703 = AXIS2_PLACEMENT_3D ( 'NONE', #2223, #416, #751 ) ;
#1704 = CARTESIAN_POINT ( 'NONE',  ( -0.8379999999999999671, -0.09800000000000000377, 0.000000000000000000 ) ) ;
#1705 = CARTESIAN_POINT ( 'NONE',  ( -1.294999999999999929, 0.5979999999999999760, 0.05099999999999999672 ) ) ;
#1706 = B_SPLINE_CURVE_WITH_KNOTS ( 'NONE', 3,
 ( #1995, #1103, #2182, #300 ),
 .UNSPECIFIED., .F., .F.,
 ( 4, 4 ),
 ( 0.000000000000000000, 1.000000000000000000 ),
 .UNSPECIFIED. ) ;
#1707 = AXIS2_PLACEMENT_3D ( 'NONE', #1054, #1560, #1537 ) ;
#1708 = ADVANCED_FACE ( 'NONE', ( #915 ), #1637, .T. ) ;
#1709 = CARTESIAN_POINT ( 'NONE',  ( 0.8379999999999999671, 0.6993333333333333623, 0.05099999999999999672 ) ) ;
#1710 = ORIENTED_EDGE ( 'NONE', *, *, #1191, .T. ) ;
#1711 = ORIENTED_EDGE ( 'NONE', *, *, #2095, .F. ) ;
#1712 = CARTESIAN_POINT ( 'NONE',  ( -1.294999999999999929, 0.6993333333333333623, 0.05099999999999999672 ) ) ;
#1713 = AXIS2_PLACEMENT_3D ( 'NONE', #1496, #392, #2213 ) ;
#1714 = CARTESIAN_POINT ( 'NONE',  ( 1.294999999999999929, 0.09800000000000000377, 0.01700000000000000122 ) ) ;
#1715 = EDGE_CURVE ( 'NONE', #78, #2291, #1424, .T. ) ;
#1716 = DIRECTION ( 'NONE',  ( 0.000000000000000000, -1.000000000000000000, 0.000000000000000000 ) ) ;
#1717 = CYLINDRICAL_SURFACE ( 'NONE', #1703, 0.06477000000000002200 ) ;
#1718 = CARTESIAN_POINT ( 'NONE',  ( -1.294999999999999929, -0.4020000000000000240, 0.05099999999999999672 ) ) ;
#1719 = CARTESIAN_POINT ( 'NONE',  ( -0.8379999999999999671, 0.09800000000000000377, 0.03400000000000000244 ) ) ;
#1720 = B_SPLINE_CURVE_WITH_KNOTS ( 'NONE', 3,
 ( #2250, #831, #2051, #2259 ),
 .UNSPECIFIED., .F., .F.,
 ( 4, 4 ),
 ( 0.000000000000000000, 1.000000000000000000 ),
 .UNSPECIFIED. ) ;
#1721 = ORIENTED_EDGE ( 'NONE', *, *, #33, .F. ) ;
#1722 = AXIS2_PLACEMENT_3D ( 'NONE', #1482, #73, #2192 ) ;
#1723 = EDGE_CURVE ( 'NONE', #2052, #1048, #160, .T. ) ;
#1724 = CARTESIAN_POINT ( 'NONE',  ( 1.142666666666666719, -0.5979999999999999760, 0.05099999999999999672 ) ) ;
#1725 = ORIENTED_EDGE ( 'NONE', *, *, #716, .T. ) ;
#1726 = CARTESIAN_POINT ( 'NONE',  ( -0.8379999999999999671, 0.4020000000000000240, 0.05099999999999999672 ) ) ;
#1727 = PLANE ( 'NONE',  #2157 ) ;
#1728 = VERTEX_POINT ( 'NONE', #2136 ) ;
#1729 = CARTESIAN_POINT ( 'NONE',  ( -1.294999999999999929, 0.9020000000000000240, 0.000000000000000000 ) ) ;
#1730 = CARTESIAN_POINT ( 'NONE',  ( -0.9903333333333332877, 0.5979999999999999760, 0.05099999999999999672 ) ) ;
#1731 = DIRECTION ( 'NONE',  ( -1.000000000000000000, 0.000000000000000000, 0.000000000000000000 ) ) ;
#1732 = CARTESIAN_POINT ( 'NONE',  ( -0.8379999999999999671, 0.8006666666666666377, 0.000000000000000000 ) ) ;
#1733 = ORIENTED_EDGE ( 'NONE', *, *, #1670, .T. ) ;
#1734 = ORIENTED_EDGE ( 'NONE', *, *, #629, .T. ) ;
#1735 = VECTOR ( 'NONE', #400, 1000.000000000000000 ) ;
#1736 = CARTESIAN_POINT ( 'NONE',  ( -1.294999999999999929, -0.09800000000000000377, 0.4949999999999999956 ) ) ;
#1737 = ADVANCED_FACE ( 'NONE', ( #173 ), #1610, .T. ) ;
#1738 = ORIENTED_EDGE ( 'NONE', *, *, #1931, .T. ) ;
#1739 = STYLED_ITEM ( 'NONE', ( #922 ), #564 ) ;
#1740 = CARTESIAN_POINT ( 'NONE',  ( -1.294999999999999929, 1.294999999999999929, 0.9909999999999998810 ) ) ;
#1741 = B_SPLINE_CURVE_WITH_KNOTS ( 'NONE', 3,
 ( #274, #1177, #989, #1351 ),
 .UNSPECIFIED., .F., .F.,
 ( 4, 4 ),
 ( 0.000000000000000000, 1.000000000000000000 ),
 .UNSPECIFIED. ) ;
#1742 = CARTESIAN_POINT ( 'NONE',  ( -0.8379999999999999671, -0.1993333333333333346, 0.05099999999999999672 ) ) ;
#1743 = VERTEX_POINT ( 'NONE', #1272 ) ;
#1744 = CARTESIAN_POINT ( 'NONE',  ( 1.294999999999999929, 0.9020000000000000240, 0.05099999999999999672 ) ) ;
#1745 = CARTESIAN_POINT ( 'NONE',  ( -1.294999968750000230, 0.4020000000000000240, 0.05099999999999999672 ) ) ;
#1746 = B_SPLINE_CURVE_WITH_KNOTS ( 'NONE', 3,
 ( #548, #1280, #1989, #1110 ),
 .UNSPECIFIED., .F., .F.,
 ( 4, 4 ),
 ( 0.8969696969696969724, 1.000000000000000000 ),
 .UNSPECIFIED. ) ;
#1747 =( GEOMETRIC_REPRESENTATION_CONTEXT ( 3 ) GLOBAL_UNCERTAINTY_ASSIGNED_CONTEXT ( ( #137 ) ) GLOBAL_UNIT_ASSIGNED_CONTEXT ( ( #262, #1373, #1882 ) ) REPRESENTATION_CONTEXT ( 'NONE', 'WORKASPACE' ) );
#1748 = DIRECTION ( 'NONE',  ( 0.000000000000000000, 0.000000000000000000, -1.000000000000000000 ) ) ;
#1749 = ORIENTED_EDGE ( 'NONE', *, *, #1472, .F. ) ;
#1750 = EDGE_LOOP ( 'NONE', ( #1955, #508, #1245, #1069 ) ) ;
#1751 = CARTESIAN_POINT ( 'NONE',  ( -1.294999999999999929, -0.09800000000000000377, 0.000000000000000000 ) ) ;
#1752 = B_SPLINE_CURVE_WITH_KNOTS ( 'NONE', 3,
 ( #705, #163, #1949, #1751 ),
 .UNSPECIFIED., .F., .F.,
 ( 4, 4 ),
 ( 0.8969696969696969724, 1.000000000000000000 ),
 .UNSPECIFIED. ) ;
#1753 = ORIENTED_EDGE ( 'NONE', *, *, #1136, .T. ) ;
#1754 = DIRECTION ( 'NONE',  ( 1.000000000000000000, 0.000000000000000000, 0.000000000000000000 ) ) ;
#1755 = CARTESIAN_POINT ( 'NONE',  ( 1.294999999999999929, 0.9020000000000000240, 0.000000000000000000 ) ) ;
#1756 = ORIENTED_EDGE ( 'NONE', *, *, #1224, .F. ) ;
#1757 = B_SPLINE_CURVE_WITH_KNOTS ( 'NONE', 3,
 ( #140, #859, #9, #1954 ),
 .UNSPECIFIED., .F., .F.,
 ( 4, 4 ),
 ( 0.000000000000000000, 1.000000000000000000 ),
 .UNSPECIFIED. ) ;
#1758 = CARTESIAN_POINT ( 'NONE',  ( 1.294999999999999929, 0.5979999999999999760, 0.4949999999999999956 ) ) ;
#1759 = ADVANCED_FACE ( 'NONE', ( #1 ), #924, .T. ) ;
#1760 = CARTESIAN_POINT ( 'NONE',  ( 1.294999999999999929, -0.4020000000000000240, 0.01700000000000000122 ) ) ;
#1761 = EDGE_LOOP ( 'NONE', ( #167, #192, #2006, #1201 ) ) ;
#1762 = PRESENTATION_LAYER_ASSIGNMENT (  '', '', ( #1654 ) ) ;
#1763 = PLANE ( 'NONE',  #143 ) ;
#1764 = ORIENTED_EDGE ( 'NONE', *, *, #1224, .T. ) ;
#1765 = CARTESIAN_POINT ( 'NONE',  ( 0.8379999999999999671, -0.09800000000000000377, 0.05099999999999999672 ) ) ;
#1766 = ORIENTED_EDGE ( 'NONE', *, *, #2146, .T. ) ;
#1767 = ORIENTED_EDGE ( 'NONE', *, *, #1131, .T. ) ;
#1768 = CARTESIAN_POINT ( 'NONE',  ( 0.000000000000000000, 0.000000000000000000, 0.000000000000000000 ) ) ;
#1769 = EDGE_LOOP ( 'NONE', ( #856, #227, #1226, #531 ) ) ;
#1770 = CARTESIAN_POINT ( 'NONE',  ( 0.8379999999999999671, -0.09800000000000000377, 0.000000000000000000 ) ) ;
#1771 = ORIENTED_EDGE ( 'NONE', *, *, #1239, .F. ) ;
#1772 = CARTESIAN_POINT ( 'NONE',  ( -0.8379999999999999671, -0.5979999999999999760, 0.03400000000000000244 ) ) ;
#1773 = PLANE ( 'NONE',  #1469 ) ;
#1774 = EDGE_CURVE ( 'NONE', #2026, #2287, #1830, .T. ) ;
#1775 = CARTESIAN_POINT ( 'NONE',  ( 0.8379999999999999671, -0.5979999999999999760, 0.03400000000000000244 ) ) ;
#1776 = VERTEX_POINT ( 'NONE', #903 ) ;
#1777 = ORIENTED_EDGE ( 'NONE', *, *, #87, .F. ) ;
#1778 = CARTESIAN_POINT ( 'NONE',  ( -0.8379999999999999671, 0.5979999999999999760, 0.000000000000000000 ) ) ;
#1779 = B_SPLINE_CURVE_WITH_KNOTS ( 'NONE', 3,
 ( #1981, #523, #193, #370 ),
 .UNSPECIFIED., .F., .F.,
 ( 4, 4 ),
 ( 0.000000000000000000, 1.000000000000000000 ),
 .UNSPECIFIED. ) ;
#1780 = ORIENTED_EDGE ( 'NONE', *, *, #1839, .T. ) ;
#1781 = CIRCLE ( 'NONE', #59, 0.3601830082682175860 ) ;
#1782 = CARTESIAN_POINT ( 'NONE',  ( -1.294999999999999929, 0.09800000000000000377, 0.000000000000000000 ) ) ;
#1783 = ORIENTED_EDGE ( 'NONE', *, *, #488, .T. ) ;
#1784 = FILL_AREA_STYLE_COLOUR ( '', #1182 ) ;
#1785 =( LENGTH_UNIT ( ) NAMED_UNIT ( * ) SI_UNIT ( .MILLI., .METRE. ) );
#1786 = FACE_OUTER_BOUND ( 'NONE', #1195, .T. ) ;
#1787 = PLANE ( 'NONE',  #550 ) ;
#1788 = ADVANCED_FACE ( 'NONE', ( #1786 ), #1281, .T. ) ;
#1789 = EDGE_LOOP ( 'NONE', ( #1936, #1910, #1607, #1965 ) ) ;
#1790 =( LENGTH_UNIT ( ) NAMED_UNIT ( * ) SI_UNIT ( .MILLI., .METRE. ) );
#1791 = ORIENTED_EDGE ( 'NONE', *, *, #1827, .F. ) ;
#1792 = DIRECTION ( 'NONE',  ( 0.000000000000000000, -1.000000000000000000, 0.000000000000000000 ) ) ;
#1793 = AXIS2_PLACEMENT_3D ( 'NONE', #2100, #2274, #1754 ) ;
#1794 = CARTESIAN_POINT ( 'NONE',  ( 0.8379999999999999671, 0.9020000000000000240, 0.05099999999999999672 ) ) ;
#1795 = ADVANCED_FACE ( 'NONE', ( #525 ), #1251, .T. ) ;
#1796 = CARTESIAN_POINT ( 'NONE',  ( 1.142666666666666719, 0.9020000000000000240, 0.000000000000000000 ) ) ;
#1797 = CARTESIAN_POINT ( 'NONE',  ( -0.8379999999999999671, 0.9020000000000000240, 0.01700000000000000122 ) ) ;
#1798 = SURFACE_SIDE_STYLE ('',( #397 ) ) ;
#1799 = ADVANCED_FACE ( 'NONE', ( #1944 ), #2161, .T. ) ;
#1800 = CARTESIAN_POINT ( 'NONE',  ( 0.5969999999999999751, -0.9520000000000000684, 0.000000000000000000 ) ) ;
#1801 = B_SPLINE_CURVE_WITH_KNOTS ( 'NONE', 3,
 ( #138, #1039, #101, #278 ),
 .UNSPECIFIED., .F., .F.,
 ( 4, 4 ),
 ( 0.000000000000000000, 1.000000000000000000 ),
 .UNSPECIFIED. ) ;
#1802 = ORIENTED_EDGE ( 'NONE', *, *, #1774, .F. ) ;
#1803 = SURFACE_STYLE_FILL_AREA ( #1457 ) ;
#1804 = AXIS2_PLACEMENT_3D ( 'NONE', #511, #1731, #839 ) ;
#1805 = DIRECTION ( 'NONE',  ( 0.000000000000000000, 1.000000000000000000, 0.000000000000000000 ) ) ;
#1806 = CARTESIAN_POINT ( 'NONE',  ( 0.9903333333333332877, -0.09800000000000000377, 0.000000000000000000 ) ) ;
#1807 = ORIENTED_EDGE ( 'NONE', *, *, #1275, .F. ) ;
#1808 = PLANE ( 'NONE',  #1332 ) ;
#1809 = ADVANCED_FACE ( 'NONE', ( #1100 ), #273, .T. ) ;
#1810 = DIRECTION ( 'NONE',  ( 1.000000000000000000, 0.000000000000000000, 0.000000000000000000 ) ) ;
#1811 = DIRECTION ( 'NONE',  ( 1.000000000000000000, 0.000000000000000000, 0.000000000000000000 ) ) ;
#1812 = ADVANCED_FACE ( 'NONE', ( #801 ), #811, .T. ) ;
#1813 = VECTOR ( 'NONE', #1253, 1000.000000000000000 ) ;
#1814 = CIRCLE ( 'NONE', #432, 0.3601830082682175860 ) ;
#1815 = PRESENTATION_STYLE_ASSIGNMENT (( #1091 ) ) ;
#1816 = VERTEX_POINT ( 'NONE', #976 ) ;
#1817 = CARTESIAN_POINT ( 'NONE',  ( -0.8379999999999999671, 0.9020000000000000240, 0.05099999999999999672 ) ) ;
#1818 = CARTESIAN_POINT ( 'NONE',  ( -1.294999999999999929, 0.09800000000000000377, 0.05099999999999999672 ) ) ;
#1819 = UNCERTAINTY_MEASURE_WITH_UNIT (LENGTH_MEASURE( 1.000000000000000082E-05 ), #1669, 'distance_accuracy_value', 'NONE');
#1820 = ADVANCED_FACE ( 'NONE', ( #1530 ), #1488, .T. ) ;
#1821 = CONICAL_SURFACE ( 'NONE', #99, 0.2500000000000000000, 0.6108652381980143042 ) ;
#1822 = CARTESIAN_POINT ( 'NONE',  ( 1.294999999999999929, -0.4020000000000000240, 0.000000000000000000 ) ) ;
#1823 = B_SPLINE_CURVE_WITH_KNOTS ( 'NONE', 3,
 ( #528, #1242, #1616, #5 ),
 .UNSPECIFIED., .F., .F.,
 ( 4, 4 ),
 ( 0.1030303030303029999, 1.000000000000000000 ),
 .UNSPECIFIED. ) ;
#1824 = CARTESIAN_POINT ( 'NONE',  ( -1.294999999999999929, -0.09800000000000000377, 0.4949999999999999956 ) ) ;
#1825 = CONICAL_SURFACE ( 'NONE', #2081, 0.2500000000000000000, 0.6108652381980143042 ) ;
#1826 = CARTESIAN_POINT ( 'NONE',  ( 1.294999999999999929, -0.4020000000000000240, 0.000000000000000000 ) ) ;
#1827 = EDGE_CURVE ( 'NONE', #1038, #1173, #765, .T. ) ;
#1828 = CARTESIAN_POINT ( 'NONE',  ( 1.294999999999999929, -0.5979999999999999760, 0.05099999999999999672 ) ) ;
#1829 = CARTESIAN_POINT ( 'NONE',  ( 0.8379999999999999671, 0.9020000000000000240, 0.01700000000000000122 ) ) ;
#1830 = B_SPLINE_CURVE_WITH_KNOTS ( 'NONE', 3,
 ( #29, #513, #1598, #360 ),
 .UNSPECIFIED., .F., .F.,
 ( 4, 4 ),
 ( 0.1030303030303029999, 1.000000000000000000 ),
 .UNSPECIFIED. ) ;
#1831 = CIRCLE ( 'NONE', #404, 0.09999999999999999167 ) ;
#1832 = PRESENTATION_STYLE_ASSIGNMENT (( #1629 ) ) ;
#1833 = VERTEX_POINT ( 'NONE', #2202 ) ;
#1834 = CARTESIAN_POINT ( 'NONE',  ( -0.3601830082682175860, 4.410969681829372851E-17, 0.9483576436351043304 ) ) ;
#1835 =( LENGTH_UNIT ( ) NAMED_UNIT ( * ) SI_UNIT ( .MILLI., .METRE. ) );
#1836 = DIRECTION ( 'NONE',  ( -1.000000000000000000, 0.000000000000000000, 0.000000000000000000 ) ) ;
#1837 = CARTESIAN_POINT ( 'NONE',  ( -1.294999999999999929, 0.5979999999999999760, 0.000000000000000000 ) ) ;
#1838 = CARTESIAN_POINT ( 'NONE',  ( 1.294999999999999929, 0.4020000000000000240, 0.05099999999999999672 ) ) ;
#1839 = EDGE_CURVE ( 'NONE', #1356, #1264, #878, .T. ) ;
#1840 = CARTESIAN_POINT ( 'NONE',  ( -0.9903333333333332877, 0.09800000000000000377, 0.05099999999999999672 ) ) ;
#1841 = ORIENTED_EDGE ( 'NONE', *, *, #1884, .T. ) ;
#1842 = CARTESIAN_POINT ( 'NONE',  ( -1.294999999999999929, -0.5979999999999999760, 0.01700000000000000122 ) ) ;
#1843 = DIRECTION ( 'NONE',  ( 1.000000000000000000, 0.000000000000000000, 0.000000000000000000 ) ) ;
#1844 = ORIENTED_EDGE ( 'NONE', *, *, #1111, .F. ) ;
#1845 = FACE_OUTER_BOUND ( 'NONE', #1490, .T. ) ;
#1846 = CARTESIAN_POINT ( 'NONE',  ( -1.142666666666666719, -0.09800000000000000377, 0.000000000000000000 ) ) ;
#1847 = PLANE ( 'NONE',  #2311 ) ;
#1848 = AXIS2_PLACEMENT_3D ( 'NONE', #1538, #479, #2254 ) ;
#1849 = ORIENTED_EDGE ( 'NONE', *, *, #1550, .F. ) ;
#1850 = CARTESIAN_POINT ( 'NONE',  ( -0.8379999999999999671, 0.4020000000000000240, 0.000000000000000000 ) ) ;
#1851 = EDGE_CURVE ( 'NONE', #1259, #1374, #2246, .T. ) ;
#1852 = CARTESIAN_POINT ( 'NONE',  ( -1.036000000000000032, 0.7500000000000000000, 0.9929999999999999938 ) ) ;
#1853 =( GEOMETRIC_REPRESENTATION_CONTEXT ( 3 ) GLOBAL_UNCERTAINTY_ASSIGNED_CONTEXT ( ( #948 ) ) GLOBAL_UNIT_ASSIGNED_CONTEXT ( ( #1161, #791, #1895 ) ) REPRESENTATION_CONTEXT ( 'NONE', 'WORKASPACE' ) );
#1854 = FACE_OUTER_BOUND ( 'NONE', #1668, .T. ) ;
#1855 = CARTESIAN_POINT ( 'NONE',  ( 0.000000000000000000, 0.000000000000000000, 0.7909999999999999254 ) ) ;
#1856 = PLANE ( 'NONE',  #2009 ) ;
#1857 = EDGE_CURVE ( 'NONE', #1038, #498, #347, .T. ) ;
#1858 = B_SPLINE_CURVE_WITH_KNOTS ( 'NONE', 3,
 ( #866, #2297, #361, #1626 ),
 .UNSPECIFIED., .F., .F.,
 ( 4, 4 ),
 ( 0.000000000000000000, 1.000000000000000000 ),
 .UNSPECIFIED. ) ;
#1859 = PRESENTATION_STYLE_ASSIGNMENT (( #960 ) ) ;
#1860 = B_SPLINE_CURVE_WITH_KNOTS ( 'NONE', 3,
 ( #85, #440, #1599, #1016 ),
 .UNSPECIFIED., .F., .F.,
 ( 4, 4 ),
 ( 0.000000000000000000, 1.000000000000000000 ),
 .UNSPECIFIED. ) ;
#1861 = CARTESIAN_POINT ( 'NONE',  ( -1.294999999999999929, -0.9020000000000000240, 0.01700000000000000122 ) ) ;
#1862 = EDGE_CURVE ( 'NONE', #1776, #1963, #71, .T. ) ;
#1863 = EDGE_LOOP ( 'NONE', ( #1266, #267 ) ) ;
#1864 = VERTEX_POINT ( 'NONE', #1350 ) ;
#1865 = CARTESIAN_POINT ( 'NONE',  ( 1.294999999999999929, 0.9020000000000000240, 0.05099999999999999672 ) ) ;
#1866 =( GEOMETRIC_REPRESENTATION_CONTEXT ( 3 ) GLOBAL_UNCERTAINTY_ASSIGNED_CONTEXT ( ( #1020 ) ) GLOBAL_UNIT_ASSIGNED_CONTEXT ( ( #1453, #940, #2193 ) ) REPRESENTATION_CONTEXT ( 'NONE', 'WORKASPACE' ) );
#1867 = CARTESIAN_POINT ( 'NONE',  ( -1.294999999999999929, -0.9020000000000000240, 0.4949999999999999956 ) ) ;
#1868 = CARTESIAN_POINT ( 'NONE',  ( -1.294999968750000230, 0.4020000000000000240, 0.05099999999999999672 ) ) ;
#1869 = CARTESIAN_POINT ( 'NONE',  ( -1.294999999999999929, 1.294999999999999929, 0.05099999999999999672 ) ) ;
#1870 = SURFACE_SIDE_STYLE ('',( #1363 ) ) ;
#1871 = VECTOR ( 'NONE', #1913, 1000.000000000000114 ) ;
#1872 = CARTESIAN_POINT ( 'NONE',  ( -1.294999999999999929, -0.9020000000000000240, 0.03400000000000000244 ) ) ;
#1873 = VERTEX_POINT ( 'NONE', #1317 ) ;
#1874 = EDGE_CURVE ( 'NONE', #1864, #77, #2059, .T. ) ;
#1875 = CARTESIAN_POINT ( 'NONE',  ( 1.294999999999999929, -0.4020000000000000240, 0.4949999999999999956 ) ) ;
#1876 = CARTESIAN_POINT ( 'NONE',  ( 0.000000000000000000, 0.000000000000000000, 0.8909999999999999032 ) ) ;
#1877 = CARTESIAN_POINT ( 'NONE',  ( -0.5969999999999999751, -0.9520000000000000684, 0.000000000000000000 ) ) ;
#1878 = ADVANCED_FACE ( 'NONE', ( #2047 ), #966, .T. ) ;
#1879 = CARTESIAN_POINT ( 'NONE',  ( 0.5969999999999999751, -0.9520000000000000684, 0.000000000000000000 ) ) ;
#1880 = CARTESIAN_POINT ( 'NONE',  ( -1.294999999999999929, -0.9020000000000000240, 0.05099999999999999672 ) ) ;
#1881 = AXIS2_PLACEMENT_3D ( 'NONE', #1073, #337, #537 ) ;
#1882 =( NAMED_UNIT ( * ) SI_UNIT ( $, .STERADIAN. ) SOLID_ANGLE_UNIT ( ) );
#1883 = DIRECTION ( 'NONE',  ( 0.000000000000000000, 0.000000000000000000, 1.000000000000000000 ) ) ;
#1884 = EDGE_CURVE ( 'NONE', #699, #2153, #2270, .T. ) ;
#1885 = B_SPLINE_CURVE_WITH_KNOTS ( 'NONE', 3,
 ( #1904, #1962, #1732, #132 ),
 .UNSPECIFIED., .F., .F.,
 ( 4, 4 ),
 ( 0.000000000000000000, 1.000000000000000000 ),
 .UNSPECIFIED. ) ;
#1886 = ORIENTED_EDGE ( 'NONE', *, *, #2078, .F. ) ;
#1887 = CARTESIAN_POINT ( 'NONE',  ( -1.294999999999999929, 0.9020000000000000240, 0.1989999999999999825 ) ) ;
#1888 = VERTEX_POINT ( 'NONE', #437 ) ;
#1889 = DIRECTION ( 'NONE',  ( 0.000000000000000000, 0.000000000000000000, 1.000000000000000000 ) ) ;
#1890 = CARTESIAN_POINT ( 'NONE',  ( -1.142666666666666719, -0.9020000000000000240, 0.05099999999999999672 ) ) ;
#1891 = LINE ( 'NONE', #470, #813 ) ;
#1892 = ORIENTED_EDGE ( 'NONE', *, *, #266, .T. ) ;
#1893 = EDGE_CURVE ( 'NONE', #882, #2305, #933, .T. ) ;
#1894 = VECTOR ( 'NONE', #844, 1000.000000000000000 ) ;
#1895 =( NAMED_UNIT ( * ) SI_UNIT ( $, .STERADIAN. ) SOLID_ANGLE_UNIT ( ) );
#1896 = CARTESIAN_POINT ( 'NONE',  ( 1.294999999999999929, 0.1993333333333333068, 0.05099999999999999672 ) ) ;
#1897 = ORIENTED_EDGE ( 'NONE', *, *, #1111, .T. ) ;
#1898 = CARTESIAN_POINT ( 'NONE',  ( -1.294999999999999929, -0.9020000000000000240, 0.000000000000000000 ) ) ;
#1899 = CARTESIAN_POINT ( 'NONE',  ( 1.142666666666666719, -0.4020000000000000240, 0.000000000000000000 ) ) ;
#1900 = DIRECTION ( 'NONE',  ( 0.000000000000000000, -1.000000000000000000, 0.000000000000000000 ) ) ;
#1901 = CARTESIAN_POINT ( 'NONE',  ( -0.8379999999999999671, 0.5979999999999999760, 0.05099999999999999672 ) ) ;
#1902 = ORIENTED_EDGE ( 'NONE', *, *, #1522, .T. ) ;
#1903 = EDGE_CURVE ( 'NONE', #498, #1613, #590, .T. ) ;
#1904 = CARTESIAN_POINT ( 'NONE',  ( -0.8379999999999999671, 0.5979999999999999760, 0.000000000000000000 ) ) ;
#1905 = VERTEX_POINT ( 'NONE', #1877 ) ;
#1906 = CLOSED_SHELL ( 'NONE', ( #439, #2206, #710, #1812, #1106, #2178, #497, #1974, #1809, #141, #1662 ) ) ;
#1907 = ORIENTED_EDGE ( 'NONE', *, *, #1485, .F. ) ;
#1908 = CARTESIAN_POINT ( 'NONE',  ( 0.8379999999999999671, 0.9020000000000000240, 0.05099999999999999672 ) ) ;
#1909 = ORIENTED_EDGE ( 'NONE', *, *, #638, .F. ) ;
#1910 = ORIENTED_EDGE ( 'NONE', *, *, #2318, .F. ) ;
#1911 = CARTESIAN_POINT ( 'NONE',  ( 0.9903333333333332877, 0.09800000000000000377, 0.000000000000000000 ) ) ;
#1912 = DIRECTION ( 'NONE',  ( -0.000000000000000000, 1.000000000000000000, 0.000000000000000000 ) ) ;
#1913 = DIRECTION ( 'NONE',  ( 0.5735764363510452712, 0.000000000000000000, 0.8191520442889923537 ) ) ;
#1914 = DIRECTION ( 'NONE',  ( 1.000000000000000000, 0.000000000000000000, 0.000000000000000000 ) ) ;
#1915 = FACE_OUTER_BOUND ( 'NONE', #655, .T. ) ;
#1916 = EDGE_LOOP ( 'NONE', ( #277, #1710, #1320, #1753 ) ) ;
#1917 = EDGE_LOOP ( 'NONE', ( #889, #333, #113, #494 ) ) ;
#1918 = AXIS2_PLACEMENT_3D ( 'NONE', #121, #276, #970 ) ;
#1919 = DIRECTION ( 'NONE',  ( 1.000000000000000000, 0.000000000000000000, 0.000000000000000000 ) ) ;
#1920 = ORIENTED_EDGE ( 'NONE', *, *, #1191, .F. ) ;
#1921 = CIRCLE ( 'NONE', #919, 0.1000000000000000472 ) ;
#1922 = EDGE_CURVE ( 'NONE', #231, #1776, #2139, .T. ) ;
#1923 = VERTEX_POINT ( 'NONE', #647 ) ;
#1924 = AXIS2_PLACEMENT_3D ( 'NONE', #749, #1505, #1811 ) ;
#1925 = CARTESIAN_POINT ( 'NONE',  ( -1.294999999999999929, 0.8006666666666666377, 0.05099999999999999672 ) ) ;
#1926 = CARTESIAN_POINT ( 'NONE',  ( -0.5969999999999999751, 0.9520000000000000684, 0.05099999999999999672 ) ) ;
#1927 = ORIENTED_EDGE ( 'NONE', *, *, #82, .F. ) ;
#1928 = DIRECTION ( 'NONE',  ( 0.000000000000000000, 0.000000000000000000, 1.000000000000000000 ) ) ;
#1929 = DIRECTION ( 'NONE',  ( -1.000000000000000000, 1.224646799147353454E-16, 0.000000000000000000 ) ) ;
#1930 = MECHANICAL_DESIGN_GEOMETRIC_PRESENTATION_REPRESENTATION (  '', ( #31 ), #1853 ) ;
#1931 = EDGE_CURVE ( 'NONE', #285, #1581, #2309, .T. ) ;
#1932 = CARTESIAN_POINT ( 'NONE',  ( -1.294999999999999929, 1.294999999999999929, 0.9909999999999998810 ) ) ;
#1933 = EDGE_LOOP ( 'NONE', ( #741, #701, #1068, #1198 ) ) ;
#1934 = B_SPLINE_CURVE_WITH_KNOTS ( 'NONE', 3,
 ( #2229, #616, #441, #263 ),
 .UNSPECIFIED., .F., .F.,
 ( 4, 4 ),
 ( 0.000000000000000000, 1.000000000000000000 ),
 .UNSPECIFIED. ) ;
#1935 = CARTESIAN_POINT ( 'NONE',  ( 0.9903333333333332877, 0.5979999999999999760, 0.05099999999999999672 ) ) ;
#1936 = ORIENTED_EDGE ( 'NONE', *, *, #405, .F. ) ;
#1937 = ORIENTED_EDGE ( 'NONE', *, *, #1535, .F. ) ;
#1938 = CARTESIAN_POINT ( 'NONE',  ( -1.294999999999999929, 0.9020000000000000240, 0.3469999999999999751 ) ) ;
#1939 = ORIENTED_EDGE ( 'NONE', *, *, #1167, .T. ) ;
#1940 = CARTESIAN_POINT ( 'NONE',  ( 1.142666666666666719, -0.9020000000000000240, 0.000000000000000000 ) ) ;
#1941 = EDGE_CURVE ( 'NONE', #1743, #152, #1381, .T. ) ;
#1942 = CARTESIAN_POINT ( 'NONE',  ( 0.8379999999999999671, -0.4020000000000000240, 0.000000000000000000 ) ) ;
#1943 = VERTEX_POINT ( 'NONE', #1030 ) ;
#1944 = FACE_OUTER_BOUND ( 'NONE', #1479, .T. ) ;
#1945 = COLOUR_RGB ( '',0.5843137254901961120, 0.5843137254901961120, 0.5843137254901961120 ) ;
#1946 = CARTESIAN_POINT ( 'NONE',  ( 0.8379999999999999671, -0.1993333333333332513, 0.05099999999999999672 ) ) ;
#1947 = ORIENTED_EDGE ( 'NONE', *, *, #1472, .T. ) ;
#1948 = VERTEX_POINT ( 'NONE', #1176 ) ;
#1949 = CARTESIAN_POINT ( 'NONE',  ( -1.294999999999999929, -0.09800000000000000377, 0.01700000000000000122 ) ) ;
#1950 = B_SPLINE_CURVE_WITH_KNOTS ( 'NONE', 3,
 ( #1826, #1487, #2189, #594 ),
 .UNSPECIFIED., .F., .F.,
 ( 4, 4 ),
 ( 0.000000000000000000, 1.000000000000000000 ),
 .UNSPECIFIED. ) ;
#1951 = ORIENTED_EDGE ( 'NONE', *, *, #186, .T. ) ;
#1952 = ORIENTED_EDGE ( 'NONE', *, *, #1449, .T. ) ;
#1953 = SURFACE_SIDE_STYLE ('',( #189 ) ) ;
#1954 = CARTESIAN_POINT ( 'NONE',  ( -0.8379999999999999671, -0.9020000000000000240, 0.000000000000000000 ) ) ;
#1955 = ORIENTED_EDGE ( 'NONE', *, *, #1620, .F. ) ;
#1956 = ORIENTED_EDGE ( 'NONE', *, *, #460, .T. ) ;
#1957 = COLOUR_RGB ( '',0.7215686274509803821, 0.7215686274509803821, 0.7215686274509803821 ) ;
#1958 = SURFACE_SIDE_STYLE ('',( #1803 ) ) ;
#1959 = SURFACE_SIDE_STYLE ('',( #204 ) ) ;
#1960 = ADVANCED_FACE ( 'NONE', ( #1582 ), #158, .T. ) ;
#1961 = CARTESIAN_POINT ( 'NONE',  ( 0.8379999999999999671, 0.9020000000000000240, 0.000000000000000000 ) ) ;
#1962 = CARTESIAN_POINT ( 'NONE',  ( -0.8379999999999999671, 0.6993333333333333623, 0.000000000000000000 ) ) ;
#1963 = VERTEX_POINT ( 'NONE', #1744 ) ;
#1964 = ORIENTED_EDGE ( 'NONE', *, *, #1209, .T. ) ;
#1965 = ORIENTED_EDGE ( 'NONE', *, *, #2109, .F. ) ;
#1966 = EDGE_CURVE ( 'NONE', #2118, #708, #1609, .T. ) ;
#1967 = CARTESIAN_POINT ( 'NONE',  ( 1.294999999999999929, -0.09800000000000000377, 0.05099999999999999672 ) ) ;
#1968 = ORIENTED_EDGE ( 'NONE', *, *, #1670, .F. ) ;
#1969 = MECHANICAL_DESIGN_GEOMETRIC_PRESENTATION_REPRESENTATION (  '', ( #1739 ), #951 ) ;
#1970 = SURFACE_STYLE_FILL_AREA ( #1260 ) ;
#1971 = PLANE ( 'NONE',  #1062 ) ;
#1972 = SURFACE_STYLE_FILL_AREA ( #2148 ) ;
#1973 = CARTESIAN_POINT ( 'NONE',  ( -1.294999999999999929, 0.4020000000000000240, 0.1989999999999999825 ) ) ;
#1974 = ADVANCED_FACE ( 'NONE', ( #2070 ), #2307, .T. ) ;
#1975 = ORIENTED_EDGE ( 'NONE', *, *, #2235, .F. ) ;
#1976 = DIRECTION ( 'NONE',  ( -1.000000000000000000, 0.000000000000000000, 0.000000000000000000 ) ) ;
#1977 = ORIENTED_EDGE ( 'NONE', *, *, #2318, .T. ) ;
#1978 = ORIENTED_EDGE ( 'NONE', *, *, #40, .T. ) ;
#1979 = DIRECTION ( 'NONE',  ( 0.000000000000000000, -1.000000000000000000, 0.000000000000000000 ) ) ;
#1980 = ORIENTED_EDGE ( 'NONE', *, *, #1392, .T. ) ;
#1981 = CARTESIAN_POINT ( 'NONE',  ( -1.294999999999999929, -0.5979999999999999760, 0.000000000000000000 ) ) ;
#1982 = CARTESIAN_POINT ( 'NONE',  ( 1.294999999999999929, -1.294999999999999929, 0.05099999999999999672 ) ) ;
#1983 = FILL_AREA_STYLE_COLOUR ( '', #1667 ) ;
#1984 = CARTESIAN_POINT ( 'NONE',  ( 0.8379999999999999671, -0.09800000000000000377, 0.000000000000000000 ) ) ;
#1985 = ADVANCED_FACE ( 'NONE', ( #1403 ), #2079, .T. ) ;
#1986 = UNCERTAINTY_MEASURE_WITH_UNIT (LENGTH_MEASURE( 1.000000000000000082E-05 ), #1785, 'distance_accuracy_value', 'NONE');
#1987 = ADVANCED_FACE ( 'NONE', ( #1389 ), #114, .T. ) ;
#1988 = DIRECTION ( 'NONE',  ( 0.000000000000000000, 0.000000000000000000, 1.000000000000000000 ) ) ;
#1989 = CARTESIAN_POINT ( 'NONE',  ( 1.294999999999999929, 0.5979999999999999760, 0.01700000000000000122 ) ) ;
#1990 = SURFACE_STYLE_USAGE ( .BOTH. , #738 ) ;
#1991 = B_SPLINE_CURVE_WITH_KNOTS ( 'NONE', 3,
 ( #1552, #2266, #321, #481 ),
 .UNSPECIFIED., .F., .F.,
 ( 4, 4 ),
 ( 0.000000000000000000, 1.000000000000000000 ),
 .UNSPECIFIED. ) ;
#1992 = FACE_OUTER_BOUND ( 'NONE', #1916, .T. ) ;
#1993 = EDGE_CURVE ( 'NONE', #2141, #2142, #648, .T. ) ;
#1994 = CARTESIAN_POINT ( 'NONE',  ( 1.294999999999999929, -0.5979999999999999760, 0.4949999999999999956 ) ) ;
#1995 = CARTESIAN_POINT ( 'NONE',  ( -0.8379999999999999671, 0.5979999999999999760, 0.000000000000000000 ) ) ;
#1996 = CARTESIAN_POINT ( 'NONE',  ( 0.8379999999999999671, -0.5979999999999999760, 0.000000000000000000 ) ) ;
#1997 = CARTESIAN_POINT ( 'NONE',  ( 1.294999999999999929, -0.09800000000000000377, 0.1989999999999999825 ) ) ;
#1998 = EDGE_CURVE ( 'NONE', #1888, #2226, #2021, .T. ) ;
#1999 = VECTOR ( 'NONE', #39, 1000.000000000000114 ) ;
#2000 = CARTESIAN_POINT ( 'NONE',  ( -0.8379999999999999671, -0.4020000000000000240, 0.000000000000000000 ) ) ;
#2001 = CARTESIAN_POINT ( 'NONE',  ( -0.8379999999999999671, 0.09800000000000000377, 0.000000000000000000 ) ) ;
#2002 = PRESENTATION_LAYER_ASSIGNMENT (  '', '', ( #1697 ) ) ;
#2003 = DIRECTION ( 'NONE',  ( 0.000000000000000000, 0.000000000000000000, 1.000000000000000000 ) ) ;
#2004 = CARTESIAN_POINT ( 'NONE',  ( -0.8379999999999999671, 0.9020000000000000240, 0.000000000000000000 ) ) ;
#2005 = B_SPLINE_CURVE_WITH_KNOTS ( 'NONE', 3,
 ( #86, #1533, #793, #1501 ),
 .UNSPECIFIED., .F., .F.,
 ( 4, 4 ),
 ( 0.000000000000000000, 1.000000000000000000 ),
 .UNSPECIFIED. ) ;
#2006 = ORIENTED_EDGE ( 'NONE', *, *, #1160, .F. ) ;
#2007 = FILL_AREA_STYLE_COLOUR ( '', #2278 ) ;
#2008 = B_SPLINE_CURVE_WITH_KNOTS ( 'NONE', 3,
 ( #1456, #756, #2176, #1653 ),
 .UNSPECIFIED., .F., .F.,
 ( 4, 4 ),
 ( 0.000000000000000000, 1.000000000000000000 ),
 .UNSPECIFIED. ) ;
#2009 = AXIS2_PLACEMENT_3D ( 'NONE', #770, #2033, #1695 ) ;
#2010 = FACE_OUTER_BOUND ( 'NONE', #2108, .T. ) ;
#2011 = DIRECTION ( 'NONE',  ( 0.000000000000000000, -1.000000000000000000, 0.000000000000000000 ) ) ;
#2012 =( GEOMETRIC_REPRESENTATION_CONTEXT ( 3 ) GLOBAL_UNCERTAINTY_ASSIGNED_CONTEXT ( ( #591 ) ) GLOBAL_UNIT_ASSIGNED_CONTEXT ( ( #466, #2288, #679 ) ) REPRESENTATION_CONTEXT ( 'NONE', 'WORKASPACE' ) );
#2013 = PLANE ( 'NONE',  #838 ) ;
#2014 = FACE_OUTER_BOUND ( 'NONE', #2275, .T. ) ;
#2015 = ORIENTED_EDGE ( 'NONE', *, *, #1343, .T. ) ;
#2016 = TOROIDAL_SURFACE ( 'NONE', #864, 0.4420982126971167436, 0.1000000000000000056 ) ;
#2017 = EDGE_LOOP ( 'NONE', ( #2034, #724, #1097, #465 ) ) ;
#2018 = CARTESIAN_POINT ( 'NONE',  ( 0.8379999999999999671, 0.8006666666666666377, 0.000000000000000000 ) ) ;
#2019 = CARTESIAN_POINT ( 'NONE',  ( -0.8379999999999999671, -0.9020000000000000240, 0.05099999999999999672 ) ) ;
#2020 = CARTESIAN_POINT ( 'NONE',  ( 0.8379999999999999671, 0.9020000000000000240, 0.000000000000000000 ) ) ;
#2021 = B_SPLINE_CURVE_WITH_KNOTS ( 'NONE', 3,
 ( #1186, #1899, #1233, #1942 ),
 .UNSPECIFIED., .F., .F.,
 ( 4, 4 ),
 ( 0.000000000000000000, 1.000000000000000000 ),
 .UNSPECIFIED. ) ;
#2022 = CARTESIAN_POINT ( 'NONE',  ( 1.294999999999999929, 1.294999999999999929, 0.9909999999999998810 ) ) ;
#2023 = CARTESIAN_POINT ( 'NONE',  ( 0.5969999999999999751, -0.9520000000000000684, 0.05099999999999999672 ) ) ;
#2024 = ORIENTED_EDGE ( 'NONE', *, *, #1329, .T. ) ;
#2025 = EDGE_CURVE ( 'NONE', #1546, #1833, #540, .T. ) ;
#2026 = VERTEX_POINT ( 'NONE', #469 ) ;
#2027 = CARTESIAN_POINT ( 'NONE',  ( -1.294999999999999929, -0.09800000000000000377, 0.000000000000000000 ) ) ;
#2028 = CARTESIAN_POINT ( 'NONE',  ( 1.294999968750000230, -0.9020000000000000240, 0.05099999999999999672 ) ) ;
#2029 = EDGE_CURVE ( 'NONE', #708, #331, #188, .T. ) ;
#2030 = FACE_OUTER_BOUND ( 'NONE', #696, .T. ) ;
#2031 = CARTESIAN_POINT ( 'NONE',  ( -1.294999999999999929, -0.4020000000000000240, 0.000000000000000000 ) ) ;
#2032 = AXIS2_PLACEMENT_3D ( 'NONE', #1822, #1664, #1323 ) ;
#2033 = DIRECTION ( 'NONE',  ( 0.000000000000000000, 0.000000000000000000, -1.000000000000000000 ) ) ;
#2034 = ORIENTED_EDGE ( 'NONE', *, *, #258, .F. ) ;
#2035 = ADVANCED_FACE ( 'NONE', ( #660 ), #480, .T. ) ;
#2036 = ORIENTED_EDGE ( 'NONE', *, *, #2069, .T. ) ;
#2037 = CARTESIAN_POINT ( 'NONE',  ( -1.294999968750000230, 0.4020000000000000240, 0.05099999999999999672 ) ) ;
#2038 = LINE ( 'NONE', #1365, #1027 ) ;
#2039 = ORIENTED_EDGE ( 'NONE', *, *, #2281, .T. ) ;
#2040 = MECHANICAL_DESIGN_GEOMETRIC_PRESENTATION_REPRESENTATION (  '', ( #654 ), #1747 ) ;
#2041 = ORIENTED_EDGE ( 'NONE', *, *, #1343, .F. ) ;
#2042 = CARTESIAN_POINT ( 'NONE',  ( 0.8379999999999999671, 0.3006666666666667487, 0.000000000000000000 ) ) ;
#2043 = DIRECTION ( 'NONE',  ( 0.000000000000000000, 0.000000000000000000, 1.000000000000000000 ) ) ;
#2044 = DIRECTION ( 'NONE',  ( -1.000000000000000000, 0.000000000000000000, 0.000000000000000000 ) ) ;
#2045 = B_SPLINE_CURVE_WITH_KNOTS ( 'NONE', 3,
 ( #1745, #2060, #461, #95 ),
 .UNSPECIFIED., .F., .F.,
 ( 4, 4 ),
 ( 0.000000000000000000, 1.000000000000000000 ),
 .UNSPECIFIED. ) ;
#2046 = AXIS2_PLACEMENT_3D ( 'NONE', #1515, #402, #593 ) ;
#2047 = FACE_OUTER_BOUND ( 'NONE', #1556, .T. ) ;
#2048 = FACE_OUTER_BOUND ( 'NONE', #1863, .T. ) ;
#2049 = FACE_OUTER_BOUND ( 'NONE', #632, .T. ) ;
#2050 = ADVANCED_FACE ( 'NONE', ( #303 ), #1644, .T. ) ;
#2051 = CARTESIAN_POINT ( 'NONE',  ( 1.294999999999999929, 0.8006666666666666377, 0.000000000000000000 ) ) ;
#2052 = VERTEX_POINT ( 'NONE', #1622 ) ;
#2053 = ADVANCED_FACE ( 'NONE', ( #1080 ), #1098, .T. ) ;
#2054 = VERTEX_POINT ( 'NONE', #1089 ) ;
#2055 = DIRECTION ( 'NONE',  ( 0.000000000000000000, 0.000000000000000000, 1.000000000000000000 ) ) ;
#2056 = MECHANICAL_DESIGN_GEOMETRIC_PRESENTATION_REPRESENTATION (  '', ( #1352 ), #1866 ) ;
#2057 = CARTESIAN_POINT ( 'NONE',  ( 1.294999999999999929, 0.09800000000000000377, 0.000000000000000000 ) ) ;
#2058 = DIRECTION ( 'NONE',  ( -1.000000000000000000, 0.000000000000000000, 0.000000000000000000 ) ) ;
#2059 = LINE ( 'NONE', #2022, #608 ) ;
#2060 = CARTESIAN_POINT ( 'NONE',  ( -1.294999999999999929, 0.3006666666666666932, 0.05099999999999999672 ) ) ;
#2061 = B_SPLINE_CURVE_WITH_KNOTS ( 'NONE', 3,
 ( #975, #761, #1973, #1868 ),
 .UNSPECIFIED., .F., .F.,
 ( 4, 4 ),
 ( 0.000000000000000000, 0.8969696969696969724 ),
 .UNSPECIFIED. ) ;
#2062 = ADVANCED_FACE ( 'NONE', ( #901 ), #712, .T. ) ;
#2063 = CARTESIAN_POINT ( 'NONE',  ( -0.8379999999999999671, -0.4020000000000000240, 0.000000000000000000 ) ) ;
#2064 = CARTESIAN_POINT ( 'NONE',  ( -0.8379999999999999671, -0.4020000000000000240, 0.05099999999999999672 ) ) ;
#2065 = ORIENTED_EDGE ( 'NONE', *, *, #645, .F. ) ;
#2066 = CARTESIAN_POINT ( 'NONE',  ( -1.294999999999999929, 0.9020000000000000240, 0.4949999999999999956 ) ) ;
#2067 = ORIENTED_EDGE ( 'NONE', *, *, #764, .F. ) ;
#2068 = CARTESIAN_POINT ( 'NONE',  ( -1.294999999999999929, -1.294999999999999929, 0.05099999999999999672 ) ) ;
#2069 = EDGE_CURVE ( 'NONE', #1776, #1618, #1746, .T. ) ;
#2070 = FACE_OUTER_BOUND ( 'NONE', #1005, .T. ) ;
#2071 = CARTESIAN_POINT ( 'NONE',  ( 0.000000000000000000, 0.000000000000000000, 0.8909999999999999032 ) ) ;
#2072 = AXIS2_PLACEMENT_3D ( 'NONE', #1438, #1408, #1647 ) ;
#2073 = SURFACE_STYLE_USAGE ( .BOTH. , #1870 ) ;
#2074 = EDGE_LOOP ( 'NONE', ( #66, #1592, #298, #367, #656, #38 ) ) ;
#2075 = CARTESIAN_POINT ( 'NONE',  ( 1.294999999999999929, 0.4020000000000000240, 0.05099999999999999672 ) ) ;
#2076 = ORIENTED_EDGE ( 'NONE', *, *, #748, .T. ) ;
#2077 = CARTESIAN_POINT ( 'NONE',  ( -0.8379999999999999671, 0.9020000000000000240, 0.05099999999999999672 ) ) ;
#2078 = EDGE_CURVE ( 'NONE', #20, #100, #1331, .T. ) ;
#2079 = PLANE ( 'NONE',  #2225 ) ;
#2080 = CARTESIAN_POINT ( 'NONE',  ( 0.8379999999999999671, -0.5979999999999999760, 0.05099999999999999672 ) ) ;
#2081 = AXIS2_PLACEMENT_3D ( 'NONE', #445, #79, #785 ) ;
#2082 = CARTESIAN_POINT ( 'NONE',  ( 1.294999999999999929, 0.9020000000000000240, 0.1989999999999999825 ) ) ;
#2083 = MANIFOLD_SOLID_BREP ( 'SHT3x-DIS_SEN.step[5]', #1127 ) ;
#2084 = ORIENTED_EDGE ( 'NONE', *, *, #990, .T. ) ;
#2085 = CARTESIAN_POINT ( 'NONE',  ( 0.8379999999999999671, 0.5979999999999999760, 0.05099999999999999672 ) ) ;
#2086 = B_SPLINE_CURVE_WITH_KNOTS ( 'NONE', 3,
 ( #786, #2220, #2200, #1338 ),
 .UNSPECIFIED., .F., .F.,
 ( 4, 4 ),
 ( 0.000000000000000000, 1.000000000000000000 ),
 .UNSPECIFIED. ) ;
#2087 = ORIENTED_EDGE ( 'NONE', *, *, #1202, .T. ) ;
#2088 = CARTESIAN_POINT ( 'NONE',  ( -0.8379999999999999671, -0.9020000000000000240, 0.05099999999999999672 ) ) ;
#2089 = DIRECTION ( 'NONE',  ( -0.000000000000000000, 1.000000000000000000, 0.000000000000000000 ) ) ;
#2090 = VERTEX_POINT ( 'NONE', #182 ) ;
#2091 = CARTESIAN_POINT ( 'NONE',  ( 1.294999999999999929, 0.5979999999999999760, 0.3469999999999999751 ) ) ;
#2092 = LINE ( 'NONE', #662, #108 ) ;
#2093 = LINE ( 'NONE', #482, #198 ) ;
#2094 = CARTESIAN_POINT ( 'NONE',  ( -0.5969999999999999751, -0.9520000000000000684, 0.000000000000000000 ) ) ;
#2095 = EDGE_CURVE ( 'NONE', #1232, #543, #1779, .T. ) ;
#2096 = VERTEX_POINT ( 'NONE', #1794 ) ;
#2097 = CLOSED_SHELL ( 'NONE', ( #2062, #1960, #1693, #1371, #107, #1455 ) ) ;
#2098 = PRESENTATION_STYLE_ASSIGNMENT (( #1614 ) ) ;
#2099 = ORIENTED_EDGE ( 'NONE', *, *, #973, .T. ) ;
#2100 = CARTESIAN_POINT ( 'NONE',  ( -0.8379999999999999671, -0.09800000000000000377, 0.000000000000000000 ) ) ;
#2101 = PLANE ( 'NONE',  #609 ) ;
#2102 = ORIENTED_EDGE ( 'NONE', *, *, #1893, .F. ) ;
#2103 = EDGE_CURVE ( 'NONE', #2116, #577, #1921, .T. ) ;
#2104 = CARTESIAN_POINT ( 'NONE',  ( 0.9903333333333332877, -0.9020000000000000240, 0.05099999999999999672 ) ) ;
#2105 = B_SPLINE_CURVE_WITH_KNOTS ( 'NONE', 3,
 ( #1337, #2188, #1314, #1726 ),
 .UNSPECIFIED., .F., .F.,
 ( 4, 4 ),
 ( 0.000000000000000000, 1.000000000000000000 ),
 .UNSPECIFIED. ) ;
#2106 = ORIENTED_EDGE ( 'NONE', *, *, #2281, .F. ) ;
#2107 = CARTESIAN_POINT ( 'NONE',  ( 1.294999999999999929, -0.6993333333333333623, 0.05099999999999999672 ) ) ;
#2108 = EDGE_LOOP ( 'NONE', ( #1956, #2315 ) ) ;
#2109 = EDGE_CURVE ( 'NONE', #1021, #577, #1814, .T. ) ;
#2110 = AXIS2_PLACEMENT_3D ( 'NONE', #1129, #920, #575 ) ;
#2111 = CARTESIAN_POINT ( 'NONE',  ( -1.142666666666666719, -0.5979999999999999760, 0.000000000000000000 ) ) ;
#2112 = VERTEX_POINT ( 'NONE', #737 ) ;
#2113 =( GEOMETRIC_REPRESENTATION_CONTEXT ( 3 ) GLOBAL_UNCERTAINTY_ASSIGNED_CONTEXT ( ( #1285 ) ) GLOBAL_UNIT_ASSIGNED_CONTEXT ( ( #740, #2184, #788 ) ) REPRESENTATION_CONTEXT ( 'NONE', 'WORKASPACE' ) );
#2114 = MANIFOLD_SOLID_BREP ( 'SHT3x-DIS_SEN.step[9]', #821 ) ;
#2115 = ORIENTED_EDGE ( 'NONE', *, *, #398, .F. ) ;
#2116 = VERTEX_POINT ( 'NONE', #232 ) ;
#2117 = FACE_OUTER_BOUND ( 'NONE', #1688, .T. ) ;
#2118 = VERTEX_POINT ( 'NONE', #1690 ) ;
#2119 = CARTESIAN_POINT ( 'NONE',  ( 1.142666666666666719, -0.9020000000000000240, 0.05099999999999999672 ) ) ;
#2120 = B_SPLINE_CURVE_WITH_KNOTS ( 'NONE', 3,
 ( #1782, #735, #358, #180 ),
 .UNSPECIFIED., .F., .F.,
 ( 4, 4 ),
 ( 0.000000000000000000, 1.000000000000000000 ),
 .UNSPECIFIED. ) ;
#2121 = CARTESIAN_POINT ( 'NONE',  ( 0.8379999999999999671, 0.09800000000000000377, 0.05099999999999999672 ) ) ;
#2122 = CIRCLE ( 'NONE', #804, 0.2500000000000000000 ) ;
#2123 = CARTESIAN_POINT ( 'NONE',  ( 0.8379999999999999671, -0.4020000000000000240, 0.000000000000000000 ) ) ;
#2124 = FACE_OUTER_BOUND ( 'NONE', #2289, .T. ) ;
#2125 = ORIENTED_EDGE ( 'NONE', *, *, #1414, .T. ) ;
#2126 = ORIENTED_EDGE ( 'NONE', *, *, #2131, .T. ) ;
#2127 = CARTESIAN_POINT ( 'NONE',  ( -1.294999968750000230, 0.4020000000000000240, 0.05099999999999999672 ) ) ;
#2128 = ORIENTED_EDGE ( 'NONE', *, *, #1851, .F. ) ;
#2129 = VERTEX_POINT ( 'NONE', #931 ) ;
#2130 = FACE_OUTER_BOUND ( 'NONE', #984, .T. ) ;
#2131 = EDGE_CURVE ( 'NONE', #1430, #794, #757, .T. ) ;
#2132 = ORIENTED_EDGE ( 'NONE', *, *, #505, .F. ) ;
#2133 = VECTOR ( 'NONE', #955, 1000.000000000000000 ) ;
#2134 = DIRECTION ( 'NONE',  ( 1.000000000000000000, 0.000000000000000000, 0.000000000000000000 ) ) ;
#2135 = CARTESIAN_POINT ( 'NONE',  ( 1.294999999999999929, -0.4020000000000000240, 0.03400000000000000244 ) ) ;
#2136 = CARTESIAN_POINT ( 'NONE',  ( 1.294999999999999929, 0.09800000000000000377, 0.4949999999999999956 ) ) ;
#2137 = CARTESIAN_POINT ( 'NONE',  ( 0.8379999999999999671, -0.5979999999999999760, 0.000000000000000000 ) ) ;
#2138 = ADVANCED_FACE ( 'NONE', ( #1845 ), #2198, .T. ) ;
#2139 = B_SPLINE_CURVE_WITH_KNOTS ( 'NONE', 3,
 ( #1758, #2091, #824, #1539 ),
 .UNSPECIFIED., .F., .F.,
 ( 4, 4 ),
 ( 0.000000000000000000, 0.8969696969696969724 ),
 .UNSPECIFIED. ) ;
#2140 = CARTESIAN_POINT ( 'NONE',  ( 0.5969999999999999751, 0.9520000000000000684, 0.05099999999999999672 ) ) ;
#2141 = VERTEX_POINT ( 'NONE', #1672 ) ;
#2142 = VERTEX_POINT ( 'NONE', #2028 ) ;
#2143 = DIRECTION ( 'NONE',  ( 1.000000000000000000, 0.000000000000000000, 0.000000000000000000 ) ) ;
#2144 = EDGE_LOOP ( 'NONE', ( #2065, #1937, #1269, #1377 ) ) ;
#2145 = CARTESIAN_POINT ( 'NONE',  ( -1.294999999999999929, -0.09800000000000000377, 0.3469999999999999751 ) ) ;
#2146 = EDGE_CURVE ( 'NONE', #77, #736, #1144, .T. ) ;
#2147 = B_SPLINE_CURVE_WITH_KNOTS ( 'NONE', 3,
 ( #1698, #1019, #463, #1736 ),
 .UNSPECIFIED., .F., .F.,
 ( 4, 4 ),
 ( 0.000000000000000000, 1.000000000000000000 ),
 .UNSPECIFIED. ) ;
#2148 = FILL_AREA_STYLE ('',( #1983 ) ) ;
#2149 = CARTESIAN_POINT ( 'NONE',  ( -0.8379999999999999671, -0.5979999999999999760, 0.05099999999999999672 ) ) ;
#2150 = ORIENTED_EDGE ( 'NONE', *, *, #1096, .T. ) ;
#2151 =( NAMED_UNIT ( * ) SI_UNIT ( $, .STERADIAN. ) SOLID_ANGLE_UNIT ( ) );
#2152 = ORIENTED_EDGE ( 'NONE', *, *, #375, .T. ) ;
#2153 = VERTEX_POINT ( 'NONE', #1154 ) ;
#2154 = EDGE_LOOP ( 'NONE', ( #667, #1277, #1015, #1153 ) ) ;
#2155 = CARTESIAN_POINT ( 'NONE',  ( -0.8379999999999999671, 0.4020000000000000240, 0.05099999999999999672 ) ) ;
#2156 = ORIENTED_EDGE ( 'NONE', *, *, #1941, .T. ) ;
#2157 = AXIS2_PLACEMENT_3D ( 'NONE', #1517, #1166, #644 ) ;
#2158 = DIRECTION ( 'NONE',  ( 0.000000000000000000, 0.000000000000000000, -1.000000000000000000 ) ) ;
#2159 =( NAMED_UNIT ( * ) PLANE_ANGLE_UNIT ( ) SI_UNIT ( $, .RADIAN. ) );
#2160 = EDGE_CURVE ( 'NONE', #1663, #2214, #907, .T. ) ;
#2161 = PLANE ( 'NONE',  #1072 ) ;
#2162 = FACE_OUTER_BOUND ( 'NONE', #1789, .T. ) ;
#2163 = EDGE_LOOP ( 'NONE', ( #1590, #1183, #178, #641 ) ) ;
#2164 = FACE_OUTER_BOUND ( 'NONE', #369, .T. ) ;
#2165 = ORIENTED_EDGE ( 'NONE', *, *, #505, .T. ) ;
#2166 = CARTESIAN_POINT ( 'NONE',  ( -0.5969999999999999751, -0.9520000000000000684, 0.05099999999999999672 ) ) ;
#2167 = SURFACE_STYLE_FILL_AREA ( #359 ) ;
#2168 = B_SPLINE_CURVE_WITH_KNOTS ( 'NONE', 3,
 ( #1865, #249, #620, #1121 ),
 .UNSPECIFIED., .F., .F.,
 ( 4, 4 ),
 ( 0.000000000000000000, 1.000000000000000000 ),
 .UNSPECIFIED. ) ;
#2169 = CARTESIAN_POINT ( 'NONE',  ( -0.5969999999999999751, 0.9520000000000000684, 0.000000000000000000 ) ) ;
#2170 = CARTESIAN_POINT ( 'NONE',  ( -1.294999968750000230, -0.5979999999999999760, 0.05099999999999999672 ) ) ;
#2171 = CARTESIAN_POINT ( 'NONE',  ( 0.8379999999999999671, -0.9020000000000000240, 0.03400000000000000244 ) ) ;
#2172 = STYLED_ITEM ( 'NONE', ( #1321 ), #1319 ) ;
#2173 = ADVANCED_FACE ( 'NONE', ( #426 ), #943, .T. ) ;
#2174 = B_SPLINE_CURVE_WITH_KNOTS ( 'NONE', 3,
 ( #1473, #411, #76, #930 ),
 .UNSPECIFIED., .F., .F.,
 ( 4, 4 ),
 ( 0.000000000000000000, 1.000000000000000000 ),
 .UNSPECIFIED. ) ;
#2175 = B_SPLINE_CURVE_WITH_KNOTS ( 'NONE', 3,
 ( #2301, #1241, #516, #503 ),
 .UNSPECIFIED., .F., .F.,
 ( 4, 4 ),
 ( 0.000000000000000000, 0.8969696969696969724 ),
 .UNSPECIFIED. ) ;
#2176 = CARTESIAN_POINT ( 'NONE',  ( -0.8379999999999999671, 0.3006666666666666377, 0.000000000000000000 ) ) ;
#2177 = DIRECTION ( 'NONE',  ( 0.000000000000000000, -1.000000000000000000, 0.000000000000000000 ) ) ;
#2178 = ADVANCED_FACE ( 'NONE', ( #1854 ), #2208, .T. ) ;
#2179 = CIRCLE ( 'NONE', #49, 0.06477000000000002200 ) ;
#2180 = CARTESIAN_POINT ( 'NONE',  ( -1.294999968750000230, 0.4020000000000000240, 0.05099999999999999672 ) ) ;
#2181 = CARTESIAN_POINT ( 'NONE',  ( 0.8379999999999999671, 0.9020000000000000240, 0.000000000000000000 ) ) ;
#2182 = CARTESIAN_POINT ( 'NONE',  ( -0.8379999999999999671, 0.5979999999999999760, 0.03400000000000000244 ) ) ;
#2183 = ORIENTED_EDGE ( 'NONE', *, *, #776, .F. ) ;
#2184 =( NAMED_UNIT ( * ) PLANE_ANGLE_UNIT ( ) SI_UNIT ( $, .RADIAN. ) );
#2185 = EDGE_CURVE ( 'NONE', #1963, #2052, #2168, .T. ) ;
#2186 = PLANE ( 'NONE',  #2110 ) ;
#2187 = AXIS2_PLACEMENT_3D ( 'NONE', #1648, #15, #729 ) ;
#2188 = CARTESIAN_POINT ( 'NONE',  ( -0.8379999999999999671, 0.1993333333333332513, 0.05099999999999999672 ) ) ;
#2189 = CARTESIAN_POINT ( 'NONE',  ( 1.294999999999999929, -0.1993333333333333346, 0.000000000000000000 ) ) ;
#2190 = CARTESIAN_POINT ( 'NONE',  ( -0.8379999999999999671, 0.4020000000000000240, 0.01700000000000000122 ) ) ;
#2191 = DIRECTION ( 'NONE',  ( 0.000000000000000000, 1.000000000000000000, 0.000000000000000000 ) ) ;
#2192 = DIRECTION ( 'NONE',  ( 1.000000000000000000, 0.000000000000000000, 0.000000000000000000 ) ) ;
#2193 =( NAMED_UNIT ( * ) SI_UNIT ( $, .STERADIAN. ) SOLID_ANGLE_UNIT ( ) );
#2194 = B_SPLINE_CURVE_WITH_KNOTS ( 'NONE', 3,
 ( #2234, #1702, #1349, #103 ),
 .UNSPECIFIED., .F., .F.,
 ( 4, 4 ),
 ( 0.000000000000000000, 1.000000000000000000 ),
 .UNSPECIFIED. ) ;
#2195 = DIRECTION ( 'NONE',  ( 0.000000000000000000, 1.000000000000000000, 0.000000000000000000 ) ) ;
#2196 = PLANE ( 'NONE',  #1216 ) ;
#2197 = VERTEX_POINT ( 'NONE', #964 ) ;
#2198 = PLANE ( 'NONE',  #32 ) ;
#2199 = PRESENTATION_LAYER_ASSIGNMENT (  '', '', ( #399 ) ) ;
#2200 = CARTESIAN_POINT ( 'NONE',  ( -1.294999999999999929, 0.8006666666666666377, 0.4949999999999999956 ) ) ;
#2201 = ADVANCED_FACE ( 'NONE', ( #1347 ), #1486, .T. ) ;
#2202 = CARTESIAN_POINT ( 'NONE',  ( -0.8379999999999999671, -0.5979999999999999760, 0.05099999999999999672 ) ) ;
#2203 = B_SPLINE_CURVE_WITH_KNOTS ( 'NONE', 3,
 ( #1288, #1997, #1671, #386 ),
 .UNSPECIFIED., .F., .F.,
 ( 4, 4 ),
 ( 0.1030303030303029999, 1.000000000000000000 ),
 .UNSPECIFIED. ) ;
#2204 = LINE ( 'NONE', #597, #395 ) ;
#2205 = ORIENTED_EDGE ( 'NONE', *, *, #1432, .T. ) ;
#2206 = ADVANCED_FACE ( 'NONE', ( #1680 ), #1825, .F. ) ;
#2207 = CARTESIAN_POINT ( 'NONE',  ( 0.8379999999999999671, 0.5979999999999999760, 0.000000000000000000 ) ) ;
#2208 = PLANE ( 'NONE',  #2046 ) ;
#2209 = CARTESIAN_POINT ( 'NONE',  ( 1.294999999999999929, -1.294999999999999929, 0.05099999999999999672 ) ) ;
#2210 = CLOSED_SHELL ( 'NONE', ( #1878, #560, #1985, #1311, #2173, #1152, #1070 ) ) ;
#2211 = EDGE_CURVE ( 'NONE', #1743, #1833, #676, .T. ) ;
#2212 = DIRECTION ( 'NONE',  ( -0.000000000000000000, 1.000000000000000000, 0.000000000000000000 ) ) ;
#2213 = DIRECTION ( 'NONE',  ( 1.000000000000000000, 0.000000000000000000, 0.000000000000000000 ) ) ;
#2214 = VERTEX_POINT ( 'NONE', #985 ) ;
#2215 = CARTESIAN_POINT ( 'NONE',  ( -1.142666666666666719, 0.4020000000000000240, 0.05099999999999999672 ) ) ;
#2216 = CARTESIAN_POINT ( 'NONE',  ( -1.294999999999999929, 0.4020000000000000240, 0.000000000000000000 ) ) ;
#2217 = CARTESIAN_POINT ( 'NONE',  ( 1.294999999999999929, -0.5979999999999999760, 0.05099999999999999672 ) ) ;
#2218 = VERTEX_POINT ( 'NONE', #606 ) ;
#2219 = CARTESIAN_POINT ( 'NONE',  ( 0.8379999999999999671, 0.1993333333333333346, 0.000000000000000000 ) ) ;
#2220 = CARTESIAN_POINT ( 'NONE',  ( -1.294999999999999929, 0.6993333333333333623, 0.4949999999999999956 ) ) ;
#2221 = DIRECTION ( 'NONE',  ( 0.000000000000000000, 0.000000000000000000, 1.000000000000000000 ) ) ;
#2222 = CIRCLE ( 'NONE', #18, 0.06477000000000002200 ) ;
#2223 = CARTESIAN_POINT ( 'NONE',  ( -1.036000000000000032, 0.7500000000000000000, 0.9909999999999998810 ) ) ;
#2224 = EDGE_CURVE ( 'NONE', #664, #796, #2105, .T. ) ;
#2225 = AXIS2_PLACEMENT_3D ( 'NONE', #1203, #1928, #320 ) ;
#2226 = VERTEX_POINT ( 'NONE', #1700 ) ;
#2227 = CARTESIAN_POINT ( 'NONE',  ( 1.294999999999999929, 0.9020000000000000240, 0.3469999999999999751 ) ) ;
#2228 = EDGE_CURVE ( 'NONE', #202, #2118, #308, .T. ) ;
#2229 = CARTESIAN_POINT ( 'NONE',  ( 1.294999999999999929, 0.9020000000000000240, 0.4949999999999999956 ) ) ;
#2230 = CARTESIAN_POINT ( 'NONE',  ( 1.294999999999999929, -0.4020000000000000240, 0.1989999999999999825 ) ) ;
#2231 = B_SPLINE_CURVE_WITH_KNOTS ( 'NONE', 3,
 ( #2308, #2135, #1760, #1421 ),
 .UNSPECIFIED., .F., .F.,
 ( 4, 4 ),
 ( 0.8969696969696969724, 1.000000000000000000 ),
 .UNSPECIFIED. ) ;
#2232 = CARTESIAN_POINT ( 'NONE',  ( -1.294999999999999929, -0.4020000000000000240, 0.05099999999999999672 ) ) ;
#2233 = CARTESIAN_POINT ( 'NONE',  ( -0.8379999999999999671, 0.09800000000000000377, 0.05099999999999999672 ) ) ;
#2234 = CARTESIAN_POINT ( 'NONE',  ( -0.8379999999999999671, 0.5979999999999999760, 0.05099999999999999672 ) ) ;
#2235 = EDGE_CURVE ( 'NONE', #971, #1743, #1274, .T. ) ;
#2236 = CARTESIAN_POINT ( 'NONE',  ( -1.294999999999999929, -0.1993333333333332513, 0.000000000000000000 ) ) ;
#2237 = CARTESIAN_POINT ( 'NONE',  ( -1.294999999999999929, 0.5979999999999999760, 0.000000000000000000 ) ) ;
#2238 = CARTESIAN_POINT ( 'NONE',  ( -1.294999999999999929, -0.4020000000000000240, 0.05099999999999999672 ) ) ;
#2239 = EDGE_CURVE ( 'NONE', #2118, #2273, #617, .T. ) ;
#2240 = CARTESIAN_POINT ( 'NONE',  ( -1.294999999999999929, -0.9020000000000000240, 0.05099999999999999672 ) ) ;
#2241 = EDGE_LOOP ( 'NONE', ( #407, #1711, #2087, #695 ) ) ;
#2242 = LINE ( 'NONE', #1740, #1894 ) ;
#2243 = EDGE_LOOP ( 'NONE', ( #1844, #692, #490, #1886 ) ) ;
#2244 = CARTESIAN_POINT ( 'NONE',  ( -1.142666666666666719, 0.9020000000000000240, 0.05099999999999999672 ) ) ;
#2245 = CARTESIAN_POINT ( 'NONE',  ( -1.294999999999999929, -0.09800000000000000377, 0.000000000000000000 ) ) ;
#2246 = B_SPLINE_CURVE_WITH_KNOTS ( 'NONE', 3,
 ( #634, #769, #988, #81 ),
 .UNSPECIFIED., .F., .F.,
 ( 4, 4 ),
 ( 0.000000000000000000, 1.000000000000000000 ),
 .UNSPECIFIED. ) ;
#2247 = CARTESIAN_POINT ( 'NONE',  ( -1.294999968750000230, -0.09800000000000000377, 0.05099999999999999672 ) ) ;
#2248 = CARTESIAN_POINT ( 'NONE',  ( -0.8379999999999999671, -0.4020000000000000240, 0.05099999999999999672 ) ) ;
#2249 = PLANE ( 'NONE',  #1412 ) ;
#2250 = CARTESIAN_POINT ( 'NONE',  ( 1.294999999999999929, 0.5979999999999999760, 0.000000000000000000 ) ) ;
#2251 = ADVANCED_FACE ( 'NONE', ( #316 ), #631, .T. ) ;
#2252 = ORIENTED_EDGE ( 'NONE', *, *, #1620, .T. ) ;
#2253 = CARTESIAN_POINT ( 'NONE',  ( -1.294999999999999929, 0.09800000000000000377, 0.4949999999999999956 ) ) ;
#2254 = DIRECTION ( 'NONE',  ( 0.000000000000000000, -1.000000000000000000, 0.000000000000000000 ) ) ;
#2255 = CARTESIAN_POINT ( 'NONE',  ( 1.294999999999999929, -0.5979999999999999760, 0.05099999999999999672 ) ) ;
#2256 = DIRECTION ( 'NONE',  ( 0.000000000000000000, 0.000000000000000000, 1.000000000000000000 ) ) ;
#2257 = ORIENTED_EDGE ( 'NONE', *, *, #1136, .F. ) ;
#2258 = AXIS2_PLACEMENT_3D ( 'NONE', #1898, #834, #1549 ) ;
#2259 = CARTESIAN_POINT ( 'NONE',  ( 1.294999999999999929, 0.9020000000000000240, 0.000000000000000000 ) ) ;
#2260 = ORIENTED_EDGE ( 'NONE', *, *, #443, .T. ) ;
#2261 = ORIENTED_EDGE ( 'NONE', *, *, #1550, .T. ) ;
#2262 = CARTESIAN_POINT ( 'NONE',  ( -0.8379999999999999671, -0.4020000000000000240, 0.05099999999999999672 ) ) ;
#2263 = ORIENTED_EDGE ( 'NONE', *, *, #1998, .F. ) ;
#2264 = CARTESIAN_POINT ( 'NONE',  ( -0.8379999999999999671, 0.9020000000000000240, 0.000000000000000000 ) ) ;
#2265 = EDGE_CURVE ( 'NONE', #1905, #1651, #506, .T. ) ;
#2266 = CARTESIAN_POINT ( 'NONE',  ( -1.294999999999999929, -0.4020000000000000240, 0.03400000000000000244 ) ) ;
#2267 = DIRECTION ( 'NONE',  ( 1.000000000000000000, 0.000000000000000000, 0.000000000000000000 ) ) ;
#2268 = ORIENTED_EDGE ( 'NONE', *, *, #674, .F. ) ;
#2269 = CARTESIAN_POINT ( 'NONE',  ( 1.294999999999999929, 0.9020000000000000240, 0.05099999999999999672 ) ) ;
#2270 = B_SPLINE_CURVE_WITH_KNOTS ( 'NONE', 3,
 ( #1132, #954, #1157, #1169 ),
 .UNSPECIFIED., .F., .F.,
 ( 4, 4 ),
 ( 0.000000000000000000, 1.000000000000000000 ),
 .UNSPECIFIED. ) ;
#2271 = FILL_AREA_STYLE ('',( #1557 ) ) ;
#2272 = ORIENTED_EDGE ( 'NONE', *, *, #535, .F. ) ;
#2273 = VERTEX_POINT ( 'NONE', #1357 ) ;
#2274 = DIRECTION ( 'NONE',  ( -0.000000000000000000, 1.000000000000000000, 0.000000000000000000 ) ) ;
#2275 = EDGE_LOOP ( 'NONE', ( #1897, #959, #1964, #123, #11, #857 ) ) ;
#2276 = CARTESIAN_POINT ( 'NONE',  ( 1.142666666666666719, 0.09800000000000000377, 0.05099999999999999672 ) ) ;
#2277 = ORIENTED_EDGE ( 'NONE', *, *, #1564, .T. ) ;
#2278 = COLOUR_RGB ( '',0.7215686274509803821, 0.7215686274509803821, 0.7215686274509803821 ) ;
#2279 = CARTESIAN_POINT ( 'NONE',  ( 1.294999999999999929, -0.5979999999999999760, 0.1989999999999999825 ) ) ;
#2280 = CARTESIAN_POINT ( 'NONE',  ( 0.8379999999999999671, -0.6993333333333333623, 0.05099999999999999672 ) ) ;
#2281 = EDGE_CURVE ( 'NONE', #2226, #568, #1801, .T. ) ;
#2282 = CARTESIAN_POINT ( 'NONE',  ( 1.294999999999999929, 0.4020000000000000240, 0.4949999999999999956 ) ) ;
#2283 = ORIENTED_EDGE ( 'NONE', *, *, #372, .T. ) ;
#2284 = ORIENTED_EDGE ( 'NONE', *, *, #745, .F. ) ;
#2285 = CARTESIAN_POINT ( 'NONE',  ( -0.5969999999999999751, 0.9520000000000000684, 0.000000000000000000 ) ) ;
#2286 = MECHANICAL_DESIGN_GEOMETRIC_PRESENTATION_REPRESENTATION (  '', ( #1165 ), #164 ) ;
#2287 = VERTEX_POINT ( 'NONE', #2253 ) ;
#2288 =( NAMED_UNIT ( * ) PLANE_ANGLE_UNIT ( ) SI_UNIT ( $, .RADIAN. ) );
#2289 = EDGE_LOOP ( 'NONE', ( #2115, #2321, #999, #1920 ) ) ;
#2290 = CARTESIAN_POINT ( 'NONE',  ( -0.8379999999999999671, 0.9020000000000000240, 0.000000000000000000 ) ) ;
#2291 = VERTEX_POINT ( 'NONE', #1184 ) ;
#2292 = ORIENTED_EDGE ( 'NONE', *, *, #484, .T. ) ;
#2293 = CARTESIAN_POINT ( 'NONE',  ( -1.294999999999999929, -0.9020000000000000240, 0.05099999999999999672 ) ) ;
#2294 = FACE_OUTER_BOUND ( 'NONE', #355, .T. ) ;
#2295 = CARTESIAN_POINT ( 'NONE',  ( 1.294999999999999929, 0.1993333333333332513, 0.4949999999999999956 ) ) ;
#2296 = EDGE_CURVE ( 'NONE', #1442, #299, #2242, .T. ) ;
#2297 = CARTESIAN_POINT ( 'NONE',  ( -1.294999999999999929, 0.1993333333333333346, 0.4949999999999999956 ) ) ;
#2298 = ORIENTED_EDGE ( 'NONE', *, *, #1567, .F. ) ;
#2299 = MECHANICAL_DESIGN_GEOMETRIC_PRESENTATION_REPRESENTATION (  '', ( #1292 ), #2113 ) ;
#2300 = ADVANCED_FACE ( 'NONE', ( #819 ), #858, .T. ) ;
#2301 = CARTESIAN_POINT ( 'NONE',  ( 1.294999999999999929, -0.9020000000000000240, 0.4949999999999999956 ) ) ;
#2302 = ORIENTED_EDGE ( 'NONE', *, *, #1449, .F. ) ;
#2303 = AXIS2_PLACEMENT_3D ( 'NONE', #35, #348, #2158 ) ;
#2304 = ORIENTED_EDGE ( 'NONE', *, *, #569, .F. ) ;
#2305 = VERTEX_POINT ( 'NONE', #492 ) ;
#2306 = CARTESIAN_POINT ( 'NONE',  ( 0.8379999999999999671, -0.1993333333333332513, 0.000000000000000000 ) ) ;
#2307 = PLANE ( 'NONE',  #96 ) ;
#2308 = CARTESIAN_POINT ( 'NONE',  ( 1.294999999999999929, -0.4020000000000000240, 0.05099999999999999672 ) ) ;
#2309 = B_SPLINE_CURVE_WITH_KNOTS ( 'NONE', 3,
 ( #2255, #2279, #861, #1058 ),
 .UNSPECIFIED., .F., .F.,
 ( 4, 4 ),
 ( 0.1030303030303029999, 1.000000000000000000 ),
 .UNSPECIFIED. ) ;
#2310 = ADVANCED_FACE ( 'NONE', ( #809 ), #1213, .T. ) ;
#2311 = AXIS2_PLACEMENT_3D ( 'NONE', #1340, #50, #967 ) ;
#2312 = CARTESIAN_POINT ( 'NONE',  ( -1.294999999999999929, 0.5979999999999999760, 0.000000000000000000 ) ) ;
#2313 = DIRECTION ( 'NONE',  ( 0.000000000000000000, 0.000000000000000000, -1.000000000000000000 ) ) ;
#2314 = CARTESIAN_POINT ( 'NONE',  ( 1.294999999999999929, -0.5979999999999999760, 0.000000000000000000 ) ) ;
#2315 = ORIENTED_EDGE ( 'NONE', *, *, #781, .T. ) ;
#2316 = CARTESIAN_POINT ( 'NONE',  ( -0.8379999999999999671, -0.09800000000000000377, 0.05099999999999999672 ) ) ;
#2317 = B_SPLINE_CURVE_WITH_KNOTS ( 'NONE', 3,
 ( #840, #1555, #2107, #1409 ),
 .UNSPECIFIED., .F., .F.,
 ( 4, 4 ),
 ( 0.000000000000000000, 1.000000000000000000 ),
 .UNSPECIFIED. ) ;
#2318 = EDGE_CURVE ( 'NONE', #2116, #1053, #69, .T. ) ;
#2319 = ORIENTED_EDGE ( 'NONE', *, *, #387, .F. ) ;
#2320 = DIRECTION ( 'NONE',  ( -0.000000000000000000, 1.000000000000000000, 0.000000000000000000 ) ) ;
#2321 = ORIENTED_EDGE ( 'NONE', *, *, #1522, .F. ) ;
ENDSEC;
END-ISO-10303-21;
