ISO-10303-21;
HEADER;
FILE_DESCRIPTION (( 'STEP AP214' ),
    '1' );
FILE_NAME ('5.2X5.2_Tactile_Button.STEP',
    '2023-05-25T09:00:21',
    ( '' ),
    ( '' ),
    'SwSTEP 2.0',
    'SolidWorks 2020',
    '' );
FILE_SCHEMA (( 'AUTOMOTIVE_DESIGN' ));
ENDSEC;

DATA;
#1 = FACE_OUTER_BOUND ( 'NONE', #938, .T. ) ;
#2 = PRESENTATION_LAYER_ASSIGNMENT (  '', '', ( #3247 ) ) ;
#3 = CARTESIAN_POINT ( 'NONE',  ( 2.669464912019792191, 2.095500000000000362, -2.032879073410320814E-16 ) ) ;
#4 = EDGE_CURVE ( 'NONE', #1522, #1835, #1181, .T. ) ;
#5 = DIRECTION ( 'NONE',  ( -0.7071067811865475727, -0.7071067811865475727, -0.000000000000000000 ) ) ;
#6 = ORIENTED_EDGE ( 'NONE', *, *, #2919, .T. ) ;
#7 = B_SPLINE_CURVE_WITH_KNOTS ( 'NONE', 3,
 ( #2905, #877, #3515, #2022 ),
 .UNSPECIFIED., .F., .F.,
 ( 4, 4 ),
 ( 2.121507206312238309E-15, 8.988884541580380034E-05 ),
 .UNSPECIFIED. ) ;
#8 = AXIS2_PLACEMENT_3D ( 'NONE', #1560, #460, #3387 ) ;
#9 = EDGE_CURVE ( 'NONE', #803, #2023, #1798, .T. ) ;
#10 = SURFACE_SIDE_STYLE ('',( #1773 ) ) ;
#11 = CARTESIAN_POINT ( 'NONE',  ( -1.156855862540657975, -1.984396836856026969, 0.8636000000000000343 ) ) ;
#12 = ORIENTED_EDGE ( 'NONE', *, *, #2988, .T. ) ;
#13 = PLANE ( 'NONE',  #915 ) ;
#14 = EDGE_CURVE ( 'NONE', #1529, #55, #2681, .T. ) ;
#15 = EDGE_LOOP ( 'NONE', ( #395, #3806, #3470 ) ) ;
#16 = CARTESIAN_POINT ( 'NONE',  ( -2.013242712116819710, 1.087215759267595727, 0.8636000000000000343 ) ) ;
#17 = CARTESIAN_POINT ( 'NONE',  ( 2.339999999999999858, 1.263357287525380901, 0.8636000000000000343 ) ) ;
#18 = CARTESIAN_POINT ( 'NONE',  ( -1.311885424949237322, 2.457157287525380429, 0.8636000000000000343 ) ) ;
#19 =( BOUNDED_CURVE ( )  B_SPLINE_CURVE ( 3, ( #2579, #2536, #1118, #818 ),
 .UNSPECIFIED., .F., .F. ) 
 B_SPLINE_CURVE_WITH_KNOTS ( ( 4, 4 ),
 ( 6.009171103369428835, 6.283185307179586232 ),
 .UNSPECIFIED. ) 
 CURVE ( )  GEOMETRIC_REPRESENTATION_ITEM ( )  RATIONAL_B_SPLINE_CURVE ( ( 1.000000000000000000, 0.9937527993431576334, 0.9937527993431576334, 1.000000000000000000 ) ) 
 REPRESENTATION_ITEM ( '' )  );
#20 = EDGE_LOOP ( 'NONE', ( #2168, #2339, #95, #2061 ) ) ;
#21 = LINE ( 'NONE', #676, #1310 ) ;
#22 = CARTESIAN_POINT ( 'NONE',  ( -2.298699999996559828, -1.587500000000000355, 0.3770624206668726774 ) ) ;
#23 = ORIENTED_EDGE ( 'NONE', *, *, #117, .F. ) ;
#24 = EDGE_CURVE ( 'NONE', #919, #3461, #1523, .T. ) ;
#25 = LINE ( 'NONE', #285, #3637 ) ;
#26 = PLANE ( 'NONE',  #475 ) ;
#27 = ORIENTED_EDGE ( 'NONE', *, *, #2344, .T. ) ;
#28 = MECHANICAL_DESIGN_GEOMETRIC_PRESENTATION_REPRESENTATION (  '', ( #2048 ), #1005 ) ;
#29 = ADVANCED_FACE ( 'NONE', ( #365 ), #2531, .F. ) ;
#30 = CYLINDRICAL_SURFACE ( 'NONE', #3807, 0.2000000000000001221 ) ;
#31 = CARTESIAN_POINT ( 'NONE',  ( 2.298700007898529130, 1.587499999999999911, 0.2245073061906101841 ) ) ;
#32 = CARTESIAN_POINT ( 'NONE',  ( 1.010852699902741181, -2.013242712474617502, 1.063600000000000101 ) ) ;
#33 = AXIS2_PLACEMENT_3D ( 'NONE', #3718, #498, #809 ) ;
#34 = VERTEX_POINT ( 'NONE', #3274 ) ;
#35 = ORIENTED_EDGE ( 'NONE', *, *, #1772, .F. ) ;
#36 = ADVANCED_FACE ( 'NONE', ( #3006 ), #3775, .F. ) ;
#37 = CARTESIAN_POINT ( 'NONE',  ( 0.000000000000000000, 0.000000000000000000, 1.524000000000000243 ) ) ;
#38 = CARTESIAN_POINT ( 'NONE',  ( -1.084215513172631873, 1.859755777428559576, 0.9166980890513134472 ) ) ;
#39 = EDGE_LOOP ( 'NONE', ( #1729, #2645, #2913, #2609 ) ) ;
#40 = CIRCLE ( 'NONE', #3284, 0.1999999999999999833 ) ;
#41 = ADVANCED_FACE ( 'NONE', ( #3692 ), #486, .T. ) ;
#42 = DIRECTION ( 'NONE',  ( 0.000000000000000000, -1.000000000000000000, 0.000000000000000000 ) ) ;
#43 = CARTESIAN_POINT ( 'NONE',  ( -1.570626349951369738, -1.570626349951369738, 1.063600000000000101 ) ) ;
#44 = DIRECTION ( 'NONE',  ( 0.000000000000000000, 0.000000000000000000, 1.000000000000000000 ) ) ;
#45 = DIRECTION ( 'NONE',  ( 0.2810846377148199515, -0.6785983445458454444, -0.6785983445458487751 ) ) ;
#46 = VERTEX_POINT ( 'NONE', #3024 ) ;
#47 = VERTEX_POINT ( 'NONE', #1045 ) ;
#48 = CARTESIAN_POINT ( 'NONE',  ( 1.491957287525380593, -0.9120864945467261897, 1.019200000000000106 ) ) ;
#49 = DIRECTION ( 'NONE',  ( -0.7071067811865474617, 0.7071067811865475727, 0.000000000000000000 ) ) ;
#50 = CARTESIAN_POINT ( 'NONE',  ( -2.277589416008879653, 1.608610583987910347, 0.3796050115987160689 ) ) ;
#51 = VERTEX_POINT ( 'NONE', #2499 ) ;
#52 = CARTESIAN_POINT ( 'NONE',  ( -1.915122654850635930, 1.117427842509963520, 0.8635999999999880439 ) ) ;
#53 = CARTESIAN_POINT ( 'NONE',  ( -1.346199999999999841, 2.540000000000000036, 0.6636000000000000787 ) ) ;
#54 = CARTESIAN_POINT ( 'NONE',  ( -1.110852699902741492, 1.830399999999997585, 0.9221786437626908750 ) ) ;
#55 = VERTEX_POINT ( 'NONE', #129 ) ;
#56 = CARTESIAN_POINT ( 'NONE',  ( 3.250000000000000000, 2.095500000000000362, 0.1524000000000000077 ) ) ;
#57 = ADVANCED_FACE ( 'NONE', ( #444 ), #1600, .T. ) ;
#58 = CARTESIAN_POINT ( 'NONE',  ( -2.540000000000000924, -0.7619999999999992335, 0.000000000000000000 ) ) ;
#59 =( BOUNDED_SURFACE ( )  B_SPLINE_SURFACE ( 3, 2, ( 
 ( #210, #1387, #2020 ),
 ( #1137, #1080, #1976 ),
 ( #2307, #2556, #3181 ),
 ( #2285, #2246, #1936 ) ),
 .UNSPECIFIED., .F., .F., .F. ) 
 B_SPLINE_SURFACE_WITH_KNOTS ( ( 4, 4 ),
 ( 3, 3 ),
 ( 6.009171103369428835, 6.283185307179586232 ),
 ( 0.000000000000000000, 1.000000000000000000 ),
 .UNSPECIFIED. ) 
 GEOMETRIC_REPRESENTATION_ITEM ( )  RATIONAL_B_SPLINE_SURFACE ( (
 ( 1.000000000000000000, 0.9238795325112862944, 1.000000000000000000),
 ( 1.000000000000000000, 0.9287932027950323022, 1.000000000000000000),
 ( 1.000000000000000000, 0.9312663609287133992, 1.000000000000000000),
 ( 1.000000000000000000, 0.9312651489419525586, 1.000000000000000000) ) ) 
 REPRESENTATION_ITEM ( '' )  SURFACE ( )  );
#60 = DIRECTION ( 'NONE',  ( -0.000000000000000000, -0.000000000000000000, -1.000000000000000000 ) ) ;
#61 = CARTESIAN_POINT ( 'NONE',  ( 1.012086494546726723, 1.591957287525380904, 1.160621356237309332 ) ) ;
#62 = FACE_OUTER_BOUND ( 'NONE', #2544, .T. ) ;
#63 = ORIENTED_EDGE ( 'NONE', *, *, #261, .F. ) ;
#64 = EDGE_LOOP ( 'NONE', ( #2143, #1816, #3370, #3382, #1896, #268 ) ) ;
#65 = LINE ( 'NONE', #683, #2256 ) ;
#66 = FACE_OUTER_BOUND ( 'NONE', #1755, .T. ) ;
#67 = LINE ( 'NONE', #2659, #589 ) ;
#68 = EDGE_LOOP ( 'NONE', ( #3235, #954, #1180, #2716 ) ) ;
#69 = EDGE_LOOP ( 'NONE', ( #553, #2421, #3776, #2958, #2264, #1007 ) ) ;
#70 = DIRECTION ( 'NONE',  ( 0.6785983445458454444, 0.2810846377148199515, -0.6785983445458487751 ) ) ;
#71 = EDGE_CURVE ( 'NONE', #3458, #1599, #3691, .T. ) ;
#72 = CARTESIAN_POINT ( 'NONE',  ( 1.491957287525380593, 0.9120864945467264118, 1.019200000000000106 ) ) ;
#73 = ORIENTED_EDGE ( 'NONE', *, *, #1236, .F. ) ;
#74 = VECTOR ( 'NONE', #488, 1000.000000000000000 ) ;
#75 = EDGE_CURVE ( 'NONE', #2245, #3188, #1025, .T. ) ;
#76 = DIRECTION ( 'NONE',  ( 0.000000000000000000, 1.000000000000000000, 0.000000000000000000 ) ) ;
#77 = SPHERICAL_SURFACE ( 'NONE', #1267, 0.2000000000000000111 ) ;
#78 = CARTESIAN_POINT ( 'NONE',  ( 2.741999999999999549, -1.587500000000000133, 0.1523999999999995913 ) ) ;
#79 = EDGE_CURVE ( 'NONE', #983, #276, #373, .T. ) ;
#80 = CARTESIAN_POINT ( 'NONE',  ( 1.801678643762690379, 1.801678643762690379, 0.8636000000000000343 ) ) ;
#81 = CARTESIAN_POINT ( 'NONE',  ( -1.066111335742957467, -1.936378647927132324, 0.8635999999999839360 ) ) ;
#82 = VERTEX_POINT ( 'NONE', #1249 ) ;
#83 = ORIENTED_EDGE ( 'NONE', *, *, #3356, .F. ) ;
#84 = LINE ( 'NONE', #1210, #433 ) ;
#85 = ADVANCED_FACE ( 'NONE', ( #1564 ), #3673, .T. ) ;
#86 = CYLINDRICAL_SURFACE ( 'NONE', #3140, 0.2000000000000001221 ) ;
#87 = LINE ( 'NONE', #3254, #155 ) ;
#88 = EDGE_LOOP ( 'NONE', ( #3438, #2945, #627, #1868 ) ) ;
#89 = CARTESIAN_POINT ( 'NONE',  ( -0.9120864945467260787, 1.491957287525380593, 1.019200000000000106 ) ) ;
#90 = B_SPLINE_CURVE_WITH_KNOTS ( 'NONE', 3,
 ( #1669, #218, #746, #1373 ),
 .UNSPECIFIED., .F., .F.,
 ( 4, 4 ),
 ( 2.121507206312238309E-15, 8.988884541580411205E-05 ),
 .UNSPECIFIED. ) ;
#91 = LINE ( 'NONE', #1250, #1505 ) ;
#92 = AXIS2_PLACEMENT_3D ( 'NONE', #2286, #3469, #838 ) ;
#93 = CYLINDRICAL_SURFACE ( 'NONE', #3385, 0.1999999999999999833 ) ;
#94 = VECTOR ( 'NONE', #3323, 1000.000000000000000 ) ;
#95 = ORIENTED_EDGE ( 'NONE', *, *, #687, .F. ) ;
#96 = VECTOR ( 'NONE', #626, 1000.000000000000000 ) ;
#97 = CARTESIAN_POINT ( 'NONE',  ( 1.000000000000000000, 1.224646799147353207E-16, 1.219200000000000061 ) ) ;
#98 = CARTESIAN_POINT ( 'NONE',  ( 1.875454283695613178, -1.031403641501215329, 0.9185457163043851958 ) ) ;
#99 =( NAMED_UNIT ( * ) PLANE_ANGLE_UNIT ( ) SI_UNIT ( $, .RADIAN. ) );
#100 = CARTESIAN_POINT ( 'NONE',  ( -2.264903340500909135, -1.587499999999999911, 0.2286000000000000254 ) ) ;
#101 = CARTESIAN_POINT ( 'NONE',  ( 1.847544312607699579, -1.098859262457736241, 0.9185364250061023306 ) ) ;
#102 = ADVANCED_FACE ( 'NONE', ( #2463 ), #272, .T. ) ;
#103 = ORIENTED_EDGE ( 'NONE', *, *, #2680, .F. ) ;
#104 = ORIENTED_EDGE ( 'NONE', *, *, #3484, .T. ) ;
#105 = FACE_OUTER_BOUND ( 'NONE', #2885, .T. ) ;
#106 = CARTESIAN_POINT ( 'NONE',  ( 2.642048799282909144, -1.587500000000000133, 0.1591029197505574033 ) ) ;
#107 = CARTESIAN_POINT ( 'NONE',  ( 1.919847822843320229, -1.089324557486500922, 0.8635999999999999233 ) ) ;
#108 = VERTEX_POINT ( 'NONE', #1331 ) ;
#109 = CARTESIAN_POINT ( 'NONE',  ( 2.335151200717090703, -2.095500000000000362, 0.2218970802494424910 ) ) ;
#110 = FACE_OUTER_BOUND ( 'NONE', #2601, .T. ) ;
#111 = CARTESIAN_POINT ( 'NONE',  ( 1.801678643762690379, -1.801678643762690379, 0.6636000000000000787 ) ) ;
#112 = ORIENTED_EDGE ( 'NONE', *, *, #991, .T. ) ;
#113 = VECTOR ( 'NONE', #3680, 1000.000000000000000 ) ;
#114 = DIRECTION ( 'NONE',  ( 0.000000000000000000, -1.000000000000000000, 0.000000000000000000 ) ) ;
#115 = FACE_OUTER_BOUND ( 'NONE', #69, .T. ) ;
#116 = VECTOR ( 'NONE', #1558, 1000.000000000000114 ) ;
#117 = EDGE_CURVE ( 'NONE', #2810, #3507, #1037, .T. ) ;
#118 = CARTESIAN_POINT ( 'NONE',  ( -2.235200000000000298, -2.095500000000000362, 0.2286000000000000254 ) ) ;
#119 = FACE_OUTER_BOUND ( 'NONE', #3436, .T. ) ;
#120 = EDGE_LOOP ( 'NONE', ( #1461, #666, #1776, #1028 ) ) ;
#121 =( GEOMETRIC_REPRESENTATION_CONTEXT ( 3 ) GLOBAL_UNCERTAINTY_ASSIGNED_CONTEXT ( ( #1943 ) ) GLOBAL_UNIT_ASSIGNED_CONTEXT ( ( #1000, #1634, #2528 ) ) REPRESENTATION_CONTEXT ( 'NONE', 'WORKASPACE' ) );
#122 = ORIENTED_EDGE ( 'NONE', *, *, #1087, .F. ) ;
#123 = AXIS2_PLACEMENT_3D ( 'NONE', #1659, #3099, #480 ) ;
#124 = CARTESIAN_POINT ( 'NONE',  ( -2.741999999999999549, 2.095500000000000362, 0.1523999999999995913 ) ) ;
#125 = ADVANCED_FACE ( 'NONE', ( #1847 ), #1865, .F. ) ;
#126 = CARTESIAN_POINT ( 'NONE',  ( 2.477008688934016600, -1.587500000000000133, 0.3473161722474025770 ) ) ;
#127 = CYLINDRICAL_SURFACE ( 'NONE', #1129, 0.2000000000000001221 ) ;
#128 = ORIENTED_EDGE ( 'NONE', *, *, #484, .T. ) ;
#129 = CARTESIAN_POINT ( 'NONE',  ( 2.540000000000000036, 1.346199999999999841, 0.000000000000000000 ) ) ;
#130 = CARTESIAN_POINT ( 'NONE',  ( 2.343885429429293232, 1.587500000000000133, 0.2177540640374742431 ) ) ;
#131 = EDGE_CURVE ( 'NONE', #2008, #3165, #2030, .T. ) ;
#132 = DIRECTION ( 'NONE',  ( -1.000000000000000000, 0.000000000000000000, 3.104372720073025936E-16 ) ) ;
#133 = ORIENTED_EDGE ( 'NONE', *, *, #1942, .F. ) ;
#134 = DIRECTION ( 'NONE',  ( -0.7071067811865475727, -0.7071067811865475727, 0.000000000000000000 ) ) ;
#135 = CARTESIAN_POINT ( 'NONE',  ( 2.540000000000000036, 1.346199999999999841, 0.6636000000000000787 ) ) ;
#136 = SURFACE_SIDE_STYLE ('',( #2760 ) ) ;
#137 = DIRECTION ( 'NONE',  ( 0.000000000000000000, 0.000000000000000000, 1.000000000000000000 ) ) ;
#138 = FACE_OUTER_BOUND ( 'NONE', #1841, .T. ) ;
#139 = CARTESIAN_POINT ( 'NONE',  ( 2.477008688934016600, -2.095500000000000362, 0.3473161722474025770 ) ) ;
#140 = ORIENTED_EDGE ( 'NONE', *, *, #1724, .F. ) ;
#141 = EDGE_CURVE ( 'NONE', #2873, #2596, #1979, .T. ) ;
#142 = ORIENTED_EDGE ( 'NONE', *, *, #3703, .T. ) ;
#143 = CARTESIAN_POINT ( 'NONE',  ( 3.250000000000000000, 1.587500000000000133, 0.000000000000000000 ) ) ;
#144 = VECTOR ( 'NONE', #2490, 1000.000000000000000 ) ;
#145 = CARTESIAN_POINT ( 'NONE',  ( -1.491957287525380371, -0.9120864945467259677, 1.019200000000000106 ) ) ;
#146 = CARTESIAN_POINT ( 'NONE',  ( 1.830399999999997585, -1.110852699902741492, 0.9221786437626908750 ) ) ;
#147 = ORIENTED_EDGE ( 'NONE', *, *, #1876, .F. ) ;
#148 = CARTESIAN_POINT ( 'NONE',  ( 2.386007996261652941, -2.095500000000000362, 0.1977735387928848676 ) ) ;
#149 = CARTESIAN_POINT ( 'NONE',  ( 1.098889857380012103, 1.847500577805371691, 0.9185457163043914131 ) ) ;
#150 = CYLINDRICAL_SURFACE ( 'NONE', #269, 0.1999999999999999833 ) ;
#151 = B_SPLINE_CURVE_WITH_KNOTS ( 'NONE', 3,
 ( #514, #531, #1673, #3741, #2258, #3444, #1967, #1693 ),
 .UNSPECIFIED., .F., .F.,
 ( 4, 1, 1, 1, 1, 4 ),
 ( 0.000000000000000000, 0.1250000000000000000, 0.2500000000000000000, 0.5000000000000000000, 0.7500000000000000000, 1.000000000000000000 ),
 .UNSPECIFIED. ) ;
#152 = EDGE_CURVE ( 'NONE', #2816, #293, #3406, .T. ) ;
#153 = VERTEX_POINT ( 'NONE', #2249 ) ;
#154 = CARTESIAN_POINT ( 'NONE',  ( 2.235200000000000298, 2.095500000000000362, 0.2285999999999998034 ) ) ;
#155 = VECTOR ( 'NONE', #381, 999.9999999999998863 ) ;
#156 =( GEOMETRIC_REPRESENTATION_CONTEXT ( 3 ) GLOBAL_UNCERTAINTY_ASSIGNED_CONTEXT ( ( #3414 ) ) GLOBAL_UNIT_ASSIGNED_CONTEXT ( ( #1456, #219, #2633 ) ) REPRESENTATION_CONTEXT ( 'NONE', 'WORKASPACE' ) );
#157 = SURFACE_SIDE_STYLE ('',( #3376 ) ) ;
#158 = CARTESIAN_POINT ( 'NONE',  ( -2.540000000000000036, 1.346199999999999619, 0.7807572875253809830 ) ) ;
#159 = LINE ( 'NONE', #979, #1460 ) ;
#160 = CIRCLE ( 'NONE', #2108, 0.1999999999999999833 ) ;
#161 = DIRECTION ( 'NONE',  ( -1.000000000000000000, 0.000000000000000000, 0.000000000000000000 ) ) ;
#162 = STYLED_ITEM ( 'NONE', ( #2571 ), #2727 ) ;
#163 = PLANE ( 'NONE',  #2412 ) ;
#164 = VERTEX_POINT ( 'NONE', #214 ) ;
#165 = CARTESIAN_POINT ( 'NONE',  ( 2.307873433698064858, -1.587500000000000355, 0.2233630774569628219 ) ) ;
#166 = ORIENTED_EDGE ( 'NONE', *, *, #3430, .F. ) ;
#167 = PRESENTATION_LAYER_ASSIGNMENT (  '', '', ( #2975 ) ) ;
#168 = FACE_OUTER_BOUND ( 'NONE', #3174, .T. ) ;
#169 = CARTESIAN_POINT ( 'NONE',  ( -2.741999999999999549, -2.095500000000000362, 0.1523999999999995913 ) ) ;
#170 = ORIENTED_EDGE ( 'NONE', *, *, #1767, .F. ) ;
#171 = CARTESIAN_POINT ( 'NONE',  ( 2.500191311065981914, -2.095500000000000362, 0.03368382775259703282 ) ) ;
#172 = CARTESIAN_POINT ( 'NONE',  ( -1.264032224883345989, -0.8176768423956577436, 1.247125062642035820 ) ) ;
#173 = ADVANCED_FACE ( 'NONE', ( #1428 ), #1665, .T. ) ;
#174 = CARTESIAN_POINT ( 'NONE',  ( -2.339999999999999858, 0.000000000000000000, 0.6636000000000000787 ) ) ;
#175 = AXIS2_PLACEMENT_3D ( 'NONE', #271, #2603, #3796 ) ;
#176 = EDGE_LOOP ( 'NONE', ( #1020, #3426, #971, #1877, #1880 ) ) ;
#177 = LINE ( 'NONE', #3394, #3629 ) ;
#178 = EDGE_CURVE ( 'NONE', #3255, #1857, #1778, .T. ) ;
#179 = CARTESIAN_POINT ( 'NONE',  ( 1.110852699902741270, -1.830399999999998029, 0.9221786437626907640 ) ) ;
#180 = FACE_OUTER_BOUND ( 'NONE', #681, .T. ) ;
#181 = CARTESIAN_POINT ( 'NONE',  ( 2.642048799282909144, 2.095500000000000362, 0.1591029197505574033 ) ) ;
#182 = VECTOR ( 'NONE', #2163, 1000.000000000000000 ) ;
#183 = EDGE_CURVE ( 'NONE', #3501, #1413, #2853, .T. ) ;
#184 = CARTESIAN_POINT ( 'NONE',  ( 2.540000000000000036, -1.346199999999999841, 0.8636000000000000343 ) ) ;
#185 = CARTESIAN_POINT ( 'NONE',  ( 1.491957287525380593, -0.9120864945467263007, 1.019200000000000106 ) ) ;
#186 = ORIENTED_EDGE ( 'NONE', *, *, #2393, .T. ) ;
#187 = CARTESIAN_POINT ( 'NONE',  ( 1.570626349951369960, 1.570626349951369960, 1.063600000000000101 ) ) ;
#188 = SPHERICAL_SURFACE ( 'NONE', #624, 0.2000000000000000111 ) ;
#189 = CARTESIAN_POINT ( 'NONE',  ( 1.264032224883345989, -0.8176768423956581877, 1.247125062642035598 ) ) ;
#190 = EDGE_LOOP ( 'NONE', ( #2713, #122, #665, #3649 ) ) ;
#191 = CARTESIAN_POINT ( 'NONE',  ( 1.301042606982581162E-16, 1.587500000000000133, 0.1523999999999972599 ) ) ;
#192 = EDGE_CURVE ( 'NONE', #3748, #1301, #1959, .T. ) ;
#193 =( NAMED_UNIT ( * ) PLANE_ANGLE_UNIT ( ) SI_UNIT ( $, .RADIAN. ) );
#194 =( BOUNDED_CURVE ( )  B_SPLINE_CURVE ( 3, ( #2766, #810, #1970, #2015 ),
 .UNSPECIFIED., .F., .F. ) 
 B_SPLINE_CURVE_WITH_KNOTS ( ( 4, 4 ),
 ( 2.867578449779635719, 3.415606857399948737 ),
 .UNSPECIFIED. ) 
 CURVE ( )  GEOMETRIC_REPRESENTATION_ITEM ( )  RATIONAL_B_SPLINE_CURVE ( ( 1.000000000000000000, 0.9751282799207708907, 0.9751282799207708907, 1.000000000000000000 ) ) 
 REPRESENTATION_ITEM ( '' )  );
#195 = CARTESIAN_POINT ( 'NONE',  ( 1.491957287525380593, 0.9120864945467264118, 1.019200000000000106 ) ) ;
#196 = ORIENTED_EDGE ( 'NONE', *, *, #1760, .F. ) ;
#197 = ADVANCED_FACE ( 'NONE', ( #248 ), #557, .T. ) ;
#198 = APPLICATION_CONTEXT ( 'automotive_design' ) ;
#199 = CARTESIAN_POINT ( 'NONE',  ( -3.250000000000000000, -2.095500000000000362, 0.000000000000000000 ) ) ;
#200 = PRESENTATION_LAYER_ASSIGNMENT (  '', '', ( #1422 ) ) ;
#201 = CARTESIAN_POINT ( 'NONE',  ( -1.346199999999999841, -2.540000000000000036, 0.6636000000000000787 ) ) ;
#202 = CARTESIAN_POINT ( 'NONE',  ( 1.992138358161261502, 1.119268277646403575, 1.063600000000000101 ) ) ;
#203 = EDGE_CURVE ( 'NONE', #3725, #3638, #2060, .T. ) ;
#204 = CARTESIAN_POINT ( 'NONE',  ( 2.235200000000000298, -2.095500000000000362, 0.2285999999999998034 ) ) ;
#205 = ORIENTED_EDGE ( 'NONE', *, *, #295, .T. ) ;
#206 = CARTESIAN_POINT ( 'NONE',  ( 2.421023718692504101, -1.587500000000000133, 0.1581841716986339685 ) ) ;
#207 = EDGE_CURVE ( 'NONE', #252, #345, #2602, .T. ) ;
#208 = ORIENTED_EDGE ( 'NONE', *, *, #816, .F. ) ;
#209 = VECTOR ( 'NONE', #1312, 1000.000000000000000 ) ;
#210 = CARTESIAN_POINT ( 'NONE',  ( 1.010852699902740959, 2.013242712474617058, 0.8636000000000000343 ) ) ;
#211 = CARTESIAN_POINT ( 'NONE',  ( -2.307735087980207656, -2.095500000000000362, 0.3810000000000000608 ) ) ;
#212 = EDGE_LOOP ( 'NONE', ( #1808, #2133, #602, #868 ) ) ;
#213 = ORIENTED_EDGE ( 'NONE', *, *, #358, .T. ) ;
#214 = CARTESIAN_POINT ( 'NONE',  ( -2.339999999999999858, -1.263357287525380457, 0.8636000000000000343 ) ) ;
#215 = CARTESIAN_POINT ( 'NONE',  ( 1.010852699902741181, -2.013242712474617502, 0.8636000000000000343 ) ) ;
#216 =( NAMED_UNIT ( * ) SI_UNIT ( $, .STERADIAN. ) SOLID_ANGLE_UNIT ( ) );
#217 = ORIENTED_EDGE ( 'NONE', *, *, #962, .F. ) ;
#218 = CARTESIAN_POINT ( 'NONE',  ( 2.277589416008879208, -1.608610583987910347, 0.3796050115987161244 ) ) ;
#219 =( NAMED_UNIT ( * ) PLANE_ANGLE_UNIT ( ) SI_UNIT ( $, .RADIAN. ) );
#220 = EDGE_LOOP ( 'NONE', ( #2343, #2331, #236, #1156 ) ) ;
#221 = DIRECTION ( 'NONE',  ( 0.000000000000000000, 0.000000000000000000, -1.000000000000000000 ) ) ;
#222 = DIRECTION ( 'NONE',  ( -1.000000000000000000, 0.000000000000000000, 0.000000000000000000 ) ) ;
#223 = VECTOR ( 'NONE', #886, 1000.000000000000000 ) ;
#224 = CARTESIAN_POINT ( 'NONE',  ( -2.307735087980207656, 2.095500000000000362, 0.3810000000000000608 ) ) ;
#225 = CIRCLE ( 'NONE', #33, 0.1999999999999999833 ) ;
#226 = VECTOR ( 'NONE', #3506, 1000.000000000000000 ) ;
#227 = CARTESIAN_POINT ( 'NONE',  ( -2.741999999999999549, -1.587500000000000133, 0.1523999999999995913 ) ) ;
#228 = ORIENTED_EDGE ( 'NONE', *, *, #75, .F. ) ;
#229 = CARTESIAN_POINT ( 'NONE',  ( -2.386007996261652941, -1.587500000000000133, 0.1977735387928848676 ) ) ;
#230 = DIRECTION ( 'NONE',  ( 0.000000000000000000, -1.000000000000000000, 0.000000000000000000 ) ) ;
#231 = CARTESIAN_POINT ( 'NONE',  ( -2.642048799282909144, -1.587500000000000133, 0.1591029197505574033 ) ) ;
#232 = ORIENTED_EDGE ( 'NONE', *, *, #2898, .F. ) ;
#233 = DIRECTION ( 'NONE',  ( 1.000000000000000000, 0.000000000000000000, -0.000000000000000000 ) ) ;
#234 = CARTESIAN_POINT ( 'NONE',  ( 1.110852699902741492, 1.830399999999997585, 0.9221786437626908750 ) ) ;
#235 = CARTESIAN_POINT ( 'NONE',  ( -1.202021891036052947, -1.202021891036052947, 1.019200000000000106 ) ) ;
#236 = ORIENTED_EDGE ( 'NONE', *, *, #1547, .F. ) ;
#237 = ORIENTED_EDGE ( 'NONE', *, *, #864, .F. ) ;
#238 = DIRECTION ( 'NONE',  ( -8.537024980200817874E-16, 0.000000000000000000, 1.000000000000000000 ) ) ;
#239 = LINE ( 'NONE', #1033, #1496 ) ;
#240 = CARTESIAN_POINT ( 'NONE',  ( -1.067330608908788392, 1.866749733896870600, 0.9166980889464495519 ) ) ;
#241 = CARTESIAN_POINT ( 'NONE',  ( 2.421023718692504101, 1.587499999999999911, 0.1581841716986339685 ) ) ;
#242 = CARTESIAN_POINT ( 'NONE',  ( -1.263357287525380457, 2.339999999999999858, 0.8636000000000000343 ) ) ;
#243 = ORIENTED_EDGE ( 'NONE', *, *, #811, .F. ) ;
#244 = ADVANCED_FACE ( 'NONE', ( #2886 ), #1120, .F. ) ;
#245 = VECTOR ( 'NONE', #3761, 1000.000000000000000 ) ;
#246 = CARTESIAN_POINT ( 'NONE',  ( -2.741999999999999549, -2.095500000000000362, 0.000000000000000000 ) ) ;
#247 = ORIENTED_EDGE ( 'NONE', *, *, #1720, .F. ) ;
#248 = FACE_OUTER_BOUND ( 'NONE', #190, .T. ) ;
#249 = EDGE_CURVE ( 'NONE', #1917, #3458, #3147, .T. ) ;
#250 = LINE ( 'NONE', #2042, #490 ) ;
#251 = FACE_OUTER_BOUND ( 'NONE', #3045, .T. ) ;
#252 = VERTEX_POINT ( 'NONE', #1141 ) ;
#253 = COLOUR_RGB ( '',0.05490196078431372473, 0.05490196078431372473, 0.05490196078431372473 ) ;
#254 = EDGE_CURVE ( 'NONE', #1978, #1394, #599, .T. ) ;
#255 = ORIENTED_EDGE ( 'NONE', *, *, #1997, .T. ) ;
#256 = EDGE_CURVE ( 'NONE', #406, #1555, #797, .T. ) ;
#257 = CARTESIAN_POINT ( 'NONE',  ( 1.871821356237307610, 1.152274056140051295, 0.8635999999999998122 ) ) ;
#258 = CARTESIAN_POINT ( 'NONE',  ( -1.031403641501223545, 1.875454283695600965, 0.9185457163043972972 ) ) ;
#259 = CARTESIAN_POINT ( 'NONE',  ( -1.865016074013391423, 1.086636755655155939, 0.9148246414800683679 ) ) ;
#260 = CARTESIAN_POINT ( 'NONE',  ( 0.000000000000000000, 0.000000000000000000, 0.000000000000000000 ) ) ;
#261 = EDGE_CURVE ( 'NONE', #2245, #1335, #3440, .T. ) ;
#262 = CARTESIAN_POINT ( 'NONE',  ( -2.741999999999999549, 2.095500000000000362, 0.000000000000000000 ) ) ;
#263 = CARTESIAN_POINT ( 'NONE',  ( 2.540000000000000036, -0.7620000000000010099, 0.05080000000000000487 ) ) ;
#264 = DIRECTION ( 'NONE',  ( -2.845674993400272460E-16, -1.000000000000000000, -0.000000000000000000 ) ) ;
#265 = VERTEX_POINT ( 'NONE', #2519 ) ;
#266 = CARTESIAN_POINT ( 'NONE',  ( 2.591192003738346461, 1.587500000000000133, 0.1832264612071148047 ) ) ;
#267 = FACE_OUTER_BOUND ( 'NONE', #2933, .T. ) ;
#268 = ORIENTED_EDGE ( 'NONE', *, *, #14, .F. ) ;
#269 = AXIS2_PLACEMENT_3D ( 'NONE', #174, #2756, #3354 ) ;
#270 = DIRECTION ( 'NONE',  ( -1.000000000000000000, 0.000000000000000000, -8.537024980200817874E-16 ) ) ;
#271 = CARTESIAN_POINT ( 'NONE',  ( -1.570626349951369738, 1.570626349951370404, 1.063600000000000101 ) ) ;
#272 = B_SPLINE_SURFACE_WITH_KNOTS ( 'NONE', 3, 1, ( 
 ( #2138, #3616 ),
 ( #741, #1921 ),
 ( #2209, #109 ),
 ( #3390, #148 ),
 ( #3107, #3651 ),
 ( #2734, #171 ),
 ( #1903, #3317 ),
 ( #2795, #3634 ) ),
 .UNSPECIFIED., .F., .F., .F.,
 ( 4, 1, 1, 1, 1, 4 ),
 ( 2, 2 ),
 ( 0.000000000000000000, 0.1250000000000000000, 0.2500000000000000000, 0.5000000000000000000, 0.7500000000000000000, 1.000000000000000000 ),
 ( 0.000000000000000000, 1.000000000000000000 ),
 .UNSPECIFIED. ) ;
#273 = CARTESIAN_POINT ( 'NONE',  ( 1.470626349951370093, -1.470626349951370093, 0.9221786437626906530 ) ) ;
#274 = ORIENTED_EDGE ( 'NONE', *, *, #2560, .T. ) ;
#275 = UNCERTAINTY_MEASURE_WITH_UNIT (LENGTH_MEASURE( 1.000000000000000082E-05 ), #2711, 'distance_accuracy_value', 'NONE');
#276 = VERTEX_POINT ( 'NONE', #3710 ) ;
#277 = COLOUR_RGB ( '',0.9411764705882352811, 0.9411764705882352811, 0.9411764705882352811 ) ;
#278 = CARTESIAN_POINT ( 'NONE',  ( -1.089324557486500700, 1.919847822843319785, 0.8635999999999999233 ) ) ;
#279 = EDGE_CURVE ( 'NONE', #3638, #2856, #3757, .T. ) ;
#280 = SURFACE_SIDE_STYLE ('',( #1152 ) ) ;
#281 = CARTESIAN_POINT ( 'NONE',  ( 2.386007996261652941, 2.095500000000000362, 0.1977735387928848676 ) ) ;
#282 = DIRECTION ( 'NONE',  ( 0.000000000000000000, 1.000000000000000000, 0.000000000000000000 ) ) ;
#283 = ORIENTED_EDGE ( 'NONE', *, *, #1882, .T. ) ;
#284 = VECTOR ( 'NONE', #3044, 1000.000000000000000 ) ;
#285 = CARTESIAN_POINT ( 'NONE',  ( 1.405453581120655882, 0.8176768423956580767, 1.388546418879344824 ) ) ;
#286 = CARTESIAN_POINT ( 'NONE',  ( -2.235200000000000298, -1.587500000000000133, 0.3810000000000000608 ) ) ;
#287 = ORIENTED_EDGE ( 'NONE', *, *, #3534, .F. ) ;
#288 = VECTOR ( 'NONE', #1840, 1000.000000000000000 ) ;
#289 = CARTESIAN_POINT ( 'NONE',  ( 1.978113012607195298, -1.153128457099999560, 0.8635999999999999233 ) ) ;
#290 = CARTESIAN_POINT ( 'NONE',  ( 2.235200000000000298, -1.650999999999999801, 0.2285999999999998034 ) ) ;
#291 = DIRECTION ( 'NONE',  ( 0.000000000000000000, 0.000000000000000000, 1.000000000000000000 ) ) ;
#292 = EDGE_LOOP ( 'NONE', ( #2586, #457 ) ) ;
#293 = VERTEX_POINT ( 'NONE', #1940 ) ;
#294 = CARTESIAN_POINT ( 'NONE',  ( 0.000000000000000000, 0.000000000000000000, 0.8636000000000000343 ) ) ;
#295 = EDGE_CURVE ( 'NONE', #644, #2023, #2625, .T. ) ;
#296 = CARTESIAN_POINT ( 'NONE',  ( 3.250000000000000000, -1.587500000000000133, 0.000000000000000000 ) ) ;
#297 = CARTESIAN_POINT ( 'NONE',  ( 2.298700007898529130, -1.587499999999999911, 0.2245073061906101841 ) ) ;
#298 = ADVANCED_FACE ( 'NONE', ( #1679 ), #2635, .F. ) ;
#299 = CARTESIAN_POINT ( 'NONE',  ( 2.335151200717090703, 1.587499999999999911, 0.2218970802494424910 ) ) ;
#300 = CARTESIAN_POINT ( 'NONE',  ( -2.712296659499090712, -1.587500000000000133, 0.1523999999999998134 ) ) ;
#301 = ORIENTED_EDGE ( 'NONE', *, *, #2802, .T. ) ;
#302 = ADVANCED_FACE ( 'NONE', ( #1 ), #1954, .F. ) ;
#303 = CARTESIAN_POINT ( 'NONE',  ( 1.301042606982581162E-16, -1.587500000000000133, 0.1523999999999972599 ) ) ;
#304 = DIRECTION ( 'NONE',  ( 0.7071067811865474617, -0.7071067811865475727, 0.000000000000000000 ) ) ;
#305 = EDGE_LOOP ( 'NONE', ( #376, #3609, #140, #2498 ) ) ;
#306 = AXIS2_PLACEMENT_3D ( 'NONE', #2724, #925, #44 ) ;
#307 = CARTESIAN_POINT ( 'NONE',  ( -0.9120864945467259677, -1.491957287525380593, 1.019200000000000106 ) ) ;
#308 = ORIENTED_EDGE ( 'NONE', *, *, #489, .F. ) ;
#309 = DIRECTION ( 'NONE',  ( 2.845674993400275418E-16, 1.000000000000000000, 0.000000000000000000 ) ) ;
#310 = VECTOR ( 'NONE', #2879, 1000.000000000000000 ) ;
#311 = CARTESIAN_POINT ( 'NONE',  ( -1.346199999999999619, 2.540000000000000036, 0.7807572875253809830 ) ) ;
#312 = EDGE_CURVE ( 'NONE', #606, #670, #3214, .T. ) ;
#313 = VERTEX_POINT ( 'NONE', #3726 ) ;
#314 = DIRECTION ( 'NONE',  ( -0.000000000000000000, 1.000000000000000000, -0.000000000000000000 ) ) ;
#315 = LINE ( 'NONE', #2668, #755 ) ;
#316 = ORIENTED_EDGE ( 'NONE', *, *, #3412, .T. ) ;
#317 = ADVANCED_FACE ( 'NONE', ( #3383 ), #3325, .F. ) ;
#318 = PRESENTATION_LAYER_ASSIGNMENT (  '', '', ( #3320 ) ) ;
#319 = PLANE ( 'NONE',  #1221 ) ;
#320 = CARTESIAN_POINT ( 'NONE',  ( 0.000000000000000000, 2.095500000000000362, 0.2285999999999998034 ) ) ;
#321 = EDGE_CURVE ( 'NONE', #2873, #1049, #1637, .T. ) ;
#322 = ORIENTED_EDGE ( 'NONE', *, *, #3366, .T. ) ;
#323 = FACE_OUTER_BOUND ( 'NONE', #1044, .T. ) ;
#324 = CARTESIAN_POINT ( 'NONE',  ( -1.491957287525380593, 0.9120864945467266338, 1.019200000000000106 ) ) ;
#325 = CARTESIAN_POINT ( 'NONE',  ( 2.298700007898529130, -1.587499999999999911, 0.2245073061906101841 ) ) ;
#326 = ORIENTED_EDGE ( 'NONE', *, *, #3110, .T. ) ;
#327 = STYLED_ITEM ( 'NONE', ( #1393 ), #1930 ) ;
#328 = ORIENTED_EDGE ( 'NONE', *, *, #3728, .F. ) ;
#329 = FACE_OUTER_BOUND ( 'NONE', #2205, .T. ) ;
#330 = CARTESIAN_POINT ( 'NONE',  ( 1.084260698635586717, 1.859737061119837831, 0.9166980889464491078 ) ) ;
#331 = ORIENTED_EDGE ( 'NONE', *, *, #2111, .F. ) ;
#332 = EDGE_CURVE ( 'NONE', #3538, #740, #3577, .T. ) ;
#333 = LINE ( 'NONE', #1493, #144 ) ;
#334 = DIRECTION ( 'NONE',  ( -1.000000000000000000, -0.000000000000000000, -0.000000000000000000 ) ) ;
#335 = DIRECTION ( 'NONE',  ( 1.000000000000000000, 0.000000000000000000, 0.000000000000000000 ) ) ;
#336 = LINE ( 'NONE', #2998, #1624 ) ;
#337 = ORIENTED_EDGE ( 'NONE', *, *, #2804, .T. ) ;
#338 = ORIENTED_EDGE ( 'NONE', *, *, #2117, .T. ) ;
#339 = CARTESIAN_POINT ( 'NONE',  ( -1.210852699902741803, 1.930399999999998339, 1.063600000000000101 ) ) ;
#340 = AXIS2_PLACEMENT_3D ( 'NONE', #715, #1031, #2448 ) ;
#341 = CARTESIAN_POINT ( 'NONE',  ( -1.210852699902741580, -1.930399999999998339, 0.8636000000000000343 ) ) ;
#342 = AXIS2_PLACEMENT_3D ( 'NONE', #888, #604, #3786 ) ;
#343 = SURFACE_SIDE_STYLE ('',( #2964 ) ) ;
#344 = COLOUR_RGB ( '',0.05490196078431372473, 0.05490196078431372473, 0.05490196078431372473 ) ;
#345 = VERTEX_POINT ( 'NONE', #3746 ) ;
#346 = CARTESIAN_POINT ( 'NONE',  ( -1.984396836856000546, 1.156855862540684843, 0.8636000000000000343 ) ) ;
#347 = SPHERICAL_SURFACE ( 'NONE', #1322, 0.2000000000000000111 ) ;
#348 = EDGE_CURVE ( 'NONE', #3725, #3289, #1056, .T. ) ;
#349 = DIRECTION ( 'NONE',  ( 1.000000000000000000, 0.000000000000000000, -0.000000000000000000 ) ) ;
#350 = ORIENTED_EDGE ( 'NONE', *, *, #2717, .F. ) ;
#351 = AXIS2_PLACEMENT_3D ( 'NONE', #172, #799, #1047 ) ;
#352 = CARTESIAN_POINT ( 'NONE',  ( -2.256388639112742567, 1.629811360887257754, 0.2286000000000000254 ) ) ;
#353 = CARTESIAN_POINT ( 'NONE',  ( -1.790699999999999958, 2.095500000000000362, 0.2285999999999998034 ) ) ;
#354 = LINE ( 'NONE', #679, #2632 ) ;
#355 = AXIS2_PLACEMENT_3D ( 'NONE', #2541, #3693, #1623 ) ;
#356 = DIRECTION ( 'NONE',  ( 1.000000000000000000, 0.000000000000000000, 0.000000000000000000 ) ) ;
#357 = EDGE_LOOP ( 'NONE', ( #2069, #3778, #796, #3234 ) ) ;
#358 = EDGE_CURVE ( 'NONE', #2882, #1039, #2012, .T. ) ;
#359 = ORIENTED_EDGE ( 'NONE', *, *, #3799, .F. ) ;
#360 = CARTESIAN_POINT ( 'NONE',  ( 1.000000000000000000, 1.224646799147353207E-16, 1.524000000000000243 ) ) ;
#361 = CARTESIAN_POINT ( 'NONE',  ( -2.741999999999999549, 1.587500000000000133, 0.000000000000000000 ) ) ;
#362 = CARTESIAN_POINT ( 'NONE',  ( -2.235200000000000298, 1.651000000000000023, 0.3810000000000002829 ) ) ;
#363 = ORIENTED_EDGE ( 'NONE', *, *, #1243, .F. ) ;
#364 = EDGE_CURVE ( 'NONE', #47, #1466, #3525, .T. ) ;
#365 = FACE_OUTER_BOUND ( 'NONE', #1383, .T. ) ;
#366 = CARTESIAN_POINT ( 'NONE',  ( -3.250000000000000000, 1.587500000000000133, 0.000000000000000000 ) ) ;
#367 = FACE_OUTER_BOUND ( 'NONE', #985, .T. ) ;
#368 = ADVANCED_FACE ( 'NONE', ( #2051 ), #3225, .T. ) ;
#369 = ADVANCED_FACE ( 'NONE', ( #2495 ), #1916, .F. ) ;
#370 = ORIENTED_EDGE ( 'NONE', *, *, #885, .F. ) ;
#371 = CARTESIAN_POINT ( 'NONE',  ( -1.183848512200514458, 1.957404187702224796, 0.8635999999999999233 ) ) ;
#372 = CARTESIAN_POINT ( 'NONE',  ( 1.871821356237307388, -1.010852699902740959, 0.9221786437626908750 ) ) ;
#373 = CIRCLE ( 'NONE', #2694, 0.2000000000000000944 ) ;
#374 = LINE ( 'NONE', #3326, #1155 ) ;
#375 = FACE_OUTER_BOUND ( 'NONE', #1782, .T. ) ;
#376 = ORIENTED_EDGE ( 'NONE', *, *, #811, .T. ) ;
#377 = ORIENTED_EDGE ( 'NONE', *, *, #1654, .F. ) ;
#378 = B_SPLINE_CURVE_WITH_KNOTS ( 'NONE', 3,
 ( #1304, #2517, #3083, #3708, #483, #2732, #2460, #169 ),
 .UNSPECIFIED., .F., .F.,
 ( 4, 1, 1, 1, 1, 4 ),
 ( 0.000000000000000000, 0.2500000000000000000, 0.5000000000000000000, 0.7500000000000000000, 0.8750000000000000000, 1.000000000000000000 ),
 .UNSPECIFIED. ) ;
#379 = CARTESIAN_POINT ( 'NONE',  ( -2.741999999999999549, 2.095500000000000362, 0.1523999999999995913 ) ) ;
#380 = SURFACE_SIDE_STYLE ('',( #1827 ) ) ;
#381 = DIRECTION ( 'NONE',  ( -0.7071067811865477948, -0.7071067811865473507, 0.000000000000000000 ) ) ;
#382 = ORIENTED_EDGE ( 'NONE', *, *, #1876, .T. ) ;
#383 = CARTESIAN_POINT ( 'NONE',  ( -2.235200000000000298, 2.095500000000000362, 0.3810000000000000608 ) ) ;
#384 = DIRECTION ( 'NONE',  ( -0.9238795325112866275, 0.3826834323650901704, -0.000000000000000000 ) ) ;
#385 = DIRECTION ( 'NONE',  ( 1.084202172485499109E-15, 1.000000000000000000, 1.084202172485504040E-15 ) ) ;
#386 = ORIENTED_EDGE ( 'NONE', *, *, #3199, .T. ) ;
#387 = CIRCLE ( 'NONE', #2395, 0.2000000000000000944 ) ;
#388 = EDGE_CURVE ( 'NONE', #1466, #1953, #2214, .T. ) ;
#389 = CARTESIAN_POINT ( 'NONE',  ( -1.119268277646403353, 1.992138358161261058, 0.8635999999999999233 ) ) ;
#390 = CARTESIAN_POINT ( 'NONE',  ( -1.633378643762690485, -0.9120864945467260787, 1.160621356237309332 ) ) ;
#391 = CARTESIAN_POINT ( 'NONE',  ( 2.556176281307496190, -1.587500000000000133, 0.2228158283013659813 ) ) ;
#392 = DIRECTION ( 'NONE',  ( 1.000000000000000000, 0.000000000000000000, -8.537024980200817874E-16 ) ) ;
#393 = LINE ( 'NONE', #1554, #2788 ) ;
#394 = EDGE_LOOP ( 'NONE', ( #1762, #2316, #166, #3347 ) ) ;
#395 = ORIENTED_EDGE ( 'NONE', *, *, #1079, .F. ) ;
#396 = CARTESIAN_POINT ( 'NONE',  ( 1.119268277646403575, 1.992138358161261502, 0.8636000000000000343 ) ) ;
#397 = CARTESIAN_POINT ( 'NONE',  ( 2.712296659499090712, -2.095500000000000362, 0.1523999999999998134 ) ) ;
#398 = PRESENTATION_LAYER_ASSIGNMENT (  '', '', ( #2048 ) ) ;
#399 = CARTESIAN_POINT ( 'NONE',  ( 1.346199999999999841, 2.540000000000000036, 0.000000000000000000 ) ) ;
#400 = ORIENTED_EDGE ( 'NONE', *, *, #3774, .T. ) ;
#401 = DIRECTION ( 'NONE',  ( 1.000000000000000000, 1.533293416683369701E-15, -0.000000000000000000 ) ) ;
#402 = LINE ( 'NONE', #1565, #840 ) ;
#403 = VECTOR ( 'NONE', #2924, 1000.000000000000000 ) ;
#404 = CARTESIAN_POINT ( 'NONE',  ( 1.010852699902741181, 1.871821356237307832, 0.9221786437626907640 ) ) ;
#405 = AXIS2_PLACEMENT_3D ( 'NONE', #1909, #1316, #3679 ) ;
#406 = VERTEX_POINT ( 'NONE', #3130 ) ;
#407 = EDGE_CURVE ( 'NONE', #34, #919, #510, .T. ) ;
#408 = VECTOR ( 'NONE', #282, 1000.000000000000000 ) ;
#409 = CARTESIAN_POINT ( 'NONE',  ( -1.010852699902740959, -2.013242712474617502, 0.8636000000000000343 ) ) ;
#410 = DIRECTION ( 'NONE',  ( 0.7071067811865475727, 0.7071067811865475727, 0.000000000000000000 ) ) ;
#411 = FILL_AREA_STYLE ('',( #3033 ) ) ;
#412 = ADVANCED_FACE ( 'NONE', ( #1985 ), #3172, .T. ) ;
#413 = VECTOR ( 'NONE', #506, 1000.000000000000000 ) ;
#414 = CARTESIAN_POINT ( 'NONE',  ( -2.741999999999999549, -1.587499999999999911, -2.032879073410320814E-16 ) ) ;
#415 =( BOUNDED_CURVE ( )  B_SPLINE_CURVE ( 3, ( #435, #101, #1591, #3057 ),
 .UNSPECIFIED., .F., .F. ) 
 B_SPLINE_CURVE_WITH_KNOTS ( ( 4, 4 ),
 ( 6.009171103369429723, 6.283185307179586232 ),
 .UNSPECIFIED. ) 
 CURVE ( )  GEOMETRIC_REPRESENTATION_ITEM ( )  RATIONAL_B_SPLINE_CURVE ( ( 1.000000000000000000, 0.9937527993431576334, 0.9937527993431576334, 1.000000000000000000 ) ) 
 REPRESENTATION_ITEM ( '' )  );
#416 = DIRECTION ( 'NONE',  ( 0.000000000000000000, 0.000000000000000000, -1.000000000000000000 ) ) ;
#417 = ORIENTED_EDGE ( 'NONE', *, *, #1654, .T. ) ;
#418 = EDGE_CURVE ( 'NONE', #857, #606, #177, .T. ) ;
#419 = ORIENTED_EDGE ( 'NONE', *, *, #946, .T. ) ;
#420 = DIRECTION ( 'NONE',  ( -0.000000000000000000, -0.000000000000000000, -1.000000000000000000 ) ) ;
#421 = FILL_AREA_STYLE_COLOUR ( '', #2451 ) ;
#422 = CYLINDRICAL_SURFACE ( 'NONE', #1374, 0.1999999999999999833 ) ;
#423 = ORIENTED_EDGE ( 'NONE', *, *, #875, .F. ) ;
#424 = CARTESIAN_POINT ( 'NONE',  ( -2.556176281307496190, 1.587500000000000133, 0.2228158283013659813 ) ) ;
#425 = DIRECTION ( 'NONE',  ( 0.000000000000000000, 0.000000000000000000, 1.000000000000000000 ) ) ;
#426 = CARTESIAN_POINT ( 'NONE',  ( 1.491957287525380593, 0.9120864945467263007, 1.219200000000000061 ) ) ;
#427 = EDGE_LOOP ( 'NONE', ( #1824, #2666, #3198, #783 ) ) ;
#428 = AXIS2_PLACEMENT_3D ( 'NONE', #1672, #2198, #1631 ) ;
#429 = CARTESIAN_POINT ( 'NONE',  ( 1.066111335743009203, -1.936378647927178509, 0.8636000000000003674 ) ) ;
#430 = DIRECTION ( 'NONE',  ( 0.000000000000000000, 1.000000000000000000, 0.000000000000000000 ) ) ;
#431 = DIRECTION ( 'NONE',  ( -1.000000000000000000, 0.000000000000000000, 0.000000000000000000 ) ) ;
#432 = CARTESIAN_POINT ( 'NONE',  ( 2.484470409587935080, -1.587500000000000133, 0.3355817395080624710 ) ) ;
#433 = VECTOR ( 'NONE', #2400, 1000.000000000000114 ) ;
#434 = CARTESIAN_POINT ( 'NONE',  ( 0.000000000000000000, 2.095500000000000362, 0.000000000000000000 ) ) ;
#435 = CARTESIAN_POINT ( 'NONE',  ( 1.830399999999998029, -1.110852699902741492, 0.9221786437626906530 ) ) ;
#436 = ORIENTED_EDGE ( 'NONE', *, *, #3298, .T. ) ;
#437 = PRESENTATION_LAYER_ASSIGNMENT (  '', '', ( #1585 ) ) ;
#438 = ORIENTED_EDGE ( 'NONE', *, *, #1528, .F. ) ;
#439 = DIRECTION ( 'NONE',  ( -0.7071067811865474617, -0.7071067811865474617, 0.000000000000000000 ) ) ;
#440 = ADVANCED_FACE ( 'NONE', ( #1963 ), #3719, .T. ) ;
#441 = DIRECTION ( 'NONE',  ( 1.000000000000000000, -3.414809992080328037E-16, 0.000000000000000000 ) ) ;
#442 = CARTESIAN_POINT ( 'NONE',  ( -2.013242712474617946, -1.087961483062830137, 0.8636000000000000343 ) ) ;
#443 = ORIENTED_EDGE ( 'NONE', *, *, #1602, .F. ) ;
#444 = FACE_OUTER_BOUND ( 'NONE', #3802, .T. ) ;
#445 = CARTESIAN_POINT ( 'NONE',  ( 1.119268277646403575, 1.992138358161261502, 0.8636000000000000343 ) ) ;
#446 = LINE ( 'NONE', #3048, #1115 ) ;
#447 = AXIS2_PLACEMENT_3D ( 'NONE', #1194, #2044, #3219 ) ;
#448 = EDGE_CURVE ( 'NONE', #3811, #2245, #1395, .T. ) ;
#449 = ORIENTED_EDGE ( 'NONE', *, *, #2555, .T. ) ;
#450 = FACE_OUTER_BOUND ( 'NONE', #2836, .T. ) ;
#451 = CARTESIAN_POINT ( 'NONE',  ( 1.873743690155446062, -1.050445704558078397, 0.9166980890513183322 ) ) ;
#452 =( NAMED_UNIT ( * ) SI_UNIT ( $, .STERADIAN. ) SOLID_ANGLE_UNIT ( ) );
#453 = VECTOR ( 'NONE', #865, 1000.000000000000114 ) ;
#454 = DIRECTION ( 'NONE',  ( -1.000000000000000000, 0.000000000000000000, -8.537024980200817874E-16 ) ) ;
#455 = CARTESIAN_POINT ( 'NONE',  ( 2.642048799282909144, -2.095500000000000362, 0.1591029197505574033 ) ) ;
#456 = ORIENTED_EDGE ( 'NONE', *, *, #332, .F. ) ;
#457 = ORIENTED_EDGE ( 'NONE', *, *, #1263, .T. ) ;
#458 = CARTESIAN_POINT ( 'NONE',  ( -2.741999999999999549, 1.587499999999999911, -2.032879073410320814E-16 ) ) ;
#459 = AXIS2_PLACEMENT_3D ( 'NONE', #1034, #161, #137 ) ;
#460 = DIRECTION ( 'NONE',  ( 0.000000000000000000, -1.000000000000000000, 0.000000000000000000 ) ) ;
#461 = DIRECTION ( 'NONE',  ( -0.7071067811865474617, 0.7071067811865474617, -0.000000000000000000 ) ) ;
#462 = ORIENTED_EDGE ( 'NONE', *, *, #3356, .T. ) ;
#463 = CARTESIAN_POINT ( 'NONE',  ( -2.712296659499090712, 2.095500000000000362, 0.1523999999999998134 ) ) ;
#464 =( BOUNDED_CURVE ( )  B_SPLINE_CURVE ( 3, ( #2341, #591, #3530, #3514 ),
 .UNSPECIFIED., .F., .F. ) 
 B_SPLINE_CURVE_WITH_KNOTS ( ( 4, 4 ),
 ( 4.712388980384690562, 6.283185307179586232 ),
 .UNSPECIFIED. ) 
 CURVE ( )  GEOMETRIC_REPRESENTATION_ITEM ( )  RATIONAL_B_SPLINE_CURVE ( ( 1.000000000000000000, 0.8047378541243652705, 0.8047378541243652705, 1.000000000000000000 ) ) 
 REPRESENTATION_ITEM ( '' )  );
#465 = DIRECTION ( 'NONE',  ( -0.2810846377148201736, 0.6785983445458455554, 0.6785983445458486640 ) ) ;
#466 = EDGE_CURVE ( 'NONE', #1076, #1413, #1089, .T. ) ;
#467 = ORIENTED_EDGE ( 'NONE', *, *, #1764, .T. ) ;
#468 = LINE ( 'NONE', #199, #1492 ) ;
#469 = VECTOR ( 'NONE', #2549, 1000.000000000000000 ) ;
#470 = STYLED_ITEM ( 'NONE', ( #2649 ), #1649 ) ;
#471 = DIRECTION ( 'NONE',  ( -0.000000000000000000, 0.7071067811865492381, 0.7071067811865457964 ) ) ;
#472 = DIRECTION ( 'NONE',  ( -0.7071067811865480168, 0.7071067811865469066, 0.000000000000000000 ) ) ;
#473 = CARTESIAN_POINT ( 'NONE',  ( -1.301042606982581162E-16, 1.587500000000000133, 0.1523999999999972599 ) ) ;
#474 = CIRCLE ( 'NONE', #3661, 0.1999999999999999556 ) ;
#475 = AXIS2_PLACEMENT_3D ( 'NONE', #1323, #478, #1001 ) ;
#476 = DIRECTION ( 'NONE',  ( 0.7071067811865474617, -0.7071067811865475727, 0.000000000000000000 ) ) ;
#477 = EDGE_CURVE ( 'NONE', #3190, #313, #3486, .T. ) ;
#478 = DIRECTION ( 'NONE',  ( 0.5000000000000011102, 0.5000000000000011102, 0.7071067811865459074 ) ) ;
#479 = EDGE_LOOP ( 'NONE', ( #2656, #3153, #3449, #2406, #3028, #1771 ) ) ;
#480 = DIRECTION ( 'NONE',  ( -0.000000000000000000, 0.000000000000000000, -1.000000000000000000 ) ) ;
#481 = ORIENTED_EDGE ( 'NONE', *, *, #249, .T. ) ;
#482 = SURFACE_STYLE_USAGE ( .BOTH. , #3021 ) ;
#483 = CARTESIAN_POINT ( 'NONE',  ( -2.591192003738346461, -2.095500000000000362, 0.1832264612071148047 ) ) ;
#484 = EDGE_CURVE ( 'NONE', #1201, #3231, #90, .T. ) ;
#485 = ORIENTED_EDGE ( 'NONE', *, *, #2749, .T. ) ;
#486 = CYLINDRICAL_SURFACE ( 'NONE', #2505, 0.1999999999999999833 ) ;
#487 = DIRECTION ( 'NONE',  ( -0.5000000000000011102, -0.5000000000000011102, 0.7071067811865461294 ) ) ;
#488 = DIRECTION ( 'NONE',  ( 1.000000000000000000, 0.000000000000000000, 0.000000000000000000 ) ) ;
#489 = EDGE_CURVE ( 'NONE', #3568, #2018, #468, .T. ) ;
#490 = VECTOR ( 'NONE', #3474, 1000.000000000000000 ) ;
#491 = ORIENTED_EDGE ( 'NONE', *, *, #1255, .T. ) ;
#492 = SURFACE_STYLE_USAGE ( .BOTH. , #547 ) ;
#493 = DIRECTION ( 'NONE',  ( 1.000000000000000000, 0.000000000000000000, 0.000000000000000000 ) ) ;
#494 = ADVANCED_FACE ( 'NONE', ( #2254 ), #3375, .T. ) ;
#495 = ORIENTED_EDGE ( 'NONE', *, *, #1869, .F. ) ;
#496 = DIRECTION ( 'NONE',  ( 0.6785983445458454444, -0.2810846377148200070, 0.6785983445458487751 ) ) ;
#497 = EDGE_CURVE ( 'NONE', #758, #752, #726, .T. ) ;
#498 = DIRECTION ( 'NONE',  ( 1.000000000000000000, 0.000000000000000000, 0.000000000000000000 ) ) ;
#499 = VECTOR ( 'NONE', #1821, 1000.000000000000000 ) ;
#500 = CARTESIAN_POINT ( 'NONE',  ( 2.669464912019792191, -2.095500000000000362, -2.032879073410320814E-16 ) ) ;
#501 = ORIENTED_EDGE ( 'NONE', *, *, #1159, .T. ) ;
#502 = CARTESIAN_POINT ( 'NONE',  ( 1.301042606982581162E-16, -1.587500000000000133, 0.1523999999999972599 ) ) ;
#503 = CARTESIAN_POINT ( 'NONE',  ( 2.741999999999999549, 1.587500000000000133, 0.1523999999999998134 ) ) ;
#504 = CARTESIAN_POINT ( 'NONE',  ( 0.000000000000000000, 1.587500000000000133, 0.000000000000000000 ) ) ;
#505 = ORIENTED_EDGE ( 'NONE', *, *, #1995, .F. ) ;
#506 = DIRECTION ( 'NONE',  ( 0.000000000000000000, 0.000000000000000000, 1.000000000000000000 ) ) ;
#507 = ADVANCED_FACE ( 'NONE', ( #329 ), #2587, .T. ) ;
#508 = PRODUCT_DEFINITION_CONTEXT ( 'detailed design', #831, 'design' ) ;
#509 = ORIENTED_EDGE ( 'NONE', *, *, #2281, .T. ) ;
#510 = LINE ( 'NONE', #3715, #2080 ) ;
#511 = AXIS2_PLACEMENT_3D ( 'NONE', #3428, #2814, #1956 ) ;
#512 = CARTESIAN_POINT ( 'NONE',  ( 1.801678643762690379, 1.801678643762690379, 0.6636000000000000787 ) ) ;
#513 = LINE ( 'NONE', #2507, #2073 ) ;
#514 = CARTESIAN_POINT ( 'NONE',  ( -2.235200000000000298, 2.095500000000000362, 0.2285999999999998034 ) ) ;
#515 = EDGE_CURVE ( 'NONE', #276, #3628, #2265, .T. ) ;
#516 = CARTESIAN_POINT ( 'NONE',  ( 2.298699999996559828, -1.587500000000000355, 0.3770624206668726774 ) ) ;
#517 = CARTESIAN_POINT ( 'NONE',  ( 2.421023718692504101, -2.095500000000000362, 0.1581841716986339685 ) ) ;
#518 = ORIENTED_EDGE ( 'NONE', *, *, #477, .T. ) ;
#519 = CARTESIAN_POINT ( 'NONE',  ( -2.343885429429293232, -1.587500000000000133, 0.2177540640374742431 ) ) ;
#520 = EDGE_LOOP ( 'NONE', ( #819, #1563, #3117, #35, #3260 ) ) ;
#521 = DIRECTION ( 'NONE',  ( -0.000000000000000000, 0.000000000000000000, -1.000000000000000000 ) ) ;
#522 = CARTESIAN_POINT ( 'NONE',  ( -2.477008688934016600, -1.587500000000000133, 0.3473161722474025770 ) ) ;
#523 = EDGE_LOOP ( 'NONE', ( #2733, #1984, #3411 ) ) ;
#524 = CARTESIAN_POINT ( 'NONE',  ( -0.8176768423956580767, 1.405453581120656104, 1.388546418879344824 ) ) ;
#525 = CARTESIAN_POINT ( 'NONE',  ( 1.210852699902741803, 1.930399999999997895, 0.8636000000000000343 ) ) ;
#526 = DIRECTION ( 'NONE',  ( 1.000000000000000000, 0.000000000000000000, -8.537024980200817874E-16 ) ) ;
#527 = ORIENTED_EDGE ( 'NONE', *, *, #131, .T. ) ;
#528 = FILL_AREA_STYLE ('',( #1068 ) ) ;
#529 = DIRECTION ( 'NONE',  ( 0.000000000000000000, 0.000000000000000000, 1.000000000000000000 ) ) ;
#530 = DIRECTION ( 'NONE',  ( 0.000000000000000000, 0.000000000000000000, -1.000000000000000000 ) ) ;
#531 = CARTESIAN_POINT ( 'NONE',  ( -2.264903340500909135, 2.095500000000000362, 0.2286000000000000254 ) ) ;
#532 = MECHANICAL_DESIGN_GEOMETRIC_PRESENTATION_REPRESENTATION (  '', ( #2975 ), #3296 ) ;
#533 = ADVANCED_FACE ( 'NONE', ( #1198, #2365 ), #582, .F. ) ;
#534 = CARTESIAN_POINT ( 'NONE',  ( 1.260600534798744121, -1.260600534798744121, 1.219200000000000061 ) ) ;
#535 = FILL_AREA_STYLE_COLOUR ( '', #3101 ) ;
#536 = CARTESIAN_POINT ( 'NONE',  ( 1.012086494546726501, -1.591957287525380904, 1.160621356237309332 ) ) ;
#537 = ORIENTED_EDGE ( 'NONE', *, *, #639, .T. ) ;
#538 = EDGE_CURVE ( 'NONE', #2007, #3816, #3817, .T. ) ;
#539 = CARTESIAN_POINT ( 'NONE',  ( 2.235200000000000298, 2.095500000000000362, 0.3810000000000000608 ) ) ;
#540 = EDGE_CURVE ( 'NONE', #3192, #1583, #1707, .T. ) ;
#541 = CARTESIAN_POINT ( 'NONE',  ( 2.277593307167582903, -1.608606698923399803, 0.2271400074800878077 ) ) ;
#542 = VERTEX_POINT ( 'NONE', #17 ) ;
#543 = DIRECTION ( 'NONE',  ( -0.7071067811865476838, -0.7071067811865473507, 0.000000000000000000 ) ) ;
#544 = FACE_OUTER_BOUND ( 'NONE', #479, .T. ) ;
#545 = CYLINDRICAL_SURFACE ( 'NONE', #2767, 0.1999999999999999556 ) ;
#546 = EDGE_LOOP ( 'NONE', ( #1434, #1706, #3202, #1664, #781, #2367 ) ) ;
#547 = SURFACE_SIDE_STYLE ('',( #2235 ) ) ;
#548 = SHAPE_DEFINITION_REPRESENTATION ( #2005, #2160 ) ;
#549 = B_SPLINE_SURFACE_WITH_KNOTS ( 'NONE', 3, 1, ( 
 ( #2336, #2636 ),
 ( #1458, #3510 ),
 ( #299, #812 ),
 ( #2594, #281 ),
 ( #241, #1114 ),
 ( #2575, #3196 ),
 ( #1421, #3 ),
 ( #2261, #2282 ) ),
 .UNSPECIFIED., .F., .F., .F.,
 ( 4, 1, 1, 1, 1, 4 ),
 ( 2, 2 ),
 ( 0.000000000000000000, 0.1250000000000000000, 0.2500000000000000000, 0.5000000000000000000, 0.7500000000000000000, 1.000000000000000000 ),
 ( 0.000000000000000000, 1.000000000000000000 ),
 .UNSPECIFIED. ) ;
#550 = CARTESIAN_POINT ( 'NONE',  ( -2.741999999999999549, 2.095500000000000362, -2.032879073410320814E-16 ) ) ;
#551 = SURFACE_STYLE_USAGE ( .BOTH. , #1403 ) ;
#552 = CARTESIAN_POINT ( 'NONE',  ( 2.741999999999999549, 1.587500000000000133, 0.000000000000000000 ) ) ;
#553 = ORIENTED_EDGE ( 'NONE', *, *, #3612, .F. ) ;
#554 = FACE_OUTER_BOUND ( 'NONE', #1487, .T. ) ;
#555 = CARTESIAN_POINT ( 'NONE',  ( -2.264903340500909135, -2.095500000000000362, 0.2286000000000000254 ) ) ;
#556 = ORIENTED_EDGE ( 'NONE', *, *, #3412, .F. ) ;
#557 = PLANE ( 'NONE',  #901 ) ;
#558 = ADVANCED_FACE ( 'NONE', ( #2296 ), #1113, .F. ) ;
#559 = DIRECTION ( 'NONE',  ( 0.000000000000000000, 0.000000000000000000, -1.000000000000000000 ) ) ;
#560 = EDGE_CURVE ( 'NONE', #1119, #3190, #600, .T. ) ;
#561 = CARTESIAN_POINT ( 'NONE',  ( -1.010852699902741181, 1.871821356237307832, 0.9221786437626907640 ) ) ;
#562 = VECTOR ( 'NONE', #2771, 1000.000000000000114 ) ;
#563 = ORIENTED_EDGE ( 'NONE', *, *, #1255, .F. ) ;
#564 = EDGE_LOOP ( 'NONE', ( #2324, #2243, #255, #899, #3585 ) ) ;
#565 = FACE_OUTER_BOUND ( 'NONE', #20, .T. ) ;
#566 = VERTEX_POINT ( 'NONE', #3504 ) ;
#567 = CARTESIAN_POINT ( 'NONE',  ( -1.801678643762690157, 1.801678643762690379, 0.8636000000000000343 ) ) ;
#568 = CARTESIAN_POINT ( 'NONE',  ( -2.235200000000000298, 2.095500000000000362, 0.3810000000000002829 ) ) ;
#569 = DIRECTION ( 'NONE',  ( -0.9238795325112865164, 0.3826834323650903924, 0.000000000000000000 ) ) ;
#570 = DIRECTION ( 'NONE',  ( -0.7071067811865474617, 0.7071067811865474617, 0.000000000000000000 ) ) ;
#571 = ORIENTED_EDGE ( 'NONE', *, *, #1942, .T. ) ;
#572 = FACE_BOUND ( 'NONE', #1469, .T. ) ;
#573 = CARTESIAN_POINT ( 'NONE',  ( 2.235200000000000298, 2.095500000000000362, 0.2285999999999998034 ) ) ;
#574 = ORIENTED_EDGE ( 'NONE', *, *, #24, .T. ) ;
#575 = EDGE_CURVE ( 'NONE', #1743, #2653, #3275, .T. ) ;
#576 = CARTESIAN_POINT ( 'NONE',  ( 0.9120864945467264118, 1.491957287525380593, 1.019200000000000106 ) ) ;
#577 = DIRECTION ( 'NONE',  ( 1.000000000000000000, -2.168404344970998218E-15, -2.168404344971008079E-15 ) ) ;
#578 = CARTESIAN_POINT ( 'NONE',  ( -2.457157287525380429, -1.311885424949237322, 0.8636000000000000343 ) ) ;
#579 = ORIENTED_EDGE ( 'NONE', *, *, #1042, .F. ) ;
#580 = ADVANCED_FACE ( 'NONE', ( #3047 ), #974, .F. ) ;
#581 = VERTEX_POINT ( 'NONE', #708 ) ;
#582 = PLANE ( 'NONE',  #3533 ) ;
#583 = LINE ( 'NONE', #1110, #226 ) ;
#584 = EDGE_CURVE ( 'NONE', #3364, #2029, #1009, .T. ) ;
#585 = CARTESIAN_POINT ( 'NONE',  ( 1.873743690155444730, 1.050445704558072624, 0.9166980890513216629 ) ) ;
#586 = DIRECTION ( 'NONE',  ( 0.7071067811865494601, 0.000000000000000000, -0.7071067811865455743 ) ) ;
#587 = CARTESIAN_POINT ( 'NONE',  ( -1.864721094038064297, -1.086843110995396877, 0.9148873085605176980 ) ) ;
#588 = ORIENTED_EDGE ( 'NONE', *, *, #717, .F. ) ;
#589 = VECTOR ( 'NONE', #952, 1000.000000000000000 ) ;
#590 = AXIS2_PLACEMENT_3D ( 'NONE', #1870, #2758, #1355 ) ;
#591 = CARTESIAN_POINT ( 'NONE',  ( 1.311885424949237322, -2.457157287525380873, 0.8635999999999999233 ) ) ;
#592 = LINE ( 'NONE', #2641, #96 ) ;
#593 = EDGE_LOOP ( 'NONE', ( #103, #3677, #3273, #1345 ) ) ;
#594 = AXIS2_PLACEMENT_3D ( 'NONE', #3465, #2017, #1446 ) ;
#595 = DIRECTION ( 'NONE',  ( -0.000000000000000000, 1.000000000000000000, -0.000000000000000000 ) ) ;
#596 = EDGE_CURVE ( 'NONE', #3255, #1917, #40, .T. ) ;
#597 = CARTESIAN_POINT ( 'NONE',  ( -1.000000000000000000, 0.000000000000000000, 1.473200000000000287 ) ) ;
#598 = ORIENTED_EDGE ( 'NONE', *, *, #2206, .T. ) ;
#599 = LINE ( 'NONE', #2310, #3736 ) ;
#600 = LINE ( 'NONE', #1745, #223 ) ;
#601 = EDGE_CURVE ( 'NONE', #2008, #1895, #1269, .T. ) ;
#602 = ORIENTED_EDGE ( 'NONE', *, *, #3749, .F. ) ;
#603 = EDGE_CURVE ( 'NONE', #581, #2752, #1811, .T. ) ;
#604 = DIRECTION ( 'NONE',  ( 0.000000000000000000, -1.000000000000000000, 0.000000000000000000 ) ) ;
#605 = CARTESIAN_POINT ( 'NONE',  ( -1.930399999999998339, -1.010852699902740959, 0.8635999999999999233 ) ) ;
#606 = VERTEX_POINT ( 'NONE', #2383 ) ;
#607 = PLANE ( 'NONE',  #1941 ) ;
#608 = DIRECTION ( 'NONE',  ( 1.000000000000000000, -0.000000000000000000, -0.000000000000000000 ) ) ;
#609 = ORIENTED_EDGE ( 'NONE', *, *, #3495, .F. ) ;
#610 = CARTESIAN_POINT ( 'NONE',  ( -1.491957287525380593, 0.9120864945467264118, 1.019200000000000106 ) ) ;
#611 = PLANE ( 'NONE',  #447 ) ;
#612 = ORIENTED_EDGE ( 'NONE', *, *, #1830, .F. ) ;
#613 = EDGE_LOOP ( 'NONE', ( #2832, #337, #556 ) ) ;
#614 = VECTOR ( 'NONE', #629, 999.9999999999998863 ) ;
#615 = CARTESIAN_POINT ( 'NONE',  ( 1.087961483062829915, -2.013242712474617502, 0.8636000000000000343 ) ) ;
#616 =( NAMED_UNIT ( * ) PLANE_ANGLE_UNIT ( ) SI_UNIT ( $, .RADIAN. ) );
#617 = VECTOR ( 'NONE', #3115, 1000.000000000000114 ) ;
#618 = VERTEX_POINT ( 'NONE', #2442 ) ;
#619 = AXIS2_PLACEMENT_3D ( 'NONE', #502, #1344, #2222 ) ;
#620 = PLANE ( 'NONE',  #1495 ) ;
#621 = CARTESIAN_POINT ( 'NONE',  ( -1.930399999999998117, -1.210852699902741803, 0.8636000000000000343 ) ) ;
#622 = ORIENTED_EDGE ( 'NONE', *, *, #448, .F. ) ;
#623 = CARTESIAN_POINT ( 'NONE',  ( -2.386007996261652941, -1.587499999999999911, 0.1977735387928848676 ) ) ;
#624 = AXIS2_PLACEMENT_3D ( 'NONE', #1346, #1407, #2516 ) ;
#625 = LINE ( 'NONE', #2904, #2646 ) ;
#626 = DIRECTION ( 'NONE',  ( -1.000000000000000000, 0.000000000000000000, 0.000000000000000000 ) ) ;
#627 = ORIENTED_EDGE ( 'NONE', *, *, #254, .T. ) ;
#628 = EDGE_CURVE ( 'NONE', #2810, #2580, #3618, .T. ) ;
#629 = DIRECTION ( 'NONE',  ( 0.7071067811865477948, 0.7071067811865473507, -0.000000000000000000 ) ) ;
#630 = LINE ( 'NONE', #361, #987 ) ;
#631 = FILL_AREA_STYLE_COLOUR ( '', #2170 ) ;
#632 = ORIENTED_EDGE ( 'NONE', *, *, #538, .F. ) ;
#633 =( GEOMETRIC_REPRESENTATION_CONTEXT ( 3 ) GLOBAL_UNCERTAINTY_ASSIGNED_CONTEXT ( ( #2178 ) ) GLOBAL_UNIT_ASSIGNED_CONTEXT ( ( #3128, #1412, #216 ) ) REPRESENTATION_CONTEXT ( 'NONE', 'WORKASPACE' ) );
#634 = ORIENTED_EDGE ( 'NONE', *, *, #1243, .T. ) ;
#635 = CARTESIAN_POINT ( 'NONE',  ( 2.386007996261652941, 1.587500000000000133, 0.1977735387928848676 ) ) ;
#636 = CARTESIAN_POINT ( 'NONE',  ( 1.098859262457736241, 1.847544312607699579, 0.9185364250061023306 ) ) ;
#637 = ORIENTED_EDGE ( 'NONE', *, *, #3586, .T. ) ;
#638 = PLANE ( 'NONE',  #832 ) ;
#639 = EDGE_CURVE ( 'NONE', #345, #1574, #2099, .T. ) ;
#640 = ADVANCED_FACE ( 'NONE', ( #2700 ), #347, .T. ) ;
#641 = DIRECTION ( 'NONE',  ( 0.000000000000000000, 0.000000000000000000, 1.000000000000000000 ) ) ;
#642 = CARTESIAN_POINT ( 'NONE',  ( -1.087215759267615045, -2.013242712116770861, 0.8636000000000000343 ) ) ;
#643 = ORIENTED_EDGE ( 'NONE', *, *, #256, .F. ) ;
#644 = VERTEX_POINT ( 'NONE', #3635 ) ;
#645 =( GEOMETRIC_REPRESENTATION_CONTEXT ( 3 ) GLOBAL_UNCERTAINTY_ASSIGNED_CONTEXT ( ( #1983 ) ) GLOBAL_UNIT_ASSIGNED_CONTEXT ( ( #3762, #827, #1653 ) ) REPRESENTATION_CONTEXT ( 'NONE', 'WORKASPACE' ) );
#646 = CARTESIAN_POINT ( 'NONE',  ( -2.556176281307496190, 1.587500000000000133, 0.2228158283013659813 ) ) ;
#647 = STYLED_ITEM ( 'NONE', ( #1927 ), #1524 ) ;
#648 = EDGE_CURVE ( 'NONE', #3188, #861, #3336, .T. ) ;
#649 = EDGE_CURVE ( 'NONE', #1875, #1583, #2483, .T. ) ;
#650 = FACE_BOUND ( 'NONE', #546, .T. ) ;
#651 = VECTOR ( 'NONE', #314, 1000.000000000000000 ) ;
#652 = VECTOR ( 'NONE', #264, 1000.000000000000000 ) ;
#653 = VERTEX_POINT ( 'NONE', #53 ) ;
#654 = ORIENTED_EDGE ( 'NONE', *, *, #3658, .T. ) ;
#655 = DIRECTION ( 'NONE',  ( 1.000000000000000000, 0.000000000000000000, 0.000000000000000000 ) ) ;
#656 = ORIENTED_EDGE ( 'NONE', *, *, #3763, .T. ) ;
#657 = AXIS2_PLACEMENT_3D ( 'NONE', #2682, #1288, #2124 ) ;
#658 = CARTESIAN_POINT ( 'NONE',  ( 0.000000000000000000, 1.587500000000000133, 0.000000000000000000 ) ) ;
#659 = CARTESIAN_POINT ( 'NONE',  ( 2.006163703715327262, -1.085408098192807369, 0.8635999999999999233 ) ) ;
#660 = SPHERICAL_SURFACE ( 'NONE', #1429, 0.2000000000000000111 ) ;
#661 = LINE ( 'NONE', #697, #499 ) ;
#662 = CYLINDRICAL_SURFACE ( 'NONE', #428, 0.2000000000000001221 ) ;
#663 = VECTOR ( 'NONE', #1411, 1000.000000000000000 ) ;
#664 = CARTESIAN_POINT ( 'NONE',  ( 1.633378643762690485, 0.000000000000000000, 1.160621356237309332 ) ) ;
#665 = ORIENTED_EDGE ( 'NONE', *, *, #2508, .T. ) ;
#666 = ORIENTED_EDGE ( 'NONE', *, *, #466, .F. ) ;
#667 = LINE ( 'NONE', #360, #1099 ) ;
#668 = CARTESIAN_POINT ( 'NONE',  ( 2.235200000000000298, 2.095500000000000362, 0.3810000000000002829 ) ) ;
#669 = CARTESIAN_POINT ( 'NONE',  ( 1.010852699902741181, 2.013242712474617502, 0.8636000000000000343 ) ) ;
#670 = VERTEX_POINT ( 'NONE', #3318 ) ;
#671 = PRESENTATION_LAYER_ASSIGNMENT (  '', '', ( #3622 ) ) ;
#672 = CARTESIAN_POINT ( 'NONE',  ( -2.235200000000000298, 1.587500000000000133, 0.3810000000000000608 ) ) ;
#673 = CARTESIAN_POINT ( 'NONE',  ( 2.741999999999999549, 1.587500000000000133, 0.000000000000000000 ) ) ;
#674 = DIRECTION ( 'NONE',  ( 0.000000000000000000, -1.084202172485503842E-15, 1.000000000000000000 ) ) ;
#675 = ORIENTED_EDGE ( 'NONE', *, *, #2443, .T. ) ;
#676 = CARTESIAN_POINT ( 'NONE',  ( -1.570626349951369738, -1.570626349951369738, 0.8636000000000000343 ) ) ;
#677 = CARTESIAN_POINT ( 'NONE',  ( -2.540000000000000480, 0.7620000000000001217, 0.05080000000000000487 ) ) ;
#678 = CARTESIAN_POINT ( 'NONE',  ( 1.110852699902741492, 1.830399999999998029, 0.9221786437626906530 ) ) ;
#679 = CARTESIAN_POINT ( 'NONE',  ( -2.339999999999999858, 0.000000000000000000, 0.8636000000000000343 ) ) ;
#680 = CARTESIAN_POINT ( 'NONE',  ( 2.712296659499090712, 1.587500000000000133, 0.1523999999999998134 ) ) ;
#681 = EDGE_LOOP ( 'NONE', ( #1907, #12, #3389 ) ) ;
#682 = ORIENTED_EDGE ( 'NONE', *, *, #2845, .F. ) ;
#683 = CARTESIAN_POINT ( 'NONE',  ( -2.540000000000000036, 1.346200000000000063, 0.6636000000000000787 ) ) ;
#684 = VECTOR ( 'NONE', #2064, 1000.000000000000114 ) ;
#685 = FILL_AREA_STYLE ('',( #421 ) ) ;
#686 = DIRECTION ( 'NONE',  ( -0.7071067811865475727, -0.7071067811865474617, 0.000000000000000000 ) ) ;
#687 = EDGE_CURVE ( 'NONE', #2126, #3251, #1502, .T. ) ;
#688 = ORIENTED_EDGE ( 'NONE', *, *, #1441, .F. ) ;
#689 = CARTESIAN_POINT ( 'NONE',  ( 0.9120864945467261897, -1.491957287525380593, 1.019200000000000106 ) ) ;
#690 = CARTESIAN_POINT ( 'NONE',  ( 1.119268277646403575, 1.992138358161261502, 1.063600000000000101 ) ) ;
#691 = LINE ( 'NONE', #1011, #813 ) ;
#692 = EDGE_CURVE ( 'NONE', #965, #2173, #3480, .T. ) ;
#693 = ORIENTED_EDGE ( 'NONE', *, *, #628, .F. ) ;
#694 = DIRECTION ( 'NONE',  ( -0.7071067811865476838, -0.7071067811865473507, 0.000000000000000000 ) ) ;
#695 = EDGE_CURVE ( 'NONE', #3568, #3294, #91, .T. ) ;
#696 = DIRECTION ( 'NONE',  ( -0.000000000000000000, -0.000000000000000000, -1.000000000000000000 ) ) ;
#697 = CARTESIAN_POINT ( 'NONE',  ( 0.8176768423956580767, -1.405453581120655882, 1.388546418879344824 ) ) ;
#698 = FACE_OUTER_BOUND ( 'NONE', #3179, .T. ) ;
#699 = ORIENTED_EDGE ( 'NONE', *, *, #3484, .F. ) ;
#700 = ORIENTED_EDGE ( 'NONE', *, *, #364, .T. ) ;
#701 = CARTESIAN_POINT ( 'NONE',  ( 1.992138358161261502, 1.119268277646403797, 0.8636000000000000343 ) ) ;
#702 = B_SPLINE_CURVE_WITH_KNOTS ( 'NONE', 3,
 ( #22, #2391, #942, #1514, #2072, #3549, #300, #3244 ),
 .UNSPECIFIED., .F., .F.,
 ( 4, 1, 1, 1, 1, 4 ),
 ( 0.07068915856424995425, 0.2500000000000000000, 0.5000000000000000000, 0.7500000000000000000, 0.8750000000000000000, 1.000000000000000000 ),
 .UNSPECIFIED. ) ;
#703 =( BOUNDED_CURVE ( )  B_SPLINE_CURVE ( 3, ( #240, #2171, #3646, #3060 ),
 .UNSPECIFIED., .F., .F. ) 
 B_SPLINE_CURVE_WITH_KNOTS ( ( 4, 4 ),
 ( 0.000000000000000000, 0.2740142038101568422 ),
 .UNSPECIFIED. ) 
 CURVE ( )  GEOMETRIC_REPRESENTATION_ITEM ( )  RATIONAL_B_SPLINE_CURVE ( ( 1.000000000000000000, 0.9937527993431576334, 0.9937527993431576334, 1.000000000000000000 ) ) 
 REPRESENTATION_ITEM ( '' )  );
#704 = CARTESIAN_POINT ( 'NONE',  ( 0.8176768423956581877, -1.264032224883345989, 1.247125062642035598 ) ) ;
#705 = FACE_OUTER_BOUND ( 'NONE', #2565, .T. ) ;
#706 = ORIENTED_EDGE ( 'NONE', *, *, #1431, .F. ) ;
#707 = DIRECTION ( 'NONE',  ( 0.7071067811865475727, -0.7071067811865475727, 0.000000000000000000 ) ) ;
#708 = CARTESIAN_POINT ( 'NONE',  ( 0.9491999999999999327, 0.000000000000000000, 1.524000000000000243 ) ) ;
#709 = EDGE_CURVE ( 'NONE', #3638, #752, #402, .T. ) ;
#710 = VECTOR ( 'NONE', #3003, 1000.000000000000000 ) ;
#711 = CARTESIAN_POINT ( 'NONE',  ( 0.000000000000000000, -1.871821356237307832, 0.9221786437626907640 ) ) ;
#712 = VECTOR ( 'NONE', #978, 1000.000000000000114 ) ;
#713 = EDGE_LOOP ( 'NONE', ( #609, #792, #1409 ) ) ;
#714 = ADVANCED_FACE ( 'NONE', ( #110 ), #1085, .F. ) ;
#715 = CARTESIAN_POINT ( 'NONE',  ( -0.9120864945467264118, 1.491957287525380371, 1.019200000000000106 ) ) ;
#716 = CARTESIAN_POINT ( 'NONE',  ( 1.866749733896871488, -1.067330608908788170, 0.9166980889464492188 ) ) ;
#717 = EDGE_CURVE ( 'NONE', #2882, #1201, #2194, .T. ) ;
#718 = CARTESIAN_POINT ( 'NONE',  ( 2.642048799282909144, 1.587500000000000133, 0.1591029197505574033 ) ) ;
#719 = ORIENTED_EDGE ( 'NONE', *, *, #3386, .T. ) ;
#720 = EDGE_LOOP ( 'NONE', ( #598, #1647, #338, #1935 ) ) ;
#721 = CARTESIAN_POINT ( 'NONE',  ( -2.421023718692504101, 2.095500000000000362, 0.1581841716986339685 ) ) ;
#722 = CARTESIAN_POINT ( 'NONE',  ( 2.591192003738346461, -2.095500000000000362, 0.1832264612071148047 ) ) ;
#723 = EDGE_LOOP ( 'NONE', ( #2234, #3011, #485, #835, #2082, #2376, #1725, #2093 ) ) ;
#724 = CARTESIAN_POINT ( 'NONE',  ( -2.642048799282909144, 2.095500000000000362, 0.1591029197505574033 ) ) ;
#725 = CARTESIAN_POINT ( 'NONE',  ( 1.866749733896871266, 1.067330608908788836, 0.9166980889464492188 ) ) ;
#726 =( BOUNDED_CURVE ( )  B_SPLINE_CURVE ( 3, ( #3542, #615, #846, #3191 ),
 .UNSPECIFIED., .F., .F. ) 
 B_SPLINE_CURVE_WITH_KNOTS ( ( 4, 4 ),
 ( 2.867578449779636163, 3.415606857399949181 ),
 .UNSPECIFIED. ) 
 CURVE ( )  GEOMETRIC_REPRESENTATION_ITEM ( )  RATIONAL_B_SPLINE_CURVE ( ( 1.000000000000000000, 0.9751282799207708907, 0.9751282799207708907, 1.000000000000000000 ) ) 
 REPRESENTATION_ITEM ( '' )  );
#727 = ORIENTED_EDGE ( 'NONE', *, *, #1715, .T. ) ;
#728 = VECTOR ( 'NONE', #1891, 1000.000000000000000 ) ;
#729 = FACE_OUTER_BOUND ( 'NONE', #2765, .T. ) ;
#730 = DIRECTION ( 'NONE',  ( 0.7071067811865475727, 0.7071067811865474617, 0.000000000000000000 ) ) ;
#731 = CARTESIAN_POINT ( 'NONE',  ( 1.919847822843320451, -1.089324557486500034, 0.8636000000000000343 ) ) ;
#732 = CARTESIAN_POINT ( 'NONE',  ( -1.110852699902741270, -1.830399999999998029, 0.9221786437626908750 ) ) ;
#733 = LINE ( 'NONE', #2809, #1923 ) ;
#734 = ORIENTED_EDGE ( 'NONE', *, *, #388, .F. ) ;
#735 = EDGE_LOOP ( 'NONE', ( #2114, #2590, #1781, #1537, #3532, #3731, #537, #2208 ) ) ;
#736 = CARTESIAN_POINT ( 'NONE',  ( -3.250000000000000000, 1.587500000000000133, 0.1524000000000000077 ) ) ;
#737 = DIRECTION ( 'NONE',  ( -0.7071067811865457964, -0.7071067811865491270, 0.000000000000000000 ) ) ;
#738 = ADVANCED_FACE ( 'NONE', ( #3372 ), #1904, .T. ) ;
#739 = DIRECTION ( 'NONE',  ( 0.000000000000000000, 0.000000000000000000, -1.000000000000000000 ) ) ;
#740 = VERTEX_POINT ( 'NONE', #2796 ) ;
#741 = CARTESIAN_POINT ( 'NONE',  ( 2.264903340500909135, -1.587499999999999911, 0.2286000000000000254 ) ) ;
#742 = SURFACE_STYLE_FILL_AREA ( #1332 ) ;
#743 = CARTESIAN_POINT ( 'NONE',  ( -1.067330608908788392, 1.866749733896870600, 0.9166980889464495519 ) ) ;
#744 = CIRCLE ( 'NONE', #8, 0.05079999999999993548 ) ;
#745 = EDGE_LOOP ( 'NONE', ( #2875, #3554, #2101, #2577 ) ) ;
#746 = CARTESIAN_POINT ( 'NONE',  ( 2.256387004048788114, -1.629812995951031906, 0.3810000000000000608 ) ) ;
#747 = LINE ( 'NONE', #1911, #3276 ) ;
#748 = FACE_OUTER_BOUND ( 'NONE', #1933, .T. ) ;
#749 = AXIS2_PLACEMENT_3D ( 'NONE', #3694, #1625, #2484 ) ;
#750 = ADVANCED_FACE ( 'NONE', ( #1884 ), #1922, .T. ) ;
#751 = CARTESIAN_POINT ( 'NONE',  ( 2.712296659499090712, -2.095500000000000362, 0.1523999999999998134 ) ) ;
#752 = VERTEX_POINT ( 'NONE', #1351 ) ;
#753 = ORIENTED_EDGE ( 'NONE', *, *, #3785, .F. ) ;
#754 = ADVANCED_FACE ( 'NONE', ( #2500, #2250 ), #3125, .F. ) ;
#755 = VECTOR ( 'NONE', #3263, 1000.000000000000000 ) ;
#756 = CARTESIAN_POINT ( 'NONE',  ( 2.477008688934016600, -2.095500000000000362, 0.3473161722474025770 ) ) ;
#757 = LINE ( 'NONE', #1006, #2291 ) ;
#758 = VERTEX_POINT ( 'NONE', #215 ) ;
#759 = DIRECTION ( 'NONE',  ( 0.7071067811865475727, -0.7071067811865475727, 1.084202172485504631E-15 ) ) ;
#760 = DIRECTION ( 'NONE',  ( -0.7071067811865474617, 0.7071067811865474617, 0.000000000000000000 ) ) ;
#761 = ADVANCED_FACE ( 'NONE', ( #1369 ), #852, .F. ) ;
#762 = EDGE_CURVE ( 'NONE', #618, #861, #3734, .T. ) ;
#763 = FACE_OUTER_BOUND ( 'NONE', #39, .T. ) ;
#764 = UNCERTAINTY_MEASURE_WITH_UNIT (LENGTH_MEASURE( 1.000000000000000082E-05 ), #2034, 'distance_accuracy_value', 'NONE');
#765 = EDGE_LOOP ( 'NONE', ( #1758, #491, #2284 ) ) ;
#766 = DIRECTION ( 'NONE',  ( -0.7071067811865492381, 0.000000000000000000, 0.7071067811865457964 ) ) ;
#767 = STYLED_ITEM ( 'NONE', ( #2857 ), #1572 ) ;
#768 = CARTESIAN_POINT ( 'NONE',  ( 0.000000000000000000, 1.587500000000000133, 0.2285999999999998034 ) ) ;
#769 = CARTESIAN_POINT ( 'NONE',  ( 2.307735087980207656, 2.095500000000000362, 0.3810000000000000608 ) ) ;
#770 = AXIS2_PLACEMENT_3D ( 'NONE', #2529, #3159, #3116 ) ;
#771 = DIRECTION ( 'NONE',  ( -0.000000000000000000, 1.000000000000000000, 0.000000000000000000 ) ) ;
#772 = CARTESIAN_POINT ( 'NONE',  ( -1.202021891036052725, -1.202021891036052725, 1.219200000000000061 ) ) ;
#773 = ORIENTED_EDGE ( 'NONE', *, *, #601, .F. ) ;
#774 = CARTESIAN_POINT ( 'NONE',  ( 1.929803402899477049, 1.065289660479049161, 0.8636000000000001453 ) ) ;
#775 = CARTESIAN_POINT ( 'NONE',  ( -3.250000000000000000, -1.587500000000000133, 0.000000000000000000 ) ) ;
#776 = CARTESIAN_POINT ( 'NONE',  ( 1.978153191002128386, -1.153031457324373843, 0.8636000000000000343 ) ) ;
#777 = ORIENTED_EDGE ( 'NONE', *, *, #2184, .T. ) ;
#778 = CARTESIAN_POINT ( 'NONE',  ( 2.298700007898529130, 1.587499999999999911, 0.2245073061906101841 ) ) ;
#779 = SURFACE_STYLE_USAGE ( .BOTH. , #3148 ) ;
#780 = ADVANCED_FACE ( 'NONE', ( #3353 ), #1467, .T. ) ;
#781 = ORIENTED_EDGE ( 'NONE', *, *, #141, .T. ) ;
#782 = DIRECTION ( 'NONE',  ( 1.000000000000000000, 0.000000000000000000, 0.000000000000000000 ) ) ;
#783 = ORIENTED_EDGE ( 'NONE', *, *, #1789, .T. ) ;
#784 = DIRECTION ( 'NONE',  ( 1.000000000000000000, 0.000000000000000000, 0.000000000000000000 ) ) ;
#785 = LINE ( 'NONE', #3136, #469 ) ;
#786 = AXIS2_PLACEMENT_3D ( 'NONE', #2104, #1819, #410 ) ;
#787 = SURFACE_STYLE_FILL_AREA ( #2780 ) ;
#788 = CARTESIAN_POINT ( 'NONE',  ( 2.335151200717090703, -2.095500000000000362, 0.2218970802494424910 ) ) ;
#789 = EDGE_LOOP ( 'NONE', ( #1065, #2327, #3393, #63, #622 ) ) ;
#790 = COLOUR_RGB ( '',1.000000000000000000, 0.9647058823529411908, 0.4352941176470588314 ) ;
#791 = CARTESIAN_POINT ( 'NONE',  ( 2.540000000000000036, -1.346199999999999841, 0.000000000000000000 ) ) ;
#792 = ORIENTED_EDGE ( 'NONE', *, *, #2674, .T. ) ;
#793 = CARTESIAN_POINT ( 'NONE',  ( 1.405453581120655882, -0.8176768423956580767, 1.388546418879344824 ) ) ;
#794 = VECTOR ( 'NONE', #2240, 1000.000000000000114 ) ;
#795 = CARTESIAN_POINT ( 'NONE',  ( -1.010852699902740959, -1.871821356237307832, 0.9221786437626907640 ) ) ;
#796 = ORIENTED_EDGE ( 'NONE', *, *, #648, .T. ) ;
#797 = CIRCLE ( 'NONE', #2262, 0.2000000000000000389 ) ;
#798 = CARTESIAN_POINT ( 'NONE',  ( 0.000000000000000000, -2.339999999999999858, 0.8636000000000000343 ) ) ;
#799 = DIRECTION ( 'NONE',  ( 0.6785983445458454444, 0.2810846377148202846, 0.6785983445458487751 ) ) ;
#800 = ADVANCED_FACE ( 'NONE', ( #897 ), #30, .T. ) ;
#801 = FACE_OUTER_BOUND ( 'NONE', #520, .T. ) ;
#802 =( BOUNDED_CURVE ( )  B_SPLINE_CURVE ( 3, ( #3397, #259, #2805, #3421 ),
 .UNSPECIFIED., .F., .F. ) 
 B_SPLINE_CURVE_WITH_KNOTS ( ( 4, 4 ),
 ( 2.867578449779636607, 3.415606857399949625 ),
 .UNSPECIFIED. ) 
 CURVE ( )  GEOMETRIC_REPRESENTATION_ITEM ( )  RATIONAL_B_SPLINE_CURVE ( ( 1.000000000000000000, 0.9751282799207708907, 0.9751282799207708907, 1.000000000000000000 ) ) 
 REPRESENTATION_ITEM ( '' )  );
#803 = VERTEX_POINT ( 'NONE', #290 ) ;
#804 = CIRCLE ( 'NONE', #2946, 0.2000000000000000389 ) ;
#805 = EDGE_CURVE ( 'NONE', #3551, #3748, #2583, .T. ) ;
#806 = CARTESIAN_POINT ( 'NONE',  ( -1.048934626968206274, 2.013242712296160697, 0.8636000000000000343 ) ) ;
#807 = ORIENTED_EDGE ( 'NONE', *, *, #1918, .F. ) ;
#808 = PLANE ( 'NONE',  #909 ) ;
#809 = DIRECTION ( 'NONE',  ( 0.000000000000000000, 0.000000000000000000, -1.000000000000000000 ) ) ;
#810 = CARTESIAN_POINT ( 'NONE',  ( 1.052453218965970327, -1.879175358519930228, 0.9148246414800684789 ) ) ;
#811 = EDGE_CURVE ( 'NONE', #2580, #1207, #2987, .T. ) ;
#812 = CARTESIAN_POINT ( 'NONE',  ( 2.335151200717090703, 2.095500000000000362, 0.2218970802494424910 ) ) ;
#813 = VECTOR ( 'NONE', #132, 1000.000000000000000 ) ;
#814 = CARTESIAN_POINT ( 'NONE',  ( 1.470626349951370093, 1.470626349951370093, 0.9221786437626906530 ) ) ;
#815 = VERTEX_POINT ( 'NONE', #2626 ) ;
#816 = EDGE_CURVE ( 'NONE', #2029, #1176, #250, .T. ) ;
#817 = DIRECTION ( 'NONE',  ( 0.000000000000000000, 0.000000000000000000, 1.000000000000000000 ) ) ;
#818 = CARTESIAN_POINT ( 'NONE',  ( 1.992138358161261502, 1.119268277646403797, 0.8636000000000000343 ) ) ;
#819 = ORIENTED_EDGE ( 'NONE', *, *, #3654, .T. ) ;
#820 = CARTESIAN_POINT ( 'NONE',  ( 2.277593307167582459, 1.608606698923399803, 0.2271400074800878910 ) ) ;
#821 = DIRECTION ( 'NONE',  ( 0.7071067811865461294, -0.7071067811865489050, 2.168404344971008474E-15 ) ) ;
#822 = LINE ( 'NONE', #1453, #2835 ) ;
#823 = EDGE_LOOP ( 'NONE', ( #2028, #3550, #1019, #2794 ) ) ;
#824 = CARTESIAN_POINT ( 'NONE',  ( -1.182766006347821383E-16, 2.095500000000000362, 0.3809999999999995612 ) ) ;
#825 = CYLINDRICAL_SURFACE ( 'NONE', #828, 0.1999999999999999556 ) ;
#826 = ORIENTED_EDGE ( 'NONE', *, *, #1949, .F. ) ;
#827 =( NAMED_UNIT ( * ) PLANE_ANGLE_UNIT ( ) SI_UNIT ( $, .RADIAN. ) );
#828 = AXIS2_PLACEMENT_3D ( 'NONE', #512, #1728, #2010 ) ;
#829 = FACE_OUTER_BOUND ( 'NONE', #564, .T. ) ;
#830 = PLANE ( 'NONE',  #3794 ) ;
#831 = APPLICATION_CONTEXT ( 'automotive_design' ) ;
#832 = AXIS2_PLACEMENT_3D ( 'NONE', #2368, #2704, #2355 ) ;
#833 = AXIS2_PLACEMENT_3D ( 'NONE', #1937, #739, #3410 ) ;
#834 = CARTESIAN_POINT ( 'NONE',  ( 2.235200000000000298, -1.587500000000000133, 0.3810000000000002829 ) ) ;
#835 = ORIENTED_EDGE ( 'NONE', *, *, #1161, .F. ) ;
#836 = ADVANCED_FACE ( 'NONE', ( #544 ), #863, .F. ) ;
#837 = CARTESIAN_POINT ( 'NONE',  ( 2.235200000000000298, 1.587500000000000133, 0.3810000000000002829 ) ) ;
#838 = DIRECTION ( 'NONE',  ( -1.000000000000000000, 1.224646799147352468E-16, 0.000000000000000000 ) ) ;
#839 = VERTEX_POINT ( 'NONE', #2025 ) ;
#840 = VECTOR ( 'NONE', #2735, 1000.000000000000114 ) ;
#841 = CARTESIAN_POINT ( 'NONE',  ( -1.049042388392099401, 2.013242712474617058, 0.8635999999999999233 ) ) ;
#842 = CARTESIAN_POINT ( 'NONE',  ( 1.491957287525380593, -0.9120864945467263007, 1.019200000000000106 ) ) ;
#843 = FILL_AREA_STYLE_COLOUR ( '', #2588 ) ;
#844 = ORIENTED_EDGE ( 'NONE', *, *, #2591, .T. ) ;
#845 = EDGE_LOOP ( 'NONE', ( #3752, #3424, #643, #3572 ) ) ;
#846 = CARTESIAN_POINT ( 'NONE',  ( 1.156328556441199362, -1.984924143461540336, 0.8636000000000000343 ) ) ;
#847 = CARTESIAN_POINT ( 'NONE',  ( -1.067330608908788614, 1.866749733896870822, 0.9166980889464492188 ) ) ;
#848 = VERTEX_POINT ( 'NONE', #3814 ) ;
#849 = DIRECTION ( 'NONE',  ( 0.000000000000000000, 0.000000000000000000, 1.000000000000000000 ) ) ;
#850 = B_SPLINE_SURFACE_WITH_KNOTS ( 'NONE', 3, 1, ( 
 ( #988, #2151 ),
 ( #2790, #1328 ),
 ( #126, #756 ),
 ( #2135, #3331 ),
 ( #1264, #722 ),
 ( #106, #1861 ),
 ( #3082, #397 ),
 ( #3369, #2459 ) ),
 .UNSPECIFIED., .F., .F., .F.,
 ( 4, 1, 1, 1, 1, 4 ),
 ( 2, 2 ),
 ( 0.000000000000000000, 0.2500000000000000000, 0.5000000000000000000, 0.7500000000000000000, 0.8750000000000000000, 1.000000000000000000 ),
 ( 0.000000000000000000, 1.000000000000000000 ),
 .UNSPECIFIED. ) ;
#851 = CARTESIAN_POINT ( 'NONE',  ( -2.669464912019792191, 1.587499999999999911, -2.032879073410320814E-16 ) ) ;
#852 =( BOUNDED_SURFACE ( )  B_SPLINE_SURFACE ( 3, 2, ( 
 ( #445, #2482, #3433 ),
 ( #2854, #3754, #1960 ),
 ( #1601, #3391, #149 ),
 ( #525, #1686, #234 ) ),
 .UNSPECIFIED., .F., .F., .F. ) 
 B_SPLINE_SURFACE_WITH_KNOTS ( ( 4, 4 ),
 ( 3, 3 ),
 ( 6.776263578034399015E-17, 0.2740142038101568422 ),
 ( 0.000000000000000000, 1.000000000000000000 ),
 .UNSPECIFIED. ) 
 GEOMETRIC_REPRESENTATION_ITEM ( )  RATIONAL_B_SPLINE_SURFACE ( (
 ( 1.000000000000000000, 0.9312651489419524475, 1.000000000000000000),
 ( 1.000000000000000000, 0.9312663609287120670, 1.000000000000000000),
 ( 1.000000000000000000, 0.9287932027950333014, 1.000000000000000000),
 ( 1.000000000000000000, 0.9238795325112862944, 1.000000000000000000) ) ) 
 REPRESENTATION_ITEM ( '' )  SURFACE ( )  );
#853 = CARTESIAN_POINT ( 'NONE',  ( 0.000000000000000000, -1.587500000000000133, 0.2285999999999998034 ) ) ;
#854 = ADVANCED_FACE ( 'NONE', ( #323 ), #1759, .T. ) ;
#855 = LINE ( 'NONE', #1134, #2915 ) ;
#857 = VERTEX_POINT ( 'NONE', #2869 ) ;
#856 = AXIS2_PLACEMENT_3D ( 'NONE', #3135, #2803, #472 ) ;
#858 = EDGE_CURVE ( 'NONE', #1714, #2675, #1639, .T. ) ;
#859 = CARTESIAN_POINT ( 'NONE',  ( 2.642048799282909144, 1.587500000000000133, 0.1591029197505574033 ) ) ;
#860 = DIRECTION ( 'NONE',  ( 0.000000000000000000, 0.000000000000000000, 1.000000000000000000 ) ) ;
#861 = VERTEX_POINT ( 'NONE', #2658 ) ;
#862 = DIRECTION ( 'NONE',  ( 0.7071067811865475727, -0.7071067811865475727, 0.000000000000000000 ) ) ;
#863 = PLANE ( 'NONE',  #1327 ) ;
#864 = EDGE_CURVE ( 'NONE', #2029, #2416, #3185, .T. ) ;
#865 = DIRECTION ( 'NONE',  ( 0.7071067811865474617, 0.7071067811865474617, 0.000000000000000000 ) ) ;
#866 = AXIS2_PLACEMENT_3D ( 'NONE', #1287, #2440, #707 ) ;
#867 = ORIENTED_EDGE ( 'NONE', *, *, #717, .T. ) ;
#868 = ORIENTED_EDGE ( 'NONE', *, *, #1223, .F. ) ;
#869 = CARTESIAN_POINT ( 'NONE',  ( -1.830399999999997807, -1.110852699902741270, 0.9221786437626908750 ) ) ;
#870 = CARTESIAN_POINT ( 'NONE',  ( -1.050445704558072180, 1.873743690155452057, 0.9166980890513151126 ) ) ;
#871 = EDGE_LOOP ( 'NONE', ( #2619, #1705, #2037, #1185 ) ) ;
#872 = CARTESIAN_POINT ( 'NONE',  ( 1.866749733896871266, 1.067330608908788836, 0.9166980889464492188 ) ) ;
#873 = CARTESIAN_POINT ( 'NONE',  ( -1.879112691439460692, -1.052098721364677747, 0.9148873085605380151 ) ) ;
#874 = VERTEX_POINT ( 'NONE', #1430 ) ;
#875 = EDGE_CURVE ( 'NONE', #2726, #2375, #2806, .T. ) ;
#876 = LINE ( 'NONE', #303, #3513 ) ;
#877 = CARTESIAN_POINT ( 'NONE',  ( 2.277589416008879208, 1.608610583987910347, 0.3796050115987161244 ) ) ;
#878 = VERTEX_POINT ( 'NONE', #1721 ) ;
#879 = TOROIDAL_SURFACE ( 'NONE', #934, 0.9491999999999999327, 0.05080000000000000487 ) ;
#880 = EDGE_CURVE ( 'NONE', #3251, #2434, #1777, .T. ) ;
#881 = DIRECTION ( 'NONE',  ( 1.000000000000000000, 3.794707603699263941E-15, 2.168404344971007685E-15 ) ) ;
#882 = CARTESIAN_POINT ( 'NONE',  ( -1.459796164199844704, -0.9573435648468260339, 1.292782479562845754 ) ) ;
#883 = ORIENTED_EDGE ( 'NONE', *, *, #2916, .F. ) ;
#884 = CARTESIAN_POINT ( 'NONE',  ( -2.307735087980207656, 2.095500000000000362, 0.3810000000000000608 ) ) ;
#885 = EDGE_CURVE ( 'NONE', #740, #3294, #3455, .T. ) ;
#886 = DIRECTION ( 'NONE',  ( 1.000000000000000000, 0.000000000000000000, 0.000000000000000000 ) ) ;
#887 = CARTESIAN_POINT ( 'NONE',  ( 1.346199999999999841, 2.540000000000000036, 0.3810000000000000053 ) ) ;
#888 = CARTESIAN_POINT ( 'NONE',  ( -1.346199999999999841, 2.540000000000000036, 0.8636000000000000343 ) ) ;
#889 = CARTESIAN_POINT ( 'NONE',  ( -2.013242712116770861, -1.087215759267597948, 0.8636000000000000343 ) ) ;
#890 = ORIENTED_EDGE ( 'NONE', *, *, #649, .F. ) ;
#891 = AXIS2_PLACEMENT_3D ( 'NONE', #1241, #2039, #2397 ) ;
#892 = AXIS2_PLACEMENT_3D ( 'NONE', #2049, #3441, #1417 ) ;
#893 = DIRECTION ( 'NONE',  ( 0.000000000000000000, 0.000000000000000000, 1.000000000000000000 ) ) ;
#894 = CARTESIAN_POINT ( 'NONE',  ( 0.000000000000000000, 2.013242712474617502, 1.063600000000000101 ) ) ;
#895 = ORIENTED_EDGE ( 'NONE', *, *, #2683, .T. ) ;
#896 = CIRCLE ( 'NONE', #2542, 0.2000000000000000666 ) ;
#897 = FACE_OUTER_BOUND ( 'NONE', #3288, .T. ) ;
#898 = DIRECTION ( 'NONE',  ( 0.000000000000000000, 1.000000000000000000, 0.000000000000000000 ) ) ;
#899 = ORIENTED_EDGE ( 'NONE', *, *, #2825, .F. ) ;
#900 = EDGE_LOOP ( 'NONE', ( #1324, #186, #2305, #112 ) ) ;
#901 = AXIS2_PLACEMENT_3D ( 'NONE', #191, #1685, #1410 ) ;
#902 = SURFACE_STYLE_USAGE ( .BOTH. , #1435 ) ;
#903 = ORIENTED_EDGE ( 'NONE', *, *, #1925, .T. ) ;
#904 = CARTESIAN_POINT ( 'NONE',  ( 1.633378643762690485, 0.9120864945467264118, 1.160621356237309332 ) ) ;
#905 = CARTESIAN_POINT ( 'NONE',  ( -1.830399999999997807, -1.110852699902741270, 0.9221786437626908750 ) ) ;
#906 = FACE_BOUND ( 'NONE', #3516, .T. ) ;
#907 = DIRECTION ( 'NONE',  ( 0.7071067811865469066, 0.7071067811865480168, 0.000000000000000000 ) ) ;
#908 = ORIENTED_EDGE ( 'NONE', *, *, #2369, .F. ) ;
#909 = AXIS2_PLACEMENT_3D ( 'NONE', #2859, #238, #1966 ) ;
#910 = DIRECTION ( 'NONE',  ( 0.000000000000000000, 1.000000000000000000, 0.000000000000000000 ) ) ;
#911 = CARTESIAN_POINT ( 'NONE',  ( 2.540000000000000036, -1.346199999999999841, 0.3810000000000003939 ) ) ;
#912 = CARTESIAN_POINT ( 'NONE',  ( -1.346199999999999841, -2.540000000000000036, 0.8636000000000000343 ) ) ;
#913 = ORIENTED_EDGE ( 'NONE', *, *, #575, .F. ) ;
#914 = CARTESIAN_POINT ( 'NONE',  ( -1.879112691439489558, 1.052098721364669309, 0.9148873085605088162 ) ) ;
#915 = AXIS2_PLACEMENT_3D ( 'NONE', #1177, #2345, #1538 ) ;
#916 = CARTESIAN_POINT ( 'NONE',  ( -1.879175358519930006, -1.052453218965969883, 0.9148246414800684789 ) ) ;
#917 = ADVANCED_FACE ( 'NONE', ( #3205 ), #2927, .F. ) ;
#918 = CARTESIAN_POINT ( 'NONE',  ( -1.183924710907917399, 1.957327988742450842, 0.8636000000000000343 ) ) ;
#919 = VERTEX_POINT ( 'NONE', #2644 ) ;
#920 = EDGE_CURVE ( 'NONE', #406, #1973, #1148, .T. ) ;
#921 = CARTESIAN_POINT ( 'NONE',  ( 1.790699999999999958, 2.095500000000000362, 0.3810000000000001164 ) ) ;
#922 = CARTESIAN_POINT ( 'NONE',  ( 2.741999999999999549, -1.587500000000000133, 0.000000000000000000 ) ) ;
#923 = ADVANCED_FACE ( 'NONE', ( #1452 ), #13, .T. ) ;
#924 = EDGE_CURVE ( 'NONE', #1326, #878, #2969, .T. ) ;
#925 = DIRECTION ( 'NONE',  ( -1.000000000000000000, 0.000000000000000000, -0.000000000000000000 ) ) ;
#926 = VECTOR ( 'NONE', #1520, 1000.000000000000000 ) ;
#927 = CARTESIAN_POINT ( 'NONE',  ( 2.540000000000000036, -1.346199999999999841, 0.8636000000000000343 ) ) ;
#928 = CARTESIAN_POINT ( 'NONE',  ( 2.013242712474617502, 0.000000000000000000, 0.8636000000000000343 ) ) ;
#929 = VERTEX_POINT ( 'NONE', #379 ) ;
#930 = EDGE_LOOP ( 'NONE', ( #2512, #1842, #3065, #2213 ) ) ;
#931 = CARTESIAN_POINT ( 'NONE',  ( -1.570626349951369738, 1.570626349951370626, 0.8636000000000000343 ) ) ;
#932 =( LENGTH_UNIT ( ) NAMED_UNIT ( * ) SI_UNIT ( .MILLI., .METRE. ) );
#933 = ORIENTED_EDGE ( 'NONE', *, *, #348, .F. ) ;
#934 = AXIS2_PLACEMENT_3D ( 'NONE', #3457, #2584, #2006 ) ;
#935 = CARTESIAN_POINT ( 'NONE',  ( 2.235200000000000298, -1.587500000000000133, 0.2285999999999998034 ) ) ;
#936 = CARTESIAN_POINT ( 'NONE',  ( 1.263357287525380901, 2.339999999999999858, 0.8636000000000000343 ) ) ;
#937 = SURFACE_SIDE_STYLE ('',( #3544 ) ) ;
#938 = EDGE_LOOP ( 'NONE', ( #283, #1111, #2122, #1691 ) ) ;
#939 = VECTOR ( 'NONE', #2056, 1000.000000000000000 ) ;
#940 = LINE ( 'NONE', #3031, #712 ) ;
#941 = CARTESIAN_POINT ( 'NONE',  ( -2.741999999999999549, -2.095500000000000362, 0.1523999999999995913 ) ) ;
#942 = CARTESIAN_POINT ( 'NONE',  ( -2.484470409587935080, -1.587500000000000133, 0.3355817395080624710 ) ) ;
#943 = CARTESIAN_POINT ( 'NONE',  ( -1.984924143461539892, 1.156328556441200250, 0.8636000000000000343 ) ) ;
#944 = CARTESIAN_POINT ( 'NONE',  ( -0.9120864945467263007, 1.491957287525380593, 1.019200000000000106 ) ) ;
#945 = CARTESIAN_POINT ( 'NONE',  ( -1.010852699902741181, 2.013242712474617502, 0.8636000000000000343 ) ) ;
#946 = EDGE_CURVE ( 'NONE', #3709, #2867, #3569, .T. ) ;
#947 = VERTEX_POINT ( 'NONE', #2729 ) ;
#948 = ORIENTED_EDGE ( 'NONE', *, *, #3699, .T. ) ;
#949 = CIRCLE ( 'NONE', #92, 0.05080000000000003957 ) ;
#950 = DIRECTION ( 'NONE',  ( 1.000000000000000000, 0.000000000000000000, 0.000000000000000000 ) ) ;
#951 = AXIS2_PLACEMENT_3D ( 'NONE', #2054, #1752, #569 ) ;
#952 = DIRECTION ( 'NONE',  ( -1.000000000000000000, 3.414809992080328037E-16, -0.000000000000000000 ) ) ;
#953 = AXIS2_PLACEMENT_3D ( 'NONE', #894, #3216, #1792 ) ;
#954 = ORIENTED_EDGE ( 'NONE', *, *, #2616, .F. ) ;
#955 = ORIENTED_EDGE ( 'NONE', *, *, #1834, .F. ) ;
#956 = CARTESIAN_POINT ( 'NONE',  ( 2.298700007898529130, 1.587499999999999911, 0.2245073061906101841 ) ) ;
#957 = SURFACE_STYLE_USAGE ( .BOTH. , #937 ) ;
#958 = ORIENTED_EDGE ( 'NONE', *, *, #2891, .T. ) ;
#959 = DIRECTION ( 'NONE',  ( 0.000000000000000000, -0.000000000000000000, 1.000000000000000000 ) ) ;
#960 = CARTESIAN_POINT ( 'NONE',  ( -2.235200000000000298, -1.587500000000000133, 0.2285999999999998034 ) ) ;
#961 = CARTESIAN_POINT ( 'NONE',  ( -1.086636755655155051, -1.865016074013390979, 0.9148246414800683679 ) ) ;
#962 = EDGE_CURVE ( 'NONE', #1266, #3496, #3604, .T. ) ;
#963 = CARTESIAN_POINT ( 'NONE',  ( -2.741999999999999549, -2.095500000000000362, -2.032879073410320814E-16 ) ) ;
#964 = CARTESIAN_POINT ( 'NONE',  ( 2.298699999996559828, 1.587500000000000355, 0.3770624206668726774 ) ) ;
#965 = VERTEX_POINT ( 'NONE', #396 ) ;
#966 = ORIENTED_EDGE ( 'NONE', *, *, #79, .F. ) ;
#967 = CYLINDRICAL_SURFACE ( 'NONE', #2934, 0.2000000000000000944 ) ;
#968 = EDGE_CURVE ( 'NONE', #3289, #3507, #1262, .T. ) ;
#969 = CARTESIAN_POINT ( 'NONE',  ( 0.000000000000000000, 2.013242712474617502, 0.8636000000000000343 ) ) ;
#970 = CARTESIAN_POINT ( 'NONE',  ( -1.263357287525380457, -2.339999999999999858, 0.8636000000000000343 ) ) ;
#971 = ORIENTED_EDGE ( 'NONE', *, *, #3050, .T. ) ;
#972 = AXIS2_PLACEMENT_3D ( 'NONE', #2413, #3605, #2550 ) ;
#973 = CARTESIAN_POINT ( 'NONE',  ( -2.591192003738346461, 1.587500000000000133, 0.1832264612071148047 ) ) ;
#974 = CYLINDRICAL_SURFACE ( 'NONE', #1696, 0.2000000000000000944 ) ;
#975 = ADVANCED_FACE ( 'NONE', ( #105 ), #2676, .T. ) ;
#976 = CARTESIAN_POINT ( 'NONE',  ( -1.119268277646404686, 1.992138358161260614, 0.8636000000000000343 ) ) ;
#977 = ORIENTED_EDGE ( 'NONE', *, *, #2306, .T. ) ;
#978 = DIRECTION ( 'NONE',  ( 0.7071067811865476838, 0.7071067811865473507, -0.000000000000000000 ) ) ;
#979 = CARTESIAN_POINT ( 'NONE',  ( 1.346199999999999841, 2.540000000000000036, 0.8636000000000000343 ) ) ;
#980 = VECTOR ( 'NONE', #2907, 1000.000000000000000 ) ;
#981 = DIRECTION ( 'NONE',  ( -0.000000000000000000, -0.000000000000000000, -1.000000000000000000 ) ) ;
#982 = DIRECTION ( 'NONE',  ( 0.000000000000000000, 0.000000000000000000, -1.000000000000000000 ) ) ;
#983 = VERTEX_POINT ( 'NONE', #3630 ) ;
#984 = EDGE_CURVE ( 'NONE', #2867, #2985, #3126, .T. ) ;
#985 = EDGE_LOOP ( 'NONE', ( #3800, #3598, #3005, #3150 ) ) ;
#986 = CARTESIAN_POINT ( 'NONE',  ( 1.010852699902741181, -1.871821356237307832, 0.9221786437626907640 ) ) ;
#987 = VECTOR ( 'NONE', #3233, 1000.000000000000000 ) ;
#988 = CARTESIAN_POINT ( 'NONE',  ( 2.235200000000000298, -1.587500000000000133, 0.3810000000000000608 ) ) ;
#989 = CARTESIAN_POINT ( 'NONE',  ( 1.893503083322768843, -1.134825939845985898, 0.8635999999999981469 ) ) ;
#990 = ORIENTED_EDGE ( 'NONE', *, *, #2918, .F. ) ;
#991 = EDGE_CURVE ( 'NONE', #1555, #108, #84, .T. ) ;
#992 = DIRECTION ( 'NONE',  ( 0.7071067811865477948, 0.7071067811865472397, -3.833233541708435099E-16 ) ) ;
#993 = CARTESIAN_POINT ( 'NONE',  ( 1.202021891036053169, 1.202021891036053169, 1.219200000000000061 ) ) ;
#994 = CARTESIAN_POINT ( 'NONE',  ( 3.250000000000000000, -1.587500000000000133, 0.000000000000000000 ) ) ;
#995 = EDGE_CURVE ( 'NONE', #3098, #1372, #1463, .T. ) ;
#996 = UNCERTAINTY_MEASURE_WITH_UNIT (LENGTH_MEASURE( 1.000000000000000082E-05 ), #3341, 'distance_accuracy_value', 'NONE');
#997 = ORIENTED_EDGE ( 'NONE', *, *, #695, .T. ) ;
#998 = CARTESIAN_POINT ( 'NONE',  ( 1.087215759267589510, -2.013242712116836142, 0.8636000000000000343 ) ) ;
#999 = CARTESIAN_POINT ( 'NONE',  ( -1.110852699902741270, -1.830399999999998029, 0.9221786437626908750 ) ) ;
#1000 =( LENGTH_UNIT ( ) NAMED_UNIT ( * ) SI_UNIT ( .MILLI., .METRE. ) );
#1001 = DIRECTION ( 'NONE',  ( 0.7071067811865474617, -0.7071067811865474617, 0.000000000000000000 ) ) ;
#1002 = EDGE_LOOP ( 'NONE', ( #1920, #328, #462, #3591 ) ) ;
#1003 = CARTESIAN_POINT ( 'NONE',  ( -1.405453581120655882, -0.8176768423956578546, 1.388546418879345046 ) ) ;
#1004 = DIRECTION ( 'NONE',  ( -3.414809992080328037E-16, -1.000000000000000000, 0.000000000000000000 ) ) ;
#1005 =( GEOMETRIC_REPRESENTATION_CONTEXT ( 3 ) GLOBAL_UNCERTAINTY_ASSIGNED_CONTEXT ( ( #2874 ) ) GLOBAL_UNIT_ASSIGNED_CONTEXT ( ( #2031, #2914, #1727 ) ) REPRESENTATION_CONTEXT ( 'NONE', 'WORKASPACE' ) );
#1006 = CARTESIAN_POINT ( 'NONE',  ( -2.235200000000000298, 1.587500000000000133, 0.3810000000000002829 ) ) ;
#1007 = ORIENTED_EDGE ( 'NONE', *, *, #2624, .F. ) ;
#1008 = CARTESIAN_POINT ( 'NONE',  ( -2.741999999999999549, 1.587500000000000133, 0.1523999999999998134 ) ) ;
#1009 = LINE ( 'NONE', #366, #2176 ) ;
#1010 = VECTOR ( 'NONE', #2081, 1000.000000000000000 ) ;
#1011 = CARTESIAN_POINT ( 'NONE',  ( 1.182766006347821383E-16, 2.095500000000000362, 0.3809999999999995612 ) ) ;
#1012 = VERTEX_POINT ( 'NONE', #986 ) ;
#1013 = CARTESIAN_POINT ( 'NONE',  ( 1.930399999999998339, 1.210852699902741803, 1.063600000000000101 ) ) ;
#1014 = FACE_OUTER_BOUND ( 'NONE', #523, .T. ) ;
#1015 = VECTOR ( 'NONE', #1391, 1000.000000000000000 ) ;
#1016 = EDGE_CURVE ( 'NONE', #874, #740, #3610, .T. ) ;
#1017 = DIRECTION ( 'NONE',  ( -1.000000000000000000, 0.000000000000000000, 0.000000000000000000 ) ) ;
#1018 = DIRECTION ( 'NONE',  ( 0.000000000000000000, 1.000000000000000000, 0.000000000000000000 ) ) ;
#1019 = ORIENTED_EDGE ( 'NONE', *, *, #603, .F. ) ;
#1020 = ORIENTED_EDGE ( 'NONE', *, *, #924, .F. ) ;
#1021 = CARTESIAN_POINT ( 'NONE',  ( -2.264903340500909135, 2.095500000000000362, 0.2286000000000000254 ) ) ;
#1022 = CARTESIAN_POINT ( 'NONE',  ( -2.386007996261652941, 1.587500000000000133, 0.1977735387928848676 ) ) ;
#1023 = CARTESIAN_POINT ( 'NONE',  ( -1.984924143461540336, -1.156328556441199806, 0.8636000000000000343 ) ) ;
#1024 = ORIENTED_EDGE ( 'NONE', *, *, #2739, .F. ) ;
#1025 = LINE ( 'NONE', #2481, #562 ) ;
#1026 = CARTESIAN_POINT ( 'NONE',  ( 1.830399999999998029, 1.110852699902741492, 0.9221786437626906530 ) ) ;
#1027 = CARTESIAN_POINT ( 'NONE',  ( 2.741999999999999549, 1.587500000000000133, 0.1523999999999995913 ) ) ;
#1028 = ORIENTED_EDGE ( 'NONE', *, *, #3728, .T. ) ;
#1029 = EDGE_CURVE ( 'NONE', #2554, #1385, #1809, .T. ) ;
#1030 = DIRECTION ( 'NONE',  ( 0.000000000000000000, 1.000000000000000000, 0.000000000000000000 ) ) ;
#1031 = DIRECTION ( 'NONE',  ( 0.7071067811865462405, 0.7071067811865489050, -1.916616770854216218E-15 ) ) ;
#1032 = DIRECTION ( 'NONE',  ( -0.7071067811865474617, 0.7071067811865475727, -0.000000000000000000 ) ) ;
#1033 = CARTESIAN_POINT ( 'NONE',  ( 0.000000000000000000, -2.095500000000000362, 0.2285999999999998034 ) ) ;
#1034 = CARTESIAN_POINT ( 'NONE',  ( 2.540000000000000036, 1.346199999999999841, 0.8636000000000000343 ) ) ;
#1035 = EDGE_CURVE ( 'NONE', #1684, #653, #65, .T. ) ;
#1036 = DIRECTION ( 'NONE',  ( 0.7071067811865475727, 0.7071067811865474617, 0.000000000000000000 ) ) ;
#1037 = CIRCLE ( 'NONE', #3194, 0.1999999999999999556 ) ;
#1038 = DIRECTION ( 'NONE',  ( 0.7071067811865475727, 0.7071067811865474617, -2.195123001694164546E-16 ) ) ;
#1039 = VERTEX_POINT ( 'NONE', #2982 ) ;
#1040 = EDGE_CURVE ( 'NONE', #3672, #1397, #667, .T. ) ;
#1041 = CARTESIAN_POINT ( 'NONE',  ( 1.182766006347821383E-16, -2.095500000000000362, 0.3809999999999995612 ) ) ;
#1042 = EDGE_CURVE ( 'NONE', #3364, #2858, #1576, .T. ) ;
#1043 = VERTEX_POINT ( 'NONE', #1193 ) ;
#1044 = EDGE_LOOP ( 'NONE', ( #2844, #2770, #2942, #2714 ) ) ;
#1045 = CARTESIAN_POINT ( 'NONE',  ( 2.235200000000000742, 1.650999999999999801, 0.3810000000000002829 ) ) ;
#1046 = B_SPLINE_CURVE_WITH_KNOTS ( 'NONE', 3,
 ( #568, #224, #1711, #1594, #1131, #1732, #2573, #124 ),
 .UNSPECIFIED., .F., .F.,
 ( 4, 1, 1, 1, 1, 4 ),
 ( 0.000000000000000000, 0.2500000000000000000, 0.5000000000000000000, 0.7500000000000000000, 0.8750000000000000000, 1.000000000000000000 ),
 .UNSPECIFIED. ) ;
#1047 = DIRECTION ( 'NONE',  ( 0.7071067811865496822, 0.000000000000000000, -0.7071067811865453523 ) ) ;
#1048 = CARTESIAN_POINT ( 'NONE',  ( -3.250000000000000000, 1.587500000000000133, 0.1524000000000000077 ) ) ;
#1049 = VERTEX_POINT ( 'NONE', #2695 ) ;
#1050 = PLANE ( 'NONE',  #405 ) ;
#1051 = CARTESIAN_POINT ( 'NONE',  ( -1.459796164199844926, 0.9573435648468264780, 1.292782479562845976 ) ) ;
#1052 = CARTESIAN_POINT ( 'NONE',  ( 0.000000000000000000, 0.000000000000000000, 1.524000000000000243 ) ) ;
#1053 = B_SPLINE_CURVE_WITH_KNOTS ( 'NONE', 3,
 ( #1388, #541, #1662, #1977 ),
 .UNSPECIFIED., .F., .F.,
 ( 4, 4 ),
 ( 3.050031092370269711E-12, 8.989578240440697485E-05 ),
 .UNSPECIFIED. ) ;
#1054 = CYLINDRICAL_SURFACE ( 'NONE', #3334, 0.1999999999999999556 ) ;
#1055 = EDGE_LOOP ( 'NONE', ( #1123, #1162, #2480, #1348 ) ) ;
#1056 = LINE ( 'NONE', #3508, #3131 ) ;
#1057 = VECTOR ( 'NONE', #2199, 1000.000000000000000 ) ;
#1058 = ADVANCED_FACE ( 'NONE', ( #1826 ), #967, .T. ) ;
#1059 = CARTESIAN_POINT ( 'NONE',  ( -2.277593307167582015, -1.608606698923400025, 0.2271400074800878355 ) ) ;
#1060 = DIRECTION ( 'NONE',  ( 0.7071067811865496822, 0.000000000000000000, -0.7071067811865453523 ) ) ;
#1061 = ORIENTED_EDGE ( 'NONE', *, *, #3785, .T. ) ;
#1062 = DIRECTION ( 'NONE',  ( 0.000000000000000000, 0.000000000000000000, 1.000000000000000000 ) ) ;
#1063 = CARTESIAN_POINT ( 'NONE',  ( -1.260600534798743899, -1.260600534798743899, 1.219200000000000061 ) ) ;
#1064 = DIRECTION ( 'NONE',  ( 0.000000000000000000, 0.000000000000000000, -1.000000000000000000 ) ) ;
#1065 = ORIENTED_EDGE ( 'NONE', *, *, #1660, .T. ) ;
#1066 =( BOUNDED_CURVE ( )  B_SPLINE_CURVE ( 3, ( #2779, #659, #2182, #3305 ),
 .UNSPECIFIED., .F., .F. ) 
 B_SPLINE_CURVE_WITH_KNOTS ( ( 4, 4 ),
 ( 0.000000000000000000, 0.2740142038101576749 ),
 .UNSPECIFIED. ) 
 CURVE ( )  GEOMETRIC_REPRESENTATION_ITEM ( )  RATIONAL_B_SPLINE_CURVE ( ( 1.000000000000000000, 0.9937527993431576334, 0.9937527993431576334, 1.000000000000000000 ) ) 
 REPRESENTATION_ITEM ( '' )  );
#1067 = ORIENTED_EDGE ( 'NONE', *, *, #962, .T. ) ;
#1068 = FILL_AREA_STYLE_COLOUR ( '', #1105 ) ;
#1069 = MECHANICAL_DESIGN_GEOMETRIC_PRESENTATION_REPRESENTATION (  '', ( #162 ), #645 ) ;
#1070 = AXIS2_PLACEMENT_3D ( 'NONE', #2197, #114, #1293 ) ;
#1071 = FILL_AREA_STYLE ('',( #2180 ) ) ;
#1072 = ORIENTED_EDGE ( 'NONE', *, *, #709, .F. ) ;
#1073 = CARTESIAN_POINT ( 'NONE',  ( 0.9120864945467263007, -1.491957287525380593, 1.219200000000000061 ) ) ;
#1074 = AXIS2_PLACEMENT_3D ( 'NONE', #2220, #2263, #3403 ) ;
#1075 = CARTESIAN_POINT ( 'NONE',  ( -1.346199999999999841, -2.540000000000000036, 0.3810000000000000053 ) ) ;
#1076 = VERTEX_POINT ( 'NONE', #2360 ) ;
#1077 = CARTESIAN_POINT ( 'NONE',  ( 1.919847822843320229, 1.089324557486500922, 0.8635999999999999233 ) ) ;
#1078 = VECTOR ( 'NONE', #3795, 1000.000000000000114 ) ;
#1079 = EDGE_CURVE ( 'NONE', #803, #644, #3157, .T. ) ;
#1080 = CARTESIAN_POINT ( 'NONE',  ( 1.038521677503163820, 1.933393614899520552, 0.8636000000000001453 ) ) ;
#1081 = CARTESIAN_POINT ( 'NONE',  ( -2.591192003738346461, -2.095500000000000362, 0.1832264612071148047 ) ) ;
#1082 = ORIENTED_EDGE ( 'NONE', *, *, #1157, .T. ) ;
#1083 = CARTESIAN_POINT ( 'NONE',  ( -1.085408098192807147, 2.006163703715326818, 0.8635999999999999233 ) ) ;
#1084 = ADVANCED_FACE ( 'NONE', ( #2457 ), #2789, .T. ) ;
#1085 = CYLINDRICAL_SURFACE ( 'NONE', #2669, 0.1999999999999999833 ) ;
#1086 = DIRECTION ( 'NONE',  ( 0.000000000000000000, 1.000000000000000000, 0.000000000000000000 ) ) ;
#1087 = EDGE_CURVE ( 'NONE', #1766, #2416, #1095, .T. ) ;
#1088 = EDGE_LOOP ( 'NONE', ( #1376, #1468, #1433 ) ) ;
#1089 = LINE ( 'NONE', #1108, #2664 ) ;
#1090 = FACE_OUTER_BOUND ( 'NONE', #3367, .T. ) ;
#1091 = LINE ( 'NONE', #2823, #113 ) ;
#1092 = DIRECTION ( 'NONE',  ( 0.7071067811865474617, -0.7071067811865475727, 0.000000000000000000 ) ) ;
#1093 = VECTOR ( 'NONE', #2661, 1000.000000000000000 ) ;
#1094 = VECTOR ( 'NONE', #1804, 1000.000000000000000 ) ;
#1095 = LINE ( 'NONE', #736, #3434 ) ;
#1096 = FACE_OUTER_BOUND ( 'NONE', #1454, .T. ) ;
#1097 = CYLINDRICAL_SURFACE ( 'NONE', #1074, 0.1999999999999999833 ) ;
#1098 = ORIENTED_EDGE ( 'NONE', *, *, #2349, .F. ) ;
#1099 = VECTOR ( 'NONE', #420, 1000.000000000000000 ) ;
#1100 = ORIENTED_EDGE ( 'NONE', *, *, #995, .F. ) ;
#1101 = FACE_OUTER_BOUND ( 'NONE', #3215, .T. ) ;
#1102 = AXIS2_PLACEMENT_3D ( 'NONE', #1913, #476, #1036 ) ;
#1103 = DIRECTION ( 'NONE',  ( 0.000000000000000000, 0.000000000000000000, -1.000000000000000000 ) ) ;
#1104 = ORIENTED_EDGE ( 'NONE', *, *, #2274, .T. ) ;
#1105 = COLOUR_RGB ( '',1.000000000000000000, 0.9647058823529411908, 0.4352941176470588314 ) ;
#1106 = DIRECTION ( 'NONE',  ( 0.7071067811865480168, -0.7071067811865469066, 0.000000000000000000 ) ) ;
#1107 = ORIENTED_EDGE ( 'NONE', *, *, #1764, .F. ) ;
#1108 = CARTESIAN_POINT ( 'NONE',  ( 3.250000000000000000, 1.587500000000000133, 0.1524000000000000077 ) ) ;
#1109 = VECTOR ( 'NONE', #1919, 1000.000000000000000 ) ;
#1110 = CARTESIAN_POINT ( 'NONE',  ( 2.741999999999999549, -1.587500000000000133, 0.1523999999999995913 ) ) ;
#1111 = ORIENTED_EDGE ( 'NONE', *, *, #3563, .F. ) ;
#1112 = CARTESIAN_POINT ( 'NONE',  ( -2.335151200717090703, 1.587499999999999911, 0.2218970802494424910 ) ) ;
#1113 =( BOUNDED_SURFACE ( )  B_SPLINE_SURFACE ( 3, 2, ( 
 ( #2631, #257, #1415 ),
 ( #2317, #3779, #2648 ),
 ( #3211, #1125, #3479 ),
 ( #1182, #1167, #2350 ) ),
 .UNSPECIFIED., .F., .F., .F. ) 
 B_SPLINE_SURFACE_WITH_KNOTS ( ( 4, 4 ),
 ( 3, 3 ),
 ( 6.009171103369429723, 6.283185307179586232 ),
 ( 0.000000000000000000, 1.000000000000000000 ),
 .UNSPECIFIED. ) 
 GEOMETRIC_REPRESENTATION_ITEM ( )  RATIONAL_B_SPLINE_SURFACE ( (
 ( 1.000000000000000000, 0.9238795325112861834, 1.000000000000000000),
 ( 1.000000000000000000, 0.9287932027950329683, 1.000000000000000000),
 ( 1.000000000000000000, 0.9312663609287129551, 1.000000000000000000),
 ( 1.000000000000000000, 0.9312651489419524475, 1.000000000000000000) ) ) 
 REPRESENTATION_ITEM ( '' )  SURFACE ( )  );
#1114 = CARTESIAN_POINT ( 'NONE',  ( 2.421023718692504101, 2.095500000000000362, 0.1581841716986339685 ) ) ;
#1115 = VECTOR ( 'NONE', #1867, 1000.000000000000114 ) ;
#1116 = LINE ( 'NONE', #2826, #1378 ) ;
#1117 = EDGE_LOOP ( 'NONE', ( #3384, #3685, #3111, #3431 ) ) ;
#1118 = CARTESIAN_POINT ( 'NONE',  ( 2.006163703715327262, 1.085408098192807369, 0.8635999999999999233 ) ) ;
#1119 = VERTEX_POINT ( 'NONE', #2861 ) ;
#1120 = CYLINDRICAL_SURFACE ( 'NONE', #1567, 0.1999999999999999556 ) ;
#1121 = CARTESIAN_POINT ( 'NONE',  ( -3.250000000000000000, 2.095500000000000362, 0.000000000000000000 ) ) ;
#1122 = CARTESIAN_POINT ( 'NONE',  ( -2.339999999999999858, -1.263357287525380457, 0.8636000000000000343 ) ) ;
#1123 = ORIENTED_EDGE ( 'NONE', *, *, #3010, .T. ) ;
#1124 = ORIENTED_EDGE ( 'NONE', *, *, #1748, .T. ) ;
#1125 = CARTESIAN_POINT ( 'NONE',  ( 1.909892242352561720, 1.113359454313952890, 0.8635999999999921517 ) ) ;
#1126 = FACE_OUTER_BOUND ( 'NONE', #1800, .T. ) ;
#1127 = ORIENTED_EDGE ( 'NONE', *, *, #3808, .T. ) ;
#1128 = PLANE ( 'NONE',  #833 ) ;
#1129 = AXIS2_PLACEMENT_3D ( 'NONE', #189, #3105, #1285 ) ;
#1130 = VECTOR ( 'NONE', #1670, 1000.000000000000000 ) ;
#1131 = CARTESIAN_POINT ( 'NONE',  ( -2.591192003738346461, 2.095500000000000362, 0.1832264612071148047 ) ) ;
#1132 = DIRECTION ( 'NONE',  ( 0.000000000000000000, 0.000000000000000000, 1.000000000000000000 ) ) ;
#1133 = AXIS2_PLACEMENT_3D ( 'NONE', #1991, #3177, #586 ) ;
#1134 = CARTESIAN_POINT ( 'NONE',  ( -1.633378643762690485, 0.000000000000000000, 1.160621356237309332 ) ) ;
#1135 = ORIENTED_EDGE ( 'NONE', *, *, #1494, .F. ) ;
#1136 = ADVANCED_FACE ( 'NONE', ( #3485 ), #3195, .F. ) ;
#1137 = CARTESIAN_POINT ( 'NONE',  ( 1.048934626968198280, 2.013242712296193559, 0.8636000000000000343 ) ) ;
#1138 = CARTESIAN_POINT ( 'NONE',  ( -2.335151200717090703, -2.095500000000000362, 0.2218970802494424910 ) ) ;
#1139 = ORIENTED_EDGE ( 'NONE', *, *, #1995, .T. ) ;
#1140 = VECTOR ( 'NONE', #70, 1000.000000000000000 ) ;
#1141 = CARTESIAN_POINT ( 'NONE',  ( -1.263357287525380457, -2.339999999999999858, 0.8636000000000000343 ) ) ;
#1142 = DIRECTION ( 'NONE',  ( 0.000000000000000000, -0.000000000000000000, -1.000000000000000000 ) ) ;
#1143 = DIRECTION ( 'NONE',  ( 0.6785983445458454444, 0.2810846377148198960, -0.6785983445458487751 ) ) ;
#1144 = ORIENTED_EDGE ( 'NONE', *, *, #2513, .T. ) ;
#1145 = UNCERTAINTY_MEASURE_WITH_UNIT (LENGTH_MEASURE( 1.000000000000000082E-05 ), #3439, 'distance_accuracy_value', 'NONE');
#1146 = ORIENTED_EDGE ( 'NONE', *, *, #687, .T. ) ;
#1147 = CARTESIAN_POINT ( 'NONE',  ( -1.038521677503185359, 1.933393614899488577, 0.8635999999999959265 ) ) ;
#1148 = CIRCLE ( 'NONE', #3242, 0.2000000000000000944 ) ;
#1149 = EDGE_CURVE ( 'NONE', #276, #2726, #2477, .T. ) ;
#1150 = B_SPLINE_SURFACE_WITH_KNOTS ( 'NONE', 3, 1, ( 
 ( #2301, #3764 ),
 ( #3463, #1021 ),
 ( #1112, #1897 ),
 ( #3349, #2280 ),
 ( #1990, #721 ),
 ( #3080, #1379 ),
 ( #851, #1282 ),
 ( #458, #550 ) ),
 .UNSPECIFIED., .F., .F., .F.,
 ( 4, 1, 1, 1, 1, 4 ),
 ( 2, 2 ),
 ( 0.000000000000000000, 0.1250000000000000000, 0.2500000000000000000, 0.5000000000000000000, 0.7500000000000000000, 1.000000000000000000 ),
 ( 0.000000000000000000, 1.000000000000000000 ),
 .UNSPECIFIED. ) ;
#1151 = CARTESIAN_POINT ( 'NONE',  ( -2.307873433698064858, -1.587500000000000355, 0.2233630774569628219 ) ) ;
#1152 = SURFACE_STYLE_FILL_AREA ( #3803 ) ;
#1153 = SURFACE_STYLE_FILL_AREA ( #1695 ) ;
#1154 = CARTESIAN_POINT ( 'NONE',  ( 1.866749733896871266, 1.067330608908788836, 0.9166980889464492188 ) ) ;
#1156 = ORIENTED_EDGE ( 'NONE', *, *, #2393, .F. ) ;
#1155 = VECTOR ( 'NONE', #334, 1000.000000000000000 ) ;
#1157 = EDGE_CURVE ( 'NONE', #947, #2985, #703, .T. ) ;
#1158 =( LENGTH_UNIT ( ) NAMED_UNIT ( * ) SI_UNIT ( .MILLI., .METRE. ) );
#1159 = EDGE_CURVE ( 'NONE', #1012, #1946, #194, .T. ) ;
#1160 = PLANE ( 'NONE',  #3400 ) ;
#1161 = EDGE_CURVE ( 'NONE', #1413, #2650, #1302, .T. ) ;
#1162 = ORIENTED_EDGE ( 'NONE', *, *, #3658, .F. ) ;
#1163 = DIRECTION ( 'NONE',  ( 0.7071067811865491270, 0.7071067811865459074, -0.000000000000000000 ) ) ;
#1164 = CARTESIAN_POINT ( 'NONE',  ( -0.9120864945467259677, -1.633378643762690485, 1.160621356237309332 ) ) ;
#1165 = EDGE_LOOP ( 'NONE', ( #417, #228, #316, #913 ) ) ;
#1166 = ORIENTED_EDGE ( 'NONE', *, *, #2642, .T. ) ;
#1167 = CARTESIAN_POINT ( 'NONE',  ( 1.919847822843320007, 1.089324557486501588, 0.8635999999999999233 ) ) ;
#1168 = DIRECTION ( 'NONE',  ( 0.000000000000000000, 0.000000000000000000, -1.000000000000000000 ) ) ;
#1169 = CARTESIAN_POINT ( 'NONE',  ( 2.669464912019792191, -1.587500000000000133, -2.032879073410320814E-16 ) ) ;
#1170 = MECHANICAL_DESIGN_GEOMETRIC_PRESENTATION_REPRESENTATION (  '', ( #3320 ), #1666 ) ;
#1171 = CARTESIAN_POINT ( 'NONE',  ( -2.298699999996559828, 1.587500000000000355, 0.3770624206668726774 ) ) ;
#1172 = CARTESIAN_POINT ( 'NONE',  ( 3.250000000000000000, -2.095500000000000362, 0.1524000000000000077 ) ) ;
#1173 = ORIENTED_EDGE ( 'NONE', *, *, #3601, .T. ) ;
#1174 = CARTESIAN_POINT ( 'NONE',  ( 0.000000000000000000, 0.000000000000000000, 1.473200000000000287 ) ) ;
#1175 = EDGE_LOOP ( 'NONE', ( #3633, #1438, #1864, #2903, #3346 ) ) ;
#1176 = VERTEX_POINT ( 'NONE', #262 ) ;
#1177 = CARTESIAN_POINT ( 'NONE',  ( 3.250000000000000000, -1.587500000000000133, 0.000000000000000000 ) ) ;
#1178 = EDGE_CURVE ( 'NONE', #1973, #3098, #3783, .T. ) ;
#1179 = CARTESIAN_POINT ( 'NONE',  ( 1.110852699902741492, -1.830399999999998251, 0.9221786437626906530 ) ) ;
#1180 = ORIENTED_EDGE ( 'NONE', *, *, #2443, .F. ) ;
#1181 = LINE ( 'NONE', #2333, #3747 ) ;
#1182 = CARTESIAN_POINT ( 'NONE',  ( 1.992138358161261058, 1.119268277646404464, 0.8636000000000000343 ) ) ;
#1183 =( GEOMETRIC_REPRESENTATION_CONTEXT ( 3 ) GLOBAL_UNCERTAINTY_ASSIGNED_CONTEXT ( ( #996 ) ) GLOBAL_UNIT_ASSIGNED_CONTEXT ( ( #3341, #3176, #1674 ) ) REPRESENTATION_CONTEXT ( 'NONE', 'WORKASPACE' ) );
#1184 = CARTESIAN_POINT ( 'NONE',  ( -1.263357287525380457, 2.339999999999999858, 0.8636000000000000343 ) ) ;
#1185 = ORIENTED_EDGE ( 'NONE', *, *, #2560, .F. ) ;
#1186 = CARTESIAN_POINT ( 'NONE',  ( 2.235200000000000298, -2.095500000000000362, 0.3810000000000002829 ) ) ;
#1187 = CARTESIAN_POINT ( 'NONE',  ( 1.873762406673904035, 1.050400519181990511, 0.9166980889464491078 ) ) ;
#1188 = AXIS2_PLACEMENT_3D ( 'NONE', #1174, #2708, #356 ) ;
#1189 = DIRECTION ( 'NONE',  ( 0.000000000000000000, 0.000000000000000000, 1.000000000000000000 ) ) ;
#1190 = CARTESIAN_POINT ( 'NONE',  ( -1.633378643762690485, 0.9120864945467266338, 1.160621356237309332 ) ) ;
#1191 = ORIENTED_EDGE ( 'NONE', *, *, #2466, .T. ) ;
#1192 = EDGE_CURVE ( 'NONE', #1723, #929, #1046, .T. ) ;
#1193 = CARTESIAN_POINT ( 'NONE',  ( 1.010852699902741181, 1.871821356237307832, 0.9221786437626907640 ) ) ;
#1194 = CARTESIAN_POINT ( 'NONE',  ( -3.250000000000000000, -1.587500000000000133, 0.000000000000000000 ) ) ;
#1195 = CARTESIAN_POINT ( 'NONE',  ( 1.992138358161261502, -1.119268277646403575, 0.8636000000000000343 ) ) ;
#1196 = ORIENTED_EDGE ( 'NONE', *, *, #1192, .F. ) ;
#1197 = ADVANCED_FACE ( 'NONE', ( #829 ), #1150, .T. ) ;
#1198 = FACE_OUTER_BOUND ( 'NONE', #735, .T. ) ;
#1199 = CARTESIAN_POINT ( 'NONE',  ( -2.540000000000000036, 1.346200000000000063, 0.6636000000000000787 ) ) ;
#1200 = ADVANCED_FACE ( 'NONE', ( #1618 ), #2166, .T. ) ;
#1201 = VERTEX_POINT ( 'NONE', #516 ) ;
#1202 = CARTESIAN_POINT ( 'NONE',  ( -1.153128457099999338, 1.978113012607194854, 0.8635999999999999233 ) ) ;
#1203 = LINE ( 'NONE', #922, #1548 ) ;
#1204 = CARTESIAN_POINT ( 'NONE',  ( 1.871821356237307832, -1.010852699902741181, 0.9221786437626907640 ) ) ;
#1205 = CARTESIAN_POINT ( 'NONE',  ( 0.000000000000000000, 1.587500000000000133, 0.2285999999999998034 ) ) ;
#1206 = FACE_OUTER_BOUND ( 'NONE', #2764, .T. ) ;
#1207 = VERTEX_POINT ( 'NONE', #1656 ) ;
#1208 = VERTEX_POINT ( 'NONE', #1613 ) ;
#1209 = VECTOR ( 'NONE', #431, 1000.000000000000000 ) ;
#1210 = CARTESIAN_POINT ( 'NONE',  ( -1.302021891036053258, -1.302021891036053258, 1.160621356237309332 ) ) ;
#1211 = PRESENTATION_STYLE_ASSIGNMENT (( #3536 ) ) ;
#1212 = CARTESIAN_POINT ( 'NONE',  ( 1.491957287525380593, -0.9120864945467264118, 1.019200000000000106 ) ) ;
#1213 = ORIENTED_EDGE ( 'NONE', *, *, #1726, .T. ) ;
#1214 = CARTESIAN_POINT ( 'NONE',  ( -1.864721094038039872, 1.086843110995402650, 0.9148873085605310207 ) ) ;
#1215 = CARTESIAN_POINT ( 'NONE',  ( -1.098889857380004997, 1.847500577805370581, 0.9185457163043972972 ) ) ;
#1216 = EDGE_LOOP ( 'NONE', ( #2248, #2381, #3309, #1360 ) ) ;
#1217 = ADVANCED_FACE ( 'NONE', ( #2807, #1931 ), #2509, .F. ) ;
#1218 = CARTESIAN_POINT ( 'NONE',  ( -1.491957287525380593, 0.000000000000000000, 1.219200000000000061 ) ) ;
#1219 = DIRECTION ( 'NONE',  ( 0.7071067811865475727, -0.7071067811865475727, 0.000000000000000000 ) ) ;
#1220 = CARTESIAN_POINT ( 'NONE',  ( -2.421023718692504101, -2.095500000000000362, 0.1581841716986339685 ) ) ;
#1221 = AXIS2_PLACEMENT_3D ( 'NONE', #2690, #893, #1222 ) ;
#1222 = DIRECTION ( 'NONE',  ( 1.000000000000000000, 0.000000000000000000, -0.000000000000000000 ) ) ;
#1223 = EDGE_CURVE ( 'NONE', #2673, #1555, #2842, .T. ) ;
#1224 = PLANE ( 'NONE',  #891 ) ;
#1225 = ORIENTED_EDGE ( 'NONE', *, *, #601, .T. ) ;
#1226 = ORIENTED_EDGE ( 'NONE', *, *, #3490, .T. ) ;
#1227 = CARTESIAN_POINT ( 'NONE',  ( -2.741999999999999549, 1.587500000000000133, 0.1523999999999995913 ) ) ;
#1228 =( BOUNDED_CURVE ( )  B_SPLINE_CURVE ( 3, ( #389, #1202, #371, #1530 ),
 .UNSPECIFIED., .F., .F. ) 
 B_SPLINE_CURVE_WITH_KNOTS ( ( 4, 4 ),
 ( 3.388131789017202835E-16, 0.2740142038101568978 ),
 .UNSPECIFIED. ) 
 CURVE ( )  GEOMETRIC_REPRESENTATION_ITEM ( )  RATIONAL_B_SPLINE_CURVE ( ( 1.000000000000000000, 0.9937527993431576334, 0.9937527993431576334, 1.000000000000000000 ) ) 
 REPRESENTATION_ITEM ( '' )  );
#1229 = CARTESIAN_POINT ( 'NONE',  ( -3.250000000000000000, -2.095500000000000362, 0.1524000000000000077 ) ) ;
#1230 = EDGE_LOOP ( 'NONE', ( #3567, #1651, #1173, #1427 ) ) ;
#1231 = VECTOR ( 'NONE', #3500, 1000.000000000000000 ) ;
#1232 = CARTESIAN_POINT ( 'NONE',  ( -1.871821356237307610, 1.010852699902741625, 0.9221786437626907640 ) ) ;
#1233 = CARTESIAN_POINT ( 'NONE',  ( 1.311885424949237544, 2.457157287525380429, 0.8636000000000000343 ) ) ;
#1234 = CARTESIAN_POINT ( 'NONE',  ( 1.110852699902741492, 1.830399999999998029, 0.9221786437626906530 ) ) ;
#1235 = ORIENTED_EDGE ( 'NONE', *, *, #1668, .F. ) ;
#1236 = EDGE_CURVE ( 'NONE', #3257, #3221, #1381, .T. ) ;
#1237 = DIRECTION ( 'NONE',  ( 0.000000000000000000, 1.000000000000000000, 0.000000000000000000 ) ) ;
#1238 = CARTESIAN_POINT ( 'NONE',  ( 0.000000000000000000, 1.491957287525380593, 1.219200000000000061 ) ) ;
#1239 = EDGE_CURVE ( 'NONE', #3501, #313, #1298, .T. ) ;
#1240 = PLANE ( 'NONE',  #972 ) ;
#1241 = CARTESIAN_POINT ( 'NONE',  ( 0.000000000000000000, -2.095500000000000362, 0.000000000000000000 ) ) ;
#1242 = ORIENTED_EDGE ( 'NONE', *, *, #2642, .F. ) ;
#1243 = EDGE_CURVE ( 'NONE', #34, #670, #2185, .T. ) ;
#1244 = ORIENTED_EDGE ( 'NONE', *, *, #3784, .F. ) ;
#1245 = AXIS2_PLACEMENT_3D ( 'NONE', #32, #3590, #849 ) ;
#1246 = CARTESIAN_POINT ( 'NONE',  ( -1.010852699902740959, -2.013242712474617502, 1.063600000000000101 ) ) ;
#1247 = COLOUR_RGB ( '',0.9411764705882352811, 0.9411764705882352811, 0.9411764705882352811 ) ;
#1248 = EDGE_LOOP ( 'NONE', ( #501, #3143, #247, #1300 ) ) ;
#1249 = CARTESIAN_POINT ( 'NONE',  ( 2.013242712474617502, 1.010852699902741181, 0.8636000000000000343 ) ) ;
#1250 = CARTESIAN_POINT ( 'NONE',  ( 0.000000000000000000, -2.095500000000000362, 0.000000000000000000 ) ) ;
#1251 =( BOUNDED_CURVE ( )  B_SPLINE_CURVE ( 3, ( #2501, #3088, #3653, #743 ),
 .UNSPECIFIED., .F., .F. ) 
 B_SPLINE_CURVE_WITH_KNOTS ( ( 4, 4 ),
 ( 6.009171103369428835, 6.283185307179586232 ),
 .UNSPECIFIED. ) 
 CURVE ( )  GEOMETRIC_REPRESENTATION_ITEM ( )  RATIONAL_B_SPLINE_CURVE ( ( 1.000000000000000000, 0.9937527993431576334, 0.9937527993431576334, 1.000000000000000000 ) ) 
 REPRESENTATION_ITEM ( '' )  );
#1252 = DIRECTION ( 'NONE',  ( 0.2810846377148202846, 0.6785983445458454444, 0.6785983445458487751 ) ) ;
#1253 = VERTEX_POINT ( 'NONE', #3399 ) ;
#1254 = CARTESIAN_POINT ( 'NONE',  ( -1.470626349951369649, 1.470626349951370315, 0.9221786437626908750 ) ) ;
#1255 = EDGE_CURVE ( 'NONE', #3165, #1119, #1676, .T. ) ;
#1256 = CARTESIAN_POINT ( 'NONE',  ( 1.992138358161261946, -1.119268277646402243, 0.8636000000000000343 ) ) ;
#1257 = CARTESIAN_POINT ( 'NONE',  ( -1.790699999999999958, -2.095500000000000362, 0.2285999999999998034 ) ) ;
#1258 = ADVANCED_FACE ( 'NONE', ( #138 ), #2472, .F. ) ;
#1259 = CARTESIAN_POINT ( 'NONE',  ( -2.540000000000000036, -1.346199999999999619, 0.8636000000000000343 ) ) ;
#1260 = EDGE_LOOP ( 'NONE', ( #2877, #3756, #2660, #2000, #350, #1681, #2502, #2456 ) ) ;
#1261 = ORIENTED_EDGE ( 'NONE', *, *, #695, .F. ) ;
#1262 = LINE ( 'NONE', #2710, #116 ) ;
#1263 = EDGE_CURVE ( 'NONE', #2752, #581, #3245, .T. ) ;
#1264 = CARTESIAN_POINT ( 'NONE',  ( 2.591192003738346461, -1.587500000000000133, 0.1832264612071148047 ) ) ;
#1265 = CARTESIAN_POINT ( 'NONE',  ( 1.909892242352578151, -1.113359454313947117, 0.8635999999999941501 ) ) ;
#1266 = VERTEX_POINT ( 'NONE', #3445 ) ;
#1267 = AXIS2_PLACEMENT_3D ( 'NONE', #3623, #1237, #2145 ) ;
#1268 = DIRECTION ( 'NONE',  ( -0.000000000000000000, -1.000000000000000000, -0.000000000000000000 ) ) ;
#1269 = B_SPLINE_CURVE_WITH_KNOTS ( 'NONE', 3,
 ( #956, #2423, #130, #635, #2155, #1832, #2967, #673 ),
 .UNSPECIFIED., .F., .F.,
 ( 4, 1, 1, 1, 1, 4 ),
 ( 0.08587081253034774264, 0.1250000000000000000, 0.2500000000000000000, 0.5000000000000000000, 0.7500000000000000000, 1.000000000000000000 ),
 .UNSPECIFIED. ) ;
#1270 = DIRECTION ( 'NONE',  ( 0.000000000000000000, 1.000000000000000000, 0.000000000000000000 ) ) ;
#1271 = CARTESIAN_POINT ( 'NONE',  ( -2.540000000000000036, -1.346199999999999619, 0.6636000000000000787 ) ) ;
#1272 = VECTOR ( 'NONE', #2116, 1000.000000000000000 ) ;
#1273 = VERTEX_POINT ( 'NONE', #263 ) ;
#1274 = VECTOR ( 'NONE', #771, 1000.000000000000000 ) ;
#1275 = FILL_AREA_STYLE ('',( #2719 ) ) ;
#1276 = AXIS2_PLACEMENT_3D ( 'NONE', #2523, #766, #2776 ) ;
#1277 = LINE ( 'NONE', #1321, #3156 ) ;
#1278 = CARTESIAN_POINT ( 'NONE',  ( -2.500191311065981914, -2.095500000000000362, 0.03368382775259703282 ) ) ;
#1279 = CARTESIAN_POINT ( 'NONE',  ( 2.556176281307496190, 1.587500000000000133, 0.2228158283013659813 ) ) ;
#1280 = VERTEX_POINT ( 'NONE', #1474 ) ;
#1281 = VERTEX_POINT ( 'NONE', #1768 ) ;
#1282 = CARTESIAN_POINT ( 'NONE',  ( -2.669464912019792191, 2.095500000000000362, -2.032879073410320814E-16 ) ) ;
#1283 = VECTOR ( 'NONE', #1364, 1000.000000000000000 ) ;
#1284 = CARTESIAN_POINT ( 'NONE',  ( -2.298700007898529130, 1.587499999999999911, 0.2245073061906101841 ) ) ;
#1285 = DIRECTION ( 'NONE',  ( -0.7071067811865491270, 0.000000000000000000, -0.7071067811865457964 ) ) ;
#1286 = ORIENTED_EDGE ( 'NONE', *, *, #1159, .F. ) ;
#1287 = CARTESIAN_POINT ( 'NONE',  ( -1.801678643762690157, 1.801678643762690379, 0.6636000000000000787 ) ) ;
#1288 = DIRECTION ( 'NONE',  ( 0.000000000000000000, -1.000000000000000000, 0.000000000000000000 ) ) ;
#1289 = DIRECTION ( 'NONE',  ( 0.000000000000000000, -1.000000000000000000, 0.000000000000000000 ) ) ;
#1290 = AXIS2_PLACEMENT_3D ( 'NONE', #1471, #2990, #349 ) ;
#1291 = EDGE_CURVE ( 'NONE', #3221, #82, #160, .T. ) ;
#1292 = ORIENTED_EDGE ( 'NONE', *, *, #3074, .T. ) ;
#1293 = DIRECTION ( 'NONE',  ( 0.000000000000000000, -0.000000000000000000, -1.000000000000000000 ) ) ;
#1294 = CARTESIAN_POINT ( 'NONE',  ( 1.574799999999999978, 0.000000000000000000, 1.219200000000000061 ) ) ;
#1295 = CARTESIAN_POINT ( 'NONE',  ( 1.933393614899520552, -1.038521677503163820, 0.8636000000000001453 ) ) ;
#1296 = CARTESIAN_POINT ( 'NONE',  ( 2.712296659499090712, -1.587500000000000133, 0.1523999999999998134 ) ) ;
#1297 = B_SPLINE_CURVE_WITH_KNOTS ( 'NONE', 3,
 ( #2651, #2718, #352, #3012 ),
 .UNSPECIFIED., .F., .F.,
 ( 4, 4 ),
 ( 3.050031859456056070E-12, 8.989578240440790997E-05 ),
 .UNSPECIFIED. ) ;
#1298 = LINE ( 'NONE', #434, #2260 ) ;
#1299 = CARTESIAN_POINT ( 'NONE',  ( 2.353269835448805747, 1.587499999999999911, 0.3704899464568018885 ) ) ;
#1300 = ORIENTED_EDGE ( 'NONE', *, *, #2555, .F. ) ;
#1301 = VERTEX_POINT ( 'NONE', #3743 ) ;
#1302 = LINE ( 'NONE', #3368, #310 ) ;
#1303 = DIRECTION ( 'NONE',  ( -0.2810846377148198960, 0.6785983445458454444, 0.6785983445458487751 ) ) ;
#1304 = CARTESIAN_POINT ( 'NONE',  ( -2.235200000000000298, -2.095500000000000362, 0.3810000000000002829 ) ) ;
#1305 = EDGE_CURVE ( 'NONE', #2726, #108, #2611, .T. ) ;
#1306 = ORIENTED_EDGE ( 'NONE', *, *, #995, .T. ) ;
#1307 = CIRCLE ( 'NONE', #2782, 0.1999999999999999556 ) ;
#1308 = CARTESIAN_POINT ( 'NONE',  ( 0.000000000000000000, -1.491957287525380593, 1.019200000000000106 ) ) ;
#1309 = CARTESIAN_POINT ( 'NONE',  ( 1.859737061119837831, 1.084260698635586717, 0.9166980889464491078 ) ) ;
#1310 = VECTOR ( 'NONE', #2686, 1000.000000000000114 ) ;
#1311 = VECTOR ( 'NONE', #461, 1000.000000000000114 ) ;
#1312 = DIRECTION ( 'NONE',  ( 0.000000000000000000, 0.000000000000000000, 1.000000000000000000 ) ) ;
#1313 = EDGE_CURVE ( 'NONE', #2856, #566, #2297, .T. ) ;
#1314 = EDGE_LOOP ( 'NONE', ( #3079, #3269, #147, #1213 ) ) ;
#1315 = CARTESIAN_POINT ( 'NONE',  ( 2.386007996261652941, 2.095500000000000362, 0.1977735387928848676 ) ) ;
#1316 = DIRECTION ( 'NONE',  ( -0.5000000000000009992, 0.5000000000000012212, 0.7071067811865459074 ) ) ;
#1317 = EDGE_CURVE ( 'NONE', #1857, #947, #474, .T. ) ;
#1318 = CARTESIAN_POINT ( 'NONE',  ( -2.457157287525380429, 1.311885424949237544, 0.8636000000000000343 ) ) ;
#1319 = ADVANCED_FACE ( 'NONE', ( #1096 ), #549, .F. ) ;
#1320 = LINE ( 'NONE', #3579, #3120 ) ;
#1321 = CARTESIAN_POINT ( 'NONE',  ( 0.000000000000000000, -1.633378643762690485, 1.160621356237309332 ) ) ;
#1322 = AXIS2_PLACEMENT_3D ( 'NONE', #1509, #1814, #3007 ) ;
#1323 = CARTESIAN_POINT ( 'NONE',  ( 1.260600534798744121, 1.260600534798744121, 1.219200000000000061 ) ) ;
#1324 = ORIENTED_EDGE ( 'NONE', *, *, #1989, .T. ) ;
#1325 = CARTESIAN_POINT ( 'NONE',  ( 2.343885429429293232, -1.587500000000000133, 0.2177540640374742431 ) ) ;
#1326 = VERTEX_POINT ( 'NONE', #1171 ) ;
#1327 = AXIS2_PLACEMENT_3D ( 'NONE', #2003, #3232, #559 ) ;
#1328 = CARTESIAN_POINT ( 'NONE',  ( 2.307735087980207656, -2.095500000000000362, 0.3810000000000000608 ) ) ;
#1329 = CARTESIAN_POINT ( 'NONE',  ( 1.866749733896871266, -1.067330608908788836, 0.9166980889464492188 ) ) ;
#1330 = ORIENTED_EDGE ( 'NONE', *, *, #1834, .T. ) ;
#1331 = CARTESIAN_POINT ( 'NONE',  ( -1.591957287525380682, -1.012086494546726279, 1.160621356237309332 ) ) ;
#1332 = FILL_AREA_STYLE ('',( #2210 ) ) ;
#1333 = DIRECTION ( 'NONE',  ( 0.000000000000000000, 0.000000000000000000, 1.000000000000000000 ) ) ;
#1334 = VECTOR ( 'NONE', #1854, 1000.000000000000000 ) ;
#1335 = VERTEX_POINT ( 'NONE', #1733 ) ;
#1336 =( NAMED_UNIT ( * ) SI_UNIT ( $, .STERADIAN. ) SOLID_ANGLE_UNIT ( ) );
#1337 = PLANE ( 'NONE',  #1860 ) ;
#1338 = CARTESIAN_POINT ( 'NONE',  ( 2.540000000000000480, 1.346199999999999397, 0.7807572875253809830 ) ) ;
#1339 = DIRECTION ( 'NONE',  ( 0.7071067811865474617, -0.7071067811865475727, -0.000000000000000000 ) ) ;
#1340 = ADVANCED_FACE ( 'NONE', ( #1971 ), #3526, .F. ) ;
#1341 = AXIS2_PLACEMENT_3D ( 'NONE', #89, #401, #2174 ) ;
#1342 = DIRECTION ( 'NONE',  ( 0.7071067811865480168, 0.7071067811865471286, -0.000000000000000000 ) ) ;
#1343 = ORIENTED_EDGE ( 'NONE', *, *, #2281, .F. ) ;
#1344 = DIRECTION ( 'NONE',  ( -8.537024980200817874E-16, 0.000000000000000000, -1.000000000000000000 ) ) ;
#1345 = ORIENTED_EDGE ( 'NONE', *, *, #2974, .T. ) ;
#1346 = CARTESIAN_POINT ( 'NONE',  ( -0.9120864945467258567, -1.491957287525380593, 1.019200000000000106 ) ) ;
#1347 = CARTESIAN_POINT ( 'NONE',  ( 2.339999999999999858, -1.263357287525380901, 0.8636000000000000343 ) ) ;
#1348 = ORIENTED_EDGE ( 'NONE', *, *, #2717, .T. ) ;
#1349 = DIRECTION ( 'NONE',  ( 0.000000000000000000, -0.7071067811865489050, -0.7071067811865461294 ) ) ;
#1350 = CIRCLE ( 'NONE', #2511, 1.000000000000000000 ) ;
#1351 = CARTESIAN_POINT ( 'NONE',  ( 1.210852699902741803, -1.930399999999998562, 0.8636000000000000343 ) ) ;
#1352 = DIRECTION ( 'NONE',  ( 0.7071067811865475727, 0.7071067811865475727, 0.000000000000000000 ) ) ;
#1353 = ORIENTED_EDGE ( 'NONE', *, *, #3238, .F. ) ;
#1354 = CARTESIAN_POINT ( 'NONE',  ( 2.741999999999999549, 2.095500000000000362, 0.000000000000000000 ) ) ;
#1355 = DIRECTION ( 'NONE',  ( 0.000000000000000000, 0.000000000000000000, -1.000000000000000000 ) ) ;
#1356 = FACE_OUTER_BOUND ( 'NONE', #789, .T. ) ;
#1357 = CARTESIAN_POINT ( 'NONE',  ( 2.477008688934016600, 2.095500000000000362, 0.3473161722474025770 ) ) ;
#1358 = EDGE_CURVE ( 'NONE', #983, #1875, #2901, .T. ) ;
#1359 = DIRECTION ( 'NONE',  ( 0.7071067811865474617, -0.7071067811865475727, -2.195123001694164300E-16 ) ) ;
#1360 = ORIENTED_EDGE ( 'NONE', *, *, #2845, .T. ) ;
#1361 = ADVANCED_FACE ( 'NONE', ( #3487 ), #830, .F. ) ;
#1362 = CARTESIAN_POINT ( 'NONE',  ( 1.933393614899504565, 1.038521677503166263, 0.8636000000000001453 ) ) ;
#1363 = ORIENTED_EDGE ( 'NONE', *, *, #1720, .T. ) ;
#1364 = DIRECTION ( 'NONE',  ( 0.000000000000000000, 1.000000000000000000, 0.000000000000000000 ) ) ;
#1365 = ADVANCED_FACE ( 'NONE', ( #2617 ), #1443, .F. ) ;
#1366 = CARTESIAN_POINT ( 'NONE',  ( -2.540000000000000480, 0.7620000000000001217, 0.05080000000000000487 ) ) ;
#1367 = VERTEX_POINT ( 'NONE', #2972 ) ;
#1368 = CARTESIAN_POINT ( 'NONE',  ( -1.010852699902741181, 2.013242712474617502, 0.8636000000000000343 ) ) ;
#1369 = FACE_OUTER_BOUND ( 'NONE', #1117, .T. ) ;
#1370 = AXIS2_PLACEMENT_3D ( 'NONE', #37, #2610, #2948 ) ;
#1371 = LINE ( 'NONE', #273, #453 ) ;
#1372 = VERTEX_POINT ( 'NONE', #409 ) ;
#1373 = CARTESIAN_POINT ( 'NONE',  ( 2.235200000000000298, -1.650999999999999801, 0.3810000000000002829 ) ) ;
#1374 = AXIS2_PLACEMENT_3D ( 'NONE', #2479, #1561, #1060 ) ;
#1375 = CARTESIAN_POINT ( 'NONE',  ( -1.065289660479027178, 1.929803402899469056, 0.8636000000000019217 ) ) ;
#1376 = ORIENTED_EDGE ( 'NONE', *, *, #256, .T. ) ;
#1377 = DIRECTION ( 'NONE',  ( 1.000000000000000000, 0.000000000000000000, -0.000000000000000000 ) ) ;
#1378 = VECTOR ( 'NONE', #3423, 1000.000000000000000 ) ;
#1379 = CARTESIAN_POINT ( 'NONE',  ( -2.500191311065981914, 2.095500000000000362, 0.03368382775259703282 ) ) ;
#1380 = ADVANCED_FACE ( 'NONE', ( #3578 ), #620, .F. ) ;
#1381 = LINE ( 'NONE', #3055, #1274 ) ;
#1382 = DIRECTION ( 'NONE',  ( 0.000000000000000000, -1.000000000000000000, 0.000000000000000000 ) ) ;
#1383 = EDGE_LOOP ( 'NONE', ( #3333, #2558, #2800, #3760 ) ) ;
#1384 = CARTESIAN_POINT ( 'NONE',  ( -2.421023718692504101, -1.587500000000000133, 0.1581841716986339685 ) ) ;
#1385 = VERTEX_POINT ( 'NONE', #1186 ) ;
#1386 = EDGE_CURVE ( 'NONE', #2786, #3058, #1297, .T. ) ;
#1387 = CARTESIAN_POINT ( 'NONE',  ( 1.010852699902740959, 1.930399999999997673, 0.8635999999999999233 ) ) ;
#1388 = CARTESIAN_POINT ( 'NONE',  ( 2.298700007898529130, -1.587499999999999911, 0.2245073061906101841 ) ) ;
#1389 = EDGE_LOOP ( 'NONE', ( #3240, #3040, #579, #2552 ) ) ;
#1390 = DIRECTION ( 'NONE',  ( -0.7071067811865475727, -0.7071067811865475727, -0.000000000000000000 ) ) ;
#1391 = DIRECTION ( 'NONE',  ( 0.000000000000000000, 0.000000000000000000, 1.000000000000000000 ) ) ;
#1392 = ADVANCED_FACE ( 'NONE', ( #2144 ), #638, .F. ) ;
#1393 = PRESENTATION_STYLE_ASSIGNMENT (( #3413 ) ) ;
#1394 = VERTEX_POINT ( 'NONE', #1513 ) ;
#1395 = LINE ( 'NONE', #1648, #1552 ) ;
#1396 = LINE ( 'NONE', #2614, #1130 ) ;
#1397 = VERTEX_POINT ( 'NONE', #97 ) ;
#1398 = EDGE_CURVE ( 'NONE', #1253, #1280, #21, .T. ) ;
#1399 = LINE ( 'NONE', #2570, #245 ) ;
#1400 = SURFACE_STYLE_USAGE ( .BOTH. , #136 ) ;
#1401 =( GEOMETRIC_REPRESENTATION_CONTEXT ( 3 ) GLOBAL_UNCERTAINTY_ASSIGNED_CONTEXT ( ( #2294 ) ) GLOBAL_UNIT_ASSIGNED_CONTEXT ( ( #1158, #2373, #3552 ) ) REPRESENTATION_CONTEXT ( 'NONE', 'WORKASPACE' ) );
#1402 = DIRECTION ( 'NONE',  ( -0.2810846377148202291, -0.6785983445458453334, -0.6785983445458487751 ) ) ;
#1403 = SURFACE_SIDE_STYLE ('',( #1153 ) ) ;
#1404 = DIRECTION ( 'NONE',  ( 0.000000000000000000, -1.000000000000000000, 0.000000000000000000 ) ) ;
#1405 = EDGE_LOOP ( 'NONE', ( #1856, #807, #2196, #700, #3084, #563 ) ) ;
#1406 = AXIS2_PLACEMENT_3D ( 'NONE', #1246, #2418, #2961 ) ;
#1407 = DIRECTION ( 'NONE',  ( 0.000000000000000000, 1.000000000000000000, 0.000000000000000000 ) ) ;
#1408 = DIRECTION ( 'NONE',  ( 0.000000000000000000, 0.000000000000000000, -1.000000000000000000 ) ) ;
#1409 = ORIENTED_EDGE ( 'NONE', *, *, #321, .F. ) ;
#1410 = DIRECTION ( 'NONE',  ( 1.000000000000000000, 0.000000000000000000, -8.537024980200817874E-16 ) ) ;
#1411 = DIRECTION ( 'NONE',  ( 0.000000000000000000, 0.000000000000000000, 1.000000000000000000 ) ) ;
#1412 =( NAMED_UNIT ( * ) PLANE_ANGLE_UNIT ( ) SI_UNIT ( $, .RADIAN. ) );
#1413 = VERTEX_POINT ( 'NONE', #56 ) ;
#1414 = ORIENTED_EDGE ( 'NONE', *, *, #71, .T. ) ;
#1415 = CARTESIAN_POINT ( 'NONE',  ( 1.830399999999998029, 1.110852699902741492, 0.9221786437626908750 ) ) ;
#1416 = CIRCLE ( 'NONE', #1898, 0.2000000000000000944 ) ;
#1417 = DIRECTION ( 'NONE',  ( -0.7071067811865469066, -0.7071067811865480168, 0.000000000000000000 ) ) ;
#1418 = DIRECTION ( 'NONE',  ( 0.000000000000000000, 1.000000000000000000, 0.000000000000000000 ) ) ;
#1419 = EDGE_CURVE ( 'NONE', #2675, #2375, #1818, .T. ) ;
#1420 = DIRECTION ( 'NONE',  ( 0.6785983445458453334, 0.2810846377148202291, 0.6785983445458487751 ) ) ;
#1421 = CARTESIAN_POINT ( 'NONE',  ( 2.669464912019792191, 1.587499999999999911, -2.032879073410320814E-16 ) ) ;
#1422 = STYLED_ITEM ( 'NONE', ( #1211 ), #1938 ) ;
#1423 = LINE ( 'NONE', #1075, #1753 ) ;
#1424 = EDGE_LOOP ( 'NONE', ( #1641, #3546, #467 ) ) ;
#1425 = LINE ( 'NONE', #775, #3447 ) ;
#1426 = CYLINDRICAL_SURFACE ( 'NONE', #1557, 0.1999999999999999833 ) ;
#1427 = ORIENTED_EDGE ( 'NONE', *, *, #1431, .T. ) ;
#1428 = FACE_OUTER_BOUND ( 'NONE', #3209, .T. ) ;
#1429 = AXIS2_PLACEMENT_3D ( 'NONE', #2370, #2088, #3805 ) ;
#1430 = CARTESIAN_POINT ( 'NONE',  ( -3.250000000000000000, -1.587500000000000133, 0.000000000000000000 ) ) ;
#1431 = EDGE_CURVE ( 'NONE', #2985, #3695, #3564, .T. ) ;
#1432 = CARTESIAN_POINT ( 'NONE',  ( 2.741999999999999549, 1.587500000000000133, 0.000000000000000000 ) ) ;
#1433 = ORIENTED_EDGE ( 'NONE', *, *, #920, .F. ) ;
#1434 = ORIENTED_EDGE ( 'NONE', *, *, #2139, .F. ) ;
#1435 = SURFACE_SIDE_STYLE ('',( #3091 ) ) ;
#1436 = EDGE_CURVE ( 'NONE', #1714, #3141, #940, .T. ) ;
#1437 = CARTESIAN_POINT ( 'NONE',  ( -1.871821356237307832, 1.010852699902741625, 0.9221786437626907640 ) ) ;
#1438 = ORIENTED_EDGE ( 'NONE', *, *, #3620, .T. ) ;
#1439 = VECTOR ( 'NONE', #3647, 1000.000000000000000 ) ;
#1440 = SURFACE_STYLE_USAGE ( .BOTH. , #280 ) ;
#1441 = EDGE_CURVE ( 'NONE', #2434, #55, #2071, .T. ) ;
#1442 = ADVANCED_FACE ( 'NONE', ( #1787 ), #2102, .T. ) ;
#1443 = PLANE ( 'NONE',  #3166 ) ;
#1444 =( GEOMETRIC_REPRESENTATION_CONTEXT ( 3 ) GLOBAL_UNCERTAINTY_ASSIGNED_CONTEXT ( ( #764 ) ) GLOBAL_UNIT_ASSIGNED_CONTEXT ( ( #2034, #3304, #2951 ) ) REPRESENTATION_CONTEXT ( 'NONE', 'WORKASPACE' ) );
#1445 = VECTOR ( 'NONE', #3363, 1000.000000000000000 ) ;
#1446 = DIRECTION ( 'NONE',  ( 0.7071067811865475727, 0.7071067811865475727, 0.000000000000000000 ) ) ;
#1447 = VERTEX_POINT ( 'NONE', #904 ) ;
#1448 = LINE ( 'NONE', #1791, #2887 ) ;
#1449 = FACE_OUTER_BOUND ( 'NONE', #1175, .T. ) ;
#1450 = ORIENTED_EDGE ( 'NONE', *, *, #2455, .F. ) ;
#1451 = CARTESIAN_POINT ( 'NONE',  ( 1.992138358161261502, -1.119268277646403575, 0.8636000000000000343 ) ) ;
#1452 = FACE_OUTER_BOUND ( 'NONE', #427, .T. ) ;
#1453 = CARTESIAN_POINT ( 'NONE',  ( 2.298699999999999743, 1.587500000000000133, 0.8636000000000000343 ) ) ;
#1454 = EDGE_LOOP ( 'NONE', ( #773, #527, #844, #518, #3702 ) ) ;
#1455 = ORIENTED_EDGE ( 'NONE', *, *, #875, .T. ) ;
#1456 =( LENGTH_UNIT ( ) NAMED_UNIT ( * ) SI_UNIT ( .MILLI., .METRE. ) );
#1457 = CARTESIAN_POINT ( 'NONE',  ( 2.500191311065981914, -1.587500000000000133, 0.03368382775259703282 ) ) ;
#1458 = CARTESIAN_POINT ( 'NONE',  ( 2.264903340500909135, 1.587499999999999911, 0.2286000000000000254 ) ) ;
#1459 = CARTESIAN_POINT ( 'NONE',  ( 1.875463574993895710, 1.031456200553528602, 0.9185364250061024416 ) ) ;
#1461 = ORIENTED_EDGE ( 'NONE', *, *, #183, .T. ) ;
#1460 = VECTOR ( 'NONE', #696, 1000.000000000000000 ) ;
#1462 = EDGE_CURVE ( 'NONE', #1857, #2867, #1228, .T. ) ;
#1463 = CIRCLE ( 'NONE', #1406, 0.1999999999999999833 ) ;
#1464 = CARTESIAN_POINT ( 'NONE',  ( 1.591957287525380904, -1.012086494546726723, 1.160621356237309332 ) ) ;
#1465 = VERTEX_POINT ( 'NONE', #2993 ) ;
#1466 = VERTEX_POINT ( 'NONE', #921 ) ;
#1467 = PLANE ( 'NONE',  #2627 ) ;
#1468 = ORIENTED_EDGE ( 'NONE', *, *, #3749, .T. ) ;
#1469 = EDGE_LOOP ( 'NONE', ( #588, #2417, #3129, #104, #505, #2585 ) ) ;
#1470 = DIRECTION ( 'NONE',  ( -1.000000000000000000, 0.000000000000000000, -0.000000000000000000 ) ) ;
#1471 = CARTESIAN_POINT ( 'NONE',  ( 0.000000000000000000, 0.000000000000000000, 1.524000000000000243 ) ) ;
#1472 = ORIENTED_EDGE ( 'NONE', *, *, #79, .T. ) ;
#1473 = AXIS2_PLACEMENT_3D ( 'NONE', #3613, #1004, #441 ) ;
#1474 = CARTESIAN_POINT ( 'NONE',  ( -1.930399999999998117, -1.210852699902741580, 0.8636000000000000343 ) ) ;
#1475 = EDGE_CURVE ( 'NONE', #2275, #965, #1889, .T. ) ;
#1476 = CARTESIAN_POINT ( 'NONE',  ( 1.830399999999998029, -1.110852699902741492, 0.9221786437626906530 ) ) ;
#1477 = ORIENTED_EDGE ( 'NONE', *, *, #3137, .F. ) ;
#1478 = ADVANCED_FACE ( 'NONE', ( #2087 ), #3340, .F. ) ;
#1479 = DIRECTION ( 'NONE',  ( 0.000000000000000000, -0.7071067811865494601, -0.7071067811865455743 ) ) ;
#1480 = DIRECTION ( 'NONE',  ( -1.000000000000000000, 0.000000000000000000, 0.000000000000000000 ) ) ;
#1481 = ORIENTED_EDGE ( 'NONE', *, *, #1767, .T. ) ;
#1482 = CARTESIAN_POINT ( 'NONE',  ( 0.000000000000000000, -2.339999999999999858, 0.6636000000000000787 ) ) ;
#1483 = ADVANCED_FACE ( 'NONE', ( #2738 ), #1050, .T. ) ;
#1484 = DIRECTION ( 'NONE',  ( 1.000000000000000000, 0.000000000000000000, 0.000000000000000000 ) ) ;
#1485 = CARTESIAN_POINT ( 'NONE',  ( -1.346199999999999841, -2.540000000000000036, 0.7807572875253809830 ) ) ;
#1486 = ORIENTED_EDGE ( 'NONE', *, *, #1772, .T. ) ;
#1487 = EDGE_LOOP ( 'NONE', ( #3815, #3687, #3039, #3745 ) ) ;
#1488 = CARTESIAN_POINT ( 'NONE',  ( -1.871821356237307832, -1.010852699902740959, 0.9221786437626907640 ) ) ;
#1489 = CARTESIAN_POINT ( 'NONE',  ( -1.153031457324382503, 1.978153191002127942, 0.8636000000000000343 ) ) ;
#1490 = ORIENTED_EDGE ( 'NONE', *, *, #3707, .T. ) ;
#1491 = CARTESIAN_POINT ( 'NONE',  ( 2.540000000000000036, 1.346199999999999841, 0.8636000000000000343 ) ) ;
#1492 = VECTOR ( 'NONE', #3678, 1000.000000000000000 ) ;
#1493 = CARTESIAN_POINT ( 'NONE',  ( 3.250000000000000000, 1.587500000000000133, 0.000000000000000000 ) ) ;
#1494 = EDGE_CURVE ( 'NONE', #3496, #861, #1307, .T. ) ;
#1495 = AXIS2_PLACEMENT_3D ( 'NONE', #658, #2389, #3262 ) ;
#1496 = VECTOR ( 'NONE', #222, 1000.000000000000000 ) ;
#1497 = CARTESIAN_POINT ( 'NONE',  ( 2.235200000000000298, 1.587500000000000133, 0.2285999999999998034 ) ) ;
#1498 = FACE_OUTER_BOUND ( 'NONE', #2746, .T. ) ;
#1499 = CARTESIAN_POINT ( 'NONE',  ( 1.346199999999999841, 2.540000000000000036, 0.6636000000000000787 ) ) ;
#1500 = ORIENTED_EDGE ( 'NONE', *, *, #1784, .F. ) ;
#1501 = CARTESIAN_POINT ( 'NONE',  ( -2.642048799282909144, 1.587500000000000133, 0.1591029197505574033 ) ) ;
#1502 =( BOUNDED_CURVE ( )  B_SPLINE_CURVE ( 3, ( #936, #1233, #2405, #3594 ),
 .UNSPECIFIED., .F., .F. ) 
 B_SPLINE_CURVE_WITH_KNOTS ( ( 4, 4 ),
 ( 4.712388980384689674, 6.283185307179586232 ),
 .UNSPECIFIED. ) 
 CURVE ( )  GEOMETRIC_REPRESENTATION_ITEM ( )  RATIONAL_B_SPLINE_CURVE ( ( 1.000000000000000000, 0.8047378541243649375, 0.8047378541243649375, 1.000000000000000000 ) ) 
 REPRESENTATION_ITEM ( '' )  );
#1503 = DIRECTION ( 'NONE',  ( 4.336808689942015369E-15, 0.000000000000000000, 1.000000000000000000 ) ) ;
#1504 = SURFACE_STYLE_USAGE ( .BOTH. , #343 ) ;
#1505 = VECTOR ( 'NONE', #3025, 1000.000000000000000 ) ;
#1506 = ORIENTED_EDGE ( 'NONE', *, *, #358, .F. ) ;
#1507 = ORIENTED_EDGE ( 'NONE', *, *, #1918, .T. ) ;
#1508 = ADVANCED_FACE ( 'NONE', ( #2821 ), #1337, .F. ) ;
#1509 = CARTESIAN_POINT ( 'NONE',  ( 0.9120864945467261897, 1.491957287525380593, 1.019200000000000106 ) ) ;
#1510 = EDGE_LOOP ( 'NONE', ( #1994, #2819, #3077, #1330 ) ) ;
#1511 = ADVANCED_FACE ( 'NONE', ( #450 ), #2216, .F. ) ;
#1512 = AXIS2_PLACEMENT_3D ( 'NONE', #2328, #2289, #881 ) ;
#1513 = CARTESIAN_POINT ( 'NONE',  ( 2.741999999999999549, -1.587500000000000133, 0.1523999999999995913 ) ) ;
#1514 = CARTESIAN_POINT ( 'NONE',  ( -2.556176281307496190, -1.587500000000000133, 0.2228158283013659813 ) ) ;
#1515 = CARTESIAN_POINT ( 'NONE',  ( 1.491957287525380593, -0.9120864945467263007, 1.219200000000000061 ) ) ;
#1516 = DIRECTION ( 'NONE',  ( -0.7071067811865475727, -0.7071067811865475727, 0.000000000000000000 ) ) ;
#1517 = LINE ( 'NONE', #2691, #1689 ) ;
#1518 = ORIENTED_EDGE ( 'NONE', *, *, #2325, .F. ) ;
#1519 = CARTESIAN_POINT ( 'NONE',  ( 0.000000000000000000, 1.587500000000000133, 0.000000000000000000 ) ) ;
#1520 = DIRECTION ( 'NONE',  ( 1.000000000000000000, 0.000000000000000000, -0.000000000000000000 ) ) ;
#1521 = ADVANCED_FACE ( 'NONE', ( #2469 ), #1629, .T. ) ;
#1522 = VERTEX_POINT ( 'NONE', #3657 ) ;
#1523 = LINE ( 'NONE', #2066, #3236 ) ;
#1524 = MANIFOLD_SOLID_BREP ( 'Fillet1', #2561 ) ;
#1525 = CARTESIAN_POINT ( 'NONE',  ( 1.202021891036053169, -1.202021891036053169, 1.219200000000000061 ) ) ;
#1526 = AXIS2_PLACEMENT_3D ( 'NONE', #1581, #1062, #233 ) ;
#1527 = CARTESIAN_POINT ( 'NONE',  ( -1.113359454313945784, 1.909892242352579261, 0.8635999999999980359 ) ) ;
#1528 = EDGE_CURVE ( 'NONE', #3141, #1599, #1982, .T. ) ;
#1529 = VERTEX_POINT ( 'NONE', #3092 ) ;
#1530 = CARTESIAN_POINT ( 'NONE',  ( -1.210852699902741803, 1.930399999999998339, 0.8636000000000000343 ) ) ;
#1531 = ADVANCED_FACE ( 'NONE', ( #729 ), #3053, .F. ) ;
#1532 = FACE_OUTER_BOUND ( 'NONE', #2399, .T. ) ;
#1533 = DIRECTION ( 'NONE',  ( -1.000000000000000000, -0.000000000000000000, -0.000000000000000000 ) ) ;
#1534 = DIRECTION ( 'NONE',  ( 0.000000000000000000, -1.000000000000000000, 0.000000000000000000 ) ) ;
#1535 = CARTESIAN_POINT ( 'NONE',  ( -1.010852699902740959, -1.871821356237307832, 0.9221786437626908750 ) ) ;
#1536 = EDGE_LOOP ( 'NONE', ( #2926, #574, #2398, #2838 ) ) ;
#1537 = ORIENTED_EDGE ( 'NONE', *, *, #2616, .T. ) ;
#1538 = DIRECTION ( 'NONE',  ( -0.000000000000000000, 0.000000000000000000, -1.000000000000000000 ) ) ;
#1539 = CARTESIAN_POINT ( 'NONE',  ( 1.010852699902741181, 2.013242712474617502, 0.8636000000000000343 ) ) ;
#1540 = EDGE_LOOP ( 'NONE', ( #2153, #895, #2188, #966 ) ) ;
#1541 = AXIS2_PLACEMENT_3D ( 'NONE', #1981, #3435, #1704 ) ;
#1542 = ORIENTED_EDGE ( 'NONE', *, *, #3606, .F. ) ;
#1543 = DIRECTION ( 'NONE',  ( -0.000000000000000000, 1.000000000000000000, 0.000000000000000000 ) ) ;
#1544 = ADVANCED_FACE ( 'NONE', ( #1126 ), #3456, .F. ) ;
#1545 = CARTESIAN_POINT ( 'NONE',  ( -1.067330608908789280, 1.866749733896870600, 0.9166980889464492188 ) ) ;
#1546 = VERTEX_POINT ( 'NONE', #296 ) ;
#1547 = EDGE_CURVE ( 'NONE', #2673, #1253, #3790, .T. ) ;
#1548 = VECTOR ( 'NONE', #2618, 1000.000000000000000 ) ;
#1549 = CARTESIAN_POINT ( 'NONE',  ( 1.153128457099999560, 1.978113012607195298, 0.8635999999999999233 ) ) ;
#1550 = PLANE ( 'NONE',  #1750 ) ;
#1551 = ADVANCED_FACE ( 'NONE', ( #565 ), #825, .T. ) ;
#1552 = VECTOR ( 'NONE', #3758, 1000.000000000000000 ) ;
#1553 = LINE ( 'NONE', #2130, #1094 ) ;
#1554 = CARTESIAN_POINT ( 'NONE',  ( -2.741999999999999549, 1.587500000000000133, 0.1523999999999995913 ) ) ;
#1555 = VERTEX_POINT ( 'NONE', #3801 ) ;
#1556 = ORIENTED_EDGE ( 'NONE', *, *, #1925, .F. ) ;
#1557 = AXIS2_PLACEMENT_3D ( 'NONE', #2600, #2308, #860 ) ;
#1558 = DIRECTION ( 'NONE',  ( -0.7071067811865474617, -0.7071067811865474617, -0.000000000000000000 ) ) ;
#1559 = EDGE_CURVE ( 'NONE', #1394, #1367, #583, .T. ) ;
#1560 = CARTESIAN_POINT ( 'NONE',  ( 0.9491999999999999327, 0.000000000000000000, 1.473200000000000287 ) ) ;
#1561 = DIRECTION ( 'NONE',  ( 0.6785983445458454444, -0.2810846377148199515, 0.6785983445458487751 ) ) ;
#1562 = VECTOR ( 'NONE', #1404, 1000.000000000000000 ) ;
#1563 = ORIENTED_EDGE ( 'NONE', *, *, #762, .T. ) ;
#1564 = FACE_OUTER_BOUND ( 'NONE', #3655, .T. ) ;
#1565 = CARTESIAN_POINT ( 'NONE',  ( 1.570626349951369960, -1.570626349951369960, 0.8636000000000000343 ) ) ;
#1566 = LINE ( 'NONE', #711, #74 ) ;
#1567 = AXIS2_PLACEMENT_3D ( 'NONE', #2288, #2540, #2230 ) ;
#1568 = ORIENTED_EDGE ( 'NONE', *, *, #3298, .F. ) ;
#1569 = CARTESIAN_POINT ( 'NONE',  ( 2.540000000000000036, 1.346199999999999841, 0.6636000000000000787 ) ) ;
#1570 = SURFACE_STYLE_FILL_AREA ( #411 ) ;
#1571 = LINE ( 'NONE', #80, #3056 ) ;
#1572 = ADVANCED_FACE ( 'NONE', ( #3213 ), #3818, .T. ) ;
#1573 = CARTESIAN_POINT ( 'NONE',  ( 0.000000000000000000, -1.587500000000000133, 0.000000000000000000 ) ) ;
#1574 = VERTEX_POINT ( 'NONE', #3481 ) ;
#1575 = ORIENTED_EDGE ( 'NONE', *, *, #968, .F. ) ;
#1576 = LINE ( 'NONE', #1519, #2748 ) ;
#1577 = VECTOR ( 'NONE', #3168, 1000.000000000000000 ) ;
#1578 = CARTESIAN_POINT ( 'NONE',  ( 1.859755777428561352, -1.084215513172627210, 0.9166980890513140023 ) ) ;
#1579 = ORIENTED_EDGE ( 'NONE', *, *, #2680, .T. ) ;
#1580 = VECTOR ( 'NONE', #1377, 1000.000000000000000 ) ;
#1581 = CARTESIAN_POINT ( 'NONE',  ( 0.000000000000000000, -1.587500000000000133, 0.000000000000000000 ) ) ;
#1582 = DIRECTION ( 'NONE',  ( 0.7071067811865474617, 0.7071067811865474617, -0.000000000000000000 ) ) ;
#1583 = VERTEX_POINT ( 'NONE', #1437 ) ;
#1584 = CARTESIAN_POINT ( 'NONE',  ( 0.000000000000000000, 1.574799999999999978, 1.219200000000000061 ) ) ;
#1585 = STYLED_ITEM ( 'NONE', ( #2615 ), #1200 ) ;
#1586 = CARTESIAN_POINT ( 'NONE',  ( 0.000000000000000000, -1.491957287525380593, 1.219200000000000061 ) ) ;
#1587 = CARTESIAN_POINT ( 'NONE',  ( 2.013242712296193559, -1.048934626968198280, 0.8636000000000000343 ) ) ;
#1588 = VECTOR ( 'NONE', #3704, 1000.000000000000000 ) ;
#1589 = DIRECTION ( 'NONE',  ( -1.000000000000000000, -0.000000000000000000, 0.000000000000000000 ) ) ;
#1590 = CARTESIAN_POINT ( 'NONE',  ( 1.346199999999999841, 2.540000000000000036, 0.2285999999999998034 ) ) ;
#1591 = CARTESIAN_POINT ( 'NONE',  ( 1.859737061119837831, -1.084260698635586717, 0.9166980889464491078 ) ) ;
#1592 = ORIENTED_EDGE ( 'NONE', *, *, #1989, .F. ) ;
#1593 = ORIENTED_EDGE ( 'NONE', *, *, #946, .F. ) ;
#1594 = CARTESIAN_POINT ( 'NONE',  ( -2.556176281307496190, 2.095500000000000362, 0.2228158283013659813 ) ) ;
#1595 = AXIS2_PLACEMENT_3D ( 'NONE', #2654, #2112, #1516 ) ;
#1596 = EDGE_CURVE ( 'NONE', #2416, #929, #1396, .T. ) ;
#1597 = CARTESIAN_POINT ( 'NONE',  ( -2.741999999999999549, 1.587500000000000133, 0.000000000000000000 ) ) ;
#1598 = FACE_OUTER_BOUND ( 'NONE', #394, .T. ) ;
#1599 = VERTEX_POINT ( 'NONE', #2837 ) ;
#1600 = CYLINDRICAL_SURFACE ( 'NONE', #866, 0.1999999999999999556 ) ;
#1601 = CARTESIAN_POINT ( 'NONE',  ( 1.183924710907930278, 1.957327988742458613, 0.8636000000000000343 ) ) ;
#1602 = EDGE_CURVE ( 'NONE', #3816, #1397, #2053, .T. ) ;
#1603 = CARTESIAN_POINT ( 'NONE',  ( 1.067330608908788836, 1.866749733896871266, 0.9166980889464491078 ) ) ;
#1604 = AXIS2_PLACEMENT_3D ( 'NONE', #1742, #1086, #291 ) ;
#1605 =( BOUNDED_SURFACE ( )  B_SPLINE_SURFACE ( 3, 2, ( 
 ( #621, #2973, #2687 ),
 ( #3527, #1788, #587 ),
 ( #889, #2323, #873 ),
 ( #1754, #605, #1769 ) ),
 .UNSPECIFIED., .F., .F., .F. ) 
 B_SPLINE_SURFACE_WITH_KNOTS ( ( 4, 4 ),
 ( 3, 3 ),
 ( 2.867578449779636163, 3.415606857399950513 ),
 ( 0.000000000000000000, 1.000000000000000000 ),
 .UNSPECIFIED. ) 
 GEOMETRIC_REPRESENTATION_ITEM ( )  RATIONAL_B_SPLINE_SURFACE ( (
 ( 1.000000000000000000, 0.9238795325112862944, 1.000000000000000000),
 ( 1.000000000000000000, 0.9337238135068418599, 1.000000000000000000),
 ( 1.000000000000000000, 0.9337238135068429701, 1.000000000000000000),
 ( 1.000000000000000000, 0.9238795325112862944, 1.000000000000000000) ) ) 
 REPRESENTATION_ITEM ( '' )  SURFACE ( )  );
#1606 = UNCERTAINTY_MEASURE_WITH_UNIT (LENGTH_MEASURE( 1.000000000000000082E-05 ), #3357, 'distance_accuracy_value', 'NONE');
#1607 = ORIENTED_EDGE ( 'NONE', *, *, #2070, .T. ) ;
#1608 = CARTESIAN_POINT ( 'NONE',  ( 1.052098721364668421, -1.879112691439501326, 0.9148873085604967148 ) ) ;
#1609 = LINE ( 'NONE', #1051, #2813 ) ;
#1610 = CARTESIAN_POINT ( 'NONE',  ( -1.491957287525380593, 0.9120864945467264118, 1.219200000000000061 ) ) ;
#1611 = LINE ( 'NONE', #1238, #1612 ) ;
#1612 = VECTOR ( 'NONE', #1589, 1000.000000000000000 ) ;
#1613 = CARTESIAN_POINT ( 'NONE',  ( 2.741999999999999549, -2.095500000000000362, 0.000000000000000000 ) ) ;
#1614 = DIRECTION ( 'NONE',  ( -0.7071067811865471286, 0.7071067811865476838, 0.000000000000000000 ) ) ;
#1615 = ORIENTED_EDGE ( 'NONE', *, *, #1291, .F. ) ;
#1616 = CARTESIAN_POINT ( 'NONE',  ( 0.000000000000000000, 1.491957287525380593, 1.019200000000000106 ) ) ;
#1617 = ORIENTED_EDGE ( 'NONE', *, *, #1305, .T. ) ;
#1618 = FACE_OUTER_BOUND ( 'NONE', #1739, .T. ) ;
#1619 = CARTESIAN_POINT ( 'NONE',  ( -2.235200000000000298, 1.587500000000000133, 0.2285999999999998034 ) ) ;
#1620 = EDGE_LOOP ( 'NONE', ( #1098, #2454, #3338, #777, #1812, #2784 ) ) ;
#1621 = AXIS2_PLACEMENT_3D ( 'NONE', #1584, #471, #493 ) ;
#1622 = CARTESIAN_POINT ( 'NONE',  ( -2.591192003738346461, 2.095500000000000362, 0.1832264612071148047 ) ) ;
#1623 = DIRECTION ( 'NONE',  ( 0.7071067811865474617, -0.7071067811865474617, 0.000000000000000000 ) ) ;
#1624 = VECTOR ( 'NONE', #304, 1000.000000000000000 ) ;
#1625 = DIRECTION ( 'NONE',  ( 0.000000000000000000, 1.000000000000000000, -0.000000000000000000 ) ) ;
#1626 = ADVANCED_FACE ( 'NONE', ( #1090 ), #2255, .T. ) ;
#1627 = ORIENTED_EDGE ( 'NONE', *, *, #596, .F. ) ;
#1628 = DIRECTION ( 'NONE',  ( 1.000000000000000000, -0.000000000000000000, -0.000000000000000000 ) ) ;
#1629 = PLANE ( 'NONE',  #1621 ) ;
#1630 =( BOUNDED_CURVE ( )  B_SPLINE_CURVE ( 3, ( #3396, #2470, #1338, #3093 ),
 .UNSPECIFIED., .F., .F. ) 
 B_SPLINE_CURVE_WITH_KNOTS ( ( 4, 4 ),
 ( 4.712388980384690562, 6.283185307179586232 ),
 .UNSPECIFIED. ) 
 CURVE ( )  GEOMETRIC_REPRESENTATION_ITEM ( )  RATIONAL_B_SPLINE_CURVE ( ( 1.000000000000000000, 0.8047378541243652705, 0.8047378541243652705, 1.000000000000000000 ) ) 
 REPRESENTATION_ITEM ( '' )  );
#1631 = DIRECTION ( 'NONE',  ( 0.000000000000000000, 0.7071067811865491270, 0.7071067811865457964 ) ) ;
#1632 = CARTESIAN_POINT ( 'NONE',  ( 2.591192003738346461, 2.095500000000000362, 0.1832264612071148047 ) ) ;
#1633 = VECTOR ( 'NONE', #1799, 1000.000000000000114 ) ;
#1634 =( NAMED_UNIT ( * ) PLANE_ANGLE_UNIT ( ) SI_UNIT ( $, .RADIAN. ) );
#1635 = DIRECTION ( 'NONE',  ( 0.7071067811865475727, 0.7071067811865475727, -0.000000000000000000 ) ) ;
#1636 = ORIENTED_EDGE ( 'NONE', *, *, #1703, .T. ) ;
#1637 = LINE ( 'NONE', #1041, #1588 ) ;
#1638 = ORIENTED_EDGE ( 'NONE', *, *, #584, .F. ) ;
#1639 = CIRCLE ( 'NONE', #3617, 0.2000000000000000389 ) ;
#1640 = FACE_OUTER_BOUND ( 'NONE', #2530, .T. ) ;
#1641 = ORIENTED_EDGE ( 'NONE', *, *, #3050, .F. ) ;
#1642 = CARTESIAN_POINT ( 'NONE',  ( -2.741999999999999549, 2.095500000000000362, 0.1523999999999998134 ) ) ;
#1643 = PRESENTATION_STYLE_ASSIGNMENT (( #779 ) ) ;
#1644 = EDGE_CURVE ( 'NONE', #2007, #3672, #3278, .T. ) ;
#1645 = CARTESIAN_POINT ( 'NONE',  ( -1.790699999999999958, 2.095500000000000362, 0.3810000000000002829 ) ) ;
#1646 = VECTOR ( 'NONE', #981, 1000.000000000000000 ) ;
#1647 = ORIENTED_EDGE ( 'NONE', *, *, #3208, .T. ) ;
#1648 = CARTESIAN_POINT ( 'NONE',  ( 0.9573435648468262560, 1.459796164199844926, 1.292782479562845976 ) ) ;
#1649 = ADVANCED_FACE ( 'NONE', ( #2100 ), #2424, .T. ) ;
#1650 = CARTESIAN_POINT ( 'NONE',  ( 1.119268277646403575, 1.992138358161261502, 0.8636000000000000343 ) ) ;
#1651 = ORIENTED_EDGE ( 'NONE', *, *, #1436, .T. ) ;
#1652 = CARTESIAN_POINT ( 'NONE',  ( -2.540000000000000036, -1.346199999999999619, 0.6636000000000000787 ) ) ;
#1653 =( NAMED_UNIT ( * ) SI_UNIT ( $, .STERADIAN. ) SOLID_ANGLE_UNIT ( ) );
#1654 = EDGE_CURVE ( 'NONE', #1743, #3188, #2894, .T. ) ;
#1655 =( BOUNDED_CURVE ( )  B_SPLINE_CURVE ( 3, ( #1603, #1849, #3675, #404 ),
 .UNSPECIFIED., .F., .F. ) 
 B_SPLINE_CURVE_WITH_KNOTS ( ( 4, 4 ),
 ( 1.019336775081805951E-17, 0.2740142038101576194 ),
 .UNSPECIFIED. ) 
 CURVE ( )  GEOMETRIC_REPRESENTATION_ITEM ( )  RATIONAL_B_SPLINE_CURVE ( ( 1.000000000000000000, 0.9937527993431576334, 0.9937527993431576334, 1.000000000000000000 ) ) 
 REPRESENTATION_ITEM ( '' )  );
#1656 = CARTESIAN_POINT ( 'NONE',  ( 1.633378643762690485, -0.9120864945467263007, 1.160621356237309332 ) ) ;
#1657 = LINE ( 'NONE', #552, #408 ) ;
#1658 = ORIENTED_EDGE ( 'NONE', *, *, #2804, .F. ) ;
#1659 = CARTESIAN_POINT ( 'NONE',  ( 0.000000000000000000, 1.587500000000000133, 0.000000000000000000 ) ) ;
#1660 = EDGE_CURVE ( 'NONE', #3811, #2173, #3078, .T. ) ;
#1661 = CARTESIAN_POINT ( 'NONE',  ( 2.307735087980207656, 2.095500000000000362, 0.3810000000000000608 ) ) ;
#1662 = CARTESIAN_POINT ( 'NONE',  ( 2.256388639112742123, -1.629811360887257754, 0.2286000000000000254 ) ) ;
#1663 = EDGE_LOOP ( 'NONE', ( #2202, #706, #1671, #1593 ) ) ;
#1664 = ORIENTED_EDGE ( 'NONE', *, *, #3495, .T. ) ;
#1665 = CYLINDRICAL_SURFACE ( 'NONE', #2548, 0.1999999999999999556 ) ;
#1666 =( GEOMETRIC_REPRESENTATION_CONTEXT ( 3 ) GLOBAL_UNCERTAINTY_ASSIGNED_CONTEXT ( ( #275 ) ) GLOBAL_UNIT_ASSIGNED_CONTEXT ( ( #2711, #2750, #3062 ) ) REPRESENTATION_CONTEXT ( 'NONE', 'WORKASPACE' ) );
#1667 = ORIENTED_EDGE ( 'NONE', *, *, #1748, .F. ) ;
#1668 = EDGE_CURVE ( 'NONE', #3192, #2675, #3016, .T. ) ;
#1669 = CARTESIAN_POINT ( 'NONE',  ( 2.298699999996559828, -1.587500000000000355, 0.3770624206668726774 ) ) ;
#1670 = DIRECTION ( 'NONE',  ( 1.000000000000000000, 0.000000000000000000, -8.537024980200817874E-16 ) ) ;
#1671 = ORIENTED_EDGE ( 'NONE', *, *, #984, .F. ) ;
#1672 = CARTESIAN_POINT ( 'NONE',  ( 0.8176768423956581877, 1.264032224883345989, 1.247125062642035598 ) ) ;
#1673 = CARTESIAN_POINT ( 'NONE',  ( -2.335151200717090703, 2.095500000000000362, 0.2218970802494424910 ) ) ;
#1674 =( NAMED_UNIT ( * ) SI_UNIT ( $, .STERADIAN. ) SOLID_ANGLE_UNIT ( ) );
#1675 = ADVANCED_FACE ( 'NONE', ( #367 ), #3478, .F. ) ;
#1676 = LINE ( 'NONE', #1590, #617 ) ;
#1677 = LINE ( 'NONE', #834, #1562 ) ;
#1678 = ORIENTED_EDGE ( 'NONE', *, *, #2744, .T. ) ;
#1679 = FACE_OUTER_BOUND ( 'NONE', #2011, .T. ) ;
#1680 = ADVANCED_FACE ( 'NONE', ( #2665 ), #93, .T. ) ;
#1681 = ORIENTED_EDGE ( 'NONE', *, *, #4, .F. ) ;
#1682 = CARTESIAN_POINT ( 'NONE',  ( 1.067330608908788836, 1.866749733896871266, 0.9166980889464491078 ) ) ;
#1683 = CARTESIAN_POINT ( 'NONE',  ( -2.477008688934016600, -2.095500000000000362, 0.3473161722474025770 ) ) ;
#1684 = VERTEX_POINT ( 'NONE', #1199 ) ;
#1685 = DIRECTION ( 'NONE',  ( 8.537024980200817874E-16, -0.000000000000000000, 1.000000000000000000 ) ) ;
#1686 = CARTESIAN_POINT ( 'NONE',  ( 1.152274056140050851, 1.871821356237306944, 0.8636000000000001453 ) ) ;
#1687 = DIRECTION ( 'NONE',  ( -1.000000000000000000, 0.000000000000000000, 0.000000000000000000 ) ) ;
#1688 = ORIENTED_EDGE ( 'NONE', *, *, #3540, .F. ) ;
#1689 = VECTOR ( 'NONE', #2414, 1000.000000000000000 ) ;
#1690 = SURFACE_STYLE_USAGE ( .BOTH. , #1708 ) ;
#1691 = ORIENTED_EDGE ( 'NONE', *, *, #2435, .T. ) ;
#1692 = DIRECTION ( 'NONE',  ( -1.000000000000000000, 0.000000000000000000, -0.000000000000000000 ) ) ;
#1693 = CARTESIAN_POINT ( 'NONE',  ( -2.741999999999999549, 2.095500000000000362, 0.000000000000000000 ) ) ;
#1694 = DIRECTION ( 'NONE',  ( 0.000000000000000000, 1.000000000000000000, 0.000000000000000000 ) ) ;
#1695 = FILL_AREA_STYLE ('',( #535 ) ) ;
#1696 = AXIS2_PLACEMENT_3D ( 'NONE', #2464, #1543, #2175 ) ;
#1697 = CARTESIAN_POINT ( 'NONE',  ( 2.500191311065981914, -2.095500000000000362, 0.03368382775259703282 ) ) ;
#1698 = ORIENTED_EDGE ( 'NONE', *, *, #1462, .F. ) ;
#1699 = CARTESIAN_POINT ( 'NONE',  ( 2.307735087980207656, 1.587500000000000133, 0.3810000000000000608 ) ) ;
#1700 = CARTESIAN_POINT ( 'NONE',  ( -2.235200000000000298, -2.095500000000000362, 0.3810000000000000608 ) ) ;
#1701 = EDGE_LOOP ( 'NONE', ( #3738, #322, #3217, #3562, #331 ) ) ;
#1702 = DIRECTION ( 'NONE',  ( 0.000000000000000000, 0.000000000000000000, -1.000000000000000000 ) ) ;
#1703 = EDGE_CURVE ( 'NONE', #653, #3541, #3104, .T. ) ;
#1704 = DIRECTION ( 'NONE',  ( 0.7071067811865504593, 0.000000000000000000, -0.7071067811865444641 ) ) ;
#1705 = ORIENTED_EDGE ( 'NONE', *, *, #2663, .T. ) ;
#1706 = ORIENTED_EDGE ( 'NONE', *, *, #3316, .F. ) ;
#1707 = LINE ( 'NONE', #3222, #3656 ) ;
#1708 = SURFACE_SIDE_STYLE ('',( #2895 ) ) ;
#1709 = ORIENTED_EDGE ( 'NONE', *, *, #3291, .F. ) ;
#1710 = CARTESIAN_POINT ( 'NONE',  ( 2.235200000000000298, 2.095500000000000362, 0.3810000000000002829 ) ) ;
#1711 = CARTESIAN_POINT ( 'NONE',  ( -2.477008688934016600, 2.095500000000000362, 0.3473161722474025770 ) ) ;
#1712 = PRESENTATION_STYLE_ASSIGNMENT (( #551 ) ) ;
#1713 = LINE ( 'NONE', #814, #3543 ) ;
#1714 = VERTEX_POINT ( 'NONE', #3259 ) ;
#1715 = EDGE_CURVE ( 'NONE', #1465, #1076, #3067, .T. ) ;
#1716 = CARTESIAN_POINT ( 'NONE',  ( 2.477008688934016600, 1.587500000000000133, 0.3473161722474025770 ) ) ;
#1717 = CARTESIAN_POINT ( 'NONE',  ( -2.235200000000000298, -2.095500000000000362, 0.2285999999999998034 ) ) ;
#1718 = VERTEX_POINT ( 'NONE', #1645 ) ;
#1719 = DIRECTION ( 'NONE',  ( 1.000000000000000000, 0.000000000000000000, 0.000000000000000000 ) ) ;
#1720 = EDGE_CURVE ( 'NONE', #3090, #3507, #3453, .T. ) ;
#1721 = CARTESIAN_POINT ( 'NONE',  ( -2.741999999999999549, 1.587500000000000133, 0.1523999999999995913 ) ) ;
#1722 = CARTESIAN_POINT ( 'NONE',  ( 1.359796164199844615, 0.8573435648468259451, 1.151361123325536751 ) ) ;
#1723 = VERTEX_POINT ( 'NONE', #3392 ) ;
#1724 = EDGE_CURVE ( 'NONE', #1743, #1447, #387, .T. ) ;
#1725 = ORIENTED_EDGE ( 'NONE', *, *, #477, .F. ) ;
#1726 = EDGE_CURVE ( 'NONE', #1546, #848, #3636, .T. ) ;
#1727 =( NAMED_UNIT ( * ) SI_UNIT ( $, .STERADIAN. ) SOLID_ANGLE_UNIT ( ) );
#1728 = DIRECTION ( 'NONE',  ( -0.7071067811865475727, 0.7071067811865475727, 0.000000000000000000 ) ) ;
#1729 = ORIENTED_EDGE ( 'NONE', *, *, #2200, .T. ) ;
#1730 = CARTESIAN_POINT ( 'NONE',  ( -1.790699999999999958, -2.095500000000000362, 0.3810000000000001164 ) ) ;
#1731 = ADVANCED_FACE ( 'NONE', ( #2798 ), #2465, .F. ) ;
#1732 = CARTESIAN_POINT ( 'NONE',  ( -2.642048799282909144, 2.095500000000000362, 0.1591029197505574033 ) ) ;
#1733 = CARTESIAN_POINT ( 'NONE',  ( 0.9120864945467263007, 1.633378643762690485, 1.160621356237309332 ) ) ;
#1734 = CARTESIAN_POINT ( 'NONE',  ( -2.298700007898529130, -1.587499999999999911, 0.2245073061906101841 ) ) ;
#1735 = ORIENTED_EDGE ( 'NONE', *, *, #2203, .T. ) ;
#1736 = PRODUCT ( '5.2X5.2_Tactile_Button', '5.2X5.2_Tactile_Button', '', ( #2239 ) ) ;
#1737 = FILL_AREA_STYLE ('',( #2038 ) ) ;
#1738 = CARTESIAN_POINT ( 'NONE',  ( -2.741999999999999549, -2.095500000000000362, 0.1523999999999998134 ) ) ;
#1739 = EDGE_LOOP ( 'NONE', ( #2077, #2827, #509, #632 ) ) ;
#1740 = CARTESIAN_POINT ( 'NONE',  ( 1.957404187702224796, -1.183848512200514680, 0.8635999999999999233 ) ) ;
#1741 = DIRECTION ( 'NONE',  ( 2.168404344971007685E-15, 0.000000000000000000, 1.000000000000000000 ) ) ;
#1742 = CARTESIAN_POINT ( 'NONE',  ( 2.339999999999999858, 0.000000000000000000, 0.6636000000000000787 ) ) ;
#1743 = VERTEX_POINT ( 'NONE', #426 ) ;
#1744 = ORIENTED_EDGE ( 'NONE', *, *, #1016, .F. ) ;
#1745 = CARTESIAN_POINT ( 'NONE',  ( 0.000000000000000000, 2.095500000000000362, 0.2285999999999998034 ) ) ;
#1746 = CARTESIAN_POINT ( 'NONE',  ( 1.010852699902741403, -1.871821356237307610, 0.9221786437626907640 ) ) ;
#1747 = ADVANCED_FACE ( 'NONE', ( #763 ), #2156, .T. ) ;
#1748 = EDGE_CURVE ( 'NONE', #3098, #1012, #1566, .T. ) ;
#1749 = DIRECTION ( 'NONE',  ( 0.7071067811865474617, 0.7071067811865474617, -0.000000000000000000 ) ) ;
#1750 = AXIS2_PLACEMENT_3D ( 'NONE', #1988, #1950, #2824 ) ;
#1751 =( GEOMETRIC_REPRESENTATION_CONTEXT ( 3 ) GLOBAL_UNCERTAINTY_ASSIGNED_CONTEXT ( ( #3777 ) ) GLOBAL_UNIT_ASSIGNED_CONTEXT ( ( #2085, #616, #2932 ) ) REPRESENTATION_CONTEXT ( 'NONE', 'WORKASPACE' ) );
#1752 = DIRECTION ( 'NONE',  ( 0.3826834323650901704, 0.9238795325112866275, 0.000000000000000000 ) ) ;
#1753 = VECTOR ( 'NONE', #1359, 1000.000000000000000 ) ;
#1754 = CARTESIAN_POINT ( 'NONE',  ( -2.013242712474617502, -1.010852699902740959, 0.8636000000000000343 ) ) ;
#1755 = EDGE_LOOP ( 'NONE', ( #3793, #2425, #196, #2822 ) ) ;
#1756 = DIRECTION ( 'NONE',  ( 0.2810846377148210617, -0.6785983445458453334, 0.6785983445458485530 ) ) ;
#1757 = CARTESIAN_POINT ( 'NONE',  ( 0.9573435648468262560, -1.459796164199844926, 1.292782479562845976 ) ) ;
#1758 = ORIENTED_EDGE ( 'NONE', *, *, #2591, .F. ) ;
#1759 = CYLINDRICAL_SURFACE ( 'NONE', #2312, 0.1999999999999999833 ) ;
#1760 = EDGE_CURVE ( 'NONE', #874, #3134, #2773, .T. ) ;
#1761 = DIRECTION ( 'NONE',  ( -0.6785983445458453334, -0.2810846377148202846, -0.6785983445458486640 ) ) ;
#1762 = ORIENTED_EDGE ( 'NONE', *, *, #279, .T. ) ;
#1763 = CARTESIAN_POINT ( 'NONE',  ( -2.477008688934016600, 2.095500000000000362, 0.3473161722474025770 ) ) ;
#1764 = EDGE_CURVE ( 'NONE', #1718, #1723, #691, .T. ) ;
#1765 = CARTESIAN_POINT ( 'NONE',  ( -1.346199999999999841, 2.540000000000000036, 0.6636000000000000787 ) ) ;
#1766 = VERTEX_POINT ( 'NONE', #1048 ) ;
#1767 = EDGE_CURVE ( 'NONE', #1917, #947, #1251, .T. ) ;
#1768 = CARTESIAN_POINT ( 'NONE',  ( 2.013242712474617502, -1.010852699902741181, 0.8636000000000000343 ) ) ;
#1769 = CARTESIAN_POINT ( 'NONE',  ( -1.871821356237307832, -1.010852699902740959, 0.9221786437626908750 ) ) ;
#1771 = ORIENTED_EDGE ( 'NONE', *, *, #1042, .T. ) ;
#1770 = VECTOR ( 'NONE', #3051, 1000.000000000000000 ) ;
#1772 = EDGE_CURVE ( 'NONE', #1447, #3188, #2521, .T. ) ;
#1773 = SURFACE_STYLE_FILL_AREA ( #1737 ) ;
#1774 = AXIS2_PLACEMENT_3D ( 'NONE', #143, #2259, #2593 ) ;
#1775 = CARTESIAN_POINT ( 'NONE',  ( -1.346199999999999841, 2.540000000000000036, 0.6636000000000000787 ) ) ;
#1776 = ORIENTED_EDGE ( 'NONE', *, *, #1715, .F. ) ;
#1777 = LINE ( 'NONE', #2944, #3676 ) ;
#1778 =( BOUNDED_CURVE ( )  B_SPLINE_CURVE ( 3, ( #1368, #841, #1083, #2868 ),
 .UNSPECIFIED., .F., .F. ) 
 B_SPLINE_CURVE_WITH_KNOTS ( ( 4, 4 ),
 ( 6.009171103369428835, 6.283185307179586232 ),
 .UNSPECIFIED. ) 
 CURVE ( )  GEOMETRIC_REPRESENTATION_ITEM ( )  RATIONAL_B_SPLINE_CURVE ( ( 1.000000000000000000, 0.9937527993431576334, 0.9937527993431576334, 1.000000000000000000 ) ) 
 REPRESENTATION_ITEM ( '' )  );
#1779 = LINE ( 'NONE', #2401, #926 ) ;
#1780 = AXIS2_PLACEMENT_3D ( 'NONE', #1616, #2785, #3118 ) ;
#1781 = ORIENTED_EDGE ( 'NONE', *, *, #2918, .T. ) ;
#1782 = EDGE_LOOP ( 'NONE', ( #2065, #2702, #1100, #359 ) ) ;
#1783 = DIRECTION ( 'NONE',  ( -0.7071067811865479058, 0.7071067811865472397, 3.833233541708432634E-16 ) ) ;
#1784 = EDGE_CURVE ( 'NONE', #2275, #3496, #446, .T. ) ;
#1785 = ORIENTED_EDGE ( 'NONE', *, *, #2793, .F. ) ;
#1786 = VECTOR ( 'NONE', #817, 1000.000000000000000 ) ;
#1787 = FACE_OUTER_BOUND ( 'NONE', #723, .T. ) ;
#1788 = CARTESIAN_POINT ( 'NONE',  ( -1.915122654850666128, -1.117427842509935765, 0.8636000000000001453 ) ) ;
#1789 = EDGE_CURVE ( 'NONE', #1978, #3714, #2142, .T. ) ;
#1790 = CARTESIAN_POINT ( 'NONE',  ( 1.346199999999999841, -2.540000000000000036, 0.8636000000000000343 ) ) ;
#1791 = CARTESIAN_POINT ( 'NONE',  ( -1.871821356237307832, 0.000000000000000000, 0.9221786437626907640 ) ) ;
#1792 = DIRECTION ( 'NONE',  ( 0.000000000000000000, 0.000000000000000000, 1.000000000000000000 ) ) ;
#1793 = ORIENTED_EDGE ( 'NONE', *, *, #3443, .T. ) ;
#1794 = CARTESIAN_POINT ( 'NONE',  ( 1.930399999999998339, 1.210852699902741803, 0.8636000000000000343 ) ) ;
#1795 = DIRECTION ( 'NONE',  ( -0.000000000000000000, -1.000000000000000000, -0.000000000000000000 ) ) ;
#1796 = FILL_AREA_STYLE ('',( #631 ) ) ;
#1797 = EDGE_LOOP ( 'NONE', ( #1292, #1363, #23 ) ) ;
#1798 = LINE ( 'NONE', #935, #1093 ) ;
#1799 = DIRECTION ( 'NONE',  ( 0.7071067811865474617, 0.7071067811865474617, 0.000000000000000000 ) ) ;
#1800 = EDGE_LOOP ( 'NONE', ( #2158, #2685, #170, #1627 ) ) ;
#1801 = CARTESIAN_POINT ( 'NONE',  ( 1.210852699902741803, -1.930399999999998562, 1.063600000000000101 ) ) ;
#1802 = PRESENTATION_LAYER_ASSIGNMENT (  '', '', ( #2787 ) ) ;
#1803 = PRESENTATION_LAYER_ASSIGNMENT (  '', '', ( #2971 ) ) ;
#1804 = DIRECTION ( 'NONE',  ( -1.000000000000000000, 0.000000000000000000, 0.000000000000000000 ) ) ;
#1805 = DIRECTION ( 'NONE',  ( 1.000000000000000000, 0.000000000000000000, -0.000000000000000000 ) ) ;
#1806 = CARTESIAN_POINT ( 'NONE',  ( -1.086843110995381778, -1.864721094038063187, 0.9148873085605293554 ) ) ;
#1807 = ORIENTED_EDGE ( 'NONE', *, *, #3063, .F. ) ;
#1808 = ORIENTED_EDGE ( 'NONE', *, *, #3799, .T. ) ;
#1809 = LINE ( 'NONE', #2094, #2075 ) ;
#1810 = CARTESIAN_POINT ( 'NONE',  ( 3.250000000000000000, -1.587500000000000133, 0.1524000000000000077 ) ) ;
#1811 = CIRCLE ( 'NONE', #2303, 0.9491999999999999327 ) ;
#1812 = ORIENTED_EDGE ( 'NONE', *, *, #3437, .F. ) ;
#1813 = ORIENTED_EDGE ( 'NONE', *, *, #762, .F. ) ;
#1814 = DIRECTION ( 'NONE',  ( 0.000000000000000000, 1.000000000000000000, 0.000000000000000000 ) ) ;
#1815 = EDGE_CURVE ( 'NONE', #2173, #1043, #1655, .T. ) ;
#1816 = ORIENTED_EDGE ( 'NONE', *, *, #192, .F. ) ;
#1817 = AXIS2_PLACEMENT_3D ( 'NONE', #842, #595, #1702 ) ;
#1818 = LINE ( 'NONE', #1218, #3471 ) ;
#1819 = DIRECTION ( 'NONE',  ( 0.7071067811865475727, -0.7071067811865475727, 0.000000000000000000 ) ) ;
#1820 = DIRECTION ( 'NONE',  ( -1.000000000000000000, -0.000000000000000000, -0.000000000000000000 ) ) ;
#1821 = DIRECTION ( 'NONE',  ( -0.2810846377148198960, 0.6785983445458454444, 0.6785983445458487751 ) ) ;
#1822 = CARTESIAN_POINT ( 'NONE',  ( -2.540000000000000036, 1.346200000000000063, 0.2285999999999998034 ) ) ;
#1823 = CARTESIAN_POINT ( 'NONE',  ( 1.871821356237307832, -1.010852699902741181, 0.9221786437626907640 ) ) ;
#1824 = ORIENTED_EDGE ( 'NONE', *, *, #3703, .F. ) ;
#1825 = ADVANCED_FACE ( 'NONE', ( #2736 ), #150, .T. ) ;
#1826 = FACE_OUTER_BOUND ( 'NONE', #305, .T. ) ;
#1827 = SURFACE_STYLE_FILL_AREA ( #3570 ) ;
#1828 = CARTESIAN_POINT ( 'NONE',  ( -2.256387004048788558, 1.629812995951031906, 0.3810000000000000608 ) ) ;
#1829 = VERTEX_POINT ( 'NONE', #1027 ) ;
#1830 = EDGE_CURVE ( 'NONE', #2461, #164, #2043, .T. ) ;
#1831 = VERTEX_POINT ( 'NONE', #2195 ) ;
#1832 = CARTESIAN_POINT ( 'NONE',  ( 2.500191311065981914, 1.587500000000000133, 0.03368382775259703282 ) ) ;
#1833 = CARTESIAN_POINT ( 'NONE',  ( 0.000000000000000000, 0.000000000000000000, 1.473200000000000287 ) ) ;
#1834 = EDGE_CURVE ( 'NONE', #1946, #3725, #1371, .T. ) ;
#1835 = VERTEX_POINT ( 'NONE', #2628 ) ;
#1836 = LINE ( 'NONE', #1569, #1770 ) ;
#1837 = CARTESIAN_POINT ( 'NONE',  ( -1.000000000000000000, 0.000000000000000000, 1.219200000000000061 ) ) ;
#1838 = MECHANICAL_DESIGN_GEOMETRIC_PRESENTATION_REPRESENTATION (  '', ( #1422 ), #2332 ) ;
#1839 = FACE_OUTER_BOUND ( 'NONE', #3351, .T. ) ;
#1840 = DIRECTION ( 'NONE',  ( -0.000000000000000000, -0.000000000000000000, -1.000000000000000000 ) ) ;
#1841 = EDGE_LOOP ( 'NONE', ( #3119, #495, #1024, #2851 ) ) ;
#1842 = ORIENTED_EDGE ( 'NONE', *, *, #2723, .F. ) ;
#1843 = DIRECTION ( 'NONE',  ( 0.000000000000000000, 1.000000000000000000, 0.000000000000000000 ) ) ;
#1844 = SURFACE_STYLE_FILL_AREA ( #685 ) ;
#1845 = CARTESIAN_POINT ( 'NONE',  ( -2.540000000000000924, -0.7619999999999992335, 0.000000000000000000 ) ) ;
#1846 = EDGE_LOOP ( 'NONE', ( #6, #2991, #612, #2359 ) ) ;
#1847 = FACE_OUTER_BOUND ( 'NONE', #1314, .T. ) ;
#1848 = CARTESIAN_POINT ( 'NONE',  ( -1.010852699902741181, 2.013242712474617502, 1.063600000000000101 ) ) ;
#1849 = CARTESIAN_POINT ( 'NONE',  ( 1.050400519181990511, 1.873762406673904035, 0.9166980889464491078 ) ) ;
#1850 = ORIENTED_EDGE ( 'NONE', *, *, #575, .T. ) ;
#1851 = ADVANCED_FACE ( 'NONE', ( #801 ), #3149, .T. ) ;
#1852 = CARTESIAN_POINT ( 'NONE',  ( 1.790699999999999958, 2.095500000000000362, 0.8636000000000000343 ) ) ;
#1853 = VECTOR ( 'NONE', #3258, 1000.000000000000000 ) ;
#1854 = DIRECTION ( 'NONE',  ( 0.000000000000000000, 1.000000000000000000, 0.000000000000000000 ) ) ;
#1855 = CYLINDRICAL_SURFACE ( 'NONE', #3599, 0.1999999999999999556 ) ;
#1856 = ORIENTED_EDGE ( 'NONE', *, *, #131, .F. ) ;
#1857 = VERTEX_POINT ( 'NONE', #2889 ) ;
#1858 = AXIS2_PLACEMENT_3D ( 'NONE', #202, #3378, #2860 ) ;
#1859 = CARTESIAN_POINT ( 'NONE',  ( 1.957404187702225018, 1.183848512200514680, 0.8635999999999999233 ) ) ;
#1860 = AXIS2_PLACEMENT_3D ( 'NONE', #2236, #2777, #2161 ) ;
#1861 = CARTESIAN_POINT ( 'NONE',  ( 2.642048799282909144, -2.095500000000000362, 0.1591029197505574033 ) ) ;
#1862 =( NAMED_UNIT ( * ) SI_UNIT ( $, .STERADIAN. ) SOLID_ANGLE_UNIT ( ) );
#1863 = VECTOR ( 'NONE', #1382, 1000.000000000000000 ) ;
#1864 = ORIENTED_EDGE ( 'NONE', *, *, #3563, .T. ) ;
#1865 = PLANE ( 'NONE',  #1526 ) ;
#1866 = CARTESIAN_POINT ( 'NONE',  ( 0.000000000000000000, 0.000000000000000000, 1.524000000000000243 ) ) ;
#1867 = DIRECTION ( 'NONE',  ( 0.7071067811865474617, -0.7071067811865474617, -0.000000000000000000 ) ) ;
#1868 = ORIENTED_EDGE ( 'NONE', *, *, #1559, .T. ) ;
#1869 = EDGE_CURVE ( 'NONE', #1829, #2650, #3206, .T. ) ;
#1870 = CARTESIAN_POINT ( 'NONE',  ( -2.013242712474617502, 0.000000000000000000, 1.063600000000000101 ) ) ;
#1871 = LINE ( 'NONE', #2127, #1209 ) ;
#1872 = PLANE ( 'NONE',  #459 ) ;
#1873 = ADVANCED_FACE ( 'NONE', ( #3187 ), #545, .T. ) ;
#1874 =( LENGTH_UNIT ( ) NAMED_UNIT ( * ) SI_UNIT ( .MILLI., .METRE. ) );
#1875 = VERTEX_POINT ( 'NONE', #3737 ) ;
#1876 = EDGE_CURVE ( 'NONE', #1546, #1039, #2251, .T. ) ;
#1877 = ORIENTED_EDGE ( 'NONE', *, *, #1192, .T. ) ;
#1878 = DIRECTION ( 'NONE',  ( 0.5000000000000011102, -0.5000000000000011102, 0.7071067811865459074 ) ) ;
#1879 = CARTESIAN_POINT ( 'NONE',  ( 0.9120864945467263007, -1.491957287525380593, 1.019200000000000106 ) ) ;
#1880 = ORIENTED_EDGE ( 'NONE', *, *, #3415, .F. ) ;
#1881 = AXIS2_PLACEMENT_3D ( 'NONE', #768, #221, #2217 ) ;
#1882 = EDGE_CURVE ( 'NONE', #2018, #2679, #2027, .T. ) ;
#1883 = DIRECTION ( 'NONE',  ( 4.336808689942015369E-15, 0.000000000000000000, 1.000000000000000000 ) ) ;
#1884 = FACE_OUTER_BOUND ( 'NONE', #900, .T. ) ;
#1885 = CARTESIAN_POINT ( 'NONE',  ( 3.250000000000000000, 1.587500000000000133, 0.000000000000000000 ) ) ;
#1886 = ORIENTED_EDGE ( 'NONE', *, *, #1494, .T. ) ;
#1887 = CARTESIAN_POINT ( 'NONE',  ( 1.117427842509860936, -1.915122654850608619, 0.8636000000000287891 ) ) ;
#1888 = AXIS2_PLACEMENT_3D ( 'NONE', #1052, #3138, #3700 ) ;
#1889 =( BOUNDED_CURVE ( )  B_SPLINE_CURVE ( 3, ( #2407, #3600, #1549, #1650 ),
 .UNSPECIFIED., .F., .F. ) 
 B_SPLINE_CURVE_WITH_KNOTS ( ( 4, 4 ),
 ( 6.009171103369429723, 6.283185307179586232 ),
 .UNSPECIFIED. ) 
 CURVE ( )  GEOMETRIC_REPRESENTATION_ITEM ( )  RATIONAL_B_SPLINE_CURVE ( ( 1.000000000000000000, 0.9937527993431576334, 0.9937527993431576334, 1.000000000000000000 ) ) 
 REPRESENTATION_ITEM ( '' )  );
#1890 = CARTESIAN_POINT ( 'NONE',  ( -3.250000000000000000, 2.095500000000000362, 0.1524000000000000077 ) ) ;
#1891 = DIRECTION ( 'NONE',  ( 0.000000000000000000, -1.000000000000000000, 0.000000000000000000 ) ) ;
#1892 = PRESENTATION_STYLE_ASSIGNMENT (( #2183 ) ) ;
#1893 =( NAMED_UNIT ( * ) SI_UNIT ( $, .STERADIAN. ) SOLID_ANGLE_UNIT ( ) );
#1894 = DIRECTION ( 'NONE',  ( -1.000000000000000000, 0.000000000000000000, -0.000000000000000000 ) ) ;
#1895 = VERTEX_POINT ( 'NONE', #1432 ) ;
#1896 = ORIENTED_EDGE ( 'NONE', *, *, #2974, .F. ) ;
#1897 = CARTESIAN_POINT ( 'NONE',  ( -2.335151200717090703, 2.095500000000000362, 0.2218970802494424910 ) ) ;
#1898 = AXIS2_PLACEMENT_3D ( 'NONE', #3253, #1795, #1503 ) ;
#1899 = ADVANCED_FACE ( 'NONE', ( #2604 ), #2871, .T. ) ;
#1900 = FACE_OUTER_BOUND ( 'NONE', #1248, .T. ) ;
#1901 = LINE ( 'NONE', #1619, #1439 ) ;
#1902 = ORIENTED_EDGE ( 'NONE', *, *, #9, .F. ) ;
#1903 = CARTESIAN_POINT ( 'NONE',  ( 2.669464912019792191, -1.587499999999999911, -2.032879073410320814E-16 ) ) ;
#1904 = CYLINDRICAL_SURFACE ( 'NONE', #351, 0.1999999999999999833 ) ;
#1905 = CARTESIAN_POINT ( 'NONE',  ( -3.250000000000000000, -1.587500000000000133, 0.000000000000000000 ) ) ;
#1906 = AXIS2_PLACEMENT_3D ( 'NONE', #195, #2177, #3712 ) ;
#1907 = ORIENTED_EDGE ( 'NONE', *, *, #2415, .F. ) ;
#1908 = CARTESIAN_POINT ( 'NONE',  ( 2.264903340500909135, 2.095500000000000362, 0.2286000000000000254 ) ) ;
#1909 = CARTESIAN_POINT ( 'NONE',  ( -1.260600534798743899, 1.260600534798744565, 1.219200000000000061 ) ) ;
#1910 = CARTESIAN_POINT ( 'NONE',  ( -1.470626349951369649, -1.470626349951369649, 0.9221786437626908750 ) ) ;
#1911 = CARTESIAN_POINT ( 'NONE',  ( -1.801678643762690379, -1.801678643762690157, 0.8636000000000000343 ) ) ;
#1912 = DIRECTION ( 'NONE',  ( 0.000000000000000000, -0.7071067811865496822, 0.7071067811865453523 ) ) ;
#1913 = CARTESIAN_POINT ( 'NONE',  ( -2.540000000000000036, 1.346200000000000063, 0.8636000000000000343 ) ) ;
#1914 = DIRECTION ( 'NONE',  ( 0.000000000000000000, 1.000000000000000000, 0.000000000000000000 ) ) ;
#1915 = ORIENTED_EDGE ( 'NONE', *, *, #321, .T. ) ;
#1916 = PLANE ( 'NONE',  #123 ) ;
#1917 = VERTEX_POINT ( 'NONE', #561 ) ;
#1918 = EDGE_CURVE ( 'NONE', #51, #2008, #822, .T. ) ;
#1919 = DIRECTION ( 'NONE',  ( 1.000000000000000000, -0.000000000000000000, -0.000000000000000000 ) ) ;
#1920 = ORIENTED_EDGE ( 'NONE', *, *, #1239, .F. ) ;
#1921 = CARTESIAN_POINT ( 'NONE',  ( 2.264903340500909135, -2.095500000000000362, 0.2286000000000000254 ) ) ;
#1922 = PLANE ( 'NONE',  #3668 ) ;
#1923 = VECTOR ( 'NONE', #2510, 1000.000000000000000 ) ;
#1924 = CARTESIAN_POINT ( 'NONE',  ( 0.9120864945467263007, -1.491957287525380593, 1.019200000000000106 ) ) ;
#1925 = EDGE_CURVE ( 'NONE', #1714, #3192, #3212, .T. ) ;
#1926 = ORIENTED_EDGE ( 'NONE', *, *, #3490, .F. ) ;
#1927 = PRESENTATION_STYLE_ASSIGNMENT (( #3395 ) ) ;
#1928 = DIRECTION ( 'NONE',  ( 0.000000000000000000, -1.000000000000000000, 0.000000000000000000 ) ) ;
#1929 = CARTESIAN_POINT ( 'NONE',  ( 2.712296659499090712, 2.095500000000000362, 0.1523999999999998134 ) ) ;
#1930 = ADVANCED_FACE ( 'NONE', ( #251 ), #879, .T. ) ;
#1931 = FACE_BOUND ( 'NONE', #1620, .T. ) ;
#1932 = CYLINDRICAL_SURFACE ( 'NONE', #594, 0.1999999999999999556 ) ;
#1933 = EDGE_LOOP ( 'NONE', ( #688, #2091, #634, #3767, #2986, #1542, #654, #2287 ) ) ;
#1934 = CARTESIAN_POINT ( 'NONE',  ( -2.500191311065981914, -1.587500000000000133, 0.03368382775259703282 ) ) ;
#1935 = ORIENTED_EDGE ( 'NONE', *, *, #1236, .T. ) ;
#1936 = CARTESIAN_POINT ( 'NONE',  ( 1.067330608908788170, 1.866749733896871488, 0.9166980889464492188 ) ) ;
#1937 = CARTESIAN_POINT ( 'NONE',  ( 0.000000000000000000, 0.000000000000000000, 0.05080000000000000487 ) ) ;
#1938 = ADVANCED_FACE ( 'NONE', ( #1961, #650 ), #3556, .F. ) ;
#1939 = VERTEX_POINT ( 'NONE', #3272 ) ;
#1940 = CARTESIAN_POINT ( 'NONE',  ( -2.235200000000000298, -1.650999999999999801, 0.3810000000000002829 ) ) ;
#1941 = AXIS2_PLACEMENT_3D ( 'NONE', #927, #3266, #3113 ) ;
#1942 = EDGE_CURVE ( 'NONE', #3458, #1335, #1779, .T. ) ;
#1943 = UNCERTAINTY_MEASURE_WITH_UNIT (LENGTH_MEASURE( 1.000000000000000082E-05 ), #1000, 'distance_accuracy_value', 'NONE');
#1944 = ORIENTED_EDGE ( 'NONE', *, *, #117, .T. ) ;
#1945 = CARTESIAN_POINT ( 'NONE',  ( 2.335151200717090703, 2.095500000000000362, 0.2218970802494424910 ) ) ;
#1946 = VERTEX_POINT ( 'NONE', #1179 ) ;
#1947 = VECTOR ( 'NONE', #1420, 1000.000000000000114 ) ;
#1948 = LINE ( 'NONE', #1586, #1580 ) ;
#1949 = EDGE_CURVE ( 'NONE', #1253, #1372, #2427, .T. ) ;
#1950 = DIRECTION ( 'NONE',  ( 0.000000000000000000, 0.000000000000000000, -1.000000000000000000 ) ) ;
#1951 = AXIS2_PLACEMENT_3D ( 'NONE', #576, #2817, #1349 ) ;
#1952 = CARTESIAN_POINT ( 'NONE',  ( 1.930399999999998339, 1.210852699902741803, 0.8636000000000000343 ) ) ;
#1953 = VERTEX_POINT ( 'NONE', #668 ) ;
#1954 = PLANE ( 'NONE',  #619 ) ;
#1955 = ORIENTED_EDGE ( 'NONE', *, *, #920, .T. ) ;
#1956 = DIRECTION ( 'NONE',  ( -1.000000000000000000, 0.000000000000000000, 0.000000000000000000 ) ) ;
#1957 = CARTESIAN_POINT ( 'NONE',  ( -2.386007996261652941, -2.095500000000000362, 0.1977735387928848676 ) ) ;
#1958 = ORIENTED_EDGE ( 'NONE', *, *, #3026, .T. ) ;
#1959 = LINE ( 'NONE', #3473, #3547 ) ;
#1960 = CARTESIAN_POINT ( 'NONE',  ( 1.084215513172627210, 1.859755777428561352, 0.9166980890513140023 ) ) ;
#1961 = FACE_OUTER_BOUND ( 'NONE', #2966, .T. ) ;
#1962 = ORIENTED_EDGE ( 'NONE', *, *, #3620, .F. ) ;
#1963 = FACE_OUTER_BOUND ( 'NONE', #823, .T. ) ;
#1964 = CARTESIAN_POINT ( 'NONE',  ( -1.182766006347821383E-16, 1.587500000000000133, 0.3809999999999995612 ) ) ;
#1965 = ORIENTED_EDGE ( 'NONE', *, *, #1436, .F. ) ;
#1966 = DIRECTION ( 'NONE',  ( 1.000000000000000000, 0.000000000000000000, 8.537024980200817874E-16 ) ) ;
#1967 = CARTESIAN_POINT ( 'NONE',  ( -2.669464912019792191, 2.095500000000000362, -2.032879073410320814E-16 ) ) ;
#1968 = B_SPLINE_CURVE_WITH_KNOTS ( 'NONE', 3,
 ( #1710, #769, #1357, #2840, #1632, #181, #1929, #2489 ),
 .UNSPECIFIED., .F., .F.,
 ( 4, 1, 1, 1, 1, 4 ),
 ( 0.000000000000000000, 0.2500000000000000000, 0.5000000000000000000, 0.7500000000000000000, 0.8750000000000000000, 1.000000000000000000 ),
 .UNSPECIFIED. ) ;
#1969 =( BOUNDED_SURFACE ( )  B_SPLINE_SURFACE ( 3, 2, ( 
 ( #3267, #2374, #1535 ),
 ( #642, #81, #3553 ),
 ( #11, #3607, #1806 ),
 ( #2358, #3531, #3250 ) ),
 .UNSPECIFIED., .F., .F., .F. ) 
 B_SPLINE_SURFACE_WITH_KNOTS ( ( 4, 4 ),
 ( 3, 3 ),
 ( 2.867578449779635719, 3.415606857399949181 ),
 ( 0.000000000000000000, 1.000000000000000000 ),
 .UNSPECIFIED. ) 
 GEOMETRIC_REPRESENTATION_ITEM ( )  RATIONAL_B_SPLINE_SURFACE ( (
 ( 1.000000000000000000, 0.9238795325112862944, 1.000000000000000000),
 ( 1.000000000000000000, 0.9337238135068423039, 1.000000000000000000),
 ( 1.000000000000000000, 0.9337238135068424150, 1.000000000000000000),
 ( 1.000000000000000000, 0.9238795325112864054, 1.000000000000000000) ) ) 
 REPRESENTATION_ITEM ( '' )  SURFACE ( )  );
#1970 = CARTESIAN_POINT ( 'NONE',  ( 1.086636755655155495, -1.865016074013391423, 0.9148246414800684789 ) ) ;
#1971 = FACE_OUTER_BOUND ( 'NONE', #3146, .T. ) ;
#1972 = LINE ( 'NONE', #2576, #2055 ) ;
#1973 = VERTEX_POINT ( 'NONE', #1164 ) ;
#1974 = ADVANCED_FACE ( 'NONE', ( #2696 ), #2346, .T. ) ;
#1975 = MECHANICAL_DESIGN_GEOMETRIC_PRESENTATION_REPRESENTATION (  '', ( #3529 ), #1183 ) ;
#1976 = CARTESIAN_POINT ( 'NONE',  ( 1.031403641501215329, 1.875454283695613178, 0.9185457163043851958 ) ) ;
#1977 = CARTESIAN_POINT ( 'NONE',  ( 2.235200000000000298, -1.650999999999999801, 0.2285999999999998034 ) ) ;
#1978 = VERTEX_POINT ( 'NONE', #1810 ) ;
#1979 = LINE ( 'NONE', #3753, #1577 ) ;
#1980 = CARTESIAN_POINT ( 'NONE',  ( -2.540000000000000036, 1.346200000000000063, 0.000000000000000000 ) ) ;
#1981 = CARTESIAN_POINT ( 'NONE',  ( -1.491957287525380371, 0.9120864945467264118, 1.019200000000000328 ) ) ;
#1982 = CIRCLE ( 'NONE', #340, 0.1999999999999999556 ) ;
#1983 = UNCERTAINTY_MEASURE_WITH_UNIT (LENGTH_MEASURE( 1.000000000000000082E-05 ), #3762, 'distance_accuracy_value', 'NONE');
#1984 = ORIENTED_EDGE ( 'NONE', *, *, #1528, .T. ) ;
#1985 = FACE_OUTER_BOUND ( 'NONE', #2638, .T. ) ;
#1986 = MECHANICAL_DESIGN_GEOMETRIC_PRESENTATION_REPRESENTATION (  '', ( #2971 ), #2228 ) ;
#1987 = FILL_AREA_STYLE_COLOUR ( '', #3034 ) ;
#1988 = CARTESIAN_POINT ( 'NONE',  ( 0.000000000000000000, 0.000000000000000000, 0.000000000000000000 ) ) ;
#1989 = EDGE_CURVE ( 'NONE', #108, #3628, #2330, .T. ) ;
#1990 = CARTESIAN_POINT ( 'NONE',  ( -2.421023718692504101, 1.587499999999999911, 0.1581841716986339685 ) ) ;
#1991 = CARTESIAN_POINT ( 'NONE',  ( -1.491957287525380593, -0.9120864945467260787, 1.019200000000000106 ) ) ;
#1992 = COLOUR_RGB ( '',0.05490196078431372473, 0.05490196078431372473, 0.05490196078431372473 ) ;
#1993 = LINE ( 'NONE', #3178, #652 ) ;
#1994 = ORIENTED_EDGE ( 'NONE', *, *, #348, .T. ) ;
#1995 = EDGE_CURVE ( 'NONE', #3231, #2554, #2983, .T. ) ;
#1996 = CARTESIAN_POINT ( 'NONE',  ( 2.712296659499090712, 1.587500000000000133, 0.1523999999999998134 ) ) ;
#1997 = EDGE_CURVE ( 'NONE', #2858, #1176, #630, .T. ) ;
#1998 = CARTESIAN_POINT ( 'NONE',  ( -2.712296659499090712, -2.095500000000000362, 0.1523999999999998134 ) ) ;
#1999 = ADVANCED_FACE ( 'NONE', ( #66 ), #611, .F. ) ;
#2000 = ORIENTED_EDGE ( 'NONE', *, *, #192, .T. ) ;
#2001 = ORIENTED_EDGE ( 'NONE', *, *, #1358, .T. ) ;
#2002 = DIRECTION ( 'NONE',  ( -0.000000000000000000, -1.000000000000000000, -0.000000000000000000 ) ) ;
#2003 = CARTESIAN_POINT ( 'NONE',  ( 0.000000000000000000, 1.587500000000000133, 0.000000000000000000 ) ) ;
#2004 = VECTOR ( 'NONE', #2888, 1000.000000000000000 ) ;
#2005 = PRODUCT_DEFINITION_SHAPE ( 'NONE', 'NONE',  #2689 ) ;
#2006 = DIRECTION ( 'NONE',  ( 1.000000000000000000, 0.000000000000000000, 0.000000000000000000 ) ) ;
#2007 = VERTEX_POINT ( 'NONE', #597 ) ;
#2008 = VERTEX_POINT ( 'NONE', #31 ) ;
#2009 = DIRECTION ( 'NONE',  ( 0.000000000000000000, 0.000000000000000000, 1.000000000000000000 ) ) ;
#2010 = DIRECTION ( 'NONE',  ( -0.7071067811865475727, -0.7071067811865475727, 0.000000000000000000 ) ) ;
#2011 = EDGE_LOOP ( 'NONE', ( #1135, #1500, #2737, #287 ) ) ;
#2012 = B_SPLINE_CURVE_WITH_KNOTS ( 'NONE', 3,
 ( #297, #165, #1325, #3405, #206, #1457, #1169, #2335 ),
 .UNSPECIFIED., .F., .F.,
 ( 4, 1, 1, 1, 1, 4 ),
 ( 0.08587081253034774264, 0.1250000000000000000, 0.2500000000000000000, 0.5000000000000000000, 0.7500000000000000000, 1.000000000000000000 ),
 .UNSPECIFIED. ) ;
#2013 = FACE_OUTER_BOUND ( 'NONE', #1216, .T. ) ;
#2014 = DIRECTION ( 'NONE',  ( 0.000000000000000000, 0.000000000000000000, 1.000000000000000000 ) ) ;
#2015 = CARTESIAN_POINT ( 'NONE',  ( 1.110852699902741492, -1.830399999999998251, 0.9221786437626906530 ) ) ;
#2016 = CARTESIAN_POINT ( 'NONE',  ( 2.013242712474617502, 1.010852699902741181, 1.063600000000000101 ) ) ;
#2017 = DIRECTION ( 'NONE',  ( 0.7071067811865474617, -0.7071067811865475727, 0.000000000000000000 ) ) ;
#2018 = VERTEX_POINT ( 'NONE', #1229 ) ;
#2019 = AXIS2_PLACEMENT_3D ( 'NONE', #2154, #3371, #2422 ) ;
#2020 = CARTESIAN_POINT ( 'NONE',  ( 1.010852699902740959, 1.871821356237307388, 0.9221786437626908750 ) ) ;
#2021 =( BOUNDED_CURVE ( )  B_SPLINE_CURVE ( 3, ( #2778, #158, #1318, #2488 ),
 .UNSPECIFIED., .F., .F. ) 
 B_SPLINE_CURVE_WITH_KNOTS ( ( 4, 4 ),
 ( 3.141592653589793116, 4.712388980384689674 ),
 .UNSPECIFIED. ) 
 CURVE ( )  GEOMETRIC_REPRESENTATION_ITEM ( )  RATIONAL_B_SPLINE_CURVE ( ( 1.000000000000000000, 0.8047378541243649375, 0.8047378541243649375, 1.000000000000000000 ) ) 
 REPRESENTATION_ITEM ( '' )  );
#2022 = CARTESIAN_POINT ( 'NONE',  ( 2.235200000000000742, 1.650999999999999801, 0.3810000000000002829 ) ) ;
#2023 = VERTEX_POINT ( 'NONE', #2963 ) ;
#2024 = DIRECTION ( 'NONE',  ( 0.7071067811865459074, -0.7071067811865491270, 0.000000000000000000 ) ) ;
#2025 = CARTESIAN_POINT ( 'NONE',  ( 2.540000000000000036, -0.7620000000000010099, 0.000000000000000000 ) ) ;
#2026 = EDGE_CURVE ( 'NONE', #3257, #1281, #1416, .T. ) ;
#2027 = LINE ( 'NONE', #2290, #3261 ) ;
#2028 = ORIENTED_EDGE ( 'NONE', *, *, #1644, .F. ) ;
#2029 = VERTEX_POINT ( 'NONE', #2677 ) ;
#2030 = B_SPLINE_CURVE_WITH_KNOTS ( 'NONE', 3,
 ( #778, #820, #2559, #3432 ),
 .UNSPECIFIED., .F., .F.,
 ( 4, 4 ),
 ( 3.050030631625186832E-12, 8.989578240440667669E-05 ),
 .UNSPECIFIED. ) ;
#2031 =( LENGTH_UNIT ( ) NAMED_UNIT ( * ) SI_UNIT ( .MILLI., .METRE. ) );
#2032 = CARTESIAN_POINT ( 'NONE',  ( -1.119268277646403353, 1.992138358161261058, 0.8636000000000000343 ) ) ;
#2033 = CARTESIAN_POINT ( 'NONE',  ( 2.006123524931709312, 1.085505097807414110, 0.8636000000000000343 ) ) ;
#2034 =( LENGTH_UNIT ( ) NAMED_UNIT ( * ) SI_UNIT ( .MILLI., .METRE. ) );
#2035 = AXIS2_PLACEMENT_3D ( 'NONE', #111, #1352, #3337 ) ;
#2036 = CARTESIAN_POINT ( 'NONE',  ( 1.930399999999998339, -1.210852699902741803, 0.8636000000000000343 ) ) ;
#2037 = ORIENTED_EDGE ( 'NONE', *, *, #2026, .F. ) ;
#2038 = FILL_AREA_STYLE_COLOUR ( '', #2318 ) ;
#2039 = DIRECTION ( 'NONE',  ( 0.000000000000000000, -1.000000000000000000, -0.000000000000000000 ) ) ;
#2040 = EDGE_LOOP ( 'NONE', ( #3690, #3477, #2999, #2959 ) ) ;
#2041 = ADVANCED_FACE ( 'NONE', ( #168 ), #850, .F. ) ;
#2042 = CARTESIAN_POINT ( 'NONE',  ( 0.000000000000000000, 2.095500000000000362, 0.000000000000000000 ) ) ;
#2043 =( BOUNDED_CURVE ( )  B_SPLINE_CURVE ( 3, ( #1271, #2445, #578, #1122 ),
 .UNSPECIFIED., .F., .F. ) 
 B_SPLINE_CURVE_WITH_KNOTS ( ( 4, 4 ),
 ( 0.000000000000000000, 1.570796326794896558 ),
 .UNSPECIFIED. ) 
 CURVE ( )  GEOMETRIC_REPRESENTATION_ITEM ( )  RATIONAL_B_SPLINE_CURVE ( ( 1.000000000000000000, 0.8047378541243649375, 0.8047378541243649375, 1.000000000000000000 ) ) 
 REPRESENTATION_ITEM ( '' )  );
#2044 = DIRECTION ( 'NONE',  ( 1.000000000000000000, 0.000000000000000000, -0.000000000000000000 ) ) ;
#2045 = EDGE_LOOP ( 'NONE', ( #1678, #3329, #1556, #1450 ) ) ;
#2046 = EDGE_CURVE ( 'NONE', #3255, #2829, #2497, .T. ) ;
#2047 = CARTESIAN_POINT ( 'NONE',  ( -2.477008688934016600, 1.587500000000000133, 0.3473161722474025770 ) ) ;
#2048 = STYLED_ITEM ( 'NONE', ( #2334 ), #494 ) ;
#2049 = CARTESIAN_POINT ( 'NONE',  ( -1.210852699902741580, -1.930399999999998339, 1.063600000000000101 ) ) ;
#2050 = EDGE_CURVE ( 'NONE', #2786, #2858, #2492, .T. ) ;
#2051 = FACE_OUTER_BOUND ( 'NONE', #2757, .T. ) ;
#2052 = VECTOR ( 'NONE', #3566, 1000.000000000000000 ) ;
#2053 = CIRCLE ( 'NONE', #2411, 1.000000000000000000 ) ;
#2054 = CARTESIAN_POINT ( 'NONE',  ( 1.992138358161261502, -1.119268277646403575, 1.063600000000000101 ) ) ;
#2055 = VECTOR ( 'NONE', #3766, 1000.000000000000000 ) ;
#2056 = DIRECTION ( 'NONE',  ( -1.000000000000000000, 3.414809992080328037E-16, -0.000000000000000000 ) ) ;
#2057 = ORIENTED_EDGE ( 'NONE', *, *, #3301, .T. ) ;
#2058 = DIRECTION ( 'NONE',  ( -0.6785983445458454444, -0.2810846377148198960, 0.6785983445458487751 ) ) ;
#2059 = CARTESIAN_POINT ( 'NONE',  ( -2.741999999999999549, -2.095500000000000362, 0.000000000000000000 ) ) ;
#2060 = CIRCLE ( 'NONE', #3042, 0.2000000000000001221 ) ;
#2061 = ORIENTED_EDGE ( 'NONE', *, *, #2564, .F. ) ;
#2062 = CARTESIAN_POINT ( 'NONE',  ( -0.8573435648468260561, 1.359796164199844615, 1.151361123325536528 ) ) ;
#2063 = ADVANCED_FACE ( 'NONE', ( #1900 ), #86, .T. ) ;
#2064 = DIRECTION ( 'NONE',  ( -0.7071067811865474617, -0.7071067811865474617, -2.195123001694164546E-16 ) ) ;
#2065 = ORIENTED_EDGE ( 'NONE', *, *, #1547, .T. ) ;
#2066 = CARTESIAN_POINT ( 'NONE',  ( 1.346199999999999841, -2.540000000000000036, 0.6636000000000000787 ) ) ;
#2067 = ADVANCED_FACE ( 'NONE', ( #3103 ), #2419, .F. ) ;
#2068 = CARTESIAN_POINT ( 'NONE',  ( -1.152274056140051295, 1.871821356237306944, 0.8636000000000001453 ) ) ;
#2069 = ORIENTED_EDGE ( 'NONE', *, *, #448, .T. ) ;
#2070 = EDGE_CURVE ( 'NONE', #108, #2375, #2387, .T. ) ;
#2071 = LINE ( 'NONE', #1491, #94 ) ;
#2072 = CARTESIAN_POINT ( 'NONE',  ( -2.591192003738346461, -1.587500000000000133, 0.1832264612071148047 ) ) ;
#2073 = VECTOR ( 'NONE', #3717, 1000.000000000000000 ) ;
#2074 = CARTESIAN_POINT ( 'NONE',  ( -2.669464912019792191, -2.095500000000000362, -2.032879073410320814E-16 ) ) ;
#2075 = VECTOR ( 'NONE', #3001, 1000.000000000000000 ) ;
#2076 = LINE ( 'NONE', #664, #403 ) ;
#2077 = ORIENTED_EDGE ( 'NONE', *, *, #1644, .T. ) ;
#2078 = PRESENTATION_LAYER_ASSIGNMENT (  '', '', ( #2938 ) ) ;
#2079 = CARTESIAN_POINT ( 'NONE',  ( -1.346199999999999841, -2.540000000000000036, 0.8636000000000000343 ) ) ;
#2080 = VECTOR ( 'NONE', #3112, 1000.000000000000114 ) ;
#2081 = DIRECTION ( 'NONE',  ( -1.000000000000000000, 0.000000000000000000, -8.537024980200817874E-16 ) ) ;
#2082 = ORIENTED_EDGE ( 'NONE', *, *, #183, .F. ) ;
#2083 = VERTEX_POINT ( 'NONE', #2190 ) ;
#2084 = DIRECTION ( 'NONE',  ( 0.000000000000000000, 0.000000000000000000, -1.000000000000000000 ) ) ;
#2085 =( LENGTH_UNIT ( ) NAMED_UNIT ( * ) SI_UNIT ( .MILLI., .METRE. ) );
#2086 = ORIENTED_EDGE ( 'NONE', *, *, #1035, .T. ) ;
#2087 = FACE_OUTER_BOUND ( 'NONE', #3228, .T. ) ;
#2088 = DIRECTION ( 'NONE',  ( 0.000000000000000000, 1.000000000000000000, 0.000000000000000000 ) ) ;
#2089 = CARTESIAN_POINT ( 'NONE',  ( -2.264903340500909135, -2.095500000000000362, 0.2286000000000000254 ) ) ;
#2090 = MECHANICAL_DESIGN_GEOMETRIC_PRESENTATION_REPRESENTATION (  '', ( #327 ), #633 ) ;
#2091 = ORIENTED_EDGE ( 'NONE', *, *, #2723, .T. ) ;
#2092 = EDGE_CURVE ( 'NONE', #3672, #581, #744, .T. ) ;
#2093 = ORIENTED_EDGE ( 'NONE', *, *, #560, .F. ) ;
#2094 = CARTESIAN_POINT ( 'NONE',  ( -1.182766006347821383E-16, -2.095500000000000362, 0.3809999999999995612 ) ) ;
#2095 =( BOUNDED_CURVE ( )  B_SPLINE_CURVE ( 3, ( #2299, #1485, #3614, #970 ),
 .UNSPECIFIED., .F., .F. ) 
 B_SPLINE_CURVE_WITH_KNOTS ( ( 4, 4 ),
 ( 0.000000000000000000, 1.570796326794896558 ),
 .UNSPECIFIED. ) 
 CURVE ( )  GEOMETRIC_REPRESENTATION_ITEM ( )  RATIONAL_B_SPLINE_CURVE ( ( 1.000000000000000000, 0.8047378541243649375, 0.8047378541243649375, 1.000000000000000000 ) ) 
 REPRESENTATION_ITEM ( '' )  );
#2096 = LINE ( 'NONE', #3022, #2781 ) ;
#2097 = ORIENTED_EDGE ( 'NONE', *, *, #364, .F. ) ;
#2098 = CARTESIAN_POINT ( 'NONE',  ( -1.830399999999997807, 1.110852699902741936, 0.9221786437626907640 ) ) ;
#2099 = LINE ( 'NONE', #2715, #1633 ) ;
#2100 = FACE_OUTER_BOUND ( 'NONE', #292, .T. ) ;
#2101 = ORIENTED_EDGE ( 'NONE', *, *, #3654, .F. ) ;
#2102 = PLANE ( 'NONE',  #2354 ) ;
#2103 = ADVANCED_FACE ( 'NONE', ( #2731 ), #2313, .T. ) ;
#2104 = CARTESIAN_POINT ( 'NONE',  ( -1.930399999999998117, -1.210852699902741580, 1.063600000000000101 ) ) ;
#2105 = LINE ( 'NONE', #2652, #3089 ) ;
#2106 = AXIS2_PLACEMENT_3D ( 'NONE', #1879, #3429, #1103 ) ;
#2107 = COLOUR_RGB ( '',1.000000000000000000, 0.9647058823529411908, 0.4352941176470588314 ) ;
#2108 = AXIS2_PLACEMENT_3D ( 'NONE', #2016, #3226, #3804 ) ;
#2109 = VECTOR ( 'NONE', #608, 1000.000000000000000 ) ;
#2110 = CARTESIAN_POINT ( 'NONE',  ( -2.013242712474617946, 1.087961483062830581, 0.8636000000000000343 ) ) ;
#2111 = EDGE_CURVE ( 'NONE', #47, #1953, #3729, .T. ) ;
#2112 = DIRECTION ( 'NONE',  ( -0.7071067811865475727, 0.7071067811865475727, 0.000000000000000000 ) ) ;
#2113 = CARTESIAN_POINT ( 'NONE',  ( 2.235200000000000298, -1.650999999999999801, 0.3810000000000002829 ) ) ;
#2114 = ORIENTED_EDGE ( 'NONE', *, *, #2564, .T. ) ;
#2115 = EDGE_LOOP ( 'NONE', ( #1477, #386, #3788, #2348, #2403, #3000, #948, #826, #2965, #1807, #2001, #3571, #419, #1698, #3476, #3644, #2906, #2812, #2606, #217 ) ) ;
#2116 = DIRECTION ( 'NONE',  ( 1.000000000000000000, 0.000000000000000000, 0.000000000000000000 ) ) ;
#2117 = EDGE_CURVE ( 'NONE', #1207, #3257, #3468, .T. ) ;
#2118 = EDGE_CURVE ( 'NONE', #874, #3568, #1425, .T. ) ;
#2119 = CARTESIAN_POINT ( 'NONE',  ( -1.087961483062830137, -2.013242712474617946, 0.8636000000000000343 ) ) ;
#2120 = CARTESIAN_POINT ( 'NONE',  ( -2.741999999999999549, 1.587500000000000133, 0.000000000000000000 ) ) ;
#2121 = ORIENTED_EDGE ( 'NONE', *, *, #1178, .T. ) ;
#2122 = ORIENTED_EDGE ( 'NONE', *, *, #2306, .F. ) ;
#2123 =( BOUNDED_CURVE ( )  B_SPLINE_CURVE ( 3, ( #3193, #2402, #2897, #669 ),
 .UNSPECIFIED., .F., .F. ) 
 B_SPLINE_CURVE_WITH_KNOTS ( ( 4, 4 ),
 ( 0.000000000000000000, 0.2740142038101576749 ),
 .UNSPECIFIED. ) 
 CURVE ( )  GEOMETRIC_REPRESENTATION_ITEM ( )  RATIONAL_B_SPLINE_CURVE ( ( 1.000000000000000000, 0.9937527993431576334, 0.9937527993431576334, 1.000000000000000000 ) ) 
 REPRESENTATION_ITEM ( '' )  );
#2124 = DIRECTION ( 'NONE',  ( 0.000000000000000000, 0.000000000000000000, -1.000000000000000000 ) ) ;
#2125 = DIRECTION ( 'NONE',  ( -0.000000000000000000, -0.000000000000000000, -1.000000000000000000 ) ) ;
#2126 = VERTEX_POINT ( 'NONE', #3791 ) ;
#2127 = CARTESIAN_POINT ( 'NONE',  ( 0.000000000000000000, 1.871821356237307832, 0.9221786437626907640 ) ) ;
#2128 = CARTESIAN_POINT ( 'NONE',  ( -1.010852699902740959, -1.871821356237307832, 0.9221786437626907640 ) ) ;
#2129 = ADVANCED_FACE ( 'NONE', ( #554 ), #59, .F. ) ;
#2130 = CARTESIAN_POINT ( 'NONE',  ( 0.000000000000000000, 2.339999999999999858, 0.8636000000000000343 ) ) ;
#2131 = VECTOR ( 'NONE', #392, 1000.000000000000000 ) ;
#2132 = CARTESIAN_POINT ( 'NONE',  ( 0.000000000000000000, 1.587500000000000133, 0.000000000000000000 ) ) ;
#2133 = ORIENTED_EDGE ( 'NONE', *, *, #1178, .F. ) ;
#2134 = DIRECTION ( 'NONE',  ( -0.7071067811865475727, -0.7071067811865475727, -0.000000000000000000 ) ) ;
#2135 = CARTESIAN_POINT ( 'NONE',  ( 2.556176281307496190, -1.587500000000000133, 0.2228158283013659813 ) ) ;
#2136 = CARTESIAN_POINT ( 'NONE',  ( -2.741999999999999549, -1.587500000000000133, 0.1523999999999995913 ) ) ;
#2137 = ORIENTED_EDGE ( 'NONE', *, *, #2841, .T. ) ;
#2138 = CARTESIAN_POINT ( 'NONE',  ( 2.235200000000000298, -1.587499999999999911, 0.2286000000000000254 ) ) ;
#2139 = EDGE_CURVE ( 'NONE', #3538, #815, #2270, .T. ) ;
#2140 = DIRECTION ( 'NONE',  ( 0.000000000000000000, 0.000000000000000000, -1.000000000000000000 ) ) ;
#2141 = MECHANICAL_DESIGN_GEOMETRIC_PRESENTATION_REPRESENTATION (  '', ( #3247 ), #2533 ) ;
#2142 = LINE ( 'NONE', #3319, #2337 ) ;
#2143 = ORIENTED_EDGE ( 'NONE', *, *, #3010, .F. ) ;
#2144 = FACE_OUTER_BOUND ( 'NONE', #1260, .T. ) ;
#2145 = DIRECTION ( 'NONE',  ( 1.000000000000000000, 0.000000000000000000, 0.000000000000000000 ) ) ;
#2146 = VECTOR ( 'NONE', #2535, 1000.000000000000000 ) ;
#2147 = CARTESIAN_POINT ( 'NONE',  ( -2.500191311065981914, -1.587499999999999911, 0.03368382775259703282 ) ) ;
#2148 = CARTESIAN_POINT ( 'NONE',  ( 2.591192003738346461, 1.587500000000000133, 0.1832264612071148047 ) ) ;
#2149 = ORIENTED_EDGE ( 'NONE', *, *, #2739, .T. ) ;
#2150 = CARTESIAN_POINT ( 'NONE',  ( -2.484470409587935080, 1.587500000000000133, 0.3355817395080624710 ) ) ;
#2151 = CARTESIAN_POINT ( 'NONE',  ( 2.235200000000000298, -2.095500000000000362, 0.3810000000000000608 ) ) ;
#2152 = ADVANCED_FACE ( 'NONE', ( #1640 ), #3121, .T. ) ;
#2153 = ORIENTED_EDGE ( 'NONE', *, *, #3063, .T. ) ;
#2154 = CARTESIAN_POINT ( 'NONE',  ( -1.491957287525380593, -0.9120864945467258567, 1.019200000000000106 ) ) ;
#2155 = CARTESIAN_POINT ( 'NONE',  ( 2.421023718692504101, 1.587500000000000133, 0.1581841716986339685 ) ) ;
#2156 = CYLINDRICAL_SURFACE ( 'NONE', #2035, 0.1999999999999999556 ) ;
#2157 = ADVANCED_FACE ( 'NONE', ( #3163 ), #188, .T. ) ;
#2158 = ORIENTED_EDGE ( 'NONE', *, *, #178, .T. ) ;
#2159 = CIRCLE ( 'NONE', #2597, 0.1999999999999999556 ) ;
#2160 = ADVANCED_BREP_SHAPE_REPRESENTATION ( '5.2X5.2_Tactile_Button', ( #1524, #2960 ), #3650 ) ;
#2161 = DIRECTION ( 'NONE',  ( -1.000000000000000000, 0.000000000000000000, 3.104372720073025936E-16 ) ) ;
#2162 = ADVANCED_FACE ( 'NONE', ( #1101 ), #3144, .F. ) ;
#2163 = DIRECTION ( 'NONE',  ( -0.000000000000000000, -0.000000000000000000, -1.000000000000000000 ) ) ;
#2164 = CARTESIAN_POINT ( 'NONE',  ( -3.250000000000000000, 1.587500000000000133, 0.000000000000000000 ) ) ;
#2165 = VECTOR ( 'NONE', #3652, 1000.000000000000114 ) ;
#2166 = CYLINDRICAL_SURFACE ( 'NONE', #1888, 1.000000000000000000 ) ;
#2167 = DIRECTION ( 'NONE',  ( -0.7071067811865475727, 0.7071067811865475727, 0.000000000000000000 ) ) ;
#2168 = ORIENTED_EDGE ( 'NONE', *, *, #2340, .T. ) ;
#2169 = ORIENTED_EDGE ( 'NONE', *, *, #805, .T. ) ;
#2170 = COLOUR_RGB ( '',0.05490196078431372473, 0.05490196078431372473, 0.05490196078431372473 ) ;
#2171 = CARTESIAN_POINT ( 'NONE',  ( -1.084260698635586495, 1.859737061119837609, 0.9166980889464492188 ) ) ;
#2172 = DIRECTION ( 'NONE',  ( 0.000000000000000000, 1.000000000000000000, 0.000000000000000000 ) ) ;
#2173 = VERTEX_POINT ( 'NONE', #1682 ) ;
#2174 = DIRECTION ( 'NONE',  ( 1.626303258728255862E-15, -1.000000000000000000, 2.168404344971007685E-15 ) ) ;
#2175 = DIRECTION ( 'NONE',  ( 0.000000000000000000, 0.000000000000000000, 1.000000000000000000 ) ) ;
#2176 = VECTOR ( 'NONE', #1270, 1000.000000000000000 ) ;
#2177 = DIRECTION ( 'NONE',  ( -0.6785983445458456664, -0.2810846377148199515, 0.6785983445458486640 ) ) ;
#2178 = UNCERTAINTY_MEASURE_WITH_UNIT (LENGTH_MEASURE( 1.000000000000000082E-05 ), #3128, 'distance_accuracy_value', 'NONE');
#2179 = ORIENTED_EDGE ( 'NONE', *, *, #3540, .T. ) ;
#2180 = FILL_AREA_STYLE_COLOUR ( '', #1247 ) ;
#2181 = PLANE ( 'NONE',  #2562 ) ;
#2182 = CARTESIAN_POINT ( 'NONE',  ( 2.013242712474617058, -1.049042388392099623, 0.8635999999999999233 ) ) ;
#2183 = SURFACE_STYLE_USAGE ( .BOTH. , #2741 ) ;
#2184 = EDGE_CURVE ( 'NONE', #3667, #1718, #3751, .T. ) ;
#2185 = LINE ( 'NONE', #184, #3066 ) ;
#2186 = CARTESIAN_POINT ( 'NONE',  ( 1.202021891036053391, -1.202021891036053391, 1.019200000000000106 ) ) ;
#2187 = ORIENTED_EDGE ( 'NONE', *, *, #864, .T. ) ;
#2188 = ORIENTED_EDGE ( 'NONE', *, *, #515, .F. ) ;
#2189 = CARTESIAN_POINT ( 'NONE',  ( 2.540000000000000036, -1.346199999999999841, 0.2285999999999998034 ) ) ;
#2190 = CARTESIAN_POINT ( 'NONE',  ( -2.540000000000000036, -1.346199999999999619, 0.000000000000000000 ) ) ;
#2191 = CARTESIAN_POINT ( 'NONE',  ( 2.540000000000000036, -1.346199999999999841, 0.7807572875253809830 ) ) ;
#2192 = ORIENTED_EDGE ( 'NONE', *, *, #2184, .F. ) ;
#2193 = DIRECTION ( 'NONE',  ( 1.000000000000000000, 0.000000000000000000, -0.000000000000000000 ) ) ;
#2194 = LINE ( 'NONE', #3733, #1015 ) ;
#2195 = CARTESIAN_POINT ( 'NONE',  ( -2.235200000000000298, 1.651000000000000023, 0.3810000000000002829 ) ) ;
#2196 = ORIENTED_EDGE ( 'NONE', *, *, #3087, .T. ) ;
#2197 = CARTESIAN_POINT ( 'NONE',  ( 0.000000000000000000, -1.587500000000000133, 0.000000000000000000 ) ) ;
#2198 = DIRECTION ( 'NONE',  ( 0.2810846377148198960, 0.6785983445458454444, -0.6785983445458487751 ) ) ;
#2199 = DIRECTION ( 'NONE',  ( 0.2810846377148198960, 0.6785983445458454444, -0.6785983445458487751 ) ) ;
#2200 = EDGE_CURVE ( 'NONE', #345, #919, #464, .T. ) ;
#2201 = CARTESIAN_POINT ( 'NONE',  ( 2.307735087980207656, -2.095500000000000362, 0.3810000000000000608 ) ) ;
#2202 = ORIENTED_EDGE ( 'NONE', *, *, #2388, .T. ) ;
#2203 = EDGE_CURVE ( 'NONE', #1273, #839, #625, .T. ) ;
#2204 = DIRECTION ( 'NONE',  ( -0.6785983445458454444, 0.2810846377148199515, 0.6785983445458487751 ) ) ;
#2205 = EDGE_LOOP ( 'NONE', ( #237, #1638, #1127, #2630 ) ) ;
#2206 = EDGE_CURVE ( 'NONE', #3221, #1447, #25, .T. ) ;
#2207 = CARTESIAN_POINT ( 'NONE',  ( 2.540000000000000036, -1.346199999999999841, 0.6636000000000000787 ) ) ;
#2208 = ORIENTED_EDGE ( 'NONE', *, *, #2952, .T. ) ;
#2209 = CARTESIAN_POINT ( 'NONE',  ( 2.335151200717090703, -1.587499999999999911, 0.2218970802494424910 ) ) ;
#2210 = FILL_AREA_STYLE_COLOUR ( '', #1992 ) ;
#2211 = DIRECTION ( 'NONE',  ( -1.000000000000000000, -5.421010862427519212E-16, 0.000000000000000000 ) ) ;
#2212 = AXIS2_PLACEMENT_3D ( 'NONE', #1722, #1143, #2314 ) ;
#2213 = ORIENTED_EDGE ( 'NONE', *, *, #2952, .F. ) ;
#2214 = LINE ( 'NONE', #824, #2444 ) ;
#2215 =( BOUNDED_SURFACE ( )  B_SPLINE_SURFACE ( 3, 2, ( 
 ( #2438, #107, #1329 ),
 ( #776, #1265, #1578 ),
 ( #3632, #989, #3689 ),
 ( #2769, #3388, #146 ) ),
 .UNSPECIFIED., .F., .F., .F. ) 
 B_SPLINE_SURFACE_WITH_KNOTS ( ( 4, 4 ),
 ( 3, 3 ),
 ( 6.776263578034399015E-17, 0.2740142038101568422 ),
 ( 0.000000000000000000, 1.000000000000000000 ),
 .UNSPECIFIED. ) 
 GEOMETRIC_REPRESENTATION_ITEM ( )  RATIONAL_B_SPLINE_SURFACE ( (
 ( 1.000000000000000000, 0.9312651489419524475, 1.000000000000000000),
 ( 1.000000000000000000, 0.9312663609287120670, 1.000000000000000000),
 ( 1.000000000000000000, 0.9287932027950333014, 1.000000000000000000),
 ( 1.000000000000000000, 0.9238795325112862944, 1.000000000000000000) ) ) 
 REPRESENTATION_ITEM ( '' )  SURFACE ( )  );
#2216 = PLANE ( 'NONE',  #1070 ) ;
#2217 = DIRECTION ( 'NONE',  ( -1.000000000000000000, 0.000000000000000000, -0.000000000000000000 ) ) ;
#2218 = ADVANCED_FACE ( 'NONE', ( #3583 ), #2640, .F. ) ;
#2219 = PRESENTATION_STYLE_ASSIGNMENT (( #3721 ) ) ;
#2220 = CARTESIAN_POINT ( 'NONE',  ( -1.491957287525380593, 0.000000000000000000, 1.019200000000000106 ) ) ;
#2221 = ORIENTED_EDGE ( 'NONE', *, *, #3545, .T. ) ;
#2222 = DIRECTION ( 'NONE',  ( -1.000000000000000000, 0.000000000000000000, 8.537024980200817874E-16 ) ) ;
#2223 = ORIENTED_EDGE ( 'NONE', *, *, #2639, .T. ) ;
#2224 = EDGE_CURVE ( 'NONE', #3458, #3141, #804, .T. ) ;
#2225 = DIRECTION ( 'NONE',  ( 0.000000000000000000, -1.000000000000000000, -0.000000000000000000 ) ) ;
#2226 = LINE ( 'NONE', #399, #1311 ) ;
#2227 = ORIENTED_EDGE ( 'NONE', *, *, #3774, .F. ) ;
#2228 =( GEOMETRIC_REPRESENTATION_CONTEXT ( 3 ) GLOBAL_UNCERTAINTY_ASSIGNED_CONTEXT ( ( #2563 ) ) GLOBAL_UNIT_ASSIGNED_CONTEXT ( ( #932, #2697, #1862 ) ) REPRESENTATION_CONTEXT ( 'NONE', 'WORKASPACE' ) );
#2229 =( GEOMETRIC_REPRESENTATION_CONTEXT ( 3 ) GLOBAL_UNCERTAINTY_ASSIGNED_CONTEXT ( ( #1606 ) ) GLOBAL_UNIT_ASSIGNED_CONTEXT ( ( #3357, #3418, #3133 ) ) REPRESENTATION_CONTEXT ( 'NONE', 'WORKASPACE' ) );
#2230 = DIRECTION ( 'NONE',  ( -0.7071067811865475727, 0.7071067811865475727, 0.000000000000000000 ) ) ;
#2231 = ADVANCED_FACE ( 'NONE', ( #2977 ), #3229, .T. ) ;
#2232 = AXIS2_PLACEMENT_3D ( 'NONE', #2783, #1018, #2745 ) ;
#2233 = SURFACE_SIDE_STYLE ('',( #2855 ) ) ;
#2234 = ORIENTED_EDGE ( 'NONE', *, *, #2703, .F. ) ;
#2235 = SURFACE_STYLE_FILL_AREA ( #528 ) ;
#2236 = CARTESIAN_POINT ( 'NONE',  ( 1.182766006347821383E-16, 1.587500000000000133, 0.3809999999999995612 ) ) ;
#2237 = SPHERICAL_SURFACE ( 'NONE', #2931, 0.2000000000000000111 ) ;
#2238 = CARTESIAN_POINT ( 'NONE',  ( -2.298699999996559828, -1.587500000000000355, 0.3770624206668726774 ) ) ;
#2239 = PRODUCT_CONTEXT ( 'NONE', #198, 'mechanical' ) ;
#2240 = DIRECTION ( 'NONE',  ( 0.2810846377148202846, 0.6785983445458453334, 0.6785983445458486640 ) ) ;
#2241 = B_SPLINE_CURVE_WITH_KNOTS ( 'NONE', 3,
 ( #1717, #555, #1138, #1957, #2850, #3122, #3145, #246 ),
 .UNSPECIFIED., .F., .F.,
 ( 4, 1, 1, 1, 1, 4 ),
 ( 0.000000000000000000, 0.1250000000000000000, 0.2500000000000000000, 0.5000000000000000000, 0.7500000000000000000, 1.000000000000000000 ),
 .UNSPECIFIED. ) ;
#2242 = CARTESIAN_POINT ( 'NONE',  ( 2.264903340500909135, -2.095500000000000362, 0.2286000000000000254 ) ) ;
#2243 = ORIENTED_EDGE ( 'NONE', *, *, #2050, .T. ) ;
#2244 = CARTESIAN_POINT ( 'NONE',  ( 1.875454283695609403, 1.031403641501222657, 0.9185457163043893036 ) ) ;
#2245 = VERTEX_POINT ( 'NONE', #61 ) ;
#2246 = CARTESIAN_POINT ( 'NONE',  ( 1.089324557486500034, 1.919847822843320451, 0.8636000000000000343 ) ) ;
#2247 = CARTESIAN_POINT ( 'NONE',  ( 0.9120864945467263007, -1.633378643762690485, 1.160621356237309332 ) ) ;
#2248 = ORIENTED_EDGE ( 'NONE', *, *, #4, .T. ) ;
#2249 = CARTESIAN_POINT ( 'NONE',  ( 1.346199999999999841, 2.540000000000000036, 0.000000000000000000 ) ) ;
#2250 = FACE_BOUND ( 'NONE', #1405, .T. ) ;
#2251 = LINE ( 'NONE', #3475, #2707 ) ;
#2252 = VECTOR ( 'NONE', #1032, 1000.000000000000000 ) ;
#2253 = ORIENTED_EDGE ( 'NONE', *, *, #1882, .F. ) ;
#2254 = FACE_OUTER_BOUND ( 'NONE', #2040, .T. ) ;
#2255 = PLANE ( 'NONE',  #2539 ) ;
#2256 = VECTOR ( 'NONE', #3271, 1000.000000000000000 ) ;
#2257 = FACE_OUTER_BOUND ( 'NONE', #15, .T. ) ;
#2258 = CARTESIAN_POINT ( 'NONE',  ( -2.421023718692504101, 2.095500000000000362, 0.1581841716986339685 ) ) ;
#2259 = DIRECTION ( 'NONE',  ( -1.000000000000000000, 0.000000000000000000, 0.000000000000000000 ) ) ;
#2260 = VECTOR ( 'NONE', #1017, 1000.000000000000000 ) ;
#2261 = CARTESIAN_POINT ( 'NONE',  ( 2.741999999999999549, 1.587499999999999911, -2.032879073410320814E-16 ) ) ;
#2262 = AXIS2_PLACEMENT_3D ( 'NONE', #3497, #2024, #3203 ) ;
#2263 = DIRECTION ( 'NONE',  ( 0.000000000000000000, -1.000000000000000000, 0.000000000000000000 ) ) ;
#2264 = ORIENTED_EDGE ( 'NONE', *, *, #2802, .F. ) ;
#2265 =( BOUNDED_CURVE ( )  B_SPLINE_CURVE ( 3, ( #1488, #916, #2662, #869 ),
 .UNSPECIFIED., .F., .F. ) 
 B_SPLINE_CURVE_WITH_KNOTS ( ( 4, 4 ),
 ( 2.867578449779635719, 3.415606857399950069 ),
 .UNSPECIFIED. ) 
 CURVE ( )  GEOMETRIC_REPRESENTATION_ITEM ( )  RATIONAL_B_SPLINE_CURVE ( ( 1.000000000000000000, 0.9751282799207707797, 0.9751282799207707797, 1.000000000000000000 ) ) 
 REPRESENTATION_ITEM ( '' )  );
#2266 = ORIENTED_EDGE ( 'NONE', *, *, #2274, .F. ) ;
#2267 = CARTESIAN_POINT ( 'NONE',  ( 0.000000000000000000, -1.587500000000000133, 0.000000000000000000 ) ) ;
#2268 = CARTESIAN_POINT ( 'NONE',  ( -2.307735087980207656, -1.587500000000000133, 0.3810000000000000608 ) ) ;
#2269 = ORIENTED_EDGE ( 'NONE', *, *, #1149, .F. ) ;
#2270 = B_SPLINE_CURVE_WITH_KNOTS ( 'NONE', 3,
 ( #3768, #1059, #2578, #3200 ),
 .UNSPECIFIED., .F., .F.,
 ( 4, 4 ),
 ( 3.050030017709751607E-12, 8.989578240440590420E-05 ),
 .UNSPECIFIED. ) ;
#2271 = CARTESIAN_POINT ( 'NONE',  ( -2.277589416008879653, -1.608610583987910125, 0.3796050115987160689 ) ) ;
#2272 = AXIS2_PLACEMENT_3D ( 'NONE', #145, #2478, #737 ) ;
#2273 = DIRECTION ( 'NONE',  ( 0.7071067811865474617, -0.7071067811865474617, -0.000000000000000000 ) ) ;
#2274 = EDGE_CURVE ( 'NONE', #1583, #276, #1448, .T. ) ;
#2275 = VERTEX_POINT ( 'NONE', #2956 ) ;
#2276 = CARTESIAN_POINT ( 'NONE',  ( 2.669464912019792191, 2.095500000000000362, -2.032879073410320814E-16 ) ) ;
#2277 = VECTOR ( 'NONE', #1289, 1000.000000000000000 ) ;
#2278 = ADVANCED_FACE ( 'NONE', ( #1498, #906 ), #319, .T. ) ;
#2279 = CARTESIAN_POINT ( 'NONE',  ( -2.235200000000000298, -2.095500000000000362, 0.2285999999999998034 ) ) ;
#2280 = CARTESIAN_POINT ( 'NONE',  ( -2.386007996261652941, 2.095500000000000362, 0.1977735387928848676 ) ) ;
#2281 = EDGE_CURVE ( 'NONE', #1397, #3816, #1350, .T. ) ;
#2282 = CARTESIAN_POINT ( 'NONE',  ( 2.741999999999999549, 2.095500000000000362, -2.032879073410320814E-16 ) ) ;
#2283 = LINE ( 'NONE', #227, #1863 ) ;
#2284 = ORIENTED_EDGE ( 'NONE', *, *, #560, .T. ) ;
#2285 = CARTESIAN_POINT ( 'NONE',  ( 1.119268277646402243, 1.992138358161261946, 0.8636000000000000343 ) ) ;
#2286 = CARTESIAN_POINT ( 'NONE',  ( -0.9491999999999999327, 1.162434741750667605E-16, 1.473200000000000287 ) ) ;
#2287 = ORIENTED_EDGE ( 'NONE', *, *, #14, .T. ) ;
#2288 = CARTESIAN_POINT ( 'NONE',  ( 1.570626349951369960, -1.570626349951369960, 1.063600000000000101 ) ) ;
#2289 = DIRECTION ( 'NONE',  ( -3.833233541708424548E-15, 1.000000000000000000, -0.000000000000000000 ) ) ;
#2290 = CARTESIAN_POINT ( 'NONE',  ( 1.301042606982581162E-16, -2.095500000000000362, 0.1523999999999972599 ) ) ;
#2291 = VECTOR ( 'NONE', #2172, 1000.000000000000000 ) ;
#2292 = ORIENTED_EDGE ( 'NONE', *, *, #2841, .F. ) ;
#2293 = MECHANICAL_DESIGN_GEOMETRIC_PRESENTATION_REPRESENTATION (  '', ( #647 ), #2229 ) ;
#2294 = UNCERTAINTY_MEASURE_WITH_UNIT (LENGTH_MEASURE( 1.000000000000000082E-05 ), #1158, 'distance_accuracy_value', 'NONE');
#2295 = ORIENTED_EDGE ( 'NONE', *, *, #3224, .F. ) ;
#2296 = FACE_OUTER_BOUND ( 'NONE', #2623, .T. ) ;
#2297 = CIRCLE ( 'NONE', #951, 0.1999999999999999556 ) ;
#2298 = CARTESIAN_POINT ( 'NONE',  ( -1.010852699902741181, 1.930399999999998117, 0.8636000000000001453 ) ) ;
#2299 = CARTESIAN_POINT ( 'NONE',  ( -1.346199999999999841, -2.540000000000000036, 0.6636000000000000787 ) ) ;
#2300 = DIRECTION ( 'NONE',  ( 1.000000000000000000, 0.000000000000000000, 0.000000000000000000 ) ) ;
#2301 = CARTESIAN_POINT ( 'NONE',  ( -2.235200000000000298, 1.587499999999999911, 0.2286000000000000254 ) ) ;
#2302 = DIRECTION ( 'NONE',  ( -0.9238795325112867385, -0.3826834323650900593, -0.000000000000000000 ) ) ;
#2303 = AXIS2_PLACEMENT_3D ( 'NONE', #1866, #425, #655 ) ;
#2304 = CARTESIAN_POINT ( 'NONE',  ( -1.346199999999999841, -2.540000000000000036, 0.6636000000000000787 ) ) ;
#2305 = ORIENTED_EDGE ( 'NONE', *, *, #1223, .T. ) ;
#2306 = EDGE_CURVE ( 'NONE', #3134, #2950, #876, .T. ) ;
#2307 = CARTESIAN_POINT ( 'NONE',  ( 1.085505097807438757, 2.006123524931713309, 0.8636000000000000343 ) ) ;
#2308 = DIRECTION ( 'NONE',  ( -1.000000000000000000, 0.000000000000000000, 0.000000000000000000 ) ) ;
#2309 = ORIENTED_EDGE ( 'NONE', *, *, #2515, .F. ) ;
#2310 = CARTESIAN_POINT ( 'NONE',  ( -1.301042606982581162E-16, -1.587500000000000133, 0.1523999999999972599 ) ) ;
#2311 = DIRECTION ( 'NONE',  ( -0.7071067811865475727, -0.7071067811865474617, -0.000000000000000000 ) ) ;
#2312 = AXIS2_PLACEMENT_3D ( 'NONE', #1482, #2908, #3218 ) ;
#2313 = B_SPLINE_SURFACE_WITH_KNOTS ( 'NONE', 3, 1, ( 
 ( #3706, #539 ),
 ( #1699, #1661 ),
 ( #1716, #2883 ),
 ( #2848, #3492 ),
 ( #266, #2830 ),
 ( #859, #2599 ),
 ( #1996, #2865 ),
 ( #503, #3409 ) ),
 .UNSPECIFIED., .F., .F., .F.,
 ( 4, 1, 1, 1, 1, 4 ),
 ( 2, 2 ),
 ( 0.000000000000000000, 0.2500000000000000000, 0.5000000000000000000, 0.7500000000000000000, 0.8750000000000000000, 1.000000000000000000 ),
 ( 0.000000000000000000, 1.000000000000000000 ),
 .UNSPECIFIED. ) ;
#2314 = DIRECTION ( 'NONE',  ( -0.7071067811865496822, 0.000000000000000000, -0.7071067811865453523 ) ) ;
#2315 = ORIENTED_EDGE ( 'NONE', *, *, #497, .T. ) ;
#2316 = ORIENTED_EDGE ( 'NONE', *, *, #1313, .T. ) ;
#2317 = CARTESIAN_POINT ( 'NONE',  ( 1.957327988742456393, 1.183924710907920508, 0.8636000000000000343 ) ) ;
#2318 = COLOUR_RGB ( '',0.05490196078431372473, 0.05490196078431372473, 0.05490196078431372473 ) ;
#2319 = CARTESIAN_POINT ( 'NONE',  ( -1.010852699902741403, 2.013242712474617058, 0.8636000000000000343 ) ) ;
#2320 = EDGE_LOOP ( 'NONE', ( #3615, #3448, #1615, #73 ) ) ;
#2321 = DIRECTION ( 'NONE',  ( -0.7071067811865475727, -0.7071067811865475727, 0.000000000000000000 ) ) ;
#2322 = ADVANCED_FACE ( 'NONE', ( #2671, #572 ), #607, .F. ) ;
#2323 = CARTESIAN_POINT ( 'NONE',  ( -1.936378647927138985, -1.066111335742953470, 0.8636000000000000343 ) ) ;
#2324 = ORIENTED_EDGE ( 'NONE', *, *, #1386, .F. ) ;
#2325 = EDGE_CURVE ( 'NONE', #1684, #3748, #1091, .T. ) ;
#2326 = CARTESIAN_POINT ( 'NONE',  ( -1.930399999999998117, -1.210852699902741580, 0.8636000000000000343 ) ) ;
#2327 = ORIENTED_EDGE ( 'NONE', *, *, #1815, .T. ) ;
#2328 = CARTESIAN_POINT ( 'NONE',  ( -1.491957287525380593, -0.9120864945467255236, 1.019200000000000106 ) ) ;
#2329 = ADVANCED_FACE ( 'NONE', ( #3420 ), #2181, .T. ) ;
#2330 = LINE ( 'NONE', #882, #3073 ) ;
#2331 = ORIENTED_EDGE ( 'NONE', *, *, #1398, .F. ) ;
#2332 =( GEOMETRIC_REPRESENTATION_CONTEXT ( 3 ) GLOBAL_UNCERTAINTY_ASSIGNED_CONTEXT ( ( #3502 ) ) GLOBAL_UNIT_ASSIGNED_CONTEXT ( ( #3589, #3519, #2928 ) ) REPRESENTATION_CONTEXT ( 'NONE', 'WORKASPACE' ) );
#2333 = CARTESIAN_POINT ( 'NONE',  ( -2.540000000000000924, -0.7619999999999992335, 0.05080000000000000487 ) ) ;
#2334 = PRESENTATION_STYLE_ASSIGNMENT (( #902 ) ) ;
#2335 = CARTESIAN_POINT ( 'NONE',  ( 2.741999999999999549, -1.587500000000000133, 0.000000000000000000 ) ) ;
#2336 = CARTESIAN_POINT ( 'NONE',  ( 2.235200000000000298, 1.587499999999999911, 0.2286000000000000254 ) ) ;
#2337 = VECTOR ( 'NONE', #3373, 1000.000000000000000 ) ;
#2338 = DIRECTION ( 'NONE',  ( -0.7071067811865475727, 0.7071067811865475727, -1.084202172485504631E-15 ) ) ;
#2339 = ORIENTED_EDGE ( 'NONE', *, *, #880, .F. ) ;
#2340 = EDGE_CURVE ( 'NONE', #542, #2434, #1630, .T. ) ;
#2341 = CARTESIAN_POINT ( 'NONE',  ( 1.263357287525380901, -2.339999999999999858, 0.8636000000000000343 ) ) ;
#2342 = LINE ( 'NONE', #928, #2052 ) ;
#2343 = ORIENTED_EDGE ( 'NONE', *, *, #2683, .F. ) ;
#2344 = EDGE_CURVE ( 'NONE', #3461, #2461, #3286, .T. ) ;
#2345 = DIRECTION ( 'NONE',  ( 1.000000000000000000, 0.000000000000000000, -0.000000000000000000 ) ) ;
#2346 = SPHERICAL_SURFACE ( 'NONE', #3009, 0.2000000000000000111 ) ;
#2347 = ORIENTED_EDGE ( 'NONE', *, *, #3361, .T. ) ;
#2348 = ORIENTED_EDGE ( 'NONE', *, *, #279, .F. ) ;
#2349 = EDGE_CURVE ( 'NONE', #2786, #1326, #513, .T. ) ;
#2350 = CARTESIAN_POINT ( 'NONE',  ( 1.866749733896871044, 1.067330608908789280, 0.9166980889464493298 ) ) ;
#2351 = DIRECTION ( 'NONE',  ( 1.000000000000000000, 0.000000000000000000, 0.000000000000000000 ) ) ;
#2352 = ORIENTED_EDGE ( 'NONE', *, *, #1419, .T. ) ;
#2353 = AXIS2_PLACEMENT_3D ( 'NONE', #1212, #2984, #2380 ) ;
#2354 = AXIS2_PLACEMENT_3D ( 'NONE', #3548, #76, #2667 ) ;
#2355 = DIRECTION ( 'NONE',  ( 0.000000000000000000, 0.000000000000000000, -1.000000000000000000 ) ) ;
#2356 = DIRECTION ( 'NONE',  ( 0.7071067811865475727, 0.7071067811865475727, 0.000000000000000000 ) ) ;
#2357 = DIRECTION ( 'NONE',  ( 1.000000000000000000, 0.000000000000000000, -8.537024980200817874E-16 ) ) ;
#2358 = CARTESIAN_POINT ( 'NONE',  ( -1.210852699902741803, -1.930399999999998117, 0.8636000000000000343 ) ) ;
#2359 = ORIENTED_EDGE ( 'NONE', *, *, #2344, .F. ) ;
#2360 = CARTESIAN_POINT ( 'NONE',  ( 3.250000000000000000, 1.587500000000000133, 0.1524000000000000077 ) ) ;
#2361 = CARTESIAN_POINT ( 'NONE',  ( -1.010852699902740959, -2.013242712474617502, 0.8636000000000000343 ) ) ;
#2362 = CARTESIAN_POINT ( 'NONE',  ( -1.301042606982581162E-16, -2.095500000000000362, 0.1523999999999972599 ) ) ;
#2363 = ORIENTED_EDGE ( 'NONE', *, *, #2046, .F. ) ;
#2364 = DIRECTION ( 'NONE',  ( -0.000000000000000000, 1.000000000000000000, -0.000000000000000000 ) ) ;
#2365 = FACE_BOUND ( 'NONE', #2115, .T. ) ;
#2366 = DIRECTION ( 'NONE',  ( 0.7071067811865469066, 0.7071067811865480168, 5.421010862427519015E-15 ) ) ;
#2367 = ORIENTED_EDGE ( 'NONE', *, *, #3283, .F. ) ;
#2368 = CARTESIAN_POINT ( 'NONE',  ( -2.540000000000000036, -1.346199999999999619, 0.8636000000000000343 ) ) ;
#2369 = EDGE_CURVE ( 'NONE', #406, #2810, #1948, .T. ) ;
#2370 = CARTESIAN_POINT ( 'NONE',  ( 0.9120864945467261897, -1.491957287525380593, 1.019200000000000106 ) ) ;
#2371 = VECTOR ( 'NONE', #60, 1000.000000000000000 ) ;
#2372 = CARTESIAN_POINT ( 'NONE',  ( -2.386007996261652941, -2.095500000000000362, 0.1977735387928848676 ) ) ;
#2373 =( NAMED_UNIT ( * ) PLANE_ANGLE_UNIT ( ) SI_UNIT ( $, .RADIAN. ) );
#2374 = CARTESIAN_POINT ( 'NONE',  ( -1.010852699902740959, -1.930399999999998339, 0.8635999999999999233 ) ) ;
#2375 = VERTEX_POINT ( 'NONE', #2997 ) ;
#2376 = ORIENTED_EDGE ( 'NONE', *, *, #1239, .T. ) ;
#2377 = CARTESIAN_POINT ( 'NONE',  ( 0.000000000000000000, -1.587500000000000133, 0.000000000000000000 ) ) ;
#2378 = MECHANICAL_DESIGN_GEOMETRIC_PRESENTATION_REPRESENTATION (  '', ( #2938 ), #2441 ) ;
#2379 = FILL_AREA_STYLE_COLOUR ( '', #3081 ) ;
#2380 = DIRECTION ( 'NONE',  ( 0.7071067811865486830, 0.000000000000000000, 0.7071067811865464625 ) ) ;
#2381 = ORIENTED_EDGE ( 'NONE', *, *, #3161, .T. ) ;
#2382 = CARTESIAN_POINT ( 'NONE',  ( -1.871821356237307166, 1.152274056140051961, 0.8636000000000002563 ) ) ;
#2383 = CARTESIAN_POINT ( 'NONE',  ( 1.346199999999999841, -2.540000000000000036, 0.000000000000000000 ) ) ;
#2384 = ADVANCED_FACE ( 'NONE', ( #1014 ), #2237, .T. ) ;
#2385 = DIRECTION ( 'NONE',  ( 1.000000000000000000, 0.000000000000000000, 3.104372720073025936E-16 ) ) ;
#2386 = ORIENTED_EDGE ( 'NONE', *, *, #1760, .T. ) ;
#2387 = CIRCLE ( 'NONE', #2272, 0.2000000000000001221 ) ;
#2388 = EDGE_CURVE ( 'NONE', #3709, #3695, #3560, .T. ) ;
#2389 = DIRECTION ( 'NONE',  ( 0.000000000000000000, 0.000000000000000000, 1.000000000000000000 ) ) ;
#2390 =( BOUNDED_CURVE ( )  B_SPLINE_CURVE ( 3, ( #3581, #943, #2110, #3285 ),
 .UNSPECIFIED., .F., .F. ) 
 B_SPLINE_CURVE_WITH_KNOTS ( ( 4, 4 ),
 ( 2.867578449779636607, 3.415606857399949625 ),
 .UNSPECIFIED. ) 
 CURVE ( )  GEOMETRIC_REPRESENTATION_ITEM ( )  RATIONAL_B_SPLINE_CURVE ( ( 1.000000000000000000, 0.9751282799207708907, 0.9751282799207708907, 1.000000000000000000 ) ) 
 REPRESENTATION_ITEM ( '' )  );
#2391 = CARTESIAN_POINT ( 'NONE',  ( -2.353269835448805747, -1.587499999999999911, 0.3704899464568018885 ) ) ;
#2392 = ADVANCED_FACE ( 'NONE', ( #1356 ), #662, .T. ) ;
#2393 = EDGE_CURVE ( 'NONE', #3628, #2673, #2839, .T. ) ;
#2394 = CARTESIAN_POINT ( 'NONE',  ( 1.875463574993895710, -1.031456200553528824, 0.9185364250061024416 ) ) ;
#2395 = AXIS2_PLACEMENT_3D ( 'NONE', #2520, #3027, #2211 ) ;
#2396 = DIRECTION ( 'NONE',  ( -0.000000000000000000, -0.000000000000000000, -1.000000000000000000 ) ) ;
#2397 = DIRECTION ( 'NONE',  ( -0.000000000000000000, 0.000000000000000000, -1.000000000000000000 ) ) ;
#2398 = ORIENTED_EDGE ( 'NONE', *, *, #2916, .T. ) ;
#2399 = EDGE_LOOP ( 'NONE', ( #3770, #1486, #377 ) ) ;
#2400 = DIRECTION ( 'NONE',  ( -0.7071067811865474617, 0.7071067811865474617, -0.000000000000000000 ) ) ;
#2401 = CARTESIAN_POINT ( 'NONE',  ( 0.000000000000000000, 1.633378643762690485, 1.160621356237309332 ) ) ;
#2402 = CARTESIAN_POINT ( 'NONE',  ( 1.085408098192807369, 2.006163703715327262, 0.8635999999999999233 ) ) ;
#2403 = ORIENTED_EDGE ( 'NONE', *, *, #709, .T. ) ;
#2404 = CARTESIAN_POINT ( 'NONE',  ( -2.013242712474617058, 1.010852699902741625, 0.8636000000000000343 ) ) ;
#2405 = CARTESIAN_POINT ( 'NONE',  ( 1.346199999999999841, 2.540000000000000036, 0.7807572875253809830 ) ) ;
#2406 = ORIENTED_EDGE ( 'NONE', *, *, #2508, .F. ) ;
#2407 = CARTESIAN_POINT ( 'NONE',  ( 1.210852699902741803, 1.930399999999998339, 0.8636000000000000343 ) ) ;
#2408 = LINE ( 'NONE', #1852, #3427 ) ;
#2409 = LINE ( 'NONE', #2164, #3265 ) ;
#2410 = CIRCLE ( 'NONE', #1245, 0.2000000000000000944 ) ;
#2411 = AXIS2_PLACEMENT_3D ( 'NONE', #2546, #529, #3739 ) ;
#2412 = AXIS2_PLACEMENT_3D ( 'NONE', #1573, #416, #1894 ) ;
#2413 = CARTESIAN_POINT ( 'NONE',  ( 1.182766006347821383E-16, -1.587500000000000133, 0.3809999999999995612 ) ) ;
#2414 = DIRECTION ( 'NONE',  ( -0.000000000000000000, -0.000000000000000000, -1.000000000000000000 ) ) ;
#2415 = EDGE_CURVE ( 'NONE', #3058, #3667, #3659, .T. ) ;
#2416 = VERTEX_POINT ( 'NONE', #1890 ) ;
#2417 = ORIENTED_EDGE ( 'NONE', *, *, #3132, .T. ) ;
#2418 = DIRECTION ( 'NONE',  ( -1.000000000000000000, -0.000000000000000000, -0.000000000000000000 ) ) ;
#2419 = PLANE ( 'NONE',  #1473 ) ;
#2420 = CARTESIAN_POINT ( 'NONE',  ( -2.298699999996559828, 1.587500000000000355, 0.3770624206668726774 ) ) ;
#2421 = ORIENTED_EDGE ( 'NONE', *, *, #3321, .F. ) ;
#2422 = DIRECTION ( 'NONE',  ( 1.000000000000000000, 0.000000000000000000, 0.000000000000000000 ) ) ;
#2423 = CARTESIAN_POINT ( 'NONE',  ( 2.307873433698064858, 1.587500000000000355, 0.2233630774569628219 ) ) ;
#2424 = PLANE ( 'NONE',  #1290 ) ;
#2425 = ORIENTED_EDGE ( 'NONE', *, *, #2435, .F. ) ;
#2426 = DIRECTION ( 'NONE',  ( 0.000000000000000000, 1.000000000000000000, 0.000000000000000000 ) ) ;
#2427 =( BOUNDED_CURVE ( )  B_SPLINE_CURVE ( 3, ( #341, #3002, #2119, #2361 ),
 .UNSPECIFIED., .F., .F. ) 
 B_SPLINE_CURVE_WITH_KNOTS ( ( 4, 4 ),
 ( 2.867578449779637051, 3.415606857399950513 ),
 .UNSPECIFIED. ) 
 CURVE ( )  GEOMETRIC_REPRESENTATION_ITEM ( )  RATIONAL_B_SPLINE_CURVE ( ( 1.000000000000000000, 0.9751282799207708907, 0.9751282799207708907, 1.000000000000000000 ) ) 
 REPRESENTATION_ITEM ( '' )  );
#2428 = CARTESIAN_POINT ( 'NONE',  ( 2.741999999999999549, 2.095500000000000362, 0.1523999999999995913 ) ) ;
#2429 = ADVANCED_FACE ( 'NONE', ( #180 ), #2759, .T. ) ;
#2430 = CARTESIAN_POINT ( 'NONE',  ( -2.335151200717090703, -1.587499999999999911, 0.2218970802494424910 ) ) ;
#2431 = VECTOR ( 'NONE', #3071, 1000.000000000000000 ) ;
#2432 = CARTESIAN_POINT ( 'NONE',  ( -2.298699999999999743, -1.587500000000000133, 0.8636000000000000343 ) ) ;
#2433 = ORIENTED_EDGE ( 'NONE', *, *, #2639, .F. ) ;
#2434 = VERTEX_POINT ( 'NONE', #135 ) ;
#2435 = EDGE_CURVE ( 'NONE', #3134, #2018, #3698, .T. ) ;
#2436 = VECTOR ( 'NONE', #1402, 1000.000000000000114 ) ;
#2437 = CARTESIAN_POINT ( 'NONE',  ( -2.343885429429293232, 1.587500000000000133, 0.2177540640374742431 ) ) ;
#2438 = CARTESIAN_POINT ( 'NONE',  ( 1.992138358161261502, -1.119268277646403575, 0.8636000000000000343 ) ) ;
#2439 = ORIENTED_EDGE ( 'NONE', *, *, #3699, .F. ) ;
#2440 = DIRECTION ( 'NONE',  ( -0.7071067811865475727, -0.7071067811865474617, 0.000000000000000000 ) ) ;
#2441 =( GEOMETRIC_REPRESENTATION_CONTEXT ( 3 ) GLOBAL_UNCERTAINTY_ASSIGNED_CONTEXT ( ( #2446 ) ) GLOBAL_UNIT_ASSIGNED_CONTEXT ( ( #1874, #2762, #1893 ) ) REPRESENTATION_CONTEXT ( 'NONE', 'WORKASPACE' ) );
#2442 = CARTESIAN_POINT ( 'NONE',  ( 1.866749733896871266, 1.067330608908788836, 0.9166980889464492188 ) ) ;
#2443 = EDGE_CURVE ( 'NONE', #1684, #46, #2021, .T. ) ;
#2444 = VECTOR ( 'NONE', #3152, 1000.000000000000000 ) ;
#2445 = CARTESIAN_POINT ( 'NONE',  ( -2.540000000000000036, -1.346199999999999619, 0.7807572875253809830 ) ) ;
#2446 = UNCERTAINTY_MEASURE_WITH_UNIT (LENGTH_MEASURE( 1.000000000000000082E-05 ), #1874, 'distance_accuracy_value', 'NONE');
#2447 = EDGE_LOOP ( 'NONE', ( #1955, #2227, #3023, #908 ) ) ;
#2448 = DIRECTION ( 'NONE',  ( -0.7071067811865486830, 0.7071067811865464625, 0.000000000000000000 ) ) ;
#2449 = FACE_OUTER_BOUND ( 'NONE', #871, .T. ) ;
#2450 =( LENGTH_UNIT ( ) NAMED_UNIT ( * ) SI_UNIT ( .MILLI., .METRE. ) );
#2451 = COLOUR_RGB ( '',0.05490196078431372473, 0.05490196078431372473, 0.05490196078431372473 ) ;
#2452 = CARTESIAN_POINT ( 'NONE',  ( -2.669464912019792191, -1.587499999999999911, -2.032879073410320814E-16 ) ) ;
#2453 = CARTESIAN_POINT ( 'NONE',  ( 0.9120864945467263007, 1.491957287525380593, 1.019200000000000106 ) ) ;
#2454 = ORIENTED_EDGE ( 'NONE', *, *, #1386, .T. ) ;
#2455 = EDGE_CURVE ( 'NONE', #3695, #1714, #1609, .T. ) ;
#2456 = ORIENTED_EDGE ( 'NONE', *, *, #2624, .T. ) ;
#2457 = FACE_OUTER_BOUND ( 'NONE', #1510, .T. ) ;
#2458 = PRESENTATION_LAYER_ASSIGNMENT (  '', '', ( #327 ) ) ;
#2459 = CARTESIAN_POINT ( 'NONE',  ( 2.741999999999999549, -2.095500000000000362, 0.1523999999999998134 ) ) ;
#2460 = CARTESIAN_POINT ( 'NONE',  ( -2.712296659499090712, -2.095500000000000362, 0.1523999999999998134 ) ) ;
#2461 = VERTEX_POINT ( 'NONE', #1652 ) ;
#2462 = ADVANCED_FACE ( 'NONE', ( #2525 ), #808, .T. ) ;
#2463 = FACE_OUTER_BOUND ( 'NONE', #3466, .T. ) ;
#2464 = CARTESIAN_POINT ( 'NONE',  ( 2.013242712474617502, 0.000000000000000000, 1.063600000000000101 ) ) ;
#2465 = PLANE ( 'NONE',  #749 ) ;
#2466 = EDGE_CURVE ( 'NONE', #2580, #1743, #1399, .T. ) ;
#2467 = ORIENTED_EDGE ( 'NONE', *, *, #407, .T. ) ;
#2468 = PRODUCT_DEFINITION_FORMATION_WITH_SPECIFIED_SOURCE ( 'ANY', '', #1736, .NOT_KNOWN. ) ;
#2469 = FACE_OUTER_BOUND ( 'NONE', #3558, .T. ) ;
#2470 = CARTESIAN_POINT ( 'NONE',  ( 2.457157287525380873, 1.311885424949237322, 0.8635999999999999233 ) ) ;
#2471 = DIRECTION ( 'NONE',  ( 0.000000000000000000, -1.000000000000000000, 0.000000000000000000 ) ) ;
#2472 = PLANE ( 'NONE',  #2754 ) ;
#2473 = CARTESIAN_POINT ( 'NONE',  ( 2.591192003738346461, -2.095500000000000362, 0.1832264612071148047 ) ) ;
#2474 = ORIENTED_EDGE ( 'NONE', *, *, #1703, .F. ) ;
#2475 = ORIENTED_EDGE ( 'NONE', *, *, #2534, .T. ) ;
#2476 = MECHANICAL_DESIGN_GEOMETRIC_PRESENTATION_REPRESENTATION (  '', ( #2787 ), #1444 ) ;
#2477 = LINE ( 'NONE', #1003, #1947 ) ;
#2478 = DIRECTION ( 'NONE',  ( -0.7071067811865492381, 0.7071067811865459074, -2.299940125025058594E-15 ) ) ;
#2479 = CARTESIAN_POINT ( 'NONE',  ( -1.359796164199844615, 0.8573435648468262782, 1.151361123325536751 ) ) ;
#2480 = ORIENTED_EDGE ( 'NONE', *, *, #3161, .F. ) ;
#2481 = CARTESIAN_POINT ( 'NONE',  ( 1.302021891036053702, 1.302021891036053702, 1.160621356237309332 ) ) ;
#2482 = CARTESIAN_POINT ( 'NONE',  ( 1.089324557486500922, 1.919847822843320229, 0.8635999999999999233 ) ) ;
#2483 = CIRCLE ( 'NONE', #657, 0.1999999999999999833 ) ;
#2484 = DIRECTION ( 'NONE',  ( 0.000000000000000000, 0.000000000000000000, 1.000000000000000000 ) ) ;
#2485 = ORIENTED_EDGE ( 'NONE', *, *, #312, .T. ) ;
#2486 = FILL_AREA_STYLE ('',( #3459 ) ) ;
#2487 =( BOUNDED_CURVE ( )  B_SPLINE_CURVE ( 3, ( #3015, #2670, #2394, #1204 ),
 .UNSPECIFIED., .F., .F. ) 
 B_SPLINE_CURVE_WITH_KNOTS ( ( 4, 4 ),
 ( 1.019336775081805951E-17, 0.2740142038101576194 ),
 .UNSPECIFIED. ) 
 CURVE ( )  GEOMETRIC_REPRESENTATION_ITEM ( )  RATIONAL_B_SPLINE_CURVE ( ( 1.000000000000000000, 0.9937527993431576334, 0.9937527993431576334, 1.000000000000000000 ) ) 
 REPRESENTATION_ITEM ( '' )  );
#2488 = CARTESIAN_POINT ( 'NONE',  ( -2.339999999999999858, 1.263357287525380679, 0.8636000000000000343 ) ) ;
#2489 = CARTESIAN_POINT ( 'NONE',  ( 2.741999999999999549, 2.095500000000000362, 0.1523999999999995913 ) ) ;
#2490 = DIRECTION ( 'NONE',  ( 0.000000000000000000, 1.000000000000000000, 0.000000000000000000 ) ) ;
#2491 = ADVANCED_FACE ( 'NONE', ( #2257 ), #3442, .T. ) ;
#2492 = B_SPLINE_CURVE_WITH_KNOTS ( 'NONE', 3,
 ( #1284, #3631, #2437, #1022, #3313, #3670, #3688, #1597 ),
 .UNSPECIFIED., .F., .F.,
 ( 4, 1, 1, 1, 1, 4 ),
 ( 0.08587081253034774264, 0.1250000000000000000, 0.2500000000000000000, 0.5000000000000000000, 0.7500000000000000000, 1.000000000000000000 ),
 .UNSPECIFIED. ) ;
#2493 = LINE ( 'NONE', #2132, #1445 ) ;
#2494 = EDGE_LOOP ( 'NONE', ( #2433, #2698, #3593 ) ) ;
#2495 = FACE_OUTER_BOUND ( 'NONE', #3503, .T. ) ;
#2496 = ORIENTED_EDGE ( 'NONE', *, *, #2369, .T. ) ;
#2497 = LINE ( 'NONE', #969, #1109 ) ;
#2498 = ORIENTED_EDGE ( 'NONE', *, *, #2466, .F. ) ;
#2499 = CARTESIAN_POINT ( 'NONE',  ( 2.298699999996559828, 1.587500000000000355, 0.3770624206668726774 ) ) ;
#2500 = FACE_OUTER_BOUND ( 'NONE', #593, .T. ) ;
#2501 = CARTESIAN_POINT ( 'NONE',  ( -1.010852699902741181, 1.871821356237307832, 0.9221786437626907640 ) ) ;
#2502 = ORIENTED_EDGE ( 'NONE', *, *, #3238, .T. ) ;
#2503 = ADVANCED_FACE ( 'NONE', ( #1839 ), #3180, .F. ) ;
#2504 = CARTESIAN_POINT ( 'NONE',  ( 0.000000000000000000, 0.000000000000000000, 1.473200000000000287 ) ) ;
#2505 = AXIS2_PLACEMENT_3D ( 'NONE', #1308, #2193, #3335 ) ;
#2506 = CARTESIAN_POINT ( 'NONE',  ( 1.010852699902741847, -2.013242712474617058, 0.8636000000000000343 ) ) ;
#2507 = CARTESIAN_POINT ( 'NONE',  ( -2.298699999999999743, 1.587500000000000133, 0.8636000000000000343 ) ) ;
#2508 = EDGE_CURVE ( 'NONE', #1766, #878, #2976, .T. ) ;
#2509 = PLANE ( 'NONE',  #1102 ) ;
#2510 = DIRECTION ( 'NONE',  ( -0.000000000000000000, 1.000000000000000000, -0.000000000000000000 ) ) ;
#2512 = ORIENTED_EDGE ( 'NONE', *, *, #3013, .T. ) ;
#2511 = AXIS2_PLACEMENT_3D ( 'NONE', #3249, #1189, #335 ) ;
#2513 = EDGE_CURVE ( 'NONE', #153, #3551, #374, .T. ) ;
#2514 = CARTESIAN_POINT ( 'NONE',  ( -2.741999999999999549, -1.587500000000000133, 0.000000000000000000 ) ) ;
#2515 = EDGE_CURVE ( 'NONE', #2829, #1043, #2743, .T. ) ;
#2516 = DIRECTION ( 'NONE',  ( 1.000000000000000000, 0.000000000000000000, 0.000000000000000000 ) ) ;
#2517 = CARTESIAN_POINT ( 'NONE',  ( -2.307735087980207656, -2.095500000000000362, 0.3810000000000000608 ) ) ;
#2518 = ORIENTED_EDGE ( 'NONE', *, *, #2224, .F. ) ;
#2519 = CARTESIAN_POINT ( 'NONE',  ( -2.235200000000000298, 2.095500000000000362, 0.2285999999999998034 ) ) ;
#2520 = CARTESIAN_POINT ( 'NONE',  ( 1.491957287525380593, 0.9120864945467263007, 1.019200000000000106 ) ) ;
#2521 = CIRCLE ( 'NONE', #1906, 0.2000000000000001221 ) ;
#2522 = ORIENTED_EDGE ( 'NONE', *, *, #3707, .F. ) ;
#2523 = CARTESIAN_POINT ( 'NONE',  ( -1.574799999999999978, 0.000000000000000000, 1.219200000000000061 ) ) ;
#2524 = DIRECTION ( 'NONE',  ( -0.7071067811865475727, 0.7071067811865475727, 0.000000000000000000 ) ) ;
#2525 = FACE_OUTER_BOUND ( 'NONE', #88, .T. ) ;
#2526 = CARTESIAN_POINT ( 'NONE',  ( -2.298700007898529130, 1.587499999999999911, 0.2245073061906101841 ) ) ;
#2527 = B_SPLINE_CURVE_WITH_KNOTS ( 'NONE', 3,
 ( #3095, #3662, #432, #391, #2705, #3603, #1296, #78 ),
 .UNSPECIFIED., .F., .F.,
 ( 4, 1, 1, 1, 1, 4 ),
 ( 0.07068915856424995425, 0.2500000000000000000, 0.5000000000000000000, 0.7500000000000000000, 0.8750000000000000000, 1.000000000000000000 ),
 .UNSPECIFIED. ) ;
#2528 =( NAMED_UNIT ( * ) SI_UNIT ( $, .STERADIAN. ) SOLID_ANGLE_UNIT ( ) );
#2529 = CARTESIAN_POINT ( 'NONE',  ( -1.182766006347821383E-16, -1.587500000000000133, 0.3809999999999995612 ) ) ;
#2530 = EDGE_LOOP ( 'NONE', ( #449, #400, #2121, #1124 ) ) ;
#2531 =( BOUNDED_SURFACE ( )  B_SPLINE_SURFACE ( 3, 2, ( 
 ( #2404, #2699, #1232 ),
 ( #16, #3559, #914 ),
 ( #346, #52, #1214 ),
 ( #3295, #2382, #2098 ) ),
 .UNSPECIFIED., .F., .F., .F. ) 
 B_SPLINE_SURFACE_WITH_KNOTS ( ( 4, 4 ),
 ( 3, 3 ),
 ( 2.867578449779636163, 3.415606857399949625 ),
 ( 0.000000000000000000, 1.000000000000000000 ),
 .UNSPECIFIED. ) 
 GEOMETRIC_REPRESENTATION_ITEM ( )  RATIONAL_B_SPLINE_SURFACE ( (
 ( 1.000000000000000000, 0.9238795325112865164, 1.000000000000000000),
 ( 1.000000000000000000, 0.9337238135068416378, 1.000000000000000000),
 ( 1.000000000000000000, 0.9337238135068426370, 1.000000000000000000),
 ( 1.000000000000000000, 0.9238795325112864054, 1.000000000000000000) ) ) 
 REPRESENTATION_ITEM ( '' )  SURFACE ( )  );
#2532 = CARTESIAN_POINT ( 'NONE',  ( 1.871821356237307832, 1.010852699902741181, 0.9221786437626908750 ) ) ;
#2533 =( GEOMETRIC_REPRESENTATION_CONTEXT ( 3 ) GLOBAL_UNCERTAINTY_ASSIGNED_CONTEXT ( ( #1145 ) ) GLOBAL_UNIT_ASSIGNED_CONTEXT ( ( #3439, #2545, #1336 ) ) REPRESENTATION_CONTEXT ( 'NONE', 'WORKASPACE' ) );
#2534 = EDGE_CURVE ( 'NONE', #919, #606, #3248, .T. ) ;
#2535 = DIRECTION ( 'NONE',  ( 0.6785983445458454444, -0.2810846377148198960, -0.6785983445458487751 ) ) ;
#2536 = CARTESIAN_POINT ( 'NONE',  ( 2.013242712474617502, 1.049042388392099623, 0.8635999999999999233 ) ) ;
#2537 = ORIENTED_EDGE ( 'NONE', *, *, #1358, .F. ) ;
#2538 = CIRCLE ( 'NONE', #1188, 1.000000000000000000 ) ;
#2539 = AXIS2_PLACEMENT_3D ( 'NONE', #1964, #2567, #2385 ) ;
#2540 = DIRECTION ( 'NONE',  ( 0.7071067811865475727, 0.7071067811865475727, 0.000000000000000000 ) ) ;
#2541 = CARTESIAN_POINT ( 'NONE',  ( 1.346199999999999841, 2.540000000000000036, 0.8636000000000000343 ) ) ;
#2542 = AXIS2_PLACEMENT_3D ( 'NONE', #185, #1342, #1614 ) ;
#2543 = CARTESIAN_POINT ( 'NONE',  ( 2.741999999999999549, 1.587500000000000133, 0.1523999999999995913 ) ) ;
#2544 = EDGE_LOOP ( 'NONE', ( #699, #205, #2179, #1709, #142, #2775, #3123, #3404 ) ) ;
#2545 =( NAMED_UNIT ( * ) PLANE_ANGLE_UNIT ( ) SI_UNIT ( $, .RADIAN. ) );
#2546 = CARTESIAN_POINT ( 'NONE',  ( 0.000000000000000000, 0.000000000000000000, 1.219200000000000061 ) ) ;
#2547 = DIRECTION ( 'NONE',  ( 0.7071067811865492381, 0.000000000000000000, 0.7071067811865457964 ) ) ;
#2548 = AXIS2_PLACEMENT_3D ( 'NONE', #3454, #543, #862 ) ;
#2549 = DIRECTION ( 'NONE',  ( -0.000000000000000000, 1.000000000000000000, -0.000000000000000000 ) ) ;
#2550 = DIRECTION ( 'NONE',  ( 1.000000000000000000, 0.000000000000000000, -3.104372720073025936E-16 ) ) ;
#2551 = DIRECTION ( 'NONE',  ( 0.7071067811865474617, -0.7071067811865474617, 0.000000000000000000 ) ) ;
#2552 = ORIENTED_EDGE ( 'NONE', *, *, #584, .T. ) ;
#2553 = CARTESIAN_POINT ( 'NONE',  ( -2.669464912019792191, -1.587500000000000133, -2.032879073410320814E-16 ) ) ;
#2554 = VERTEX_POINT ( 'NONE', #2954 ) ;
#2555 = EDGE_CURVE ( 'NONE', #1012, #3090, #661, .T. ) ;
#2556 = CARTESIAN_POINT ( 'NONE',  ( 1.065289660479048939, 1.929803402899463283, 0.8636000000000002563 ) ) ;
#2557 = CARTESIAN_POINT ( 'NONE',  ( -3.250000000000000000, -1.587500000000000133, 0.1524000000000000077 ) ) ;
#2558 = ORIENTED_EDGE ( 'NONE', *, *, #649, .T. ) ;
#2559 = CARTESIAN_POINT ( 'NONE',  ( 2.256388639112742123, 1.629811360887257976, 0.2286000000000000254 ) ) ;
#2560 = EDGE_CURVE ( 'NONE', #566, #3257, #2487, .T. ) ;
#2561 = CLOSED_SHELL ( 'NONE', ( #761, #317, #1544, #3035, #440, #1200, #533, #754, #2322, #1217, #1938, #2727, #2278, #1392, #1731, #3735, #1340, #1572, #1084, #2329, #2152, #3310, #750, #1521, #412, #1483, #494, #1649, #1930, #2067, #1365, #2962, #3127, #2620, #1361, #2503, #1511, #780, #3407, #1999, #302, #36, #1197, #2429, #1508, #836, #3365, #197, #507, #1380, #2041, #102, #2491, #3467, #2162, #3241, #2462, #923, #125, #2103, #1626, #2218, #1319, #369, #1442, #3151, #1136, #1258, #854, #1747, #3493, #1899, #1825, #1551, #57, #3186, #3611, #3204, #3720, #714, #1680, #1873, #738, #1478, #1531, #2157, #85, #29, #244, #2063, #41, #3592, #3030, #917, #2634, #3683, #1974, #1675, #580, #3004, #3343, #173, #800, #3246, #298, #558, #975, #2384, #2129, #1851, #1058, #368, #2392, #2684, #640, #2231 ) ) ;
#2562 = AXIS2_PLACEMENT_3D ( 'NONE', #1294, #2547, #3358 ) ;
#2563 = UNCERTAINTY_MEASURE_WITH_UNIT (LENGTH_MEASURE( 1.000000000000000082E-05 ), #932, 'distance_accuracy_value', 'NONE');
#2564 = EDGE_CURVE ( 'NONE', #542, #2126, #1571, .T. ) ;
#2565 = EDGE_LOOP ( 'NONE', ( #2629, #274, #3270, #3355, #933 ) ) ;
#2566 = DIRECTION ( 'NONE',  ( 0.000000000000000000, 0.000000000000000000, 1.000000000000000000 ) ) ;
#2567 = DIRECTION ( 'NONE',  ( -3.104372720073025936E-16, 0.000000000000000000, 1.000000000000000000 ) ) ;
#2568 = ORIENTED_EDGE ( 'NONE', *, *, #1668, .T. ) ;
#2569 = AXIS2_PLACEMENT_3D ( 'NONE', #339, #2134, #3290 ) ;
#2570 = CARTESIAN_POINT ( 'NONE',  ( 1.491957287525380593, 0.000000000000000000, 1.219200000000000061 ) ) ;
#2571 = PRESENTATION_STYLE_ASSIGNMENT (( #1400 ) ) ;
#2572 = EDGE_CURVE ( 'NONE', #2126, #3541, #1553, .T. ) ;
#2573 = CARTESIAN_POINT ( 'NONE',  ( -2.712296659499090712, 2.095500000000000362, 0.1523999999999998134 ) ) ;
#2574 = MECHANICAL_DESIGN_GEOMETRIC_PRESENTATION_REPRESENTATION (  '', ( #1585 ), #121 ) ;
#2575 = CARTESIAN_POINT ( 'NONE',  ( 2.500191311065981914, 1.587499999999999911, 0.03368382775259703282 ) ) ;
#2576 = CARTESIAN_POINT ( 'NONE',  ( -0.9573435648468264780, 1.459796164199844926, 1.292782479562845754 ) ) ;
#2577 = ORIENTED_EDGE ( 'NONE', *, *, #1291, .T. ) ;
#2578 = CARTESIAN_POINT ( 'NONE',  ( -2.256388639112742123, -1.629811360887257754, 0.2286000000000000254 ) ) ;
#2579 = CARTESIAN_POINT ( 'NONE',  ( 2.013242712474617502, 1.010852699902741181, 0.8636000000000000343 ) ) ;
#2580 = VERTEX_POINT ( 'NONE', #1515 ) ;
#2581 = CARTESIAN_POINT ( 'NONE',  ( -2.256387004048788114, -1.629812995951031240, 0.3810000000000000608 ) ) ;
#2582 = AXIS2_PLACEMENT_3D ( 'NONE', #2079, #3292, #49 ) ;
#2583 = LINE ( 'NONE', #1980, #3491 ) ;
#2584 = DIRECTION ( 'NONE',  ( 0.000000000000000000, 0.000000000000000000, 1.000000000000000000 ) ) ;
#2585 = ORIENTED_EDGE ( 'NONE', *, *, #484, .F. ) ;
#2586 = ORIENTED_EDGE ( 'NONE', *, *, #603, .T. ) ;
#2587 = PLANE ( 'NONE',  #3339 ) ;
#2588 = COLOUR_RGB ( '',1.000000000000000000, 0.9647058823529411908, 0.4352941176470588314 ) ;
#2589 = DIRECTION ( 'NONE',  ( -1.000000000000000000, 0.000000000000000000, -0.000000000000000000 ) ) ;
#2590 = ORIENTED_EDGE ( 'NONE', *, *, #2572, .T. ) ;
#2591 = EDGE_CURVE ( 'NONE', #3165, #3190, #2996, .T. ) ;
#2592 = LINE ( 'NONE', #3557, #710 ) ;
#2593 = DIRECTION ( 'NONE',  ( 0.000000000000000000, 0.000000000000000000, 1.000000000000000000 ) ) ;
#2594 = CARTESIAN_POINT ( 'NONE',  ( 2.386007996261652941, 1.587499999999999911, 0.1977735387928848676 ) ) ;
#2595 = FACE_OUTER_BOUND ( 'NONE', #3520, .T. ) ;
#2596 = VERTEX_POINT ( 'NONE', #1257 ) ;
#2597 = AXIS2_PLACEMENT_3D ( 'NONE', #1801, #5, #2338 ) ;
#2598 = EDGE_CURVE ( 'NONE', #653, #3551, #3307, .T. ) ;
#2599 = CARTESIAN_POINT ( 'NONE',  ( 2.642048799282909144, 2.095500000000000362, 0.1591029197505574033 ) ) ;
#2600 = CARTESIAN_POINT ( 'NONE',  ( 0.000000000000000000, 2.339999999999999858, 0.6636000000000000787 ) ) ;
#2601 = EDGE_LOOP ( 'NONE', ( #1306, #2439, #2292, #1667 ) ) ;
#2602 = LINE ( 'NONE', #798, #2730 ) ;
#2603 = DIRECTION ( 'NONE',  ( -0.7071067811865476838, -0.7071067811865473507, 0.000000000000000000 ) ) ;
#2604 = FACE_OUTER_BOUND ( 'NONE', #930, .T. ) ;
#2605 = CIRCLE ( 'NONE', #2353, 0.1999999999999999556 ) ;
#2606 = ORIENTED_EDGE ( 'NONE', *, *, #1784, .T. ) ;
#2607 = PRESENTATION_LAYER_ASSIGNMENT (  '', '', ( #470 ) ) ;
#2608 = UNCERTAINTY_MEASURE_WITH_UNIT (LENGTH_MEASURE( 1.000000000000000082E-05 ), #2450, 'distance_accuracy_value', 'NONE');
#2609 = ORIENTED_EDGE ( 'NONE', *, *, #639, .F. ) ;
#2610 = DIRECTION ( 'NONE',  ( -0.000000000000000000, -0.000000000000000000, -1.000000000000000000 ) ) ;
#2611 = CIRCLE ( 'NONE', #1133, 0.2000000000000000389 ) ;
#2612 = EDGE_CURVE ( 'NONE', #3709, #1875, #2390, .T. ) ;
#2613 = VECTOR ( 'NONE', #1480, 1000.000000000000000 ) ;
#2614 = CARTESIAN_POINT ( 'NONE',  ( 1.301042606982581162E-16, 2.095500000000000362, 0.1523999999999972599 ) ) ;
#2615 = PRESENTATION_STYLE_ASSIGNMENT (( #1440 ) ) ;
#2616 = EDGE_CURVE ( 'NONE', #46, #164, #354, .T. ) ;
#2617 = FACE_OUTER_BOUND ( 'NONE', #1055, .T. ) ;
#2618 = DIRECTION ( 'NONE',  ( 0.000000000000000000, -1.000000000000000000, 0.000000000000000000 ) ) ;
#2619 = ORIENTED_EDGE ( 'NONE', *, *, #1313, .F. ) ;
#2620 = ADVANCED_FACE ( 'NONE', ( #2706 ), #1240, .T. ) ;
#2621 = SURFACE_STYLE_USAGE ( .BOTH. , #10 ) ;
#2622 = CARTESIAN_POINT ( 'NONE',  ( -2.556176281307496190, -2.095500000000000362, 0.2228158283013659813 ) ) ;
#2623 = EDGE_LOOP ( 'NONE', ( #1785, #1067, #1886, #1813 ) ) ;
#2624 = EDGE_CURVE ( 'NONE', #2929, #2083, #3359, .T. ) ;
#2625 = LINE ( 'NONE', #3812, #980 ) ;
#2626 = CARTESIAN_POINT ( 'NONE',  ( -2.235200000000000298, -1.650999999999999801, 0.2285999999999998034 ) ) ;
#2627 = AXIS2_PLACEMENT_3D ( 'NONE', #3169, #3517, #1142 ) ;
#2628 = CARTESIAN_POINT ( 'NONE',  ( -2.540000000000000480, 0.7620000000000001217, 0.05080000000000000487 ) ) ;
#2629 = ORIENTED_EDGE ( 'NONE', *, *, #3430, .T. ) ;
#2630 = ORIENTED_EDGE ( 'NONE', *, *, #1087, .T. ) ;
#2631 = CARTESIAN_POINT ( 'NONE',  ( 1.930399999999998339, 1.210852699902741803, 0.8636000000000000343 ) ) ;
#2632 = VECTOR ( 'NONE', #1534, 1000.000000000000000 ) ;
#2633 =( NAMED_UNIT ( * ) SI_UNIT ( $, .STERADIAN. ) SOLID_ANGLE_UNIT ( ) );
#2634 = ADVANCED_FACE ( 'NONE', ( #2449 ), #3561, .F. ) ;
#2635 = CYLINDRICAL_SURFACE ( 'NONE', #3759, 0.1999999999999999556 ) ;
#2636 = CARTESIAN_POINT ( 'NONE',  ( 2.235200000000000298, 2.095500000000000362, 0.2286000000000000254 ) ) ;
#2637 = CARTESIAN_POINT ( 'NONE',  ( 1.000000000000000000, 1.224646799147353207E-16, 1.473200000000000287 ) ) ;
#2638 = EDGE_LOOP ( 'NONE', ( #3575, #1104, #3419, #1226 ) ) ;
#2639 = EDGE_CURVE ( 'NONE', #815, #2728, #2994, .T. ) ;
#2640 = PLANE ( 'NONE',  #3256 ) ;
#2641 = CARTESIAN_POINT ( 'NONE',  ( 0.000000000000000000, -2.095500000000000362, 0.000000000000000000 ) ) ;
#2642 = EDGE_CURVE ( 'NONE', #1043, #1917, #1871, .T. ) ;
#2643 = ORIENTED_EDGE ( 'NONE', *, *, #2111, .T. ) ;
#2644 = CARTESIAN_POINT ( 'NONE',  ( 1.346199999999999841, -2.540000000000000036, 0.6636000000000000787 ) ) ;
#2645 = ORIENTED_EDGE ( 'NONE', *, *, #407, .F. ) ;
#2646 = VECTOR ( 'NONE', #2396, 1000.000000000000000 ) ;
#2647 = ORIENTED_EDGE ( 'NONE', *, *, #515, .T. ) ;
#2648 = CARTESIAN_POINT ( 'NONE',  ( 1.847500577805374578, 1.098889857380008106, 0.9185457163043925233 ) ) ;
#2649 = PRESENTATION_STYLE_ASSIGNMENT (( #957 ) ) ;
#2650 = VERTEX_POINT ( 'NONE', #2428 ) ;
#2651 = CARTESIAN_POINT ( 'NONE',  ( -2.298700007898529130, 1.587499999999999911, 0.2245073061906101841 ) ) ;
#2652 = CARTESIAN_POINT ( 'NONE',  ( 2.540000000000000480, 0.7620000000000001217, 0.05080000000000000487 ) ) ;
#2653 = VERTEX_POINT ( 'NONE', #3014 ) ;
#2654 = CARTESIAN_POINT ( 'NONE',  ( 1.202021891036053391, 1.202021891036053391, 1.019200000000000106 ) ) ;
#2655 = FACE_OUTER_BOUND ( 'NONE', #357, .T. ) ;
#2656 = ORIENTED_EDGE ( 'NONE', *, *, #2050, .F. ) ;
#2657 = CIRCLE ( 'NONE', #3462, 0.1999999999999999833 ) ;
#2658 = CARTESIAN_POINT ( 'NONE',  ( 1.830399999999998029, 1.110852699902741492, 0.9221786437626906530 ) ) ;
#2659 = CARTESIAN_POINT ( 'NONE',  ( -2.540000000000000924, -0.7619999999999992335, 0.05080000000000000487 ) ) ;
#2660 = ORIENTED_EDGE ( 'NONE', *, *, #2325, .T. ) ;
#2661 = DIRECTION ( 'NONE',  ( 0.000000000000000000, -1.000000000000000000, 0.000000000000000000 ) ) ;
#2662 = CARTESIAN_POINT ( 'NONE',  ( -1.865016074013391423, -1.086636755655155051, 0.9148246414800683679 ) ) ;
#2663 = EDGE_CURVE ( 'NONE', #2856, #1281, #1066, .T. ) ;
#2664 = VECTOR ( 'NONE', #1030, 1000.000000000000000 ) ;
#2665 = FACE_OUTER_BOUND ( 'NONE', #212, .T. ) ;
#2666 = ORIENTED_EDGE ( 'NONE', *, *, #1726, .F. ) ;
#2667 = DIRECTION ( 'NONE',  ( -0.000000000000000000, 0.000000000000000000, -1.000000000000000000 ) ) ;
#2668 = CARTESIAN_POINT ( 'NONE',  ( 3.250000000000000000, -2.095500000000000362, 0.000000000000000000 ) ) ;
#2669 = AXIS2_PLACEMENT_3D ( 'NONE', #2834, #3711, #3108 ) ;
#2670 = CARTESIAN_POINT ( 'NONE',  ( 1.873762406673904035, -1.050400519181990511, 0.9166980889464491078 ) ) ;
#2671 = FACE_OUTER_BOUND ( 'NONE', #3300, .T. ) ;
#2672 = LINE ( 'NONE', #1757, #3537 ) ;
#2673 = VERTEX_POINT ( 'NONE', #999 ) ;
#2674 = EDGE_CURVE ( 'NONE', #293, #1049, #1320, .T. ) ;
#2675 = VERTEX_POINT ( 'NONE', #1610 ) ;
#2676 = SPHERICAL_SURFACE ( 'NONE', #3061, 0.2000000000000000111 ) ;
#2677 = CARTESIAN_POINT ( 'NONE',  ( -3.250000000000000000, 2.095500000000000362, 0.000000000000000000 ) ) ;
#2678 = PRESENTATION_STYLE_ASSIGNMENT (( #1504 ) ) ;
#2679 = VERTEX_POINT ( 'NONE', #941 ) ;
#2680 = EDGE_CURVE ( 'NONE', #3251, #153, #159, .T. ) ;
#2681 = LINE ( 'NONE', #2930, #3054 ) ;
#2682 = CARTESIAN_POINT ( 'NONE',  ( -2.013242712474617502, 1.010852699902741625, 1.063600000000000101 ) ) ;
#2683 = EDGE_CURVE ( 'NONE', #1280, #3628, #3498, .T. ) ;
#2684 = ADVANCED_FACE ( 'NONE', ( #1532 ), #77, .T. ) ;
#2685 = ORIENTED_EDGE ( 'NONE', *, *, #1317, .T. ) ;
#2686 = DIRECTION ( 'NONE',  ( -0.7071067811865474617, 0.7071067811865474617, -0.000000000000000000 ) ) ;
#2687 = CARTESIAN_POINT ( 'NONE',  ( -1.830399999999997807, -1.110852699902741492, 0.9221786437626908750 ) ) ;
#2688 = CARTESIAN_POINT ( 'NONE',  ( 1.301042606982581162E-16, 1.587500000000000133, 0.1523999999999972599 ) ) ;
#2689 = PRODUCT_DEFINITION ( 'UNKNOWN', '', #2468, #508 ) ;
#2690 = CARTESIAN_POINT ( 'NONE',  ( 0.000000000000000000, 0.000000000000000000, 1.219200000000000061 ) ) ;
#2691 = CARTESIAN_POINT ( 'NONE',  ( -2.540000000000000924, -0.7619999999999992335, 0.05080000000000000487 ) ) ;
#2692 = ORIENTED_EDGE ( 'NONE', *, *, #1029, .T. ) ;
#2693 = ORIENTED_EDGE ( 'NONE', *, *, #2092, .T. ) ;
#2694 = AXIS2_PLACEMENT_3D ( 'NONE', #3352, #1268, #1883 ) ;
#2695 = CARTESIAN_POINT ( 'NONE',  ( -2.235200000000000298, -2.095500000000000362, 0.3810000000000002829 ) ) ;
#2696 = FACE_OUTER_BOUND ( 'NONE', #2922, .T. ) ;
#2697 =( NAMED_UNIT ( * ) PLANE_ANGLE_UNIT ( ) SI_UNIT ( $, .RADIAN. ) );
#2698 = ORIENTED_EDGE ( 'NONE', *, *, #3283, .T. ) ;
#2699 = CARTESIAN_POINT ( 'NONE',  ( -1.930399999999998117, 1.010852699902741625, 0.8636000000000001453 ) ) ;
#2700 = FACE_OUTER_BOUND ( 'NONE', #613, .T. ) ;
#2701 = CARTESIAN_POINT ( 'NONE',  ( -1.089324557486501588, 1.919847822843319340, 0.8635999999999998122 ) ) ;
#2702 = ORIENTED_EDGE ( 'NONE', *, *, #1949, .T. ) ;
#2703 = EDGE_CURVE ( 'NONE', #1466, #1119, #2408, .T. ) ;
#2704 = DIRECTION ( 'NONE',  ( 1.000000000000000000, 0.000000000000000000, 0.000000000000000000 ) ) ;
#2705 = CARTESIAN_POINT ( 'NONE',  ( 2.591192003738346461, -1.587500000000000133, 0.1832264612071148047 ) ) ;
#2706 = FACE_OUTER_BOUND ( 'NONE', #713, .T. ) ;
#2707 = VECTOR ( 'NONE', #1687, 1000.000000000000000 ) ;
#2708 = DIRECTION ( 'NONE',  ( -0.000000000000000000, -0.000000000000000000, -1.000000000000000000 ) ) ;
#2709 = ORIENTED_EDGE ( 'NONE', *, *, #1263, .F. ) ;
#2710 = CARTESIAN_POINT ( 'NONE',  ( 1.302021891036053702, -1.302021891036053702, 1.160621356237309332 ) ) ;
#2711 =( LENGTH_UNIT ( ) NAMED_UNIT ( * ) SI_UNIT ( .MILLI., .METRE. ) );
#2712 = LINE ( 'NONE', #912, #3789 ) ;
#2713 = ORIENTED_EDGE ( 'NONE', *, *, #1596, .F. ) ;
#2714 = ORIENTED_EDGE ( 'NONE', *, *, #207, .F. ) ;
#2715 = CARTESIAN_POINT ( 'NONE',  ( 1.801678643762690379, -1.801678643762690379, 0.8636000000000000343 ) ) ;
#2716 = ORIENTED_EDGE ( 'NONE', *, *, #2818, .F. ) ;
#2717 = EDGE_CURVE ( 'NONE', #1835, #1301, #3602, .T. ) ;
#2718 = CARTESIAN_POINT ( 'NONE',  ( -2.277593307167583347, 1.608606698923399803, 0.2271400074800877245 ) ) ;
#2719 = FILL_AREA_STYLE_COLOUR ( '', #344 ) ;
#2720 = CARTESIAN_POINT ( 'NONE',  ( 0.8176768423956580767, 1.405453581120655882, 1.388546418879344824 ) ) ;
#2721 = VECTOR ( 'NONE', #3182, 1000.000000000000000 ) ;
#2722 = AXIS2_PLACEMENT_3D ( 'NONE', #1833, #2125, #2351 ) ;
#2723 = EDGE_CURVE ( 'NONE', #2434, #34, #1836, .T. ) ;
#2724 = CARTESIAN_POINT ( 'NONE',  ( 1.010852699902741181, 2.013242712474617502, 1.063600000000000101 ) ) ;
#2725 = LINE ( 'NONE', #2432, #3102 ) ;
#2726 = VERTEX_POINT ( 'NONE', #390 ) ;
#2727 = ADVANCED_FACE ( 'NONE', ( #115 ), #1550, .T. ) ;
#2728 = VERTEX_POINT ( 'NONE', #2279 ) ;
#2729 = CARTESIAN_POINT ( 'NONE',  ( -1.067330608908788392, 1.866749733896870600, 0.9166980889464495519 ) ) ;
#2730 = VECTOR ( 'NONE', #1719, 1000.000000000000000 ) ;
#2731 = FACE_OUTER_BOUND ( 'NONE', #1701, .T. ) ;
#2732 = CARTESIAN_POINT ( 'NONE',  ( -2.642048799282909144, -2.095500000000000362, 0.1591029197505574033 ) ) ;
#2733 = ORIENTED_EDGE ( 'NONE', *, *, #2224, .T. ) ;
#2734 = CARTESIAN_POINT ( 'NONE',  ( 2.500191311065981914, -1.587499999999999911, 0.03368382775259703282 ) ) ;
#2735 = DIRECTION ( 'NONE',  ( -0.7071067811865474617, -0.7071067811865474617, -0.000000000000000000 ) ) ;
#2736 = FACE_OUTER_BOUND ( 'NONE', #68, .T. ) ;
#2737 = ORIENTED_EDGE ( 'NONE', *, *, #3210, .F. ) ;
#2738 = FACE_OUTER_BOUND ( 'NONE', #1230, .T. ) ;
#2739 = EDGE_CURVE ( 'NONE', #1076, #1829, #2878, .T. ) ;
#2740 = DIRECTION ( 'NONE',  ( 0.000000000000000000, 0.000000000000000000, -1.000000000000000000 ) ) ;
#2741 = SURFACE_SIDE_STYLE ('',( #1570 ) ) ;
#2742 = CARTESIAN_POINT ( 'NONE',  ( -1.346199999999999841, 2.540000000000000036, 0.8636000000000000343 ) ) ;
#2743 = CIRCLE ( 'NONE', #306, 0.2000000000000000944 ) ;
#2744 = EDGE_CURVE ( 'NONE', #3695, #1583, #802, .T. ) ;
#2745 = DIRECTION ( 'NONE',  ( 0.000000000000000000, 0.000000000000000000, -1.000000000000000000 ) ) ;
#2746 = EDGE_LOOP ( 'NONE', ( #1191, #1850, #1061, #2896, #2352, #637, #2496, #2937 ) ) ;
#2747 = DIRECTION ( 'NONE',  ( 1.000000000000000000, 0.000000000000000000, 0.000000000000000000 ) ) ;
#2748 = VECTOR ( 'NONE', #2747, 1000.000000000000000 ) ;
#2749 = EDGE_CURVE ( 'NONE', #1953, #2650, #1968, .T. ) ;
#2750 =( NAMED_UNIT ( * ) PLANE_ANGLE_UNIT ( ) SI_UNIT ( $, .RADIAN. ) );
#2751 = CARTESIAN_POINT ( 'NONE',  ( 2.457157287525380429, -1.311885424949237544, 0.8636000000000000343 ) ) ;
#2752 = VERTEX_POINT ( 'NONE', #3681 ) ;
#2753 = CARTESIAN_POINT ( 'NONE',  ( -2.642048799282909144, 1.587500000000000133, 0.1591029197505574033 ) ) ;
#2754 = AXIS2_PLACEMENT_3D ( 'NONE', #3362, #3075, #454 ) ;
#2755 = VECTOR ( 'NONE', #3686, 1000.000000000000114 ) ;
#2756 = DIRECTION ( 'NONE',  ( 0.000000000000000000, -1.000000000000000000, 0.000000000000000000 ) ) ;
#2757 = EDGE_LOOP ( 'NONE', ( #1414, #753, #1658, #133 ) ) ;
#2758 = DIRECTION ( 'NONE',  ( 0.000000000000000000, -1.000000000000000000, 0.000000000000000000 ) ) ;
#2759 = PLANE ( 'NONE',  #1881 ) ;
#2760 = SURFACE_STYLE_FILL_AREA ( #1275 ) ;
#2761 = AXIS2_PLACEMENT_3D ( 'NONE', #2267, #2225, #521 ) ;
#2762 =( NAMED_UNIT ( * ) PLANE_ANGLE_UNIT ( ) SI_UNIT ( $, .RADIAN. ) );
#2763 = CARTESIAN_POINT ( 'NONE',  ( -2.540000000000000036, 1.346200000000000063, 0.3810000000000003939 ) ) ;
#2764 = EDGE_LOOP ( 'NONE', ( #3106, #1242, #2309, #2363 ) ) ;
#2765 = EDGE_LOOP ( 'NONE', ( #2137, #2315, #2522, #1286 ) ) ;
#2766 = CARTESIAN_POINT ( 'NONE',  ( 1.010852699902741181, -1.871821356237307832, 0.9221786437626907640 ) ) ;
#2767 = AXIS2_PLACEMENT_3D ( 'NONE', #235, #3797, #2910 ) ;
#2768 = PRESENTATION_STYLE_ASSIGNMENT (( #482 ) ) ;
#2769 = CARTESIAN_POINT ( 'NONE',  ( 1.930399999999997895, -1.210852699902741803, 0.8636000000000000343 ) ) ;
#2770 = ORIENTED_EDGE ( 'NONE', *, *, #24, .F. ) ;
#2771 = DIRECTION ( 'NONE',  ( 0.7071067811865474617, -0.7071067811865474617, -0.000000000000000000 ) ) ;
#2772 =( NAMED_UNIT ( * ) SI_UNIT ( $, .STERADIAN. ) SOLID_ANGLE_UNIT ( ) );
#2773 = LINE ( 'NONE', #1905, #3771 ) ;
#2774 = EDGE_CURVE ( 'NONE', #2596, #2728, #239, .T. ) ;
#2775 = ORIENTED_EDGE ( 'NONE', *, *, #2955, .T. ) ;
#2776 = DIRECTION ( 'NONE',  ( 0.000000000000000000, 1.000000000000000000, 0.000000000000000000 ) ) ;
#2777 = DIRECTION ( 'NONE',  ( -3.104372720073025936E-16, 0.000000000000000000, -1.000000000000000000 ) ) ;
#2778 = CARTESIAN_POINT ( 'NONE',  ( -2.540000000000000036, 1.346200000000000063, 0.6636000000000000787 ) ) ;
#2779 = CARTESIAN_POINT ( 'NONE',  ( 1.992138358161261502, -1.119268277646403575, 0.8636000000000000343 ) ) ;
#2780 = FILL_AREA_STYLE ('',( #3422 ) ) ;
#2781 = VECTOR ( 'NONE', #1418, 1000.000000000000000 ) ;
#2782 = AXIS2_PLACEMENT_3D ( 'NONE', #1013, #2524, #134 ) ;
#2783 = CARTESIAN_POINT ( 'NONE',  ( 0.000000000000000000, 2.095500000000000362, 0.000000000000000000 ) ) ;
#2784 = ORIENTED_EDGE ( 'NONE', *, *, #2849, .F. ) ;
#2785 = DIRECTION ( 'NONE',  ( -1.000000000000000000, -0.000000000000000000, 0.000000000000000000 ) ) ;
#2786 = VERTEX_POINT ( 'NONE', #2526 ) ;
#2787 = STYLED_ITEM ( 'NONE', ( #1712 ), #1365 ) ;
#2788 = VECTOR ( 'NONE', #1914, 1000.000000000000000 ) ;
#2789 = PLANE ( 'NONE',  #3624 ) ;
#2790 = CARTESIAN_POINT ( 'NONE',  ( 2.307735087980207656, -1.587500000000000133, 0.3810000000000000608 ) ) ;
#2791 =( BOUNDED_CURVE ( )  B_SPLINE_CURVE ( 3, ( #2936, #1459, #1187, #1154 ),
 .UNSPECIFIED., .F., .F. ) 
 B_SPLINE_CURVE_WITH_KNOTS ( ( 4, 4 ),
 ( 6.009171103369428835, 6.283185307179586232 ),
 .UNSPECIFIED. ) 
 CURVE ( )  GEOMETRIC_REPRESENTATION_ITEM ( )  RATIONAL_B_SPLINE_CURVE ( ( 1.000000000000000000, 0.9937527993431576334, 0.9937527993431576334, 1.000000000000000000 ) ) 
 REPRESENTATION_ITEM ( '' )  );
#2792 = CARTESIAN_POINT ( 'NONE',  ( -2.540000000000000480, 0.7620000000000001217, 0.000000000000000000 ) ) ;
#2793 = EDGE_CURVE ( 'NONE', #1266, #618, #3595, .T. ) ;
#2794 = ORIENTED_EDGE ( 'NONE', *, *, #2092, .F. ) ;
#2795 = CARTESIAN_POINT ( 'NONE',  ( 2.741999999999999549, -1.587499999999999911, -2.032879073410320814E-16 ) ) ;
#2796 = CARTESIAN_POINT ( 'NONE',  ( -2.741999999999999549, -1.587500000000000133, 0.000000000000000000 ) ) ;
#2797 = VECTOR ( 'NONE', #1582, 1000.000000000000114 ) ;
#2798 = FACE_OUTER_BOUND ( 'NONE', #1536, .T. ) ;
#2799 = EDGE_CURVE ( 'NONE', #164, #252, #747, .T. ) ;
#2800 = ORIENTED_EDGE ( 'NONE', *, *, #2744, .F. ) ;
#2801 = CARTESIAN_POINT ( 'NONE',  ( 1.152274056140051073, -1.871821356237308276, 0.8635999999999999233 ) ) ;
#2802 = EDGE_CURVE ( 'NONE', #2083, #857, #3114, .T. ) ;
#2803 = DIRECTION ( 'NONE',  ( -0.7071067811865475727, -0.7071067811865475727, -0.000000000000000000 ) ) ;
#2804 = EDGE_CURVE ( 'NONE', #1335, #2653, #225, .T. ) ;
#2805 = CARTESIAN_POINT ( 'NONE',  ( -1.879175358519930228, 1.052453218965970771, 0.9148246414800683679 ) ) ;
#2806 = CIRCLE ( 'NONE', #1512, 0.2000000000000000944 ) ;
#2807 = FACE_OUTER_BOUND ( 'NONE', #2890, .T. ) ;
#2808 = B_SPLINE_CURVE_WITH_KNOTS ( 'NONE', 3,
 ( #964, #1299, #3308, #1279, #2148, #718, #680, #3643 ),
 .UNSPECIFIED., .F., .F.,
 ( 4, 1, 1, 1, 1, 4 ),
 ( 0.07068915856424995425, 0.2500000000000000000, 0.5000000000000000000, 0.7500000000000000000, 0.8750000000000000000, 1.000000000000000000 ),
 .UNSPECIFIED. ) ;
#2809 = CARTESIAN_POINT ( 'NONE',  ( 2.540000000000000036, 1.346199999999999841, 0.000000000000000000 ) ) ;
#2810 = VERTEX_POINT ( 'NONE', #1073 ) ;
#2811 = CARTESIAN_POINT ( 'NONE',  ( 1.930399999999998339, 1.010852699902741181, 0.8635999999999999233 ) ) ;
#2812 = ORIENTED_EDGE ( 'NONE', *, *, #1475, .F. ) ;
#2813 = VECTOR ( 'NONE', #496, 1000.000000000000000 ) ;
#2814 = DIRECTION ( 'NONE',  ( 0.000000000000000000, -0.7071067811865492381, 0.7071067811865457964 ) ) ;
#2815 = CARTESIAN_POINT ( 'NONE',  ( -1.110852699902741492, 1.830399999999998029, 0.9221786437626908750 ) ) ;
#2816 = VERTEX_POINT ( 'NONE', #2238 ) ;
#2817 = DIRECTION ( 'NONE',  ( -0.2810846377148196740, -0.6785983445458456664, 0.6785983445458486640 ) ) ;
#2818 = EDGE_CURVE ( 'NONE', #2461, #1684, #785, .T. ) ;
#2819 = ORIENTED_EDGE ( 'NONE', *, *, #968, .T. ) ;
#2820 = CARTESIAN_POINT ( 'NONE',  ( 2.500191311065981914, 2.095500000000000362, 0.03368382775259703282 ) ) ;
#2821 = FACE_OUTER_BOUND ( 'NONE', #1424, .T. ) ;
#2822 = ORIENTED_EDGE ( 'NONE', *, *, #2118, .T. ) ;
#2823 = CARTESIAN_POINT ( 'NONE',  ( -2.540000000000000036, 1.346200000000000063, 0.8636000000000000343 ) ) ;
#2824 = DIRECTION ( 'NONE',  ( -1.000000000000000000, 0.000000000000000000, -0.000000000000000000 ) ) ;
#2825 = EDGE_CURVE ( 'NONE', #265, #1176, #151, .T. ) ;
#2826 = CARTESIAN_POINT ( 'NONE',  ( 1.790699999999999958, -2.095500000000000362, 0.8636000000000000343 ) ) ;
#2827 = ORIENTED_EDGE ( 'NONE', *, *, #1040, .T. ) ;
#2828 = CARTESIAN_POINT ( 'NONE',  ( 1.992138358161261502, 1.119268277646403575, 0.8636000000000000343 ) ) ;
#2829 = VERTEX_POINT ( 'NONE', #1539 ) ;
#2830 = CARTESIAN_POINT ( 'NONE',  ( 2.591192003738346461, 2.095500000000000362, 0.1832264612071148047 ) ) ;
#2831 = LINE ( 'NONE', #1366, #2721 ) ;
#2832 = ORIENTED_EDGE ( 'NONE', *, *, #261, .T. ) ;
#2833 = CARTESIAN_POINT ( 'NONE',  ( -2.235200000000000298, -1.650999999999999801, 0.3810000000000002829 ) ) ;
#2834 = CARTESIAN_POINT ( 'NONE',  ( 0.000000000000000000, -2.013242712474617502, 1.063600000000000101 ) ) ;
#2835 = VECTOR ( 'NONE', #1064, 1000.000000000000000 ) ;
#2836 = EDGE_LOOP ( 'NONE', ( #1962, #3207, #3328, #1744, #2386, #977 ) ) ;
#2837 = CARTESIAN_POINT ( 'NONE',  ( -0.9120864945467260787, 1.491957287525380593, 1.219200000000000061 ) ) ;
#2838 = ORIENTED_EDGE ( 'NONE', *, *, #418, .T. ) ;
#2839 = LINE ( 'NONE', #1910, #2872 ) ;
#2840 = CARTESIAN_POINT ( 'NONE',  ( 2.556176281307496190, 2.095500000000000362, 0.2228158283013659813 ) ) ;
#2841 = EDGE_CURVE ( 'NONE', #1012, #758, #2410, .T. ) ;
#2842 = LINE ( 'NONE', #3380, #794 ) ;
#2843 = CARTESIAN_POINT ( 'NONE',  ( -1.346199999999999841, 2.540000000000000036, 0.000000000000000000 ) ) ;
#2844 = ORIENTED_EDGE ( 'NONE', *, *, #2919, .F. ) ;
#2845 = EDGE_CURVE ( 'NONE', #1273, #1522, #67, .T. ) ;
#2846 = CARTESIAN_POINT ( 'NONE',  ( 2.013242712474617502, 1.010852699902741181, 0.8636000000000000343 ) ) ;
#2847 = AXIS2_PLACEMENT_3D ( 'NONE', #2504, #2566, #782 ) ;
#2848 = CARTESIAN_POINT ( 'NONE',  ( 2.556176281307496190, 1.587500000000000133, 0.2228158283013659813 ) ) ;
#2849 = EDGE_CURVE ( 'NONE', #1326, #1831, #2981, .T. ) ;
#2850 = CARTESIAN_POINT ( 'NONE',  ( -2.421023718692504101, -2.095500000000000362, 0.1581841716986339685 ) ) ;
#2851 = ORIENTED_EDGE ( 'NONE', *, *, #466, .T. ) ;
#2852 = CIRCLE ( 'NONE', #3342, 0.2000000000000001221 ) ;
#2853 = LINE ( 'NONE', #3184, #413 ) ;
#2854 = CARTESIAN_POINT ( 'NONE',  ( 1.153031457324373843, 1.978153191002128386, 0.8636000000000000343 ) ) ;
#2855 = SURFACE_STYLE_FILL_AREA ( #3170 ) ;
#2856 = VERTEX_POINT ( 'NONE', #1195 ) ;
#2857 = PRESENTATION_STYLE_ASSIGNMENT (( #1690 ) ) ;
#2858 = VERTEX_POINT ( 'NONE', #2120 ) ;
#2859 = CARTESIAN_POINT ( 'NONE',  ( -1.301042606982581162E-16, -1.587500000000000133, 0.1523999999999972599 ) ) ;
#2860 = DIRECTION ( 'NONE',  ( -0.9238795325112865164, -0.3826834323650903924, 0.000000000000000000 ) ) ;
#2861 = CARTESIAN_POINT ( 'NONE',  ( 1.790699999999999958, 2.095500000000000362, 0.2285999999999998034 ) ) ;
#2862 = DIRECTION ( 'NONE',  ( 0.000000000000000000, 0.000000000000000000, 1.000000000000000000 ) ) ;
#2863 = CARTESIAN_POINT ( 'NONE',  ( 2.741999999999999549, -2.095500000000000362, 0.000000000000000000 ) ) ;
#2864 = ORIENTED_EDGE ( 'NONE', *, *, #1596, .T. ) ;
#2865 = CARTESIAN_POINT ( 'NONE',  ( 2.712296659499090712, 2.095500000000000362, 0.1523999999999998134 ) ) ;
#2866 = CARTESIAN_POINT ( 'NONE',  ( -2.556176281307496190, -1.587500000000000133, 0.2228158283013659813 ) ) ;
#2867 = VERTEX_POINT ( 'NONE', #3293 ) ;
#2868 = CARTESIAN_POINT ( 'NONE',  ( -1.119268277646403353, 1.992138358161261058, 0.8635999999999999233 ) ) ;
#2869 = CARTESIAN_POINT ( 'NONE',  ( -1.346199999999999841, -2.540000000000000036, 0.000000000000000000 ) ) ;
#2870 = EDGE_CURVE ( 'NONE', #965, #2829, #2123, .T. ) ;
#2871 = CYLINDRICAL_SURFACE ( 'NONE', #1604, 0.1999999999999999833 ) ;
#2872 = VECTOR ( 'NONE', #3377, 1000.000000000000114 ) ;
#2873 = VERTEX_POINT ( 'NONE', #1730 ) ;
#2874 = UNCERTAINTY_MEASURE_WITH_UNIT (LENGTH_MEASURE( 1.000000000000000082E-05 ), #2031, 'distance_accuracy_value', 'NONE');
#2875 = ORIENTED_EDGE ( 'NONE', *, *, #3137, .T. ) ;
#2876 = DIRECTION ( 'NONE',  ( -0.6785983445458454444, 0.2810846377148199515, -0.6785983445458487751 ) ) ;
#2877 = ORIENTED_EDGE ( 'NONE', *, *, #3386, .F. ) ;
#2878 = LINE ( 'NONE', #473, #3167 ) ;
#2879 = DIRECTION ( 'NONE',  ( -1.000000000000000000, 0.000000000000000000, -8.537024980200817874E-16 ) ) ;
#2880 = CARTESIAN_POINT ( 'NONE',  ( 0.000000000000000000, 0.000000000000000000, 1.524000000000000243 ) ) ;
#2881 = LINE ( 'NONE', #772, #3727 ) ;
#2882 = VERTEX_POINT ( 'NONE', #325 ) ;
#2883 = CARTESIAN_POINT ( 'NONE',  ( 2.477008688934016600, 2.095500000000000362, 0.3473161722474025770 ) ) ;
#2884 = CARTESIAN_POINT ( 'NONE',  ( 2.235200000000000298, 1.650999999999999801, 0.2285999999999998034 ) ) ;
#2885 = EDGE_LOOP ( 'NONE', ( #2347, #958, #243 ) ) ;
#2886 = FACE_OUTER_BOUND ( 'NONE', #2912, .T. ) ;
#2887 = VECTOR ( 'NONE', #2923, 1000.000000000000000 ) ;
#2888 = DIRECTION ( 'NONE',  ( 0.000000000000000000, -1.000000000000000000, 0.000000000000000000 ) ) ;
#2889 = CARTESIAN_POINT ( 'NONE',  ( -1.119268277646403353, 1.992138358161261058, 0.8635999999999999233 ) ) ;
#2890 = EDGE_LOOP ( 'NONE', ( #1518, #2086, #3059, #2169 ) ) ;
#2891 = EDGE_CURVE ( 'NONE', #3289, #1207, #2605, .T. ) ;
#2892 = ORIENTED_EDGE ( 'NONE', *, *, #2139, .T. ) ;
#2893 = DIRECTION ( 'NONE',  ( -1.000000000000000000, 0.000000000000000000, 0.000000000000000000 ) ) ;
#2894 = CIRCLE ( 'NONE', #3576, 0.2000000000000001221 ) ;
#2895 = SURFACE_STYLE_FILL_AREA ( #3780 ) ;
#2896 = ORIENTED_EDGE ( 'NONE', *, *, #2898, .T. ) ;
#2897 = CARTESIAN_POINT ( 'NONE',  ( 1.049042388392099623, 2.013242712474617058, 0.8635999999999999233 ) ) ;
#2898 = EDGE_CURVE ( 'NONE', #1599, #2675, #87, .T. ) ;
#2899 = B_SPLINE_SURFACE_WITH_KNOTS ( 'NONE', 3, 1, ( 
 ( #286, #1700 ),
 ( #2268, #211 ),
 ( #522, #1683 ),
 ( #2866, #2622 ),
 ( #3769, #1081 ),
 ( #231, #3792 ),
 ( #3451, #1998 ),
 ( #3810, #1738 ) ),
 .UNSPECIFIED., .F., .F., .F.,
 ( 4, 1, 1, 1, 1, 4 ),
 ( 2, 2 ),
 ( 0.000000000000000000, 0.2500000000000000000, 0.5000000000000000000, 0.7500000000000000000, 0.8750000000000000000, 1.000000000000000000 ),
 ( 0.000000000000000000, 1.000000000000000000 ),
 .UNSPECIFIED. ) ;
#2900 = FILL_AREA_STYLE_COLOUR ( '', #790 ) ;
#2901 = LINE ( 'NONE', #2935, #651 ) ;
#2902 = CARTESIAN_POINT ( 'NONE',  ( 2.386007996261652941, -2.095500000000000362, 0.1977735387928848676 ) ) ;
#2903 = ORIENTED_EDGE ( 'NONE', *, *, #3026, .F. ) ;
#2904 = CARTESIAN_POINT ( 'NONE',  ( 2.540000000000000036, -0.7620000000000010099, 0.05080000000000000487 ) ) ;
#2905 = CARTESIAN_POINT ( 'NONE',  ( 2.298699999996559828, 1.587500000000000355, 0.3770624206668726774 ) ) ;
#2906 = ORIENTED_EDGE ( 'NONE', *, *, #2870, .F. ) ;
#2907 = DIRECTION ( 'NONE',  ( 1.000000000000000000, 0.000000000000000000, 0.000000000000000000 ) ) ;
#2908 = DIRECTION ( 'NONE',  ( 1.000000000000000000, 0.000000000000000000, 0.000000000000000000 ) ) ;
#2909 = EDGE_CURVE ( 'NONE', #1546, #1978, #2592, .T. ) ;
#2910 = DIRECTION ( 'NONE',  ( 0.7071067811865475727, 0.7071067811865475727, 0.000000000000000000 ) ) ;
#2911 = CIRCLE ( 'NONE', #2106, 0.1999999999999999833 ) ;
#2912 = EDGE_LOOP ( 'NONE', ( #1490, #1072, #3512, #955 ) ) ;
#2913 = ORIENTED_EDGE ( 'NONE', *, *, #3013, .F. ) ;
#2914 =( NAMED_UNIT ( * ) PLANE_ANGLE_UNIT ( ) SI_UNIT ( $, .RADIAN. ) );
#2915 = VECTOR ( 'NONE', #3139, 1000.000000000000000 ) ;
#2916 = EDGE_CURVE ( 'NONE', #3461, #857, #2712, .T. ) ;
#2917 = CARTESIAN_POINT ( 'NONE',  ( -2.298700007898529130, -1.587499999999999911, 0.2245073061906101841 ) ) ;
#2918 = EDGE_CURVE ( 'NONE', #3541, #46, #3314, .T. ) ;
#2919 = EDGE_CURVE ( 'NONE', #3461, #252, #2095, .T. ) ;
#2920 = CARTESIAN_POINT ( 'NONE',  ( -1.119268277646403353, 1.992138358161261058, 1.063600000000000101 ) ) ;
#2921 = CARTESIAN_POINT ( 'NONE',  ( -1.930399999999998339, 1.210852699902742025, 0.8636000000000000343 ) ) ;
#2922 = EDGE_LOOP ( 'NONE', ( #903, #2568, #2943 ) ) ;
#2923 = DIRECTION ( 'NONE',  ( 0.000000000000000000, -1.000000000000000000, 0.000000000000000000 ) ) ;
#2924 = DIRECTION ( 'NONE',  ( 0.000000000000000000, -1.000000000000000000, -0.000000000000000000 ) ) ;
#2925 = ORIENTED_EDGE ( 'NONE', *, *, #2598, .F. ) ;
#2926 = ORIENTED_EDGE ( 'NONE', *, *, #2534, .F. ) ;
#2927 = CYLINDRICAL_SURFACE ( 'NONE', #175, 0.1999999999999999556 ) ;
#2928 =( NAMED_UNIT ( * ) SI_UNIT ( $, .STERADIAN. ) SOLID_ANGLE_UNIT ( ) );
#2929 = VERTEX_POINT ( 'NONE', #1845 ) ;
#2930 = CARTESIAN_POINT ( 'NONE',  ( 2.540000000000000036, 1.346199999999999841, 0.000000000000000000 ) ) ;
#2931 = AXIS2_PLACEMENT_3D ( 'NONE', #3740, #430, #784 ) ;
#2932 =( NAMED_UNIT ( * ) SI_UNIT ( $, .STERADIAN. ) SOLID_ANGLE_UNIT ( ) );
#2933 = EDGE_LOOP ( 'NONE', ( #1146, #1568, #1636, #3160 ) ) ;
#2934 = AXIS2_PLACEMENT_3D ( 'NONE', #3252, #910, #3312 ) ;
#2935 = CARTESIAN_POINT ( 'NONE',  ( -2.013242712474617502, 0.000000000000000000, 0.8636000000000000343 ) ) ;
#2936 = CARTESIAN_POINT ( 'NONE',  ( 1.871821356237307832, 1.010852699902741181, 0.9221786437626907640 ) ) ;
#2937 = ORIENTED_EDGE ( 'NONE', *, *, #628, .T. ) ;
#2938 = STYLED_ITEM ( 'NONE', ( #2219 ), #1217 ) ;
#2939 = VECTOR ( 'NONE', #1749, 1000.000000000000114 ) ;
#2940 = B_SPLINE_CURVE_WITH_KNOTS ( 'NONE', 3,
 ( #3665, #2201, #139, #3381, #2473, #455, #751, #3097 ),
 .UNSPECIFIED., .F., .F.,
 ( 4, 1, 1, 1, 1, 4 ),
 ( 0.000000000000000000, 0.2500000000000000000, 0.5000000000000000000, 0.7500000000000000000, 0.8750000000000000000, 1.000000000000000000 ),
 .UNSPECIFIED. ) ;
#2941 = LINE ( 'NONE', #320, #2613 ) ;
#2942 = ORIENTED_EDGE ( 'NONE', *, *, #2200, .F. ) ;
#2943 = ORIENTED_EDGE ( 'NONE', *, *, #858, .F. ) ;
#2944 = CARTESIAN_POINT ( 'NONE',  ( 1.346199999999999841, 2.540000000000000036, 0.6636000000000000787 ) ) ;
#2945 = ORIENTED_EDGE ( 'NONE', *, *, #1789, .F. ) ;
#2946 = AXIS2_PLACEMENT_3D ( 'NONE', #944, #1756, #1479 ) ;
#2947 = DIRECTION ( 'NONE',  ( -1.000000000000000000, -0.000000000000000000, -0.000000000000000000 ) ) ;
#2948 = DIRECTION ( 'NONE',  ( -1.000000000000000000, 0.000000000000000000, 0.000000000000000000 ) ) ;
#2949 = CARTESIAN_POINT ( 'NONE',  ( 1.067330608908788836, 1.866749733896871266, 0.9166980889464491078 ) ) ;
#2950 = VERTEX_POINT ( 'NONE', #2136 ) ;
#2951 =( NAMED_UNIT ( * ) SI_UNIT ( $, .STERADIAN. ) SOLID_ANGLE_UNIT ( ) );
#2952 = EDGE_CURVE ( 'NONE', #1574, #542, #2096, .T. ) ;
#2953 = LINE ( 'NONE', #3282, #3582 ) ;
#2954 = CARTESIAN_POINT ( 'NONE',  ( 1.790699999999999958, -2.095500000000000362, 0.3810000000000002829 ) ) ;
#2955 = EDGE_CURVE ( 'NONE', #3714, #1367, #3782, .T. ) ;
#2956 = CARTESIAN_POINT ( 'NONE',  ( 1.210852699902741803, 1.930399999999998339, 0.8636000000000000343 ) ) ;
#2957 = LINE ( 'NONE', #1775, #2109 ) ;
#2958 = ORIENTED_EDGE ( 'NONE', *, *, #418, .F. ) ;
#2959 = ORIENTED_EDGE ( 'NONE', *, *, #1602, .T. ) ;
#2960 = AXIS2_PLACEMENT_3D ( 'NONE', #260, #2014, #2300 ) ;
#2961 = DIRECTION ( 'NONE',  ( 0.000000000000000000, -4.336808689942017736E-15, -1.000000000000000000 ) ) ;
#2962 = ADVANCED_FACE ( 'NONE', ( #2013 ), #1128, .T. ) ;
#2963 = CARTESIAN_POINT ( 'NONE',  ( 2.235200000000000298, -2.095500000000000362, 0.2285999999999998034 ) ) ;
#2964 = SURFACE_STYLE_FILL_AREA ( #1796 ) ;
#2965 = ORIENTED_EDGE ( 'NONE', *, *, #1398, .T. ) ;
#2966 = EDGE_LOOP ( 'NONE', ( #883, #27, #719, #301 ) ) ;
#2967 = CARTESIAN_POINT ( 'NONE',  ( 2.669464912019792191, 1.587500000000000133, -2.032879073410320814E-16 ) ) ;
#2968 = PRESENTATION_LAYER_ASSIGNMENT (  '', '', ( #767 ) ) ;
#2969 = B_SPLINE_CURVE_WITH_KNOTS ( 'NONE', 3,
 ( #3330, #3020, #2150, #646, #3555, #1501, #3041, #1227 ),
 .UNSPECIFIED., .F., .F.,
 ( 4, 1, 1, 1, 1, 4 ),
 ( 0.07068915856424995425, 0.2500000000000000000, 0.5000000000000000000, 0.7500000000000000000, 0.8750000000000000000, 1.000000000000000000 ),
 .UNSPECIFIED. ) ;
#2970 = ORIENTED_EDGE ( 'NONE', *, *, #2825, .T. ) ;
#2971 = STYLED_ITEM ( 'NONE', ( #2678 ), #2962 ) ;
#2972 = CARTESIAN_POINT ( 'NONE',  ( 2.741999999999999549, -2.095500000000000362, 0.1523999999999995913 ) ) ;
#2973 = CARTESIAN_POINT ( 'NONE',  ( -1.871821356237307166, -1.152274056140050851, 0.8636000000000001453 ) ) ;
#2974 = EDGE_CURVE ( 'NONE', #55, #153, #2226, .T. ) ;
#2975 = STYLED_ITEM ( 'NONE', ( #1643 ), #754 ) ;
#2976 = LINE ( 'NONE', #2688, #2131 ) ;
#2977 = FACE_OUTER_BOUND ( 'NONE', #1165, .T. ) ;
#2978 = CARTESIAN_POINT ( 'NONE',  ( 1.871821356237307832, 1.010852699902741181, 0.9221786437626907640 ) ) ;
#2979 = ORIENTED_EDGE ( 'NONE', *, *, #3361, .F. ) ;
#2980 = ORIENTED_EDGE ( 'NONE', *, *, #1305, .F. ) ;
#2981 = B_SPLINE_CURVE_WITH_KNOTS ( 'NONE', 3,
 ( #2420, #50, #1828, #362 ),
 .UNSPECIFIED., .F., .F.,
 ( 4, 4 ),
 ( 2.121047654227618843E-15, 8.988884541580470836E-05 ),
 .UNSPECIFIED. ) ;
#2982 = CARTESIAN_POINT ( 'NONE',  ( 2.741999999999999549, -1.587500000000000133, 0.000000000000000000 ) ) ;
#2983 = LINE ( 'NONE', #911, #684 ) ;
#2984 = DIRECTION ( 'NONE',  ( -0.6785983445458456664, 0.2810846377148196740, 0.6785983445458486640 ) ) ;
#2985 = VERTEX_POINT ( 'NONE', #2815 ) ;
#2986 = ORIENTED_EDGE ( 'NONE', *, *, #2203, .F. ) ;
#2987 = CIRCLE ( 'NONE', #1817, 0.1999999999999999833 ) ;
#2988 = EDGE_CURVE ( 'NONE', #3058, #265, #1901, .T. ) ;
#2989 = CARTESIAN_POINT ( 'NONE',  ( 1.459796164199844926, 0.9573435648468262560, 1.292782479562845976 ) ) ;
#2990 = DIRECTION ( 'NONE',  ( 0.000000000000000000, 0.000000000000000000, 1.000000000000000000 ) ) ;
#2991 = ORIENTED_EDGE ( 'NONE', *, *, #2799, .F. ) ;
#2992 = AXIS2_PLACEMENT_3D ( 'NONE', #3154, #530, #1692 ) ;
#2993 = CARTESIAN_POINT ( 'NONE',  ( 3.250000000000000000, 1.587500000000000133, 0.000000000000000000 ) ) ;
#2994 = LINE ( 'NONE', #960, #728 ) ;
#2995 = CARTESIAN_POINT ( 'NONE',  ( -1.830399999999998029, 1.110852699902741714, 0.9221786437626907640 ) ) ;
#2996 = LINE ( 'NONE', #1497, #1334 ) ;
#2997 = CARTESIAN_POINT ( 'NONE',  ( -1.491957287525380593, -0.9120864945467255236, 1.219200000000000061 ) ) ;
#2998 = CARTESIAN_POINT ( 'NONE',  ( -1.346199999999999841, -2.540000000000000036, 0.2285999999999998034 ) ) ;
#2999 = ORIENTED_EDGE ( 'NONE', *, *, #538, .T. ) ;
#3000 = ORIENTED_EDGE ( 'NONE', *, *, #497, .F. ) ;
#3001 = DIRECTION ( 'NONE',  ( 1.000000000000000000, 0.000000000000000000, 3.104372720073025936E-16 ) ) ;
#3002 = CARTESIAN_POINT ( 'NONE',  ( -1.156328556441199806, -1.984924143461540336, 0.8636000000000000343 ) ) ;
#3003 = DIRECTION ( 'NONE',  ( 0.000000000000000000, 0.000000000000000000, 1.000000000000000000 ) ) ;
#3004 = ADVANCED_FACE ( 'NONE', ( #705 ), #127, .T. ) ;
#3005 = ORIENTED_EDGE ( 'NONE', *, *, #984, .T. ) ;
#3006 = FACE_OUTER_BOUND ( 'NONE', #176, .T. ) ;
#3007 = DIRECTION ( 'NONE',  ( 1.000000000000000000, 0.000000000000000000, 0.000000000000000000 ) ) ;
#3008 = CARTESIAN_POINT ( 'NONE',  ( -1.210852699902741803, 1.930399999999997673, 0.8636000000000000343 ) ) ;
#3009 = AXIS2_PLACEMENT_3D ( 'NONE', #324, #898, #1484 ) ;
#3010 = EDGE_CURVE ( 'NONE', #1301, #1529, #3671, .T. ) ;
#3011 = ORIENTED_EDGE ( 'NONE', *, *, #388, .T. ) ;
#3012 = CARTESIAN_POINT ( 'NONE',  ( -2.235200000000000298, 1.651000000000000023, 0.2285999999999998034 ) ) ;
#3013 = EDGE_CURVE ( 'NONE', #1574, #34, #3402, .T. ) ;
#3014 = CARTESIAN_POINT ( 'NONE',  ( 0.9120864945467263007, 1.491957287525380593, 1.219200000000000061 ) ) ;
#3015 = CARTESIAN_POINT ( 'NONE',  ( 1.866749733896871266, -1.067330608908788836, 0.9166980889464491078 ) ) ;
#3016 = CIRCLE ( 'NONE', #3523, 0.2000000000000000944 ) ;
#3017 = DIRECTION ( 'NONE',  ( -0.7071067811865476838, -0.7071067811865471286, 0.000000000000000000 ) ) ;
#3018 = ORIENTED_EDGE ( 'NONE', *, *, #1035, .F. ) ;
#3019 = ORIENTED_EDGE ( 'NONE', *, *, #3601, .F. ) ;
#3020 = CARTESIAN_POINT ( 'NONE',  ( -2.353269835448805747, 1.587499999999999911, 0.3704899464568018885 ) ) ;
#3021 = SURFACE_SIDE_STYLE ('',( #1844 ) ) ;
#3022 = CARTESIAN_POINT ( 'NONE',  ( 2.339999999999999858, 0.000000000000000000, 0.8636000000000000343 ) ) ;
#3023 = ORIENTED_EDGE ( 'NONE', *, *, #3074, .F. ) ;
#3024 = CARTESIAN_POINT ( 'NONE',  ( -2.339999999999999858, 1.263357287525380679, 0.8636000000000000343 ) ) ;
#3025 = DIRECTION ( 'NONE',  ( 1.000000000000000000, 0.000000000000000000, 0.000000000000000000 ) ) ;
#3026 = EDGE_CURVE ( 'NONE', #1049, #2679, #378, .T. ) ;
#3027 = DIRECTION ( 'NONE',  ( -7.666467083416848504E-16, 1.000000000000000000, 0.000000000000000000 ) ) ;
#3028 = ORIENTED_EDGE ( 'NONE', *, *, #3808, .F. ) ;
#3029 = COLOUR_RGB ( '',1.000000000000000000, 0.9647058823529411908, 0.4352941176470588314 ) ;
#3030 = ADVANCED_FACE ( 'NONE', ( #3332 ), #422, .T. ) ;
#3031 = CARTESIAN_POINT ( 'NONE',  ( -1.302021891036053258, 1.302021891036053924, 1.160621356237309332 ) ) ;
#3032 = CARTESIAN_POINT ( 'NONE',  ( -2.540000000000000036, -1.346199999999999619, 0.000000000000000000 ) ) ;
#3033 = FILL_AREA_STYLE_COLOUR ( '', #277 ) ;
#3034 = COLOUR_RGB ( '',0.05490196078431372473, 0.05490196078431372473, 0.05490196078431372473 ) ;
#3035 = ADVANCED_FACE ( 'NONE', ( #1598 ), #2215, .F. ) ;
#3036 = AXIS2_PLACEMENT_3D ( 'NONE', #2453, #3076, #3017 ) ;
#3037 = CARTESIAN_POINT ( 'NONE',  ( -2.335151200717090703, -2.095500000000000362, 0.2218970802494424910 ) ) ;
#3038 = LINE ( 'NONE', #1259, #288 ) ;
#3039 = ORIENTED_EDGE ( 'NONE', *, *, #2515, .T. ) ;
#3040 = ORIENTED_EDGE ( 'NONE', *, *, #1997, .F. ) ;
#3041 = CARTESIAN_POINT ( 'NONE',  ( -2.712296659499090712, 1.587500000000000133, 0.1523999999999998134 ) ) ;
#3042 = AXIS2_PLACEMENT_3D ( 'NONE', #3772, #1390, #1106 ) ;
#3043 = DIRECTION ( 'NONE',  ( 0.000000000000000000, -0.7071067811865491270, 0.7071067811865457964 ) ) ;
#3044 = DIRECTION ( 'NONE',  ( 1.000000000000000000, 0.000000000000000000, 0.000000000000000000 ) ) ;
#3045 = EDGE_LOOP ( 'NONE', ( #3452, #2295, #2693, #2709 ) ) ;
#3046 = CARTESIAN_POINT ( 'NONE',  ( -2.712296659499090712, 1.587500000000000133, 0.1523999999999998134 ) ) ;
#3047 = FACE_OUTER_BOUND ( 'NONE', #2320, .T. ) ;
#3048 = CARTESIAN_POINT ( 'NONE',  ( 1.570626349951369960, 1.570626349951369960, 0.8636000000000000343 ) ) ;
#3049 = ORIENTED_EDGE ( 'NONE', *, *, #1016, .T. ) ;
#3050 = EDGE_CURVE ( 'NONE', #1831, #1723, #757, .T. ) ;
#3051 = DIRECTION ( 'NONE',  ( -0.000000000000000000, -1.000000000000000000, -0.000000000000000000 ) ) ;
#3052 = DIRECTION ( 'NONE',  ( 0.2810846377148215058, 0.6785983445458445562, 0.6785983445458491081 ) ) ;
#3053 =( BOUNDED_SURFACE ( )  B_SPLINE_SURFACE ( 3, 2, ( 
 ( #3639, #2801, #179 ),
 ( #3716, #1887, #3069 ),
 ( #998, #429, #1608 ),
 ( #2506, #3697, #1746 ) ),
 .UNSPECIFIED., .F., .F., .F. ) 
 B_SPLINE_SURFACE_WITH_KNOTS ( ( 4, 4 ),
 ( 3, 3 ),
 ( 2.867578449779637495, 3.415606857399950069 ),
 ( 0.000000000000000000, 1.000000000000000000 ),
 .UNSPECIFIED. ) 
 GEOMETRIC_REPRESENTATION_ITEM ( )  RATIONAL_B_SPLINE_SURFACE ( (
 ( 1.000000000000000000, 0.9238795325112864054, 1.000000000000000000),
 ( 1.000000000000000000, 0.9337238135068408607, 1.000000000000000000),
 ( 1.000000000000000000, 0.9337238135068431921, 1.000000000000000000),
 ( 1.000000000000000000, 0.9238795325112865164, 1.000000000000000000) ) ) 
 REPRESENTATION_ITEM ( '' )  SURFACE ( )  );
#3054 = VECTOR ( 'NONE', #2364, 1000.000000000000000 ) ;
#3055 = CARTESIAN_POINT ( 'NONE',  ( 1.871821356237307832, 0.000000000000000000, 0.9221786437626907640 ) ) ;
#3056 = VECTOR ( 'NONE', #3625, 1000.000000000000114 ) ;
#3057 = CARTESIAN_POINT ( 'NONE',  ( 1.866749733896871266, -1.067330608908788836, 0.9166980889464491078 ) ) ;
#3058 = VERTEX_POINT ( 'NONE', #3350 ) ;
#3059 = ORIENTED_EDGE ( 'NONE', *, *, #2598, .T. ) ;
#3060 = CARTESIAN_POINT ( 'NONE',  ( -1.110852699902741492, 1.830399999999998029, 0.9221786437626908750 ) ) ;
#3061 = AXIS2_PLACEMENT_3D ( 'NONE', #48, #1843, #950 ) ;
#3062 =( NAMED_UNIT ( * ) SI_UNIT ( $, .STERADIAN. ) SOLID_ANGLE_UNIT ( ) );
#3063 = EDGE_CURVE ( 'NONE', #983, #1280, #3303, .T. ) ;
#3064 = CARTESIAN_POINT ( 'NONE',  ( -2.013242712474617502, -1.010852699902740959, 0.8636000000000000343 ) ) ;
#3065 = ORIENTED_EDGE ( 'NONE', *, *, #2340, .F. ) ;
#3066 = VECTOR ( 'NONE', #3664, 1000.000000000000000 ) ;
#3067 = LINE ( 'NONE', #1885, #209 ) ;
#3068 = ORIENTED_EDGE ( 'NONE', *, *, #1559, .F. ) ;
#3069 = CARTESIAN_POINT ( 'NONE',  ( 1.086843110995400874, -1.864721094038028548, 0.9148873085605397915 ) ) ;
#3070 = CARTESIAN_POINT ( 'NONE',  ( -3.250000000000000000, -1.587500000000000133, 0.1524000000000000077 ) ) ;
#3071 = DIRECTION ( 'NONE',  ( -0.000000000000000000, -1.000000000000000000, -0.000000000000000000 ) ) ;
#3072 = APPLICATION_PROTOCOL_DEFINITION ( 'draft international standard', 'automotive_design', 1998, #198 ) ;
#3073 = VECTOR ( 'NONE', #1761, 1000.000000000000114 ) ;
#3074 = EDGE_CURVE ( 'NONE', #2810, #3090, #2911, .T. ) ;
#3075 = DIRECTION ( 'NONE',  ( 8.537024980200817874E-16, 0.000000000000000000, -1.000000000000000000 ) ) ;
#3076 = DIRECTION ( 'NONE',  ( 0.7071067811865471286, -0.7071067811865480168, -0.000000000000000000 ) ) ;
#3077 = ORIENTED_EDGE ( 'NONE', *, *, #3268, .T. ) ;
#3078 =( BOUNDED_CURVE ( )  B_SPLINE_CURVE ( 3, ( #1234, #636, #330, #2949 ),
 .UNSPECIFIED., .F., .F. ) 
 B_SPLINE_CURVE_WITH_KNOTS ( ( 4, 4 ),
 ( 6.009171103369429723, 6.283185307179586232 ),
 .UNSPECIFIED. ) 
 CURVE ( )  GEOMETRIC_REPRESENTATION_ITEM ( )  RATIONAL_B_SPLINE_CURVE ( ( 1.000000000000000000, 0.9937527993431576334, 0.9937527993431576334, 1.000000000000000000 ) ) 
 REPRESENTATION_ITEM ( '' )  );
#3079 = ORIENTED_EDGE ( 'NONE', *, *, #3291, .T. ) ;
#3080 = CARTESIAN_POINT ( 'NONE',  ( -2.500191311065981914, 1.587499999999999911, 0.03368382775259703282 ) ) ;
#3081 = COLOUR_RGB ( '',0.05490196078431372473, 0.05490196078431372473, 0.05490196078431372473 ) ;
#3082 = CARTESIAN_POINT ( 'NONE',  ( 2.712296659499090712, -1.587500000000000133, 0.1523999999999998134 ) ) ;
#3083 = CARTESIAN_POINT ( 'NONE',  ( -2.477008688934016600, -2.095500000000000362, 0.3473161722474025770 ) ) ;
#3084 = ORIENTED_EDGE ( 'NONE', *, *, #2703, .T. ) ;
#3085 = CARTESIAN_POINT ( 'NONE',  ( -2.556176281307496190, 2.095500000000000362, 0.2228158283013659813 ) ) ;
#3086 =( LENGTH_UNIT ( ) NAMED_UNIT ( * ) SI_UNIT ( .MILLI., .METRE. ) );
#3087 = EDGE_CURVE ( 'NONE', #51, #47, #7, .T. ) ;
#3088 = CARTESIAN_POINT ( 'NONE',  ( -1.031456200553528602, 1.875463574993895488, 0.9185364250061025526 ) ) ;
#3089 = VECTOR ( 'NONE', #3511, 1000.000000000000000 ) ;
#3090 = VERTEX_POINT ( 'NONE', #2247 ) ;
#3091 = SURFACE_STYLE_FILL_AREA ( #2486 ) ;
#3092 = CARTESIAN_POINT ( 'NONE',  ( 2.540000000000000480, 0.7620000000000001217, 0.000000000000000000 ) ) ;
#3093 = CARTESIAN_POINT ( 'NONE',  ( 2.540000000000000036, 1.346199999999999841, 0.6636000000000000787 ) ) ;
#3094 = CARTESIAN_POINT ( 'NONE',  ( -1.346199999999999841, -2.540000000000000036, 0.000000000000000000 ) ) ;
#3095 = CARTESIAN_POINT ( 'NONE',  ( 2.298699999996559828, -1.587500000000000355, 0.3770624206668726774 ) ) ;
#3096 = MECHANICAL_DESIGN_GEOMETRIC_PRESENTATION_REPRESENTATION (  '', ( #767 ), #156 ) ;
#3097 = CARTESIAN_POINT ( 'NONE',  ( 2.741999999999999549, -2.095500000000000362, 0.1523999999999995913 ) ) ;
#3098 = VERTEX_POINT ( 'NONE', #795 ) ;
#3099 = DIRECTION ( 'NONE',  ( 0.000000000000000000, 1.000000000000000000, 0.000000000000000000 ) ) ;
#3100 = ORIENTED_EDGE ( 'NONE', *, *, #3132, .F. ) ;
#3101 = COLOUR_RGB ( '',0.05490196078431372473, 0.05490196078431372473, 0.05490196078431372473 ) ;
#3102 = VECTOR ( 'NONE', #982, 1000.000000000000000 ) ;
#3103 = FACE_OUTER_BOUND ( 'NONE', #3311, .T. ) ;
#3104 =( BOUNDED_CURVE ( )  B_SPLINE_CURVE ( 3, ( #1765, #311, #18, #1184 ),
 .UNSPECIFIED., .F., .F. ) 
 B_SPLINE_CURVE_WITH_KNOTS ( ( 4, 4 ),
 ( 3.141592653589793116, 4.712388980384689674 ),
 .UNSPECIFIED. ) 
 CURVE ( )  GEOMETRIC_REPRESENTATION_ITEM ( )  RATIONAL_B_SPLINE_CURVE ( ( 1.000000000000000000, 0.8047378541243649375, 0.8047378541243649375, 1.000000000000000000 ) ) 
 REPRESENTATION_ITEM ( '' )  );
#3105 = DIRECTION ( 'NONE',  ( 0.6785983445458454444, -0.2810846377148198960, -0.6785983445458487751 ) ) ;
#3106 = ORIENTED_EDGE ( 'NONE', *, *, #596, .T. ) ;
#3107 = CARTESIAN_POINT ( 'NONE',  ( 2.421023718692504101, -1.587499999999999911, 0.1581841716986339685 ) ) ;
#3108 = DIRECTION ( 'NONE',  ( 0.000000000000000000, 0.000000000000000000, -1.000000000000000000 ) ) ;
#3109 = DIRECTION ( 'NONE',  ( 0.000000000000000000, -0.7071067811865491270, 0.7071067811865457964 ) ) ;
#3110 = EDGE_CURVE ( 'NONE', #2728, #3294, #2241, .T. ) ;
#3111 = ORIENTED_EDGE ( 'NONE', *, *, #1660, .F. ) ;
#3112 = DIRECTION ( 'NONE',  ( -0.7071067811865474617, -0.7071067811865474617, -0.000000000000000000 ) ) ;
#3113 = DIRECTION ( 'NONE',  ( -0.7071067811865474617, -0.7071067811865474617, 0.000000000000000000 ) ) ;
#3114 = LINE ( 'NONE', #3094, #3472 ) ;
#3115 = DIRECTION ( 'NONE',  ( -0.7071067811865474617, 0.7071067811865474617, 0.000000000000000000 ) ) ;
#3116 = DIRECTION ( 'NONE',  ( -1.000000000000000000, 0.000000000000000000, -3.104372720073025936E-16 ) ) ;
#3117 = ORIENTED_EDGE ( 'NONE', *, *, #648, .F. ) ;
#3118 = DIRECTION ( 'NONE',  ( 0.000000000000000000, 0.000000000000000000, 1.000000000000000000 ) ) ;
#3119 = ORIENTED_EDGE ( 'NONE', *, *, #1161, .T. ) ;
#3120 = VECTOR ( 'NONE', #2471, 1000.000000000000000 ) ;
#3121 = PLANE ( 'NONE',  #511 ) ;
#3122 = CARTESIAN_POINT ( 'NONE',  ( -2.500191311065981914, -2.095500000000000362, 0.03368382775259703282 ) ) ;
#3123 = ORIENTED_EDGE ( 'NONE', *, *, #3443, .F. ) ;
#3124 = CARTESIAN_POINT ( 'NONE',  ( 1.930399999999998339, -1.210852699902741803, 0.8636000000000000343 ) ) ;
#3125 = PLANE ( 'NONE',  #355 ) ;
#3126 = CIRCLE ( 'NONE', #2569, 0.1999999999999999556 ) ;
#3127 = ADVANCED_FACE ( 'NONE', ( #1449 ), #2899, .T. ) ;
#3128 =( LENGTH_UNIT ( ) NAMED_UNIT ( * ) SI_UNIT ( .MILLI., .METRE. ) );
#3129 = ORIENTED_EDGE ( 'NONE', *, *, #1079, .T. ) ;
#3130 = CARTESIAN_POINT ( 'NONE',  ( -0.9120864945467255236, -1.491957287525380593, 1.219200000000000061 ) ) ;
#3131 = VECTOR ( 'NONE', #2204, 1000.000000000000000 ) ;
#3132 = EDGE_CURVE ( 'NONE', #2882, #803, #1053, .T. ) ;
#3133 =( NAMED_UNIT ( * ) SI_UNIT ( $, .STERADIAN. ) SOLID_ANGLE_UNIT ( ) );
#3134 = VERTEX_POINT ( 'NONE', #2557 ) ;
#3135 = CARTESIAN_POINT ( 'NONE',  ( -1.930399999999998339, 1.210852699902742025, 1.063600000000000101 ) ) ;
#3136 = CARTESIAN_POINT ( 'NONE',  ( -2.540000000000000036, -1.346199999999999619, 0.6636000000000000787 ) ) ;
#3137 = EDGE_CURVE ( 'NONE', #82, #1266, #19, .T. ) ;
#3138 = DIRECTION ( 'NONE',  ( -0.000000000000000000, -0.000000000000000000, -1.000000000000000000 ) ) ;
#3139 = DIRECTION ( 'NONE',  ( -0.000000000000000000, 1.000000000000000000, -0.000000000000000000 ) ) ;
#3141 = VERTEX_POINT ( 'NONE', #3730 ) ;
#3140 = AXIS2_PLACEMENT_3D ( 'NONE', #704, #1303, #3043 ) ;
#3142 = CARTESIAN_POINT ( 'NONE',  ( 2.013242712296161141, 1.048934626968217820, 0.8636000000000000343 ) ) ;
#3143 = ORIENTED_EDGE ( 'NONE', *, *, #3268, .F. ) ;
#3144 = PLANE ( 'NONE',  #2761 ) ;
#3145 = CARTESIAN_POINT ( 'NONE',  ( -2.669464912019792191, -2.095500000000000362, -2.032879073410320814E-16 ) ) ;
#3146 = EDGE_LOOP ( 'NONE', ( #2925, #436, #1579, #1144 ) ) ;
#3147 = LINE ( 'NONE', #524, #1078 ) ;
#3148 = SURFACE_SIDE_STYLE ('',( #742 ) ) ;
#3149 = CYLINDRICAL_SURFACE ( 'NONE', #2212, 0.1999999999999999833 ) ;
#3150 = ORIENTED_EDGE ( 'NONE', *, *, #1157, .F. ) ;
#3151 = ADVANCED_FACE ( 'NONE', ( #3164 ), #1160, .T. ) ;
#3152 = DIRECTION ( 'NONE',  ( 1.000000000000000000, 0.000000000000000000, 3.104372720073025936E-16 ) ) ;
#3153 = ORIENTED_EDGE ( 'NONE', *, *, #2349, .T. ) ;
#3154 = CARTESIAN_POINT ( 'NONE',  ( 0.000000000000000000, -1.587500000000000133, 0.2285999999999998034 ) ) ;
#3155 = EDGE_CURVE ( 'NONE', #2007, #2752, #949, .T. ) ;
#3156 = VECTOR ( 'NONE', #1533, 1000.000000000000000 ) ;
#3157 = LINE ( 'NONE', #2189, #3755 ) ;
#3158 = DIRECTION ( 'NONE',  ( 1.000000000000000000, 0.000000000000000000, -0.000000000000000000 ) ) ;
#3159 = DIRECTION ( 'NONE',  ( 3.104372720073025936E-16, 0.000000000000000000, -1.000000000000000000 ) ) ;
#3160 = ORIENTED_EDGE ( 'NONE', *, *, #2572, .F. ) ;
#3161 = EDGE_CURVE ( 'NONE', #1835, #1939, #2831, .T. ) ;
#3162 =( BOUNDED_CURVE ( )  B_SPLINE_CURVE ( 3, ( #732, #961, #3641, #2128 ),
 .UNSPECIFIED., .F., .F. ) 
 B_SPLINE_CURVE_WITH_KNOTS ( ( 4, 4 ),
 ( 2.867578449779636607, 3.415606857399950513 ),
 .UNSPECIFIED. ) 
 CURVE ( )  GEOMETRIC_REPRESENTATION_ITEM ( )  RATIONAL_B_SPLINE_CURVE ( ( 1.000000000000000000, 0.9751282799207707797, 0.9751282799207707797, 1.000000000000000000 ) ) 
 REPRESENTATION_ITEM ( '' )  );
#3163 = FACE_OUTER_BOUND ( 'NONE', #1088, .T. ) ;
#3164 = FACE_OUTER_BOUND ( 'NONE', #1002, .T. ) ;
#3165 = VERTEX_POINT ( 'NONE', #2884 ) ;
#3166 = AXIS2_PLACEMENT_3D ( 'NONE', #3243, #2426, #959 ) ;
#3167 = VECTOR ( 'NONE', #3175, 1000.000000000000000 ) ;
#3168 = DIRECTION ( 'NONE',  ( 0.000000000000000000, 0.000000000000000000, -1.000000000000000000 ) ) ;
#3169 = CARTESIAN_POINT ( 'NONE',  ( 0.000000000000000000, -2.095500000000000362, 0.000000000000000000 ) ) ;
#3170 = FILL_AREA_STYLE ('',( #843 ) ) ;
#3171 = ORIENTED_EDGE ( 'NONE', *, *, #858, .T. ) ;
#3172 = PLANE ( 'NONE',  #1276 ) ;
#3173 = CARTESIAN_POINT ( 'NONE',  ( -1.010852699902741181, 1.871821356237307610, 0.9221786437626907640 ) ) ;
#3174 = EDGE_LOOP ( 'NONE', ( #1244, #128, #2221, #1793, #3068 ) ) ;
#3175 = DIRECTION ( 'NONE',  ( -1.000000000000000000, 0.000000000000000000, -8.537024980200817874E-16 ) ) ;
#3176 =( NAMED_UNIT ( * ) PLANE_ANGLE_UNIT ( ) SI_UNIT ( $, .RADIAN. ) );
#3177 = DIRECTION ( 'NONE',  ( 0.6785983445458452223, 0.2810846377148215613, 0.6785983445458483310 ) ) ;
#3178 = CARTESIAN_POINT ( 'NONE',  ( 2.540000000000000036, -0.7620000000000010099, 0.05080000000000000487 ) ) ;
#3179 = EDGE_LOOP ( 'NONE', ( #1944, #1575, #2979, #693 ) ) ;
#3180 = B_SPLINE_SURFACE_WITH_KNOTS ( 'NONE', 3, 1, ( 
 ( #3642, #118 ),
 ( #100, #2089 ),
 ( #2430, #3037 ),
 ( #623, #2372 ),
 ( #3264, #1220 ),
 ( #2147, #1278 ),
 ( #2452, #2074 ),
 ( #414, #963 ) ),
 .UNSPECIFIED., .F., .F., .F.,
 ( 4, 1, 1, 1, 1, 4 ),
 ( 2, 2 ),
 ( 0.000000000000000000, 0.1250000000000000000, 0.2500000000000000000, 0.5000000000000000000, 0.7500000000000000000, 1.000000000000000000 ),
 ( 0.000000000000000000, 1.000000000000000000 ),
 .UNSPECIFIED. ) ;
#3181 = CARTESIAN_POINT ( 'NONE',  ( 1.050445704558078397, 1.873743690155446062, 0.9166980890513183322 ) ) ;
#3182 = DIRECTION ( 'NONE',  ( 1.000000000000000000, 0.000000000000000000, 0.000000000000000000 ) ) ;
#3183 = ORIENTED_EDGE ( 'NONE', *, *, #3648, .T. ) ;
#3184 = CARTESIAN_POINT ( 'NONE',  ( 3.250000000000000000, 2.095500000000000362, 0.000000000000000000 ) ) ;
#3185 = LINE ( 'NONE', #1121, #663 ) ;
#3186 = ADVANCED_FACE ( 'NONE', ( #267 ), #1426, .T. ) ;
#3187 = FACE_OUTER_BOUND ( 'NONE', #845, .T. ) ;
#3188 = VERTEX_POINT ( 'NONE', #3201 ) ;
#3189 = UNCERTAINTY_MEASURE_WITH_UNIT (LENGTH_MEASURE( 1.000000000000000082E-05 ), #3086, 'distance_accuracy_value', 'NONE');
#3190 = VERTEX_POINT ( 'NONE', #573 ) ;
#3191 = CARTESIAN_POINT ( 'NONE',  ( 1.210852699902741803, -1.930399999999998562, 0.8636000000000000343 ) ) ;
#3192 = VERTEX_POINT ( 'NONE', #1190 ) ;
#3193 = CARTESIAN_POINT ( 'NONE',  ( 1.119268277646403575, 1.992138358161261502, 0.8636000000000000343 ) ) ;
#3194 = AXIS2_PLACEMENT_3D ( 'NONE', #689, #992, #759 ) ;
#3195 = PLANE ( 'NONE',  #1774 ) ;
#3196 = CARTESIAN_POINT ( 'NONE',  ( 2.500191311065981914, 2.095500000000000362, 0.03368382775259703282 ) ) ;
#3197 = CARTESIAN_POINT ( 'NONE',  ( 3.250000000000000000, 2.095500000000000362, 0.000000000000000000 ) ) ;
#3198 = ORIENTED_EDGE ( 'NONE', *, *, #2909, .T. ) ;
#3199 = EDGE_CURVE ( 'NONE', #82, #1281, #2342, .T. ) ;
#3200 = CARTESIAN_POINT ( 'NONE',  ( -2.235200000000000298, -1.650999999999999801, 0.2285999999999998034 ) ) ;
#3201 = CARTESIAN_POINT ( 'NONE',  ( 1.591957287525380904, 1.012086494546726723, 1.160621356237309332 ) ) ;
#3202 = ORIENTED_EDGE ( 'NONE', *, *, #152, .T. ) ;
#3203 = DIRECTION ( 'NONE',  ( 0.7071067811865489050, 0.7071067811865461294, 0.000000000000000000 ) ) ;
#3204 = ADVANCED_FACE ( 'NONE', ( #375 ), #1969, .F. ) ;
#3205 = FACE_OUTER_BOUND ( 'NONE', #1663, .T. ) ;
#3206 = LINE ( 'NONE', #2543, #1231 ) ;
#3207 = ORIENTED_EDGE ( 'NONE', *, *, #3316, .T. ) ;
#3208 = EDGE_CURVE ( 'NONE', #1447, #1207, #2076, .T. ) ;
#3209 = EDGE_LOOP ( 'NONE', ( #3171, #232, #438, #1965 ) ) ;
#3210 = EDGE_CURVE ( 'NONE', #3811, #2275, #2852, .T. ) ;
#3211 = CARTESIAN_POINT ( 'NONE',  ( 1.978153191002121947, 1.153031457324378728, 0.8636000000000000343 ) ) ;
#3212 = CIRCLE ( 'NONE', #1541, 0.2000000000000000666 ) ;
#3213 = FACE_OUTER_BOUND ( 'NONE', #64, .T. ) ;
#3214 = LINE ( 'NONE', #791, #2939 ) ;
#3215 = EDGE_LOOP ( 'NONE', ( #1506, #867, #3416, #3587, #3220, #382 ) ) ;
#3216 = DIRECTION ( 'NONE',  ( -1.000000000000000000, 0.000000000000000000, 0.000000000000000000 ) ) ;
#3217 = ORIENTED_EDGE ( 'NONE', *, *, #1869, .T. ) ;
#3218 = DIRECTION ( 'NONE',  ( 0.000000000000000000, 0.000000000000000000, -1.000000000000000000 ) ) ;
#3219 = DIRECTION ( 'NONE',  ( -0.000000000000000000, 0.000000000000000000, -1.000000000000000000 ) ) ;
#3220 = ORIENTED_EDGE ( 'NONE', *, *, #2909, .F. ) ;
#3221 = VERTEX_POINT ( 'NONE', #2978 ) ;
#3222 = CARTESIAN_POINT ( 'NONE',  ( -1.405453581120655882, 0.8176768423956585208, 1.388546418879345046 ) ) ;
#3223 = VECTOR ( 'NONE', #1038, 1000.000000000000000 ) ;
#3224 = EDGE_CURVE ( 'NONE', #3672, #2007, #2538, .T. ) ;
#3225 = CYLINDRICAL_SURFACE ( 'NONE', #1780, 0.2000000000000000944 ) ;
#3226 = DIRECTION ( 'NONE',  ( 0.000000000000000000, -1.000000000000000000, -0.000000000000000000 ) ) ;
#3227 = FACE_OUTER_BOUND ( 'NONE', #1540, .T. ) ;
#3228 = EDGE_LOOP ( 'NONE', ( #1472, #2266, #890, #2537 ) ) ;
#3229 = CYLINDRICAL_SURFACE ( 'NONE', #1595, 0.1999999999999999556 ) ;
#3230 = DIRECTION ( 'NONE',  ( 0.7071067811865475727, -0.7071067811865475727, 0.000000000000000000 ) ) ;
#3231 = VERTEX_POINT ( 'NONE', #2113 ) ;
#3232 = DIRECTION ( 'NONE',  ( 0.000000000000000000, 1.000000000000000000, 0.000000000000000000 ) ) ;
#3233 = DIRECTION ( 'NONE',  ( 0.000000000000000000, 1.000000000000000000, 0.000000000000000000 ) ) ;
#3234 = ORIENTED_EDGE ( 'NONE', *, *, #3534, .T. ) ;
#3235 = ORIENTED_EDGE ( 'NONE', *, *, #1830, .T. ) ;
#3236 = VECTOR ( 'NONE', #2947, 1000.000000000000000 ) ;
#3237 = CARTESIAN_POINT ( 'NONE',  ( -3.250000000000000000, 1.587500000000000133, 0.000000000000000000 ) ) ;
#3238 = EDGE_CURVE ( 'NONE', #1522, #2929, #1517, .T. ) ;
#3239 = CARTESIAN_POINT ( 'NONE',  ( -0.8573435648468255010, -1.359796164199844615, 1.151361123325536751 ) ) ;
#3240 = ORIENTED_EDGE ( 'NONE', *, *, #816, .T. ) ;
#3241 = ADVANCED_FACE ( 'NONE', ( #62 ), #1224, .T. ) ;
#3242 = AXIS2_PLACEMENT_3D ( 'NONE', #307, #577, #1741 ) ;
#3243 = CARTESIAN_POINT ( 'NONE',  ( -2.540000000000000480, 0.7620000000000001217, 0.05080000000000000487 ) ) ;
#3244 = CARTESIAN_POINT ( 'NONE',  ( -2.741999999999999549, -1.587500000000000133, 0.1523999999999995913 ) ) ;
#3245 = CIRCLE ( 'NONE', #3279, 0.9491999999999999327 ) ;
#3246 = ADVANCED_FACE ( 'NONE', ( #1206 ), #3584, .F. ) ;
#3247 = STYLED_ITEM ( 'NONE', ( #3417 ), #440 ) ;
#3248 = LINE ( 'NONE', #1790, #1646 ) ;
#3249 = CARTESIAN_POINT ( 'NONE',  ( 0.000000000000000000, 0.000000000000000000, 1.219200000000000061 ) ) ;
#3250 = CARTESIAN_POINT ( 'NONE',  ( -1.110852699902741492, -1.830399999999998029, 0.9221786437626908750 ) ) ;
#3251 = VERTEX_POINT ( 'NONE', #1499 ) ;
#3252 = CARTESIAN_POINT ( 'NONE',  ( 1.491957287525380593, 0.000000000000000000, 1.019200000000000106 ) ) ;
#3253 = CARTESIAN_POINT ( 'NONE',  ( 2.013242712474617502, -1.010852699902741181, 1.063600000000000101 ) ) ;
#3254 = CARTESIAN_POINT ( 'NONE',  ( -1.202021891036052947, 1.202021891036053614, 1.219200000000000061 ) ) ;
#3255 = VERTEX_POINT ( 'NONE', #945 ) ;
#3256 = AXIS2_PLACEMENT_3D ( 'NONE', #1205, #641, #1805 ) ;
#3257 = VERTEX_POINT ( 'NONE', #1823 ) ;
#3258 = DIRECTION ( 'NONE',  ( -0.000000000000000000, -0.000000000000000000, -1.000000000000000000 ) ) ;
#3259 = CARTESIAN_POINT ( 'NONE',  ( -1.591957287525380682, 1.012086494546726723, 1.160621356237309554 ) ) ;
#3260 = ORIENTED_EDGE ( 'NONE', *, *, #2206, .F. ) ;
#3261 = VECTOR ( 'NONE', #526, 1000.000000000000000 ) ;
#3262 = DIRECTION ( 'NONE',  ( 1.000000000000000000, 0.000000000000000000, -0.000000000000000000 ) ) ;
#3263 = DIRECTION ( 'NONE',  ( 0.000000000000000000, 0.000000000000000000, 1.000000000000000000 ) ) ;
#3264 = CARTESIAN_POINT ( 'NONE',  ( -2.421023718692504101, -1.587499999999999911, 0.1581841716986339685 ) ) ;
#3265 = VECTOR ( 'NONE', #3306, 1000.000000000000000 ) ;
#3266 = DIRECTION ( 'NONE',  ( -0.7071067811865475727, 0.7071067811865475727, 0.000000000000000000 ) ) ;
#3267 = CARTESIAN_POINT ( 'NONE',  ( -1.010852699902740959, -2.013242712474617502, 0.8636000000000000343 ) ) ;
#3268 = EDGE_CURVE ( 'NONE', #3507, #1946, #2672, .T. ) ;
#3269 = ORIENTED_EDGE ( 'NONE', *, *, #3648, .F. ) ;
#3270 = ORIENTED_EDGE ( 'NONE', *, *, #2117, .F. ) ;
#3271 = DIRECTION ( 'NONE',  ( 0.7071067811865475727, 0.7071067811865474617, -0.000000000000000000 ) ) ;
#3272 = CARTESIAN_POINT ( 'NONE',  ( 2.540000000000000480, 0.7620000000000001217, 0.05080000000000000487 ) ) ;
#3273 = ORIENTED_EDGE ( 'NONE', *, *, #1441, .T. ) ;
#3274 = CARTESIAN_POINT ( 'NONE',  ( 2.540000000000000036, -1.346199999999999841, 0.6636000000000000787 ) ) ;
#3275 = LINE ( 'NONE', #993, #2165 ) ;
#3276 = VECTOR ( 'NONE', #1092, 1000.000000000000000 ) ;
#3277 = FILL_AREA_STYLE ('',( #3299 ) ) ;
#3278 = CIRCLE ( 'NONE', #2722, 1.000000000000000000 ) ;
#3279 = AXIS2_PLACEMENT_3D ( 'NONE', #2880, #1132, #3464 ) ;
#3280 = EDGE_LOOP ( 'NONE', ( #3621, #1915, #1958, #2253, #308, #997, #3374, #3528 ) ) ;
#3281 = CARTESIAN_POINT ( 'NONE',  ( 1.930399999999997673, -1.010852699902740959, 0.8635999999999999233 ) ) ;
#3282 = CARTESIAN_POINT ( 'NONE',  ( 0.000000000000000000, -2.013242712474617502, 0.8636000000000000343 ) ) ;
#3283 = EDGE_CURVE ( 'NONE', #815, #2596, #336, .T. ) ;
#3284 = AXIS2_PLACEMENT_3D ( 'NONE', #1848, #3297, #2140 ) ;
#3285 = CARTESIAN_POINT ( 'NONE',  ( -2.013242712474617502, 1.010852699902741625, 0.8636000000000000343 ) ) ;
#3286 = LINE ( 'NONE', #201, #2252 ) ;
#3287 = CARTESIAN_POINT ( 'NONE',  ( 1.210852699902741803, 1.930399999999998339, 1.063599999999999879 ) ) ;
#3288 = EDGE_LOOP ( 'NONE', ( #1481, #1082, #3019, #2518, #3781 ) ) ;
#3289 = VERTEX_POINT ( 'NONE', #1464 ) ;
#3290 = DIRECTION ( 'NONE',  ( 0.7071067811865475727, -0.7071067811865475727, 0.000000000000000000 ) ) ;
#3291 = EDGE_CURVE ( 'NONE', #848, #1208, #592, .T. ) ;
#3292 = DIRECTION ( 'NONE',  ( 0.7071067811865475727, 0.7071067811865474617, -0.000000000000000000 ) ) ;
#3293 = CARTESIAN_POINT ( 'NONE',  ( -1.210852699902741803, 1.930399999999998339, 0.8636000000000000343 ) ) ;
#3294 = VERTEX_POINT ( 'NONE', #2059 ) ;
#3295 = CARTESIAN_POINT ( 'NONE',  ( -1.930399999999997895, 1.210852699902742247, 0.8636000000000000343 ) ) ;
#3296 =( GEOMETRIC_REPRESENTATION_CONTEXT ( 3 ) GLOBAL_UNCERTAINTY_ASSIGNED_CONTEXT ( ( #3189 ) ) GLOBAL_UNIT_ASSIGNED_CONTEXT ( ( #3086, #193, #2772 ) ) REPRESENTATION_CONTEXT ( 'NONE', 'WORKASPACE' ) );
#3297 = DIRECTION ( 'NONE',  ( -1.000000000000000000, -0.000000000000000000, -0.000000000000000000 ) ) ;
#3298 = EDGE_CURVE ( 'NONE', #653, #3251, #2957, .T. ) ;
#3299 = FILL_AREA_STYLE_COLOUR ( '', #2107 ) ;
#3300 = EDGE_LOOP ( 'NONE', ( #363, #2467, #2475, #2485 ) ) ;
#3301 = EDGE_CURVE ( 'NONE', #3667, #265, #2941, .T. ) ;
#3302 = MECHANICAL_DESIGN_GEOMETRIC_PRESENTATION_REPRESENTATION (  '', ( #3622 ), #1401 ) ;
#3303 =( BOUNDED_CURVE ( )  B_SPLINE_CURVE ( 3, ( #3064, #442, #1023, #2326 ),
 .UNSPECIFIED., .F., .F. ) 
 B_SPLINE_CURVE_WITH_KNOTS ( ( 4, 4 ),
 ( 2.867578449779636163, 3.415606857399949625 ),
 .UNSPECIFIED. ) 
 CURVE ( )  GEOMETRIC_REPRESENTATION_ITEM ( )  RATIONAL_B_SPLINE_CURVE ( ( 1.000000000000000000, 0.9751282799207708907, 0.9751282799207708907, 1.000000000000000000 ) ) 
 REPRESENTATION_ITEM ( '' )  );
#3304 =( NAMED_UNIT ( * ) PLANE_ANGLE_UNIT ( ) SI_UNIT ( $, .RADIAN. ) );
#3305 = CARTESIAN_POINT ( 'NONE',  ( 2.013242712474617502, -1.010852699902741181, 0.8636000000000000343 ) ) ;
#3306 = DIRECTION ( 'NONE',  ( 0.000000000000000000, 0.000000000000000000, 1.000000000000000000 ) ) ;
#3307 = LINE ( 'NONE', #2742, #2371 ) ;
#3308 = CARTESIAN_POINT ( 'NONE',  ( 2.484470409587935080, 1.587500000000000133, 0.3355817395080624710 ) ) ;
#3309 = ORIENTED_EDGE ( 'NONE', *, *, #3606, .T. ) ;
#3310 = ADVANCED_FACE ( 'NONE', ( #2655 ), #26, .T. ) ;
#3311 = EDGE_LOOP ( 'NONE', ( #3798, #1353, #682, #1735 ) ) ;
#3312 = DIRECTION ( 'NONE',  ( 0.000000000000000000, 0.000000000000000000, 1.000000000000000000 ) ) ;
#3313 = CARTESIAN_POINT ( 'NONE',  ( -2.421023718692504101, 1.587500000000000133, 0.1581841716986339685 ) ) ;
#3314 = LINE ( 'NONE', #567, #3722 ) ;
#3315 = EDGE_LOOP ( 'NONE', ( #2192, #2057, #2970, #208, #2187, #2864, #1196, #1107 ) ) ;
#3316 = EDGE_CURVE ( 'NONE', #2816, #3538, #2725, .T. ) ;
#3317 = CARTESIAN_POINT ( 'NONE',  ( 2.669464912019792191, -2.095500000000000362, -2.032879073410320814E-16 ) ) ;
#3318 = CARTESIAN_POINT ( 'NONE',  ( 2.540000000000000036, -1.346199999999999841, 0.000000000000000000 ) ) ;
#3319 = CARTESIAN_POINT ( 'NONE',  ( 3.250000000000000000, -1.587500000000000133, 0.1524000000000000077 ) ) ;
#3320 = STYLED_ITEM ( 'NONE', ( #2768 ), #2067 ) ;
#3321 = EDGE_CURVE ( 'NONE', #670, #839, #733, .T. ) ;
#3322 = EDGE_LOOP ( 'NONE', ( #1455, #3608, #1235, #1926 ) ) ;
#3323 = DIRECTION ( 'NONE',  ( -0.000000000000000000, -0.000000000000000000, -1.000000000000000000 ) ) ;
#3324 = CARTESIAN_POINT ( 'NONE',  ( 2.006123524931713309, -1.085505097807438757, 0.8636000000000000343 ) ) ;
#3325 =( BOUNDED_SURFACE ( )  B_SPLINE_SURFACE ( 3, 2, ( 
 ( #2828, #1077, #872 ),
 ( #2033, #774, #585 ),
 ( #3142, #1362, #2244 ),
 ( #2846, #2811, #2532 ) ),
 .UNSPECIFIED., .F., .F., .F. ) 
 B_SPLINE_SURFACE_WITH_KNOTS ( ( 4, 4 ),
 ( 3, 3 ),
 ( 0.000000000000000000, 0.2740142038101572308 ),
 ( 0.000000000000000000, 1.000000000000000000 ),
 .UNSPECIFIED. ) 
 GEOMETRIC_REPRESENTATION_ITEM ( )  RATIONAL_B_SPLINE_SURFACE ( (
 ( 1.000000000000000000, 0.9312651489419524475, 1.000000000000000000),
 ( 1.000000000000000000, 0.9312663609287120670, 1.000000000000000000),
 ( 1.000000000000000000, 0.9287932027950333014, 1.000000000000000000),
 ( 1.000000000000000000, 0.9238795325112862944, 1.000000000000000000) ) ) 
 REPRESENTATION_ITEM ( '' )  SURFACE ( )  );
#3326 = CARTESIAN_POINT ( 'NONE',  ( -1.346199999999999841, 2.540000000000000036, 0.000000000000000000 ) ) ;
#3327 = LINE ( 'NONE', #2763, #3223 ) ;
#3328 = ORIENTED_EDGE ( 'NONE', *, *, #332, .T. ) ;
#3329 = ORIENTED_EDGE ( 'NONE', *, *, #540, .F. ) ;
#3330 = CARTESIAN_POINT ( 'NONE',  ( -2.298699999996559828, 1.587500000000000355, 0.3770624206668726774 ) ) ;
#3331 = CARTESIAN_POINT ( 'NONE',  ( 2.556176281307496190, -2.095500000000000362, 0.2228158283013659813 ) ) ;
#3332 = FACE_OUTER_BOUND ( 'NONE', #2045, .T. ) ;
#3333 = ORIENTED_EDGE ( 'NONE', *, *, #2612, .T. ) ;
#3334 = AXIS2_PLACEMENT_3D ( 'NONE', #43, #1219, #2356 ) ;
#3335 = DIRECTION ( 'NONE',  ( 0.000000000000000000, 0.000000000000000000, -1.000000000000000000 ) ) ;
#3336 = LINE ( 'NONE', #2989, #1140 ) ;
#3337 = DIRECTION ( 'NONE',  ( -0.7071067811865475727, 0.7071067811865475727, 0.000000000000000000 ) ) ;
#3338 = ORIENTED_EDGE ( 'NONE', *, *, #2415, .T. ) ;
#3339 = AXIS2_PLACEMENT_3D ( 'NONE', #3237, #2893, #2009 ) ;
#3340 = CYLINDRICAL_SURFACE ( 'NONE', #590, 0.1999999999999999833 ) ;
#3341 =( LENGTH_UNIT ( ) NAMED_UNIT ( * ) SI_UNIT ( .MILLI., .METRE. ) );
#3342 = AXIS2_PLACEMENT_3D ( 'NONE', #3287, #3230, #907 ) ;
#3343 = ADVANCED_FACE ( 'NONE', ( #698 ), #1855, .T. ) ;
#3344 = SURFACE_SIDE_STYLE ('',( #787 ) ) ;
#3345 = CARTESIAN_POINT ( 'NONE',  ( -3.250000000000000000, 1.587500000000000133, 0.000000000000000000 ) ) ;
#3346 = ORIENTED_EDGE ( 'NONE', *, *, #2674, .F. ) ;
#3347 = ORIENTED_EDGE ( 'NONE', *, *, #203, .T. ) ;
#3348 = AXIS2_PLACEMENT_3D ( 'NONE', #690, #384, #3573 ) ;
#3349 = CARTESIAN_POINT ( 'NONE',  ( -2.386007996261652941, 1.587499999999999911, 0.1977735387928848676 ) ) ;
#3350 = CARTESIAN_POINT ( 'NONE',  ( -2.235200000000000298, 1.651000000000000023, 0.2285999999999998034 ) ) ;
#3351 = EDGE_LOOP ( 'NONE', ( #456, #2892, #2223, #326, #370 ) ) ;
#3352 = CARTESIAN_POINT ( 'NONE',  ( -2.013242712474617502, -1.010852699902740959, 1.063600000000000101 ) ) ;
#3353 = FACE_OUTER_BOUND ( 'NONE', #3280, .T. ) ;
#3354 = DIRECTION ( 'NONE',  ( 0.000000000000000000, 0.000000000000000000, -1.000000000000000000 ) ) ;
#3355 = ORIENTED_EDGE ( 'NONE', *, *, #2891, .F. ) ;
#3356 = EDGE_CURVE ( 'NONE', #1465, #1895, #2493, .T. ) ;
#3357 =( LENGTH_UNIT ( ) NAMED_UNIT ( * ) SI_UNIT ( .MILLI., .METRE. ) );
#3358 = DIRECTION ( 'NONE',  ( 0.000000000000000000, -1.000000000000000000, 0.000000000000000000 ) ) ;
#3359 = LINE ( 'NONE', #3032, #2431 ) ;
#3360 = LINE ( 'NONE', #2720, #1057 ) ;
#3361 = EDGE_CURVE ( 'NONE', #2580, #3289, #896, .T. ) ;
#3362 = CARTESIAN_POINT ( 'NONE',  ( -1.301042606982581162E-16, 1.587500000000000133, 0.1523999999999972599 ) ) ;
#3363 = DIRECTION ( 'NONE',  ( -1.000000000000000000, 0.000000000000000000, 0.000000000000000000 ) ) ;
#3364 = VERTEX_POINT ( 'NONE', #3345 ) ;
#3365 = ADVANCED_FACE ( 'NONE', ( #3684 ), #3626, .T. ) ;
#3366 = EDGE_CURVE ( 'NONE', #51, #1829, #2808, .T. ) ;
#3367 = EDGE_LOOP ( 'NONE', ( #2097, #2643, #734 ) ) ;
#3368 = CARTESIAN_POINT ( 'NONE',  ( -1.301042606982581162E-16, 2.095500000000000362, 0.1523999999999972599 ) ) ;
#3369 = CARTESIAN_POINT ( 'NONE',  ( 2.741999999999999549, -1.587500000000000133, 0.1523999999999998134 ) ) ;
#3370 = ORIENTED_EDGE ( 'NONE', *, *, #805, .F. ) ;
#3371 = DIRECTION ( 'NONE',  ( 0.000000000000000000, 1.000000000000000000, 0.000000000000000000 ) ) ;
#3372 = FACE_OUTER_BOUND ( 'NONE', #3489, .T. ) ;
#3373 = DIRECTION ( 'NONE',  ( 0.000000000000000000, -1.000000000000000000, 0.000000000000000000 ) ) ;
#3374 = ORIENTED_EDGE ( 'NONE', *, *, #3110, .F. ) ;
#3375 = CYLINDRICAL_SURFACE ( 'NONE', #1370, 1.000000000000000000 ) ;
#3376 = SURFACE_STYLE_FILL_AREA ( #1071 ) ;
#3377 = DIRECTION ( 'NONE',  ( 0.7071067811865474617, -0.7071067811865474617, 0.000000000000000000 ) ) ;
#3378 = DIRECTION ( 'NONE',  ( -0.3826834323650901704, 0.9238795325112866275, -0.000000000000000000 ) ) ;
#3379 = CARTESIAN_POINT ( 'NONE',  ( -0.9120864945467257456, -1.491957287525380371, 1.019200000000000106 ) ) ;
#3380 = CARTESIAN_POINT ( 'NONE',  ( -0.9573435648468258119, -1.459796164199844926, 1.292782479562845754 ) ) ;
#3381 = CARTESIAN_POINT ( 'NONE',  ( 2.556176281307496190, -2.095500000000000362, 0.2228158283013659813 ) ) ;
#3382 = ORIENTED_EDGE ( 'NONE', *, *, #2513, .F. ) ;
#3383 = FACE_OUTER_BOUND ( 'NONE', #745, .T. ) ;
#3384 = ORIENTED_EDGE ( 'NONE', *, *, #1475, .T. ) ;
#3385 = AXIS2_PLACEMENT_3D ( 'NONE', #3239, #1252, #3619 ) ;
#3386 = EDGE_CURVE ( 'NONE', #2461, #2083, #3038, .T. ) ;
#3387 = DIRECTION ( 'NONE',  ( 0.000000000000000000, 0.000000000000000000, -1.000000000000000000 ) ) ;
#3388 = CARTESIAN_POINT ( 'NONE',  ( 1.871821356237306944, -1.152274056140050851, 0.8636000000000001453 ) ) ;
#3389 = ORIENTED_EDGE ( 'NONE', *, *, #3301, .F. ) ;
#3390 = CARTESIAN_POINT ( 'NONE',  ( 2.386007996261652941, -1.587499999999999911, 0.1977735387928848676 ) ) ;
#3391 = CARTESIAN_POINT ( 'NONE',  ( 1.134825939845985898, 1.893503083322768843, 0.8635999999999981469 ) ) ;
#3392 = CARTESIAN_POINT ( 'NONE',  ( -2.235200000000000298, 2.095500000000000362, 0.3810000000000002829 ) ) ;
#3393 = ORIENTED_EDGE ( 'NONE', *, *, #3763, .F. ) ;
#3394 = CARTESIAN_POINT ( 'NONE',  ( 1.346199999999999841, -2.540000000000000036, 0.000000000000000000 ) ) ;
#3395 = SURFACE_STYLE_USAGE ( .BOTH. , #157 ) ;
#3396 = CARTESIAN_POINT ( 'NONE',  ( 2.339999999999999858, 1.263357287525380901, 0.8636000000000000343 ) ) ;
#3397 = CARTESIAN_POINT ( 'NONE',  ( -1.830399999999998029, 1.110852699902741714, 0.9221786437626907640 ) ) ;
#3398 = APPLICATION_PROTOCOL_DEFINITION ( 'draft international standard', 'automotive_design', 1998, #831 ) ;
#3399 = CARTESIAN_POINT ( 'NONE',  ( -1.210852699902741580, -1.930399999999998339, 0.8636000000000000343 ) ) ;
#3400 = AXIS2_PLACEMENT_3D ( 'NONE', #504, #1408, #3494 ) ;
#3401 = PRESENTATION_LAYER_ASSIGNMENT (  '', '', ( #647 ) ) ;
#3402 =( BOUNDED_CURVE ( )  B_SPLINE_CURVE ( 3, ( #1347, #2751, #2191, #2207 ),
 .UNSPECIFIED., .F., .F. ) 
 B_SPLINE_CURVE_WITH_KNOTS ( ( 4, 4 ),
 ( 4.712388980384689674, 6.283185307179586232 ),
 .UNSPECIFIED. ) 
 CURVE ( )  GEOMETRIC_REPRESENTATION_ITEM ( )  RATIONAL_B_SPLINE_CURVE ( ( 1.000000000000000000, 0.8047378541243649375, 0.8047378541243649375, 1.000000000000000000 ) ) 
 REPRESENTATION_ITEM ( '' )  );
#3403 = DIRECTION ( 'NONE',  ( 0.000000000000000000, 0.000000000000000000, -1.000000000000000000 ) ) ;
#3404 = ORIENTED_EDGE ( 'NONE', *, *, #1029, .F. ) ;
#3405 = CARTESIAN_POINT ( 'NONE',  ( 2.386007996261652941, -1.587500000000000133, 0.1977735387928848676 ) ) ;
#3406 = B_SPLINE_CURVE_WITH_KNOTS ( 'NONE', 3,
 ( #3732, #2271, #2581, #2833 ),
 .UNSPECIFIED., .F., .F.,
 ( 4, 4 ),
 ( 2.121047654227618843E-15, 8.988884541580457284E-05 ),
 .UNSPECIFIED. ) ;
#3407 = ADVANCED_FACE ( 'NONE', ( #119 ), #163, .T. ) ;
#3408 = CIRCLE ( 'NONE', #3036, 0.2000000000000000666 ) ;
#3409 = CARTESIAN_POINT ( 'NONE',  ( 2.741999999999999549, 2.095500000000000362, 0.1523999999999998134 ) ) ;
#3410 = DIRECTION ( 'NONE',  ( -1.000000000000000000, 0.000000000000000000, -0.000000000000000000 ) ) ;
#3411 = ORIENTED_EDGE ( 'NONE', *, *, #71, .F. ) ;
#3412 = EDGE_CURVE ( 'NONE', #2245, #2653, #3408, .T. ) ;
#3413 = SURFACE_STYLE_USAGE ( .BOTH. , #2233 ) ;
#3414 = UNCERTAINTY_MEASURE_WITH_UNIT (LENGTH_MEASURE( 1.000000000000000082E-05 ), #1456, 'distance_accuracy_value', 'NONE');
#3415 = EDGE_CURVE ( 'NONE', #878, #929, #393, .T. ) ;
#3416 = ORIENTED_EDGE ( 'NONE', *, *, #3784, .T. ) ;
#3417 = PRESENTATION_STYLE_ASSIGNMENT (( #492 ) ) ;
#3418 =( NAMED_UNIT ( * ) PLANE_ANGLE_UNIT ( ) SI_UNIT ( $, .RADIAN. ) );
#3419 = ORIENTED_EDGE ( 'NONE', *, *, #1149, .T. ) ;
#3420 = FACE_OUTER_BOUND ( 'NONE', #720, .T. ) ;
#3421 = CARTESIAN_POINT ( 'NONE',  ( -1.871821356237307832, 1.010852699902741625, 0.9221786437626907640 ) ) ;
#3422 = FILL_AREA_STYLE_COLOUR ( '', #253 ) ;
#3423 = DIRECTION ( 'NONE',  ( 0.000000000000000000, 0.000000000000000000, 1.000000000000000000 ) ) ;
#3424 = ORIENTED_EDGE ( 'NONE', *, *, #991, .F. ) ;
#3425 = DIRECTION ( 'NONE',  ( -0.7071067811865475727, 0.7071067811865475727, 0.000000000000000000 ) ) ;
#3426 = ORIENTED_EDGE ( 'NONE', *, *, #2849, .T. ) ;
#3427 = VECTOR ( 'NONE', #2740, 1000.000000000000000 ) ;
#3428 = CARTESIAN_POINT ( 'NONE',  ( 0.000000000000000000, -1.574799999999999978, 1.219200000000000061 ) ) ;
#3429 = DIRECTION ( 'NONE',  ( 1.000000000000000000, 0.000000000000000000, -0.000000000000000000 ) ) ;
#3430 = EDGE_CURVE ( 'NONE', #3725, #566, #415, .T. ) ;
#3431 = ORIENTED_EDGE ( 'NONE', *, *, #3210, .T. ) ;
#3432 = CARTESIAN_POINT ( 'NONE',  ( 2.235200000000000298, 1.650999999999999801, 0.2285999999999998034 ) ) ;
#3433 = CARTESIAN_POINT ( 'NONE',  ( 1.067330608908788836, 1.866749733896871266, 0.9166980889464492188 ) ) ;
#3434 = VECTOR ( 'NONE', #1694, 1000.000000000000000 ) ;
#3435 = DIRECTION ( 'NONE',  ( 0.6785983445458437791, -0.2810846377148226716, 0.6785983445458494412 ) ) ;
#3436 = EDGE_LOOP ( 'NONE', ( #1261, #3482, #3049, #3627 ) ) ;
#3437 = EDGE_CURVE ( 'NONE', #1831, #1718, #3327, .T. ) ;
#3438 = ORIENTED_EDGE ( 'NONE', *, *, #2955, .F. ) ;
#3439 =( LENGTH_UNIT ( ) NAMED_UNIT ( * ) SI_UNIT ( .MILLI., .METRE. ) );
#3440 = CIRCLE ( 'NONE', #1951, 0.1999999999999998723 ) ;
#3441 = DIRECTION ( 'NONE',  ( -0.7071067811865475727, 0.7071067811865475727, 0.000000000000000000 ) ) ;
#3442 = PLANE ( 'NONE',  #2992 ) ;
#3443 = EDGE_CURVE ( 'NONE', #1385, #1367, #2940, .T. ) ;
#3444 = CARTESIAN_POINT ( 'NONE',  ( -2.500191311065981914, 2.095500000000000362, 0.03368382775259703282 ) ) ;
#3445 = CARTESIAN_POINT ( 'NONE',  ( 1.992138358161261502, 1.119268277646403797, 0.8636000000000000343 ) ) ;
#3446 = CARTESIAN_POINT ( 'NONE',  ( -0.9120864945467263007, 1.633378643762690485, 1.160621356237309332 ) ) ;
#3448 = ORIENTED_EDGE ( 'NONE', *, *, #3199, .F. ) ;
#3447 = VECTOR ( 'NONE', #230, 1000.000000000000000 ) ;
#3449 = ORIENTED_EDGE ( 'NONE', *, *, #924, .T. ) ;
#3450 = CARTESIAN_POINT ( 'NONE',  ( -1.790699999999999958, 2.095500000000000362, 0.8636000000000000343 ) ) ;
#3451 = CARTESIAN_POINT ( 'NONE',  ( -2.712296659499090712, -1.587500000000000133, 0.1523999999999998134 ) ) ;
#3452 = ORIENTED_EDGE ( 'NONE', *, *, #3155, .F. ) ;
#3453 = CIRCLE ( 'NONE', #3705, 0.2000000000000001221 ) ;
#3454 = CARTESIAN_POINT ( 'NONE',  ( -1.202021891036052947, 1.202021891036053614, 1.019200000000000106 ) ) ;
#3455 = LINE ( 'NONE', #3773, #2004 ) ;
#3456 =( BOUNDED_SURFACE ( )  B_SPLINE_SURFACE ( 3, 2, ( 
 ( #2032, #278, #847 ),
 ( #3460, #1375, #870 ),
 ( #806, #1147, #258 ),
 ( #2319, #2298, #3173 ) ),
 .UNSPECIFIED., .F., .F., .F. ) 
 B_SPLINE_SURFACE_WITH_KNOTS ( ( 4, 4 ),
 ( 3, 3 ),
 ( 0.000000000000000000, 0.2740142038101560651 ),
 ( 0.000000000000000000, 1.000000000000000000 ),
 .UNSPECIFIED. ) 
 GEOMETRIC_REPRESENTATION_ITEM ( )  RATIONAL_B_SPLINE_SURFACE ( (
 ( 1.000000000000000000, 0.9312651489419524475, 1.000000000000000000),
 ( 1.000000000000000000, 0.9312663609287136213, 1.000000000000000000),
 ( 1.000000000000000000, 0.9287932027950317471, 1.000000000000000000),
 ( 1.000000000000000000, 0.9238795325112865164, 1.000000000000000000) ) ) 
 REPRESENTATION_ITEM ( '' )  SURFACE ( )  );
#3457 = CARTESIAN_POINT ( 'NONE',  ( 0.000000000000000000, 0.000000000000000000, 1.473200000000000287 ) ) ;
#3458 = VERTEX_POINT ( 'NONE', #3446 ) ;
#3459 = FILL_AREA_STYLE_COLOUR ( '', #3029 ) ;
#3460 = CARTESIAN_POINT ( 'NONE',  ( -1.085505097807429653, 2.006123524931726188, 0.8636000000000000343 ) ) ;
#3461 = VERTEX_POINT ( 'NONE', #2304 ) ;
#3462 = AXIS2_PLACEMENT_3D ( 'NONE', #3379, #3052, #1912 ) ;
#3463 = CARTESIAN_POINT ( 'NONE',  ( -2.264903340500909135, 1.587499999999999911, 0.2286000000000000254 ) ) ;
#3464 = DIRECTION ( 'NONE',  ( 1.000000000000000000, 0.000000000000000000, 0.000000000000000000 ) ) ;
#3465 = CARTESIAN_POINT ( 'NONE',  ( -1.801678643762690379, -1.801678643762690157, 0.6636000000000000787 ) ) ;
#3466 = EDGE_LOOP ( 'NONE', ( #3100, #213, #3183, #1688, #1902 ) ) ;
#3467 = ADVANCED_FACE ( 'NONE', ( #2595 ), #3488, .F. ) ;
#3468 = LINE ( 'NONE', #793, #2146 ) ;
#3469 = DIRECTION ( 'NONE',  ( 1.224646799147353207E-16, 1.000000000000000000, -0.000000000000000000 ) ) ;
#3470 = ORIENTED_EDGE ( 'NONE', *, *, #295, .F. ) ;
#3471 = VECTOR ( 'NONE', #42, 1000.000000000000000 ) ;
#3472 = VECTOR ( 'NONE', #1339, 1000.000000000000000 ) ;
#3473 = CARTESIAN_POINT ( 'NONE',  ( -2.540000000000000036, -1.346199999999999619, 0.000000000000000000 ) ) ;
#3474 = DIRECTION ( 'NONE',  ( 1.000000000000000000, 0.000000000000000000, 0.000000000000000000 ) ) ;
#3475 = CARTESIAN_POINT ( 'NONE',  ( 0.000000000000000000, -1.587500000000000133, 0.000000000000000000 ) ) ;
#3476 = ORIENTED_EDGE ( 'NONE', *, *, #178, .F. ) ;
#3477 = ORIENTED_EDGE ( 'NONE', *, *, #3224, .T. ) ;
#3478 =( BOUNDED_SURFACE ( )  B_SPLINE_SURFACE ( 3, 2, ( 
 ( #3008, #2068, #54 ),
 ( #918, #3596, #1215 ),
 ( #1489, #1527, #38 ),
 ( #976, #2701, #1545 ) ),
 .UNSPECIFIED., .F., .F., .F. ) 
 B_SPLINE_SURFACE_WITH_KNOTS ( ( 4, 4 ),
 ( 3, 3 ),
 ( 6.009171103369428835, 6.283185307179586232 ),
 ( 0.000000000000000000, 1.000000000000000000 ),
 .UNSPECIFIED. ) 
 GEOMETRIC_REPRESENTATION_ITEM ( )  RATIONAL_B_SPLINE_SURFACE ( (
 ( 1.000000000000000000, 0.9238795325112864054, 1.000000000000000000),
 ( 1.000000000000000000, 0.9287932027950318581, 1.000000000000000000),
 ( 1.000000000000000000, 0.9312663609287133992, 1.000000000000000000),
 ( 1.000000000000000000, 0.9312651489419524475, 1.000000000000000000) ) ) 
 REPRESENTATION_ITEM ( '' )  SURFACE ( )  );
#3479 = CARTESIAN_POINT ( 'NONE',  ( 1.859755777428556245, 1.084215513172629208, 0.9166980890513176661 ) ) ;
#3480 = CIRCLE ( 'NONE', #3348, 0.1999999999999999556 ) ;
#3481 = CARTESIAN_POINT ( 'NONE',  ( 2.339999999999999858, -1.263357287525380901, 0.8636000000000000343 ) ) ;
#3482 = ORIENTED_EDGE ( 'NONE', *, *, #2118, .F. ) ;
#3483 = DIRECTION ( 'NONE',  ( -0.000000000000000000, -0.000000000000000000, -1.000000000000000000 ) ) ;
#3484 = EDGE_CURVE ( 'NONE', #644, #2554, #1116, .T. ) ;
#3485 = FACE_OUTER_BOUND ( 'NONE', #120, .T. ) ;
#3486 = B_SPLINE_CURVE_WITH_KNOTS ( 'NONE', 3,
 ( #154, #1908, #1945, #1315, #3696, #2820, #2276, #1354 ),
 .UNSPECIFIED., .F., .F.,
 ( 4, 1, 1, 1, 1, 4 ),
 ( 0.000000000000000000, 0.1250000000000000000, 0.2500000000000000000, 0.5000000000000000000, 0.7500000000000000000, 1.000000000000000000 ),
 .UNSPECIFIED. ) ;
#3487 = FACE_OUTER_BOUND ( 'NONE', #2494, .T. ) ;
#3488 = PLANE ( 'NONE',  #770 ) ;
#3489 = EDGE_LOOP ( 'NONE', ( #2647, #1592, #2980, #2269 ) ) ;
#3490 = EDGE_CURVE ( 'NONE', #2726, #3192, #855, .T. ) ;
#3491 = VECTOR ( 'NONE', #2311, 1000.000000000000000 ) ;
#3492 = CARTESIAN_POINT ( 'NONE',  ( 2.556176281307496190, 2.095500000000000362, 0.2228158283013659813 ) ) ;
#3493 = ADVANCED_FACE ( 'NONE', ( #3724 ), #1932, .T. ) ;
#3494 = DIRECTION ( 'NONE',  ( -1.000000000000000000, 0.000000000000000000, -0.000000000000000000 ) ) ;
#3495 = EDGE_CURVE ( 'NONE', #293, #2873, #1423, .T. ) ;
#3496 = VERTEX_POINT ( 'NONE', #1952 ) ;
#3497 = CARTESIAN_POINT ( 'NONE',  ( -0.9120864945467255236, -1.491957287525380593, 1.019200000000000106 ) ) ;
#3498 = CIRCLE ( 'NONE', #786, 0.1999999999999999556 ) ;
#3499 = DIRECTION ( 'NONE',  ( 0.000000000000000000, 0.7071067811865491270, 0.7071067811865457964 ) ) ;
#3500 = DIRECTION ( 'NONE',  ( 0.000000000000000000, 1.000000000000000000, 0.000000000000000000 ) ) ;
#3501 = VERTEX_POINT ( 'NONE', #3197 ) ;
#3502 = UNCERTAINTY_MEASURE_WITH_UNIT (LENGTH_MEASURE( 1.000000000000000082E-05 ), #3589, 'distance_accuracy_value', 'NONE');
#3503 = EDGE_LOOP ( 'NONE', ( #3645, #1507, #1225, #83, #727, #2149 ) ) ;
#3504 = CARTESIAN_POINT ( 'NONE',  ( 1.866749733896871266, -1.067330608908788836, 0.9166980889464491078 ) ) ;
#3505 = PRODUCT_RELATED_PRODUCT_CATEGORY ( 'part', '', ( #1736 ) ) ;
#3506 = DIRECTION ( 'NONE',  ( 0.000000000000000000, -1.000000000000000000, 0.000000000000000000 ) ) ;
#3507 = VERTEX_POINT ( 'NONE', #536 ) ;
#3508 = CARTESIAN_POINT ( 'NONE',  ( 1.459796164199844926, -0.9573435648468262560, 1.292782479562845976 ) ) ;
#3509 = B_SPLINE_CURVE_WITH_KNOTS ( 'NONE', 3,
 ( #204, #2242, #788, #2902, #517, #1697, #500, #2863 ),
 .UNSPECIFIED., .F., .F.,
 ( 4, 1, 1, 1, 1, 4 ),
 ( 0.000000000000000000, 0.1250000000000000000, 0.2500000000000000000, 0.5000000000000000000, 0.7500000000000000000, 1.000000000000000000 ),
 .UNSPECIFIED. ) ;
#3510 = CARTESIAN_POINT ( 'NONE',  ( 2.264903340500909135, 2.095500000000000362, 0.2286000000000000254 ) ) ;
#3511 = DIRECTION ( 'NONE',  ( -0.000000000000000000, -0.000000000000000000, -1.000000000000000000 ) ) ;
#3512 = ORIENTED_EDGE ( 'NONE', *, *, #203, .F. ) ;
#3513 = VECTOR ( 'NONE', #2357, 1000.000000000000000 ) ;
#3514 = CARTESIAN_POINT ( 'NONE',  ( 1.346199999999999841, -2.540000000000000036, 0.6636000000000000787 ) ) ;
#3515 = CARTESIAN_POINT ( 'NONE',  ( 2.256387004048788114, 1.629812995951031684, 0.3810000000000000608 ) ) ;
#3516 = EDGE_LOOP ( 'NONE', ( #443, #1343 ) ) ;
#3517 = DIRECTION ( 'NONE',  ( 0.000000000000000000, -1.000000000000000000, 0.000000000000000000 ) ) ;
#3518 = EDGE_CURVE ( 'NONE', #1895, #313, #1657, .T. ) ;
#3519 =( NAMED_UNIT ( * ) PLANE_ANGLE_UNIT ( ) SI_UNIT ( $, .RADIAN. ) );
#3520 = EDGE_LOOP ( 'NONE', ( #3666, #1139, #2692 ) ) ;
#3521 = CARTESIAN_POINT ( 'NONE',  ( -2.307735087980207656, 1.587500000000000133, 0.3810000000000000608 ) ) ;
#3522 = CARTESIAN_POINT ( 'NONE',  ( -1.000000000000000000, 0.000000000000000000, 1.524000000000000243 ) ) ;
#3523 = AXIS2_PLACEMENT_3D ( 'NONE', #3574, #385, #674 ) ;
#3524 = CARTESIAN_POINT ( 'NONE',  ( 0.000000000000000000, 0.000000000000000000, 0.000000000000000000 ) ) ;
#3525 = LINE ( 'NONE', #887, #2755 ) ;
#3526 = PLANE ( 'NONE',  #342 ) ;
#3527 = CARTESIAN_POINT ( 'NONE',  ( -1.984396836856037405, -1.156855862540680846, 0.8636000000000000343 ) ) ;
#3528 = ORIENTED_EDGE ( 'NONE', *, *, #2774, .F. ) ;
#3529 = STYLED_ITEM ( 'NONE', ( #1892 ), #2160 ) ;
#3530 = CARTESIAN_POINT ( 'NONE',  ( 1.346199999999999397, -2.540000000000000480, 0.7807572875253809830 ) ) ;
#3531 = CARTESIAN_POINT ( 'NONE',  ( -1.152274056140051295, -1.871821356237307610, 0.8636000000000001453 ) ) ;
#3532 = ORIENTED_EDGE ( 'NONE', *, *, #2799, .T. ) ;
#3533 = AXIS2_PLACEMENT_3D ( 'NONE', #294, #2084, #1470 ) ;
#3534 = EDGE_CURVE ( 'NONE', #861, #3811, #1713, .T. ) ;
#3535 = DIRECTION ( 'NONE',  ( -0.2810846377148198405, 0.6785983445458455554, -0.6785983445458488861 ) ) ;
#3536 = SURFACE_STYLE_USAGE ( .BOTH. , #380 ) ;
#3537 = VECTOR ( 'NONE', #45, 1000.000000000000000 ) ;
#3538 = VERTEX_POINT ( 'NONE', #1734 ) ;
#3539 = VECTOR ( 'NONE', #694, 1000.000000000000114 ) ;
#3540 = EDGE_CURVE ( 'NONE', #2023, #1208, #3509, .T. ) ;
#3541 = VERTEX_POINT ( 'NONE', #242 ) ;
#3542 = CARTESIAN_POINT ( 'NONE',  ( 1.010852699902741181, -2.013242712474617502, 0.8636000000000000343 ) ) ;
#3543 = VECTOR ( 'NONE', #570, 1000.000000000000114 ) ;
#3544 = SURFACE_STYLE_FILL_AREA ( #3277 ) ;
#3545 = EDGE_CURVE ( 'NONE', #3231, #1385, #1677, .T. ) ;
#3546 = ORIENTED_EDGE ( 'NONE', *, *, #3437, .T. ) ;
#3547 = VECTOR ( 'NONE', #2002, 1000.000000000000000 ) ;
#3548 = CARTESIAN_POINT ( 'NONE',  ( 0.000000000000000000, 2.095500000000000362, 0.000000000000000000 ) ) ;
#3549 = CARTESIAN_POINT ( 'NONE',  ( -2.642048799282909144, -1.587500000000000133, 0.1591029197505574033 ) ) ;
#3550 = ORIENTED_EDGE ( 'NONE', *, *, #3155, .T. ) ;
#3551 = VERTEX_POINT ( 'NONE', #2843 ) ;
#3552 =( NAMED_UNIT ( * ) SI_UNIT ( $, .STERADIAN. ) SOLID_ANGLE_UNIT ( ) );
#3553 = CARTESIAN_POINT ( 'NONE',  ( -1.052098721364690403, -1.879112691439460026, 0.9148873085605385702 ) ) ;
#3554 = ORIENTED_EDGE ( 'NONE', *, *, #2793, .T. ) ;
#3555 = CARTESIAN_POINT ( 'NONE',  ( -2.591192003738346461, 1.587500000000000133, 0.1832264612071148047 ) ) ;
#3556 = PLANE ( 'NONE',  #2582 ) ;
#3557 = CARTESIAN_POINT ( 'NONE',  ( 3.250000000000000000, -1.587500000000000133, 0.000000000000000000 ) ) ;
#3558 = EDGE_LOOP ( 'NONE', ( #481, #571, #656, #1166 ) ) ;
#3559 = CARTESIAN_POINT ( 'NONE',  ( -1.936378647927188723, 1.066111335742931265, 0.8635999999999838250 ) ) ;
#3560 = CIRCLE ( 'NONE', #856, 0.2000000000000001221 ) ;
#3561 =( BOUNDED_SURFACE ( )  B_SPLINE_SURFACE ( 3, 2, ( 
 ( #3640, #3281, #372 ),
 ( #1587, #1295, #98 ),
 ( #3324, #3660, #451 ),
 ( #1256, #731, #716 ) ),
 .UNSPECIFIED., .F., .F., .F. ) 
 B_SPLINE_SURFACE_WITH_KNOTS ( ( 4, 4 ),
 ( 3, 3 ),
 ( 6.009171103369428835, 6.283185307179586232 ),
 ( 0.000000000000000000, 1.000000000000000000 ),
 .UNSPECIFIED. ) 
 GEOMETRIC_REPRESENTATION_ITEM ( )  RATIONAL_B_SPLINE_SURFACE ( (
 ( 1.000000000000000000, 0.9238795325112862944, 1.000000000000000000),
 ( 1.000000000000000000, 0.9287932027950323022, 1.000000000000000000),
 ( 1.000000000000000000, 0.9312663609287133992, 1.000000000000000000),
 ( 1.000000000000000000, 0.9312651489419525586, 1.000000000000000000) ) ) 
 REPRESENTATION_ITEM ( '' )  SURFACE ( )  );
#3562 = ORIENTED_EDGE ( 'NONE', *, *, #2749, .F. ) ;
#3563 = EDGE_CURVE ( 'NONE', #2950, #2679, #2283, .T. ) ;
#3564 = LINE ( 'NONE', #1254, #3539 ) ;
#3565 = FACE_OUTER_BOUND ( 'NONE', #1797, .T. ) ;
#3566 = DIRECTION ( 'NONE',  ( -0.000000000000000000, -1.000000000000000000, -0.000000000000000000 ) ) ;
#3567 = ORIENTED_EDGE ( 'NONE', *, *, #2455, .T. ) ;
#3568 = VERTEX_POINT ( 'NONE', #3701 ) ;
#3569 = LINE ( 'NONE', #931, #614 ) ;
#3570 = FILL_AREA_STYLE ('',( #2379 ) ) ;
#3571 = ORIENTED_EDGE ( 'NONE', *, *, #2612, .F. ) ;
#3572 = ORIENTED_EDGE ( 'NONE', *, *, #3586, .F. ) ;
#3573 = DIRECTION ( 'NONE',  ( -0.3826834323650903924, -0.9238795325112865164, 0.000000000000000000 ) ) ;
#3574 = CARTESIAN_POINT ( 'NONE',  ( -1.491957287525380593, 0.9120864945467266338, 1.019200000000000106 ) ) ;
#3575 = ORIENTED_EDGE ( 'NONE', *, *, #540, .T. ) ;
#3576 = AXIS2_PLACEMENT_3D ( 'NONE', #72, #1783, #2366 ) ;
#3577 = B_SPLINE_CURVE_WITH_KNOTS ( 'NONE', 3,
 ( #2917, #1151, #519, #229, #1384, #1934, #2553, #2514 ),
 .UNSPECIFIED., .F., .F.,
 ( 4, 1, 1, 1, 1, 4 ),
 ( 0.08587081253034774264, 0.1250000000000000000, 0.2500000000000000000, 0.5000000000000000000, 0.7500000000000000000, 1.000000000000000000 ),
 .UNSPECIFIED. ) ;
#3578 = FACE_OUTER_BOUND ( 'NONE', #1389, .T. ) ;
#3579 = CARTESIAN_POINT ( 'NONE',  ( -2.235200000000000298, -1.587500000000000133, 0.3810000000000002829 ) ) ;
#3580 = LINE ( 'NONE', #58, #939 ) ;
#3581 = CARTESIAN_POINT ( 'NONE',  ( -1.930399999999998339, 1.210852699902742025, 0.8636000000000000343 ) ) ;
#3582 = VECTOR ( 'NONE', #1820, 1000.000000000000000 ) ;
#3583 = FACE_OUTER_BOUND ( 'NONE', #765, .T. ) ;
#3584 = CYLINDRICAL_SURFACE ( 'NONE', #953, 0.2000000000000000944 ) ;
#3585 = ORIENTED_EDGE ( 'NONE', *, *, #2988, .F. ) ;
#3586 = EDGE_CURVE ( 'NONE', #2375, #406, #2881, .T. ) ;
#3587 = ORIENTED_EDGE ( 'NONE', *, *, #254, .F. ) ;
#3588 = CARTESIAN_POINT ( 'NONE',  ( 1.978113012607195298, 1.153128457099999560, 0.8635999999999999233 ) ) ;
#3589 =( LENGTH_UNIT ( ) NAMED_UNIT ( * ) SI_UNIT ( .MILLI., .METRE. ) );
#3590 = DIRECTION ( 'NONE',  ( -1.000000000000000000, 0.000000000000000000, 0.000000000000000000 ) ) ;
#3591 = ORIENTED_EDGE ( 'NONE', *, *, #3518, .T. ) ;
#3592 = ADVANCED_FACE ( 'NONE', ( #3744 ), #1097, .T. ) ;
#3593 = ORIENTED_EDGE ( 'NONE', *, *, #2774, .T. ) ;
#3594 = CARTESIAN_POINT ( 'NONE',  ( 1.346199999999999841, 2.540000000000000036, 0.6636000000000000787 ) ) ;
#3595 = CIRCLE ( 'NONE', #1858, 0.1999999999999999556 ) ;
#3596 = CARTESIAN_POINT ( 'NONE',  ( -1.134825939845991671, 1.893503083322770175, 0.8636000000000000343 ) ) ;
#3597 = MECHANICAL_DESIGN_GEOMETRIC_PRESENTATION_REPRESENTATION (  '', ( #470 ), #1751 ) ;
#3598 = ORIENTED_EDGE ( 'NONE', *, *, #1462, .T. ) ;
#3599 = AXIS2_PLACEMENT_3D ( 'NONE', #2186, #1635, #2167 ) ;
#3600 = CARTESIAN_POINT ( 'NONE',  ( 1.183848512200514680, 1.957404187702224796, 0.8635999999999999233 ) ) ;
#3601 = EDGE_CURVE ( 'NONE', #3141, #2985, #1972, .T. ) ;
#3602 = LINE ( 'NONE', #677, #182 ) ;
#3603 = CARTESIAN_POINT ( 'NONE',  ( 2.642048799282909144, -1.587500000000000133, 0.1591029197505574033 ) ) ;
#3604 =( BOUNDED_CURVE ( )  B_SPLINE_CURVE ( 3, ( #701, #3588, #1859, #1794 ),
 .UNSPECIFIED., .F., .F. ) 
 B_SPLINE_CURVE_WITH_KNOTS ( ( 4, 4 ),
 ( 2.710505431213760099E-16, 0.2740142038101567312 ),
 .UNSPECIFIED. ) 
 CURVE ( )  GEOMETRIC_REPRESENTATION_ITEM ( )  RATIONAL_B_SPLINE_CURVE ( ( 1.000000000000000000, 0.9937527993431576334, 0.9937527993431576334, 1.000000000000000000 ) ) 
 REPRESENTATION_ITEM ( '' )  );
#3605 = DIRECTION ( 'NONE',  ( 3.104372720073025936E-16, 0.000000000000000000, 1.000000000000000000 ) ) ;
#3606 = EDGE_CURVE ( 'NONE', #1939, #1273, #1993, .T. ) ;
#3607 = CARTESIAN_POINT ( 'NONE',  ( -1.117427842509932434, -1.915122654850669237, 0.8635999999999794952 ) ) ;
#3608 = ORIENTED_EDGE ( 'NONE', *, *, #1419, .F. ) ;
#3609 = ORIENTED_EDGE ( 'NONE', *, *, #3208, .F. ) ;
#3610 = LINE ( 'NONE', #2377, #1272 ) ;
#3611 = ADVANCED_FACE ( 'NONE', ( #3787 ), #1054, .F. ) ;
#3612 = EDGE_CURVE ( 'NONE', #839, #2929, #3580, .T. ) ;
#3613 = CARTESIAN_POINT ( 'NONE',  ( -2.540000000000000924, -0.7619999999999992335, 0.05080000000000000487 ) ) ;
#3614 = CARTESIAN_POINT ( 'NONE',  ( -1.311885424949237544, -2.457157287525380429, 0.8636000000000000343 ) ) ;
#3615 = ORIENTED_EDGE ( 'NONE', *, *, #2026, .T. ) ;
#3616 = CARTESIAN_POINT ( 'NONE',  ( 2.235200000000000298, -2.095500000000000362, 0.2286000000000000254 ) ) ;
#3617 = AXIS2_PLACEMENT_3D ( 'NONE', #610, #1163, #821 ) ;
#3618 = LINE ( 'NONE', #1525, #2797 ) ;
#3619 = DIRECTION ( 'NONE',  ( 0.000000000000000000, -0.7071067811865496822, 0.7071067811865453523 ) ) ;
#3620 = EDGE_CURVE ( 'NONE', #2816, #2950, #702, .T. ) ;
#3621 = ORIENTED_EDGE ( 'NONE', *, *, #141, .F. ) ;
#3622 = STYLED_ITEM ( 'NONE', ( #3809 ), #2322 ) ;
#3623 = CARTESIAN_POINT ( 'NONE',  ( 1.491957287525380593, 0.9120864945467261897, 1.019200000000000106 ) ) ;
#3624 = AXIS2_PLACEMENT_3D ( 'NONE', #534, #1878, #439 ) ;
#3625 = DIRECTION ( 'NONE',  ( -0.7071067811865474617, 0.7071067811865474617, 0.000000000000000000 ) ) ;
#3626 = PLANE ( 'NONE',  #2232 ) ;
#3627 = ORIENTED_EDGE ( 'NONE', *, *, #885, .T. ) ;
#3628 = VERTEX_POINT ( 'NONE', #905 ) ;
#3629 = VECTOR ( 'NONE', #1628, 1000.000000000000000 ) ;
#3630 = CARTESIAN_POINT ( 'NONE',  ( -2.013242712474617502, -1.010852699902740959, 0.8636000000000000343 ) ) ;
#3631 = CARTESIAN_POINT ( 'NONE',  ( -2.307873433698064858, 1.587500000000000355, 0.2233630774569628219 ) ) ;
#3632 = CARTESIAN_POINT ( 'NONE',  ( 1.957327988742458613, -1.183924710907930278, 0.8636000000000000343 ) ) ;
#3633 = ORIENTED_EDGE ( 'NONE', *, *, #152, .F. ) ;
#3634 = CARTESIAN_POINT ( 'NONE',  ( 2.741999999999999549, -2.095500000000000362, -2.032879073410320814E-16 ) ) ;
#3635 = CARTESIAN_POINT ( 'NONE',  ( 1.790699999999999958, -2.095500000000000362, 0.2285999999999998034 ) ) ;
#3636 = LINE ( 'NONE', #994, #2277 ) ;
#3637 = VECTOR ( 'NONE', #2058, 1000.000000000000000 ) ;
#3638 = VERTEX_POINT ( 'NONE', #2036 ) ;
#3639 = CARTESIAN_POINT ( 'NONE',  ( 1.210852699902741358, -1.930399999999998339, 0.8636000000000000343 ) ) ;
#3640 = CARTESIAN_POINT ( 'NONE',  ( 2.013242712474617058, -1.010852699902740959, 0.8636000000000000343 ) ) ;
#3641 = CARTESIAN_POINT ( 'NONE',  ( -1.052453218965969883, -1.879175358519930006, 0.9148246414800683679 ) ) ;
#3642 = CARTESIAN_POINT ( 'NONE',  ( -2.235200000000000298, -1.587499999999999911, 0.2286000000000000254 ) ) ;
#3643 = CARTESIAN_POINT ( 'NONE',  ( 2.741999999999999549, 1.587500000000000133, 0.1523999999999995913 ) ) ;
#3644 = ORIENTED_EDGE ( 'NONE', *, *, #2046, .T. ) ;
#3645 = ORIENTED_EDGE ( 'NONE', *, *, #3366, .F. ) ;
#3646 = CARTESIAN_POINT ( 'NONE',  ( -1.098859262457736019, 1.847544312607699357, 0.9185364250061024416 ) ) ;
#3647 = DIRECTION ( 'NONE',  ( 0.000000000000000000, 1.000000000000000000, 0.000000000000000000 ) ) ;
#3648 = EDGE_CURVE ( 'NONE', #1039, #1208, #1203, .T. ) ;
#3649 = ORIENTED_EDGE ( 'NONE', *, *, #3415, .T. ) ;
#3650 =( GEOMETRIC_REPRESENTATION_CONTEXT ( 3 ) GLOBAL_UNCERTAINTY_ASSIGNED_CONTEXT ( ( #2608 ) ) GLOBAL_UNIT_ASSIGNED_CONTEXT ( ( #2450, #99, #452 ) ) REPRESENTATION_CONTEXT ( 'NONE', 'WORKASPACE' ) );
#3651 = CARTESIAN_POINT ( 'NONE',  ( 2.421023718692504101, -2.095500000000000362, 0.1581841716986339685 ) ) ;
#3652 = DIRECTION ( 'NONE',  ( -0.7071067811865474617, 0.7071067811865474617, 0.000000000000000000 ) ) ;
#3653 = CARTESIAN_POINT ( 'NONE',  ( -1.050400519181990289, 1.873762406673904035, 0.9166980889464492188 ) ) ;
#3654 = EDGE_CURVE ( 'NONE', #3221, #618, #2791, .T. ) ;
#3655 = EDGE_LOOP ( 'NONE', ( #1617, #1607, #423 ) ) ;
#3656 = VECTOR ( 'NONE', #2876, 1000.000000000000000 ) ;
#3657 = CARTESIAN_POINT ( 'NONE',  ( -2.540000000000000924, -0.7619999999999992335, 0.05080000000000000487 ) ) ;
#3658 = EDGE_CURVE ( 'NONE', #1939, #1529, #2105, .T. ) ;
#3659 = LINE ( 'NONE', #1822, #3813 ) ;
#3660 = CARTESIAN_POINT ( 'NONE',  ( 1.929803402899463283, -1.065289660479048939, 0.8636000000000002563 ) ) ;
#3661 = AXIS2_PLACEMENT_3D ( 'NONE', #2920, #2302, #3765 ) ;
#3662 = CARTESIAN_POINT ( 'NONE',  ( 2.353269835448805747, -1.587499999999999911, 0.3704899464568018885 ) ) ;
#3663 = PRESENTATION_LAYER_ASSIGNMENT (  '', '', ( #162 ) ) ;
#3664 = DIRECTION ( 'NONE',  ( -0.000000000000000000, -0.000000000000000000, -1.000000000000000000 ) ) ;
#3665 = CARTESIAN_POINT ( 'NONE',  ( 2.235200000000000298, -2.095500000000000362, 0.3810000000000002829 ) ) ;
#3666 = ORIENTED_EDGE ( 'NONE', *, *, #3545, .F. ) ;
#3667 = VERTEX_POINT ( 'NONE', #353 ) ;
#3668 = AXIS2_PLACEMENT_3D ( 'NONE', #1063, #487, #760 ) ;
#3669 = CARTESIAN_POINT ( 'NONE',  ( -0.8176768423956577436, -1.405453581120655882, 1.388546418879345046 ) ) ;
#3670 = CARTESIAN_POINT ( 'NONE',  ( -2.500191311065981914, 1.587500000000000133, 0.03368382775259703282 ) ) ;
#3671 = LINE ( 'NONE', #2792, #284 ) ;
#3672 = VERTEX_POINT ( 'NONE', #2637 ) ;
#3673 = SPHERICAL_SURFACE ( 'NONE', #2019, 0.2000000000000000111 ) ;
#3674 = CARTESIAN_POINT ( 'NONE',  ( 1.847544312607699801, 1.098859262457736241, 0.9185364250061023306 ) ) ;
#3675 = CARTESIAN_POINT ( 'NONE',  ( 1.031456200553528824, 1.875463574993895710, 0.9185364250061024416 ) ) ;
#3676 = VECTOR ( 'NONE', #2273, 1000.000000000000114 ) ;
#3677 = ORIENTED_EDGE ( 'NONE', *, *, #880, .T. ) ;
#3678 = DIRECTION ( 'NONE',  ( 0.000000000000000000, 0.000000000000000000, 1.000000000000000000 ) ) ;
#3679 = DIRECTION ( 'NONE',  ( 0.7071067811865476838, 0.7071067811865473507, 0.000000000000000000 ) ) ;
#3680 = DIRECTION ( 'NONE',  ( -0.000000000000000000, -0.000000000000000000, -1.000000000000000000 ) ) ;
#3681 = CARTESIAN_POINT ( 'NONE',  ( -0.9491999999999999327, 1.193540770449010529E-16, 1.524000000000000243 ) ) ;
#3682 = CARTESIAN_POINT ( 'NONE',  ( -2.540000000000000036, 1.346200000000000063, 0.000000000000000000 ) ) ;
#3683 = ADVANCED_FACE ( 'NONE', ( #3565 ), #660, .T. ) ;
#3684 = FACE_OUTER_BOUND ( 'NONE', #3315, .T. ) ;
#3685 = ORIENTED_EDGE ( 'NONE', *, *, #692, .T. ) ;
#3686 = DIRECTION ( 'NONE',  ( -0.7071067811865474617, 0.7071067811865474617, -2.195123001694164546E-16 ) ) ;
#3687 = ORIENTED_EDGE ( 'NONE', *, *, #2870, .T. ) ;
#3688 = CARTESIAN_POINT ( 'NONE',  ( -2.669464912019792191, 1.587500000000000133, -2.032879073410320814E-16 ) ) ;
#3689 = CARTESIAN_POINT ( 'NONE',  ( 1.847500577805371691, -1.098889857380012103, 0.9185457163043914131 ) ) ;
#3690 = ORIENTED_EDGE ( 'NONE', *, *, #1040, .F. ) ;
#3691 = CIRCLE ( 'NONE', #1341, 0.2000000000000000944 ) ;
#3692 = FACE_OUTER_BOUND ( 'NONE', #2447, .T. ) ;
#3693 = DIRECTION ( 'NONE',  ( -0.7071067811865475727, -0.7071067811865475727, 0.000000000000000000 ) ) ;
#3694 = CARTESIAN_POINT ( 'NONE',  ( 1.346199999999999841, -2.540000000000000036, 0.8636000000000000343 ) ) ;
#3695 = VERTEX_POINT ( 'NONE', #2995 ) ;
#3696 = CARTESIAN_POINT ( 'NONE',  ( 2.421023718692504101, 2.095500000000000362, 0.1581841716986339685 ) ) ;
#3697 = CARTESIAN_POINT ( 'NONE',  ( 1.010852699902741625, -1.930399999999998117, 0.8636000000000001453 ) ) ;
#3698 = LINE ( 'NONE', #3070, #3750 ) ;
#3699 = EDGE_CURVE ( 'NONE', #758, #1372, #2953, .T. ) ;
#3700 = DIRECTION ( 'NONE',  ( -1.000000000000000000, 0.000000000000000000, 0.000000000000000000 ) ) ;
#3701 = CARTESIAN_POINT ( 'NONE',  ( -3.250000000000000000, -2.095500000000000362, 0.000000000000000000 ) ) ;
#3702 = ORIENTED_EDGE ( 'NONE', *, *, #3518, .F. ) ;
#3703 = EDGE_CURVE ( 'NONE', #848, #3714, #315, .T. ) ;
#3704 = DIRECTION ( 'NONE',  ( -1.000000000000000000, 0.000000000000000000, 3.104372720073025936E-16 ) ) ;
#3705 = AXIS2_PLACEMENT_3D ( 'NONE', #1924, #465, #3109 ) ;
#3706 = CARTESIAN_POINT ( 'NONE',  ( 2.235200000000000298, 1.587500000000000133, 0.3810000000000000608 ) ) ;
#3707 = EDGE_CURVE ( 'NONE', #1946, #752, #2159, .T. ) ;
#3708 = CARTESIAN_POINT ( 'NONE',  ( -2.556176281307496190, -2.095500000000000362, 0.2228158283013659813 ) ) ;
#3709 = VERTEX_POINT ( 'NONE', #2921 ) ;
#3710 = CARTESIAN_POINT ( 'NONE',  ( -1.871821356237307832, -1.010852699902740959, 0.9221786437626907640 ) ) ;
#3711 = DIRECTION ( 'NONE',  ( 1.000000000000000000, 0.000000000000000000, 0.000000000000000000 ) ) ;
#3712 = DIRECTION ( 'NONE',  ( 0.7071067811865491270, 0.000000000000000000, 0.7071067811865457964 ) ) ;
#3713 = PRESENTATION_LAYER_ASSIGNMENT (  '', '', ( #3529 ) ) ;
#3714 = VERTEX_POINT ( 'NONE', #1172 ) ;
#3715 = CARTESIAN_POINT ( 'NONE',  ( 2.540000000000000036, -1.346199999999999841, 0.6636000000000000787 ) ) ;
#3716 = CARTESIAN_POINT ( 'NONE',  ( 1.156855862540692836, -1.984396836855992330, 0.8636000000000000343 ) ) ;
#3717 = DIRECTION ( 'NONE',  ( 0.000000000000000000, 0.000000000000000000, 1.000000000000000000 ) ) ;
#3718 = CARTESIAN_POINT ( 'NONE',  ( 0.9120864945467263007, 1.491957287525380593, 1.019200000000000106 ) ) ;
#3719 = TOROIDAL_SURFACE ( 'NONE', #2847, 0.9491999999999999327, 0.05080000000000000487 ) ;
#3720 = ADVANCED_FACE ( 'NONE', ( #3227 ), #1605, .F. ) ;
#3721 = SURFACE_STYLE_USAGE ( .BOTH. , #3344 ) ;
#3722 = VECTOR ( 'NONE', #686, 1000.000000000000000 ) ;
#3723 = AXIS2_PLACEMENT_3D ( 'NONE', #3524, #1168, #2589 ) ;
#3724 = FACE_OUTER_BOUND ( 'NONE', #1846, .T. ) ;
#3725 = VERTEX_POINT ( 'NONE', #1476 ) ;
#3726 = CARTESIAN_POINT ( 'NONE',  ( 2.741999999999999549, 2.095500000000000362, 0.000000000000000000 ) ) ;
#3727 = VECTOR ( 'NONE', #2551, 1000.000000000000114 ) ;
#3728 = EDGE_CURVE ( 'NONE', #1465, #3501, #333, .T. ) ;
#3729 = LINE ( 'NONE', #837, #1283 ) ;
#3730 = CARTESIAN_POINT ( 'NONE',  ( -1.012086494546726723, 1.591957287525380682, 1.160621356237309332 ) ) ;
#3731 = ORIENTED_EDGE ( 'NONE', *, *, #207, .T. ) ;
#3732 = CARTESIAN_POINT ( 'NONE',  ( -2.298699999996559828, -1.587500000000000355, 0.3770624206668726774 ) ) ;
#3733 = CARTESIAN_POINT ( 'NONE',  ( 2.298699999999999743, -1.587500000000000133, 0.8636000000000000343 ) ) ;
#3734 =( BOUNDED_CURVE ( )  B_SPLINE_CURVE ( 3, ( #725, #1309, #3674, #1026 ),
 .UNSPECIFIED., .F., .F. ) 
 B_SPLINE_CURVE_WITH_KNOTS ( ( 4, 4 ),
 ( 2.404704398689219454E-16, 0.2740142038101566757 ),
 .UNSPECIFIED. ) 
 CURVE ( )  GEOMETRIC_REPRESENTATION_ITEM ( )  RATIONAL_B_SPLINE_CURVE ( ( 1.000000000000000000, 0.9937527993431576334, 0.9937527993431576334, 1.000000000000000000 ) ) 
 REPRESENTATION_ITEM ( '' )  );
#3735 = ADVANCED_FACE ( 'NONE', ( #748 ), #1872, .F. ) ;
#3736 = VECTOR ( 'NONE', #270, 1000.000000000000000 ) ;
#3737 = CARTESIAN_POINT ( 'NONE',  ( -2.013242712474617502, 1.010852699902741625, 0.8636000000000000343 ) ) ;
#3738 = ORIENTED_EDGE ( 'NONE', *, *, #3087, .F. ) ;
#3739 = DIRECTION ( 'NONE',  ( 1.000000000000000000, 0.000000000000000000, 0.000000000000000000 ) ) ;
#3740 = CARTESIAN_POINT ( 'NONE',  ( -0.9120864945467263007, 1.491957287525380593, 1.019200000000000106 ) ) ;
#3741 = CARTESIAN_POINT ( 'NONE',  ( -2.386007996261652941, 2.095500000000000362, 0.1977735387928848676 ) ) ;
#3742 = DIRECTION ( 'NONE',  ( -0.7071067811865474617, -0.7071067811865474617, 0.000000000000000000 ) ) ;
#3743 = CARTESIAN_POINT ( 'NONE',  ( -2.540000000000000036, 0.7620000000000001217, 0.000000000000000000 ) ) ;
#3744 = FACE_OUTER_BOUND ( 'NONE', #3322, .T. ) ;
#3745 = ORIENTED_EDGE ( 'NONE', *, *, #1815, .F. ) ;
#3746 = CARTESIAN_POINT ( 'NONE',  ( 1.263357287525380901, -2.339999999999999858, 0.8636000000000000343 ) ) ;
#3747 = VECTOR ( 'NONE', #309, 1000.000000000000000 ) ;
#3748 = VERTEX_POINT ( 'NONE', #3682 ) ;
#3749 = EDGE_CURVE ( 'NONE', #1555, #1973, #2657, .T. ) ;
#3750 = VECTOR ( 'NONE', #1928, 1000.000000000000000 ) ;
#3751 = LINE ( 'NONE', #3450, #1786 ) ;
#3752 = ORIENTED_EDGE ( 'NONE', *, *, #2070, .F. ) ;
#3753 = CARTESIAN_POINT ( 'NONE',  ( -1.790699999999999958, -2.095500000000000362, 0.8636000000000000343 ) ) ;
#3754 = CARTESIAN_POINT ( 'NONE',  ( 1.113359454313947117, 1.909892242352578151, 0.8635999999999941501 ) ) ;
#3755 = VECTOR ( 'NONE', #3742, 1000.000000000000114 ) ;
#3756 = ORIENTED_EDGE ( 'NONE', *, *, #2818, .T. ) ;
#3757 =( BOUNDED_CURVE ( )  B_SPLINE_CURVE ( 3, ( #3124, #1740, #289, #1451 ),
 .UNSPECIFIED., .F., .F. ) 
 B_SPLINE_CURVE_WITH_KNOTS ( ( 4, 4 ),
 ( 6.009171103369429723, 6.283185307179586232 ),
 .UNSPECIFIED. ) 
 CURVE ( )  GEOMETRIC_REPRESENTATION_ITEM ( )  RATIONAL_B_SPLINE_CURVE ( ( 1.000000000000000000, 0.9937527993431576334, 0.9937527993431576334, 1.000000000000000000 ) ) 
 REPRESENTATION_ITEM ( '' )  );
#3758 = DIRECTION ( 'NONE',  ( -0.2810846377148199515, -0.6785983445458454444, 0.6785983445458487751 ) ) ;
#3759 = AXIS2_PLACEMENT_3D ( 'NONE', #187, #3425, #2321 ) ;
#3760 = ORIENTED_EDGE ( 'NONE', *, *, #2388, .F. ) ;
#3761 = DIRECTION ( 'NONE',  ( 0.000000000000000000, 1.000000000000000000, 0.000000000000000000 ) ) ;
#3762 =( LENGTH_UNIT ( ) NAMED_UNIT ( * ) SI_UNIT ( .MILLI., .METRE. ) );
#3763 = EDGE_CURVE ( 'NONE', #1335, #1043, #3360, .T. ) ;
#3764 = CARTESIAN_POINT ( 'NONE',  ( -2.235200000000000298, 2.095500000000000362, 0.2286000000000000254 ) ) ;
#3765 = DIRECTION ( 'NONE',  ( 0.3826834323650903924, -0.9238795325112865164, 0.000000000000000000 ) ) ;
#3766 = DIRECTION ( 'NONE',  ( -0.2810846377148197850, 0.6785983445458454444, -0.6785983445458487751 ) ) ;
#3767 = ORIENTED_EDGE ( 'NONE', *, *, #3321, .T. ) ;
#3768 = CARTESIAN_POINT ( 'NONE',  ( -2.298700007898529130, -1.587499999999999911, 0.2245073061906101841 ) ) ;
#3769 = CARTESIAN_POINT ( 'NONE',  ( -2.591192003738346461, -1.587500000000000133, 0.1832264612071148047 ) ) ;
#3770 = ORIENTED_EDGE ( 'NONE', *, *, #1724, .T. ) ;
#3771 = VECTOR ( 'NONE', #1333, 1000.000000000000000 ) ;
#3772 = CARTESIAN_POINT ( 'NONE',  ( 1.930399999999998339, -1.210852699902741803, 1.063599999999999879 ) ) ;
#3773 = CARTESIAN_POINT ( 'NONE',  ( -2.741999999999999549, -1.587500000000000133, 0.000000000000000000 ) ) ;
#3774 = EDGE_CURVE ( 'NONE', #3090, #1973, #1277, .T. ) ;
#3775 = B_SPLINE_SURFACE_WITH_KNOTS ( 'NONE', 3, 1, ( 
 ( #672, #383 ),
 ( #3521, #884 ),
 ( #2047, #1763 ),
 ( #424, #3085 ),
 ( #973, #1622 ),
 ( #2753, #724 ),
 ( #3046, #463 ),
 ( #1008, #1642 ) ),
 .UNSPECIFIED., .F., .F., .F.,
 ( 4, 1, 1, 1, 1, 4 ),
 ( 2, 2 ),
 ( 0.000000000000000000, 0.2500000000000000000, 0.5000000000000000000, 0.7500000000000000000, 0.8750000000000000000, 1.000000000000000000 ),
 ( 0.000000000000000000, 1.000000000000000000 ),
 .UNSPECIFIED. ) ;
#3776 = ORIENTED_EDGE ( 'NONE', *, *, #312, .F. ) ;
#3777 = UNCERTAINTY_MEASURE_WITH_UNIT (LENGTH_MEASURE( 1.000000000000000082E-05 ), #2085, 'distance_accuracy_value', 'NONE');
#3778 = ORIENTED_EDGE ( 'NONE', *, *, #75, .T. ) ;
#3779 = CARTESIAN_POINT ( 'NONE',  ( 1.893503083322771507, 1.134825939845971687, 0.8636000000000121357 ) ) ;
#3780 = FILL_AREA_STYLE ('',( #1987 ) ) ;
#3781 = ORIENTED_EDGE ( 'NONE', *, *, #249, .F. ) ;
#3782 = LINE ( 'NONE', #2362, #1010 ) ;
#3783 = LINE ( 'NONE', #3669, #2436 ) ;
#3784 = EDGE_CURVE ( 'NONE', #1201, #1394, #2527, .T. ) ;
#3785 = EDGE_CURVE ( 'NONE', #2653, #1599, #1611, .T. ) ;
#3786 = DIRECTION ( 'NONE',  ( 0.000000000000000000, -0.000000000000000000, -1.000000000000000000 ) ) ;
#3787 = FACE_OUTER_BOUND ( 'NONE', #220, .T. ) ;
#3788 = ORIENTED_EDGE ( 'NONE', *, *, #2663, .F. ) ;
#3789 = VECTOR ( 'NONE', #3483, 1000.000000000000000 ) ;
#3790 = CIRCLE ( 'NONE', #892, 0.2000000000000001221 ) ;
#3791 = CARTESIAN_POINT ( 'NONE',  ( 1.263357287525380901, 2.339999999999999858, 0.8636000000000000343 ) ) ;
#3792 = CARTESIAN_POINT ( 'NONE',  ( -2.642048799282909144, -2.095500000000000362, 0.1591029197505574033 ) ) ;
#3793 = ORIENTED_EDGE ( 'NONE', *, *, #489, .T. ) ;
#3794 = AXIS2_PLACEMENT_3D ( 'NONE', #853, #2862, #3158 ) ;
#3795 = DIRECTION ( 'NONE',  ( 0.2810846377148198405, -0.6785983445458454444, 0.6785983445458488861 ) ) ;
#3796 = DIRECTION ( 'NONE',  ( 0.7071067811865475727, -0.7071067811865475727, 0.000000000000000000 ) ) ;
#3797 = DIRECTION ( 'NONE',  ( 0.7071067811865475727, -0.7071067811865475727, 0.000000000000000000 ) ) ;
#3798 = ORIENTED_EDGE ( 'NONE', *, *, #3612, .T. ) ;
#3799 = EDGE_CURVE ( 'NONE', #2673, #3098, #3162, .T. ) ;
#3800 = ORIENTED_EDGE ( 'NONE', *, *, #1317, .F. ) ;
#3801 = CARTESIAN_POINT ( 'NONE',  ( -1.012086494546726056, -1.591957287525380682, 1.160621356237309332 ) ) ;
#3802 = EDGE_LOOP ( 'NONE', ( #675, #990, #2474, #3018 ) ) ;
#3803 = FILL_AREA_STYLE ('',( #2900 ) ) ;
#3804 = DIRECTION ( 'NONE',  ( 0.000000000000000000, 0.000000000000000000, -1.000000000000000000 ) ) ;
#3805 = DIRECTION ( 'NONE',  ( 1.000000000000000000, 0.000000000000000000, 0.000000000000000000 ) ) ;
#3806 = ORIENTED_EDGE ( 'NONE', *, *, #9, .T. ) ;
#3807 = AXIS2_PLACEMENT_3D ( 'NONE', #2062, #3535, #3499 ) ;
#3808 = EDGE_CURVE ( 'NONE', #3364, #1766, #2409, .T. ) ;
#3809 = PRESENTATION_STYLE_ASSIGNMENT (( #2621 ) ) ;
#3810 = CARTESIAN_POINT ( 'NONE',  ( -2.741999999999999549, -1.587500000000000133, 0.1523999999999998134 ) ) ;
#3811 = VERTEX_POINT ( 'NONE', #678 ) ;
#3812 = CARTESIAN_POINT ( 'NONE',  ( 0.000000000000000000, -2.095500000000000362, 0.2285999999999998034 ) ) ;
#3813 = VECTOR ( 'NONE', #730, 1000.000000000000000 ) ;
#3814 = CARTESIAN_POINT ( 'NONE',  ( 3.250000000000000000, -2.095500000000000362, 0.000000000000000000 ) ) ;
#3815 = ORIENTED_EDGE ( 'NONE', *, *, #692, .F. ) ;
#3816 = VERTEX_POINT ( 'NONE', #1837 ) ;
#3817 = LINE ( 'NONE', #3522, #1853 ) ;
#3818 = PLANE ( 'NONE',  #3723 ) ;
ENDSEC;
END-ISO-10303-21;
