ISO-10303-21;
HEADER;
FILE_DESCRIPTION (( 'STEP AP214' ),
    '1' );
FILE_NAME ('SMD_8.STEP',
    '2026-09-24T12:17:12',
    ( '' ),
    ( '' ),
    'SwSTEP 2.0',
    'SolidWorks 2022',
    '' );
FILE_SCHEMA (( 'AUTOMOTIVE_DESIGN' ));
ENDSEC;

DATA;
#1 = LINE ( 'NONE', #3360, #2058 ) ;
#2 = SURFACE_STYLE_FILL_AREA ( #2219 ) ;
#3 = FACE_OUTER_BOUND ( 'NONE', #757, .T. ) ;
#4 = EDGE_CURVE ( 'NONE', #5861, #4749, #2996, .T. ) ;
#5 = CARTESIAN_POINT ( 'NONE',  ( 0.8350000000000000755, -3.200000000000000178, 1.550000000000000044 ) ) ;
#6 = CARTESIAN_POINT ( 'NONE',  ( -4.930000000000000604, -3.200000000000000178, 1.550000000000000044 ) ) ;
#7 = VERTEX_POINT ( 'NONE', #2958 ) ;
#8 =( GEOMETRIC_REPRESENTATION_CONTEXT ( 3 ) GLOBAL_UNCERTAINTY_ASSIGNED_CONTEXT ( ( #971 ) ) GLOBAL_UNIT_ASSIGNED_CONTEXT ( ( #1008, #4687, #4138 ) ) REPRESENTATION_CONTEXT ( 'NONE', 'WORKASPACE' ) );
#9 = SURFACE_STYLE_FILL_AREA ( #6681 ) ;
#10 = DIRECTION ( 'NONE',  ( 0.000000000000000000, 0.000000000000000000, 1.000000000000000000 ) ) ;
#11 = FACE_OUTER_BOUND ( 'NONE', #2925, .T. ) ;
#12 = EDGE_CURVE ( 'NONE', #661, #5681, #2657, .T. ) ;
#13 = AXIS2_PLACEMENT_3D ( 'NONE', #2334, #4980, #4397 ) ;
#14 = DIRECTION ( 'NONE',  ( 0.000000000000000000, 0.000000000000000000, 1.000000000000000000 ) ) ;
#15 = DIRECTION ( 'NONE',  ( 1.000000000000000000, 0.000000000000000000, 0.000000000000000000 ) ) ;
#16 = SURFACE_STYLE_USAGE ( .BOTH. , #2118 ) ;
#17 =( GEOMETRIC_REPRESENTATION_CONTEXT ( 3 ) GLOBAL_UNCERTAINTY_ASSIGNED_CONTEXT ( ( #5345 ) ) GLOBAL_UNIT_ASSIGNED_CONTEXT ( ( #5914, #4213, #5362 ) ) REPRESENTATION_CONTEXT ( 'NONE', 'WORKASPACE' ) );
#18 = CARTESIAN_POINT ( 'NONE',  ( 1.834999999999999964, -3.710002195023270222, 1.500000000000000000 ) ) ;
#19 = VERTEX_POINT ( 'NONE', #3651 ) ;
#20 = SURFACE_STYLE_USAGE ( .BOTH. , #5486 ) ;
#21 = DIRECTION ( 'NONE',  ( 1.000000000000000000, 0.000000000000000000, 0.000000000000000000 ) ) ;
#22 = AXIS2_PLACEMENT_3D ( 'NONE', #4719, #6935, #2678 ) ;
#23 = DIRECTION ( 'NONE',  ( -1.000000000000000000, 0.000000000000000000, 0.000000000000000000 ) ) ;
#24 = EDGE_LOOP ( 'NONE', ( #6519, #2249, #6098, #3515 ) ) ;
#25 = FILL_AREA_STYLE ('',( #3737 ) ) ;
#26 = UNCERTAINTY_MEASURE_WITH_UNIT (LENGTH_MEASURE( 1.000000000000000082E-05 ), #5055, 'distance_accuracy_value', 'NONE');
#27 = ORIENTED_EDGE ( 'NONE', *, *, #710, .T. ) ;
#28 = ORIENTED_EDGE ( 'NONE', *, *, #3613, .T. ) ;
#29 = DIRECTION ( 'NONE',  ( 0.000000000000000000, 0.000000000000000000, 1.000000000000000000 ) ) ;
#30 = EDGE_LOOP ( 'NONE', ( #1125, #7138, #2853, #6479, #6628, #3034, #5923, #3996, #4460, #1695, #4525, #1652, #5211 ) ) ;
#31 =( NAMED_UNIT ( * ) SI_UNIT ( $, .STERADIAN. ) SOLID_ANGLE_UNIT ( ) );
#32 = CARTESIAN_POINT ( 'NONE',  ( 3.245000000000000107, 0.000000000000000000, -3.491456256055070333E-12 ) ) ;
#33 =( GEOMETRIC_REPRESENTATION_CONTEXT ( 3 ) GLOBAL_UNCERTAINTY_ASSIGNED_CONTEXT ( ( #613 ) ) GLOBAL_UNIT_ASSIGNED_CONTEXT ( ( #6612, #4366, #6097 ) ) REPRESENTATION_CONTEXT ( 'NONE', 'WORKASPACE' ) );
#34 = PRESENTATION_LAYER_ASSIGNMENT (  '', '', ( #3145 ) ) ;
#35 = SURFACE_STYLE_FILL_AREA ( #5533 ) ;
#36 = ORIENTED_EDGE ( 'NONE', *, *, #5106, .T. ) ;
#37 = CARTESIAN_POINT ( 'NONE',  ( 3.245000000000000107, 3.200000000000000178, 1.550000000000000044 ) ) ;
#38 = ADVANCED_FACE ( 'NONE', ( #7043 ), #2111, .F. ) ;
#39 =( NAMED_UNIT ( * ) PLANE_ANGLE_UNIT ( ) SI_UNIT ( $, .RADIAN. ) );
#40 =( GEOMETRIC_REPRESENTATION_CONTEXT ( 3 ) GLOBAL_UNCERTAINTY_ASSIGNED_CONTEXT ( ( #6179 ) ) GLOBAL_UNIT_ASSIGNED_CONTEXT ( ( #2294, #3789, #1053 ) ) REPRESENTATION_CONTEXT ( 'NONE', 'WORKASPACE' ) );
#41 = COLOUR_RGB ( '',0.1019607843137254888, 0.1019607843137254888, 0.1019607843137254888 ) ;
#42 = DIRECTION ( 'NONE',  ( 1.000000000000000000, 0.000000000000000000, 0.000000000000000000 ) ) ;
#43 = FILL_AREA_STYLE ('',( #4470 ) ) ;
#44 = COLOUR_RGB ( '',0.7764705882352941346, 0.7568627450980391913, 0.7372549019607843590 ) ;
#45 = SURFACE_STYLE_USAGE ( .BOTH. , #3402 ) ;
#46 = CARTESIAN_POINT ( 'NONE',  ( -3.245000000000000107, -3.710002195023270222, 1.699999999999999956 ) ) ;
#47 = MECHANICAL_DESIGN_GEOMETRIC_PRESENTATION_REPRESENTATION (  '', ( #6851 ), #3158 ) ;
#48 = FACE_OUTER_BOUND ( 'NONE', #2084, .T. ) ;
#49 = EDGE_CURVE ( 'NONE', #1032, #5197, #4436, .T. ) ;
#50 = FILL_AREA_STYLE_COLOUR ( '', #1489 ) ;
#51 = CARTESIAN_POINT ( 'NONE',  ( 1.834999999999999964, 3.710002195023270222, 0.000000000000000000 ) ) ;
#52 = ADVANCED_FACE ( 'NONE', ( #566 ), #2768, .T. ) ;
#53 = FACE_OUTER_BOUND ( 'NONE', #6170, .T. ) ;
#54 = MECHANICAL_DESIGN_GEOMETRIC_PRESENTATION_REPRESENTATION (  '', ( #3508 ), #6494 ) ;
#55 = DIRECTION ( 'NONE',  ( 1.000000000000000000, 0.000000000000000000, 0.000000000000000000 ) ) ;
#56 = ORIENTED_EDGE ( 'NONE', *, *, #5152, .T. ) ;
#57 = VECTOR ( 'NONE', #5043, 1000.000000000000000 ) ;
#58 = UNCERTAINTY_MEASURE_WITH_UNIT (LENGTH_MEASURE( 1.000000000000000082E-05 ), #117, 'distance_accuracy_value', 'NONE');
#59 = CARTESIAN_POINT ( 'NONE',  ( -1.834999999999999964, 3.710002195023270222, 1.500000000000000000 ) ) ;
#60 = EDGE_LOOP ( 'NONE', ( #5868, #2670, #4648, #2206, #5811, #6440, #869, #3633, #6861, #2606, #6814, #1876, #6271, #3871, #1699, #5205, #5220, #299, #5098, #2270 ) ) ;
#61 = PRESENTATION_LAYER_ASSIGNMENT (  '', '', ( #3172 ) ) ;
#62 = LINE ( 'NONE', #4411, #6144 ) ;
#63 = PLANE ( 'NONE',  #5822 ) ;
#64 = ORIENTED_EDGE ( 'NONE', *, *, #2008, .T. ) ;
#65 = VECTOR ( 'NONE', #6369, 1000.000000000000000 ) ;
#66 = ORIENTED_EDGE ( 'NONE', *, *, #848, .T. ) ;
#67 = ORIENTED_EDGE ( 'NONE', *, *, #6840, .T. ) ;
#68 = DIRECTION ( 'NONE',  ( 0.000000000000000000, 0.000000000000000000, 1.000000000000000000 ) ) ;
#69 = ORIENTED_EDGE ( 'NONE', *, *, #861, .T. ) ;
#70 = PRESENTATION_LAYER_ASSIGNMENT (  '', '', ( #189 ) ) ;
#71 =( LENGTH_UNIT ( ) NAMED_UNIT ( * ) SI_UNIT ( .MILLI., .METRE. ) );
#72 = ORIENTED_EDGE ( 'NONE', *, *, #6699, .F. ) ;
#73 =( GEOMETRIC_REPRESENTATION_CONTEXT ( 3 ) GLOBAL_UNCERTAINTY_ASSIGNED_CONTEXT ( ( #3131 ) ) GLOBAL_UNIT_ASSIGNED_CONTEXT ( ( #2301, #3251, #7126 ) ) REPRESENTATION_CONTEXT ( 'NONE', 'WORKASPACE' ) );
#74 = VECTOR ( 'NONE', #6876, 1000.000000000000000 ) ;
#75 = DIRECTION ( 'NONE',  ( 1.000000000000000000, 0.000000000000000000, 0.000000000000000000 ) ) ;
#76 = DIRECTION ( 'NONE',  ( 0.000000000000000000, 3.614007241618360111E-16, -1.000000000000000000 ) ) ;
#77 = ADVANCED_FACE ( 'NONE', ( #11 ), #2225, .T. ) ;
#78 = CARTESIAN_POINT ( 'NONE',  ( -4.044999999999999929, 4.310002195023275640, -3.491510466163695012E-12 ) ) ;
#79 = PRESENTATION_LAYER_ASSIGNMENT (  '', '', ( #3192 ) ) ;
#80 = LINE ( 'NONE', #1057, #3862 ) ;
#81 = AXIS2_PLACEMENT_3D ( 'NONE', #953, #4807, #1060 ) ;
#82 = STYLED_ITEM ( 'NONE', ( #5248 ), #444 ) ;
#83 = LINE ( 'NONE', #6684, #424 ) ;
#84 =( GEOMETRIC_REPRESENTATION_CONTEXT ( 3 ) GLOBAL_UNCERTAINTY_ASSIGNED_CONTEXT ( ( #4231 ) ) GLOBAL_UNIT_ASSIGNED_CONTEXT ( ( #2069, #1013, #7032 ) ) REPRESENTATION_CONTEXT ( 'NONE', 'WORKASPACE' ) );
#85 = VECTOR ( 'NONE', #3582, 1000.000000000000000 ) ;
#86 = PRESENTATION_STYLE_ASSIGNMENT (( #1830 ) ) ;
#87 = DIRECTION ( 'NONE',  ( 1.000000000000000000, 0.000000000000000000, 0.000000000000000000 ) ) ;
#88 = EDGE_CURVE ( 'NONE', #4742, #3663, #279, .T. ) ;
#89 = VECTOR ( 'NONE', #5243, 1000.000000000000000 ) ;
#90 = ORIENTED_EDGE ( 'NONE', *, *, #3451, .F. ) ;
#91 = CARTESIAN_POINT ( 'NONE',  ( -2.440362101880625190, -1.500000000000000000, 2.899999999999999911 ) ) ;
#92 = EDGE_CURVE ( 'NONE', #5454, #3271, #4088, .T. ) ;
#93 = ADVANCED_FACE ( 'NONE', ( #4668 ), #824, .F. ) ;
#94 = VECTOR ( 'NONE', #510, 1000.000000000000000 ) ;
#95 = CARTESIAN_POINT ( 'NONE',  ( 4.244999999999999218, -6.143812310751189163E-16, 1.699999999999999956 ) ) ;
#96 = CIRCLE ( 'NONE', #7128, 0.09999999999999999167 ) ;
#97 = ORIENTED_EDGE ( 'NONE', *, *, #6021, .F. ) ;
#98 = DIRECTION ( 'NONE',  ( 0.000000000000000000, -1.000000000000000000, 6.776263578034390387E-17 ) ) ;
#99 = DIRECTION ( 'NONE',  ( 0.000000000000000000, 0.000000000000000000, -1.000000000000000000 ) ) ;
#100 = DIRECTION ( 'NONE',  ( 0.000000000000000000, 1.000000000000000000, 6.776263578034390387E-17 ) ) ;
#101 = VECTOR ( 'NONE', #6571, 1000.000000000000000 ) ;
#102 = ORIENTED_EDGE ( 'NONE', *, *, #1595, .T. ) ;
#103 = UNCERTAINTY_MEASURE_WITH_UNIT (LENGTH_MEASURE( 1.000000000000000082E-05 ), #4410, 'distance_accuracy_value', 'NONE');
#104 = VERTEX_POINT ( 'NONE', #7060 ) ;
#105 = FILL_AREA_STYLE ('',( #1917 ) ) ;
#106 = ORIENTED_EDGE ( 'NONE', *, *, #1286, .F. ) ;
#107 = FACE_OUTER_BOUND ( 'NONE', #3488, .T. ) ;
#108 = ORIENTED_EDGE ( 'NONE', *, *, #4221, .T. ) ;
#109 = CARTESIAN_POINT ( 'NONE',  ( -3.245000000000000107, -4.810002195023270311, 0.1999999999999970135 ) ) ;
#110 = DIRECTION ( 'NONE',  ( 0.000000000000000000, -0.2079116908177598699, 0.9781476007338054668 ) ) ;
#111 = EDGE_CURVE ( 'NONE', #5517, #2228, #488, .T. ) ;
#112 =( NAMED_UNIT ( * ) SI_UNIT ( $, .STERADIAN. ) SOLID_ANGLE_UNIT ( ) );
#113 = ORIENTED_EDGE ( 'NONE', *, *, #49, .T. ) ;
#114 = FACE_OUTER_BOUND ( 'NONE', #3174, .T. ) ;
#115 = LINE ( 'NONE', #6599, #4118 ) ;
#116 = FACE_OUTER_BOUND ( 'NONE', #494, .T. ) ;
#117 =( LENGTH_UNIT ( ) NAMED_UNIT ( * ) SI_UNIT ( .MILLI., .METRE. ) );
#118 = DIRECTION ( 'NONE',  ( 0.000000000000000000, 0.000000000000000000, -1.000000000000000000 ) ) ;
#119 = DIRECTION ( 'NONE',  ( -1.000000000000000000, 0.000000000000000000, 0.000000000000000000 ) ) ;
#120 = CARTESIAN_POINT ( 'NONE',  ( 1.834999999999999964, 4.310002195023275640, -3.491510466163695012E-12 ) ) ;
#121 = LINE ( 'NONE', #6763, #2615 ) ;
#122 = LINE ( 'NONE', #1788, #1420 ) ;
#123 = EDGE_LOOP ( 'NONE', ( #589, #2598, #4638, #4680 ) ) ;
#124 = FILL_AREA_STYLE_COLOUR ( '', #294 ) ;
#125 = UNCERTAINTY_MEASURE_WITH_UNIT (LENGTH_MEASURE( 1.000000000000000082E-05 ), #4587, 'distance_accuracy_value', 'NONE');
#126 = VECTOR ( 'NONE', #2728, 1000.000000000000000 ) ;
#127 = SURFACE_STYLE_FILL_AREA ( #3340 ) ;
#128 = EDGE_CURVE ( 'NONE', #3922, #4373, #2152, .T. ) ;
#129 = ORIENTED_EDGE ( 'NONE', *, *, #4353, .F. ) ;
#130 =( LENGTH_UNIT ( ) NAMED_UNIT ( * ) SI_UNIT ( .MILLI., .METRE. ) );
#131 =( NAMED_UNIT ( * ) SI_UNIT ( $, .STERADIAN. ) SOLID_ANGLE_UNIT ( ) );
#132 = CIRCLE ( 'NONE', #6580, 0.1000000000000000472 ) ;
#133 = LINE ( 'NONE', #747, #5023 ) ;
#134 = EDGE_LOOP ( 'NONE', ( #387, #1759, #5417, #6806 ) ) ;
#135 =( NAMED_UNIT ( * ) PLANE_ANGLE_UNIT ( ) SI_UNIT ( $, .RADIAN. ) );
#136 = UNCERTAINTY_MEASURE_WITH_UNIT (LENGTH_MEASURE( 1.000000000000000082E-05 ), #1568, 'distance_accuracy_value', 'NONE');
#137 = CARTESIAN_POINT ( 'NONE',  ( 0.8350000000000000755, 4.010002195023269600, 0.2999999999999999889 ) ) ;
#138 = ORIENTED_EDGE ( 'NONE', *, *, #5191, .T. ) ;
#139 = EDGE_CURVE ( 'NONE', #2922, #5847, #6168, .T. ) ;
#140 = CIRCLE ( 'NONE', #1059, 0.2000000000000000111 ) ;
#141 = DIRECTION ( 'NONE',  ( 0.000000000000000000, 0.000000000000000000, 1.000000000000000000 ) ) ;
#142 = ORIENTED_EDGE ( 'NONE', *, *, #944, .T. ) ;
#143 =( NAMED_UNIT ( * ) SI_UNIT ( $, .STERADIAN. ) SOLID_ANGLE_UNIT ( ) );
#144 = LINE ( 'NONE', #6085, #1194 ) ;
#145 = PRESENTATION_STYLE_ASSIGNMENT (( #5067 ) ) ;
#146 = CARTESIAN_POINT ( 'NONE',  ( -4.930000000000000604, 3.200000000000000178, 1.550000000000000044 ) ) ;
#147 = VERTEX_POINT ( 'NONE', #5626 ) ;
#148 =( NAMED_UNIT ( * ) SI_UNIT ( $, .STERADIAN. ) SOLID_ANGLE_UNIT ( ) );
#149 = STYLED_ITEM ( 'NONE', ( #3381 ), #3709 ) ;
#150 = COLOUR_RGB ( '',0.7764705882352941346, 0.7568627450980391913, 0.7372549019607843590 ) ;
#151 = FACE_OUTER_BOUND ( 'NONE', #490, .T. ) ;
#152 = STYLED_ITEM ( 'NONE', ( #2308 ), #3750 ) ;
#153 = SURFACE_STYLE_FILL_AREA ( #4506 ) ;
#154 = PLANE ( 'NONE',  #3152 ) ;
#155 = ORIENTED_EDGE ( 'NONE', *, *, #7058, .F. ) ;
#156 = DIRECTION ( 'NONE',  ( 0.000000000000000000, 0.000000000000000000, -1.000000000000000000 ) ) ;
#157 = PRESENTATION_STYLE_ASSIGNMENT (( #4696 ) ) ;
#158 =( NAMED_UNIT ( * ) SI_UNIT ( $, .STERADIAN. ) SOLID_ANGLE_UNIT ( ) );
#159 =( NAMED_UNIT ( * ) PLANE_ANGLE_UNIT ( ) SI_UNIT ( $, .RADIAN. ) );
#160 = CIRCLE ( 'NONE', #4406, 0.2000000000000000944 ) ;
#161 = AXIS2_PLACEMENT_3D ( 'NONE', #2558, #1033, #901 ) ;
#162 =( NAMED_UNIT ( * ) PLANE_ANGLE_UNIT ( ) SI_UNIT ( $, .RADIAN. ) );
#163 = FILL_AREA_STYLE ('',( #4628 ) ) ;
#164 =( LENGTH_UNIT ( ) NAMED_UNIT ( * ) SI_UNIT ( .MILLI., .METRE. ) );
#165 = ORIENTED_EDGE ( 'NONE', *, *, #4934, .F. ) ;
#166 = FILL_AREA_STYLE ('',( #2915 ) ) ;
#167 =( NAMED_UNIT ( * ) PLANE_ANGLE_UNIT ( ) SI_UNIT ( $, .RADIAN. ) );
#168 = CARTESIAN_POINT ( 'NONE',  ( -4.044999999999999929, 4.310002195023275640, -3.491456256055070333E-12 ) ) ;
#169 = VECTOR ( 'NONE', #3973, 1000.000000000000000 ) ;
#170 = EDGE_CURVE ( 'NONE', #2386, #1253, #6984, .T. ) ;
#171 = VERTEX_POINT ( 'NONE', #5487 ) ;
#172 = PRESENTATION_STYLE_ASSIGNMENT (( #5637 ) ) ;
#173 = MECHANICAL_DESIGN_GEOMETRIC_PRESENTATION_REPRESENTATION (  '', ( #6883 ), #6202 ) ;
#174 = UNCERTAINTY_MEASURE_WITH_UNIT (LENGTH_MEASURE( 1.000000000000000082E-05 ), #5801, 'distance_accuracy_value', 'NONE');
#175 = ORIENTED_EDGE ( 'NONE', *, *, #6378, .F. ) ;
#176 = SURFACE_STYLE_FILL_AREA ( #509 ) ;
#177 = ORIENTED_EDGE ( 'NONE', *, *, #6432, .F. ) ;
#178 = STYLED_ITEM ( 'NONE', ( #5730 ), #5853 ) ;
#179 = LINE ( 'NONE', #2459, #247 ) ;
#180 = ORIENTED_EDGE ( 'NONE', *, *, #3626, .T. ) ;
#181 =( LENGTH_UNIT ( ) NAMED_UNIT ( * ) SI_UNIT ( .MILLI., .METRE. ) );
#182 = CARTESIAN_POINT ( 'NONE',  ( -1.834999999999999964, -3.200000000000000178, 1.550000000000000044 ) ) ;
#183 = SURFACE_SIDE_STYLE ('',( #2009 ) ) ;
#184 = EDGE_CURVE ( 'NONE', #4828, #3423, #454, .T. ) ;
#185 = CARTESIAN_POINT ( 'NONE',  ( 1.834999999999999964, 4.310002195023275640, -3.491510466163695012E-12 ) ) ;
#186 = ORIENTED_EDGE ( 'NONE', *, *, #3757, .F. ) ;
#187 = EDGE_CURVE ( 'NONE', #5821, #729, #5018, .T. ) ;
#188 = UNCERTAINTY_MEASURE_WITH_UNIT (LENGTH_MEASURE( 1.000000000000000082E-05 ), #4315, 'distance_accuracy_value', 'NONE');
#189 = STYLED_ITEM ( 'NONE', ( #442 ), #6342 ) ;
#190 = SURFACE_SIDE_STYLE ('',( #265 ) ) ;
#191 = DIRECTION ( 'NONE',  ( 0.000000000000000000, 0.000000000000000000, 1.000000000000000000 ) ) ;
#192 = DIRECTION ( 'NONE',  ( 0.000000000000000000, 0.000000000000000000, -1.000000000000000000 ) ) ;
#193 = MECHANICAL_DESIGN_GEOMETRIC_PRESENTATION_REPRESENTATION (  '', ( #1578 ), #6052 ) ;
#194 = ORIENTED_EDGE ( 'NONE', *, *, #4844, .F. ) ;
#195 = VECTOR ( 'NONE', #3104, 1000.000000000000000 ) ;
#196 = DIRECTION ( 'NONE',  ( 1.000000000000000000, 0.000000000000000000, 0.000000000000000000 ) ) ;
#197 = SURFACE_SIDE_STYLE ('',( #5117 ) ) ;
#198 = STYLED_ITEM ( 'NONE', ( #2255 ), #6846 ) ;
#199 = SURFACE_STYLE_USAGE ( .BOTH. , #6836 ) ;
#200 = EDGE_CURVE ( 'NONE', #2963, #5517, #3884, .T. ) ;
#201 = ORIENTED_EDGE ( 'NONE', *, *, #846, .T. ) ;
#202 =( GEOMETRIC_REPRESENTATION_CONTEXT ( 3 ) GLOBAL_UNCERTAINTY_ASSIGNED_CONTEXT ( ( #4270 ) ) GLOBAL_UNIT_ASSIGNED_CONTEXT ( ( #6915, #1430, #5808 ) ) REPRESENTATION_CONTEXT ( 'NONE', 'WORKASPACE' ) );
#203 = LINE ( 'NONE', #4047, #6856 ) ;
#204 = AXIS2_PLACEMENT_3D ( 'NONE', #6407, #967, #3169 ) ;
#205 = VECTOR ( 'NONE', #1121, 1000.000000000000000 ) ;
#206 = LINE ( 'NONE', #789, #321 ) ;
#207 =( GEOMETRIC_REPRESENTATION_CONTEXT ( 3 ) GLOBAL_UNCERTAINTY_ASSIGNED_CONTEXT ( ( #1343 ) ) GLOBAL_UNIT_ASSIGNED_CONTEXT ( ( #1671, #7078, #3853 ) ) REPRESENTATION_CONTEXT ( 'NONE', 'WORKASPACE' ) );
#208 = MECHANICAL_DESIGN_GEOMETRIC_PRESENTATION_REPRESENTATION (  '', ( #3547 ), #331 ) ;
#209 = ORIENTED_EDGE ( 'NONE', *, *, #1325, .T. ) ;
#210 = FILL_AREA_STYLE_COLOUR ( '', #6725 ) ;
#211 = PRESENTATION_LAYER_ASSIGNMENT (  '', '', ( #1480 ) ) ;
#212 = ORIENTED_EDGE ( 'NONE', *, *, #6747, .T. ) ;
#213 = PRESENTATION_STYLE_ASSIGNMENT (( #5128 ) ) ;
#214 = VERTEX_POINT ( 'NONE', #5933 ) ;
#215 = DIRECTION ( 'NONE',  ( -1.000000000000000000, 0.000000000000000000, 0.000000000000000000 ) ) ;
#216 =( NAMED_UNIT ( * ) PLANE_ANGLE_UNIT ( ) SI_UNIT ( $, .RADIAN. ) );
#217 = STYLED_ITEM ( 'NONE', ( #5405 ), #280 ) ;
#218 = ORIENTED_EDGE ( 'NONE', *, *, #1192, .F. ) ;
#219 = DIRECTION ( 'NONE',  ( -1.000000000000000000, 0.000000000000000000, 0.000000000000000000 ) ) ;
#220 = ORIENTED_EDGE ( 'NONE', *, *, #5945, .F. ) ;
#221 = CARTESIAN_POINT ( 'NONE',  ( -3.959637898119380495, -1.500000000000000000, 2.899999999999999911 ) ) ;
#222 = VECTOR ( 'NONE', #3046, 1000.000000000000000 ) ;
#223 = EDGE_LOOP ( 'NONE', ( #3206, #1310, #3921, #1403 ) ) ;
#224 = CARTESIAN_POINT ( 'NONE',  ( 4.044999999999999929, 4.810002195023270311, -3.491510466163695012E-12 ) ) ;
#225 = ADVANCED_FACE ( 'NONE', ( #4850 ), #1621, .T. ) ;
#226 =( NAMED_UNIT ( * ) PLANE_ANGLE_UNIT ( ) SI_UNIT ( $, .RADIAN. ) );
#227 = EDGE_CURVE ( 'NONE', #456, #6475, #5793, .T. ) ;
#228 = DIRECTION ( 'NONE',  ( 0.000000000000000000, -1.000000000000000000, 0.000000000000000000 ) ) ;
#229 = VERTEX_POINT ( 'NONE', #7149 ) ;
#230 = SURFACE_SIDE_STYLE ('',( #5074 ) ) ;
#231 = LINE ( 'NONE', #2942, #2256 ) ;
#232 = EDGE_LOOP ( 'NONE', ( #3210, #1290, #1071, #6408, #2132, #3070, #4820, #4855 ) ) ;
#233 = SURFACE_STYLE_USAGE ( .BOTH. , #6721 ) ;
#234 = DIRECTION ( 'NONE',  ( 0.000000000000000000, 0.000000000000000000, 1.000000000000000000 ) ) ;
#235 = EDGE_CURVE ( 'NONE', #1408, #3620, #6118, .T. ) ;
#236 = DIRECTION ( 'NONE',  ( 1.000000000000000000, 0.000000000000000000, 0.000000000000000000 ) ) ;
#237 = DIRECTION ( 'NONE',  ( 0.000000000000000000, -1.000000000000000000, 0.000000000000000000 ) ) ;
#238 = FILL_AREA_STYLE ('',( #1322 ) ) ;
#239 = ADVANCED_FACE ( 'NONE', ( #3354 ), #1195, .F. ) ;
#240 = LINE ( 'NONE', #348, #2737 ) ;
#241 = ORIENTED_EDGE ( 'NONE', *, *, #5551, .F. ) ;
#242 = DIRECTION ( 'NONE',  ( -1.000000000000000000, 0.000000000000000000, 0.000000000000000000 ) ) ;
#243 = CARTESIAN_POINT ( 'NONE',  ( -1.834999999999999964, -4.010002195023269600, 0.2999999999999999889 ) ) ;
#244 = ORIENTED_EDGE ( 'NONE', *, *, #6909, .F. ) ;
#245 = SURFACE_STYLE_USAGE ( .BOTH. , #4287 ) ;
#246 = SURFACE_SIDE_STYLE ('',( #4734 ) ) ;
#247 = VECTOR ( 'NONE', #5644, 1000.000000000000000 ) ;
#248 = ORIENTED_EDGE ( 'NONE', *, *, #5239, .F. ) ;
#249 = DIRECTION ( 'NONE',  ( 0.000000000000000000, 0.000000000000000000, -1.000000000000000000 ) ) ;
#250 = CARTESIAN_POINT ( 'NONE',  ( -1.834999999999999964, -3.910002195023270399, 0.000000000000000000 ) ) ;
#251 = EDGE_LOOP ( 'NONE', ( #6024, #5941, #186, #5636 ) ) ;
#252 = DIRECTION ( 'NONE',  ( 0.000000000000000000, 1.000000000000000000, 6.776263578034390387E-17 ) ) ;
#253 = ORIENTED_EDGE ( 'NONE', *, *, #1607, .T. ) ;
#254 = SURFACE_STYLE_USAGE ( .BOTH. , #3001 ) ;
#255 = CARTESIAN_POINT ( 'NONE',  ( -1.834999999999999964, 3.710002195023270222, 1.399999999999999911 ) ) ;
#256 = STYLED_ITEM ( 'NONE', ( #6241 ), #2926 ) ;
#257 =( NAMED_UNIT ( * ) SI_UNIT ( $, .STERADIAN. ) SOLID_ANGLE_UNIT ( ) );
#258 = SURFACE_STYLE_FILL_AREA ( #3535 ) ;
#259 = ORIENTED_EDGE ( 'NONE', *, *, #1816, .F. ) ;
#260 = FILL_AREA_STYLE_COLOUR ( '', #5573 ) ;
#261 = UNCERTAINTY_MEASURE_WITH_UNIT (LENGTH_MEASURE( 1.000000000000000082E-05 ), #1352, 'distance_accuracy_value', 'NONE');
#262 = STYLED_ITEM ( 'NONE', ( #1131 ), #3085 ) ;
#263 = ORIENTED_EDGE ( 'NONE', *, *, #2734, .T. ) ;
#264 = DIRECTION ( 'NONE',  ( 1.000000000000000000, 0.000000000000000000, 0.000000000000000000 ) ) ;
#265 = SURFACE_STYLE_FILL_AREA ( #2940 ) ;
#266 = ORIENTED_EDGE ( 'NONE', *, *, #4884, .F. ) ;
#267 = SURFACE_SIDE_STYLE ('',( #5791 ) ) ;
#268 = FACE_OUTER_BOUND ( 'NONE', #4604, .T. ) ;
#269 = VECTOR ( 'NONE', #3637, 1000.000000000000000 ) ;
#270 = LINE ( 'NONE', #706, #4537 ) ;
#271 = DIRECTION ( 'NONE',  ( 1.000000000000000000, 0.000000000000000000, 0.000000000000000000 ) ) ;
#272 =( GEOMETRIC_REPRESENTATION_CONTEXT ( 3 ) GLOBAL_UNCERTAINTY_ASSIGNED_CONTEXT ( ( #1844 ) ) GLOBAL_UNIT_ASSIGNED_CONTEXT ( ( #4559, #4601, #5772 ) ) REPRESENTATION_CONTEXT ( 'NONE', 'WORKASPACE' ) );
#273 = MECHANICAL_DESIGN_GEOMETRIC_PRESENTATION_REPRESENTATION (  '', ( #6239 ), #1063 ) ;
#274 = FILL_AREA_STYLE_COLOUR ( '', #6764 ) ;
#275 = LINE ( 'NONE', #4553, #3971 ) ;
#276 = STYLED_ITEM ( 'NONE', ( #2194 ), #4357 ) ;
#277 = ADVANCED_FACE ( 'NONE', ( #1634 ), #5571, .T. ) ;
#278 = AXIS2_PLACEMENT_3D ( 'NONE', #3744, #1666, #3897 ) ;
#279 = LINE ( 'NONE', #5740, #6393 ) ;
#280 = ADVANCED_BREP_SHAPE_REPRESENTATION ( 'SMD_8', ( #1406, #1394, #433 ), #6194 ) ;
#281 = ADVANCED_FACE ( 'NONE', ( #5686 ), #5142, .T. ) ;
#282 = DIRECTION ( 'NONE',  ( 0.000000000000000000, 1.000000000000000000, 0.000000000000000000 ) ) ;
#283 = STYLED_ITEM ( 'NONE', ( #1349 ), #4756 ) ;
#284 = FILL_AREA_STYLE_COLOUR ( '', #1906 ) ;
#285 = FACE_OUTER_BOUND ( 'NONE', #2998, .T. ) ;
#286 = ORIENTED_EDGE ( 'NONE', *, *, #3413, .T. ) ;
#287 = DIRECTION ( 'NONE',  ( 0.000000000000000000, 0.000000000000000000, -1.000000000000000000 ) ) ;
#288 = VECTOR ( 'NONE', #100, 1000.000000000000000 ) ;
#289 = DIRECTION ( 'NONE',  ( 0.000000000000000000, 0.000000000000000000, 1.000000000000000000 ) ) ;
#290 = PRESENTATION_LAYER_ASSIGNMENT (  '', '', ( #6490 ) ) ;
#291 =( NAMED_UNIT ( * ) SI_UNIT ( $, .STERADIAN. ) SOLID_ANGLE_UNIT ( ) );
#292 = LINE ( 'NONE', #6295, #4230 ) ;
#293 = ORIENTED_EDGE ( 'NONE', *, *, #1152, .T. ) ;
#294 = COLOUR_RGB ( '',0.7764705882352941346, 0.7568627450980391913, 0.7372549019607843590 ) ;
#295 = SURFACE_STYLE_USAGE ( .BOTH. , #5213 ) ;
#296 = EDGE_CURVE ( 'NONE', #6701, #3911, #5125, .T. ) ;
#297 = ORIENTED_EDGE ( 'NONE', *, *, #88, .T. ) ;
#298 = FILL_AREA_STYLE ('',( #6410 ) ) ;
#299 = ORIENTED_EDGE ( 'NONE', *, *, #2370, .F. ) ;
#300 = PRESENTATION_STYLE_ASSIGNMENT (( #5223 ) ) ;
#301 =( LENGTH_UNIT ( ) NAMED_UNIT ( * ) SI_UNIT ( .MILLI., .METRE. ) );
#302 =( NAMED_UNIT ( * ) SI_UNIT ( $, .STERADIAN. ) SOLID_ANGLE_UNIT ( ) );
#303 = AXIS2_PLACEMENT_3D ( 'NONE', #1452, #5869, #3639 ) ;
#304 = CARTESIAN_POINT ( 'NONE',  ( -1.834999999999999964, 3.910002195023270399, 0.1999999999965084985 ) ) ;
#305 = FACE_OUTER_BOUND ( 'NONE', #6110, .T. ) ;
#306 = DIRECTION ( 'NONE',  ( 0.000000000000000000, 0.000000000000000000, -1.000000000000000000 ) ) ;
#307 = MECHANICAL_DESIGN_GEOMETRIC_PRESENTATION_REPRESENTATION (  '', ( #2267 ), #4314 ) ;
#308 = SURFACE_SIDE_STYLE ('',( #4043 ) ) ;
#309 = SURFACE_STYLE_FILL_AREA ( #2581 ) ;
#310 = AXIS2_PLACEMENT_3D ( 'NONE', #1765, #649, #3486 ) ;
#311 = PRESENTATION_STYLE_ASSIGNMENT (( #5770 ) ) ;
#312 = VECTOR ( 'NONE', #5079, 1000.000000000000114 ) ;
#313 = EDGE_CURVE ( 'NONE', #931, #4475, #4647, .T. ) ;
#314 = EDGE_CURVE ( 'NONE', #3625, #5972, #2898, .T. ) ;
#315 = AXIS2_PLACEMENT_3D ( 'NONE', #4609, #1231, #5613 ) ;
#316 = CYLINDRICAL_SURFACE ( 'NONE', #7077, 0.2000000000000000944 ) ;
#317 = ORIENTED_EDGE ( 'NONE', *, *, #3353, .F. ) ;
#318 = SURFACE_STYLE_FILL_AREA ( #692 ) ;
#319 = VECTOR ( 'NONE', #2076, 1000.000000000000000 ) ;
#320 =( NAMED_UNIT ( * ) SI_UNIT ( $, .STERADIAN. ) SOLID_ANGLE_UNIT ( ) );
#321 = VECTOR ( 'NONE', #1911, 1000.000000000000000 ) ;
#322 = SURFACE_STYLE_FILL_AREA ( #862 ) ;
#323 = FILL_AREA_STYLE_COLOUR ( '', #6192 ) ;
#324 = FILL_AREA_STYLE_COLOUR ( '', #3580 ) ;
#325 = ORIENTED_EDGE ( 'NONE', *, *, #6974, .F. ) ;
#326 = MECHANICAL_DESIGN_GEOMETRIC_PRESENTATION_REPRESENTATION (  '', ( #1480 ), #2171 ) ;
#328 = EDGE_CURVE ( 'NONE', #2040, #2228, #835, .T. ) ;
#327 = LINE ( 'NONE', #5891, #5662 ) ;
#329 = LINE ( 'NONE', #2929, #3386 ) ;
#330 = FACE_OUTER_BOUND ( 'NONE', #1833, .T. ) ;
#331 =( GEOMETRIC_REPRESENTATION_CONTEXT ( 3 ) GLOBAL_UNCERTAINTY_ASSIGNED_CONTEXT ( ( #5724 ) ) GLOBAL_UNIT_ASSIGNED_CONTEXT ( ( #4846, #1544, #6752 ) ) REPRESENTATION_CONTEXT ( 'NONE', 'WORKASPACE' ) );
#332 = EDGE_LOOP ( 'NONE', ( #1226, #4501, #4710, #6634 ) ) ;
#333 =( NAMED_UNIT ( * ) PLANE_ANGLE_UNIT ( ) SI_UNIT ( $, .RADIAN. ) );
#334 = UNCERTAINTY_MEASURE_WITH_UNIT (LENGTH_MEASURE( 1.000000000000000082E-05 ), #2170, 'distance_accuracy_value', 'NONE');
#335 = ORIENTED_EDGE ( 'NONE', *, *, #6218, .T. ) ;
#336 = ORIENTED_EDGE ( 'NONE', *, *, #2835, .T. ) ;
#337 = EDGE_CURVE ( 'NONE', #4566, #3844, #1922, .T. ) ;
#338 = CARTESIAN_POINT ( 'NONE',  ( 1.834999999999999964, -4.310002195023275640, -3.491510466163695012E-12 ) ) ;
#339 = AXIS2_PLACEMENT_3D ( 'NONE', #2230, #3260, #2699 ) ;
#340 =( NAMED_UNIT ( * ) SI_UNIT ( $, .STERADIAN. ) SOLID_ANGLE_UNIT ( ) );
#341 = CARTESIAN_POINT ( 'NONE',  ( 0.8350000000000000755, -3.910002195023270399, -3.491456256055070333E-12 ) ) ;
#342 = CARTESIAN_POINT ( 'NONE',  ( 3.245000000000000107, 3.910002195023270399, -3.491456256055070333E-12 ) ) ;
#343 = MECHANICAL_DESIGN_GEOMETRIC_PRESENTATION_REPRESENTATION (  '', ( #2067 ), #4014 ) ;
#344 = LINE ( 'NONE', #6910, #4817 ) ;
#345 = CARTESIAN_POINT ( 'NONE',  ( -1.034999999999999920, -4.310002195023275640, -3.491510466163695012E-12 ) ) ;
#346 = ORIENTED_EDGE ( 'NONE', *, *, #5304, .T. ) ;
#347 =( NAMED_UNIT ( * ) SI_UNIT ( $, .STERADIAN. ) SOLID_ANGLE_UNIT ( ) );
#348 = CARTESIAN_POINT ( 'NONE',  ( -4.930000000000000604, 3.189372171916499799, 1.500000000000000000 ) ) ;
#349 = CARTESIAN_POINT ( 'NONE',  ( 3.245000000000000107, -3.910002195023270399, 0.000000000000000000 ) ) ;
#350 =( LENGTH_UNIT ( ) NAMED_UNIT ( * ) SI_UNIT ( .MILLI., .METRE. ) );
#351 = ORIENTED_EDGE ( 'NONE', *, *, #3757, .T. ) ;
#352 = EDGE_CURVE ( 'NONE', #3272, #4864, #4534, .T. ) ;
#353 = EDGE_CURVE ( 'NONE', #2537, #2338, #1305, .T. ) ;
#354 = DIRECTION ( 'NONE',  ( -1.000000000000000000, 0.000000000000000000, 0.000000000000000000 ) ) ;
#355 = ORIENTED_EDGE ( 'NONE', *, *, #4405, .F. ) ;
#356 = CARTESIAN_POINT ( 'NONE',  ( -3.245000000000000107, -3.710002195023270222, 0.1999999999965084985 ) ) ;
#357 = PLANE ( 'NONE',  #161 ) ;
#358 = PLANE ( 'NONE',  #4797 ) ;
#359 = EDGE_LOOP ( 'NONE', ( #3943, #4424, #4302, #253 ) ) ;
#360 = LINE ( 'NONE', #6900, #1925 ) ;
#361 = EDGE_CURVE ( 'NONE', #4828, #2894, #6786, .T. ) ;
#362 = ORIENTED_EDGE ( 'NONE', *, *, #6944, .F. ) ;
#363 = STYLED_ITEM ( 'NONE', ( #2264 ), #2896 ) ;
#364 = VERTEX_POINT ( 'NONE', #3569 ) ;
#365 = CARTESIAN_POINT ( 'NONE',  ( -4.930000000000000604, -3.189372171916499799, 1.500000000000000000 ) ) ;
#366 =( NAMED_UNIT ( * ) SI_UNIT ( $, .STERADIAN. ) SOLID_ANGLE_UNIT ( ) );
#367 = STYLED_ITEM ( 'NONE', ( #6754 ), #3258 ) ;
#368 = FILL_AREA_STYLE ('',( #5953 ) ) ;
#369 = SURFACE_STYLE_USAGE ( .BOTH. , #5286 ) ;
#370 = FILL_AREA_STYLE_COLOUR ( '', #4503 ) ;
#371 = PRESENTATION_LAYER_ASSIGNMENT (  '', '', ( #610 ) ) ;
#372 =( LENGTH_UNIT ( ) NAMED_UNIT ( * ) SI_UNIT ( .MILLI., .METRE. ) );
#373 = FILL_AREA_STYLE_COLOUR ( '', #4635 ) ;
#374 = CARTESIAN_POINT ( 'NONE',  ( -1.505000000000000115, 4.810002195023270311, 0.1999999999999965139 ) ) ;
#375 = AXIS2_PLACEMENT_3D ( 'NONE', #6819, #5646, #6744 ) ;
#376 = ORIENTED_EDGE ( 'NONE', *, *, #579, .F. ) ;
#377 = CARTESIAN_POINT ( 'NONE',  ( -1.834999999999999964, 4.810002195023270311, -3.491456256055070333E-12 ) ) ;
#378 = COLOUR_RGB ( '',0.7764705882352941346, 0.7568627450980391913, 0.7372549019607843590 ) ;
#379 = FILL_AREA_STYLE_COLOUR ( '', #1183 ) ;
#380 = VECTOR ( 'NONE', #110, 1000.000000000000114 ) ;
#381 = DIRECTION ( 'NONE',  ( -1.000000000000000000, 0.000000000000000000, 0.000000000000000000 ) ) ;
#382 = PRESENTATION_STYLE_ASSIGNMENT (( #3059 ) ) ;
#383 = COLOUR_RGB ( '',0.7764705882352941346, 0.7568627450980391913, 0.7372549019607843590 ) ;
#384 = FILL_AREA_STYLE ('',( #2664 ) ) ;
#385 = ORIENTED_EDGE ( 'NONE', *, *, #1064, .T. ) ;
#386 = CARTESIAN_POINT ( 'NONE',  ( -3.245000000000000107, -4.297206436302234422, -3.491510466163695012E-12 ) ) ;
#387 = ORIENTED_EDGE ( 'NONE', *, *, #4256, .T. ) ;
#388 = SURFACE_SIDE_STYLE ('',( #3127 ) ) ;
#389 = ORIENTED_EDGE ( 'NONE', *, *, #6167, .T. ) ;
#390 = FILL_AREA_STYLE ('',( #4134 ) ) ;
#391 = UNCERTAINTY_MEASURE_WITH_UNIT (LENGTH_MEASURE( 1.000000000000000082E-05 ), #4059, 'distance_accuracy_value', 'NONE');
#392 = FILL_AREA_STYLE_COLOUR ( '', #1715 ) ;
#393 = ORIENTED_EDGE ( 'NONE', *, *, #2097, .F. ) ;
#394 =( GEOMETRIC_REPRESENTATION_CONTEXT ( 3 ) GLOBAL_UNCERTAINTY_ASSIGNED_CONTEXT ( ( #2884 ) ) GLOBAL_UNIT_ASSIGNED_CONTEXT ( ( #1871, #5163, #1834 ) ) REPRESENTATION_CONTEXT ( 'NONE', 'WORKASPACE' ) );
#395 = FILL_AREA_STYLE_COLOUR ( '', #5124 ) ;
#396 = VERTEX_POINT ( 'NONE', #2504 ) ;
#397 = SURFACE_STYLE_FILL_AREA ( #5979 ) ;
#398 = DIRECTION ( 'NONE',  ( 0.000000000000000000, 0.000000000000000000, 1.000000000000000000 ) ) ;
#399 = EDGE_CURVE ( 'NONE', #661, #5089, #6748, .T. ) ;
#400 =( NAMED_UNIT ( * ) PLANE_ANGLE_UNIT ( ) SI_UNIT ( $, .RADIAN. ) );
#401 = VERTEX_POINT ( 'NONE', #3498 ) ;
#402 = DIRECTION ( 'NONE',  ( 0.000000000000000000, -1.000000000000000000, 0.000000000000000000 ) ) ;
#403 = DIRECTION ( 'NONE',  ( 1.000000000000000000, 0.000000000000000000, 0.000000000000000000 ) ) ;
#404 = AXIS2_PLACEMENT_3D ( 'NONE', #1996, #2574, #6377 ) ;
#405 = SURFACE_SIDE_STYLE ('',( #2722 ) ) ;
#406 = CARTESIAN_POINT ( 'NONE',  ( -1.834999999999999964, 0.000000000000000000, -3.491456256055070333E-12 ) ) ;
#407 = FACE_OUTER_BOUND ( 'NONE', #5485, .T. ) ;
#408 = CARTESIAN_POINT ( 'NONE',  ( -0.8350000000000000755, 4.310002195023275640, -3.491510466163695012E-12 ) ) ;
#409 = ORIENTED_EDGE ( 'NONE', *, *, #689, .F. ) ;
#410 =( LENGTH_UNIT ( ) NAMED_UNIT ( * ) SI_UNIT ( .MILLI., .METRE. ) );
#411 = EDGE_CURVE ( 'NONE', #3025, #5713, #3033, .T. ) ;
#412 = COLOUR_RGB ( '',0.7764705882352941346, 0.7568627450980391913, 0.7372549019607843590 ) ;
#413 = DIRECTION ( 'NONE',  ( 1.000000000000000000, 0.000000000000000000, 0.000000000000000000 ) ) ;
#414 = CARTESIAN_POINT ( 'NONE',  ( 1.834999999999999964, 0.000000000000000000, 0.000000000000000000 ) ) ;
#415 = MECHANICAL_DESIGN_GEOMETRIC_PRESENTATION_REPRESENTATION (  '', ( #2514 ), #1457 ) ;
#416 = ORIENTED_EDGE ( 'NONE', *, *, #2656, .T. ) ;
#417 = PLANE ( 'NONE',  #563 ) ;
#418 = FILL_AREA_STYLE_COLOUR ( '', #4804 ) ;
#419 = VERTEX_POINT ( 'NONE', #2669 ) ;
#420 = DIRECTION ( 'NONE',  ( -1.000000000000000000, 0.000000000000000000, 0.000000000000000000 ) ) ;
#421 = COLOUR_RGB ( '',0.7764705882352941346, 0.7568627450980391913, 0.7372549019607843590 ) ;
#422 = CARTESIAN_POINT ( 'NONE',  ( -3.245000000000000107, -4.010002195023269600, 0.2999999999999999889 ) ) ;
#423 = VERTEX_POINT ( 'NONE', #5856 ) ;
#424 = VECTOR ( 'NONE', #3334, 1000.000000000000000 ) ;
#425 = DIRECTION ( 'NONE',  ( 0.000000000000000000, 0.000000000000000000, 1.000000000000000000 ) ) ;
#426 = VERTEX_POINT ( 'NONE', #6992 ) ;
#427 = AXIS2_PLACEMENT_3D ( 'NONE', #807, #5294, #4771 ) ;
#428 = ORIENTED_EDGE ( 'NONE', *, *, #1190, .T. ) ;
#429 = CARTESIAN_POINT ( 'NONE',  ( -1.834999999999999964, 0.000000000000000000, -3.491456256055070333E-12 ) ) ;
#430 = SURFACE_STYLE_FILL_AREA ( #875 ) ;
#431 = AXIS2_PLACEMENT_3D ( 'NONE', #4746, #1962, #1523 ) ;
#432 = CARTESIAN_POINT ( 'NONE',  ( -0.8350000000000000755, -4.310002195023275640, -3.491456256055070333E-12 ) ) ;
#433 = AXIS2_PLACEMENT_3D ( 'NONE', #3256, #1575, #1027 ) ;
#434 = ADVANCED_FACE ( 'NONE', ( #330 ), #358, .T. ) ;
#435 = AXIS2_PLACEMENT_3D ( 'NONE', #449, #4845, #6142 ) ;
#436 = EDGE_CURVE ( 'NONE', #7050, #6237, #6927, .T. ) ;
#437 = SURFACE_SIDE_STYLE ('',( #2102 ) ) ;
#438 = PRESENTATION_STYLE_ASSIGNMENT (( #4798 ) ) ;
#439 = CARTESIAN_POINT ( 'NONE',  ( 4.244999999999999218, 3.710002195023270222, 0.000000000000000000 ) ) ;
#440 = SURFACE_STYLE_FILL_AREA ( #5365 ) ;
#441 = DIRECTION ( 'NONE',  ( 1.000000000000000000, 0.000000000000000000, 0.000000000000000000 ) ) ;
#442 = PRESENTATION_STYLE_ASSIGNMENT (( #3593 ) ) ;
#443 = DIRECTION ( 'NONE',  ( -1.000000000000000000, 0.000000000000000000, 0.000000000000000000 ) ) ;
#444 = ADVANCED_FACE ( 'NONE', ( #1444 ), #1407, .F. ) ;
#445 = CARTESIAN_POINT ( 'NONE',  ( -1.834999999999999964, -3.910002195023270399, 1.500000000000000000 ) ) ;
#446 = PRESENTATION_LAYER_ASSIGNMENT (  '', '', ( #5732 ) ) ;
#447 =( LENGTH_UNIT ( ) NAMED_UNIT ( * ) SI_UNIT ( .MILLI., .METRE. ) );
#448 = ORIENTED_EDGE ( 'NONE', *, *, #3840, .F. ) ;
#449 = CARTESIAN_POINT ( 'NONE',  ( 1.834999999999999964, -3.910002195023270399, 0.1999999999965084985 ) ) ;
#450 = EDGE_CURVE ( 'NONE', #4828, #2441, #4328, .T. ) ;
#451 = SURFACE_STYLE_USAGE ( .BOTH. , #4262 ) ;
#452 = ORIENTED_EDGE ( 'NONE', *, *, #671, .T. ) ;
#453 = DIRECTION ( 'NONE',  ( 0.000000000000000000, 1.000000000000000000, 0.000000000000000000 ) ) ;
#454 = LINE ( 'NONE', #5448, #995 ) ;
#455 =( NAMED_UNIT ( * ) SI_UNIT ( $, .STERADIAN. ) SOLID_ANGLE_UNIT ( ) );
#456 = VERTEX_POINT ( 'NONE', #3064 ) ;
#457 = PLANE ( 'NONE',  #3746 ) ;
#458 = UNCERTAINTY_MEASURE_WITH_UNIT (LENGTH_MEASURE( 1.000000000000000082E-05 ), #4074, 'distance_accuracy_value', 'NONE');
#459 = ORIENTED_EDGE ( 'NONE', *, *, #1570, .T. ) ;
#460 = VERTEX_POINT ( 'NONE', #5274 ) ;
#461 = CARTESIAN_POINT ( 'NONE',  ( -4.930000000000000604, -3.200000000000000178, 1.550000000000000044 ) ) ;
#462 = VERTEX_POINT ( 'NONE', #3667 ) ;
#463 = FILL_AREA_STYLE_COLOUR ( '', #2233 ) ;
#464 = PRESENTATION_LAYER_ASSIGNMENT (  '', '', ( #5284 ) ) ;
#465 = DIRECTION ( 'NONE',  ( -1.000000000000000000, 0.000000000000000000, 0.000000000000000000 ) ) ;
#466 =( NAMED_UNIT ( * ) SI_UNIT ( $, .STERADIAN. ) SOLID_ANGLE_UNIT ( ) );
#467 = ORIENTED_EDGE ( 'NONE', *, *, #1551, .T. ) ;
#468 = AXIS2_PLACEMENT_3D ( 'NONE', #4147, #2519, #4697 ) ;
#469 = PRESENTATION_STYLE_ASSIGNMENT (( #6383 ) ) ;
#470 = DIRECTION ( 'NONE',  ( 1.000000000000000000, 0.000000000000000000, 0.000000000000000000 ) ) ;
#471 = CARTESIAN_POINT ( 'NONE',  ( -1.834999999999999964, -4.316286306259984329, -3.491510466163695012E-12 ) ) ;
#472 = ADVANCED_FACE ( 'NONE', ( #1035 ), #3268, .F. ) ;
#473 = DIRECTION ( 'NONE',  ( -1.000000000000000000, 0.000000000000000000, 0.000000000000000000 ) ) ;
#474 =( NAMED_UNIT ( * ) SI_UNIT ( $, .STERADIAN. ) SOLID_ANGLE_UNIT ( ) );
#475 =( NAMED_UNIT ( * ) SI_UNIT ( $, .STERADIAN. ) SOLID_ANGLE_UNIT ( ) );
#476 = SURFACE_SIDE_STYLE ('',( #1213 ) ) ;
#477 = EDGE_CURVE ( 'NONE', #462, #5821, #2811, .T. ) ;
#478 = ORIENTED_EDGE ( 'NONE', *, *, #2362, .F. ) ;
#479 = CARTESIAN_POINT ( 'NONE',  ( -1.834999999999999964, -3.168116515749499928, 1.699999999999999956 ) ) ;
#480 = ADVANCED_FACE ( 'NONE', ( #4960 ), #63, .F. ) ;
#481 = COLOUR_RGB ( '',0.7764705882352941346, 0.7568627450980391913, 0.7372549019607843590 ) ;
#482 =( NAMED_UNIT ( * ) PLANE_ANGLE_UNIT ( ) SI_UNIT ( $, .RADIAN. ) );
#483 = CARTESIAN_POINT ( 'NONE',  ( -0.8350000000000000755, -3.910002195023270399, 0.000000000000000000 ) ) ;
#484 = MECHANICAL_DESIGN_GEOMETRIC_PRESENTATION_REPRESENTATION (  '', ( #3823 ), #3711 ) ;
#485 = PRESENTATION_LAYER_ASSIGNMENT (  '', '', ( #6239 ) ) ;
#486 = ORIENTED_EDGE ( 'NONE', *, *, #5806, .F. ) ;
#487 = SURFACE_SIDE_STYLE ('',( #3915 ) ) ;
#488 = LINE ( 'NONE', #5382, #2156 ) ;
#489 = DIRECTION ( 'NONE',  ( -1.000000000000000000, 0.000000000000000000, 0.000000000000000000 ) ) ;
#490 = EDGE_LOOP ( 'NONE', ( #2065, #4995, #3906, #5966 ) ) ;
#491 = PRESENTATION_STYLE_ASSIGNMENT (( #5415 ) ) ;
#492 = AXIS2_PLACEMENT_3D ( 'NONE', #6568, #3284, #6715 ) ;
#493 = VECTOR ( 'NONE', #242, 1000.000000000000000 ) ;
#494 = EDGE_LOOP ( 'NONE', ( #5974, #165, #4600, #7061 ) ) ;
#495 = MECHANICAL_DESIGN_GEOMETRIC_PRESENTATION_REPRESENTATION (  '', ( #6722 ), #2824 ) ;
#496 =( NAMED_UNIT ( * ) SI_UNIT ( $, .STERADIAN. ) SOLID_ANGLE_UNIT ( ) );
#497 = VERTEX_POINT ( 'NONE', #6188 ) ;
#498 = CARTESIAN_POINT ( 'NONE',  ( 0.8350000000000000755, -3.710002195023270222, 1.399999999999999911 ) ) ;
#499 = ORIENTED_EDGE ( 'NONE', *, *, #3445, .T. ) ;
#500 = PRESENTATION_LAYER_ASSIGNMENT (  '', '', ( #633 ) ) ;
#501 = DIRECTION ( 'NONE',  ( 0.000000000000000000, 0.000000000000000000, 1.000000000000000000 ) ) ;
#502 = DIRECTION ( 'NONE',  ( 0.000000000000000000, -1.000000000000000000, 3.614007241618355180E-16 ) ) ;
#503 = STYLED_ITEM ( 'NONE', ( #5273 ), #4054 ) ;
#504 = EDGE_CURVE ( 'NONE', #5802, #3922, #2451, .T. ) ;
#505 = FILL_AREA_STYLE ('',( #5424 ) ) ;
#506 = DIRECTION ( 'NONE',  ( 0.000000000000000000, -1.000000000000000000, 3.614007241618355180E-16 ) ) ;
#507 = ORIENTED_EDGE ( 'NONE', *, *, #4769, .T. ) ;
#508 = LINE ( 'NONE', #37, #1336 ) ;
#509 = FILL_AREA_STYLE ('',( #2923 ) ) ;
#510 = DIRECTION ( 'NONE',  ( -1.000000000000000000, 0.000000000000000000, 0.000000000000000000 ) ) ;
#511 = DIRECTION ( 'NONE',  ( 0.000000000000000000, -0.9781476007338055778, -0.2079116908177601197 ) ) ;
#512 = LINE ( 'NONE', #439, #5467 ) ;
#513 = CARTESIAN_POINT ( 'NONE',  ( -2.440362101880625190, -1.500000000000000000, 2.799999999999999822 ) ) ;
#514 = CARTESIAN_POINT ( 'NONE',  ( 1.505000000000000115, -4.310002195023275640, -3.491456256055070333E-12 ) ) ;
#515 = DIRECTION ( 'NONE',  ( 0.000000000000000000, 0.000000000000000000, 1.000000000000000000 ) ) ;
#516 = VECTOR ( 'NONE', #1494, 1000.000000000000000 ) ;
#517 = DIRECTION ( 'NONE',  ( -1.000000000000000000, 0.000000000000000000, 0.000000000000000000 ) ) ;
#518 = EDGE_CURVE ( 'NONE', #1845, #2779, #2955, .T. ) ;
#519 = CARTESIAN_POINT ( 'NONE',  ( 4.244999999999999218, 0.000000000000000000, 1.500000000000000000 ) ) ;
#520 = SURFACE_STYLE_USAGE ( .BOTH. , #7129 ) ;
#521 = LINE ( 'NONE', #4842, #2631 ) ;
#522 = LINE ( 'NONE', #7131, #3968 ) ;
#523 = PRESENTATION_LAYER_ASSIGNMENT (  '', '', ( #1571 ) ) ;
#524 = COLOUR_RGB ( '',0.7764705882352941346, 0.7568627450980391913, 0.7372549019607843590 ) ;
#525 = EDGE_CURVE ( 'NONE', #2134, #1845, #2311, .T. ) ;
#526 = CARTESIAN_POINT ( 'NONE',  ( 4.244999999999999218, -3.168116515749499928, 1.699999999999999956 ) ) ;
#527 =( GEOMETRIC_REPRESENTATION_CONTEXT ( 3 ) GLOBAL_UNCERTAINTY_ASSIGNED_CONTEXT ( ( #6769 ) ) GLOBAL_UNIT_ASSIGNED_CONTEXT ( ( #2092, #3804, #2745 ) ) REPRESENTATION_CONTEXT ( 'NONE', 'WORKASPACE' ) );
#528 = EDGE_CURVE ( 'NONE', #5271, #6885, #133, .T. ) ;
#529 = EDGE_CURVE ( 'NONE', #1224, #4373, #6842, .T. ) ;
#530 = ORIENTED_EDGE ( 'NONE', *, *, #6173, .T. ) ;
#531 = FILL_AREA_STYLE_COLOUR ( '', #5559 ) ;
#532 = AXIS2_PLACEMENT_3D ( 'NONE', #4951, #517, #7086 ) ;
#533 =( LENGTH_UNIT ( ) NAMED_UNIT ( * ) SI_UNIT ( .MILLI., .METRE. ) );
#534 = ORIENTED_EDGE ( 'NONE', *, *, #529, .T. ) ;
#535 = COLOUR_RGB ( '',0.7764705882352941346, 0.7568627450980391913, 0.7372549019607843590 ) ;
#536 = UNCERTAINTY_MEASURE_WITH_UNIT (LENGTH_MEASURE( 1.000000000000000082E-05 ), #1527, 'distance_accuracy_value', 'NONE');
#537 = ORIENTED_EDGE ( 'NONE', *, *, #2668, .T. ) ;
#538 = EDGE_LOOP ( 'NONE', ( #4278, #810, #4939, #4625 ) ) ;
#539 = ADVANCED_FACE ( 'NONE', ( #3476 ), #5524, .F. ) ;
#540 = CYLINDRICAL_SURFACE ( 'NONE', #2784, 0.7596378981193779856 ) ;
#541 = EDGE_LOOP ( 'NONE', ( #6482, #5894, #2457, #385 ) ) ;
#542 = AXIS2_PLACEMENT_3D ( 'NONE', #6802, #237, #5259 ) ;
#543 = LINE ( 'NONE', #109, #3478 ) ;
#544 = PLANE ( 'NONE',  #2577 ) ;
#545 = DIRECTION ( 'NONE',  ( 1.000000000000000000, 0.000000000000000000, 0.000000000000000000 ) ) ;
#546 = VECTOR ( 'NONE', #2987, 1000.000000000000000 ) ;
#547 = FILL_AREA_STYLE_COLOUR ( '', #3834 ) ;
#548 = PRESENTATION_STYLE_ASSIGNMENT (( #6707 ) ) ;
#549 = COLOUR_RGB ( '',0.7764705882352941346, 0.7568627450980391913, 0.7372549019607843590 ) ;
#550 = CARTESIAN_POINT ( 'NONE',  ( -4.930000000000000604, 3.168116515749499928, 1.699999999999999956 ) ) ;
#551 = STYLED_ITEM ( 'NONE', ( #1348 ), #6859 ) ;
#552 = ADVANCED_FACE ( 'NONE', ( #6627 ), #2778, .F. ) ;
#553 = DIRECTION ( 'NONE',  ( 1.000000000000000000, 0.000000000000000000, 0.000000000000000000 ) ) ;
#554 = PLANE ( 'NONE',  #7006 ) ;
#555 = MECHANICAL_DESIGN_GEOMETRIC_PRESENTATION_REPRESENTATION (  '', ( #4334 ), #4926 ) ;
#556 = DIRECTION ( 'NONE',  ( 0.000000000000000000, 0.000000000000000000, 1.000000000000000000 ) ) ;
#557 = DIRECTION ( 'NONE',  ( 1.000000000000000000, 0.000000000000000000, 0.000000000000000000 ) ) ;
#558 = STYLED_ITEM ( 'NONE', ( #2179 ), #7005 ) ;
#559 = LINE ( 'NONE', #5396, #4399 ) ;
#560 = VECTOR ( 'NONE', #3247, 1000.000000000000000 ) ;
#561 = PRESENTATION_STYLE_ASSIGNMENT (( #1610 ) ) ;
#562 = ORIENTED_EDGE ( 'NONE', *, *, #6698, .T. ) ;
#563 = AXIS2_PLACEMENT_3D ( 'NONE', #1579, #5968, #1104 ) ;
#564 = CARTESIAN_POINT ( 'NONE',  ( -3.245000000000000107, -3.910002195023270399, 0.000000000000000000 ) ) ;
#565 = LINE ( 'NONE', #5582, #806 ) ;
#566 = FACE_OUTER_BOUND ( 'NONE', #617, .T. ) ;
#567 = DIRECTION ( 'NONE',  ( -1.000000000000000000, 0.000000000000000000, 0.000000000000000000 ) ) ;
#568 = CYLINDRICAL_SURFACE ( 'NONE', #6456, 0.1000000000000000472 ) ;
#569 =( NAMED_UNIT ( * ) PLANE_ANGLE_UNIT ( ) SI_UNIT ( $, .RADIAN. ) );
#570 = LINE ( 'NONE', #3297, #6266 ) ;
#571 = DIRECTION ( 'NONE',  ( 1.000000000000000000, 0.000000000000000000, 0.000000000000000000 ) ) ;
#572 = CARTESIAN_POINT ( 'NONE',  ( 1.034999999999999920, 4.810002195023270311, 0.1999999999999965139 ) ) ;
#573 = COLOUR_RGB ( '',0.7764705882352941346, 0.7568627450980391913, 0.7372549019607843590 ) ;
#574 = UNCERTAINTY_MEASURE_WITH_UNIT (LENGTH_MEASURE( 1.000000000000000082E-05 ), #4595, 'distance_accuracy_value', 'NONE');
#575 =( LENGTH_UNIT ( ) NAMED_UNIT ( * ) SI_UNIT ( .MILLI., .METRE. ) );
#576 = ORIENTED_EDGE ( 'NONE', *, *, #4990, .T. ) ;
#577 = DIRECTION ( 'NONE',  ( -0.000000000000000000, 1.000000000000000000, 0.000000000000000000 ) ) ;
#578 = FILL_AREA_STYLE ('',( #999 ) ) ;
#579 = EDGE_CURVE ( 'NONE', #5123, #1335, #7118, .T. ) ;
#580 = CARTESIAN_POINT ( 'NONE',  ( 1.834999999999999964, 0.000000000000000000, -3.491456256055070333E-12 ) ) ;
#581 = VERTEX_POINT ( 'NONE', #1881 ) ;
#582 = EDGE_LOOP ( 'NONE', ( #952, #3136, #5166, #6437 ) ) ;
#583 = CARTESIAN_POINT ( 'NONE',  ( -0.8350000000000000755, 4.310002195023275640, 0.1999999999999970135 ) ) ;
#584 = EDGE_LOOP ( 'NONE', ( #4401, #4885, #6703, #1086 ) ) ;
#585 =( LENGTH_UNIT ( ) NAMED_UNIT ( * ) SI_UNIT ( .MILLI., .METRE. ) );
#586 = LINE ( 'NONE', #657, #6720 ) ;
#587 = DIRECTION ( 'NONE',  ( 0.000000000000000000, 0.000000000000000000, 1.000000000000000000 ) ) ;
#588 =( NAMED_UNIT ( * ) PLANE_ANGLE_UNIT ( ) SI_UNIT ( $, .RADIAN. ) );
#589 = ORIENTED_EDGE ( 'NONE', *, *, #4012, .F. ) ;
#590 = FILL_AREA_STYLE ('',( #2720 ) ) ;
#591 = ADVANCED_FACE ( 'NONE', ( #652 ), #2315, .T. ) ;
#592 = DIRECTION ( 'NONE',  ( 0.000000000000000000, 1.000000000000000000, 0.000000000000000000 ) ) ;
#593 = CARTESIAN_POINT ( 'NONE',  ( 4.244999999999999218, 3.710002195023270222, 1.699999999999999956 ) ) ;
#594 = DIRECTION ( 'NONE',  ( 0.000000000000000000, 0.000000000000000000, -1.000000000000000000 ) ) ;
#595 = DIRECTION ( 'NONE',  ( -1.000000000000000000, 0.000000000000000000, 0.000000000000000000 ) ) ;
#596 = VERTEX_POINT ( 'NONE', #3491 ) ;
#597 = DIRECTION ( 'NONE',  ( 0.000000000000000000, 0.000000000000000000, -1.000000000000000000 ) ) ;
#598 = DIRECTION ( 'NONE',  ( -1.000000000000000000, 0.000000000000000000, 0.000000000000000000 ) ) ;
#599 = SURFACE_STYLE_USAGE ( .BOTH. , #4915 ) ;
#600 = SURFACE_SIDE_STYLE ('',( #3291 ) ) ;
#601 = CARTESIAN_POINT ( 'NONE',  ( 4.930000000000000604, 3.200000000000000178, 1.550000000000000044 ) ) ;
#602 = VERTEX_POINT ( 'NONE', #695 ) ;
#603 = CARTESIAN_POINT ( 'NONE',  ( 1.834999999999999964, 3.910002195023270399, 0.2999999999999999889 ) ) ;
#604 = CARTESIAN_POINT ( 'NONE',  ( -3.245000000000000107, 0.000000000000000000, -3.491456256055070333E-12 ) ) ;
#605 = AXIS2_PLACEMENT_3D ( 'NONE', #5501, #556, #3401 ) ;
#606 = DIRECTION ( 'NONE',  ( 0.000000000000000000, 1.000000000000000000, 3.614007241618355180E-16 ) ) ;
#607 = ORIENTED_EDGE ( 'NONE', *, *, #2120, .F. ) ;
#608 = LINE ( 'NONE', #4887, #4516 ) ;
#609 = SURFACE_STYLE_FILL_AREA ( #5999 ) ;
#610 = STYLED_ITEM ( 'NONE', ( #5529 ), #3479 ) ;
#611 = DIRECTION ( 'NONE',  ( 1.000000000000000000, 0.000000000000000000, 0.000000000000000000 ) ) ;
#612 = ORIENTED_EDGE ( 'NONE', *, *, #3445, .F. ) ;
#613 = UNCERTAINTY_MEASURE_WITH_UNIT (LENGTH_MEASURE( 1.000000000000000082E-05 ), #6612, 'distance_accuracy_value', 'NONE');
#614 = PRESENTATION_LAYER_ASSIGNMENT (  '', '', ( #2586 ) ) ;
#615 = ORIENTED_EDGE ( 'NONE', *, *, #4629, .F. ) ;
#616 = PRESENTATION_LAYER_ASSIGNMENT (  '', '', ( #1890 ) ) ;
#617 = EDGE_LOOP ( 'NONE', ( #1899, #3419, #4782, #892 ) ) ;
#618 = ADVANCED_FACE ( 'NONE', ( #1185 ), #5173, .F. ) ;
#619 = LINE ( 'NONE', #2173, #4835 ) ;
#620 = ORIENTED_EDGE ( 'NONE', *, *, #3882, .F. ) ;
#621 = FILL_AREA_STYLE_COLOUR ( '', #1309 ) ;
#622 =( GEOMETRIC_REPRESENTATION_CONTEXT ( 3 ) GLOBAL_UNCERTAINTY_ASSIGNED_CONTEXT ( ( #1696 ) ) GLOBAL_UNIT_ASSIGNED_CONTEXT ( ( #4549, #1831, #6285 ) ) REPRESENTATION_CONTEXT ( 'NONE', 'WORKASPACE' ) );
#623 = MECHANICAL_DESIGN_GEOMETRIC_PRESENTATION_REPRESENTATION (  '', ( #1895 ), #3489 ) ;
#624 = EDGE_LOOP ( 'NONE', ( #6961, #746, #5069, #3455 ) ) ;
#625 = CIRCLE ( 'NONE', #7067, 0.2000000000000000111 ) ;
#626 = EDGE_CURVE ( 'NONE', #719, #6387, #792, .T. ) ;
#627 = CARTESIAN_POINT ( 'NONE',  ( 3.245000000000000107, -4.010002195023269600, 0.2999999999999999889 ) ) ;
#628 = EDGE_CURVE ( 'NONE', #1219, #5245, #5959, .T. ) ;
#629 =( NAMED_UNIT ( * ) SI_UNIT ( $, .STERADIAN. ) SOLID_ANGLE_UNIT ( ) );
#630 = STYLED_ITEM ( 'NONE', ( #1979 ), #1425 ) ;
#631 = DIRECTION ( 'NONE',  ( 0.000000000000000000, 1.000000000000000000, 0.000000000000000000 ) ) ;
#632 = PRESENTATION_STYLE_ASSIGNMENT (( #5541 ) ) ;
#633 = STYLED_ITEM ( 'NONE', ( #2421 ), #5138 ) ;
#634 = AXIS2_PLACEMENT_3D ( 'NONE', #3343, #577, #21 ) ;
#635 = LINE ( 'NONE', #2300, #3902 ) ;
#636 =( LENGTH_UNIT ( ) NAMED_UNIT ( * ) SI_UNIT ( .MILLI., .METRE. ) );
#637 = AXIS2_PLACEMENT_3D ( 'NONE', #3338, #2196, #4482 ) ;
#638 = SURFACE_STYLE_FILL_AREA ( #3866 ) ;
#639 = SURFACE_STYLE_FILL_AREA ( #6651 ) ;
#640 = ORIENTED_EDGE ( 'NONE', *, *, #6965, .T. ) ;
#641 = CIRCLE ( 'NONE', #4886, 0.2000000000000000944 ) ;
#642 = UNCERTAINTY_MEASURE_WITH_UNIT (LENGTH_MEASURE( 1.000000000000000082E-05 ), #1682, 'distance_accuracy_value', 'NONE');
#643 = ADVANCED_FACE ( 'NONE', ( #5849 ), #6436, .F. ) ;
#644 = CARTESIAN_POINT ( 'NONE',  ( 3.575000000000000178, 4.310002195023275640, -3.491456256055070333E-12 ) ) ;
#645 = ORIENTED_EDGE ( 'NONE', *, *, #1211, .F. ) ;
#646 = STYLED_ITEM ( 'NONE', ( #6672 ), #5984 ) ;
#647 = DIRECTION ( 'NONE',  ( 0.000000000000000000, 0.000000000000000000, -1.000000000000000000 ) ) ;
#648 = EDGE_LOOP ( 'NONE', ( #2437, #929, #1028, #5511 ) ) ;
#649 = DIRECTION ( 'NONE',  ( -1.000000000000000000, 0.000000000000000000, 0.000000000000000000 ) ) ;
#650 = COLOUR_RGB ( '',0.1019607843137254888, 0.1019607843137254888, 0.1019607843137254888 ) ;
#651 = ORIENTED_EDGE ( 'NONE', *, *, #2453, .F. ) ;
#652 = FACE_OUTER_BOUND ( 'NONE', #5710, .T. ) ;
#653 = ORIENTED_EDGE ( 'NONE', *, *, #5629, .F. ) ;
#654 = FACE_OUTER_BOUND ( 'NONE', #5884, .T. ) ;
#655 = ORIENTED_EDGE ( 'NONE', *, *, #314, .F. ) ;
#656 = LINE ( 'NONE', #2857, #6830 ) ;
#657 = CARTESIAN_POINT ( 'NONE',  ( 3.245000000000000107, -3.910002195023270399, -3.491456256055070333E-12 ) ) ;
#658 = CARTESIAN_POINT ( 'NONE',  ( 1.505000000000000115, -4.810002195023270311, -3.491510466163695012E-12 ) ) ;
#659 = MECHANICAL_DESIGN_GEOMETRIC_PRESENTATION_REPRESENTATION (  '', ( #5813 ), #5580 ) ;
#660 = DIRECTION ( 'NONE',  ( -1.000000000000000000, 0.000000000000000000, 0.000000000000000000 ) ) ;
#661 = VERTEX_POINT ( 'NONE', #3123 ) ;
#662 = CARTESIAN_POINT ( 'NONE',  ( -4.930000000000000604, -3.200000000000000178, 1.550000000000000044 ) ) ;
#663 = COLOUR_RGB ( '',0.7764705882352941346, 0.7568627450980391913, 0.7372549019607843590 ) ;
#664 = AXIS2_PLACEMENT_3D ( 'NONE', #5737, #4148, #6348 ) ;
#665 = CARTESIAN_POINT ( 'NONE',  ( -3.245000000000000107, 0.000000000000000000, -3.491456256055070333E-12 ) ) ;
#666 = DIRECTION ( 'NONE',  ( 1.000000000000000000, 0.000000000000000000, 0.000000000000000000 ) ) ;
#667 =( NAMED_UNIT ( * ) PLANE_ANGLE_UNIT ( ) SI_UNIT ( $, .RADIAN. ) );
#668 = PRESENTATION_STYLE_ASSIGNMENT (( #1862 ) ) ;
#669 = PRESENTATION_LAYER_ASSIGNMENT (  '', '', ( #1120 ) ) ;
#670 = ORIENTED_EDGE ( 'NONE', *, *, #2611, .F. ) ;
#671 = EDGE_CURVE ( 'NONE', #1855, #5517, #4814, .T. ) ;
#672 = EDGE_CURVE ( 'NONE', #1219, #719, #3028, .T. ) ;
#673 =( GEOMETRIC_REPRESENTATION_CONTEXT ( 3 ) GLOBAL_UNCERTAINTY_ASSIGNED_CONTEXT ( ( #2507 ) ) GLOBAL_UNIT_ASSIGNED_CONTEXT ( ( #1734, #2164, #1622 ) ) REPRESENTATION_CONTEXT ( 'NONE', 'WORKASPACE' ) );
#674 = CARTESIAN_POINT ( 'NONE',  ( 1.834999999999999964, 4.010002195023269600, 0.1999999999999970135 ) ) ;
#675 = MECHANICAL_DESIGN_GEOMETRIC_PRESENTATION_REPRESENTATION (  '', ( #5136 ), #1942 ) ;
#676 = SURFACE_STYLE_USAGE ( .BOTH. , #1210 ) ;
#677 = STYLED_ITEM ( 'NONE', ( #6065 ), #2029 ) ;
#678 = LINE ( 'NONE', #6650, #312 ) ;
#679 = MECHANICAL_DESIGN_GEOMETRIC_PRESENTATION_REPRESENTATION (  '', ( #1832 ), #2629 ) ;
#680 = ORIENTED_EDGE ( 'NONE', *, *, #4990, .F. ) ;
#681 = CARTESIAN_POINT ( 'NONE',  ( -4.643048641745470384, -3.200000000000000178, 2.899999999999999911 ) ) ;
#682 = ADVANCED_FACE ( 'NONE', ( #3595 ), #3164, .F. ) ;
#683 = DIRECTION ( 'NONE',  ( 1.000000000000000000, 0.000000000000000000, 0.000000000000000000 ) ) ;
#684 = VECTOR ( 'NONE', #4331, 1000.000000000000000 ) ;
#685 = ORIENTED_EDGE ( 'NONE', *, *, #296, .T. ) ;
#686 = FILL_AREA_STYLE ('',( #2419 ) ) ;
#687 = FILL_AREA_STYLE_COLOUR ( '', #4984 ) ;
#688 = DIRECTION ( 'NONE',  ( 1.000000000000000000, 0.000000000000000000, 0.000000000000000000 ) ) ;
#689 = EDGE_CURVE ( 'NONE', #4408, #931, #4736, .T. ) ;
#690 = DIRECTION ( 'NONE',  ( 0.000000000000000000, 0.000000000000000000, 1.000000000000000000 ) ) ;
#691 = ORIENTED_EDGE ( 'NONE', *, *, #3920, .T. ) ;
#692 = FILL_AREA_STYLE ('',( #1225 ) ) ;
#693 = UNCERTAINTY_MEASURE_WITH_UNIT (LENGTH_MEASURE( 1.000000000000000082E-05 ), #3520, 'distance_accuracy_value', 'NONE');
#694 = ORIENTED_EDGE ( 'NONE', *, *, #4502, .T. ) ;
#695 = CARTESIAN_POINT ( 'NONE',  ( -4.244999999999999218, 3.710002195023270222, 1.399999999999999911 ) ) ;
#696 = ORIENTED_EDGE ( 'NONE', *, *, #2218, .T. ) ;
#697 = CYLINDRICAL_SURFACE ( 'NONE', #5515, 0.2000000000000000944 ) ;
#698 = ORIENTED_EDGE ( 'NONE', *, *, #4171, .F. ) ;
#699 = SURFACE_STYLE_FILL_AREA ( #2897 ) ;
#700 = CARTESIAN_POINT ( 'NONE',  ( -0.8350000000000000755, 3.910002195023270399, 0.000000000000000000 ) ) ;
#701 = ORIENTED_EDGE ( 'NONE', *, *, #3217, .T. ) ;
#702 = SURFACE_STYLE_FILL_AREA ( #3005 ) ;
#703 = LINE ( 'NONE', #4908, #4153 ) ;
#704 = DIRECTION ( 'NONE',  ( 1.000000000000000000, 0.000000000000000000, 0.000000000000000000 ) ) ;
#705 = DIRECTION ( 'NONE',  ( 0.000000000000000000, 0.000000000000000000, -1.000000000000000000 ) ) ;
#706 = CARTESIAN_POINT ( 'NONE',  ( 4.643048641745470384, -3.200000000000000178, 2.899999999999999911 ) ) ;
#707 = ORIENTED_EDGE ( 'NONE', *, *, #2734, .F. ) ;
#708 = PLANE ( 'NONE',  #2979 ) ;
#709 = SURFACE_STYLE_USAGE ( .BOTH. , #3977 ) ;
#710 = EDGE_CURVE ( 'NONE', #396, #5172, #961, .T. ) ;
#711 = PRESENTATION_STYLE_ASSIGNMENT (( #199 ) ) ;
#712 = AXIS2_PLACEMENT_3D ( 'NONE', #4419, #29, #1156 ) ;
#713 = CARTESIAN_POINT ( 'NONE',  ( 1.505000000000000115, 4.310002195023275640, -3.491510466163695012E-12 ) ) ;
#714 = EDGE_LOOP ( 'NONE', ( #6083, #2556, #6732, #6824, #3886, #2567, #2094, #1284, #4713, #7017, #6765, #266, #1741 ) ) ;
#715 = FILL_AREA_STYLE_COLOUR ( '', #5435 ) ;
#716 = UNCERTAINTY_MEASURE_WITH_UNIT (LENGTH_MEASURE( 1.000000000000000082E-05 ), #1813, 'distance_accuracy_value', 'NONE');
#717 = PRESENTATION_STYLE_ASSIGNMENT (( #1176 ) ) ;
#718 = ADVANCED_FACE ( 'NONE', ( #4233 ), #5887, .T. ) ;
#719 = VERTEX_POINT ( 'NONE', #5574 ) ;
#720 = ADVANCED_FACE ( 'NONE', ( #114 ), #2325, .T. ) ;
#721 =( GEOMETRIC_REPRESENTATION_CONTEXT ( 3 ) GLOBAL_UNCERTAINTY_ASSIGNED_CONTEXT ( ( #2346 ) ) GLOBAL_UNIT_ASSIGNED_CONTEXT ( ( #4583, #6865, #6906 ) ) REPRESENTATION_CONTEXT ( 'NONE', 'WORKASPACE' ) );
#722 = EDGE_LOOP ( 'NONE', ( #3685, #4259, #1470, #1629, #4927, #4129, #6740, #5057 ) ) ;
#723 =( NAMED_UNIT ( * ) PLANE_ANGLE_UNIT ( ) SI_UNIT ( $, .RADIAN. ) );
#724 = ORIENTED_EDGE ( 'NONE', *, *, #6388, .F. ) ;
#725 = VERTEX_POINT ( 'NONE', #4783 ) ;
#726 = ORIENTED_EDGE ( 'NONE', *, *, #3568, .T. ) ;
#727 = SURFACE_STYLE_USAGE ( .BOTH. , #3159 ) ;
#728 = DIRECTION ( 'NONE',  ( 0.000000000000000000, 0.000000000000000000, 1.000000000000000000 ) ) ;
#729 = VERTEX_POINT ( 'NONE', #5860 ) ;
#730 = DIRECTION ( 'NONE',  ( 0.000000000000000000, 1.000000000000000000, 0.000000000000000000 ) ) ;
#731 = AXIS2_PLACEMENT_3D ( 'NONE', #5998, #1067, #3265 ) ;
#732 = EDGE_CURVE ( 'NONE', #1522, #3663, #5823, .T. ) ;
#733 = LINE ( 'NONE', #2398, #3296 ) ;
#734 =( GEOMETRIC_REPRESENTATION_CONTEXT ( 3 ) GLOBAL_UNCERTAINTY_ASSIGNED_CONTEXT ( ( #2776 ) ) GLOBAL_UNIT_ASSIGNED_CONTEXT ( ( #5015, #569, #4953 ) ) REPRESENTATION_CONTEXT ( 'NONE', 'WORKASPACE' ) );
#735 = PLANE ( 'NONE',  #22 ) ;
#736 =( GEOMETRIC_REPRESENTATION_CONTEXT ( 3 ) GLOBAL_UNCERTAINTY_ASSIGNED_CONTEXT ( ( #2710 ) ) GLOBAL_UNIT_ASSIGNED_CONTEXT ( ( #1189, #1809, #3427 ) ) REPRESENTATION_CONTEXT ( 'NONE', 'WORKASPACE' ) );
#737 = CARTESIAN_POINT ( 'NONE',  ( 3.245000000000000107, 3.610002195023269689, 1.500000000000000000 ) ) ;
#738 = VECTOR ( 'NONE', #940, 1000.000000000000000 ) ;
#739 = PRESENTATION_LAYER_ASSIGNMENT (  '', '', ( #5216 ) ) ;
#740 = SURFACE_STYLE_FILL_AREA ( #3509 ) ;
#741 = DIRECTION ( 'NONE',  ( -1.000000000000000000, 0.000000000000000000, 0.000000000000000000 ) ) ;
#742 = CARTESIAN_POINT ( 'NONE',  ( -3.245000000000000107, 4.010002195023269600, 0.1999999999999970135 ) ) ;
#743 = DIRECTION ( 'NONE',  ( 1.000000000000000000, 0.000000000000000000, 0.000000000000000000 ) ) ;
#744 = VECTOR ( 'NONE', #3180, 1000.000000000000000 ) ;
#745 = AXIS2_PLACEMENT_3D ( 'NONE', #990, #1975, #6391 ) ;
#746 = ORIENTED_EDGE ( 'NONE', *, *, #4627, .T. ) ;
#747 = CARTESIAN_POINT ( 'NONE',  ( -4.044999999999999929, -4.310002195023275640, 0.1999999999999965139 ) ) ;
#748 = CARTESIAN_POINT ( 'NONE',  ( -1.834999999999999964, -3.610002195023269689, 1.500000000000000000 ) ) ;
#749 = CARTESIAN_POINT ( 'NONE',  ( 3.245000000000000107, 0.000000000000000000, 1.500000000000000000 ) ) ;
#750 = ORIENTED_EDGE ( 'NONE', *, *, #2443, .T. ) ;
#751 = PRESENTATION_STYLE_ASSIGNMENT (( #5086 ) ) ;
#752 =( LENGTH_UNIT ( ) NAMED_UNIT ( * ) SI_UNIT ( .MILLI., .METRE. ) );
#753 = SURFACE_STYLE_FILL_AREA ( #4156 ) ;
#754 = COLOUR_RGB ( '',0.7764705882352941346, 0.7568627450980391913, 0.7372549019607843590 ) ;
#755 = ORIENTED_EDGE ( 'NONE', *, *, #927, .F. ) ;
#756 = ADVANCED_FACE ( 'NONE', ( #6371 ), #2064, .T. ) ;
#757 = EDGE_LOOP ( 'NONE', ( #2061, #4937, #2172, #2777 ) ) ;
#758 = EDGE_CURVE ( 'NONE', #4527, #4475, #1554, .T. ) ;
#759 =( LENGTH_UNIT ( ) NAMED_UNIT ( * ) SI_UNIT ( .MILLI., .METRE. ) );
#760 = CARTESIAN_POINT ( 'NONE',  ( 4.244999999999999218, 3.910002195023270399, 0.1999999999965084985 ) ) ;
#761 = ORIENTED_EDGE ( 'NONE', *, *, #7148, .T. ) ;
#762 = DIRECTION ( 'NONE',  ( 0.000000000000000000, 0.000000000000000000, 1.000000000000000000 ) ) ;
#763 = VERTEX_POINT ( 'NONE', #7029 ) ;
#764 = PRESENTATION_STYLE_ASSIGNMENT (( #254 ) ) ;
#765 = LINE ( 'NONE', #255, #6016 ) ;
#766 = SURFACE_SIDE_STYLE ('',( #5685 ) ) ;
#767 = DIRECTION ( 'NONE',  ( 1.000000000000000000, 0.000000000000000000, 0.000000000000000000 ) ) ;
#768 = EDGE_LOOP ( 'NONE', ( #3805, #6549, #698, #6087 ) ) ;
#769 = VECTOR ( 'NONE', #3602, 1000.000000000000000 ) ;
#770 = UNCERTAINTY_MEASURE_WITH_UNIT (LENGTH_MEASURE( 1.000000000000000082E-05 ), #6986, 'distance_accuracy_value', 'NONE');
#771 = EDGE_CURVE ( 'NONE', #6967, #1032, #6481, .T. ) ;
#772 = SURFACE_STYLE_FILL_AREA ( #1344 ) ;
#773 = COLOUR_RGB ( '',0.7764705882352941346, 0.7568627450980391913, 0.7372549019607843590 ) ;
#774 = FILL_AREA_STYLE ('',( #1859 ) ) ;
#775 = ORIENTED_EDGE ( 'NONE', *, *, #970, .F. ) ;
#776 = DIRECTION ( 'NONE',  ( 1.000000000000000000, 0.000000000000000000, 0.000000000000000000 ) ) ;
#777 =( NAMED_UNIT ( * ) PLANE_ANGLE_UNIT ( ) SI_UNIT ( $, .RADIAN. ) );
#778 = VECTOR ( 'NONE', #443, 1000.000000000000000 ) ;
#779 = SURFACE_STYLE_FILL_AREA ( #5695 ) ;
#780 = ORIENTED_EDGE ( 'NONE', *, *, #1777, .T. ) ;
#781 = EDGE_CURVE ( 'NONE', #4417, #1253, #5481, .T. ) ;
#782 = FACE_OUTER_BOUND ( 'NONE', #2893, .T. ) ;
#783 = DIRECTION ( 'NONE',  ( -0.000000000000000000, 1.000000000000000000, 0.000000000000000000 ) ) ;
#784 = SURFACE_SIDE_STYLE ('',( #3551 ) ) ;
#785 = COLOUR_RGB ( '',0.7764705882352941346, 0.7568627450980391913, 0.7372549019607843590 ) ;
#786 = DIRECTION ( 'NONE',  ( -1.000000000000000000, 0.000000000000000000, 0.000000000000000000 ) ) ;
#787 = EDGE_LOOP ( 'NONE', ( #2927, #4822, #3777, #5493 ) ) ;
#788 = PRESENTATION_LAYER_ASSIGNMENT (  '', '', ( #2975 ) ) ;
#789 = CARTESIAN_POINT ( 'NONE',  ( 4.044999999999999929, -4.310002195023275640, -3.491510466163695012E-12 ) ) ;
#790 = PRESENTATION_LAYER_ASSIGNMENT (  '', '', ( #3309 ) ) ;
#791 = MECHANICAL_DESIGN_GEOMETRIC_PRESENTATION_REPRESENTATION (  '', ( #5732 ), #6416 ) ;
#792 = CIRCLE ( 'NONE', #2178, 0.09999999999999999167 ) ;
#793 = ORIENTED_EDGE ( 'NONE', *, *, #1564, .F. ) ;
#794 = PLANE ( 'NONE',  #3705 ) ;
#795 = DIRECTION ( 'NONE',  ( 0.000000000000000000, 0.000000000000000000, -1.000000000000000000 ) ) ;
#796 = ORIENTED_EDGE ( 'NONE', *, *, #1994, .T. ) ;
#797 = AXIS2_PLACEMENT_3D ( 'NONE', #5072, #4538, #1892 ) ;
#798 = CARTESIAN_POINT ( 'NONE',  ( -1.834999999999999964, 3.610002195023269689, 1.500000000000000000 ) ) ;
#799 = VECTOR ( 'NONE', #5119, 1000.000000000000000 ) ;
#800 = VERTEX_POINT ( 'NONE', #6504 ) ;
#801 = SURFACE_STYLE_USAGE ( .BOTH. , #4161 ) ;
#802 = ORIENTED_EDGE ( 'NONE', *, *, #5319, .F. ) ;
#803 = FILL_AREA_STYLE ('',( #1300 ) ) ;
#804 = ORIENTED_EDGE ( 'NONE', *, *, #4873, .T. ) ;
#805 = DIRECTION ( 'NONE',  ( 0.000000000000000000, 1.000000000000000000, 0.000000000000000000 ) ) ;
#806 = VECTOR ( 'NONE', #1096, 1000.000000000000000 ) ;
#807 = CARTESIAN_POINT ( 'NONE',  ( -0.8350000000000000755, 0.000000000000000000, 0.000000000000000000 ) ) ;
#808 = VERTEX_POINT ( 'NONE', #572 ) ;
#809 = PLANE ( 'NONE',  #6042 ) ;
#810 = ORIENTED_EDGE ( 'NONE', *, *, #184, .F. ) ;
#811 = EDGE_CURVE ( 'NONE', #3383, #2424, #7092, .T. ) ;
#812 = EDGE_LOOP ( 'NONE', ( #2470, #4062, #4776, #2594, #6827, #2484, #7105, #3880 ) ) ;
#813 = EDGE_CURVE ( 'NONE', #1015, #4037, #7053, .T. ) ;
#814 = FILL_AREA_STYLE_COLOUR ( '', #5776 ) ;
#815 = LINE ( 'NONE', #737, #57 ) ;
#816 = DIRECTION ( 'NONE',  ( 0.000000000000000000, 0.000000000000000000, 1.000000000000000000 ) ) ;
#817 = SURFACE_STYLE_FILL_AREA ( #1243 ) ;
#818 =( LENGTH_UNIT ( ) NAMED_UNIT ( * ) SI_UNIT ( .MILLI., .METRE. ) );
#819 = SURFACE_SIDE_STYLE ('',( #4117 ) ) ;
#820 = ADVANCED_FACE ( 'NONE', ( #4260 ), #417, .F. ) ;
#821 = DIRECTION ( 'NONE',  ( 0.000000000000000000, 0.000000000000000000, 1.000000000000000000 ) ) ;
#822 = CARTESIAN_POINT ( 'NONE',  ( 3.245000000000000107, 6.143812310751189163E-16, 1.699999999999999956 ) ) ;
#823 = DIRECTION ( 'NONE',  ( -1.000000000000000000, 0.000000000000000000, 0.000000000000000000 ) ) ;
#824 = PLANE ( 'NONE',  #4317 ) ;
#825 = DIRECTION ( 'NONE',  ( 1.000000000000000000, 0.000000000000000000, 0.000000000000000000 ) ) ;
#826 = EDGE_CURVE ( 'NONE', #1641, #4819, #6777, .T. ) ;
#827 = ORIENTED_EDGE ( 'NONE', *, *, #1293, .F. ) ;
#828 = PLANE ( 'NONE',  #4554 ) ;
#829 =( NAMED_UNIT ( * ) SI_UNIT ( $, .STERADIAN. ) SOLID_ANGLE_UNIT ( ) );
#830 = VECTOR ( 'NONE', #5453, 1000.000000000000000 ) ;
#831 = CARTESIAN_POINT ( 'NONE',  ( -3.575000000000000178, -4.297206436302234422, -3.491510466163695012E-12 ) ) ;
#832 = ORIENTED_EDGE ( 'NONE', *, *, #6659, .F. ) ;
#833 = DIRECTION ( 'NONE',  ( 0.000000000000000000, 1.000000000000000000, 3.614007241618355180E-16 ) ) ;
#834 = VECTOR ( 'NONE', #2479, 1000.000000000000000 ) ;
#835 = LINE ( 'NONE', #185, #2518 ) ;
#836 = VERTEX_POINT ( 'NONE', #3229 ) ;
#837 = PLANE ( 'NONE',  #4311 ) ;
#838 = UNCERTAINTY_MEASURE_WITH_UNIT (LENGTH_MEASURE( 1.000000000000000082E-05 ), #2905, 'distance_accuracy_value', 'NONE');
#839 = EDGE_CURVE ( 'NONE', #1015, #1339, #7132, .T. ) ;
#840 = VERTEX_POINT ( 'NONE', #6579 ) ;
#841 = DIRECTION ( 'NONE',  ( 0.000000000000000000, 0.000000000000000000, 1.000000000000000000 ) ) ;
#842 = CARTESIAN_POINT ( 'NONE',  ( -3.245000000000000107, 6.143812310751189163E-16, 1.699999999999999956 ) ) ;
#843 = CARTESIAN_POINT ( 'NONE',  ( 3.245000000000000107, -3.610002195023269689, 1.500000000000000000 ) ) ;
#844 = SURFACE_STYLE_USAGE ( .BOTH. , #3610 ) ;
#845 =( LENGTH_UNIT ( ) NAMED_UNIT ( * ) SI_UNIT ( .MILLI., .METRE. ) );
#846 = EDGE_CURVE ( 'NONE', #4378, #6946, #3833, .T. ) ;
#847 = PLANE ( 'NONE',  #1495 ) ;
#848 = EDGE_CURVE ( 'NONE', #5607, #1487, #5371, .T. ) ;
#849 = EDGE_CURVE ( 'NONE', #4029, #6555, #4955, .T. ) ;
#850 = VECTOR ( 'NONE', #833, 1000.000000000000000 ) ;
#851 = CARTESIAN_POINT ( 'NONE',  ( 3.245000000000000107, -3.710002195023270222, 0.1999999999965084985 ) ) ;
#852 = ORIENTED_EDGE ( 'NONE', *, *, #5755, .F. ) ;
#853 =( NAMED_UNIT ( * ) SI_UNIT ( $, .STERADIAN. ) SOLID_ANGLE_UNIT ( ) );
#854 = COLOUR_RGB ( '',0.7764705882352941346, 0.7568627450980391913, 0.7372549019607843590 ) ;
#855 = VECTOR ( 'NONE', #3301, 1000.000000000000000 ) ;
#856 = COLOUR_RGB ( '',0.7764705882352941346, 0.7568627450980391913, 0.7372549019607843590 ) ;
#857 = SURFACE_STYLE_USAGE ( .BOTH. , #3986 ) ;
#858 = CARTESIAN_POINT ( 'NONE',  ( -1.834999999999999964, -3.710002195023270222, 1.500000000000000000 ) ) ;
#859 = EDGE_LOOP ( 'NONE', ( #27, #5144, #4038, #1800, #4991, #6234, #3841, #1374 ) ) ;
#860 = DIRECTION ( 'NONE',  ( 1.000000000000000000, 0.000000000000000000, 0.000000000000000000 ) ) ;
#861 = EDGE_CURVE ( 'NONE', #1907, #3269, #3874, .T. ) ;
#862 = FILL_AREA_STYLE ('',( #5744 ) ) ;
#863 = CARTESIAN_POINT ( 'NONE',  ( 3.245000000000000107, -4.010002195023269600, 0.2999999999999999889 ) ) ;
#864 =( NAMED_UNIT ( * ) PLANE_ANGLE_UNIT ( ) SI_UNIT ( $, .RADIAN. ) );
#865 = ORIENTED_EDGE ( 'NONE', *, *, #200, .T. ) ;
#866 = STYLED_ITEM ( 'NONE', ( #6805 ), #5406 ) ;
#867 = SURFACE_STYLE_FILL_AREA ( #930 ) ;
#868 = CARTESIAN_POINT ( 'NONE',  ( 1.834999999999999964, 0.000000000000000000, 0.000000000000000000 ) ) ;
#869 = ORIENTED_EDGE ( 'NONE', *, *, #7102, .T. ) ;
#870 = FACE_OUTER_BOUND ( 'NONE', #359, .T. ) ;
#871 = CIRCLE ( 'NONE', #4299, 0.2000000000000000111 ) ;
#872 = SURFACE_STYLE_USAGE ( .BOTH. , #2508 ) ;
#873 = EDGE_LOOP ( 'NONE', ( #1214, #3736, #852, #5103 ) ) ;
#874 = ORIENTED_EDGE ( 'NONE', *, *, #6218, .F. ) ;
#875 = FILL_AREA_STYLE ('',( #4787 ) ) ;
#876 = CYLINDRICAL_SURFACE ( 'NONE', #1471, 0.2000000000000000111 ) ;
#877 = PRESENTATION_LAYER_ASSIGNMENT (  '', '', ( #178 ) ) ;
#878 = DIRECTION ( 'NONE',  ( -1.000000000000000000, 0.000000000000000000, 0.000000000000000000 ) ) ;
#879 = PLANE ( 'NONE',  #2627 ) ;
#880 = CARTESIAN_POINT ( 'NONE',  ( -3.959637898119380495, -1.500000000000000000, 2.799999999999999822 ) ) ;
#881 =( GEOMETRIC_REPRESENTATION_CONTEXT ( 3 ) GLOBAL_UNCERTAINTY_ASSIGNED_CONTEXT ( ( #5938 ) ) GLOBAL_UNIT_ASSIGNED_CONTEXT ( ( #1680, #4323, #4872 ) ) REPRESENTATION_CONTEXT ( 'NONE', 'WORKASPACE' ) );
#882 = LINE ( 'NONE', #5327, #6841 ) ;
#883 = EDGE_CURVE ( 'NONE', #4749, #1927, #6617, .T. ) ;
#884 = ORIENTED_EDGE ( 'NONE', *, *, #5708, .F. ) ;
#885 = LINE ( 'NONE', #1460, #5105 ) ;
#886 = CIRCLE ( 'NONE', #1454, 0.2000000000000000944 ) ;
#887 = EDGE_CURVE ( 'NONE', #401, #2338, #4339, .T. ) ;
#888 = STYLED_ITEM ( 'NONE', ( #86 ), #6607 ) ;
#889 =( NAMED_UNIT ( * ) SI_UNIT ( $, .STERADIAN. ) SOLID_ANGLE_UNIT ( ) );
#890 = CARTESIAN_POINT ( 'NONE',  ( -3.575000000000000178, -4.297206436302234422, 0.1999999999999965139 ) ) ;
#891 = EDGE_CURVE ( 'NONE', #1907, #3129, #4808, .T. ) ;
#892 = ORIENTED_EDGE ( 'NONE', *, *, #2503, .T. ) ;
#893 = AXIS2_PLACEMENT_3D ( 'NONE', #1467, #1573, #3686 ) ;
#894 = LINE ( 'NONE', #6815, #1318 ) ;
#895 = MECHANICAL_DESIGN_GEOMETRIC_PRESENTATION_REPRESENTATION (  '', ( #82 ), #4111 ) ;
#896 =( NAMED_UNIT ( * ) PLANE_ANGLE_UNIT ( ) SI_UNIT ( $, .RADIAN. ) );
#897 = CARTESIAN_POINT ( 'NONE',  ( 3.245000000000000107, -3.710002195023270222, 1.399999999999999911 ) ) ;
#898 = EDGE_LOOP ( 'NONE', ( #6060, #5857, #5080, #4456 ) ) ;
#899 = MECHANICAL_DESIGN_GEOMETRIC_PRESENTATION_REPRESENTATION (  '', ( #4002 ), #4800 ) ;
#900 = CARTESIAN_POINT ( 'NONE',  ( -3.245000000000000107, 3.610002195023269689, 1.399999999999999911 ) ) ;
#901 = DIRECTION ( 'NONE',  ( 1.000000000000000000, 0.000000000000000000, 0.000000000000000000 ) ) ;
#902 = COLOUR_RGB ( '',0.7764705882352941346, 0.7568627450980391913, 0.7372549019607843590 ) ;
#903 = EDGE_LOOP ( 'NONE', ( #615, #3570, #6855, #4791 ) ) ;
#904 =( NAMED_UNIT ( * ) SI_UNIT ( $, .STERADIAN. ) SOLID_ANGLE_UNIT ( ) );
#905 = UNCERTAINTY_MEASURE_WITH_UNIT (LENGTH_MEASURE( 1.000000000000000082E-05 ), #4301, 'distance_accuracy_value', 'NONE');
#906 = MECHANICAL_DESIGN_GEOMETRIC_PRESENTATION_REPRESENTATION (  '', ( #1835 ), #1717 ) ;
#907 = PRESENTATION_STYLE_ASSIGNMENT (( #872 ) ) ;
#908 = VERTEX_POINT ( 'NONE', #4517 ) ;
#909 = LINE ( 'NONE', #3135, #2849 ) ;
#910 = STYLED_ITEM ( 'NONE', ( #3142 ), #1020 ) ;
#911 = FACE_OUTER_BOUND ( 'NONE', #30, .T. ) ;
#912 = CARTESIAN_POINT ( 'NONE',  ( 1.834999999999999964, 3.189372171916499799, 1.500000000000000000 ) ) ;
#913 = SURFACE_SIDE_STYLE ('',( #2607 ) ) ;
#914 =( GEOMETRIC_REPRESENTATION_CONTEXT ( 3 ) GLOBAL_UNCERTAINTY_ASSIGNED_CONTEXT ( ( #770 ) ) GLOBAL_UNIT_ASSIGNED_CONTEXT ( ( #6986, #6850, #5885 ) ) REPRESENTATION_CONTEXT ( 'NONE', 'WORKASPACE' ) );
#915 = CARTESIAN_POINT ( 'NONE',  ( -4.244999999999999218, -4.310002195023275640, -3.491510466163695012E-12 ) ) ;
#916 = FILL_AREA_STYLE ('',( #5359 ) ) ;
#917 = LINE ( 'NONE', #3110, #1580 ) ;
#918 = CARTESIAN_POINT ( 'NONE',  ( -4.244999999999999218, 0.000000000000000000, 1.500000000000000000 ) ) ;
#919 = DIRECTION ( 'NONE',  ( -1.000000000000000000, 0.000000000000000000, 0.000000000000000000 ) ) ;
#920 = PRESENTATION_STYLE_ASSIGNMENT (( #5130 ) ) ;
#921 = CARTESIAN_POINT ( 'NONE',  ( 4.643048641745470384, 2.913048641745470402, 0.2000000000000000111 ) ) ;
#922 = CARTESIAN_POINT ( 'NONE',  ( -1.834999999999999964, 0.000000000000000000, 1.500000000000000000 ) ) ;
#923 = DIRECTION ( 'NONE',  ( -1.000000000000000000, 0.000000000000000000, 0.000000000000000000 ) ) ;
#924 = ORIENTED_EDGE ( 'NONE', *, *, #6425, .F. ) ;
#925 =( NAMED_UNIT ( * ) SI_UNIT ( $, .STERADIAN. ) SOLID_ANGLE_UNIT ( ) );
#926 = CARTESIAN_POINT ( 'NONE',  ( -3.245000000000000107, -6.143812310751189163E-16, 1.699999999999999956 ) ) ;
#927 = EDGE_CURVE ( 'NONE', #6184, #1306, #3339, .T. ) ;
#928 = CARTESIAN_POINT ( 'NONE',  ( -4.044999999999999929, -4.810002195023270311, 0.1999999999999965139 ) ) ;
#929 = ORIENTED_EDGE ( 'NONE', *, *, #1739, .T. ) ;
#930 = FILL_AREA_STYLE ('',( #3664 ) ) ;
#931 = VERTEX_POINT ( 'NONE', #6729 ) ;
#932 = SURFACE_STYLE_FILL_AREA ( #1484 ) ;
#933 = VERTEX_POINT ( 'NONE', #3446 ) ;
#934 = CYLINDRICAL_SURFACE ( 'NONE', #6978, 0.2000000000000000111 ) ;
#935 = ORIENTED_EDGE ( 'NONE', *, *, #2033, .T. ) ;
#936 =( GEOMETRIC_REPRESENTATION_CONTEXT ( 3 ) GLOBAL_UNCERTAINTY_ASSIGNED_CONTEXT ( ( #2436 ) ) GLOBAL_UNIT_ASSIGNED_CONTEXT ( ( #2907, #6174, #4952 ) ) REPRESENTATION_CONTEXT ( 'NONE', 'WORKASPACE' ) );
#937 = CARTESIAN_POINT ( 'NONE',  ( 0.8350000000000000755, 0.000000000000000000, 1.500000000000000000 ) ) ;
#938 = CARTESIAN_POINT ( 'NONE',  ( -1.834999999999999964, -3.910002195023270399, 0.2999999999999999889 ) ) ;
#939 = PRESENTATION_STYLE_ASSIGNMENT (( #1597 ) ) ;
#940 = DIRECTION ( 'NONE',  ( 0.000000000000000000, 0.000000000000000000, 1.000000000000000000 ) ) ;
#941 = ORIENTED_EDGE ( 'NONE', *, *, #985, .T. ) ;
#942 = SURFACE_STYLE_USAGE ( .BOTH. , #913 ) ;
#943 = COLOUR_RGB ( '',0.7764705882352941346, 0.7568627450980391913, 0.7372549019607843590 ) ;
#944 = EDGE_CURVE ( 'NONE', #6237, #3312, #6768, .T. ) ;
#945 = SURFACE_STYLE_FILL_AREA ( #1497 ) ;
#946 = LINE ( 'NONE', #2610, #3431 ) ;
#947 =( GEOMETRIC_REPRESENTATION_CONTEXT ( 3 ) GLOBAL_UNCERTAINTY_ASSIGNED_CONTEXT ( ( #536 ) ) GLOBAL_UNIT_ASSIGNED_CONTEXT ( ( #1527, #2569, #2603 ) ) REPRESENTATION_CONTEXT ( 'NONE', 'WORKASPACE' ) );
#948 = DIRECTION ( 'NONE',  ( 0.000000000000000000, 0.000000000000000000, 1.000000000000000000 ) ) ;
#949 = VERTEX_POINT ( 'NONE', #748 ) ;
#950 = CARTESIAN_POINT ( 'NONE',  ( 4.521440038429579644, 2.791440038429584991, -0.3721234967315339981 ) ) ;
#951 = AXIS2_PLACEMENT_3D ( 'NONE', #1546, #4264, #4816 ) ;
#952 = ORIENTED_EDGE ( 'NONE', *, *, #6214, .F. ) ;
#953 = CARTESIAN_POINT ( 'NONE',  ( -3.245000000000000107, -1.355252715606854196E-17, 0.1999999999999965139 ) ) ;
#954 = PRESENTATION_LAYER_ASSIGNMENT (  '', '', ( #3823 ) ) ;
#955 = CARTESIAN_POINT ( 'NONE',  ( 4.244999999999999218, 0.000000000000000000, 1.500000000000000000 ) ) ;
#956 = COLOUR_RGB ( '',0.7764705882352941346, 0.7568627450980391913, 0.7372549019607843590 ) ;
#957 = ORIENTED_EDGE ( 'NONE', *, *, #6789, .T. ) ;
#958 = VECTOR ( 'NONE', #6534, 1000.000000000000114 ) ;
#959 = VECTOR ( 'NONE', #3801, 1000.000000000000000 ) ;
#960 =( NAMED_UNIT ( * ) SI_UNIT ( $, .STERADIAN. ) SOLID_ANGLE_UNIT ( ) );
#961 = LINE ( 'NONE', #4193, #5367 ) ;
#962 = ORIENTED_EDGE ( 'NONE', *, *, #1069, .T. ) ;
#963 = CARTESIAN_POINT ( 'NONE',  ( 4.244999999999999218, 0.000000000000000000, -3.491456256055070333E-12 ) ) ;
#964 = FILL_AREA_STYLE ('',( #3772 ) ) ;
#965 = EDGE_CURVE ( 'NONE', #2378, #4563, #4597, .T. ) ;
#966 = PRESENTATION_LAYER_ASSIGNMENT (  '', '', ( #4073 ) ) ;
#967 = DIRECTION ( 'NONE',  ( -0.000000000000000000, 1.000000000000000000, 0.000000000000000000 ) ) ;
#968 = ORIENTED_EDGE ( 'NONE', *, *, #1383, .F. ) ;
#969 = DIRECTION ( 'NONE',  ( 1.000000000000000000, 0.000000000000000000, 0.000000000000000000 ) ) ;
#970 = EDGE_CURVE ( 'NONE', #1487, #5240, #4988, .T. ) ;
#971 = UNCERTAINTY_MEASURE_WITH_UNIT (LENGTH_MEASURE( 1.000000000000000082E-05 ), #1008, 'distance_accuracy_value', 'NONE');
#972 = VERTEX_POINT ( 'NONE', #1174 ) ;
#973 = ORIENTED_EDGE ( 'NONE', *, *, #6528, .T. ) ;
#974 = VECTOR ( 'NONE', #3796, 1000.000000000000000 ) ;
#975 =( NAMED_UNIT ( * ) PLANE_ANGLE_UNIT ( ) SI_UNIT ( $, .RADIAN. ) );
#976 = DIRECTION ( 'NONE',  ( 1.000000000000000000, 0.000000000000000000, 0.000000000000000000 ) ) ;
#977 = LINE ( 'NONE', #3213, #1246 ) ;
#978 = CARTESIAN_POINT ( 'NONE',  ( -3.245000000000000107, -4.010002195023269600, 0.1999999999999970135 ) ) ;
#979 = VERTEX_POINT ( 'NONE', #3376 ) ;
#980 = EDGE_CURVE ( 'NONE', #5660, #1485, #2984, .T. ) ;
#981 = DIRECTION ( 'NONE',  ( 0.000000000000000000, 0.000000000000000000, 1.000000000000000000 ) ) ;
#982 = MECHANICAL_DESIGN_GEOMETRIC_PRESENTATION_REPRESENTATION (  '', ( #3172 ), #2262 ) ;
#983 = CARTESIAN_POINT ( 'NONE',  ( 3.245000000000000107, -6.143812310751189163E-16, 1.699999999999999956 ) ) ;
#984 = PLANE ( 'NONE',  #6406 ) ;
#985 = EDGE_CURVE ( 'NONE', #1408, #4527, #96, .T. ) ;
#986 = CARTESIAN_POINT ( 'NONE',  ( 1.834999999999999964, -3.710002195023270222, 0.1999999999965084985 ) ) ;
#987 = FILL_AREA_STYLE_COLOUR ( '', #535 ) ;
#988 = VECTOR ( 'NONE', #6041, 1000.000000000000114 ) ;
#989 = ORIENTED_EDGE ( 'NONE', *, *, #4619, .F. ) ;
#990 = CARTESIAN_POINT ( 'NONE',  ( -3.200000000000000178, -1.500000000000000000, 2.799999999999999822 ) ) ;
#991 = DIRECTION ( 'NONE',  ( 0.000000000000000000, 1.000000000000000000, 0.000000000000000000 ) ) ;
#992 = VECTOR ( 'NONE', #3909, 1000.000000000000114 ) ;
#993 = PRESENTATION_STYLE_ASSIGNMENT (( #451 ) ) ;
#994 = EDGE_CURVE ( 'NONE', #5454, #3966, #2476, .T. ) ;
#995 = VECTOR ( 'NONE', #23, 1000.000000000000000 ) ;
#996 = ORIENTED_EDGE ( 'NONE', *, *, #3324, .F. ) ;
#997 = FILL_AREA_STYLE ('',( #6924 ) ) ;
#998 =( LENGTH_UNIT ( ) NAMED_UNIT ( * ) SI_UNIT ( .MILLI., .METRE. ) );
#999 = FILL_AREA_STYLE_COLOUR ( '', #5816 ) ;
#1000 =( GEOMETRIC_REPRESENTATION_CONTEXT ( 3 ) GLOBAL_UNCERTAINTY_ASSIGNED_CONTEXT ( ( #7054 ) ) GLOBAL_UNIT_ASSIGNED_CONTEXT ( ( #3577, #1965, #4141 ) ) REPRESENTATION_CONTEXT ( 'NONE', 'WORKASPACE' ) );
#1001 = ORIENTED_EDGE ( 'NONE', *, *, #3656, .F. ) ;
#1002 = COLOUR_RGB ( '',0.7764705882352941346, 0.7568627450980391913, 0.7372549019607843590 ) ;
#1003 = DIRECTION ( 'NONE',  ( 0.000000000000000000, 0.000000000000000000, -1.000000000000000000 ) ) ;
#1004 = VERTEX_POINT ( 'NONE', #5951 ) ;
#1005 = AXIS2_PLACEMENT_3D ( 'NONE', #3927, #1084, #545 ) ;
#1006 = ORIENTED_EDGE ( 'NONE', *, *, #6073, .F. ) ;
#1007 = EDGE_CURVE ( 'NONE', #3312, #6156, #5392, .T. ) ;
#1008 =( LENGTH_UNIT ( ) NAMED_UNIT ( * ) SI_UNIT ( .MILLI., .METRE. ) );
#1009 = AXIS2_PLACEMENT_3D ( 'NONE', #4041, #3549, #3016 ) ;
#1010 = SURFACE_STYLE_USAGE ( .BOTH. , #4308 ) ;
#1011 = SURFACE_SIDE_STYLE ('',( #2139 ) ) ;
#1012 = PRESENTATION_LAYER_ASSIGNMENT (  '', '', ( #4334 ) ) ;
#1013 =( NAMED_UNIT ( * ) PLANE_ANGLE_UNIT ( ) SI_UNIT ( $, .RADIAN. ) );
#1014 = DIRECTION ( 'NONE',  ( 1.000000000000000000, 0.000000000000000000, 0.000000000000000000 ) ) ;
#1015 = VERTEX_POINT ( 'NONE', #6562 ) ;
#1016 = LINE ( 'NONE', #3215, #1679 ) ;
#1017 = AXIS2_PLACEMENT_3D ( 'NONE', #6675, #1163, #3282 ) ;
#1018 = DIRECTION ( 'NONE',  ( 1.000000000000000000, 0.000000000000000000, 0.000000000000000000 ) ) ;
#1019 = DIRECTION ( 'NONE',  ( 0.000000000000000000, 0.000000000000000000, 1.000000000000000000 ) ) ;
#1020 = ADVANCED_FACE ( 'NONE', ( #3181 ), #4761, .T. ) ;
#1021 = SURFACE_STYLE_FILL_AREA ( #6493 ) ;
#1022 = CARTESIAN_POINT ( 'NONE',  ( -3.245000000000000107, 3.710002195023270222, 0.1999999999965084985 ) ) ;
#1023 =( GEOMETRIC_REPRESENTATION_CONTEXT ( 3 ) GLOBAL_UNCERTAINTY_ASSIGNED_CONTEXT ( ( #1987 ) ) GLOBAL_UNIT_ASSIGNED_CONTEXT ( ( #4435, #1170, #6643 ) ) REPRESENTATION_CONTEXT ( 'NONE', 'WORKASPACE' ) );
#1024 = CARTESIAN_POINT ( 'NONE',  ( -1.834999999999999964, 3.710002195023270222, 0.1999999999965084985 ) ) ;
#1025 =( NAMED_UNIT ( * ) PLANE_ANGLE_UNIT ( ) SI_UNIT ( $, .RADIAN. ) );
#1026 = FACE_OUTER_BOUND ( 'NONE', #4110, .T. ) ;
#1027 = DIRECTION ( 'NONE',  ( 1.000000000000000000, 0.000000000000000000, 0.000000000000000000 ) ) ;
#1028 = ORIENTED_EDGE ( 'NONE', *, *, #4493, .F. ) ;
#1029 = DIRECTION ( 'NONE',  ( 0.000000000000000000, 1.000000000000000000, 0.000000000000000000 ) ) ;
#1030 = ADVANCED_FACE ( 'NONE', ( #4159 ), #3090, .F. ) ;
#1031 = CARTESIAN_POINT ( 'NONE',  ( 3.245000000000000107, 3.710002195023270222, 1.699999999999999956 ) ) ;
#1032 = VERTEX_POINT ( 'NONE', #6394 ) ;
#1033 = DIRECTION ( 'NONE',  ( 0.000000000000000000, 0.000000000000000000, 1.000000000000000000 ) ) ;
#1034 = DIRECTION ( 'NONE',  ( 0.000000000000000000, 0.000000000000000000, -1.000000000000000000 ) ) ;
#1035 = FACE_OUTER_BOUND ( 'NONE', #648, .T. ) ;
#1036 = ORIENTED_EDGE ( 'NONE', *, *, #1993, .T. ) ;
#1037 = FILL_AREA_STYLE ('',( #5973 ) ) ;
#1038 = UNCERTAINTY_MEASURE_WITH_UNIT (LENGTH_MEASURE( 1.000000000000000082E-05 ), #1724, 'distance_accuracy_value', 'NONE');
#1039 = VERTEX_POINT ( 'NONE', #4634 ) ;
#1040 = ORIENTED_EDGE ( 'NONE', *, *, #628, .T. ) ;
#1041 = CARTESIAN_POINT ( 'NONE',  ( -1.505000000000000115, 4.310002195023275640, -3.491510466163695012E-12 ) ) ;
#1042 = ORIENTED_EDGE ( 'NONE', *, *, #6605, .F. ) ;
#1043 =( LENGTH_UNIT ( ) NAMED_UNIT ( * ) SI_UNIT ( .MILLI., .METRE. ) );
#1044 = MECHANICAL_DESIGN_GEOMETRIC_PRESENTATION_REPRESENTATION (  '', ( #2447 ), #2090 ) ;
#1045 = PLANE ( 'NONE',  #4113 ) ;
#1046 = DIRECTION ( 'NONE',  ( 0.000000000000000000, 0.2079116908177598699, 0.9781476007338054668 ) ) ;
#1047 = DIRECTION ( 'NONE',  ( 0.000000000000000000, 1.000000000000000000, 0.000000000000000000 ) ) ;
#1048 = ADVANCED_FACE ( 'NONE', ( #6434 ), #3989, .F. ) ;
#1049 = COLOUR_RGB ( '',0.7764705882352941346, 0.7568627450980391913, 0.7372549019607843590 ) ;
#1050 = PRESENTATION_STYLE_ASSIGNMENT (( #3787 ) ) ;
#1051 =( LENGTH_UNIT ( ) NAMED_UNIT ( * ) SI_UNIT ( .MILLI., .METRE. ) );
#1052 = FACE_OUTER_BOUND ( 'NONE', #5969, .T. ) ;
#1053 =( NAMED_UNIT ( * ) SI_UNIT ( $, .STERADIAN. ) SOLID_ANGLE_UNIT ( ) );
#1054 = STYLED_ITEM ( 'NONE', ( #3856 ), #3084 ) ;
#1055 =( NAMED_UNIT ( * ) PLANE_ANGLE_UNIT ( ) SI_UNIT ( $, .RADIAN. ) );
#1056 = EDGE_CURVE ( 'NONE', #6333, #4996, #1971, .T. ) ;
#1057 = CARTESIAN_POINT ( 'NONE',  ( -4.244999999999999218, -3.710002195023270222, 0.000000000000000000 ) ) ;
#1058 = EDGE_CURVE ( 'NONE', #2831, #7103, #292, .T. ) ;
#1059 = AXIS2_PLACEMENT_3D ( 'NONE', #4421, #2176, #6631 ) ;
#1060 = DIRECTION ( 'NONE',  ( -1.000000000000000000, 0.000000000000000000, 0.000000000000000000 ) ) ;
#1061 = DIRECTION ( 'NONE',  ( -1.000000000000000000, 0.000000000000000000, 0.000000000000000000 ) ) ;
#1062 = ORIENTED_EDGE ( 'NONE', *, *, #2207, .F. ) ;
#1063 =( GEOMETRIC_REPRESENTATION_CONTEXT ( 3 ) GLOBAL_UNCERTAINTY_ASSIGNED_CONTEXT ( ( #6003 ) ) GLOBAL_UNIT_ASSIGNED_CONTEXT ( ( #3062, #5272, #1955 ) ) REPRESENTATION_CONTEXT ( 'NONE', 'WORKASPACE' ) );
#1064 = EDGE_CURVE ( 'NONE', #171, #7141, #5609, .T. ) ;
#1065 = VECTOR ( 'NONE', #3212, 1000.000000000000000 ) ;
#1066 = VERTEX_POINT ( 'NONE', #6537 ) ;
#1067 = DIRECTION ( 'NONE',  ( -0.000000000000000000, 1.000000000000000000, 0.000000000000000000 ) ) ;
#1068 = DIRECTION ( 'NONE',  ( 0.000000000000000000, -1.000000000000000000, 0.000000000000000000 ) ) ;
#1069 = EDGE_CURVE ( 'NONE', #214, #2590, #2767, .T. ) ;
#1070 = PRESENTATION_STYLE_ASSIGNMENT (( #6109 ) ) ;
#1071 = ORIENTED_EDGE ( 'NONE', *, *, #2167, .T. ) ;
#1072 = CARTESIAN_POINT ( 'NONE',  ( 1.834999999999999964, 0.000000000000000000, 1.500000000000000000 ) ) ;
#1073 = MECHANICAL_DESIGN_GEOMETRIC_PRESENTATION_REPRESENTATION (  '', ( #5216 ), #6251 ) ;
#1074 = UNCERTAINTY_MEASURE_WITH_UNIT (LENGTH_MEASURE( 1.000000000000000082E-05 ), #3465, 'distance_accuracy_value', 'NONE');
#1075 = VECTOR ( 'NONE', #6779, 1000.000000000000000 ) ;
#1076 = SURFACE_SIDE_STYLE ('',( #1737 ) ) ;
#1077 = ORIENTED_EDGE ( 'NONE', *, *, #965, .T. ) ;
#1078 = SURFACE_SIDE_STYLE ('',( #6665 ) ) ;
#1079 = ORIENTED_EDGE ( 'NONE', *, *, #4633, .F. ) ;
#1080 = AXIS2_PLACEMENT_3D ( 'NONE', #3988, #6695, #4312 ) ;
#1081 = SURFACE_STYLE_USAGE ( .BOTH. , #3276 ) ;
#1082 = DIRECTION ( 'NONE',  ( 0.000000000000000000, 0.000000000000000000, 1.000000000000000000 ) ) ;
#1083 = AXIS2_PLACEMENT_3D ( 'NONE', #4674, #1877, #6808 ) ;
#1084 = DIRECTION ( 'NONE',  ( -0.000000000000000000, 1.000000000000000000, 0.000000000000000000 ) ) ;
#1085 = SURFACE_SIDE_STYLE ('',( #4500 ) ) ;
#1086 = ORIENTED_EDGE ( 'NONE', *, *, #4972, .T. ) ;
#1087 = PRESENTATION_STYLE_ASSIGNMENT (( #7113 ) ) ;
#1088 = VECTOR ( 'NONE', #4402, 1000.000000000000000 ) ;
#1089 = SURFACE_STYLE_USAGE ( .BOTH. , #6596 ) ;
#1090 = CARTESIAN_POINT ( 'NONE',  ( 1.505000000000000115, -4.310002195023275640, 0.1999999999999965139 ) ) ;
#1091 = SURFACE_STYLE_USAGE ( .BOTH. , #3716 ) ;
#1092 = AXIS2_PLACEMENT_3D ( 'NONE', #3434, #2473, #118 ) ;
#1093 = LINE ( 'NONE', #471, #4865 ) ;
#1094 = ORIENTED_EDGE ( 'NONE', *, *, #6508, .T. ) ;
#1095 = LINE ( 'NONE', #5469, #4780 ) ;
#1096 = DIRECTION ( 'NONE',  ( -1.000000000000000000, 0.000000000000000000, 0.000000000000000000 ) ) ;
#1097 =( GEOMETRIC_REPRESENTATION_CONTEXT ( 3 ) GLOBAL_UNCERTAINTY_ASSIGNED_CONTEXT ( ( #4518 ) ) GLOBAL_UNIT_ASSIGNED_CONTEXT ( ( #5831, #4208, #366 ) ) REPRESENTATION_CONTEXT ( 'NONE', 'WORKASPACE' ) );
#1098 = DIRECTION ( 'NONE',  ( -0.000000000000000000, 1.000000000000000000, 0.000000000000000000 ) ) ;
#1099 =( NAMED_UNIT ( * ) PLANE_ANGLE_UNIT ( ) SI_UNIT ( $, .RADIAN. ) );
#1100 = DIRECTION ( 'NONE',  ( 1.000000000000000000, 0.000000000000000000, 0.000000000000000000 ) ) ;
#1101 = EDGE_CURVE ( 'NONE', #5197, #5521, #1723, .T. ) ;
#1102 = LINE ( 'NONE', #2154, #2468 ) ;
#1103 =( NAMED_UNIT ( * ) PLANE_ANGLE_UNIT ( ) SI_UNIT ( $, .RADIAN. ) );
#1104 = DIRECTION ( 'NONE',  ( 1.000000000000000000, 0.000000000000000000, 0.000000000000000000 ) ) ;
#1105 = CARTESIAN_POINT ( 'NONE',  ( 4.044999999999999929, -4.310002195023275640, -3.491510466163695012E-12 ) ) ;
#1106 = EDGE_LOOP ( 'NONE', ( #1891, #3766, #5029, #4272 ) ) ;
#1107 = EDGE_CURVE ( 'NONE', #2739, #4640, #6319, .T. ) ;
#1108 = SURFACE_STYLE_USAGE ( .BOTH. , #3838 ) ;
#1109 = PRESENTATION_STYLE_ASSIGNMENT (( #7097 ) ) ;
#1110 =( LENGTH_UNIT ( ) NAMED_UNIT ( * ) SI_UNIT ( .MILLI., .METRE. ) );
#1111 = ORIENTED_EDGE ( 'NONE', *, *, #7046, .T. ) ;
#1112 =( LENGTH_UNIT ( ) NAMED_UNIT ( * ) SI_UNIT ( .MILLI., .METRE. ) );
#1113 =( GEOMETRIC_REPRESENTATION_CONTEXT ( 3 ) GLOBAL_UNCERTAINTY_ASSIGNED_CONTEXT ( ( #1145 ) ) GLOBAL_UNIT_ASSIGNED_CONTEXT ( ( #4476, #3936, #3941 ) ) REPRESENTATION_CONTEXT ( 'NONE', 'WORKASPACE' ) );
#1114 = UNCERTAINTY_MEASURE_WITH_UNIT (LENGTH_MEASURE( 1.000000000000000082E-05 ), #5971, 'distance_accuracy_value', 'NONE');
#1115 = VERTEX_POINT ( 'NONE', #3289 ) ;
#1116 = AXIS2_PLACEMENT_3D ( 'NONE', #3473, #786, #4665 ) ;
#1117 = EDGE_LOOP ( 'NONE', ( #6585, #2258, #4610, #248 ) ) ;
#1118 = EDGE_CURVE ( 'NONE', #3966, #6555, #5507, .T. ) ;
#1119 = ORIENTED_EDGE ( 'NONE', *, *, #4741, .T. ) ;
#1120 = STYLED_ITEM ( 'NONE', ( #6755 ), #6799 ) ;
#1121 = DIRECTION ( 'NONE',  ( 0.000000000000000000, 0.000000000000000000, 1.000000000000000000 ) ) ;
#1122 = VECTOR ( 'NONE', #5961, 1000.000000000000000 ) ;
#1123 = FILL_AREA_STYLE_COLOUR ( '', #6291 ) ;
#1124 = AXIS2_PLACEMENT_3D ( 'NONE', #760, #6816, #3527 ) ;
#1125 = ORIENTED_EDGE ( 'NONE', *, *, #1873, .F. ) ;
#1126 = CARTESIAN_POINT ( 'NONE',  ( 1.505000000000000115, -4.810002195023270311, 0.1999999999999965139 ) ) ;
#1127 = MECHANICAL_DESIGN_GEOMETRIC_PRESENTATION_REPRESENTATION (  '', ( #3309 ), #5140 ) ;
#1128 = DIRECTION ( 'NONE',  ( 1.000000000000000000, 0.000000000000000000, 0.000000000000000000 ) ) ;
#1129 = PRESENTATION_LAYER_ASSIGNMENT (  '', '', ( #1144 ) ) ;
#1130 = AXIS2_PLACEMENT_3D ( 'NONE', #6854, #4097, #6739 ) ;
#1131 = PRESENTATION_STYLE_ASSIGNMENT (( #1746 ) ) ;
#1132 = FILL_AREA_STYLE_COLOUR ( '', #6529 ) ;
#1133 = ORIENTED_EDGE ( 'NONE', *, *, #2654, .F. ) ;
#1134 = COLOUR_RGB ( '',0.7764705882352941346, 0.7568627450980391913, 0.7372549019607843590 ) ;
#1135 = SURFACE_STYLE_USAGE ( .BOTH. , #3367 ) ;
#1136 = FILL_AREA_STYLE ('',( #3333 ) ) ;
#1137 = CARTESIAN_POINT ( 'NONE',  ( 0.8350000000000000755, 3.710002195023270222, 1.399999999999999911 ) ) ;
#1138 = CARTESIAN_POINT ( 'NONE',  ( -1.034999999999999920, -4.810002195023270311, -3.491510466163695012E-12 ) ) ;
#1139 = AXIS2_PLACEMENT_3D ( 'NONE', #7124, #2224, #2190 ) ;
#1140 = DIRECTION ( 'NONE',  ( 0.000000000000000000, 1.000000000000000000, 0.000000000000000000 ) ) ;
#1141 = FACE_OUTER_BOUND ( 'NONE', #1184, .T. ) ;
#1142 = ORIENTED_EDGE ( 'NONE', *, *, #6937, .F. ) ;
#1143 = SURFACE_STYLE_USAGE ( .BOTH. , #2839 ) ;
#1144 = STYLED_ITEM ( 'NONE', ( #2074 ), #1332 ) ;
#1145 = UNCERTAINTY_MEASURE_WITH_UNIT (LENGTH_MEASURE( 1.000000000000000082E-05 ), #4476, 'distance_accuracy_value', 'NONE');
#1146 = CARTESIAN_POINT ( 'NONE',  ( 0.8350000000000000755, -3.710002195023270222, 0.1999999999965084985 ) ) ;
#1147 = EDGE_LOOP ( 'NONE', ( #6781, #4305, #1701, #1583 ) ) ;
#1148 = PRESENTATION_STYLE_ASSIGNMENT (( #20 ) ) ;
#1149 = FACE_OUTER_BOUND ( 'NONE', #5339, .T. ) ;
#1150 = ORIENTED_EDGE ( 'NONE', *, *, #3044, .F. ) ;
#1151 = DIRECTION ( 'NONE',  ( 1.000000000000000000, 0.000000000000000000, 0.000000000000000000 ) ) ;
#1152 = EDGE_CURVE ( 'NONE', #5821, #5727, #4477, .T. ) ;
#1153 = EDGE_CURVE ( 'NONE', #5266, #3493, #2877, .T. ) ;
#1154 = ORIENTED_EDGE ( 'NONE', *, *, #7146, .T. ) ;
#1155 = EDGE_LOOP ( 'NONE', ( #376, #3934, #5065, #6149 ) ) ;
#1156 = DIRECTION ( 'NONE',  ( 1.000000000000000000, 0.000000000000000000, 0.000000000000000000 ) ) ;
#1157 = ORIENTED_EDGE ( 'NONE', *, *, #3615, .T. ) ;
#1158 = CARTESIAN_POINT ( 'NONE',  ( 3.245000000000000107, -3.910002195023270399, 1.500000000000000000 ) ) ;
#1159 = CARTESIAN_POINT ( 'NONE',  ( -1.034999999999999920, 4.810002195023270311, -3.491510466163695012E-12 ) ) ;
#1160 = SURFACE_SIDE_STYLE ('',( #1772 ) ) ;
#1161 = ORIENTED_EDGE ( 'NONE', *, *, #5113, .T. ) ;
#1162 =( NAMED_UNIT ( * ) PLANE_ANGLE_UNIT ( ) SI_UNIT ( $, .RADIAN. ) );
#1163 = DIRECTION ( 'NONE',  ( 0.000000000000000000, -6.776263578034390387E-17, -1.000000000000000000 ) ) ;
#1164 =( LENGTH_UNIT ( ) NAMED_UNIT ( * ) SI_UNIT ( .MILLI., .METRE. ) );
#1165 = LINE ( 'NONE', #1675, #3039 ) ;
#1166 = SURFACE_SIDE_STYLE ('',( #5430 ) ) ;
#1167 = ORIENTED_EDGE ( 'NONE', *, *, #6800, .F. ) ;
#1168 = ADVANCED_FACE ( 'NONE', ( #1612 ), #6027, .F. ) ;
#1169 = SURFACE_SIDE_STYLE ('',( #9 ) ) ;
#1170 =( NAMED_UNIT ( * ) PLANE_ANGLE_UNIT ( ) SI_UNIT ( $, .RADIAN. ) );
#1171 = AXIS2_PLACEMENT_3D ( 'NONE', #6911, #5194, #6874 ) ;
#1172 = CARTESIAN_POINT ( 'NONE',  ( -3.245000000000000107, -4.810002195023270311, 0.000000000000000000 ) ) ;
#1173 = VERTEX_POINT ( 'NONE', #1678 ) ;
#1174 = CARTESIAN_POINT ( 'NONE',  ( -4.643048641745470384, -2.913048641745470402, 0.2000000000000000111 ) ) ;
#1175 = PRESENTATION_LAYER_ASSIGNMENT (  '', '', ( #4267 ) ) ;
#1176 = SURFACE_STYLE_USAGE ( .BOTH. , #1730 ) ;
#1177 = ORIENTED_EDGE ( 'NONE', *, *, #5720, .T. ) ;
#1178 = CARTESIAN_POINT ( 'NONE',  ( -1.834999999999999964, 0.000000000000000000, 1.500000000000000000 ) ) ;
#1179 = CARTESIAN_POINT ( 'NONE',  ( 3.245000000000000107, 3.710002195023270222, 1.399999999999999911 ) ) ;
#1180 = MECHANICAL_DESIGN_GEOMETRIC_PRESENTATION_REPRESENTATION (  '', ( #2104 ), #3813 ) ;
#1181 = ORIENTED_EDGE ( 'NONE', *, *, #1056, .F. ) ;
#1182 = UNCERTAINTY_MEASURE_WITH_UNIT (LENGTH_MEASURE( 1.000000000000000082E-05 ), #6669, 'distance_accuracy_value', 'NONE');
#1183 = COLOUR_RGB ( '',0.7764705882352941346, 0.7568627450980391913, 0.7372549019607843590 ) ;
#1184 = EDGE_LOOP ( 'NONE', ( #499, #3820, #3411, #4375 ) ) ;
#1185 = FACE_OUTER_BOUND ( 'NONE', #6894, .T. ) ;
#1186 = EDGE_LOOP ( 'NONE', ( #5671, #1684, #5190, #1520 ) ) ;
#1187 =( NAMED_UNIT ( * ) PLANE_ANGLE_UNIT ( ) SI_UNIT ( $, .RADIAN. ) );
#1188 = ORIENTED_EDGE ( 'NONE', *, *, #170, .F. ) ;
#1189 =( LENGTH_UNIT ( ) NAMED_UNIT ( * ) SI_UNIT ( .MILLI., .METRE. ) );
#1190 = EDGE_CURVE ( 'NONE', #6040, #5561, #635, .T. ) ;
#1191 = CARTESIAN_POINT ( 'NONE',  ( 1.505000000000000115, -4.310002195023275640, -3.491510466163695012E-12 ) ) ;
#1192 = EDGE_CURVE ( 'NONE', #7141, #3663, #6682, .T. ) ;
#1193 = VECTOR ( 'NONE', #3552, 1000.000000000000000 ) ;
#1194 = VECTOR ( 'NONE', #5495, 1000.000000000000000 ) ;
#1195 = CYLINDRICAL_SURFACE ( 'NONE', #6989, 0.1000000000000000472 ) ;
#1196 = VERTEX_POINT ( 'NONE', #3824 ) ;
#1197 = SURFACE_SIDE_STYLE ('',( #6750 ) ) ;
#1198 = VECTOR ( 'NONE', #1400, 1000.000000000000000 ) ;
#1199 = CIRCLE ( 'NONE', #6358, 0.2000000000000000111 ) ;
#1200 = MECHANICAL_DESIGN_GEOMETRIC_PRESENTATION_REPRESENTATION (  '', ( #4645 ), #1205 ) ;
#1201 = SURFACE_STYLE_FILL_AREA ( #5502 ) ;
#1202 = EDGE_CURVE ( 'NONE', #4656, #5780, #3937, .T. ) ;
#1203 = STYLED_ITEM ( 'NONE', ( #5225 ), #4881 ) ;
#1204 = ORIENTED_EDGE ( 'NONE', *, *, #3788, .T. ) ;
#1205 =( GEOMETRIC_REPRESENTATION_CONTEXT ( 3 ) GLOBAL_UNCERTAINTY_ASSIGNED_CONTEXT ( ( #26 ) ) GLOBAL_UNIT_ASSIGNED_CONTEXT ( ( #5055, #3883, #131 ) ) REPRESENTATION_CONTEXT ( 'NONE', 'WORKASPACE' ) );
#1206 = PRESENTATION_STYLE_ASSIGNMENT (( #1750 ) ) ;
#1207 = CARTESIAN_POINT ( 'NONE',  ( 0.8350000000000000755, 1.355252715606854196E-17, 0.1999999999999965139 ) ) ;
#1208 = SURFACE_STYLE_FILL_AREA ( #5013 ) ;
#1209 = MECHANICAL_DESIGN_GEOMETRIC_PRESENTATION_REPRESENTATION (  '', ( #6730 ), #3054 ) ;
#1210 = SURFACE_SIDE_STYLE ('',( #638 ) ) ;
#1211 = EDGE_CURVE ( 'NONE', #1514, #6045, #565, .T. ) ;
#1212 = CYLINDRICAL_SURFACE ( 'NONE', #1234, 0.09999999999999999167 ) ;
#1213 = SURFACE_STYLE_FILL_AREA ( #3942 ) ;
#1214 = ORIENTED_EDGE ( 'NONE', *, *, #1118, .T. ) ;
#1215 = LINE ( 'NONE', #2771, #6373 ) ;
#1216 = VECTOR ( 'NONE', #919, 1000.000000000000000 ) ;
#1217 = UNCERTAINTY_MEASURE_WITH_UNIT (LENGTH_MEASURE( 1.000000000000000082E-05 ), #6809, 'distance_accuracy_value', 'NONE');
#1218 = DIRECTION ( 'NONE',  ( 1.000000000000000000, 0.000000000000000000, 0.000000000000000000 ) ) ;
#1219 = VERTEX_POINT ( 'NONE', #674 ) ;
#1220 = VECTOR ( 'NONE', #5226, 1000.000000000000000 ) ;
#1221 = DIRECTION ( 'NONE',  ( 0.000000000000000000, 0.000000000000000000, -1.000000000000000000 ) ) ;
#1222 = CARTESIAN_POINT ( 'NONE',  ( -1.034999999999999920, -4.810002195023270311, -3.491510466163695012E-12 ) ) ;
#1223 = LINE ( 'NONE', #2680, #1664 ) ;
#1224 = VERTEX_POINT ( 'NONE', #2875 ) ;
#1225 = FILL_AREA_STYLE_COLOUR ( '', #6287 ) ;
#1226 = ORIENTED_EDGE ( 'NONE', *, *, #2880, .F. ) ;
#1227 = ORIENTED_EDGE ( 'NONE', *, *, #671, .F. ) ;
#1228 = ORIENTED_EDGE ( 'NONE', *, *, #5505, .T. ) ;
#1229 = DIRECTION ( 'NONE',  ( -1.000000000000000000, 0.000000000000000000, 0.000000000000000000 ) ) ;
#1230 = PLANE ( 'NONE',  #4215 ) ;
#1231 = DIRECTION ( 'NONE',  ( 1.000000000000000000, 0.000000000000000000, 0.000000000000000000 ) ) ;
#1232 = ORIENTED_EDGE ( 'NONE', *, *, #5963, .F. ) ;
#1233 = SURFACE_STYLE_USAGE ( .BOTH. , #1272 ) ;
#1234 = AXIS2_PLACEMENT_3D ( 'NONE', #3441, #2373, #5765 ) ;
#1235 =( NAMED_UNIT ( * ) PLANE_ANGLE_UNIT ( ) SI_UNIT ( $, .RADIAN. ) );
#1236 = MECHANICAL_DESIGN_GEOMETRIC_PRESENTATION_REPRESENTATION (  '', ( #2851 ), #1814 ) ;
#1237 = SURFACE_SIDE_STYLE ('',( #153 ) ) ;
#1238 =( NAMED_UNIT ( * ) SI_UNIT ( $, .STERADIAN. ) SOLID_ANGLE_UNIT ( ) );
#1239 = LINE ( 'NONE', #4658, #1442 ) ;
#1240 = MECHANICAL_DESIGN_GEOMETRIC_PRESENTATION_REPRESENTATION (  '', ( #551 ), #4325 ) ;
#1241 = EDGE_CURVE ( 'NONE', #423, #2779, #5044, .T. ) ;
#1242 =( GEOMETRIC_REPRESENTATION_CONTEXT ( 3 ) GLOBAL_UNCERTAINTY_ASSIGNED_CONTEXT ( ( #6826 ) ) GLOBAL_UNIT_ASSIGNED_CONTEXT ( ( #1110, #2201, #6624 ) ) REPRESENTATION_CONTEXT ( 'NONE', 'WORKASPACE' ) );
#1243 = FILL_AREA_STYLE ('',( #6320 ) ) ;
#1244 = ADVANCED_FACE ( 'NONE', ( #4394 ), #5621, .F. ) ;
#1245 = DIRECTION ( 'NONE',  ( 0.000000000000000000, 0.000000000000000000, 1.000000000000000000 ) ) ;
#1246 = VECTOR ( 'NONE', #5866, 1000.000000000000000 ) ;
#1247 =( NAMED_UNIT ( * ) PLANE_ANGLE_UNIT ( ) SI_UNIT ( $, .RADIAN. ) );
#1248 = AXIS2_PLACEMENT_3D ( 'NONE', #7009, #4179, #403 ) ;
#1249 = LINE ( 'NONE', #1787, #3076 ) ;
#1250 = DIRECTION ( 'NONE',  ( -1.000000000000000000, 0.000000000000000000, 0.000000000000000000 ) ) ;
#1251 = PRESENTATION_LAYER_ASSIGNMENT (  '', '', ( #4220 ) ) ;
#1252 = CARTESIAN_POINT ( 'NONE',  ( -4.244999999999999218, 3.710002195023270222, 1.500000000000000000 ) ) ;
#1253 = VERTEX_POINT ( 'NONE', #4510 ) ;
#1254 = DIRECTION ( 'NONE',  ( -1.000000000000000000, 0.000000000000000000, 0.000000000000000000 ) ) ;
#1255 = ADVANCED_FACE ( 'NONE', ( #2945 ), #5077, .F. ) ;
#1256 =( GEOMETRIC_REPRESENTATION_CONTEXT ( 3 ) GLOBAL_UNCERTAINTY_ASSIGNED_CONTEXT ( ( #3699 ) ) GLOBAL_UNIT_ASSIGNED_CONTEXT ( ( #7117, #6565, #4945 ) ) REPRESENTATION_CONTEXT ( 'NONE', 'WORKASPACE' ) );
#1257 = DIRECTION ( 'NONE',  ( 0.000000000000000000, 0.000000000000000000, 1.000000000000000000 ) ) ;
#1258 = PRESENTATION_LAYER_ASSIGNMENT (  '', '', ( #1949 ) ) ;
#1259 = ORIENTED_EDGE ( 'NONE', *, *, #1564, .T. ) ;
#1260 =( NAMED_UNIT ( * ) SI_UNIT ( $, .STERADIAN. ) SOLID_ANGLE_UNIT ( ) );
#1261 = DIRECTION ( 'NONE',  ( 0.000000000000000000, 0.000000000000000000, -1.000000000000000000 ) ) ;
#1262 = ORIENTED_EDGE ( 'NONE', *, *, #5267, .F. ) ;
#1263 = UNCERTAINTY_MEASURE_WITH_UNIT (LENGTH_MEASURE( 1.000000000000000082E-05 ), #998, 'distance_accuracy_value', 'NONE');
#1264 = EDGE_CURVE ( 'NONE', #2562, #729, #1390, .T. ) ;
#1265 = VERTEX_POINT ( 'NONE', #3581 ) ;
#1266 = EDGE_LOOP ( 'NONE', ( #2596, #7107, #4574, #5585 ) ) ;
#1267 = LINE ( 'NONE', #2390, #6588 ) ;
#1268 = DIRECTION ( 'NONE',  ( 0.000000000000000000, 0.000000000000000000, 1.000000000000000000 ) ) ;
#1269 =( NAMED_UNIT ( * ) PLANE_ANGLE_UNIT ( ) SI_UNIT ( $, .RADIAN. ) );
#1270 = SURFACE_STYLE_USAGE ( .BOTH. , #3965 ) ;
#1271 = ORIENTED_EDGE ( 'NONE', *, *, #6925, .T. ) ;
#1272 = SURFACE_SIDE_STYLE ('',( #5688 ) ) ;
#1273 = UNCERTAINTY_MEASURE_WITH_UNIT (LENGTH_MEASURE( 1.000000000000000082E-05 ), #3679, 'distance_accuracy_value', 'NONE');
#1274 =( NAMED_UNIT ( * ) SI_UNIT ( $, .STERADIAN. ) SOLID_ANGLE_UNIT ( ) );
#1275 = SURFACE_STYLE_FILL_AREA ( #6313 ) ;
#1276 = CARTESIAN_POINT ( 'NONE',  ( -3.575000000000000178, 4.310002195023275640, 0.1999999999999965139 ) ) ;
#1277 = FILL_AREA_STYLE ('',( #6795 ) ) ;
#1278 = PRESENTATION_STYLE_ASSIGNMENT (( #2903 ) ) ;
#1279 = SURFACE_STYLE_USAGE ( .BOTH. , #6208 ) ;
#1280 = DIRECTION ( 'NONE',  ( 1.000000000000000000, 0.000000000000000000, 0.000000000000000000 ) ) ;
#1281 = CARTESIAN_POINT ( 'NONE',  ( 0.8350000000000000755, -6.143812310751189163E-16, 1.699999999999999956 ) ) ;
#1282 = DIRECTION ( 'NONE',  ( 0.000000000000000000, -1.000000000000000000, 3.614007241618360111E-16 ) ) ;
#1283 = ADVANCED_FACE ( 'NONE', ( #5761 ), #847, .T. ) ;
#1284 = ORIENTED_EDGE ( 'NONE', *, *, #5192, .F. ) ;
#1285 = SURFACE_STYLE_FILL_AREA ( #6213 ) ;
#1286 = EDGE_CURVE ( 'NONE', #5421, #6113, #344, .T. ) ;
#1287 = DIRECTION ( 'NONE',  ( 1.000000000000000000, 0.000000000000000000, 0.000000000000000000 ) ) ;
#1288 = UNCERTAINTY_MEASURE_WITH_UNIT (LENGTH_MEASURE( 1.000000000000000082E-05 ), #4714, 'distance_accuracy_value', 'NONE');
#1289 = VECTOR ( 'NONE', #4621, 1000.000000000000000 ) ;
#1290 = ORIENTED_EDGE ( 'NONE', *, *, #3788, .F. ) ;
#1291 = PLANE ( 'NONE',  #3608 ) ;
#1292 = CARTESIAN_POINT ( 'NONE',  ( 3.245000000000000107, -1.355252715606854196E-17, 0.1999999999999965139 ) ) ;
#1293 = EDGE_CURVE ( 'NONE', #2831, #6328, #2994, .T. ) ;
#1294 = AXIS2_PLACEMENT_3D ( 'NONE', #6166, #3433, #5617 ) ;
#1295 = ORIENTED_EDGE ( 'NONE', *, *, #2453, .T. ) ;
#1296 = EDGE_LOOP ( 'NONE', ( #3629, #3474, #2093, #5722 ) ) ;
#1297 = PRESENTATION_STYLE_ASSIGNMENT (( #6224 ) ) ;
#1298 = VERTEX_POINT ( 'NONE', #6971 ) ;
#1299 =( GEOMETRIC_REPRESENTATION_CONTEXT ( 3 ) GLOBAL_UNCERTAINTY_ASSIGNED_CONTEXT ( ( #2426 ) ) GLOBAL_UNIT_ASSIGNED_CONTEXT ( ( #6084, #2283, #6668 ) ) REPRESENTATION_CONTEXT ( 'NONE', 'WORKASPACE' ) );
#1300 = FILL_AREA_STYLE_COLOUR ( '', #1744 ) ;
#1301 = ORIENTED_EDGE ( 'NONE', *, *, #5532, .T. ) ;
#1302 = LINE ( 'NONE', #2461, #4386 ) ;
#1303 = EDGE_CURVE ( 'NONE', #5478, #5123, #6451, .T. ) ;
#1304 = FILL_AREA_STYLE_COLOUR ( '', #5716 ) ;
#1305 = LINE ( 'NONE', #6860, #1465 ) ;
#1306 = VERTEX_POINT ( 'NONE', #915 ) ;
#1307 = CARTESIAN_POINT ( 'NONE',  ( -1.834999999999999964, 0.000000000000000000, -3.491456256055070333E-12 ) ) ;
#1308 = CIRCLE ( 'NONE', #4515, 0.1000000000000000472 ) ;
#1309 = COLOUR_RGB ( '',0.7764705882352941346, 0.7568627450980391913, 0.7372549019607843590 ) ;
#1310 = ORIENTED_EDGE ( 'NONE', *, *, #1729, .F. ) ;
#1311 = LINE ( 'NONE', #4615, #4917 ) ;
#1312 = DIRECTION ( 'NONE',  ( 1.000000000000000000, 0.000000000000000000, 0.000000000000000000 ) ) ;
#1313 = PLANE ( 'NONE',  #6382 ) ;
#1314 = ORIENTED_EDGE ( 'NONE', *, *, #1264, .F. ) ;
#1315 = AXIS2_PLACEMENT_3D ( 'NONE', #2366, #2404, #6757 ) ;
#1316 = AXIS2_PLACEMENT_3D ( 'NONE', #3951, #1620, #3382 ) ;
#1317 =( NAMED_UNIT ( * ) PLANE_ANGLE_UNIT ( ) SI_UNIT ( $, .RADIAN. ) );
#1318 = VECTOR ( 'NONE', #3526, 1000.000000000000000 ) ;
#1319 =( NAMED_UNIT ( * ) PLANE_ANGLE_UNIT ( ) SI_UNIT ( $, .RADIAN. ) );
#1320 = CARTESIAN_POINT ( 'NONE',  ( -1.034999999999999920, 4.810002195023270311, 0.1999999999999965139 ) ) ;
#1321 = MECHANICAL_DESIGN_GEOMETRIC_PRESENTATION_REPRESENTATION (  '', ( #1203 ), #4072 ) ;
#1322 = FILL_AREA_STYLE_COLOUR ( '', #378 ) ;
#1323 = AXIS2_PLACEMENT_3D ( 'NONE', #3590, #413, #4770 ) ;
#1324 = VECTOR ( 'NONE', #1577, 1000.000000000000114 ) ;
#1325 = EDGE_CURVE ( 'NONE', #2873, #725, #2608, .T. ) ;
#1326 = ORIENTED_EDGE ( 'NONE', *, *, #2041, .T. ) ;
#1327 = SURFACE_STYLE_FILL_AREA ( #6255 ) ;
#1328 = VECTOR ( 'NONE', #4079, 1000.000000000000114 ) ;
#1329 = SURFACE_SIDE_STYLE ('',( #6737 ) ) ;
#1330 = SURFACE_STYLE_FILL_AREA ( #3487 ) ;
#1331 = VERTEX_POINT ( 'NONE', #5912 ) ;
#1332 = ADVANCED_FACE ( 'NONE', ( #6939 ), #5871, .T. ) ;
#1333 = SURFACE_STYLE_FILL_AREA ( #5242 ) ;
#1334 = FILL_AREA_STYLE ('',( #1847 ) ) ;
#1335 = VERTEX_POINT ( 'NONE', #5358 ) ;
#1336 = VECTOR ( 'NONE', #6561, 1000.000000000000114 ) ;
#1337 = EDGE_CURVE ( 'NONE', #949, #3004, #2648, .T. ) ;
#1338 = SURFACE_SIDE_STYLE ('',( #6264 ) ) ;
#1339 = VERTEX_POINT ( 'NONE', #5834 ) ;
#1340 = CARTESIAN_POINT ( 'NONE',  ( 4.930000000000000604, 3.189372171916499799, 1.500000000000000000 ) ) ;
#1341 = CARTESIAN_POINT ( 'NONE',  ( -3.575000000000000178, -4.810002195023270311, -3.491510466163695012E-12 ) ) ;
#1342 = ORIENTED_EDGE ( 'NONE', *, *, #6974, .T. ) ;
#1343 = UNCERTAINTY_MEASURE_WITH_UNIT (LENGTH_MEASURE( 1.000000000000000082E-05 ), #1671, 'distance_accuracy_value', 'NONE');
#1344 = FILL_AREA_STYLE ('',( #6233 ) ) ;
#1345 = AXIS2_PLACEMENT_3D ( 'NONE', #5090, #6811, #4055 ) ;
#1346 = CARTESIAN_POINT ( 'NONE',  ( -1.834999999999999964, -3.200000000000000178, 1.550000000000000044 ) ) ;
#1347 = ORIENTED_EDGE ( 'NONE', *, *, #5992, .T. ) ;
#1348 = PRESENTATION_STYLE_ASSIGNMENT (( #2402 ) ) ;
#1349 = PRESENTATION_STYLE_ASSIGNMENT (( #6829 ) ) ;
#1350 = SURFACE_STYLE_USAGE ( .BOTH. , #6831 ) ;
#1351 = ORIENTED_EDGE ( 'NONE', *, *, #6925, .F. ) ;
#1352 =( LENGTH_UNIT ( ) NAMED_UNIT ( * ) SI_UNIT ( .MILLI., .METRE. ) );
#1353 = CARTESIAN_POINT ( 'NONE',  ( 4.044999999999999929, -4.310002195023275640, 0.1999999999999965139 ) ) ;
#1354 = VECTOR ( 'NONE', #767, 1000.000000000000000 ) ;
#1355 =( NAMED_UNIT ( * ) SI_UNIT ( $, .STERADIAN. ) SOLID_ANGLE_UNIT ( ) );
#1356 = FILL_AREA_STYLE_COLOUR ( '', #2393 ) ;
#1357 = COLOUR_RGB ( '',0.7764705882352941346, 0.7568627450980391913, 0.7372549019607843590 ) ;
#1358 = CARTESIAN_POINT ( 'NONE',  ( 3.575000000000000178, -4.810002195023270311, -3.491510466163695012E-12 ) ) ;
#1359 = SURFACE_SIDE_STYLE ('',( #6288 ) ) ;
#1360 = MECHANICAL_DESIGN_GEOMETRIC_PRESENTATION_REPRESENTATION (  '', ( #5480 ), #2865 ) ;
#1361 = LINE ( 'NONE', #3517, #2860 ) ;
#1362 = VECTOR ( 'NONE', #3976, 1000.000000000000000 ) ;
#1363 = AXIS2_PLACEMENT_3D ( 'NONE', #1846, #6015, #5641 ) ;
#1364 =( LENGTH_UNIT ( ) NAMED_UNIT ( * ) SI_UNIT ( .MILLI., .METRE. ) );
#1365 = SURFACE_STYLE_FILL_AREA ( #5238 ) ;
#1366 = PRESENTATION_LAYER_ASSIGNMENT (  '', '', ( #1835 ) ) ;
#1367 = DIRECTION ( 'NONE',  ( -1.000000000000000000, 0.000000000000000000, 0.000000000000000000 ) ) ;
#1368 = MECHANICAL_DESIGN_GEOMETRIC_PRESENTATION_REPRESENTATION (  '', ( #2295 ), #2157 ) ;
#1369 = CARTESIAN_POINT ( 'NONE',  ( -3.245000000000000107, -3.110002195023275018, 1.699999999999999956 ) ) ;
#1370 =( NAMED_UNIT ( * ) PLANE_ANGLE_UNIT ( ) SI_UNIT ( $, .RADIAN. ) );
#1371 = VECTOR ( 'NONE', #4821, 1000.000000000000000 ) ;
#1372 = CARTESIAN_POINT ( 'NONE',  ( -1.834999999999999964, 6.143812310751189163E-16, 1.699999999999999956 ) ) ;
#1373 =( LENGTH_UNIT ( ) NAMED_UNIT ( * ) SI_UNIT ( .MILLI., .METRE. ) );
#1374 = ORIENTED_EDGE ( 'NONE', *, *, #3435, .F. ) ;
#1375 = FILL_AREA_STYLE_COLOUR ( '', #5889 ) ;
#1376 = LINE ( 'NONE', #4236, #2932 ) ;
#1377 = VECTOR ( 'NONE', #1100, 1000.000000000000000 ) ;
#1378 = EDGE_CURVE ( 'NONE', #1306, #581, #2101, .T. ) ;
#1379 = DIRECTION ( 'NONE',  ( 0.000000000000000000, -1.000000000000000000, 6.776263578034390387E-17 ) ) ;
#1380 = ORIENTED_EDGE ( 'NONE', *, *, #5398, .T. ) ;
#1381 = DIRECTION ( 'NONE',  ( 0.000000000000000000, 0.000000000000000000, 1.000000000000000000 ) ) ;
#1382 = ADVANCED_FACE ( 'NONE', ( #1565 ), #3751, .F. ) ;
#1383 = EDGE_CURVE ( 'NONE', #1032, #596, #4905, .T. ) ;
#1384 = ORIENTED_EDGE ( 'NONE', *, *, #2870, .F. ) ;
#1385 = LINE ( 'NONE', #6753, #5962 ) ;
#1386 = SURFACE_STYLE_USAGE ( .BOTH. , #190 ) ;
#1387 = PRESENTATION_STYLE_ASSIGNMENT (( #3012 ) ) ;
#1388 = LINE ( 'NONE', #4692, #4760 ) ;
#1389 =( NAMED_UNIT ( * ) PLANE_ANGLE_UNIT ( ) SI_UNIT ( $, .RADIAN. ) );
#1390 = LINE ( 'NONE', #5157, #222 ) ;
#1391 = FILL_AREA_STYLE_COLOUR ( '', #2407 ) ;
#1392 = EDGE_CURVE ( 'NONE', #2886, #6260, #2144, .T. ) ;
#1393 = FACE_OUTER_BOUND ( 'NONE', #123, .T. ) ;
#1394 = MANIFOLD_SOLID_BREP ( 'NONE', #1806 ) ;
#1395 = MECHANICAL_DESIGN_GEOMETRIC_PRESENTATION_REPRESENTATION (  '', ( #3926 ), #8 ) ;
#1396 = FACE_OUTER_BOUND ( 'NONE', #3689, .T. ) ;
#1397 = LINE ( 'NONE', #5774, #5431 ) ;
#1398 = VERTEX_POINT ( 'NONE', #3281 ) ;
#1399 = MECHANICAL_DESIGN_GEOMETRIC_PRESENTATION_REPRESENTATION (  '', ( #2095 ), #6690 ) ;
#1400 = DIRECTION ( 'NONE',  ( 0.000000000000000000, 0.000000000000000000, 1.000000000000000000 ) ) ;
#1401 = FILL_AREA_STYLE_COLOUR ( '', #6771 ) ;
#1402 = LINE ( 'NONE', #1981, #4727 ) ;
#1403 = ORIENTED_EDGE ( 'NONE', *, *, #1337, .T. ) ;
#1404 = FACE_OUTER_BOUND ( 'NONE', #6193, .T. ) ;
#1405 = PRESENTATION_LAYER_ASSIGNMENT (  '', '', ( #1757 ) ) ;
#1406 = MANIFOLD_SOLID_BREP ( 'NONE', #3530 ) ;
#1407 = PLANE ( 'NONE',  #204 ) ;
#1408 = VERTEX_POINT ( 'NONE', #3358 ) ;
#1409 = CARTESIAN_POINT ( 'NONE',  ( 1.034999999999999920, -4.310002195023275640, 0.1999999999999965139 ) ) ;
#1410 = UNCERTAINTY_MEASURE_WITH_UNIT (LENGTH_MEASURE( 1.000000000000000082E-05 ), #3797, 'distance_accuracy_value', 'NONE');
#1411 = COLOUR_RGB ( '',0.7764705882352941346, 0.7568627450980391913, 0.7372549019607843590 ) ;
#1412 = VERTEX_POINT ( 'NONE', #3326 ) ;
#1413 = EDGE_CURVE ( 'NONE', #6996, #426, #2721, .T. ) ;
#1414 = DIRECTION ( 'NONE',  ( 0.000000000000000000, -1.000000000000000000, 3.614007241618355180E-16 ) ) ;
#1415 = ORIENTED_EDGE ( 'NONE', *, *, #813, .T. ) ;
#1416 = EDGE_CURVE ( 'NONE', #5374, #6671, #4025, .T. ) ;
#1417 = DIRECTION ( 'NONE',  ( 0.000000000000000000, -1.000000000000000000, 0.000000000000000000 ) ) ;
#1418 = FILL_AREA_STYLE ('',( #2605 ) ) ;
#1419 = PRESENTATION_LAYER_ASSIGNMENT (  '', '', ( #149 ) ) ;
#1420 = VECTOR ( 'NONE', #1250, 1000.000000000000000 ) ;
#1421 = VECTOR ( 'NONE', #4369, 1000.000000000000000 ) ;
#1422 = CARTESIAN_POINT ( 'NONE',  ( -3.245000000000000107, -3.910002195023270399, 0.1999999999965084985 ) ) ;
#1423 = EDGE_CURVE ( 'NONE', #1196, #5172, #1437, .T. ) ;
#1424 = LINE ( 'NONE', #880, #1289 ) ;
#1425 = ADVANCED_FACE ( 'NONE', ( #6360 ), #3594, .F. ) ;
#1426 =( NAMED_UNIT ( * ) SI_UNIT ( $, .STERADIAN. ) SOLID_ANGLE_UNIT ( ) );
#1427 = DIRECTION ( 'NONE',  ( 0.000000000000000000, 0.000000000000000000, -1.000000000000000000 ) ) ;
#1428 = CARTESIAN_POINT ( 'NONE',  ( 1.034999999999999920, 4.810002195023270311, -3.491510466163695012E-12 ) ) ;
#1429 = VECTOR ( 'NONE', #3350, 1000.000000000000000 ) ;
#1430 =( NAMED_UNIT ( * ) PLANE_ANGLE_UNIT ( ) SI_UNIT ( $, .RADIAN. ) );
#1431 =( GEOMETRIC_REPRESENTATION_CONTEXT ( 3 ) GLOBAL_UNCERTAINTY_ASSIGNED_CONTEXT ( ( #1182 ) ) GLOBAL_UNIT_ASSIGNED_CONTEXT ( ( #6669, #6705, #3320 ) ) REPRESENTATION_CONTEXT ( 'NONE', 'WORKASPACE' ) );
#1432 = FACE_OUTER_BOUND ( 'NONE', #223, .T. ) ;
#1433 = CARTESIAN_POINT ( 'NONE',  ( 1.834999999999999964, -3.910002195023270399, 1.500000000000000000 ) ) ;
#1434 = ORIENTED_EDGE ( 'NONE', *, *, #5762, .F. ) ;
#1435 = MECHANICAL_DESIGN_GEOMETRIC_PRESENTATION_REPRESENTATION (  '', ( #866 ), #394 ) ;
#1436 = FILL_AREA_STYLE ('',( #2496 ) ) ;
#1437 = LINE ( 'NONE', #831, #1198 ) ;
#1438 = VECTOR ( 'NONE', #5051, 1000.000000000000000 ) ;
#1439 =( NAMED_UNIT ( * ) SI_UNIT ( $, .STERADIAN. ) SOLID_ANGLE_UNIT ( ) );
#1440 = LINE ( 'NONE', #6573, #3585 ) ;
#1441 = ORIENTED_EDGE ( 'NONE', *, *, #3524, .F. ) ;
#1442 = VECTOR ( 'NONE', #6796, 1000.000000000000000 ) ;
#1443 = CARTESIAN_POINT ( 'NONE',  ( -4.244999999999999218, 4.010002195023269600, 0.1999999999999970135 ) ) ;
#1444 = FACE_OUTER_BOUND ( 'NONE', #1266, .T. ) ;
#1445 = ORIENTED_EDGE ( 'NONE', *, *, #4707, .T. ) ;
#1446 = DIRECTION ( 'NONE',  ( 0.000000000000000000, 1.000000000000000000, 0.000000000000000000 ) ) ;
#1447 = ORIENTED_EDGE ( 'NONE', *, *, #128, .T. ) ;
#1448 = ORIENTED_EDGE ( 'NONE', *, *, #3589, .F. ) ;
#1449 = FACE_OUTER_BOUND ( 'NONE', #1870, .T. ) ;
#1450 =( LENGTH_UNIT ( ) NAMED_UNIT ( * ) SI_UNIT ( .MILLI., .METRE. ) );
#1451 = CARTESIAN_POINT ( 'NONE',  ( -1.505000000000000115, 4.810002195023270311, -3.491510466163695012E-12 ) ) ;
#1452 = CARTESIAN_POINT ( 'NONE',  ( 4.244999999999999218, 4.010002195023269600, 0.2999999999999999889 ) ) ;
#1453 = EDGE_CURVE ( 'NONE', #908, #602, #4058, .T. ) ;
#1454 = AXIS2_PLACEMENT_3D ( 'NONE', #3861, #4913, #1722 ) ;
#1455 = PLANE ( 'NONE',  #1017 ) ;
#1456 = CARTESIAN_POINT ( 'NONE',  ( -4.044999999999999929, -4.810002195023270311, -3.491510466163695012E-12 ) ) ;
#1457 =( GEOMETRIC_REPRESENTATION_CONTEXT ( 3 ) GLOBAL_UNCERTAINTY_ASSIGNED_CONTEXT ( ( #2936 ) ) GLOBAL_UNIT_ASSIGNED_CONTEXT ( ( #4362, #3290, #6064 ) ) REPRESENTATION_CONTEXT ( 'NONE', 'WORKASPACE' ) );
#1458 = PRESENTATION_STYLE_ASSIGNMENT (( #2982 ) ) ;
#1459 = SURFACE_STYLE_USAGE ( .BOTH. , #2652 ) ;
#1460 = CARTESIAN_POINT ( 'NONE',  ( 1.834999999999999964, 3.710002195023270222, 0.1999999999965084985 ) ) ;
#1461 = STYLED_ITEM ( 'NONE', ( #3720 ), #6296 ) ;
#1462 = EDGE_CURVE ( 'NONE', #602, #1989, #4284, .T. ) ;
#1463 = EDGE_CURVE ( 'NONE', #596, #1553, #894, .T. ) ;
#1464 = EDGE_CURVE ( 'NONE', #462, #4996, #2428, .T. ) ;
#1465 = VECTOR ( 'NONE', #4101, 1000.000000000000000 ) ;
#1466 = VERTEX_POINT ( 'NONE', #6261 ) ;
#1467 = CARTESIAN_POINT ( 'NONE',  ( 3.245000000000000107, 3.910002195023270399, 0.1999999999965084985 ) ) ;
#1468 = DIRECTION ( 'NONE',  ( 1.000000000000000000, 0.000000000000000000, 0.000000000000000000 ) ) ;
#1469 = STYLED_ITEM ( 'NONE', ( #5630 ), #539 ) ;
#1470 = ORIENTED_EDGE ( 'NONE', *, *, #2326, .F. ) ;
#1471 = AXIS2_PLACEMENT_3D ( 'NONE', #5109, #2438, #191 ) ;
#1472 = CARTESIAN_POINT ( 'NONE',  ( -1.505000000000000115, -4.810002195023270311, -3.491510466163695012E-12 ) ) ;
#1473 = VECTOR ( 'NONE', #4248, 1000.000000000000000 ) ;
#1474 = COLOUR_RGB ( '',0.7764705882352941346, 0.7568627450980391913, 0.7372549019607843590 ) ;
#1475 = DIRECTION ( 'NONE',  ( 0.000000000000000000, 0.000000000000000000, 1.000000000000000000 ) ) ;
#1476 = AXIS2_PLACEMENT_3D ( 'NONE', #926, #6331, #1477 ) ;
#1477 = DIRECTION ( 'NONE',  ( -1.000000000000000000, 0.000000000000000000, 0.000000000000000000 ) ) ;
#1478 = DIRECTION ( 'NONE',  ( 0.000000000000000000, -1.000000000000000000, 0.000000000000000000 ) ) ;
#1479 = ORIENTED_EDGE ( 'NONE', *, *, #4048, .T. ) ;
#1480 = STYLED_ITEM ( 'NONE', ( #145 ), #7024 ) ;
#1481 = LINE ( 'NONE', #386, #3375 ) ;
#1482 = ORIENTED_EDGE ( 'NONE', *, *, #4944, .T. ) ;
#1483 = EDGE_CURVE ( 'NONE', #5861, #6667, #5212, .T. ) ;
#1484 = FILL_AREA_STYLE ('',( #5893 ) ) ;
#1485 = VERTEX_POINT ( 'NONE', #5678 ) ;
#1486 = UNCERTAINTY_MEASURE_WITH_UNIT (LENGTH_MEASURE( 1.000000000000000082E-05 ), #5337, 'distance_accuracy_value', 'NONE');
#1487 = VERTEX_POINT ( 'NONE', #4708 ) ;
#1488 = DIRECTION ( 'NONE',  ( 0.000000000000000000, 0.000000000000000000, 1.000000000000000000 ) ) ;
#1489 = COLOUR_RGB ( '',0.7764705882352941346, 0.7568627450980391913, 0.7372549019607843590 ) ;
#1490 = ORIENTED_EDGE ( 'NONE', *, *, #3132, .F. ) ;
#1491 = PRESENTATION_STYLE_ASSIGNMENT (( #1010 ) ) ;
#1492 = CARTESIAN_POINT ( 'NONE',  ( 4.244999999999999218, 6.143812310751189163E-16, 1.699999999999999956 ) ) ;
#1493 = DIRECTION ( 'NONE',  ( 0.000000000000000000, -0.2079116908177598699, 0.9781476007338054668 ) ) ;
#1494 = DIRECTION ( 'NONE',  ( 1.000000000000000000, 0.000000000000000000, 0.000000000000000000 ) ) ;
#1495 = AXIS2_PLACEMENT_3D ( 'NONE', #3143, #5322, #878 ) ;
#1496 = SURFACE_STYLE_USAGE ( .BOTH. , #4210 ) ;
#1497 = FILL_AREA_STYLE ('',( #3614 ) ) ;
#1498 = PRESENTATION_STYLE_ASSIGNMENT (( #2145 ) ) ;
#1499 = FILL_AREA_STYLE_COLOUR ( '', #4849 ) ;
#1500 = CYLINDRICAL_SURFACE ( 'NONE', #6011, 0.2000000000000000944 ) ;
#1501 = EDGE_LOOP ( 'NONE', ( #1839, #6993, #2452, #4173 ) ) ;
#1502 = DIRECTION ( 'NONE',  ( -1.000000000000000000, 0.000000000000000000, 0.000000000000000000 ) ) ;
#1503 = VERTEX_POINT ( 'NONE', #1951 ) ;
#1504 = FILL_AREA_STYLE ('',( #3723 ) ) ;
#1505 = EDGE_CURVE ( 'NONE', #1555, #6040, #3563, .T. ) ;
#1506 = ADVANCED_FACE ( 'NONE', ( #6920 ), #2997, .T. ) ;
#1507 = LINE ( 'NONE', #3117, #4277 ) ;
#1508 = DIRECTION ( 'NONE',  ( 0.000000000000000000, 0.000000000000000000, 1.000000000000000000 ) ) ;
#1509 = CARTESIAN_POINT ( 'NONE',  ( -4.244999999999999218, 4.310002195023275640, 0.1999999999999965139 ) ) ;
#1510 = VERTEX_POINT ( 'NONE', #5409 ) ;
#1511 = SURFACE_SIDE_STYLE ('',( #3658 ) ) ;
#1512 = DIRECTION ( 'NONE',  ( 1.000000000000000000, 0.000000000000000000, 0.000000000000000000 ) ) ;
#1513 = PRESENTATION_STYLE_ASSIGNMENT (( #2086 ) ) ;
#1514 = VERTEX_POINT ( 'NONE', #526 ) ;
#1515 = EDGE_CURVE ( 'NONE', #1253, #3129, #6988, .T. ) ;
#1516 = PLANE ( 'NONE',  #3153 ) ;
#1517 = APPLICATION_CONTEXT ( 'automotive_design' ) ;
#1518 = VECTOR ( 'NONE', #3424, 1000.000000000000000 ) ;
#1519 = CARTESIAN_POINT ( 'NONE',  ( 1.505000000000000115, -4.310002195023275640, -3.491510466163695012E-12 ) ) ;
#1520 = ORIENTED_EDGE ( 'NONE', *, *, #5708, .T. ) ;
#1521 = PRESENTATION_STYLE_ASSIGNMENT (( #1960 ) ) ;
#1522 = VERTEX_POINT ( 'NONE', #3768 ) ;
#1523 = DIRECTION ( 'NONE',  ( 0.000000000000000000, 0.000000000000000000, 1.000000000000000000 ) ) ;
#1524 = EDGE_LOOP ( 'NONE', ( #4509, #2838, #4298, #5275 ) ) ;
#1525 = ADVANCED_FACE ( 'NONE', ( #5927 ), #6435, .F. ) ;
#1526 = PRESENTATION_LAYER_ASSIGNMENT (  '', '', ( #5753 ) ) ;
#1527 =( LENGTH_UNIT ( ) NAMED_UNIT ( * ) SI_UNIT ( .MILLI., .METRE. ) );
#1528 = CARTESIAN_POINT ( 'NONE',  ( -4.044999999999999929, 4.310002195023275640, -3.491510466163695012E-12 ) ) ;
#1529 = ORIENTED_EDGE ( 'NONE', *, *, #235, .T. ) ;
#1530 = DIRECTION ( 'NONE',  ( -1.000000000000000000, 0.000000000000000000, 0.000000000000000000 ) ) ;
#1531 = CARTESIAN_POINT ( 'NONE',  ( -1.834999999999999964, -6.143812310751189163E-16, 1.699999999999999956 ) ) ;
#1532 = LINE ( 'NONE', #4831, #6232 ) ;
#1533 = FILL_AREA_STYLE ('',( #4249 ) ) ;
#1534 = LINE ( 'NONE', #3584, #3603 ) ;
#1535 = DIRECTION ( 'NONE',  ( 0.000000000000000000, 0.000000000000000000, 1.000000000000000000 ) ) ;
#1536 = DIRECTION ( 'NONE',  ( 0.000000000000000000, 0.000000000000000000, -1.000000000000000000 ) ) ;
#1537 =( GEOMETRIC_REPRESENTATION_CONTEXT ( 3 ) GLOBAL_UNCERTAINTY_ASSIGNED_CONTEXT ( ( #5638 ) ) GLOBAL_UNIT_ASSIGNED_CONTEXT ( ( #447, #5372, #889 ) ) REPRESENTATION_CONTEXT ( 'NONE', 'WORKASPACE' ) );
#1538 = MECHANICAL_DESIGN_GEOMETRIC_PRESENTATION_REPRESENTATION (  '', ( #1890 ), #5203 ) ;
#1539 = ORIENTED_EDGE ( 'NONE', *, *, #2524, .F. ) ;
#1540 =( GEOMETRIC_REPRESENTATION_CONTEXT ( 3 ) GLOBAL_UNCERTAINTY_ASSIGNED_CONTEXT ( ( #2276 ) ) GLOBAL_UNIT_ASSIGNED_CONTEXT ( ( #6349, #4183, #4801 ) ) REPRESENTATION_CONTEXT ( 'NONE', 'WORKASPACE' ) );
#1541 =( GEOMETRIC_REPRESENTATION_CONTEXT ( 3 ) GLOBAL_UNCERTAINTY_ASSIGNED_CONTEXT ( ( #693 ) ) GLOBAL_UNIT_ASSIGNED_CONTEXT ( ( #3520, #5705, #2990 ) ) REPRESENTATION_CONTEXT ( 'NONE', 'WORKASPACE' ) );
#1542 = PRESENTATION_STYLE_ASSIGNMENT (( #2010 ) ) ;
#1543 =( GEOMETRIC_REPRESENTATION_CONTEXT ( 3 ) GLOBAL_UNCERTAINTY_ASSIGNED_CONTEXT ( ( #6587 ) ) GLOBAL_UNIT_ASSIGNED_CONTEXT ( ( #5178, #5783, #2391 ) ) REPRESENTATION_CONTEXT ( 'NONE', 'WORKASPACE' ) );
#1544 =( NAMED_UNIT ( * ) PLANE_ANGLE_UNIT ( ) SI_UNIT ( $, .RADIAN. ) );
#1545 = EDGE_LOOP ( 'NONE', ( #5001, #1677, #4186, #865 ) ) ;
#1546 = CARTESIAN_POINT ( 'NONE',  ( -3.245000000000000107, 3.910002195023270399, 0.1999999999965084985 ) ) ;
#1547 = SURFACE_STYLE_FILL_AREA ( #5931 ) ;
#1548 = MECHANICAL_DESIGN_GEOMETRIC_PRESENTATION_REPRESENTATION (  '', ( #4052 ), #4762 ) ;
#1549 = ORIENTED_EDGE ( 'NONE', *, *, #1743, .F. ) ;
#1550 = UNCERTAINTY_MEASURE_WITH_UNIT (LENGTH_MEASURE( 1.000000000000000082E-05 ), #6082, 'distance_accuracy_value', 'NONE');
#1551 = EDGE_CURVE ( 'NONE', #6111, #1004, #3692, .T. ) ;
#1552 = ADVANCED_FACE ( 'NONE', ( #6505 ), #1618, .F. ) ;
#1553 = VERTEX_POINT ( 'NONE', #3660 ) ;
#1554 = LINE ( 'NONE', #2638, #1371 ) ;
#1555 = VERTEX_POINT ( 'NONE', #644 ) ;
#1556 = PRESENTATION_LAYER_ASSIGNMENT (  '', '', ( #6730 ) ) ;
#1557 = FACE_OUTER_BOUND ( 'NONE', #5767, .T. ) ;
#1558 = LINE ( 'NONE', #1492, #2696 ) ;
#1559 = CARTESIAN_POINT ( 'NONE',  ( 1.834999999999999964, -3.189372171916499799, 1.500000000000000000 ) ) ;
#1560 = FACE_OUTER_BOUND ( 'NONE', #4922, .T. ) ;
#1561 = ORIENTED_EDGE ( 'NONE', *, *, #3962, .T. ) ;
#1562 = FILL_AREA_STYLE ('',( #5759 ) ) ;
#1563 = AXIS2_PLACEMENT_3D ( 'NONE', #5739, #823, #2375 ) ;
#1564 = EDGE_CURVE ( 'NONE', #2922, #3844, #1689, .T. ) ;
#1565 = FACE_OUTER_BOUND ( 'NONE', #3836, .T. ) ;
#1566 = DIRECTION ( 'NONE',  ( 0.000000000000000000, -1.000000000000000000, 0.000000000000000000 ) ) ;
#1567 = CARTESIAN_POINT ( 'NONE',  ( -4.930000000000000604, -3.200000000000000178, 1.550000000000000044 ) ) ;
#1568 =( LENGTH_UNIT ( ) NAMED_UNIT ( * ) SI_UNIT ( .MILLI., .METRE. ) );
#1569 = CARTESIAN_POINT ( 'NONE',  ( -0.8350000000000000755, 0.000000000000000000, -3.491456256055070333E-12 ) ) ;
#1570 = EDGE_CURVE ( 'NONE', #5095, #6001, #5673, .T. ) ;
#1571 = STYLED_ITEM ( 'NONE', ( #1521 ), #6165 ) ;
#1572 = FILL_AREA_STYLE_COLOUR ( '', #5347 ) ;
#1573 = DIRECTION ( 'NONE',  ( 1.000000000000000000, 0.000000000000000000, 0.000000000000000000 ) ) ;
#1574 = VECTOR ( 'NONE', #5201, 1000.000000000000000 ) ;
#1575 = DIRECTION ( 'NONE',  ( 0.000000000000000000, 0.000000000000000000, 1.000000000000000000 ) ) ;
#1576 = ORIENTED_EDGE ( 'NONE', *, *, #5019, .T. ) ;
#1577 = DIRECTION ( 'NONE',  ( 0.000000000000000000, -0.2079116908177598699, -0.9781476007338054668 ) ) ;
#1578 = STYLED_ITEM ( 'NONE', ( #1109 ), #93 ) ;
#1579 = CARTESIAN_POINT ( 'NONE',  ( 3.245000000000000107, 0.000000000000000000, -3.491456256055070333E-12 ) ) ;
#1580 = VECTOR ( 'NONE', #821, 1000.000000000000000 ) ;
#1581 = SURFACE_STYLE_FILL_AREA ( #3122 ) ;
#1582 = COLOUR_RGB ( '',0.7764705882352941346, 0.7568627450980391913, 0.7372549019607843590 ) ;
#1583 = ORIENTED_EDGE ( 'NONE', *, *, #5945, .T. ) ;
#1584 = SURFACE_STYLE_FILL_AREA ( #6105 ) ;
#1585 = FACE_OUTER_BOUND ( 'NONE', #5692, .T. ) ;
#1586 = VECTOR ( 'NONE', #4946, 1000.000000000000000 ) ;
#1587 = ORIENTED_EDGE ( 'NONE', *, *, #1729, .T. ) ;
#1588 = FACE_OUTER_BOUND ( 'NONE', #2434, .T. ) ;
#1589 = VECTOR ( 'NONE', #465, 1000.000000000000000 ) ;
#1590 = EDGE_LOOP ( 'NONE', ( #6201, #4468, #3051, #4390 ) ) ;
#1591 = PRESENTATION_STYLE_ASSIGNMENT (( #3893 ) ) ;
#1592 = ORIENTED_EDGE ( 'NONE', *, *, #4131, .F. ) ;
#1593 = VECTOR ( 'NONE', #234, 1000.000000000000000 ) ;
#1594 = CARTESIAN_POINT ( 'NONE',  ( 3.575000000000000178, -4.810002195023270311, -3.491510466163695012E-12 ) ) ;
#1595 = EDGE_CURVE ( 'NONE', #3480, #2297, #625, .T. ) ;
#1596 = STYLED_ITEM ( 'NONE', ( #1297 ), #618 ) ;
#1597 = SURFACE_STYLE_USAGE ( .BOTH. , #4276 ) ;
#1598 = EDGE_CURVE ( 'NONE', #7028, #2963, #2772, .T. ) ;
#1599 =( LENGTH_UNIT ( ) NAMED_UNIT ( * ) SI_UNIT ( .MILLI., .METRE. ) );
#1600 = VERTEX_POINT ( 'NONE', #6731 ) ;
#1601 = CARTESIAN_POINT ( 'NONE',  ( 3.245000000000000107, 4.010002195023269600, 0.1999999999999970135 ) ) ;
#1602 = DIRECTION ( 'NONE',  ( 1.000000000000000000, 0.000000000000000000, 0.000000000000000000 ) ) ;
#1603 = SURFACE_SIDE_STYLE ('',( #176 ) ) ;
#1604 = LINE ( 'NONE', #5461, #94 ) ;
#1605 = SURFACE_SIDE_STYLE ('',( #6531 ) ) ;
#1606 = CARTESIAN_POINT ( 'NONE',  ( -1.834999999999999964, 3.710002195023270222, 0.1999999999965084985 ) ) ;
#1607 = EDGE_CURVE ( 'NONE', #6671, #2702, #6037, .T. ) ;
#1608 = CARTESIAN_POINT ( 'NONE',  ( 4.044999999999999929, 4.310002195023275640, -3.491510466163695012E-12 ) ) ;
#1609 = AXIS2_PLACEMENT_3D ( 'NONE', #6578, #571, #4409 ) ;
#1610 = SURFACE_STYLE_USAGE ( .BOTH. , #3933 ) ;
#1611 = SURFACE_SIDE_STYLE ('',( #3188 ) ) ;
#1612 = FACE_OUTER_BOUND ( 'NONE', #1545, .T. ) ;
#1613 = SURFACE_STYLE_FILL_AREA ( #2153 ) ;
#1614 = EDGE_CURVE ( 'NONE', #3236, #3129, #4407, .T. ) ;
#1615 = LINE ( 'NONE', #6542, #4861 ) ;
#1616 =( NAMED_UNIT ( * ) SI_UNIT ( $, .STERADIAN. ) SOLID_ANGLE_UNIT ( ) );
#1617 = DIRECTION ( 'NONE',  ( 1.000000000000000000, 0.000000000000000000, 0.000000000000000000 ) ) ;
#1618 = PLANE ( 'NONE',  #5909 ) ;
#1619 = ORIENTED_EDGE ( 'NONE', *, *, #4795, .T. ) ;
#1620 = DIRECTION ( 'NONE',  ( -1.000000000000000000, 0.000000000000000000, 0.000000000000000000 ) ) ;
#1621 = PLANE ( 'NONE',  #1116 ) ;
#1622 =( NAMED_UNIT ( * ) SI_UNIT ( $, .STERADIAN. ) SOLID_ANGLE_UNIT ( ) );
#1623 = ORIENTED_EDGE ( 'NONE', *, *, #2575, .F. ) ;
#1624 = PRESENTATION_STYLE_ASSIGNMENT (( #6553 ) ) ;
#1625 = UNCERTAINTY_MEASURE_WITH_UNIT (LENGTH_MEASURE( 1.000000000000000082E-05 ), #6010, 'distance_accuracy_value', 'NONE');
#1626 = EDGE_LOOP ( 'NONE', ( #7143, #2274, #3065, #2974 ) ) ;
#1627 = ORIENTED_EDGE ( 'NONE', *, *, #3357, .T. ) ;
#1628 =( NAMED_UNIT ( * ) SI_UNIT ( $, .STERADIAN. ) SOLID_ANGLE_UNIT ( ) );
#1629 = ORIENTED_EDGE ( 'NONE', *, *, #6395, .F. ) ;
#1630 = CARTESIAN_POINT ( 'NONE',  ( -3.245000000000000107, 3.710002195023270222, 0.1999999999965084985 ) ) ;
#1631 = CARTESIAN_POINT ( 'NONE',  ( 4.244999999999999218, 4.010002195023269600, 0.1999999999999970135 ) ) ;
#1632 = PRESENTATION_LAYER_ASSIGNMENT (  '', '', ( #2447 ) ) ;
#1633 = CARTESIAN_POINT ( 'NONE',  ( 0.8350000000000000755, 3.710002195023270222, 1.500000000000000000 ) ) ;
#1634 = FACE_OUTER_BOUND ( 'NONE', #5591, .T. ) ;
#1635 =( GEOMETRIC_REPRESENTATION_CONTEXT ( 3 ) GLOBAL_UNCERTAINTY_ASSIGNED_CONTEXT ( ( #1857 ) ) GLOBAL_UNIT_ASSIGNED_CONTEXT ( ( #6723, #1247, #158 ) ) REPRESENTATION_CONTEXT ( 'NONE', 'WORKASPACE' ) );
#1636 = FILL_AREA_STYLE_COLOUR ( '', #7016 ) ;
#1637 = ADVANCED_FACE ( 'NONE', ( #5516 ), #2232, .T. ) ;
#1638 = DIRECTION ( 'NONE',  ( 0.000000000000000000, -1.000000000000000000, 0.000000000000000000 ) ) ;
#1639 = CARTESIAN_POINT ( 'NONE',  ( -4.244999999999999218, -4.010002195023269600, 0.2999999999999999889 ) ) ;
#1640 = MECHANICAL_DESIGN_GEOMETRIC_PRESENTATION_REPRESENTATION (  '', ( #6696 ), #17 ) ;
#1641 = VERTEX_POINT ( 'NONE', #1146 ) ;
#1642 = EDGE_CURVE ( 'NONE', #6967, #1555, #3913, .T. ) ;
#1643 = FILL_AREA_STYLE_COLOUR ( '', #7120 ) ;
#1644 =( NAMED_UNIT ( * ) SI_UNIT ( $, .STERADIAN. ) SOLID_ANGLE_UNIT ( ) );
#1645 = DIRECTION ( 'NONE',  ( -0.2035585949527794203, 0.2035585949527794203, -0.9576678948579724349 ) ) ;
#1646 = ORIENTED_EDGE ( 'NONE', *, *, #5806, .T. ) ;
#1647 =( LENGTH_UNIT ( ) NAMED_UNIT ( * ) SI_UNIT ( .MILLI., .METRE. ) );
#1648 = AXIS2_PLACEMENT_3D ( 'NONE', #2928, #1808, #6198 ) ;
#1649 = DIRECTION ( 'NONE',  ( 0.000000000000000000, 1.000000000000000000, 3.614007241618355180E-16 ) ) ;
#1650 = COLOUR_RGB ( '',0.7764705882352941346, 0.7568627450980391913, 0.7372549019607843590 ) ;
#1651 = STYLED_ITEM ( 'NONE', ( #4788 ), #3832 ) ;
#1652 = ORIENTED_EDGE ( 'NONE', *, *, #6698, .F. ) ;
#1653 = CARTESIAN_POINT ( 'NONE',  ( 1.834999999999999964, 0.000000000000000000, 1.500000000000000000 ) ) ;
#1654 = SURFACE_STYLE_FILL_AREA ( #1761 ) ;
#1655 = DIRECTION ( 'NONE',  ( 0.000000000000000000, 0.000000000000000000, -1.000000000000000000 ) ) ;
#1656 = ORIENTED_EDGE ( 'NONE', *, *, #6318, .T. ) ;
#1657 = MECHANICAL_DESIGN_GEOMETRIC_PRESENTATION_REPRESENTATION (  '', ( #6138 ), #4750 ) ;
#1658 = PRESENTATION_LAYER_ASSIGNMENT (  '', '', ( #4066 ) ) ;
#1659 = ORIENTED_EDGE ( 'NONE', *, *, #6699, .T. ) ;
#1660 = AXIS2_PLACEMENT_3D ( 'NONE', #4333, #4297, #1512 ) ;
#1661 = ORIENTED_EDGE ( 'NONE', *, *, #1153, .T. ) ;
#1662 = PRESENTATION_STYLE_ASSIGNMENT (( #6007 ) ) ;
#1663 = ORIENTED_EDGE ( 'NONE', *, *, #2443, .F. ) ;
#1664 = VECTOR ( 'NONE', #7075, 1000.000000000000000 ) ;
#1665 = CARTESIAN_POINT ( 'NONE',  ( -4.244999999999999218, 1.355252715606854196E-17, 0.1999999999999965139 ) ) ;
#1666 = DIRECTION ( 'NONE',  ( 1.000000000000000000, 0.000000000000000000, 0.000000000000000000 ) ) ;
#1667 = AXIS2_PLACEMENT_3D ( 'NONE', #5026, #6583, #99 ) ;
#1668 = CARTESIAN_POINT ( 'NONE',  ( 1.505000000000000115, 4.810002195023270311, -3.491510466163695012E-12 ) ) ;
#1669 = DIRECTION ( 'NONE',  ( 0.000000000000000000, -1.000000000000000000, 3.614007241618355180E-16 ) ) ;
#1670 = VECTOR ( 'NONE', #3624, 1000.000000000000000 ) ;
#1671 =( LENGTH_UNIT ( ) NAMED_UNIT ( * ) SI_UNIT ( .MILLI., .METRE. ) );
#1672 = LINE ( 'NONE', #665, #560 ) ;
#1673 = CARTESIAN_POINT ( 'NONE',  ( 0.8350000000000000755, 0.000000000000000000, 0.000000000000000000 ) ) ;
#1674 = VECTOR ( 'NONE', #441, 1000.000000000000000 ) ;
#1675 = CARTESIAN_POINT ( 'NONE',  ( 4.930000000000000604, 3.168116515749499928, 1.699999999999999956 ) ) ;
#1676 = LINE ( 'NONE', #46, #6498 ) ;
#1677 = ORIENTED_EDGE ( 'NONE', *, *, #328, .F. ) ;
#1678 = CARTESIAN_POINT ( 'NONE',  ( 4.244999999999999218, 4.310002195023275640, -3.491510466163695012E-12 ) ) ;
#1679 = VECTOR ( 'NONE', #1669, 1000.000000000000000 ) ;
#1680 =( LENGTH_UNIT ( ) NAMED_UNIT ( * ) SI_UNIT ( .MILLI., .METRE. ) );
#1681 = DIRECTION ( 'NONE',  ( -2.628368902995165181E-15, 1.000000000000000000, 0.000000000000000000 ) ) ;
#1682 =( LENGTH_UNIT ( ) NAMED_UNIT ( * ) SI_UNIT ( .MILLI., .METRE. ) );
#1683 = EDGE_CURVE ( 'NONE', #5746, #1196, #2885, .T. ) ;
#1684 = ORIENTED_EDGE ( 'NONE', *, *, #4, .F. ) ;
#1685 = CARTESIAN_POINT ( 'NONE',  ( -1.034999999999999920, 4.310002195023275640, -3.491510466163695012E-12 ) ) ;
#1686 = MECHANICAL_DESIGN_GEOMETRIC_PRESENTATION_REPRESENTATION (  '', ( #2840 ), #527 ) ;
#1687 = EDGE_CURVE ( 'NONE', #2382, #2244, #1794, .T. ) ;
#1688 = DIRECTION ( 'NONE',  ( 0.000000000000000000, 0.000000000000000000, -1.000000000000000000 ) ) ;
#1689 = LINE ( 'NONE', #3982, #3611 ) ;
#1690 = AXIS2_PLACEMENT_3D ( 'NONE', #4321, #4836, #287 ) ;
#1691 = ORIENTED_EDGE ( 'NONE', *, *, #5028, .F. ) ;
#1692 =( NAMED_UNIT ( * ) SI_UNIT ( $, .STERADIAN. ) SOLID_ANGLE_UNIT ( ) );
#1693 = SURFACE_STYLE_USAGE ( .BOTH. , #3306 ) ;
#1694 = CARTESIAN_POINT ( 'NONE',  ( 0.8350000000000000755, -4.010002195023269600, 0.2999999999999999889 ) ) ;
#1695 = ORIENTED_EDGE ( 'NONE', *, *, #4221, .F. ) ;
#1696 = UNCERTAINTY_MEASURE_WITH_UNIT (LENGTH_MEASURE( 1.000000000000000082E-05 ), #4549, 'distance_accuracy_value', 'NONE');
#1697 = ORIENTED_EDGE ( 'NONE', *, *, #1642, .F. ) ;
#1698 =( GEOMETRIC_REPRESENTATION_CONTEXT ( 3 ) GLOBAL_UNCERTAINTY_ASSIGNED_CONTEXT ( ( #5276 ) ) GLOBAL_UNIT_ASSIGNED_CONTEXT ( ( #5982, #3244, #3850 ) ) REPRESENTATION_CONTEXT ( 'NONE', 'WORKASPACE' ) );
#1699 = ORIENTED_EDGE ( 'NONE', *, *, #5985, .F. ) ;
#1700 = CYLINDRICAL_SURFACE ( 'NONE', #6102, 0.09999999999999999167 ) ;
#1701 = ORIENTED_EDGE ( 'NONE', *, *, #6470, .F. ) ;
#1702 = AXIS2_PLACEMENT_3D ( 'NONE', #2541, #1417, #5693 ) ;
#1703 = PLANE ( 'NONE',  #5075 ) ;
#1704 = FACE_OUTER_BOUND ( 'NONE', #3196, .T. ) ;
#1705 = ADVANCED_FACE ( 'NONE', ( #5084 ), #3876, .T. ) ;
#1706 = DIRECTION ( 'NONE',  ( 0.000000000000000000, 0.000000000000000000, 1.000000000000000000 ) ) ;
#1707 = VECTOR ( 'NONE', #6980, 1000.000000000000000 ) ;
#1708 = MECHANICAL_DESIGN_GEOMETRIC_PRESENTATION_REPRESENTATION (  '', ( #2401 ), #673 ) ;
#1709 = VERTEX_POINT ( 'NONE', #5263 ) ;
#1710 = SURFACE_SIDE_STYLE ('',( #4903 ) ) ;
#1711 = COLOUR_RGB ( '',0.7764705882352941346, 0.7568627450980391913, 0.7372549019607843590 ) ;
#1712 = MECHANICAL_DESIGN_GEOMETRIC_PRESENTATION_REPRESENTATION (  '', ( #677 ), #5957 ) ;
#1713 = MECHANICAL_DESIGN_GEOMETRIC_PRESENTATION_REPRESENTATION (  '', ( #1144 ), #4593 ) ;
#1714 = DIRECTION ( 'NONE',  ( 0.000000000000000000, 0.2079116908177598699, 0.9781476007338054668 ) ) ;
#1715 = COLOUR_RGB ( '',0.7764705882352941346, 0.7568627450980391913, 0.7372549019607843590 ) ;
#1716 =( NAMED_UNIT ( * ) SI_UNIT ( $, .STERADIAN. ) SOLID_ANGLE_UNIT ( ) );
#1717 =( GEOMETRIC_REPRESENTATION_CONTEXT ( 3 ) GLOBAL_UNCERTAINTY_ASSIGNED_CONTEXT ( ( #5812 ) ) GLOBAL_UNIT_ASSIGNED_CONTEXT ( ( #4920, #2116, #5922 ) ) REPRESENTATION_CONTEXT ( 'NONE', 'WORKASPACE' ) );
#1718 = CARTESIAN_POINT ( 'NONE',  ( -4.244999999999999218, 3.710002195023270222, 0.000000000000000000 ) ) ;
#1719 = VECTOR ( 'NONE', #5986, 1000.000000000000000 ) ;
#1720 =( NAMED_UNIT ( * ) SI_UNIT ( $, .STERADIAN. ) SOLID_ANGLE_UNIT ( ) );
#1721 = ORIENTED_EDGE ( 'NONE', *, *, #4627, .F. ) ;
#1722 = DIRECTION ( 'NONE',  ( 0.000000000000000000, 0.000000000000000000, -1.000000000000000000 ) ) ;
#1723 = LINE ( 'NONE', #4914, #101 ) ;
#1724 =( LENGTH_UNIT ( ) NAMED_UNIT ( * ) SI_UNIT ( .MILLI., .METRE. ) );
#1725 = DIRECTION ( 'NONE',  ( -1.000000000000000000, 0.000000000000000000, 0.000000000000000000 ) ) ;
#1726 = PLANE ( 'NONE',  #2114 ) ;
#1727 = SURFACE_STYLE_FILL_AREA ( #4986 ) ;
#1728 = UNCERTAINTY_MEASURE_WITH_UNIT (LENGTH_MEASURE( 1.000000000000000082E-05 ), #5535, 'distance_accuracy_value', 'NONE');
#1729 = EDGE_CURVE ( 'NONE', #6074, #725, #6353, .T. ) ;
#1730 = SURFACE_SIDE_STYLE ('',( #127 ) ) ;
#1731 = EDGE_CURVE ( 'NONE', #6671, #6923, #206, .T. ) ;
#1732 = ORIENTED_EDGE ( 'NONE', *, *, #848, .F. ) ;
#1733 = CARTESIAN_POINT ( 'NONE',  ( 3.245000000000000107, -3.710002195023270222, 0.000000000000000000 ) ) ;
#1734 =( LENGTH_UNIT ( ) NAMED_UNIT ( * ) SI_UNIT ( .MILLI., .METRE. ) );
#1735 = ORIENTED_EDGE ( 'NONE', *, *, #6513, .T. ) ;
#1736 = ORIENTED_EDGE ( 'NONE', *, *, #6395, .T. ) ;
#1737 = SURFACE_STYLE_FILL_AREA ( #4457 ) ;
#1738 = ORIENTED_EDGE ( 'NONE', *, *, #2848, .T. ) ;
#1739 = EDGE_CURVE ( 'NONE', #6475, #1398, #240, .T. ) ;
#1740 = DIRECTION ( 'NONE',  ( -1.000000000000000000, 0.000000000000000000, 0.000000000000000000 ) ) ;
#1741 = ORIENTED_EDGE ( 'NONE', *, *, #826, .T. ) ;
#1742 = ORIENTED_EDGE ( 'NONE', *, *, #3315, .F. ) ;
#1743 = EDGE_CURVE ( 'NONE', #419, #4106, #1838, .T. ) ;
#1744 = COLOUR_RGB ( '',0.7764705882352941346, 0.7568627450980391913, 0.7372549019607843590 ) ;
#1745 = CARTESIAN_POINT ( 'NONE',  ( 3.245000000000000107, 3.910002195023270399, 0.2999999999999999889 ) ) ;
#1746 = SURFACE_STYLE_USAGE ( .BOTH. , #3361 ) ;
#1747 = DIRECTION ( 'NONE',  ( -1.000000000000000000, 0.000000000000000000, 0.000000000000000000 ) ) ;
#1748 = CARTESIAN_POINT ( 'NONE',  ( -1.834999999999999964, 4.010002195023269600, 0.1999999999999970135 ) ) ;
#1749 = COLOUR_RGB ( '',0.1019607843137254888, 0.1019607843137254888, 0.1019607843137254888 ) ;
#1750 = SURFACE_STYLE_USAGE ( .BOTH. , #1169 ) ;
#1751 = CARTESIAN_POINT ( 'NONE',  ( -4.244999999999999218, 0.000000000000000000, 1.500000000000000000 ) ) ;
#1752 = CARTESIAN_POINT ( 'NONE',  ( -0.8350000000000000755, 3.189372171916499799, 1.500000000000000000 ) ) ;
#1753 = CARTESIAN_POINT ( 'NONE',  ( -3.575000000000000178, 4.810002195023270311, 0.1999999999999965139 ) ) ;
#1754 = FILL_AREA_STYLE_COLOUR ( '', #150 ) ;
#1755 = ORIENTED_EDGE ( 'NONE', *, *, #1595, .F. ) ;
#1756 = CARTESIAN_POINT ( 'NONE',  ( 0.8350000000000000755, 0.000000000000000000, -3.491456256055070333E-12 ) ) ;
#1757 = STYLED_ITEM ( 'NONE', ( #469 ), #3080 ) ;
#1758 =( NAMED_UNIT ( * ) PLANE_ANGLE_UNIT ( ) SI_UNIT ( $, .RADIAN. ) );
#1759 = ORIENTED_EDGE ( 'NONE', *, *, #4671, .F. ) ;
#1760 = LINE ( 'NONE', #3416, #5429 ) ;
#1761 = FILL_AREA_STYLE ('',( #531 ) ) ;
#1762 = AXIS2_PLACEMENT_3D ( 'NONE', #4858, #5387, #1992 ) ;
#1763 = CARTESIAN_POINT ( 'NONE',  ( 0.8350000000000000755, 6.143812310751189163E-16, 1.699999999999999956 ) ) ;
#1764 = VERTEX_POINT ( 'NONE', #2489 ) ;
#1765 = CARTESIAN_POINT ( 'NONE',  ( 1.834999999999999964, -3.610002195023269689, 1.399999999999999911 ) ) ;
#1766 = VECTOR ( 'NONE', #3094, 1000.000000000000000 ) ;
#1767 = SURFACE_STYLE_FILL_AREA ( #105 ) ;
#1768 = ORIENTED_EDGE ( 'NONE', *, *, #846, .F. ) ;
#1769 =( NAMED_UNIT ( * ) PLANE_ANGLE_UNIT ( ) SI_UNIT ( $, .RADIAN. ) );
#1770 = ORIENTED_EDGE ( 'NONE', *, *, #4934, .T. ) ;
#1771 = FACE_OUTER_BOUND ( 'NONE', #3286, .T. ) ;
#1772 = SURFACE_STYLE_FILL_AREA ( #2321 ) ;
#1773 = CIRCLE ( 'NONE', #6952, 0.2000000000000000111 ) ;
#1774 = EDGE_CURVE ( 'NONE', #2773, #2534, #3556, .T. ) ;
#1775 = ORIENTED_EDGE ( 'NONE', *, *, #1994, .F. ) ;
#1776 = CARTESIAN_POINT ( 'NONE',  ( -0.8350000000000000755, 3.710002195023270222, 0.1999999999965084985 ) ) ;
#1777 = EDGE_CURVE ( 'NONE', #836, #2534, #1361, .T. ) ;
#1778 = VECTOR ( 'NONE', #4957, 1000.000000000000000 ) ;
#1779 = STYLED_ITEM ( 'NONE', ( #6775 ), #5092 ) ;
#1780 = PRESENTATION_LAYER_ASSIGNMENT (  '', '', ( #5554 ) ) ;
#1781 =( NAMED_UNIT ( * ) SI_UNIT ( $, .STERADIAN. ) SOLID_ANGLE_UNIT ( ) );
#1782 = DIRECTION ( 'NONE',  ( 0.000000000000000000, 0.000000000000000000, -1.000000000000000000 ) ) ;
#1783 = SURFACE_STYLE_FILL_AREA ( #1277 ) ;
#1784 = CARTESIAN_POINT ( 'NONE',  ( -3.245000000000000107, 3.910002195023270399, 1.500000000000000000 ) ) ;
#1785 = COLOUR_RGB ( '',0.7764705882352941346, 0.7568627450980391913, 0.7372549019607843590 ) ;
#1786 = STYLED_ITEM ( 'NONE', ( #3444 ), #5482 ) ;
#1787 = CARTESIAN_POINT ( 'NONE',  ( 0.8350000000000000755, 3.710002195023270222, 0.000000000000000000 ) ) ;
#1788 = CARTESIAN_POINT ( 'NONE',  ( -3.245000000000000107, 3.910002195023270399, 0.2999999999999999889 ) ) ;
#1789 = EDGE_CURVE ( 'NONE', #2590, #4024, #6325, .T. ) ;
#1790 = CARTESIAN_POINT ( 'NONE',  ( 4.244999999999999218, -3.200000000000000178, 1.550000000000000044 ) ) ;
#1791 = DIRECTION ( 'NONE',  ( -1.000000000000000000, 0.000000000000000000, 0.000000000000000000 ) ) ;
#1792 = AXIS2_PLACEMENT_3D ( 'NONE', #78, #4948, #4432 ) ;
#1793 = UNCERTAINTY_MEASURE_WITH_UNIT (LENGTH_MEASURE( 1.000000000000000082E-05 ), #845, 'distance_accuracy_value', 'NONE');
#1794 = LINE ( 'NONE', #2269, #4766 ) ;
#1795 = ORIENTED_EDGE ( 'NONE', *, *, #970, .T. ) ;
#1796 = CIRCLE ( 'NONE', #6162, 0.2000000000000000111 ) ;
#1797 = DIRECTION ( 'NONE',  ( -1.000000000000000000, 0.000000000000000000, 0.000000000000000000 ) ) ;
#1798 =( NAMED_UNIT ( * ) SI_UNIT ( $, .STERADIAN. ) SOLID_ANGLE_UNIT ( ) );
#1799 = CARTESIAN_POINT ( 'NONE',  ( 1.834999999999999964, -3.910002195023270399, 0.000000000000000000 ) ) ;
#1800 = ORIENTED_EDGE ( 'NONE', *, *, #184, .T. ) ;
#1801 = FILL_AREA_STYLE_COLOUR ( '', #773 ) ;
#1802 =( GEOMETRIC_REPRESENTATION_CONTEXT ( 3 ) GLOBAL_UNCERTAINTY_ASSIGNED_CONTEXT ( ( #1288 ) ) GLOBAL_UNIT_ASSIGNED_CONTEXT ( ( #4714, #333, #904 ) ) REPRESENTATION_CONTEXT ( 'NONE', 'WORKASPACE' ) );
#1803 = ORIENTED_EDGE ( 'NONE', *, *, #6566, .T. ) ;
#1804 = ORIENTED_EDGE ( 'NONE', *, *, #4671, .T. ) ;
#1805 =( NAMED_UNIT ( * ) SI_UNIT ( $, .STERADIAN. ) SOLID_ANGLE_UNIT ( ) );
#1806 = CLOSED_SHELL ( 'NONE', ( #3084, #277, #1048, #4114, #4174, #6607, #6354, #5269, #2081, #3738, #3372, #239, #5138, #2112, #4219, #6071, #4357, #1244 ) ) ;
#1807 = ORIENTED_EDGE ( 'NONE', *, *, #2097, .T. ) ;
#1808 = DIRECTION ( 'NONE',  ( 0.000000000000000000, -1.000000000000000000, 0.000000000000000000 ) ) ;
#1809 =( NAMED_UNIT ( * ) PLANE_ANGLE_UNIT ( ) SI_UNIT ( $, .RADIAN. ) );
#1810 = FACE_OUTER_BOUND ( 'NONE', #2715, .T. ) ;
#1811 =( GEOMETRIC_REPRESENTATION_CONTEXT ( 3 ) GLOBAL_UNCERTAINTY_ASSIGNED_CONTEXT ( ( #6036 ) ) GLOBAL_UNIT_ASSIGNED_CONTEXT ( ( #6886, #7084, #5775 ) ) REPRESENTATION_CONTEXT ( 'NONE', 'WORKASPACE' ) );
#1812 = VERTEX_POINT ( 'NONE', #4154 ) ;
#1813 =( LENGTH_UNIT ( ) NAMED_UNIT ( * ) SI_UNIT ( .MILLI., .METRE. ) );
#1814 =( GEOMETRIC_REPRESENTATION_CONTEXT ( 3 ) GLOBAL_UNCERTAINTY_ASSIGNED_CONTEXT ( ( #3501 ) ) GLOBAL_UNIT_ASSIGNED_CONTEXT ( ( #5102, #5649, #5068 ) ) REPRESENTATION_CONTEXT ( 'NONE', 'WORKASPACE' ) );
#1815 = PRESENTATION_LAYER_ASSIGNMENT (  '', '', ( #2275 ) ) ;
#1816 = EDGE_CURVE ( 'NONE', #5752, #2297, #6215, .T. ) ;
#1817 = PRESENTATION_STYLE_ASSIGNMENT (( #3540 ) ) ;
#1818 = AXIS2_PLACEMENT_3D ( 'NONE', #749, #6248, #2658 ) ;
#1819 = EDGE_CURVE ( 'NONE', #1553, #2137, #5121, .T. ) ;
#1820 = AXIS2_PLACEMENT_3D ( 'NONE', #422, #3600, #3098 ) ;
#1821 = DIRECTION ( 'NONE',  ( -1.000000000000000000, 0.000000000000000000, 0.000000000000000000 ) ) ;
#1822 = LINE ( 'NONE', #4007, #4192 ) ;
#1823 = PRESENTATION_LAYER_ASSIGNMENT (  '', '', ( #5589 ) ) ;
#1824 = COLOUR_RGB ( '',0.7764705882352941346, 0.7568627450980391913, 0.7372549019607843590 ) ;
#1825 =( NAMED_UNIT ( * ) SI_UNIT ( $, .STERADIAN. ) SOLID_ANGLE_UNIT ( ) );
#1826 = CARTESIAN_POINT ( 'NONE',  ( 3.575000000000000178, -4.310002195023275640, -3.491510466163695012E-12 ) ) ;
#1827 = VECTOR ( 'NONE', #3395, 1000.000000000000000 ) ;
#1828 = ADVANCED_FACE ( 'NONE', ( #1393 ), #5668, .F. ) ;
#1829 = STYLED_ITEM ( 'NONE', ( #1498 ), #2268 ) ;
#1830 = SURFACE_STYLE_USAGE ( .BOTH. , #197 ) ;
#1831 =( NAMED_UNIT ( * ) PLANE_ANGLE_UNIT ( ) SI_UNIT ( $, .RADIAN. ) );
#1832 = STYLED_ITEM ( 'NONE', ( #6298 ), #643 ) ;
#1833 = EDGE_LOOP ( 'NONE', ( #1181, #6866, #5441, #796 ) ) ;
#1834 =( NAMED_UNIT ( * ) SI_UNIT ( $, .STERADIAN. ) SOLID_ANGLE_UNIT ( ) );
#1835 = STYLED_ITEM ( 'NONE', ( #7049 ), #7147 ) ;
#1836 = STYLED_ITEM ( 'NONE', ( #1050 ), #2442 ) ;
#1837 = EDGE_CURVE ( 'NONE', #6475, #4864, #3156, .T. ) ;
#1838 = LINE ( 'NONE', #5236, #3641 ) ;
#1839 = ORIENTED_EDGE ( 'NONE', *, *, #4841, .T. ) ;
#1840 = DIRECTION ( 'NONE',  ( 1.000000000000000000, 0.000000000000000000, 0.000000000000000000 ) ) ;
#1841 = FILL_AREA_STYLE_COLOUR ( '', #3050 ) ;
#1842 = CARTESIAN_POINT ( 'NONE',  ( -1.834999999999999964, 3.710002195023270222, 1.699999999999999956 ) ) ;
#1843 = ORIENTED_EDGE ( 'NONE', *, *, #1241, .T. ) ;
#1844 = UNCERTAINTY_MEASURE_WITH_UNIT (LENGTH_MEASURE( 1.000000000000000082E-05 ), #4559, 'distance_accuracy_value', 'NONE');
#1845 = VERTEX_POINT ( 'NONE', #2151 ) ;
#1846 = CARTESIAN_POINT ( 'NONE',  ( 4.044999999999999929, 4.310002195023275640, -3.491510466163695012E-12 ) ) ;
#1847 = FILL_AREA_STYLE_COLOUR ( '', #5132 ) ;
#1848 = ORIENTED_EDGE ( 'NONE', *, *, #732, .T. ) ;
#1849 = DIRECTION ( 'NONE',  ( 1.000000000000000000, 0.000000000000000000, 0.000000000000000000 ) ) ;
#1850 = ORIENTED_EDGE ( 'NONE', *, *, #1483, .F. ) ;
#1851 = FACE_OUTER_BOUND ( 'NONE', #3099, .T. ) ;
#1852 = DIRECTION ( 'NONE',  ( 1.000000000000000000, 0.000000000000000000, 0.000000000000000000 ) ) ;
#1853 = DIRECTION ( 'NONE',  ( 0.000000000000000000, 0.000000000000000000, -1.000000000000000000 ) ) ;
#1854 = CARTESIAN_POINT ( 'NONE',  ( -4.044999999999999929, 4.810002195023270311, -3.491510466163695012E-12 ) ) ;
#1855 = VERTEX_POINT ( 'NONE', #2113 ) ;
#1856 = FILL_AREA_STYLE_COLOUR ( '', #650 ) ;
#1857 = UNCERTAINTY_MEASURE_WITH_UNIT (LENGTH_MEASURE( 1.000000000000000082E-05 ), #6723, 'distance_accuracy_value', 'NONE');
#1858 = DIRECTION ( 'NONE',  ( -1.000000000000000000, 0.000000000000000000, 0.000000000000000000 ) ) ;
#1859 = FILL_AREA_STYLE_COLOUR ( '', #1411 ) ;
#1860 = EDGE_LOOP ( 'NONE', ( #562, #5878, #1150, #6008 ) ) ;
#1861 =( NAMED_UNIT ( * ) PLANE_ANGLE_UNIT ( ) SI_UNIT ( $, .RADIAN. ) );
#1862 = SURFACE_STYLE_USAGE ( .BOTH. , #4472 ) ;
#1863 = CARTESIAN_POINT ( 'NONE',  ( 3.245000000000000107, -3.200000000000000178, 1.550000000000000044 ) ) ;
#1864 = ORIENTED_EDGE ( 'NONE', *, *, #3193, .F. ) ;
#1865 = DIRECTION ( 'NONE',  ( -1.000000000000000000, 0.000000000000000000, 0.000000000000000000 ) ) ;
#1866 =( LENGTH_UNIT ( ) NAMED_UNIT ( * ) SI_UNIT ( .MILLI., .METRE. ) );
#1867 = LINE ( 'NONE', #1353, #6066 ) ;
#1868 = CARTESIAN_POINT ( 'NONE',  ( 1.505000000000000115, 4.310002195023275640, -3.491456256055070333E-12 ) ) ;
#1869 = CARTESIAN_POINT ( 'NONE',  ( -1.505000000000000115, -4.316286306259984329, -3.491510466163695012E-12 ) ) ;
#1870 = EDGE_LOOP ( 'NONE', ( #3387, #4242, #6443, #1882, #645, #3741, #3542, #5523, #802, #962, #4201, #1576, #129, #317, #5543, #3170 ) ) ;
#1871 =( LENGTH_UNIT ( ) NAMED_UNIT ( * ) SI_UNIT ( .MILLI., .METRE. ) );
#1872 =( LENGTH_UNIT ( ) NAMED_UNIT ( * ) SI_UNIT ( .MILLI., .METRE. ) );
#1873 = EDGE_CURVE ( 'NONE', #1173, #1335, #5841, .T. ) ;
#1874 = PRESENTATION_LAYER_ASSIGNMENT (  '', '', ( #256 ) ) ;
#1875 = DIRECTION ( 'NONE',  ( 1.000000000000000000, 0.000000000000000000, 0.000000000000000000 ) ) ;
#1876 = ORIENTED_EDGE ( 'NONE', *, *, #5648, .F. ) ;
#1877 = DIRECTION ( 'NONE',  ( 1.000000000000000000, 0.000000000000000000, 0.000000000000000000 ) ) ;
#1878 = MECHANICAL_DESIGN_GEOMETRIC_PRESENTATION_REPRESENTATION (  '', ( #262 ), #2335 ) ;
#1879 = ORIENTED_EDGE ( 'NONE', *, *, #1948, .F. ) ;
#1880 = FILL_AREA_STYLE_COLOUR ( '', #6844 ) ;
#1881 = CARTESIAN_POINT ( 'NONE',  ( -4.244999999999999218, -3.910002195023270399, -3.491456256055070333E-12 ) ) ;
#1882 = ORIENTED_EDGE ( 'NONE', *, *, #4895, .T. ) ;
#1883 =( GEOMETRIC_REPRESENTATION_CONTEXT ( 3 ) GLOBAL_UNCERTAINTY_ASSIGNED_CONTEXT ( ( #7100 ) ) GLOBAL_UNIT_ASSIGNED_CONTEXT ( ( #301, #4689, #1964 ) ) REPRESENTATION_CONTEXT ( 'NONE', 'WORKASPACE' ) );
#1884 = PLANE ( 'NONE',  #6687 ) ;
#1885 = ORIENTED_EDGE ( 'NONE', *, *, #2692, .T. ) ;
#1886 = SURFACE_STYLE_USAGE ( .BOTH. , #766 ) ;
#1887 = DIRECTION ( 'NONE',  ( 1.000000000000000000, 0.000000000000000000, 0.000000000000000000 ) ) ;
#1888 = ORIENTED_EDGE ( 'NONE', *, *, #1598, .T. ) ;
#1889 = DIRECTION ( 'NONE',  ( 1.000000000000000000, 0.000000000000000000, 0.000000000000000000 ) ) ;
#1890 = STYLED_ITEM ( 'NONE', ( #1148 ), #3691 ) ;
#1891 = ORIENTED_EDGE ( 'NONE', *, *, #5599, .T. ) ;
#1892 = DIRECTION ( 'NONE',  ( 0.000000000000000000, 0.000000000000000000, -1.000000000000000000 ) ) ;
#1893 = VECTOR ( 'NONE', #4216, 1000.000000000000000 ) ;
#1894 = LINE ( 'NONE', #1346, #6459 ) ;
#1895 = STYLED_ITEM ( 'NONE', ( #751 ), #3798 ) ;
#1896 = ORIENTED_EDGE ( 'NONE', *, *, #2542, .T. ) ;
#1897 = FACE_OUTER_BOUND ( 'NONE', #1501, .T. ) ;
#1898 = LINE ( 'NONE', #4588, #4089 ) ;
#1899 = ORIENTED_EDGE ( 'NONE', *, *, #826, .F. ) ;
#1900 = PRESENTATION_LAYER_ASSIGNMENT (  '', '', ( #3253 ) ) ;
#1901 = PRESENTATION_LAYER_ASSIGNMENT (  '', '', ( #3497 ) ) ;
#1902 =( NAMED_UNIT ( * ) PLANE_ANGLE_UNIT ( ) SI_UNIT ( $, .RADIAN. ) );
#1903 = STYLED_ITEM ( 'NONE', ( #6466 ), #1552 ) ;
#1904 = EDGE_CURVE ( 'NONE', #2881, #5271, #4188, .T. ) ;
#1905 = PRESENTATION_LAYER_ASSIGNMENT (  '', '', ( #6259 ) ) ;
#1906 = COLOUR_RGB ( '',0.7764705882352941346, 0.7568627450980391913, 0.7372549019607843590 ) ;
#1907 = VERTEX_POINT ( 'NONE', #4253 ) ;
#1908 = SURFACE_STYLE_FILL_AREA ( #5628 ) ;
#1909 = FILL_AREA_STYLE_COLOUR ( '', #6516 ) ;
#1910 = VECTOR ( 'NONE', #4191, 1000.000000000000114 ) ;
#1911 = DIRECTION ( 'NONE',  ( 1.000000000000000000, 0.000000000000000000, 0.000000000000000000 ) ) ;
#1912 = EDGE_CURVE ( 'NONE', #5478, #5561, #4211, .T. ) ;
#1913 = EDGE_CURVE ( 'NONE', #5245, #6387, #2042, .T. ) ;
#1914 = CIRCLE ( 'NONE', #1092, 0.09999999999999999167 ) ;
#1915 = ORIENTED_EDGE ( 'NONE', *, *, #328, .T. ) ;
#1916 = FACE_OUTER_BOUND ( 'NONE', #3668, .T. ) ;
#1917 = FILL_AREA_STYLE_COLOUR ( '', #6536 ) ;
#1918 =( GEOMETRIC_REPRESENTATION_CONTEXT ( 3 ) GLOBAL_UNCERTAINTY_ASSIGNED_CONTEXT ( ( #5588 ) ) GLOBAL_UNIT_ASSIGNED_CONTEXT ( ( #6317, #1389, #5076 ) ) REPRESENTATION_CONTEXT ( 'NONE', 'WORKASPACE' ) );
#1919 = VERTEX_POINT ( 'NONE', #6428 ) ;
#1920 = DIRECTION ( 'NONE',  ( 0.000000000000000000, 0.000000000000000000, 1.000000000000000000 ) ) ;
#1921 = DIRECTION ( 'NONE',  ( 0.000000000000000000, 0.000000000000000000, 1.000000000000000000 ) ) ;
#1922 = LINE ( 'NONE', #4573, #6525 ) ;
#1923 = ORIENTED_EDGE ( 'NONE', *, *, #6813, .F. ) ;
#1924 = SURFACE_SIDE_STYLE ('',( #702 ) ) ;
#1925 = VECTOR ( 'NONE', #6995, 1000.000000000000000 ) ;
#1926 = UNCERTAINTY_MEASURE_WITH_UNIT (LENGTH_MEASURE( 1.000000000000000082E-05 ), #5872, 'distance_accuracy_value', 'NONE');
#1927 = VERTEX_POINT ( 'NONE', #2618 ) ;
#1928 = EDGE_CURVE ( 'NONE', #4656, #5033, #6389, .T. ) ;
#1929 = CARTESIAN_POINT ( 'NONE',  ( 3.245000000000000107, -3.710002195023270222, 1.500000000000000000 ) ) ;
#1930 = ORIENTED_EDGE ( 'NONE', *, *, #352, .F. ) ;
#1931 = DIRECTION ( 'NONE',  ( 0.000000000000000000, 0.000000000000000000, 1.000000000000000000 ) ) ;
#1932 = VECTOR ( 'NONE', #5960, 1000.000000000000000 ) ;
#1933 = SURFACE_SIDE_STYLE ('',( #5659 ) ) ;
#1934 =( GEOMETRIC_REPRESENTATION_CONTEXT ( 3 ) GLOBAL_UNCERTAINTY_ASSIGNED_CONTEXT ( ( #4447 ) ) GLOBAL_UNIT_ASSIGNED_CONTEXT ( ( #4623, #4119, #3047 ) ) REPRESENTATION_CONTEXT ( 'NONE', 'WORKASPACE' ) );
#1935 = PRESENTATION_STYLE_ASSIGNMENT (( #233 ) ) ;
#1936 = FACE_OUTER_BOUND ( 'NONE', #1590, .T. ) ;
#1937 = PRESENTATION_LAYER_ASSIGNMENT (  '', '', ( #3873 ) ) ;
#1938 = FACE_OUTER_BOUND ( 'NONE', #903, .T. ) ;
#1939 = LINE ( 'NONE', #406, #4562 ) ;
#1940 = CARTESIAN_POINT ( 'NONE',  ( 3.575000000000000178, -4.310002195023275640, -3.491510466163695012E-12 ) ) ;
#1941 =( GEOMETRIC_REPRESENTATION_CONTEXT ( 3 ) GLOBAL_UNCERTAINTY_ASSIGNED_CONTEXT ( ( #6901 ) ) GLOBAL_UNIT_ASSIGNED_CONTEXT ( ( #1872, #5164, #2205 ) ) REPRESENTATION_CONTEXT ( 'NONE', 'WORKASPACE' ) );
#1942 =( GEOMETRIC_REPRESENTATION_CONTEXT ( 3 ) GLOBAL_UNCERTAINTY_ASSIGNED_CONTEXT ( ( #2663 ) ) GLOBAL_UNIT_ASSIGNED_CONTEXT ( ( #2433, #2930, #5139 ) ) REPRESENTATION_CONTEXT ( 'NONE', 'WORKASPACE' ) );
#1943 = PRESENTATION_LAYER_ASSIGNMENT (  '', '', ( #3199 ) ) ;
#1944 = PRESENTATION_STYLE_ASSIGNMENT (( #1108 ) ) ;
#1945 = PLANE ( 'NONE',  #6849 ) ;
#1946 = VERTEX_POINT ( 'NONE', #2549 ) ;
#1947 = CIRCLE ( 'NONE', #797, 0.1000000000000000472 ) ;
#1948 = EDGE_CURVE ( 'NONE', #4329, #460, #4324, .T. ) ;
#1949 = STYLED_ITEM ( 'NONE', ( #4295 ), #820 ) ;
#1950 = EDGE_CURVE ( 'NONE', #4329, #6111, #5434, .T. ) ;
#1951 = CARTESIAN_POINT ( 'NONE',  ( -1.834999999999999964, 3.910002195023270399, -3.491456256055070333E-12 ) ) ;
#1952 = SURFACE_STYLE_FILL_AREA ( #3661 ) ;
#1953 = SURFACE_STYLE_FILL_AREA ( #2193 ) ;
#1954 = EDGE_LOOP ( 'NONE', ( #670, #5317, #4733, #6932 ) ) ;
#1955 =( NAMED_UNIT ( * ) SI_UNIT ( $, .STERADIAN. ) SOLID_ANGLE_UNIT ( ) );
#1956 = PRESENTATION_STYLE_ASSIGNMENT (( #5684 ) ) ;
#1957 = STYLED_ITEM ( 'NONE', ( #382 ), #1048 ) ;
#1958 =( NAMED_UNIT ( * ) SI_UNIT ( $, .STERADIAN. ) SOLID_ANGLE_UNIT ( ) );
#1959 = ORIENTED_EDGE ( 'NONE', *, *, #5532, .F. ) ;
#1960 = SURFACE_STYLE_USAGE ( .BOTH. , #3630 ) ;
#1961 = ADVANCED_FACE ( 'NONE', ( #7045 ), #3191, .F. ) ;
#1962 = DIRECTION ( 'NONE',  ( 1.000000000000000000, 0.000000000000000000, 0.000000000000000000 ) ) ;
#1963 = VERTEX_POINT ( 'NONE', #3225 ) ;
#1964 =( NAMED_UNIT ( * ) SI_UNIT ( $, .STERADIAN. ) SOLID_ANGLE_UNIT ( ) );
#1965 =( NAMED_UNIT ( * ) PLANE_ANGLE_UNIT ( ) SI_UNIT ( $, .RADIAN. ) );
#1966 =( LENGTH_UNIT ( ) NAMED_UNIT ( * ) SI_UNIT ( .MILLI., .METRE. ) );
#1967 =( NAMED_UNIT ( * ) SI_UNIT ( $, .STERADIAN. ) SOLID_ANGLE_UNIT ( ) );
#1968 = EDGE_CURVE ( 'NONE', #6104, #6554, #4874, .T. ) ;
#1969 = DIRECTION ( 'NONE',  ( 0.000000000000000000, 1.000000000000000000, 0.000000000000000000 ) ) ;
#1970 = CARTESIAN_POINT ( 'NONE',  ( 3.245000000000000107, 4.310002195023275640, -3.491510466163695012E-12 ) ) ;
#1971 = LINE ( 'NONE', #1090, #1377 ) ;
#1972 = CARTESIAN_POINT ( 'NONE',  ( -1.834999999999999964, 3.710002195023270222, 1.500000000000000000 ) ) ;
#1973 = LINE ( 'NONE', #1428, #6035 ) ;
#1974 = AXIS2_PLACEMENT_3D ( 'NONE', #2817, #4377, #6629 ) ;
#1975 = DIRECTION ( 'NONE',  ( 0.000000000000000000, 0.000000000000000000, 1.000000000000000000 ) ) ;
#1976 = ORIENTED_EDGE ( 'NONE', *, *, #3920, .F. ) ;
#1977 =( LENGTH_UNIT ( ) NAMED_UNIT ( * ) SI_UNIT ( .MILLI., .METRE. ) );
#1978 = COLOUR_RGB ( '',0.7764705882352941346, 0.7568627450980391913, 0.7372549019607843590 ) ;
#1979 = PRESENTATION_STYLE_ASSIGNMENT (( #5777 ) ) ;
#1980 = SURFACE_STYLE_FILL_AREA ( #6361 ) ;
#1981 = CARTESIAN_POINT ( 'NONE',  ( 1.834999999999999964, 0.000000000000000000, -3.491456256055070333E-12 ) ) ;
#1982 = VERTEX_POINT ( 'NONE', #6947 ) ;
#1983 = PLANE ( 'NONE',  #6953 ) ;
#1984 = VECTOR ( 'NONE', #2364, 1000.000000000000000 ) ;
#1985 = VERTEX_POINT ( 'NONE', #921 ) ;
#1986 = DIRECTION ( 'NONE',  ( 1.000000000000000000, 0.000000000000000000, 0.000000000000000000 ) ) ;
#1987 = UNCERTAINTY_MEASURE_WITH_UNIT (LENGTH_MEASURE( 1.000000000000000082E-05 ), #4435, 'distance_accuracy_value', 'NONE');
#1988 = VECTOR ( 'NONE', #3072, 1000.000000000000114 ) ;
#1989 = VERTEX_POINT ( 'NONE', #3115 ) ;
#1990 = DIRECTION ( 'NONE',  ( 0.000000000000000000, -1.000000000000000000, 0.000000000000000000 ) ) ;
#1991 = ORIENTED_EDGE ( 'NONE', *, *, #4265, .F. ) ;
#1992 = DIRECTION ( 'NONE',  ( -1.000000000000000000, 0.000000000000000000, 0.000000000000000000 ) ) ;
#1993 = EDGE_CURVE ( 'NONE', #19, #3916, #5292, .T. ) ;
#1994 = EDGE_CURVE ( 'NONE', #2537, #4996, #6134, .T. ) ;
#1995 =( NAMED_UNIT ( * ) SI_UNIT ( $, .STERADIAN. ) SOLID_ANGLE_UNIT ( ) );
#1996 = CARTESIAN_POINT ( 'NONE',  ( 1.834999999999999964, 6.143812310751189163E-16, 1.699999999999999956 ) ) ;
#1997 = DIRECTION ( 'NONE',  ( 0.000000000000000000, 0.2079116908177598699, -0.9781476007338054668 ) ) ;
#1998 = MECHANICAL_DESIGN_GEOMETRIC_PRESENTATION_REPRESENTATION (  '', ( #5081 ), #4745 ) ;
#1999 = LINE ( 'NONE', #2075, #1473 ) ;
#2000 = PLANE ( 'NONE',  #4965 ) ;
#2001 = DIRECTION ( 'NONE',  ( 0.000000000000000000, 0.000000000000000000, -1.000000000000000000 ) ) ;
#2002 = VECTOR ( 'NONE', #5153, 1000.000000000000000 ) ;
#2003 = AXIS2_PLACEMENT_3D ( 'NONE', #868, #3599, #805 ) ;
#2004 = VERTEX_POINT ( 'NONE', #1137 ) ;
#2005 = DIRECTION ( 'NONE',  ( 0.000000000000000000, 0.2079116908177598699, 0.9781476007338054668 ) ) ;
#2006 = VECTOR ( 'NONE', #6012, 1000.000000000000000 ) ;
#2007 = AXIS2_PLACEMENT_3D ( 'NONE', #3023, #6326, #5202 ) ;
#2008 = EDGE_CURVE ( 'NONE', #6701, #6444, #83, .T. ) ;
#2009 = SURFACE_STYLE_FILL_AREA ( #6785 ) ;
#2010 = SURFACE_STYLE_USAGE ( .BOTH. , #5265 ) ;
#2011 = ORIENTED_EDGE ( 'NONE', *, *, #5629, .T. ) ;
#2012 =( GEOMETRIC_REPRESENTATION_CONTEXT ( 3 ) GLOBAL_UNCERTAINTY_ASSIGNED_CONTEXT ( ( #574 ) ) GLOBAL_UNIT_ASSIGNED_CONTEXT ( ( #4595, #2950, #853 ) ) REPRESENTATION_CONTEXT ( 'NONE', 'WORKASPACE' ) );
#2013 = PRODUCT_DEFINITION_CONTEXT ( 'detailed design', #1517, 'design' ) ;
#2014 = CARTESIAN_POINT ( 'NONE',  ( -1.834999999999999964, 3.910002195023270399, 1.500000000000000000 ) ) ;
#2015 = DIRECTION ( 'NONE',  ( 0.000000000000000000, 0.000000000000000000, 1.000000000000000000 ) ) ;
#2016 = VERTEX_POINT ( 'NONE', #2836 ) ;
#2017 =( GEOMETRIC_REPRESENTATION_CONTEXT ( 3 ) GLOBAL_UNCERTAINTY_ASSIGNED_CONTEXT ( ( #5020 ) ) GLOBAL_UNIT_ASSIGNED_CONTEXT ( ( #5289, #4834, #347 ) ) REPRESENTATION_CONTEXT ( 'NONE', 'WORKASPACE' ) );
#2018 = PRESENTATION_STYLE_ASSIGNMENT (( #4739 ) ) ;
#2019 = ORIENTED_EDGE ( 'NONE', *, *, #4833, .F. ) ;
#2020 = SURFACE_STYLE_FILL_AREA ( #298 ) ;
#2021 = MECHANICAL_DESIGN_GEOMETRIC_PRESENTATION_REPRESENTATION (  '', ( #178 ), #1097 ) ;
#2022 = EDGE_LOOP ( 'NONE', ( #4784, #5452, #6772, #3683 ) ) ;
#2023 = LINE ( 'NONE', #4274, #5807 ) ;
#2024 = ORIENTED_EDGE ( 'NONE', *, *, #1453, .F. ) ;
#2025 = CARTESIAN_POINT ( 'NONE',  ( 4.244999999999999218, -4.310002195023275640, 0.1999999999999965139 ) ) ;
#2026 = PRESENTATION_LAYER_ASSIGNMENT (  '', '', ( #5114 ) ) ;
#2027 = CARTESIAN_POINT ( 'NONE',  ( -0.8350000000000000755, 3.200000000000000178, 1.550000000000000044 ) ) ;
#2028 = SURFACE_STYLE_FILL_AREA ( #3678 ) ;
#2029 = ADVANCED_FACE ( 'NONE', ( #4511 ), #5473, .T. ) ;
#2030 =( NAMED_UNIT ( * ) PLANE_ANGLE_UNIT ( ) SI_UNIT ( $, .RADIAN. ) );
#2031 = STYLED_ITEM ( 'NONE', ( #172 ), #6272 ) ;
#2032 = EDGE_CURVE ( 'NONE', #2441, #1927, #5045, .T. ) ;
#2033 = EDGE_CURVE ( 'NONE', #3037, #6184, #2727, .T. ) ;
#2034 = CARTESIAN_POINT ( 'NONE',  ( 1.834999999999999964, 4.310002195023275640, 0.1999999999999965139 ) ) ;
#2035 = PLANE ( 'NONE',  #4376 ) ;
#2036 = MECHANICAL_DESIGN_GEOMETRIC_PRESENTATION_REPRESENTATION (  '', ( #6880 ), #881 ) ;
#2037 = DIRECTION ( 'NONE',  ( 0.000000000000000000, 1.000000000000000000, 0.000000000000000000 ) ) ;
#2038 = LINE ( 'NONE', #345, #1893 ) ;
#2039 = LINE ( 'NONE', #950, #2492 ) ;
#2040 = VERTEX_POINT ( 'NONE', #120 ) ;
#2041 = EDGE_CURVE ( 'NONE', #2985, #949, #4332, .T. ) ;
#2042 = LINE ( 'NONE', #2079, #2286 ) ;
#2043 = MECHANICAL_DESIGN_GEOMETRIC_PRESENTATION_REPRESENTATION (  '', ( #198 ), #5250 ) ;
#2044 = PRESENTATION_STYLE_ASSIGNMENT (( #2659 ) ) ;
#2045 = SURFACE_STYLE_USAGE ( .BOTH. , #183 ) ;
#2046 = AXIS2_PLACEMENT_3D ( 'NONE', #5642, #2385, #2959 ) ;
#2047 = EDGE_LOOP ( 'NONE', ( #4223, #2770, #1888, #6252, #3829, #1301, #259, #4568 ) ) ;
#2048 = AXIS2_PLACEMENT_3D ( 'NONE', #4826, #2679, #2644 ) ;
#2049 = EDGE_CURVE ( 'NONE', #6736, #3271, #4916, .T. ) ;
#2050 = STYLED_ITEM ( 'NONE', ( #2769 ), #2081 ) ;
#2051 = VECTOR ( 'NONE', #3108, 1000.000000000000000 ) ;
#2052 = SURFACE_STYLE_FILL_AREA ( #384 ) ;
#2053 = DIRECTION ( 'NONE',  ( 1.000000000000000000, 0.000000000000000000, 0.000000000000000000 ) ) ;
#2054 = ORIENTED_EDGE ( 'NONE', *, *, #2582, .F. ) ;
#2055 = COLOUR_RGB ( '',0.7921568627450980005, 0.8196078431372548767, 0.9333333333333333481 ) ;
#2056 = DIRECTION ( 'NONE',  ( 0.000000000000000000, 0.000000000000000000, -1.000000000000000000 ) ) ;
#2057 =( NAMED_UNIT ( * ) PLANE_ANGLE_UNIT ( ) SI_UNIT ( $, .RADIAN. ) );
#2058 = VECTOR ( 'NONE', #6090, 1000.000000000000000 ) ;
#2059 = SURFACE_STYLE_USAGE ( .BOTH. , #6474 ) ;
#2060 = PRESENTATION_LAYER_ASSIGNMENT (  '', '', ( #5148 ) ) ;
#2061 = ORIENTED_EDGE ( 'NONE', *, *, #2083, .F. ) ;
#2062 = UNCERTAINTY_MEASURE_WITH_UNIT (LENGTH_MEASURE( 1.000000000000000082E-05 ), #4792, 'distance_accuracy_value', 'NONE');
#2063 = ORIENTED_EDGE ( 'NONE', *, *, #2503, .F. ) ;
#2064 = PLANE ( 'NONE',  #3653 ) ;
#2065 = ORIENTED_EDGE ( 'NONE', *, *, #518, .T. ) ;
#2066 = PRESENTATION_STYLE_ASSIGNMENT (( #4172 ) ) ;
#2067 = STYLED_ITEM ( 'NONE', ( #1935 ), #1244 ) ;
#2068 = FACE_OUTER_BOUND ( 'NONE', #714, .T. ) ;
#2069 =( LENGTH_UNIT ( ) NAMED_UNIT ( * ) SI_UNIT ( .MILLI., .METRE. ) );
#2070 = CARTESIAN_POINT ( 'NONE',  ( -3.200000000000000178, -1.500000000000000000, 2.899999999999999911 ) ) ;
#2071 = EDGE_LOOP ( 'NONE', ( #286, #1623, #5751, #1342 ) ) ;
#2072 = LINE ( 'NONE', #4279, #3280 ) ;
#2073 =( GEOMETRIC_REPRESENTATION_CONTEXT ( 3 ) GLOBAL_UNCERTAINTY_ASSIGNED_CONTEXT ( ( #6231 ) ) GLOBAL_UNIT_ASSIGNED_CONTEXT ( ( #4383, #6053, #5499 ) ) REPRESENTATION_CONTEXT ( 'NONE', 'WORKASPACE' ) );
#2074 = PRESENTATION_STYLE_ASSIGNMENT (( #5797 ) ) ;
#2075 = CARTESIAN_POINT ( 'NONE',  ( 4.643048641745470384, 0.000000000000000000, 0.2000000000000000111 ) ) ;
#2076 = DIRECTION ( 'NONE',  ( 1.000000000000000000, 0.000000000000000000, 0.000000000000000000 ) ) ;
#2077 = LINE ( 'NONE', #4976, #4662 ) ;
#2078 = ORIENTED_EDGE ( 'NONE', *, *, #2880, .T. ) ;
#2079 = CARTESIAN_POINT ( 'NONE',  ( 1.834999999999999964, 3.910002195023270399, 0.2999999999999999889 ) ) ;
#2080 = FILL_AREA_STYLE_COLOUR ( '', #5888 ) ;
#2081 = ADVANCED_FACE ( 'NONE', ( #53 ), #6572, .F. ) ;
#2082 = SURFACE_STYLE_FILL_AREA ( #6392 ) ;
#2083 = EDGE_CURVE ( 'NONE', #2702, #3366, #1867, .T. ) ;
#2084 = EDGE_LOOP ( 'NONE', ( #5380, #6998, #6544, #5825, #3781, #5414, #4902, #4557, #4124, #325, #2099, #6515, #3731 ) ) ;
#2085 = CARTESIAN_POINT ( 'NONE',  ( -1.834999999999999964, 3.200000000000000178, 1.550000000000000044 ) ) ;
#2086 = SURFACE_STYLE_USAGE ( .BOTH. , #5298 ) ;
#2087 = ORIENTED_EDGE ( 'NONE', *, *, #1505, .T. ) ;
#2088 = PRESENTATION_STYLE_ASSIGNMENT (( #5930 ) ) ;
#2089 = FACE_OUTER_BOUND ( 'NONE', #5183, .T. ) ;
#2090 =( GEOMETRIC_REPRESENTATION_CONTEXT ( 3 ) GLOBAL_UNCERTAINTY_ASSIGNED_CONTEXT ( ( #4576 ) ) GLOBAL_UNIT_ASSIGNED_CONTEXT ( ( #1373, #864, #1644 ) ) REPRESENTATION_CONTEXT ( 'NONE', 'WORKASPACE' ) );
#2091 = ORIENTED_EDGE ( 'NONE', *, *, #1463, .F. ) ;
#2092 =( LENGTH_UNIT ( ) NAMED_UNIT ( * ) SI_UNIT ( .MILLI., .METRE. ) );
#2093 = ORIENTED_EDGE ( 'NONE', *, *, #6380, .F. ) ;
#2094 = ORIENTED_EDGE ( 'NONE', *, *, #5041, .F. ) ;
#2095 = STYLED_ITEM ( 'NONE', ( #5735 ), #2913 ) ;
#2096 = DIRECTION ( 'NONE',  ( 0.000000000000000000, -1.000000000000000000, 0.000000000000000000 ) ) ;
#2097 = EDGE_CURVE ( 'NONE', #7028, #1855, #6240, .T. ) ;
#2098 = CARTESIAN_POINT ( 'NONE',  ( 0.8350000000000000755, 3.200000000000000178, 1.550000000000000044 ) ) ;
#2099 = ORIENTED_EDGE ( 'NONE', *, *, #4741, .F. ) ;
#2100 = COLOUR_RGB ( '',0.7764705882352941346, 0.7568627450980391913, 0.7372549019607843590 ) ;
#2101 = LINE ( 'NONE', #4280, #2051 ) ;
#2102 = SURFACE_STYLE_FILL_AREA ( #916 ) ;
#2103 = CARTESIAN_POINT ( 'NONE',  ( 1.505000000000000115, -4.810002195023270311, -3.491510466163695012E-12 ) ) ;
#2104 = STYLED_ITEM ( 'NONE', ( #1491 ), #3277 ) ;
#2105 =( NAMED_UNIT ( * ) PLANE_ANGLE_UNIT ( ) SI_UNIT ( $, .RADIAN. ) );
#2106 = LINE ( 'NONE', #3717, #6948 ) ;
#2107 = LINE ( 'NONE', #6913, #2372 ) ;
#2108 = DIRECTION ( 'NONE',  ( -1.000000000000000000, 0.000000000000000000, 0.000000000000000000 ) ) ;
#2109 = COLOUR_RGB ( '',0.7764705882352941346, 0.7568627450980391913, 0.7372549019607843590 ) ;
#2110 = PRESENTATION_LAYER_ASSIGNMENT (  '', '', ( #4162 ) ) ;
#2111 = PLANE ( 'NONE',  #2388 ) ;
#2112 = ADVANCED_FACE ( 'NONE', ( #1936 ), #2478, .T. ) ;
#2113 = CARTESIAN_POINT ( 'NONE',  ( 1.505000000000000115, 4.810002195023270311, 0.1999999999999965139 ) ) ;
#2114 = AXIS2_PLACEMENT_3D ( 'NONE', #6242, #6176, #3019 ) ;
#2115 =( GEOMETRIC_REPRESENTATION_CONTEXT ( 3 ) GLOBAL_UNCERTAINTY_ASSIGNED_CONTEXT ( ( #3918 ) ) GLOBAL_UNIT_ASSIGNED_CONTEXT ( ( #1043, #3704, #2643 ) ) REPRESENTATION_CONTEXT ( 'NONE', 'WORKASPACE' ) );
#2116 =( NAMED_UNIT ( * ) PLANE_ANGLE_UNIT ( ) SI_UNIT ( $, .RADIAN. ) );
#2117 = MECHANICAL_DESIGN_GEOMETRIC_PRESENTATION_REPRESENTATION (  '', ( #5087 ), #4987 ) ;
#2118 = SURFACE_SIDE_STYLE ('',( #6464 ) ) ;
#2119 = VECTOR ( 'NONE', #4246, 1000.000000000000000 ) ;
#2120 = EDGE_CURVE ( 'NONE', #4964, #4420, #6321, .T. ) ;
#2121 = DIRECTION ( 'NONE',  ( 1.000000000000000000, 0.000000000000000000, 0.000000000000000000 ) ) ;
#2122 = EDGE_CURVE ( 'NONE', #6040, #5521, #5158, .T. ) ;
#2123 = ADVANCED_FACE ( 'NONE', ( #782 ), #708, .T. ) ;
#2124 = ORIENTED_EDGE ( 'NONE', *, *, #5094, .F. ) ;
#2125 = FACE_OUTER_BOUND ( 'NONE', #2071, .T. ) ;
#2126 = SURFACE_STYLE_FILL_AREA ( #578 ) ;
#2127 = VECTOR ( 'NONE', #3074, 1000.000000000000114 ) ;
#2128 = FILL_AREA_STYLE_COLOUR ( '', #6767 ) ;
#2129 = ORIENTED_EDGE ( 'NONE', *, *, #3009, .F. ) ;
#2130 = CARTESIAN_POINT ( 'NONE',  ( 0.8350000000000000755, 3.189372171916499799, 1.500000000000000000 ) ) ;
#2131 = UNCERTAINTY_MEASURE_WITH_UNIT (LENGTH_MEASURE( 1.000000000000000082E-05 ), #3786, 'distance_accuracy_value', 'NONE');
#2132 = ORIENTED_EDGE ( 'NONE', *, *, #2392, .T. ) ;
#2133 = DIRECTION ( 'NONE',  ( 0.000000000000000000, 0.000000000000000000, 1.000000000000000000 ) ) ;
#2134 = VERTEX_POINT ( 'NONE', #1826 ) ;
#2135 =( GEOMETRIC_REPRESENTATION_CONTEXT ( 3 ) GLOBAL_UNCERTAINTY_ASSIGNED_CONTEXT ( ( #5514 ) ) GLOBAL_UNIT_ASSIGNED_CONTEXT ( ( #2589, #2661, #5882 ) ) REPRESENTATION_CONTEXT ( 'NONE', 'WORKASPACE' ) );
#2136 = DIRECTION ( 'NONE',  ( 0.000000000000000000, 0.000000000000000000, 1.000000000000000000 ) ) ;
#2137 = VERTEX_POINT ( 'NONE', #4013 ) ;
#2138 = DIRECTION ( 'NONE',  ( 1.000000000000000000, 0.000000000000000000, 0.000000000000000000 ) ) ;
#2139 = SURFACE_STYLE_FILL_AREA ( #5865 ) ;
#2140 = LINE ( 'NONE', #5352, #2523 ) ;
#2141 = LINE ( 'NONE', #6524, #2006 ) ;
#2142 = CARTESIAN_POINT ( 'NONE',  ( 1.034999999999999920, -4.310002195023275640, -3.491510466163695012E-12 ) ) ;
#2143 = EDGE_CURVE ( 'NONE', #808, #5421, #3469, .T. ) ;
#2144 = LINE ( 'NONE', #6563, #4473 ) ;
#2145 = SURFACE_STYLE_USAGE ( .BOTH. , #437 ) ;
#2146 = DIRECTION ( 'NONE',  ( 0.000000000000000000, 0.000000000000000000, 1.000000000000000000 ) ) ;
#2147 = PRESENTATION_STYLE_ASSIGNMENT (( #5874 ) ) ;
#2148 = LINE ( 'NONE', #1569, #6131 ) ;
#2149 = SURFACE_STYLE_USAGE ( .BOTH. , #1166 ) ;
#2150 = COLOUR_RGB ( '',0.7764705882352941346, 0.7568627450980391913, 0.7372549019607843590 ) ;
#2151 = CARTESIAN_POINT ( 'NONE',  ( 3.575000000000000178, -4.310002195023275640, 0.1999999999999965139 ) ) ;
#2152 = CIRCLE ( 'NONE', #2962, 0.2000000000000000944 ) ;
#2153 = FILL_AREA_STYLE ('',( #4876 ) ) ;
#2154 = CARTESIAN_POINT ( 'NONE',  ( 0.8350000000000000755, -1.355252715606854196E-17, 0.1999999999999965139 ) ) ;
#2155 = ORIENTED_EDGE ( 'NONE', *, *, #5862, .T. ) ;
#2156 = VECTOR ( 'NONE', #3267, 1000.000000000000000 ) ;
#2157 =( GEOMETRIC_REPRESENTATION_CONTEXT ( 3 ) GLOBAL_UNCERTAINTY_ASSIGNED_CONTEXT ( ( #6751 ) ) GLOBAL_UNIT_ASSIGNED_CONTEXT ( ( #4580, #226, #1781 ) ) REPRESENTATION_CONTEXT ( 'NONE', 'WORKASPACE' ) );
#2158 = ORIENTED_EDGE ( 'NONE', *, *, #5946, .F. ) ;
#2159 =( NAMED_UNIT ( * ) PLANE_ANGLE_UNIT ( ) SI_UNIT ( $, .RADIAN. ) );
#2160 = PLANE ( 'NONE',  #1316 ) ;
#2161 = DIRECTION ( 'NONE',  ( 1.000000000000000000, 0.000000000000000000, 0.000000000000000000 ) ) ;
#2162 = VECTOR ( 'NONE', #4868, 1000.000000000000000 ) ;
#2163 = EDGE_CURVE ( 'NONE', #4458, #3232, #5913, .T. ) ;
#2164 =( NAMED_UNIT ( * ) PLANE_ANGLE_UNIT ( ) SI_UNIT ( $, .RADIAN. ) );
#2165 = ORIENTED_EDGE ( 'NONE', *, *, #3304, .F. ) ;
#2166 = CARTESIAN_POINT ( 'NONE',  ( 4.244999999999999218, 3.200000000000000178, 1.550000000000000044 ) ) ;
#2167 = EDGE_CURVE ( 'NONE', #1265, #933, #946, .T. ) ;
#2168 = VECTOR ( 'NONE', #489, 1000.000000000000000 ) ;
#2169 = ORIENTED_EDGE ( 'NONE', *, *, #758, .T. ) ;
#2170 =( LENGTH_UNIT ( ) NAMED_UNIT ( * ) SI_UNIT ( .MILLI., .METRE. ) );
#2171 =( GEOMETRIC_REPRESENTATION_CONTEXT ( 3 ) GLOBAL_UNCERTAINTY_ASSIGNED_CONTEXT ( ( #6919 ) ) GLOBAL_UNIT_ASSIGNED_CONTEXT ( ( #5000, #2285, #3811 ) ) REPRESENTATION_CONTEXT ( 'NONE', 'WORKASPACE' ) );
#2172 = ORIENTED_EDGE ( 'NONE', *, *, #1731, .T. ) ;
#2173 = CARTESIAN_POINT ( 'NONE',  ( -3.575000000000000178, -4.297206436302234422, 0.1999999999999965139 ) ) ;
#2174 = ORIENTED_EDGE ( 'NONE', *, *, #6380, .T. ) ;
#2175 = VECTOR ( 'NONE', #741, 1000.000000000000000 ) ;
#2176 = DIRECTION ( 'NONE',  ( -1.000000000000000000, 0.000000000000000000, 0.000000000000000000 ) ) ;
#2177 = LINE ( 'NONE', #4204, #1065 ) ;
#2178 = AXIS2_PLACEMENT_3D ( 'NONE', #137, #2456, #4526 ) ;
#2179 = PRESENTATION_STYLE_ASSIGNMENT (( #3105 ) ) ;
#2180 = FILL_AREA_STYLE ('',( #547 ) ) ;
#2181 = DIRECTION ( 'NONE',  ( 0.000000000000000000, -1.000000000000000000, 0.000000000000000000 ) ) ;
#2182 = ADVANCED_FACE ( 'NONE', ( #6972 ), #5323, .T. ) ;
#2183 = COLOUR_RGB ( '',0.7764705882352941346, 0.7568627450980391913, 0.7372549019607843590 ) ;
#2184 = DIRECTION ( 'NONE',  ( 0.000000000000000000, 0.000000000000000000, 1.000000000000000000 ) ) ;
#2185 = VECTOR ( 'NONE', #5513, 1000.000000000000000 ) ;
#2186 = CARTESIAN_POINT ( 'NONE',  ( 1.834999999999999964, 3.710002195023270222, 1.399999999999999911 ) ) ;
#2187 = DIRECTION ( 'NONE',  ( 1.000000000000000000, 0.000000000000000000, 0.000000000000000000 ) ) ;
#2188 = COLOUR_RGB ( '',0.7764705882352941346, 0.7568627450980391913, 0.7372549019607843590 ) ;
#2189 = DIRECTION ( 'NONE',  ( 0.000000000000000000, 0.000000000000000000, 1.000000000000000000 ) ) ;
#2190 = DIRECTION ( 'NONE',  ( 0.000000000000000000, 0.000000000000000000, -1.000000000000000000 ) ) ;
#2191 = PRESENTATION_STYLE_ASSIGNMENT (( #6094 ) ) ;
#2192 =( NAMED_UNIT ( * ) SI_UNIT ( $, .STERADIAN. ) SOLID_ANGLE_UNIT ( ) );
#2193 = FILL_AREA_STYLE ('',( #324 ) ) ;
#2194 = PRESENTATION_STYLE_ASSIGNMENT (( #520 ) ) ;
#2195 = VERTEX_POINT ( 'NONE', #2649 ) ;
#2196 = DIRECTION ( 'NONE',  ( -1.000000000000000000, 0.000000000000000000, 0.000000000000000000 ) ) ;
#2197 = DIRECTION ( 'NONE',  ( 0.000000000000000000, -0.2079116908177598699, -0.9781476007338054668 ) ) ;
#2198 =( NAMED_UNIT ( * ) PLANE_ANGLE_UNIT ( ) SI_UNIT ( $, .RADIAN. ) );
#2199 = ORIENTED_EDGE ( 'NONE', *, *, #6697, .T. ) ;
#2200 = PLANE ( 'NONE',  #634 ) ;
#2201 =( NAMED_UNIT ( * ) PLANE_ANGLE_UNIT ( ) SI_UNIT ( $, .RADIAN. ) );
#2202 = ORIENTED_EDGE ( 'NONE', *, *, #4502, .F. ) ;
#2203 = UNCERTAINTY_MEASURE_WITH_UNIT (LENGTH_MEASURE( 1.000000000000000082E-05 ), #1164, 'distance_accuracy_value', 'NONE');
#2204 = ORIENTED_EDGE ( 'NONE', *, *, #5094, .T. ) ;
#2205 =( NAMED_UNIT ( * ) SI_UNIT ( $, .STERADIAN. ) SOLID_ANGLE_UNIT ( ) );
#2206 = ORIENTED_EDGE ( 'NONE', *, *, #4931, .F. ) ;
#2207 = EDGE_CURVE ( 'NONE', #19, #3525, #3218, .T. ) ;
#2208 = EDGE_LOOP ( 'NONE', ( #6471, #3923, #3305, #6306 ) ) ;
#2209 = FILL_AREA_STYLE ('',( #5422 ) ) ;
#2210 = FILL_AREA_STYLE ('',( #4532 ) ) ;
#2211 = STYLED_ITEM ( 'NONE', ( #2387 ), #2749 ) ;
#2212 = SURFACE_SIDE_STYLE ('',( #35 ) ) ;
#2213 = VERTEX_POINT ( 'NONE', #5835 ) ;
#2214 = CARTESIAN_POINT ( 'NONE',  ( 3.245000000000000107, -3.168116515749499928, 1.699999999999999956 ) ) ;
#2215 = VECTOR ( 'NONE', #6492, 1000.000000000000000 ) ;
#2216 = SURFACE_STYLE_USAGE ( .BOTH. , #1603 ) ;
#2217 = LINE ( 'NONE', #5537, #1719 ) ;
#2218 = EDGE_CURVE ( 'NONE', #6195, #1985, #1999, .T. ) ;
#2219 = FILL_AREA_STYLE ('',( #4973 ) ) ;
#2220 = PLANE ( 'NONE',  #3645 ) ;
#2221 = VECTOR ( 'NONE', #3680, 1000.000000000000000 ) ;
#2222 = EDGE_LOOP ( 'NONE', ( #685, #5032, #3960, #7021 ) ) ;
#2223 =( LENGTH_UNIT ( ) NAMED_UNIT ( * ) SI_UNIT ( .MILLI., .METRE. ) );
#2224 = DIRECTION ( 'NONE',  ( 0.000000000000000000, -1.000000000000000000, 0.000000000000000000 ) ) ;
#2225 = CYLINDRICAL_SURFACE ( 'NONE', #4199, 0.2000000000000000944 ) ;
#2226 = PRESENTATION_LAYER_ASSIGNMENT (  '', '', ( #3938 ) ) ;
#2227 = DIRECTION ( 'NONE',  ( -0.000000000000000000, 1.000000000000000000, 0.000000000000000000 ) ) ;
#2228 = VERTEX_POINT ( 'NONE', #2034 ) ;
#2229 = LINE ( 'NONE', #2882, #1088 ) ;
#2230 = CARTESIAN_POINT ( 'NONE',  ( 0.8350000000000000755, -3.910002195023270399, 0.1999999999965084985 ) ) ;
#2231 = UNCERTAINTY_MEASURE_WITH_UNIT (LENGTH_MEASURE( 1.000000000000000082E-05 ), #4943, 'distance_accuracy_value', 'NONE');
#2232 = CYLINDRICAL_SURFACE ( 'NONE', #5562, 0.2000000000000000944 ) ;
#2233 = COLOUR_RGB ( '',0.7764705882352941346, 0.7568627450980391913, 0.7372549019607843590 ) ;
#2234 = ORIENTED_EDGE ( 'NONE', *, *, #927, .T. ) ;
#2235 =( NAMED_UNIT ( * ) PLANE_ANGLE_UNIT ( ) SI_UNIT ( $, .RADIAN. ) );
#2236 = CARTESIAN_POINT ( 'NONE',  ( -3.245000000000000107, -3.910002195023270399, -3.491456256055070333E-12 ) ) ;
#2237 = DIRECTION ( 'NONE',  ( 0.000000000000000000, 0.000000000000000000, -1.000000000000000000 ) ) ;
#2238 = ORIENTED_EDGE ( 'NONE', *, *, #6173, .F. ) ;
#2239 = VECTOR ( 'NONE', #5867, 1000.000000000000000 ) ;
#2240 = MECHANICAL_DESIGN_GEOMETRIC_PRESENTATION_REPRESENTATION (  '', ( #503 ), #6366 ) ;
#2241 = EDGE_LOOP ( 'NONE', ( #2665, #2825, #6310, #1445, #7140, #3317, #4492, #297, #218, #3769, #924, #2431 ) ) ;
#2242 = ORIENTED_EDGE ( 'NONE', *, *, #7047, .F. ) ;
#2243 = CARTESIAN_POINT ( 'NONE',  ( -1.505000000000000115, 4.310002195023275640, 0.1999999999999965139 ) ) ;
#2244 = VERTEX_POINT ( 'NONE', #4282 ) ;
#2245 = MECHANICAL_DESIGN_GEOMETRIC_PRESENTATION_REPRESENTATION (  '', ( #633 ), #5910 ) ;
#2246 = CARTESIAN_POINT ( 'NONE',  ( -4.244999999999999218, -4.010002195023269600, 0.1999999999999970135 ) ) ;
#2247 = COLOUR_RGB ( '',0.1019607843137254888, 0.1019607843137254888, 0.1019607843137254888 ) ;
#2248 = SURFACE_SIDE_STYLE ('',( #699 ) ) ;
#2249 = ORIENTED_EDGE ( 'NONE', *, *, #477, .F. ) ;
#2250 = CARTESIAN_POINT ( 'NONE',  ( 1.834999999999999964, -3.710002195023270222, 1.699999999999999956 ) ) ;
#2251 = MECHANICAL_DESIGN_GEOMETRIC_PRESENTATION_REPRESENTATION (  '', ( #5326 ), #2135 ) ;
#2252 = SURFACE_STYLE_FILL_AREA ( #2760 ) ;
#2253 = FACE_OUTER_BOUND ( 'NONE', #1147, .T. ) ;
#2254 = SURFACE_SIDE_STYLE ('',( #2 ) ) ;
#2255 = PRESENTATION_STYLE_ASSIGNMENT (( #45 ) ) ;
#2256 = VECTOR ( 'NONE', #5154, 1000.000000000000000 ) ;
#2257 = LINE ( 'NONE', #1718, #5669 ) ;
#2258 = ORIENTED_EDGE ( 'NONE', *, *, #3009, .T. ) ;
#2259 = EDGE_CURVE ( 'NONE', #6928, #6838, #4830, .T. ) ;
#2260 = EDGE_CURVE ( 'NONE', #4037, #5097, #6381, .T. ) ;
#2261 = PRESENTATION_STYLE_ASSIGNMENT (( #1135 ) ) ;
#2262 =( GEOMETRIC_REPRESENTATION_CONTEXT ( 3 ) GLOBAL_UNCERTAINTY_ASSIGNED_CONTEXT ( ( #1728 ) ) GLOBAL_UNIT_ASSIGNED_CONTEXT ( ( #5535, #1162, #7076 ) ) REPRESENTATION_CONTEXT ( 'NONE', 'WORKASPACE' ) );
#2263 =( NAMED_UNIT ( * ) SI_UNIT ( $, .STERADIAN. ) SOLID_ANGLE_UNIT ( ) );
#2264 = PRESENTATION_STYLE_ASSIGNMENT (( #676 ) ) ;
#2265 = DIRECTION ( 'NONE',  ( 0.000000000000000000, 0.000000000000000000, 1.000000000000000000 ) ) ;
#2266 = VERTEX_POINT ( 'NONE', #3713 ) ;
#2267 = STYLED_ITEM ( 'NONE', ( #1624 ), #6250 ) ;
#2268 = ADVANCED_FACE ( 'NONE', ( #5256 ), #879, .F. ) ;
#2269 = CARTESIAN_POINT ( 'NONE',  ( -1.834999999999999964, -3.710002195023270222, 0.1999999999965084985 ) ) ;
#2270 = ORIENTED_EDGE ( 'NONE', *, *, #1837, .T. ) ;
#2271 = LINE ( 'NONE', #1653, #1421 ) ;
#2272 = STYLED_ITEM ( 'NONE', ( #2797 ), #77 ) ;
#2273 = ADVANCED_FACE ( 'NONE', ( #6940 ), #1455, .F. ) ;
#2274 = ORIENTED_EDGE ( 'NONE', *, *, #4841, .F. ) ;
#2275 = STYLED_ITEM ( 'NONE', ( #1458 ), #6616 ) ;
#2276 = UNCERTAINTY_MEASURE_WITH_UNIT (LENGTH_MEASURE( 1.000000000000000082E-05 ), #6349, 'distance_accuracy_value', 'NONE');
#2277 = ORIENTED_EDGE ( 'NONE', *, *, #6029, .F. ) ;
#2278 = STYLED_ITEM ( 'NONE', ( #2775 ), #225 ) ;
#2279 = DIRECTION ( 'NONE',  ( -1.000000000000000000, 0.000000000000000000, 0.000000000000000000 ) ) ;
#2280 = ORIENTED_EDGE ( 'NONE', *, *, #3822, .T. ) ;
#2281 = LINE ( 'NONE', #6590, #3116 ) ;
#2282 = ORIENTED_EDGE ( 'NONE', *, *, #672, .F. ) ;
#2283 =( NAMED_UNIT ( * ) PLANE_ANGLE_UNIT ( ) SI_UNIT ( $, .RADIAN. ) );
#2284 = SURFACE_STYLE_USAGE ( .BOTH. , #2355 ) ;
#2285 =( NAMED_UNIT ( * ) PLANE_ANGLE_UNIT ( ) SI_UNIT ( $, .RADIAN. ) );
#2286 = VECTOR ( 'NONE', #3761, 1000.000000000000000 ) ;
#2287 = MECHANICAL_DESIGN_GEOMETRIC_PRESENTATION_REPRESENTATION (  '', ( #1469 ), #1941 ) ;
#2288 = EDGE_LOOP ( 'NONE', ( #3984, #793, #6362, #3702, #2646, #4747, #2697, #6918, #4889, #4158, #6985, #2353, #6692 ) ) ;
#2289 = DIRECTION ( 'NONE',  ( 0.000000000000000000, 0.000000000000000000, 1.000000000000000000 ) ) ;
#2290 = COLOUR_RGB ( '',0.7764705882352941346, 0.7568627450980391913, 0.7372549019607843590 ) ;
#2291 =( GEOMETRIC_REPRESENTATION_CONTEXT ( 3 ) GLOBAL_UNCERTAINTY_ASSIGNED_CONTEXT ( ( #3068 ) ) GLOBAL_UNIT_ASSIGNED_CONTEXT ( ( #818, #1317, #5115 ) ) REPRESENTATION_CONTEXT ( 'NONE', 'WORKASPACE' ) );
#2292 = CARTESIAN_POINT ( 'NONE',  ( 3.245000000000000107, 3.910002195023270399, 1.500000000000000000 ) ) ;
#2293 =( NAMED_UNIT ( * ) SI_UNIT ( $, .STERADIAN. ) SOLID_ANGLE_UNIT ( ) );
#2294 =( LENGTH_UNIT ( ) NAMED_UNIT ( * ) SI_UNIT ( .MILLI., .METRE. ) );
#2295 = STYLED_ITEM ( 'NONE', ( #300 ), #2493 ) ;
#2296 = CARTESIAN_POINT ( 'NONE',  ( -4.044999999999999929, 4.810002195023270311, 0.1999999999999965139 ) ) ;
#2297 = VERTEX_POINT ( 'NONE', #3327 ) ;
#2298 = VECTOR ( 'NONE', #2662, 1000.000000000000000 ) ;
#2299 = DIRECTION ( 'NONE',  ( -0.000000000000000000, 1.000000000000000000, 0.000000000000000000 ) ) ;
#2300 = CARTESIAN_POINT ( 'NONE',  ( 3.245000000000000107, 0.000000000000000000, -3.491456256055070333E-12 ) ) ;
#2301 =( LENGTH_UNIT ( ) NAMED_UNIT ( * ) SI_UNIT ( .MILLI., .METRE. ) );
#2302 = FILL_AREA_STYLE_COLOUR ( '', #4108 ) ;
#2303 = CARTESIAN_POINT ( 'NONE',  ( -4.930000000000000604, -3.168116515749499928, 1.699999999999999956 ) ) ;
#2304 = ORIENTED_EDGE ( 'NONE', *, *, #4971, .T. ) ;
#2305 = UNCERTAINTY_MEASURE_WITH_UNIT (LENGTH_MEASURE( 1.000000000000000082E-05 ), #5651, 'distance_accuracy_value', 'NONE');
#2306 = SURFACE_STYLE_USAGE ( .BOTH. , #5483 ) ;
#2307 = ORIENTED_EDGE ( 'NONE', *, *, #296, .F. ) ;
#2309 = EDGE_CURVE ( 'NONE', #3312, #4164, #1604, .T. ) ;
#2308 = PRESENTATION_STYLE_ASSIGNMENT (( #6807 ) ) ;
#2310 = FACE_OUTER_BOUND ( 'NONE', #2241, .T. ) ;
#2311 = LINE ( 'NONE', #5595, #5360 ) ;
#2312 = ORIENTED_EDGE ( 'NONE', *, *, #1056, .T. ) ;
#2313 = DIRECTION ( 'NONE',  ( 1.000000000000000000, 0.000000000000000000, 0.000000000000000000 ) ) ;
#2314 = ORIENTED_EDGE ( 'NONE', *, *, #2348, .T. ) ;
#2315 = PLANE ( 'NONE',  #4921 ) ;
#2316 = ORIENTED_EDGE ( 'NONE', *, *, #1598, .F. ) ;
#2317 =( NAMED_UNIT ( * ) PLANE_ANGLE_UNIT ( ) SI_UNIT ( $, .RADIAN. ) );
#2318 = ORIENTED_EDGE ( 'NONE', *, *, #4646, .F. ) ;
#2319 = LINE ( 'NONE', #4940, #3596 ) ;
#2320 = CARTESIAN_POINT ( 'NONE',  ( -3.245000000000000107, -4.810002195023270311, -3.491456256055070333E-12 ) ) ;
#2321 = FILL_AREA_STYLE ('',( #6159 ) ) ;
#2322 = FILL_AREA_STYLE ('',( #5036 ) ) ;
#2323 = ORIENTED_EDGE ( 'NONE', *, *, #436, .F. ) ;
#2324 = CARTESIAN_POINT ( 'NONE',  ( -0.8350000000000000755, -3.910002195023270399, 1.500000000000000000 ) ) ;
#2325 = CYLINDRICAL_SURFACE ( 'NONE', #431, 0.2000000000000000111 ) ;
#2326 = EDGE_CURVE ( 'NONE', #2639, #6260, #1, .T. ) ;
#2327 = CARTESIAN_POINT ( 'NONE',  ( 1.834999999999999964, 3.168116515749499928, 1.699999999999999956 ) ) ;
#2328 = DIRECTION ( 'NONE',  ( 0.000000000000000000, 0.000000000000000000, -1.000000000000000000 ) ) ;
#2329 = DIRECTION ( 'NONE',  ( 0.000000000000000000, 0.000000000000000000, -1.000000000000000000 ) ) ;
#2330 = DIRECTION ( 'NONE',  ( 0.000000000000000000, 1.000000000000000000, 0.000000000000000000 ) ) ;
#2331 =( GEOMETRIC_REPRESENTATION_CONTEXT ( 3 ) GLOBAL_UNCERTAINTY_ASSIGNED_CONTEXT ( ( #6963 ) ) GLOBAL_UNIT_ASSIGNED_CONTEXT ( ( #2412, #5257, #1355 ) ) REPRESENTATION_CONTEXT ( 'NONE', 'WORKASPACE' ) );
#2332 = FILL_AREA_STYLE ('',( #5227 ) ) ;
#2333 = DIRECTION ( 'NONE',  ( -1.000000000000000000, 0.000000000000000000, 0.000000000000000000 ) ) ;
#2334 = CARTESIAN_POINT ( 'NONE',  ( 1.834999999999999964, -1.355252715606854196E-17, 0.1999999999999965139 ) ) ;
#2335 =( GEOMETRIC_REPRESENTATION_CONTEXT ( 3 ) GLOBAL_UNCERTAINTY_ASSIGNED_CONTEXT ( ( #4994 ) ) GLOBAL_UNIT_ASSIGNED_CONTEXT ( ( #3283, #1235, #629 ) ) REPRESENTATION_CONTEXT ( 'NONE', 'WORKASPACE' ) );
#2336 = DIRECTION ( 'NONE',  ( 0.000000000000000000, 0.000000000000000000, 1.000000000000000000 ) ) ;
#2337 = CARTESIAN_POINT ( 'NONE',  ( 3.245000000000000107, 0.000000000000000000, -3.491456256055070333E-12 ) ) ;
#2338 = VERTEX_POINT ( 'NONE', #4907 ) ;
#2339 = DIRECTION ( 'NONE',  ( 0.000000000000000000, 1.000000000000000000, 0.000000000000000000 ) ) ;
#2340 = CARTESIAN_POINT ( 'NONE',  ( 4.244999999999999218, 3.710002195023270222, 1.500000000000000000 ) ) ;
#2341 = EDGE_CURVE ( 'NONE', #6328, #1039, #2217, .T. ) ;
#2342 = ORIENTED_EDGE ( 'NONE', *, *, #3919, .F. ) ;
#2343 = AXIS2_PLACEMENT_3D ( 'NONE', #900, #5782, #2056 ) ;
#2344 = DIRECTION ( 'NONE',  ( 0.000000000000000000, 1.000000000000000000, 0.000000000000000000 ) ) ;
#2345 =( NAMED_UNIT ( * ) SI_UNIT ( $, .STERADIAN. ) SOLID_ANGLE_UNIT ( ) );
#2346 = UNCERTAINTY_MEASURE_WITH_UNIT (LENGTH_MEASURE( 1.000000000000000082E-05 ), #4583, 'distance_accuracy_value', 'NONE');
#2347 = EDGE_CURVE ( 'NONE', #3954, #6156, #4384, .T. ) ;
#2348 = EDGE_CURVE ( 'NONE', #1709, #5053, #2529, .T. ) ;
#2349 = VECTOR ( 'NONE', #3185, 1000.000000000000114 ) ;
#2350 = ORIENTED_EDGE ( 'NONE', *, *, #5307, .T. ) ;
#2351 =( NAMED_UNIT ( * ) SI_UNIT ( $, .STERADIAN. ) SOLID_ANGLE_UNIT ( ) );
#2352 = ORIENTED_EDGE ( 'NONE', *, *, #5041, .T. ) ;
#2353 = ORIENTED_EDGE ( 'NONE', *, *, #3605, .T. ) ;
#2354 = PLANE ( 'NONE',  #1648 ) ;
#2355 = SURFACE_SIDE_STYLE ('',( #6158 ) ) ;
#2356 = AXIS2_PLACEMENT_3D ( 'NONE', #6128, #3544, #192 ) ;
#2357 = PRESENTATION_LAYER_ASSIGNMENT (  '', '', ( #6246 ) ) ;
#2358 = DIRECTION ( 'NONE',  ( 0.000000000000000000, 0.000000000000000000, -1.000000000000000000 ) ) ;
#2359 = ORIENTED_EDGE ( 'NONE', *, *, #2668, .F. ) ;
#2360 =( NAMED_UNIT ( * ) PLANE_ANGLE_UNIT ( ) SI_UNIT ( $, .RADIAN. ) );
#2361 = MECHANICAL_DESIGN_GEOMETRIC_PRESENTATION_REPRESENTATION (  '', ( #1903 ), #4641 ) ;
#2362 = EDGE_CURVE ( 'NONE', #5802, #1224, #4930, .T. ) ;
#2363 = PRESENTATION_LAYER_ASSIGNMENT (  '', '', ( #1779 ) ) ;
#2364 = DIRECTION ( 'NONE',  ( 0.000000000000000000, -1.000000000000000000, 3.614007241618355180E-16 ) ) ;
#2365 = FILL_AREA_STYLE_COLOUR ( '', #2521 ) ;
#2366 = CARTESIAN_POINT ( 'NONE',  ( -3.245000000000000107, 3.610002195023269689, 1.399999999999999911 ) ) ;
#2367 = DIRECTION ( 'NONE',  ( -1.000000000000000000, 0.000000000000000000, 0.000000000000000000 ) ) ;
#2368 = PRESENTATION_LAYER_ASSIGNMENT (  '', '', ( #4294 ) ) ;
#2369 = EDGE_LOOP ( 'NONE', ( #6337, #6510, #5346, #5384 ) ) ;
#2370 = EDGE_CURVE ( 'NONE', #1398, #1331, #115, .T. ) ;
#2371 = SURFACE_STYLE_USAGE ( .BOTH. , #5733 ) ;
#2372 = VECTOR ( 'NONE', #1502, 1000.000000000000000 ) ;
#2373 = DIRECTION ( 'NONE',  ( -1.000000000000000000, 0.000000000000000000, 0.000000000000000000 ) ) ;
#2374 = LINE ( 'NONE', #5118, #1193 ) ;
#2375 = DIRECTION ( 'NONE',  ( 0.000000000000000000, 0.000000000000000000, 1.000000000000000000 ) ) ;
#2376 = UNCERTAINTY_MEASURE_WITH_UNIT (LENGTH_MEASURE( 1.000000000000000082E-05 ), #350, 'distance_accuracy_value', 'NONE');
#2377 =( NAMED_UNIT ( * ) SI_UNIT ( $, .STERADIAN. ) SOLID_ANGLE_UNIT ( ) );
#2378 = VERTEX_POINT ( 'NONE', #5576 ) ;
#2379 = COLOUR_RGB ( '',0.7764705882352941346, 0.7568627450980391913, 0.7372549019607843590 ) ;
#2380 = FACE_OUTER_BOUND ( 'NONE', #812, .T. ) ;
#2381 = DIRECTION ( 'NONE',  ( 0.000000000000000000, 0.000000000000000000, 1.000000000000000000 ) ) ;
#2382 = VERTEX_POINT ( 'NONE', #2828 ) ;
#2383 = DIRECTION ( 'NONE',  ( -0.000000000000000000, 1.000000000000000000, 0.000000000000000000 ) ) ;
#2384 = VECTOR ( 'NONE', #2189, 1000.000000000000000 ) ;
#2385 = DIRECTION ( 'NONE',  ( -1.000000000000000000, 0.000000000000000000, 0.000000000000000000 ) ) ;
#2386 = VERTEX_POINT ( 'NONE', #2292 ) ;
#2387 = PRESENTATION_STYLE_ASSIGNMENT (( #6155 ) ) ;
#2388 = AXIS2_PLACEMENT_3D ( 'NONE', #51, #1098, #5402 ) ;
#2389 = ORIENTED_EDGE ( 'NONE', *, *, #111, .F. ) ;
#2390 = CARTESIAN_POINT ( 'NONE',  ( -1.034999999999999920, -4.810002195023270311, -3.491510466163695012E-12 ) ) ;
#2391 =( NAMED_UNIT ( * ) SI_UNIT ( $, .STERADIAN. ) SOLID_ANGLE_UNIT ( ) );
#2392 = EDGE_CURVE ( 'NONE', #4566, #5627, #1672, .T. ) ;
#2393 = COLOUR_RGB ( '',0.7764705882352941346, 0.7568627450980391913, 0.7372549019607843590 ) ;
#2394 = VERTEX_POINT ( 'NONE', #2327 ) ;
#2395 =( NAMED_UNIT ( * ) PLANE_ANGLE_UNIT ( ) SI_UNIT ( $, .RADIAN. ) );
#2396 = COLOUR_RGB ( '',0.7764705882352941346, 0.7568627450980391913, 0.7372549019607843590 ) ;
#2397 = VECTOR ( 'NONE', #7038, 1000.000000000000000 ) ;
#2398 = CARTESIAN_POINT ( 'NONE',  ( 1.834999999999999964, -3.910002195023270399, -3.491456256055070333E-12 ) ) ;
#2399 = VECTOR ( 'NONE', #2005, 1000.000000000000114 ) ;
#2400 = PRESENTATION_STYLE_ASSIGNMENT (( #1386 ) ) ;
#2401 = STYLED_ITEM ( 'NONE', ( #6661 ), #480 ) ;
#2402 = SURFACE_STYLE_USAGE ( .BOTH. , #4720 ) ;
#2403 = EDGE_CURVE ( 'NONE', #1066, #3269, #4504, .T. ) ;
#2404 = DIRECTION ( 'NONE',  ( -1.000000000000000000, 0.000000000000000000, 0.000000000000000000 ) ) ;
#2405 = MECHANICAL_DESIGN_GEOMETRIC_PRESENTATION_REPRESENTATION (  '', ( #3192 ), #84 ) ;
#2406 = EDGE_LOOP ( 'NONE', ( #3081, #6189, #1347, #780 ) ) ;
#2407 = COLOUR_RGB ( '',0.7764705882352941346, 0.7568627450980391913, 0.7372549019607843590 ) ;
#2408 = MECHANICAL_DESIGN_GEOMETRIC_PRESENTATION_REPRESENTATION (  '', ( #3905 ), #207 ) ;
#2409 = VECTOR ( 'NONE', #2053, 1000.000000000000000 ) ;
#2410 = SURFACE_STYLE_USAGE ( .BOTH. , #2981 ) ;
#2411 = COLOUR_RGB ( '',0.7764705882352941346, 0.7568627450980391913, 0.7372549019607843590 ) ;
#2412 =( LENGTH_UNIT ( ) NAMED_UNIT ( * ) SI_UNIT ( .MILLI., .METRE. ) );
#2413 =( LENGTH_UNIT ( ) NAMED_UNIT ( * ) SI_UNIT ( .MILLI., .METRE. ) );
#2414 = VECTOR ( 'NONE', #6100, 1000.000000000000000 ) ;
#2415 = CARTESIAN_POINT ( 'NONE',  ( 1.034999999999999920, 4.310002195023275640, 0.1999999999999965139 ) ) ;
#2416 = DIRECTION ( 'NONE',  ( 1.000000000000000000, 0.000000000000000000, 0.000000000000000000 ) ) ;
#2417 = CARTESIAN_POINT ( 'NONE',  ( -0.8350000000000000755, 0.000000000000000000, 1.500000000000000000 ) ) ;
#2418 = ORIENTED_EDGE ( 'NONE', *, *, #2326, .T. ) ;
#2419 = FILL_AREA_STYLE_COLOUR ( '', #854 ) ;
#2420 = PLANE ( 'NONE',  #1323 ) ;
#2421 = PRESENTATION_STYLE_ASSIGNMENT (( #2449 ) ) ;
#2422 = DIRECTION ( 'NONE',  ( -1.000000000000000000, -2.628368902995165181E-15, 0.000000000000000000 ) ) ;
#2423 = VECTOR ( 'NONE', #1969, 1000.000000000000000 ) ;
#2424 = VERTEX_POINT ( 'NONE', #3854 ) ;
#2425 = FILL_AREA_STYLE_COLOUR ( '', #6759 ) ;
#2426 = UNCERTAINTY_MEASURE_WITH_UNIT (LENGTH_MEASURE( 1.000000000000000082E-05 ), #6084, 'distance_accuracy_value', 'NONE');
#2427 = ORIENTED_EDGE ( 'NONE', *, *, #5804, .F. ) ;
#2428 = LINE ( 'NONE', #4605, #6601 ) ;
#2429 = ORIENTED_EDGE ( 'NONE', *, *, #5304, .F. ) ;
#2430 = DIRECTION ( 'NONE',  ( 0.000000000000000000, 0.000000000000000000, 1.000000000000000000 ) ) ;
#2431 = ORIENTED_EDGE ( 'NONE', *, *, #4758, .T. ) ;
#2432 = CARTESIAN_POINT ( 'NONE',  ( -1.834999999999999964, 3.168116515749499928, 1.699999999999999956 ) ) ;
#2433 =( LENGTH_UNIT ( ) NAMED_UNIT ( * ) SI_UNIT ( .MILLI., .METRE. ) );
#2434 = EDGE_LOOP ( 'NONE', ( #3425, #4056, #707, #2323 ) ) ;
#2435 = CARTESIAN_POINT ( 'NONE',  ( 4.244999999999999218, 3.189372171916499799, 1.500000000000000000 ) ) ;
#2436 = UNCERTAINTY_MEASURE_WITH_UNIT (LENGTH_MEASURE( 1.000000000000000082E-05 ), #2907, 'distance_accuracy_value', 'NONE');
#2437 = ORIENTED_EDGE ( 'NONE', *, *, #227, .T. ) ;
#2438 = DIRECTION ( 'NONE',  ( -1.000000000000000000, 0.000000000000000000, 0.000000000000000000 ) ) ;
#2439 = CARTESIAN_POINT ( 'NONE',  ( -4.244999999999999218, -3.110002195023275018, 1.699999999999999956 ) ) ;
#2440 = CARTESIAN_POINT ( 'NONE',  ( 0.8350000000000000755, 4.310002195023275640, -3.491456256055070333E-12 ) ) ;
#2441 = VERTEX_POINT ( 'NONE', #2866 ) ;
#2442 = ADVANCED_FACE ( 'NONE', ( #2253 ), #554, .F. ) ;
#2443 = EDGE_CURVE ( 'NONE', #2004, #6630, #1947, .T. ) ;
#2444 = CARTESIAN_POINT ( 'NONE',  ( 3.245000000000000107, 4.010002195023269600, 0.1999999999999970135 ) ) ;
#2445 = CARTESIAN_POINT ( 'NONE',  ( 4.044999999999999929, -4.310002195023275640, -3.491510466163695012E-12 ) ) ;
#2446 =( NAMED_UNIT ( * ) SI_UNIT ( $, .STERADIAN. ) SOLID_ANGLE_UNIT ( ) );
#2447 = STYLED_ITEM ( 'NONE', ( #5714 ), #2799 ) ;
#2448 = DIRECTION ( 'NONE',  ( 0.000000000000000000, -1.000000000000000000, 3.614007241618355180E-16 ) ) ;
#2449 = SURFACE_STYLE_USAGE ( .BOTH. , #2491 ) ;
#2450 = VECTOR ( 'NONE', #1638, 1000.000000000000000 ) ;
#2451 = LINE ( 'NONE', #6292, #2738 ) ;
#2452 = ORIENTED_EDGE ( 'NONE', *, *, #3017, .F. ) ;
#2453 = EDGE_CURVE ( 'NONE', #6743, #1503, #5725, .T. ) ;
#2454 = CARTESIAN_POINT ( 'NONE',  ( -4.044999999999999929, 4.810002195023270311, -3.491510466163695012E-12 ) ) ;
#2455 = DIRECTION ( 'NONE',  ( -1.000000000000000000, 0.000000000000000000, 0.000000000000000000 ) ) ;
#2456 = DIRECTION ( 'NONE',  ( -1.000000000000000000, 0.000000000000000000, 0.000000000000000000 ) ) ;
#2457 = ORIENTED_EDGE ( 'NONE', *, *, #5918, .F. ) ;
#2458 = PRESENTATION_LAYER_ASSIGNMENT (  '', '', ( #2912 ) ) ;
#2459 = CARTESIAN_POINT ( 'NONE',  ( 3.245000000000000107, -3.910002195023270399, 0.2999999999999999889 ) ) ;
#2460 = EDGE_LOOP ( 'NONE', ( #7025, #5715, #3518, #5643 ) ) ;
#2461 = CARTESIAN_POINT ( 'NONE',  ( -1.834999999999999964, 4.310002195023275640, -3.491510466163695012E-12 ) ) ;
#2462 = FILL_AREA_STYLE_COLOUR ( '', #1711 ) ;
#2463 = ORIENTED_EDGE ( 'NONE', *, *, #1058, .T. ) ;
#2464 = LINE ( 'NONE', #6120, #4194 ) ;
#2465 = AXIS2_PLACEMENT_3D ( 'NONE', #922, #3086, #5264 ) ;
#2466 = ORIENTED_EDGE ( 'NONE', *, *, #4296, .F. ) ;
#2467 = DIRECTION ( 'NONE',  ( 1.000000000000000000, 0.000000000000000000, 0.000000000000000000 ) ) ;
#2468 = VECTOR ( 'NONE', #3254, 1000.000000000000000 ) ;
#2469 = COLOUR_RGB ( '',0.7764705882352941346, 0.7568627450980391913, 0.7372549019607843590 ) ;
#2470 = ORIENTED_EDGE ( 'NONE', *, *, #6656, .T. ) ;
#2471 = DIRECTION ( 'NONE',  ( 0.000000000000000000, 0.000000000000000000, -1.000000000000000000 ) ) ;
#2472 = VECTOR ( 'NONE', #4813, 1000.000000000000000 ) ;
#2473 = DIRECTION ( 'NONE',  ( -1.000000000000000000, 0.000000000000000000, 0.000000000000000000 ) ) ;
#2474 = ORIENTED_EDGE ( 'NONE', *, *, #3179, .F. ) ;
#2475 = AXIS2_PLACEMENT_3D ( 'NONE', #2070, #1931, #3706 ) ;
#2476 = LINE ( 'NONE', #6871, #7007 ) ;
#2477 = PRESENTATION_LAYER_ASSIGNMENT (  '', '', ( #4645 ) ) ;
#2478 = CYLINDRICAL_SURFACE ( 'NONE', #2525, 0.2000000000000000111 ) ;
#2479 = DIRECTION ( 'NONE',  ( 0.000000000000000000, -1.000000000000000000, 3.614007241618355180E-16 ) ) ;
#2480 = VECTOR ( 'NONE', #6418, 1000.000000000000114 ) ;
#2481 = LINE ( 'NONE', #2337, #4281 ) ;
#2482 = EDGE_CURVE ( 'NONE', #3860, #2137, #1385, .T. ) ;
#2483 = PRESENTATION_LAYER_ASSIGNMENT (  '', '', ( #4052 ) ) ;
#2484 = ORIENTED_EDGE ( 'NONE', *, *, #518, .F. ) ;
#2485 = FACE_OUTER_BOUND ( 'NONE', #4307, .T. ) ;
#2486 = ADVANCED_FACE ( 'NONE', ( #3574 ), #5754, .T. ) ;
#2487 = DIRECTION ( 'NONE',  ( 0.000000000000000000, 0.2079116908177598699, -0.9781476007338054668 ) ) ;
#2488 = AXIS2_PLACEMENT_3D ( 'NONE', #5846, #3688, #923 ) ;
#2489 = CARTESIAN_POINT ( 'NONE',  ( 0.8350000000000000755, -3.910002195023270399, 1.500000000000000000 ) ) ;
#2490 = FACE_OUTER_BOUND ( 'NONE', #6951, .T. ) ;
#2491 = SURFACE_SIDE_STYLE ('',( #753 ) ) ;
#2492 = VECTOR ( 'NONE', #5958, 1000.000000000000114 ) ;
#2493 = ADVANCED_FACE ( 'NONE', ( #3432 ), #2901, .F. ) ;
#2494 = ORIENTED_EDGE ( 'NONE', *, *, #5283, .T. ) ;
#2495 = CARTESIAN_POINT ( 'NONE',  ( 1.505000000000000115, -4.310002195023275640, 0.1999999999999965139 ) ) ;
#2496 = FILL_AREA_STYLE_COLOUR ( '', #1134 ) ;
#2497 = CARTESIAN_POINT ( 'NONE',  ( -4.244999999999999218, 3.610002195023269689, 1.399999999999999911 ) ) ;
#2498 = CARTESIAN_POINT ( 'NONE',  ( 1.505000000000000115, 4.810002195023270311, 0.1999999999999965139 ) ) ;
#2499 = STYLED_ITEM ( 'NONE', ( #5145 ), #6081 ) ;
#2500 =( NAMED_UNIT ( * ) SI_UNIT ( $, .STERADIAN. ) SOLID_ANGLE_UNIT ( ) );
#2501 = ORIENTED_EDGE ( 'NONE', *, *, #1642, .T. ) ;
#2502 = DIRECTION ( 'NONE',  ( -1.000000000000000000, 0.000000000000000000, 0.000000000000000000 ) ) ;
#2503 = EDGE_CURVE ( 'NONE', #2338, #4819, #733, .T. ) ;
#2504 = CARTESIAN_POINT ( 'NONE',  ( -3.575000000000000178, -4.810002195023270311, 0.1999999999999965139 ) ) ;
#2505 = EDGE_LOOP ( 'NONE', ( #1167, #6662, #4893, #2914 ) ) ;
#2506 = PRESENTATION_LAYER_ASSIGNMENT (  '', '', ( #2267 ) ) ;
#2507 = UNCERTAINTY_MEASURE_WITH_UNIT (LENGTH_MEASURE( 1.000000000000000082E-05 ), #1734, 'distance_accuracy_value', 'NONE');
#2508 = SURFACE_SIDE_STYLE ('',( #4241 ) ) ;
#2509 = ORIENTED_EDGE ( 'NONE', *, *, #4769, .F. ) ;
#2510 = PRESENTATION_LAYER_ASSIGNMENT (  '', '', ( #2031 ) ) ;
#2511 = CARTESIAN_POINT ( 'NONE',  ( 4.643048641745470384, -2.913048641745470402, 2.899999999999999911 ) ) ;
#2512 = PLANE ( 'NONE',  #5950 ) ;
#2513 = CARTESIAN_POINT ( 'NONE',  ( 3.245000000000000107, -3.200000000000000178, 1.550000000000000044 ) ) ;
#2514 = STYLED_ITEM ( 'NONE', ( #920 ), #38 ) ;
#2515 = PLANE ( 'NONE',  #4669 ) ;
#2516 = AXIS2_PLACEMENT_3D ( 'NONE', #3409, #1725, #2336 ) ;
#2517 = SURFACE_STYLE_FILL_AREA ( #368 ) ;
#2518 = VECTOR ( 'NONE', #728, 1000.000000000000000 ) ;
#2519 = DIRECTION ( 'NONE',  ( -1.000000000000000000, 0.000000000000000000, 0.000000000000000000 ) ) ;
#2520 = SURFACE_STYLE_USAGE ( .BOTH. , #308 ) ;
#2521 = COLOUR_RGB ( '',0.7764705882352941346, 0.7568627450980391913, 0.7372549019607843590 ) ;
#2522 = MECHANICAL_DESIGN_GEOMETRIC_PRESENTATION_REPRESENTATION (  '', ( #3877 ), #202 ) ;
#2523 = VECTOR ( 'NONE', #4310, 1000.000000000000000 ) ;
#2524 = EDGE_CURVE ( 'NONE', #6630, #6225, #6934, .T. ) ;
#2525 = AXIS2_PLACEMENT_3D ( 'NONE', #1422, #5697, #4546 ) ;
#2526 = MECHANICAL_DESIGN_GEOMETRIC_PRESENTATION_REPRESENTATION (  '', ( #4220 ), #7003 ) ;
#2527 =( NAMED_UNIT ( * ) SI_UNIT ( $, .STERADIAN. ) SOLID_ANGLE_UNIT ( ) );
#2528 = ORIENTED_EDGE ( 'NONE', *, *, #4048, .F. ) ;
#2529 = CIRCLE ( 'NONE', #6070, 0.09999999999999999167 ) ;
#2530 = VECTOR ( 'NONE', #3198, 1000.000000000000000 ) ;
#2531 = DIRECTION ( 'NONE',  ( 0.000000000000000000, 1.000000000000000000, 0.000000000000000000 ) ) ;
#2532 = EDGE_CURVE ( 'NONE', #4200, #5528, #5863, .T. ) ;
#2533 = CARTESIAN_POINT ( 'NONE',  ( 3.575000000000000178, -4.810002195023270311, -3.491510466163695012E-12 ) ) ;
#2534 = VERTEX_POINT ( 'NONE', #5826 ) ;
#2535 = VECTOR ( 'NONE', #10, 1000.000000000000000 ) ;
#2536 =( LENGTH_UNIT ( ) NAMED_UNIT ( * ) SI_UNIT ( .MILLI., .METRE. ) );
#2537 = VERTEX_POINT ( 'NONE', #338 ) ;
#2538 = DIRECTION ( 'NONE',  ( -1.000000000000000000, 0.000000000000000000, 0.000000000000000000 ) ) ;
#2539 = ORIENTED_EDGE ( 'NONE', *, *, #1570, .F. ) ;
#2540 =( NAMED_UNIT ( * ) SI_UNIT ( $, .STERADIAN. ) SOLID_ANGLE_UNIT ( ) );
#2541 = CARTESIAN_POINT ( 'NONE',  ( 4.044999999999999929, -4.310002195023275640, -3.491510466163695012E-12 ) ) ;
#2542 = EDGE_CURVE ( 'NONE', #4742, #4603, #909, .T. ) ;
#2543 = CARTESIAN_POINT ( 'NONE',  ( 1.034999999999999920, -4.310002195023275640, -3.491510466163695012E-12 ) ) ;
#2544 = CARTESIAN_POINT ( 'NONE',  ( -1.034999999999999920, 4.810002195023270311, -3.491510466163695012E-12 ) ) ;
#2545 = CARTESIAN_POINT ( 'NONE',  ( -4.044999999999999929, 4.310002195023275640, -3.491510466163695012E-12 ) ) ;
#2546 =( NAMED_UNIT ( * ) PLANE_ANGLE_UNIT ( ) SI_UNIT ( $, .RADIAN. ) );
#2547 = ORIENTED_EDGE ( 'NONE', *, *, #525, .F. ) ;
#2548 = CARTESIAN_POINT ( 'NONE',  ( 4.044999999999999929, -4.810002195023270311, 0.1999999999999965139 ) ) ;
#2549 = CARTESIAN_POINT ( 'NONE',  ( -1.034999999999999920, -4.310002195023275640, -3.491510466163695012E-12 ) ) ;
#2550 = MECHANICAL_DESIGN_GEOMETRIC_PRESENTATION_REPRESENTATION (  '', ( #5284 ), #5060 ) ;
#2551 = SURFACE_SIDE_STYLE ('',( #4840 ) ) ;
#2552 = DIRECTION ( 'NONE',  ( 0.2035585949527794203, -0.2035585949527794203, 0.9576678948579724349 ) ) ;
#2553 = DIRECTION ( 'NONE',  ( -1.000000000000000000, 0.000000000000000000, 0.000000000000000000 ) ) ;
#2554 = PRESENTATION_LAYER_ASSIGNMENT (  '', '', ( #363 ) ) ;
#2555 = PRESENTATION_STYLE_ASSIGNMENT (( #801 ) ) ;
#2556 = ORIENTED_EDGE ( 'NONE', *, *, #4584, .T. ) ;
#2557 = PLANE ( 'NONE',  #3604 ) ;
#2558 = CARTESIAN_POINT ( 'NONE',  ( 0.000000000000000000, 0.000000000000000000, 2.899999999999999911 ) ) ;
#2559 = AXIS2_PLACEMENT_3D ( 'NONE', #5578, #666, #2328 ) ;
#2560 = EDGE_CURVE ( 'NONE', #3397, #6701, #6999, .T. ) ;
#2561 = FILL_AREA_STYLE_COLOUR ( '', #2862 ) ;
#2562 = VERTEX_POINT ( 'NONE', #4823 ) ;
#2563 = CARTESIAN_POINT ( 'NONE',  ( 1.834999999999999964, -3.610002195023269689, 1.500000000000000000 ) ) ;
#2564 = ADVANCED_FACE ( 'NONE', ( #1557 ), #3607, .F. ) ;
#2565 = UNCERTAINTY_MEASURE_WITH_UNIT (LENGTH_MEASURE( 1.000000000000000082E-05 ), #6922, 'distance_accuracy_value', 'NONE');
#2566 =( GEOMETRIC_REPRESENTATION_CONTEXT ( 3 ) GLOBAL_UNCERTAINTY_ASSIGNED_CONTEXT ( ( #2847 ) ) GLOBAL_UNIT_ASSIGNED_CONTEXT ( ( #585, #6009, #31 ) ) REPRESENTATION_CONTEXT ( 'NONE', 'WORKASPACE' ) );
#2567 = ORIENTED_EDGE ( 'NONE', *, *, #6378, .T. ) ;
#2568 = LINE ( 'NONE', #3703, #5622 ) ;
#2569 =( NAMED_UNIT ( * ) PLANE_ANGLE_UNIT ( ) SI_UNIT ( $, .RADIAN. ) );
#2570 = DIRECTION ( 'NONE',  ( 1.000000000000000000, 0.000000000000000000, 0.000000000000000000 ) ) ;
#2571 = SURFACE_STYLE_FILL_AREA ( #505 ) ;
#2572 = LINE ( 'NONE', #3106, #2931 ) ;
#2573 = VECTOR ( 'NONE', #453, 1000.000000000000000 ) ;
#2574 = DIRECTION ( 'NONE',  ( 0.000000000000000000, -3.614007241618360111E-16, -1.000000000000000000 ) ) ;
#2575 = EDGE_CURVE ( 'NONE', #6339, #1339, #2568, .T. ) ;
#2576 = PRESENTATION_STYLE_ASSIGNMENT (( #4145 ) ) ;
#2577 = AXIS2_PLACEMENT_3D ( 'NONE', #4999, #4379, #5455 ) ;
#2578 = PRESENTATION_STYLE_ASSIGNMENT (( #369 ) ) ;
#2579 = FILL_AREA_STYLE ('',( #1499 ) ) ;
#2580 = DIRECTION ( 'NONE',  ( 0.000000000000000000, 1.000000000000000000, 3.614007241618355180E-16 ) ) ;
#2581 = FILL_AREA_STYLE ('',( #373 ) ) ;
#2582 = EDGE_CURVE ( 'NONE', #1555, #5197, #2023, .T. ) ;
#2583 = CARTESIAN_POINT ( 'NONE',  ( -0.8350000000000000755, 3.910002195023270399, 0.1999999999965084985 ) ) ;
#2584 = VECTOR ( 'NONE', #5956, 1000.000000000000000 ) ;
#2585 = ORIENTED_EDGE ( 'NONE', *, *, #6756, .T. ) ;
#2586 = STYLED_ITEM ( 'NONE', ( #4226 ), #4254 ) ;
#2587 = DIRECTION ( 'NONE',  ( 0.000000000000000000, 0.000000000000000000, -1.000000000000000000 ) ) ;
#2588 = LINE ( 'NONE', #4064, #3885 ) ;
#2589 =( LENGTH_UNIT ( ) NAMED_UNIT ( * ) SI_UNIT ( .MILLI., .METRE. ) );
#2590 = VERTEX_POINT ( 'NONE', #461 ) ;
#2591 = DIRECTION ( 'NONE',  ( 0.000000000000000000, 1.000000000000000000, 0.000000000000000000 ) ) ;
#2592 =( NAMED_UNIT ( * ) PLANE_ANGLE_UNIT ( ) SI_UNIT ( $, .RADIAN. ) );
#2593 = COLOUR_RGB ( '',0.7764705882352941346, 0.7568627450980391913, 0.7372549019607843590 ) ;
#2594 = ORIENTED_EDGE ( 'NONE', *, *, #4806, .F. ) ;
#2595 = STYLED_ITEM ( 'NONE', ( #1278 ), #5843 ) ;
#2596 = ORIENTED_EDGE ( 'NONE', *, *, #2008, .F. ) ;
#2597 = PRESENTATION_STYLE_ASSIGNMENT (( #6405 ) ) ;
#2598 = ORIENTED_EDGE ( 'NONE', *, *, #2049, .F. ) ;
#2599 = CARTESIAN_POINT ( 'NONE',  ( 1.505000000000000115, -4.310002195023275640, -3.491510466163695012E-12 ) ) ;
#2600 = ORIENTED_EDGE ( 'NONE', *, *, #2033, .F. ) ;
#2601 = ORIENTED_EDGE ( 'NONE', *, *, #2403, .T. ) ;
#2602 = SURFACE_SIDE_STYLE ('',( #4243 ) ) ;
#2603 =( NAMED_UNIT ( * ) SI_UNIT ( $, .STERADIAN. ) SOLID_ANGLE_UNIT ( ) );
#2604 = FACE_OUTER_BOUND ( 'NONE', #4949, .T. ) ;
#2605 = FILL_AREA_STYLE_COLOUR ( '', #6489 ) ;
#2606 = ORIENTED_EDGE ( 'NONE', *, *, #6049, .T. ) ;
#2607 = SURFACE_STYLE_FILL_AREA ( #1562 ) ;
#2608 = LINE ( 'NONE', #3077, #6666 ) ;
#2609 = ADVANCED_FACE ( 'NONE', ( #6966 ), #3742, .F. ) ;
#2610 = CARTESIAN_POINT ( 'NONE',  ( -3.575000000000000178, 4.810002195023270311, -3.491510466163695012E-12 ) ) ;
#2611 = EDGE_CURVE ( 'NONE', #5172, #2894, #619, .T. ) ;
#2612 =( NAMED_UNIT ( * ) PLANE_ANGLE_UNIT ( ) SI_UNIT ( $, .RADIAN. ) );
#2613 = DIRECTION ( 'NONE',  ( 0.000000000000000000, 0.000000000000000000, 1.000000000000000000 ) ) ;
#2614 = DIRECTION ( 'NONE',  ( 0.000000000000000000, 0.000000000000000000, 1.000000000000000000 ) ) ;
#2615 = VECTOR ( 'NONE', #55, 1000.000000000000000 ) ;
#2616 = VECTOR ( 'NONE', #5180, 1000.000000000000000 ) ;
#2617 = EDGE_LOOP ( 'NONE', ( #3528, #4081, #3851, #6374 ) ) ;
#2618 = CARTESIAN_POINT ( 'NONE',  ( -4.244999999999999218, -3.910002195023270399, 0.2999999999999999889 ) ) ;
#2619 = MECHANICAL_DESIGN_GEOMETRIC_PRESENTATION_REPRESENTATION (  '', ( #2856 ), #1000 ) ;
#2620 = VECTOR ( 'NONE', #1245, 1000.000000000000000 ) ;
#2621 = LINE ( 'NONE', #955, #6959 ) ;
#2622 = MECHANICAL_DESIGN_GEOMETRIC_PRESENTATION_REPRESENTATION (  '', ( #2975 ), #5143 ) ;
#2623 = DIRECTION ( 'NONE',  ( 1.000000000000000000, 0.000000000000000000, 0.000000000000000000 ) ) ;
#2624 = ORIENTED_EDGE ( 'NONE', *, *, #771, .T. ) ;
#2625 = PRESENTATION_LAYER_ASSIGNMENT (  '', '', ( #558 ) ) ;
#2626 = DIRECTION ( 'NONE',  ( 0.000000000000000000, 0.000000000000000000, -1.000000000000000000 ) ) ;
#2627 = AXIS2_PLACEMENT_3D ( 'NONE', #2543, #4724, #3183 ) ;
#2628 =( NAMED_UNIT ( * ) SI_UNIT ( $, .STERADIAN. ) SOLID_ANGLE_UNIT ( ) );
#2629 =( GEOMETRIC_REPRESENTATION_CONTEXT ( 3 ) GLOBAL_UNCERTAINTY_ASSIGNED_CONTEXT ( ( #3776 ) ) GLOBAL_UNIT_ASSIGNED_CONTEXT ( ( #7020, #896, #291 ) ) REPRESENTATION_CONTEXT ( 'NONE', 'WORKASPACE' ) );
#2630 = ORIENTED_EDGE ( 'NONE', *, *, #3892, .T. ) ;
#2631 = VECTOR ( 'NONE', #14, 1000.000000000000000 ) ;
#2632 = CARTESIAN_POINT ( 'NONE',  ( 1.834999999999999964, 3.200000000000000178, 1.550000000000000044 ) ) ;
#2633 = DIRECTION ( 'NONE',  ( 0.000000000000000000, 0.000000000000000000, 1.000000000000000000 ) ) ;
#2634 = EDGE_LOOP ( 'NONE', ( #2863, #1775, #5127, #3974, #761, #5024, #201, #5494, #6116, #3606, #2539, #5037, #5150 ) ) ;
#2635 = SURFACE_STYLE_USAGE ( .BOTH. , #5344 ) ;
#2636 = UNCERTAINTY_MEASURE_WITH_UNIT (LENGTH_MEASURE( 1.000000000000000082E-05 ), #1051, 'distance_accuracy_value', 'NONE');
#2637 = ORIENTED_EDGE ( 'NONE', *, *, #4716, .F. ) ;
#2638 = CARTESIAN_POINT ( 'NONE',  ( -1.834999999999999964, 3.910002195023270399, 0.2999999999999999889 ) ) ;
#2639 = VERTEX_POINT ( 'NONE', #5527 ) ;
#2640 = CARTESIAN_POINT ( 'NONE',  ( 3.245000000000000107, -4.810002195023270311, 0.1999999999999970135 ) ) ;
#2641 = VERTEX_POINT ( 'NONE', #583 ) ;
#2642 = SURFACE_STYLE_FILL_AREA ( #5312 ) ;
#2643 =( NAMED_UNIT ( * ) SI_UNIT ( $, .STERADIAN. ) SOLID_ANGLE_UNIT ( ) );
#2644 = DIRECTION ( 'NONE',  ( 0.000000000000000000, 0.000000000000000000, -1.000000000000000000 ) ) ;
#2645 = CARTESIAN_POINT ( 'NONE',  ( 3.245000000000000107, -3.910002195023270399, 0.2999999999999999889 ) ) ;
#2646 = ORIENTED_EDGE ( 'NONE', *, *, #2362, .T. ) ;
#2647 =( GEOMETRIC_REPRESENTATION_CONTEXT ( 3 ) GLOBAL_UNCERTAINTY_ASSIGNED_CONTEXT ( ( #2131 ) ) GLOBAL_UNIT_ASSIGNED_CONTEXT ( ( #3786, #39, #3814 ) ) REPRESENTATION_CONTEXT ( 'NONE', 'WORKASPACE' ) );
#2648 = LINE ( 'NONE', #7036, #2423 ) ;
#2649 = CARTESIAN_POINT ( 'NONE',  ( 0.8350000000000000755, -3.189372171916499799, 1.500000000000000000 ) ) ;
#2650 = DIRECTION ( 'NONE',  ( -1.000000000000000000, 0.000000000000000000, 0.000000000000000000 ) ) ;
#2651 = DIRECTION ( 'NONE',  ( 0.000000000000000000, -1.000000000000000000, 0.000000000000000000 ) ) ;
#2652 = SURFACE_SIDE_STYLE ('',( #440 ) ) ;
#2653 = CARTESIAN_POINT ( 'NONE',  ( -4.244999999999999218, 3.910002195023270399, -3.491456256055070333E-12 ) ) ;
#2654 = EDGE_CURVE ( 'NONE', #3030, #3620, #7071, .T. ) ;
#2655 = CARTESIAN_POINT ( 'NONE',  ( 3.245000000000000107, -3.610002195023269689, 1.500000000000000000 ) ) ;
#2656 = EDGE_CURVE ( 'NONE', #4329, #836, #5870, .T. ) ;
#2657 = LINE ( 'NONE', #2454, #5810 ) ;
#2658 = DIRECTION ( 'NONE',  ( 1.000000000000000000, 0.000000000000000000, 0.000000000000000000 ) ) ;
#2659 = SURFACE_STYLE_USAGE ( .BOTH. , #3194 ) ;
#2660 = ORIENTED_EDGE ( 'NONE', *, *, #6308, .F. ) ;
#2661 =( NAMED_UNIT ( * ) PLANE_ANGLE_UNIT ( ) SI_UNIT ( $, .RADIAN. ) );
#2662 = DIRECTION ( 'NONE',  ( 1.000000000000000000, 0.000000000000000000, 0.000000000000000000 ) ) ;
#2663 = UNCERTAINTY_MEASURE_WITH_UNIT (LENGTH_MEASURE( 1.000000000000000082E-05 ), #2433, 'distance_accuracy_value', 'NONE');
#2664 = FILL_AREA_STYLE_COLOUR ( '', #3952 ) ;
#2665 = ORIENTED_EDGE ( 'NONE', *, *, #1378, .F. ) ;
#2666 = SURFACE_SIDE_STYLE ('',( #3202 ) ) ;
#2667 = DIRECTION ( 'NONE',  ( 0.000000000000000000, 0.000000000000000000, 1.000000000000000000 ) ) ;
#2668 = EDGE_CURVE ( 'NONE', #4529, #2831, #6115, .T. ) ;
#2669 = CARTESIAN_POINT ( 'NONE',  ( -1.505000000000000115, -4.810002195023270311, -3.491510466163695012E-12 ) ) ;
#2670 = ORIENTED_EDGE ( 'NONE', *, *, #839, .T. ) ;
#2671 = CARTESIAN_POINT ( 'NONE',  ( 4.244999999999999218, -3.610002195023269689, 1.399999999999999911 ) ) ;
#2672 = UNCERTAINTY_MEASURE_WITH_UNIT (LENGTH_MEASURE( 1.000000000000000082E-05 ), #2761, 'distance_accuracy_value', 'NONE');
#2673 = ORIENTED_EDGE ( 'NONE', *, *, #2309, .T. ) ;
#2674 = ORIENTED_EDGE ( 'NONE', *, *, #2575, .T. ) ;
#2675 = MECHANICAL_DESIGN_GEOMETRIC_PRESENTATION_REPRESENTATION (  '', ( #2788 ), #4620 ) ;
#2676 = CARTESIAN_POINT ( 'NONE',  ( 1.834999999999999964, -4.010002195023269600, 0.2999999999999999889 ) ) ;
#2677 = ORIENTED_EDGE ( 'NONE', *, *, #6718, .T. ) ;
#2678 = DIRECTION ( 'NONE',  ( 1.000000000000000000, 2.628368902995165181E-15, 0.000000000000000000 ) ) ;
#2679 = DIRECTION ( 'NONE',  ( 0.000000000000000000, -1.000000000000000000, 0.000000000000000000 ) ) ;
#2680 = CARTESIAN_POINT ( 'NONE',  ( -3.245000000000000107, 4.010002195023269600, 0.1999999999999970135 ) ) ;
#2681 = DIRECTION ( 'NONE',  ( 1.000000000000000000, 0.000000000000000000, 0.000000000000000000 ) ) ;
#2682 =( NAMED_UNIT ( * ) SI_UNIT ( $, .STERADIAN. ) SOLID_ANGLE_UNIT ( ) );
#2683 = FILL_AREA_STYLE ('',( #370 ) ) ;
#2684 = VECTOR ( 'NONE', #3782, 1000.000000000000000 ) ;
#2685 = CARTESIAN_POINT ( 'NONE',  ( -3.575000000000000178, 4.310002195023275640, -3.491510466163695012E-12 ) ) ;
#2686 = DIRECTION ( 'NONE',  ( 0.000000000000000000, 0.000000000000000000, 1.000000000000000000 ) ) ;
#2687 =( LENGTH_UNIT ( ) NAMED_UNIT ( * ) SI_UNIT ( .MILLI., .METRE. ) );
#2688 = SURFACE_STYLE_FILL_AREA ( #3026 ) ;
#2689 = PRESENTATION_LAYER_ASSIGNMENT (  '', '', ( #276 ) ) ;
#2690 = PRESENTATION_STYLE_ASSIGNMENT (( #5993 ) ) ;
#2691 = SURFACE_SIDE_STYLE ('',( #1953 ) ) ;
#2692 = EDGE_CURVE ( 'NONE', #4200, #1845, #2281, .T. ) ;
#2693 = ADVANCED_FACE ( 'NONE', ( #4459 ), #1700, .F. ) ;
#2694 = PRESENTATION_LAYER_ASSIGNMENT (  '', '', ( #283 ) ) ;
#2695 = PRESENTATION_STYLE_ASSIGNMENT (( #6461 ) ) ;
#2696 = VECTOR ( 'NONE', #502, 1000.000000000000000 ) ;
#2697 = ORIENTED_EDGE ( 'NONE', *, *, #352, .T. ) ;
#2698 = COLOUR_RGB ( '',0.7764705882352941346, 0.7568627450980391913, 0.7372549019607843590 ) ;
#2699 = DIRECTION ( 'NONE',  ( 0.000000000000000000, 0.000000000000000000, -1.000000000000000000 ) ) ;
#2700 = AXIS2_PLACEMENT_3D ( 'NONE', #4020, #5674, #3558 ) ;
#2701 = VECTOR ( 'NONE', #1268, 1000.000000000000000 ) ;
#2702 = VERTEX_POINT ( 'NONE', #3274 ) ;
#2703 = EDGE_CURVE ( 'NONE', #3525, #3030, #3807, .T. ) ;
#2704 = PRESENTATION_STYLE_ASSIGNMENT (( #3203 ) ) ;
#2705 = DIRECTION ( 'NONE',  ( 1.000000000000000000, 0.000000000000000000, 0.000000000000000000 ) ) ;
#2706 = PRESENTATION_LAYER_ASSIGNMENT (  '', '', ( #5326 ) ) ;
#2707 = FILL_AREA_STYLE_COLOUR ( '', #549 ) ;
#2708 = ORIENTED_EDGE ( 'NONE', *, *, #4320, .F. ) ;
#2709 =( NAMED_UNIT ( * ) SI_UNIT ( $, .STERADIAN. ) SOLID_ANGLE_UNIT ( ) );
#2710 = UNCERTAINTY_MEASURE_WITH_UNIT (LENGTH_MEASURE( 1.000000000000000082E-05 ), #1189, 'distance_accuracy_value', 'NONE');
#2711 = ORIENTED_EDGE ( 'NONE', *, *, #849, .F. ) ;
#2712 = ORIENTED_EDGE ( 'NONE', *, *, #6034, .T. ) ;
#2713 = PRESENTATION_LAYER_ASSIGNMENT (  '', '', ( #3057 ) ) ;
#2714 = FACE_OUTER_BOUND ( 'NONE', #1117, .T. ) ;
#2715 = EDGE_LOOP ( 'NONE', ( #2528, #5790, #6458, #7130, #3627, #1587, #4877, #6219, #5063, #3113, #467, #6613, #2418 ) ) ;
#2716 = SURFACE_STYLE_FILL_AREA ( #2209 ) ;
#2717 = CARTESIAN_POINT ( 'NONE',  ( -3.575000000000000178, 4.810002195023270311, -3.491510466163695012E-12 ) ) ;
#2718 = CARTESIAN_POINT ( 'NONE',  ( -1.505000000000000115, 4.810002195023270311, 0.1999999999999965139 ) ) ;
#2719 = ORIENTED_EDGE ( 'NONE', *, *, #839, .F. ) ;
#2720 = FILL_AREA_STYLE_COLOUR ( '', #5334 ) ;
#2721 = LINE ( 'NONE', #5459, #1075 ) ;
#2722 = SURFACE_STYLE_FILL_AREA ( #2579 ) ;
#2723 = LINE ( 'NONE', #7010, #6987 ) ;
#2724 = PLANE ( 'NONE',  #5311 ) ;
#2725 = FACE_OUTER_BOUND ( 'NONE', #332, .T. ) ;
#2726 = CARTESIAN_POINT ( 'NONE',  ( -3.245000000000000107, -3.910002195023270399, 0.000000000000000000 ) ) ;
#2727 = LINE ( 'NONE', #5584, #1362 ) ;
#2728 = DIRECTION ( 'NONE',  ( -1.000000000000000000, 0.000000000000000000, 0.000000000000000000 ) ) ;
#2729 = PRESENTATION_LAYER_ASSIGNMENT (  '', '', ( #5813 ) ) ;
#2730 = LINE ( 'NONE', #4327, #3379 ) ;
#2731 =( NAMED_UNIT ( * ) PLANE_ANGLE_UNIT ( ) SI_UNIT ( $, .RADIAN. ) );
#2732 = VECTOR ( 'NONE', #1887, 1000.000000000000000 ) ;
#2733 = FILL_AREA_STYLE ('',( #5336 ) ) ;
#2734 = EDGE_CURVE ( 'NONE', #6237, #3954, #5420, .T. ) ;
#2735 = VECTOR ( 'NONE', #6611, 1000.000000000000000 ) ;
#2736 = DIRECTION ( 'NONE',  ( -1.000000000000000000, 0.000000000000000000, 0.000000000000000000 ) ) ;
#2737 = VECTOR ( 'NONE', #2952, 1000.000000000000000 ) ;
#2738 = VECTOR ( 'NONE', #1367, 1000.000000000000000 ) ;
#2739 = VERTEX_POINT ( 'NONE', #498 ) ;
#2740 = PLANE ( 'NONE',  #2808 ) ;
#2741 =( NAMED_UNIT ( * ) PLANE_ANGLE_UNIT ( ) SI_UNIT ( $, .RADIAN. ) );
#2742 = VECTOR ( 'NONE', #3148, 1000.000000000000000 ) ;
#2743 = SURFACE_STYLE_USAGE ( .BOTH. , #6509 ) ;
#2744 = EDGE_LOOP ( 'NONE', ( #6152, #448, #335, #3405, #4738, #4660, #2794, #3331 ) ) ;
#2745 =( NAMED_UNIT ( * ) SI_UNIT ( $, .STERADIAN. ) SOLID_ANGLE_UNIT ( ) );
#2746 = ADVANCED_FACE ( 'NONE', ( #2714 ), #540, .F. ) ;
#2747 = PRESENTATION_LAYER_ASSIGNMENT (  '', '', ( #1596 ) ) ;
#2748 = EDGE_CURVE ( 'NONE', #1600, #2641, #4494, .T. ) ;
#2749 = ADVANCED_FACE ( 'NONE', ( #107 ), #697, .T. ) ;
#2750 =( GEOMETRIC_REPRESENTATION_CONTEXT ( 3 ) GLOBAL_UNCERTAINTY_ASSIGNED_CONTEXT ( ( #4880 ) ) GLOBAL_UNIT_ASSIGNED_CONTEXT ( ( #1450, #3675, #4789 ) ) REPRESENTATION_CONTEXT ( 'NONE', 'WORKASPACE' ) );
#2751 = VERTEX_POINT ( 'NONE', #2999 ) ;
#2752 = ORIENTED_EDGE ( 'NONE', *, *, #6167, .F. ) ;
#2753 = MECHANICAL_DESIGN_GEOMETRIC_PRESENTATION_REPRESENTATION (  '', ( #3546 ), #5608 ) ;
#2754 = DIRECTION ( 'NONE',  ( -1.000000000000000000, 0.000000000000000000, 0.000000000000000000 ) ) ;
#2755 = DIRECTION ( 'NONE',  ( 0.000000000000000000, 0.000000000000000000, 1.000000000000000000 ) ) ;
#2756 = LINE ( 'NONE', #4352, #288 ) ;
#2757 =( NAMED_UNIT ( * ) PLANE_ANGLE_UNIT ( ) SI_UNIT ( $, .RADIAN. ) );
#2758 = AXIS2_PLACEMENT_3D ( 'NONE', #1929, #2467, #841 ) ;
#2759 = MECHANICAL_DESIGN_GEOMETRIC_PRESENTATION_REPRESENTATION (  '', ( #1949 ), #3205 ) ;
#2760 = FILL_AREA_STYLE ('',( #1636 ) ) ;
#2761 =( LENGTH_UNIT ( ) NAMED_UNIT ( * ) SI_UNIT ( .MILLI., .METRE. ) );
#2762 = DIRECTION ( 'NONE',  ( 0.000000000000000000, 0.000000000000000000, 1.000000000000000000 ) ) ;
#2763 =( NAMED_UNIT ( * ) SI_UNIT ( $, .STERADIAN. ) SOLID_ANGLE_UNIT ( ) );
#2764 = ORIENTED_EDGE ( 'NONE', *, *, #4971, .F. ) ;
#2765 = EDGE_CURVE ( 'NONE', #2963, #2040, #3564, .T. ) ;
#2766 = DIRECTION ( 'NONE',  ( -1.000000000000000000, 0.000000000000000000, 0.000000000000000000 ) ) ;
#2767 = LINE ( 'NONE', #6133, #3211 ) ;
#2768 = CYLINDRICAL_SURFACE ( 'NONE', #532, 0.2000000000000000111 ) ;
#2769 = PRESENTATION_STYLE_ASSIGNMENT (( #6095 ) ) ;
#2770 = ORIENTED_EDGE ( 'NONE', *, *, #6465, .F. ) ;
#2771 = CARTESIAN_POINT ( 'NONE',  ( -1.834999999999999964, -4.810002195023270311, 0.1999999999999970135 ) ) ;
#2772 = LINE ( 'NONE', #5560, #1778 ) ;
#2773 = VERTEX_POINT ( 'NONE', #2961 ) ;
#2774 = DIRECTION ( 'NONE',  ( 0.000000000000000000, 0.000000000000000000, 1.000000000000000000 ) ) ;
#2775 = PRESENTATION_STYLE_ASSIGNMENT (( #2909 ) ) ;
#2776 = UNCERTAINTY_MEASURE_WITH_UNIT (LENGTH_MEASURE( 1.000000000000000082E-05 ), #5015, 'distance_accuracy_value', 'NONE');
#2777 = ORIENTED_EDGE ( 'NONE', *, *, #6432, .T. ) ;
#2778 = CYLINDRICAL_SURFACE ( 'NONE', #2046, 0.1000000000000000472 ) ;
#2779 = VERTEX_POINT ( 'NONE', #5134 ) ;
#2780 = ORIENTED_EDGE ( 'NONE', *, *, #7102, .F. ) ;
#2781 = DIRECTION ( 'NONE',  ( 1.000000000000000000, 0.000000000000000000, 0.000000000000000000 ) ) ;
#2782 = DIRECTION ( 'NONE',  ( 1.000000000000000000, 0.000000000000000000, 0.000000000000000000 ) ) ;
#2783 = EDGE_CURVE ( 'NONE', #6156, #5727, #5606, .T. ) ;
#2784 = AXIS2_PLACEMENT_3D ( 'NONE', #5064, #141, #1849 ) ;
#2785 = EDGE_CURVE ( 'NONE', #5053, #6444, #179, .T. ) ;
#2786 = ORIENTED_EDGE ( 'NONE', *, *, #1101, .F. ) ;
#2787 = LINE ( 'NONE', #550, #7091 ) ;
#2788 = STYLED_ITEM ( 'NONE', ( #4918 ), #2883 ) ;
#2789 = CARTESIAN_POINT ( 'NONE',  ( -3.245000000000000107, 3.710002195023270222, 1.500000000000000000 ) ) ;
#2790 = DIRECTION ( 'NONE',  ( 0.000000000000000000, 0.000000000000000000, 1.000000000000000000 ) ) ;
#2791 = EDGE_CURVE ( 'NONE', #5374, #5528, #4567, .T. ) ;
#2792 = CARTESIAN_POINT ( 'NONE',  ( 3.245000000000000107, 3.710002195023270222, 0.000000000000000000 ) ) ;
#2793 = PRESENTATION_STYLE_ASSIGNMENT (( #2149 ) ) ;
#2794 = ORIENTED_EDGE ( 'NONE', *, *, #3615, .F. ) ;
#2795 = DIRECTION ( 'NONE',  ( 0.000000000000000000, 0.000000000000000000, 1.000000000000000000 ) ) ;
#2796 = CARTESIAN_POINT ( 'NONE',  ( 4.930000000000000604, -3.200000000000000178, 1.550000000000000044 ) ) ;
#2797 = PRESENTATION_STYLE_ASSIGNMENT (( #599 ) ) ;
#2798 = FACE_OUTER_BOUND ( 'NONE', #5251, .T. ) ;
#2799 = ADVANCED_FACE ( 'NONE', ( #654 ), #1884, .T. ) ;
#2800 = ORIENTED_EDGE ( 'NONE', *, *, #5009, .T. ) ;
#2801 = PRESENTATION_STYLE_ASSIGNMENT (( #1143 ) ) ;
#2802 = VECTOR ( 'NONE', #4992, 1000.000000000000000 ) ;
#2803 =( GEOMETRIC_REPRESENTATION_CONTEXT ( 3 ) GLOBAL_UNCERTAINTY_ASSIGNED_CONTEXT ( ( #6150 ) ) GLOBAL_UNIT_ASSIGNED_CONTEXT ( ( #5177, #3426, #2895 ) ) REPRESENTATION_CONTEXT ( 'NONE', 'WORKASPACE' ) );
#2804 = DIRECTION ( 'NONE',  ( 0.000000000000000000, 1.000000000000000000, 0.000000000000000000 ) ) ;
#2805 = UNCERTAINTY_MEASURE_WITH_UNIT (LENGTH_MEASURE( 1.000000000000000082E-05 ), #2687, 'distance_accuracy_value', 'NONE');
#2806 = FILL_AREA_STYLE_COLOUR ( '', #2593 ) ;
#2807 = MECHANICAL_DESIGN_GEOMETRIC_PRESENTATION_REPRESENTATION (  '', ( #6355 ), #1540 ) ;
#2808 = AXIS2_PLACEMENT_3D ( 'NONE', #6773, #6146, #1840 ) ;
#2809 = VERTEX_POINT ( 'NONE', #3092 ) ;
#2810 = FILL_AREA_STYLE_COLOUR ( '', #5426 ) ;
#2811 = LINE ( 'NONE', #4993, #2168 ) ;
#2812 =( LENGTH_UNIT ( ) NAMED_UNIT ( * ) SI_UNIT ( .MILLI., .METRE. ) );
#2813 = MECHANICAL_DESIGN_GEOMETRIC_PRESENTATION_REPRESENTATION (  '', ( #3497 ), #1543 ) ;
#2814 = ORIENTED_EDGE ( 'NONE', *, *, #985, .F. ) ;
#2815 = AXIS2_PLACEMENT_3D ( 'NONE', #1372, #4678, #4127 ) ;
#2816 = ORIENTED_EDGE ( 'NONE', *, *, #1462, .T. ) ;
#2817 = CARTESIAN_POINT ( 'NONE',  ( -1.834999999999999964, -3.710002195023270222, 1.500000000000000000 ) ) ;
#2818 = ORIENTED_EDGE ( 'NONE', *, *, #128, .F. ) ;
#2819 = VECTOR ( 'NONE', #2917, 1000.000000000000000 ) ;
#2820 = LINE ( 'NONE', #3809, #4631 ) ;
#2821 = CARTESIAN_POINT ( 'NONE',  ( -1.834999999999999964, -4.316286306259984329, 0.1999999999999970135 ) ) ;
#2822 = PRESENTATION_STYLE_ASSIGNMENT (( #3352 ) ) ;
#2823 = SURFACE_STYLE_USAGE ( .BOTH. , #2212 ) ;
#2824 =( GEOMETRIC_REPRESENTATION_CONTEXT ( 3 ) GLOBAL_UNCERTAINTY_ASSIGNED_CONTEXT ( ( #4715 ) ) GLOBAL_UNIT_ASSIGNED_CONTEXT ( ( #575, #1758, #2377 ) ) REPRESENTATION_CONTEXT ( 'NONE', 'WORKASPACE' ) );
#2825 = ORIENTED_EDGE ( 'NONE', *, *, #4592, .T. ) ;
#2826 = VECTOR ( 'NONE', #3830, 1000.000000000000000 ) ;
#2827 = ADVANCED_FACE ( 'NONE', ( #5300 ), #5815, .F. ) ;
#2828 = CARTESIAN_POINT ( 'NONE',  ( -1.834999999999999964, -3.710002195023270222, 0.1999999999965084985 ) ) ;
#2829 = VECTOR ( 'NONE', #2001, 1000.000000000000000 ) ;
#2830 = CARTESIAN_POINT ( 'NONE',  ( -4.244999999999999218, -3.710002195023270222, 1.699999999999999956 ) ) ;
#2831 = VERTEX_POINT ( 'NONE', #897 ) ;
#2832 = PRESENTATION_LAYER_ASSIGNMENT (  '', '', ( #4189 ) ) ;
#2833 = EDGE_CURVE ( 'NONE', #2040, #3134, #1402, .T. ) ;
#2834 = DIRECTION ( 'NONE',  ( 0.000000000000000000, -1.000000000000000000, 6.776263578034390387E-17 ) ) ;
#2835 = EDGE_CURVE ( 'NONE', #3355, #4200, #4326, .T. ) ;
#2836 = CARTESIAN_POINT ( 'NONE',  ( 3.245000000000000107, -3.910002195023270399, -3.491456256055070333E-12 ) ) ;
#2837 = DIRECTION ( 'NONE',  ( -1.000000000000000000, 0.000000000000000000, 0.000000000000000000 ) ) ;
#2838 = ORIENTED_EDGE ( 'NONE', *, *, #5583, .F. ) ;
#2839 = SURFACE_SIDE_STYLE ('',( #1727 ) ) ;
#2840 = STYLED_ITEM ( 'NONE', ( #3207 ), #6181 ) ;
#2841 = CARTESIAN_POINT ( 'NONE',  ( 0.8350000000000000755, 3.910002195023270399, 0.1999999999965084985 ) ) ;
#2842 = VECTOR ( 'NONE', #5241, 1000.000000000000000 ) ;
#2843 = ORIENTED_EDGE ( 'NONE', *, *, #6837, .T. ) ;
#2844 = DIRECTION ( 'NONE',  ( 0.000000000000000000, -1.000000000000000000, 0.000000000000000000 ) ) ;
#2845 = CARTESIAN_POINT ( 'NONE',  ( 4.244999999999999218, 3.610002195023269689, 1.500000000000000000 ) ) ;
#2846 = STYLED_ITEM ( 'NONE', ( #3617 ), #6623 ) ;
#2847 = UNCERTAINTY_MEASURE_WITH_UNIT (LENGTH_MEASURE( 1.000000000000000082E-05 ), #585, 'distance_accuracy_value', 'NONE');
#2848 = EDGE_CURVE ( 'NONE', #3228, #840, #1440, .T. ) ;
#2849 = VECTOR ( 'NONE', #1414, 1000.000000000000000 ) ;
#2850 = ORIENTED_EDGE ( 'NONE', *, *, #6710, .F. ) ;
#2851 = STYLED_ITEM ( 'NONE', ( #2968 ), #281 ) ;
#2852 =( NAMED_UNIT ( * ) PLANE_ANGLE_UNIT ( ) SI_UNIT ( $, .RADIAN. ) );
#2853 = ORIENTED_EDGE ( 'NONE', *, *, #2482, .F. ) ;
#2854 = SURFACE_STYLE_FILL_AREA ( #803 ) ;
#2855 = ORIENTED_EDGE ( 'NONE', *, *, #4582, .T. ) ;
#2856 = STYLED_ITEM ( 'NONE', ( #1387 ), #6892 ) ;
#2857 = CARTESIAN_POINT ( 'NONE',  ( -4.930000000000000604, 3.200000000000000178, 1.550000000000000044 ) ) ;
#2858 = CARTESIAN_POINT ( 'NONE',  ( 1.034999999999999920, -4.810002195023270311, 0.1999999999999965139 ) ) ;
#2859 =( LENGTH_UNIT ( ) NAMED_UNIT ( * ) SI_UNIT ( .MILLI., .METRE. ) );
#2860 = VECTOR ( 'NONE', #825, 1000.000000000000000 ) ;
#2861 = PRODUCT_RELATED_PRODUCT_CATEGORY ( 'part', '', ( #6390 ) ) ;
#2862 = COLOUR_RGB ( '',0.7764705882352941346, 0.7568627450980391913, 0.7372549019607843590 ) ;
#2863 = ORIENTED_EDGE ( 'NONE', *, *, #1464, .T. ) ;
#2864 = CARTESIAN_POINT ( 'NONE',  ( 0.8350000000000000755, 4.310002195023275640, 0.1999999999999965139 ) ) ;
#2865 =( GEOMETRIC_REPRESENTATION_CONTEXT ( 3 ) GLOBAL_UNCERTAINTY_ASSIGNED_CONTEXT ( ( #6330 ) ) GLOBAL_UNIT_ASSIGNED_CONTEXT ( ( #2859, #3428, #112 ) ) REPRESENTATION_CONTEXT ( 'NONE', 'WORKASPACE' ) );
#2866 = CARTESIAN_POINT ( 'NONE',  ( -3.245000000000000107, -3.910002195023270399, 0.2999999999999999889 ) ) ;
#2867 = PRESENTATION_LAYER_ASSIGNMENT (  '', '', ( #1832 ) ) ;
#2868 = CARTESIAN_POINT ( 'NONE',  ( -1.834999999999999964, 3.610002195023269689, 1.399999999999999911 ) ) ;
#2869 =( LENGTH_UNIT ( ) NAMED_UNIT ( * ) SI_UNIT ( .MILLI., .METRE. ) );
#2870 = EDGE_CURVE ( 'NONE', #4958, #2739, #3662, .T. ) ;
#2871 = MECHANICAL_DESIGN_GEOMETRIC_PRESENTATION_REPRESENTATION (  '', ( #7127 ), #6903 ) ;
#2872 = CARTESIAN_POINT ( 'NONE',  ( 4.244999999999999218, -3.910002195023270399, -3.491456256055070333E-12 ) ) ;
#2873 = VERTEX_POINT ( 'NONE', #5850 ) ;
#2874 = VECTOR ( 'NONE', #2184, 1000.000000000000000 ) ;
#2875 = CARTESIAN_POINT ( 'NONE',  ( -3.245000000000000107, 3.710002195023270222, 1.699999999999999956 ) ) ;
#2876 = SURFACE_STYLE_USAGE ( .BOTH. , #3438 ) ;
#2877 = CIRCLE ( 'NONE', #4346, 0.7596378981193779856 ) ;
#2878 = DIRECTION ( 'NONE',  ( 1.000000000000000000, 0.000000000000000000, 0.000000000000000000 ) ) ;
#2879 = LINE ( 'NONE', #5048, #4744 ) ;
#2880 = EDGE_CURVE ( 'NONE', #5174, #5162, #6541, .T. ) ;
#2881 = VERTEX_POINT ( 'NONE', #928 ) ;
#2882 = CARTESIAN_POINT ( 'NONE',  ( 1.834999999999999964, -4.810002195023270311, 0.1999999999999970135 ) ) ;
#2883 = ADVANCED_FACE ( 'NONE', ( #3124 ), #7087, .F. ) ;
#2884 = UNCERTAINTY_MEASURE_WITH_UNIT (LENGTH_MEASURE( 1.000000000000000082E-05 ), #1871, 'distance_accuracy_value', 'NONE');
#2885 = LINE ( 'NONE', #3835, #1438 ) ;
#2886 = VERTEX_POINT ( 'NONE', #3369 ) ;
#2887 = PRESENTATION_STYLE_ASSIGNMENT (( #1693 ) ) ;
#2888 = ADVANCED_FACE ( 'NONE', ( #3439 ), #568, .F. ) ;
#2889 = VERTEX_POINT ( 'NONE', #1752 ) ;
#2890 = PLANE ( 'NONE',  #1345 ) ;
#2891 = PRESENTATION_STYLE_ASSIGNMENT (( #5602 ) ) ;
#2892 = DIRECTION ( 'NONE',  ( -0.000000000000000000, 1.000000000000000000, 0.000000000000000000 ) ) ;
#2893 = EDGE_LOOP ( 'NONE', ( #1133, #6038, #5369, #6006 ) ) ;
#2894 = VERTEX_POINT ( 'NONE', #4547 ) ;
#2895 =( NAMED_UNIT ( * ) SI_UNIT ( $, .STERADIAN. ) SOLID_ANGLE_UNIT ( ) );
#2896 = ADVANCED_FACE ( 'NONE', ( #3940 ), #4438, .T. ) ;
#2897 = FILL_AREA_STYLE ('',( #5612 ) ) ;
#2898 = LINE ( 'NONE', #146, #2732 ) ;
#2899 = EDGE_LOOP ( 'NONE', ( #4484, #6350, #4239, #3900 ) ) ;
#2900 = PRESENTATION_LAYER_ASSIGNMENT (  '', '', ( #4144 ) ) ;
#2901 = PLANE ( 'NONE',  #6398 ) ;
#2902 = DIRECTION ( 'NONE',  ( 0.000000000000000000, 0.000000000000000000, -1.000000000000000000 ) ) ;
#2903 = SURFACE_STYLE_USAGE ( .BOTH. , #1933 ) ;
#2904 = PRESENTATION_LAYER_ASSIGNMENT (  '', '', ( #2788 ) ) ;
#2905 =( LENGTH_UNIT ( ) NAMED_UNIT ( * ) SI_UNIT ( .MILLI., .METRE. ) );
#2906 = CARTESIAN_POINT ( 'NONE',  ( -3.245000000000000107, -3.710002195023270222, 1.399999999999999911 ) ) ;
#2907 =( LENGTH_UNIT ( ) NAMED_UNIT ( * ) SI_UNIT ( .MILLI., .METRE. ) );
#2908 = LINE ( 'NONE', #6096, #5943 ) ;
#2909 = SURFACE_STYLE_USAGE ( .BOTH. , #4888 ) ;
#2910 = VERTEX_POINT ( 'NONE', #6028 ) ;
#2911 = DIRECTION ( 'NONE',  ( 0.2035585949527794203, 0.2035585949527794203, -0.9576678948579724349 ) ) ;
#2912 = STYLED_ITEM ( 'NONE', ( #4824 ), #3303 ) ;
#2913 = ADVANCED_FACE ( 'NONE', ( #2798 ), #3908, .F. ) ;
#2914 = ORIENTED_EDGE ( 'NONE', *, *, #1913, .T. ) ;
#2915 = FILL_AREA_STYLE_COLOUR ( '', #956 ) ;
#2916 = DIRECTION ( 'NONE',  ( -1.000000000000000000, 0.000000000000000000, 0.000000000000000000 ) ) ;
#2917 = DIRECTION ( 'NONE',  ( 0.000000000000000000, 0.000000000000000000, 1.000000000000000000 ) ) ;
#2918 = ORIENTED_EDGE ( 'NONE', *, *, #4895, .F. ) ;
#2919 =( NAMED_UNIT ( * ) SI_UNIT ( $, .STERADIAN. ) SOLID_ANGLE_UNIT ( ) );
#2920 = UNCERTAINTY_MEASURE_WITH_UNIT (LENGTH_MEASURE( 1.000000000000000082E-05 ), #5717, 'distance_accuracy_value', 'NONE');
#2921 = AXIS2_PLACEMENT_3D ( 'NONE', #1972, #4149, #1427 ) ;
#2922 = VERTEX_POINT ( 'NONE', #742 ) ;
#2923 = FILL_AREA_STYLE_COLOUR ( '', #5476 ) ;
#2924 = PRESENTATION_STYLE_ASSIGNMENT (( #6700 ) ) ;
#2925 = EDGE_LOOP ( 'NONE', ( #576, #355, #5929, #1738 ) ) ;
#2926 = ADVANCED_FACE ( 'NONE', ( #1938 ), #3512, .F. ) ;
#2927 = ORIENTED_EDGE ( 'NONE', *, *, #3867, .F. ) ;
#2928 = CARTESIAN_POINT ( 'NONE',  ( -3.245000000000000107, 3.910002195023270399, 0.000000000000000000 ) ) ;
#2929 = CARTESIAN_POINT ( 'NONE',  ( -4.930000000000000604, -3.189372171916499799, 1.500000000000000000 ) ) ;
#2930 =( NAMED_UNIT ( * ) PLANE_ANGLE_UNIT ( ) SI_UNIT ( $, .RADIAN. ) );
#2931 = VECTOR ( 'NONE', #6869, 1000.000000000000000 ) ;
#2932 = VECTOR ( 'NONE', #2633, 1000.000000000000000 ) ;
#2933 = DIRECTION ( 'NONE',  ( 0.000000000000000000, -1.000000000000000000, 0.000000000000000000 ) ) ;
#2934 = ORIENTED_EDGE ( 'NONE', *, *, #49, .F. ) ;
#2935 = CARTESIAN_POINT ( 'NONE',  ( -0.8350000000000000755, -3.610002195023269689, 1.500000000000000000 ) ) ;
#2936 = UNCERTAINTY_MEASURE_WITH_UNIT (LENGTH_MEASURE( 1.000000000000000082E-05 ), #4362, 'distance_accuracy_value', 'NONE');
#2937 =( GEOMETRIC_REPRESENTATION_CONTEXT ( 3 ) GLOBAL_UNCERTAINTY_ASSIGNED_CONTEXT ( ( #4136 ) ) GLOBAL_UNIT_ASSIGNED_CONTEXT ( ( #5209, #6954, #960 ) ) REPRESENTATION_CONTEXT ( 'NONE', 'WORKASPACE' ) );
#2938 =( GEOMETRIC_REPRESENTATION_CONTEXT ( 3 ) GLOBAL_UNCERTAINTY_ASSIGNED_CONTEXT ( ( #3299 ) ) GLOBAL_UNIT_ASSIGNED_CONTEXT ( ( #5126, #2954, #5742 ) ) REPRESENTATION_CONTEXT ( 'NONE', 'WORKASPACE' ) );
#2939 =( GEOMETRIC_REPRESENTATION_CONTEXT ( 3 ) GLOBAL_UNCERTAINTY_ASSIGNED_CONTEXT ( ( #5059 ) ) GLOBAL_UNIT_ASSIGNED_CONTEXT ( ( #752, #167, #6774 ) ) REPRESENTATION_CONTEXT ( 'NONE', 'WORKASPACE' ) );
#2940 = FILL_AREA_STYLE ('',( #4655 ) ) ;
#2941 =( NAMED_UNIT ( * ) PLANE_ANGLE_UNIT ( ) SI_UNIT ( $, .RADIAN. ) );
#2942 = CARTESIAN_POINT ( 'NONE',  ( -1.834999999999999964, 3.910002195023270399, -3.491456256055070333E-12 ) ) ;
#2943 = VECTOR ( 'NONE', #5586, 1000.000000000000000 ) ;
#2944 = EDGE_LOOP ( 'NONE', ( #4676, #2019 ) ) ;
#2945 = FACE_OUTER_BOUND ( 'NONE', #1524, .T. ) ;
#2946 = SURFACE_STYLE_FILL_AREA ( #6209 ) ;
#2947 = FACE_OUTER_BOUND ( 'NONE', #538, .T. ) ;
#2948 = SURFACE_STYLE_USAGE ( .BOTH. , #476 ) ;
#2949 = ORIENTED_EDGE ( 'NONE', *, *, #6840, .F. ) ;
#2950 =( NAMED_UNIT ( * ) PLANE_ANGLE_UNIT ( ) SI_UNIT ( $, .RADIAN. ) );
#2951 = COLOUR_RGB ( '',0.7764705882352941346, 0.7568627450980391913, 0.7372549019607843590 ) ;
#2952 = DIRECTION ( 'NONE',  ( -1.000000000000000000, 0.000000000000000000, 0.000000000000000000 ) ) ;
#2953 = EDGE_LOOP ( 'NONE', ( #5687, #2312, #4433, #5620, #293, #4487, #6582, #2969 ) ) ;
#2954 =( NAMED_UNIT ( * ) PLANE_ANGLE_UNIT ( ) SI_UNIT ( $, .RADIAN. ) );
#2955 = LINE ( 'NONE', #3559, #3998 ) ;
#2956 = SURFACE_STYLE_FILL_AREA ( #6258 ) ;
#2957 = AXIS2_PLACEMENT_3D ( 'NONE', #7042, #860, #4125 ) ;
#2958 = CARTESIAN_POINT ( 'NONE',  ( -0.8350000000000000755, 3.710002195023270222, 1.399999999999999911 ) ) ;
#2959 = DIRECTION ( 'NONE',  ( 0.000000000000000000, 0.000000000000000000, 1.000000000000000000 ) ) ;
#2960 = ORIENTED_EDGE ( 'NONE', *, *, #5918, .T. ) ;
#2961 = CARTESIAN_POINT ( 'NONE',  ( -0.8350000000000000755, -3.168116515749499928, 1.699999999999999956 ) ) ;
#2962 = AXIS2_PLACEMENT_3D ( 'NONE', #1252, #2161, #2237 ) ;
#2963 = VERTEX_POINT ( 'NONE', #1868 ) ;
#2964 = DIRECTION ( 'NONE',  ( -8.673617379884050263E-16, 1.000000000000000000, 0.000000000000000000 ) ) ;
#2965 = LINE ( 'NONE', #4031, #2701 ) ;
#2966 = FILL_AREA_STYLE ('',( #1304 ) ) ;
#2967 = EDGE_CURVE ( 'NONE', #4749, #4603, #4261, .T. ) ;
#2968 = PRESENTATION_STYLE_ASSIGNMENT (( #1270 ) ) ;
#2969 = ORIENTED_EDGE ( 'NONE', *, *, #5401, .F. ) ;
#2970 = EDGE_CURVE ( 'NONE', #2382, #3383, #4498, .T. ) ;
#2971 =( GEOMETRIC_REPRESENTATION_CONTEXT ( 3 ) GLOBAL_UNCERTAINTY_ASSIGNED_CONTEXT ( ( #905 ) ) GLOBAL_UNIT_ASSIGNED_CONTEXT ( ( #4301, #162, #4551 ) ) REPRESENTATION_CONTEXT ( 'NONE', 'WORKASPACE' ) );
#2972 = VECTOR ( 'NONE', #4730, 1000.000000000000000 ) ;
#2973 = SURFACE_SIDE_STYLE ('',( #1275 ) ) ;
#2974 = ORIENTED_EDGE ( 'NONE', *, *, #2703, .T. ) ;
#2975 = STYLED_ITEM ( 'NONE', ( #2924 ), #591 ) ;
#2976 = CARTESIAN_POINT ( 'NONE',  ( 1.834999999999999964, -3.910002195023270399, 1.500000000000000000 ) ) ;
#2977 = PLANE ( 'NONE',  #3975 ) ;
#2978 = ORIENTED_EDGE ( 'NONE', *, *, #5106, .F. ) ;
#2979 = AXIS2_PLACEMENT_3D ( 'NONE', #6873, #6761, #4146 ) ;
#2980 = VECTOR ( 'NONE', #2538, 1000.000000000000000 ) ;
#2981 = SURFACE_SIDE_STYLE ('',( #2946 ) ) ;
#2982 = SURFACE_STYLE_USAGE ( .BOTH. , #784 ) ;
#2983 = CARTESIAN_POINT ( 'NONE',  ( 1.834999999999999964, -3.610002195023269689, 1.500000000000000000 ) ) ;
#2984 = CIRCLE ( 'NONE', #3091, 0.7596378981193779856 ) ;
#2985 = VERTEX_POINT ( 'NONE', #4042 ) ;
#2986 = CYLINDRICAL_SURFACE ( 'NONE', #1563, 0.2000000000000000944 ) ;
#2987 = DIRECTION ( 'NONE',  ( 1.000000000000000000, 0.000000000000000000, 0.000000000000000000 ) ) ;
#2988 = STYLED_ITEM ( 'NONE', ( #6832 ), #1255 ) ;
#2989 = VERTEX_POINT ( 'NONE', #2444 ) ;
#2990 =( NAMED_UNIT ( * ) SI_UNIT ( $, .STERADIAN. ) SOLID_ANGLE_UNIT ( ) );
#2991 = FILL_AREA_STYLE ('',( #284 ) ) ;
#2992 = DIRECTION ( 'NONE',  ( 0.000000000000000000, 0.000000000000000000, 1.000000000000000000 ) ) ;
#2993 = DIRECTION ( 'NONE',  ( 0.000000000000000000, 0.000000000000000000, 1.000000000000000000 ) ) ;
#2994 = CIRCLE ( 'NONE', #4237, 0.1000000000000000472 ) ;
#2995 = CYLINDRICAL_SURFACE ( 'NONE', #2957, 0.09999999999999999167 ) ;
#2996 = LINE ( 'NONE', #5920, #778 ) ;
#2997 = PLANE ( 'NONE',  #3715 ) ;
#2998 = EDGE_LOOP ( 'NONE', ( #5301, #607, #832, #180 ) ) ;
#2999 = CARTESIAN_POINT ( 'NONE',  ( -1.034999999999999920, -4.810002195023270311, 0.1999999999999965139 ) ) ;
#3000 = ORIENTED_EDGE ( 'NONE', *, *, #811, .F. ) ;
#3001 = SURFACE_SIDE_STYLE ('',( #6895 ) ) ;
#3002 = FILL_AREA_STYLE_COLOUR ( '', #3262 ) ;
#3003 = SURFACE_STYLE_FILL_AREA ( #5101 ) ;
#3004 = VERTEX_POINT ( 'NONE', #6347 ) ;
#3005 = FILL_AREA_STYLE ('',( #5615 ) ) ;
#3006 = UNCERTAINTY_MEASURE_WITH_UNIT (LENGTH_MEASURE( 1.000000000000000082E-05 ), #533, 'distance_accuracy_value', 'NONE');
#3007 = ORIENTED_EDGE ( 'NONE', *, *, #6465, .T. ) ;
#3008 = EDGE_CURVE ( 'NONE', #5033, #6001, #5698, .T. ) ;
#3009 = EDGE_CURVE ( 'NONE', #1485, #3493, #1424, .T. ) ;
#3010 = PLANE ( 'NONE',  #5536 ) ;
#3011 = VERTEX_POINT ( 'NONE', #6835 ) ;
#3012 = SURFACE_STYLE_USAGE ( .BOTH. , #267 ) ;
#3013 = CARTESIAN_POINT ( 'NONE',  ( -4.930000000000000604, 3.200000000000000178, 1.550000000000000044 ) ) ;
#3014 = CARTESIAN_POINT ( 'NONE',  ( 1.834999999999999964, -3.200000000000000178, 1.550000000000000044 ) ) ;
#3015 = EDGE_LOOP ( 'NONE', ( #5468, #6078, #724, #5343 ) ) ;
#3016 = DIRECTION ( 'NONE',  ( 0.000000000000000000, -1.000000000000000000, 3.614007241618360111E-16 ) ) ;
#3017 = EDGE_CURVE ( 'NONE', #3916, #6657, #3079, .T. ) ;
#3018 = LINE ( 'NONE', #2545, #4786 ) ;
#3019 = DIRECTION ( 'NONE',  ( 0.000000000000000000, 0.000000000000000000, 1.000000000000000000 ) ) ;
#3020 = PRESENTATION_LAYER_ASSIGNMENT (  '', '', ( #3351 ) ) ;
#3021 = DIRECTION ( 'NONE',  ( 0.000000000000000000, 0.000000000000000000, -1.000000000000000000 ) ) ;
#3022 = ADVANCED_FACE ( 'NONE', ( #5324 ), #6941, .F. ) ;
#3023 = CARTESIAN_POINT ( 'NONE',  ( -0.8350000000000000755, -3.610002195023269689, 1.399999999999999911 ) ) ;
#3024 = PRESENTATION_LAYER_ASSIGNMENT (  '', '', ( #6696 ) ) ;
#3025 = VERTEX_POINT ( 'NONE', #6453 ) ;
#3026 = FILL_AREA_STYLE ('',( #5400 ) ) ;
#3027 = CARTESIAN_POINT ( 'NONE',  ( -3.245000000000000107, -3.710002195023270222, 1.500000000000000000 ) ) ;
#3028 = LINE ( 'NONE', #4775, #4454 ) ;
#3029 = PRESENTATION_LAYER_ASSIGNMENT (  '', '', ( #2104 ) ) ;
#3030 = VERTEX_POINT ( 'NONE', #3219 ) ;
#3031 = PLANE ( 'NONE',  #375 ) ;
#3032 = FILL_AREA_STYLE ('',( #6820 ) ) ;
#3033 = LINE ( 'NONE', #4033, #1354 ) ;
#3034 = ORIENTED_EDGE ( 'NONE', *, *, #891, .T. ) ;
#3035 =( LENGTH_UNIT ( ) NAMED_UNIT ( * ) SI_UNIT ( .MILLI., .METRE. ) );
#3036 = AXIS2_PLACEMENT_3D ( 'NONE', #1178, #2774, #6550 ) ;
#3037 = VERTEX_POINT ( 'NONE', #1456 ) ;
#3038 = FILL_AREA_STYLE ('',( #4004 ) ) ;
#3039 = VECTOR ( 'NONE', #5503, 1000.000000000000000 ) ;
#3040 = CARTESIAN_POINT ( 'NONE',  ( 1.834999999999999964, 3.910002195023270399, 1.500000000000000000 ) ) ;
#3041 = CARTESIAN_POINT ( 'NONE',  ( -0.8350000000000000755, 0.000000000000000000, -3.491456256055070333E-12 ) ) ;
#3042 = AXIS2_PLACEMENT_3D ( 'NONE', #3027, #2455, #4637 ) ;
#3043 = CARTESIAN_POINT ( 'NONE',  ( -4.643048641745470384, 0.000000000000000000, 0.2000000000000000111 ) ) ;
#3044 = EDGE_CURVE ( 'NONE', #5478, #5607, #1532, .T. ) ;
#3045 = CIRCLE ( 'NONE', #4065, 0.09999999999999999167 ) ;
#3046 = DIRECTION ( 'NONE',  ( -1.000000000000000000, 0.000000000000000000, 0.000000000000000000 ) ) ;
#3047 =( NAMED_UNIT ( * ) SI_UNIT ( $, .STERADIAN. ) SOLID_ANGLE_UNIT ( ) );
#3048 = VECTOR ( 'NONE', #1046, 1000.000000000000114 ) ;
#3049 = LINE ( 'NONE', #5875, #2349 ) ;
#3050 = COLOUR_RGB ( '',0.7764705882352941346, 0.7568627450980391913, 0.7372549019607843590 ) ;
#3051 = ORIENTED_EDGE ( 'NONE', *, *, #4633, .T. ) ;
#3052 = EDGE_CURVE ( 'NONE', #6928, #3134, #5291, .T. ) ;
#3053 = EDGE_CURVE ( 'NONE', #7050, #6847, #7037, .T. ) ;
#3054 =( GEOMETRIC_REPRESENTATION_CONTEXT ( 3 ) GLOBAL_UNCERTAINTY_ASSIGNED_CONTEXT ( ( #4956 ) ) GLOBAL_UNIT_ASSIGNED_CONTEXT ( ( #1647, #2731, #1616 ) ) REPRESENTATION_CONTEXT ( 'NONE', 'WORKASPACE' ) );
#3055 = DIRECTION ( 'NONE',  ( 1.000000000000000000, 0.000000000000000000, 0.000000000000000000 ) ) ;
#3056 = CARTESIAN_POINT ( 'NONE',  ( 3.575000000000000178, -4.810002195023270311, 0.1999999999999965139 ) ) ;
#3057 = STYLED_ITEM ( 'NONE', ( #561 ), #5723 ) ;
#3058 = ORIENTED_EDGE ( 'NONE', *, *, #1683, .F. ) ;
#3059 = SURFACE_STYLE_USAGE ( .BOTH. , #1511 ) ;
#3060 = SURFACE_SIDE_STYLE ('',( #1333 ) ) ;
#3061 = ORIENTED_EDGE ( 'NONE', *, *, #3193, .T. ) ;
#3062 =( LENGTH_UNIT ( ) NAMED_UNIT ( * ) SI_UNIT ( .MILLI., .METRE. ) );
#3063 = EDGE_CURVE ( 'NONE', #2195, #6946, #4283, .T. ) ;
#3064 = CARTESIAN_POINT ( 'NONE',  ( -3.245000000000000107, 3.610002195023269689, 1.500000000000000000 ) ) ;
#3065 = ORIENTED_EDGE ( 'NONE', *, *, #2207, .T. ) ;
#3066 = LINE ( 'NONE', #2563, #769 ) ;
#3067 = PRESENTATION_LAYER_ASSIGNMENT (  '', '', ( #3855 ) ) ;
#3068 = UNCERTAINTY_MEASURE_WITH_UNIT (LENGTH_MEASURE( 1.000000000000000082E-05 ), #818, 'distance_accuracy_value', 'NONE');
#3069 = PRESENTATION_LAYER_ASSIGNMENT (  '', '', ( #2514 ) ) ;
#3070 = ORIENTED_EDGE ( 'NONE', *, *, #4096, .T. ) ;
#3071 = SURFACE_STYLE_FILL_AREA ( #6445 ) ;
#3072 = DIRECTION ( 'NONE',  ( 0.000000000000000000, 0.2079116908177598699, 0.9781476007338054668 ) ) ;
#3073 = FILL_AREA_STYLE_COLOUR ( '', #1357 ) ;
#3074 = DIRECTION ( 'NONE',  ( 0.000000000000000000, 0.2079116908177598699, 0.9781476007338054668 ) ) ;
#3075 =( GEOMETRIC_REPRESENTATION_CONTEXT ( 3 ) GLOBAL_UNCERTAINTY_ASSIGNED_CONTEXT ( ( #7027 ) ) GLOBAL_UNIT_ASSIGNED_CONTEXT ( ( #2536, #3128, #455 ) ) REPRESENTATION_CONTEXT ( 'NONE', 'WORKASPACE' ) );
#3076 = VECTOR ( 'NONE', #2265, 1000.000000000000000 ) ;
#3077 = CARTESIAN_POINT ( 'NONE',  ( -0.8350000000000000755, -3.200000000000000178, 1.550000000000000044 ) ) ;
#3078 = DIRECTION ( 'NONE',  ( 0.000000000000000000, 1.000000000000000000, 3.614007241618355180E-16 ) ) ;
#3079 = LINE ( 'NONE', #2544, #2215 ) ;
#3080 = ADVANCED_FACE ( 'NONE', ( #5287 ), #2035, .T. ) ;
#3081 = ORIENTED_EDGE ( 'NONE', *, *, #1774, .F. ) ;
#3082 = DIRECTION ( 'NONE',  ( -1.000000000000000000, 0.000000000000000000, 0.000000000000000000 ) ) ;
#3083 = AXIS2_PLACEMENT_3D ( 'NONE', #6172, #2333, #3939 ) ;
#3084 = ADVANCED_FACE ( 'NONE', ( #3147 ), #2000, .T. ) ;
#3085 = ADVANCED_FACE ( 'NONE', ( #5006 ), #3328, .F. ) ;
#3086 = DIRECTION ( 'NONE',  ( 0.000000000000000000, 0.000000000000000000, 1.000000000000000000 ) ) ;
#3087 = SURFACE_STYLE_FILL_AREA ( #4330 ) ;
#3088 = ORIENTED_EDGE ( 'NONE', *, *, #399, .T. ) ;
#3089 = VECTOR ( 'NONE', #4613, 1000.000000000000000 ) ;
#3090 = PLANE ( 'NONE',  #3553 ) ;
#3091 = AXIS2_PLACEMENT_3D ( 'NONE', #5557, #816, #271 ) ;
#3092 = CARTESIAN_POINT ( 'NONE',  ( -4.643048641745470384, 2.913048641745470402, 2.899999999999999911 ) ) ;
#3093 = EDGE_LOOP ( 'NONE', ( #5355, #3670, #4416, #1646 ) ) ;
#3095 = EDGE_CURVE ( 'NONE', #4936, #5162, #5462, .T. ) ;
#3094 = DIRECTION ( 'NONE',  ( -1.000000000000000000, 0.000000000000000000, 0.000000000000000000 ) ) ;
#3096 = SURFACE_STYLE_USAGE ( .BOTH. , #3734 ) ;
#3097 = COLOUR_RGB ( '',0.7764705882352941346, 0.7568627450980391913, 0.7372549019607843590 ) ;
#3098 = DIRECTION ( 'NONE',  ( 0.000000000000000000, 0.000000000000000000, -1.000000000000000000 ) ) ;
#3099 = EDGE_LOOP ( 'NONE', ( #4704, #6979, #5901, #6448 ) ) ;
#3100 = DIRECTION ( 'NONE',  ( 0.000000000000000000, 0.000000000000000000, -1.000000000000000000 ) ) ;
#3101 =( LENGTH_UNIT ( ) NAMED_UNIT ( * ) SI_UNIT ( .MILLI., .METRE. ) );
#3102 = ORIENTED_EDGE ( 'NONE', *, *, #5862, .F. ) ;
#3103 = EDGE_CURVE ( 'NONE', #931, #426, #4622, .T. ) ;
#3104 = DIRECTION ( 'NONE',  ( 1.000000000000000000, 0.000000000000000000, 0.000000000000000000 ) ) ;
#3105 = SURFACE_STYLE_USAGE ( .BOTH. , #6523 ) ;
#3106 = CARTESIAN_POINT ( 'NONE',  ( 3.245000000000000107, -4.010002195023269600, 0.1999999999999970135 ) ) ;
#3107 = FILL_AREA_STYLE_COLOUR ( '', #4009 ) ;
#3108 = DIRECTION ( 'NONE',  ( 0.000000000000000000, 1.000000000000000000, 0.000000000000000000 ) ) ;
#3109 = SURFACE_STYLE_FILL_AREA ( #6423 ) ;
#3110 = CARTESIAN_POINT ( 'NONE',  ( -3.245000000000000107, -3.710002195023270222, 0.000000000000000000 ) ) ;
#3111 = DIRECTION ( 'NONE',  ( 0.000000000000000000, -0.2079116908177598699, 0.9781476007338054668 ) ) ;
#3112 = LINE ( 'NONE', #3718, #2829 ) ;
#3113 = ORIENTED_EDGE ( 'NONE', *, *, #5599, .F. ) ;
#3114 = APPLICATION_CONTEXT ( 'automotive_design' ) ;
#3115 = CARTESIAN_POINT ( 'NONE',  ( -4.244999999999999218, 3.610002195023269689, 1.500000000000000000 ) ) ;
#3116 = VECTOR ( 'NONE', #7142, 1000.000000000000000 ) ;
#3117 = CARTESIAN_POINT ( 'NONE',  ( -1.505000000000000115, -4.316286306259984329, 0.1999999999999965139 ) ) ;
#3118 = LINE ( 'NONE', #5295, #4875 ) ;
#3119 = ORIENTED_EDGE ( 'NONE', *, *, #5625, .F. ) ;
#3120 = CARTESIAN_POINT ( 'NONE',  ( 1.834999999999999964, 3.910002195023270399, 0.1999999999965084985 ) ) ;
#3121 = COLOUR_RGB ( '',0.7764705882352941346, 0.7568627450980391913, 0.7372549019607843590 ) ;
#3122 = FILL_AREA_STYLE ('',( #6548 ) ) ;
#3123 = CARTESIAN_POINT ( 'NONE',  ( -4.044999999999999929, 4.810002195023270311, -3.491510466163695012E-12 ) ) ;
#3124 = FACE_OUTER_BOUND ( 'NONE', #5497, .T. ) ;
#3125 = ORIENTED_EDGE ( 'NONE', *, *, #5361, .F. ) ;
#3126 = ORIENTED_EDGE ( 'NONE', *, *, #5844, .F. ) ;
#3127 = SURFACE_STYLE_FILL_AREA ( #5892 ) ;
#3128 =( NAMED_UNIT ( * ) PLANE_ANGLE_UNIT ( ) SI_UNIT ( $, .RADIAN. ) );
#3129 = VERTEX_POINT ( 'NONE', #593 ) ;
#3130 =( NAMED_UNIT ( * ) SI_UNIT ( $, .STERADIAN. ) SOLID_ANGLE_UNIT ( ) );
#3131 = UNCERTAINTY_MEASURE_WITH_UNIT (LENGTH_MEASURE( 1.000000000000000082E-05 ), #2301, 'distance_accuracy_value', 'NONE');
#3132 = EDGE_CURVE ( 'NONE', #497, #6339, #132, .T. ) ;
#3133 = MECHANICAL_DESIGN_GEOMETRIC_PRESENTATION_REPRESENTATION (  '', ( #2912 ), #947 ) ;
#3134 = VERTEX_POINT ( 'NONE', #3969 ) ;
#3135 = CARTESIAN_POINT ( 'NONE',  ( -4.244999999999999218, 6.143812310751189163E-16, 1.699999999999999956 ) ) ;
#3136 = ORIENTED_EDGE ( 'NONE', *, *, #1058, .F. ) ;
#3137 = DIRECTION ( 'NONE',  ( 0.000000000000000000, 0.000000000000000000, -1.000000000000000000 ) ) ;
#3138 =( NAMED_UNIT ( * ) SI_UNIT ( $, .STERADIAN. ) SOLID_ANGLE_UNIT ( ) );
#3139 = LINE ( 'NONE', #365, #744 ) ;
#3140 = COLOUR_RGB ( '',0.7764705882352941346, 0.7568627450980391913, 0.7372549019607843590 ) ;
#3141 = PRESENTATION_LAYER_ASSIGNMENT (  '', '', ( #6883 ) ) ;
#3142 = PRESENTATION_STYLE_ASSIGNMENT (( #1496 ) ) ;
#3143 = CARTESIAN_POINT ( 'NONE',  ( -4.930000000000000604, 3.200000000000000178, 1.550000000000000044 ) ) ;
#3144 = CIRCLE ( 'NONE', #2921, 0.2000000000000000944 ) ;
#3145 = STYLED_ITEM ( 'NONE', ( #5610 ), #3964 ) ;
#3146 = DIRECTION ( 'NONE',  ( 8.673617379884039416E-16, -1.000000000000000000, 0.000000000000000000 ) ) ;
#3147 = FACE_OUTER_BOUND ( 'NONE', #1954, .T. ) ;
#3148 = DIRECTION ( 'NONE',  ( -1.000000000000000000, 0.000000000000000000, 0.000000000000000000 ) ) ;
#3149 = DIRECTION ( 'NONE',  ( 0.000000000000000000, 0.000000000000000000, 1.000000000000000000 ) ) ;
#3150 = ORIENTED_EDGE ( 'NONE', *, *, #980, .F. ) ;
#3151 = CARTESIAN_POINT ( 'NONE',  ( 3.245000000000000107, 4.310002195023275640, 0.1999999999999965139 ) ) ;
#3152 = AXIS2_PLACEMENT_3D ( 'NONE', #3013, #4078, #1312 ) ;
#3153 = AXIS2_PLACEMENT_3D ( 'NONE', #7096, #3666, #4266 ) ;
#3154 = PRESENTATION_LAYER_ASSIGNMENT (  '', '', ( #630 ) ) ;
#3155 = ORIENTED_EDGE ( 'NONE', *, *, #4320, .T. ) ;
#3156 = LINE ( 'NONE', #5331, #2399 ) ;
#3157 = VECTOR ( 'NONE', #6560, 1000.000000000000000 ) ;
#3158 =( GEOMETRIC_REPRESENTATION_CONTEXT ( 3 ) GLOBAL_UNCERTAINTY_ASSIGNED_CONTEXT ( ( #5489 ) ) GLOBAL_UNIT_ASSIGNED_CONTEXT ( ( #6949, #4809, #2527 ) ) REPRESENTATION_CONTEXT ( 'NONE', 'WORKASPACE' ) );
#3159 = SURFACE_SIDE_STYLE ('',( #3003 ) ) ;
#3160 = LINE ( 'NONE', #4843, #1910 ) ;
#3161 = ORIENTED_EDGE ( 'NONE', *, *, #6789, .F. ) ;
#3162 = PRESENTATION_LAYER_ASSIGNMENT (  '', '', ( #866 ) ) ;
#3163 = CARTESIAN_POINT ( 'NONE',  ( -1.834999999999999964, 3.200000000000000178, 1.550000000000000044 ) ) ;
#3164 = CYLINDRICAL_SURFACE ( 'NONE', #5030, 0.09999999999999999167 ) ;
#3165 = ORIENTED_EDGE ( 'NONE', *, *, #4673, .F. ) ;
#3166 = MECHANICAL_DESIGN_GEOMETRIC_PRESENTATION_REPRESENTATION (  '', ( #6735 ), #4083 ) ;
#3167 = LINE ( 'NONE', #6991, #6005 ) ;
#3168 = EDGE_CURVE ( 'NONE', #6463, #4167, #5526, .T. ) ;
#3169 = DIRECTION ( 'NONE',  ( 1.000000000000000000, 0.000000000000000000, 0.000000000000000000 ) ) ;
#3170 = ORIENTED_EDGE ( 'NONE', *, *, #5192, .T. ) ;
#3171 = FACE_OUTER_BOUND ( 'NONE', #6717, .T. ) ;
#3172 = STYLED_ITEM ( 'NONE', ( #1087 ), #6071 ) ;
#3173 = DIRECTION ( 'NONE',  ( -1.000000000000000000, 0.000000000000000000, 0.000000000000000000 ) ) ;
#3174 = EDGE_LOOP ( 'NONE', ( #5176, #3000, #6279, #4292 ) ) ;
#3175 = CARTESIAN_POINT ( 'NONE',  ( 3.245000000000000107, -3.910002195023270399, 1.500000000000000000 ) ) ;
#3176 = ORIENTED_EDGE ( 'NONE', *, *, #4150, .F. ) ;
#3177 = CARTESIAN_POINT ( 'NONE',  ( 1.834999999999999964, 4.810002195023270311, 0.1999999999999970135 ) ) ;
#3178 = MECHANICAL_DESIGN_GEOMETRIC_PRESENTATION_REPRESENTATION (  '', ( #5928 ), #5696 ) ;
#3179 = EDGE_CURVE ( 'NONE', #6316, #4742, #703, .T. ) ;
#3180 = DIRECTION ( 'NONE',  ( -1.000000000000000000, 0.000000000000000000, 0.000000000000000000 ) ) ;
#3181 = FACE_OUTER_BOUND ( 'NONE', #4853, .T. ) ;
#3182 = VECTOR ( 'NONE', #6848, 1000.000000000000000 ) ;
#3183 = DIRECTION ( 'NONE',  ( 1.000000000000000000, 0.000000000000000000, 0.000000000000000000 ) ) ;
#3184 = SURFACE_STYLE_FILL_AREA ( #1533 ) ;
#3185 = DIRECTION ( 'NONE',  ( 0.000000000000000000, 0.2079116908177598699, -0.9781476007338054668 ) ) ;
#3186 = DIRECTION ( 'NONE',  ( 0.000000000000000000, -1.000000000000000000, 0.000000000000000000 ) ) ;
#3187 = VECTOR ( 'NONE', #5699, 1000.000000000000000 ) ;
#3188 = SURFACE_STYLE_FILL_AREA ( #6329 ) ;
#3189 = MECHANICAL_DESIGN_GEOMETRIC_PRESENTATION_REPRESENTATION (  '', ( #5463 ), #3075 ) ;
#3190 = ORIENTED_EDGE ( 'NONE', *, *, #235, .F. ) ;
#3191 = PLANE ( 'NONE',  #81 ) ;
#3192 = STYLED_ITEM ( 'NONE', ( #939 ), #6917 ) ;
#3193 = EDGE_CURVE ( 'NONE', #5681, #5174, #6567, .T. ) ;
#3194 = SURFACE_SIDE_STYLE ('',( #7048 ) ) ;
#3195 = STYLED_ITEM ( 'NONE', ( #1070 ), #472 ) ;
#3196 = EDGE_LOOP ( 'NONE', ( #5031, #2202, #67, #1479 ) ) ;
#3197 = FACE_OUTER_BOUND ( 'NONE', #624, .T. ) ;
#3198 = DIRECTION ( 'NONE',  ( 0.000000000000000000, 0.000000000000000000, -1.000000000000000000 ) ) ;
#3199 = STYLED_ITEM ( 'NONE', ( #157 ), #2112 ) ;
#3200 = DIRECTION ( 'NONE',  ( 1.000000000000000000, 0.000000000000000000, 0.000000000000000000 ) ) ;
#3201 = VERTEX_POINT ( 'NONE', #2511 ) ;
#3202 = SURFACE_STYLE_FILL_AREA ( #997 ) ;
#3203 = SURFACE_STYLE_USAGE ( .BOTH. , #7059 ) ;
#3204 = CARTESIAN_POINT ( 'NONE',  ( 1.834999999999999964, -3.710002195023270222, 0.000000000000000000 ) ) ;
#3205 =( GEOMETRIC_REPRESENTATION_CONTEXT ( 3 ) GLOBAL_UNCERTAINTY_ASSIGNED_CONTEXT ( ( #1410 ) ) GLOBAL_UNIT_ASSIGNED_CONTEXT ( ( #3797, #482, #5996 ) ) REPRESENTATION_CONTEXT ( 'NONE', 'WORKASPACE' ) );
#3206 = ORIENTED_EDGE ( 'NONE', *, *, #4873, .F. ) ;
#3207 = PRESENTATION_STYLE_ASSIGNMENT (( #2635 ) ) ;
#3208 = UNCERTAINTY_MEASURE_WITH_UNIT (LENGTH_MEASURE( 1.000000000000000082E-05 ), #636, 'distance_accuracy_value', 'NONE');
#3209 = EDGE_LOOP ( 'NONE', ( #6778, #3275, #4234, #4561 ) ) ;
#3210 = ORIENTED_EDGE ( 'NONE', *, *, #399, .F. ) ;
#3211 = VECTOR ( 'NONE', #3332, 1000.000000000000114 ) ;
#3212 = DIRECTION ( 'NONE',  ( -1.000000000000000000, 0.000000000000000000, 0.000000000000000000 ) ) ;
#3213 = CARTESIAN_POINT ( 'NONE',  ( 4.244999999999999218, 1.355252715606854196E-17, 0.1999999999999965139 ) ) ;
#3214 = CARTESIAN_POINT ( 'NONE',  ( -1.834999999999999964, -3.200000000000000178, 1.550000000000000044 ) ) ;
#3215 = CARTESIAN_POINT ( 'NONE',  ( -1.834999999999999964, 6.143812310751189163E-16, 1.699999999999999956 ) ) ;
#3216 = CARTESIAN_POINT ( 'NONE',  ( 3.245000000000000107, -3.610002195023269689, 1.399999999999999911 ) ) ;
#3217 = EDGE_CURVE ( 'NONE', #6316, #6667, #5726, .T. ) ;
#3218 = LINE ( 'NONE', #5394, #5254 ) ;
#3219 = CARTESIAN_POINT ( 'NONE',  ( -1.505000000000000115, 4.310002195023275640, 0.1999999999999965139 ) ) ;
#3220 = CARTESIAN_POINT ( 'NONE',  ( 1.034999999999999920, 4.310002195023275640, -3.491510466163695012E-12 ) ) ;
#3221 = DIRECTION ( 'NONE',  ( -1.000000000000000000, 0.000000000000000000, 0.000000000000000000 ) ) ;
#3222 = LINE ( 'NONE', #6977, #3732 ) ;
#3223 = LINE ( 'NONE', #4705, #2842 ) ;
#3224 = EDGE_CURVE ( 'NONE', #4024, #3004, #1894, .T. ) ;
#3225 = CARTESIAN_POINT ( 'NONE',  ( 0.8350000000000000755, -3.168116515749499928, 1.699999999999999956 ) ) ;
#3226 = PLANE ( 'NONE',  #4392 ) ;
#3227 = SURFACE_STYLE_USAGE ( .BOTH. , #3828 ) ;
#3228 = VERTEX_POINT ( 'NONE', #3040 ) ;
#3229 = CARTESIAN_POINT ( 'NONE',  ( -1.834999999999999964, -3.710002195023270222, 1.699999999999999956 ) ) ;
#3230 = ADVANCED_FACE ( 'NONE', ( #5108 ), #4140, .F. ) ;
#3231 =( LENGTH_UNIT ( ) NAMED_UNIT ( * ) SI_UNIT ( .MILLI., .METRE. ) );
#3232 = VERTEX_POINT ( 'NONE', #4540 ) ;
#3233 =( NAMED_UNIT ( * ) PLANE_ANGLE_UNIT ( ) SI_UNIT ( $, .RADIAN. ) );
#3234 = PRODUCT_DEFINITION_SHAPE ( 'NONE', 'NONE',  #5171 ) ;
#3235 = AXIS2_PLACEMENT_3D ( 'NONE', #1138, #6647, #3826 ) ;
#3236 = VERTEX_POINT ( 'NONE', #5224 ) ;
#3237 = SURFACE_STYLE_FILL_AREA ( #1037 ) ;
#3238 = ORIENTED_EDGE ( 'NONE', *, *, #3578, .F. ) ;
#3239 = ORIENTED_EDGE ( 'NONE', *, *, #1551, .F. ) ;
#3240 = VECTOR ( 'NONE', #2790, 1000.000000000000000 ) ;
#3241 = ORIENTED_EDGE ( 'NONE', *, *, #2482, .T. ) ;
#3242 =( NAMED_UNIT ( * ) PLANE_ANGLE_UNIT ( ) SI_UNIT ( $, .RADIAN. ) );
#3243 = CARTESIAN_POINT ( 'NONE',  ( 1.834999999999999964, -3.168116515749499928, 1.699999999999999956 ) ) ;
#3244 =( NAMED_UNIT ( * ) PLANE_ANGLE_UNIT ( ) SI_UNIT ( $, .RADIAN. ) );
#3245 = CARTESIAN_POINT ( 'NONE',  ( -4.244999999999999218, 3.910002195023270399, 0.1999999999965084985 ) ) ;
#3246 = CIRCLE ( 'NONE', #5200, 0.09999999999999999167 ) ;
#3247 = DIRECTION ( 'NONE',  ( 0.000000000000000000, -1.000000000000000000, 0.000000000000000000 ) ) ;
#3248 = CARTESIAN_POINT ( 'NONE',  ( 1.834999999999999964, 3.910002195023270399, 0.1999999999965084985 ) ) ;
#3249 = PLANE ( 'NONE',  #1792 ) ;
#3250 =( NAMED_UNIT ( * ) SI_UNIT ( $, .STERADIAN. ) SOLID_ANGLE_UNIT ( ) );
#3251 =( NAMED_UNIT ( * ) PLANE_ANGLE_UNIT ( ) SI_UNIT ( $, .RADIAN. ) );
#3252 = CARTESIAN_POINT ( 'NONE',  ( 4.044999999999999929, 4.810002195023270311, -3.491510466163695012E-12 ) ) ;
#3253 = STYLED_ITEM ( 'NONE', ( #668 ), #4793 ) ;
#3254 = DIRECTION ( 'NONE',  ( 0.000000000000000000, 1.000000000000000000, 6.776263578034390387E-17 ) ) ;
#3255 = COLOUR_RGB ( '',0.7764705882352941346, 0.7568627450980391913, 0.7372549019607843590 ) ;
#3256 = CARTESIAN_POINT ( 'NONE',  ( 0.000000000000000000, 0.000000000000000000, 0.000000000000000000 ) ) ;
#3257 = FILL_AREA_STYLE_COLOUR ( '', #4080 ) ;
#3258 = ADVANCED_FACE ( 'NONE', ( #6273 ), #3010, .F. ) ;
#3259 = AXIS2_PLACEMENT_3D ( 'NONE', #2497, #6890, #249 ) ;
#3260 = DIRECTION ( 'NONE',  ( -1.000000000000000000, 0.000000000000000000, 0.000000000000000000 ) ) ;
#3261 = CIRCLE ( 'NONE', #3956, 0.09999999999999999167 ) ;
#3262 = COLOUR_RGB ( '',0.7764705882352941346, 0.7568627450980391913, 0.7372549019607843590 ) ;
#3263 = SURFACE_SIDE_STYLE ('',( #1581 ) ) ;
#3264 = ORIENTED_EDGE ( 'NONE', *, *, #6674, .F. ) ;
#3265 = DIRECTION ( 'NONE',  ( 1.000000000000000000, 0.000000000000000000, 0.000000000000000000 ) ) ;
#3266 = CARTESIAN_POINT ( 'NONE',  ( -1.834999999999999964, 3.910002195023270399, 0.1999999999965084985 ) ) ;
#3267 = DIRECTION ( 'NONE',  ( 1.000000000000000000, 0.000000000000000000, 0.000000000000000000 ) ) ;
#3268 = PLANE ( 'NONE',  #4564 ) ;
#3269 = VERTEX_POINT ( 'NONE', #3575 ) ;
#3270 = CARTESIAN_POINT ( 'NONE',  ( 4.643048641745470384, -2.913048641745470402, 0.2000000000000000111 ) ) ;
#3271 = VERTEX_POINT ( 'NONE', #5756 ) ;
#3272 = VERTEX_POINT ( 'NONE', #5073 ) ;
#3273 = AXIS2_PLACEMENT_3D ( 'NONE', #3330, #3819, #6022 ) ;
#3274 = CARTESIAN_POINT ( 'NONE',  ( 4.044999999999999929, -4.310002195023275640, 0.1999999999999965139 ) ) ;
#3275 = ORIENTED_EDGE ( 'NONE', *, *, #5398, .F. ) ;
#3276 = SURFACE_SIDE_STYLE ('',( #430 ) ) ;
#3277 = ADVANCED_FACE ( 'NONE', ( #151 ), #735, .F. ) ;
#3278 = SURFACE_STYLE_USAGE ( .BOTH. , #7033 ) ;
#3279 = ORIENTED_EDGE ( 'NONE', *, *, #3623, .T. ) ;
#3280 = VECTOR ( 'NONE', #6908, 1000.000000000000000 ) ;
#3281 = CARTESIAN_POINT ( 'NONE',  ( -4.244999999999999218, 3.189372171916499799, 1.500000000000000000 ) ) ;
#3282 = DIRECTION ( 'NONE',  ( 0.000000000000000000, -1.000000000000000000, 6.776263578034390387E-17 ) ) ;
#3283 =( LENGTH_UNIT ( ) NAMED_UNIT ( * ) SI_UNIT ( .MILLI., .METRE. ) );
#3284 = DIRECTION ( 'NONE',  ( -1.000000000000000000, 0.000000000000000000, 0.000000000000000000 ) ) ;
#3285 = DIRECTION ( 'NONE',  ( 1.000000000000000000, 0.000000000000000000, 0.000000000000000000 ) ) ;
#3286 = EDGE_LOOP ( 'NONE', ( #1482, #2124, #6160, #640 ) ) ;
#3287 = LINE ( 'NONE', #564, #6879 ) ;
#3288 = AXIS2_PLACEMENT_3D ( 'NONE', #6457, #2108, #1536 ) ;
#3289 = CARTESIAN_POINT ( 'NONE',  ( 3.245000000000000107, -3.710002195023270222, 1.699999999999999956 ) ) ;
#3290 =( NAMED_UNIT ( * ) PLANE_ANGLE_UNIT ( ) SI_UNIT ( $, .RADIAN. ) );
#3291 = SURFACE_STYLE_FILL_AREA ( #3864 ) ;
#3292 = PRESENTATION_LAYER_ASSIGNMENT (  '', '', ( #1578 ) ) ;
#3293 = COLOUR_RGB ( '',0.7764705882352941346, 0.7568627450980391913, 0.7372549019607843590 ) ;
#3294 = DIRECTION ( 'NONE',  ( 1.000000000000000000, 0.000000000000000000, 0.000000000000000000 ) ) ;
#3295 = APPLICATION_PROTOCOL_DEFINITION ( 'draft international standard', 'automotive_design', 1998, #1517 ) ;
#3296 = VECTOR ( 'NONE', #1858, 1000.000000000000000 ) ;
#3297 = CARTESIAN_POINT ( 'NONE',  ( -1.834999999999999964, 1.355252715606854196E-17, 0.1999999999999965139 ) ) ;
#3298 = CARTESIAN_POINT ( 'NONE',  ( 3.245000000000000107, 3.610002195023269689, 1.399999999999999911 ) ) ;
#3299 = UNCERTAINTY_MEASURE_WITH_UNIT (LENGTH_MEASURE( 1.000000000000000082E-05 ), #5126, 'distance_accuracy_value', 'NONE');
#3300 = MECHANICAL_DESIGN_GEOMETRIC_PRESENTATION_REPRESENTATION (  '', ( #5589 ), #3762 ) ;
#3301 = DIRECTION ( 'NONE',  ( 0.000000000000000000, 0.000000000000000000, 1.000000000000000000 ) ) ;
#3302 = MECHANICAL_DESIGN_GEOMETRIC_PRESENTATION_REPRESENTATION (  '', ( #4794 ), #6062 ) ;
#3303 = ADVANCED_FACE ( 'NONE', ( #1449 ), #3743, .T. ) ;
#3304 = EDGE_CURVE ( 'NONE', #3803, #2641, #4176, .T. ) ;
#3305 = ORIENTED_EDGE ( 'NONE', *, *, #781, .F. ) ;
#3306 = SURFACE_SIDE_STYLE ('',( #609 ) ) ;
#3307 = CARTESIAN_POINT ( 'NONE',  ( -3.245000000000000107, 4.010002195023269600, 0.2999999999999999889 ) ) ;
#3308 = ORIENTED_EDGE ( 'NONE', *, *, #6033, .T. ) ;
#3309 = STYLED_ITEM ( 'NONE', ( #4591 ), #2123 ) ;
#3310 = CARTESIAN_POINT ( 'NONE',  ( 3.245000000000000107, -3.910002195023270399, 0.1999999999965084985 ) ) ;
#3311 = PRESENTATION_LAYER_ASSIGNMENT (  '', '', ( #6429 ) ) ;
#3312 = VERTEX_POINT ( 'NONE', #5279 ) ;
#3313 = COLOUR_RGB ( '',0.7764705882352941346, 0.7568627450980391913, 0.7372549019607843590 ) ;
#3314 = ORIENTED_EDGE ( 'NONE', *, *, #813, .F. ) ;
#3315 = EDGE_CURVE ( 'NONE', #460, #1004, #6375, .T. ) ;
#3316 = FILL_AREA_STYLE_COLOUR ( '', #1749 ) ;
#3317 = ORIENTED_EDGE ( 'NONE', *, *, #2967, .T. ) ;
#3318 = COLOUR_RGB ( '',0.7764705882352941346, 0.7568627450980391913, 0.7372549019607843590 ) ;
#3319 = PRESENTATION_STYLE_ASSIGNMENT (( #1081 ) ) ;
#3320 =( NAMED_UNIT ( * ) SI_UNIT ( $, .STERADIAN. ) SOLID_ANGLE_UNIT ( ) );
#3321 = LINE ( 'NONE', #658, #6187 ) ;
#3322 = EDGE_LOOP ( 'NONE', ( #3061, #2078, #3429, #4636, #1259, #620, #3800, #530 ) ) ;
#3323 = DIRECTION ( 'NONE',  ( 0.000000000000000000, 0.000000000000000000, -1.000000000000000000 ) ) ;
#3324 = EDGE_CURVE ( 'NONE', #364, #6444, #3246, .T. ) ;
#3325 = COLOUR_RGB ( '',0.7764705882352941346, 0.7568627450980391913, 0.7372549019607843590 ) ;
#3326 = CARTESIAN_POINT ( 'NONE',  ( 1.834999999999999964, 3.710002195023270222, 1.699999999999999956 ) ) ;
#3327 = CARTESIAN_POINT ( 'NONE',  ( 0.8350000000000000755, 3.910002195023270399, -3.491456256055070333E-12 ) ) ;
#3328 = PLANE ( 'NONE',  #605 ) ;
#3329 = LINE ( 'NONE', #5, #958 ) ;
#3330 = CARTESIAN_POINT ( 'NONE',  ( 3.245000000000000107, 0.000000000000000000, 0.000000000000000000 ) ) ;
#3331 = ORIENTED_EDGE ( 'NONE', *, *, #1731, .F. ) ;
#3332 = DIRECTION ( 'NONE',  ( -0.2035585949527794203, -0.2035585949527794203, -0.9576678948579724349 ) ) ;
#3333 = FILL_AREA_STYLE_COLOUR ( '', #4437 ) ;
#3334 = DIRECTION ( 'NONE',  ( 0.000000000000000000, 0.000000000000000000, -1.000000000000000000 ) ) ;
#3335 = DIRECTION ( 'NONE',  ( 0.000000000000000000, 0.000000000000000000, -1.000000000000000000 ) ) ;
#3336 = CARTESIAN_POINT ( 'NONE',  ( -1.834999999999999964, -3.910002195023270399, 1.500000000000000000 ) ) ;
#3337 =( NAMED_UNIT ( * ) SI_UNIT ( $, .STERADIAN. ) SOLID_ANGLE_UNIT ( ) );
#3338 = CARTESIAN_POINT ( 'NONE',  ( -3.245000000000000107, -3.710002195023270222, 1.500000000000000000 ) ) ;
#3339 = LINE ( 'NONE', #5082, #799 ) ;
#3340 = FILL_AREA_STYLE ('',( #2806 ) ) ;
#3341 = ORIENTED_EDGE ( 'NONE', *, *, #2582, .T. ) ;
#3342 =( NAMED_UNIT ( * ) SI_UNIT ( $, .STERADIAN. ) SOLID_ANGLE_UNIT ( ) );
#3343 = CARTESIAN_POINT ( 'NONE',  ( -4.044999999999999929, -4.310002195023275640, -3.491510466163695012E-12 ) ) ;
#3344 = ORIENTED_EDGE ( 'NONE', *, *, #411, .F. ) ;
#3345 = ORIENTED_EDGE ( 'NONE', *, *, #5328, .F. ) ;
#3346 = ORIENTED_EDGE ( 'NONE', *, *, #6659, .T. ) ;
#3347 = FILL_AREA_STYLE_COLOUR ( '', #5399 ) ;
#3348 = ORIENTED_EDGE ( 'NONE', *, *, #3008, .F. ) ;
#3349 = LINE ( 'NONE', #1630, #6584 ) ;
#3350 = DIRECTION ( 'NONE',  ( 0.000000000000000000, 1.000000000000000000, 0.000000000000000000 ) ) ;
#3351 = STYLED_ITEM ( 'NONE', ( #1591 ), #2693 ) ;
#3352 = SURFACE_STYLE_USAGE ( .BOTH. , #1160 ) ;
#3353 = EDGE_CURVE ( 'NONE', #2873, #2773, #6521, .T. ) ;
#3354 = FACE_OUTER_BOUND ( 'NONE', #251, .T. ) ;
#3355 = VERTEX_POINT ( 'NONE', #1594 ) ;
#3356 = CARTESIAN_POINT ( 'NONE',  ( 0.000000000000000000, 2.913048641745470402, 0.2000000000000000111 ) ) ;
#3357 = EDGE_CURVE ( 'NONE', #419, #4458, #7001, .T. ) ;
#3358 = CARTESIAN_POINT ( 'NONE',  ( -1.834999999999999964, 4.010002195023269600, 0.1999999999999970135 ) ) ;
#3359 =( NAMED_UNIT ( * ) PLANE_ANGLE_UNIT ( ) SI_UNIT ( $, .RADIAN. ) );
#3360 = CARTESIAN_POINT ( 'NONE',  ( -0.8350000000000000755, 1.355252715606854196E-17, 0.1999999999999965139 ) ) ;
#3361 = SURFACE_SIDE_STYLE ('',( #6676 ) ) ;
#3362 = LINE ( 'NONE', #6203, #6294 ) ;
#3363 = LINE ( 'NONE', #1608, #2584 ) ;
#3364 = COLOUR_RGB ( '',0.7764705882352941346, 0.7568627450980391913, 0.7372549019607843590 ) ;
#3365 =( LENGTH_UNIT ( ) NAMED_UNIT ( * ) SI_UNIT ( .MILLI., .METRE. ) );
#3366 = VERTEX_POINT ( 'NONE', #2025 ) ;
#3367 = SURFACE_SIDE_STYLE ('',( #5012 ) ) ;
#3368 = VECTOR ( 'NONE', #976, 1000.000000000000000 ) ;
#3369 = CARTESIAN_POINT ( 'NONE',  ( -1.034999999999999920, -4.310002195023275640, 0.1999999999999965139 ) ) ;
#3370 = FILL_AREA_STYLE_COLOUR ( '', #3991 ) ;
#3371 = CARTESIAN_POINT ( 'NONE',  ( -1.834999999999999964, 0.000000000000000000, -3.491456256055070333E-12 ) ) ;
#3372 = ADVANCED_FACE ( 'NONE', ( #4203 ), #3673, .F. ) ;
#3373 = CARTESIAN_POINT ( 'NONE',  ( 3.245000000000000107, 3.189372171916499799, 1.500000000000000000 ) ) ;
#3374 = VECTOR ( 'NONE', #4485, 1000.000000000000000 ) ;
#3375 = VECTOR ( 'NONE', #4777, 1000.000000000000000 ) ;
#3376 = CARTESIAN_POINT ( 'NONE',  ( -0.8350000000000000755, 3.610002195023269689, 1.500000000000000000 ) ) ;
#3377 = UNCERTAINTY_MEASURE_WITH_UNIT (LENGTH_MEASURE( 1.000000000000000082E-05 ), #2223, 'distance_accuracy_value', 'NONE');
#3378 = DIRECTION ( 'NONE',  ( -1.000000000000000000, 0.000000000000000000, 0.000000000000000000 ) ) ;
#3379 = VECTOR ( 'NONE', #1645, 1000.000000000000114 ) ;
#3380 = ORIENTED_EDGE ( 'NONE', *, *, #92, .T. ) ;
#3381 = PRESENTATION_STYLE_ASSIGNMENT (( #4451 ) ) ;
#3382 = DIRECTION ( 'NONE',  ( 0.000000000000000000, 0.000000000000000000, 1.000000000000000000 ) ) ;
#3383 = VERTEX_POINT ( 'NONE', #3924 ) ;
#3384 = CYLINDRICAL_SURFACE ( 'NONE', #310, 0.1000000000000000472 ) ;
#3385 = CIRCLE ( 'NONE', #2356, 0.1000000000000000472 ) ;
#3386 = VECTOR ( 'NONE', #2502, 1000.000000000000000 ) ;
#3387 = ORIENTED_EDGE ( 'NONE', *, *, #3656, .T. ) ;
#3388 = SURFACE_STYLE_FILL_AREA ( #1334 ) ;
#3389 = ORIENTED_EDGE ( 'NONE', *, *, #5720, .F. ) ;
#3390 = EDGE_CURVE ( 'NONE', #4614, #147, #3349, .T. ) ;
#3391 = ORIENTED_EDGE ( 'NONE', *, *, #5845, .F. ) ;
#3392 = VECTOR ( 'NONE', #506, 1000.000000000000000 ) ;
#3393 = DIRECTION ( 'NONE',  ( 0.000000000000000000, -1.000000000000000000, 6.776263578034390387E-17 ) ) ;
#3394 = STYLED_ITEM ( 'NONE', ( #1944 ), #4174 ) ;
#3395 = DIRECTION ( 'NONE',  ( 0.000000000000000000, 0.000000000000000000, 1.000000000000000000 ) ) ;
#3396 = CARTESIAN_POINT ( 'NONE',  ( -3.245000000000000107, -3.610002195023269689, 1.399999999999999911 ) ) ;
#3397 = VERTEX_POINT ( 'NONE', #1158 ) ;
#3398 = EDGE_CURVE ( 'NONE', #3423, #6885, #6048, .T. ) ;
#3399 = CARTESIAN_POINT ( 'NONE',  ( 1.034999999999999920, -4.810002195023270311, 0.1999999999999965139 ) ) ;
#3400 = EDGE_CURVE ( 'NONE', #763, #1331, #656, .T. ) ;
#3401 = DIRECTION ( 'NONE',  ( 1.000000000000000000, 0.000000000000000000, 0.000000000000000000 ) ) ;
#3402 = SURFACE_SIDE_STYLE ('',( #1201 ) ) ;
#3403 = MECHANICAL_DESIGN_GEOMETRIC_PRESENTATION_REPRESENTATION (  '', ( #3057 ), #7085 ) ;
#3404 = FILL_AREA_STYLE ('',( #6129 ) ) ;
#3405 = ORIENTED_EDGE ( 'NONE', *, *, #4464, .T. ) ;
#3406 = DIRECTION ( 'NONE',  ( 1.000000000000000000, 0.000000000000000000, 0.000000000000000000 ) ) ;
#3407 = VECTOR ( 'NONE', #5427, 1000.000000000000000 ) ;
#3408 =( NAMED_UNIT ( * ) SI_UNIT ( $, .STERADIAN. ) SOLID_ANGLE_UNIT ( ) );
#3409 = CARTESIAN_POINT ( 'NONE',  ( -0.8350000000000000755, 0.000000000000000000, 0.000000000000000000 ) ) ;
#3410 = LINE ( 'NONE', #3472, #5207 ) ;
#3411 = ORIENTED_EDGE ( 'NONE', *, *, #4135, .F. ) ;
#3412 = LINE ( 'NONE', #681, #5682 ) ;
#3413 = EDGE_CURVE ( 'NONE', #2889, #1339, #2820, .T. ) ;
#3414 = DIRECTION ( 'NONE',  ( 0.000000000000000000, 1.000000000000000000, 6.776263578034390387E-17 ) ) ;
#3415 = ORIENTED_EDGE ( 'NONE', *, *, #5052, .T. ) ;
#3416 = CARTESIAN_POINT ( 'NONE',  ( -3.245000000000000107, 3.910002195023270399, 0.000000000000000000 ) ) ;
#3417 = DIRECTION ( 'NONE',  ( -1.000000000000000000, 0.000000000000000000, 0.000000000000000000 ) ) ;
#3418 = CARTESIAN_POINT ( 'NONE',  ( 1.834999999999999964, -4.310002195023275640, 0.1999999999999965139 ) ) ;
#3419 = ORIENTED_EDGE ( 'NONE', *, *, #5540, .F. ) ;
#3420 = SURFACE_SIDE_STYLE ('',( #2956 ) ) ;
#3421 = VECTOR ( 'NONE', #743, 1000.000000000000000 ) ;
#3422 = UNCERTAINTY_MEASURE_WITH_UNIT (LENGTH_MEASURE( 1.000000000000000082E-05 ), #3771, 'distance_accuracy_value', 'NONE');
#3423 = VERTEX_POINT ( 'NONE', #2246 ) ;
#3424 = DIRECTION ( 'NONE',  ( 1.000000000000000000, 0.000000000000000000, 0.000000000000000000 ) ) ;
#3425 = ORIENTED_EDGE ( 'NONE', *, *, #3053, .T. ) ;
#3426 =( NAMED_UNIT ( * ) PLANE_ANGLE_UNIT ( ) SI_UNIT ( $, .RADIAN. ) );
#3427 =( NAMED_UNIT ( * ) SI_UNIT ( $, .STERADIAN. ) SOLID_ANGLE_UNIT ( ) );
#3428 =( NAMED_UNIT ( * ) PLANE_ANGLE_UNIT ( ) SI_UNIT ( $, .RADIAN. ) );
#3429 = ORIENTED_EDGE ( 'NONE', *, *, #6088, .F. ) ;
#3430 = DIRECTION ( 'NONE',  ( 0.000000000000000000, 0.000000000000000000, 1.000000000000000000 ) ) ;
#3431 = VECTOR ( 'NONE', #3146, 1000.000000000000000 ) ;
#3432 = FACE_OUTER_BOUND ( 'NONE', #2460, .T. ) ;
#3433 = DIRECTION ( 'NONE',  ( 1.000000000000000000, 0.000000000000000000, 0.000000000000000000 ) ) ;
#3434 = CARTESIAN_POINT ( 'NONE',  ( -0.8350000000000000755, 4.010002195023269600, 0.2999999999999999889 ) ) ;
#3435 = EDGE_CURVE ( 'NONE', #396, #2881, #543, .T. ) ;
#3436 = EDGE_CURVE ( 'NONE', #4529, #2016, #140, .T. ) ;
#3437 =( NAMED_UNIT ( * ) PLANE_ANGLE_UNIT ( ) SI_UNIT ( $, .RADIAN. ) );
#3438 = SURFACE_SIDE_STYLE ('',( #1208 ) ) ;
#3439 = FACE_OUTER_BOUND ( 'NONE', #4606, .T. ) ;
#3440 = AXIS2_PLACEMENT_3D ( 'NONE', #3792, #119, #6093 ) ;
#3441 = CARTESIAN_POINT ( 'NONE',  ( -3.245000000000000107, -4.010002195023269600, 0.2999999999999999889 ) ) ;
#3442 = FACE_OUTER_BOUND ( 'NONE', #787, .T. ) ;
#3443 = DIRECTION ( 'NONE',  ( 0.000000000000000000, 0.000000000000000000, -1.000000000000000000 ) ) ;
#3444 = PRESENTATION_STYLE_ASSIGNMENT (( #6178 ) ) ;
#3445 = EDGE_CURVE ( 'NONE', #5746, #396, #2319, .T. ) ;
#3446 = CARTESIAN_POINT ( 'NONE',  ( -3.575000000000000178, 4.310002195023275640, -3.491456256055070333E-12 ) ) ;
#3447 = UNCERTAINTY_MEASURE_WITH_UNIT (LENGTH_MEASURE( 1.000000000000000082E-05 ), #3035, 'distance_accuracy_value', 'NONE');
#3448 = DIRECTION ( 'NONE',  ( 1.000000000000000000, 0.000000000000000000, 0.000000000000000000 ) ) ;
#3449 = ORIENTED_EDGE ( 'NONE', *, *, #2970, .T. ) ;
#3450 = PRESENTATION_STYLE_ASSIGNMENT (( #3278 ) ) ;
#3451 = EDGE_CURVE ( 'NONE', #933, #4566, #4496, .T. ) ;
#3452 = EDGE_LOOP ( 'NONE', ( #4589, #2238, #6804, #1204 ) ) ;
#3453 =( LENGTH_UNIT ( ) NAMED_UNIT ( * ) SI_UNIT ( .MILLI., .METRE. ) );
#3454 = EDGE_LOOP ( 'NONE', ( #1177, #3238, #220, #507 ) ) ;
#3455 = ORIENTED_EDGE ( 'NONE', *, *, #4405, .T. ) ;
#3456 = ORIENTED_EDGE ( 'NONE', *, *, #5009, .F. ) ;
#3457 =( NAMED_UNIT ( * ) PLANE_ANGLE_UNIT ( ) SI_UNIT ( $, .RADIAN. ) );
#3458 = CARTESIAN_POINT ( 'NONE',  ( 4.244999999999999218, 3.200000000000000178, 1.550000000000000044 ) ) ;
#3459 = FILL_AREA_STYLE_COLOUR ( '', #7119 ) ;
#3460 = FILL_AREA_STYLE_COLOUR ( '', #2396 ) ;
#3461 = ORIENTED_EDGE ( 'NONE', *, *, #5071, .F. ) ;
#3462 = FACE_OUTER_BOUND ( 'NONE', #5603, .T. ) ;
#3463 = VECTOR ( 'NONE', #252, 1000.000000000000000 ) ;
#3464 = SURFACE_SIDE_STYLE ('',( #4654 ) ) ;
#3465 =( LENGTH_UNIT ( ) NAMED_UNIT ( * ) SI_UNIT ( .MILLI., .METRE. ) );
#3466 = DIRECTION ( 'NONE',  ( -0.2035585949527794203, -0.2035585949527794203, 0.9576678948579724349 ) ) ;
#3467 = FACE_OUTER_BOUND ( 'NONE', #873, .T. ) ;
#3468 = DIRECTION ( 'NONE',  ( 0.000000000000000000, -6.776263578034390387E-17, -1.000000000000000000 ) ) ;
#3469 = LINE ( 'NONE', #4796, #6535 ) ;
#3470 = AXIS2_PLACEMENT_3D ( 'NONE', #4075, #228, #6340 ) ;
#3471 = DIRECTION ( 'NONE',  ( 0.000000000000000000, 1.000000000000000000, 3.614007241618355180E-16 ) ) ;
#3472 = CARTESIAN_POINT ( 'NONE',  ( -1.834999999999999964, -3.710002195023270222, 0.000000000000000000 ) ) ;
#3473 = CARTESIAN_POINT ( 'NONE',  ( -1.834999999999999964, 0.000000000000000000, 0.000000000000000000 ) ) ;
#3474 = ORIENTED_EDGE ( 'NONE', *, *, #5378, .F. ) ;
#3475 = SURFACE_SIDE_STYLE ('',( #1285 ) ) ;
#3476 = FACE_OUTER_BOUND ( 'NONE', #584, .T. ) ;
#3477 = CARTESIAN_POINT ( 'NONE',  ( 1.034999999999999920, -4.810002195023270311, -3.491510466163695012E-12 ) ) ;
#3478 = VECTOR ( 'NONE', #2754, 1000.000000000000000 ) ;
#3479 = ADVANCED_FACE ( 'NONE', ( #1771 ), #1703, .F. ) ;
#3480 = VERTEX_POINT ( 'NONE', #6302 ) ;
#3481 = ADVANCED_FACE ( 'NONE', ( #3494 ), #3031, .T. ) ;
#3482 = DIRECTION ( 'NONE',  ( 0.000000000000000000, 6.776263578034390387E-17, -1.000000000000000000 ) ) ;
#3483 = CIRCLE ( 'NONE', #951, 0.2000000000000000111 ) ;
#3484 = CARTESIAN_POINT ( 'NONE',  ( 4.244999999999999218, 3.710002195023270222, 0.1999999999965084985 ) ) ;
#3485 = ORIENTED_EDGE ( 'NONE', *, *, #3103, .F. ) ;
#3486 = DIRECTION ( 'NONE',  ( 0.000000000000000000, 0.000000000000000000, 1.000000000000000000 ) ) ;
#3487 = FILL_AREA_STYLE ('',( #4892 ) ) ;
#3488 = EDGE_LOOP ( 'NONE', ( #1447, #5939, #478, #3536 ) ) ;
#3489 =( GEOMETRIC_REPRESENTATION_CONTEXT ( 3 ) GLOBAL_UNCERTAINTY_ASSIGNED_CONTEXT ( ( #3992 ) ) GLOBAL_UNIT_ASSIGNED_CONTEXT ( ( #130, #3985, #1260 ) ) REPRESENTATION_CONTEXT ( 'NONE', 'WORKASPACE' ) );
#3490 = CARTESIAN_POINT ( 'NONE',  ( 3.575000000000000178, 4.310002195023275640, -3.491510466163695012E-12 ) ) ;
#3491 = CARTESIAN_POINT ( 'NONE',  ( 4.044999999999999929, 4.810002195023270311, 0.1999999999999965139 ) ) ;
#3492 = ORIENTED_EDGE ( 'NONE', *, *, #4010, .T. ) ;
#3493 = VERTEX_POINT ( 'NONE', #221 ) ;
#3494 = FACE_OUTER_BOUND ( 'NONE', #6300, .T. ) ;
#3495 = SURFACE_STYLE_FILL_AREA ( #3032 ) ;
#3496 = VECTOR ( 'NONE', #3466, 1000.000000000000114 ) ;
#3497 = STYLED_ITEM ( 'NONE', ( #1956 ), #4045 ) ;
#3498 = CARTESIAN_POINT ( 'NONE',  ( 1.834999999999999964, -3.710002195023270222, 0.1999999999965084985 ) ) ;
#3499 = ORIENTED_EDGE ( 'NONE', *, *, #6674, .T. ) ;
#3500 =( NAMED_UNIT ( * ) SI_UNIT ( $, .STERADIAN. ) SOLID_ANGLE_UNIT ( ) );
#3501 = UNCERTAINTY_MEASURE_WITH_UNIT (LENGTH_MEASURE( 1.000000000000000082E-05 ), #5102, 'distance_accuracy_value', 'NONE');
#3502 = AXIS2_PLACEMENT_3D ( 'NONE', #18, #3378, #6182 ) ;
#3503 = EDGE_CURVE ( 'NONE', #3272, #1224, #3566, .T. ) ;
#3504 = SURFACE_STYLE_USAGE ( .BOTH. , #2973 ) ;
#3505 = ORIENTED_EDGE ( 'NONE', *, *, #1337, .F. ) ;
#3506 = FACE_OUTER_BOUND ( 'NONE', #3454, .T. ) ;
#3507 = FILL_AREA_STYLE_COLOUR ( '', #6741 ) ;
#3508 = STYLED_ITEM ( 'NONE', ( #1542 ), #5193 ) ;
#3509 = FILL_AREA_STYLE ('',( #3548 ) ) ;
#3510 = SURFACE_SIDE_STYLE ('',( #5663 ) ) ;
#3511 = MECHANICAL_DESIGN_GEOMETRIC_PRESENTATION_REPRESENTATION (  '', ( #2595 ), #1918 ) ;
#3512 = PLANE ( 'NONE',  #4372 ) ;
#3513 = CARTESIAN_POINT ( 'NONE',  ( -3.245000000000000107, -3.710002195023270222, 1.699999999999999956 ) ) ;
#3514 = CARTESIAN_POINT ( 'NONE',  ( -4.244999999999999218, 3.710002195023270222, 1.699999999999999956 ) ) ;
#3515 = ORIENTED_EDGE ( 'NONE', *, *, #1264, .T. ) ;
#3516 = MECHANICAL_DESIGN_GEOMETRIC_PRESENTATION_REPRESENTATION (  '', ( #3739 ), #3852 ) ;
#3517 = CARTESIAN_POINT ( 'NONE',  ( -1.834999999999999964, -3.710002195023270222, 1.699999999999999956 ) ) ;
#3518 = ORIENTED_EDGE ( 'NONE', *, *, #3623, .F. ) ;
#3519 =( GEOMETRIC_REPRESENTATION_CONTEXT ( 3 ) GLOBAL_UNCERTAINTY_ASSIGNED_CONTEXT ( ( #716 ) ) GLOBAL_UNIT_ASSIGNED_CONTEXT ( ( #1813, #2360, #148 ) ) REPRESENTATION_CONTEXT ( 'NONE', 'WORKASPACE' ) );
#3520 =( LENGTH_UNIT ( ) NAMED_UNIT ( * ) SI_UNIT ( .MILLI., .METRE. ) );
#3521 = SURFACE_SIDE_STYLE ('',( #1327 ) ) ;
#3522 = CARTESIAN_POINT ( 'NONE',  ( 0.8350000000000000755, 4.310002195023275640, -3.491510466163695012E-12 ) ) ;
#3523 = ADVANCED_FACE ( 'NONE', ( #4608 ), #2354, .F. ) ;
#3524 = EDGE_CURVE ( 'NONE', #6743, #3620, #1302, .T. ) ;
#3525 = VERTEX_POINT ( 'NONE', #5099 ) ;
#3526 = DIRECTION ( 'NONE',  ( 0.000000000000000000, -1.000000000000000000, 0.000000000000000000 ) ) ;
#3527 = DIRECTION ( 'NONE',  ( 0.000000000000000000, 0.000000000000000000, -1.000000000000000000 ) ) ;
#3528 = ORIENTED_EDGE ( 'NONE', *, *, #2783, .T. ) ;
#3529 = SURFACE_STYLE_USAGE ( .BOTH. , #1338 ) ;
#3530 = CLOSED_SHELL ( 'NONE', ( #5723, #3481, #3479, #6746, #2123, #1332, #4090, #1255, #4023, #591, #1552, #1168, #2029, #718, #4365, #1382, #6846, #6165, #5406, #3277, #434, #1506, #5984, #2268, #3935, #2896, #1030, #3709, #6468, #6342, #6296, #1637, #6799, #3691, #4045, #2493, #4881, #5232, #3545, #7122, #77, #5193, #6207, #552, #38, #1020, #7005, #6081, #3832, #4579, #3022, #6616, #5482, #4686, #281, #3878, #2693, #4598, #5438, #5898, #3085, #6272, #93, #52, #756, #2913, #618, #5092, #4254, #2888, #3258, #720, #1425, #5843, #682, #444, #2486, #1828, #3798, #3647, #6181, #4444, #539, #3523, #2749, #643, #4793, #2926, #6892, #1705, #472, #2182, #4238, #4054, #5853, #3303, #6107, #4756, #2442, #6859, #3080, #2799, #1283, #7101, #4273, #1525, #7147, #480, #3964, #6250, #2273, #2827, #7013, #7024, #3750, #820, #5738, #3230, #4180, #6798, #2609, #6623, #2883, #2564, #225, #6917, #4063, #6121, #6254, #1961, #5011, #2746 ) ) ;
#3531 = ORIENTED_EDGE ( 'NONE', *, *, #4296, .T. ) ;
#3532 = CARTESIAN_POINT ( 'NONE',  ( -1.834999999999999964, 3.610002195023269689, 1.399999999999999911 ) ) ;
#3533 = PLANE ( 'NONE',  #427 ) ;
#3534 = STYLED_ITEM ( 'NONE', ( #1206 ), #6468 ) ;
#3535 = FILL_AREA_STYLE ('',( #3460 ) ) ;
#3536 = ORIENTED_EDGE ( 'NONE', *, *, #504, .T. ) ;
#3537 = DIRECTION ( 'NONE',  ( -0.9781476007338055778, 0.000000000000000000, 0.2079116908177601197 ) ) ;
#3538 = MECHANICAL_DESIGN_GEOMETRIC_PRESENTATION_REPRESENTATION (  '', ( #4105 ), #3638 ) ;
#3539 = EDGE_CURVE ( 'NONE', #4106, #2751, #1267, .T. ) ;
#3540 = SURFACE_STYLE_USAGE ( .BOTH. , #5107 ) ;
#3541 = VECTOR ( 'NONE', #4224, 1000.000000000000000 ) ;
#3542 = ORIENTED_EDGE ( 'NONE', *, *, #994, .T. ) ;
#3543 = FILL_AREA_STYLE ('',( #4077 ) ) ;
#3544 = DIRECTION ( 'NONE',  ( 1.000000000000000000, 0.000000000000000000, 0.000000000000000000 ) ) ;
#3545 = ADVANCED_FACE ( 'NONE', ( #1851 ), #4030, .F. ) ;
#3546 = STYLED_ITEM ( 'NONE', ( #2578 ), #2273 ) ;
#3547 = STYLED_ITEM ( 'NONE', ( #993 ), #718 ) ;
#3548 = FILL_AREA_STYLE_COLOUR ( '', #3325 ) ;
#3549 = DIRECTION ( 'NONE',  ( 0.000000000000000000, -3.614007241618360111E-16, -1.000000000000000000 ) ) ;
#3550 = FILL_AREA_STYLE ('',( #3616 ) ) ;
#3551 = SURFACE_STYLE_FILL_AREA ( #6384 ) ;
#3552 = DIRECTION ( 'NONE',  ( -1.000000000000000000, 0.000000000000000000, 0.000000000000000000 ) ) ;
#3553 = AXIS2_PLACEMENT_3D ( 'NONE', #1472, #4706, #2591 ) ;
#3554 = FILL_AREA_STYLE ('',( #715 ) ) ;
#3555 = FILL_AREA_STYLE ('',( #1909 ) ) ;
#3556 = LINE ( 'NONE', #4670, #5709 ) ;
#3557 = SURFACE_STYLE_USAGE ( .BOTH. , #3521 ) ;
#3558 = DIRECTION ( 'NONE',  ( 0.000000000000000000, 0.000000000000000000, -1.000000000000000000 ) ) ;
#3559 = CARTESIAN_POINT ( 'NONE',  ( 3.575000000000000178, -4.310002195023275640, 0.1999999999999965139 ) ) ;
#3560 = PRESENTATION_LAYER_ASSIGNMENT (  '', '', ( #4803 ) ) ;
#3561 = ORIENTED_EDGE ( 'NONE', *, *, #6800, .T. ) ;
#3562 = SURFACE_SIDE_STYLE ('',( #2688 ) ) ;
#3563 = LINE ( 'NONE', #3490, #5549 ) ;
#3564 = LINE ( 'NONE', #5175, #1518 ) ;
#3565 = ORIENTED_EDGE ( 'NONE', *, *, #5234, .F. ) ;
#3566 = LINE ( 'NONE', #6267, #850 ) ;
#3567 = CARTESIAN_POINT ( 'NONE',  ( 4.930000000000000604, -3.200000000000000178, 1.550000000000000044 ) ) ;
#3568 = EDGE_CURVE ( 'NONE', #456, #1989, #327, .T. ) ;
#3569 = CARTESIAN_POINT ( 'NONE',  ( 4.244999999999999218, -4.010002195023269600, 0.1999999999999970135 ) ) ;
#3570 = ORIENTED_EDGE ( 'NONE', *, *, #3390, .F. ) ;
#3571 = CARTESIAN_POINT ( 'NONE',  ( 4.044999999999999929, -4.810002195023270311, -3.491510466163695012E-12 ) ) ;
#3572 = UNCERTAINTY_MEASURE_WITH_UNIT (LENGTH_MEASURE( 1.000000000000000082E-05 ), #5159, 'distance_accuracy_value', 'NONE');
#3573 = ORIENTED_EDGE ( 'NONE', *, *, #4304, .T. ) ;
#3574 = FACE_OUTER_BOUND ( 'NONE', #2222, .T. ) ;
#3575 = CARTESIAN_POINT ( 'NONE',  ( 4.244999999999999218, 3.910002195023270399, 0.2999999999999999889 ) ) ;
#3576 = EDGE_CURVE ( 'NONE', #2378, #2894, #1481, .T. ) ;
#3577 =( LENGTH_UNIT ( ) NAMED_UNIT ( * ) SI_UNIT ( .MILLI., .METRE. ) );
#3578 = EDGE_CURVE ( 'NONE', #2910, #763, #5818, .T. ) ;
#3579 = LINE ( 'NONE', #2513, #2127 ) ;
#3580 = COLOUR_RGB ( '',0.7764705882352941346, 0.7568627450980391913, 0.7372549019607843590 ) ;
#3581 = CARTESIAN_POINT ( 'NONE',  ( -3.575000000000000178, 4.810002195023270311, -3.491510466163695012E-12 ) ) ;
#3582 = DIRECTION ( 'NONE',  ( 0.000000000000000000, 0.000000000000000000, 1.000000000000000000 ) ) ;
#3583 = FILL_AREA_STYLE_COLOUR ( '', #1049 ) ;
#3584 = CARTESIAN_POINT ( 'NONE',  ( 3.245000000000000107, 3.200000000000000178, 1.550000000000000044 ) ) ;
#3585 = VECTOR ( 'NONE', #3597, 1000.000000000000000 ) ;
#3586 = SURFACE_SIDE_STYLE ('',( #1908 ) ) ;
#3587 = VECTOR ( 'NONE', #4181, 1000.000000000000000 ) ;
#3588 = FILL_AREA_STYLE ('',( #4556 ) ) ;
#3589 = EDGE_CURVE ( 'NONE', #4864, #1015, #3167, .T. ) ;
#3590 = CARTESIAN_POINT ( 'NONE',  ( -3.245000000000000107, 0.000000000000000000, 0.000000000000000000 ) ) ;
#3591 = SURFACE_SIDE_STYLE ('',( #1365 ) ) ;
#3592 = ORIENTED_EDGE ( 'NONE', *, *, #2532, .F. ) ;
#3593 = SURFACE_STYLE_USAGE ( .BOTH. , #3562 ) ;
#3594 = PLANE ( 'NONE',  #2815 ) ;
#3595 = FACE_OUTER_BOUND ( 'NONE', #2022, .T. ) ;
#3596 = VECTOR ( 'NONE', #501, 1000.000000000000000 ) ;
#3597 = DIRECTION ( 'NONE',  ( -1.000000000000000000, 0.000000000000000000, 0.000000000000000000 ) ) ;
#3598 = ORIENTED_EDGE ( 'NONE', *, *, #5992, .F. ) ;
#3599 = DIRECTION ( 'NONE',  ( 1.000000000000000000, 0.000000000000000000, 0.000000000000000000 ) ) ;
#3600 = DIRECTION ( 'NONE',  ( 1.000000000000000000, 0.000000000000000000, 0.000000000000000000 ) ) ;
#3601 = ORIENTED_EDGE ( 'NONE', *, *, #1118, .F. ) ;
#3602 = DIRECTION ( 'NONE',  ( -1.000000000000000000, 0.000000000000000000, 0.000000000000000000 ) ) ;
#3603 = VECTOR ( 'NONE', #3111, 1000.000000000000114 ) ;
#3604 = AXIS2_PLACEMENT_3D ( 'NONE', #1733, #2844, #5518 ) ;
#3605 = EDGE_CURVE ( 'NONE', #4614, #5627, #3483, .T. ) ;
#3606 = ORIENTED_EDGE ( 'NONE', *, *, #3008, .T. ) ;
#3607 = PLANE ( 'NONE',  #6914 ) ;
#3608 = AXIS2_PLACEMENT_3D ( 'NONE', #4051, #5167, #98 ) ;
#3609 = FACE_OUTER_BOUND ( 'NONE', #2369, .T. ) ;
#3610 = SURFACE_SIDE_STYLE ('',( #6447 ) ) ;
#3611 = VECTOR ( 'NONE', #3414, 1000.000000000000000 ) ;
#3612 = FILL_AREA_STYLE ('',( #4142 ) ) ;
#3613 = EDGE_CURVE ( 'NONE', #908, #456, #6834, .T. ) ;
#3614 = FILL_AREA_STYLE_COLOUR ( '', #1474 ) ;
#3615 = EDGE_CURVE ( 'NONE', #6923, #5788, #5381, .T. ) ;
#3616 = FILL_AREA_STYLE_COLOUR ( '', #1978 ) ;
#3617 = PRESENTATION_STYLE_ASSIGNMENT (( #2520 ) ) ;
#3618 = COLOUR_RGB ( '',0.7764705882352941346, 0.7568627450980391913, 0.7372549019607843590 ) ;
#3619 = FILL_AREA_STYLE_COLOUR ( '', #1650 ) ;
#3620 = VERTEX_POINT ( 'NONE', #6472 ) ;
#3621 = CARTESIAN_POINT ( 'NONE',  ( 3.245000000000000107, 3.910002195023270399, -3.491456256055070333E-12 ) ) ;
#3622 = COLOUR_RGB ( '',0.7764705882352941346, 0.7568627450980391913, 0.7372549019607843590 ) ;
#3623 = EDGE_CURVE ( 'NONE', #6738, #497, #4165, .T. ) ;
#3624 = DIRECTION ( 'NONE',  ( 0.000000000000000000, 1.000000000000000000, 3.614007241618355180E-16 ) ) ;
#3625 = VERTEX_POINT ( 'NONE', #2632 ) ;
#3626 = EDGE_CURVE ( 'NONE', #229, #7057, #7022, .T. ) ;
#3627 = ORIENTED_EDGE ( 'NONE', *, *, #4187, .T. ) ;
#3628 =( LENGTH_UNIT ( ) NAMED_UNIT ( * ) SI_UNIT ( .MILLI., .METRE. ) );
#3629 = ORIENTED_EDGE ( 'NONE', *, *, #3539, .T. ) ;
#3630 = SURFACE_SIDE_STYLE ('',( #2020 ) ) ;
#3631 = PRESENTATION_LAYER_ASSIGNMENT (  '', '', ( #2840 ) ) ;
#3632 = UNCERTAINTY_MEASURE_WITH_UNIT (LENGTH_MEASURE( 1.000000000000000082E-05 ), #4364, 'distance_accuracy_value', 'NONE');
#3633 = ORIENTED_EDGE ( 'NONE', *, *, #6491, .F. ) ;
#3634 = PRESENTATION_STYLE_ASSIGNMENT (( #5942 ) ) ;
#3635 = ORIENTED_EDGE ( 'NONE', *, *, #504, .F. ) ;
#3636 = CIRCLE ( 'NONE', #3288, 0.2000000000000000944 ) ;
#3637 = DIRECTION ( 'NONE',  ( 1.000000000000000000, 0.000000000000000000, 0.000000000000000000 ) ) ;
#3638 =( GEOMETRIC_REPRESENTATION_CONTEXT ( 3 ) GLOBAL_UNCERTAINTY_ASSIGNED_CONTEXT ( ( #5787 ) ) GLOBAL_UNIT_ASSIGNED_CONTEXT ( ( #71, #588, #4467 ) ) REPRESENTATION_CONTEXT ( 'NONE', 'WORKASPACE' ) );
#3639 = DIRECTION ( 'NONE',  ( 0.000000000000000000, 0.000000000000000000, -1.000000000000000000 ) ) ;
#3640 = VECTOR ( 'NONE', #1140, 1000.000000000000000 ) ;
#3641 = VECTOR ( 'NONE', #5741, 1000.000000000000000 ) ;
#3642 = CARTESIAN_POINT ( 'NONE',  ( 3.245000000000000107, 3.710002195023270222, 0.1999999999965084985 ) ) ;
#3643 = FILL_AREA_STYLE_COLOUR ( '', #6649 ) ;
#3644 = FILL_AREA_STYLE ('',( #274 ) ) ;
#3645 = AXIS2_PLACEMENT_3D ( 'NONE', #4005, #76, #6127 ) ;
#3646 = PRESENTATION_STYLE_ASSIGNMENT (( #1459 ) ) ;
#3647 = ADVANCED_FACE ( 'NONE', ( #1404 ), #2557, .F. ) ;
#3648 = MECHANICAL_DESIGN_GEOMETRIC_PRESENTATION_REPRESENTATION (  '', ( #3199 ), #2291 ) ;
#3649 = AXIS2_PLACEMENT_3D ( 'NONE', #4071, #6711, #6863 ) ;
#3650 = AXIS2_PLACEMENT_3D ( 'NONE', #6430, #1508, #3687 ) ;
#3651 = CARTESIAN_POINT ( 'NONE',  ( -1.505000000000000115, 4.810002195023270311, -3.491510466163695012E-12 ) ) ;
#3652 =( NAMED_UNIT ( * ) PLANE_ANGLE_UNIT ( ) SI_UNIT ( $, .RADIAN. ) );
#3653 = AXIS2_PLACEMENT_3D ( 'NONE', #5900, #3173, #5348 ) ;
#3654 = FACE_OUTER_BOUND ( 'NONE', #2505, .T. ) ;
#3655 = CARTESIAN_POINT ( 'NONE',  ( 3.575000000000000178, 4.310002195023275640, 0.1999999999999965139 ) ) ;
#3656 = EDGE_CURVE ( 'NONE', #1963, #5033, #608, .T. ) ;
#3657 = ORIENTED_EDGE ( 'NONE', *, *, #5540, .T. ) ;
#3658 = SURFACE_STYLE_FILL_AREA ( #4126 ) ;
#3659 =( GEOMETRIC_REPRESENTATION_CONTEXT ( 3 ) GLOBAL_UNCERTAINTY_ASSIGNED_CONTEXT ( ( #838 ) ) GLOBAL_UNIT_ASSIGNED_CONTEXT ( ( #2905, #4011, #1825 ) ) REPRESENTATION_CONTEXT ( 'NONE', 'WORKASPACE' ) );
#3660 = CARTESIAN_POINT ( 'NONE',  ( 4.044999999999999929, 4.310002195023275640, 0.1999999999999965139 ) ) ;
#3661 = FILL_AREA_STYLE ('',( #1401 ) ) ;
#3662 = LINE ( 'NONE', #4709, #126 ) ;
#3663 = VERTEX_POINT ( 'NONE', #7095 ) ;
#3664 = FILL_AREA_STYLE_COLOUR ( '', #3707 ) ;
#3665 = ORIENTED_EDGE ( 'NONE', *, *, #6049, .F. ) ;
#3666 = DIRECTION ( 'NONE',  ( 0.000000000000000000, 6.776263578034390387E-17, -1.000000000000000000 ) ) ;
#3667 = CARTESIAN_POINT ( 'NONE',  ( 1.834999999999999964, -4.010002195023269600, 0.1999999999999970135 ) ) ;
#3668 = EDGE_LOOP ( 'NONE', ( #2427, #4068, #941, #2169 ) ) ;
#3669 =( NAMED_UNIT ( * ) SI_UNIT ( $, .STERADIAN. ) SOLID_ANGLE_UNIT ( ) );
#3670 = ORIENTED_EDGE ( 'NONE', *, *, #5490, .F. ) ;
#3671 = FILL_AREA_STYLE_COLOUR ( '', #524 ) ;
#3672 = ORIENTED_EDGE ( 'NONE', *, *, #3821, .T. ) ;
#3673 = PLANE ( 'NONE',  #7052 ) ;
#3674 = CYLINDRICAL_SURFACE ( 'NONE', #5546, 0.1000000000000000472 ) ;
#3675 =( NAMED_UNIT ( * ) PLANE_ANGLE_UNIT ( ) SI_UNIT ( $, .RADIAN. ) );
#3676 = LINE ( 'NONE', #6486, #5221 ) ;
#3677 = DIRECTION ( 'NONE',  ( -1.000000000000000000, 0.000000000000000000, 0.000000000000000000 ) ) ;
#3678 = FILL_AREA_STYLE ('',( #3107 ) ) ;
#3679 =( LENGTH_UNIT ( ) NAMED_UNIT ( * ) SI_UNIT ( .MILLI., .METRE. ) );
#3680 = DIRECTION ( 'NONE',  ( 1.000000000000000000, 0.000000000000000000, 0.000000000000000000 ) ) ;
#3681 = FILL_AREA_STYLE_COLOUR ( '', #3293 ) ;
#3682 = DIRECTION ( 'NONE',  ( 1.000000000000000000, 0.000000000000000000, 0.000000000000000000 ) ) ;
#3683 = ORIENTED_EDGE ( 'NONE', *, *, #4806, .T. ) ;
#3684 = CARTESIAN_POINT ( 'NONE',  ( 3.245000000000000107, 3.610002195023269689, 1.399999999999999911 ) ) ;
#3685 = ORIENTED_EDGE ( 'NONE', *, *, #5581, .T. ) ;
#3686 = DIRECTION ( 'NONE',  ( 0.000000000000000000, 0.000000000000000000, -1.000000000000000000 ) ) ;
#3687 = DIRECTION ( 'NONE',  ( 1.000000000000000000, 0.000000000000000000, 0.000000000000000000 ) ) ;
#3688 = DIRECTION ( 'NONE',  ( 0.000000000000000000, 3.614007241618360111E-16, -1.000000000000000000 ) ) ;
#3689 = EDGE_LOOP ( 'NONE', ( #5640, #4450, #1077, #1079, #3346, #351, #2960, #6749, #701, #1850, #6797, #6404 ) ) ;
#3690 = VECTOR ( 'NONE', #5779, 1000.000000000000000 ) ;
#3691 = ADVANCED_FACE ( 'NONE', ( #2125 ), #5411, .F. ) ;
#3692 = LINE ( 'NONE', #483, #2472 ) ;
#3693 = SURFACE_SIDE_STYLE ('',( #1952 ) ) ;
#3694 = EDGE_CURVE ( 'NONE', #1919, #4851, #2271, .T. ) ;
#3695 = ORIENTED_EDGE ( 'NONE', *, *, #6813, .T. ) ;
#3696 = PRESENTATION_LAYER_ASSIGNMENT (  '', '', ( #262 ) ) ;
#3697 = CARTESIAN_POINT ( 'NONE',  ( 1.834999999999999964, -4.810002195023270311, -3.491456256055070333E-12 ) ) ;
#3698 = ORIENTED_EDGE ( 'NONE', *, *, #1383, .T. ) ;
#3699 = UNCERTAINTY_MEASURE_WITH_UNIT (LENGTH_MEASURE( 1.000000000000000082E-05 ), #7117, 'distance_accuracy_value', 'NONE');
#3700 = ORIENTED_EDGE ( 'NONE', *, *, #5575, .T. ) ;
#3701 = VECTOR ( 'NONE', #7144, 1000.000000000000000 ) ;
#3702 = ORIENTED_EDGE ( 'NONE', *, *, #3779, .F. ) ;
#3703 = CARTESIAN_POINT ( 'NONE',  ( -1.834999999999999964, 0.000000000000000000, 1.500000000000000000 ) ) ;
#3704 =( NAMED_UNIT ( * ) PLANE_ANGLE_UNIT ( ) SI_UNIT ( $, .RADIAN. ) );
#3705 = AXIS2_PLACEMENT_3D ( 'NONE', #1292, #3482, #2916 ) ;
#3706 = DIRECTION ( 'NONE',  ( 1.000000000000000000, 0.000000000000000000, 0.000000000000000000 ) ) ;
#3707 = COLOUR_RGB ( '',0.7764705882352941346, 0.7568627450980391913, 0.7372549019607843590 ) ;
#3708 = FACE_OUTER_BOUND ( 'NONE', #4857, .T. ) ;
#3709 = ADVANCED_FACE ( 'NONE', ( #3881 ), #4300, .F. ) ;
#3710 = DIRECTION ( 'NONE',  ( 0.000000000000000000, 0.000000000000000000, 1.000000000000000000 ) ) ;
#3711 =( GEOMETRIC_REPRESENTATION_CONTEXT ( 3 ) GLOBAL_UNCERTAINTY_ASSIGNED_CONTEXT ( ( #4415 ) ) GLOBAL_UNIT_ASSIGNED_CONTEXT ( ( #2413, #5700, #2446 ) ) REPRESENTATION_CONTEXT ( 'NONE', 'WORKASPACE' ) );
#3712 = PRESENTATION_LAYER_ASSIGNMENT (  '', '', ( #1651 ) ) ;
#3713 = CARTESIAN_POINT ( 'NONE',  ( -1.834999999999999964, -4.316286306259984329, -3.491510466163695012E-12 ) ) ;
#3714 = DIRECTION ( 'NONE',  ( 1.000000000000000000, 0.000000000000000000, 0.000000000000000000 ) ) ;
#3715 = AXIS2_PLACEMENT_3D ( 'NONE', #4774, #3200, #4882 ) ;
#3716 = SURFACE_SIDE_STYLE ('',( #3184 ) ) ;
#3717 = CARTESIAN_POINT ( 'NONE',  ( 0.8350000000000000755, -4.310002195023275640, -3.491510466163695012E-12 ) ) ;
#3718 = CARTESIAN_POINT ( 'NONE',  ( -4.244999999999999218, 3.910002195023270399, 0.000000000000000000 ) ) ;
#3719 = PRESENTATION_LAYER_ASSIGNMENT (  '', '', ( #3948 ) ) ;
#3720 = PRESENTATION_STYLE_ASSIGNMENT (( #245 ) ) ;
#3721 = PRESENTATION_LAYER_ASSIGNMENT (  '', '', ( #6957 ) ) ;
#3722 = ORIENTED_EDGE ( 'NONE', *, *, #5551, .T. ) ;
#3723 = FILL_AREA_STYLE_COLOUR ( '', #1002 ) ;
#3724 = VECTOR ( 'NONE', #5947, 1000.000000000000000 ) ;
#3725 = CIRCLE ( 'NONE', #4653, 0.2000000000000000111 ) ;
#3726 = FACE_OUTER_BOUND ( 'NONE', #7072, .T. ) ;
#3727 = FILL_AREA_STYLE_COLOUR ( '', #2055 ) ;
#3728 = AXIS2_PLACEMENT_3D ( 'NONE', #4626, #6286, #4121 ) ;
#3729 = CARTESIAN_POINT ( 'NONE',  ( 1.834999999999999964, 0.000000000000000000, 1.500000000000000000 ) ) ;
#3730 = CARTESIAN_POINT ( 'NONE',  ( 1.505000000000000115, 4.810002195023270311, -3.491510466163695012E-12 ) ) ;
#3731 = ORIENTED_EDGE ( 'NONE', *, *, #5531, .T. ) ;
#3732 = VECTOR ( 'NONE', #5329, 1000.000000000000000 ) ;
#3733 = CARTESIAN_POINT ( 'NONE',  ( -1.834999999999999964, 3.710002195023270222, 0.000000000000000000 ) ) ;
#3734 = SURFACE_SIDE_STYLE ('',( #5819 ) ) ;
#3735 =( LENGTH_UNIT ( ) NAMED_UNIT ( * ) SI_UNIT ( .MILLI., .METRE. ) );
#3736 = ORIENTED_EDGE ( 'NONE', *, *, #5446, .F. ) ;
#3737 = FILL_AREA_STYLE_COLOUR ( '', #2379 ) ;
#3738 = ADVANCED_FACE ( 'NONE', ( #5445 ), #2740, .T. ) ;
#3739 = STYLED_ITEM ( 'NONE', ( #6969 ), #5898 ) ;
#3740 = ORIENTED_EDGE ( 'NONE', *, *, #1789, .F. ) ;
#3741 = ORIENTED_EDGE ( 'NONE', *, *, #3822, .F. ) ;
#3742 = PLANE ( 'NONE',  #712 ) ;
#3743 = PLANE ( 'NONE',  #1762 ) ;
#3744 = CARTESIAN_POINT ( 'NONE',  ( 0.8350000000000000755, 0.000000000000000000, 0.000000000000000000 ) ) ;
#3745 = CARTESIAN_POINT ( 'NONE',  ( 4.244999999999999218, -4.310002195023275640, -3.491456256055070333E-12 ) ) ;
#3746 = AXIS2_PLACEMENT_3D ( 'NONE', #1072, #7139, #4962 ) ;
#3747 = CARTESIAN_POINT ( 'NONE',  ( 1.834999999999999964, -3.710002195023270222, 1.399999999999999911 ) ) ;
#3748 = ORIENTED_EDGE ( 'NONE', *, *, #3063, .T. ) ;
#3749 = SURFACE_STYLE_USAGE ( .BOTH. , #5794 ) ;
#3750 = ADVANCED_FACE ( 'NONE', ( #2380 ), #1291, .F. ) ;
#3751 = PLANE ( 'NONE',  #1363 ) ;
#3752 = PRESENTATION_LAYER_ASSIGNMENT (  '', '', ( #1461 ) ) ;
#3753 =( NAMED_UNIT ( * ) PLANE_ANGLE_UNIT ( ) SI_UNIT ( $, .RADIAN. ) );
#3754 =( NAMED_UNIT ( * ) PLANE_ANGLE_UNIT ( ) SI_UNIT ( $, .RADIAN. ) );
#3755 = DIRECTION ( 'NONE',  ( 0.000000000000000000, 0.000000000000000000, -1.000000000000000000 ) ) ;
#3756 =( NAMED_UNIT ( * ) SI_UNIT ( $, .STERADIAN. ) SOLID_ANGLE_UNIT ( ) );
#3757 = EDGE_CURVE ( 'NONE', #4964, #171, #4978, .T. ) ;
#3758 = DIRECTION ( 'NONE',  ( 0.000000000000000000, 0.000000000000000000, -1.000000000000000000 ) ) ;
#3759 = MECHANICAL_DESIGN_GEOMETRIC_PRESENTATION_REPRESENTATION (  '', ( #2846 ), #4682 ) ;
#3760 = FILL_AREA_STYLE ('',( #6538 ) ) ;
#3761 = DIRECTION ( 'NONE',  ( -1.000000000000000000, 0.000000000000000000, 0.000000000000000000 ) ) ;
#3762 =( GEOMETRIC_REPRESENTATION_CONTEXT ( 3 ) GLOBAL_UNCERTAINTY_ASSIGNED_CONTEXT ( ( #3889 ) ) GLOBAL_UNIT_ASSIGNED_CONTEXT ( ( #372, #2612, #5618 ) ) REPRESENTATION_CONTEXT ( 'NONE', 'WORKASPACE' ) );
#3763 = FILL_AREA_STYLE ('',( #2080 ) ) ;
#3764 =( NAMED_UNIT ( * ) PLANE_ANGLE_UNIT ( ) SI_UNIT ( $, .RADIAN. ) );
#3765 = PRESENTATION_LAYER_ASSIGNMENT (  '', '', ( #5954 ) ) ;
#3766 = ORIENTED_EDGE ( 'NONE', *, *, #1777, .F. ) ;
#3767 = CARTESIAN_POINT ( 'NONE',  ( -4.044999999999999929, 4.310002195023275640, 0.1999999999999965139 ) ) ;
#3768 = CARTESIAN_POINT ( 'NONE',  ( -3.245000000000000107, -3.110002195023275018, 1.500000000000000000 ) ) ;
#3769 = ORIENTED_EDGE ( 'NONE', *, *, #4350, .F. ) ;
#3770 = PRODUCT_DEFINITION_FORMATION_WITH_SPECIFIED_SOURCE ( 'ANY', '', #6390, .NOT_KNOWN. ) ;
#3771 =( LENGTH_UNIT ( ) NAMED_UNIT ( * ) SI_UNIT ( .MILLI., .METRE. ) );
#3772 = FILL_AREA_STYLE_COLOUR ( '', #41 ) ;
#3773 = MECHANICAL_DESIGN_GEOMETRIC_PRESENTATION_REPRESENTATION (  '', ( #5721 ), #6199 ) ;
#3774 = ORIENTED_EDGE ( 'NONE', *, *, #6073, .T. ) ;
#3775 = PLANE ( 'NONE',  #4434 ) ;
#3776 = UNCERTAINTY_MEASURE_WITH_UNIT (LENGTH_MEASURE( 1.000000000000000082E-05 ), #7020, 'distance_accuracy_value', 'NONE');
#3777 = ORIENTED_EDGE ( 'NONE', *, *, #6937, .T. ) ;
#3778 = ORIENTED_EDGE ( 'NONE', *, *, #4753, .T. ) ;
#3779 = EDGE_CURVE ( 'NONE', #5802, #5847, #1760, .T. ) ;
#3780 = PRESENTATION_LAYER_ASSIGNMENT (  '', '', ( #7133 ) ) ;
#3781 = ORIENTED_EDGE ( 'NONE', *, *, #313, .F. ) ;
#3782 = DIRECTION ( 'NONE',  ( 0.000000000000000000, 1.000000000000000000, 0.000000000000000000 ) ) ;
#3783 = LINE ( 'NONE', #1528, #6646 ) ;
#3784 = LINE ( 'NONE', #3214, #3048 ) ;
#3785 = LINE ( 'NONE', #1126, #3407 ) ;
#3786 =( LENGTH_UNIT ( ) NAMED_UNIT ( * ) SI_UNIT ( .MILLI., .METRE. ) );
#3787 = SURFACE_STYLE_USAGE ( .BOTH. , #6124 ) ;
#3788 = EDGE_CURVE ( 'NONE', #1265, #661, #4558, .T. ) ;
#3789 =( NAMED_UNIT ( * ) PLANE_ANGLE_UNIT ( ) SI_UNIT ( $, .RADIAN. ) );
#3790 = SURFACE_STYLE_FILL_AREA ( #5988 ) ;
#3791 = SURFACE_STYLE_USAGE ( .BOTH. , #1611 ) ;
#3792 = CARTESIAN_POINT ( 'NONE',  ( 0.8350000000000000755, -3.610002195023269689, 1.399999999999999911 ) ) ;
#3793 = SURFACE_SIDE_STYLE ('',( #1613 ) ) ;
#3794 = DIRECTION ( 'NONE',  ( 0.000000000000000000, -6.776263578034390387E-17, -1.000000000000000000 ) ) ;
#3795 = ORIENTED_EDGE ( 'NONE', *, *, #92, .F. ) ;
#3796 = DIRECTION ( 'NONE',  ( 0.000000000000000000, 1.000000000000000000, 0.000000000000000000 ) ) ;
#3797 =( LENGTH_UNIT ( ) NAMED_UNIT ( * ) SI_UNIT ( .MILLI., .METRE. ) );
#3798 = ADVANCED_FACE ( 'NONE', ( #6693 ), #3674, .F. ) ;
#3799 = VECTOR ( 'NONE', #219, 1000.000000000000000 ) ;
#3800 = ORIENTED_EDGE ( 'NONE', *, *, #4944, .F. ) ;
#3801 = DIRECTION ( 'NONE',  ( 0.000000000000000000, 0.000000000000000000, -1.000000000000000000 ) ) ;
#3802 = PRESENTATION_LAYER_ASSIGNMENT (  '', '', ( #2095 ) ) ;
#3803 = VERTEX_POINT ( 'NONE', #5313 ) ;
#3804 =( NAMED_UNIT ( * ) PLANE_ANGLE_UNIT ( ) SI_UNIT ( $, .RADIAN. ) );
#3805 = ORIENTED_EDGE ( 'NONE', *, *, #1107, .T. ) ;
#3806 = ORIENTED_EDGE ( 'NONE', *, *, #3132, .T. ) ;
#3807 = LINE ( 'NONE', #1041, #830 ) ;
#3808 = EDGE_LOOP ( 'NONE', ( #1119, #2660, #1490, #3492 ) ) ;
#3809 = CARTESIAN_POINT ( 'NONE',  ( -4.930000000000000604, 3.189372171916499799, 1.500000000000000000 ) ) ;
#3810 = PLANE ( 'NONE',  #278 ) ;
#3811 =( NAMED_UNIT ( * ) SI_UNIT ( $, .STERADIAN. ) SOLID_ANGLE_UNIT ( ) );
#3812 = DIRECTION ( 'NONE',  ( 0.000000000000000000, 1.000000000000000000, 6.776263578034390387E-17 ) ) ;
#3813 =( GEOMETRIC_REPRESENTATION_CONTEXT ( 3 ) GLOBAL_UNCERTAINTY_ASSIGNED_CONTEXT ( ( #4342 ) ) GLOBAL_UNIT_ASSIGNED_CONTEXT ( ( #7073, #6484, #340 ) ) REPRESENTATION_CONTEXT ( 'NONE', 'WORKASPACE' ) );
#3814 =( NAMED_UNIT ( * ) SI_UNIT ( $, .STERADIAN. ) SOLID_ANGLE_UNIT ( ) );
#3815 = CARTESIAN_POINT ( 'NONE',  ( -4.044999999999999929, 4.810002195023270311, 0.1999999999999965139 ) ) ;
#3816 = MECHANICAL_DESIGN_GEOMETRIC_PRESENTATION_REPRESENTATION (  '', ( #4162 ), #2803 ) ;
#3817 = LINE ( 'NONE', #5363, #6396 ) ;
#3818 = CARTESIAN_POINT ( 'NONE',  ( -3.245000000000000107, -3.910002195023270399, 0.1999999999965084985 ) ) ;
#3819 = DIRECTION ( 'NONE',  ( -1.000000000000000000, 0.000000000000000000, 0.000000000000000000 ) ) ;
#3820 = ORIENTED_EDGE ( 'NONE', *, *, #3435, .T. ) ;
#3821 = EDGE_CURVE ( 'NONE', #4458, #2266, #2177, .T. ) ;
#3822 = EDGE_CURVE ( 'NONE', #5454, #1514, #7031, .T. ) ;
#3823 = STYLED_ITEM ( 'NONE', ( #6803 ), #4365 ) ;
#3824 = CARTESIAN_POINT ( 'NONE',  ( -3.575000000000000178, -4.297206436302234422, -3.491510466163695012E-12 ) ) ;
#3825 = CARTESIAN_POINT ( 'NONE',  ( -3.245000000000000107, -3.910002195023270399, 0.2999999999999999889 ) ) ;
#3826 = DIRECTION ( 'NONE',  ( 0.000000000000000000, 1.000000000000000000, 0.000000000000000000 ) ) ;
#3827 = CIRCLE ( 'NONE', #2475, 0.7596378981193779856 ) ;
#3828 = SURFACE_SIDE_STYLE ('',( #6575 ) ) ;
#3829 = ORIENTED_EDGE ( 'NONE', *, *, #2833, .T. ) ;
#3830 = DIRECTION ( 'NONE',  ( 1.000000000000000000, 0.000000000000000000, 0.000000000000000000 ) ) ;
#3831 = MECHANICAL_DESIGN_GEOMETRIC_PRESENTATION_REPRESENTATION (  '', ( #6957 ), #2937 ) ;
#3832 = ADVANCED_FACE ( 'NONE', ( #2604 ), #5280, .F. ) ;
#3833 = LINE ( 'NONE', #3729, #4465 ) ;
#3834 = COLOUR_RGB ( '',0.7764705882352941346, 0.7568627450980391913, 0.7372549019607843590 ) ;
#3835 = CARTESIAN_POINT ( 'NONE',  ( -3.575000000000000178, -4.810002195023270311, -3.491510466163695012E-12 ) ) ;
#3836 = EDGE_LOOP ( 'NONE', ( #6043, #244, #2318, #3774 ) ) ;
#3837 =( NAMED_UNIT ( * ) SI_UNIT ( $, .STERADIAN. ) SOLID_ANGLE_UNIT ( ) );
#3838 = SURFACE_SIDE_STYLE ('',( #1654 ) ) ;
#3839 = AXIS2_PLACEMENT_3D ( 'NONE', #1358, #4087, #5198 ) ;
#3840 = EDGE_CURVE ( 'NONE', #3355, #5374, #5388, .T. ) ;
#3841 = ORIENTED_EDGE ( 'NONE', *, *, #1904, .F. ) ;
#3842 = CARTESIAN_POINT ( 'NONE',  ( -4.044999999999999929, -4.310002195023275640, -3.491510466163695012E-12 ) ) ;
#3843 = UNCERTAINTY_MEASURE_WITH_UNIT (LENGTH_MEASURE( 1.000000000000000082E-05 ), #3628, 'distance_accuracy_value', 'NONE');
#3844 = VERTEX_POINT ( 'NONE', #7108 ) ;
#3845 = VECTOR ( 'NONE', #6679, 1000.000000000000000 ) ;
#3846 = ORIENTED_EDGE ( 'NONE', *, *, #337, .F. ) ;
#3847 = SURFACE_STYLE_USAGE ( .BOTH. , #3896 ) ;
#3848 = CARTESIAN_POINT ( 'NONE',  ( -1.034999999999999920, -4.810002195023270311, -3.491510466163695012E-12 ) ) ;
#3849 = LINE ( 'NONE', #6050, #205 ) ;
#3850 =( NAMED_UNIT ( * ) SI_UNIT ( $, .STERADIAN. ) SOLID_ANGLE_UNIT ( ) );
#3851 = ORIENTED_EDGE ( 'NONE', *, *, #2309, .F. ) ;
#3852 =( GEOMETRIC_REPRESENTATION_CONTEXT ( 3 ) GLOBAL_UNCERTAINTY_ASSIGNED_CONTEXT ( ( #1793 ) ) GLOBAL_UNIT_ASSIGNED_CONTEXT ( ( #845, #5356, #1967 ) ) REPRESENTATION_CONTEXT ( 'NONE', 'WORKASPACE' ) );
#3853 =( NAMED_UNIT ( * ) SI_UNIT ( $, .STERADIAN. ) SOLID_ANGLE_UNIT ( ) );
#3854 = CARTESIAN_POINT ( 'NONE',  ( -0.8350000000000000755, -3.910002195023270399, -3.491456256055070333E-12 ) ) ;
#3855 = STYLED_ITEM ( 'NONE', ( #5858 ), #6121 ) ;
#3856 = PRESENTATION_STYLE_ASSIGNMENT (( #6600 ) ) ;
#3857 =( NAMED_UNIT ( * ) PLANE_ANGLE_UNIT ( ) SI_UNIT ( $, .RADIAN. ) );
#3858 = CARTESIAN_POINT ( 'NONE',  ( 1.834999999999999964, -3.910002195023270399, 0.000000000000000000 ) ) ;
#3859 = CARTESIAN_POINT ( 'NONE',  ( 0.8350000000000000755, 3.200000000000000178, 1.550000000000000044 ) ) ;
#3860 = VERTEX_POINT ( 'NONE', #1631 ) ;
#3861 = CARTESIAN_POINT ( 'NONE',  ( 0.8350000000000000755, -3.710002195023270222, 1.500000000000000000 ) ) ;
#3862 = VECTOR ( 'NONE', #2795, 1000.000000000000000 ) ;
#3863 = CARTESIAN_POINT ( 'NONE',  ( -3.200000000000000178, -1.500000000000000000, 2.899999999999999911 ) ) ;
#3864 = FILL_AREA_STYLE ('',( #1643 ) ) ;
#3865 = AXIS2_PLACEMENT_3D ( 'NONE', #7136, #2705, #4338 ) ;
#3866 = FILL_AREA_STYLE ('',( #5078 ) ) ;
#3867 = EDGE_CURVE ( 'NONE', #1514, #3911, #1558, .T. ) ;
#3868 = MECHANICAL_DESIGN_GEOMETRIC_PRESENTATION_REPRESENTATION (  '', ( #4202 ), #6770 ) ;
#3869 = LINE ( 'NONE', #5995, #6477 ) ;
#3870 = CARTESIAN_POINT ( 'NONE',  ( -1.834999999999999964, 1.355252715606854196E-17, 0.1999999999999965139 ) ) ;
#3871 = ORIENTED_EDGE ( 'NONE', *, *, #5575, .F. ) ;
#3872 = FACE_OUTER_BOUND ( 'NONE', #4520, .T. ) ;
#3873 = STYLED_ITEM ( 'NONE', ( #548 ), #277 ) ;
#3874 = LINE ( 'NONE', #4404, #2530 ) ;
#3875 = UNCERTAINTY_MEASURE_WITH_UNIT (LENGTH_MEASURE( 1.000000000000000082E-05 ), #2812, 'distance_accuracy_value', 'NONE');
#3876 = PLANE ( 'NONE',  #6875 ) ;
#3877 = STYLED_ITEM ( 'NONE', ( #311 ), #1828 ) ;
#3878 = ADVANCED_FACE ( 'NONE', ( #2068 ), #3810, .F. ) ;
#3879 = AXIS2_PLACEMENT_3D ( 'NONE', #6079, #2279, #2133 ) ;
#3880 = ORIENTED_EDGE ( 'NONE', *, *, #2532, .T. ) ;
#3882 = EDGE_CURVE ( 'NONE', #6810, #3844, #144, .T. ) ;
#3881 = FACE_OUTER_BOUND ( 'NONE', #134, .T. ) ;
#3883 =( NAMED_UNIT ( * ) PLANE_ANGLE_UNIT ( ) SI_UNIT ( $, .RADIAN. ) );
#3884 = LINE ( 'NONE', #713, #4322 ) ;
#3885 = VECTOR ( 'NONE', #381, 1000.000000000000000 ) ;
#3886 = ORIENTED_EDGE ( 'NONE', *, *, #4098, .F. ) ;
#3887 = VECTOR ( 'NONE', #4363, 1000.000000000000000 ) ;
#3888 = MECHANICAL_DESIGN_GEOMETRIC_PRESENTATION_REPRESENTATION (  '', ( #4803 ), #2647 ) ;
#3889 = UNCERTAINTY_MEASURE_WITH_UNIT (LENGTH_MEASURE( 1.000000000000000082E-05 ), #372, 'distance_accuracy_value', 'NONE');
#3890 = FILL_AREA_STYLE_COLOUR ( '', #5712 ) ;
#3891 = EDGE_LOOP ( 'NONE', ( #3748, #1768, #6620, #1735 ) ) ;
#3892 = EDGE_CURVE ( 'NONE', #5746, #3037, #6632, .T. ) ;
#3893 = SURFACE_STYLE_USAGE ( .BOTH. , #1078 ) ;
#3894 = VERTEX_POINT ( 'NONE', #2821 ) ;
#3895 = PRESENTATION_LAYER_ASSIGNMENT (  '', '', ( #7127 ) ) ;
#3896 = SURFACE_SIDE_STYLE ('',( #2716 ) ) ;
#3897 = DIRECTION ( 'NONE',  ( 0.000000000000000000, 1.000000000000000000, 0.000000000000000000 ) ) ;
#3898 = MECHANICAL_DESIGN_GEOMETRIC_PRESENTATION_REPRESENTATION (  '', ( #5148 ), #6655 ) ;
#3899 = LINE ( 'NONE', #1191, #1827 ) ;
#3900 = ORIENTED_EDGE ( 'NONE', *, *, #1515, .T. ) ;
#3901 = DIRECTION ( 'NONE',  ( 1.000000000000000000, 0.000000000000000000, 0.000000000000000000 ) ) ;
#3902 = VECTOR ( 'NONE', #4979, 1000.000000000000000 ) ;
#3903 =( NAMED_UNIT ( * ) PLANE_ANGLE_UNIT ( ) SI_UNIT ( $, .RADIAN. ) );
#3904 = DIRECTION ( 'NONE',  ( -0.000000000000000000, 1.000000000000000000, 0.000000000000000000 ) ) ;
#3905 = STYLED_ITEM ( 'NONE', ( #4427 ), #1394 ) ;
#3906 = ORIENTED_EDGE ( 'NONE', *, *, #4464, .F. ) ;
#3907 = LINE ( 'NONE', #6061, #2384 ) ;
#3908 = CYLINDRICAL_SURFACE ( 'NONE', #6108, 0.09999999999999999167 ) ;
#3909 = DIRECTION ( 'NONE',  ( 0.2035585949527794203, -0.2035585949527794203, -0.9576678948579724349 ) ) ;
#3910 = FILL_AREA_STYLE_COLOUR ( '', #2109 ) ;
#3911 = VERTEX_POINT ( 'NONE', #6745 ) ;
#3912 = CYLINDRICAL_SURFACE ( 'NONE', #637, 0.2000000000000000944 ) ;
#3913 = LINE ( 'NONE', #5590, #5919 ) ;
#3914 = ORIENTED_EDGE ( 'NONE', *, *, #1286, .T. ) ;
#3915 = SURFACE_STYLE_FILL_AREA ( #6658 ) ;
#3916 = VERTEX_POINT ( 'NONE', #1159 ) ;
#3917 =( NAMED_UNIT ( * ) SI_UNIT ( $, .STERADIAN. ) SOLID_ANGLE_UNIT ( ) );
#3918 = UNCERTAINTY_MEASURE_WITH_UNIT (LENGTH_MEASURE( 1.000000000000000082E-05 ), #1043, 'distance_accuracy_value', 'NONE');
#3919 = EDGE_CURVE ( 'NONE', #2016, #5788, #586, .T. ) ;
#3920 = EDGE_CURVE ( 'NONE', #4106, #1946, #4422, .T. ) ;
#3921 = ORIENTED_EDGE ( 'NONE', *, *, #4351, .F. ) ;
#3922 = VERTEX_POINT ( 'NONE', #5570 ) ;
#3923 = ORIENTED_EDGE ( 'NONE', *, *, #1515, .F. ) ;
#3924 = CARTESIAN_POINT ( 'NONE',  ( -1.834999999999999964, -3.910002195023270399, -3.491456256055070333E-12 ) ) ;
#3925 = SURFACE_STYLE_USAGE ( .BOTH. , #4497 ) ;
#3926 = STYLED_ITEM ( 'NONE', ( #3634 ), #2609 ) ;
#3927 = CARTESIAN_POINT ( 'NONE',  ( 3.245000000000000107, -4.810002195023270311, 0.000000000000000000 ) ) ;
#3928 = CARTESIAN_POINT ( 'NONE',  ( -3.245000000000000107, 0.000000000000000000, 1.500000000000000000 ) ) ;
#3929 = ORIENTED_EDGE ( 'NONE', *, *, #626, .F. ) ;
#3930 = DIRECTION ( 'NONE',  ( 1.000000000000000000, 0.000000000000000000, 0.000000000000000000 ) ) ;
#3931 = DIRECTION ( 'NONE',  ( 1.000000000000000000, 0.000000000000000000, 0.000000000000000000 ) ) ;
#3932 = MECHANICAL_DESIGN_GEOMETRIC_PRESENTATION_REPRESENTATION (  '', ( #1757 ), #5764 ) ;
#3933 = SURFACE_SIDE_STYLE ('',( #3790 ) ) ;
#3934 = ORIENTED_EDGE ( 'NONE', *, *, #1303, .F. ) ;
#3935 = ADVANCED_FACE ( 'NONE', ( #1704 ), #544, .T. ) ;
#3936 =( NAMED_UNIT ( * ) PLANE_ANGLE_UNIT ( ) SI_UNIT ( $, .RADIAN. ) );
#3937 = LINE ( 'NONE', #6608, #5039 ) ;
#3938 = STYLED_ITEM ( 'NONE', ( #764 ), #3481 ) ;
#3939 = DIRECTION ( 'NONE',  ( 0.000000000000000000, 0.000000000000000000, -1.000000000000000000 ) ) ;
#3940 = FACE_OUTER_BOUND ( 'NONE', #6487, .T. ) ;
#3941 =( NAMED_UNIT ( * ) SI_UNIT ( $, .STERADIAN. ) SOLID_ANGLE_UNIT ( ) );
#3942 = FILL_AREA_STYLE ('',( #1754 ) ) ;
#3943 = ORIENTED_EDGE ( 'NONE', *, *, #6656, .F. ) ;
#3944 = CARTESIAN_POINT ( 'NONE',  ( -4.930000000000000604, -2.913048641745470402, 2.899999999999999911 ) ) ;
#3945 = STYLED_ITEM ( 'NONE', ( #711 ), #4444 ) ;
#3946 =( GEOMETRIC_REPRESENTATION_CONTEXT ( 3 ) GLOBAL_UNCERTAINTY_ASSIGNED_CONTEXT ( ( #4935 ) ) GLOBAL_UNIT_ASSIGNED_CONTEXT ( ( #181, #3457, #143 ) ) REPRESENTATION_CONTEXT ( 'NONE', 'WORKASPACE' ) );
#3947 = UNCERTAINTY_MEASURE_WITH_UNIT (LENGTH_MEASURE( 1.000000000000000082E-05 ), #1599, 'distance_accuracy_value', 'NONE');
#3948 = STYLED_ITEM ( 'NONE', ( #632 ), #4686 ) ;
#3949 = ORIENTED_EDGE ( 'NONE', *, *, #4904, .T. ) ;
#3950 = CARTESIAN_POINT ( 'NONE',  ( -3.245000000000000107, 4.810002195023270311, -3.491456256055070333E-12 ) ) ;
#3951 = CARTESIAN_POINT ( 'NONE',  ( -1.034999999999999920, 4.810002195023270311, -3.491510466163695012E-12 ) ) ;
#3952 = COLOUR_RGB ( '',0.7764705882352941346, 0.7568627450980391913, 0.7372549019607843590 ) ;
#3953 = SURFACE_STYLE_FILL_AREA ( #2180 ) ;
#3954 = VERTEX_POINT ( 'NONE', #2858 ) ;
#3955 = FACE_OUTER_BOUND ( 'NONE', #5675, .T. ) ;
#3956 = AXIS2_PLACEMENT_3D ( 'NONE', #243, #5204, #6217 ) ;
#3957 = SURFACE_SIDE_STYLE ('',( #1767 ) ) ;
#3958 = ORIENTED_EDGE ( 'NONE', *, *, #2524, .T. ) ;
#3959 =( LENGTH_UNIT ( ) NAMED_UNIT ( * ) SI_UNIT ( .MILLI., .METRE. ) );
#3960 = ORIENTED_EDGE ( 'NONE', *, *, #6297, .F. ) ;
#3961 = CIRCLE ( 'NONE', #2700, 0.09999999999999999167 ) ;
#3962 = EDGE_CURVE ( 'NONE', #3625, #2394, #4941, .T. ) ;
#3963 = FACE_OUTER_BOUND ( 'NONE', #6402, .T. ) ;
#3964 = ADVANCED_FACE ( 'NONE', ( #7145 ), #4967, .T. ) ;
#3965 = SURFACE_SIDE_STYLE ('',( #258 ) ) ;
#3966 = VERTEX_POINT ( 'NONE', #3567 ) ;
#3967 = CYLINDRICAL_SURFACE ( 'NONE', #3980, 0.09999999999999999167 ) ;
#3968 = VECTOR ( 'NONE', #4923, 1000.000000000000000 ) ;
#3969 = CARTESIAN_POINT ( 'NONE',  ( 1.834999999999999964, 3.910002195023270399, -3.491456256055070333E-12 ) ) ;
#3970 = CARTESIAN_POINT ( 'NONE',  ( 1.834999999999999964, 3.610002195023269689, 1.399999999999999911 ) ) ;
#3971 = VECTOR ( 'NONE', #2911, 1000.000000000000114 ) ;
#3972 = EDGE_CURVE ( 'NONE', #2244, #6222, #2965, .T. ) ;
#3973 = DIRECTION ( 'NONE',  ( 0.000000000000000000, 0.000000000000000000, 1.000000000000000000 ) ) ;
#3974 = ORIENTED_EDGE ( 'NONE', *, *, #887, .F. ) ;
#3975 = AXIS2_PLACEMENT_3D ( 'NONE', #5189, #2367, #4542 ) ;
#3976 = DIRECTION ( 'NONE',  ( 0.000000000000000000, 1.000000000000000000, 0.000000000000000000 ) ) ;
#3977 = SURFACE_SIDE_STYLE ('',( #5509 ) ) ;
#3978 = CARTESIAN_POINT ( 'NONE',  ( 4.930000000000000604, -3.200000000000000178, 1.550000000000000044 ) ) ;
#3979 = FILL_AREA_STYLE_COLOUR ( '', #3622 ) ;
#3980 = AXIS2_PLACEMENT_3D ( 'NONE', #4035, #3930, #3430 ) ;
#3981 = AXIS2_PLACEMENT_3D ( 'NONE', #3307, #4412, #3443 ) ;
#3982 = CARTESIAN_POINT ( 'NONE',  ( -3.245000000000000107, -1.355252715606854196E-17, 0.1999999999999965139 ) ) ;
#3983 =( GEOMETRIC_REPRESENTATION_CONTEXT ( 3 ) GLOBAL_UNCERTAINTY_ASSIGNED_CONTEXT ( ( #3377 ) ) GLOBAL_UNIT_ASSIGNED_CONTEXT ( ( #2223, #5433, #3250 ) ) REPRESENTATION_CONTEXT ( 'NONE', 'WORKASPACE' ) );
#3984 = ORIENTED_EDGE ( 'NONE', *, *, #337, .T. ) ;
#3985 =( NAMED_UNIT ( * ) PLANE_ANGLE_UNIT ( ) SI_UNIT ( $, .RADIAN. ) );
#3986 = SURFACE_SIDE_STYLE ('',( #5168 ) ) ;
#3987 = VECTOR ( 'NONE', #2181, 1000.000000000000000 ) ;
#3988 = CARTESIAN_POINT ( 'NONE',  ( -4.244999999999999218, 0.000000000000000000, 0.000000000000000000 ) ) ;
#3989 = PLANE ( 'NONE',  #1609 ) ;
#3990 = EDGE_LOOP ( 'NONE', ( #4963, #5564, #428, #4018, #6263, #66, #1795, #3665, #4779, #5975, #1188, #2304, #2978 ) ) ;
#3991 = COLOUR_RGB ( '',0.7764705882352941346, 0.7568627450980391913, 0.7372549019607843590 ) ;
#3992 = UNCERTAINTY_MEASURE_WITH_UNIT (LENGTH_MEASURE( 1.000000000000000082E-05 ), #130, 'distance_accuracy_value', 'NONE');
#3993 = MECHANICAL_DESIGN_GEOMETRIC_PRESENTATION_REPRESENTATION (  '', ( #3195 ), #1242 ) ;
#3994 = ORIENTED_EDGE ( 'NONE', *, *, #6033, .F. ) ;
#3995 =( NAMED_UNIT ( * ) SI_UNIT ( $, .STERADIAN. ) SOLID_ANGLE_UNIT ( ) );
#3996 = ORIENTED_EDGE ( 'NONE', *, *, #6206, .F. ) ;
#3997 = AXIS2_PLACEMENT_3D ( 'NONE', #3970, #6677, #2329 ) ;
#3998 = VECTOR ( 'NONE', #2422, 1000.000000000000000 ) ;
#3999 = ORIENTED_EDGE ( 'NONE', *, *, #1950, .F. ) ;
#4000 = FACE_OUTER_BOUND ( 'NONE', #6990, .T. ) ;
#4001 = UNCERTAINTY_MEASURE_WITH_UNIT (LENGTH_MEASURE( 1.000000000000000082E-05 ), #6046, 'distance_accuracy_value', 'NONE');
#4002 = STYLED_ITEM ( 'NONE', ( #5179 ), #7122 ) ;
#4003 =( GEOMETRIC_REPRESENTATION_CONTEXT ( 3 ) GLOBAL_UNCERTAINTY_ASSIGNED_CONTEXT ( ( #1038 ) ) GLOBAL_UNIT_ASSIGNED_CONTEXT ( ( #1724, #6609, #2263 ) ) REPRESENTATION_CONTEXT ( 'NONE', 'WORKASPACE' ) );
#4004 = FILL_AREA_STYLE_COLOUR ( '', #3318 ) ;
#4005 = CARTESIAN_POINT ( 'NONE',  ( -1.834999999999999964, -6.143812310751189163E-16, 1.699999999999999956 ) ) ;
#4006 = AXIS2_PLACEMENT_3D ( 'NONE', #3870, #3794, #7089 ) ;
#4007 = CARTESIAN_POINT ( 'NONE',  ( -3.575000000000000178, -4.297206436302234422, -3.491510466163695012E-12 ) ) ;
#4008 = ORIENTED_EDGE ( 'NONE', *, *, #2041, .F. ) ;
#4009 = COLOUR_RGB ( '',0.7764705882352941346, 0.7568627450980391913, 0.7372549019607843590 ) ;
#4010 = EDGE_CURVE ( 'NONE', #497, #7, #765, .T. ) ;
#4011 =( NAMED_UNIT ( * ) PLANE_ANGLE_UNIT ( ) SI_UNIT ( $, .RADIAN. ) );
#4012 = EDGE_CURVE ( 'NONE', #3271, #1039, #329, .T. ) ;
#4013 = CARTESIAN_POINT ( 'NONE',  ( 4.244999999999999218, 4.310002195023275640, 0.1999999999999970135 ) ) ;
#4014 =( GEOMETRIC_REPRESENTATION_CONTEXT ( 3 ) GLOBAL_UNCERTAINTY_ASSIGNED_CONTEXT ( ( #261 ) ) GLOBAL_UNIT_ASSIGNED_CONTEXT ( ( #1352, #3437, #4544 ) ) REPRESENTATION_CONTEXT ( 'NONE', 'WORKASPACE' ) );
#4015 = ORIENTED_EDGE ( 'NONE', *, *, #7148, .F. ) ;
#4016 = UNCERTAINTY_MEASURE_WITH_UNIT (LENGTH_MEASURE( 1.000000000000000082E-05 ), #1112, 'distance_accuracy_value', 'NONE');
#4017 = CARTESIAN_POINT ( 'NONE',  ( -3.245000000000000107, 0.000000000000000000, 0.000000000000000000 ) ) ;
#4018 = ORIENTED_EDGE ( 'NONE', *, *, #1912, .F. ) ;
#4019 = SURFACE_SIDE_STYLE ('',( #6253 ) ) ;
#4020 = CARTESIAN_POINT ( 'NONE',  ( 3.245000000000000107, 4.010002195023269600, 0.2999999999999999889 ) ) ;
#4021 = ORIENTED_EDGE ( 'NONE', *, *, #1462, .F. ) ;
#4022 = FILL_AREA_STYLE ('',( #1801 ) ) ;
#4023 = ADVANCED_FACE ( 'NONE', ( #5246 ), #1983, .T. ) ;
#4024 = VERTEX_POINT ( 'NONE', #182 ) ;
#4025 = LINE ( 'NONE', #6223, #4403 ) ;
#4026 = DIRECTION ( 'NONE',  ( 0.000000000000000000, 0.000000000000000000, 1.000000000000000000 ) ) ;
#4027 = ORIENTED_EDGE ( 'NONE', *, *, #4795, .F. ) ;
#4028 = CARTESIAN_POINT ( 'NONE',  ( -0.8350000000000000755, -1.355252715606854196E-17, 0.1999999999999965139 ) ) ;
#4029 = VERTEX_POINT ( 'NONE', #3458 ) ;
#4030 = CYLINDRICAL_SURFACE ( 'NONE', #4053, 0.09999999999999999167 ) ;
#4031 = CARTESIAN_POINT ( 'NONE',  ( -0.8350000000000000755, -3.710002195023270222, 0.000000000000000000 ) ) ;
#4032 = PRESENTATION_STYLE_ASSIGNMENT (( #2045 ) ) ;
#4033 = CARTESIAN_POINT ( 'NONE',  ( -4.930000000000000604, 3.200000000000000178, 1.550000000000000044 ) ) ;
#4034 = EDGE_LOOP ( 'NONE', ( #2786, #2054, #2087, #6589 ) ) ;
#4035 = CARTESIAN_POINT ( 'NONE',  ( 3.245000000000000107, 4.010002195023269600, 0.2999999999999999889 ) ) ;
#4036 = DIRECTION ( 'NONE',  ( 0.000000000000000000, 0.000000000000000000, 1.000000000000000000 ) ) ;
#4037 = VERTEX_POINT ( 'NONE', #2432 ) ;
#4038 = ORIENTED_EDGE ( 'NONE', *, *, #361, .F. ) ;
#4039 = DIRECTION ( 'NONE',  ( 0.000000000000000000, 0.000000000000000000, -1.000000000000000000 ) ) ;
#4040 =( NAMED_UNIT ( * ) PLANE_ANGLE_UNIT ( ) SI_UNIT ( $, .RADIAN. ) );
#4041 = CARTESIAN_POINT ( 'NONE',  ( -3.245000000000000107, 6.143812310751189163E-16, 1.699999999999999956 ) ) ;
#4042 = CARTESIAN_POINT ( 'NONE',  ( -1.834999999999999964, -3.710002195023270222, 1.399999999999999911 ) ) ;
#4043 = SURFACE_STYLE_FILL_AREA ( #3644 ) ;
#4044 = CARTESIAN_POINT ( 'NONE',  ( 3.245000000000000107, 3.168116515749499928, 1.699999999999999956 ) ) ;
#4045 = ADVANCED_FACE ( 'NONE', ( #4643 ), #5647, .F. ) ;
#4046 = EDGE_LOOP ( 'NONE', ( #2780, #1539, #3161, #6680 ) ) ;
#4047 = CARTESIAN_POINT ( 'NONE',  ( 1.034999999999999920, 4.310002195023275640, -3.491510466163695012E-12 ) ) ;
#4048 = EDGE_CURVE ( 'NONE', #5061, #6260, #1376, .T. ) ;
#4049 = CARTESIAN_POINT ( 'NONE',  ( -4.930000000000000604, -3.200000000000000178, 1.550000000000000044 ) ) ;
#4050 = VERTEX_POINT ( 'NONE', #1443 ) ;
#4051 = CARTESIAN_POINT ( 'NONE',  ( 3.245000000000000107, 1.355252715606854196E-17, 0.1999999999999965139 ) ) ;
#4052 = STYLED_ITEM ( 'NONE', ( #5706 ), #4180 ) ;
#4053 = AXIS2_PLACEMENT_3D ( 'NONE', #5302, #420, #5852 ) ;
#4054 = ADVANCED_FACE ( 'NONE', ( #4740, #6439 ), #357, .T. ) ;
#4055 = DIRECTION ( 'NONE',  ( 0.000000000000000000, 0.000000000000000000, -1.000000000000000000 ) ) ;
#4056 = ORIENTED_EDGE ( 'NONE', *, *, #5401, .T. ) ;
#4057 = MECHANICAL_DESIGN_GEOMETRIC_PRESENTATION_REPRESENTATION (  '', ( #3145 ), #1431 ) ;
#4058 = LINE ( 'NONE', #5814, #4070 ) ;
#4059 =( LENGTH_UNIT ( ) NAMED_UNIT ( * ) SI_UNIT ( .MILLI., .METRE. ) );
#4060 = ORIENTED_EDGE ( 'NONE', *, *, #1463, .T. ) ;
#4061 = FILL_AREA_STYLE ('',( #4639 ) ) ;
#4062 = ORIENTED_EDGE ( 'NONE', *, *, #2083, .T. ) ;
#4063 = ADVANCED_FACE ( 'NONE', ( #1585 ), #1516, .F. ) ;
#4064 = CARTESIAN_POINT ( 'NONE',  ( -4.930000000000000604, 3.189372171916499799, 1.500000000000000000 ) ) ;
#4065 = AXIS2_PLACEMENT_3D ( 'NONE', #1639, #5465, #4358 ) ;
#4066 = STYLED_ITEM ( 'NONE', ( #2704 ), #4090 ) ;
#4067 = DIRECTION ( 'NONE',  ( 0.000000000000000000, 1.000000000000000000, 0.000000000000000000 ) ) ;
#4068 = ORIENTED_EDGE ( 'NONE', *, *, #5680, .F. ) ;
#4069 = UNCERTAINTY_MEASURE_WITH_UNIT (LENGTH_MEASURE( 1.000000000000000082E-05 ), #164, 'distance_accuracy_value', 'NONE');
#4070 = VECTOR ( 'NONE', #215, 1000.000000000000000 ) ;
#4071 = CARTESIAN_POINT ( 'NONE',  ( 3.575000000000000178, 4.810002195023270311, -3.491510466163695012E-12 ) ) ;
#4072 =( GEOMETRIC_REPRESENTATION_CONTEXT ( 3 ) GLOBAL_UNCERTAINTY_ASSIGNED_CONTEXT ( ( #6689 ) ) GLOBAL_UNIT_ASSIGNED_CONTEXT ( ( #1966, #400, #1995 ) ) REPRESENTATION_CONTEXT ( 'NONE', 'WORKASPACE' ) );
#4073 = STYLED_ITEM ( 'NONE', ( #2695 ), #4273 ) ;
#4074 =( LENGTH_UNIT ( ) NAMED_UNIT ( * ) SI_UNIT ( .MILLI., .METRE. ) );
#4075 = CARTESIAN_POINT ( 'NONE',  ( 3.245000000000000107, 4.810002195023270311, 0.000000000000000000 ) ) ;
#4076 = ORIENTED_EDGE ( 'NONE', *, *, #3053, .F. ) ;
#4077 = FILL_AREA_STYLE_COLOUR ( '', #421 ) ;
#4078 = DIRECTION ( 'NONE',  ( -0.000000000000000000, 0.9781476007338055778, 0.2079116908177601197 ) ) ;
#4079 = DIRECTION ( 'NONE',  ( 0.000000000000000000, 0.2079116908177598699, -0.9781476007338054668 ) ) ;
#4080 = COLOUR_RGB ( '',0.7764705882352941346, 0.7568627450980391913, 0.7372549019607843590 ) ;
#4081 = ORIENTED_EDGE ( 'NONE', *, *, #4584, .F. ) ;
#4082 = DIRECTION ( 'NONE',  ( 0.000000000000000000, -1.000000000000000000, 6.776263578034390387E-17 ) ) ;
#4083 =( GEOMETRIC_REPRESENTATION_CONTEXT ( 3 ) GLOBAL_UNCERTAINTY_ASSIGNED_CONTEXT ( ( #5083 ) ) GLOBAL_UNIT_ASSIGNED_CONTEXT ( ( #3365, #6569, #1720 ) ) REPRESENTATION_CONTEXT ( 'NONE', 'WORKASPACE' ) );
#4084 = FILL_AREA_STYLE ('',( #3583 ) ) ;
#4085 =( NAMED_UNIT ( * ) PLANE_ANGLE_UNIT ( ) SI_UNIT ( $, .RADIAN. ) );
#4086 = ORIENTED_EDGE ( 'NONE', *, *, #944, .F. ) ;
#4087 = DIRECTION ( 'NONE',  ( 1.000000000000000000, 0.000000000000000000, 0.000000000000000000 ) ) ;
#4088 = LINE ( 'NONE', #5199, #4679 ) ;
#4089 = VECTOR ( 'NONE', #4617, 1000.000000000000000 ) ;
#4090 = ADVANCED_FACE ( 'NONE', ( #2089 ), #2160, .F. ) ;
#4091 = DIRECTION ( 'NONE',  ( 0.000000000000000000, -1.000000000000000000, 0.000000000000000000 ) ) ;
#4092 = COLOUR_RGB ( '',0.7764705882352941346, 0.7568627450980391913, 0.7372549019607843590 ) ;
#4093 = ORIENTED_EDGE ( 'NONE', *, *, #5505, .F. ) ;
#4094 = FACE_OUTER_BOUND ( 'NONE', #3015, .T. ) ;
#4095 = MECHANICAL_DESIGN_GEOMETRIC_PRESENTATION_REPRESENTATION (  '', ( #189 ), #1811 ) ;
#4096 = EDGE_CURVE ( 'NONE', #5627, #5569, #4336, .T. ) ;
#4097 = DIRECTION ( 'NONE',  ( -1.000000000000000000, 0.000000000000000000, 0.000000000000000000 ) ) ;
#4098 = EDGE_CURVE ( 'NONE', #1764, #729, #5519, .T. ) ;
#4099 = ORIENTED_EDGE ( 'NONE', *, *, #2748, .T. ) ;
#4100 = SURFACE_SIDE_STYLE ('',( #5100 ) ) ;
#4101 = DIRECTION ( 'NONE',  ( 0.000000000000000000, 1.000000000000000000, 0.000000000000000000 ) ) ;
#4102 = ORIENTED_EDGE ( 'NONE', *, *, #5680, .T. ) ;
#4103 = VECTOR ( 'NONE', #5789, 1000.000000000000000 ) ;
#4104 = SURFACE_STYLE_USAGE ( .BOTH. , #1924 ) ;
#4105 = STYLED_ITEM ( 'NONE', ( #6013 ), #239 ) ;
#4106 = VERTEX_POINT ( 'NONE', #1222 ) ;
#4107 =( NAMED_UNIT ( * ) PLANE_ANGLE_UNIT ( ) SI_UNIT ( $, .RADIAN. ) );
#4108 = COLOUR_RGB ( '',0.7764705882352941346, 0.7568627450980391913, 0.7372549019607843590 ) ;
#4109 = DIRECTION ( 'NONE',  ( 0.000000000000000000, -1.000000000000000000, 0.000000000000000000 ) ) ;
#4110 = EDGE_LOOP ( 'NONE', ( #1976, #1549, #1627, #3672, #2199, #5817, #989, #2949 ) ) ;
#4111 =( GEOMETRIC_REPRESENTATION_CONTEXT ( 3 ) GLOBAL_UNCERTAINTY_ASSIGNED_CONTEXT ( ( #5859 ) ) GLOBAL_UNIT_ASSIGNED_CONTEXT ( ( #3735, #5934, #1958 ) ) REPRESENTATION_CONTEXT ( 'NONE', 'WORKASPACE' ) );
#4112 = CARTESIAN_POINT ( 'NONE',  ( -1.034999999999999920, 4.810002195023270311, -3.491510466163695012E-12 ) ) ;
#4113 = AXIS2_PLACEMENT_3D ( 'NONE', #6117, #6086, #587 ) ;
#4114 = ADVANCED_FACE ( 'NONE', ( #1149 ), #2200, .F. ) ;
#4115 =( GEOMETRIC_REPRESENTATION_CONTEXT ( 3 ) GLOBAL_UNCERTAINTY_ASSIGNED_CONTEXT ( ( #391 ) ) GLOBAL_UNIT_ASSIGNED_CONTEXT ( ( #4059, #216, #6262 ) ) REPRESENTATION_CONTEXT ( 'NONE', 'WORKASPACE' ) );
#4116 = DIRECTION ( 'NONE',  ( 0.000000000000000000, -1.000000000000000000, 0.000000000000000000 ) ) ;
#4117 = SURFACE_STYLE_FILL_AREA ( #4084 ) ;
#4118 = VECTOR ( 'NONE', #1714, 1000.000000000000114 ) ;
#4119 =( NAMED_UNIT ( * ) PLANE_ANGLE_UNIT ( ) SI_UNIT ( $, .RADIAN. ) );
#4120 = DIRECTION ( 'NONE',  ( -1.000000000000000000, -2.628368902995165181E-15, 0.000000000000000000 ) ) ;
#4121 = DIRECTION ( 'NONE',  ( 0.000000000000000000, 0.000000000000000000, -1.000000000000000000 ) ) ;
#4122 = VECTOR ( 'NONE', #5547, 1000.000000000000000 ) ;
#4123 = CARTESIAN_POINT ( 'NONE',  ( -3.245000000000000107, -3.710002195023270222, 0.000000000000000000 ) ) ;
#4124 = ORIENTED_EDGE ( 'NONE', *, *, #4931, .T. ) ;
#4125 = DIRECTION ( 'NONE',  ( 0.000000000000000000, 0.000000000000000000, 1.000000000000000000 ) ) ;
#4126 = FILL_AREA_STYLE ('',( #4677 ) ) ;
#4127 = DIRECTION ( 'NONE',  ( 0.000000000000000000, -1.000000000000000000, 3.614007241618360111E-16 ) ) ;
#4128 = DIRECTION ( 'NONE',  ( 0.000000000000000000, 0.000000000000000000, 1.000000000000000000 ) ) ;
#4129 = ORIENTED_EDGE ( 'NONE', *, *, #4256, .F. ) ;
#4130 = DIRECTION ( 'NONE',  ( -0.2035585949527794203, 0.2035585949527794203, 0.9576678948579724349 ) ) ;
#4131 = EDGE_CURVE ( 'NONE', #4563, #581, #4370, .T. ) ;
#4132 = SURFACE_SIDE_STYLE ('',( #6897 ) ) ;
#4133 = ORIENTED_EDGE ( 'NONE', *, *, #528, .T. ) ;
#4134 = FILL_AREA_STYLE_COLOUR ( '', #2150 ) ;
#4135 = EDGE_CURVE ( 'NONE', #3037, #2881, #62, .T. ) ;
#4136 = UNCERTAINTY_MEASURE_WITH_UNIT (LENGTH_MEASURE( 1.000000000000000082E-05 ), #5209, 'distance_accuracy_value', 'NONE');
#4137 = ORIENTED_EDGE ( 'NONE', *, *, #4143, .T. ) ;
#4138 =( NAMED_UNIT ( * ) SI_UNIT ( $, .STERADIAN. ) SOLID_ANGLE_UNIT ( ) );
#4139 = VERTEX_POINT ( 'NONE', #6106 ) ;
#4140 = PLANE ( 'NONE',  #3470 ) ;
#4141 =( NAMED_UNIT ( * ) SI_UNIT ( $, .STERADIAN. ) SOLID_ANGLE_UNIT ( ) );
#4142 = FILL_AREA_STYLE_COLOUR ( '', #5925 ) ;
#4143 = EDGE_CURVE ( 'NONE', #5607, #6463, #6622, .T. ) ;
#4144 = STYLED_ITEM ( 'NONE', ( #5244 ), #2827 ) ;
#4145 = SURFACE_STYLE_USAGE ( .BOTH. , #4695 ) ;
#4146 = DIRECTION ( 'NONE',  ( 1.000000000000000000, 0.000000000000000000, 0.000000000000000000 ) ) ;
#4147 = CARTESIAN_POINT ( 'NONE',  ( -4.244999999999999218, -3.710002195023270222, 1.500000000000000000 ) ) ;
#4148 = DIRECTION ( 'NONE',  ( 0.000000000000000000, 0.000000000000000000, 1.000000000000000000 ) ) ;
#4149 = DIRECTION ( 'NONE',  ( 1.000000000000000000, 0.000000000000000000, 0.000000000000000000 ) ) ;
#4150 = EDGE_CURVE ( 'NONE', #6738, #1503, #3725, .T. ) ;
#4151 = ORIENTED_EDGE ( 'NONE', *, *, #2163, .F. ) ;
#4152 = DIRECTION ( 'NONE',  ( 0.000000000000000000, 0.000000000000000000, -1.000000000000000000 ) ) ;
#4153 = VECTOR ( 'NONE', #4355, 1000.000000000000000 ) ;
#4154 = CARTESIAN_POINT ( 'NONE',  ( 1.034999999999999920, 4.310002195023275640, -3.491510466163695012E-12 ) ) ;
#4155 = FILL_AREA_STYLE ('',( #6982 ) ) ;
#4156 = FILL_AREA_STYLE ('',( #210 ) ) ;
#4157 = MECHANICAL_DESIGN_GEOMETRIC_PRESENTATION_REPRESENTATION (  '', ( #3938 ), #3946 ) ;
#4158 = ORIENTED_EDGE ( 'NONE', *, *, #3613, .F. ) ;
#4159 = FACE_OUTER_BOUND ( 'NONE', #6708, .T. ) ;
#4160 =( LENGTH_UNIT ( ) NAMED_UNIT ( * ) SI_UNIT ( .MILLI., .METRE. ) );
#4161 = SURFACE_SIDE_STYLE ('',( #322 ) ) ;
#4162 = STYLED_ITEM ( 'NONE', ( #6157 ), #3523 ) ;
#4163 = CARTESIAN_POINT ( 'NONE',  ( -4.044999999999999929, 4.310002195023275640, 0.1999999999999965139 ) ) ;
#4164 = VERTEX_POINT ( 'NONE', #4929 ) ;
#4165 = LINE ( 'NONE', #3733, #4737 ) ;
#4166 = SURFACE_STYLE_USAGE ( .BOTH. , #4100 ) ;
#4167 = VERTEX_POINT ( 'NONE', #2845 ) ;
#4168 = AXIS2_PLACEMENT_3D ( 'NONE', #822, #6211, #1282 ) ;
#4169 = PRESENTATION_LAYER_ASSIGNMENT (  '', '', ( #152 ) ) ;
#4170 = ORIENTED_EDGE ( 'NONE', *, *, #5113, .F. ) ;
#4171 = EDGE_CURVE ( 'NONE', #4958, #4378, #5222, .T. ) ;
#4172 = SURFACE_STYLE_USAGE ( .BOTH. , #2602 ) ;
#4173 = ORIENTED_EDGE ( 'NONE', *, *, #1993, .F. ) ;
#4174 = ADVANCED_FACE ( 'NONE', ( #2310 ), #6694, .F. ) ;
#4175 = MECHANICAL_DESIGN_GEOMETRIC_PRESENTATION_REPRESENTATION (  '', ( #3948 ), #40 ) ;
#4176 = LINE ( 'NONE', #5904, #3368 ) ;
#4177 = CIRCLE ( 'NONE', #6143, 0.2000000000000000944 ) ;
#4178 = CARTESIAN_POINT ( 'NONE',  ( -1.505000000000000115, 4.810002195023270311, -3.491510466163695012E-12 ) ) ;
#4179 = DIRECTION ( 'NONE',  ( 0.000000000000000000, 0.000000000000000000, 1.000000000000000000 ) ) ;
#4180 = ADVANCED_FACE ( 'NONE', ( #2490 ), #794, .F. ) ;
#4181 = DIRECTION ( 'NONE',  ( 0.000000000000000000, 0.000000000000000000, 1.000000000000000000 ) ) ;
#4182 = LINE ( 'NONE', #5837, #3187 ) ;
#4183 =( NAMED_UNIT ( * ) PLANE_ANGLE_UNIT ( ) SI_UNIT ( $, .RADIAN. ) );
#4184 = CARTESIAN_POINT ( 'NONE',  ( -1.034999999999999920, 4.810002195023270311, 0.1999999999999965139 ) ) ;
#4185 = PRESENTATION_LAYER_ASSIGNMENT (  '', '', ( #6735 ) ) ;
#4186 = ORIENTED_EDGE ( 'NONE', *, *, #2765, .F. ) ;
#4187 = EDGE_CURVE ( 'NONE', #6222, #6074, #5093, .T. ) ;
#4188 = LINE ( 'NONE', #5921, #7116 ) ;
#4189 = STYLED_ITEM ( 'NONE', ( #717 ), #1705 ) ;
#4190 = LINE ( 'NONE', #1340, #4577 ) ;
#4191 = DIRECTION ( 'NONE',  ( 0.000000000000000000, 0.2079116908177598699, 0.9781476007338054668 ) ) ;
#4192 = VECTOR ( 'NONE', #6204, 1000.000000000000000 ) ;
#4193 = CARTESIAN_POINT ( 'NONE',  ( -3.575000000000000178, -4.810002195023270311, 0.1999999999999965139 ) ) ;
#4194 = VECTOR ( 'NONE', #6788, 1000.000000000000000 ) ;
#4195 = ORIENTED_EDGE ( 'NONE', *, *, #2341, .F. ) ;
#4196 = ORIENTED_EDGE ( 'NONE', *, *, #4441, .T. ) ;
#4197 = MECHANICAL_DESIGN_GEOMETRIC_PRESENTATION_REPRESENTATION (  '', ( #5010 ), #3983 ) ;
#4198 = UNCERTAINTY_MEASURE_WITH_UNIT (LENGTH_MEASURE( 1.000000000000000082E-05 ), #5297, 'distance_accuracy_value', 'NONE');
#4199 = AXIS2_PLACEMENT_3D ( 'NONE', #4469, #6673, #6123 ) ;
#4200 = VERTEX_POINT ( 'NONE', #3056 ) ;
#4201 = ORIENTED_EDGE ( 'NONE', *, *, #1789, .T. ) ;
#4202 = STYLED_ITEM ( 'NONE', ( #2147 ), #6746 ) ;
#4203 = FACE_OUTER_BOUND ( 'NONE', #541, .T. ) ;
#4204 = CARTESIAN_POINT ( 'NONE',  ( -1.505000000000000115, -4.316286306259984329, -3.491510466163695012E-12 ) ) ;
#4205 = DIRECTION ( 'NONE',  ( 0.000000000000000000, -1.000000000000000000, 3.614007241618355180E-16 ) ) ;
#4206 = LINE ( 'NONE', #3041, #2119 ) ;
#4207 = VECTOR ( 'NONE', #1379, 1000.000000000000000 ) ;
#4208 =( NAMED_UNIT ( * ) PLANE_ANGLE_UNIT ( ) SI_UNIT ( $, .RADIAN. ) );
#4209 = PRESENTATION_LAYER_ASSIGNMENT (  '', '', ( #198 ) ) ;
#4210 = SURFACE_SIDE_STYLE ('',( #2028 ) ) ;
#4211 = CIRCLE ( 'NONE', #893, 0.2000000000000000111 ) ;
#4212 = COLOUR_RGB ( '',0.7764705882352941346, 0.7568627450980391913, 0.7372549019607843590 ) ;
#4213 =( NAMED_UNIT ( * ) PLANE_ANGLE_UNIT ( ) SI_UNIT ( $, .RADIAN. ) );
#4214 = CARTESIAN_POINT ( 'NONE',  ( 1.834999999999999964, 3.610002195023269689, 1.500000000000000000 ) ) ;
#4215 = AXIS2_PLACEMENT_3D ( 'NONE', #32, #2755, #4499 ) ;
#4216 = DIRECTION ( 'NONE',  ( 0.000000000000000000, 0.000000000000000000, 1.000000000000000000 ) ) ;
#4217 = ORIENTED_EDGE ( 'NONE', *, *, #4536, .F. ) ;
#4218 = MECHANICAL_DESIGN_GEOMETRIC_PRESENTATION_REPRESENTATION (  '', ( #6429 ), #2073 ) ;
#4219 = ADVANCED_FACE ( 'NONE', ( #1396 ), #2420, .T. ) ;
#4220 = STYLED_ITEM ( 'NONE', ( #1513 ), #682 ) ;
#4221 = EDGE_CURVE ( 'NONE', #4167, #6119, #2621, .T. ) ;
#4222 = PRESENTATION_LAYER_ASSIGNMENT (  '', '', ( #5136 ) ) ;
#4223 = ORIENTED_EDGE ( 'NONE', *, *, #6318, .F. ) ;
#4224 = DIRECTION ( 'NONE',  ( 0.000000000000000000, 0.000000000000000000, -1.000000000000000000 ) ) ;
#4225 =( GEOMETRIC_REPRESENTATION_CONTEXT ( 3 ) GLOBAL_UNCERTAINTY_ASSIGNED_CONTEXT ( ( #2062 ) ) GLOBAL_UNIT_ASSIGNED_CONTEXT ( ( #4792, #1370, #320 ) ) REPRESENTATION_CONTEXT ( 'NONE', 'WORKASPACE' ) );
#4226 = PRESENTATION_STYLE_ASSIGNMENT (( #6501 ) ) ;
#4227 = CARTESIAN_POINT ( 'NONE',  ( -4.244999999999999218, -3.610002195023269689, 1.500000000000000000 ) ) ;
#4228 = FILL_AREA_STYLE_COLOUR ( '', #3618 ) ;
#4229 = ORIENTED_EDGE ( 'NONE', *, *, #6297, .T. ) ;
#4230 = VECTOR ( 'NONE', #2416, 1000.000000000000000 ) ;
#4231 = UNCERTAINTY_MEASURE_WITH_UNIT (LENGTH_MEASURE( 1.000000000000000082E-05 ), #2069, 'distance_accuracy_value', 'NONE');
#4232 = PRESENTATION_STYLE_ASSIGNMENT (( #7134 ) ) ;
#4233 = FACE_OUTER_BOUND ( 'NONE', #7014, .T. ) ;
#4234 = ORIENTED_EDGE ( 'NONE', *, *, #5319, .T. ) ;
#4235 = SURFACE_SIDE_STYLE ('',( #867 ) ) ;
#4236 = CARTESIAN_POINT ( 'NONE',  ( -0.8350000000000000755, -4.310002195023275640, -3.491510466163695012E-12 ) ) ;
#4237 = AXIS2_PLACEMENT_3D ( 'NONE', #3216, #5285, #306 ) ;
#4238 = ADVANCED_FACE ( 'NONE', ( #3726 ), #4291, .F. ) ;
#4239 = ORIENTED_EDGE ( 'NONE', *, *, #170, .T. ) ;
#4240 = SURFACE_STYLE_FILL_AREA ( #390 ) ;
#4241 = SURFACE_STYLE_FILL_AREA ( #4717 ) ;
#4242 = ORIENTED_EDGE ( 'NONE', *, *, #1928, .F. ) ;
#4243 = SURFACE_STYLE_FILL_AREA ( #5278 ) ;
#4244 = FILL_AREA_STYLE_COLOUR ( '', #4854 ) ;
#4245 = FILL_AREA_STYLE_COLOUR ( '', #2469 ) ;
#4246 = DIRECTION ( 'NONE',  ( 0.000000000000000000, -1.000000000000000000, 0.000000000000000000 ) ) ;
#4247 = DIRECTION ( 'NONE',  ( 0.000000000000000000, 0.000000000000000000, -1.000000000000000000 ) ) ;
#4248 = DIRECTION ( 'NONE',  ( 0.000000000000000000, 1.000000000000000000, 0.000000000000000000 ) ) ;
#4249 = FILL_AREA_STYLE_COLOUR ( '', #785 ) ;
#4250 = DIRECTION ( 'NONE',  ( 0.000000000000000000, -1.000000000000000000, 0.000000000000000000 ) ) ;
#4251 = CARTESIAN_POINT ( 'NONE',  ( 1.505000000000000115, 4.310002195023275640, 0.1999999999999965139 ) ) ;
#4252 = ORIENTED_EDGE ( 'NONE', *, *, #4582, .F. ) ;
#4253 = CARTESIAN_POINT ( 'NONE',  ( 4.244999999999999218, 3.910002195023270399, 1.500000000000000000 ) ) ;
#4254 = ADVANCED_FACE ( 'NONE', ( #1432 ), #5965, .F. ) ;
#4255 = COLOUR_RGB ( '',0.1019607843137254888, 0.1019607843137254888, 0.1019607843137254888 ) ;
#4256 = EDGE_CURVE ( 'NONE', #3232, #3894, #1507, .T. ) ;
#4257 = SURFACE_SIDE_STYLE ('',( #5332 ) ) ;
#4258 =( NAMED_UNIT ( * ) SI_UNIT ( $, .STERADIAN. ) SOLID_ANGLE_UNIT ( ) );
#4259 = ORIENTED_EDGE ( 'NONE', *, *, #1392, .T. ) ;
#4260 = FACE_OUTER_BOUND ( 'NONE', #6817, .T. ) ;
#4261 = CIRCLE ( 'NONE', #468, 0.2000000000000000944 ) ;
#4262 = SURFACE_SIDE_STYLE ('',( #6467 ) ) ;
#4263 = ORIENTED_EDGE ( 'NONE', *, *, #5412, .T. ) ;
#4265 = EDGE_CURVE ( 'NONE', #3397, #5053, #5293, .T. ) ;
#4264 = DIRECTION ( 'NONE',  ( 1.000000000000000000, 0.000000000000000000, 0.000000000000000000 ) ) ;
#4266 = DIRECTION ( 'NONE',  ( -1.000000000000000000, 0.000000000000000000, 0.000000000000000000 ) ) ;
#4267 = STYLED_ITEM ( 'NONE', ( #2400 ), #3230 ) ;
#4268 = DIRECTION ( 'NONE',  ( 0.000000000000000000, -1.000000000000000000, 0.000000000000000000 ) ) ;
#4269 = ORIENTED_EDGE ( 'NONE', *, *, #1968, .F. ) ;
#4270 = UNCERTAINTY_MEASURE_WITH_UNIT (LENGTH_MEASURE( 1.000000000000000082E-05 ), #6915, 'distance_accuracy_value', 'NONE');
#4271 = ORIENTED_EDGE ( 'NONE', *, *, #4859, .T. ) ;
#4272 = ORIENTED_EDGE ( 'NONE', *, *, #1950, .T. ) ;
#4273 = ADVANCED_FACE ( 'NONE', ( #1026 ), #3226, .F. ) ;
#4274 = CARTESIAN_POINT ( 'NONE',  ( 3.575000000000000178, 4.310002195023275640, -3.491510466163695012E-12 ) ) ;
#4275 = CARTESIAN_POINT ( 'NONE',  ( 4.244999999999999218, -3.200000000000000178, 1.550000000000000044 ) ) ;
#4276 = SURFACE_SIDE_STYLE ('',( #5728 ) ) ;
#4277 = VECTOR ( 'NONE', #6916, 1000.000000000000000 ) ;
#4278 = ORIENTED_EDGE ( 'NONE', *, *, #4707, .F. ) ;
#4279 = CARTESIAN_POINT ( 'NONE',  ( -3.245000000000000107, 0.000000000000000000, 1.500000000000000000 ) ) ;
#4280 = CARTESIAN_POINT ( 'NONE',  ( -4.244999999999999218, 0.000000000000000000, -3.491456256055070333E-12 ) ) ;
#4281 = VECTOR ( 'NONE', #4624, 1000.000000000000000 ) ;
#4282 = CARTESIAN_POINT ( 'NONE',  ( -0.8350000000000000755, -3.710002195023270222, 0.1999999999965084985 ) ) ;
#4283 = LINE ( 'NONE', #6424, #2221 ) ;
#4284 = CIRCLE ( 'NONE', #3259, 0.1000000000000000472 ) ;
#4285 = LINE ( 'NONE', #1024, #1674 ) ;
#4286 = VECTOR ( 'NONE', #5792, 1000.000000000000000 ) ;
#4287 = SURFACE_SIDE_STYLE ('',( #318 ) ) ;
#4288 = FILL_AREA_STYLE ('',( #1572 ) ) ;
#4289 = MECHANICAL_DESIGN_GEOMETRIC_PRESENTATION_REPRESENTATION (  '', ( #6259 ), #4871 ) ;
#4290 = PRESENTATION_LAYER_ASSIGNMENT (  '', '', ( #6851 ) ) ;
#4291 = CYLINDRICAL_SURFACE ( 'NONE', #745, 0.7596378981193779856 ) ;
#4292 = ORIENTED_EDGE ( 'NONE', *, *, #1687, .T. ) ;
#4293 = LINE ( 'NONE', #6502, #1324 ) ;
#4294 = STYLED_ITEM ( 'NONE', ( #5233 ), #5438 ) ;
#4295 = PRESENTATION_STYLE_ASSIGNMENT (( #16 ) ) ;
#4296 = EDGE_CURVE ( 'NONE', #719, #6113, #1102, .T. ) ;
#4297 = DIRECTION ( 'NONE',  ( -0.000000000000000000, 1.000000000000000000, 0.000000000000000000 ) ) ;
#4298 = ORIENTED_EDGE ( 'NONE', *, *, #5283, .F. ) ;
#4299 = AXIS2_PLACEMENT_3D ( 'NONE', #2583, #7041, #3758 ) ;
#4300 = PLANE ( 'NONE',  #731 ) ;
#4301 =( LENGTH_UNIT ( ) NAMED_UNIT ( * ) SI_UNIT ( .MILLI., .METRE. ) );
#4302 = ORIENTED_EDGE ( 'NONE', *, *, #1416, .T. ) ;
#4303 = LINE ( 'NONE', #2166, #988 ) ;
#4304 = EDGE_CURVE ( 'NONE', #2809, #763, #2730, .T. ) ;
#4305 = ORIENTED_EDGE ( 'NONE', *, *, #2218, .F. ) ;
#4306 = ORIENTED_EDGE ( 'NONE', *, *, #313, .T. ) ;
#4307 = EDGE_LOOP ( 'NONE', ( #4728, #1434, #1732, #4137 ) ) ;
#4308 = SURFACE_SIDE_STYLE ('',( #5149 ) ) ;
#4309 = SURFACE_STYLE_USAGE ( .BOTH. , #1011 ) ;
#4310 = DIRECTION ( 'NONE',  ( 0.000000000000000000, -1.000000000000000000, 0.000000000000000000 ) ) ;
#4311 = AXIS2_PLACEMENT_3D ( 'NONE', #3571, #969, #1446 ) ;
#4312 = DIRECTION ( 'NONE',  ( 0.000000000000000000, 1.000000000000000000, 0.000000000000000000 ) ) ;
#4313 = ORIENTED_EDGE ( 'NONE', *, *, #3436, .F. ) ;
#4314 =( GEOMETRIC_REPRESENTATION_CONTEXT ( 3 ) GLOBAL_UNCERTAINTY_ASSIGNED_CONTEXT ( ( #5667 ) ) GLOBAL_UNIT_ASSIGNED_CONTEXT ( ( #6191, #135, #2345 ) ) REPRESENTATION_CONTEXT ( 'NONE', 'WORKASPACE' ) );
#4315 =( LENGTH_UNIT ( ) NAMED_UNIT ( * ) SI_UNIT ( .MILLI., .METRE. ) );
#4316 = DIRECTION ( 'NONE',  ( 0.000000000000000000, 0.000000000000000000, -1.000000000000000000 ) ) ;
#4317 = AXIS2_PLACEMENT_3D ( 'NONE', #3204, #1068, #1034 ) ;
#4318 = CARTESIAN_POINT ( 'NONE',  ( 3.245000000000000107, 3.910002195023270399, 1.500000000000000000 ) ) ;
#4319 = AXIS2_PLACEMENT_3D ( 'NONE', #4398, #2878, #3335 ) ;
#4320 = EDGE_CURVE ( 'NONE', #4529, #3011, #1615, .T. ) ;
#4321 = CARTESIAN_POINT ( 'NONE',  ( -1.834999999999999964, 3.910002195023270399, 0.000000000000000000 ) ) ;
#4322 = VECTOR ( 'NONE', #2667, 1000.000000000000000 ) ;
#4323 =( NAMED_UNIT ( * ) PLANE_ANGLE_UNIT ( ) SI_UNIT ( $, .RADIAN. ) );
#4324 = LINE ( 'NONE', #4838, #3541 ) ;
#4325 =( GEOMETRIC_REPRESENTATION_CONTEXT ( 3 ) GLOBAL_UNCERTAINTY_ASSIGNED_CONTEXT ( ( #1074 ) ) GLOBAL_UNIT_ASSIGNED_CONTEXT ( ( #3465, #1861, #302 ) ) REPRESENTATION_CONTEXT ( 'NONE', 'WORKASPACE' ) );
#4326 = LINE ( 'NONE', #2533, #6227 ) ;
#4327 = CARTESIAN_POINT ( 'NONE',  ( -4.664808949893440193, 2.934808949893439767, 2.797625799095520005 ) ) ;
#4328 = CIRCLE ( 'NONE', #1820, 0.09999999999999999167 ) ;
#4329 = VERTEX_POINT ( 'NONE', #3336 ) ;
#4330 = FILL_AREA_STYLE ('',( #4228 ) ) ;
#4331 = DIRECTION ( 'NONE',  ( 0.000000000000000000, 0.000000000000000000, 1.000000000000000000 ) ) ;
#4332 = CIRCLE ( 'NONE', #3083, 0.1000000000000000472 ) ;
#4333 = CARTESIAN_POINT ( 'NONE',  ( -1.834999999999999964, -4.810002195023270311, 0.000000000000000000 ) ) ;
#4334 = STYLED_ITEM ( 'NONE', ( #2891 ), #720 ) ;
#4335 = ORIENTED_EDGE ( 'NONE', *, *, #758, .F. ) ;
#4336 = LINE ( 'NONE', #5593, #5314 ) ;
#4337 = VECTOR ( 'NONE', #3931, 1000.000000000000000 ) ;
#4338 = DIRECTION ( 'NONE',  ( 0.000000000000000000, 0.000000000000000000, -1.000000000000000000 ) ) ;
#4339 = CIRCLE ( 'NONE', #435, 0.2000000000000000111 ) ;
#4340 = ORIENTED_EDGE ( 'NONE', *, *, #4012, .T. ) ;
#4341 = SURFACE_SIDE_STYLE ('',( #3237 ) ) ;
#4342 = UNCERTAINTY_MEASURE_WITH_UNIT (LENGTH_MEASURE( 1.000000000000000082E-05 ), #7073, 'distance_accuracy_value', 'NONE');
#4343 = ORIENTED_EDGE ( 'NONE', *, *, #2143, .T. ) ;
#4344 = ORIENTED_EDGE ( 'NONE', *, *, #5071, .T. ) ;
#4345 = DIRECTION ( 'NONE',  ( 1.000000000000000000, 0.000000000000000000, 0.000000000000000000 ) ) ;
#4346 = AXIS2_PLACEMENT_3D ( 'NONE', #3863, #515, #6063 ) ;
#4347 = EDGE_LOOP ( 'NONE', ( #2277, #4076, #6145, #4683 ) ) ;
#4348 = CARTESIAN_POINT ( 'NONE',  ( -3.575000000000000178, 4.310002195023275640, -3.491510466163695012E-12 ) ) ;
#4349 = DIRECTION ( 'NONE',  ( 0.000000000000000000, 0.2079116908177598699, 0.9781476007338054668 ) ) ;
#4350 = EDGE_CURVE ( 'NONE', #4420, #7141, #1308, .T. ) ;
#4351 = EDGE_CURVE ( 'NONE', #949, #6074, #3869, .T. ) ;
#4352 = CARTESIAN_POINT ( 'NONE',  ( 1.834999999999999964, -1.355252715606854196E-17, 0.1999999999999965139 ) ) ;
#4353 = EDGE_CURVE ( 'NONE', #2773, #5155, #6574, .T. ) ;
#4354 = CARTESIAN_POINT ( 'NONE',  ( 3.245000000000000107, 4.310002195023275640, -3.491510466163695012E-12 ) ) ;
#4355 = DIRECTION ( 'NONE',  ( -1.000000000000000000, 0.000000000000000000, 0.000000000000000000 ) ) ;
#4356 =( NAMED_UNIT ( * ) SI_UNIT ( $, .STERADIAN. ) SOLID_ANGLE_UNIT ( ) );
#4357 = ADVANCED_FACE ( 'NONE', ( #1141 ), #4440, .F. ) ;
#4358 = DIRECTION ( 'NONE',  ( 0.000000000000000000, 0.000000000000000000, -1.000000000000000000 ) ) ;
#4359 = FILL_AREA_STYLE_COLOUR ( '', #5229 ) ;
#4360 = DIRECTION ( 'NONE',  ( 1.000000000000000000, 0.000000000000000000, 0.000000000000000000 ) ) ;
#4361 = DIRECTION ( 'NONE',  ( 0.000000000000000000, 1.000000000000000000, 0.000000000000000000 ) ) ;
#4362 =( LENGTH_UNIT ( ) NAMED_UNIT ( * ) SI_UNIT ( .MILLI., .METRE. ) );
#4363 = DIRECTION ( 'NONE',  ( 0.000000000000000000, 1.000000000000000000, 0.000000000000000000 ) ) ;
#4364 =( LENGTH_UNIT ( ) NAMED_UNIT ( * ) SI_UNIT ( .MILLI., .METRE. ) );
#4365 = ADVANCED_FACE ( 'NONE', ( #4480 ), #1726, .F. ) ;
#4366 =( NAMED_UNIT ( * ) PLANE_ANGLE_UNIT ( ) SI_UNIT ( $, .RADIAN. ) );
#4367 = LINE ( 'NONE', #1685, #4530 ) ;
#4368 = ORIENTED_EDGE ( 'NONE', *, *, #994, .F. ) ;
#4369 = DIRECTION ( 'NONE',  ( 0.000000000000000000, -1.000000000000000000, 0.000000000000000000 ) ) ;
#4370 = LINE ( 'NONE', #2236, #2802 ) ;
#4371 = DIRECTION ( 'NONE',  ( 1.000000000000000000, 0.000000000000000000, 0.000000000000000000 ) ) ;
#4372 = AXIS2_PLACEMENT_3D ( 'NONE', #6283, #783, #236 ) ;
#4373 = VERTEX_POINT ( 'NONE', #3514 ) ;
#4374 = ORIENTED_EDGE ( 'NONE', *, *, #6154, .F. ) ;
#4375 = ORIENTED_EDGE ( 'NONE', *, *, #3892, .F. ) ;
#4376 = AXIS2_PLACEMENT_3D ( 'NONE', #1567, #511, #5873 ) ;
#4377 = DIRECTION ( 'NONE',  ( -1.000000000000000000, 0.000000000000000000, 0.000000000000000000 ) ) ;
#4378 = VERTEX_POINT ( 'NONE', #2983 ) ;
#4379 = DIRECTION ( 'NONE',  ( 0.000000000000000000, -1.000000000000000000, 0.000000000000000000 ) ) ;
#4380 = FACE_OUTER_BOUND ( 'NONE', #4481, .T. ) ;
#4381 = MECHANICAL_DESIGN_GEOMETRIC_PRESENTATION_REPRESENTATION (  '', ( #610 ), #1299 ) ;
#4382 = EDGE_CURVE ( 'NONE', #4966, #6657, #2879, .T. ) ;
#4383 =( LENGTH_UNIT ( ) NAMED_UNIT ( * ) SI_UNIT ( .MILLI., .METRE. ) );
#4384 = LINE ( 'NONE', #3399, #6309 ) ;
#4385 =( NAMED_UNIT ( * ) PLANE_ANGLE_UNIT ( ) SI_UNIT ( $, .RADIAN. ) );
#4386 = VECTOR ( 'NONE', #4642, 1000.000000000000000 ) ;
#4387 = CARTESIAN_POINT ( 'NONE',  ( 1.834999999999999964, 3.710002195023270222, 1.399999999999999911 ) ) ;
#4388 = FACE_OUTER_BOUND ( 'NONE', #1860, .T. ) ;
#4389 = CARTESIAN_POINT ( 'NONE',  ( -4.244999999999999218, 3.168116515749499928, 1.699999999999999956 ) ) ;
#4390 = ORIENTED_EDGE ( 'NONE', *, *, #4131, .T. ) ;
#4391 = CARTESIAN_POINT ( 'NONE',  ( 1.834999999999999964, 4.810002195023270311, -3.491456256055070333E-12 ) ) ;
#4392 = AXIS2_PLACEMENT_3D ( 'NONE', #3371, #7088, #5439 ) ;
#4393 = MECHANICAL_DESIGN_GEOMETRIC_PRESENTATION_REPRESENTATION (  '', ( #1651 ), #2115 ) ;
#4394 = FACE_OUTER_BOUND ( 'NONE', #859, .T. ) ;
#4395 = SURFACE_STYLE_FILL_AREA ( #3760 ) ;
#4396 = EDGE_CURVE ( 'NONE', #423, #2016, #2481, .T. ) ;
#4397 = DIRECTION ( 'NONE',  ( -1.000000000000000000, 0.000000000000000000, 0.000000000000000000 ) ) ;
#4398 = CARTESIAN_POINT ( 'NONE',  ( -0.8350000000000000755, -4.010002195023269600, 0.2999999999999999889 ) ) ;
#4399 = VECTOR ( 'NONE', #5008, 1000.000000000000000 ) ;
#4400 =( GEOMETRIC_REPRESENTATION_CONTEXT ( 3 ) GLOBAL_UNCERTAINTY_ASSIGNED_CONTEXT ( ( #1114 ) ) GLOBAL_UNIT_ASSIGNED_CONTEXT ( ( #5971, #6365, #6551 ) ) REPRESENTATION_CONTEXT ( 'NONE', 'WORKASPACE' ) );
#4401 = ORIENTED_EDGE ( 'NONE', *, *, #4716, .T. ) ;
#4402 = DIRECTION ( 'NONE',  ( -1.000000000000000000, 0.000000000000000000, 0.000000000000000000 ) ) ;
#4403 = VECTOR ( 'NONE', #2531, 1000.000000000000000 ) ;
#4404 = CARTESIAN_POINT ( 'NONE',  ( 4.244999999999999218, 3.910002195023270399, 0.000000000000000000 ) ) ;
#4405 = EDGE_CURVE ( 'NONE', #1412, #2213, #2374, .T. ) ;
#4406 = AXIS2_PLACEMENT_3D ( 'NONE', #1633, #1014, #6186 ) ;
#4407 = LINE ( 'NONE', #95, #5781 ) ;
#4408 = VERTEX_POINT ( 'NONE', #5161 ) ;
#4409 = DIRECTION ( 'NONE',  ( 0.000000000000000000, 1.000000000000000000, 0.000000000000000000 ) ) ;
#4410 =( LENGTH_UNIT ( ) NAMED_UNIT ( * ) SI_UNIT ( .MILLI., .METRE. ) );
#4411 = CARTESIAN_POINT ( 'NONE',  ( -4.044999999999999929, -4.810002195023270311, -3.491510466163695012E-12 ) ) ;
#4412 = DIRECTION ( 'NONE',  ( -1.000000000000000000, 0.000000000000000000, 0.000000000000000000 ) ) ;
#4413 = FILL_AREA_STYLE ('',( #2128 ) ) ;
#4414 = EDGE_LOOP ( 'NONE', ( #6507, #1384, #4015, #3657 ) ) ;
#4415 = UNCERTAINTY_MEASURE_WITH_UNIT (LENGTH_MEASURE( 1.000000000000000082E-05 ), #2413, 'distance_accuracy_value', 'NONE');
#4416 = ORIENTED_EDGE ( 'NONE', *, *, #4150, .T. ) ;
#4417 = VERTEX_POINT ( 'NONE', #4044 ) ;
#4418 = PRESENTATION_LAYER_ASSIGNMENT (  '', '', ( #1786 ) ) ;
#4419 = CARTESIAN_POINT ( 'NONE',  ( 1.834999999999999964, 0.000000000000000000, -3.491456256055070333E-12 ) ) ;
#4420 = VERTEX_POINT ( 'NONE', #6726 ) ;
#4421 = CARTESIAN_POINT ( 'NONE',  ( 3.245000000000000107, -3.910002195023270399, 0.1999999999965084985 ) ) ;
#4422 = LINE ( 'NONE', #3848, #1429 ) ;
#4423 = CARTESIAN_POINT ( 'NONE',  ( 1.505000000000000115, -4.810002195023270311, -3.491510466163695012E-12 ) ) ;
#4424 = ORIENTED_EDGE ( 'NONE', *, *, #2791, .F. ) ;
#4425 = CARTESIAN_POINT ( 'NONE',  ( 1.034999999999999920, -4.810002195023270311, -3.491510466163695012E-12 ) ) ;
#4426 = PRESENTATION_LAYER_ASSIGNMENT (  '', '', ( #646 ) ) ;
#4427 = PRESENTATION_STYLE_ASSIGNMENT (( #1089 ) ) ;
#4428 = FILL_AREA_STYLE_COLOUR ( '', #5258 ) ;
#4429 = VECTOR ( 'NONE', #425, 1000.000000000000000 ) ;
#4430 = LINE ( 'NONE', #6058, #1586 ) ;
#4431 = SURFACE_SIDE_STYLE ('',( #7082 ) ) ;
#4432 = DIRECTION ( 'NONE',  ( 1.000000000000000000, 0.000000000000000000, 0.000000000000000000 ) ) ;
#4433 = ORIENTED_EDGE ( 'NONE', *, *, #1464, .F. ) ;
#4434 = AXIS2_PLACEMENT_3D ( 'NONE', #5058, #2383, #2313 ) ;
#4435 =( LENGTH_UNIT ( ) NAMED_UNIT ( * ) SI_UNIT ( .MILLI., .METRE. ) );
#4436 = LINE ( 'NONE', #5472, #1932 ) ;
#4437 = COLOUR_RGB ( '',0.7764705882352941346, 0.7568627450980391913, 0.7372549019607843590 ) ;
#4438 = PLANE ( 'NONE',  #3235 ) ;
#4439 = CARTESIAN_POINT ( 'NONE',  ( 0.8350000000000000755, 0.000000000000000000, 1.500000000000000000 ) ) ;
#4440 = PLANE ( 'NONE',  #7056 ) ;
#4441 = EDGE_CURVE ( 'NONE', #5847, #5731, #122, .T. ) ;
#4442 = ORIENTED_EDGE ( 'NONE', *, *, #1683, .T. ) ;
#4443 = CARTESIAN_POINT ( 'NONE',  ( 3.245000000000000107, 4.810002195023270311, -3.491456256055070333E-12 ) ) ;
#4444 = ADVANCED_FACE ( 'NONE', ( #3442 ), #4664, .F. ) ;
#4445 = COLOUR_RGB ( '',0.7764705882352941346, 0.7568627450980391913, 0.7372549019607843590 ) ;
#4446 = CARTESIAN_POINT ( 'NONE',  ( 3.245000000000000107, 0.000000000000000000, 1.500000000000000000 ) ) ;
#4447 = UNCERTAINTY_MEASURE_WITH_UNIT (LENGTH_MEASURE( 1.000000000000000082E-05 ), #4623, 'distance_accuracy_value', 'NONE');
#4448 = FILL_AREA_STYLE ('',( #6619 ) ) ;
#4449 = PRESENTATION_LAYER_ASSIGNMENT (  '', '', ( #2401 ) ) ;
#4450 = ORIENTED_EDGE ( 'NONE', *, *, #3576, .F. ) ;
#4451 = SURFACE_STYLE_USAGE ( .BOTH. , #487 ) ;
#4452 = VECTOR ( 'NONE', #4205, 1000.000000000000000 ) ;
#4453 = ORIENTED_EDGE ( 'NONE', *, *, #5028, .T. ) ;
#4454 = VECTOR ( 'NONE', #354, 1000.000000000000000 ) ;
#4455 = SURFACE_SIDE_STYLE ('',( #1330 ) ) ;
#4456 = ORIENTED_EDGE ( 'NONE', *, *, #5328, .T. ) ;
#4457 = FILL_AREA_STYLE ('',( #3890 ) ) ;
#4458 = VERTEX_POINT ( 'NONE', #1869 ) ;
#4459 = FACE_OUTER_BOUND ( 'NONE', #24, .T. ) ;
#4460 = ORIENTED_EDGE ( 'NONE', *, *, #5648, .T. ) ;
#4461 = PRESENTATION_LAYER_ASSIGNMENT (  '', '', ( #2295 ) ) ;
#4462 = DIRECTION ( 'NONE',  ( -1.000000000000000000, 0.000000000000000000, 0.000000000000000000 ) ) ;
#4463 = SURFACE_STYLE_FILL_AREA ( #6593 ) ;
#4464 = EDGE_CURVE ( 'NONE', #2134, #423, #6877, .T. ) ;
#4465 = VECTOR ( 'NONE', #1029, 1000.000000000000000 ) ;
#4466 = CARTESIAN_POINT ( 'NONE',  ( -4.244999999999999218, -3.710002195023270222, 0.1999999999965084985 ) ) ;
#4467 =( NAMED_UNIT ( * ) SI_UNIT ( $, .STERADIAN. ) SOLID_ANGLE_UNIT ( ) );
#4468 = ORIENTED_EDGE ( 'NONE', *, *, #3626, .F. ) ;
#4469 = CARTESIAN_POINT ( 'NONE',  ( 1.834999999999999964, 3.710002195023270222, 1.500000000000000000 ) ) ;
#4470 = FILL_AREA_STYLE_COLOUR ( '', #5070 ) ;
#4471 = LINE ( 'NONE', #5007, #5021 ) ;
#4472 = SURFACE_SIDE_STYLE ('',( #1783 ) ) ;
#4473 = VECTOR ( 'NONE', #1128, 1000.000000000000000 ) ;
#4474 = PLANE ( 'NONE',  #3273 ) ;
#4475 = VERTEX_POINT ( 'NONE', #6323 ) ;
#4476 =( LENGTH_UNIT ( ) NAMED_UNIT ( * ) SI_UNIT ( .MILLI., .METRE. ) );
#4477 = LINE ( 'NONE', #1207, #6426 ) ;
#4478 = DIRECTION ( 'NONE',  ( 1.000000000000000000, 0.000000000000000000, 0.000000000000000000 ) ) ;
#4479 = CARTESIAN_POINT ( 'NONE',  ( 0.000000000000000000, -2.913048641745470402, 0.2000000000000000111 ) ) ;
#4480 = FACE_OUTER_BOUND ( 'NONE', #4607, .T. ) ;
#4481 = EDGE_LOOP ( 'NONE', ( #3058, #2630, #935, #2234, #5419, #1592, #4585, #3126 ) ) ;
#4482 = DIRECTION ( 'NONE',  ( 0.000000000000000000, 0.000000000000000000, 1.000000000000000000 ) ) ;
#4483 = EDGE_CURVE ( 'NONE', #2382, #2985, #3410, .T. ) ;
#4484 = ORIENTED_EDGE ( 'NONE', *, *, #891, .F. ) ;
#4485 = DIRECTION ( 'NONE',  ( 1.000000000000000000, 0.000000000000000000, 0.000000000000000000 ) ) ;
#4486 = LINE ( 'NONE', #7110, #3724 ) ;
#4487 = ORIENTED_EDGE ( 'NONE', *, *, #2783, .F. ) ;
#4488 = FACE_OUTER_BOUND ( 'NONE', #768, .T. ) ;
#4489 = UNCERTAINTY_MEASURE_WITH_UNIT (LENGTH_MEASURE( 1.000000000000000082E-05 ), #1364, 'distance_accuracy_value', 'NONE');
#4490 = PRESENTATION_LAYER_ASSIGNMENT (  '', '', ( #2211 ) ) ;
#4491 =( LENGTH_UNIT ( ) NAMED_UNIT ( * ) SI_UNIT ( .MILLI., .METRE. ) );
#4492 = ORIENTED_EDGE ( 'NONE', *, *, #2542, .F. ) ;
#4493 = EDGE_CURVE ( 'NONE', #1989, #1398, #6455, .T. ) ;
#4494 = LINE ( 'NONE', #4028, #3463 ) ;
#4495 = ORIENTED_EDGE ( 'NONE', *, *, #1816, .T. ) ;
#4496 = LINE ( 'NONE', #4348, #3701 ) ;
#4497 = SURFACE_SIDE_STYLE ('',( #4463 ) ) ;
#4498 = CIRCLE ( 'NONE', #1171, 0.2000000000000000111 ) ;
#4499 = DIRECTION ( 'NONE',  ( 1.000000000000000000, 0.000000000000000000, 0.000000000000000000 ) ) ;
#4500 = SURFACE_STYLE_FILL_AREA ( #2322 ) ;
#4501 = ORIENTED_EDGE ( 'NONE', *, *, #6648, .F. ) ;
#4502 = EDGE_CURVE ( 'NONE', #1946, #2886, #2038, .T. ) ;
#4503 = COLOUR_RGB ( '',0.1019607843137254888, 0.1019607843137254888, 0.1019607843137254888 ) ;
#4504 = LINE ( 'NONE', #1745, #4337 ) ;
#4505 = DIRECTION ( 'NONE',  ( 0.000000000000000000, -1.000000000000000000, 0.000000000000000000 ) ) ;
#4506 = FILL_AREA_STYLE ('',( #2365 ) ) ;
#4507 =( NAMED_UNIT ( * ) SI_UNIT ( $, .STERADIAN. ) SOLID_ANGLE_UNIT ( ) );
#4508 = LINE ( 'NONE', #3014, #1328 ) ;
#4509 = ORIENTED_EDGE ( 'NONE', *, *, #3304, .T. ) ;
#4510 = CARTESIAN_POINT ( 'NONE',  ( 3.245000000000000107, 3.710002195023270222, 1.699999999999999956 ) ) ;
#4511 = FACE_OUTER_BOUND ( 'NONE', #4034, .T. ) ;
#4512 = LINE ( 'NONE', #1281, #6290 ) ;
#4513 = ORIENTED_EDGE ( 'NONE', *, *, #2143, .F. ) ;
#4514 = CARTESIAN_POINT ( 'NONE',  ( -4.044999999999999929, -4.310002195023275640, 0.1999999999999965139 ) ) ;
#4515 = AXIS2_PLACEMENT_3D ( 'NONE', #4983, #2837, #5404 ) ;
#4516 = VECTOR ( 'NONE', #5970, 1000.000000000000000 ) ;
#4517 = CARTESIAN_POINT ( 'NONE',  ( -3.245000000000000107, 3.710002195023270222, 1.399999999999999911 ) ) ;
#4518 = UNCERTAINTY_MEASURE_WITH_UNIT (LENGTH_MEASURE( 1.000000000000000082E-05 ), #5831, 'distance_accuracy_value', 'NONE');
#4519 = AXIS2_PLACEMENT_3D ( 'NONE', #6417, #6559, #5905 ) ;
#4520 = EDGE_LOOP ( 'NONE', ( #1885, #2547, #874, #336 ) ) ;
#4521 =( GEOMETRIC_REPRESENTATION_CONTEXT ( 3 ) GLOBAL_UNCERTAINTY_ASSIGNED_CONTEXT ( ( #6370 ) ) GLOBAL_UNIT_ASSIGNED_CONTEXT ( ( #759, #6397, #5131 ) ) REPRESENTATION_CONTEXT ( 'NONE', 'WORKASPACE' ) );
#4522 =( NAMED_UNIT ( * ) PLANE_ANGLE_UNIT ( ) SI_UNIT ( $, .RADIAN. ) );
#4523 = ORIENTED_EDGE ( 'NONE', *, *, #5635, .T. ) ;
#4524 =( NAMED_UNIT ( * ) PLANE_ANGLE_UNIT ( ) SI_UNIT ( $, .RADIAN. ) );
#4525 = ORIENTED_EDGE ( 'NONE', *, *, #3168, .F. ) ;
#4526 = DIRECTION ( 'NONE',  ( 0.000000000000000000, 0.000000000000000000, -1.000000000000000000 ) ) ;
#4527 = VERTEX_POINT ( 'NONE', #7011 ) ;
#4528 = CARTESIAN_POINT ( 'NONE',  ( -3.245000000000000107, 3.710002195023270222, 1.500000000000000000 ) ) ;
#4529 = VERTEX_POINT ( 'NONE', #851 ) ;
#4530 = VECTOR ( 'NONE', #15, 1000.000000000000000 ) ;
#4531 = CARTESIAN_POINT ( 'NONE',  ( -3.575000000000000178, 4.810002195023270311, -3.491510466163695012E-12 ) ) ;
#4532 = FILL_AREA_STYLE_COLOUR ( '', #6132 ) ;
#4533 = PLANE ( 'NONE',  #4924 ) ;
#4534 = LINE ( 'NONE', #6270, #6638 ) ;
#4535 = ORIENTED_EDGE ( 'NONE', *, *, #6605, .T. ) ;
#4536 = EDGE_CURVE ( 'NONE', #5972, #4417, #1534, .T. ) ;
#4537 = VECTOR ( 'NONE', #2330, 1000.000000000000000 ) ;
#4538 = DIRECTION ( 'NONE',  ( 1.000000000000000000, 0.000000000000000000, 0.000000000000000000 ) ) ;
#4539 = MECHANICAL_DESIGN_GEOMETRIC_PRESENTATION_REPRESENTATION (  '', ( #4189 ), #5932 ) ;
#4540 = CARTESIAN_POINT ( 'NONE',  ( -1.505000000000000115, -4.316286306259984329, 0.1999999999999965139 ) ) ;
#4541 = VECTOR ( 'NONE', #4247, 1000.000000000000000 ) ;
#4542 = DIRECTION ( 'NONE',  ( 0.000000000000000000, 0.000000000000000000, 1.000000000000000000 ) ) ;
#4543 = EDGE_LOOP ( 'NONE', ( #1915, #3456, #1040, #3391, #6335, #6031, #5330, #5450, #7094, #1923, #4685, #5864, #6068 ) ) ;
#4544 =( NAMED_UNIT ( * ) SI_UNIT ( $, .STERADIAN. ) SOLID_ANGLE_UNIT ( ) );
#4545 =( GEOMETRIC_REPRESENTATION_CONTEXT ( 3 ) GLOBAL_UNCERTAINTY_ASSIGNED_CONTEXT ( ( #3447 ) ) GLOBAL_UNIT_ASSIGNED_CONTEXT ( ( #3035, #6862, #3130 ) ) REPRESENTATION_CONTEXT ( 'NONE', 'WORKASPACE' ) );
#4546 = DIRECTION ( 'NONE',  ( 0.000000000000000000, 0.000000000000000000, 1.000000000000000000 ) ) ;
#4547 = CARTESIAN_POINT ( 'NONE',  ( -3.245000000000000107, -4.297206436302234422, 0.1999999999999965139 ) ) ;
#4548 = CARTESIAN_POINT ( 'NONE',  ( 4.044999999999999929, 4.310002195023275640, -3.491510466163695012E-12 ) ) ;
#4549 =( LENGTH_UNIT ( ) NAMED_UNIT ( * ) SI_UNIT ( .MILLI., .METRE. ) );
#4550 = EDGE_CURVE ( 'NONE', #5780, #1039, #3049, .T. ) ;
#4551 =( NAMED_UNIT ( * ) SI_UNIT ( $, .STERADIAN. ) SOLID_ANGLE_UNIT ( ) );
#4552 = ORIENTED_EDGE ( 'NONE', *, *, #2403, .F. ) ;
#4553 = CARTESIAN_POINT ( 'NONE',  ( 4.664808949893440193, 2.934808949893439767, 2.797625799095520005 ) ) ;
#4554 = AXIS2_PLACEMENT_3D ( 'NONE', #2726, #2299, #4950 ) ;
#4555 = SURFACE_SIDE_STYLE ('',( #4596 ) ) ;
#4556 = FILL_AREA_STYLE_COLOUR ( '', #6641 ) ;
#4557 = ORIENTED_EDGE ( 'NONE', *, *, #4904, .F. ) ;
#4558 = LINE ( 'NONE', #3950, #493 ) ;
#4559 =( LENGTH_UNIT ( ) NAMED_UNIT ( * ) SI_UNIT ( .MILLI., .METRE. ) );
#4560 = LINE ( 'NONE', #3522, #2819 ) ;
#4561 = ORIENTED_EDGE ( 'NONE', *, *, #5755, .T. ) ;
#4562 = VECTOR ( 'NONE', #2037, 1000.000000000000000 ) ;
#4563 = VERTEX_POINT ( 'NONE', #6943 ) ;
#4564 = AXIS2_PLACEMENT_3D ( 'NONE', #6075, #5520, #611 ) ;
#4565 = DIRECTION ( 'NONE',  ( -1.000000000000000000, 0.000000000000000000, 0.000000000000000000 ) ) ;
#4566 = VERTEX_POINT ( 'NONE', #5838 ) ;
#4567 = LINE ( 'NONE', #6299, #5749 ) ;
#4568 = ORIENTED_EDGE ( 'NONE', *, *, #5412, .F. ) ;
#4569 = VECTOR ( 'NONE', #776, 1000.000000000000000 ) ;
#4570 = DIRECTION ( 'NONE',  ( -1.000000000000000000, -8.673617379884050263E-16, 0.000000000000000000 ) ) ;
#4571 = FACE_OUTER_BOUND ( 'NONE', #722, .T. ) ;
#4572 = PRESENTATION_LAYER_ASSIGNMENT (  '', '', ( #677 ) ) ;
#4573 = CARTESIAN_POINT ( 'NONE',  ( -3.245000000000000107, 4.310002195023275640, -3.491510466163695012E-12 ) ) ;
#4574 = ORIENTED_EDGE ( 'NONE', *, *, #4265, .T. ) ;
#4575 = CARTESIAN_POINT ( 'NONE',  ( 4.044999999999999929, 4.310002195023275640, -3.491510466163695012E-12 ) ) ;
#4576 = UNCERTAINTY_MEASURE_WITH_UNIT (LENGTH_MEASURE( 1.000000000000000082E-05 ), #1373, 'distance_accuracy_value', 'NONE');
#4577 = VECTOR ( 'NONE', #1468, 1000.000000000000000 ) ;
#4578 = AXIS2_PLACEMENT_3D ( 'NONE', #2789, #42, #5040 ) ;
#4579 = ADVANCED_FACE ( 'NONE', ( #5766 ), #1500, .T. ) ;
#4580 =( LENGTH_UNIT ( ) NAMED_UNIT ( * ) SI_UNIT ( .MILLI., .METRE. ) );
#4581 = VECTOR ( 'NONE', #2804, 1000.000000000000000 ) ;
#4582 = EDGE_CURVE ( 'NONE', #4408, #5097, #3144, .T. ) ;
#4583 =( LENGTH_UNIT ( ) NAMED_UNIT ( * ) SI_UNIT ( .MILLI., .METRE. ) );
#4584 = EDGE_CURVE ( 'NONE', #4164, #5727, #2106, .T. ) ;
#4585 = ORIENTED_EDGE ( 'NONE', *, *, #965, .F. ) ;
#4586 = SURFACE_STYLE_FILL_AREA ( #6794 ) ;
#4587 =( LENGTH_UNIT ( ) NAMED_UNIT ( * ) SI_UNIT ( .MILLI., .METRE. ) );
#4588 = CARTESIAN_POINT ( 'NONE',  ( 1.834999999999999964, 3.910002195023270399, 0.000000000000000000 ) ) ;
#4589 = ORIENTED_EDGE ( 'NONE', *, *, #12, .T. ) ;
#4590 = MECHANICAL_DESIGN_GEOMETRIC_PRESENTATION_REPRESENTATION (  '', ( #7133 ), #1023 ) ;
#4591 = PRESENTATION_STYLE_ASSIGNMENT (( #2410 ) ) ;
#4592 = EDGE_CURVE ( 'NONE', #1306, #6885, #882, .T. ) ;
#4593 =( GEOMETRIC_REPRESENTATION_CONTEXT ( 3 ) GLOBAL_UNCERTAINTY_ASSIGNED_CONTEXT ( ( #1273 ) ) GLOBAL_UNIT_ASSIGNED_CONTEXT ( ( #3679, #2030, #4723 ) ) REPRESENTATION_CONTEXT ( 'NONE', 'WORKASPACE' ) );
#4594 = DIRECTION ( 'NONE',  ( 1.000000000000000000, 0.000000000000000000, 0.000000000000000000 ) ) ;
#4595 =( LENGTH_UNIT ( ) NAMED_UNIT ( * ) SI_UNIT ( .MILLI., .METRE. ) );
#4596 = SURFACE_STYLE_FILL_AREA ( #163 ) ;
#4597 = LINE ( 'NONE', #604, #4581 ) ;
#4598 = ADVANCED_FACE ( 'NONE', ( #407 ), #5916, .F. ) ;
#4599 =( NAMED_UNIT ( * ) SI_UNIT ( $, .STERADIAN. ) SOLID_ANGLE_UNIT ( ) );
#4600 = ORIENTED_EDGE ( 'NONE', *, *, #2260, .F. ) ;
#4601 =( NAMED_UNIT ( * ) PLANE_ANGLE_UNIT ( ) SI_UNIT ( $, .RADIAN. ) );
#4602 = FACE_OUTER_BOUND ( 'NONE', #1106, .T. ) ;
#4603 = VERTEX_POINT ( 'NONE', #2830 ) ;
#4604 = EDGE_LOOP ( 'NONE', ( #4021, #2024, #28, #726 ) ) ;
#4605 = CARTESIAN_POINT ( 'NONE',  ( 1.834999999999999964, 1.355252715606854196E-17, 0.1999999999999965139 ) ) ;
#4606 = EDGE_LOOP ( 'NONE', ( #5679, #3345, #1326, #6517 ) ) ;
#4607 = EDGE_LOOP ( 'NONE', ( #4060, #1006, #4269, #389 ) ) ;
#4608 = FACE_OUTER_BOUND ( 'NONE', #7135, .T. ) ;
#4609 = CARTESIAN_POINT ( 'NONE',  ( 3.245000000000000107, 3.910002195023270399, 0.1999999999965084985 ) ) ;
#4610 = ORIENTED_EDGE ( 'NONE', *, *, #4833, .T. ) ;
#4611 = DIRECTION ( 'NONE',  ( 0.000000000000000000, 0.000000000000000000, 1.000000000000000000 ) ) ;
#4612 =( GEOMETRIC_REPRESENTATION_CONTEXT ( 3 ) GLOBAL_UNCERTAINTY_ASSIGNED_CONTEXT ( ( #1550 ) ) GLOBAL_UNIT_ASSIGNED_CONTEXT ( ( #6082, #1187, #1628 ) ) REPRESENTATION_CONTEXT ( 'NONE', 'WORKASPACE' ) );
#4613 = DIRECTION ( 'NONE',  ( 0.000000000000000000, -1.000000000000000000, 0.000000000000000000 ) ) ;
#4614 = VERTEX_POINT ( 'NONE', #1022 ) ;
#4615 = CARTESIAN_POINT ( 'NONE',  ( 4.244999999999999218, 4.310002195023275640, -3.491510466163695012E-12 ) ) ;
#4616 = FILL_AREA_STYLE ('',( #814 ) ) ;
#4617 = DIRECTION ( 'NONE',  ( 0.000000000000000000, 0.000000000000000000, -1.000000000000000000 ) ) ;
#4618 = ORIENTED_EDGE ( 'NONE', *, *, #3539, .F. ) ;
#4619 = EDGE_CURVE ( 'NONE', #5061, #2424, #2148, .T. ) ;
#4620 =( GEOMETRIC_REPRESENTATION_CONTEXT ( 3 ) GLOBAL_UNCERTAINTY_ASSIGNED_CONTEXT ( ( #3632 ) ) GLOBAL_UNIT_ASSIGNED_CONTEXT ( ( #4364, #5475, #3408 ) ) REPRESENTATION_CONTEXT ( 'NONE', 'WORKASPACE' ) );
#4621 = DIRECTION ( 'NONE',  ( 0.000000000000000000, 0.000000000000000000, 1.000000000000000000 ) ) ;
#4622 = CIRCLE ( 'NONE', #2559, 0.2000000000000000944 ) ;
#4623 =( LENGTH_UNIT ( ) NAMED_UNIT ( * ) SI_UNIT ( .MILLI., .METRE. ) );
#4624 = DIRECTION ( 'NONE',  ( 0.000000000000000000, 1.000000000000000000, 0.000000000000000000 ) ) ;
#4625 = ORIENTED_EDGE ( 'NONE', *, *, #2032, .T. ) ;
#4626 = CARTESIAN_POINT ( 'NONE',  ( -0.8350000000000000755, -3.910002195023270399, 0.1999999999965084985 ) ) ;
#4627 = EDGE_CURVE ( 'NONE', #1466, #2394, #1165, .T. ) ;
#4628 = FILL_AREA_STYLE_COLOUR ( '', #4212 ) ;
#4629 = EDGE_CURVE ( 'NONE', #147, #602, #2257, .T. ) ;
#4630 = EDGE_CURVE ( 'NONE', #6316, #1522, #559, .T. ) ;
#4631 = VECTOR ( 'NONE', #4462, 1000.000000000000000 ) ;
#4632 = CARTESIAN_POINT ( 'NONE',  ( 4.044999999999999929, 4.310002195023275640, 0.1999999999999965139 ) ) ;
#4633 = EDGE_CURVE ( 'NONE', #229, #4563, #6249, .T. ) ;
#4634 = CARTESIAN_POINT ( 'NONE',  ( 3.245000000000000107, -3.189372171916499799, 1.500000000000000000 ) ) ;
#4635 = COLOUR_RGB ( '',0.7764705882352941346, 0.7568627450980391913, 0.7372549019607843590 ) ;
#4636 = ORIENTED_EDGE ( 'NONE', *, *, #4972, .F. ) ;
#4637 = DIRECTION ( 'NONE',  ( 0.000000000000000000, 0.000000000000000000, -1.000000000000000000 ) ) ;
#4638 = ORIENTED_EDGE ( 'NONE', *, *, #6889, .F. ) ;
#4639 = FILL_AREA_STYLE_COLOUR ( '', #4255 ) ;
#4640 = VERTEX_POINT ( 'NONE', #4947 ) ;
#4641 =( GEOMETRIC_REPRESENTATION_CONTEXT ( 3 ) GLOBAL_UNCERTAINTY_ASSIGNED_CONTEXT ( ( #5416 ) ) GLOBAL_UNIT_ASSIGNED_CONTEXT ( ( #3231, #2592, #2628 ) ) REPRESENTATION_CONTEXT ( 'NONE', 'WORKASPACE' ) );
#4642 = DIRECTION ( 'NONE',  ( 0.000000000000000000, 0.000000000000000000, 1.000000000000000000 ) ) ;
#4643 = FACE_OUTER_BOUND ( 'NONE', #3808, .T. ) ;
#4644 = MECHANICAL_DESIGN_GEOMETRIC_PRESENTATION_REPRESENTATION (  '', ( #3253 ), #4982 ) ;
#4645 = STYLED_ITEM ( 'NONE', ( #2887 ), #4114 ) ;
#4646 = EDGE_CURVE ( 'NONE', #6554, #1173, #3363, .T. ) ;
#4647 = LINE ( 'NONE', #700, #2616 ) ;
#4648 = ORIENTED_EDGE ( 'NONE', *, *, #3413, .F. ) ;
#4649 = LINE ( 'NONE', #4575, #6276 ) ;
#4650 = UNCERTAINTY_MEASURE_WITH_UNIT (LENGTH_MEASURE( 1.000000000000000082E-05 ), #410, 'distance_accuracy_value', 'NONE');
#4651 = ORIENTED_EDGE ( 'NONE', *, *, #980, .T. ) ;
#4652 = AXIS2_PLACEMENT_3D ( 'NONE', #304, #5908, #5353 ) ;
#4653 = AXIS2_PLACEMENT_3D ( 'NONE', #3266, #5447, #647 ) ;
#4654 = SURFACE_STYLE_FILL_AREA ( #3038 ) ;
#4655 = FILL_AREA_STYLE_COLOUR ( '', #3364 ) ;
#4656 = VERTEX_POINT ( 'NONE', #4869 ) ;
#4657 = LINE ( 'NONE', #4790, #2239 ) ;
#4658 = CARTESIAN_POINT ( 'NONE',  ( -4.930000000000000604, 3.168116515749499928, 1.699999999999999956 ) ) ;
#4659 = PRESENTATION_LAYER_ASSIGNMENT (  '', '', ( #3508 ) ) ;
#4660 = ORIENTED_EDGE ( 'NONE', *, *, #3919, .T. ) ;
#4661 = CARTESIAN_POINT ( 'NONE',  ( 1.505000000000000115, 4.810002195023270311, -3.491510466163695012E-12 ) ) ;
#4662 = VECTOR ( 'NONE', #7121, 1000.000000000000114 ) ;
#4663 = CARTESIAN_POINT ( 'NONE',  ( -1.834999999999999964, -4.010002195023269600, 0.2999999999999999889 ) ) ;
#4664 = PLANE ( 'NONE',  #4168 ) ;
#4665 = DIRECTION ( 'NONE',  ( 0.000000000000000000, 0.000000000000000000, 1.000000000000000000 ) ) ;
#4666 = ORIENTED_EDGE ( 'NONE', *, *, #2654, .T. ) ;
#4667 = CYLINDRICAL_SURFACE ( 'NONE', #5442, 0.1000000000000000472 ) ;
#4668 = FACE_OUTER_BOUND ( 'NONE', #4414, .T. ) ;
#4669 = AXIS2_PLACEMENT_3D ( 'NONE', #4425, #3901, #1047 ) ;
#4670 = CARTESIAN_POINT ( 'NONE',  ( -0.8350000000000000755, 6.143812310751189163E-16, 1.699999999999999956 ) ) ;
#4671 = EDGE_CURVE ( 'NONE', #2266, #3894, #1093, .T. ) ;
#4672 = AXIS2_PLACEMENT_3D ( 'NONE', #5895, #1986, #3100 ) ;
#4673 = EDGE_CURVE ( 'NONE', #4998, #2195, #3329, .T. ) ;
#4674 = CARTESIAN_POINT ( 'NONE',  ( -4.244999999999999218, 0.000000000000000000, 0.000000000000000000 ) ) ;
#4675 =( NAMED_UNIT ( * ) PLANE_ANGLE_UNIT ( ) SI_UNIT ( $, .RADIAN. ) );
#4676 = ORIENTED_EDGE ( 'NONE', *, *, #1153, .F. ) ;
#4677 = FILL_AREA_STYLE_COLOUR ( '', #3097 ) ;
#4678 = DIRECTION ( 'NONE',  ( 0.000000000000000000, -3.614007241618360111E-16, -1.000000000000000000 ) ) ;
#4679 = VECTOR ( 'NONE', #2487, 1000.000000000000114 ) ;
#4680 = ORIENTED_EDGE ( 'NONE', *, *, #2341, .T. ) ;
#4681 = FILL_AREA_STYLE ('',( #3002 ) ) ;
#4682 =( GEOMETRIC_REPRESENTATION_CONTEXT ( 3 ) GLOBAL_UNCERTAINTY_ASSIGNED_CONTEXT ( ( #5601 ) ) GLOBAL_UNIT_ASSIGNED_CONTEXT ( ( #5160, #4085, #1426 ) ) REPRESENTATION_CONTEXT ( 'NONE', 'WORKASPACE' ) );
#4683 = ORIENTED_EDGE ( 'NONE', *, *, #7070, .T. ) ;
#4684 = VECTOR ( 'NONE', #2933, 1000.000000000000000 ) ;
#4685 = ORIENTED_EDGE ( 'NONE', *, *, #2259, .F. ) ;
#4686 = ADVANCED_FACE ( 'NONE', ( #4388 ), #2724, .F. ) ;
#4687 =( NAMED_UNIT ( * ) PLANE_ANGLE_UNIT ( ) SI_UNIT ( $, .RADIAN. ) );
#4688 = VECTOR ( 'NONE', #4091, 1000.000000000000000 ) ;
#4689 =( NAMED_UNIT ( * ) PLANE_ANGLE_UNIT ( ) SI_UNIT ( $, .RADIAN. ) );
#4690 = VECTOR ( 'NONE', #6367, 1000.000000000000000 ) ;
#4691 = DIRECTION ( 'NONE',  ( -0.9781476007338055778, 0.000000000000000000, -0.2079116908177601197 ) ) ;
#4692 = CARTESIAN_POINT ( 'NONE',  ( 0.8350000000000000755, -3.710002195023270222, 0.000000000000000000 ) ) ;
#4693 = LINE ( 'NONE', #5318, #5235 ) ;
#4694 = PRESENTATION_LAYER_ASSIGNMENT (  '', '', ( #3547 ) ) ;
#4695 = SURFACE_SIDE_STYLE ('',( #2517 ) ) ;
#4696 = SURFACE_STYLE_USAGE ( .BOTH. , #3510 ) ;
#4697 = DIRECTION ( 'NONE',  ( 0.000000000000000000, 0.000000000000000000, -1.000000000000000000 ) ) ;
#4698 = FACE_OUTER_BOUND ( 'NONE', #5563, .T. ) ;
#4699 = VECTOR ( 'NONE', #1649, 1000.000000000000000 ) ;
#4700 = DIRECTION ( 'NONE',  ( 0.000000000000000000, 0.000000000000000000, 1.000000000000000000 ) ) ;
#4701 = MECHANICAL_DESIGN_GEOMETRIC_PRESENTATION_REPRESENTATION (  '', ( #1957 ), #914 ) ;
#4702 = DIRECTION ( 'NONE',  ( 0.000000000000000000, -1.000000000000000000, 0.000000000000000000 ) ) ;
#4703 = CARTESIAN_POINT ( 'NONE',  ( -3.575000000000000178, 4.310002195023275640, -3.491510466163695012E-12 ) ) ;
#4704 = ORIENTED_EDGE ( 'NONE', *, *, #626, .T. ) ;
#4705 = CARTESIAN_POINT ( 'NONE',  ( 1.034999999999999920, 4.810002195023270311, -3.491510466163695012E-12 ) ) ;
#4706 = DIRECTION ( 'NONE',  ( 1.000000000000000000, 0.000000000000000000, 0.000000000000000000 ) ) ;
#4707 = EDGE_CURVE ( 'NONE', #3423, #1927, #3045, .T. ) ;
#4708 = CARTESIAN_POINT ( 'NONE',  ( 3.245000000000000107, 3.610002195023269689, 1.500000000000000000 ) ) ;
#4709 = CARTESIAN_POINT ( 'NONE',  ( 1.834999999999999964, -3.710002195023270222, 1.399999999999999911 ) ) ;
#4710 = ORIENTED_EDGE ( 'NONE', *, *, #6930, .T. ) ;
#4711 = CARTESIAN_POINT ( 'NONE',  ( -4.930000000000000604, 3.200000000000000178, 1.550000000000000044 ) ) ;
#4712 =( NAMED_UNIT ( * ) PLANE_ANGLE_UNIT ( ) SI_UNIT ( $, .RADIAN. ) );
#4713 = ORIENTED_EDGE ( 'NONE', *, *, #4673, .T. ) ;
#4714 =( LENGTH_UNIT ( ) NAMED_UNIT ( * ) SI_UNIT ( .MILLI., .METRE. ) );
#4715 = UNCERTAINTY_MEASURE_WITH_UNIT (LENGTH_MEASURE( 1.000000000000000082E-05 ), #575, 'distance_accuracy_value', 'NONE');
#4716 = EDGE_CURVE ( 'NONE', #4050, #5731, #6719, .T. ) ;
#4717 = FILL_AREA_STYLE ('',( #392 ) ) ;
#4718 = ORIENTED_EDGE ( 'NONE', *, *, #3224, .T. ) ;
#4719 = CARTESIAN_POINT ( 'NONE',  ( 3.575000000000000178, -4.310002195023275640, -3.491510466163695012E-12 ) ) ;
#4720 = SURFACE_SIDE_STYLE ('',( #4586 ) ) ;
#4721 = LINE ( 'NONE', #2027, #6023 ) ;
#4722 = DIRECTION ( 'NONE',  ( 0.9781476007338055778, 0.000000000000000000, 0.2079116908177601197 ) ) ;
#4723 =( NAMED_UNIT ( * ) SI_UNIT ( $, .STERADIAN. ) SOLID_ANGLE_UNIT ( ) );
#4724 = DIRECTION ( 'NONE',  ( -0.000000000000000000, 1.000000000000000000, 0.000000000000000000 ) ) ;
#4725 = SURFACE_STYLE_FILL_AREA ( #3550 ) ;
#4726 = DIRECTION ( 'NONE',  ( 0.000000000000000000, 0.000000000000000000, 1.000000000000000000 ) ) ;
#4727 = VECTOR ( 'NONE', #1478, 1000.000000000000000 ) ;
#4728 = ORIENTED_EDGE ( 'NONE', *, *, #3168, .T. ) ;
#4729 = CARTESIAN_POINT ( 'NONE',  ( 3.245000000000000107, 3.710002195023270222, 1.399999999999999911 ) ) ;
#4730 = DIRECTION ( 'NONE',  ( 0.000000000000000000, -1.000000000000000000, 0.000000000000000000 ) ) ;
#4731 =( NAMED_UNIT ( * ) SI_UNIT ( $, .STERADIAN. ) SOLID_ANGLE_UNIT ( ) );
#4732 = STYLED_ITEM ( 'NONE', ( #3319 ), #3372 ) ;
#4733 = ORIENTED_EDGE ( 'NONE', *, *, #5844, .T. ) ;
#4734 = SURFACE_STYLE_FILL_AREA ( #1436 ) ;
#4735 = UNCERTAINTY_MEASURE_WITH_UNIT (LENGTH_MEASURE( 1.000000000000000082E-05 ), #6067, 'distance_accuracy_value', 'NONE');
#4736 = LINE ( 'NONE', #2014, #2409 ) ;
#4737 = VECTOR ( 'NONE', #6364, 1000.000000000000000 ) ;
#4738 = ORIENTED_EDGE ( 'NONE', *, *, #4396, .T. ) ;
#4739 = SURFACE_STYLE_USAGE ( .BOTH. , #2666 ) ;
#4740 = FACE_BOUND ( 'NONE', #2944, .T. ) ;
#4741 = EDGE_CURVE ( 'NONE', #7, #979, #3385, .T. ) ;
#4742 = VERTEX_POINT ( 'NONE', #2439 ) ;
#4743 = CARTESIAN_POINT ( 'NONE',  ( 4.044999999999999929, 4.810002195023270311, -3.491510466163695012E-12 ) ) ;
#4744 = VECTOR ( 'NONE', #4594, 1000.000000000000000 ) ;
#4745 =( GEOMETRIC_REPRESENTATION_CONTEXT ( 3 ) GLOBAL_UNCERTAINTY_ASSIGNED_CONTEXT ( ( #1625 ) ) GLOBAL_UNIT_ASSIGNED_CONTEXT ( ( #6010, #3242, #3138 ) ) REPRESENTATION_CONTEXT ( 'NONE', 'WORKASPACE' ) );
#4746 = CARTESIAN_POINT ( 'NONE',  ( -1.834999999999999964, -3.910002195023270399, 0.1999999999965084985 ) ) ;
#4747 = ORIENTED_EDGE ( 'NONE', *, *, #3503, .F. ) ;
#4748 = DIRECTION ( 'NONE',  ( 0.000000000000000000, 0.000000000000000000, 1.000000000000000000 ) ) ;
#4749 = VERTEX_POINT ( 'NONE', #6235 ) ;
#4750 =( GEOMETRIC_REPRESENTATION_CONTEXT ( 3 ) GLOBAL_UNCERTAINTY_ASSIGNED_CONTEXT ( ( #174 ) ) GLOBAL_UNIT_ASSIGNED_CONTEXT ( ( #5801, #2546, #3756 ) ) REPRESENTATION_CONTEXT ( 'NONE', 'WORKASPACE' ) );
#4751 = CARTESIAN_POINT ( 'NONE',  ( -0.8350000000000000755, -3.200000000000000178, 1.550000000000000044 ) ) ;
#4752 = DIRECTION ( 'NONE',  ( 1.000000000000000000, 0.000000000000000000, 0.000000000000000000 ) ) ;
#4753 = EDGE_CURVE ( 'NONE', #3011, #5788, #1773, .T. ) ;
#4754 =( GEOMETRIC_REPRESENTATION_CONTEXT ( 3 ) GLOBAL_UNCERTAINTY_ASSIGNED_CONTEXT ( ( #1263 ) ) GLOBAL_UNIT_ASSIGNED_CONTEXT ( ( #998, #2057, #7023 ) ) REPRESENTATION_CONTEXT ( 'NONE', 'WORKASPACE' ) );
#4755 = DIRECTION ( 'NONE',  ( 0.000000000000000000, -0.2079116908177598699, 0.9781476007338054668 ) ) ;
#4756 = ADVANCED_FACE ( 'NONE', ( #5729 ), #154, .T. ) ;
#4757 = LINE ( 'NONE', #1451, #738 ) ;
#4758 = EDGE_CURVE ( 'NONE', #7057, #581, #1199, .T. ) ;
#4759 = CARTESIAN_POINT ( 'NONE',  ( 4.930000000000000604, -3.200000000000000178, 1.550000000000000044 ) ) ;
#4760 = VECTOR ( 'NONE', #6343, 1000.000000000000000 ) ;
#4761 = CYLINDRICAL_SURFACE ( 'NONE', #5833, 0.2000000000000000111 ) ;
#4762 =( GEOMETRIC_REPRESENTATION_CONTEXT ( 3 ) GLOBAL_UNCERTAINTY_ASSIGNED_CONTEXT ( ( #4489 ) ) GLOBAL_UNIT_ASSIGNED_CONTEXT ( ( #1364, #5634, #1798 ) ) REPRESENTATION_CONTEXT ( 'NONE', 'WORKASPACE' ) );
#4763 = DIRECTION ( 'NONE',  ( 0.000000000000000000, 0.000000000000000000, 1.000000000000000000 ) ) ;
#4764 = CIRCLE ( 'NONE', #3728, 0.2000000000000000111 ) ;
#4765 = LINE ( 'NONE', #374, #4767 ) ;
#4766 = VECTOR ( 'NONE', #3448, 1000.000000000000000 ) ;
#4767 = VECTOR ( 'NONE', #6496, 1000.000000000000000 ) ;
#4768 = ORIENTED_EDGE ( 'NONE', *, *, #3867, .T. ) ;
#4769 = EDGE_CURVE ( 'NONE', #972, #2590, #6678, .T. ) ;
#4770 = DIRECTION ( 'NONE',  ( 0.000000000000000000, 1.000000000000000000, 0.000000000000000000 ) ) ;
#4771 = DIRECTION ( 'NONE',  ( 0.000000000000000000, 0.000000000000000000, 1.000000000000000000 ) ) ;
#4772 = MECHANICAL_DESIGN_GEOMETRIC_PRESENTATION_REPRESENTATION (  '', ( #646 ), #6621 ) ;
#4773 = ORIENTED_EDGE ( 'NONE', *, *, #2347, .T. ) ;
#4774 = CARTESIAN_POINT ( 'NONE',  ( 1.505000000000000115, -4.810002195023270311, -3.491510466163695012E-12 ) ) ;
#4775 = CARTESIAN_POINT ( 'NONE',  ( 1.834999999999999964, 4.010002195023269600, 0.1999999999999970135 ) ) ;
#4776 = ORIENTED_EDGE ( 'NONE', *, *, #6931, .F. ) ;
#4777 = DIRECTION ( 'NONE',  ( 0.000000000000000000, 0.000000000000000000, 1.000000000000000000 ) ) ;
#4778 = ORIENTED_EDGE ( 'NONE', *, *, #2259, .T. ) ;
#4779 = ORIENTED_EDGE ( 'NONE', *, *, #4536, .T. ) ;
#4780 = VECTOR ( 'NONE', #6130, 1000.000000000000000 ) ;
#4781 = UNCERTAINTY_MEASURE_WITH_UNIT (LENGTH_MEASURE( 1.000000000000000082E-05 ), #4160, 'distance_accuracy_value', 'NONE');
#4782 = ORIENTED_EDGE ( 'NONE', *, *, #887, .T. ) ;
#4783 = CARTESIAN_POINT ( 'NONE',  ( -0.8350000000000000755, -3.189372171916499799, 1.500000000000000000 ) ) ;
#4784 = ORIENTED_EDGE ( 'NONE', *, *, #3324, .T. ) ;
#4785 =( LENGTH_UNIT ( ) NAMED_UNIT ( * ) SI_UNIT ( .MILLI., .METRE. ) );
#4786 = VECTOR ( 'NONE', #4726, 1000.000000000000000 ) ;
#4787 = FILL_AREA_STYLE_COLOUR ( '', #4970 ) ;
#4788 = PRESENTATION_STYLE_ASSIGNMENT (( #5351 ) ) ;
#4789 =( NAMED_UNIT ( * ) SI_UNIT ( $, .STERADIAN. ) SOLID_ANGLE_UNIT ( ) );
#4790 = CARTESIAN_POINT ( 'NONE',  ( 3.245000000000000107, 1.355252715606854196E-17, 0.1999999999999965139 ) ) ;
#4791 = ORIENTED_EDGE ( 'NONE', *, *, #1453, .T. ) ;
#4792 =( LENGTH_UNIT ( ) NAMED_UNIT ( * ) SI_UNIT ( .MILLI., .METRE. ) );
#4793 = ADVANCED_FACE ( 'NONE', ( #268 ), #5111, .F. ) ;
#4794 = STYLED_ITEM ( 'NONE', ( #2690 ), #1961 ) ;
#4795 = EDGE_CURVE ( 'NONE', #5095, #1764, #5694, .T. ) ;
#4796 = CARTESIAN_POINT ( 'NONE',  ( 1.034999999999999920, 4.810002195023270311, 0.1999999999999965139 ) ) ;
#4797 = AXIS2_PLACEMENT_3D ( 'NONE', #1519, #4268, #5342 ) ;
#4798 = SURFACE_STYLE_USAGE ( .BOTH. , #405 ) ;
#4799 = PLANE ( 'NONE',  #7115 ) ;
#4800 =( GEOMETRIC_REPRESENTATION_CONTEXT ( 3 ) GLOBAL_UNCERTAINTY_ASSIGNED_CONTEXT ( ( #5443 ) ) GLOBAL_UNIT_ASSIGNED_CONTEXT ( ( #5881, #1269, #257 ) ) REPRESENTATION_CONTEXT ( 'NONE', 'WORKASPACE' ) );
#4801 =( NAMED_UNIT ( * ) SI_UNIT ( $, .STERADIAN. ) SOLID_ANGLE_UNIT ( ) );
#4802 = CARTESIAN_POINT ( 'NONE',  ( -4.244999999999999218, 3.200000000000000178, 1.550000000000000044 ) ) ;
#4803 = STYLED_ITEM ( 'NONE', ( #2576 ), #1382 ) ;
#4804 = COLOUR_RGB ( '',0.7764705882352941346, 0.7568627450980391913, 0.7372549019607843590 ) ;
#4805 = ORIENTED_EDGE ( 'NONE', *, *, #3095, .F. ) ;
#4806 = EDGE_CURVE ( 'NONE', #1709, #364, #2572, .T. ) ;
#4807 = DIRECTION ( 'NONE',  ( 0.000000000000000000, 6.776263578034390387E-17, -1.000000000000000000 ) ) ;
#4808 = CIRCLE ( 'NONE', #5260, 0.2000000000000000944 ) ;
#4809 =( NAMED_UNIT ( * ) PLANE_ANGLE_UNIT ( ) SI_UNIT ( $, .RADIAN. ) );
#4810 = EDGE_LOOP ( 'NONE', ( #6205, #653, #4778, #212 ) ) ;
#4811 = EDGE_CURVE ( 'NONE', #1709, #2779, #4657, .T. ) ;
#4812 = PRESENTATION_LAYER_ASSIGNMENT (  '', '', ( #1957 ) ) ;
#4813 = DIRECTION ( 'NONE',  ( 0.000000000000000000, 0.000000000000000000, -1.000000000000000000 ) ) ;
#4814 = LINE ( 'NONE', #2498, #89 ) ;
#4815 = EDGE_LOOP ( 'NONE', ( #3461, #4495, #1755, #1803, #750, #3958, #3565, #1271, #973, #680, #3561, #3929, #3531 ) ) ;
#4816 = DIRECTION ( 'NONE',  ( 0.000000000000000000, 0.000000000000000000, -1.000000000000000000 ) ) ;
#4817 = VECTOR ( 'NONE', #7008, 1000.000000000000000 ) ;
#4818 = PRESENTATION_STYLE_ASSIGNMENT (( #2059 ) ) ;
#4819 = VERTEX_POINT ( 'NONE', #341 ) ;
#4820 = ORIENTED_EDGE ( 'NONE', *, *, #5191, .F. ) ;
#4821 = DIRECTION ( 'NONE',  ( 1.000000000000000000, 0.000000000000000000, 0.000000000000000000 ) ) ;
#4822 = ORIENTED_EDGE ( 'NONE', *, *, #1211, .T. ) ;
#4823 = CARTESIAN_POINT ( 'NONE',  ( 1.834999999999999964, -3.910002195023270399, 0.2999999999999999889 ) ) ;
#4824 = PRESENTATION_STYLE_ASSIGNMENT (( #6415 ) ) ;
#4825 = CARTESIAN_POINT ( 'NONE',  ( 3.245000000000000107, -3.610002195023269689, 1.399999999999999911 ) ) ;
#4826 = CARTESIAN_POINT ( 'NONE',  ( -1.834999999999999964, 4.810002195023270311, 0.000000000000000000 ) ) ;
#4827 = PLANE ( 'NONE',  #1080 ) ;
#4828 = VERTEX_POINT ( 'NONE', #978 ) ;
#4829 = PLANE ( 'NONE',  #404 ) ;
#4830 = LINE ( 'NONE', #6452, #6414 ) ;
#4831 = CARTESIAN_POINT ( 'NONE',  ( 3.245000000000000107, 3.710002195023270222, 0.000000000000000000 ) ) ;
#4832 = DIRECTION ( 'NONE',  ( 0.000000000000000000, 0.000000000000000000, 1.000000000000000000 ) ) ;
#4833 = EDGE_CURVE ( 'NONE', #3493, #5266, #3827, .T. ) ;
#4834 =( NAMED_UNIT ( * ) PLANE_ANGLE_UNIT ( ) SI_UNIT ( $, .RADIAN. ) );
#4835 = VECTOR ( 'NONE', #4345, 1000.000000000000000 ) ;
#4836 = DIRECTION ( 'NONE',  ( 0.000000000000000000, -1.000000000000000000, 0.000000000000000000 ) ) ;
#4837 = DIRECTION ( 'NONE',  ( 0.000000000000000000, 0.000000000000000000, 1.000000000000000000 ) ) ;
#4838 = CARTESIAN_POINT ( 'NONE',  ( -1.834999999999999964, -3.910002195023270399, 0.000000000000000000 ) ) ;
#4839 = MECHANICAL_DESIGN_GEOMETRIC_PRESENTATION_REPRESENTATION (  '', ( #3351 ), #4612 ) ;
#4840 = SURFACE_STYLE_FILL_AREA ( #3763 ) ;
#4841 = EDGE_CURVE ( 'NONE', #19, #4966, #4757, .T. ) ;
#4842 = CARTESIAN_POINT ( 'NONE',  ( 1.834999999999999964, -3.710002195023270222, 0.000000000000000000 ) ) ;
#4843 = CARTESIAN_POINT ( 'NONE',  ( 0.8350000000000000755, -3.200000000000000178, 1.550000000000000044 ) ) ;
#4844 = EDGE_CURVE ( 'NONE', #3916, #6014, #6907, .T. ) ;
#4845 = DIRECTION ( 'NONE',  ( -1.000000000000000000, 0.000000000000000000, 0.000000000000000000 ) ) ;
#4846 =( LENGTH_UNIT ( ) NAMED_UNIT ( * ) SI_UNIT ( .MILLI., .METRE. ) );
#4847 = EDGE_LOOP ( 'NONE', ( #4651, #1154 ) ) ;
#4848 =( LENGTH_UNIT ( ) NAMED_UNIT ( * ) SI_UNIT ( .MILLI., .METRE. ) );
#4849 = COLOUR_RGB ( '',0.7764705882352941346, 0.7568627450980391913, 0.7372549019607843590 ) ;
#4850 = FACE_OUTER_BOUND ( 'NONE', #5650, .T. ) ;
#4851 = VERTEX_POINT ( 'NONE', #912 ) ;
#4852 = UNCERTAINTY_MEASURE_WITH_UNIT (LENGTH_MEASURE( 1.000000000000000082E-05 ), #3101, 'distance_accuracy_value', 'NONE');
#4853 = EDGE_LOOP ( 'NONE', ( #102, #1959, #5677, #2011 ) ) ;
#4854 = COLOUR_RGB ( '',0.1019607843137254888, 0.1019607843137254888, 0.1019607843137254888 ) ;
#4855 = ORIENTED_EDGE ( 'NONE', *, *, #6930, .F. ) ;
#4856 = DIRECTION ( 'NONE',  ( -1.000000000000000000, 0.000000000000000000, 0.000000000000000000 ) ) ;
#4857 = EDGE_LOOP ( 'NONE', ( #4773, #5385, #4086, #263 ) ) ;
#4858 = CARTESIAN_POINT ( 'NONE',  ( -4.930000000000000604, -3.200000000000000178, 1.550000000000000044 ) ) ;
#4859 = EDGE_CURVE ( 'NONE', #104, #1982, #4206, .T. ) ;
#4860 = LINE ( 'NONE', #3177, #1589 ) ;
#4861 = VECTOR ( 'NONE', #3294, 1000.000000000000000 ) ;
#4862 = CARTESIAN_POINT ( 'NONE',  ( -4.244999999999999218, 4.310002195023275640, -3.491510466163695012E-12 ) ) ;
#4863 = VECTOR ( 'NONE', #4130, 1000.000000000000114 ) ;
#4864 = VERTEX_POINT ( 'NONE', #5281 ) ;
#4865 = VECTOR ( 'NONE', #2686, 1000.000000000000000 ) ;
#4866 = AXIS2_PLACEMENT_3D ( 'NONE', #6733, #1797, #1221 ) ;
#4867 = DIRECTION ( 'NONE',  ( 0.000000000000000000, -1.000000000000000000, 0.000000000000000000 ) ) ;
#4868 = DIRECTION ( 'NONE',  ( -1.000000000000000000, 0.000000000000000000, 0.000000000000000000 ) ) ;
#4869 = CARTESIAN_POINT ( 'NONE',  ( 1.834999999999999964, -3.200000000000000178, 1.550000000000000044 ) ) ;
#4870 = CARTESIAN_POINT ( 'NONE',  ( 0.8350000000000000755, -4.310002195023275640, 0.1999999999999970135 ) ) ;
#4871 =( GEOMETRIC_REPRESENTATION_CONTEXT ( 3 ) GLOBAL_UNCERTAINTY_ASSIGNED_CONTEXT ( ( #3947 ) ) GLOBAL_UNIT_ASSIGNED_CONTEXT ( ( #1599, #4522, #466 ) ) REPRESENTATION_CONTEXT ( 'NONE', 'WORKASPACE' ) );
#4872 =( NAMED_UNIT ( * ) SI_UNIT ( $, .STERADIAN. ) SOLID_ANGLE_UNIT ( ) );
#4873 = EDGE_CURVE ( 'NONE', #725, #3004, #3139, .T. ) ;
#4874 = LINE ( 'NONE', #3252, #2972 ) ;
#4875 = VECTOR ( 'NONE', #5967, 1000.000000000000000 ) ;
#4876 = FILL_AREA_STYLE_COLOUR ( '', #3121 ) ;
#4877 = ORIENTED_EDGE ( 'NONE', *, *, #1325, .F. ) ;
#4878 = MECHANICAL_DESIGN_GEOMETRIC_PRESENTATION_REPRESENTATION (  '', ( #4294 ), #2012 ) ;
#4879 = DIRECTION ( 'NONE',  ( 1.000000000000000000, 0.000000000000000000, 0.000000000000000000 ) ) ;
#4880 = UNCERTAINTY_MEASURE_WITH_UNIT (LENGTH_MEASURE( 1.000000000000000082E-05 ), #1450, 'distance_accuracy_value', 'NONE');
#4881 = ADVANCED_FACE ( 'NONE', ( #5252 ), #6315, .T. ) ;
#4882 = DIRECTION ( 'NONE',  ( 0.000000000000000000, 1.000000000000000000, 0.000000000000000000 ) ) ;
#4883 = EDGE_CURVE ( 'NONE', #3228, #1412, #4177, .T. ) ;
#4884 = EDGE_CURVE ( 'NONE', #1641, #2739, #1388, .T. ) ;
#4885 = ORIENTED_EDGE ( 'NONE', *, *, #4441, .F. ) ;
#4886 = AXIS2_PLACEMENT_3D ( 'NONE', #5397, #473, #4152 ) ;
#4887 = CARTESIAN_POINT ( 'NONE',  ( 4.930000000000000604, -3.168116515749499928, 1.699999999999999956 ) ) ;
#4888 = SURFACE_SIDE_STYLE ('',( #2126 ) ) ;
#4889 = ORIENTED_EDGE ( 'NONE', *, *, #227, .F. ) ;
#4890 = DIRECTION ( 'NONE',  ( -1.000000000000000000, 0.000000000000000000, 0.000000000000000000 ) ) ;
#4891 = VECTOR ( 'NONE', #2681, 1000.000000000000000 ) ;
#4892 = FILL_AREA_STYLE_COLOUR ( '', #5600 ) ;
#4893 = ORIENTED_EDGE ( 'NONE', *, *, #5845, .T. ) ;
#4894 = ORIENTED_EDGE ( 'NONE', *, *, #3315, .T. ) ;
#4895 = EDGE_CURVE ( 'NONE', #5780, #6045, #3579, .T. ) ;
#4896 = FILL_AREA_STYLE ('',( #3316 ) ) ;
#4897 = ORIENTED_EDGE ( 'NONE', *, *, #5581, .F. ) ;
#4898 = LINE ( 'NONE', #2098, #6419 ) ;
#4899 = MECHANICAL_DESIGN_GEOMETRIC_PRESENTATION_REPRESENTATION (  '', ( #1571 ), #4545 ) ;
#4900 = LINE ( 'NONE', #5056, #5558 ) ;
#4901 = DIRECTION ( 'NONE',  ( 0.000000000000000000, 0.000000000000000000, 1.000000000000000000 ) ) ;
#4902 = ORIENTED_EDGE ( 'NONE', *, *, #1413, .F. ) ;
#4903 = SURFACE_STYLE_FILL_AREA ( #590 ) ;
#4904 = EDGE_CURVE ( 'NONE', #3025, #6996, #4721, .T. ) ;
#4905 = LINE ( 'NONE', #5393, #6652 ) ;
#4906 = MECHANICAL_DESIGN_GEOMETRIC_PRESENTATION_REPRESENTATION (  '', ( #1461 ), #5456 ) ;
#4907 = CARTESIAN_POINT ( 'NONE',  ( 1.834999999999999964, -3.910002195023270399, -3.491456256055070333E-12 ) ) ;
#4908 = CARTESIAN_POINT ( 'NONE',  ( -3.245000000000000107, -3.110002195023275018, 1.699999999999999956 ) ) ;
#4909 = PRESENTATION_LAYER_ASSIGNMENT (  '', '', ( #2851 ) ) ;
#4910 = CARTESIAN_POINT ( 'NONE',  ( -1.834999999999999964, 4.310002195023275640, -3.491510466163695012E-12 ) ) ;
#4911 = DIRECTION ( 'NONE',  ( -0.000000000000000000, 1.000000000000000000, 0.000000000000000000 ) ) ;
#4912 = PRESENTATION_LAYER_ASSIGNMENT (  '', '', ( #888 ) ) ;
#4913 = DIRECTION ( 'NONE',  ( -1.000000000000000000, 0.000000000000000000, 0.000000000000000000 ) ) ;
#4914 = CARTESIAN_POINT ( 'NONE',  ( 3.575000000000000178, 4.310002195023275640, 0.1999999999999965139 ) ) ;
#4915 = SURFACE_SIDE_STYLE ('',( #4395 ) ) ;
#4916 = LINE ( 'NONE', #519, #3887 ) ;
#4917 = VECTOR ( 'NONE', #6828, 1000.000000000000000 ) ;
#4918 = PRESENTATION_STYLE_ASSIGNMENT (( #5994 ) ) ;
#4919 = PRESENTATION_LAYER_ASSIGNMENT (  '', '', ( #4794 ) ) ;
#4920 =( LENGTH_UNIT ( ) NAMED_UNIT ( * ) SI_UNIT ( .MILLI., .METRE. ) );
#4921 = AXIS2_PLACEMENT_3D ( 'NONE', #5096, #4565, #4026 ) ;
#4922 = EDGE_LOOP ( 'NONE', ( #4805, #138, #97, #5614, #2816, #6197, #6243, #6793, #2677, #2818, #1228, #2637, #5249 ) ) ;
#4923 = DIRECTION ( 'NONE',  ( 0.000000000000000000, 1.000000000000000000, 6.776263578034390387E-17 ) ) ;
#4924 = AXIS2_PLACEMENT_3D ( 'NONE', #6822, #6983, #1853 ) ;
#4925 = PRESENTATION_LAYER_ASSIGNMENT (  '', '', ( #1829 ) ) ;
#4926 =( GEOMETRIC_REPRESENTATION_CONTEXT ( 3 ) GLOBAL_UNCERTAINTY_ASSIGNED_CONTEXT ( ( #4781 ) ) GLOBAL_UNIT_ASSIGNED_CONTEXT ( ( #4160, #3359, #1274 ) ) REPRESENTATION_CONTEXT ( 'NONE', 'WORKASPACE' ) );
#4927 = ORIENTED_EDGE ( 'NONE', *, *, #5361, .T. ) ;
#4928 = FILL_AREA_STYLE_COLOUR ( '', #6126 ) ;
#4929 = CARTESIAN_POINT ( 'NONE',  ( 0.8350000000000000755, -4.310002195023275640, -3.491510466163695012E-12 ) ) ;
#4930 = CIRCLE ( 'NONE', #4578, 0.2000000000000000944 ) ;
#4931 = EDGE_CURVE ( 'NONE', #3025, #2889, #6936, .T. ) ;
#4932 = PRESENTATION_LAYER_ASSIGNMENT (  '', '', ( #910 ) ) ;
#4933 = ORIENTED_EDGE ( 'NONE', *, *, #3017, .T. ) ;
#4934 = EDGE_CURVE ( 'NONE', #5097, #426, #3676, .T. ) ;
#4935 = UNCERTAINTY_MEASURE_WITH_UNIT (LENGTH_MEASURE( 1.000000000000000082E-05 ), #181, 'distance_accuracy_value', 'NONE');
#4936 = VERTEX_POINT ( 'NONE', #4862 ) ;
#4937 = ORIENTED_EDGE ( 'NONE', *, *, #1607, .F. ) ;
#4938 = AXIS2_PLACEMENT_3D ( 'NONE', #6280, #3468, #4082 ) ;
#4939 = ORIENTED_EDGE ( 'NONE', *, *, #450, .T. ) ;
#4940 = CARTESIAN_POINT ( 'NONE',  ( -3.575000000000000178, -4.810002195023270311, -3.491510466163695012E-12 ) ) ;
#4941 = LINE ( 'NONE', #5035, #380 ) ;
#4942 = CARTESIAN_POINT ( 'NONE',  ( -3.245000000000000107, -3.710002195023270222, 1.399999999999999911 ) ) ;
#4943 =( LENGTH_UNIT ( ) NAMED_UNIT ( * ) SI_UNIT ( .MILLI., .METRE. ) );
#4944 = EDGE_CURVE ( 'NONE', #6526, #6810, #2141, .T. ) ;
#4945 =( NAMED_UNIT ( * ) SI_UNIT ( $, .STERADIAN. ) SOLID_ANGLE_UNIT ( ) );
#4946 = DIRECTION ( 'NONE',  ( 1.000000000000000000, 0.000000000000000000, 0.000000000000000000 ) ) ;
#4947 = CARTESIAN_POINT ( 'NONE',  ( 0.8350000000000000755, -3.610002195023269689, 1.500000000000000000 ) ) ;
#4948 = DIRECTION ( 'NONE',  ( -0.000000000000000000, 1.000000000000000000, 0.000000000000000000 ) ) ;
#4949 = EDGE_LOOP ( 'NONE', ( #69, #4552, #2764, #2585 ) ) ;
#4950 = DIRECTION ( 'NONE',  ( 1.000000000000000000, 0.000000000000000000, 0.000000000000000000 ) ) ;
#4951 = CARTESIAN_POINT ( 'NONE',  ( 1.834999999999999964, -3.910002195023270399, 0.1999999999965084985 ) ) ;
#4952 =( NAMED_UNIT ( * ) SI_UNIT ( $, .STERADIAN. ) SOLID_ANGLE_UNIT ( ) );
#4953 =( NAMED_UNIT ( * ) SI_UNIT ( $, .STERADIAN. ) SOLID_ANGLE_UNIT ( ) );
#4954 = DIRECTION ( 'NONE',  ( 1.000000000000000000, 0.000000000000000000, 0.000000000000000000 ) ) ;
#4955 = LINE ( 'NONE', #5926, #2298 ) ;
#4956 = UNCERTAINTY_MEASURE_WITH_UNIT (LENGTH_MEASURE( 1.000000000000000082E-05 ), #1647, 'distance_accuracy_value', 'NONE');
#4957 = DIRECTION ( 'NONE',  ( 0.000000000000000000, -1.000000000000000000, 0.000000000000000000 ) ) ;
#4958 = VERTEX_POINT ( 'NONE', #3747 ) ;
#4959 = MECHANICAL_DESIGN_GEOMETRIC_PRESENTATION_REPRESENTATION (  '', ( #256 ), #2331 ) ;
#4960 = FACE_OUTER_BOUND ( 'NONE', #7030, .T. ) ;
#4961 = ORIENTED_EDGE ( 'NONE', *, *, #710, .F. ) ;
#4962 = DIRECTION ( 'NONE',  ( 1.000000000000000000, 0.000000000000000000, 0.000000000000000000 ) ) ;
#4963 = ORIENTED_EDGE ( 'NONE', *, *, #5267, .T. ) ;
#4964 = VERTEX_POINT ( 'NONE', #4942 ) ;
#4965 = AXIS2_PLACEMENT_3D ( 'NONE', #6056, #4505, #5042 ) ;
#4966 = VERTEX_POINT ( 'NONE', #2718 ) ;
#4967 = PLANE ( 'NONE',  #2003 ) ;
#4968 = LINE ( 'NONE', #6670, #5027 ) ;
#4969 = ORIENTED_EDGE ( 'NONE', *, *, #5239, .T. ) ;
#4970 = COLOUR_RGB ( '',0.7764705882352941346, 0.7568627450980391913, 0.7372549019607843590 ) ;
#4971 = EDGE_CURVE ( 'NONE', #2386, #1066, #4486, .T. ) ;
#4972 = EDGE_CURVE ( 'NONE', #2922, #4050, #1223, .T. ) ;
#4973 = FILL_AREA_STYLE_COLOUR ( '', #943 ) ;
#4974 =( GEOMETRIC_REPRESENTATION_CONTEXT ( 3 ) GLOBAL_UNCERTAINTY_ASSIGNED_CONTEXT ( ( #6812 ) ) GLOBAL_UNIT_ASSIGNED_CONTEXT ( ( #4848, #6403, #3342 ) ) REPRESENTATION_CONTEXT ( 'NONE', 'WORKASPACE' ) );
#4975 = FILL_AREA_STYLE ('',( #6603 ) ) ;
#4976 = CARTESIAN_POINT ( 'NONE',  ( 4.244999999999999218, 3.200000000000000178, 1.550000000000000044 ) ) ;
#4977 = VECTOR ( 'NONE', #4120, 1000.000000000000000 ) ;
#4978 = CIRCLE ( 'NONE', #4866, 0.1000000000000000472 ) ;
#4979 = DIRECTION ( 'NONE',  ( 0.000000000000000000, -1.000000000000000000, 0.000000000000000000 ) ) ;
#4980 = DIRECTION ( 'NONE',  ( 0.000000000000000000, 6.776263578034390387E-17, -1.000000000000000000 ) ) ;
#4981 =( NAMED_UNIT ( * ) SI_UNIT ( $, .STERADIAN. ) SOLID_ANGLE_UNIT ( ) );
#4982 =( GEOMETRIC_REPRESENTATION_CONTEXT ( 3 ) GLOBAL_UNCERTAINTY_ASSIGNED_CONTEXT ( ( #58 ) ) GLOBAL_UNIT_ASSIGNED_CONTEXT ( ( #117, #777, #1238 ) ) REPRESENTATION_CONTEXT ( 'NONE', 'WORKASPACE' ) );
#4983 = CARTESIAN_POINT ( 'NONE',  ( -4.244999999999999218, -3.610002195023269689, 1.399999999999999911 ) ) ;
#4984 = COLOUR_RGB ( '',0.7764705882352941346, 0.7568627450980391913, 0.7372549019607843590 ) ;
#4985 = ORIENTED_EDGE ( 'NONE', *, *, #3779, .T. ) ;
#4986 = FILL_AREA_STYLE ('',( #3257 ) ) ;
#4987 =( GEOMETRIC_REPRESENTATION_CONTEXT ( 3 ) GLOBAL_UNCERTAINTY_ASSIGNED_CONTEXT ( ( #6442 ) ) GLOBAL_UNIT_ASSIGNED_CONTEXT ( ( #7019, #2198, #925 ) ) REPRESENTATION_CONTEXT ( 'NONE', 'WORKASPACE' ) );
#4988 = LINE ( 'NONE', #4446, #2414 ) ;
#4989 = MECHANICAL_DESIGN_GEOMETRIC_PRESENTATION_REPRESENTATION (  '', ( #1779 ), #2938 ) ;
#4990 = EDGE_CURVE ( 'NONE', #840, #2213, #160, .T. ) ;
#4991 = ORIENTED_EDGE ( 'NONE', *, *, #3398, .T. ) ;
#4992 = DIRECTION ( 'NONE',  ( -1.000000000000000000, 0.000000000000000000, 0.000000000000000000 ) ) ;
#4993 = CARTESIAN_POINT ( 'NONE',  ( 1.834999999999999964, -4.010002195023269600, 0.1999999999999970135 ) ) ;
#4994 = UNCERTAINTY_MEASURE_WITH_UNIT (LENGTH_MEASURE( 1.000000000000000082E-05 ), #3283, 'distance_accuracy_value', 'NONE');
#4995 = ORIENTED_EDGE ( 'NONE', *, *, #1241, .F. ) ;
#4996 = VERTEX_POINT ( 'NONE', #3418 ) ;
#4997 = CARTESIAN_POINT ( 'NONE',  ( 3.245000000000000107, -3.710002195023270222, 0.000000000000000000 ) ) ;
#4998 = VERTEX_POINT ( 'NONE', #5457 ) ;
#4999 = CARTESIAN_POINT ( 'NONE',  ( -1.034999999999999920, -4.310002195023275640, -3.491510466163695012E-12 ) ) ;
#5000 =( LENGTH_UNIT ( ) NAMED_UNIT ( * ) SI_UNIT ( .MILLI., .METRE. ) );
#5001 = ORIENTED_EDGE ( 'NONE', *, *, #111, .T. ) ;
#5002 = CARTESIAN_POINT ( 'NONE',  ( -3.245000000000000107, 0.000000000000000000, -3.491456256055070333E-12 ) ) ;
#5003 = AXIS2_PLACEMENT_3D ( 'NONE', #5002, #2289, #1889 ) ;
#5004 = SURFACE_STYLE_FILL_AREA ( #6637 ) ;
#5005 = COLOUR_RGB ( '',0.7764705882352941346, 0.7568627450980391913, 0.7372549019607843590 ) ;
#5006 = FACE_OUTER_BOUND ( 'NONE', #3891, .T. ) ;
#5007 = CARTESIAN_POINT ( 'NONE',  ( -4.930000000000000604, 2.913048641745470402, 2.899999999999999911 ) ) ;
#5008 = DIRECTION ( 'NONE',  ( 0.000000000000000000, 0.000000000000000000, -1.000000000000000000 ) ) ;
#5009 = EDGE_CURVE ( 'NONE', #1219, #2228, #2756, .T. ) ;
#5010 = STYLED_ITEM ( 'NONE', ( #5368 ), #6354 ) ;
#5011 = ADVANCED_FACE ( 'NONE', ( #1560 ), #4827, .F. ) ;
#5012 = SURFACE_STYLE_FILL_AREA ( #5991 ) ;
#5013 = FILL_AREA_STYLE ('',( #2302 ) ) ;
#5014 = LINE ( 'NONE', #3978, #992 ) ;
#5015 =( LENGTH_UNIT ( ) NAMED_UNIT ( * ) SI_UNIT ( .MILLI., .METRE. ) );
#5016 = ORIENTED_EDGE ( 'NONE', *, *, #7114, .T. ) ;
#5017 = LINE ( 'NONE', #6069, #2943 ) ;
#5018 = CIRCLE ( 'NONE', #7104, 0.09999999999999999167 ) ;
#5019 = EDGE_CURVE ( 'NONE', #4024, #5155, #3784, .T. ) ;
#5020 = UNCERTAINTY_MEASURE_WITH_UNIT (LENGTH_MEASURE( 1.000000000000000082E-05 ), #5289, 'distance_accuracy_value', 'NONE');
#5021 = VECTOR ( 'NONE', #557, 1000.000000000000000 ) ;
#5022 = DIRECTION ( 'NONE',  ( 0.000000000000000000, 0.000000000000000000, -1.000000000000000000 ) ) ;
#5023 = VECTOR ( 'NONE', #1791, 1000.000000000000000 ) ;
#5024 = ORIENTED_EDGE ( 'NONE', *, *, #4171, .T. ) ;
#5025 = SURFACE_STYLE_FILL_AREA ( #686 ) ;
#5026 = CARTESIAN_POINT ( 'NONE',  ( 1.834999999999999964, -3.610002195023269689, 1.399999999999999911 ) ) ;
#5027 = VECTOR ( 'NONE', #1706, 1000.000000000000000 ) ;
#5028 = EDGE_CURVE ( 'NONE', #6184, #5271, #5389, .T. ) ;
#5029 = ORIENTED_EDGE ( 'NONE', *, *, #2656, .F. ) ;
#5030 = AXIS2_PLACEMENT_3D ( 'NONE', #863, #5745, #5268 ) ;
#5031 = ORIENTED_EDGE ( 'NONE', *, *, #1392, .F. ) ;
#5032 = ORIENTED_EDGE ( 'NONE', *, *, #6581, .F. ) ;
#5033 = VERTEX_POINT ( 'NONE', #3243 ) ;
#5034 = CARTESIAN_POINT ( 'NONE',  ( -3.245000000000000107, 0.000000000000000000, 1.500000000000000000 ) ) ;
#5035 = CARTESIAN_POINT ( 'NONE',  ( 1.834999999999999964, 3.200000000000000178, 1.550000000000000044 ) ) ;
#5036 = FILL_AREA_STYLE_COLOUR ( '', #4445 ) ;
#5037 = ORIENTED_EDGE ( 'NONE', *, *, #5054, .T. ) ;
#5038 = FILL_AREA_STYLE ('',( #260 ) ) ;
#5039 = VECTOR ( 'NONE', #3406, 1000.000000000000000 ) ;
#5040 = DIRECTION ( 'NONE',  ( 0.000000000000000000, 0.000000000000000000, -1.000000000000000000 ) ) ;
#5041 = EDGE_CURVE ( 'NONE', #1963, #1298, #5425, .T. ) ;
#5042 = DIRECTION ( 'NONE',  ( 0.000000000000000000, 0.000000000000000000, -1.000000000000000000 ) ) ;
#5043 = DIRECTION ( 'NONE',  ( 1.000000000000000000, 0.000000000000000000, 0.000000000000000000 ) ) ;
#5044 = LINE ( 'NONE', #5471, #2535 ) ;
#5045 = LINE ( 'NONE', #3825, #5597 ) ;
#5046 = CARTESIAN_POINT ( 'NONE',  ( -1.834999999999999964, -3.610002195023269689, 1.399999999999999911 ) ) ;
#5047 = DIRECTION ( 'NONE',  ( 0.000000000000000000, 0.000000000000000000, 1.000000000000000000 ) ) ;
#5048 = CARTESIAN_POINT ( 'NONE',  ( -1.834999999999999964, 4.810002195023270311, 0.1999999999999970135 ) ) ;
#5049 = EDGE_LOOP ( 'NONE', ( #6368, #2474, #5566, #1848 ) ) ;
#5050 = PLANE ( 'NONE',  #3839 ) ;
#5051 = DIRECTION ( 'NONE',  ( 0.000000000000000000, 1.000000000000000000, 0.000000000000000000 ) ) ;
#5052 = EDGE_CURVE ( 'NONE', #6212, #3232, #4900, .T. ) ;
#5053 = VERTEX_POINT ( 'NONE', #2645 ) ;
#5054 = EDGE_CURVE ( 'NONE', #5095, #2562, #6734, .T. ) ;
#5055 =( LENGTH_UNIT ( ) NAMED_UNIT ( * ) SI_UNIT ( .MILLI., .METRE. ) );
#5056 = CARTESIAN_POINT ( 'NONE',  ( -1.505000000000000115, -4.810002195023270311, 0.1999999999999965139 ) ) ;
#5057 = ORIENTED_EDGE ( 'NONE', *, *, #5378, .T. ) ;
#5058 = CARTESIAN_POINT ( 'NONE',  ( 1.834999999999999964, -4.810002195023270311, 0.000000000000000000 ) ) ;
#5059 = UNCERTAINTY_MEASURE_WITH_UNIT (LENGTH_MEASURE( 1.000000000000000082E-05 ), #752, 'distance_accuracy_value', 'NONE');
#5060 =( GEOMETRIC_REPRESENTATION_CONTEXT ( 3 ) GLOBAL_UNCERTAINTY_ASSIGNED_CONTEXT ( ( #4001 ) ) GLOBAL_UNIT_ASSIGNED_CONTEXT ( ( #6046, #2317, #1805 ) ) REPRESENTATION_CONTEXT ( 'NONE', 'WORKASPACE' ) );
#5061 = VERTEX_POINT ( 'NONE', #432 ) ;
#5062 = DIRECTION ( 'NONE',  ( 1.000000000000000000, 0.000000000000000000, 0.000000000000000000 ) ) ;
#5063 = ORIENTED_EDGE ( 'NONE', *, *, #1774, .T. ) ;
#5064 = CARTESIAN_POINT ( 'NONE',  ( -3.200000000000000178, -1.500000000000000000, 2.799999999999999822 ) ) ;
#5065 = ORIENTED_EDGE ( 'NONE', *, *, #1912, .T. ) ;
#5066 = MECHANICAL_DESIGN_GEOMETRIC_PRESENTATION_REPRESENTATION (  '', ( #363 ), #1635 ) ;
#5067 = SURFACE_STYLE_USAGE ( .BOTH. , #2248 ) ;
#5068 =( NAMED_UNIT ( * ) SI_UNIT ( $, .STERADIAN. ) SOLID_ANGLE_UNIT ( ) );
#5069 = ORIENTED_EDGE ( 'NONE', *, *, #5206, .T. ) ;
#5070 = COLOUR_RGB ( '',0.7764705882352941346, 0.7568627450980391913, 0.7372549019607843590 ) ;
#5071 = EDGE_CURVE ( 'NONE', #5752, #6113, #4560, .T. ) ;
#5072 = CARTESIAN_POINT ( 'NONE',  ( 0.8350000000000000755, 3.610002195023269689, 1.399999999999999911 ) ) ;
#5073 = CARTESIAN_POINT ( 'NONE',  ( -3.245000000000000107, 3.168116515749499928, 1.699999999999999956 ) ) ;
#5074 = SURFACE_STYLE_FILL_AREA ( #4616 ) ;
#5075 = AXIS2_PLACEMENT_3D ( 'NONE', #4531, #4570, #2964 ) ;
#5076 =( NAMED_UNIT ( * ) SI_UNIT ( $, .STERADIAN. ) SOLID_ANGLE_UNIT ( ) );
#5077 = PLANE ( 'NONE',  #5488 ) ;
#5078 = FILL_AREA_STYLE_COLOUR ( '', #6338 ) ;
#5079 = DIRECTION ( 'NONE',  ( 0.000000000000000000, -0.2079116908177598699, -0.9781476007338054668 ) ) ;
#5080 = ORIENTED_EDGE ( 'NONE', *, *, #4483, .T. ) ;
#5081 = STYLED_ITEM ( 'NONE', ( #6522 ), #3878 ) ;
#5082 = CARTESIAN_POINT ( 'NONE',  ( -4.044999999999999929, -4.310002195023275640, -3.491510466163695012E-12 ) ) ;
#5083 = UNCERTAINTY_MEASURE_WITH_UNIT (LENGTH_MEASURE( 1.000000000000000082E-05 ), #3365, 'distance_accuracy_value', 'NONE');
#5084 = FACE_OUTER_BOUND ( 'NONE', #2288, .T. ) ;
#5085 = ORIENTED_EDGE ( 'NONE', *, *, #4550, .T. ) ;
#5086 = SURFACE_STYLE_USAGE ( .BOTH. , #5672 ) ;
#5087 = STYLED_ITEM ( 'NONE', ( #4232 ), #1525 ) ;
#5088 = SURFACE_STYLE_USAGE ( .BOTH. , #3591 ) ;
#5089 = VERTEX_POINT ( 'NONE', #168 ) ;
#5090 = CARTESIAN_POINT ( 'NONE',  ( -3.245000000000000107, 4.810002195023270311, 0.000000000000000000 ) ) ;
#5091 = VECTOR ( 'NONE', #1261, 1000.000000000000000 ) ;
#5092 = ADVANCED_FACE ( 'NONE', ( #4602 ), #316, .T. ) ;
#5093 = CIRCLE ( 'NONE', #2007, 0.1000000000000000472 ) ;
#5094 = EDGE_CURVE ( 'NONE', #933, #6810, #5707, .T. ) ;
#5095 = VERTEX_POINT ( 'NONE', #1433 ) ;
#5096 = CARTESIAN_POINT ( 'NONE',  ( 1.034999999999999920, 4.810002195023270311, -3.491510466163695012E-12 ) ) ;
#5097 = VERTEX_POINT ( 'NONE', #1842 ) ;
#5098 = ORIENTED_EDGE ( 'NONE', *, *, #1739, .F. ) ;
#5099 = CARTESIAN_POINT ( 'NONE',  ( -1.505000000000000115, 4.310002195023275640, -3.491456256055070333E-12 ) ) ;
#5100 = SURFACE_STYLE_FILL_AREA ( #4681 ) ;
#5101 = FILL_AREA_STYLE ('',( #3459 ) ) ;
#5102 =( LENGTH_UNIT ( ) NAMED_UNIT ( * ) SI_UNIT ( .MILLI., .METRE. ) );
#5103 = ORIENTED_EDGE ( 'NONE', *, *, #6556, .T. ) ;
#5104 = SURFACE_STYLE_USAGE ( .BOTH. , #1197 ) ;
#5105 = VECTOR ( 'NONE', #3082, 1000.000000000000000 ) ;
#5106 = EDGE_CURVE ( 'NONE', #2989, #1066, #3961, .T. ) ;
#5107 = SURFACE_SIDE_STYLE ('',( #772 ) ) ;
#5108 = FACE_OUTER_BOUND ( 'NONE', #5386, .T. ) ;
#5109 = CARTESIAN_POINT ( 'NONE',  ( -3.245000000000000107, 3.910002195023270399, 0.1999999999965084985 ) ) ;
#5110 = VECTOR ( 'NONE', #5949, 1000.000000000000000 ) ;
#5111 = CYLINDRICAL_SURFACE ( 'NONE', #1315, 0.1000000000000000472 ) ;
#5112 = CARTESIAN_POINT ( 'NONE',  ( 0.8350000000000000755, -4.010002195023269600, 0.1999999999999970135 ) ) ;
#5113 = EDGE_CURVE ( 'NONE', #4139, #460, #3261, .T. ) ;
#5114 = STYLED_ITEM ( 'NONE', ( #491 ), #6207 ) ;
#5115 =( NAMED_UNIT ( * ) SI_UNIT ( $, .STERADIAN. ) SOLID_ANGLE_UNIT ( ) );
#5116 =( NAMED_UNIT ( * ) SI_UNIT ( $, .STERADIAN. ) SOLID_ANGLE_UNIT ( ) );
#5117 = SURFACE_STYLE_FILL_AREA ( #6137 ) ;
#5118 = CARTESIAN_POINT ( 'NONE',  ( 1.834999999999999964, 3.710002195023270222, 1.699999999999999956 ) ) ;
#5119 = DIRECTION ( 'NONE',  ( -1.000000000000000000, 0.000000000000000000, 0.000000000000000000 ) ) ;
#5120 = PRESENTATION_LAYER_ASSIGNMENT (  '', '', ( #2272 ) ) ;
#5121 = LINE ( 'NONE', #4632, #546 ) ;
#5122 = PRESENTATION_LAYER_ASSIGNMENT (  '', '', ( #4202 ) ) ;
#5123 = VERTEX_POINT ( 'NONE', #3484 ) ;
#5124 = COLOUR_RGB ( '',0.7764705882352941346, 0.7568627450980391913, 0.7372549019607843590 ) ;
#5125 = CIRCLE ( 'NONE', #6057, 0.2000000000000000944 ) ;
#5126 =( LENGTH_UNIT ( ) NAMED_UNIT ( * ) SI_UNIT ( .MILLI., .METRE. ) );
#5127 = ORIENTED_EDGE ( 'NONE', *, *, #353, .T. ) ;
#5128 = SURFACE_STYLE_USAGE ( .BOTH. , #3420 ) ;
#5129 = CIRCLE ( 'NONE', #3997, 0.1000000000000000472 ) ;
#5130 = SURFACE_STYLE_USAGE ( .BOTH. , #5840 ) ;
#5131 =( NAMED_UNIT ( * ) SI_UNIT ( $, .STERADIAN. ) SOLID_ANGLE_UNIT ( ) );
#5132 = COLOUR_RGB ( '',0.7764705882352941346, 0.7568627450980391913, 0.7372549019607843590 ) ;
#5133 = ORIENTED_EDGE ( 'NONE', *, *, #3436, .T. ) ;
#5134 = CARTESIAN_POINT ( 'NONE',  ( 3.245000000000000107, -4.310002195023275640, 0.1999999999999970135 ) ) ;
#5135 = EDGE_LOOP ( 'NONE', ( #6818, #5492, #3165, #2850, #209, #804, #5290, #3740, #2509, #7034, #56, #4368, #3380, #4340, #6964, #6226 ) ) ;
#5136 = STYLED_ITEM ( 'NONE', ( #4032 ), #7101 ) ;
#5137 = DIRECTION ( 'NONE',  ( -0.000000000000000000, 1.000000000000000000, 0.000000000000000000 ) ) ;
#5138 = ADVANCED_FACE ( 'NONE', ( #285 ), #1945, .F. ) ;
#5139 =( NAMED_UNIT ( * ) SI_UNIT ( $, .STERADIAN. ) SOLID_ANGLE_UNIT ( ) );
#5140 =( GEOMETRIC_REPRESENTATION_CONTEXT ( 3 ) GLOBAL_UNCERTAINTY_ASSIGNED_CONTEXT ( ( #5146 ) ) GLOBAL_UNIT_ASSIGNED_CONTEXT ( ( #6801, #1902, #6282 ) ) REPRESENTATION_CONTEXT ( 'NONE', 'WORKASPACE' ) );
#5141 = AXIS2_PLACEMENT_3D ( 'NONE', #4178, #1530, #3710 ) ;
#5142 = CYLINDRICAL_SURFACE ( 'NONE', #315, 0.2000000000000000111 ) ;
#5143 =( GEOMETRIC_REPRESENTATION_CONTEXT ( 3 ) GLOBAL_UNCERTAINTY_ASSIGNED_CONTEXT ( ( #6514 ) ) GLOBAL_UNIT_ASSIGNED_CONTEXT ( ( #4491, #2852, #2351 ) ) REPRESENTATION_CONTEXT ( 'NONE', 'WORKASPACE' ) );
#5144 = ORIENTED_EDGE ( 'NONE', *, *, #2611, .T. ) ;
#5145 = PRESENTATION_STYLE_ASSIGNMENT (( #1233 ) ) ;
#5146 = UNCERTAINTY_MEASURE_WITH_UNIT (LENGTH_MEASURE( 1.000000000000000082E-05 ), #6801, 'distance_accuracy_value', 'NONE');
#5147 = DIRECTION ( 'NONE',  ( 0.000000000000000000, 1.000000000000000000, 6.776263578034390387E-17 ) ) ;
#5148 = STYLED_ITEM ( 'NONE', ( #6887 ), #1030 ) ;
#5149 = SURFACE_STYLE_FILL_AREA ( #774 ) ;
#5150 = ORIENTED_EDGE ( 'NONE', *, *, #6139, .F. ) ;
#5151 = FILL_AREA_STYLE_COLOUR ( '', #5824 ) ;
#5152 = EDGE_CURVE ( 'NONE', #6195, #3966, #1397, .T. ) ;
#5153 = DIRECTION ( 'NONE',  ( -1.000000000000000000, 0.000000000000000000, 0.000000000000000000 ) ) ;
#5154 = DIRECTION ( 'NONE',  ( 1.000000000000000000, 0.000000000000000000, 0.000000000000000000 ) ) ;
#5155 = VERTEX_POINT ( 'NONE', #479 ) ;
#5156 = COLOUR_RGB ( '',0.1019607843137254888, 0.1019607843137254888, 0.1019607843137254888 ) ;
#5157 = CARTESIAN_POINT ( 'NONE',  ( 1.834999999999999964, -3.910002195023270399, 0.2999999999999999889 ) ) ;
#5158 = LINE ( 'NONE', #1970, #1593 ) ;
#5159 =( LENGTH_UNIT ( ) NAMED_UNIT ( * ) SI_UNIT ( .MILLI., .METRE. ) );
#5160 =( LENGTH_UNIT ( ) NAMED_UNIT ( * ) SI_UNIT ( .MILLI., .METRE. ) );
#5161 = CARTESIAN_POINT ( 'NONE',  ( -1.834999999999999964, 3.910002195023270399, 1.500000000000000000 ) ) ;
#5162 = VERTEX_POINT ( 'NONE', #1509 ) ;
#5163 =( NAMED_UNIT ( * ) PLANE_ANGLE_UNIT ( ) SI_UNIT ( $, .RADIAN. ) );
#5164 =( NAMED_UNIT ( * ) PLANE_ANGLE_UNIT ( ) SI_UNIT ( $, .RADIAN. ) );
#5165 =( NAMED_UNIT ( * ) PLANE_ANGLE_UNIT ( ) SI_UNIT ( $, .RADIAN. ) );
#5166 = ORIENTED_EDGE ( 'NONE', *, *, #1293, .T. ) ;
#5167 = DIRECTION ( 'NONE',  ( 0.000000000000000000, -6.776263578034390387E-17, -1.000000000000000000 ) ) ;
#5168 = SURFACE_STYLE_FILL_AREA ( #2991 ) ;
#5169 = DIRECTION ( 'NONE',  ( 1.000000000000000000, 0.000000000000000000, 0.000000000000000000 ) ) ;
#5170 = DIRECTION ( 'NONE',  ( 1.000000000000000000, 0.000000000000000000, 0.000000000000000000 ) ) ;
#5171 = PRODUCT_DEFINITION ( 'UNKNOWN', '', #3770, #2013 ) ;
#5172 = VERTEX_POINT ( 'NONE', #890 ) ;
#5173 = PLANE ( 'NONE',  #5255 ) ;
#5174 = VERTEX_POINT ( 'NONE', #3767 ) ;
#5175 = CARTESIAN_POINT ( 'NONE',  ( 1.505000000000000115, 4.310002195023275640, -3.491510466163695012E-12 ) ) ;
#5176 = ORIENTED_EDGE ( 'NONE', *, *, #5437, .T. ) ;
#5177 =( LENGTH_UNIT ( ) NAMED_UNIT ( * ) SI_UNIT ( .MILLI., .METRE. ) );
#5178 =( LENGTH_UNIT ( ) NAMED_UNIT ( * ) SI_UNIT ( .MILLI., .METRE. ) );
#5179 = PRESENTATION_STYLE_ASSIGNMENT (( #727 ) ) ;
#5180 = DIRECTION ( 'NONE',  ( 0.000000000000000000, 0.000000000000000000, -1.000000000000000000 ) ) ;
#5181 = ORIENTED_EDGE ( 'NONE', *, *, #4382, .F. ) ;
#5182 = FILL_AREA_STYLE ('',( #1856 ) ) ;
#5183 = EDGE_LOOP ( 'NONE', ( #3722, #155, #194, #4933 ) ) ;
#5184 = VECTOR ( 'NONE', #5976, 1000.000000000000000 ) ;
#5185 = CARTESIAN_POINT ( 'NONE',  ( 0.000000000000000000, 0.000000000000000000, 0.2000000000000000111 ) ) ;
#5186 = EDGE_LOOP ( 'NONE', ( #1663, #5997, #3695, #957 ) ) ;
#5187 = CARTESIAN_POINT ( 'NONE',  ( 1.505000000000000115, -4.810002195023270311, 0.1999999999999965139 ) ) ;
#5188 = DIRECTION ( 'NONE',  ( 0.000000000000000000, 0.000000000000000000, -1.000000000000000000 ) ) ;
#5189 = CARTESIAN_POINT ( 'NONE',  ( 3.245000000000000107, 0.000000000000000000, 0.000000000000000000 ) ) ;
#5190 = ORIENTED_EDGE ( 'NONE', *, *, #1483, .T. ) ;
#5191 = EDGE_CURVE ( 'NONE', #4936, #5569, #3118, .T. ) ;
#5192 = EDGE_CURVE ( 'NONE', #4998, #1963, #3160, .T. ) ;
#5193 = ADVANCED_FACE ( 'NONE', ( #3197 ), #5924, .F. ) ;
#5194 = DIRECTION ( 'NONE',  ( -1.000000000000000000, 0.000000000000000000, 0.000000000000000000 ) ) ;
#5195 = MECHANICAL_DESIGN_GEOMETRIC_PRESENTATION_REPRESENTATION (  '', ( #4267 ), #721 ) ;
#5196 = CARTESIAN_POINT ( 'NONE',  ( 1.834999999999999964, -3.710002195023270222, 1.699999999999999956 ) ) ;
#5197 = VERTEX_POINT ( 'NONE', #3655 ) ;
#5198 = DIRECTION ( 'NONE',  ( 0.000000000000000000, 1.000000000000000000, 0.000000000000000000 ) ) ;
#5199 = CARTESIAN_POINT ( 'NONE',  ( 4.244999999999999218, -3.200000000000000178, 1.550000000000000044 ) ) ;
#5200 = AXIS2_PLACEMENT_3D ( 'NONE', #5828, #2138, #3137 ) ;
#5201 = DIRECTION ( 'NONE',  ( 0.000000000000000000, 1.000000000000000000, 0.000000000000000000 ) ) ;
#5202 = DIRECTION ( 'NONE',  ( 0.000000000000000000, 0.000000000000000000, -1.000000000000000000 ) ) ;
#5203 =( GEOMETRIC_REPRESENTATION_CONTEXT ( 3 ) GLOBAL_UNCERTAINTY_ASSIGNED_CONTEXT ( ( #3422 ) ) GLOBAL_UNIT_ASSIGNED_CONTEXT ( ( #3771, #2159, #1692 ) ) REPRESENTATION_CONTEXT ( 'NONE', 'WORKASPACE' ) );
#5204 = DIRECTION ( 'NONE',  ( 1.000000000000000000, 0.000000000000000000, 0.000000000000000000 ) ) ;
#5205 = ORIENTED_EDGE ( 'NONE', *, *, #3578, .T. ) ;
#5206 = EDGE_CURVE ( 'NONE', #2394, #1412, #6950, .T. ) ;
#5207 = VECTOR ( 'NONE', #4832, 1000.000000000000000 ) ;
#5208 = VECTOR ( 'NONE', #1229, 1000.000000000000000 ) ;
#5209 =( LENGTH_UNIT ( ) NAMED_UNIT ( * ) SI_UNIT ( .MILLI., .METRE. ) );
#5210 = DIRECTION ( 'NONE',  ( 0.000000000000000000, -1.000000000000000000, 0.000000000000000000 ) ) ;
#5211 = ORIENTED_EDGE ( 'NONE', *, *, #579, .T. ) ;
#5212 = CIRCLE ( 'NONE', #3042, 0.2000000000000000944 ) ;
#5213 = SURFACE_SIDE_STYLE ('',( #6857 ) ) ;
#5214 = CARTESIAN_POINT ( 'NONE',  ( 1.034999999999999920, 4.310002195023275640, -3.491510466163695012E-12 ) ) ;
#5215 =( GEOMETRIC_REPRESENTATION_CONTEXT ( 3 ) GLOBAL_UNCERTAINTY_ASSIGNED_CONTEXT ( ( #125 ) ) GLOBAL_UNIT_ASSIGNED_CONTEXT ( ( #4587, #2941, #4507 ) ) REPRESENTATION_CONTEXT ( 'NONE', 'WORKASPACE' ) );
#5216 = STYLED_ITEM ( 'NONE', ( #6303 ), #4023 ) ;
#5217 = DIRECTION ( 'NONE',  ( 0.000000000000000000, 0.2079116908177598699, -0.9781476007338054668 ) ) ;
#5218 = ORIENTED_EDGE ( 'NONE', *, *, #6931, .T. ) ;
#5219 = UNCERTAINTY_MEASURE_WITH_UNIT (LENGTH_MEASURE( 1.000000000000000082E-05 ), #1866, 'distance_accuracy_value', 'NONE');
#5220 = ORIENTED_EDGE ( 'NONE', *, *, #3400, .T. ) ;
#5221 = VECTOR ( 'NONE', #688, 1000.000000000000000 ) ;
#5222 = CIRCLE ( 'NONE', #1667, 0.1000000000000000472 ) ;
#5223 = SURFACE_STYLE_USAGE ( .BOTH. , #3464 ) ;
#5224 = CARTESIAN_POINT ( 'NONE',  ( 4.244999999999999218, 3.168116515749499928, 1.699999999999999956 ) ) ;
#5225 = PRESENTATION_STYLE_ASSIGNMENT (( #844 ) ) ;
#5226 = DIRECTION ( 'NONE',  ( 0.000000000000000000, 1.000000000000000000, 0.000000000000000000 ) ) ;
#5227 = FILL_AREA_STYLE_COLOUR ( '', #5156 ) ;
#5228 = FILL_AREA_STYLE ('',( #5734 ) ) ;
#5229 = COLOUR_RGB ( '',0.7764705882352941346, 0.7568627450980391913, 0.7372549019607843590 ) ;
#5230 = SURFACE_STYLE_USAGE ( .BOTH. , #5763 ) ;
#5231 = PLANE ( 'NONE',  #664 ) ;
#5232 = ADVANCED_FACE ( 'NONE', ( #6462 ), #6431, .T. ) ;
#5233 = PRESENTATION_STYLE_ASSIGNMENT (( #6244 ) ) ;
#5234 = EDGE_CURVE ( 'NONE', #5713, #6225, #4293, .T. ) ;
#5235 = VECTOR ( 'NONE', #3677, 1000.000000000000000 ) ;
#5236 = CARTESIAN_POINT ( 'NONE',  ( -1.834999999999999964, -4.810002195023270311, -3.491456256055070333E-12 ) ) ;
#5237 = VECTOR ( 'NONE', #7062, 1000.000000000000000 ) ;
#5238 = FILL_AREA_STYLE ('',( #6845 ) ) ;
#5239 = EDGE_CURVE ( 'NONE', #5660, #5266, #5017, .T. ) ;
#5240 = VERTEX_POINT ( 'NONE', #3373 ) ;
#5241 = DIRECTION ( 'NONE',  ( 0.000000000000000000, -1.000000000000000000, 0.000000000000000000 ) ) ;
#5242 = FILL_AREA_STYLE ('',( #1880 ) ) ;
#5243 = DIRECTION ( 'NONE',  ( 0.000000000000000000, -1.000000000000000000, 0.000000000000000000 ) ) ;
#5244 = PRESENTATION_STYLE_ASSIGNMENT (( #5270 ) ) ;
#5245 = VERTEX_POINT ( 'NONE', #603 ) ;
#5246 = FACE_OUTER_BOUND ( 'NONE', #6904, .T. ) ;
#5247 = MECHANICAL_DESIGN_GEOMETRIC_PRESENTATION_REPRESENTATION (  '', ( #2275 ), #1934 ) ;
#5248 = PRESENTATION_STYLE_ASSIGNMENT (( #6334 ) ) ;
#5249 = ORIENTED_EDGE ( 'NONE', *, *, #6088, .T. ) ;
#5250 =( GEOMETRIC_REPRESENTATION_CONTEXT ( 3 ) GLOBAL_UNCERTAINTY_ASSIGNED_CONTEXT ( ( #7065 ) ) GLOBAL_UNIT_ASSIGNED_CONTEXT ( ( #2869, #667, #5539 ) ) REPRESENTATION_CONTEXT ( 'NONE', 'WORKASPACE' ) );
#5251 = EDGE_LOOP ( 'NONE', ( #1094, #1742, #4170, #1736 ) ) ;
#5252 = FACE_OUTER_BOUND ( 'NONE', #3093, .T. ) ;
#5253 = LINE ( 'NONE', #342, #516 ) ;
#5254 = VECTOR ( 'NONE', #4867, 1000.000000000000000 ) ;
#5255 = AXIS2_PLACEMENT_3D ( 'NONE', #250, #2892, #5062 ) ;
#5256 = FACE_OUTER_BOUND ( 'NONE', #2617, .T. ) ;
#5257 =( NAMED_UNIT ( * ) PLANE_ANGLE_UNIT ( ) SI_UNIT ( $, .RADIAN. ) );
#5258 = COLOUR_RGB ( '',0.1019607843137254888, 0.1019607843137254888, 0.1019607843137254888 ) ;
#5259 = DIRECTION ( 'NONE',  ( 0.000000000000000000, 0.000000000000000000, -1.000000000000000000 ) ) ;
#5260 = AXIS2_PLACEMENT_3D ( 'NONE', #2340, #1287, #5631 ) ;
#5261 = ORIENTED_EDGE ( 'NONE', *, *, #771, .F. ) ;
#5262 = LINE ( 'NONE', #4802, #5795 ) ;
#5263 = CARTESIAN_POINT ( 'NONE',  ( 3.245000000000000107, -4.010002195023269600, 0.1999999999999970135 ) ) ;
#5264 = DIRECTION ( 'NONE',  ( 1.000000000000000000, 0.000000000000000000, 0.000000000000000000 ) ) ;
#5265 = SURFACE_SIDE_STYLE ('',( #3087 ) ) ;
#5266 = VERTEX_POINT ( 'NONE', #91 ) ;
#5267 = EDGE_CURVE ( 'NONE', #2989, #5521, #522, .T. ) ;
#5268 = DIRECTION ( 'NONE',  ( 0.000000000000000000, 0.000000000000000000, 1.000000000000000000 ) ) ;
#5269 = ADVANCED_FACE ( 'NONE', ( #5556 ), #3912, .T. ) ;
#5270 = SURFACE_STYLE_USAGE ( .BOTH. , #2691 ) ;
#5271 = VERTEX_POINT ( 'NONE', #4514 ) ;
#5272 =( NAMED_UNIT ( * ) PLANE_ANGLE_UNIT ( ) SI_UNIT ( $, .RADIAN. ) );
#5273 = PRESENTATION_STYLE_ASSIGNMENT (( #3096 ) ) ;
#5274 = CARTESIAN_POINT ( 'NONE',  ( -1.834999999999999964, -3.910002195023270399, 0.2999999999999999889 ) ) ;
#5275 = ORIENTED_EDGE ( 'NONE', *, *, #7058, .T. ) ;
#5276 = UNCERTAINTY_MEASURE_WITH_UNIT (LENGTH_MEASURE( 1.000000000000000082E-05 ), #5982, 'distance_accuracy_value', 'NONE');
#5277 = ORIENTED_EDGE ( 'NONE', *, *, #4135, .T. ) ;
#5278 = FILL_AREA_STYLE ('',( #395 ) ) ;
#5279 = CARTESIAN_POINT ( 'NONE',  ( 1.034999999999999920, -4.310002195023275640, -3.491510466163695012E-12 ) ) ;
#5280 = PLANE ( 'NONE',  #4519 ) ;
#5281 = CARTESIAN_POINT ( 'NONE',  ( -3.245000000000000107, 3.200000000000000178, 1.550000000000000044 ) ) ;
#5282 = CARTESIAN_POINT ( 'NONE',  ( -1.834999999999999964, 3.910002195023270399, 0.000000000000000000 ) ) ;
#5283 = EDGE_CURVE ( 'NONE', #6014, #104, #4367, .T. ) ;
#5284 = STYLED_ITEM ( 'NONE', ( #1662 ), #2746 ) ;
#5285 = DIRECTION ( 'NONE',  ( -1.000000000000000000, 0.000000000000000000, 0.000000000000000000 ) ) ;
#5286 = SURFACE_SIDE_STYLE ('',( #3109 ) ) ;
#5287 = FACE_OUTER_BOUND ( 'NONE', #5135, .T. ) ;
#5288 = FACE_OUTER_BOUND ( 'NONE', #6140, .T. ) ;
#5289 =( LENGTH_UNIT ( ) NAMED_UNIT ( * ) SI_UNIT ( .MILLI., .METRE. ) );
#5290 = ORIENTED_EDGE ( 'NONE', *, *, #3224, .F. ) ;
#5291 = CIRCLE ( 'NONE', #7044, 0.2000000000000000111 ) ;
#5292 = LINE ( 'NONE', #377, #1707 ) ;
#5293 = LINE ( 'NONE', #349, #6469 ) ;
#5294 = DIRECTION ( 'NONE',  ( -1.000000000000000000, 0.000000000000000000, 0.000000000000000000 ) ) ;
#5295 = CARTESIAN_POINT ( 'NONE',  ( -4.244999999999999218, 0.000000000000000000, -3.491456256055070333E-12 ) ) ;
#5296 = COLOUR_RGB ( '',0.7764705882352941346, 0.7568627450980391913, 0.7372549019607843590 ) ;
#5297 =( LENGTH_UNIT ( ) NAMED_UNIT ( * ) SI_UNIT ( .MILLI., .METRE. ) );
#5298 = SURFACE_SIDE_STYLE ('',( #1980 ) ) ;
#5299 = STYLED_ITEM ( 'NONE', ( #2018 ), #3647 ) ;
#5300 = FACE_OUTER_BOUND ( 'NONE', #5305, .T. ) ;
#5301 = ORIENTED_EDGE ( 'NONE', *, *, #6425, .T. ) ;
#5302 = CARTESIAN_POINT ( 'NONE',  ( 1.834999999999999964, 4.010002195023269600, 0.2999999999999999889 ) ) ;
#5303 = ORIENTED_EDGE ( 'NONE', *, *, #4483, .F. ) ;
#5304 = EDGE_CURVE ( 'NONE', #6967, #6104, #6688, .T. ) ;
#5305 = EDGE_LOOP ( 'NONE', ( #177, #1157, #5309, #1111, #6558, #5335, #3795, #2280, #4768, #2307, #64, #996, #5218 ) ) ;
#5306 = LINE ( 'NONE', #4743, #4429 ) ;
#5307 = EDGE_CURVE ( 'NONE', #4164, #4819, #5512, .T. ) ;
#5308 = MECHANICAL_DESIGN_GEOMETRIC_PRESENTATION_REPRESENTATION (  '', ( #152 ), #1541 ) ;
#5309 = ORIENTED_EDGE ( 'NONE', *, *, #4753, .F. ) ;
#5310 = DIRECTION ( 'NONE',  ( 1.000000000000000000, 0.000000000000000000, 0.000000000000000000 ) ) ;
#5311 = AXIS2_PLACEMENT_3D ( 'NONE', #2792, #4911, #2187 ) ;
#5312 = FILL_AREA_STYLE ('',( #4244 ) ) ;
#5313 = CARTESIAN_POINT ( 'NONE',  ( -1.034999999999999920, 4.310002195023275640, 0.1999999999999965139 ) ) ;
#5314 = VECTOR ( 'NONE', #3417, 1000.000000000000000 ) ;
#5315 = CARTESIAN_POINT ( 'NONE',  ( 1.834999999999999964, 3.710002195023270222, 0.1999999999965084985 ) ) ;
#5316 = MECHANICAL_DESIGN_GEOMETRIC_PRESENTATION_REPRESENTATION (  '', ( #630 ), #4521 ) ;
#5317 = ORIENTED_EDGE ( 'NONE', *, *, #1423, .F. ) ;
#5318 = CARTESIAN_POINT ( 'NONE',  ( -1.505000000000000115, 4.310002195023275640, -3.491510466163695012E-12 ) ) ;
#5319 = EDGE_CURVE ( 'NONE', #214, #3201, #6032, .T. ) ;
#5320 = COLOUR_RGB ( '',0.7764705882352941346, 0.7568627450980391913, 0.7372549019607843590 ) ;
#5321 = MECHANICAL_DESIGN_GEOMETRIC_PRESENTATION_REPRESENTATION (  '', ( #2586 ), #1537 ) ;
#5322 = DIRECTION ( 'NONE',  ( 0.000000000000000000, 0.9781476007338055778, -0.2079116908177601197 ) ) ;
#5323 = PLANE ( 'NONE',  #1248 ) ;
#5324 = FACE_OUTER_BOUND ( 'NONE', #2208, .T. ) ;
#5325 = FACE_OUTER_BOUND ( 'NONE', #4815, .T. ) ;
#5326 = STYLED_ITEM ( 'NONE', ( #5333 ), #5232 ) ;
#5327 = CARTESIAN_POINT ( 'NONE',  ( -4.244999999999999218, -4.310002195023275640, -3.491510466163695012E-12 ) ) ;
#5328 = EDGE_CURVE ( 'NONE', #2985, #6222, #6577, .T. ) ;
#5329 = DIRECTION ( 'NONE',  ( 0.000000000000000000, 1.000000000000000000, 0.000000000000000000 ) ) ;
#5330 = ORIENTED_EDGE ( 'NONE', *, *, #3962, .F. ) ;
#5331 = CARTESIAN_POINT ( 'NONE',  ( -3.245000000000000107, 3.200000000000000178, 1.550000000000000044 ) ) ;
#5332 = SURFACE_STYLE_FILL_AREA ( #5880 ) ;
#5333 = PRESENTATION_STYLE_ASSIGNMENT (( #7051 ) ) ;
#5334 = COLOUR_RGB ( '',0.7764705882352941346, 0.7568627450980391913, 0.7372549019607843590 ) ;
#5335 = ORIENTED_EDGE ( 'NONE', *, *, #2049, .T. ) ;
#5336 = FILL_AREA_STYLE_COLOUR ( '', #5484 ) ;
#5337 =( LENGTH_UNIT ( ) NAMED_UNIT ( * ) SI_UNIT ( .MILLI., .METRE. ) );
#5338 = AXIS2_PLACEMENT_3D ( 'NONE', #2671, #4890, #1003 ) ;
#5339 = EDGE_LOOP ( 'NONE', ( #4133, #6780, #755, #4453 ) ) ;
#5340 = DIRECTION ( 'NONE',  ( -1.000000000000000000, 0.000000000000000000, 0.000000000000000000 ) ) ;
#5341 =( NAMED_UNIT ( * ) SI_UNIT ( $, .STERADIAN. ) SOLID_ANGLE_UNIT ( ) );
#5342 = DIRECTION ( 'NONE',  ( 0.000000000000000000, 0.000000000000000000, -1.000000000000000000 ) ) ;
#5343 = ORIENTED_EDGE ( 'NONE', *, *, #4, .T. ) ;
#5344 = SURFACE_SIDE_STYLE ('',( #4240 ) ) ;
#5345 = UNCERTAINTY_MEASURE_WITH_UNIT (LENGTH_MEASURE( 1.000000000000000082E-05 ), #5914, 'distance_accuracy_value', 'NONE');
#5346 = ORIENTED_EDGE ( 'NONE', *, *, #3605, .F. ) ;
#5347 = COLOUR_RGB ( '',0.7764705882352941346, 0.7568627450980391913, 0.7372549019607843590 ) ;
#5348 = DIRECTION ( 'NONE',  ( 0.000000000000000000, 0.000000000000000000, 1.000000000000000000 ) ) ;
#5349 = ORIENTED_EDGE ( 'NONE', *, *, #1101, .T. ) ;
#5350 = ORIENTED_EDGE ( 'NONE', *, *, #4844, .T. ) ;
#5351 = SURFACE_STYLE_USAGE ( .BOTH. , #5423 ) ;
#5352 = CARTESIAN_POINT ( 'NONE',  ( -0.8350000000000000755, 0.000000000000000000, 1.500000000000000000 ) ) ;
#5353 = DIRECTION ( 'NONE',  ( 0.000000000000000000, 0.000000000000000000, 1.000000000000000000 ) ) ;
#5354 = PRESENTATION_LAYER_ASSIGNMENT (  '', '', ( #5463 ) ) ;
#5355 = ORIENTED_EDGE ( 'NONE', *, *, #5531, .F. ) ;
#5356 =( NAMED_UNIT ( * ) PLANE_ANGLE_UNIT ( ) SI_UNIT ( $, .RADIAN. ) );
#5357 =( GEOMETRIC_REPRESENTATION_CONTEXT ( 3 ) GLOBAL_UNCERTAINTY_ASSIGNED_CONTEXT ( ( #2672 ) ) GLOBAL_UNIT_ASSIGNED_CONTEXT ( ( #2761, #3857, #2293 ) ) REPRESENTATION_CONTEXT ( 'NONE', 'WORKASPACE' ) );
#5358 = CARTESIAN_POINT ( 'NONE',  ( 4.244999999999999218, 3.910002195023270399, -3.491456256055070333E-12 ) ) ;
#5359 = FILL_AREA_STYLE_COLOUR ( '', #1824 ) ;
#5360 = VECTOR ( 'NONE', #690, 1000.000000000000000 ) ;
#5361 = EDGE_CURVE ( 'NONE', #4139, #3894, #570, .T. ) ;
#5362 =( NAMED_UNIT ( * ) SI_UNIT ( $, .STERADIAN. ) SOLID_ANGLE_UNIT ( ) );
#5363 = CARTESIAN_POINT ( 'NONE',  ( -4.930000000000000604, -3.200000000000000178, 1.550000000000000044 ) ) ;
#5364 = PRESENTATION_LAYER_ASSIGNMENT (  '', '', ( #4002 ) ) ;
#5365 = FILL_AREA_STYLE ('',( #3619 ) ) ;
#5366 = AXIS2_PLACEMENT_3D ( 'NONE', #6645, #1681, #5508 ) ;
#5367 = VECTOR ( 'NONE', #6399, 1000.000000000000000 ) ;
#5368 = PRESENTATION_STYLE_ASSIGNMENT (( #3791 ) ) ;
#5369 = ORIENTED_EDGE ( 'NONE', *, *, #5946, .T. ) ;
#5370 = DIRECTION ( 'NONE',  ( 0.000000000000000000, 0.2079116908177598699, 0.9781476007338054668 ) ) ;
#5371 = CIRCLE ( 'NONE', #6072, 0.1000000000000000472 ) ;
#5372 =( NAMED_UNIT ( * ) PLANE_ANGLE_UNIT ( ) SI_UNIT ( $, .RADIAN. ) );
#5373 = FILL_AREA_STYLE ('',( #3727 ) ) ;
#5374 = VERTEX_POINT ( 'NONE', #5479 ) ;
#5375 = SURFACE_SIDE_STYLE ('',( #2082 ) ) ;
#5376 = CARTESIAN_POINT ( 'NONE',  ( -4.244999999999999218, -3.910002195023270399, 0.000000000000000000 ) ) ;
#5377 = VECTOR ( 'NONE', #598, 1000.000000000000000 ) ;
#5378 = EDGE_CURVE ( 'NONE', #6212, #2751, #1215, .T. ) ;
#5379 = FILL_AREA_STYLE ('',( #418 ) ) ;
#5380 = ORIENTED_EDGE ( 'NONE', *, *, #4859, .F. ) ;
#5381 = LINE ( 'NONE', #963, #2573 ) ;
#5382 = CARTESIAN_POINT ( 'NONE',  ( 1.505000000000000115, 4.310002195023275640, 0.1999999999999965139 ) ) ;
#5383 = ORIENTED_EDGE ( 'NONE', *, *, #3840, .T. ) ;
#5384 = ORIENTED_EDGE ( 'NONE', *, *, #3390, .T. ) ;
#5385 = ORIENTED_EDGE ( 'NONE', *, *, #1007, .F. ) ;
#5386 = EDGE_LOOP ( 'NONE', ( #2624, #3698, #2752, #2429 ) ) ;
#5387 = DIRECTION ( 'NONE',  ( 0.000000000000000000, -0.9781476007338055778, 0.2079116908177601197 ) ) ;
#5388 = LINE ( 'NONE', #5944, #6356 ) ;
#5389 = LINE ( 'NONE', #5981, #3157 ) ;
#5390 = ORIENTED_EDGE ( 'NONE', *, *, #6944, .T. ) ;
#5391 = CARTESIAN_POINT ( 'NONE',  ( -1.034999999999999920, 4.310002195023275640, -3.491510466163695012E-12 ) ) ;
#5392 = LINE ( 'NONE', #2142, #2874 ) ;
#5393 = CARTESIAN_POINT ( 'NONE',  ( 3.245000000000000107, 4.810002195023270311, 0.1999999999999970135 ) ) ;
#5394 = CARTESIAN_POINT ( 'NONE',  ( -1.505000000000000115, 4.810002195023270311, -3.491510466163695012E-12 ) ) ;
#5395 =( NAMED_UNIT ( * ) SI_UNIT ( $, .STERADIAN. ) SOLID_ANGLE_UNIT ( ) );
#5396 = CARTESIAN_POINT ( 'NONE',  ( -3.245000000000000107, -3.110002195023275018, 0.000000000000000000 ) ) ;
#5397 = CARTESIAN_POINT ( 'NONE',  ( -0.8350000000000000755, -3.710002195023270222, 1.500000000000000000 ) ) ;
#5398 = EDGE_CURVE ( 'NONE', #214, #2809, #3412, .T. ) ;
#5399 = COLOUR_RGB ( '',0.7764705882352941346, 0.7568627450980391913, 0.7372549019607843590 ) ;
#5400 = FILL_AREA_STYLE_COLOUR ( '', #412 ) ;
#5401 = EDGE_CURVE ( 'NONE', #6847, #3954, #2229, .T. ) ;
#5402 = DIRECTION ( 'NONE',  ( 1.000000000000000000, 0.000000000000000000, 0.000000000000000000 ) ) ;
#5403 = DIRECTION ( 'NONE',  ( 1.000000000000000000, 0.000000000000000000, 0.000000000000000000 ) ) ;
#5404 = DIRECTION ( 'NONE',  ( 0.000000000000000000, 0.000000000000000000, -1.000000000000000000 ) ) ;
#5405 = PRESENTATION_STYLE_ASSIGNMENT (( #3227 ) ) ;
#5406 = ADVANCED_FACE ( 'NONE', ( #3872 ), #5050, .F. ) ;
#5407 = DIRECTION ( 'NONE',  ( 0.000000000000000000, -0.2079116908177598699, 0.9781476007338054668 ) ) ;
#5408 = MECHANICAL_DESIGN_GEOMETRIC_PRESENTATION_REPRESENTATION (  '', ( #1054 ), #6345 ) ;
#5409 = CARTESIAN_POINT ( 'NONE',  ( 1.034999999999999920, 4.810002195023270311, -3.491510466163695012E-12 ) ) ;
#5410 = EDGE_LOOP ( 'NONE', ( #3485, #409, #2855, #1770 ) ) ;
#5411 = PLANE ( 'NONE',  #3036 ) ;
#5412 = EDGE_CURVE ( 'NONE', #1812, #5752, #203, .T. ) ;
#5413 = SURFACE_STYLE_FILL_AREA ( #4413 ) ;
#5414 = ORIENTED_EDGE ( 'NONE', *, *, #3103, .T. ) ;
#5415 = SURFACE_STYLE_USAGE ( .BOTH. , #6002 ) ;
#5416 = UNCERTAINTY_MEASURE_WITH_UNIT (LENGTH_MEASURE( 1.000000000000000082E-05 ), #3231, 'distance_accuracy_value', 'NONE');
#5417 = ORIENTED_EDGE ( 'NONE', *, *, #3821, .F. ) ;
#5418 = MECHANICAL_DESIGN_GEOMETRIC_PRESENTATION_REPRESENTATION (  '', ( #149 ), #6945 ) ;
#5419 = ORIENTED_EDGE ( 'NONE', *, *, #1378, .T. ) ;
#5420 = LINE ( 'NONE', #6518, #5184 ) ;
#5421 = VERTEX_POINT ( 'NONE', #2415 ) ;
#5422 = FILL_AREA_STYLE_COLOUR ( '', #481 ) ;
#5423 = SURFACE_SIDE_STYLE ('',( #397 ) ) ;
#5424 = FILL_AREA_STYLE_COLOUR ( '', #3313 ) ;
#5425 = LINE ( 'NONE', #1763, #3392 ) ;
#5426 = COLOUR_RGB ( '',0.7764705882352941346, 0.7568627450980391913, 0.7372549019607843590 ) ;
#5427 = DIRECTION ( 'NONE',  ( 0.000000000000000000, 1.000000000000000000, 0.000000000000000000 ) ) ;
#5428 = AXIS2_PLACEMENT_3D ( 'NONE', #3858, #3904, #6495 ) ;
#5429 = VECTOR ( 'NONE', #5592, 1000.000000000000000 ) ;
#5430 = SURFACE_STYLE_FILL_AREA ( #3404 ) ;
#5431 = VECTOR ( 'NONE', #2552, 1000.000000000000114 ) ;
#5432 = AXIS2_PLACEMENT_3D ( 'NONE', #3532, #6858, #1921 ) ;
#5433 =( NAMED_UNIT ( * ) PLANE_ANGLE_UNIT ( ) SI_UNIT ( $, .RADIAN. ) );
#5434 = LINE ( 'NONE', #445, #6409 ) ;
#5435 = COLOUR_RGB ( '',0.7764705882352941346, 0.7568627450980391913, 0.7372549019607843590 ) ;
#5436 = DIRECTION ( 'NONE',  ( 0.9781476007338055778, 0.000000000000000000, -0.2079116908177601197 ) ) ;
#5437 = EDGE_CURVE ( 'NONE', #2244, #2424, #4764, .T. ) ;
#5438 = ADVANCED_FACE ( 'NONE', ( #6839 ), #2986, .T. ) ;
#5439 = DIRECTION ( 'NONE',  ( 1.000000000000000000, 0.000000000000000000, 0.000000000000000000 ) ) ;
#5440 = APPLICATION_PROTOCOL_DEFINITION ( 'draft international standard', 'automotive_design', 1998, #3114 ) ;
#5441 = ORIENTED_EDGE ( 'NONE', *, *, #6154, .T. ) ;
#5442 = AXIS2_PLACEMENT_3D ( 'NONE', #3684, #5839, #1535 ) ;
#5443 = UNCERTAINTY_MEASURE_WITH_UNIT (LENGTH_MEASURE( 1.000000000000000082E-05 ), #5881, 'distance_accuracy_value', 'NONE');
#5444 = ORIENTED_EDGE ( 'NONE', *, *, #6718, .F. ) ;
#5446 = EDGE_CURVE ( 'NONE', #800, #6555, #275, .T. ) ;
#5445 = FACE_OUTER_BOUND ( 'NONE', #5049, .T. ) ;
#5447 = DIRECTION ( 'NONE',  ( 1.000000000000000000, 0.000000000000000000, 0.000000000000000000 ) ) ;
#5448 = CARTESIAN_POINT ( 'NONE',  ( -3.245000000000000107, -4.010002195023269600, 0.1999999999999970135 ) ) ;
#5449 = SURFACE_STYLE_FILL_AREA ( #7137 ) ;
#5450 = ORIENTED_EDGE ( 'NONE', *, *, #6491, .T. ) ;
#5451 = CARTESIAN_POINT ( 'NONE',  ( -1.505000000000000115, -4.810002195023270311, 0.1999999999999965139 ) ) ;
#5452 = ORIENTED_EDGE ( 'NONE', *, *, #2785, .F. ) ;
#5453 = DIRECTION ( 'NONE',  ( 0.000000000000000000, 0.000000000000000000, 1.000000000000000000 ) ) ;
#5454 = VERTEX_POINT ( 'NONE', #1790 ) ;
#5455 = DIRECTION ( 'NONE',  ( 0.000000000000000000, 0.000000000000000000, -1.000000000000000000 ) ) ;
#5456 =( GEOMETRIC_REPRESENTATION_CONTEXT ( 3 ) GLOBAL_UNCERTAINTY_ASSIGNED_CONTEXT ( ( #6618 ) ) GLOBAL_UNIT_ASSIGNED_CONTEXT ( ( #1977, #1025, #474 ) ) REPRESENTATION_CONTEXT ( 'NONE', 'WORKASPACE' ) );
#5457 = CARTESIAN_POINT ( 'NONE',  ( 0.8350000000000000755, -3.200000000000000178, 1.550000000000000044 ) ) ;
#5458 = MECHANICAL_DESIGN_GEOMETRIC_PRESENTATION_REPRESENTATION (  '', ( #2272 ), #73 ) ;
#5459 = CARTESIAN_POINT ( 'NONE',  ( -0.8350000000000000755, -6.143812310751189163E-16, 1.699999999999999956 ) ) ;
#5460 = COLOUR_RGB ( '',0.7764705882352941346, 0.7568627450980391913, 0.7372549019607843590 ) ;
#5461 = CARTESIAN_POINT ( 'NONE',  ( 1.034999999999999920, -4.310002195023275640, -3.491510466163695012E-12 ) ) ;
#5462 = LINE ( 'NONE', #6017, #3240 ) ;
#5463 = STYLED_ITEM ( 'NONE', ( #4818 ), #434 ) ;
#5464 = DIRECTION ( 'NONE',  ( 0.000000000000000000, 0.000000000000000000, -1.000000000000000000 ) ) ;
#5465 = DIRECTION ( 'NONE',  ( 1.000000000000000000, 0.000000000000000000, 0.000000000000000000 ) ) ;
#5466 = CARTESIAN_POINT ( 'NONE',  ( -4.244999999999999218, 3.910002195023270399, 0.2999999999999999889 ) ) ;
#5467 = VECTOR ( 'NONE', #4763, 1000.000000000000000 ) ;
#5468 = ORIENTED_EDGE ( 'NONE', *, *, #883, .T. ) ;
#5469 = CARTESIAN_POINT ( 'NONE',  ( 4.244999999999999218, -4.310002195023275640, -3.491510466163695012E-12 ) ) ;
#5470 = PRESENTATION_LAYER_ASSIGNMENT (  '', '', ( #1469 ) ) ;
#5471 = CARTESIAN_POINT ( 'NONE',  ( 3.245000000000000107, -4.310002195023275640, -3.491510466163695012E-12 ) ) ;
#5472 = CARTESIAN_POINT ( 'NONE',  ( 3.575000000000000178, 4.810002195023270311, 0.1999999999999965139 ) ) ;
#5473 = PLANE ( 'NONE',  #5366 ) ;
#5474 = MECHANICAL_DESIGN_GEOMETRIC_PRESENTATION_REPRESENTATION (  '', ( #1120 ), #5357 ) ;
#5475 =( NAMED_UNIT ( * ) PLANE_ANGLE_UNIT ( ) SI_UNIT ( $, .RADIAN. ) );
#5476 = COLOUR_RGB ( '',1.000000000000000000, 1.000000000000000000, 1.000000000000000000 ) ;
#5477 = SHAPE_DEFINITION_REPRESENTATION ( #3234, #280 ) ;
#5478 = VERTEX_POINT ( 'NONE', #6766 ) ;
#5479 = CARTESIAN_POINT ( 'NONE',  ( 4.044999999999999929, -4.810002195023270311, -3.491510466163695012E-12 ) ) ;
#5480 = STYLED_ITEM ( 'NONE', ( #2822 ), #7013 ) ;
#5481 = LINE ( 'NONE', #7018, #4699 ) ;
#5482 = ADVANCED_FACE ( 'NONE', ( #2485 ), #4667, .F. ) ;
#5483 = SURFACE_SIDE_STYLE ('',( #5632 ) ) ;
#5484 = COLOUR_RGB ( '',0.7764705882352941346, 0.7568627450980391913, 0.7372549019607843590 ) ;
#5485 = EDGE_LOOP ( 'NONE', ( #6899, #1314, #6663, #1619 ) ) ;
#5486 = SURFACE_SIDE_STYLE ('',( #1584 ) ) ;
#5487 = CARTESIAN_POINT ( 'NONE',  ( -3.245000000000000107, -3.610002195023269689, 1.500000000000000000 ) ) ;
#5488 = AXIS2_PLACEMENT_3D ( 'NONE', #6238, #4116, #156 ) ;
#5489 = UNCERTAINTY_MEASURE_WITH_UNIT (LENGTH_MEASURE( 1.000000000000000082E-05 ), #6949, 'distance_accuracy_value', 'NONE');
#5490 = EDGE_CURVE ( 'NONE', #6738, #6076, #4285, .T. ) ;
#5491 = EDGE_CURVE ( 'NONE', #4966, #3030, #4765, .T. ) ;
#5492 = ORIENTED_EDGE ( 'NONE', *, *, #3063, .F. ) ;
#5493 = ORIENTED_EDGE ( 'NONE', *, *, #6581, .T. ) ;
#5494 = ORIENTED_EDGE ( 'NONE', *, *, #5820, .F. ) ;
#5495 = DIRECTION ( 'NONE',  ( 1.000000000000000000, 0.000000000000000000, 0.000000000000000000 ) ) ;
#5496 = DIRECTION ( 'NONE',  ( 0.000000000000000000, 1.000000000000000000, 0.000000000000000000 ) ) ;
#5497 = EDGE_LOOP ( 'NONE', ( #4343, #3914, #2466, #2282, #2800, #2389, #1227, #5390 ) ) ;
#5498 = PLANE ( 'NONE',  #5003 ) ;
#5499 =( NAMED_UNIT ( * ) SI_UNIT ( $, .STERADIAN. ) SOLID_ANGLE_UNIT ( ) );
#5500 = DIRECTION ( 'NONE',  ( 0.000000000000000000, 0.000000000000000000, -1.000000000000000000 ) ) ;
#5501 = CARTESIAN_POINT ( 'NONE',  ( 1.834999999999999964, 0.000000000000000000, 1.500000000000000000 ) ) ;
#5502 = FILL_AREA_STYLE ('',( #1132 ) ) ;
#5503 = DIRECTION ( 'NONE',  ( 1.000000000000000000, 0.000000000000000000, 0.000000000000000000 ) ) ;
#5504 = CARTESIAN_POINT ( 'NONE',  ( -3.575000000000000178, -4.810002195023270311, -3.491510466163695012E-12 ) ) ;
#5505 = EDGE_CURVE ( 'NONE', #3922, #5731, #3112, .T. ) ;
#5506 = FILL_AREA_STYLE_COLOUR ( '', #5460 ) ;
#5507 = LINE ( 'NONE', #2796, #4122 ) ;
#5508 = DIRECTION ( 'NONE',  ( 1.000000000000000000, 2.628368902995165181E-15, 0.000000000000000000 ) ) ;
#5509 = SURFACE_STYLE_FILL_AREA ( #6136 ) ;
#5510 = CARTESIAN_POINT ( 'NONE',  ( -4.930000000000000604, 3.168116515749499928, 1.699999999999999956 ) ) ;
#5511 = ORIENTED_EDGE ( 'NONE', *, *, #3568, .F. ) ;
#5512 = LINE ( 'NONE', #1756, #974 ) ;
#5513 = DIRECTION ( 'NONE',  ( 0.000000000000000000, 1.000000000000000000, 0.000000000000000000 ) ) ;
#5514 = UNCERTAINTY_MEASURE_WITH_UNIT (LENGTH_MEASURE( 1.000000000000000082E-05 ), #2589, 'distance_accuracy_value', 'NONE');
#5515 = AXIS2_PLACEMENT_3D ( 'NONE', #4528, #6742, #762 ) ;
#5516 = FACE_OUTER_BOUND ( 'NONE', #5410, .T. ) ;
#5517 = VERTEX_POINT ( 'NONE', #4251 ) ;
#5518 = DIRECTION ( 'NONE',  ( 0.000000000000000000, 0.000000000000000000, -1.000000000000000000 ) ) ;
#5519 = LINE ( 'NONE', #6147, #959 ) ;
#5520 = DIRECTION ( 'NONE',  ( 0.000000000000000000, 0.000000000000000000, 1.000000000000000000 ) ) ;
#5521 = VERTEX_POINT ( 'NONE', #3151 ) ;
#5522 = DIRECTION ( 'NONE',  ( 0.000000000000000000, 0.000000000000000000, 1.000000000000000000 ) ) ;
#5523 = ORIENTED_EDGE ( 'NONE', *, *, #6556, .F. ) ;
#5524 = CYLINDRICAL_SURFACE ( 'NONE', #3879, 0.09999999999999999167 ) ;
#5525 = EDGE_LOOP ( 'NONE', ( #452, #6229, #2316, #1807 ) ) ;
#5526 = CIRCLE ( 'NONE', #1294, 0.1000000000000000472 ) ;
#5527 = CARTESIAN_POINT ( 'NONE',  ( -0.8350000000000000755, -4.010002195023269600, 0.1999999999999970135 ) ) ;
#5528 = VERTEX_POINT ( 'NONE', #2548 ) ;
#5529 = PRESENTATION_STYLE_ASSIGNMENT (( #3847 ) ) ;
#5530 = PRESENTATION_STYLE_ASSIGNMENT (( #2284 ) ) ;
#5531 = EDGE_CURVE ( 'NONE', #6076, #1982, #871, .T. ) ;
#5532 = EDGE_CURVE ( 'NONE', #3134, #2297, #2107, .T. ) ;
#5533 = FILL_AREA_STYLE ('',( #1123 ) ) ;
#5534 = EDGE_LOOP ( 'NONE', ( #175, #4027, #459, #3499 ) ) ;
#5535 =( LENGTH_UNIT ( ) NAMED_UNIT ( * ) SI_UNIT ( .MILLI., .METRE. ) );
#5536 = AXIS2_PLACEMENT_3D ( 'NONE', #5655, #4109, #2902 ) ;
#5537 = CARTESIAN_POINT ( 'NONE',  ( 3.245000000000000107, 0.000000000000000000, 1.500000000000000000 ) ) ;
#5538 = PRESENTATION_LAYER_ASSIGNMENT (  '', '', ( #5299 ) ) ;
#5539 =( NAMED_UNIT ( * ) SI_UNIT ( $, .STERADIAN. ) SOLID_ANGLE_UNIT ( ) );
#5540 = EDGE_CURVE ( 'NONE', #401, #1641, #5877, .T. ) ;
#5541 = SURFACE_STYLE_USAGE ( .BOTH. , #4431 ) ;
#5542 = LINE ( 'NONE', #1748, #5689 ) ;
#5543 = ORIENTED_EDGE ( 'NONE', *, *, #6710, .T. ) ;
#5544 = LINE ( 'NONE', #4391, #5701 ) ;
#5545 = MECHANICAL_DESIGN_GEOMETRIC_PRESENTATION_REPRESENTATION (  '', ( #3945 ), #622 ) ;
#5546 = AXIS2_PLACEMENT_3D ( 'NONE', #4825, #4752, #1082 ) ;
#5547 = DIRECTION ( 'NONE',  ( 0.000000000000000000, 1.000000000000000000, 0.000000000000000000 ) ) ;
#5548 = CARTESIAN_POINT ( 'NONE',  ( 1.834999999999999964, -4.310002195023275640, -3.491510466163695012E-12 ) ) ;
#5549 = VECTOR ( 'NONE', #5711, 1000.000000000000000 ) ;
#5550 = PRESENTATION_STYLE_ASSIGNMENT (( #709 ) ) ;
#5551 = EDGE_CURVE ( 'NONE', #6657, #3803, #5917, .T. ) ;
#5552 = LINE ( 'NONE', #4479, #3421 ) ;
#5553 = DIRECTION ( 'NONE',  ( 1.000000000000000000, 0.000000000000000000, 0.000000000000000000 ) ) ;
#5554 = STYLED_ITEM ( 'NONE', ( #2597 ), #4063 ) ;
#5555 = ORIENTED_EDGE ( 'NONE', *, *, #436, .T. ) ;
#5556 = FACE_OUTER_BOUND ( 'NONE', #1186, .T. ) ;
#5557 = CARTESIAN_POINT ( 'NONE',  ( -3.200000000000000178, -1.500000000000000000, 2.799999999999999822 ) ) ;
#5558 = VECTOR ( 'NONE', #2344, 1000.000000000000000 ) ;
#5559 = COLOUR_RGB ( '',0.7764705882352941346, 0.7568627450980391913, 0.7372549019607843590 ) ;
#5560 = CARTESIAN_POINT ( 'NONE',  ( 1.505000000000000115, 4.810002195023270311, -3.491510466163695012E-12 ) ) ;
#5561 = VERTEX_POINT ( 'NONE', #3621 ) ;
#5562 = AXIS2_PLACEMENT_3D ( 'NONE', #59, #1218, #1257 ) ;
#5563 = EDGE_LOOP ( 'NONE', ( #5016, #775, #5633, #108 ) ) ;
#5564 = ORIENTED_EDGE ( 'NONE', *, *, #2122, .F. ) ;
#5565 = SURFACE_SIDE_STYLE ('',( #3388 ) ) ;
#5566 = ORIENTED_EDGE ( 'NONE', *, *, #4630, .T. ) ;
#5567 = VECTOR ( 'NONE', #2614, 1000.000000000000000 ) ;
#5568 = FILL_AREA_STYLE ('',( #3347 ) ) ;
#5569 = VERTEX_POINT ( 'NONE', #2653 ) ;
#5570 = CARTESIAN_POINT ( 'NONE',  ( -4.244999999999999218, 3.910002195023270399, 1.500000000000000000 ) ) ;
#5571 = PLANE ( 'NONE',  #6762 ) ;
#5572 = ORIENTED_EDGE ( 'NONE', *, *, #5446, .T. ) ;
#5573 = COLOUR_RGB ( '',0.7764705882352941346, 0.7568627450980391913, 0.7372549019607843590 ) ;
#5574 = CARTESIAN_POINT ( 'NONE',  ( 0.8350000000000000755, 4.010002195023269600, 0.1999999999999970135 ) ) ;
#5575 = EDGE_CURVE ( 'NONE', #1985, #6555, #2039, .T. ) ;
#5576 = CARTESIAN_POINT ( 'NONE',  ( -3.245000000000000107, -4.297206436302234422, -3.491456256055070333E-12 ) ) ;
#5577 = COLOUR_RGB ( '',0.7764705882352941346, 0.7568627450980391913, 0.7372549019607843590 ) ;
#5578 = CARTESIAN_POINT ( 'NONE',  ( -0.8350000000000000755, 3.710002195023270222, 1.500000000000000000 ) ) ;
#5579 = CARTESIAN_POINT ( 'NONE',  ( -4.930000000000000604, -3.200000000000000178, 1.550000000000000044 ) ) ;
#5580 =( GEOMETRIC_REPRESENTATION_CONTEXT ( 3 ) GLOBAL_UNCERTAINTY_ASSIGNED_CONTEXT ( ( #6101 ) ) GLOBAL_UNIT_ASSIGNED_CONTEXT ( ( #3453, #4524, #3917 ) ) REPRESENTATION_CONTEXT ( 'NONE', 'WORKASPACE' ) );
#5581 = EDGE_CURVE ( 'NONE', #2751, #2886, #3222, .T. ) ;
#5582 = CARTESIAN_POINT ( 'NONE',  ( -4.930000000000000604, -3.168116515749499928, 1.699999999999999956 ) ) ;
#5583 = EDGE_CURVE ( 'NONE', #104, #2641, #6351, .T. ) ;
#5584 = CARTESIAN_POINT ( 'NONE',  ( -4.044999999999999929, -4.810002195023270311, -3.491510466163695012E-12 ) ) ;
#5585 = ORIENTED_EDGE ( 'NONE', *, *, #2785, .T. ) ;
#5586 = DIRECTION ( 'NONE',  ( 0.000000000000000000, 0.000000000000000000, 1.000000000000000000 ) ) ;
#5587 = PRESENTATION_LAYER_ASSIGNMENT (  '', '', ( #2278 ) ) ;
#5588 = UNCERTAINTY_MEASURE_WITH_UNIT (LENGTH_MEASURE( 1.000000000000000082E-05 ), #6317, 'distance_accuracy_value', 'NONE');
#5589 = STYLED_ITEM ( 'NONE', ( #7080 ), #6798 ) ;
#5590 = CARTESIAN_POINT ( 'NONE',  ( 3.575000000000000178, 4.810002195023270311, -3.491510466163695012E-12 ) ) ;
#5591 = EDGE_LOOP ( 'NONE', ( #4961, #612, #4442, #5645 ) ) ;
#5592 = DIRECTION ( 'NONE',  ( 0.000000000000000000, 0.000000000000000000, -1.000000000000000000 ) ) ;
#5593 = CARTESIAN_POINT ( 'NONE',  ( -3.245000000000000107, 3.910002195023270399, -3.491456256055070333E-12 ) ) ;
#5594 = VECTOR ( 'NONE', #398, 1000.000000000000000 ) ;
#5595 = CARTESIAN_POINT ( 'NONE',  ( 3.575000000000000178, -4.310002195023275640, -3.491510466163695012E-12 ) ) ;
#5596 = ORIENTED_EDGE ( 'NONE', *, *, #1505, .F. ) ;
#5597 = VECTOR ( 'NONE', #567, 1000.000000000000000 ) ;
#5598 = PLANE ( 'NONE',  #1690 ) ;
#5599 = EDGE_CURVE ( 'NONE', #6111, #2534, #641, .T. ) ;
#5600 = COLOUR_RGB ( '',0.7764705882352941346, 0.7568627450980391913, 0.7372549019607843590 ) ;
#5601 = UNCERTAINTY_MEASURE_WITH_UNIT (LENGTH_MEASURE( 1.000000000000000082E-05 ), #5160, 'distance_accuracy_value', 'NONE');
#5602 = SURFACE_STYLE_USAGE ( .BOTH. , #4455 ) ;
#5603 = EDGE_LOOP ( 'NONE', ( #3389, #6626, #1380, #3573 ) ) ;
#5604 = PRESENTATION_LAYER_ASSIGNMENT (  '', '', ( #217 ) ) ;
#5605 = ORIENTED_EDGE ( 'NONE', *, *, #353, .F. ) ;
#5606 = LINE ( 'NONE', #6196, #3799 ) ;
#5607 = VERTEX_POINT ( 'NONE', #4729 ) ;
#5608 =( GEOMETRIC_REPRESENTATION_CONTEXT ( 3 ) GLOBAL_UNCERTAINTY_ASSIGNED_CONTEXT ( ( #1926 ) ) GLOBAL_UNIT_ASSIGNED_CONTEXT ( ( #5872, #3903, #6055 ) ) REPRESENTATION_CONTEXT ( 'NONE', 'WORKASPACE' ) );
#5609 = LINE ( 'NONE', #6352, #5377 ) ;
#5610 = PRESENTATION_STYLE_ASSIGNMENT (( #3925 ) ) ;
#5611 = VECTOR ( 'NONE', #5407, 1000.000000000000114 ) ;
#5612 = FILL_AREA_STYLE_COLOUR ( '', #2411 ) ;
#5613 = DIRECTION ( 'NONE',  ( 0.000000000000000000, 0.000000000000000000, 1.000000000000000000 ) ) ;
#5614 = ORIENTED_EDGE ( 'NONE', *, *, #4629, .T. ) ;
#5615 = FILL_AREA_STYLE_COLOUR ( '', #5005 ) ;
#5616 = VECTOR ( 'NONE', #4361, 1000.000000000000000 ) ;
#5617 = DIRECTION ( 'NONE',  ( 0.000000000000000000, 0.000000000000000000, -1.000000000000000000 ) ) ;
#5618 =( NAMED_UNIT ( * ) SI_UNIT ( $, .STERADIAN. ) SOLID_ANGLE_UNIT ( ) );
#5619 = FILL_AREA_STYLE ('',( #6870 ) ) ;
#5620 = ORIENTED_EDGE ( 'NONE', *, *, #477, .T. ) ;
#5621 = PLANE ( 'NONE',  #4938 ) ;
#5622 = VECTOR ( 'NONE', #2096, 1000.000000000000000 ) ;
#5623 = FILL_AREA_STYLE_COLOUR ( '', #6821 ) ;
#5624 = SURFACE_STYLE_FILL_AREA ( #238 ) ;
#5625 = EDGE_CURVE ( 'NONE', #1510, #808, #1973, .T. ) ;
#5626 = CARTESIAN_POINT ( 'NONE',  ( -4.244999999999999218, 3.710002195023270222, 0.1999999999965084985 ) ) ;
#5627 = VERTEX_POINT ( 'NONE', #5803 ) ;
#5628 = FILL_AREA_STYLE ('',( #124 ) ) ;
#5629 = EDGE_CURVE ( 'NONE', #6928, #3480, #885, .T. ) ;
#5630 = PRESENTATION_STYLE_ASSIGNMENT (( #5702 ) ) ;
#5631 = DIRECTION ( 'NONE',  ( 0.000000000000000000, 0.000000000000000000, -1.000000000000000000 ) ) ;
#5632 = SURFACE_STYLE_FILL_AREA ( #4448 ) ;
#5633 = ORIENTED_EDGE ( 'NONE', *, *, #5762, .T. ) ;
#5634 =( NAMED_UNIT ( * ) PLANE_ANGLE_UNIT ( ) SI_UNIT ( $, .RADIAN. ) );
#5635 = EDGE_CURVE ( 'NONE', #5704, #1331, #5262, .T. ) ;
#5636 = ORIENTED_EDGE ( 'NONE', *, *, #2120, .T. ) ;
#5637 = SURFACE_STYLE_USAGE ( .BOTH. , #1329 ) ;
#5638 = UNCERTAINTY_MEASURE_WITH_UNIT (LENGTH_MEASURE( 1.000000000000000082E-05 ), #447, 'distance_accuracy_value', 'NONE');
#5639 = MECHANICAL_DESIGN_GEOMETRIC_PRESENTATION_REPRESENTATION (  '', ( #4144 ), #7040 ) ;
#5640 = ORIENTED_EDGE ( 'NONE', *, *, #361, .T. ) ;
#5641 = DIRECTION ( 'NONE',  ( 0.000000000000000000, 0.000000000000000000, -1.000000000000000000 ) ) ;
#5642 = CARTESIAN_POINT ( 'NONE',  ( 1.834999999999999964, 3.610002195023269689, 1.399999999999999911 ) ) ;
#5643 = ORIENTED_EDGE ( 'NONE', *, *, #5490, .T. ) ;
#5644 = DIRECTION ( 'NONE',  ( 1.000000000000000000, 0.000000000000000000, 0.000000000000000000 ) ) ;
#5645 = ORIENTED_EDGE ( 'NONE', *, *, #1423, .T. ) ;
#5646 = DIRECTION ( 'NONE',  ( -1.000000000000000000, 0.000000000000000000, 0.000000000000000000 ) ) ;
#5647 = CYLINDRICAL_SURFACE ( 'NONE', #5432, 0.1000000000000000472 ) ;
#5648 = EDGE_CURVE ( 'NONE', #4029, #6119, #2077, .T. ) ;
#5649 =( NAMED_UNIT ( * ) PLANE_ANGLE_UNIT ( ) SI_UNIT ( $, .RADIAN. ) );
#5650 = EDGE_LOOP ( 'NONE', ( #1529, #1441, #1295, #3176, #3279, #3806, #2674, #2719, #1415, #5890, #4252, #2155, #2814 ) ) ;
#5651 =( LENGTH_UNIT ( ) NAMED_UNIT ( * ) SI_UNIT ( .MILLI., .METRE. ) );
#5652 = UNCERTAINTY_MEASURE_WITH_UNIT (LENGTH_MEASURE( 1.000000000000000082E-05 ), #3959, 'distance_accuracy_value', 'NONE');
#5653 = PRESENTATION_LAYER_ASSIGNMENT (  '', '', ( #1054 ) ) ;
#5654 = DIRECTION ( 'NONE',  ( -0.000000000000000000, 1.000000000000000000, 0.000000000000000000 ) ) ;
#5655 = CARTESIAN_POINT ( 'NONE',  ( -1.834999999999999964, -3.710002195023270222, 0.000000000000000000 ) ) ;
#5656 = DIRECTION ( 'NONE',  ( -0.2079116908177601197, 0.000000000000000000, 0.9781476007338055778 ) ) ;
#5657 = CARTESIAN_POINT ( 'NONE',  ( -4.244999999999999218, -3.910002195023270399, 0.1999999999965084985 ) ) ;
#5658 = PRESENTATION_LAYER_ASSIGNMENT (  '', '', ( #4732 ) ) ;
#5659 = SURFACE_STYLE_FILL_AREA ( #5619 ) ;
#5660 = VERTEX_POINT ( 'NONE', #513 ) ;
#5661 = PRESENTATION_STYLE_ASSIGNMENT (( #1279 ) ) ;
#5662 = VECTOR ( 'NONE', #5340, 1000.000000000000000 ) ;
#5663 = SURFACE_STYLE_FILL_AREA ( #5228 ) ;
#5664 = DIRECTION ( 'NONE',  ( 0.000000000000000000, 0.000000000000000000, 1.000000000000000000 ) ) ;
#5665 = LINE ( 'NONE', #5510, #2735 ) ;
#5666 = ORIENTED_EDGE ( 'NONE', *, *, #1904, .T. ) ;
#5667 = UNCERTAINTY_MEASURE_WITH_UNIT (LENGTH_MEASURE( 1.000000000000000082E-05 ), #6191, 'distance_accuracy_value', 'NONE');
#5668 = PLANE ( 'NONE',  #1818 ) ;
#5669 = VECTOR ( 'NONE', #2762, 1000.000000000000000 ) ;
#5670 = MECHANICAL_DESIGN_GEOMETRIC_PRESENTATION_REPRESENTATION (  '', ( #4066 ), #4400 ) ;
#5671 = ORIENTED_EDGE ( 'NONE', *, *, #2967, .F. ) ;
#5672 = SURFACE_SIDE_STYLE ('',( #5025 ) ) ;
#5673 = CIRCLE ( 'NONE', #3502, 0.2000000000000000944 ) ;
#5674 = DIRECTION ( 'NONE',  ( -1.000000000000000000, 0.000000000000000000, 0.000000000000000000 ) ) ;
#5675 = EDGE_LOOP ( 'NONE', ( #4306, #4335, #3102, #6004 ) ) ;
#5676 = FACE_OUTER_BOUND ( 'NONE', #3452, .T. ) ;
#5677 = ORIENTED_EDGE ( 'NONE', *, *, #3052, .F. ) ;
#5678 = CARTESIAN_POINT ( 'NONE',  ( -3.959637898119380495, -1.500000000000000000, 2.799999999999999822 ) ) ;
#5679 = ORIENTED_EDGE ( 'NONE', *, *, #4187, .F. ) ;
#5680 = EDGE_CURVE ( 'NONE', #1408, #1600, #5542, .T. ) ;
#5681 = VERTEX_POINT ( 'NONE', #2296 ) ;
#5682 = VECTOR ( 'NONE', #2339, 1000.000000000000000 ) ;
#5683 = FILL_AREA_STYLE ('',( #5747 ) ) ;
#5684 = SURFACE_STYLE_USAGE ( .BOTH. , #5748 ) ;
#5685 = SURFACE_STYLE_FILL_AREA ( #2966 ) ;
#5686 = FACE_OUTER_BOUND ( 'NONE', #1155, .T. ) ;
#5687 = ORIENTED_EDGE ( 'NONE', *, *, #6029, .T. ) ;
#5688 = SURFACE_STYLE_FILL_AREA ( #5038 ) ;
#5689 = VECTOR ( 'NONE', #3285, 1000.000000000000000 ) ;
#5690 = DIRECTION ( 'NONE',  ( 1.000000000000000000, 0.000000000000000000, 0.000000000000000000 ) ) ;
#5691 = DIRECTION ( 'NONE',  ( 0.000000000000000000, 0.2079116908177598699, -0.9781476007338054668 ) ) ;
#5692 = EDGE_LOOP ( 'NONE', ( #7066, #4666, #3190, #4102, #4099, #2165, #241, #5181 ) ) ;
#5693 = DIRECTION ( 'NONE',  ( 0.000000000000000000, 0.000000000000000000, -1.000000000000000000 ) ) ;
#5694 = LINE ( 'NONE', #2976, #2002 ) ;
#5695 = FILL_AREA_STYLE ('',( #3507 ) ) ;
#5696 =( GEOMETRIC_REPRESENTATION_CONTEXT ( 3 ) GLOBAL_UNCERTAINTY_ASSIGNED_CONTEXT ( ( #2305 ) ) GLOBAL_UNIT_ASSIGNED_CONTEXT ( ( #5651, #2395, #3500 ) ) REPRESENTATION_CONTEXT ( 'NONE', 'WORKASPACE' ) );
#5697 = DIRECTION ( 'NONE',  ( -1.000000000000000000, 0.000000000000000000, 0.000000000000000000 ) ) ;
#5698 = LINE ( 'NONE', #5799, #834 ) ;
#5699 = DIRECTION ( 'NONE',  ( 0.000000000000000000, 1.000000000000000000, 0.000000000000000000 ) ) ;
#5700 =( NAMED_UNIT ( * ) PLANE_ANGLE_UNIT ( ) SI_UNIT ( $, .RADIAN. ) );
#5701 = VECTOR ( 'NONE', #2766, 1000.000000000000000 ) ;
#5702 = SURFACE_STYLE_USAGE ( .BOTH. , #4555 ) ;
#5703 = CIRCLE ( 'NONE', #4319, 0.09999999999999999167 ) ;
#5704 = VERTEX_POINT ( 'NONE', #4389 ) ;
#5705 =( NAMED_UNIT ( * ) PLANE_ANGLE_UNIT ( ) SI_UNIT ( $, .RADIAN. ) );
#5706 = PRESENTATION_STYLE_ASSIGNMENT (( #3557 ) ) ;
#5707 = LINE ( 'NONE', #4703, #5784 ) ;
#5708 = EDGE_CURVE ( 'NONE', #6667, #4603, #1676, .T. ) ;
#5709 = VECTOR ( 'NONE', #2448, 1000.000000000000000 ) ;
#5710 = EDGE_LOOP ( 'NONE', ( #4513, #3119, #1656, #1659 ) ) ;
#5711 = DIRECTION ( 'NONE',  ( -1.000000000000000000, -2.628368902995165181E-15, 0.000000000000000000 ) ) ;
#5712 = COLOUR_RGB ( '',0.7764705882352941346, 0.7568627450980391913, 0.7372549019607843590 ) ;
#5713 = VERTEX_POINT ( 'NONE', #3859 ) ;
#5714 = PRESENTATION_STYLE_ASSIGNMENT (( #3529 ) ) ;
#5715 = ORIENTED_EDGE ( 'NONE', *, *, #4010, .F. ) ;
#5716 = COLOUR_RGB ( '',0.7764705882352941346, 0.7568627450980391913, 0.7372549019607843590 ) ;
#5717 =( LENGTH_UNIT ( ) NAMED_UNIT ( * ) SI_UNIT ( .MILLI., .METRE. ) );
#5718 = CARTESIAN_POINT ( 'NONE',  ( 4.244999999999999218, -3.710002195023270222, 1.399999999999999911 ) ) ;
#5719 =( GEOMETRIC_REPRESENTATION_CONTEXT ( 3 ) GLOBAL_UNCERTAINTY_ASSIGNED_CONTEXT ( ( #188 ) ) GLOBAL_UNIT_ASSIGNED_CONTEXT ( ( #4315, #3753, #2682 ) ) REPRESENTATION_CONTEXT ( 'NONE', 'WORKASPACE' ) );
#5720 = EDGE_CURVE ( 'NONE', #2590, #763, #6091, .T. ) ;
#5721 = STYLED_ITEM ( 'NONE', ( #907 ), #756 ) ;
#5722 = ORIENTED_EDGE ( 'NONE', *, *, #1743, .T. ) ;
#5723 = ADVANCED_FACE ( 'NONE', ( #2725 ), #3249, .T. ) ;
#5724 = UNCERTAINTY_MEASURE_WITH_UNIT (LENGTH_MEASURE( 1.000000000000000082E-05 ), #4846, 'distance_accuracy_value', 'NONE');
#5725 = LINE ( 'NONE', #1307, #3089 ) ;
#5726 = LINE ( 'NONE', #842, #1984 ) ;
#5727 = VERTEX_POINT ( 'NONE', #4870 ) ;
#5728 = SURFACE_STYLE_FILL_AREA ( #3543 ) ;
#5729 = FACE_OUTER_BOUND ( 'NONE', #6274, .T. ) ;
#5730 = PRESENTATION_STYLE_ASSIGNMENT (( #1350 ) ) ;
#5731 = VERTEX_POINT ( 'NONE', #5466 ) ;
#5732 = STYLED_ITEM ( 'NONE', ( #5661 ), #1283 ) ;
#5733 = SURFACE_SIDE_STYLE ('',( #740 ) ) ;
#5734 = FILL_AREA_STYLE_COLOUR ( '', #902 ) ;
#5735 = PRESENTATION_STYLE_ASSIGNMENT (( #5230 ) ) ;
#5736 = VECTOR ( 'NONE', #1018, 1000.000000000000000 ) ;
#5737 = CARTESIAN_POINT ( 'NONE',  ( 3.245000000000000107, 0.000000000000000000, 1.500000000000000000 ) ) ;
#5738 = ADVANCED_FACE ( 'NONE', ( #7083 ), #4474, .T. ) ;
#5739 = CARTESIAN_POINT ( 'NONE',  ( 1.834999999999999964, -3.710002195023270222, 1.500000000000000000 ) ) ;
#5740 = CARTESIAN_POINT ( 'NONE',  ( -4.244999999999999218, -3.110002195023275018, 0.000000000000000000 ) ) ;
#5741 = DIRECTION ( 'NONE',  ( 1.000000000000000000, 0.000000000000000000, 0.000000000000000000 ) ) ;
#5742 =( NAMED_UNIT ( * ) SI_UNIT ( $, .STERADIAN. ) SOLID_ANGLE_UNIT ( ) );
#5743 =( NAMED_UNIT ( * ) PLANE_ANGLE_UNIT ( ) SI_UNIT ( $, .RADIAN. ) );
#5744 = FILL_AREA_STYLE_COLOUR ( '', #44 ) ;
#5745 = DIRECTION ( 'NONE',  ( 1.000000000000000000, 0.000000000000000000, 0.000000000000000000 ) ) ;
#5746 = VERTEX_POINT ( 'NONE', #5504 ) ;
#5747 = FILL_AREA_STYLE_COLOUR ( '', #5296 ) ;
#5748 = SURFACE_SIDE_STYLE ('',( #3495 ) ) ;
#5749 = VECTOR ( 'NONE', #2430, 1000.000000000000000 ) ;
#5750 = DIRECTION ( 'NONE',  ( 0.000000000000000000, 0.000000000000000000, 1.000000000000000000 ) ) ;
#5751 = ORIENTED_EDGE ( 'NONE', *, *, #6308, .T. ) ;
#5752 = VERTEX_POINT ( 'NONE', #2440 ) ;
#5753 = STYLED_ITEM ( 'NONE', ( #5550 ), #2888 ) ;
#5754 = CYLINDRICAL_SURFACE ( 'NONE', #2758, 0.2000000000000000944 ) ;
#5755 = EDGE_CURVE ( 'NONE', #3201, #800, #270, .T. ) ;
#5756 = CARTESIAN_POINT ( 'NONE',  ( 4.244999999999999218, -3.189372171916499799, 1.500000000000000000 ) ) ;
#5757 = CARTESIAN_POINT ( 'NONE',  ( -4.244999999999999218, -4.310002195023275640, 0.1999999999999970135 ) ) ;
#5758 = CARTESIAN_POINT ( 'NONE',  ( 1.834999999999999964, 3.710002195023270222, 1.500000000000000000 ) ) ;
#5759 = FILL_AREA_STYLE_COLOUR ( '', #2951 ) ;
#5760 = AXIS2_PLACEMENT_3D ( 'NONE', #6955, #6400, #4128 ) ;
#5761 = FACE_OUTER_BOUND ( 'NONE', #60, .T. ) ;
#5762 = EDGE_CURVE ( 'NONE', #1487, #4167, #815, .T. ) ;
#5763 = SURFACE_SIDE_STYLE ('',( #4725 ) ) ;
#5764 =( GEOMETRIC_REPRESENTATION_CONTEXT ( 3 ) GLOBAL_UNCERTAINTY_ASSIGNED_CONTEXT ( ( #2636 ) ) GLOBAL_UNIT_ASSIGNED_CONTEXT ( ( #1051, #3754, #5395 ) ) REPRESENTATION_CONTEXT ( 'NONE', 'WORKASPACE' ) );
#5765 = DIRECTION ( 'NONE',  ( 0.000000000000000000, 0.000000000000000000, 1.000000000000000000 ) ) ;
#5766 = FACE_OUTER_BOUND ( 'NONE', #2899, .T. ) ;
#5767 = EDGE_LOOP ( 'NONE', ( #1062, #1036, #5350, #2494, #4271, #486, #651, #2158 ) ) ;
#5768 = SURFACE_STYLE_FILL_AREA ( #3554 ) ;
#5769 = EDGE_CURVE ( 'NONE', #3236, #4417, #1239, .T. ) ;
#5770 = SURFACE_STYLE_USAGE ( .BOTH. , #6289 ) ;
#5771 = VECTOR ( 'NONE', #1061, 1000.000000000000000 ) ;
#5772 =( NAMED_UNIT ( * ) SI_UNIT ( $, .STERADIAN. ) SOLID_ANGLE_UNIT ( ) );
#5773 = MECHANICAL_DESIGN_GEOMETRIC_PRESENTATION_REPRESENTATION (  '', ( #5299 ), #4974 ) ;
#5774 = CARTESIAN_POINT ( 'NONE',  ( 4.521440038429579644, -2.791440038429584991, -0.3721234967315339981 ) ) ;
#5775 =( NAMED_UNIT ( * ) SI_UNIT ( $, .STERADIAN. ) SOLID_ANGLE_UNIT ( ) );
#5776 = COLOUR_RGB ( '',0.1019607843137254888, 0.1019607843137254888, 0.1019607843137254888 ) ;
#5777 = SURFACE_STYLE_USAGE ( .BOTH. , #3060 ) ;
#5778 = SURFACE_STYLE_USAGE ( .BOTH. , #3693 ) ;
#5779 = DIRECTION ( 'NONE',  ( -1.000000000000000000, 0.000000000000000000, 0.000000000000000000 ) ) ;
#5780 = VERTEX_POINT ( 'NONE', #1863 ) ;
#5781 = VECTOR ( 'NONE', #606, 1000.000000000000000 ) ;
#5782 = DIRECTION ( 'NONE',  ( 1.000000000000000000, 0.000000000000000000, 0.000000000000000000 ) ) ;
#5783 =( NAMED_UNIT ( * ) PLANE_ANGLE_UNIT ( ) SI_UNIT ( $, .RADIAN. ) );
#5784 = VECTOR ( 'NONE', #2381, 1000.000000000000000 ) ;
#5785 = MECHANICAL_DESIGN_GEOMETRIC_PRESENTATION_REPRESENTATION (  '', ( #5554 ), #4754 ) ;
#5786 = ORIENTED_EDGE ( 'NONE', *, *, #7046, .F. ) ;
#5787 = UNCERTAINTY_MEASURE_WITH_UNIT (LENGTH_MEASURE( 1.000000000000000082E-05 ), #71, 'distance_accuracy_value', 'NONE');
#5788 = VERTEX_POINT ( 'NONE', #2872 ) ;
#5789 = DIRECTION ( 'NONE',  ( 1.000000000000000000, 0.000000000000000000, 0.000000000000000000 ) ) ;
#5790 = ORIENTED_EDGE ( 'NONE', *, *, #4619, .T. ) ;
#5791 = SURFACE_STYLE_FILL_AREA ( #6341 ) ;
#5792 = DIRECTION ( 'NONE',  ( 0.000000000000000000, -1.000000000000000000, 0.000000000000000000 ) ) ;
#5793 = LINE ( 'NONE', #3928, #3987 ) ;
#5794 = SURFACE_SIDE_STYLE ('',( #6344 ) ) ;
#5795 = VECTOR ( 'NONE', #7012, 1000.000000000000114 ) ;
#5796 = EDGE_CURVE ( 'NONE', #6076, #7, #6716, .T. ) ;
#5797 = SURFACE_STYLE_USAGE ( .BOTH. , #6379 ) ;
#5798 = COLOUR_RGB ( '',0.7764705882352941346, 0.7568627450980391913, 0.7372549019607843590 ) ;
#5799 = CARTESIAN_POINT ( 'NONE',  ( 1.834999999999999964, 6.143812310751189163E-16, 1.699999999999999956 ) ) ;
#5800 = PLANE ( 'NONE',  #542 ) ;
#5801 =( LENGTH_UNIT ( ) NAMED_UNIT ( * ) SI_UNIT ( .MILLI., .METRE. ) );
#5802 = VERTEX_POINT ( 'NONE', #1784 ) ;
#5803 = CARTESIAN_POINT ( 'NONE',  ( -3.245000000000000107, 3.910002195023270399, -3.491456256055070333E-12 ) ) ;
#5804 = EDGE_CURVE ( 'NONE', #1600, #4475, #1914, .T. ) ;
#5805 = MECHANICAL_DESIGN_GEOMETRIC_PRESENTATION_REPRESENTATION (  '', ( #2499 ), #3519 ) ;
#5806 = EDGE_CURVE ( 'NONE', #1503, #1982, #231, .T. ) ;
#5807 = VECTOR ( 'NONE', #4748, 1000.000000000000000 ) ;
#5808 =( NAMED_UNIT ( * ) SI_UNIT ( $, .STERADIAN. ) SOLID_ANGLE_UNIT ( ) );
#5809 = FILL_AREA_STYLE_COLOUR ( '', #1785 ) ;
#5810 = VECTOR ( 'NONE', #4837, 1000.000000000000000 ) ;
#5811 = ORIENTED_EDGE ( 'NONE', *, *, #411, .T. ) ;
#5812 = UNCERTAINTY_MEASURE_WITH_UNIT (LENGTH_MEASURE( 1.000000000000000082E-05 ), #4920, 'distance_accuracy_value', 'NONE');
#5813 = STYLED_ITEM ( 'NONE', ( #213 ), #6254 ) ;
#5814 = CARTESIAN_POINT ( 'NONE',  ( -3.245000000000000107, 3.710002195023270222, 1.399999999999999911 ) ) ;
#5815 = PLANE ( 'NONE',  #5760 ) ;
#5816 = COLOUR_RGB ( '',0.7764705882352941346, 0.7568627450980391913, 0.7372549019607843590 ) ;
#5817 = ORIENTED_EDGE ( 'NONE', *, *, #811, .T. ) ;
#5818 = LINE ( 'NONE', #4711, #4863 ) ;
#5819 = SURFACE_STYLE_FILL_AREA ( #964 ) ;
#5820 = EDGE_CURVE ( 'NONE', #4656, #6946, #4508, .T. ) ;
#5821 = VERTEX_POINT ( 'NONE', #5112 ) ;
#5822 = AXIS2_PLACEMENT_3D ( 'NONE', #580, #2993, #5170 ) ;
#5823 = LINE ( 'NONE', #6336, #2980 ) ;
#5824 = COLOUR_RGB ( '',0.1019607843137254888, 0.1019607843137254888, 0.1019607843137254888 ) ;
#5825 = ORIENTED_EDGE ( 'NONE', *, *, #5804, .T. ) ;
#5826 = CARTESIAN_POINT ( 'NONE',  ( -0.8350000000000000755, -3.710002195023270222, 1.699999999999999956 ) ) ;
#5827 = MECHANICAL_DESIGN_GEOMETRIC_PRESENTATION_REPRESENTATION (  '', ( #1829 ), #5719 ) ;
#5828 = CARTESIAN_POINT ( 'NONE',  ( 4.244999999999999218, -4.010002195023269600, 0.2999999999999999889 ) ) ;
#5829 = CARTESIAN_POINT ( 'NONE',  ( 3.575000000000000178, 4.810002195023270311, -3.491510466163695012E-12 ) ) ;
#5830 = CARTESIAN_POINT ( 'NONE',  ( -0.8350000000000000755, 3.200000000000000178, 1.550000000000000044 ) ) ;
#5831 =( LENGTH_UNIT ( ) NAMED_UNIT ( * ) SI_UNIT ( .MILLI., .METRE. ) );
#5832 = CIRCLE ( 'NONE', #3650, 0.7596378981193779856 ) ;
#5833 = AXIS2_PLACEMENT_3D ( 'NONE', #3120, #2553, #289 ) ;
#5834 = CARTESIAN_POINT ( 'NONE',  ( -1.834999999999999964, 3.189372171916499799, 1.500000000000000000 ) ) ;
#5835 = CARTESIAN_POINT ( 'NONE',  ( 0.8350000000000000755, 3.710002195023270222, 1.699999999999999956 ) ) ;
#5836 = DIRECTION ( 'NONE',  ( 0.000000000000000000, 3.614007241618360111E-16, -1.000000000000000000 ) ) ;
#5837 = CARTESIAN_POINT ( 'NONE',  ( 4.044999999999999929, -4.810002195023270311, 0.1999999999999965139 ) ) ;
#5838 = CARTESIAN_POINT ( 'NONE',  ( -3.245000000000000107, 4.310002195023275640, -3.491510466163695012E-12 ) ) ;
#5839 = DIRECTION ( 'NONE',  ( 1.000000000000000000, 0.000000000000000000, 0.000000000000000000 ) ) ;
#5840 = SURFACE_SIDE_STYLE ('',( #6499 ) ) ;
#5841 = LINE ( 'NONE', #6500, #1122 ) ;
#5842 = PRESENTATION_LAYER_ASSIGNMENT (  '', '', ( #2988 ) ) ;
#5843 = ADVANCED_FACE ( 'NONE', ( #6278 ), #2977, .T. ) ;
#5844 = EDGE_CURVE ( 'NONE', #1196, #2378, #1822, .T. ) ;
#5845 = EDGE_CURVE ( 'NONE', #3228, #5245, #1898, .T. ) ;
#5846 = CARTESIAN_POINT ( 'NONE',  ( 1.834999999999999964, -6.143812310751189163E-16, 1.699999999999999956 ) ) ;
#5847 = VERTEX_POINT ( 'NONE', #6236 ) ;
#5848 = SURFACE_STYLE_USAGE ( .BOTH. , #246 ) ;
#5849 = FACE_OUTER_BOUND ( 'NONE', #5899, .T. ) ;
#5850 = CARTESIAN_POINT ( 'NONE',  ( -0.8350000000000000755, -3.200000000000000178, 1.550000000000000044 ) ) ;
#5851 = ORIENTED_EDGE ( 'NONE', *, *, #4396, .F. ) ;
#5853 = ADVANCED_FACE ( 'NONE', ( #3467 ), #1313, .T. ) ;
#5852 = DIRECTION ( 'NONE',  ( 0.000000000000000000, 0.000000000000000000, 1.000000000000000000 ) ) ;
#5854 = ORIENTED_EDGE ( 'NONE', *, *, #2835, .F. ) ;
#5855 = FILL_AREA_STYLE_COLOUR ( '', #856 ) ;
#5856 = CARTESIAN_POINT ( 'NONE',  ( 3.245000000000000107, -4.310002195023275640, -3.491510466163695012E-12 ) ) ;
#5857 = ORIENTED_EDGE ( 'NONE', *, *, #1687, .F. ) ;
#5858 = PRESENTATION_STYLE_ASSIGNMENT (( #4104 ) ) ;
#5859 = UNCERTAINTY_MEASURE_WITH_UNIT (LENGTH_MEASURE( 1.000000000000000082E-05 ), #3735, 'distance_accuracy_value', 'NONE');
#5860 = CARTESIAN_POINT ( 'NONE',  ( 0.8350000000000000755, -3.910002195023270399, 0.2999999999999999889 ) ) ;
#5861 = VERTEX_POINT ( 'NONE', #7035 ) ;
#5862 = EDGE_CURVE ( 'NONE', #4408, #4527, #7004, .T. ) ;
#5863 = LINE ( 'NONE', #2640, #4103 ) ;
#5864 = ORIENTED_EDGE ( 'NONE', *, *, #3052, .T. ) ;
#5865 = FILL_AREA_STYLE ('',( #4245 ) ) ;
#5866 = DIRECTION ( 'NONE',  ( 0.000000000000000000, -1.000000000000000000, 6.776263578034390387E-17 ) ) ;
#5867 = DIRECTION ( 'NONE',  ( 0.000000000000000000, -1.000000000000000000, 6.776263578034390387E-17 ) ) ;
#5868 = ORIENTED_EDGE ( 'NONE', *, *, #3589, .T. ) ;
#5869 = DIRECTION ( 'NONE',  ( -1.000000000000000000, 0.000000000000000000, 0.000000000000000000 ) ) ;
#5870 = CIRCLE ( 'NONE', #1974, 0.2000000000000000944 ) ;
#5871 = PLANE ( 'NONE',  #5141 ) ;
#5872 =( LENGTH_UNIT ( ) NAMED_UNIT ( * ) SI_UNIT ( .MILLI., .METRE. ) );
#5873 = DIRECTION ( 'NONE',  ( 0.000000000000000000, 0.2079116908177601197, -0.9781476007338055778 ) ) ;
#5874 = SURFACE_STYLE_USAGE ( .BOTH. , #6454 ) ;
#5875 = CARTESIAN_POINT ( 'NONE',  ( 3.245000000000000107, -3.200000000000000178, 1.550000000000000044 ) ) ;
#5876 = ORIENTED_EDGE ( 'NONE', *, *, #4811, .F. ) ;
#5877 = LINE ( 'NONE', #986, #1216 ) ;
#5878 = ORIENTED_EDGE ( 'NONE', *, *, #4143, .F. ) ;
#5879 = CARTESIAN_POINT ( 'NONE',  ( 1.834999999999999964, -3.200000000000000178, 1.550000000000000044 ) ) ;
#5880 = FILL_AREA_STYLE ('',( #379 ) ) ;
#5881 =( LENGTH_UNIT ( ) NAMED_UNIT ( * ) SI_UNIT ( .MILLI., .METRE. ) );
#5882 =( NAMED_UNIT ( * ) SI_UNIT ( $, .STERADIAN. ) SOLID_ANGLE_UNIT ( ) );
#5883 = MECHANICAL_DESIGN_GEOMETRIC_PRESENTATION_REPRESENTATION (  '', ( #367 ), #1883 ) ;
#5884 = EDGE_LOOP ( 'NONE', ( #3601, #6591, #696, #3700 ) ) ;
#5885 =( NAMED_UNIT ( * ) SI_UNIT ( $, .STERADIAN. ) SOLID_ANGLE_UNIT ( ) );
#5886 = SURFACE_STYLE_USAGE ( .BOTH. , #3263 ) ;
#5887 = PLANE ( 'NONE',  #3649 ) ;
#5888 = COLOUR_RGB ( '',0.7764705882352941346, 0.7568627450980391913, 0.7372549019607843590 ) ;
#5889 = COLOUR_RGB ( '',0.7764705882352941346, 0.7568627450980391913, 0.7372549019607843590 ) ;
#5890 = ORIENTED_EDGE ( 'NONE', *, *, #2260, .T. ) ;
#5891 = CARTESIAN_POINT ( 'NONE',  ( -3.245000000000000107, 3.610002195023269689, 1.500000000000000000 ) ) ;
#5892 = FILL_AREA_STYLE ('',( #5855 ) ) ;
#5893 = FILL_AREA_STYLE_COLOUR ( '', #1582 ) ;
#5894 = ORIENTED_EDGE ( 'NONE', *, *, #732, .F. ) ;
#5895 = CARTESIAN_POINT ( 'NONE',  ( 1.834999999999999964, -4.010002195023269600, 0.2999999999999999889 ) ) ;
#5896 = PRESENTATION_LAYER_ASSIGNMENT (  '', '', ( #3945 ) ) ;
#5897 = EDGE_CURVE ( 'NONE', #5561, #1335, #5253, .T. ) ;
#5898 = ADVANCED_FACE ( 'NONE', ( #305 ), #4829, .F. ) ;
#5899 = EDGE_LOOP ( 'NONE', ( #1042, #6427, #534, #5444 ) ) ;
#5900 = CARTESIAN_POINT ( 'NONE',  ( -1.834999999999999964, 0.000000000000000000, 0.000000000000000000 ) ) ;
#5901 = ORIENTED_EDGE ( 'NONE', *, *, #628, .F. ) ;
#5902 = SURFACE_SIDE_STYLE ('',( #3071 ) ) ;
#5903 = AXIS2_PLACEMENT_3D ( 'NONE', #3818, #3221, #594 ) ;
#5904 = CARTESIAN_POINT ( 'NONE',  ( -1.034999999999999920, 4.310002195023275640, 0.1999999999999965139 ) ) ;
#5905 = DIRECTION ( 'NONE',  ( 0.000000000000000000, 0.000000000000000000, -1.000000000000000000 ) ) ;
#5906 = COLOUR_RGB ( '',0.7764705882352941346, 0.7568627450980391913, 0.7372549019607843590 ) ;
#5907 = DIRECTION ( 'NONE',  ( -1.000000000000000000, 0.000000000000000000, 0.000000000000000000 ) ) ;
#5908 = DIRECTION ( 'NONE',  ( 1.000000000000000000, 0.000000000000000000, 0.000000000000000000 ) ) ;
#5909 = AXIS2_PLACEMENT_3D ( 'NONE', #3730, #2736, #1475 ) ;
#5910 =( GEOMETRIC_REPRESENTATION_CONTEXT ( 3 ) GLOBAL_UNCERTAINTY_ASSIGNED_CONTEXT ( ( #1217 ) ) GLOBAL_UNIT_ASSIGNED_CONTEXT ( ( #6809, #4675, #6257 ) ) REPRESENTATION_CONTEXT ( 'NONE', 'WORKASPACE' ) );
#5911 = MECHANICAL_DESIGN_GEOMETRIC_PRESENTATION_REPRESENTATION (  '', ( #4073 ), #33 ) ;
#5912 = CARTESIAN_POINT ( 'NONE',  ( -4.244999999999999218, 3.200000000000000178, 1.550000000000000044 ) ) ;
#5913 = LINE ( 'NONE', #7079, #7000 ) ;
#5914 =( LENGTH_UNIT ( ) NAMED_UNIT ( * ) SI_UNIT ( .MILLI., .METRE. ) );
#5915 = LINE ( 'NONE', #4318, #319 ) ;
#5916 = PLANE ( 'NONE',  #5428 ) ;
#5917 = LINE ( 'NONE', #4184, #6153 ) ;
#5918 = EDGE_CURVE ( 'NONE', #171, #1522, #2072, .T. ) ;
#5919 = VECTOR ( 'NONE', #6103, 1000.000000000000000 ) ;
#5920 = CARTESIAN_POINT ( 'NONE',  ( -3.245000000000000107, -3.910002195023270399, 1.500000000000000000 ) ) ;
#5921 = CARTESIAN_POINT ( 'NONE',  ( -4.044999999999999929, -4.810002195023270311, 0.1999999999999965139 ) ) ;
#5922 =( NAMED_UNIT ( * ) SI_UNIT ( $, .STERADIAN. ) SOLID_ANGLE_UNIT ( ) );
#5923 = ORIENTED_EDGE ( 'NONE', *, *, #1614, .F. ) ;
#5924 = PLANE ( 'NONE',  #2488 ) ;
#5925 = COLOUR_RGB ( '',0.7764705882352941346, 0.7568627450980391913, 0.7372549019607843590 ) ;
#5926 = CARTESIAN_POINT ( 'NONE',  ( -4.930000000000000604, 3.200000000000000178, 1.550000000000000044 ) ) ;
#5927 = FACE_OUTER_BOUND ( 'NONE', #1296, .T. ) ;
#5928 = STYLED_ITEM ( 'NONE', ( #6230 ), #6107 ) ;
#5929 = ORIENTED_EDGE ( 'NONE', *, *, #4883, .F. ) ;
#5930 = SURFACE_STYLE_USAGE ( .BOTH. , #4235 ) ;
#5931 = FILL_AREA_STYLE ('',( #6473 ) ) ;
#5932 =( GEOMETRIC_REPRESENTATION_CONTEXT ( 3 ) GLOBAL_UNCERTAINTY_ASSIGNED_CONTEXT ( ( #4069 ) ) GLOBAL_UNIT_ASSIGNED_CONTEXT ( ( #164, #5165, #4599 ) ) REPRESENTATION_CONTEXT ( 'NONE', 'WORKASPACE' ) );
#5933 = CARTESIAN_POINT ( 'NONE',  ( -4.643048641745470384, -2.913048641745470402, 2.899999999999999911 ) ) ;
#5934 =( NAMED_UNIT ( * ) PLANE_ANGLE_UNIT ( ) SI_UNIT ( $, .RADIAN. ) );
#5935 = ORIENTED_EDGE ( 'NONE', *, *, #1948, .T. ) ;
#5936 = CARTESIAN_POINT ( 'NONE',  ( 3.575000000000000178, -4.810002195023270311, -3.491510466163695012E-12 ) ) ;
#5937 =( GEOMETRIC_REPRESENTATION_CONTEXT ( 3 ) GLOBAL_UNCERTAINTY_ASSIGNED_CONTEXT ( ( #3875 ) ) GLOBAL_UNIT_ASSIGNED_CONTEXT ( ( #2812, #723, #2919 ) ) REPRESENTATION_CONTEXT ( 'NONE', 'WORKASPACE' ) );
#5938 = UNCERTAINTY_MEASURE_WITH_UNIT (LENGTH_MEASURE( 1.000000000000000082E-05 ), #1680, 'distance_accuracy_value', 'NONE');
#5939 = ORIENTED_EDGE ( 'NONE', *, *, #529, .F. ) ;
#5940 = CARTESIAN_POINT ( 'NONE',  ( 3.575000000000000178, 4.810002195023270311, -3.491510466163695012E-12 ) ) ;
#5941 = ORIENTED_EDGE ( 'NONE', *, *, #1064, .F. ) ;
#5942 = SURFACE_STYLE_USAGE ( .BOTH. , #5902 ) ;
#5943 = VECTOR ( 'NONE', #5047, 1000.000000000000000 ) ;
#5944 = CARTESIAN_POINT ( 'NONE',  ( 3.245000000000000107, -4.810002195023270311, -3.491456256055070333E-12 ) ) ;
#5945 = EDGE_CURVE ( 'NONE', #972, #2910, #6488, .T. ) ;
#5946 = EDGE_CURVE ( 'NONE', #3525, #6743, #4693, .T. ) ;
#5947 = DIRECTION ( 'NONE',  ( 0.000000000000000000, 0.000000000000000000, -1.000000000000000000 ) ) ;
#5948 = MECHANICAL_DESIGN_GEOMETRIC_PRESENTATION_REPRESENTATION (  '', ( #3873 ), #1698 ) ;
#5949 = DIRECTION ( 'NONE',  ( 1.000000000000000000, 0.000000000000000000, 0.000000000000000000 ) ) ;
#5950 = AXIS2_PLACEMENT_3D ( 'NONE', #6867, #4691, #5656 ) ;
#5951 = CARTESIAN_POINT ( 'NONE',  ( -0.8350000000000000755, -3.910002195023270399, 0.2999999999999999889 ) ) ;
#5952 = VECTOR ( 'NONE', #3055, 1000.000000000000000 ) ;
#5953 = FILL_AREA_STYLE_COLOUR ( '', #573 ) ;
#5954 = STYLED_ITEM ( 'NONE', ( #6044 ), #552 ) ;
#5955 = LINE ( 'NONE', #4214, #2162 ) ;
#5956 = DIRECTION ( 'NONE',  ( 1.000000000000000000, 0.000000000000000000, 0.000000000000000000 ) ) ;
#5957 =( GEOMETRIC_REPRESENTATION_CONTEXT ( 3 ) GLOBAL_UNCERTAINTY_ASSIGNED_CONTEXT ( ( #3208 ) ) GLOBAL_UNIT_ASSIGNED_CONTEXT ( ( #636, #1099, #2192 ) ) REPRESENTATION_CONTEXT ( 'NONE', 'WORKASPACE' ) );
#5958 = DIRECTION ( 'NONE',  ( 0.2035585949527794203, 0.2035585949527794203, 0.9576678948579724349 ) ) ;
#5959 = CIRCLE ( 'NONE', #1130, 0.09999999999999999167 ) ;
#5960 = DIRECTION ( 'NONE',  ( 0.000000000000000000, -1.000000000000000000, 0.000000000000000000 ) ) ;
#5961 = DIRECTION ( 'NONE',  ( 0.000000000000000000, -1.000000000000000000, 0.000000000000000000 ) ) ;
#5962 = VECTOR ( 'NONE', #5147, 1000.000000000000000 ) ;
#5963 = EDGE_CURVE ( 'NONE', #3860, #3269, #6868, .T. ) ;
#5964 = VECTOR ( 'NONE', #1688, 1000.000000000000000 ) ;
#5965 = PLANE ( 'NONE',  #2465 ) ;
#5966 = ORIENTED_EDGE ( 'NONE', *, *, #525, .T. ) ;
#5967 = DIRECTION ( 'NONE',  ( 0.000000000000000000, -1.000000000000000000, 0.000000000000000000 ) ) ;
#5968 = DIRECTION ( 'NONE',  ( 0.000000000000000000, 0.000000000000000000, 1.000000000000000000 ) ) ;
#5969 = EDGE_LOOP ( 'NONE', ( #6664, #3846, #90, #2204 ) ) ;
#5970 = DIRECTION ( 'NONE',  ( 1.000000000000000000, 0.000000000000000000, 0.000000000000000000 ) ) ;
#5971 =( LENGTH_UNIT ( ) NAMED_UNIT ( * ) SI_UNIT ( .MILLI., .METRE. ) );
#5972 = VERTEX_POINT ( 'NONE', #6449 ) ;
#5973 = FILL_AREA_STYLE_COLOUR ( '', #5577 ) ;
#5974 = ORIENTED_EDGE ( 'NONE', *, *, #1413, .T. ) ;
#5975 = ORIENTED_EDGE ( 'NONE', *, *, #781, .T. ) ;
#5976 = DIRECTION ( 'NONE',  ( 0.000000000000000000, 0.000000000000000000, 1.000000000000000000 ) ) ;
#5977 = ORIENTED_EDGE ( 'NONE', *, *, #6697, .F. ) ;
#5978 = DIRECTION ( 'NONE',  ( -1.000000000000000000, 0.000000000000000000, 0.000000000000000000 ) ) ;
#5979 = FILL_AREA_STYLE ('',( #463 ) ) ;
#5980 = CARTESIAN_POINT ( 'NONE',  ( 3.245000000000000107, 6.143812310751189163E-16, 1.699999999999999956 ) ) ;
#5981 = CARTESIAN_POINT ( 'NONE',  ( -4.044999999999999929, -4.310002195023275640, -3.491510466163695012E-12 ) ) ;
#5982 =( LENGTH_UNIT ( ) NAMED_UNIT ( * ) SI_UNIT ( .MILLI., .METRE. ) );
#5983 = LINE ( 'NONE', #3356, #5110 ) ;
#5984 = ADVANCED_FACE ( 'NONE', ( #3708 ), #2515, .F. ) ;
#5985 = EDGE_CURVE ( 'NONE', #2910, #1985, #5983, .T. ) ;
#5986 = DIRECTION ( 'NONE',  ( 0.000000000000000000, 1.000000000000000000, 0.000000000000000000 ) ) ;
#5987 = CARTESIAN_POINT ( 'NONE',  ( 4.244999999999999218, -3.610002195023269689, 1.500000000000000000 ) ) ;
#5988 = FILL_AREA_STYLE ('',( #4359 ) ) ;
#5989 =( GEOMETRIC_REPRESENTATION_CONTEXT ( 3 ) GLOBAL_UNCERTAINTY_ASSIGNED_CONTEXT ( ( #5652 ) ) GLOBAL_UNIT_ASSIGNED_CONTEXT ( ( #3959, #1769, #3995 ) ) REPRESENTATION_CONTEXT ( 'NONE', 'WORKASPACE' ) );
#5990 = CARTESIAN_POINT ( 'NONE',  ( 0.8350000000000000755, 3.910002195023270399, 0.2999999999999999889 ) ) ;
#5991 = FILL_AREA_STYLE ('',( #50 ) ) ;
#5992 = EDGE_CURVE ( 'NONE', #5155, #836, #1016, .T. ) ;
#5993 = SURFACE_STYLE_USAGE ( .BOTH. , #6539 ) ;
#5994 = SURFACE_STYLE_USAGE ( .BOTH. , #3793 ) ;
#5995 = CARTESIAN_POINT ( 'NONE',  ( -1.834999999999999964, -3.610002195023269689, 1.500000000000000000 ) ) ;
#5996 =( NAMED_UNIT ( * ) SI_UNIT ( $, .STERADIAN. ) SOLID_ANGLE_UNIT ( ) );
#5997 = ORIENTED_EDGE ( 'NONE', *, *, #6747, .F. ) ;
#5998 = CARTESIAN_POINT ( 'NONE',  ( -1.505000000000000115, -4.316286306259984329, -3.491510466163695012E-12 ) ) ;
#5999 = FILL_AREA_STYLE ('',( #687 ) ) ;
#6000 = SURFACE_SIDE_STYLE ('',( #5413 ) ) ;
#6001 = VERTEX_POINT ( 'NONE', #2250 ) ;
#6002 = SURFACE_SIDE_STYLE ('',( #6077 ) ) ;
#6003 = UNCERTAINTY_MEASURE_WITH_UNIT (LENGTH_MEASURE( 1.000000000000000082E-05 ), #3062, 'distance_accuracy_value', 'NONE');
#6004 = ORIENTED_EDGE ( 'NONE', *, *, #689, .T. ) ;
#6005 = VECTOR ( 'NONE', #6438, 1000.000000000000000 ) ;
#6006 = ORIENTED_EDGE ( 'NONE', *, *, #3524, .T. ) ;
#6007 = SURFACE_STYLE_USAGE ( .BOTH. , #6557 ) ;
#6008 = ORIENTED_EDGE ( 'NONE', *, *, #1303, .T. ) ;
#6009 =( NAMED_UNIT ( * ) PLANE_ANGLE_UNIT ( ) SI_UNIT ( $, .RADIAN. ) );
#6010 =( LENGTH_UNIT ( ) NAMED_UNIT ( * ) SI_UNIT ( .MILLI., .METRE. ) );
#6011 = AXIS2_PLACEMENT_3D ( 'NONE', #6385, #3682, #948 ) ;
#6012 = DIRECTION ( 'NONE',  ( 8.673617379884039416E-16, -1.000000000000000000, 0.000000000000000000 ) ) ;
#6013 = PRESENTATION_STYLE_ASSIGNMENT (( #2823 ) ) ;
#6014 = VERTEX_POINT ( 'NONE', #5391 ) ;
#6015 = DIRECTION ( 'NONE',  ( 0.000000000000000000, -1.000000000000000000, 0.000000000000000000 ) ) ;
#6016 = VECTOR ( 'NONE', #6784, 1000.000000000000000 ) ;
#6017 = CARTESIAN_POINT ( 'NONE',  ( -4.244999999999999218, 4.310002195023275640, -3.491510466163695012E-12 ) ) ;
#6018 = PRESENTATION_LAYER_ASSIGNMENT (  '', '', ( #5087 ) ) ;
#6019 = LINE ( 'NONE', #2186, #2742 ) ;
#6020 = DIRECTION ( 'NONE',  ( 0.000000000000000000, 1.000000000000000000, 0.000000000000000000 ) ) ;
#6021 = EDGE_CURVE ( 'NONE', #147, #5569, #1796, .T. ) ;
#6022 = DIRECTION ( 'NONE',  ( 0.000000000000000000, 0.000000000000000000, 1.000000000000000000 ) ) ;
#6023 = VECTOR ( 'NONE', #1493, 1000.000000000000114 ) ;
#6024 = ORIENTED_EDGE ( 'NONE', *, *, #4350, .T. ) ;
#6025 = MECHANICAL_DESIGN_GEOMETRIC_PRESENTATION_REPRESENTATION (  '', ( #6490 ), #2939 ) ;
#6026 = LINE ( 'NONE', #6640, #6981 ) ;
#6027 = PLANE ( 'NONE',  #1139 ) ;
#6028 = CARTESIAN_POINT ( 'NONE',  ( -4.643048641745470384, 2.913048641745470402, 0.2000000000000000111 ) ) ;
#6029 = EDGE_CURVE ( 'NONE', #6847, #6333, #3785, .T. ) ;
#6030 = PRODUCT_CONTEXT ( 'NONE', #3114, 'mechanical' ) ;
#6031 = ORIENTED_EDGE ( 'NONE', *, *, #5206, .F. ) ;
#6032 = LINE ( 'NONE', #3944, #7081 ) ;
#6033 = EDGE_CURVE ( 'NONE', #2989, #3860, #6635, .T. ) ;
#6034 = EDGE_CURVE ( 'NONE', #6996, #4037, #2787, .T. ) ;
#6035 = VECTOR ( 'NONE', #4700, 1000.000000000000000 ) ;
#6036 = UNCERTAINTY_MEASURE_WITH_UNIT (LENGTH_MEASURE( 1.000000000000000082E-05 ), #6886, 'distance_accuracy_value', 'NONE');
#6037 = LINE ( 'NONE', #1105, #855 ) ;
#6038 = ORIENTED_EDGE ( 'NONE', *, *, #2703, .F. ) ;
#6039 =( NAMED_UNIT ( * ) SI_UNIT ( $, .STERADIAN. ) SOLID_ANGLE_UNIT ( ) );
#6040 = VERTEX_POINT ( 'NONE', #4354 ) ;
#6041 = DIRECTION ( 'NONE',  ( 0.000000000000000000, -0.2079116908177598699, 0.9781476007338054668 ) ) ;
#6042 = AXIS2_PLACEMENT_3D ( 'NONE', #6929, #1381, #6962 ) ;
#6043 = ORIENTED_EDGE ( 'NONE', *, *, #1819, .T. ) ;
#6044 = PRESENTATION_STYLE_ASSIGNMENT (( #6112 ) ) ;
#6045 = VERTEX_POINT ( 'NONE', #2214 ) ;
#6046 =( LENGTH_UNIT ( ) NAMED_UNIT ( * ) SI_UNIT ( .MILLI., .METRE. ) );
#6047 = ORIENTED_EDGE ( 'NONE', *, *, #4304, .F. ) ;
#6048 = LINE ( 'NONE', #1665, #6709 ) ;
#6049 = EDGE_CURVE ( 'NONE', #5972, #5240, #508, .T. ) ;
#6050 = CARTESIAN_POINT ( 'NONE',  ( 4.244999999999999218, -3.710002195023270222, 0.000000000000000000 ) ) ;
#6051 = ORIENTED_EDGE ( 'NONE', *, *, #5019, .F. ) ;
#6052 =( GEOMETRIC_REPRESENTATION_CONTEXT ( 3 ) GLOBAL_UNCERTAINTY_ASSIGNED_CONTEXT ( ( #3006 ) ) GLOBAL_UNIT_ASSIGNED_CONTEXT ( ( #533, #2741, #6039 ) ) REPRESENTATION_CONTEXT ( 'NONE', 'WORKASPACE' ) );
#6053 =( NAMED_UNIT ( * ) PLANE_ANGLE_UNIT ( ) SI_UNIT ( $, .RADIAN. ) );
#6054 = PRESENTATION_LAYER_ASSIGNMENT (  '', '', ( #3534 ) ) ;
#6055 =( NAMED_UNIT ( * ) SI_UNIT ( $, .STERADIAN. ) SOLID_ANGLE_UNIT ( ) );
#6056 = CARTESIAN_POINT ( 'NONE',  ( -3.575000000000000178, -4.297206436302234422, -3.491510466163695012E-12 ) ) ;
#6057 = AXIS2_PLACEMENT_3D ( 'NONE', #6823, #6228, #2358 ) ;
#6058 = CARTESIAN_POINT ( 'NONE',  ( -1.034999999999999920, -4.310002195023275640, -3.491510466163695012E-12 ) ) ;
#6059 = PRESENTATION_LAYER_ASSIGNMENT (  '', '', ( #551 ) ) ;
#6060 = ORIENTED_EDGE ( 'NONE', *, *, #3972, .F. ) ;
#6061 = CARTESIAN_POINT ( 'NONE',  ( -1.505000000000000115, -4.810002195023270311, -3.491510466163695012E-12 ) ) ;
#6062 =( GEOMETRIC_REPRESENTATION_CONTEXT ( 3 ) GLOBAL_UNCERTAINTY_ASSIGNED_CONTEXT ( ( #4650 ) ) GLOBAL_UNIT_ASSIGNED_CONTEXT ( ( #410, #3652, #475 ) ) REPRESENTATION_CONTEXT ( 'NONE', 'WORKASPACE' ) );
#6063 = DIRECTION ( 'NONE',  ( 1.000000000000000000, 0.000000000000000000, 0.000000000000000000 ) ) ;
#6064 =( NAMED_UNIT ( * ) SI_UNIT ( $, .STERADIAN. ) SOLID_ANGLE_UNIT ( ) );
#6065 = PRESENTATION_STYLE_ASSIGNMENT (( #2876 ) ) ;
#6066 = VECTOR ( 'NONE', #196, 1000.000000000000000 ) ;
#6067 =( LENGTH_UNIT ( ) NAMED_UNIT ( * ) SI_UNIT ( .MILLI., .METRE. ) );
#6068 = ORIENTED_EDGE ( 'NONE', *, *, #2833, .F. ) ;
#6069 = CARTESIAN_POINT ( 'NONE',  ( -2.440362101880625190, -1.500000000000000000, 2.799999999999999822 ) ) ;
#6070 = AXIS2_PLACEMENT_3D ( 'NONE', #627, #75, #5500 ) ;
#6071 = ADVANCED_FACE ( 'NONE', ( #4380 ), #5498, .F. ) ;
#6072 = AXIS2_PLACEMENT_3D ( 'NONE', #3298, #4879, #2626 ) ;
#6073 = EDGE_CURVE ( 'NONE', #6554, #1553, #4649, .T. ) ;
#6074 = VERTEX_POINT ( 'NONE', #2935 ) ;
#6075 = CARTESIAN_POINT ( 'NONE',  ( -3.245000000000000107, 0.000000000000000000, 1.500000000000000000 ) ) ;
#6076 = VERTEX_POINT ( 'NONE', #1776 ) ;
#6077 = SURFACE_STYLE_FILL_AREA ( #25 ) ;
#6078 = ORIENTED_EDGE ( 'NONE', *, *, #2032, .F. ) ;
#6079 = CARTESIAN_POINT ( 'NONE',  ( -3.245000000000000107, 4.010002195023269600, 0.2999999999999999889 ) ) ;
#6080 = ORIENTED_EDGE ( 'NONE', *, *, #3357, .F. ) ;
#6081 = ADVANCED_FACE ( 'NONE', ( #4000 ), #3967, .F. ) ;
#6082 =( LENGTH_UNIT ( ) NAMED_UNIT ( * ) SI_UNIT ( .MILLI., .METRE. ) );
#6083 = ORIENTED_EDGE ( 'NONE', *, *, #5307, .F. ) ;
#6084 =( LENGTH_UNIT ( ) NAMED_UNIT ( * ) SI_UNIT ( .MILLI., .METRE. ) );
#6085 = CARTESIAN_POINT ( 'NONE',  ( -3.575000000000000178, 4.310002195023275640, 0.1999999999999965139 ) ) ;
#6086 = DIRECTION ( 'NONE',  ( -1.000000000000000000, 0.000000000000000000, 0.000000000000000000 ) ) ;
#6087 = ORIENTED_EDGE ( 'NONE', *, *, #2870, .T. ) ;
#6088 = EDGE_CURVE ( 'NONE', #4050, #5162, #2464, .T. ) ;
#6089 = PRESENTATION_STYLE_ASSIGNMENT (( #2216 ) ) ;
#6090 = DIRECTION ( 'NONE',  ( 0.000000000000000000, -1.000000000000000000, 6.776263578034390387E-17 ) ) ;
#6091 = LINE ( 'NONE', #6, #3845 ) ;
#6092 = CARTESIAN_POINT ( 'NONE',  ( 4.244999999999999218, -3.910002195023270399, 0.2999999999999999889 ) ) ;
#6093 = DIRECTION ( 'NONE',  ( 0.000000000000000000, 0.000000000000000000, -1.000000000000000000 ) ) ;
#6094 = SURFACE_STYLE_USAGE ( .BOTH. , #6683 ) ;
#6095 = SURFACE_STYLE_USAGE ( .BOTH. , #600 ) ;
#6096 = CARTESIAN_POINT ( 'NONE',  ( -3.245000000000000107, 3.710002195023270222, 0.000000000000000000 ) ) ;
#6097 =( NAMED_UNIT ( * ) SI_UNIT ( $, .STERADIAN. ) SOLID_ANGLE_UNIT ( ) );
#6098 = ORIENTED_EDGE ( 'NONE', *, *, #6139, .T. ) ;
#6099 = DIRECTION ( 'NONE',  ( 0.000000000000000000, -1.000000000000000000, 6.776263578034390387E-17 ) ) ;
#6100 = DIRECTION ( 'NONE',  ( 0.000000000000000000, -1.000000000000000000, 0.000000000000000000 ) ) ;
#6101 = UNCERTAINTY_MEASURE_WITH_UNIT (LENGTH_MEASURE( 1.000000000000000082E-05 ), #3453, 'distance_accuracy_value', 'NONE');
#6102 = AXIS2_PLACEMENT_3D ( 'NONE', #2676, #4856, #2136 ) ;
#6103 = DIRECTION ( 'NONE',  ( 0.000000000000000000, -1.000000000000000000, 0.000000000000000000 ) ) ;
#6104 = VERTEX_POINT ( 'NONE', #224 ) ;
#6105 = FILL_AREA_STYLE ('',( #4928 ) ) ;
#6106 = CARTESIAN_POINT ( 'NONE',  ( -1.834999999999999964, -4.010002195023269600, 0.1999999999999970135 ) ) ;
#6107 = ADVANCED_FACE ( 'NONE', ( #3462 ), #6825, .T. ) ;
#6108 = AXIS2_PLACEMENT_3D ( 'NONE', #4663, #1280, #5664 ) ;
#6109 = SURFACE_STYLE_USAGE ( .BOTH. , #6000 ) ;
#6110 = EDGE_LOOP ( 'NONE', ( #2352, #3264, #3348, #1001 ) ) ;
#6111 = VERTEX_POINT ( 'NONE', #2324 ) ;
#6112 = SURFACE_STYLE_USAGE ( .BOTH. , #1076 ) ;
#6113 = VERTEX_POINT ( 'NONE', #2864 ) ;
#6114 = PRESENTATION_LAYER_ASSIGNMENT (  '', '', ( #367 ) ) ;
#6115 = LINE ( 'NONE', #4997, #6450 ) ;
#6116 = ORIENTED_EDGE ( 'NONE', *, *, #1928, .T. ) ;
#6117 = CARTESIAN_POINT ( 'NONE',  ( 4.244999999999999218, 0.000000000000000000, 0.000000000000000000 ) ) ;
#6118 = LINE ( 'NONE', #7111, #6884 ) ;
#6119 = VERTEX_POINT ( 'NONE', #2435 ) ;
#6120 = CARTESIAN_POINT ( 'NONE',  ( -4.244999999999999218, -1.355252715606854196E-17, 0.1999999999999965139 ) ) ;
#6121 = ADVANCED_FACE ( 'NONE', ( #6161 ), #809, .F. ) ;
#6122 = MECHANICAL_DESIGN_GEOMETRIC_PRESENTATION_REPRESENTATION (  '', ( #4732 ), #2566 ) ;
#6123 = DIRECTION ( 'NONE',  ( 0.000000000000000000, 0.000000000000000000, 1.000000000000000000 ) ) ;
#6124 = SURFACE_SIDE_STYLE ('',( #5004 ) ) ;
#6125 = MECHANICAL_DESIGN_GEOMETRIC_PRESENTATION_REPRESENTATION (  '', ( #276 ), #734 ) ;
#6126 = COLOUR_RGB ( '',0.7764705882352941346, 0.7568627450980391913, 0.7372549019607843590 ) ;
#6127 = DIRECTION ( 'NONE',  ( -1.000000000000000000, 0.000000000000000000, 0.000000000000000000 ) ) ;
#6128 = CARTESIAN_POINT ( 'NONE',  ( -0.8350000000000000755, 3.610002195023269689, 1.399999999999999911 ) ) ;
#6129 = FILL_AREA_STYLE_COLOUR ( '', #5798 ) ;
#6130 = DIRECTION ( 'NONE',  ( 0.000000000000000000, 0.000000000000000000, 1.000000000000000000 ) ) ;
#6131 = VECTOR ( 'NONE', #6020, 1000.000000000000000 ) ;
#6132 = COLOUR_RGB ( '',0.7764705882352941346, 0.7568627450980391913, 0.7372549019607843590 ) ;
#6133 = CARTESIAN_POINT ( 'NONE',  ( -4.930000000000000604, -3.200000000000000178, 1.550000000000000044 ) ) ;
#6134 = LINE ( 'NONE', #5548, #2620 ) ;
#6135 = VECTOR ( 'NONE', #2121, 1000.000000000000000 ) ;
#6136 = FILL_AREA_STYLE ('',( #5623 ) ) ;
#6137 = FILL_AREA_STYLE ('',( #3370 ) ) ;
#6138 = STYLED_ITEM ( 'NONE', ( #3646 ), #4598 ) ;
#6139 = EDGE_CURVE ( 'NONE', #462, #2562, #6386, .T. ) ;
#6140 = EDGE_LOOP ( 'NONE', ( #6357, #362, #393, #3007 ) ) ;
#6141 = DIRECTION ( 'NONE',  ( 1.000000000000000000, 0.000000000000000000, 0.000000000000000000 ) ) ;
#6142 = DIRECTION ( 'NONE',  ( 0.000000000000000000, 0.000000000000000000, -1.000000000000000000 ) ) ;
#6143 = AXIS2_PLACEMENT_3D ( 'NONE', #5758, #6376, #2471 ) ;
#6144 = VECTOR ( 'NONE', #6660, 1000.000000000000000 ) ;
#6145 = ORIENTED_EDGE ( 'NONE', *, *, #7047, .T. ) ;
#6146 = DIRECTION ( 'NONE',  ( -0.000000000000000000, 1.000000000000000000, 0.000000000000000000 ) ) ;
#6147 = CARTESIAN_POINT ( 'NONE',  ( 0.8350000000000000755, -3.910002195023270399, 0.000000000000000000 ) ) ;
#6148 = AXIS2_PLACEMENT_3D ( 'NONE', #414, #2623, #991 ) ;
#6149 = ORIENTED_EDGE ( 'NONE', *, *, #5897, .T. ) ;
#6150 = UNCERTAINTY_MEASURE_WITH_UNIT (LENGTH_MEASURE( 1.000000000000000082E-05 ), #5177, 'distance_accuracy_value', 'NONE');
#6151 = ORIENTED_EDGE ( 'NONE', *, *, #3217, .F. ) ;
#6152 = ORIENTED_EDGE ( 'NONE', *, *, #1416, .F. ) ;
#6153 = VECTOR ( 'NONE', #3186, 1000.000000000000000 ) ;
#6154 = EDGE_CURVE ( 'NONE', #6372, #2537, #6441, .T. ) ;
#6155 = SURFACE_STYLE_USAGE ( .BOTH. , #6702 ) ;
#6156 = VERTEX_POINT ( 'NONE', #1409 ) ;
#6157 = PRESENTATION_STYLE_ASSIGNMENT (( #295 ) ) ;
#6158 = SURFACE_STYLE_FILL_AREA ( #2210 ) ;
#6159 = FILL_AREA_STYLE_COLOUR ( '', #2290 ) ;
#6160 = ORIENTED_EDGE ( 'NONE', *, *, #2167, .F. ) ;
#6161 = FACE_OUTER_BOUND ( 'NONE', #232, .T. ) ;
#6162 = AXIS2_PLACEMENT_3D ( 'NONE', #3245, #6527, #3323 ) ;
#6163 = EDGE_CURVE ( 'NONE', #4378, #4640, #3066, .T. ) ;
#6164 = PRESENTATION_LAYER_ASSIGNMENT (  '', '', ( #5928 ) ) ;
#6165 = ADVANCED_FACE ( 'NONE', ( #870 ), #837, .T. ) ;
#6166 = CARTESIAN_POINT ( 'NONE',  ( 4.244999999999999218, 3.610002195023269689, 1.399999999999999911 ) ) ;
#6167 = EDGE_CURVE ( 'NONE', #6104, #596, #5306, .T. ) ;
#6168 = CIRCLE ( 'NONE', #3981, 0.09999999999999999167 ) ;
#6169 = CARTESIAN_POINT ( 'NONE',  ( -0.8350000000000000755, 3.710002195023270222, 0.000000000000000000 ) ) ;
#6170 = EDGE_LOOP ( 'NONE', ( #1896, #884, #6151, #6727 ) ) ;
#6171 = PRESENTATION_LAYER_ASSIGNMENT (  '', '', ( #5010 ) ) ;
#6172 = CARTESIAN_POINT ( 'NONE',  ( -1.834999999999999964, -3.610002195023269689, 1.399999999999999911 ) ) ;
#6173 = EDGE_CURVE ( 'NONE', #6526, #5681, #360, .T. ) ;
#6174 =( NAMED_UNIT ( * ) PLANE_ANGLE_UNIT ( ) SI_UNIT ( $, .RADIAN. ) );
#6175 = MECHANICAL_DESIGN_GEOMETRIC_PRESENTATION_REPRESENTATION (  '', ( #888 ), #6636 ) ;
#6176 = DIRECTION ( 'NONE',  ( -1.000000000000000000, 0.000000000000000000, 0.000000000000000000 ) ) ;
#6177 = VECTOR ( 'NONE', #1990, 1000.000000000000000 ) ;
#6178 = SURFACE_STYLE_USAGE ( .BOTH. , #3475 ) ;
#6179 = UNCERTAINTY_MEASURE_WITH_UNIT (LENGTH_MEASURE( 1.000000000000000082E-05 ), #2294, 'distance_accuracy_value', 'NONE');
#6180 = PRESENTATION_LAYER_ASSIGNMENT (  '', '', ( #2856 ) ) ;
#6181 = ADVANCED_FACE ( 'NONE', ( #3171 ), #934, .T. ) ;
#6182 = DIRECTION ( 'NONE',  ( 0.000000000000000000, 0.000000000000000000, -1.000000000000000000 ) ) ;
#6183 =( GEOMETRIC_REPRESENTATION_CONTEXT ( 3 ) GLOBAL_UNCERTAINTY_ASSIGNED_CONTEXT ( ( #334 ) ) GLOBAL_UNIT_ASSIGNED_CONTEXT ( ( #2170, #7068, #496 ) ) REPRESENTATION_CONTEXT ( 'NONE', 'WORKASPACE' ) );
#6184 = VERTEX_POINT ( 'NONE', #3842 ) ;
#6185 = PRESENTATION_STYLE_ASSIGNMENT (( #857 ) ) ;
#6186 = DIRECTION ( 'NONE',  ( 0.000000000000000000, 0.000000000000000000, -1.000000000000000000 ) ) ;
#6187 = VECTOR ( 'NONE', #5496, 1000.000000000000000 ) ;
#6188 = CARTESIAN_POINT ( 'NONE',  ( -1.834999999999999964, 3.710002195023270222, 1.399999999999999911 ) ) ;
#6189 = ORIENTED_EDGE ( 'NONE', *, *, #4353, .T. ) ;
#6190 = VECTOR ( 'NONE', #3078, 1000.000000000000000 ) ;
#6191 =( LENGTH_UNIT ( ) NAMED_UNIT ( * ) SI_UNIT ( .MILLI., .METRE. ) );
#6192 = COLOUR_RGB ( '',0.7764705882352941346, 0.7568627450980391913, 0.7372549019607843590 ) ;
#6193 = EDGE_LOOP ( 'NONE', ( #5786, #2708, #537, #2463 ) ) ;
#6194 =( GEOMETRIC_REPRESENTATION_CONTEXT ( 3 ) GLOBAL_UNCERTAINTY_ASSIGNED_CONTEXT ( ( #4735 ) ) GLOBAL_UNIT_ASSIGNED_CONTEXT ( ( #6067, #1103, #4258 ) ) REPRESENTATION_CONTEXT ( 'NONE', 'WORKASPACE' ) );
#6195 = VERTEX_POINT ( 'NONE', #3270 ) ;
#6196 = CARTESIAN_POINT ( 'NONE',  ( 1.034999999999999920, -4.310002195023275640, 0.1999999999999965139 ) ) ;
#6197 = ORIENTED_EDGE ( 'NONE', *, *, #4493, .T. ) ;
#6198 = DIRECTION ( 'NONE',  ( 0.000000000000000000, 0.000000000000000000, -1.000000000000000000 ) ) ;
#6199 =( GEOMETRIC_REPRESENTATION_CONTEXT ( 3 ) GLOBAL_UNCERTAINTY_ASSIGNED_CONTEXT ( ( #4852 ) ) GLOBAL_UNIT_ASSIGNED_CONTEXT ( ( #3101, #6997, #3669 ) ) REPRESENTATION_CONTEXT ( 'NONE', 'WORKASPACE' ) );
#6200 = DIRECTION ( 'NONE',  ( 1.000000000000000000, 0.000000000000000000, 0.000000000000000000 ) ) ;
#6201 = ORIENTED_EDGE ( 'NONE', *, *, #4758, .F. ) ;
#6202 =( GEOMETRIC_REPRESENTATION_CONTEXT ( 3 ) GLOBAL_UNCERTAINTY_ASSIGNED_CONTEXT ( ( #6307 ) ) GLOBAL_UNIT_ASSIGNED_CONTEXT ( ( #4785, #975, #2540 ) ) REPRESENTATION_CONTEXT ( 'NONE', 'WORKASPACE' ) );
#6203 = CARTESIAN_POINT ( 'NONE',  ( 0.8350000000000000755, 3.910002195023270399, 0.000000000000000000 ) ) ;
#6204 = DIRECTION ( 'NONE',  ( 1.000000000000000000, 0.000000000000000000, 0.000000000000000000 ) ) ;
#6205 = ORIENTED_EDGE ( 'NONE', *, *, #6566, .F. ) ;
#6206 = EDGE_CURVE ( 'NONE', #4029, #3236, #4303, .T. ) ;
#6207 = ADVANCED_FACE ( 'NONE', ( #6586 ), #457, .F. ) ;
#6208 = SURFACE_SIDE_STYLE ('',( #6760 ) ) ;
#6209 = FILL_AREA_STYLE ('',( #1391 ) ) ;
#6210 = LINE ( 'NONE', #4439, #3640 ) ;
#6211 = DIRECTION ( 'NONE',  ( 0.000000000000000000, -3.614007241618360111E-16, -1.000000000000000000 ) ) ;
#6212 = VERTEX_POINT ( 'NONE', #5451 ) ;
#6213 = FILL_AREA_STYLE ('',( #3979 ) ) ;
#6214 = EDGE_CURVE ( 'NONE', #7103, #6736, #6625, .T. ) ;
#6215 = LINE ( 'NONE', #6881, #4688 ) ;
#6216 = ORIENTED_EDGE ( 'NONE', *, *, #1819, .F. ) ;
#6217 = DIRECTION ( 'NONE',  ( 0.000000000000000000, 0.000000000000000000, -1.000000000000000000 ) ) ;
#6218 = EDGE_CURVE ( 'NONE', #3355, #2134, #7026, .T. ) ;
#6219 = ORIENTED_EDGE ( 'NONE', *, *, #3353, .T. ) ;
#6220 = CARTESIAN_POINT ( 'NONE',  ( -0.8350000000000000755, -4.310002195023275640, 0.1999999999999965139 ) ) ;
#6221 = PRESENTATION_LAYER_ASSIGNMENT (  '', '', ( #3926 ) ) ;
#6222 = VERTEX_POINT ( 'NONE', #7099 ) ;
#6223 = CARTESIAN_POINT ( 'NONE',  ( 4.044999999999999929, -4.810002195023270311, -3.491510466163695012E-12 ) ) ;
#6224 = SURFACE_STYLE_USAGE ( .BOTH. , #3957 ) ;
#6225 = VERTEX_POINT ( 'NONE', #2130 ) ;
#6226 = ORIENTED_EDGE ( 'NONE', *, *, #1202, .F. ) ;
#6227 = VECTOR ( 'NONE', #2015, 1000.000000000000000 ) ;
#6228 = DIRECTION ( 'NONE',  ( -1.000000000000000000, 0.000000000000000000, 0.000000000000000000 ) ) ;
#6229 = ORIENTED_EDGE ( 'NONE', *, *, #200, .F. ) ;
#6230 = PRESENTATION_STYLE_ASSIGNMENT (( #5104 ) ) ;
#6231 = UNCERTAINTY_MEASURE_WITH_UNIT (LENGTH_MEASURE( 1.000000000000000082E-05 ), #4383, 'distance_accuracy_value', 'NONE');
#6232 = VECTOR ( 'NONE', #2146, 1000.000000000000000 ) ;
#6233 = FILL_AREA_STYLE_COLOUR ( '', #2183 ) ;
#6234 = ORIENTED_EDGE ( 'NONE', *, *, #528, .F. ) ;
#6235 = CARTESIAN_POINT ( 'NONE',  ( -4.244999999999999218, -3.910002195023270399, 1.500000000000000000 ) ) ;
#6236 = CARTESIAN_POINT ( 'NONE',  ( -3.245000000000000107, 3.910002195023270399, 0.2999999999999999889 ) ) ;
#6237 = VERTEX_POINT ( 'NONE', #6511 ) ;
#6238 = CARTESIAN_POINT ( 'NONE',  ( -1.034999999999999920, 4.310002195023275640, -3.491510466163695012E-12 ) ) ;
#6239 = STYLED_ITEM ( 'NONE', ( #2088 ), #3545 ) ;
#6240 = LINE ( 'NONE', #4661, #85 ) ;
#6241 = PRESENTATION_STYLE_ASSIGNMENT (( #6322 ) ) ;
#6242 = CARTESIAN_POINT ( 'NONE',  ( 4.044999999999999929, 4.810002195023270311, -3.491510466163695012E-12 ) ) ;
#6243 = ORIENTED_EDGE ( 'NONE', *, *, #2370, .T. ) ;
#6244 = SURFACE_STYLE_USAGE ( .BOTH. , #6324 ) ;
#6245 = PRESENTATION_LAYER_ASSIGNMENT (  '', '', ( #6355 ) ) ;
#6246 = STYLED_ITEM ( 'NONE', ( #5530 ), #3935 ) ;
#6247 = CARTESIAN_POINT ( 'NONE',  ( -3.245000000000000107, 3.710002195023270222, 1.699999999999999956 ) ) ;
#6248 = DIRECTION ( 'NONE',  ( 0.000000000000000000, 0.000000000000000000, 1.000000000000000000 ) ) ;
#6249 = CIRCLE ( 'NONE', #5903, 0.2000000000000000111 ) ;
#6250 = ADVANCED_FACE ( 'NONE', ( #1588 ), #3775, .F. ) ;
#6251 =( GEOMETRIC_REPRESENTATION_CONTEXT ( 3 ) GLOBAL_UNCERTAINTY_ASSIGNED_CONTEXT ( ( #2920 ) ) GLOBAL_UNIT_ASSIGNED_CONTEXT ( ( #5717, #4712, #6268 ) ) REPRESENTATION_CONTEXT ( 'NONE', 'WORKASPACE' ) );
#6252 = ORIENTED_EDGE ( 'NONE', *, *, #2765, .T. ) ;
#6254 = ADVANCED_FACE ( 'NONE', ( #5676 ), #2890, .F. ) ;
#6253 = SURFACE_STYLE_FILL_AREA ( #166 ) ;
#6255 = FILL_AREA_STYLE ('',( #1841 ) ) ;
#6256 = COLOUR_RGB ( '',0.7764705882352941346, 0.7568627450980391913, 0.7372549019607843590 ) ;
#6257 =( NAMED_UNIT ( * ) SI_UNIT ( $, .STERADIAN. ) SOLID_ANGLE_UNIT ( ) );
#6258 = FILL_AREA_STYLE ('',( #2425 ) ) ;
#6259 = STYLED_ITEM ( 'NONE', ( #3450 ), #5011 ) ;
#6260 = VERTEX_POINT ( 'NONE', #6220 ) ;
#6261 = CARTESIAN_POINT ( 'NONE',  ( 0.8350000000000000755, 3.168116515749499928, 1.699999999999999956 ) ) ;
#6262 =( NAMED_UNIT ( * ) SI_UNIT ( $, .STERADIAN. ) SOLID_ANGLE_UNIT ( ) );
#6263 = ORIENTED_EDGE ( 'NONE', *, *, #3044, .T. ) ;
#6264 = SURFACE_STYLE_FILL_AREA ( #4061 ) ;
#6265 = ORIENTED_EDGE ( 'NONE', *, *, #12, .F. ) ;
#6266 = VECTOR ( 'NONE', #6099, 1000.000000000000000 ) ;
#6267 = CARTESIAN_POINT ( 'NONE',  ( -3.245000000000000107, -6.143812310751189163E-16, 1.699999999999999956 ) ) ;
#6268 =( NAMED_UNIT ( * ) SI_UNIT ( $, .STERADIAN. ) SOLID_ANGLE_UNIT ( ) );
#6269 = PLANE ( 'NONE',  #4006 ) ;
#6270 = CARTESIAN_POINT ( 'NONE',  ( -3.245000000000000107, 3.200000000000000178, 1.550000000000000044 ) ) ;
#6271 = ORIENTED_EDGE ( 'NONE', *, *, #849, .T. ) ;
#6272 = ADVANCED_FACE ( 'NONE', ( #4488 ), #3384, .F. ) ;
#6273 = FACE_OUTER_BOUND ( 'NONE', #898, .T. ) ;
#6274 = EDGE_LOOP ( 'NONE', ( #3314, #1448, #1930, #4535, #4523, #6956, #6047, #2843, #5572, #2711, #6552, #7069, #4217, #655, #1561, #1721, #1351, #3344, #3949, #2712 ) ) ;
#6275 = LINE ( 'NONE', #843, #4569 ) ;
#6276 = VECTOR ( 'NONE', #4611, 1000.000000000000000 ) ;
#6277 = CARTESIAN_POINT ( 'NONE',  ( 4.244999999999999218, -3.910002195023270399, 0.1999999999965084985 ) ) ;
#6278 = FACE_OUTER_BOUND ( 'NONE', #6639, .T. ) ;
#6279 = ORIENTED_EDGE ( 'NONE', *, *, #2970, .F. ) ;
#6280 = CARTESIAN_POINT ( 'NONE',  ( -3.245000000000000107, 1.355252715606854196E-17, 0.1999999999999965139 ) ) ;
#6281 = AXIS2_PLACEMENT_3D ( 'NONE', #662, #3537, #730 ) ;
#6282 =( NAMED_UNIT ( * ) SI_UNIT ( $, .STERADIAN. ) SOLID_ANGLE_UNIT ( ) );
#6283 = CARTESIAN_POINT ( 'NONE',  ( -3.245000000000000107, 3.710002195023270222, 0.000000000000000000 ) ) ;
#6284 = LINE ( 'NONE', #5196, #74 ) ;
#6285 =( NAMED_UNIT ( * ) SI_UNIT ( $, .STERADIAN. ) SOLID_ANGLE_UNIT ( ) );
#6286 = DIRECTION ( 'NONE',  ( -1.000000000000000000, 0.000000000000000000, 0.000000000000000000 ) ) ;
#6287 = COLOUR_RGB ( '',0.7764705882352941346, 0.7568627450980391913, 0.7372549019607843590 ) ;
#6288 = SURFACE_STYLE_FILL_AREA ( #3555 ) ;
#6289 = SURFACE_SIDE_STYLE ('',( #6843 ) ) ;
#6290 = VECTOR ( 'NONE', #3471, 1000.000000000000000 ) ;
#6291 = COLOUR_RGB ( '',0.7764705882352941346, 0.7568627450980391913, 0.7372549019607843590 ) ;
#6292 = CARTESIAN_POINT ( 'NONE',  ( -3.245000000000000107, 3.910002195023270399, 1.500000000000000000 ) ) ;
#6293 = CARTESIAN_POINT ( 'NONE',  ( -1.834999999999999964, 3.610002195023269689, 1.500000000000000000 ) ) ;
#6294 = VECTOR ( 'NONE', #5464, 1000.000000000000000 ) ;
#6295 = CARTESIAN_POINT ( 'NONE',  ( 3.245000000000000107, -3.710002195023270222, 1.399999999999999911 ) ) ;
#6296 = ADVANCED_FACE ( 'NONE', ( #3955 ), #5598, .F. ) ;
#6297 = EDGE_CURVE ( 'NONE', #3397, #1115, #3636, .T. ) ;
#6298 = PRESENTATION_STYLE_ASSIGNMENT (( #5778 ) ) ;
#6299 = CARTESIAN_POINT ( 'NONE',  ( 4.044999999999999929, -4.810002195023270311, -3.491510466163695012E-12 ) ) ;
#6300 = EDGE_LOOP ( 'NONE', ( #1864, #6265, #3088, #6864 ) ) ;
#6301 = PRESENTATION_LAYER_ASSIGNMENT (  '', '', ( #5480 ) ) ;
#6302 = CARTESIAN_POINT ( 'NONE',  ( 0.8350000000000000755, 3.710002195023270222, 0.1999999999965084985 ) ) ;
#6303 = PRESENTATION_STYLE_ASSIGNMENT (( #4166 ) ) ;
#6304 = MECHANICAL_DESIGN_GEOMETRIC_PRESENTATION_REPRESENTATION (  '', ( #2050 ), #4003 ) ;
#6305 = CARTESIAN_POINT ( 'NONE',  ( -3.245000000000000107, 1.355252715606854196E-17, 0.1999999999999965139 ) ) ;
#6306 = ORIENTED_EDGE ( 'NONE', *, *, #5769, .F. ) ;
#6307 = UNCERTAINTY_MEASURE_WITH_UNIT (LENGTH_MEASURE( 1.000000000000000082E-05 ), #4785, 'distance_accuracy_value', 'NONE');
#6308 = EDGE_CURVE ( 'NONE', #6339, #979, #6497, .T. ) ;
#6309 = VECTOR ( 'NONE', #592, 1000.000000000000000 ) ;
#6310 = ORIENTED_EDGE ( 'NONE', *, *, #3398, .F. ) ;
#6311 =( NAMED_UNIT ( * ) SI_UNIT ( $, .STERADIAN. ) SOLID_ANGLE_UNIT ( ) );
#6312 = VECTOR ( 'NONE', #2197, 1000.000000000000114 ) ;
#6313 = FILL_AREA_STYLE ('',( #6792 ) ) ;
#6314 = PLANE ( 'NONE',  #2048 ) ;
#6315 = CYLINDRICAL_SURFACE ( 'NONE', #4652, 0.2000000000000000111 ) ;
#6316 = VERTEX_POINT ( 'NONE', #1369 ) ;
#6317 =( LENGTH_UNIT ( ) NAMED_UNIT ( * ) SI_UNIT ( .MILLI., .METRE. ) );
#6318 = EDGE_CURVE ( 'NONE', #1510, #1812, #3223, .T. ) ;
#6319 = CIRCLE ( 'NONE', #3440, 0.1000000000000000472 ) ;
#6320 = FILL_AREA_STYLE_COLOUR ( '', #2188 ) ;
#6321 = LINE ( 'NONE', #2906, #2175 ) ;
#6322 = SURFACE_STYLE_USAGE ( .BOTH. , #819 ) ;
#6323 = CARTESIAN_POINT ( 'NONE',  ( -0.8350000000000000755, 3.910002195023270399, 0.2999999999999999889 ) ) ;
#6324 = SURFACE_SIDE_STYLE ('',( #5768 ) ) ;
#6325 = LINE ( 'NONE', #4049, #5952 ) ;
#6326 = DIRECTION ( 'NONE',  ( -1.000000000000000000, 0.000000000000000000, 0.000000000000000000 ) ) ;
#6327 = DIRECTION ( 'NONE',  ( 0.000000000000000000, -1.000000000000000000, 0.000000000000000000 ) ) ;
#6328 = VERTEX_POINT ( 'NONE', #2655 ) ;
#6329 = FILL_AREA_STYLE ('',( #987 ) ) ;
#6330 = UNCERTAINTY_MEASURE_WITH_UNIT (LENGTH_MEASURE( 1.000000000000000082E-05 ), #2859, 'distance_accuracy_value', 'NONE');
#6331 = DIRECTION ( 'NONE',  ( 0.000000000000000000, 3.614007241618360111E-16, -1.000000000000000000 ) ) ;
#6332 = CARTESIAN_POINT ( 'NONE',  ( 4.930000000000000604, -3.200000000000000178, 1.550000000000000044 ) ) ;
#6333 = VERTEX_POINT ( 'NONE', #2495 ) ;
#6334 = SURFACE_STYLE_USAGE ( .BOTH. , #4132 ) ;
#6335 = ORIENTED_EDGE ( 'NONE', *, *, #4883, .T. ) ;
#6336 = CARTESIAN_POINT ( 'NONE',  ( -3.245000000000000107, -3.110002195023275018, 1.500000000000000000 ) ) ;
#6337 = ORIENTED_EDGE ( 'NONE', *, *, #6021, .T. ) ;
#6338 = COLOUR_RGB ( '',0.7764705882352941346, 0.7568627450980391913, 0.7372549019607843590 ) ;
#6339 = VERTEX_POINT ( 'NONE', #798 ) ;
#6340 = DIRECTION ( 'NONE',  ( 0.000000000000000000, 0.000000000000000000, -1.000000000000000000 ) ) ;
#6341 = FILL_AREA_STYLE ('',( #3073 ) ) ;
#6342 = ADVANCED_FACE ( 'NONE', ( #1916 ), #2995, .F. ) ;
#6343 = DIRECTION ( 'NONE',  ( 0.000000000000000000, 0.000000000000000000, 1.000000000000000000 ) ) ;
#6344 = SURFACE_STYLE_FILL_AREA ( #3612 ) ;
#6345 =( GEOMETRIC_REPRESENTATION_CONTEXT ( 3 ) GLOBAL_UNCERTAINTY_ASSIGNED_CONTEXT ( ( #2203 ) ) GLOBAL_UNIT_ASSIGNED_CONTEXT ( ( #1164, #4385, #1716 ) ) REPRESENTATION_CONTEXT ( 'NONE', 'WORKASPACE' ) );
#6346 = CARTESIAN_POINT ( 'NONE',  ( -1.834999999999999964, 4.010002195023269600, 0.2999999999999999889 ) ) ;
#6347 = CARTESIAN_POINT ( 'NONE',  ( -1.834999999999999964, -3.189372171916499799, 1.500000000000000000 ) ) ;
#6348 = DIRECTION ( 'NONE',  ( 1.000000000000000000, 0.000000000000000000, 0.000000000000000000 ) ) ;
#6349 =( LENGTH_UNIT ( ) NAMED_UNIT ( * ) SI_UNIT ( .MILLI., .METRE. ) );
#6350 = ORIENTED_EDGE ( 'NONE', *, *, #6756, .F. ) ;
#6351 = LINE ( 'NONE', #408, #5567 ) ;
#6352 = CARTESIAN_POINT ( 'NONE',  ( -3.245000000000000107, -3.610002195023269689, 1.500000000000000000 ) ) ;
#6353 = LINE ( 'NONE', #2417, #1574 ) ;
#6354 = ADVANCED_FACE ( 'NONE', ( #4094 ), #828, .F. ) ;
#6355 = STYLED_ITEM ( 'NONE', ( #7039 ), #4579 ) ;
#6356 = VECTOR ( 'NONE', #2570, 1000.000000000000000 ) ;
#6357 = ORIENTED_EDGE ( 'NONE', *, *, #5625, .T. ) ;
#6358 = AXIS2_PLACEMENT_3D ( 'NONE', #5657, #1821, #5188 ) ;
#6359 = MECHANICAL_DESIGN_GEOMETRIC_PRESENTATION_REPRESENTATION (  '', ( #6246 ), #736 ) ;
#6360 = FACE_OUTER_BOUND ( 'NONE', #2406, .T. ) ;
#6361 = FILL_AREA_STYLE ('',( #323 ) ) ;
#6362 = ORIENTED_EDGE ( 'NONE', *, *, #139, .T. ) ;
#6363 = PRESENTATION_LAYER_ASSIGNMENT (  '', '', ( #6722 ) ) ;
#6364 = DIRECTION ( 'NONE',  ( 0.000000000000000000, 0.000000000000000000, 1.000000000000000000 ) ) ;
#6365 =( NAMED_UNIT ( * ) PLANE_ANGLE_UNIT ( ) SI_UNIT ( $, .RADIAN. ) );
#6366 =( GEOMETRIC_REPRESENTATION_CONTEXT ( 3 ) GLOBAL_UNCERTAINTY_ASSIGNED_CONTEXT ( ( #3843 ) ) GLOBAL_UNIT_ASSIGNED_CONTEXT ( ( #3628, #3233, #5341 ) ) REPRESENTATION_CONTEXT ( 'NONE', 'WORKASPACE' ) );
#6367 = DIRECTION ( 'NONE',  ( -1.000000000000000000, 0.000000000000000000, 0.000000000000000000 ) ) ;
#6368 = ORIENTED_EDGE ( 'NONE', *, *, #88, .F. ) ;
#6369 = DIRECTION ( 'NONE',  ( 1.000000000000000000, 0.000000000000000000, 0.000000000000000000 ) ) ;
#6370 = UNCERTAINTY_MEASURE_WITH_UNIT (LENGTH_MEASURE( 1.000000000000000082E-05 ), #759, 'distance_accuracy_value', 'NONE');
#6371 = FACE_OUTER_BOUND ( 'NONE', #6604, .T. ) ;
#6372 = VERTEX_POINT ( 'NONE', #514 ) ;
#6373 = VECTOR ( 'NONE', #4954, 1000.000000000000000 ) ;
#6374 = ORIENTED_EDGE ( 'NONE', *, *, #1007, .T. ) ;
#6375 = LINE ( 'NONE', #938, #269 ) ;
#6376 = DIRECTION ( 'NONE',  ( 1.000000000000000000, 0.000000000000000000, 0.000000000000000000 ) ) ;
#6377 = DIRECTION ( 'NONE',  ( 0.000000000000000000, -1.000000000000000000, 3.614007241618360111E-16 ) ) ;
#6378 = EDGE_CURVE ( 'NONE', #1764, #1298, #886, .T. ) ;
#6379 = SURFACE_SIDE_STYLE ('',( #945 ) ) ;
#6380 = EDGE_CURVE ( 'NONE', #419, #6212, #3907, .T. ) ;
#6381 = LINE ( 'NONE', #1531, #6190 ) ;
#6382 = AXIS2_PLACEMENT_3D ( 'NONE', #4759, #4722, #402 ) ;
#6383 = SURFACE_STYLE_USAGE ( .BOTH. , #1605 ) ;
#6384 = FILL_AREA_STYLE ('',( #1356 ) ) ;
#6385 = CARTESIAN_POINT ( 'NONE',  ( 3.245000000000000107, 3.710002195023270222, 1.500000000000000000 ) ) ;
#6386 = CIRCLE ( 'NONE', #4672, 0.09999999999999999167 ) ;
#6387 = VERTEX_POINT ( 'NONE', #5990 ) ;
#6388 = EDGE_CURVE ( 'NONE', #5861, #2441, #3287, .T. ) ;
#6389 = LINE ( 'NONE', #5879, #6994 ) ;
#6390 = PRODUCT ( 'SMD_8', 'SMD_8', '', ( #6030 ) ) ;
#6391 = DIRECTION ( 'NONE',  ( 1.000000000000000000, 0.000000000000000000, 0.000000000000000000 ) ) ;
#6392 = FILL_AREA_STYLE ('',( #5809 ) ) ;
#6393 = VECTOR ( 'NONE', #3021, 1000.000000000000000 ) ;
#6394 = CARTESIAN_POINT ( 'NONE',  ( 3.575000000000000178, 4.810002195023270311, 0.1999999999999965139 ) ) ;
#6395 = EDGE_CURVE ( 'NONE', #4139, #2639, #6026, .T. ) ;
#6396 = VECTOR ( 'NONE', #470, 1000.000000000000000 ) ;
#6397 =( NAMED_UNIT ( * ) PLANE_ANGLE_UNIT ( ) SI_UNIT ( $, .RADIAN. ) );
#6398 = AXIS2_PLACEMENT_3D ( 'NONE', #6791, #5654, #264 ) ;
#6399 = DIRECTION ( 'NONE',  ( 0.000000000000000000, 1.000000000000000000, 0.000000000000000000 ) ) ;
#6400 = DIRECTION ( 'NONE',  ( -1.000000000000000000, 0.000000000000000000, 0.000000000000000000 ) ) ;
#6401 = PRESENTATION_LAYER_ASSIGNMENT (  '', '', ( #4105 ) ) ;
#6402 = EDGE_LOOP ( 'NONE', ( #6576, #3592, #5854, #5383 ) ) ;
#6403 =( NAMED_UNIT ( * ) PLANE_ANGLE_UNIT ( ) SI_UNIT ( $, .RADIAN. ) );
#6404 = ORIENTED_EDGE ( 'NONE', *, *, #450, .F. ) ;
#6405 = SURFACE_STYLE_USAGE ( .BOTH. , #388 ) ;
#6406 = AXIS2_PLACEMENT_3D ( 'NONE', #1673, #704, #631 ) ;
#6407 = CARTESIAN_POINT ( 'NONE',  ( 3.245000000000000107, -3.910002195023270399, 0.000000000000000000 ) ) ;
#6408 = ORIENTED_EDGE ( 'NONE', *, *, #3451, .T. ) ;
#6409 = VECTOR ( 'NONE', #5403, 1000.000000000000000 ) ;
#6410 = FILL_AREA_STYLE_COLOUR ( '', #4092 ) ;
#6411 = MECHANICAL_DESIGN_GEOMETRIC_PRESENTATION_REPRESENTATION (  '', ( #5954 ), #6183 ) ;
#6412 = ORIENTED_EDGE ( 'NONE', *, *, #4646, .T. ) ;
#6413 = ORIENTED_EDGE ( 'NONE', *, *, #1190, .F. ) ;
#6414 = VECTOR ( 'NONE', #981, 1000.000000000000000 ) ;
#6415 = SURFACE_STYLE_USAGE ( .BOTH. , #6446 ) ;
#6416 =( GEOMETRIC_REPRESENTATION_CONTEXT ( 3 ) GLOBAL_UNCERTAINTY_ASSIGNED_CONTEXT ( ( #5219 ) ) GLOBAL_UNIT_ASSIGNED_CONTEXT ( ( #1866, #4040, #6422 ) ) REPRESENTATION_CONTEXT ( 'NONE', 'WORKASPACE' ) );
#6417 = CARTESIAN_POINT ( 'NONE',  ( 3.245000000000000107, 3.910002195023270399, 0.000000000000000000 ) ) ;
#6418 = DIRECTION ( 'NONE',  ( 0.000000000000000000, -0.2079116908177598699, -0.9781476007338054668 ) ) ;
#6419 = VECTOR ( 'NONE', #4755, 1000.000000000000114 ) ;
#6420 = PRESENTATION_LAYER_ASSIGNMENT (  '', '', ( #1836 ) ) ;
#6421 = VECTOR ( 'NONE', #1617, 1000.000000000000000 ) ;
#6422 =( NAMED_UNIT ( * ) SI_UNIT ( $, .STERADIAN. ) SOLID_ANGLE_UNIT ( ) );
#6423 = FILL_AREA_STYLE ('',( #3643 ) ) ;
#6424 = CARTESIAN_POINT ( 'NONE',  ( 4.930000000000000604, -3.189372171916499799, 1.500000000000000000 ) ) ;
#6425 = EDGE_CURVE ( 'NONE', #7057, #4420, #80, .T. ) ;
#6426 = VECTOR ( 'NONE', #2834, 1000.000000000000000 ) ;
#6427 = ORIENTED_EDGE ( 'NONE', *, *, #3503, .T. ) ;
#6428 = CARTESIAN_POINT ( 'NONE',  ( 1.834999999999999964, 3.610002195023269689, 1.500000000000000000 ) ) ;
#6429 = STYLED_ITEM ( 'NONE', ( #6089 ), #1406 ) ;
#6430 = CARTESIAN_POINT ( 'NONE',  ( -3.200000000000000178, -1.500000000000000000, 2.799999999999999822 ) ) ;
#6431 = PLANE ( 'NONE',  #6148 ) ;
#6432 = EDGE_CURVE ( 'NONE', #6923, #3366, #1095, .T. ) ;
#6433 = ORIENTED_EDGE ( 'NONE', *, *, #1968, .T. ) ;
#6434 = FACE_OUTER_BOUND ( 'NONE', #7098, .T. ) ;
#6435 = PLANE ( 'NONE',  #1660 ) ;
#6436 = PLANE ( 'NONE',  #1476 ) ;
#6437 = ORIENTED_EDGE ( 'NONE', *, *, #6889, .T. ) ;
#6438 = DIRECTION ( 'NONE',  ( 1.000000000000000000, 0.000000000000000000, 0.000000000000000000 ) ) ;
#6439 = FACE_OUTER_BOUND ( 'NONE', #3209, .T. ) ;
#6440 = ORIENTED_EDGE ( 'NONE', *, *, #5234, .T. ) ;
#6441 = LINE ( 'NONE', #2599, #65 ) ;
#6442 = UNCERTAINTY_MEASURE_WITH_UNIT (LENGTH_MEASURE( 1.000000000000000082E-05 ), #7019, 'distance_accuracy_value', 'NONE');
#6443 = ORIENTED_EDGE ( 'NONE', *, *, #1202, .T. ) ;
#6444 = VERTEX_POINT ( 'NONE', #6092 ) ;
#6445 = FILL_AREA_STYLE ('',( #3671 ) ) ;
#6446 = SURFACE_SIDE_STYLE ('',( #2642 ) ) ;
#6447 = SURFACE_STYLE_FILL_AREA ( #1418 ) ;
#6448 = ORIENTED_EDGE ( 'NONE', *, *, #672, .T. ) ;
#6449 = CARTESIAN_POINT ( 'NONE',  ( 3.245000000000000107, 3.200000000000000178, 1.550000000000000044 ) ) ;
#6450 = VECTOR ( 'NONE', #68, 1000.000000000000000 ) ;
#6451 = LINE ( 'NONE', #3642, #5736 ) ;
#6452 = CARTESIAN_POINT ( 'NONE',  ( 1.834999999999999964, 3.710002195023270222, 0.000000000000000000 ) ) ;
#6453 = CARTESIAN_POINT ( 'NONE',  ( -0.8350000000000000755, 3.200000000000000178, 1.550000000000000044 ) ) ;
#6454 = SURFACE_SIDE_STYLE ('',( #1021 ) ) ;
#6455 = LINE ( 'NONE', #918, #6712 ) ;
#6456 = AXIS2_PLACEMENT_3D ( 'NONE', #5046, #4478, #6685 ) ;
#6457 = CARTESIAN_POINT ( 'NONE',  ( 3.245000000000000107, -3.710002195023270222, 1.500000000000000000 ) ) ;
#6458 = ORIENTED_EDGE ( 'NONE', *, *, #5437, .F. ) ;
#6459 = VECTOR ( 'NONE', #5691, 1000.000000000000114 ) ;
#6460 = SURFACE_STYLE_FILL_AREA ( #1504 ) ;
#6461 = SURFACE_STYLE_USAGE ( .BOTH. , #4257 ) ;
#6462 = FACE_OUTER_BOUND ( 'NONE', #4543, .T. ) ;
#6463 = VERTEX_POINT ( 'NONE', #7123 ) ;
#6464 = SURFACE_STYLE_FILL_AREA ( #2733 ) ;
#6465 = EDGE_CURVE ( 'NONE', #7028, #1510, #5544, .T. ) ;
#6466 = PRESENTATION_STYLE_ASSIGNMENT (( #5886 ) ) ;
#6467 = SURFACE_STYLE_FILL_AREA ( #5379 ) ;
#6468 = ADVANCED_FACE ( 'NONE', ( #48 ), #6686, .F. ) ;
#6469 = VECTOR ( 'NONE', #2587, 1000.000000000000000 ) ;
#6470 = EDGE_CURVE ( 'NONE', #972, #6195, #5552, .T. ) ;
#6471 = ORIENTED_EDGE ( 'NONE', *, *, #1614, .T. ) ;
#6472 = CARTESIAN_POINT ( 'NONE',  ( -1.834999999999999964, 4.310002195023275640, 0.1999999999999965139 ) ) ;
#6473 = FILL_AREA_STYLE_COLOUR ( '', #3255 ) ;
#6474 = SURFACE_SIDE_STYLE ('',( #932 ) ) ;
#6475 = VERTEX_POINT ( 'NONE', #6724 ) ;
#6476 =( NAMED_UNIT ( * ) PLANE_ANGLE_UNIT ( ) SI_UNIT ( $, .RADIAN. ) );
#6477 = VECTOR ( 'NONE', #5553, 1000.000000000000000 ) ;
#6478 = VECTOR ( 'NONE', #4349, 1000.000000000000114 ) ;
#6479 = ORIENTED_EDGE ( 'NONE', *, *, #5963, .T. ) ;
#6480 = PRESENTATION_LAYER_ASSIGNMENT (  '', '', ( #1903 ) ) ;
#6481 = LINE ( 'NONE', #5940, #684 ) ;
#6482 = ORIENTED_EDGE ( 'NONE', *, *, #1192, .T. ) ;
#6483 = MECHANICAL_DESIGN_GEOMETRIC_PRESENTATION_REPRESENTATION (  '', ( #283 ), #5215 ) ;
#6484 =( NAMED_UNIT ( * ) PLANE_ANGLE_UNIT ( ) SI_UNIT ( $, .RADIAN. ) );
#6485 = LINE ( 'NONE', #5980, #4452 ) ;
#6486 = CARTESIAN_POINT ( 'NONE',  ( -1.834999999999999964, 3.710002195023270222, 1.699999999999999956 ) ) ;
#6487 = EDGE_LOOP ( 'NONE', ( #4897, #4618, #691, #694 ) ) ;
#6488 = LINE ( 'NONE', #3043, #1220 ) ;
#6489 = COLOUR_RGB ( '',0.7764705882352941346, 0.7568627450980391913, 0.7372549019607843590 ) ;
#6490 = STYLED_ITEM ( 'NONE', ( #6185 ), #4219 ) ;
#6491 = EDGE_CURVE ( 'NONE', #3625, #4851, #678, .T. ) ;
#6492 = DIRECTION ( 'NONE',  ( 0.000000000000000000, 0.000000000000000000, 1.000000000000000000 ) ) ;
#6493 = FILL_AREA_STYLE ('',( #3681 ) ) ;
#6494 =( GEOMETRIC_REPRESENTATION_CONTEXT ( 3 ) GLOBAL_UNCERTAINTY_ASSIGNED_CONTEXT ( ( #2376 ) ) GLOBAL_UNIT_ASSIGNED_CONTEXT ( ( #350, #7090, #4731 ) ) REPRESENTATION_CONTEXT ( 'NONE', 'WORKASPACE' ) );
#6495 = DIRECTION ( 'NONE',  ( 1.000000000000000000, 0.000000000000000000, 0.000000000000000000 ) ) ;
#6496 = DIRECTION ( 'NONE',  ( 0.000000000000000000, -1.000000000000000000, 0.000000000000000000 ) ) ;
#6497 = LINE ( 'NONE', #6293, #3182 ) ;
#6498 = VECTOR ( 'NONE', #595, 1000.000000000000000 ) ;
#6499 = SURFACE_STYLE_FILL_AREA ( #4288 ) ;
#6500 = CARTESIAN_POINT ( 'NONE',  ( 4.244999999999999218, 0.000000000000000000, -3.491456256055070333E-12 ) ) ;
#6501 = SURFACE_STYLE_USAGE ( .BOTH. , #2551 ) ;
#6502 = CARTESIAN_POINT ( 'NONE',  ( 0.8350000000000000755, 3.200000000000000178, 1.550000000000000044 ) ) ;
#6503 = PRESENTATION_LAYER_ASSIGNMENT (  '', '', ( #2499 ) ) ;
#6504 = CARTESIAN_POINT ( 'NONE',  ( 4.643048641745470384, 2.913048641745470402, 2.899999999999999911 ) ) ;
#6505 = FACE_OUTER_BOUND ( 'NONE', #5525, .T. ) ;
#6506 =( GEOMETRIC_REPRESENTATION_CONTEXT ( 3 ) GLOBAL_UNCERTAINTY_ASSIGNED_CONTEXT ( ( #4016 ) ) GLOBAL_UNIT_ASSIGNED_CONTEXT ( ( #1112, #6476, #2709 ) ) REPRESENTATION_CONTEXT ( 'NONE', 'WORKASPACE' ) );
#6507 = ORIENTED_EDGE ( 'NONE', *, *, #4884, .T. ) ;
#6508 = EDGE_CURVE ( 'NONE', #2639, #1004, #5703, .T. ) ;
#6509 = SURFACE_SIDE_STYLE ('',( #5449 ) ) ;
#6510 = ORIENTED_EDGE ( 'NONE', *, *, #4096, .F. ) ;
#6511 = CARTESIAN_POINT ( 'NONE',  ( 1.034999999999999920, -4.810002195023270311, -3.491510466163695012E-12 ) ) ;
#6512 = MECHANICAL_DESIGN_GEOMETRIC_PRESENTATION_REPRESENTATION (  '', ( #2031 ), #5937 ) ;
#6513 = EDGE_CURVE ( 'NONE', #4640, #2195, #6210, .T. ) ;
#6514 = UNCERTAINTY_MEASURE_WITH_UNIT (LENGTH_MEASURE( 1.000000000000000082E-05 ), #4491, 'distance_accuracy_value', 'NONE');
#6515 = ORIENTED_EDGE ( 'NONE', *, *, #5796, .F. ) ;
#6516 = COLOUR_RGB ( '',0.7764705882352941346, 0.7568627450980391913, 0.7372549019607843590 ) ;
#6517 = ORIENTED_EDGE ( 'NONE', *, *, #4351, .T. ) ;
#6518 = CARTESIAN_POINT ( 'NONE',  ( 1.034999999999999920, -4.810002195023270311, -3.491510466163695012E-12 ) ) ;
#6519 = ORIENTED_EDGE ( 'NONE', *, *, #187, .F. ) ;
#6520 = MECHANICAL_DESIGN_GEOMETRIC_PRESENTATION_REPRESENTATION (  '', ( #3534 ), #1113 ) ;
#6521 = LINE ( 'NONE', #4751, #1988 ) ;
#6522 = PRESENTATION_STYLE_ASSIGNMENT (( #4309 ) ) ;
#6523 = SURFACE_SIDE_STYLE ('',( #2571 ) ) ;
#6524 = CARTESIAN_POINT ( 'NONE',  ( -3.575000000000000178, 4.810002195023270311, 0.1999999999999965139 ) ) ;
#6525 = VECTOR ( 'NONE', #5750, 1000.000000000000000 ) ;
#6526 = VERTEX_POINT ( 'NONE', #1753 ) ;
#6527 = DIRECTION ( 'NONE',  ( 1.000000000000000000, 0.000000000000000000, 0.000000000000000000 ) ) ;
#6528 = EDGE_CURVE ( 'NONE', #1466, #2213, #4512, .T. ) ;
#6529 = COLOUR_RGB ( '',0.7764705882352941346, 0.7568627450980391913, 0.7372549019607843590 ) ;
#6530 = PRESENTATION_LAYER_ASSIGNMENT (  '', '', ( #3195 ) ) ;
#6531 = SURFACE_STYLE_FILL_AREA ( #2683 ) ;
#6532 = CARTESIAN_POINT ( 'NONE',  ( 4.244999999999999218, -3.910002195023270399, 1.500000000000000000 ) ) ;
#6533 = MECHANICAL_DESIGN_GEOMETRIC_PRESENTATION_REPRESENTATION (  '', ( #558 ), #2750 ) ;
#6534 = DIRECTION ( 'NONE',  ( 0.000000000000000000, 0.2079116908177598699, -0.9781476007338054668 ) ) ;
#6535 = VECTOR ( 'NONE', #1566, 1000.000000000000000 ) ;
#6536 = COLOUR_RGB ( '',0.7764705882352941346, 0.7568627450980391913, 0.7372549019607843590 ) ;
#6537 = CARTESIAN_POINT ( 'NONE',  ( 3.245000000000000107, 3.910002195023270399, 0.2999999999999999889 ) ) ;
#6538 = FILL_AREA_STYLE_COLOUR ( '', #663 ) ;
#6539 = SURFACE_SIDE_STYLE ('',( #6460 ) ) ;
#6540 = MECHANICAL_DESIGN_GEOMETRIC_PRESENTATION_REPRESENTATION (  '', ( #1836 ), #1256 ) ;
#6541 = LINE ( 'NONE', #4163, #3690 ) ;
#6542 = CARTESIAN_POINT ( 'NONE',  ( 3.245000000000000107, -3.710002195023270222, 0.1999999999965084985 ) ) ;
#6543 =( LENGTH_UNIT ( ) NAMED_UNIT ( * ) SI_UNIT ( .MILLI., .METRE. ) );
#6544 = ORIENTED_EDGE ( 'NONE', *, *, #2748, .F. ) ;
#6545 = CARTESIAN_POINT ( 'NONE',  ( 1.834999999999999964, -6.143812310751189163E-16, 1.699999999999999956 ) ) ;
#6546 = CARTESIAN_POINT ( 'NONE',  ( -1.834999999999999964, -3.910002195023270399, -3.491456256055070333E-12 ) ) ;
#6547 = PRESENTATION_LAYER_ASSIGNMENT (  '', '', ( #2067 ) ) ;
#6548 = FILL_AREA_STYLE_COLOUR ( '', #6256 ) ;
#6549 = ORIENTED_EDGE ( 'NONE', *, *, #6163, .F. ) ;
#6550 = DIRECTION ( 'NONE',  ( 1.000000000000000000, 0.000000000000000000, 0.000000000000000000 ) ) ;
#6551 =( NAMED_UNIT ( * ) SI_UNIT ( $, .STERADIAN. ) SOLID_ANGLE_UNIT ( ) );
#6552 = ORIENTED_EDGE ( 'NONE', *, *, #6206, .T. ) ;
#6553 = SURFACE_STYLE_USAGE ( .BOTH. , #4341 ) ;
#6554 = VERTEX_POINT ( 'NONE', #4548 ) ;
#6555 = VERTEX_POINT ( 'NONE', #601 ) ;
#6556 = EDGE_CURVE ( 'NONE', #3201, #3966, #5014, .T. ) ;
#6557 = SURFACE_SIDE_STYLE ('',( #7106 ) ) ;
#6558 = ORIENTED_EDGE ( 'NONE', *, *, #6214, .T. ) ;
#6559 = DIRECTION ( 'NONE',  ( 0.000000000000000000, -1.000000000000000000, 0.000000000000000000 ) ) ;
#6560 = DIRECTION ( 'NONE',  ( 0.000000000000000000, 0.000000000000000000, 1.000000000000000000 ) ) ;
#6561 = DIRECTION ( 'NONE',  ( 0.000000000000000000, -0.2079116908177598699, -0.9781476007338054668 ) ) ;
#6562 = CARTESIAN_POINT ( 'NONE',  ( -1.834999999999999964, 3.200000000000000178, 1.550000000000000044 ) ) ;
#6563 = CARTESIAN_POINT ( 'NONE',  ( -1.034999999999999920, -4.310002195023275640, 0.1999999999999965139 ) ) ;
#6564 = EDGE_CURVE ( 'NONE', #4614, #908, #2908, .T. ) ;
#6565 =( NAMED_UNIT ( * ) PLANE_ANGLE_UNIT ( ) SI_UNIT ( $, .RADIAN. ) );
#6566 = EDGE_CURVE ( 'NONE', #3480, #2004, #1249, .T. ) ;
#6567 = LINE ( 'NONE', #3815, #2450 ) ;
#6568 = CARTESIAN_POINT ( 'NONE',  ( -4.244999999999999218, 4.010002195023269600, 0.2999999999999999889 ) ) ;
#6569 =( NAMED_UNIT ( * ) PLANE_ANGLE_UNIT ( ) SI_UNIT ( $, .RADIAN. ) );
#6570 = MECHANICAL_DESIGN_GEOMETRIC_PRESENTATION_REPRESENTATION (  '', ( #2211 ), #5989 ) ;
#6571 = DIRECTION ( 'NONE',  ( -1.000000000000000000, -2.628368902995165181E-15, 0.000000000000000000 ) ) ;
#6572 = PLANE ( 'NONE',  #1009 ) ;
#6573 = CARTESIAN_POINT ( 'NONE',  ( 1.834999999999999964, 3.910002195023270399, 1.500000000000000000 ) ) ;
#6574 = LINE ( 'NONE', #2303, #5771 ) ;
#6575 = SURFACE_STYLE_FILL_AREA ( #5373 ) ;
#6576 = ORIENTED_EDGE ( 'NONE', *, *, #2791, .T. ) ;
#6577 = LINE ( 'NONE', #6654, #6610 ) ;
#6578 = CARTESIAN_POINT ( 'NONE',  ( -4.044999999999999929, -4.810002195023270311, -3.491510466163695012E-12 ) ) ;
#6579 = CARTESIAN_POINT ( 'NONE',  ( 0.8350000000000000755, 3.910002195023270399, 1.500000000000000000 ) ) ;
#6580 = AXIS2_PLACEMENT_3D ( 'NONE', #2868, #6713, #1782 ) ;
#6581 = EDGE_CURVE ( 'NONE', #1115, #3911, #121, .T. ) ;
#6582 = ORIENTED_EDGE ( 'NONE', *, *, #2347, .F. ) ;
#6583 = DIRECTION ( 'NONE',  ( -1.000000000000000000, 0.000000000000000000, 0.000000000000000000 ) ) ;
#6584 = VECTOR ( 'NONE', #5978, 1000.000000000000000 ) ;
#6585 = ORIENTED_EDGE ( 'NONE', *, *, #7146, .F. ) ;
#6586 = FACE_OUTER_BOUND ( 'NONE', #4046, .T. ) ;
#6587 = UNCERTAINTY_MEASURE_WITH_UNIT (LENGTH_MEASURE( 1.000000000000000082E-05 ), #5178, 'distance_accuracy_value', 'NONE');
#6588 = VECTOR ( 'NONE', #1920, 1000.000000000000000 ) ;
#6589 = ORIENTED_EDGE ( 'NONE', *, *, #2122, .T. ) ;
#6590 = CARTESIAN_POINT ( 'NONE',  ( 3.575000000000000178, -4.810002195023270311, 0.1999999999999965139 ) ) ;
#6591 = ORIENTED_EDGE ( 'NONE', *, *, #5152, .F. ) ;
#6592 = DIRECTION ( 'NONE',  ( 0.000000000000000000, 0.000000000000000000, 1.000000000000000000 ) ) ;
#6593 = FILL_AREA_STYLE ('',( #621 ) ) ;
#6594 = PRESENTATION_LAYER_ASSIGNMENT (  '', '', ( #1895 ) ) ;
#6595 = DIRECTION ( 'NONE',  ( -1.000000000000000000, 0.000000000000000000, 0.000000000000000000 ) ) ;
#6596 = SURFACE_SIDE_STYLE ('',( #2252 ) ) ;
#6597 = COLOUR_RGB ( '',0.7764705882352941346, 0.7568627450980391913, 0.7372549019607843590 ) ;
#6598 = PRESENTATION_LAYER_ASSIGNMENT (  '', '', ( #503 ) ) ;
#6599 = CARTESIAN_POINT ( 'NONE',  ( -4.244999999999999218, 3.200000000000000178, 1.550000000000000044 ) ) ;
#6600 = SURFACE_STYLE_USAGE ( .BOTH. , #2254 ) ;
#6601 = VECTOR ( 'NONE', #6853, 1000.000000000000000 ) ;
#6602 = PLANE ( 'NONE',  #1702 ) ;
#6603 = FILL_AREA_STYLE_COLOUR ( '', #6597 ) ;
#6604 = EDGE_LOOP ( 'NONE', ( #1804, #3125, #1161, #1879, #416, #3598, #6051, #4718, #3505, #4008, #5303, #3449, #5977 ) ) ;
#6605 = EDGE_CURVE ( 'NONE', #3272, #5704, #5665, .T. ) ;
#6606 = MECHANICAL_DESIGN_GEOMETRIC_PRESENTATION_REPRESENTATION (  '', ( #3394 ), #272 ) ;
#6607 = ADVANCED_FACE ( 'NONE', ( #2947 ), #1212, .F. ) ;
#6608 = CARTESIAN_POINT ( 'NONE',  ( -4.930000000000000604, -3.200000000000000178, 1.550000000000000044 ) ) ;
#6609 =( NAMED_UNIT ( * ) PLANE_ANGLE_UNIT ( ) SI_UNIT ( $, .RADIAN. ) );
#6610 = VECTOR ( 'NONE', #6141, 1000.000000000000000 ) ;
#6611 = DIRECTION ( 'NONE',  ( -1.000000000000000000, 0.000000000000000000, 0.000000000000000000 ) ) ;
#6612 =( LENGTH_UNIT ( ) NAMED_UNIT ( * ) SI_UNIT ( .MILLI., .METRE. ) );
#6613 = ORIENTED_EDGE ( 'NONE', *, *, #6508, .F. ) ;
#6614 = DIRECTION ( 'NONE',  ( 1.000000000000000000, 0.000000000000000000, 0.000000000000000000 ) ) ;
#6615 = PRESENTATION_LAYER_ASSIGNMENT (  '', '', ( #2595 ) ) ;
#6616 = ADVANCED_FACE ( 'NONE', ( #4698 ), #5231, .F. ) ;
#6617 = LINE ( 'NONE', #5376, #5964 ) ;
#6618 = UNCERTAINTY_MEASURE_WITH_UNIT (LENGTH_MEASURE( 1.000000000000000082E-05 ), #1977, 'distance_accuracy_value', 'NONE');
#6619 = FILL_AREA_STYLE_COLOUR ( '', #2698 ) ;
#6620 = ORIENTED_EDGE ( 'NONE', *, *, #6163, .T. ) ;
#6621 =( GEOMETRIC_REPRESENTATION_CONTEXT ( 3 ) GLOBAL_UNCERTAINTY_ASSIGNED_CONTEXT ( ( #2231 ) ) GLOBAL_UNIT_ASSIGNED_CONTEXT ( ( #4943, #2757, #7150 ) ) REPRESENTATION_CONTEXT ( 'NONE', 'WORKASPACE' ) );
#6622 = LINE ( 'NONE', #1179, #3374 ) ;
#6623 = ADVANCED_FACE ( 'NONE', ( #5288 ), #5800, .F. ) ;
#6624 =( NAMED_UNIT ( * ) SI_UNIT ( $, .STERADIAN. ) SOLID_ANGLE_UNIT ( ) );
#6625 = CIRCLE ( 'NONE', #5338, 0.1000000000000000472 ) ;
#6626 = ORIENTED_EDGE ( 'NONE', *, *, #1069, .F. ) ;
#6627 = FACE_OUTER_BOUND ( 'NONE', #5186, .T. ) ;
#6628 = ORIENTED_EDGE ( 'NONE', *, *, #861, .F. ) ;
#6629 = DIRECTION ( 'NONE',  ( 0.000000000000000000, 0.000000000000000000, -1.000000000000000000 ) ) ;
#6630 = VERTEX_POINT ( 'NONE', #6942 ) ;
#6631 = DIRECTION ( 'NONE',  ( 0.000000000000000000, 0.000000000000000000, -1.000000000000000000 ) ) ;
#6632 = LINE ( 'NONE', #2320, #5208 ) ;
#6633 = PLANE ( 'NONE',  #1005 ) ;
#6634 = ORIENTED_EDGE ( 'NONE', *, *, #3095, .T. ) ;
#6635 = LINE ( 'NONE', #1601, #4891 ) ;
#6636 =( GEOMETRIC_REPRESENTATION_CONTEXT ( 3 ) GLOBAL_UNCERTAINTY_ASSIGNED_CONTEXT ( ( #642 ) ) GLOBAL_UNIT_ASSIGNED_CONTEXT ( ( #1682, #159, #4981 ) ) REPRESENTATION_CONTEXT ( 'NONE', 'WORKASPACE' ) );
#6637 = FILL_AREA_STYLE ('',( #4428 ) ) ;
#6638 = VECTOR ( 'NONE', #5217, 1000.000000000000114 ) ;
#6639 = EDGE_LOOP ( 'NONE', ( #1843, #5876, #2314, #1991, #4229, #1142, #2918, #5085, #4195, #827, #2359, #5133, #5851 ) ) ;
#6640 = CARTESIAN_POINT ( 'NONE',  ( -1.834999999999999964, -4.010002195023269600, 0.1999999999999970135 ) ) ;
#6641 = COLOUR_RGB ( '',0.7764705882352941346, 0.7568627450980391913, 0.7372549019607843590 ) ;
#6642 = PRESENTATION_LAYER_ASSIGNMENT (  '', '', ( #82 ) ) ;
#6643 =( NAMED_UNIT ( * ) SI_UNIT ( $, .STERADIAN. ) SOLID_ANGLE_UNIT ( ) );
#6644 = SURFACE_STYLE_FILL_AREA ( #1136 ) ;
#6645 = CARTESIAN_POINT ( 'NONE',  ( 3.575000000000000178, 4.310002195023275640, -3.491510466163695012E-12 ) ) ;
#6646 = VECTOR ( 'NONE', #5907, 1000.000000000000000 ) ;
#6647 = DIRECTION ( 'NONE',  ( 1.000000000000000000, 0.000000000000000000, 0.000000000000000000 ) ) ;
#6648 = EDGE_CURVE ( 'NONE', #5089, #5174, #3018, .T. ) ;
#6649 = COLOUR_RGB ( '',0.7764705882352941346, 0.7568627450980391913, 0.7372549019607843590 ) ;
#6650 = CARTESIAN_POINT ( 'NONE',  ( 1.834999999999999964, 3.200000000000000178, 1.550000000000000044 ) ) ;
#6651 = FILL_AREA_STYLE ('',( #3910 ) ) ;
#6652 = VECTOR ( 'NONE', #553, 1000.000000000000000 ) ;
#6653 = PRESENTATION_LAYER_ASSIGNMENT (  '', '', ( #5721 ) ) ;
#6654 = CARTESIAN_POINT ( 'NONE',  ( -1.834999999999999964, -3.710002195023270222, 1.399999999999999911 ) ) ;
#6655 =( GEOMETRIC_REPRESENTATION_CONTEXT ( 3 ) GLOBAL_UNCERTAINTY_ASSIGNED_CONTEXT ( ( #4198 ) ) GLOBAL_UNIT_ASSIGNED_CONTEXT ( ( #5297, #5743, #829 ) ) REPRESENTATION_CONTEXT ( 'NONE', 'WORKASPACE' ) );
#6656 = EDGE_CURVE ( 'NONE', #5528, #2702, #4182, .T. ) ;
#6657 = VERTEX_POINT ( 'NONE', #1320 ) ;
#6659 = EDGE_CURVE ( 'NONE', #229, #4964, #917, .T. ) ;
#6658 = FILL_AREA_STYLE ('',( #2810 ) ) ;
#6660 = DIRECTION ( 'NONE',  ( 0.000000000000000000, 0.000000000000000000, 1.000000000000000000 ) ) ;
#6661 = PRESENTATION_STYLE_ASSIGNMENT (( #2743 ) ) ;
#6662 = ORIENTED_EDGE ( 'NONE', *, *, #2848, .F. ) ;
#6663 = ORIENTED_EDGE ( 'NONE', *, *, #5054, .F. ) ;
#6664 = ORIENTED_EDGE ( 'NONE', *, *, #3882, .T. ) ;
#6665 = SURFACE_STYLE_FILL_AREA ( #5568 ) ;
#6666 = VECTOR ( 'NONE', #1997, 1000.000000000000114 ) ;
#6667 = VERTEX_POINT ( 'NONE', #3513 ) ;
#6668 =( NAMED_UNIT ( * ) SI_UNIT ( $, .STERADIAN. ) SOLID_ANGLE_UNIT ( ) );
#6669 =( LENGTH_UNIT ( ) NAMED_UNIT ( * ) SI_UNIT ( .MILLI., .METRE. ) );
#6670 = CARTESIAN_POINT ( 'NONE',  ( -1.034999999999999920, 4.310002195023275640, -3.491510466163695012E-12 ) ) ;
#6671 = VERTEX_POINT ( 'NONE', #2445 ) ;
#6672 = PRESENTATION_STYLE_ASSIGNMENT (( #3749 ) ) ;
#6673 = DIRECTION ( 'NONE',  ( -1.000000000000000000, 0.000000000000000000, 0.000000000000000000 ) ) ;
#6674 = EDGE_CURVE ( 'NONE', #6001, #1298, #6284, .T. ) ;
#6675 = CARTESIAN_POINT ( 'NONE',  ( 1.834999999999999964, 1.355252715606854196E-17, 0.1999999999999965139 ) ) ;
#6676 = SURFACE_STYLE_FILL_AREA ( #43 ) ;
#6677 = DIRECTION ( 'NONE',  ( 1.000000000000000000, 0.000000000000000000, 0.000000000000000000 ) ) ;
#6678 = LINE ( 'NONE', #5579, #3496 ) ;
#6679 = DIRECTION ( 'NONE',  ( 0.000000000000000000, 1.000000000000000000, 0.000000000000000000 ) ) ;
#6680 = ORIENTED_EDGE ( 'NONE', *, *, #3694, .T. ) ;
#6681 = FILL_AREA_STYLE ('',( #5506 ) ) ;
#6682 = LINE ( 'NONE', #1751, #5616 ) ;
#6683 = SURFACE_SIDE_STYLE ('',( #6644 ) ) ;
#6684 = CARTESIAN_POINT ( 'NONE',  ( 4.244999999999999218, -3.910002195023270399, 0.000000000000000000 ) ) ;
#6685 = DIRECTION ( 'NONE',  ( 0.000000000000000000, 0.000000000000000000, 1.000000000000000000 ) ) ;
#6686 = PLANE ( 'NONE',  #2516 ) ;
#6687 = AXIS2_PLACEMENT_3D ( 'NONE', #6332, #5436, #5210 ) ;
#6688 = LINE ( 'NONE', #4443, #2826 ) ;
#6689 = UNCERTAINTY_MEASURE_WITH_UNIT (LENGTH_MEASURE( 1.000000000000000082E-05 ), #1966, 'distance_accuracy_value', 'NONE');
#6690 =( GEOMETRIC_REPRESENTATION_CONTEXT ( 3 ) GLOBAL_UNCERTAINTY_ASSIGNED_CONTEXT ( ( #3572 ) ) GLOBAL_UNIT_ASSIGNED_CONTEXT ( ( #5159, #1319, #5116 ) ) REPRESENTATION_CONTEXT ( 'NONE', 'WORKASPACE' ) );
#6691 = PRESENTATION_STYLE_ASSIGNMENT (( #2306 ) ) ;
#6692 = ORIENTED_EDGE ( 'NONE', *, *, #2392, .F. ) ;
#6693 = FACE_OUTER_BOUND ( 'NONE', #582, .T. ) ;
#6694 = PLANE ( 'NONE',  #1083 ) ;
#6695 = DIRECTION ( 'NONE',  ( 1.000000000000000000, 0.000000000000000000, 0.000000000000000000 ) ) ;
#6696 = STYLED_ITEM ( 'NONE', ( #438 ), #3022 ) ;
#6697 = EDGE_CURVE ( 'NONE', #2266, #3383, #1939, .T. ) ;
#6698 = EDGE_CURVE ( 'NONE', #5123, #6463, #512, .T. ) ;
#6699 = EDGE_CURVE ( 'NONE', #1812, #5421, #6975, .T. ) ;
#6700 = SURFACE_STYLE_USAGE ( .BOTH. , #5565 ) ;
#6701 = VERTEX_POINT ( 'NONE', #6532 ) ;
#6702 = SURFACE_SIDE_STYLE ('',( #2854 ) ) ;
#6703 = ORIENTED_EDGE ( 'NONE', *, *, #139, .F. ) ;
#6704 = DIRECTION ( 'NONE',  ( 1.000000000000000000, 0.000000000000000000, 0.000000000000000000 ) ) ;
#6705 =( NAMED_UNIT ( * ) PLANE_ANGLE_UNIT ( ) SI_UNIT ( $, .RADIAN. ) );
#6706 = FACE_OUTER_BOUND ( 'NONE', #2744, .T. ) ;
#6707 = SURFACE_STYLE_USAGE ( .BOTH. , #1085 ) ;
#6708 = EDGE_LOOP ( 'NONE', ( #3415, #4151, #6080, #2174 ) ) ;
#6709 = VECTOR ( 'NONE', #3393, 1000.000000000000000 ) ;
#6710 = EDGE_CURVE ( 'NONE', #2873, #4998, #3817, .T. ) ;
#6711 = DIRECTION ( 'NONE',  ( -1.000000000000000000, 0.000000000000000000, 0.000000000000000000 ) ) ;
#6712 = VECTOR ( 'NONE', #4250, 1000.000000000000000 ) ;
#6713 = DIRECTION ( 'NONE',  ( 1.000000000000000000, 0.000000000000000000, 0.000000000000000000 ) ) ;
#6714 = SURFACE_STYLE_USAGE ( .BOTH. , #1237 ) ;
#6715 = DIRECTION ( 'NONE',  ( 0.000000000000000000, 0.000000000000000000, -1.000000000000000000 ) ) ;
#6716 = LINE ( 'NONE', #6169, #169 ) ;
#6717 = EDGE_LOOP ( 'NONE', ( #3778, #2342, #4313, #3155 ) ) ;
#6718 = EDGE_CURVE ( 'NONE', #5704, #4373, #2723, .T. ) ;
#6719 = CIRCLE ( 'NONE', #492, 0.09999999999999999167 ) ;
#6720 = VECTOR ( 'NONE', #2782, 1000.000000000000000 ) ;
#6721 = SURFACE_SIDE_STYLE ('',( #817 ) ) ;
#6722 = STYLED_ITEM ( 'NONE', ( #6691 ), #1637 ) ;
#6723 =( LENGTH_UNIT ( ) NAMED_UNIT ( * ) SI_UNIT ( .MILLI., .METRE. ) );
#6724 = CARTESIAN_POINT ( 'NONE',  ( -3.245000000000000107, 3.189372171916499799, 1.500000000000000000 ) ) ;
#6725 = COLOUR_RGB ( '',0.7764705882352941346, 0.7568627450980391913, 0.7372549019607843590 ) ;
#6726 = CARTESIAN_POINT ( 'NONE',  ( -4.244999999999999218, -3.710002195023270222, 1.399999999999999911 ) ) ;
#6727 = ORIENTED_EDGE ( 'NONE', *, *, #3179, .T. ) ;
#6728 = DIRECTION ( 'NONE',  ( -1.000000000000000000, 0.000000000000000000, 0.000000000000000000 ) ) ;
#6729 = CARTESIAN_POINT ( 'NONE',  ( -0.8350000000000000755, 3.910002195023270399, 1.500000000000000000 ) ) ;
#6730 = STYLED_ITEM ( 'NONE', ( #2801 ), #5269 ) ;
#6731 = CARTESIAN_POINT ( 'NONE',  ( -0.8350000000000000755, 4.010002195023269600, 0.1999999999999970135 ) ) ;
#6732 = ORIENTED_EDGE ( 'NONE', *, *, #1152, .F. ) ;
#6733 = CARTESIAN_POINT ( 'NONE',  ( -3.245000000000000107, -3.610002195023269689, 1.399999999999999911 ) ) ;
#6734 = LINE ( 'NONE', #1799, #5091 ) ;
#6735 = STYLED_ITEM ( 'NONE', ( #2793 ), #5738 ) ;
#6736 = VERTEX_POINT ( 'NONE', #5987 ) ;
#6737 = SURFACE_STYLE_FILL_AREA ( #4022 ) ;
#6738 = VERTEX_POINT ( 'NONE', #1606 ) ;
#6739 = DIRECTION ( 'NONE',  ( 0.000000000000000000, 0.000000000000000000, -1.000000000000000000 ) ) ;
#6740 = ORIENTED_EDGE ( 'NONE', *, *, #5052, .F. ) ;
#6741 = COLOUR_RGB ( '',0.1019607843137254888, 0.1019607843137254888, 0.1019607843137254888 ) ;
#6742 = DIRECTION ( 'NONE',  ( -1.000000000000000000, 0.000000000000000000, 0.000000000000000000 ) ) ;
#6743 = VERTEX_POINT ( 'NONE', #4910 ) ;
#6744 = DIRECTION ( 'NONE',  ( 0.000000000000000000, 0.000000000000000000, 1.000000000000000000 ) ) ;
#6745 = CARTESIAN_POINT ( 'NONE',  ( 4.244999999999999218, -3.710002195023270222, 1.699999999999999956 ) ) ;
#6746 = ADVANCED_FACE ( 'NONE', ( #1052 ), #4799, .F. ) ;
#6747 = EDGE_CURVE ( 'NONE', #6838, #2004, #6019, .T. ) ;
#6748 = LINE ( 'NONE', #1854, #4684 ) ;
#6749 = ORIENTED_EDGE ( 'NONE', *, *, #4630, .F. ) ;
#6750 = SURFACE_STYLE_FILL_AREA ( #5182 ) ;
#6751 = UNCERTAINTY_MEASURE_WITH_UNIT (LENGTH_MEASURE( 1.000000000000000082E-05 ), #4580, 'distance_accuracy_value', 'NONE');
#6752 =( NAMED_UNIT ( * ) SI_UNIT ( $, .STERADIAN. ) SOLID_ANGLE_UNIT ( ) );
#6753 = CARTESIAN_POINT ( 'NONE',  ( 4.244999999999999218, -1.355252715606854196E-17, 0.1999999999999965139 ) ) ;
#6754 = PRESENTATION_STYLE_ASSIGNMENT (( #3504 ) ) ;
#6755 = PRESENTATION_STYLE_ASSIGNMENT (( #6714 ) ) ;
#6756 = EDGE_CURVE ( 'NONE', #2386, #1907, #5915, .T. ) ;
#6757 = DIRECTION ( 'NONE',  ( 0.000000000000000000, 0.000000000000000000, 1.000000000000000000 ) ) ;
#6758 = PRESENTATION_LAYER_ASSIGNMENT (  '', '', ( #6880 ) ) ;
#6759 = COLOUR_RGB ( '',0.7764705882352941346, 0.7568627450980391913, 0.7372549019607843590 ) ;
#6760 = SURFACE_STYLE_FILL_AREA ( #2332 ) ;
#6761 = DIRECTION ( 'NONE',  ( -0.000000000000000000, 1.000000000000000000, 0.000000000000000000 ) ) ;
#6762 = AXIS2_PLACEMENT_3D ( 'NONE', #1341, #6200, #4067 ) ;
#6763 = CARTESIAN_POINT ( 'NONE',  ( 3.245000000000000107, -3.710002195023270222, 1.699999999999999956 ) ) ;
#6764 = COLOUR_RGB ( '',0.7764705882352941346, 0.7568627450980391913, 0.7372549019607843590 ) ;
#6765 = ORIENTED_EDGE ( 'NONE', *, *, #1107, .F. ) ;
#6766 = CARTESIAN_POINT ( 'NONE',  ( 3.245000000000000107, 3.710002195023270222, 0.1999999999965084985 ) ) ;
#6767 = COLOUR_RGB ( '',0.7764705882352941346, 0.7568627450980391913, 0.7372549019607843590 ) ;
#6768 = LINE ( 'NONE', #3477, #2185 ) ;
#6769 = UNCERTAINTY_MEASURE_WITH_UNIT (LENGTH_MEASURE( 1.000000000000000082E-05 ), #2092, 'distance_accuracy_value', 'NONE');
#6770 =( GEOMETRIC_REPRESENTATION_CONTEXT ( 3 ) GLOBAL_UNCERTAINTY_ASSIGNED_CONTEXT ( ( #136 ) ) GLOBAL_UNIT_ASSIGNED_CONTEXT ( ( #1568, #2105, #4356 ) ) REPRESENTATION_CONTEXT ( 'NONE', 'WORKASPACE' ) );
#6771 = COLOUR_RGB ( '',0.7764705882352941346, 0.7568627450980391913, 0.7372549019607843590 ) ;
#6772 = ORIENTED_EDGE ( 'NONE', *, *, #2348, .F. ) ;
#6773 = CARTESIAN_POINT ( 'NONE',  ( -3.245000000000000107, -3.110002195023275018, 0.000000000000000000 ) ) ;
#6774 =( NAMED_UNIT ( * ) SI_UNIT ( $, .STERADIAN. ) SOLID_ANGLE_UNIT ( ) );
#6775 = PRESENTATION_STYLE_ASSIGNMENT (( #5088 ) ) ;
#6776 = ORIENTED_EDGE ( 'NONE', *, *, #5897, .F. ) ;
#6777 = CIRCLE ( 'NONE', #339, 0.2000000000000000111 ) ;
#6778 = ORIENTED_EDGE ( 'NONE', *, *, #6837, .F. ) ;
#6779 = DIRECTION ( 'NONE',  ( 0.000000000000000000, 1.000000000000000000, 3.614007241618355180E-16 ) ) ;
#6780 = ORIENTED_EDGE ( 'NONE', *, *, #4592, .F. ) ;
#6781 = ORIENTED_EDGE ( 'NONE', *, *, #5985, .T. ) ;
#6782 = PRESENTATION_LAYER_ASSIGNMENT (  '', '', ( #3546 ) ) ;
#6783 = FILL_AREA_STYLE ('',( #1375 ) ) ;
#6784 = DIRECTION ( 'NONE',  ( 1.000000000000000000, 0.000000000000000000, 0.000000000000000000 ) ) ;
#6785 = FILL_AREA_STYLE ('',( #2462 ) ) ;
#6786 = LINE ( 'NONE', #6305, #4207 ) ;
#6787 = ORIENTED_EDGE ( 'NONE', *, *, #1873, .T. ) ;
#6788 = DIRECTION ( 'NONE',  ( 0.000000000000000000, 1.000000000000000000, 6.776263578034390387E-17 ) ) ;
#6789 = EDGE_CURVE ( 'NONE', #1919, #6630, #5955, .T. ) ;
#6790 = MECHANICAL_DESIGN_GEOMETRIC_PRESENTATION_REPRESENTATION (  '', ( #2988 ), #3659 ) ;
#6791 = CARTESIAN_POINT ( 'NONE',  ( -1.834999999999999964, 3.710002195023270222, 0.000000000000000000 ) ) ;
#6792 = FILL_AREA_STYLE_COLOUR ( '', #2100 ) ;
#6793 = ORIENTED_EDGE ( 'NONE', *, *, #5635, .F. ) ;
#6794 = FILL_AREA_STYLE ('',( #5151 ) ) ;
#6795 = FILL_AREA_STYLE_COLOUR ( '', #383 ) ;
#6796 = DIRECTION ( 'NONE',  ( -1.000000000000000000, 0.000000000000000000, 0.000000000000000000 ) ) ;
#6797 = ORIENTED_EDGE ( 'NONE', *, *, #6388, .T. ) ;
#6798 = ADVANCED_FACE ( 'NONE', ( #5325 ), #984, .F. ) ;
#6799 = ADVANCED_FACE ( 'NONE', ( #116 ), #2220, .F. ) ;
#6800 = EDGE_CURVE ( 'NONE', #840, #6387, #3362, .T. ) ;
#6801 =( LENGTH_UNIT ( ) NAMED_UNIT ( * ) SI_UNIT ( .MILLI., .METRE. ) );
#6802 = CARTESIAN_POINT ( 'NONE',  ( 1.834999999999999964, 4.810002195023270311, 0.000000000000000000 ) ) ;
#6803 = PRESENTATION_STYLE_ASSIGNMENT (( #2948 ) ) ;
#6804 = ORIENTED_EDGE ( 'NONE', *, *, #6965, .F. ) ;
#6805 = PRESENTATION_STYLE_ASSIGNMENT (( #6878 ) ) ;
#6806 = ORIENTED_EDGE ( 'NONE', *, *, #2163, .T. ) ;
#6807 = SURFACE_STYLE_USAGE ( .BOTH. , #4019 ) ;
#6808 = DIRECTION ( 'NONE',  ( 0.000000000000000000, 1.000000000000000000, 0.000000000000000000 ) ) ;
#6809 =( LENGTH_UNIT ( ) NAMED_UNIT ( * ) SI_UNIT ( .MILLI., .METRE. ) );
#6810 = VERTEX_POINT ( 'NONE', #1276 ) ;
#6811 = DIRECTION ( 'NONE',  ( 0.000000000000000000, -1.000000000000000000, 0.000000000000000000 ) ) ;
#6812 = UNCERTAINTY_MEASURE_WITH_UNIT (LENGTH_MEASURE( 1.000000000000000082E-05 ), #4848, 'distance_accuracy_value', 'NONE');
#6813 = EDGE_CURVE ( 'NONE', #6838, #1919, #5129, .T. ) ;
#6814 = ORIENTED_EDGE ( 'NONE', *, *, #7114, .F. ) ;
#6815 = CARTESIAN_POINT ( 'NONE',  ( 4.044999999999999929, 4.810002195023270311, 0.1999999999999965139 ) ) ;
#6816 = DIRECTION ( 'NONE',  ( 1.000000000000000000, 0.000000000000000000, 0.000000000000000000 ) ) ;
#6817 = EDGE_LOOP ( 'NONE', ( #1697, #346, #6433, #6412, #6787, #6776, #6413, #5596 ) ) ;
#6818 = ORIENTED_EDGE ( 'NONE', *, *, #5820, .T. ) ;
#6819 = CARTESIAN_POINT ( 'NONE',  ( -4.044999999999999929, 4.810002195023270311, -3.491510466163695012E-12 ) ) ;
#6820 = FILL_AREA_STYLE_COLOUR ( '', #5906 ) ;
#6821 = COLOUR_RGB ( '',0.7764705882352941346, 0.7568627450980391913, 0.7372549019607843590 ) ;
#6822 = CARTESIAN_POINT ( 'NONE',  ( 1.834999999999999964, 3.910002195023270399, 0.000000000000000000 ) ) ;
#6823 = CARTESIAN_POINT ( 'NONE',  ( 4.244999999999999218, -3.710002195023270222, 1.500000000000000000 ) ) ;
#6824 = ORIENTED_EDGE ( 'NONE', *, *, #187, .T. ) ;
#6825 = PLANE ( 'NONE',  #6281 ) ;
#6826 = UNCERTAINTY_MEASURE_WITH_UNIT (LENGTH_MEASURE( 1.000000000000000082E-05 ), #1110, 'distance_accuracy_value', 'NONE');
#6827 = ORIENTED_EDGE ( 'NONE', *, *, #4811, .T. ) ;
#6828 = DIRECTION ( 'NONE',  ( 0.000000000000000000, 0.000000000000000000, 1.000000000000000000 ) ) ;
#6829 = SURFACE_STYLE_USAGE ( .BOTH. , #230 ) ;
#6830 = VECTOR ( 'NONE', #2781, 1000.000000000000000 ) ;
#6831 = SURFACE_SIDE_STYLE ('',( #779 ) ) ;
#6832 = PRESENTATION_STYLE_ASSIGNMENT (( #2371 ) ) ;
#6833 = PRESENTATION_LAYER_ASSIGNMENT (  '', '', ( #3394 ) ) ;
#6834 = CIRCLE ( 'NONE', #2343, 0.1000000000000000472 ) ;
#6835 = CARTESIAN_POINT ( 'NONE',  ( 4.244999999999999218, -3.710002195023270222, 0.1999999999965084985 ) ) ;
#6836 = SURFACE_SIDE_STYLE ('',( #5624 ) ) ;
#6837 = EDGE_CURVE ( 'NONE', #2809, #800, #4471, .T. ) ;
#6838 = VERTEX_POINT ( 'NONE', #4387 ) ;
#6839 = FACE_OUTER_BOUND ( 'NONE', #5534, .T. ) ;
#6840 = EDGE_CURVE ( 'NONE', #1946, #5061, #4430, .T. ) ;
#6841 = VECTOR ( 'NONE', #2613, 1000.000000000000000 ) ;
#6842 = LINE ( 'NONE', #6247, #6891 ) ;
#6843 = SURFACE_STYLE_FILL_AREA ( #3588 ) ;
#6844 = COLOUR_RGB ( '',0.7764705882352941346, 0.7568627450980391913, 0.7372549019607843590 ) ;
#6845 = FILL_AREA_STYLE_COLOUR ( '', #5320 ) ;
#6846 = ADVANCED_FACE ( 'NONE', ( #3 ), #6602, .T. ) ;
#6847 = VERTEX_POINT ( 'NONE', #5187 ) ;
#6848 = DIRECTION ( 'NONE',  ( 1.000000000000000000, 0.000000000000000000, 0.000000000000000000 ) ) ;
#6849 = AXIS2_PLACEMENT_3D ( 'NONE', #4123, #6327, #795 ) ;
#6850 =( NAMED_UNIT ( * ) PLANE_ANGLE_UNIT ( ) SI_UNIT ( $, .RADIAN. ) );
#6851 = STYLED_ITEM ( 'NONE', ( #2044 ), #4238 ) ;
#6852 = UNCERTAINTY_MEASURE_WITH_UNIT (LENGTH_MEASURE( 1.000000000000000082E-05 ), #6543, 'distance_accuracy_value', 'NONE');
#6853 = DIRECTION ( 'NONE',  ( 0.000000000000000000, -1.000000000000000000, 6.776263578034390387E-17 ) ) ;
#6854 = CARTESIAN_POINT ( 'NONE',  ( 1.834999999999999964, 4.010002195023269600, 0.2999999999999999889 ) ) ;
#6855 = ORIENTED_EDGE ( 'NONE', *, *, #6564, .T. ) ;
#6856 = VECTOR ( 'NONE', #6728, 1000.000000000000000 ) ;
#6857 = SURFACE_STYLE_FILL_AREA ( #6783 ) ;
#6858 = DIRECTION ( 'NONE',  ( 1.000000000000000000, 0.000000000000000000, 0.000000000000000000 ) ) ;
#6859 = ADVANCED_FACE ( 'NONE', ( #3506 ), #2512, .T. ) ;
#6860 = CARTESIAN_POINT ( 'NONE',  ( 1.834999999999999964, 0.000000000000000000, -3.491456256055070333E-12 ) ) ;
#6861 = ORIENTED_EDGE ( 'NONE', *, *, #314, .T. ) ;
#6862 =( NAMED_UNIT ( * ) PLANE_ANGLE_UNIT ( ) SI_UNIT ( $, .RADIAN. ) );
#6863 = DIRECTION ( 'NONE',  ( 0.000000000000000000, 0.000000000000000000, 1.000000000000000000 ) ) ;
#6864 = ORIENTED_EDGE ( 'NONE', *, *, #6648, .T. ) ;
#6865 =( NAMED_UNIT ( * ) PLANE_ANGLE_UNIT ( ) SI_UNIT ( $, .RADIAN. ) );
#6866 = ORIENTED_EDGE ( 'NONE', *, *, #7070, .F. ) ;
#6867 = CARTESIAN_POINT ( 'NONE',  ( -4.930000000000000604, -3.200000000000000178, 1.550000000000000044 ) ) ;
#6868 = CIRCLE ( 'NONE', #303, 0.09999999999999999167 ) ;
#6869 = DIRECTION ( 'NONE',  ( 1.000000000000000000, 0.000000000000000000, 0.000000000000000000 ) ) ;
#6870 = FILL_AREA_STYLE_COLOUR ( '', #754 ) ;
#6871 = CARTESIAN_POINT ( 'NONE',  ( -4.930000000000000604, -3.200000000000000178, 1.550000000000000044 ) ) ;
#6872 = MECHANICAL_DESIGN_GEOMETRIC_PRESENTATION_REPRESENTATION (  '', ( #5114 ), #6506 ) ;
#6873 = CARTESIAN_POINT ( 'NONE',  ( -1.505000000000000115, 4.310002195023275640, -3.491510466163695012E-12 ) ) ;
#6874 = DIRECTION ( 'NONE',  ( 0.000000000000000000, 0.000000000000000000, -1.000000000000000000 ) ) ;
#6875 = AXIS2_PLACEMENT_3D ( 'NONE', #4017, #1875, #282 ) ;
#6876 = DIRECTION ( 'NONE',  ( -1.000000000000000000, 0.000000000000000000, 0.000000000000000000 ) ) ;
#6877 = LINE ( 'NONE', #1940, #4977 ) ;
#6878 = SURFACE_STYLE_USAGE ( .BOTH. , #3586 ) ;
#6879 = VECTOR ( 'NONE', #597, 1000.000000000000000 ) ;
#6880 = STYLED_ITEM ( 'NONE', ( #2191 ), #52 ) ;
#6881 = CARTESIAN_POINT ( 'NONE',  ( 0.8350000000000000755, 0.000000000000000000, -3.491456256055070333E-12 ) ) ;
#6882 = PRESENTATION_LAYER_ASSIGNMENT (  '', '', ( #2846 ) ) ;
#6883 = STYLED_ITEM ( 'NONE', ( #2066 ), #2564 ) ;
#6884 = VECTOR ( 'NONE', #3812, 1000.000000000000000 ) ;
#6885 = VERTEX_POINT ( 'NONE', #5757 ) ;
#6886 =( LENGTH_UNIT ( ) NAMED_UNIT ( * ) SI_UNIT ( .MILLI., .METRE. ) );
#6887 = PRESENTATION_STYLE_ASSIGNMENT (( #5848 ) ) ;
#6888 = PRESENTATION_LAYER_ASSIGNMENT (  '', '', ( #3877 ) ) ;
#6889 = EDGE_CURVE ( 'NONE', #6328, #6736, #6275, .T. ) ;
#6890 = DIRECTION ( 'NONE',  ( 1.000000000000000000, 0.000000000000000000, 0.000000000000000000 ) ) ;
#6891 = VECTOR ( 'NONE', #1254, 1000.000000000000000 ) ;
#6892 = ADVANCED_FACE ( 'NONE', ( #3609 ), #876, .T. ) ;
#6893 =( NAMED_UNIT ( * ) PLANE_ANGLE_UNIT ( ) SI_UNIT ( $, .RADIAN. ) );
#6894 = EDGE_LOOP ( 'NONE', ( #3239, #3999, #5935, #4894 ) ) ;
#6895 = SURFACE_STYLE_FILL_AREA ( #5683 ) ;
#6896 = PRESENTATION_LAYER_ASSIGNMENT (  '', '', ( #2050 ) ) ;
#6897 = SURFACE_STYLE_FILL_AREA ( #6960 ) ;
#6898 = MECHANICAL_DESIGN_GEOMETRIC_PRESENTATION_REPRESENTATION (  '', ( #1596 ), #4115 ) ;
#6899 = ORIENTED_EDGE ( 'NONE', *, *, #4098, .T. ) ;
#6900 = CARTESIAN_POINT ( 'NONE',  ( -3.245000000000000107, 4.810002195023270311, 0.1999999999999970135 ) ) ;
#6901 = UNCERTAINTY_MEASURE_WITH_UNIT (LENGTH_MEASURE( 1.000000000000000082E-05 ), #1872, 'distance_accuracy_value', 'NONE');
#6902 =( GEOMETRIC_REPRESENTATION_CONTEXT ( 3 ) GLOBAL_UNCERTAINTY_ASSIGNED_CONTEXT ( ( #6852 ) ) GLOBAL_UNIT_ASSIGNED_CONTEXT ( ( #6543, #3764, #3337 ) ) REPRESENTATION_CONTEXT ( 'NONE', 'WORKASPACE' ) );
#6903 =( GEOMETRIC_REPRESENTATION_CONTEXT ( 3 ) GLOBAL_UNCERTAINTY_ASSIGNED_CONTEXT ( ( #458 ) ) GLOBAL_UNIT_ASSIGNED_CONTEXT ( ( #4074, #4107, #6311 ) ) REPRESENTATION_CONTEXT ( 'NONE', 'WORKASPACE' ) );
#6904 = EDGE_LOOP ( 'NONE', ( #106, #72, #4263, #4344 ) ) ;
#6905 = MECHANICAL_DESIGN_GEOMETRIC_PRESENTATION_REPRESENTATION (  '', ( #910 ), #4225 ) ;
#6906 =( NAMED_UNIT ( * ) SI_UNIT ( $, .STERADIAN. ) SOLID_ANGLE_UNIT ( ) );
#6907 = LINE ( 'NONE', #4112, #4286 ) ;
#6908 = DIRECTION ( 'NONE',  ( 0.000000000000000000, 1.000000000000000000, 0.000000000000000000 ) ) ;
#6909 = EDGE_CURVE ( 'NONE', #1173, #2137, #1311, .T. ) ;
#6910 = CARTESIAN_POINT ( 'NONE',  ( 1.034999999999999920, 4.310002195023275640, 0.1999999999999965139 ) ) ;
#6911 = CARTESIAN_POINT ( 'NONE',  ( -1.834999999999999964, -3.910002195023270399, 0.1999999999965084985 ) ) ;
#6912 = SURFACE_SIDE_STYLE ('',( #309 ) ) ;
#6913 = CARTESIAN_POINT ( 'NONE',  ( 1.834999999999999964, 3.910002195023270399, -3.491456256055070333E-12 ) ) ;
#6914 = AXIS2_PLACEMENT_3D ( 'NONE', #429, #1488, #5310 ) ;
#6915 =( LENGTH_UNIT ( ) NAMED_UNIT ( * ) SI_UNIT ( .MILLI., .METRE. ) );
#6916 = DIRECTION ( 'NONE',  ( -1.000000000000000000, 0.000000000000000000, 0.000000000000000000 ) ) ;
#6917 = ADVANCED_FACE ( 'NONE', ( #1897 ), #6314, .F. ) ;
#6918 = ORIENTED_EDGE ( 'NONE', *, *, #1837, .F. ) ;
#6919 = UNCERTAINTY_MEASURE_WITH_UNIT (LENGTH_MEASURE( 1.000000000000000082E-05 ), #5000, 'distance_accuracy_value', 'NONE');
#6920 = FACE_OUTER_BOUND ( 'NONE', #4347, .T. ) ;
#6921 =( NAMED_UNIT ( * ) PLANE_ANGLE_UNIT ( ) SI_UNIT ( $, .RADIAN. ) );
#6922 =( LENGTH_UNIT ( ) NAMED_UNIT ( * ) SI_UNIT ( .MILLI., .METRE. ) );
#6923 = VERTEX_POINT ( 'NONE', #3745 ) ;
#6924 = FILL_AREA_STYLE_COLOUR ( '', #3140 ) ;
#6925 = EDGE_CURVE ( 'NONE', #5713, #1466, #4898, .T. ) ;
#6926 = VECTOR ( 'NONE', #1740, 1000.000000000000000 ) ;
#6927 = LINE ( 'NONE', #3697, #4690 ) ;
#6928 = VERTEX_POINT ( 'NONE', #5315 ) ;
#6929 = CARTESIAN_POINT ( 'NONE',  ( -3.245000000000000107, 0.000000000000000000, -3.491456256055070333E-12 ) ) ;
#6930 = EDGE_CURVE ( 'NONE', #5089, #4936, #3783, .T. ) ;
#6931 = EDGE_CURVE ( 'NONE', #364, #3366, #977, .T. ) ;
#6932 = ORIENTED_EDGE ( 'NONE', *, *, #3576, .T. ) ;
#6933 = MECHANICAL_DESIGN_GEOMETRIC_PRESENTATION_REPRESENTATION (  '', ( #5753 ), #936 ) ;
#6934 = LINE ( 'NONE', #937, #6177 ) ;
#6935 = DIRECTION ( 'NONE',  ( -2.628368902995165181E-15, 1.000000000000000000, 0.000000000000000000 ) ) ;
#6936 = LINE ( 'NONE', #5830, #2480 ) ;
#6937 = EDGE_CURVE ( 'NONE', #6045, #1115, #6485, .T. ) ;
#6938 = AXIS2_PLACEMENT_3D ( 'NONE', #983, #5836, #2650 ) ;
#6939 = FACE_OUTER_BOUND ( 'NONE', #1626, .T. ) ;
#6940 = FACE_OUTER_BOUND ( 'NONE', #2953, .T. ) ;
#6941 = PLANE ( 'NONE',  #6938 ) ;
#6942 = CARTESIAN_POINT ( 'NONE',  ( 0.8350000000000000755, 3.610002195023269689, 1.500000000000000000 ) ) ;
#6943 = CARTESIAN_POINT ( 'NONE',  ( -3.245000000000000107, -3.910002195023270399, -3.491456256055070333E-12 ) ) ;
#6944 = EDGE_CURVE ( 'NONE', #1855, #808, #4860, .T. ) ;
#6945 =( GEOMETRIC_REPRESENTATION_CONTEXT ( 3 ) GLOBAL_UNCERTAINTY_ASSIGNED_CONTEXT ( ( #103 ) ) GLOBAL_UNIT_ASSIGNED_CONTEXT ( ( #4410, #2235, #3837 ) ) REPRESENTATION_CONTEXT ( 'NONE', 'WORKASPACE' ) );
#6946 = VERTEX_POINT ( 'NONE', #1559 ) ;
#6947 = CARTESIAN_POINT ( 'NONE',  ( -0.8350000000000000755, 3.910002195023270399, -3.491456256055070333E-12 ) ) ;
#6948 = VECTOR ( 'NONE', #3149, 1000.000000000000000 ) ;
#6949 =( LENGTH_UNIT ( ) NAMED_UNIT ( * ) SI_UNIT ( .MILLI., .METRE. ) );
#6950 = LINE ( 'NONE', #6545, #1670 ) ;
#6951 = EDGE_LOOP ( 'NONE', ( #113, #5349, #1262, #3308, #3241, #6216, #2091, #968 ) ) ;
#6952 = AXIS2_PLACEMENT_3D ( 'NONE', #6277, #1747, #705 ) ;
#6953 = AXIS2_PLACEMENT_3D ( 'NONE', #5214, #5137, #1852 ) ;
#6954 =( NAMED_UNIT ( * ) PLANE_ANGLE_UNIT ( ) SI_UNIT ( $, .RADIAN. ) );
#6955 = CARTESIAN_POINT ( 'NONE',  ( 4.244999999999999218, 0.000000000000000000, 0.000000000000000000 ) ) ;
#6956 = ORIENTED_EDGE ( 'NONE', *, *, #3400, .F. ) ;
#6957 = STYLED_ITEM ( 'NONE', ( #2555 ), #1506 ) ;
#6958 = PRESENTATION_LAYER_ASSIGNMENT (  '', '', ( #1203 ) ) ;
#6959 = VECTOR ( 'NONE', #4702, 1000.000000000000000 ) ;
#6960 = FILL_AREA_STYLE ('',( #2561 ) ) ;
#6961 = ORIENTED_EDGE ( 'NONE', *, *, #6528, .F. ) ;
#6962 = DIRECTION ( 'NONE',  ( 1.000000000000000000, 0.000000000000000000, 0.000000000000000000 ) ) ;
#6963 = UNCERTAINTY_MEASURE_WITH_UNIT (LENGTH_MEASURE( 1.000000000000000082E-05 ), #2412, 'distance_accuracy_value', 'NONE');
#6964 = ORIENTED_EDGE ( 'NONE', *, *, #4550, .F. ) ;
#6965 = EDGE_CURVE ( 'NONE', #1265, #6526, #7074, .T. ) ;
#6966 = FACE_OUTER_BOUND ( 'NONE', #2047, .T. ) ;
#6967 = VERTEX_POINT ( 'NONE', #5829 ) ;
#6968 = CARTESIAN_POINT ( 'NONE',  ( -1.505000000000000115, -4.810002195023270311, -3.491510466163695012E-12 ) ) ;
#6969 = PRESENTATION_STYLE_ASSIGNMENT (( #942 ) ) ;
#6970 = MECHANICAL_DESIGN_GEOMETRIC_PRESENTATION_REPRESENTATION (  '', ( #1786 ), #2017 ) ;
#6971 = CARTESIAN_POINT ( 'NONE',  ( 0.8350000000000000755, -3.710002195023270222, 1.699999999999999956 ) ) ;
#6972 = FACE_OUTER_BOUND ( 'NONE', #4847, .T. ) ;
#6973 = PRESENTATION_LAYER_ASSIGNMENT (  '', '', ( #3739 ) ) ;
#6974 = EDGE_CURVE ( 'NONE', #979, #2889, #2140, .T. ) ;
#6975 = LINE ( 'NONE', #3220, #2397 ) ;
#6976 = SURFACE_STYLE_USAGE ( .BOTH. , #6912 ) ;
#6977 = CARTESIAN_POINT ( 'NONE',  ( -1.034999999999999920, -4.810002195023270311, 0.1999999999999965139 ) ) ;
#6978 = AXIS2_PLACEMENT_3D ( 'NONE', #3310, #1151, #5522 ) ;
#6979 = ORIENTED_EDGE ( 'NONE', *, *, #1913, .F. ) ;
#6980 = DIRECTION ( 'NONE',  ( 1.000000000000000000, 0.000000000000000000, 0.000000000000000000 ) ) ;
#6981 = VECTOR ( 'NONE', #4360, 1000.000000000000000 ) ;
#6982 = FILL_AREA_STYLE_COLOUR ( '', #2247 ) ;
#6983 = DIRECTION ( 'NONE',  ( 0.000000000000000000, -1.000000000000000000, 0.000000000000000000 ) ) ;
#6984 = CIRCLE ( 'NONE', #3865, 0.2000000000000000944 ) ;
#6985 = ORIENTED_EDGE ( 'NONE', *, *, #6564, .F. ) ;
#6986 =( LENGTH_UNIT ( ) NAMED_UNIT ( * ) SI_UNIT ( .MILLI., .METRE. ) );
#6987 = VECTOR ( 'NONE', #2580, 1000.000000000000000 ) ;
#6988 = LINE ( 'NONE', #1031, #6135 ) ;
#6989 = AXIS2_PLACEMENT_3D ( 'NONE', #3396, #660, #4901 ) ;
#6990 = EDGE_LOOP ( 'NONE', ( #1232, #3994, #36, #2601 ) ) ;
#6991 = CARTESIAN_POINT ( 'NONE',  ( -4.930000000000000604, 3.200000000000000178, 1.550000000000000044 ) ) ;
#6992 = CARTESIAN_POINT ( 'NONE',  ( -0.8350000000000000755, 3.710002195023270222, 1.699999999999999956 ) ) ;
#6993 = ORIENTED_EDGE ( 'NONE', *, *, #4382, .T. ) ;
#6994 = VECTOR ( 'NONE', #5370, 1000.000000000000114 ) ;
#6995 = DIRECTION ( 'NONE',  ( -1.000000000000000000, 0.000000000000000000, 0.000000000000000000 ) ) ;
#6996 = VERTEX_POINT ( 'NONE', #7109 ) ;
#6997 =( NAMED_UNIT ( * ) PLANE_ANGLE_UNIT ( ) SI_UNIT ( $, .RADIAN. ) );
#6998 = ORIENTED_EDGE ( 'NONE', *, *, #5583, .T. ) ;
#6999 = LINE ( 'NONE', #3175, #195 ) ;
#7000 = VECTOR ( 'NONE', #1019, 1000.000000000000000 ) ;
#7001 = LINE ( 'NONE', #6968, #2684 ) ;
#7002 = PRESENTATION_LAYER_ASSIGNMENT (  '', '', ( #3905 ) ) ;
#7003 =( GEOMETRIC_REPRESENTATION_CONTEXT ( 3 ) GLOBAL_UNCERTAINTY_ASSIGNED_CONTEXT ( ( #1486 ) ) GLOBAL_UNIT_ASSIGNED_CONTEXT ( ( #5337, #6921, #1439 ) ) REPRESENTATION_CONTEXT ( 'NONE', 'WORKASPACE' ) );
#7004 = LINE ( 'NONE', #5282, #4541 ) ;
#7005 = ADVANCED_FACE ( 'NONE', ( #911 ), #1045, .F. ) ;
#7006 = AXIS2_PLACEMENT_3D ( 'NONE', #5185, #4036, #5690 ) ;
#7007 = VECTOR ( 'NONE', #1602, 1000.000000000000000 ) ;
#7008 = DIRECTION ( 'NONE',  ( -1.000000000000000000, 0.000000000000000000, 0.000000000000000000 ) ) ;
#7009 = CARTESIAN_POINT ( 'NONE',  ( -3.200000000000000178, -1.500000000000000000, 2.799999999999999822 ) ) ;
#7010 = CARTESIAN_POINT ( 'NONE',  ( -4.244999999999999218, -6.143812310751189163E-16, 1.699999999999999956 ) ) ;
#7011 = CARTESIAN_POINT ( 'NONE',  ( -1.834999999999999964, 3.910002195023270399, 0.2999999999999999889 ) ) ;
#7012 = DIRECTION ( 'NONE',  ( 0.000000000000000000, 0.2079116908177598699, -0.9781476007338054668 ) ) ;
#7013 = ADVANCED_FACE ( 'NONE', ( #6706 ), #1230, .F. ) ;
#7014 = EDGE_LOOP ( 'NONE', ( #2934, #5261, #2501, #3341 ) ) ;
#7015 = DIRECTION ( 'NONE',  ( 0.000000000000000000, 1.000000000000000000, 0.000000000000000000 ) ) ;
#7016 = COLOUR_RGB ( '',0.7921568627450980005, 0.8196078431372548767, 0.9333333333333333481 ) ;
#7017 = ORIENTED_EDGE ( 'NONE', *, *, #6513, .F. ) ;
#7018 = CARTESIAN_POINT ( 'NONE',  ( 3.245000000000000107, -6.143812310751189163E-16, 1.699999999999999956 ) ) ;
#7019 =( LENGTH_UNIT ( ) NAMED_UNIT ( * ) SI_UNIT ( .MILLI., .METRE. ) );
#7020 =( LENGTH_UNIT ( ) NAMED_UNIT ( * ) SI_UNIT ( .MILLI., .METRE. ) );
#7021 = ORIENTED_EDGE ( 'NONE', *, *, #2560, .T. ) ;
#7022 = LINE ( 'NONE', #356, #1766 ) ;
#7023 =( NAMED_UNIT ( * ) SI_UNIT ( $, .STERADIAN. ) SOLID_ANGLE_UNIT ( ) );
#7024 = ADVANCED_FACE ( 'NONE', ( #3963 ), #6633, .F. ) ;
#7025 = ORIENTED_EDGE ( 'NONE', *, *, #5796, .T. ) ;
#7026 = LINE ( 'NONE', #5936, #5237 ) ;
#7027 = UNCERTAINTY_MEASURE_WITH_UNIT (LENGTH_MEASURE( 1.000000000000000082E-05 ), #2536, 'distance_accuracy_value', 'NONE');
#7028 = VERTEX_POINT ( 'NONE', #1668 ) ;
#7029 = CARTESIAN_POINT ( 'NONE',  ( -4.930000000000000604, 3.200000000000000178, 1.550000000000000044 ) ) ;
#7030 = EDGE_LOOP ( 'NONE', ( #2242, #5555, #142, #2673, #2350, #2063, #5605, #4374 ) ) ;
#7031 = LINE ( 'NONE', #4275, #6478 ) ;
#7032 =( NAMED_UNIT ( * ) SI_UNIT ( $, .STERADIAN. ) SOLID_ANGLE_UNIT ( ) );
#7033 = SURFACE_SIDE_STYLE ('',( #3953 ) ) ;
#7034 = ORIENTED_EDGE ( 'NONE', *, *, #6470, .T. ) ;
#7035 = CARTESIAN_POINT ( 'NONE',  ( -3.245000000000000107, -3.910002195023270399, 1.500000000000000000 ) ) ;
#7036 = CARTESIAN_POINT ( 'NONE',  ( -1.834999999999999964, 0.000000000000000000, 1.500000000000000000 ) ) ;
#7037 = LINE ( 'NONE', #2103, #3587 ) ;
#7038 = DIRECTION ( 'NONE',  ( 0.000000000000000000, 0.000000000000000000, 1.000000000000000000 ) ) ;
#7039 = PRESENTATION_STYLE_ASSIGNMENT (( #6976 ) ) ;
#7040 =( GEOMETRIC_REPRESENTATION_CONTEXT ( 3 ) GLOBAL_UNCERTAINTY_ASSIGNED_CONTEXT ( ( #2565 ) ) GLOBAL_UNIT_ASSIGNED_CONTEXT ( ( #6922, #6893, #2500 ) ) REPRESENTATION_CONTEXT ( 'NONE', 'WORKASPACE' ) );
#7041 = DIRECTION ( 'NONE',  ( 1.000000000000000000, 0.000000000000000000, 0.000000000000000000 ) ) ;
#7042 = CARTESIAN_POINT ( 'NONE',  ( -1.834999999999999964, 4.010002195023269600, 0.2999999999999999889 ) ) ;
#7043 = FACE_OUTER_BOUND ( 'NONE', #4810, .T. ) ;
#7044 = AXIS2_PLACEMENT_3D ( 'NONE', #3248, #3714, #4316 ) ;
#7045 = FACE_OUTER_BOUND ( 'NONE', #3322, .T. ) ;
#7046 = EDGE_CURVE ( 'NONE', #3011, #7103, #3849, .T. ) ;
#7047 = EDGE_CURVE ( 'NONE', #7050, #6372, #3321, .T. ) ;
#7048 = SURFACE_STYLE_FILL_AREA ( #4155 ) ;
#7049 = PRESENTATION_STYLE_ASSIGNMENT (( #1886 ) ) ;
#7050 = VERTEX_POINT ( 'NONE', #4423 ) ;
#7051 = SURFACE_STYLE_USAGE ( .BOTH. , #5375 ) ;
#7052 = AXIS2_PLACEMENT_3D ( 'NONE', #5034, #6592, #6704 ) ;
#7053 = LINE ( 'NONE', #2085, #5611 ) ;
#7054 = UNCERTAINTY_MEASURE_WITH_UNIT (LENGTH_MEASURE( 1.000000000000000082E-05 ), #3577, 'distance_accuracy_value', 'NONE');
#7055 = SURFACE_SIDE_STYLE ('',( #2052 ) ) ;
#7056 = AXIS2_PLACEMENT_3D ( 'NONE', #1172, #2227, #87 ) ;
#7057 = VERTEX_POINT ( 'NONE', #4466 ) ;
#7058 = EDGE_CURVE ( 'NONE', #6014, #3803, #4968, .T. ) ;
#7059 = SURFACE_SIDE_STYLE ('',( #1547 ) ) ;
#7060 = CARTESIAN_POINT ( 'NONE',  ( -0.8350000000000000755, 4.310002195023275640, -3.491510466163695012E-12 ) ) ;
#7061 = ORIENTED_EDGE ( 'NONE', *, *, #6034, .F. ) ;
#7062 = DIRECTION ( 'NONE',  ( 0.000000000000000000, 1.000000000000000000, 0.000000000000000000 ) ) ;
#7063 = PRESENTATION_LAYER_ASSIGNMENT (  '', '', ( #6138 ) ) ;
#7064 = PRESENTATION_LAYER_ASSIGNMENT (  '', '', ( #5081 ) ) ;
#7065 = UNCERTAINTY_MEASURE_WITH_UNIT (LENGTH_MEASURE( 1.000000000000000082E-05 ), #2869, 'distance_accuracy_value', 'NONE');
#7066 = ORIENTED_EDGE ( 'NONE', *, *, #5491, .T. ) ;
#7067 = AXIS2_PLACEMENT_3D ( 'NONE', #2841, #683, #5022 ) ;
#7068 =( NAMED_UNIT ( * ) PLANE_ANGLE_UNIT ( ) SI_UNIT ( $, .RADIAN. ) );
#7069 = ORIENTED_EDGE ( 'NONE', *, *, #5769, .T. ) ;
#7070 = EDGE_CURVE ( 'NONE', #6372, #6333, #3899, .T. ) ;
#7071 = LINE ( 'NONE', #2243, #6926 ) ;
#7072 = EDGE_LOOP ( 'NONE', ( #2129, #3150, #4969, #1661 ) ) ;
#7073 =( LENGTH_UNIT ( ) NAMED_UNIT ( * ) SI_UNIT ( .MILLI., .METRE. ) );
#7074 = LINE ( 'NONE', #2717, #5594 ) ;
#7075 = DIRECTION ( 'NONE',  ( -1.000000000000000000, 0.000000000000000000, 0.000000000000000000 ) ) ;
#7076 =( NAMED_UNIT ( * ) SI_UNIT ( $, .STERADIAN. ) SOLID_ANGLE_UNIT ( ) );
#7077 = AXIS2_PLACEMENT_3D ( 'NONE', #858, #5169, #2992 ) ;
#7078 =( NAMED_UNIT ( * ) PLANE_ANGLE_UNIT ( ) SI_UNIT ( $, .RADIAN. ) );
#7079 = CARTESIAN_POINT ( 'NONE',  ( -1.505000000000000115, -4.316286306259984329, -3.491510466163695012E-12 ) ) ;
#7080 = PRESENTATION_STYLE_ASSIGNMENT (( #1091 ) ) ;
#7081 = VECTOR ( 'NONE', #6614, 1000.000000000000000 ) ;
#7082 = SURFACE_STYLE_FILL_AREA ( #4975 ) ;
#7083 = FACE_OUTER_BOUND ( 'NONE', #3990, .T. ) ;
#7084 =( NAMED_UNIT ( * ) PLANE_ANGLE_UNIT ( ) SI_UNIT ( $, .RADIAN. ) );
#7085 =( GEOMETRIC_REPRESENTATION_CONTEXT ( 3 ) GLOBAL_UNCERTAINTY_ASSIGNED_CONTEXT ( ( #2805 ) ) GLOBAL_UNIT_ASSIGNED_CONTEXT ( ( #2687, #1055, #2763 ) ) REPRESENTATION_CONTEXT ( 'NONE', 'WORKASPACE' ) );
#7086 = DIRECTION ( 'NONE',  ( 0.000000000000000000, 0.000000000000000000, 1.000000000000000000 ) ) ;
#7087 = PLANE ( 'NONE',  #13 ) ;
#7088 = DIRECTION ( 'NONE',  ( 0.000000000000000000, 0.000000000000000000, 1.000000000000000000 ) ) ;
#7089 = DIRECTION ( 'NONE',  ( 0.000000000000000000, -1.000000000000000000, 6.776263578034390387E-17 ) ) ;
#7090 =( NAMED_UNIT ( * ) PLANE_ANGLE_UNIT ( ) SI_UNIT ( $, .RADIAN. ) );
#7091 = VECTOR ( 'NONE', #6595, 1000.000000000000000 ) ;
#7092 = LINE ( 'NONE', #6546, #6421 ) ;
#7093 = MECHANICAL_DESIGN_GEOMETRIC_PRESENTATION_REPRESENTATION (  '', ( #3855 ), #1802 ) ;
#7094 = ORIENTED_EDGE ( 'NONE', *, *, #3694, .F. ) ;
#7095 = CARTESIAN_POINT ( 'NONE',  ( -4.244999999999999218, -3.110002195023275018, 1.500000000000000000 ) ) ;
#7096 = CARTESIAN_POINT ( 'NONE',  ( -1.834999999999999964, -1.355252715606854196E-17, 0.1999999999999965139 ) ) ;
#7097 = SURFACE_STYLE_USAGE ( .BOTH. , #1359 ) ;
#7098 = EDGE_LOOP ( 'NONE', ( #5666, #1691, #2600, #5277 ) ) ;
#7099 = CARTESIAN_POINT ( 'NONE',  ( -0.8350000000000000755, -3.710002195023270222, 1.399999999999999911 ) ) ;
#7100 = UNCERTAINTY_MEASURE_WITH_UNIT (LENGTH_MEASURE( 1.000000000000000082E-05 ), #301, 'distance_accuracy_value', 'NONE');
#7101 = ADVANCED_FACE ( 'NONE', ( #1810 ), #3533, .F. ) ;
#7102 = EDGE_CURVE ( 'NONE', #6225, #4851, #4190, .T. ) ;
#7103 = VERTEX_POINT ( 'NONE', #5718 ) ;
#7104 = AXIS2_PLACEMENT_3D ( 'NONE', #1694, #4371, #1655 ) ;
#7105 = ORIENTED_EDGE ( 'NONE', *, *, #2692, .F. ) ;
#7106 = SURFACE_STYLE_FILL_AREA ( #4896 ) ;
#7107 = ORIENTED_EDGE ( 'NONE', *, *, #2560, .F. ) ;
#7108 = CARTESIAN_POINT ( 'NONE',  ( -3.245000000000000107, 4.310002195023275640, 0.1999999999999965139 ) ) ;
#7109 = CARTESIAN_POINT ( 'NONE',  ( -0.8350000000000000755, 3.168116515749499928, 1.699999999999999956 ) ) ;
#7110 = CARTESIAN_POINT ( 'NONE',  ( 3.245000000000000107, 3.910002195023270399, 0.000000000000000000 ) ) ;
#7111 = CARTESIAN_POINT ( 'NONE',  ( -1.834999999999999964, -1.355252715606854196E-17, 0.1999999999999965139 ) ) ;
#7112 = MECHANICAL_DESIGN_GEOMETRIC_PRESENTATION_REPRESENTATION (  '', ( #2278 ), #2971 ) ;
#7113 = SURFACE_STYLE_USAGE ( .BOTH. , #1710 ) ;
#7114 = EDGE_CURVE ( 'NONE', #6119, #5240, #2588, .T. ) ;
#7115 = AXIS2_PLACEMENT_3D ( 'NONE', #2685, #2651, #3755 ) ;
#7116 = VECTOR ( 'NONE', #7015, 1000.000000000000000 ) ;
#7117 =( LENGTH_UNIT ( ) NAMED_UNIT ( * ) SI_UNIT ( .MILLI., .METRE. ) );
#7118 = CIRCLE ( 'NONE', #1124, 0.2000000000000000111 ) ;
#7119 = COLOUR_RGB ( '',0.7764705882352941346, 0.7568627450980391913, 0.7372549019607843590 ) ;
#7120 = COLOUR_RGB ( '',0.7764705882352941346, 0.7568627450980391913, 0.7372549019607843590 ) ;
#7121 = DIRECTION ( 'NONE',  ( 0.000000000000000000, -0.2079116908177598699, -0.9781476007338054668 ) ) ;
#7122 = ADVANCED_FACE ( 'NONE', ( #3654 ), #4533, .F. ) ;
#7123 = CARTESIAN_POINT ( 'NONE',  ( 4.244999999999999218, 3.710002195023270222, 1.399999999999999911 ) ) ;
#7124 = CARTESIAN_POINT ( 'NONE',  ( 1.505000000000000115, 4.310002195023275640, -3.491510466163695012E-12 ) ) ;
#7125 = MECHANICAL_DESIGN_GEOMETRIC_PRESENTATION_REPRESENTATION (  '', ( #217 ), #6902 ) ;
#7126 =( NAMED_UNIT ( * ) SI_UNIT ( $, .STERADIAN. ) SOLID_ANGLE_UNIT ( ) );
#7127 = STYLED_ITEM ( 'NONE', ( #1817 ), #2486 ) ;
#7128 = AXIS2_PLACEMENT_3D ( 'NONE', #6346, #1865, #4039 ) ;
#7129 = SURFACE_SIDE_STYLE ('',( #639 ) ) ;
#7130 = ORIENTED_EDGE ( 'NONE', *, *, #3972, .T. ) ;
#7131 = CARTESIAN_POINT ( 'NONE',  ( 3.245000000000000107, -1.355252715606854196E-17, 0.1999999999999965139 ) ) ;
#7132 = LINE ( 'NONE', #3163, #6312 ) ;
#7133 = STYLED_ITEM ( 'NONE', ( #2261 ), #1168 ) ;
#7134 = SURFACE_STYLE_USAGE ( .BOTH. , #7055 ) ;
#7135 = EDGE_LOOP ( 'NONE', ( #4093, #3635, #4985, #4196 ) ) ;
#7136 = CARTESIAN_POINT ( 'NONE',  ( 3.245000000000000107, 3.710002195023270222, 1.500000000000000000 ) ) ;
#7137 = FILL_AREA_STYLE ('',( #2707 ) ) ;
#7138 = ORIENTED_EDGE ( 'NONE', *, *, #6909, .T. ) ;
#7139 = DIRECTION ( 'NONE',  ( 0.000000000000000000, 0.000000000000000000, 1.000000000000000000 ) ) ;
#7140 = ORIENTED_EDGE ( 'NONE', *, *, #883, .F. ) ;
#7141 = VERTEX_POINT ( 'NONE', #4227 ) ;
#7142 = DIRECTION ( 'NONE',  ( 0.000000000000000000, 1.000000000000000000, 0.000000000000000000 ) ) ;
#7143 = ORIENTED_EDGE ( 'NONE', *, *, #5491, .F. ) ;
#7144 = DIRECTION ( 'NONE',  ( 1.000000000000000000, 0.000000000000000000, 0.000000000000000000 ) ) ;
#7145 = FACE_OUTER_BOUND ( 'NONE', #2634, .T. ) ;
#7146 = EDGE_CURVE ( 'NONE', #1485, #5660, #5832, .T. ) ;
#7147 = ADVANCED_FACE ( 'NONE', ( #4571 ), #6269, .F. ) ;
#7148 = EDGE_CURVE ( 'NONE', #401, #4958, #521, .T. ) ;
#7149 = CARTESIAN_POINT ( 'NONE',  ( -3.245000000000000107, -3.710002195023270222, 0.1999999999965084985 ) ) ;
#7150 =( NAMED_UNIT ( * ) SI_UNIT ( $, .STERADIAN. ) SOLID_ANGLE_UNIT ( ) );
ENDSEC;
END-ISO-10303-21;
