ISO-10303-21;
HEADER;
/* Generated by software containing ST-Developer
 * from STEP Tools, Inc. (www.steptools.com) 
 */

FILE_DESCRIPTION(
/* description */ (''),
/* implementation_level */ '2;1');

FILE_NAME(
/* name */ 'SRN5020TA v3.step',
/* time_stamp */ '2023-12-18T23:20:53+01:00',
/* author */ (''),
/* organization */ (''),
/* preprocessor_version */ 'ST-DEVELOPER v20',
/* originating_system */ 'Autodesk Translation Framework v12.14.0.127',

/* authorisation */ '');

FILE_SCHEMA (('AUTOMOTIVE_DESIGN { 1 0 10303 214 3 1 1 }'));
ENDSEC;

DATA;
#10=MECHANICAL_DESIGN_GEOMETRIC_PRESENTATION_REPRESENTATION('',(#349,#350,
#351,#352,#353,#354,#355,#356,#357,#358,#359),#6256);
#11=SHAPE_REPRESENTATION_RELATIONSHIP('SRR','None',#6263,#12);
#12=ADVANCED_BREP_SHAPE_REPRESENTATION('',(#13),#6255);
#13=MANIFOLD_SOLID_BREP('Body1',#3314);
#14=ELLIPSE('',#3421,0.0577350269189626,0.05);
#15=ELLIPSE('',#3423,0.1,0.05);
#16=ELLIPSE('',#3435,0.1,0.05);
#17=ELLIPSE('',#3437,0.0577350269189626,0.05);
#18=ELLIPSE('',#3463,0.0577350269189626,0.05);
#19=ELLIPSE('',#3465,0.1,0.05);
#20=ELLIPSE('',#3475,0.1,0.05);
#21=ELLIPSE('',#3477,0.0577350269189626,0.05);
#22=CYLINDRICAL_SURFACE('',#3361,0.05);
#23=CYLINDRICAL_SURFACE('',#3366,0.05);
#24=CYLINDRICAL_SURFACE('',#3371,0.05);
#25=CYLINDRICAL_SURFACE('',#3376,0.05);
#26=CYLINDRICAL_SURFACE('',#3381,0.05);
#27=CYLINDRICAL_SURFACE('',#3386,0.05);
#28=CYLINDRICAL_SURFACE('',#3391,0.05);
#29=CYLINDRICAL_SURFACE('',#3396,0.05);
#30=CYLINDRICAL_SURFACE('',#3398,0.25);
#31=CYLINDRICAL_SURFACE('',#3401,0.25);
#32=CYLINDRICAL_SURFACE('',#3404,0.25);
#33=CYLINDRICAL_SURFACE('',#3407,0.25);
#34=CYLINDRICAL_SURFACE('',#3414,0.05);
#35=CYLINDRICAL_SURFACE('',#3420,0.05);
#36=CYLINDRICAL_SURFACE('',#3428,0.05);
#37=CYLINDRICAL_SURFACE('',#3434,0.05);
#38=CYLINDRICAL_SURFACE('',#3442,0.05);
#39=CYLINDRICAL_SURFACE('',#3456,0.05);
#40=CYLINDRICAL_SURFACE('',#3462,0.05);
#41=CYLINDRICAL_SURFACE('',#3469,0.05);
#42=CYLINDRICAL_SURFACE('',#3474,0.05);
#43=CYLINDRICAL_SURFACE('',#3482,0.05);
#44=CYLINDRICAL_SURFACE('',#3494,0.05);
#45=CYLINDRICAL_SURFACE('',#3500,0.05);
#46=CYLINDRICAL_SURFACE('',#3505,0.05);
#47=CYLINDRICAL_SURFACE('',#3510,0.05);
#48=CYLINDRICAL_SURFACE('',#3515,0.05);
#49=CYLINDRICAL_SURFACE('',#3520,0.05);
#50=CYLINDRICAL_SURFACE('',#3526,0.05);
#51=CYLINDRICAL_SURFACE('',#3532,0.05);
#52=CYLINDRICAL_SURFACE('',#3533,0.25);
#53=CYLINDRICAL_SURFACE('',#3535,0.25);
#54=CYLINDRICAL_SURFACE('',#3537,0.25);
#55=CYLINDRICAL_SURFACE('',#3545,0.05);
#56=CYLINDRICAL_SURFACE('',#3551,0.05);
#57=CYLINDRICAL_SURFACE('',#3557,0.05);
#58=CYLINDRICAL_SURFACE('',#3563,0.05);
#59=CYLINDRICAL_SURFACE('',#3569,0.05);
#60=CYLINDRICAL_SURFACE('',#3575,0.05);
#61=CYLINDRICAL_SURFACE('',#3581,0.05);
#62=CYLINDRICAL_SURFACE('',#3587,0.05);
#63=CYLINDRICAL_SURFACE('',#3593,0.05);
#64=CYLINDRICAL_SURFACE('',#3599,0.05);
#65=CYLINDRICAL_SURFACE('',#3605,0.05);
#66=CYLINDRICAL_SURFACE('',#3611,0.05);
#67=CYLINDRICAL_SURFACE('',#3613,0.25);
#68=CYLINDRICAL_SURFACE('',#3616,0.25);
#69=CYLINDRICAL_SURFACE('',#3618,0.25);
#70=CYLINDRICAL_SURFACE('',#3620,0.25);
#71=CYLINDRICAL_SURFACE('',#3622,0.25);
#72=CYLINDRICAL_SURFACE('',#3624,0.25);
#73=CYLINDRICAL_SURFACE('',#3637,0.25);
#74=CYLINDRICAL_SURFACE('',#3639,0.25);
#75=CYLINDRICAL_SURFACE('',#3641,0.25);
#76=CYLINDRICAL_SURFACE('',#3643,0.25);
#77=CYLINDRICAL_SURFACE('',#3645,0.25);
#78=CYLINDRICAL_SURFACE('',#3647,0.25);
#79=CYLINDRICAL_SURFACE('',#3650,0.25);
#80=CYLINDRICAL_SURFACE('',#3652,2.25);
#81=TOROIDAL_SURFACE('',#3357,0.2,0.05);
#82=TOROIDAL_SURFACE('',#3363,0.2,0.05);
#83=TOROIDAL_SURFACE('',#3368,0.2,0.05);
#84=TOROIDAL_SURFACE('',#3373,0.2,0.05);
#85=TOROIDAL_SURFACE('',#3378,0.2,0.05);
#86=TOROIDAL_SURFACE('',#3383,0.2,0.05);
#87=TOROIDAL_SURFACE('',#3388,0.2,0.05);
#88=TOROIDAL_SURFACE('',#3393,0.2,0.05);
#89=TOROIDAL_SURFACE('',#3410,0.2,0.05);
#90=TOROIDAL_SURFACE('',#3416,0.2,0.05);
#91=TOROIDAL_SURFACE('',#3424,0.3,0.05);
#92=TOROIDAL_SURFACE('',#3430,0.3,0.05);
#93=TOROIDAL_SURFACE('',#3438,0.2,0.05);
#94=TOROIDAL_SURFACE('',#3444,0.2,0.05);
#95=TOROIDAL_SURFACE('',#3452,0.2,0.05);
#96=TOROIDAL_SURFACE('',#3458,0.2,0.05);
#97=TOROIDAL_SURFACE('',#3466,0.3,0.05);
#98=TOROIDAL_SURFACE('',#3471,0.3,0.05);
#99=TOROIDAL_SURFACE('',#3478,0.2,0.05);
#100=TOROIDAL_SURFACE('',#3484,0.2,0.05);
#101=TOROIDAL_SURFACE('',#3489,0.2,0.05);
#102=TOROIDAL_SURFACE('',#3496,0.2,0.05);
#103=TOROIDAL_SURFACE('',#3502,0.2,0.05);
#104=TOROIDAL_SURFACE('',#3507,0.2,0.05);
#105=TOROIDAL_SURFACE('',#3512,0.2,0.05);
#106=TOROIDAL_SURFACE('',#3517,0.2,0.05);
#107=TOROIDAL_SURFACE('',#3522,0.2,0.05);
#108=TOROIDAL_SURFACE('',#3528,0.2,0.05);
#109=TOROIDAL_SURFACE('',#3540,0.2,0.05);
#110=TOROIDAL_SURFACE('',#3547,0.2,0.05);
#111=TOROIDAL_SURFACE('',#3553,0.2,0.05);
#112=TOROIDAL_SURFACE('',#3559,0.3,0.05);
#113=TOROIDAL_SURFACE('',#3565,0.3,0.05);
#114=TOROIDAL_SURFACE('',#3571,0.2,0.05);
#115=TOROIDAL_SURFACE('',#3577,0.2,0.05);
#116=TOROIDAL_SURFACE('',#3583,0.2,0.05);
#117=TOROIDAL_SURFACE('',#3589,0.2,0.05);
#118=TOROIDAL_SURFACE('',#3595,0.3,0.05);
#119=TOROIDAL_SURFACE('',#3601,0.3,0.05);
#120=TOROIDAL_SURFACE('',#3607,0.2,0.05);
#121=CIRCLE('',#3348,0.2);
#122=CIRCLE('',#3349,0.2);
#123=CIRCLE('',#3350,0.2);
#124=CIRCLE('',#3351,0.2);
#125=CIRCLE('',#3352,0.2);
#126=CIRCLE('',#3353,0.2);
#127=CIRCLE('',#3354,0.2);
#128=CIRCLE('',#3355,0.2);
#129=CIRCLE('',#3358,0.05);
#130=CIRCLE('',#3359,0.05);
#131=CIRCLE('',#3360,0.25);
#132=CIRCLE('',#3362,0.05);
#133=CIRCLE('',#3364,0.05);
#134=CIRCLE('',#3365,0.25);
#135=CIRCLE('',#3367,0.0499999999999998);
#136=CIRCLE('',#3369,0.05);
#137=CIRCLE('',#3370,0.25);
#138=CIRCLE('',#3372,0.05);
#139=CIRCLE('',#3374,0.05);
#140=CIRCLE('',#3375,0.25);
#141=CIRCLE('',#3377,0.0499999999999998);
#142=CIRCLE('',#3379,0.05);
#143=CIRCLE('',#3380,0.25);
#144=CIRCLE('',#3382,0.05);
#145=CIRCLE('',#3384,0.05);
#146=CIRCLE('',#3385,0.25);
#147=CIRCLE('',#3387,0.0499999999999998);
#148=CIRCLE('',#3389,0.05);
#149=CIRCLE('',#3390,0.25);
#150=CIRCLE('',#3392,0.05);
#151=CIRCLE('',#3394,0.05);
#152=CIRCLE('',#3395,0.25);
#153=CIRCLE('',#3399,0.25);
#154=CIRCLE('',#3402,0.25);
#155=CIRCLE('',#3405,0.25);
#156=CIRCLE('',#3408,0.25);
#157=CIRCLE('',#3411,0.05);
#158=CIRCLE('',#3412,0.25);
#159=CIRCLE('',#3413,0.2);
#160=CIRCLE('',#3415,0.05);
#161=CIRCLE('',#3417,0.05);
#162=CIRCLE('',#3418,0.25);
#163=CIRCLE('',#3419,0.2);
#164=CIRCLE('',#3422,0.05);
#165=CIRCLE('',#3425,0.05);
#166=CIRCLE('',#3426,0.25);
#167=CIRCLE('',#3427,0.3);
#168=CIRCLE('',#3429,0.05);
#169=CIRCLE('',#3431,0.05);
#170=CIRCLE('',#3432,0.25);
#171=CIRCLE('',#3433,0.3);
#172=CIRCLE('',#3436,0.05);
#173=CIRCLE('',#3439,0.05);
#174=CIRCLE('',#3440,0.25);
#175=CIRCLE('',#3441,0.2);
#176=CIRCLE('',#3443,0.05);
#177=CIRCLE('',#3445,0.25);
#178=CIRCLE('',#3446,0.2);
#179=CIRCLE('',#3448,0.3);
#180=CIRCLE('',#3449,0.3);
#181=CIRCLE('',#3453,0.05);
#182=CIRCLE('',#3454,0.25);
#183=CIRCLE('',#3455,0.2);
#184=CIRCLE('',#3457,0.05);
#185=CIRCLE('',#3459,0.05);
#186=CIRCLE('',#3460,0.25);
#187=CIRCLE('',#3461,0.2);
#188=CIRCLE('',#3464,0.05);
#189=CIRCLE('',#3467,0.05);
#190=CIRCLE('',#3468,0.25);
#191=CIRCLE('',#3470,0.05);
#192=CIRCLE('',#3472,0.05);
#193=CIRCLE('',#3473,0.25);
#194=CIRCLE('',#3476,0.05);
#195=CIRCLE('',#3479,0.05);
#196=CIRCLE('',#3480,0.25);
#197=CIRCLE('',#3481,0.2);
#198=CIRCLE('',#3483,0.05);
#199=CIRCLE('',#3485,0.25);
#200=CIRCLE('',#3486,0.2);
#201=CIRCLE('',#3490,0.0499999999999998);
#202=CIRCLE('',#3491,0.2);
#203=CIRCLE('',#3492,0.05);
#204=CIRCLE('',#3493,0.25);
#205=CIRCLE('',#3495,0.05);
#206=CIRCLE('',#3497,0.05);
#207=CIRCLE('',#3498,0.25);
#208=CIRCLE('',#3499,0.2);
#209=CIRCLE('',#3501,0.05);
#210=CIRCLE('',#3503,0.05);
#211=CIRCLE('',#3504,0.2);
#212=CIRCLE('',#3506,0.05);
#213=CIRCLE('',#3508,0.05);
#214=CIRCLE('',#3509,0.2);
#215=CIRCLE('',#3511,0.05);
#216=CIRCLE('',#3513,0.05);
#217=CIRCLE('',#3514,0.2);
#218=CIRCLE('',#3516,0.05);
#219=CIRCLE('',#3518,0.05);
#220=CIRCLE('',#3519,0.2);
#221=CIRCLE('',#3521,0.05);
#222=CIRCLE('',#3523,0.05);
#223=CIRCLE('',#3524,0.25);
#224=CIRCLE('',#3525,0.2);
#225=CIRCLE('',#3527,0.05);
#226=CIRCLE('',#3529,0.05);
#227=CIRCLE('',#3530,0.25);
#228=CIRCLE('',#3531,0.2);
#229=CIRCLE('',#3539,2.25);
#230=CIRCLE('',#3541,0.0499999999999998);
#231=CIRCLE('',#3542,0.2);
#232=CIRCLE('',#3543,0.05);
#233=CIRCLE('',#3544,0.25);
#234=CIRCLE('',#3546,0.05);
#235=CIRCLE('',#3548,0.05);
#236=CIRCLE('',#3549,0.25);
#237=CIRCLE('',#3550,0.2);
#238=CIRCLE('',#3552,0.05);
#239=CIRCLE('',#3554,0.05);
#240=CIRCLE('',#3555,0.25);
#241=CIRCLE('',#3556,0.2);
#242=CIRCLE('',#3558,0.05);
#243=CIRCLE('',#3560,0.05);
#244=CIRCLE('',#3561,0.25);
#245=CIRCLE('',#3562,0.3);
#246=CIRCLE('',#3564,0.05);
#247=CIRCLE('',#3566,0.05);
#248=CIRCLE('',#3567,0.25);
#249=CIRCLE('',#3568,0.3);
#250=CIRCLE('',#3570,0.05);
#251=CIRCLE('',#3572,0.05);
#252=CIRCLE('',#3573,0.25);
#253=CIRCLE('',#3574,0.2);
#254=CIRCLE('',#3576,0.05);
#255=CIRCLE('',#3578,0.05);
#256=CIRCLE('',#3579,0.25);
#257=CIRCLE('',#3580,0.2);
#258=CIRCLE('',#3582,0.05);
#259=CIRCLE('',#3584,0.05);
#260=CIRCLE('',#3585,0.25);
#261=CIRCLE('',#3586,0.2);
#262=CIRCLE('',#3588,0.05);
#263=CIRCLE('',#3590,0.05);
#264=CIRCLE('',#3591,0.25);
#265=CIRCLE('',#3592,0.2);
#266=CIRCLE('',#3594,0.05);
#267=CIRCLE('',#3596,0.05);
#268=CIRCLE('',#3597,0.25);
#269=CIRCLE('',#3598,0.3);
#270=CIRCLE('',#3600,0.05);
#271=CIRCLE('',#3602,0.05);
#272=CIRCLE('',#3603,0.25);
#273=CIRCLE('',#3604,0.3);
#274=CIRCLE('',#3606,0.05);
#275=CIRCLE('',#3608,0.05);
#276=CIRCLE('',#3609,0.25);
#277=CIRCLE('',#3610,0.2);
#278=CIRCLE('',#3614,0.25);
#279=CIRCLE('',#3625,0.25);
#280=CIRCLE('',#3627,2.25);
#281=CIRCLE('',#3629,2.25);
#282=CIRCLE('',#3630,2.25);
#283=CIRCLE('',#3633,0.25);
#284=CIRCLE('',#3635,0.25);
#285=FACE_BOUND('',#578,.T.);
#286=FACE_BOUND('',#607,.T.);
#287=FACE_BOUND('',#619,.T.);
#288=FACE_BOUND('',#620,.T.);
#289=FACE_BOUND('',#621,.T.);
#290=FACE_BOUND('',#697,.T.);
#291=PLANE('',#3328);
#292=PLANE('',#3329);
#293=PLANE('',#3330);
#294=PLANE('',#3331);
#295=PLANE('',#3332);
#296=PLANE('',#3333);
#297=PLANE('',#3334);
#298=PLANE('',#3335);
#299=PLANE('',#3336);
#300=PLANE('',#3337);
#301=PLANE('',#3338);
#302=PLANE('',#3339);
#303=PLANE('',#3340);
#304=PLANE('',#3341);
#305=PLANE('',#3342);
#306=PLANE('',#3343);
#307=PLANE('',#3344);
#308=PLANE('',#3345);
#309=PLANE('',#3346);
#310=PLANE('',#3347);
#311=PLANE('',#3356);
#312=PLANE('',#3397);
#313=PLANE('',#3400);
#314=PLANE('',#3403);
#315=PLANE('',#3406);
#316=PLANE('',#3409);
#317=PLANE('',#3447);
#318=PLANE('',#3450);
#319=PLANE('',#3451);
#320=PLANE('',#3487);
#321=PLANE('',#3488);
#322=PLANE('',#3534);
#323=PLANE('',#3536);
#324=PLANE('',#3538);
#325=PLANE('',#3612);
#326=PLANE('',#3615);
#327=PLANE('',#3617);
#328=PLANE('',#3619);
#329=PLANE('',#3621);
#330=PLANE('',#3623);
#331=PLANE('',#3626);
#332=PLANE('',#3628);
#333=PLANE('',#3631);
#334=PLANE('',#3632);
#335=PLANE('',#3634);
#336=PLANE('',#3636);
#337=PLANE('',#3638);
#338=PLANE('',#3640);
#339=PLANE('',#3642);
#340=PLANE('',#3644);
#341=PLANE('',#3646);
#342=PLANE('',#3648);
#343=PLANE('',#3649);
#344=PLANE('',#3651);
#345=PLANE('',#3653);
#346=PLANE('',#3654);
#347=PLANE('',#3655);
#348=PLANE('',#3656);
#349=STYLED_ITEM('',(#6274),#3137);
#350=STYLED_ITEM('',(#6274),#3165);
#351=STYLED_ITEM('',(#6274),#3175);
#352=STYLED_ITEM('',(#6275),#3291);
#353=STYLED_ITEM('',(#6275),#3292);
#354=STYLED_ITEM('',(#6275),#3293);
#355=STYLED_ITEM('',(#6275),#3305);
#356=STYLED_ITEM('',(#6275),#3311);
#357=STYLED_ITEM('',(#6275),#3312);
#358=STYLED_ITEM('',(#6275),#3313);
#359=STYLED_ITEM('',(#6273),#13);
#360=FACE_OUTER_BOUND('',#557,.T.);
#361=FACE_OUTER_BOUND('',#558,.T.);
#362=FACE_OUTER_BOUND('',#559,.T.);
#363=FACE_OUTER_BOUND('',#560,.T.);
#364=FACE_OUTER_BOUND('',#561,.T.);
#365=FACE_OUTER_BOUND('',#562,.T.);
#366=FACE_OUTER_BOUND('',#563,.T.);
#367=FACE_OUTER_BOUND('',#564,.T.);
#368=FACE_OUTER_BOUND('',#565,.T.);
#369=FACE_OUTER_BOUND('',#566,.T.);
#370=FACE_OUTER_BOUND('',#567,.T.);
#371=FACE_OUTER_BOUND('',#568,.T.);
#372=FACE_OUTER_BOUND('',#569,.T.);
#373=FACE_OUTER_BOUND('',#570,.T.);
#374=FACE_OUTER_BOUND('',#571,.T.);
#375=FACE_OUTER_BOUND('',#572,.T.);
#376=FACE_OUTER_BOUND('',#573,.T.);
#377=FACE_OUTER_BOUND('',#574,.T.);
#378=FACE_OUTER_BOUND('',#575,.T.);
#379=FACE_OUTER_BOUND('',#576,.T.);
#380=FACE_OUTER_BOUND('',#577,.T.);
#381=FACE_OUTER_BOUND('',#579,.T.);
#382=FACE_OUTER_BOUND('',#580,.T.);
#383=FACE_OUTER_BOUND('',#581,.T.);
#384=FACE_OUTER_BOUND('',#582,.T.);
#385=FACE_OUTER_BOUND('',#583,.T.);
#386=FACE_OUTER_BOUND('',#584,.T.);
#387=FACE_OUTER_BOUND('',#585,.T.);
#388=FACE_OUTER_BOUND('',#586,.T.);
#389=FACE_OUTER_BOUND('',#587,.T.);
#390=FACE_OUTER_BOUND('',#588,.T.);
#391=FACE_OUTER_BOUND('',#589,.T.);
#392=FACE_OUTER_BOUND('',#590,.T.);
#393=FACE_OUTER_BOUND('',#591,.T.);
#394=FACE_OUTER_BOUND('',#592,.T.);
#395=FACE_OUTER_BOUND('',#593,.T.);
#396=FACE_OUTER_BOUND('',#594,.T.);
#397=FACE_OUTER_BOUND('',#595,.T.);
#398=FACE_OUTER_BOUND('',#596,.T.);
#399=FACE_OUTER_BOUND('',#597,.T.);
#400=FACE_OUTER_BOUND('',#598,.T.);
#401=FACE_OUTER_BOUND('',#599,.T.);
#402=FACE_OUTER_BOUND('',#600,.T.);
#403=FACE_OUTER_BOUND('',#601,.T.);
#404=FACE_OUTER_BOUND('',#602,.T.);
#405=FACE_OUTER_BOUND('',#603,.T.);
#406=FACE_OUTER_BOUND('',#604,.T.);
#407=FACE_OUTER_BOUND('',#605,.T.);
#408=FACE_OUTER_BOUND('',#606,.T.);
#409=FACE_OUTER_BOUND('',#608,.T.);
#410=FACE_OUTER_BOUND('',#609,.T.);
#411=FACE_OUTER_BOUND('',#610,.T.);
#412=FACE_OUTER_BOUND('',#611,.T.);
#413=FACE_OUTER_BOUND('',#612,.T.);
#414=FACE_OUTER_BOUND('',#613,.T.);
#415=FACE_OUTER_BOUND('',#614,.T.);
#416=FACE_OUTER_BOUND('',#615,.T.);
#417=FACE_OUTER_BOUND('',#616,.T.);
#418=FACE_OUTER_BOUND('',#617,.T.);
#419=FACE_OUTER_BOUND('',#618,.T.);
#420=FACE_OUTER_BOUND('',#622,.T.);
#421=FACE_OUTER_BOUND('',#623,.T.);
#422=FACE_OUTER_BOUND('',#624,.T.);
#423=FACE_OUTER_BOUND('',#625,.T.);
#424=FACE_OUTER_BOUND('',#626,.T.);
#425=FACE_OUTER_BOUND('',#627,.T.);
#426=FACE_OUTER_BOUND('',#628,.T.);
#427=FACE_OUTER_BOUND('',#629,.T.);
#428=FACE_OUTER_BOUND('',#630,.T.);
#429=FACE_OUTER_BOUND('',#631,.T.);
#430=FACE_OUTER_BOUND('',#632,.T.);
#431=FACE_OUTER_BOUND('',#633,.T.);
#432=FACE_OUTER_BOUND('',#634,.T.);
#433=FACE_OUTER_BOUND('',#635,.T.);
#434=FACE_OUTER_BOUND('',#636,.T.);
#435=FACE_OUTER_BOUND('',#637,.T.);
#436=FACE_OUTER_BOUND('',#638,.T.);
#437=FACE_OUTER_BOUND('',#639,.T.);
#438=FACE_OUTER_BOUND('',#640,.T.);
#439=FACE_OUTER_BOUND('',#641,.T.);
#440=FACE_OUTER_BOUND('',#642,.T.);
#441=FACE_OUTER_BOUND('',#643,.T.);
#442=FACE_OUTER_BOUND('',#644,.T.);
#443=FACE_OUTER_BOUND('',#645,.T.);
#444=FACE_OUTER_BOUND('',#646,.T.);
#445=FACE_OUTER_BOUND('',#647,.T.);
#446=FACE_OUTER_BOUND('',#648,.T.);
#447=FACE_OUTER_BOUND('',#649,.T.);
#448=FACE_OUTER_BOUND('',#650,.T.);
#449=FACE_OUTER_BOUND('',#651,.T.);
#450=FACE_OUTER_BOUND('',#652,.T.);
#451=FACE_OUTER_BOUND('',#653,.T.);
#452=FACE_OUTER_BOUND('',#654,.T.);
#453=FACE_OUTER_BOUND('',#655,.T.);
#454=FACE_OUTER_BOUND('',#656,.T.);
#455=FACE_OUTER_BOUND('',#657,.T.);
#456=FACE_OUTER_BOUND('',#658,.T.);
#457=FACE_OUTER_BOUND('',#659,.T.);
#458=FACE_OUTER_BOUND('',#660,.T.);
#459=FACE_OUTER_BOUND('',#661,.T.);
#460=FACE_OUTER_BOUND('',#662,.T.);
#461=FACE_OUTER_BOUND('',#663,.T.);
#462=FACE_OUTER_BOUND('',#664,.T.);
#463=FACE_OUTER_BOUND('',#665,.T.);
#464=FACE_OUTER_BOUND('',#666,.T.);
#465=FACE_OUTER_BOUND('',#667,.T.);
#466=FACE_OUTER_BOUND('',#668,.T.);
#467=FACE_OUTER_BOUND('',#669,.T.);
#468=FACE_OUTER_BOUND('',#670,.T.);
#469=FACE_OUTER_BOUND('',#671,.T.);
#470=FACE_OUTER_BOUND('',#672,.T.);
#471=FACE_OUTER_BOUND('',#673,.T.);
#472=FACE_OUTER_BOUND('',#674,.T.);
#473=FACE_OUTER_BOUND('',#675,.T.);
#474=FACE_OUTER_BOUND('',#676,.T.);
#475=FACE_OUTER_BOUND('',#677,.T.);
#476=FACE_OUTER_BOUND('',#678,.T.);
#477=FACE_OUTER_BOUND('',#679,.T.);
#478=FACE_OUTER_BOUND('',#680,.T.);
#479=FACE_OUTER_BOUND('',#681,.T.);
#480=FACE_OUTER_BOUND('',#682,.T.);
#481=FACE_OUTER_BOUND('',#683,.T.);
#482=FACE_OUTER_BOUND('',#684,.T.);
#483=FACE_OUTER_BOUND('',#685,.T.);
#484=FACE_OUTER_BOUND('',#686,.T.);
#485=FACE_OUTER_BOUND('',#687,.T.);
#486=FACE_OUTER_BOUND('',#688,.T.);
#487=FACE_OUTER_BOUND('',#689,.T.);
#488=FACE_OUTER_BOUND('',#690,.T.);
#489=FACE_OUTER_BOUND('',#691,.T.);
#490=FACE_OUTER_BOUND('',#692,.T.);
#491=FACE_OUTER_BOUND('',#693,.T.);
#492=FACE_OUTER_BOUND('',#694,.T.);
#493=FACE_OUTER_BOUND('',#695,.T.);
#494=FACE_OUTER_BOUND('',#696,.T.);
#495=FACE_OUTER_BOUND('',#698,.T.);
#496=FACE_OUTER_BOUND('',#699,.T.);
#497=FACE_OUTER_BOUND('',#700,.T.);
#498=FACE_OUTER_BOUND('',#701,.T.);
#499=FACE_OUTER_BOUND('',#702,.T.);
#500=FACE_OUTER_BOUND('',#703,.T.);
#501=FACE_OUTER_BOUND('',#704,.T.);
#502=FACE_OUTER_BOUND('',#705,.T.);
#503=FACE_OUTER_BOUND('',#706,.T.);
#504=FACE_OUTER_BOUND('',#707,.T.);
#505=FACE_OUTER_BOUND('',#708,.T.);
#506=FACE_OUTER_BOUND('',#709,.T.);
#507=FACE_OUTER_BOUND('',#710,.T.);
#508=FACE_OUTER_BOUND('',#711,.T.);
#509=FACE_OUTER_BOUND('',#712,.T.);
#510=FACE_OUTER_BOUND('',#713,.T.);
#511=FACE_OUTER_BOUND('',#714,.T.);
#512=FACE_OUTER_BOUND('',#715,.T.);
#513=FACE_OUTER_BOUND('',#716,.T.);
#514=FACE_OUTER_BOUND('',#717,.T.);
#515=FACE_OUTER_BOUND('',#718,.T.);
#516=FACE_OUTER_BOUND('',#719,.T.);
#517=FACE_OUTER_BOUND('',#720,.T.);
#518=FACE_OUTER_BOUND('',#721,.T.);
#519=FACE_OUTER_BOUND('',#722,.T.);
#520=FACE_OUTER_BOUND('',#723,.T.);
#521=FACE_OUTER_BOUND('',#724,.T.);
#522=FACE_OUTER_BOUND('',#725,.T.);
#523=FACE_OUTER_BOUND('',#726,.T.);
#524=FACE_OUTER_BOUND('',#727,.T.);
#525=FACE_OUTER_BOUND('',#728,.T.);
#526=FACE_OUTER_BOUND('',#729,.T.);
#527=FACE_OUTER_BOUND('',#730,.T.);
#528=FACE_OUTER_BOUND('',#731,.T.);
#529=FACE_OUTER_BOUND('',#732,.T.);
#530=FACE_OUTER_BOUND('',#733,.T.);
#531=FACE_OUTER_BOUND('',#734,.T.);
#532=FACE_OUTER_BOUND('',#735,.T.);
#533=FACE_OUTER_BOUND('',#736,.T.);
#534=FACE_OUTER_BOUND('',#737,.T.);
#535=FACE_OUTER_BOUND('',#738,.T.);
#536=FACE_OUTER_BOUND('',#739,.T.);
#537=FACE_OUTER_BOUND('',#740,.T.);
#538=FACE_OUTER_BOUND('',#741,.T.);
#539=FACE_OUTER_BOUND('',#742,.T.);
#540=FACE_OUTER_BOUND('',#743,.T.);
#541=FACE_OUTER_BOUND('',#744,.T.);
#542=FACE_OUTER_BOUND('',#745,.T.);
#543=FACE_OUTER_BOUND('',#746,.T.);
#544=FACE_OUTER_BOUND('',#747,.T.);
#545=FACE_OUTER_BOUND('',#748,.T.);
#546=FACE_OUTER_BOUND('',#749,.T.);
#547=FACE_OUTER_BOUND('',#750,.T.);
#548=FACE_OUTER_BOUND('',#751,.T.);
#549=FACE_OUTER_BOUND('',#752,.T.);
#550=FACE_OUTER_BOUND('',#753,.T.);
#551=FACE_OUTER_BOUND('',#754,.T.);
#552=FACE_OUTER_BOUND('',#755,.T.);
#553=FACE_OUTER_BOUND('',#756,.T.);
#554=FACE_OUTER_BOUND('',#757,.T.);
#555=FACE_OUTER_BOUND('',#758,.T.);
#556=FACE_OUTER_BOUND('',#759,.T.);
#557=EDGE_LOOP('',(#2099,#2100,#2101,#2102));
#558=EDGE_LOOP('',(#2103,#2104,#2105,#2106));
#559=EDGE_LOOP('',(#2107,#2108,#2109,#2110));
#560=EDGE_LOOP('',(#2111,#2112,#2113,#2114));
#561=EDGE_LOOP('',(#2115,#2116,#2117,#2118));
#562=EDGE_LOOP('',(#2119,#2120,#2121,#2122));
#563=EDGE_LOOP('',(#2123,#2124,#2125,#2126));
#564=EDGE_LOOP('',(#2127,#2128,#2129,#2130));
#565=EDGE_LOOP('',(#2131,#2132,#2133,#2134));
#566=EDGE_LOOP('',(#2135,#2136,#2137,#2138));
#567=EDGE_LOOP('',(#2139,#2140,#2141,#2142));
#568=EDGE_LOOP('',(#2143,#2144,#2145,#2146));
#569=EDGE_LOOP('',(#2147,#2148,#2149,#2150));
#570=EDGE_LOOP('',(#2151,#2152,#2153,#2154));
#571=EDGE_LOOP('',(#2155,#2156,#2157,#2158));
#572=EDGE_LOOP('',(#2159,#2160,#2161,#2162));
#573=EDGE_LOOP('',(#2163,#2164,#2165,#2166));
#574=EDGE_LOOP('',(#2167,#2168,#2169,#2170));
#575=EDGE_LOOP('',(#2171,#2172,#2173,#2174));
#576=EDGE_LOOP('',(#2175,#2176,#2177,#2178));
#577=EDGE_LOOP('',(#2179,#2180,#2181,#2182,#2183,#2184,#2185,#2186,#2187,
#2188,#2189,#2190));
#578=EDGE_LOOP('',(#2191,#2192,#2193,#2194,#2195,#2196,#2197,#2198));
#579=EDGE_LOOP('',(#2199,#2200,#2201,#2202));
#580=EDGE_LOOP('',(#2203,#2204,#2205,#2206));
#581=EDGE_LOOP('',(#2207,#2208,#2209,#2210));
#582=EDGE_LOOP('',(#2211,#2212,#2213,#2214));
#583=EDGE_LOOP('',(#2215,#2216,#2217,#2218));
#584=EDGE_LOOP('',(#2219,#2220,#2221,#2222));
#585=EDGE_LOOP('',(#2223,#2224,#2225,#2226));
#586=EDGE_LOOP('',(#2227,#2228,#2229,#2230));
#587=EDGE_LOOP('',(#2231,#2232,#2233,#2234));
#588=EDGE_LOOP('',(#2235,#2236,#2237,#2238));
#589=EDGE_LOOP('',(#2239,#2240,#2241,#2242));
#590=EDGE_LOOP('',(#2243,#2244,#2245,#2246));
#591=EDGE_LOOP('',(#2247,#2248,#2249,#2250));
#592=EDGE_LOOP('',(#2251,#2252,#2253,#2254));
#593=EDGE_LOOP('',(#2255,#2256,#2257,#2258));
#594=EDGE_LOOP('',(#2259,#2260,#2261,#2262));
#595=EDGE_LOOP('',(#2263,#2264,#2265,#2266));
#596=EDGE_LOOP('',(#2267,#2268,#2269,#2270));
#597=EDGE_LOOP('',(#2271,#2272,#2273,#2274));
#598=EDGE_LOOP('',(#2275,#2276,#2277,#2278));
#599=EDGE_LOOP('',(#2279,#2280,#2281,#2282));
#600=EDGE_LOOP('',(#2283,#2284,#2285,#2286));
#601=EDGE_LOOP('',(#2287,#2288,#2289,#2290));
#602=EDGE_LOOP('',(#2291,#2292,#2293,#2294));
#603=EDGE_LOOP('',(#2295,#2296,#2297,#2298));
#604=EDGE_LOOP('',(#2299,#2300,#2301,#2302));
#605=EDGE_LOOP('',(#2303,#2304,#2305,#2306));
#606=EDGE_LOOP('',(#2307,#2308,#2309,#2310,#2311,#2312,#2313,#2314,#2315,
#2316,#2317,#2318,#2319,#2320,#2321,#2322,#2323,#2324,#2325));
#607=EDGE_LOOP('',(#2326,#2327,#2328,#2329,#2330,#2331,#2332,#2333));
#608=EDGE_LOOP('',(#2334,#2335,#2336,#2337));
#609=EDGE_LOOP('',(#2338,#2339,#2340,#2341));
#610=EDGE_LOOP('',(#2342,#2343,#2344,#2345));
#611=EDGE_LOOP('',(#2346,#2347,#2348,#2349));
#612=EDGE_LOOP('',(#2350,#2351,#2352,#2353));
#613=EDGE_LOOP('',(#2354,#2355,#2356,#2357));
#614=EDGE_LOOP('',(#2358,#2359,#2360,#2361));
#615=EDGE_LOOP('',(#2362,#2363,#2364,#2365));
#616=EDGE_LOOP('',(#2366,#2367,#2368,#2369));
#617=EDGE_LOOP('',(#2370,#2371,#2372,#2373,#2374,#2375,#2376,#2377,#2378));
#618=EDGE_LOOP('',(#2379,#2380,#2381,#2382,#2383,#2384,#2385,#2386,#2387,
#2388,#2389,#2390,#2391,#2392,#2393,#2394));
#619=EDGE_LOOP('',(#2395,#2396,#2397,#2398,#2399,#2400,#2401,#2402,#2403,
#2404,#2405,#2406));
#620=EDGE_LOOP('',(#2407,#2408,#2409,#2410,#2411,#2412,#2413,#2414,#2415,
#2416,#2417,#2418,#2419,#2420,#2421,#2422,#2423,#2424,#2425));
#621=EDGE_LOOP('',(#2426,#2427,#2428,#2429,#2430,#2431,#2432,#2433,#2434));
#622=EDGE_LOOP('',(#2435,#2436,#2437,#2438,#2439,#2440,#2441,#2442));
#623=EDGE_LOOP('',(#2443,#2444,#2445,#2446));
#624=EDGE_LOOP('',(#2447,#2448,#2449,#2450));
#625=EDGE_LOOP('',(#2451,#2452,#2453,#2454));
#626=EDGE_LOOP('',(#2455,#2456,#2457,#2458));
#627=EDGE_LOOP('',(#2459,#2460,#2461,#2462));
#628=EDGE_LOOP('',(#2463,#2464,#2465,#2466));
#629=EDGE_LOOP('',(#2467,#2468,#2469,#2470));
#630=EDGE_LOOP('',(#2471,#2472,#2473,#2474));
#631=EDGE_LOOP('',(#2475,#2476,#2477,#2478));
#632=EDGE_LOOP('',(#2479,#2480,#2481,#2482));
#633=EDGE_LOOP('',(#2483,#2484,#2485,#2486));
#634=EDGE_LOOP('',(#2487,#2488,#2489,#2490));
#635=EDGE_LOOP('',(#2491,#2492,#2493,#2494));
#636=EDGE_LOOP('',(#2495,#2496,#2497,#2498));
#637=EDGE_LOOP('',(#2499,#2500,#2501,#2502));
#638=EDGE_LOOP('',(#2503,#2504,#2505,#2506));
#639=EDGE_LOOP('',(#2507,#2508,#2509,#2510));
#640=EDGE_LOOP('',(#2511,#2512,#2513,#2514));
#641=EDGE_LOOP('',(#2515,#2516,#2517,#2518));
#642=EDGE_LOOP('',(#2519,#2520,#2521,#2522));
#643=EDGE_LOOP('',(#2523,#2524,#2525,#2526));
#644=EDGE_LOOP('',(#2527,#2528,#2529,#2530));
#645=EDGE_LOOP('',(#2531,#2532,#2533,#2534));
#646=EDGE_LOOP('',(#2535,#2536,#2537,#2538));
#647=EDGE_LOOP('',(#2539,#2540,#2541,#2542,#2543,#2544,#2545,#2546));
#648=EDGE_LOOP('',(#2547,#2548,#2549,#2550));
#649=EDGE_LOOP('',(#2551,#2552,#2553,#2554));
#650=EDGE_LOOP('',(#2555,#2556,#2557,#2558));
#651=EDGE_LOOP('',(#2559,#2560,#2561,#2562,#2563,#2564,#2565));
#652=EDGE_LOOP('',(#2566,#2567,#2568,#2569));
#653=EDGE_LOOP('',(#2570,#2571,#2572,#2573));
#654=EDGE_LOOP('',(#2574,#2575,#2576,#2577));
#655=EDGE_LOOP('',(#2578,#2579,#2580,#2581,#2582,#2583,#2584));
#656=EDGE_LOOP('',(#2585,#2586,#2587,#2588));
#657=EDGE_LOOP('',(#2589,#2590,#2591,#2592));
#658=EDGE_LOOP('',(#2593,#2594,#2595,#2596));
#659=EDGE_LOOP('',(#2597,#2598,#2599,#2600,#2601,#2602,#2603,#2604,#2605,
#2606,#2607,#2608));
#660=EDGE_LOOP('',(#2609,#2610,#2611,#2612,#2613));
#661=EDGE_LOOP('',(#2614,#2615,#2616,#2617,#2618));
#662=EDGE_LOOP('',(#2619,#2620,#2621,#2622));
#663=EDGE_LOOP('',(#2623,#2624,#2625,#2626));
#664=EDGE_LOOP('',(#2627,#2628,#2629,#2630));
#665=EDGE_LOOP('',(#2631,#2632,#2633,#2634,#2635,#2636,#2637));
#666=EDGE_LOOP('',(#2638,#2639,#2640,#2641));
#667=EDGE_LOOP('',(#2642,#2643,#2644,#2645));
#668=EDGE_LOOP('',(#2646,#2647,#2648,#2649));
#669=EDGE_LOOP('',(#2650,#2651,#2652,#2653,#2654,#2655,#2656));
#670=EDGE_LOOP('',(#2657,#2658,#2659,#2660));
#671=EDGE_LOOP('',(#2661,#2662,#2663,#2664));
#672=EDGE_LOOP('',(#2665,#2666,#2667,#2668));
#673=EDGE_LOOP('',(#2669,#2670,#2671,#2672,#2673));
#674=EDGE_LOOP('',(#2674,#2675,#2676,#2677,#2678));
#675=EDGE_LOOP('',(#2679,#2680,#2681,#2682));
#676=EDGE_LOOP('',(#2683,#2684,#2685,#2686));
#677=EDGE_LOOP('',(#2687,#2688,#2689,#2690));
#678=EDGE_LOOP('',(#2691,#2692,#2693,#2694));
#679=EDGE_LOOP('',(#2695,#2696,#2697,#2698));
#680=EDGE_LOOP('',(#2699,#2700,#2701,#2702));
#681=EDGE_LOOP('',(#2703,#2704,#2705,#2706));
#682=EDGE_LOOP('',(#2707,#2708,#2709,#2710));
#683=EDGE_LOOP('',(#2711,#2712,#2713,#2714));
#684=EDGE_LOOP('',(#2715,#2716,#2717,#2718));
#685=EDGE_LOOP('',(#2719,#2720,#2721,#2722));
#686=EDGE_LOOP('',(#2723,#2724,#2725,#2726));
#687=EDGE_LOOP('',(#2727,#2728,#2729,#2730));
#688=EDGE_LOOP('',(#2731,#2732,#2733,#2734));
#689=EDGE_LOOP('',(#2735,#2736,#2737,#2738));
#690=EDGE_LOOP('',(#2739,#2740,#2741,#2742));
#691=EDGE_LOOP('',(#2743,#2744,#2745,#2746));
#692=EDGE_LOOP('',(#2747,#2748,#2749,#2750));
#693=EDGE_LOOP('',(#2751,#2752,#2753,#2754));
#694=EDGE_LOOP('',(#2755,#2756,#2757,#2758));
#695=EDGE_LOOP('',(#2759,#2760,#2761,#2762));
#696=EDGE_LOOP('',(#2763,#2764,#2765,#2766,#2767,#2768,#2769,#2770,#2771,
#2772,#2773,#2774,#2775,#2776,#2777,#2778));
#697=EDGE_LOOP('',(#2779));
#698=EDGE_LOOP('',(#2780,#2781,#2782,#2783));
#699=EDGE_LOOP('',(#2784,#2785,#2786,#2787));
#700=EDGE_LOOP('',(#2788,#2789,#2790,#2791));
#701=EDGE_LOOP('',(#2792,#2793,#2794,#2795));
#702=EDGE_LOOP('',(#2796,#2797,#2798,#2799));
#703=EDGE_LOOP('',(#2800,#2801,#2802,#2803));
#704=EDGE_LOOP('',(#2804,#2805,#2806,#2807));
#705=EDGE_LOOP('',(#2808,#2809,#2810,#2811,#2812));
#706=EDGE_LOOP('',(#2813,#2814,#2815,#2816));
#707=EDGE_LOOP('',(#2817,#2818,#2819,#2820));
#708=EDGE_LOOP('',(#2821,#2822,#2823,#2824));
#709=EDGE_LOOP('',(#2825,#2826,#2827,#2828));
#710=EDGE_LOOP('',(#2829,#2830,#2831,#2832));
#711=EDGE_LOOP('',(#2833,#2834,#2835,#2836));
#712=EDGE_LOOP('',(#2837,#2838,#2839,#2840));
#713=EDGE_LOOP('',(#2841,#2842,#2843,#2844));
#714=EDGE_LOOP('',(#2845,#2846,#2847,#2848));
#715=EDGE_LOOP('',(#2849,#2850,#2851,#2852));
#716=EDGE_LOOP('',(#2853,#2854,#2855,#2856));
#717=EDGE_LOOP('',(#2857,#2858,#2859,#2860,#2861));
#718=EDGE_LOOP('',(#2862,#2863,#2864,#2865));
#719=EDGE_LOOP('',(#2866,#2867,#2868,#2869));
#720=EDGE_LOOP('',(#2870,#2871,#2872,#2873));
#721=EDGE_LOOP('',(#2874,#2875,#2876,#2877));
#722=EDGE_LOOP('',(#2878,#2879,#2880,#2881));
#723=EDGE_LOOP('',(#2882,#2883,#2884,#2885,#2886,#2887));
#724=EDGE_LOOP('',(#2888,#2889,#2890,#2891));
#725=EDGE_LOOP('',(#2892,#2893,#2894,#2895));
#726=EDGE_LOOP('',(#2896,#2897,#2898,#2899));
#727=EDGE_LOOP('',(#2900,#2901,#2902,#2903));
#728=EDGE_LOOP('',(#2904,#2905,#2906,#2907));
#729=EDGE_LOOP('',(#2908,#2909,#2910,#2911));
#730=EDGE_LOOP('',(#2912,#2913,#2914,#2915));
#731=EDGE_LOOP('',(#2916,#2917,#2918,#2919));
#732=EDGE_LOOP('',(#2920,#2921,#2922,#2923));
#733=EDGE_LOOP('',(#2924,#2925,#2926,#2927,#2928,#2929));
#734=EDGE_LOOP('',(#2930,#2931,#2932,#2933,#2934,#2935,#2936,#2937,#2938,
#2939,#2940,#2941,#2942,#2943));
#735=EDGE_LOOP('',(#2944,#2945,#2946,#2947,#2948,#2949,#2950,#2951,#2952,
#2953,#2954,#2955,#2956,#2957,#2958));
#736=EDGE_LOOP('',(#2959,#2960,#2961,#2962,#2963,#2964));
#737=EDGE_LOOP('',(#2965,#2966,#2967,#2968,#2969,#2970));
#738=EDGE_LOOP('',(#2971,#2972,#2973,#2974,#2975,#2976));
#739=EDGE_LOOP('',(#2977,#2978,#2979,#2980,#2981,#2982));
#740=EDGE_LOOP('',(#2983,#2984,#2985,#2986,#2987,#2988));
#741=EDGE_LOOP('',(#2989,#2990,#2991,#2992));
#742=EDGE_LOOP('',(#2993,#2994,#2995,#2996));
#743=EDGE_LOOP('',(#2997,#2998,#2999,#3000));
#744=EDGE_LOOP('',(#3001,#3002,#3003,#3004));
#745=EDGE_LOOP('',(#3005,#3006,#3007,#3008));
#746=EDGE_LOOP('',(#3009,#3010,#3011,#3012));
#747=EDGE_LOOP('',(#3013,#3014,#3015,#3016));
#748=EDGE_LOOP('',(#3017,#3018,#3019,#3020));
#749=EDGE_LOOP('',(#3021,#3022,#3023,#3024));
#750=EDGE_LOOP('',(#3025,#3026,#3027,#3028,#3029,#3030));
#751=EDGE_LOOP('',(#3031,#3032,#3033,#3034,#3035,#3036));
#752=EDGE_LOOP('',(#3037,#3038,#3039,#3040));
#753=EDGE_LOOP('',(#3041,#3042,#3043,#3044));
#754=EDGE_LOOP('',(#3045,#3046,#3047,#3048));
#755=EDGE_LOOP('',(#3049,#3050,#3051,#3052,#3053,#3054));
#756=EDGE_LOOP('',(#3055,#3056,#3057,#3058));
#757=EDGE_LOOP('',(#3059,#3060,#3061,#3062,#3063,#3064));
#758=EDGE_LOOP('',(#3065,#3066,#3067,#3068,#3069,#3070));
#759=EDGE_LOOP('',(#3071,#3072,#3073,#3074,#3075,#3076));
#760=LINE('',#4569,#993);
#761=LINE('',#4576,#994);
#762=LINE('',#4594,#995);
#763=LINE('',#4617,#996);
#764=LINE('',#4640,#997);
#765=LINE('',#4663,#998);
#766=LINE('',#4686,#999);
#767=LINE('',#4709,#1000);
#768=LINE('',#4753,#1001);
#769=LINE('',#4760,#1002);
#770=LINE('',#4778,#1003);
#771=LINE('',#4801,#1004);
#772=LINE('',#4824,#1005);
#773=LINE('',#4847,#1006);
#774=LINE('',#4870,#1007);
#775=LINE('',#4893,#1008);
#776=LINE('',#4916,#1009);
#777=LINE('',#4939,#1010);
#778=LINE('',#4962,#1011);
#779=LINE('',#4985,#1012);
#780=LINE('',#5015,#1013);
#781=LINE('',#5017,#1014);
#782=LINE('',#5019,#1015);
#783=LINE('',#5020,#1016);
#784=LINE('',#5038,#1017);
#785=LINE('',#5061,#1018);
#786=LINE('',#5084,#1019);
#787=LINE('',#5107,#1020);
#788=LINE('',#5130,#1021);
#789=LINE('',#5138,#1022);
#790=LINE('',#5140,#1023);
#791=LINE('',#5141,#1024);
#792=LINE('',#5143,#1025);
#793=LINE('',#5144,#1026);
#794=LINE('',#5148,#1027);
#795=LINE('',#5150,#1028);
#796=LINE('',#5152,#1029);
#797=LINE('',#5153,#1030);
#798=LINE('',#5156,#1031);
#799=LINE('',#5158,#1032);
#800=LINE('',#5159,#1033);
#801=LINE('',#5177,#1034);
#802=LINE('',#5200,#1035);
#803=LINE('',#5223,#1036);
#804=LINE('',#5246,#1037);
#805=LINE('',#5254,#1038);
#806=LINE('',#5256,#1039);
#807=LINE('',#5257,#1040);
#808=LINE('',#5260,#1041);
#809=LINE('',#5262,#1042);
#810=LINE('',#5263,#1043);
#811=LINE('',#5266,#1044);
#812=LINE('',#5268,#1045);
#813=LINE('',#5269,#1046);
#814=LINE('',#5287,#1047);
#815=LINE('',#5310,#1048);
#816=LINE('',#5333,#1049);
#817=LINE('',#5356,#1050);
#818=LINE('',#5379,#1051);
#819=LINE('',#5402,#1052);
#820=LINE('',#5425,#1053);
#821=LINE('',#5433,#1054);
#822=LINE('',#5435,#1055);
#823=LINE('',#5436,#1056);
#824=LINE('',#5439,#1057);
#825=LINE('',#5441,#1058);
#826=LINE('',#5442,#1059);
#827=LINE('',#5444,#1060);
#828=LINE('',#5445,#1061);
#829=LINE('',#5450,#1062);
#830=LINE('',#5452,#1063);
#831=LINE('',#5454,#1064);
#832=LINE('',#5455,#1065);
#833=LINE('',#5473,#1066);
#834=LINE('',#5496,#1067);
#835=LINE('',#5504,#1068);
#836=LINE('',#5506,#1069);
#837=LINE('',#5507,#1070);
#838=LINE('',#5525,#1071);
#839=LINE('',#5548,#1072);
#840=LINE('',#5556,#1073);
#841=LINE('',#5558,#1074);
#842=LINE('',#5559,#1075);
#843=LINE('',#5562,#1076);
#844=LINE('',#5564,#1077);
#845=LINE('',#5565,#1078);
#846=LINE('',#5567,#1079);
#847=LINE('',#5568,#1080);
#848=LINE('',#5575,#1081);
#849=LINE('',#5579,#1082);
#850=LINE('',#5583,#1083);
#851=LINE('',#5587,#1084);
#852=LINE('',#5591,#1085);
#853=LINE('',#5595,#1086);
#854=LINE('',#5599,#1087);
#855=LINE('',#5602,#1088);
#856=LINE('',#5613,#1089);
#857=LINE('',#5621,#1090);
#858=LINE('',#5629,#1091);
#859=LINE('',#5637,#1092);
#860=LINE('',#5645,#1093);
#861=LINE('',#5653,#1094);
#862=LINE('',#5661,#1095);
#863=LINE('',#5667,#1096);
#864=LINE('',#5670,#1097);
#865=LINE('',#5672,#1098);
#866=LINE('',#5673,#1099);
#867=LINE('',#5676,#1100);
#868=LINE('',#5680,#1101);
#869=LINE('',#5681,#1102);
#870=LINE('',#5684,#1103);
#871=LINE('',#5688,#1104);
#872=LINE('',#5689,#1105);
#873=LINE('',#5692,#1106);
#874=LINE('',#5696,#1107);
#875=LINE('',#5697,#1108);
#876=LINE('',#5700,#1109);
#877=LINE('',#5725,#1110);
#878=LINE('',#5726,#1111);
#879=LINE('',#5738,#1112);
#880=LINE('',#5741,#1113);
#881=LINE('',#5743,#1114);
#882=LINE('',#5755,#1115);
#883=LINE('',#5756,#1116);
#884=LINE('',#5768,#1117);
#885=LINE('',#5771,#1118);
#886=LINE('',#5773,#1119);
#887=LINE('',#5785,#1120);
#888=LINE('',#5786,#1121);
#889=LINE('',#5804,#1122);
#890=LINE('',#5806,#1123);
#891=LINE('',#5810,#1124);
#892=LINE('',#5814,#1125);
#893=LINE('',#5815,#1126);
#894=LINE('',#5817,#1127);
#895=LINE('',#5819,#1128);
#896=LINE('',#5842,#1129);
#897=LINE('',#5843,#1130);
#898=LINE('',#5855,#1131);
#899=LINE('',#5857,#1132);
#900=LINE('',#5866,#1133);
#901=LINE('',#5876,#1134);
#902=LINE('',#5879,#1135);
#903=LINE('',#5891,#1136);
#904=LINE('',#5892,#1137);
#905=LINE('',#5909,#1138);
#906=LINE('',#5911,#1139);
#907=LINE('',#5925,#1140);
#908=LINE('',#5926,#1141);
#909=LINE('',#5936,#1142);
#910=LINE('',#5937,#1143);
#911=LINE('',#5945,#1144);
#912=LINE('',#5953,#1145);
#913=LINE('',#5961,#1146);
#914=LINE('',#5969,#1147);
#915=LINE('',#5980,#1148);
#916=LINE('',#5981,#1149);
#917=LINE('',#5989,#1150);
#918=LINE('',#5990,#1151);
#919=LINE('',#5992,#1152);
#920=LINE('',#5994,#1153);
#921=LINE('',#5996,#1154);
#922=LINE('',#5998,#1155);
#923=LINE('',#6000,#1156);
#924=LINE('',#6017,#1157);
#925=LINE('',#6018,#1158);
#926=LINE('',#6029,#1159);
#927=LINE('',#6030,#1160);
#928=LINE('',#6041,#1161);
#929=LINE('',#6042,#1162);
#930=LINE('',#6053,#1163);
#931=LINE('',#6055,#1164);
#932=LINE('',#6056,#1165);
#933=LINE('',#6067,#1166);
#934=LINE('',#6068,#1167);
#935=LINE('',#6079,#1168);
#936=LINE('',#6080,#1169);
#937=LINE('',#6091,#1170);
#938=LINE('',#6092,#1171);
#939=LINE('',#6103,#1172);
#940=LINE('',#6104,#1173);
#941=LINE('',#6115,#1174);
#942=LINE('',#6116,#1175);
#943=LINE('',#6127,#1176);
#944=LINE('',#6129,#1177);
#945=LINE('',#6130,#1178);
#946=LINE('',#6141,#1179);
#947=LINE('',#6142,#1180);
#948=LINE('',#6150,#1181);
#949=LINE('',#6151,#1182);
#950=LINE('',#6154,#1183);
#951=LINE('',#6156,#1184);
#952=LINE('',#6157,#1185);
#953=LINE('',#6160,#1186);
#954=LINE('',#6162,#1187);
#955=LINE('',#6164,#1188);
#956=LINE('',#6166,#1189);
#957=LINE('',#6168,#1190);
#958=LINE('',#6170,#1191);
#959=LINE('',#6172,#1192);
#960=LINE('',#6174,#1193);
#961=LINE('',#6176,#1194);
#962=LINE('',#6178,#1195);
#963=LINE('',#6180,#1196);
#964=LINE('',#6183,#1197);
#965=LINE('',#6186,#1198);
#966=LINE('',#6195,#1199);
#967=LINE('',#6196,#1200);
#968=LINE('',#6199,#1201);
#969=LINE('',#6203,#1202);
#970=LINE('',#6204,#1203);
#971=LINE('',#6207,#1204);
#972=LINE('',#6209,#1205);
#973=LINE('',#6211,#1206);
#974=LINE('',#6214,#1207);
#975=LINE('',#6216,#1208);
#976=LINE('',#6217,#1209);
#977=LINE('',#6219,#1210);
#978=LINE('',#6221,#1211);
#979=LINE('',#6223,#1212);
#980=LINE('',#6225,#1213);
#981=LINE('',#6227,#1214);
#982=LINE('',#6229,#1215);
#983=LINE('',#6231,#1216);
#984=LINE('',#6233,#1217);
#985=LINE('',#6235,#1218);
#986=LINE('',#6237,#1219);
#987=LINE('',#6238,#1220);
#988=LINE('',#6240,#1221);
#989=LINE('',#6242,#1222);
#990=LINE('',#6244,#1223);
#991=LINE('',#6247,#1224);
#992=LINE('',#6251,#1225);
#993=VECTOR('',#3659,10.);
#994=VECTOR('',#3660,10.);
#995=VECTOR('',#3661,10.);
#996=VECTOR('',#3662,10.);
#997=VECTOR('',#3663,10.);
#998=VECTOR('',#3664,10.);
#999=VECTOR('',#3665,10.);
#1000=VECTOR('',#3666,10.);
#1001=VECTOR('',#3667,10.);
#1002=VECTOR('',#3668,10.);
#1003=VECTOR('',#3669,10.);
#1004=VECTOR('',#3670,10.);
#1005=VECTOR('',#3671,10.);
#1006=VECTOR('',#3672,10.);
#1007=VECTOR('',#3673,10.);
#1008=VECTOR('',#3674,10.);
#1009=VECTOR('',#3675,10.);
#1010=VECTOR('',#3676,10.);
#1011=VECTOR('',#3677,10.);
#1012=VECTOR('',#3678,10.);
#1013=VECTOR('',#3683,10.);
#1014=VECTOR('',#3684,10.);
#1015=VECTOR('',#3685,10.);
#1016=VECTOR('',#3686,10.);
#1017=VECTOR('',#3687,10.);
#1018=VECTOR('',#3688,10.);
#1019=VECTOR('',#3689,10.);
#1020=VECTOR('',#3690,10.);
#1021=VECTOR('',#3691,10.);
#1022=VECTOR('',#3694,10.);
#1023=VECTOR('',#3695,10.);
#1024=VECTOR('',#3696,10.);
#1025=VECTOR('',#3699,10.);
#1026=VECTOR('',#3700,10.);
#1027=VECTOR('',#3703,10.);
#1028=VECTOR('',#3704,10.);
#1029=VECTOR('',#3705,10.);
#1030=VECTOR('',#3706,10.);
#1031=VECTOR('',#3709,10.);
#1032=VECTOR('',#3710,10.);
#1033=VECTOR('',#3711,10.);
#1034=VECTOR('',#3712,10.);
#1035=VECTOR('',#3713,10.);
#1036=VECTOR('',#3714,10.);
#1037=VECTOR('',#3715,10.);
#1038=VECTOR('',#3718,10.);
#1039=VECTOR('',#3719,10.);
#1040=VECTOR('',#3720,10.);
#1041=VECTOR('',#3723,10.);
#1042=VECTOR('',#3724,10.);
#1043=VECTOR('',#3725,10.);
#1044=VECTOR('',#3728,10.);
#1045=VECTOR('',#3729,10.);
#1046=VECTOR('',#3730,10.);
#1047=VECTOR('',#3731,10.);
#1048=VECTOR('',#3732,10.);
#1049=VECTOR('',#3733,10.);
#1050=VECTOR('',#3734,10.);
#1051=VECTOR('',#3735,10.);
#1052=VECTOR('',#3736,10.);
#1053=VECTOR('',#3737,10.);
#1054=VECTOR('',#3740,10.);
#1055=VECTOR('',#3741,10.);
#1056=VECTOR('',#3742,10.);
#1057=VECTOR('',#3745,10.);
#1058=VECTOR('',#3746,10.);
#1059=VECTOR('',#3747,10.);
#1060=VECTOR('',#3750,10.);
#1061=VECTOR('',#3751,10.);
#1062=VECTOR('',#3756,10.);
#1063=VECTOR('',#3757,10.);
#1064=VECTOR('',#3758,10.);
#1065=VECTOR('',#3759,10.);
#1066=VECTOR('',#3760,10.);
#1067=VECTOR('',#3761,10.);
#1068=VECTOR('',#3764,10.);
#1069=VECTOR('',#3765,10.);
#1070=VECTOR('',#3766,10.);
#1071=VECTOR('',#3767,10.);
#1072=VECTOR('',#3768,10.);
#1073=VECTOR('',#3771,10.);
#1074=VECTOR('',#3772,10.);
#1075=VECTOR('',#3773,10.);
#1076=VECTOR('',#3776,10.);
#1077=VECTOR('',#3777,10.);
#1078=VECTOR('',#3778,10.);
#1079=VECTOR('',#3781,10.);
#1080=VECTOR('',#3782,10.);
#1081=VECTOR('',#3789,10.);
#1082=VECTOR('',#3792,10.);
#1083=VECTOR('',#3795,10.);
#1084=VECTOR('',#3798,10.);
#1085=VECTOR('',#3801,10.);
#1086=VECTOR('',#3804,10.);
#1087=VECTOR('',#3807,10.);
#1088=VECTOR('',#3810,10.);
#1089=VECTOR('',#3825,10.);
#1090=VECTOR('',#3836,10.);
#1091=VECTOR('',#3847,10.);
#1092=VECTOR('',#3858,10.);
#1093=VECTOR('',#3869,10.);
#1094=VECTOR('',#3880,10.);
#1095=VECTOR('',#3891,10.);
#1096=VECTOR('',#3900,10.);
#1097=VECTOR('',#3903,10.);
#1098=VECTOR('',#3904,10.);
#1099=VECTOR('',#3905,10.);
#1100=VECTOR('',#3908,10.);
#1101=VECTOR('',#3913,10.);
#1102=VECTOR('',#3914,10.);
#1103=VECTOR('',#3917,10.);
#1104=VECTOR('',#3922,10.);
#1105=VECTOR('',#3923,10.);
#1106=VECTOR('',#3926,10.);
#1107=VECTOR('',#3931,10.);
#1108=VECTOR('',#3932,10.);
#1109=VECTOR('',#3935,10.);
#1110=VECTOR('',#3952,10.);
#1111=VECTOR('',#3953,10.);
#1112=VECTOR('',#3966,10.);
#1113=VECTOR('',#3969,10.);
#1114=VECTOR('',#3970,10.);
#1115=VECTOR('',#3985,10.);
#1116=VECTOR('',#3986,10.);
#1117=VECTOR('',#3999,10.);
#1118=VECTOR('',#4002,10.);
#1119=VECTOR('',#4003,10.);
#1120=VECTOR('',#4018,10.);
#1121=VECTOR('',#4019,10.);
#1122=VECTOR('',#4028,10.);
#1123=VECTOR('',#4029,10.);
#1124=VECTOR('',#4032,10.);
#1125=VECTOR('',#4035,10.);
#1126=VECTOR('',#4036,10.);
#1127=VECTOR('',#4039,10.);
#1128=VECTOR('',#4042,10.);
#1129=VECTOR('',#4055,10.);
#1130=VECTOR('',#4056,10.);
#1131=VECTOR('',#4071,10.);
#1132=VECTOR('',#4072,10.);
#1133=VECTOR('',#4085,10.);
#1134=VECTOR('',#4096,10.);
#1135=VECTOR('',#4099,10.);
#1136=VECTOR('',#4114,10.);
#1137=VECTOR('',#4115,10.);
#1138=VECTOR('',#4124,10.);
#1139=VECTOR('',#4127,10.);
#1140=VECTOR('',#4142,10.);
#1141=VECTOR('',#4143,10.);
#1142=VECTOR('',#4156,10.);
#1143=VECTOR('',#4157,10.);
#1144=VECTOR('',#4168,10.);
#1145=VECTOR('',#4179,10.);
#1146=VECTOR('',#4190,10.);
#1147=VECTOR('',#4201,10.);
#1148=VECTOR('',#4214,10.);
#1149=VECTOR('',#4215,10.);
#1150=VECTOR('',#4226,10.);
#1151=VECTOR('',#4227,10.);
#1152=VECTOR('',#4230,10.);
#1153=VECTOR('',#4233,10.);
#1154=VECTOR('',#4236,10.);
#1155=VECTOR('',#4239,10.);
#1156=VECTOR('',#4242,10.);
#1157=VECTOR('',#4261,10.);
#1158=VECTOR('',#4262,10.);
#1159=VECTOR('',#4275,10.);
#1160=VECTOR('',#4276,10.);
#1161=VECTOR('',#4289,10.);
#1162=VECTOR('',#4290,10.);
#1163=VECTOR('',#4303,10.);
#1164=VECTOR('',#4304,10.);
#1165=VECTOR('',#4305,10.);
#1166=VECTOR('',#4318,10.);
#1167=VECTOR('',#4319,10.);
#1168=VECTOR('',#4332,10.);
#1169=VECTOR('',#4333,10.);
#1170=VECTOR('',#4346,10.);
#1171=VECTOR('',#4347,10.);
#1172=VECTOR('',#4360,10.);
#1173=VECTOR('',#4361,10.);
#1174=VECTOR('',#4374,10.);
#1175=VECTOR('',#4375,10.);
#1176=VECTOR('',#4388,10.);
#1177=VECTOR('',#4389,10.);
#1178=VECTOR('',#4390,10.);
#1179=VECTOR('',#4403,10.);
#1180=VECTOR('',#4404,10.);
#1181=VECTOR('',#4415,10.);
#1182=VECTOR('',#4416,10.);
#1183=VECTOR('',#4419,10.);
#1184=VECTOR('',#4420,10.);
#1185=VECTOR('',#4421,10.);
#1186=VECTOR('',#4424,10.);
#1187=VECTOR('',#4427,10.);
#1188=VECTOR('',#4430,10.);
#1189=VECTOR('',#4433,10.);
#1190=VECTOR('',#4436,10.);
#1191=VECTOR('',#4439,10.);
#1192=VECTOR('',#4442,10.);
#1193=VECTOR('',#4445,10.);
#1194=VECTOR('',#4448,10.);
#1195=VECTOR('',#4451,10.);
#1196=VECTOR('',#4454,10.);
#1197=VECTOR('',#4457,10.);
#1198=VECTOR('',#4460,10.);
#1199=VECTOR('',#4473,10.);
#1200=VECTOR('',#4474,10.);
#1201=VECTOR('',#4477,10.);
#1202=VECTOR('',#4480,10.);
#1203=VECTOR('',#4481,10.);
#1204=VECTOR('',#4484,10.);
#1205=VECTOR('',#4485,10.);
#1206=VECTOR('',#4486,10.);
#1207=VECTOR('',#4491,10.);
#1208=VECTOR('',#4494,10.);
#1209=VECTOR('',#4495,10.);
#1210=VECTOR('',#4498,10.);
#1211=VECTOR('',#4501,10.);
#1212=VECTOR('',#4504,10.);
#1213=VECTOR('',#4507,10.);
#1214=VECTOR('',#4510,10.);
#1215=VECTOR('',#4513,10.);
#1216=VECTOR('',#4516,10.);
#1217=VECTOR('',#4519,10.);
#1218=VECTOR('',#4522,10.);
#1219=VECTOR('',#4525,10.);
#1220=VECTOR('',#4526,10.);
#1221=VECTOR('',#4529,10.);
#1222=VECTOR('',#4532,10.);
#1223=VECTOR('',#4535,10.);
#1224=VECTOR('',#4540,2.25);
#1225=VECTOR('',#4547,10.);
#1226=B_SPLINE_CURVE_WITH_KNOTS('',3,(#4563,#4564,#4565,#4566,#4567),
 .UNSPECIFIED.,.F.,.F.,(4,1,4),(0.,0.00976703688472757,0.0197412904504758),
 .UNSPECIFIED.);
#1227=B_SPLINE_CURVE_WITH_KNOTS('',3,(#4571,#4572,#4573,#4574,#4575),
 .UNSPECIFIED.,.F.,.F.,(4,1,4),(0.,0.00976703688472757,0.0197412904504758),
 .UNSPECIFIED.);
#1228=B_SPLINE_CURVE_WITH_KNOTS('',3,(#4588,#4589,#4590,#4591,#4592),
 .UNSPECIFIED.,.F.,.F.,(4,1,4),(0.,0.0111064691605013,0.0212864832338524),
 .UNSPECIFIED.);
#1229=B_SPLINE_CURVE_WITH_KNOTS('',3,(#4595,#4596,#4597,#4598,#4599),
 .UNSPECIFIED.,.F.,.F.,(4,1,4),(0.,0.0111064691605013,0.0212864832338524),
 .UNSPECIFIED.);
#1230=B_SPLINE_CURVE_WITH_KNOTS('',3,(#4611,#4612,#4613,#4614,#4615),
 .UNSPECIFIED.,.F.,.F.,(4,1,4),(0.,0.0257494694541629,0.042000760939965),
 .UNSPECIFIED.);
#1231=B_SPLINE_CURVE_WITH_KNOTS('',3,(#4618,#4619,#4620,#4621,#4622),
 .UNSPECIFIED.,.F.,.F.,(4,1,4),(0.,0.0257494694541629,0.042000760939965),
 .UNSPECIFIED.);
#1232=B_SPLINE_CURVE_WITH_KNOTS('',3,(#4634,#4635,#4636,#4637,#4638),
 .UNSPECIFIED.,.F.,.F.,(4,1,4),(0.,0.0162713962295809,0.041914539871522),
 .UNSPECIFIED.);
#1233=B_SPLINE_CURVE_WITH_KNOTS('',3,(#4641,#4642,#4643,#4644,#4645),
 .UNSPECIFIED.,.F.,.F.,(4,1,4),(0.,0.0162713962295809,0.041914539871522),
 .UNSPECIFIED.);
#1234=B_SPLINE_CURVE_WITH_KNOTS('',3,(#4657,#4658,#4659,#4660,#4661),
 .UNSPECIFIED.,.F.,.F.,(4,1,4),(0.,0.0100615858342966,0.0211810937201795),
 .UNSPECIFIED.);
#1235=B_SPLINE_CURVE_WITH_KNOTS('',3,(#4664,#4665,#4666,#4667,#4668),
 .UNSPECIFIED.,.F.,.F.,(4,1,4),(0.,0.0100615858342966,0.0211810937201795),
 .UNSPECIFIED.);
#1236=B_SPLINE_CURVE_WITH_KNOTS('',3,(#4680,#4681,#4682,#4683,#4684),
 .UNSPECIFIED.,.F.,.F.,(4,1,4),(0.,0.0110974413785038,0.0211562949870701),
 .UNSPECIFIED.);
#1237=B_SPLINE_CURVE_WITH_KNOTS('',3,(#4687,#4688,#4689,#4690,#4691),
 .UNSPECIFIED.,.F.,.F.,(4,1,4),(0.,0.0110974413785038,0.0211562949870701),
 .UNSPECIFIED.);
#1238=B_SPLINE_CURVE_WITH_KNOTS('',3,(#4703,#4704,#4705,#4706,#4707),
 .UNSPECIFIED.,.F.,.F.,(4,1,4),(0.,0.0256963062764921,0.0419576462348978),
 .UNSPECIFIED.);
#1239=B_SPLINE_CURVE_WITH_KNOTS('',3,(#4710,#4711,#4712,#4713,#4714),
 .UNSPECIFIED.,.F.,.F.,(4,1,4),(0.,0.0256963062764921,0.0419576462348978),
 .UNSPECIFIED.);
#1240=B_SPLINE_CURVE_WITH_KNOTS('',3,(#4725,#4726,#4727,#4728,#4729),
 .UNSPECIFIED.,.F.,.F.,(4,1,4),(0.,0.0173177418608379,0.0433355705326137),
 .UNSPECIFIED.);
#1241=B_SPLINE_CURVE_WITH_KNOTS('',3,(#4730,#4731,#4732,#4733,#4734),
 .UNSPECIFIED.,.F.,.F.,(4,1,4),(0.,0.0173177418608379,0.0433355705326137),
 .UNSPECIFIED.);
#1242=B_SPLINE_CURVE_WITH_KNOTS('',3,(#4747,#4748,#4749,#4750,#4751),
 .UNSPECIFIED.,.F.,.F.,(4,1,4),(0.,0.0164586673901533,0.0321021415742544),
 .UNSPECIFIED.);
#1243=B_SPLINE_CURVE_WITH_KNOTS('',3,(#4755,#4756,#4757,#4758,#4759),
 .UNSPECIFIED.,.F.,.F.,(4,1,4),(0.,0.0164586673901533,0.0321021415742544),
 .UNSPECIFIED.);
#1244=B_SPLINE_CURVE_WITH_KNOTS('',3,(#4772,#4773,#4774,#4775,#4776),
 .UNSPECIFIED.,.F.,.F.,(4,1,4),(0.,0.0115846544535216,0.0242642201004652),
 .UNSPECIFIED.);
#1245=B_SPLINE_CURVE_WITH_KNOTS('',3,(#4779,#4780,#4781,#4782,#4783),
 .UNSPECIFIED.,.F.,.F.,(4,1,4),(0.,0.0115846544535216,0.0242642201004652),
 .UNSPECIFIED.);
#1246=B_SPLINE_CURVE_WITH_KNOTS('',3,(#4795,#4796,#4797,#4798,#4799),
 .UNSPECIFIED.,.F.,.F.,(4,1,4),(0.,0.0132403515752341,0.0251328493315245),
 .UNSPECIFIED.);
#1247=B_SPLINE_CURVE_WITH_KNOTS('',3,(#4802,#4803,#4804,#4805,#4806),
 .UNSPECIFIED.,.F.,.F.,(4,1,4),(0.,0.0132403515752341,0.0251328493315245),
 .UNSPECIFIED.);
#1248=B_SPLINE_CURVE_WITH_KNOTS('',3,(#4818,#4819,#4820,#4821,#4822),
 .UNSPECIFIED.,.F.,.F.,(4,1,4),(0.,0.0199097227871096,0.0359085113504695),
 .UNSPECIFIED.);
#1249=B_SPLINE_CURVE_WITH_KNOTS('',3,(#4825,#4826,#4827,#4828,#4829),
 .UNSPECIFIED.,.F.,.F.,(4,1,4),(0.,0.0199097227871096,0.0359085113504695),
 .UNSPECIFIED.);
#1250=B_SPLINE_CURVE_WITH_KNOTS('',3,(#4841,#4842,#4843,#4844,#4845),
 .UNSPECIFIED.,.F.,.F.,(4,1,4),(0.,0.0130364537884136,0.0297314467360748),
 .UNSPECIFIED.);
#1251=B_SPLINE_CURVE_WITH_KNOTS('',3,(#4848,#4849,#4850,#4851,#4852),
 .UNSPECIFIED.,.F.,.F.,(4,1,4),(0.,0.0130364537884136,0.0297314467360748),
 .UNSPECIFIED.);
#1252=B_SPLINE_CURVE_WITH_KNOTS('',3,(#4864,#4865,#4866,#4867,#4868),
 .UNSPECIFIED.,.F.,.F.,(4,1,4),(0.,0.00954391951767482,0.0202080260040863),
 .UNSPECIFIED.);
#1253=B_SPLINE_CURVE_WITH_KNOTS('',3,(#4871,#4872,#4873,#4874,#4875),
 .UNSPECIFIED.,.F.,.F.,(4,1,4),(0.,0.00954391951767482,0.0202080260040863),
 .UNSPECIFIED.);
#1254=B_SPLINE_CURVE_WITH_KNOTS('',3,(#4887,#4888,#4889,#4890,#4891),
 .UNSPECIFIED.,.F.,.F.,(4,1,4),(0.,0.00851189753704646,0.0172756750216796),
 .UNSPECIFIED.);
#1255=B_SPLINE_CURVE_WITH_KNOTS('',3,(#4894,#4895,#4896,#4897,#4898),
 .UNSPECIFIED.,.F.,.F.,(4,1,4),(0.,0.00851189753704646,0.0172756750216796),
 .UNSPECIFIED.);
#1256=B_SPLINE_CURVE_WITH_KNOTS('',3,(#4910,#4911,#4912,#4913,#4914),
 .UNSPECIFIED.,.F.,.F.,(4,1,4),(0.,0.00949738120996036,0.0182483662556701),
 .UNSPECIFIED.);
#1257=B_SPLINE_CURVE_WITH_KNOTS('',3,(#4917,#4918,#4919,#4920,#4921),
 .UNSPECIFIED.,.F.,.F.,(4,1,4),(0.,0.00949738120996036,0.0182483662556701),
 .UNSPECIFIED.);
#1258=B_SPLINE_CURVE_WITH_KNOTS('',3,(#4933,#4934,#4935,#4936,#4937),
 .UNSPECIFIED.,.F.,.F.,(4,1,4),(0.,0.0115506134241869,0.0241653243580387),
 .UNSPECIFIED.);
#1259=B_SPLINE_CURVE_WITH_KNOTS('',3,(#4940,#4941,#4942,#4943,#4944),
 .UNSPECIFIED.,.F.,.F.,(4,1,4),(0.,0.0115506134241869,0.0241653243580387),
 .UNSPECIFIED.);
#1260=B_SPLINE_CURVE_WITH_KNOTS('',3,(#4956,#4957,#4958,#4959,#4960),
 .UNSPECIFIED.,.F.,.F.,(4,1,4),(0.,0.0132443644126271,0.0251200306008928),
 .UNSPECIFIED.);
#1261=B_SPLINE_CURVE_WITH_KNOTS('',3,(#4963,#4964,#4965,#4966,#4967),
 .UNSPECIFIED.,.F.,.F.,(4,1,4),(0.,0.0132443644126271,0.0251200306008928),
 .UNSPECIFIED.);
#1262=B_SPLINE_CURVE_WITH_KNOTS('',3,(#4979,#4980,#4981,#4982,#4983),
 .UNSPECIFIED.,.F.,.F.,(4,1,4),(0.,0.0200380265256948,0.0360852631792614),
 .UNSPECIFIED.);
#1263=B_SPLINE_CURVE_WITH_KNOTS('',3,(#4986,#4987,#4988,#4989,#4990),
 .UNSPECIFIED.,.F.,.F.,(4,1,4),(0.,0.0200380265256948,0.0360852631792614),
 .UNSPECIFIED.);
#1264=B_SPLINE_CURVE_WITH_KNOTS('',3,(#5001,#5002,#5003,#5004,#5005),
 .UNSPECIFIED.,.F.,.F.,(4,1,4),(0.,0.022505529212879,0.0529747820792767),
 .UNSPECIFIED.);
#1265=B_SPLINE_CURVE_WITH_KNOTS('',3,(#5006,#5007,#5008,#5009,#5010),
 .UNSPECIFIED.,.F.,.F.,(4,1,4),(0.,0.022505529212879,0.0529747820792767),
 .UNSPECIFIED.);
#1266=B_SPLINE_CURVE_WITH_KNOTS('',3,(#5032,#5033,#5034,#5035,#5036),
 .UNSPECIFIED.,.F.,.F.,(4,1,4),(0.,0.00934315730801012,0.0214607820571428),
 .UNSPECIFIED.);
#1267=B_SPLINE_CURVE_WITH_KNOTS('',3,(#5039,#5040,#5041,#5042,#5043),
 .UNSPECIFIED.,.F.,.F.,(4,1,4),(0.,0.00934315730801012,0.0214607820571428),
 .UNSPECIFIED.);
#1268=B_SPLINE_CURVE_WITH_KNOTS('',3,(#5055,#5056,#5057,#5058,#5059),
 .UNSPECIFIED.,.F.,.F.,(4,1,4),(0.,0.0082376960282685,0.0163359420850497),
 .UNSPECIFIED.);
#1269=B_SPLINE_CURVE_WITH_KNOTS('',3,(#5062,#5063,#5064,#5065,#5066),
 .UNSPECIFIED.,.F.,.F.,(4,1,4),(0.,0.0082376960282685,0.0163359420850497),
 .UNSPECIFIED.);
#1270=B_SPLINE_CURVE_WITH_KNOTS('',3,(#5078,#5079,#5080,#5081,#5082),
 .UNSPECIFIED.,.F.,.F.,(4,1,4),(0.,0.00593217090514169,0.0118212132577131),
 .UNSPECIFIED.);
#1271=B_SPLINE_CURVE_WITH_KNOTS('',3,(#5085,#5086,#5087,#5088,#5089),
 .UNSPECIFIED.,.F.,.F.,(4,1,4),(0.,0.00593217090514169,0.0118212132577131),
 .UNSPECIFIED.);
#1272=B_SPLINE_CURVE_WITH_KNOTS('',3,(#5101,#5102,#5103,#5104,#5105),
 .UNSPECIFIED.,.F.,.F.,(4,1,4),(0.,0.00640011585511552,0.0124498249997717),
 .UNSPECIFIED.);
#1273=B_SPLINE_CURVE_WITH_KNOTS('',3,(#5108,#5109,#5110,#5111,#5112),
 .UNSPECIFIED.,.F.,.F.,(4,1,4),(0.,0.00640011585511552,0.0124498249997717),
 .UNSPECIFIED.);
#1274=B_SPLINE_CURVE_WITH_KNOTS('',3,(#5124,#5125,#5126,#5127,#5128),
 .UNSPECIFIED.,.F.,.F.,(4,1,4),(0.,0.0101210209530693,0.0179523354649261),
 .UNSPECIFIED.);
#1275=B_SPLINE_CURVE_WITH_KNOTS('',3,(#5131,#5132,#5133,#5134,#5135),
 .UNSPECIFIED.,.F.,.F.,(4,1,4),(0.,0.0101210209530693,0.0179523354649261),
 .UNSPECIFIED.);
#1276=B_SPLINE_CURVE_WITH_KNOTS('',3,(#5171,#5172,#5173,#5174,#5175),
 .UNSPECIFIED.,.F.,.F.,(4,1,4),(0.,0.0037359931924619,0.00923767795483527),
 .UNSPECIFIED.);
#1277=B_SPLINE_CURVE_WITH_KNOTS('',3,(#5178,#5179,#5180,#5181,#5182),
 .UNSPECIFIED.,.F.,.F.,(4,1,4),(0.,0.0037359931924619,0.00923767795483527),
 .UNSPECIFIED.);
#1278=B_SPLINE_CURVE_WITH_KNOTS('',3,(#5194,#5195,#5196,#5197,#5198),
 .UNSPECIFIED.,.F.,.F.,(4,1,4),(0.,0.00425398608042415,0.00827504390441153),
 .UNSPECIFIED.);
#1279=B_SPLINE_CURVE_WITH_KNOTS('',3,(#5201,#5202,#5203,#5204,#5205),
 .UNSPECIFIED.,.F.,.F.,(4,1,4),(0.,0.00425398608042415,0.00827504390441153),
 .UNSPECIFIED.);
#1280=B_SPLINE_CURVE_WITH_KNOTS('',3,(#5217,#5218,#5219,#5220,#5221),
 .UNSPECIFIED.,.F.,.F.,(4,1,4),(0.,0.00674478260592424,0.0118840758675873),
 .UNSPECIFIED.);
#1281=B_SPLINE_CURVE_WITH_KNOTS('',3,(#5224,#5225,#5226,#5227,#5228),
 .UNSPECIFIED.,.F.,.F.,(4,1,4),(0.,0.00674478260592424,0.0118840758675873),
 .UNSPECIFIED.);
#1282=B_SPLINE_CURVE_WITH_KNOTS('',3,(#5240,#5241,#5242,#5243,#5244),
 .UNSPECIFIED.,.F.,.F.,(4,1,4),(0.,0.0119306799755984,0.0209610347748648),
 .UNSPECIFIED.);
#1283=B_SPLINE_CURVE_WITH_KNOTS('',3,(#5247,#5248,#5249,#5250,#5251),
 .UNSPECIFIED.,.F.,.F.,(4,1,4),(0.,0.0119306799755984,0.0209610347748648),
 .UNSPECIFIED.);
#1284=B_SPLINE_CURVE_WITH_KNOTS('',3,(#5281,#5282,#5283,#5284,#5285),
 .UNSPECIFIED.,.F.,.F.,(4,1,4),(0.,0.0102842305724517,0.02160429089959),
 .UNSPECIFIED.);
#1285=B_SPLINE_CURVE_WITH_KNOTS('',3,(#5288,#5289,#5290,#5291,#5292),
 .UNSPECIFIED.,.F.,.F.,(4,1,4),(0.,0.0102842305724517,0.02160429089959),
 .UNSPECIFIED.);
#1286=B_SPLINE_CURVE_WITH_KNOTS('',3,(#5304,#5305,#5306,#5307,#5308),
 .UNSPECIFIED.,.F.,.F.,(4,1,4),(0.,0.00657193517637566,0.0117861441749904),
 .UNSPECIFIED.);
#1287=B_SPLINE_CURVE_WITH_KNOTS('',3,(#5311,#5312,#5313,#5314,#5315),
 .UNSPECIFIED.,.F.,.F.,(4,1,4),(0.,0.00657193517637566,0.0117861441749904),
 .UNSPECIFIED.);
#1288=B_SPLINE_CURVE_WITH_KNOTS('',3,(#5327,#5328,#5329,#5330,#5331),
 .UNSPECIFIED.,.F.,.F.,(4,1,4),(0.,0.0132556390937902,0.0294392555290473),
 .UNSPECIFIED.);
#1289=B_SPLINE_CURVE_WITH_KNOTS('',3,(#5334,#5335,#5336,#5337,#5338),
 .UNSPECIFIED.,.F.,.F.,(4,1,4),(0.,0.0132556390937902,0.0294392555290473),
 .UNSPECIFIED.);
#1290=B_SPLINE_CURVE_WITH_KNOTS('',3,(#5350,#5351,#5352,#5353,#5354),
 .UNSPECIFIED.,.F.,.F.,(4,1,4),(0.,0.0124446471536056,0.0244905905001925),
 .UNSPECIFIED.);
#1291=B_SPLINE_CURVE_WITH_KNOTS('',3,(#5357,#5358,#5359,#5360,#5361),
 .UNSPECIFIED.,.F.,.F.,(4,1,4),(0.,0.0124446471536056,0.0244905905001925),
 .UNSPECIFIED.);
#1292=B_SPLINE_CURVE_WITH_KNOTS('',3,(#5373,#5374,#5375,#5376,#5377),
 .UNSPECIFIED.,.F.,.F.,(4,1,4),(0.,0.0097854097677165,0.0197402440563595),
 .UNSPECIFIED.);
#1293=B_SPLINE_CURVE_WITH_KNOTS('',3,(#5380,#5381,#5382,#5383,#5384),
 .UNSPECIFIED.,.F.,.F.,(4,1,4),(0.,0.0097854097677165,0.0197402440563595),
 .UNSPECIFIED.);
#1294=B_SPLINE_CURVE_WITH_KNOTS('',3,(#5396,#5397,#5398,#5399,#5400),
 .UNSPECIFIED.,.F.,.F.,(4,1,4),(0.,0.00910471144599346,0.0185536054151655),
 .UNSPECIFIED.);
#1295=B_SPLINE_CURVE_WITH_KNOTS('',3,(#5403,#5404,#5405,#5406,#5407),
 .UNSPECIFIED.,.F.,.F.,(4,1,4),(0.,0.00910471144599346,0.0185536054151655),
 .UNSPECIFIED.);
#1296=B_SPLINE_CURVE_WITH_KNOTS('',3,(#5419,#5420,#5421,#5422,#5423),
 .UNSPECIFIED.,.F.,.F.,(4,1,4),(0.,0.0147324807837245,0.0257274596382798),
 .UNSPECIFIED.);
#1297=B_SPLINE_CURVE_WITH_KNOTS('',3,(#5426,#5427,#5428,#5429,#5430),
 .UNSPECIFIED.,.F.,.F.,(4,1,4),(0.,0.0147324807837245,0.0257274596382798),
 .UNSPECIFIED.);
#1298=B_SPLINE_CURVE_WITH_KNOTS('',3,(#5467,#5468,#5469,#5470,#5471),
 .UNSPECIFIED.,.F.,.F.,(4,1,4),(0.,0.0118186493023293,0.0216684492588672),
 .UNSPECIFIED.);
#1299=B_SPLINE_CURVE_WITH_KNOTS('',3,(#5474,#5475,#5476,#5477,#5478),
 .UNSPECIFIED.,.F.,.F.,(4,1,4),(0.,0.0118186493023293,0.0216684492588672),
 .UNSPECIFIED.);
#1300=B_SPLINE_CURVE_WITH_KNOTS('',3,(#5490,#5491,#5492,#5493,#5494),
 .UNSPECIFIED.,.F.,.F.,(4,1,4),(0.,0.0137974280611578,0.0269373931265973),
 .UNSPECIFIED.);
#1301=B_SPLINE_CURVE_WITH_KNOTS('',3,(#5497,#5498,#5499,#5500,#5501),
 .UNSPECIFIED.,.F.,.F.,(4,1,4),(0.,0.0137974280611578,0.0269373931265973),
 .UNSPECIFIED.);
#1302=B_SPLINE_CURVE_WITH_KNOTS('',3,(#5519,#5520,#5521,#5522,#5523),
 .UNSPECIFIED.,.F.,.F.,(4,1,4),(0.,0.00970987907097714,0.0180159677895797),
 .UNSPECIFIED.);
#1303=B_SPLINE_CURVE_WITH_KNOTS('',3,(#5526,#5527,#5528,#5529,#5530),
 .UNSPECIFIED.,.F.,.F.,(4,1,4),(0.,0.00970987907097714,0.0180159677895797),
 .UNSPECIFIED.);
#1304=B_SPLINE_CURVE_WITH_KNOTS('',3,(#5542,#5543,#5544,#5545,#5546),
 .UNSPECIFIED.,.F.,.F.,(4,1,4),(0.,0.00830534775267828,0.018004856898607),
 .UNSPECIFIED.);
#1305=B_SPLINE_CURVE_WITH_KNOTS('',3,(#5549,#5550,#5551,#5552,#5553),
 .UNSPECIFIED.,.F.,.F.,(4,1,4),(0.,0.00830534775267828,0.018004856898607),
 .UNSPECIFIED.);
#1306=B_SPLINE_CURVE_WITH_KNOTS('',3,(#5710,#5711,#5712,#5713,#5714,#5715,
#5716,#5717,#5718,#5719),.UNSPECIFIED.,.F.,.F.,(4,2,2,2,4),(0.0243126984787062,
0.0265080161275495,0.028514207184333,0.0303872220306406,0.032177822858392),
 .UNSPECIFIED.);
#1307=B_SPLINE_CURVE_WITH_KNOTS('',3,(#5790,#5791,#5792,#5793,#5794,#5795,
#5796,#5797,#5798,#5799),.UNSPECIFIED.,.F.,.F.,(4,2,2,2,4),(0.,0.00179060082775139,
0.00366361567405896,0.00566980673084252,0.00786512437968573),
 .UNSPECIFIED.);
#1308=B_SPLINE_CURVE_WITH_KNOTS('',3,(#5827,#5828,#5829,#5830,#5831,#5832,
#5833,#5834,#5835,#5836),.UNSPECIFIED.,.F.,.F.,(4,2,2,2,4),(0.0243126984787062,
0.0265080161275494,0.028514207184333,0.0303872220306405,0.0321778228583919),
 .UNSPECIFIED.);
#1309=B_SPLINE_CURVE_WITH_KNOTS('',3,(#5896,#5897,#5898,#5899,#5900,#5901,
#5902,#5903,#5904,#5905),.UNSPECIFIED.,.F.,.F.,(4,2,2,2,4),(0.,0.00179060082775141,
0.00366361567405894,0.00566980673084251,0.0078651243796857),
 .UNSPECIFIED.);
#1310=VERTEX_POINT('',#4561);
#1311=VERTEX_POINT('',#4562);
#1312=VERTEX_POINT('',#4568);
#1313=VERTEX_POINT('',#4570);
#1314=VERTEX_POINT('',#4587);
#1315=VERTEX_POINT('',#4593);
#1316=VERTEX_POINT('',#4610);
#1317=VERTEX_POINT('',#4616);
#1318=VERTEX_POINT('',#4633);
#1319=VERTEX_POINT('',#4639);
#1320=VERTEX_POINT('',#4656);
#1321=VERTEX_POINT('',#4662);
#1322=VERTEX_POINT('',#4679);
#1323=VERTEX_POINT('',#4685);
#1324=VERTEX_POINT('',#4702);
#1325=VERTEX_POINT('',#4708);
#1326=VERTEX_POINT('',#4745);
#1327=VERTEX_POINT('',#4746);
#1328=VERTEX_POINT('',#4752);
#1329=VERTEX_POINT('',#4754);
#1330=VERTEX_POINT('',#4771);
#1331=VERTEX_POINT('',#4777);
#1332=VERTEX_POINT('',#4794);
#1333=VERTEX_POINT('',#4800);
#1334=VERTEX_POINT('',#4817);
#1335=VERTEX_POINT('',#4823);
#1336=VERTEX_POINT('',#4840);
#1337=VERTEX_POINT('',#4846);
#1338=VERTEX_POINT('',#4863);
#1339=VERTEX_POINT('',#4869);
#1340=VERTEX_POINT('',#4886);
#1341=VERTEX_POINT('',#4892);
#1342=VERTEX_POINT('',#4909);
#1343=VERTEX_POINT('',#4915);
#1344=VERTEX_POINT('',#4932);
#1345=VERTEX_POINT('',#4938);
#1346=VERTEX_POINT('',#4955);
#1347=VERTEX_POINT('',#4961);
#1348=VERTEX_POINT('',#4978);
#1349=VERTEX_POINT('',#4984);
#1350=VERTEX_POINT('',#5013);
#1351=VERTEX_POINT('',#5014);
#1352=VERTEX_POINT('',#5016);
#1353=VERTEX_POINT('',#5018);
#1354=VERTEX_POINT('',#5031);
#1355=VERTEX_POINT('',#5037);
#1356=VERTEX_POINT('',#5054);
#1357=VERTEX_POINT('',#5060);
#1358=VERTEX_POINT('',#5077);
#1359=VERTEX_POINT('',#5083);
#1360=VERTEX_POINT('',#5100);
#1361=VERTEX_POINT('',#5106);
#1362=VERTEX_POINT('',#5123);
#1363=VERTEX_POINT('',#5129);
#1364=VERTEX_POINT('',#5137);
#1365=VERTEX_POINT('',#5139);
#1366=VERTEX_POINT('',#5146);
#1367=VERTEX_POINT('',#5147);
#1368=VERTEX_POINT('',#5149);
#1369=VERTEX_POINT('',#5151);
#1370=VERTEX_POINT('',#5155);
#1371=VERTEX_POINT('',#5157);
#1372=VERTEX_POINT('',#5170);
#1373=VERTEX_POINT('',#5176);
#1374=VERTEX_POINT('',#5193);
#1375=VERTEX_POINT('',#5199);
#1376=VERTEX_POINT('',#5216);
#1377=VERTEX_POINT('',#5222);
#1378=VERTEX_POINT('',#5239);
#1379=VERTEX_POINT('',#5245);
#1380=VERTEX_POINT('',#5253);
#1381=VERTEX_POINT('',#5255);
#1382=VERTEX_POINT('',#5259);
#1383=VERTEX_POINT('',#5261);
#1384=VERTEX_POINT('',#5265);
#1385=VERTEX_POINT('',#5267);
#1386=VERTEX_POINT('',#5280);
#1387=VERTEX_POINT('',#5286);
#1388=VERTEX_POINT('',#5303);
#1389=VERTEX_POINT('',#5309);
#1390=VERTEX_POINT('',#5326);
#1391=VERTEX_POINT('',#5332);
#1392=VERTEX_POINT('',#5349);
#1393=VERTEX_POINT('',#5355);
#1394=VERTEX_POINT('',#5372);
#1395=VERTEX_POINT('',#5378);
#1396=VERTEX_POINT('',#5395);
#1397=VERTEX_POINT('',#5401);
#1398=VERTEX_POINT('',#5418);
#1399=VERTEX_POINT('',#5424);
#1400=VERTEX_POINT('',#5432);
#1401=VERTEX_POINT('',#5434);
#1402=VERTEX_POINT('',#5438);
#1403=VERTEX_POINT('',#5440);
#1404=VERTEX_POINT('',#5448);
#1405=VERTEX_POINT('',#5449);
#1406=VERTEX_POINT('',#5451);
#1407=VERTEX_POINT('',#5453);
#1408=VERTEX_POINT('',#5466);
#1409=VERTEX_POINT('',#5472);
#1410=VERTEX_POINT('',#5489);
#1411=VERTEX_POINT('',#5495);
#1412=VERTEX_POINT('',#5503);
#1413=VERTEX_POINT('',#5505);
#1414=VERTEX_POINT('',#5518);
#1415=VERTEX_POINT('',#5524);
#1416=VERTEX_POINT('',#5541);
#1417=VERTEX_POINT('',#5547);
#1418=VERTEX_POINT('',#5555);
#1419=VERTEX_POINT('',#5557);
#1420=VERTEX_POINT('',#5561);
#1421=VERTEX_POINT('',#5563);
#1422=VERTEX_POINT('',#5571);
#1423=VERTEX_POINT('',#5572);
#1424=VERTEX_POINT('',#5574);
#1425=VERTEX_POINT('',#5576);
#1426=VERTEX_POINT('',#5578);
#1427=VERTEX_POINT('',#5580);
#1428=VERTEX_POINT('',#5582);
#1429=VERTEX_POINT('',#5584);
#1430=VERTEX_POINT('',#5586);
#1431=VERTEX_POINT('',#5588);
#1432=VERTEX_POINT('',#5590);
#1433=VERTEX_POINT('',#5592);
#1434=VERTEX_POINT('',#5594);
#1435=VERTEX_POINT('',#5596);
#1436=VERTEX_POINT('',#5598);
#1437=VERTEX_POINT('',#5600);
#1438=VERTEX_POINT('',#5605);
#1439=VERTEX_POINT('',#5607);
#1440=VERTEX_POINT('',#5611);
#1441=VERTEX_POINT('',#5615);
#1442=VERTEX_POINT('',#5619);
#1443=VERTEX_POINT('',#5623);
#1444=VERTEX_POINT('',#5627);
#1445=VERTEX_POINT('',#5631);
#1446=VERTEX_POINT('',#5635);
#1447=VERTEX_POINT('',#5639);
#1448=VERTEX_POINT('',#5643);
#1449=VERTEX_POINT('',#5647);
#1450=VERTEX_POINT('',#5651);
#1451=VERTEX_POINT('',#5655);
#1452=VERTEX_POINT('',#5659);
#1453=VERTEX_POINT('',#5663);
#1454=VERTEX_POINT('',#5669);
#1455=VERTEX_POINT('',#5671);
#1456=VERTEX_POINT('',#5675);
#1457=VERTEX_POINT('',#5679);
#1458=VERTEX_POINT('',#5683);
#1459=VERTEX_POINT('',#5687);
#1460=VERTEX_POINT('',#5691);
#1461=VERTEX_POINT('',#5695);
#1462=VERTEX_POINT('',#5699);
#1463=VERTEX_POINT('',#5704);
#1464=VERTEX_POINT('',#5705);
#1465=VERTEX_POINT('',#5707);
#1466=VERTEX_POINT('',#5709);
#1467=VERTEX_POINT('',#5722);
#1468=VERTEX_POINT('',#5723);
#1469=VERTEX_POINT('',#5728);
#1470=VERTEX_POINT('',#5729);
#1471=VERTEX_POINT('',#5734);
#1472=VERTEX_POINT('',#5735);
#1473=VERTEX_POINT('',#5737);
#1474=VERTEX_POINT('',#5739);
#1475=VERTEX_POINT('',#5742);
#1476=VERTEX_POINT('',#5746);
#1477=VERTEX_POINT('',#5747);
#1478=VERTEX_POINT('',#5752);
#1479=VERTEX_POINT('',#5753);
#1480=VERTEX_POINT('',#5758);
#1481=VERTEX_POINT('',#5759);
#1482=VERTEX_POINT('',#5764);
#1483=VERTEX_POINT('',#5765);
#1484=VERTEX_POINT('',#5767);
#1485=VERTEX_POINT('',#5769);
#1486=VERTEX_POINT('',#5772);
#1487=VERTEX_POINT('',#5776);
#1488=VERTEX_POINT('',#5777);
#1489=VERTEX_POINT('',#5782);
#1490=VERTEX_POINT('',#5783);
#1491=VERTEX_POINT('',#5788);
#1492=VERTEX_POINT('',#5789);
#1493=VERTEX_POINT('',#5803);
#1494=VERTEX_POINT('',#5805);
#1495=VERTEX_POINT('',#5807);
#1496=VERTEX_POINT('',#5809);
#1497=VERTEX_POINT('',#5811);
#1498=VERTEX_POINT('',#5813);
#1499=VERTEX_POINT('',#5821);
#1500=VERTEX_POINT('',#5822);
#1501=VERTEX_POINT('',#5824);
#1502=VERTEX_POINT('',#5826);
#1503=VERTEX_POINT('',#5839);
#1504=VERTEX_POINT('',#5840);
#1505=VERTEX_POINT('',#5845);
#1506=VERTEX_POINT('',#5846);
#1507=VERTEX_POINT('',#5851);
#1508=VERTEX_POINT('',#5853);
#1509=VERTEX_POINT('',#5856);
#1510=VERTEX_POINT('',#5860);
#1511=VERTEX_POINT('',#5864);
#1512=VERTEX_POINT('',#5868);
#1513=VERTEX_POINT('',#5872);
#1514=VERTEX_POINT('',#5873);
#1515=VERTEX_POINT('',#5875);
#1516=VERTEX_POINT('',#5877);
#1517=VERTEX_POINT('',#5882);
#1518=VERTEX_POINT('',#5883);
#1519=VERTEX_POINT('',#5888);
#1520=VERTEX_POINT('',#5889);
#1521=VERTEX_POINT('',#5894);
#1522=VERTEX_POINT('',#5895);
#1523=VERTEX_POINT('',#5913);
#1524=VERTEX_POINT('',#5914);
#1525=VERTEX_POINT('',#5916);
#1526=VERTEX_POINT('',#5918);
#1527=VERTEX_POINT('',#5922);
#1528=VERTEX_POINT('',#5923);
#1529=VERTEX_POINT('',#5928);
#1530=VERTEX_POINT('',#5929);
#1531=VERTEX_POINT('',#5934);
#1532=VERTEX_POINT('',#5939);
#1533=VERTEX_POINT('',#5943);
#1534=VERTEX_POINT('',#5947);
#1535=VERTEX_POINT('',#5951);
#1536=VERTEX_POINT('',#5955);
#1537=VERTEX_POINT('',#5959);
#1538=VERTEX_POINT('',#5963);
#1539=VERTEX_POINT('',#5967);
#1540=VERTEX_POINT('',#5971);
#1541=VERTEX_POINT('',#5972);
#1542=VERTEX_POINT('',#5977);
#1543=VERTEX_POINT('',#5978);
#1544=VERTEX_POINT('',#5983);
#1545=VERTEX_POINT('',#5984);
#1546=VERTEX_POINT('',#6002);
#1547=VERTEX_POINT('',#6005);
#1548=VERTEX_POINT('',#6006);
#1549=VERTEX_POINT('',#6008);
#1550=VERTEX_POINT('',#6010);
#1551=VERTEX_POINT('',#6014);
#1552=VERTEX_POINT('',#6015);
#1553=VERTEX_POINT('',#6020);
#1554=VERTEX_POINT('',#6021);
#1555=VERTEX_POINT('',#6026);
#1556=VERTEX_POINT('',#6027);
#1557=VERTEX_POINT('',#6032);
#1558=VERTEX_POINT('',#6033);
#1559=VERTEX_POINT('',#6038);
#1560=VERTEX_POINT('',#6039);
#1561=VERTEX_POINT('',#6044);
#1562=VERTEX_POINT('',#6045);
#1563=VERTEX_POINT('',#6050);
#1564=VERTEX_POINT('',#6051);
#1565=VERTEX_POINT('',#6054);
#1566=VERTEX_POINT('',#6058);
#1567=VERTEX_POINT('',#6059);
#1568=VERTEX_POINT('',#6064);
#1569=VERTEX_POINT('',#6065);
#1570=VERTEX_POINT('',#6070);
#1571=VERTEX_POINT('',#6071);
#1572=VERTEX_POINT('',#6076);
#1573=VERTEX_POINT('',#6077);
#1574=VERTEX_POINT('',#6082);
#1575=VERTEX_POINT('',#6083);
#1576=VERTEX_POINT('',#6088);
#1577=VERTEX_POINT('',#6089);
#1578=VERTEX_POINT('',#6094);
#1579=VERTEX_POINT('',#6095);
#1580=VERTEX_POINT('',#6100);
#1581=VERTEX_POINT('',#6101);
#1582=VERTEX_POINT('',#6106);
#1583=VERTEX_POINT('',#6107);
#1584=VERTEX_POINT('',#6112);
#1585=VERTEX_POINT('',#6113);
#1586=VERTEX_POINT('',#6118);
#1587=VERTEX_POINT('',#6119);
#1588=VERTEX_POINT('',#6124);
#1589=VERTEX_POINT('',#6125);
#1590=VERTEX_POINT('',#6128);
#1591=VERTEX_POINT('',#6132);
#1592=VERTEX_POINT('',#6133);
#1593=VERTEX_POINT('',#6138);
#1594=VERTEX_POINT('',#6139);
#1595=VERTEX_POINT('',#6144);
#1596=VERTEX_POINT('',#6145);
#1597=VERTEX_POINT('',#6153);
#1598=VERTEX_POINT('',#6155);
#1599=VERTEX_POINT('',#6159);
#1600=VERTEX_POINT('',#6182);
#1601=VERTEX_POINT('',#6184);
#1602=VERTEX_POINT('',#6190);
#1603=VERTEX_POINT('',#6194);
#1604=VERTEX_POINT('',#6198);
#1605=VERTEX_POINT('',#6200);
#1606=VERTEX_POINT('',#6202);
#1607=VERTEX_POINT('',#6206);
#1608=VERTEX_POINT('',#6208);
#1609=VERTEX_POINT('',#6210);
#1610=EDGE_CURVE('',#1310,#1311,#1226,.T.);
#1611=EDGE_CURVE('',#1310,#1312,#760,.T.);
#1612=EDGE_CURVE('',#1312,#1313,#1227,.T.);
#1613=EDGE_CURVE('',#1311,#1313,#761,.T.);
#1614=EDGE_CURVE('',#1314,#1310,#1228,.T.);
#1615=EDGE_CURVE('',#1314,#1315,#762,.T.);
#1616=EDGE_CURVE('',#1315,#1312,#1229,.T.);
#1617=EDGE_CURVE('',#1316,#1314,#1230,.T.);
#1618=EDGE_CURVE('',#1316,#1317,#763,.T.);
#1619=EDGE_CURVE('',#1317,#1315,#1231,.T.);
#1620=EDGE_CURVE('',#1318,#1316,#1232,.T.);
#1621=EDGE_CURVE('',#1318,#1319,#764,.T.);
#1622=EDGE_CURVE('',#1319,#1317,#1233,.T.);
#1623=EDGE_CURVE('',#1320,#1318,#1234,.T.);
#1624=EDGE_CURVE('',#1320,#1321,#765,.T.);
#1625=EDGE_CURVE('',#1321,#1319,#1235,.T.);
#1626=EDGE_CURVE('',#1322,#1320,#1236,.T.);
#1627=EDGE_CURVE('',#1322,#1323,#766,.T.);
#1628=EDGE_CURVE('',#1323,#1321,#1237,.T.);
#1629=EDGE_CURVE('',#1324,#1322,#1238,.T.);
#1630=EDGE_CURVE('',#1324,#1325,#767,.T.);
#1631=EDGE_CURVE('',#1325,#1323,#1239,.T.);
#1632=EDGE_CURVE('',#1311,#1324,#1240,.T.);
#1633=EDGE_CURVE('',#1313,#1325,#1241,.T.);
#1634=EDGE_CURVE('',#1326,#1327,#1242,.T.);
#1635=EDGE_CURVE('',#1326,#1328,#768,.T.);
#1636=EDGE_CURVE('',#1328,#1329,#1243,.T.);
#1637=EDGE_CURVE('',#1327,#1329,#769,.T.);
#1638=EDGE_CURVE('',#1330,#1326,#1244,.T.);
#1639=EDGE_CURVE('',#1330,#1331,#770,.T.);
#1640=EDGE_CURVE('',#1331,#1328,#1245,.T.);
#1641=EDGE_CURVE('',#1332,#1330,#1246,.T.);
#1642=EDGE_CURVE('',#1332,#1333,#771,.T.);
#1643=EDGE_CURVE('',#1333,#1331,#1247,.T.);
#1644=EDGE_CURVE('',#1334,#1332,#1248,.T.);
#1645=EDGE_CURVE('',#1334,#1335,#772,.T.);
#1646=EDGE_CURVE('',#1335,#1333,#1249,.T.);
#1647=EDGE_CURVE('',#1336,#1334,#1250,.T.);
#1648=EDGE_CURVE('',#1336,#1337,#773,.T.);
#1649=EDGE_CURVE('',#1337,#1335,#1251,.T.);
#1650=EDGE_CURVE('',#1338,#1336,#1252,.T.);
#1651=EDGE_CURVE('',#1338,#1339,#774,.T.);
#1652=EDGE_CURVE('',#1339,#1337,#1253,.T.);
#1653=EDGE_CURVE('',#1340,#1338,#1254,.T.);
#1654=EDGE_CURVE('',#1340,#1341,#775,.T.);
#1655=EDGE_CURVE('',#1341,#1339,#1255,.T.);
#1656=EDGE_CURVE('',#1342,#1340,#1256,.T.);
#1657=EDGE_CURVE('',#1342,#1343,#776,.T.);
#1658=EDGE_CURVE('',#1343,#1341,#1257,.T.);
#1659=EDGE_CURVE('',#1344,#1342,#1258,.T.);
#1660=EDGE_CURVE('',#1344,#1345,#777,.T.);
#1661=EDGE_CURVE('',#1345,#1343,#1259,.T.);
#1662=EDGE_CURVE('',#1346,#1344,#1260,.T.);
#1663=EDGE_CURVE('',#1346,#1347,#778,.T.);
#1664=EDGE_CURVE('',#1347,#1345,#1261,.T.);
#1665=EDGE_CURVE('',#1348,#1346,#1262,.T.);
#1666=EDGE_CURVE('',#1348,#1349,#779,.T.);
#1667=EDGE_CURVE('',#1349,#1347,#1263,.T.);
#1668=EDGE_CURVE('',#1327,#1348,#1264,.T.);
#1669=EDGE_CURVE('',#1329,#1349,#1265,.T.);
#1670=EDGE_CURVE('',#1350,#1351,#780,.T.);
#1671=EDGE_CURVE('',#1350,#1352,#781,.T.);
#1672=EDGE_CURVE('',#1352,#1353,#782,.T.);
#1673=EDGE_CURVE('',#1351,#1353,#783,.T.);
#1674=EDGE_CURVE('',#1354,#1350,#1266,.T.);
#1675=EDGE_CURVE('',#1354,#1355,#784,.T.);
#1676=EDGE_CURVE('',#1355,#1352,#1267,.T.);
#1677=EDGE_CURVE('',#1356,#1354,#1268,.T.);
#1678=EDGE_CURVE('',#1356,#1357,#785,.T.);
#1679=EDGE_CURVE('',#1357,#1355,#1269,.T.);
#1680=EDGE_CURVE('',#1358,#1356,#1270,.T.);
#1681=EDGE_CURVE('',#1358,#1359,#786,.T.);
#1682=EDGE_CURVE('',#1359,#1357,#1271,.T.);
#1683=EDGE_CURVE('',#1360,#1358,#1272,.T.);
#1684=EDGE_CURVE('',#1360,#1361,#787,.T.);
#1685=EDGE_CURVE('',#1361,#1359,#1273,.T.);
#1686=EDGE_CURVE('',#1362,#1360,#1274,.T.);
#1687=EDGE_CURVE('',#1362,#1363,#788,.T.);
#1688=EDGE_CURVE('',#1363,#1361,#1275,.T.);
#1689=EDGE_CURVE('',#1364,#1362,#789,.T.);
#1690=EDGE_CURVE('',#1364,#1365,#790,.T.);
#1691=EDGE_CURVE('',#1365,#1363,#791,.T.);
#1692=EDGE_CURVE('',#1351,#1364,#792,.T.);
#1693=EDGE_CURVE('',#1353,#1365,#793,.T.);
#1694=EDGE_CURVE('',#1366,#1367,#794,.T.);
#1695=EDGE_CURVE('',#1366,#1368,#795,.T.);
#1696=EDGE_CURVE('',#1368,#1369,#796,.T.);
#1697=EDGE_CURVE('',#1367,#1369,#797,.T.);
#1698=EDGE_CURVE('',#1370,#1366,#798,.T.);
#1699=EDGE_CURVE('',#1370,#1371,#799,.T.);
#1700=EDGE_CURVE('',#1371,#1368,#800,.T.);
#1701=EDGE_CURVE('',#1372,#1370,#1276,.T.);
#1702=EDGE_CURVE('',#1372,#1373,#801,.T.);
#1703=EDGE_CURVE('',#1373,#1371,#1277,.T.);
#1704=EDGE_CURVE('',#1374,#1372,#1278,.T.);
#1705=EDGE_CURVE('',#1374,#1375,#802,.T.);
#1706=EDGE_CURVE('',#1375,#1373,#1279,.T.);
#1707=EDGE_CURVE('',#1376,#1374,#1280,.T.);
#1708=EDGE_CURVE('',#1376,#1377,#803,.T.);
#1709=EDGE_CURVE('',#1377,#1375,#1281,.T.);
#1710=EDGE_CURVE('',#1378,#1376,#1282,.T.);
#1711=EDGE_CURVE('',#1378,#1379,#804,.T.);
#1712=EDGE_CURVE('',#1379,#1377,#1283,.T.);
#1713=EDGE_CURVE('',#1380,#1378,#805,.T.);
#1714=EDGE_CURVE('',#1380,#1381,#806,.T.);
#1715=EDGE_CURVE('',#1381,#1379,#807,.T.);
#1716=EDGE_CURVE('',#1382,#1380,#808,.T.);
#1717=EDGE_CURVE('',#1382,#1383,#809,.T.);
#1718=EDGE_CURVE('',#1383,#1381,#810,.T.);
#1719=EDGE_CURVE('',#1384,#1382,#811,.T.);
#1720=EDGE_CURVE('',#1384,#1385,#812,.T.);
#1721=EDGE_CURVE('',#1385,#1383,#813,.T.);
#1722=EDGE_CURVE('',#1386,#1384,#1284,.T.);
#1723=EDGE_CURVE('',#1386,#1387,#814,.T.);
#1724=EDGE_CURVE('',#1387,#1385,#1285,.T.);
#1725=EDGE_CURVE('',#1388,#1386,#1286,.T.);
#1726=EDGE_CURVE('',#1388,#1389,#815,.T.);
#1727=EDGE_CURVE('',#1389,#1387,#1287,.T.);
#1728=EDGE_CURVE('',#1390,#1388,#1288,.T.);
#1729=EDGE_CURVE('',#1390,#1391,#816,.T.);
#1730=EDGE_CURVE('',#1391,#1389,#1289,.T.);
#1731=EDGE_CURVE('',#1392,#1390,#1290,.T.);
#1732=EDGE_CURVE('',#1392,#1393,#817,.T.);
#1733=EDGE_CURVE('',#1393,#1391,#1291,.T.);
#1734=EDGE_CURVE('',#1394,#1392,#1292,.T.);
#1735=EDGE_CURVE('',#1394,#1395,#818,.T.);
#1736=EDGE_CURVE('',#1395,#1393,#1293,.T.);
#1737=EDGE_CURVE('',#1396,#1394,#1294,.T.);
#1738=EDGE_CURVE('',#1396,#1397,#819,.T.);
#1739=EDGE_CURVE('',#1397,#1395,#1295,.T.);
#1740=EDGE_CURVE('',#1398,#1396,#1296,.T.);
#1741=EDGE_CURVE('',#1398,#1399,#820,.T.);
#1742=EDGE_CURVE('',#1399,#1397,#1297,.T.);
#1743=EDGE_CURVE('',#1400,#1398,#821,.T.);
#1744=EDGE_CURVE('',#1400,#1401,#822,.T.);
#1745=EDGE_CURVE('',#1401,#1399,#823,.T.);
#1746=EDGE_CURVE('',#1402,#1400,#824,.T.);
#1747=EDGE_CURVE('',#1402,#1403,#825,.T.);
#1748=EDGE_CURVE('',#1403,#1401,#826,.T.);
#1749=EDGE_CURVE('',#1367,#1402,#827,.T.);
#1750=EDGE_CURVE('',#1369,#1403,#828,.T.);
#1751=EDGE_CURVE('',#1404,#1405,#829,.T.);
#1752=EDGE_CURVE('',#1404,#1406,#830,.T.);
#1753=EDGE_CURVE('',#1406,#1407,#831,.T.);
#1754=EDGE_CURVE('',#1405,#1407,#832,.T.);
#1755=EDGE_CURVE('',#1408,#1404,#1298,.T.);
#1756=EDGE_CURVE('',#1408,#1409,#833,.T.);
#1757=EDGE_CURVE('',#1409,#1406,#1299,.T.);
#1758=EDGE_CURVE('',#1410,#1408,#1300,.T.);
#1759=EDGE_CURVE('',#1410,#1411,#834,.T.);
#1760=EDGE_CURVE('',#1411,#1409,#1301,.T.);
#1761=EDGE_CURVE('',#1412,#1410,#835,.T.);
#1762=EDGE_CURVE('',#1412,#1413,#836,.T.);
#1763=EDGE_CURVE('',#1413,#1411,#837,.T.);
#1764=EDGE_CURVE('',#1414,#1412,#1302,.T.);
#1765=EDGE_CURVE('',#1414,#1415,#838,.T.);
#1766=EDGE_CURVE('',#1415,#1413,#1303,.T.);
#1767=EDGE_CURVE('',#1416,#1414,#1304,.T.);
#1768=EDGE_CURVE('',#1416,#1417,#839,.T.);
#1769=EDGE_CURVE('',#1417,#1415,#1305,.T.);
#1770=EDGE_CURVE('',#1418,#1416,#840,.T.);
#1771=EDGE_CURVE('',#1418,#1419,#841,.T.);
#1772=EDGE_CURVE('',#1419,#1417,#842,.T.);
#1773=EDGE_CURVE('',#1420,#1418,#843,.T.);
#1774=EDGE_CURVE('',#1420,#1421,#844,.T.);
#1775=EDGE_CURVE('',#1421,#1419,#845,.T.);
#1776=EDGE_CURVE('',#1405,#1420,#846,.T.);
#1777=EDGE_CURVE('',#1407,#1421,#847,.T.);
#1778=EDGE_CURVE('',#1422,#1423,#121,.T.);
#1779=EDGE_CURVE('',#1424,#1422,#848,.T.);
#1780=EDGE_CURVE('',#1425,#1424,#122,.T.);
#1781=EDGE_CURVE('',#1426,#1425,#849,.T.);
#1782=EDGE_CURVE('',#1427,#1426,#123,.T.);
#1783=EDGE_CURVE('',#1428,#1427,#850,.T.);
#1784=EDGE_CURVE('',#1429,#1428,#124,.T.);
#1785=EDGE_CURVE('',#1430,#1429,#851,.T.);
#1786=EDGE_CURVE('',#1431,#1430,#125,.T.);
#1787=EDGE_CURVE('',#1432,#1431,#852,.T.);
#1788=EDGE_CURVE('',#1433,#1432,#126,.T.);
#1789=EDGE_CURVE('',#1434,#1433,#853,.T.);
#1790=EDGE_CURVE('',#1435,#1434,#127,.T.);
#1791=EDGE_CURVE('',#1436,#1435,#854,.T.);
#1792=EDGE_CURVE('',#1437,#1436,#128,.T.);
#1793=EDGE_CURVE('',#1423,#1437,#855,.T.);
#1794=EDGE_CURVE('',#1438,#1422,#129,.T.);
#1795=EDGE_CURVE('',#1423,#1439,#130,.T.);
#1796=EDGE_CURVE('',#1439,#1438,#131,.T.);
#1797=EDGE_CURVE('',#1437,#1440,#132,.T.);
#1798=EDGE_CURVE('',#1440,#1439,#856,.T.);
#1799=EDGE_CURVE('',#1436,#1441,#133,.T.);
#1800=EDGE_CURVE('',#1441,#1440,#134,.T.);
#1801=EDGE_CURVE('',#1435,#1442,#135,.T.);
#1802=EDGE_CURVE('',#1442,#1441,#857,.T.);
#1803=EDGE_CURVE('',#1434,#1443,#136,.T.);
#1804=EDGE_CURVE('',#1443,#1442,#137,.T.);
#1805=EDGE_CURVE('',#1433,#1444,#138,.T.);
#1806=EDGE_CURVE('',#1444,#1443,#858,.T.);
#1807=EDGE_CURVE('',#1432,#1445,#139,.T.);
#1808=EDGE_CURVE('',#1445,#1444,#140,.T.);
#1809=EDGE_CURVE('',#1431,#1446,#141,.T.);
#1810=EDGE_CURVE('',#1446,#1445,#859,.T.);
#1811=EDGE_CURVE('',#1430,#1447,#142,.T.);
#1812=EDGE_CURVE('',#1447,#1446,#143,.T.);
#1813=EDGE_CURVE('',#1429,#1448,#144,.T.);
#1814=EDGE_CURVE('',#1448,#1447,#860,.T.);
#1815=EDGE_CURVE('',#1428,#1449,#145,.T.);
#1816=EDGE_CURVE('',#1449,#1448,#146,.T.);
#1817=EDGE_CURVE('',#1427,#1450,#147,.T.);
#1818=EDGE_CURVE('',#1450,#1449,#861,.T.);
#1819=EDGE_CURVE('',#1426,#1451,#148,.T.);
#1820=EDGE_CURVE('',#1451,#1450,#149,.T.);
#1821=EDGE_CURVE('',#1425,#1452,#150,.T.);
#1822=EDGE_CURVE('',#1452,#1451,#862,.T.);
#1823=EDGE_CURVE('',#1424,#1453,#151,.T.);
#1824=EDGE_CURVE('',#1453,#1452,#152,.T.);
#1825=EDGE_CURVE('',#1438,#1453,#863,.T.);
#1826=EDGE_CURVE('',#1454,#1448,#864,.T.);
#1827=EDGE_CURVE('',#1455,#1454,#865,.T.);
#1828=EDGE_CURVE('',#1447,#1455,#866,.T.);
#1829=EDGE_CURVE('',#1449,#1456,#867,.T.);
#1830=EDGE_CURVE('',#1454,#1456,#153,.T.);
#1831=EDGE_CURVE('',#1457,#1450,#868,.T.);
#1832=EDGE_CURVE('',#1456,#1457,#869,.T.);
#1833=EDGE_CURVE('',#1451,#1458,#870,.T.);
#1834=EDGE_CURVE('',#1457,#1458,#154,.T.);
#1835=EDGE_CURVE('',#1459,#1452,#871,.T.);
#1836=EDGE_CURVE('',#1458,#1459,#872,.T.);
#1837=EDGE_CURVE('',#1453,#1460,#873,.T.);
#1838=EDGE_CURVE('',#1459,#1460,#155,.T.);
#1839=EDGE_CURVE('',#1461,#1438,#874,.T.);
#1840=EDGE_CURVE('',#1460,#1461,#875,.T.);
#1841=EDGE_CURVE('',#1439,#1462,#876,.T.);
#1842=EDGE_CURVE('',#1461,#1462,#156,.T.);
#1843=EDGE_CURVE('',#1463,#1464,#157,.T.);
#1844=EDGE_CURVE('',#1464,#1465,#158,.T.);
#1845=EDGE_CURVE('',#1465,#1466,#1306,.F.);
#1846=EDGE_CURVE('',#1466,#1463,#159,.T.);
#1847=EDGE_CURVE('',#1467,#1468,#160,.T.);
#1848=EDGE_CURVE('',#1468,#1464,#877,.T.);
#1849=EDGE_CURVE('',#1463,#1467,#878,.T.);
#1850=EDGE_CURVE('',#1469,#1470,#161,.T.);
#1851=EDGE_CURVE('',#1470,#1468,#162,.T.);
#1852=EDGE_CURVE('',#1467,#1469,#163,.T.);
#1853=EDGE_CURVE('',#1471,#1472,#14,.T.);
#1854=EDGE_CURVE('',#1471,#1473,#879,.T.);
#1855=EDGE_CURVE('',#1473,#1474,#164,.T.);
#1856=EDGE_CURVE('',#1474,#1470,#880,.T.);
#1857=EDGE_CURVE('',#1469,#1475,#881,.T.);
#1858=EDGE_CURVE('',#1472,#1475,#15,.T.);
#1859=EDGE_CURVE('',#1476,#1477,#165,.T.);
#1860=EDGE_CURVE('',#1477,#1474,#166,.T.);
#1861=EDGE_CURVE('',#1473,#1476,#167,.T.);
#1862=EDGE_CURVE('',#1478,#1479,#168,.T.);
#1863=EDGE_CURVE('',#1479,#1477,#882,.T.);
#1864=EDGE_CURVE('',#1476,#1478,#883,.T.);
#1865=EDGE_CURVE('',#1480,#1481,#169,.T.);
#1866=EDGE_CURVE('',#1481,#1479,#170,.T.);
#1867=EDGE_CURVE('',#1478,#1480,#171,.T.);
#1868=EDGE_CURVE('',#1482,#1483,#16,.T.);
#1869=EDGE_CURVE('',#1482,#1484,#884,.T.);
#1870=EDGE_CURVE('',#1484,#1485,#172,.T.);
#1871=EDGE_CURVE('',#1485,#1481,#885,.T.);
#1872=EDGE_CURVE('',#1480,#1486,#886,.T.);
#1873=EDGE_CURVE('',#1483,#1486,#17,.T.);
#1874=EDGE_CURVE('',#1487,#1488,#173,.T.);
#1875=EDGE_CURVE('',#1488,#1485,#174,.T.);
#1876=EDGE_CURVE('',#1484,#1487,#175,.T.);
#1877=EDGE_CURVE('',#1489,#1490,#176,.T.);
#1878=EDGE_CURVE('',#1490,#1488,#887,.T.);
#1879=EDGE_CURVE('',#1487,#1489,#888,.T.);
#1880=EDGE_CURVE('',#1491,#1492,#1307,.F.);
#1881=EDGE_CURVE('',#1492,#1490,#177,.T.);
#1882=EDGE_CURVE('',#1489,#1491,#178,.T.);
#1883=EDGE_CURVE('',#1471,#1493,#889,.T.);
#1884=EDGE_CURVE('',#1494,#1493,#890,.T.);
#1885=EDGE_CURVE('',#1495,#1494,#179,.T.);
#1886=EDGE_CURVE('',#1496,#1495,#891,.T.);
#1887=EDGE_CURVE('',#1497,#1496,#180,.T.);
#1888=EDGE_CURVE('',#1498,#1497,#892,.T.);
#1889=EDGE_CURVE('',#1498,#1486,#893,.T.);
#1890=EDGE_CURVE('',#1466,#1475,#894,.T.);
#1891=EDGE_CURVE('',#1482,#1491,#895,.T.);
#1892=EDGE_CURVE('',#1499,#1500,#181,.T.);
#1893=EDGE_CURVE('',#1500,#1501,#182,.T.);
#1894=EDGE_CURVE('',#1501,#1502,#1308,.F.);
#1895=EDGE_CURVE('',#1502,#1499,#183,.T.);
#1896=EDGE_CURVE('',#1503,#1504,#184,.T.);
#1897=EDGE_CURVE('',#1504,#1500,#896,.T.);
#1898=EDGE_CURVE('',#1499,#1503,#897,.T.);
#1899=EDGE_CURVE('',#1505,#1506,#185,.T.);
#1900=EDGE_CURVE('',#1506,#1504,#186,.T.);
#1901=EDGE_CURVE('',#1503,#1505,#187,.T.);
#1902=EDGE_CURVE('',#1498,#1507,#18,.T.);
#1903=EDGE_CURVE('',#1497,#1508,#188,.T.);
#1904=EDGE_CURVE('',#1508,#1506,#898,.T.);
#1905=EDGE_CURVE('',#1505,#1509,#899,.T.);
#1906=EDGE_CURVE('',#1507,#1509,#19,.T.);
#1907=EDGE_CURVE('',#1496,#1510,#189,.T.);
#1908=EDGE_CURVE('',#1510,#1508,#190,.T.);
#1909=EDGE_CURVE('',#1495,#1511,#191,.T.);
#1910=EDGE_CURVE('',#1511,#1510,#900,.T.);
#1911=EDGE_CURVE('',#1494,#1512,#192,.T.);
#1912=EDGE_CURVE('',#1512,#1511,#193,.T.);
#1913=EDGE_CURVE('',#1513,#1514,#20,.T.);
#1914=EDGE_CURVE('',#1513,#1515,#901,.T.);
#1915=EDGE_CURVE('',#1515,#1516,#194,.T.);
#1916=EDGE_CURVE('',#1516,#1512,#902,.T.);
#1917=EDGE_CURVE('',#1514,#1493,#21,.T.);
#1918=EDGE_CURVE('',#1517,#1518,#195,.T.);
#1919=EDGE_CURVE('',#1518,#1516,#196,.T.);
#1920=EDGE_CURVE('',#1515,#1517,#197,.T.);
#1921=EDGE_CURVE('',#1519,#1520,#198,.T.);
#1922=EDGE_CURVE('',#1520,#1518,#903,.T.);
#1923=EDGE_CURVE('',#1517,#1519,#904,.T.);
#1924=EDGE_CURVE('',#1521,#1522,#1309,.F.);
#1925=EDGE_CURVE('',#1522,#1520,#199,.T.);
#1926=EDGE_CURVE('',#1519,#1521,#200,.T.);
#1927=EDGE_CURVE('',#1502,#1509,#905,.T.);
#1928=EDGE_CURVE('',#1513,#1521,#906,.T.);
#1929=EDGE_CURVE('',#1523,#1524,#201,.T.);
#1930=EDGE_CURVE('',#1524,#1525,#202,.T.);
#1931=EDGE_CURVE('',#1525,#1526,#203,.T.);
#1932=EDGE_CURVE('',#1526,#1523,#204,.T.);
#1933=EDGE_CURVE('',#1527,#1528,#205,.T.);
#1934=EDGE_CURVE('',#1528,#1526,#907,.T.);
#1935=EDGE_CURVE('',#1525,#1527,#908,.T.);
#1936=EDGE_CURVE('',#1529,#1530,#206,.T.);
#1937=EDGE_CURVE('',#1530,#1528,#207,.T.);
#1938=EDGE_CURVE('',#1527,#1529,#208,.T.);
#1939=EDGE_CURVE('',#1531,#1462,#209,.T.);
#1940=EDGE_CURVE('',#1462,#1530,#909,.T.);
#1941=EDGE_CURVE('',#1529,#1531,#910,.T.);
#1942=EDGE_CURVE('',#1532,#1461,#210,.T.);
#1943=EDGE_CURVE('',#1531,#1532,#211,.T.);
#1944=EDGE_CURVE('',#1533,#1460,#212,.T.);
#1945=EDGE_CURVE('',#1532,#1533,#911,.T.);
#1946=EDGE_CURVE('',#1534,#1459,#213,.T.);
#1947=EDGE_CURVE('',#1533,#1534,#214,.T.);
#1948=EDGE_CURVE('',#1535,#1458,#215,.T.);
#1949=EDGE_CURVE('',#1534,#1535,#912,.T.);
#1950=EDGE_CURVE('',#1536,#1457,#216,.T.);
#1951=EDGE_CURVE('',#1535,#1536,#217,.T.);
#1952=EDGE_CURVE('',#1537,#1456,#218,.T.);
#1953=EDGE_CURVE('',#1536,#1537,#913,.T.);
#1954=EDGE_CURVE('',#1538,#1454,#219,.T.);
#1955=EDGE_CURVE('',#1537,#1538,#220,.T.);
#1956=EDGE_CURVE('',#1539,#1455,#221,.T.);
#1957=EDGE_CURVE('',#1538,#1539,#914,.T.);
#1958=EDGE_CURVE('',#1540,#1541,#222,.T.);
#1959=EDGE_CURVE('',#1541,#1455,#223,.T.);
#1960=EDGE_CURVE('',#1539,#1540,#224,.T.);
#1961=EDGE_CURVE('',#1542,#1543,#225,.T.);
#1962=EDGE_CURVE('',#1543,#1541,#915,.T.);
#1963=EDGE_CURVE('',#1540,#1542,#916,.T.);
#1964=EDGE_CURVE('',#1544,#1545,#226,.T.);
#1965=EDGE_CURVE('',#1545,#1543,#227,.T.);
#1966=EDGE_CURVE('',#1542,#1544,#228,.T.);
#1967=EDGE_CURVE('',#1523,#1545,#917,.T.);
#1968=EDGE_CURVE('',#1544,#1524,#918,.T.);
#1969=EDGE_CURVE('',#1541,#1446,#919,.T.);
#1970=EDGE_CURVE('',#1445,#1543,#920,.T.);
#1971=EDGE_CURVE('',#1545,#1444,#921,.T.);
#1972=EDGE_CURVE('',#1443,#1523,#922,.T.);
#1973=EDGE_CURVE('',#1526,#1442,#923,.T.);
#1974=EDGE_CURVE('',#1546,#1546,#229,.T.);
#1975=EDGE_CURVE('',#1547,#1548,#230,.T.);
#1976=EDGE_CURVE('',#1548,#1549,#231,.T.);
#1977=EDGE_CURVE('',#1549,#1550,#232,.T.);
#1978=EDGE_CURVE('',#1550,#1547,#233,.T.);
#1979=EDGE_CURVE('',#1551,#1552,#234,.T.);
#1980=EDGE_CURVE('',#1552,#1550,#924,.T.);
#1981=EDGE_CURVE('',#1549,#1551,#925,.T.);
#1982=EDGE_CURVE('',#1553,#1554,#235,.T.);
#1983=EDGE_CURVE('',#1554,#1552,#236,.T.);
#1984=EDGE_CURVE('',#1551,#1553,#237,.T.);
#1985=EDGE_CURVE('',#1555,#1556,#238,.T.);
#1986=EDGE_CURVE('',#1556,#1554,#926,.T.);
#1987=EDGE_CURVE('',#1553,#1555,#927,.T.);
#1988=EDGE_CURVE('',#1557,#1558,#239,.T.);
#1989=EDGE_CURVE('',#1558,#1556,#240,.T.);
#1990=EDGE_CURVE('',#1555,#1557,#241,.T.);
#1991=EDGE_CURVE('',#1559,#1560,#242,.T.);
#1992=EDGE_CURVE('',#1560,#1558,#928,.T.);
#1993=EDGE_CURVE('',#1557,#1559,#929,.T.);
#1994=EDGE_CURVE('',#1561,#1562,#243,.T.);
#1995=EDGE_CURVE('',#1562,#1560,#244,.T.);
#1996=EDGE_CURVE('',#1559,#1561,#245,.T.);
#1997=EDGE_CURVE('',#1563,#1564,#246,.T.);
#1998=EDGE_CURVE('',#1564,#1562,#930,.T.);
#1999=EDGE_CURVE('',#1561,#1565,#931,.T.);
#2000=EDGE_CURVE('',#1565,#1563,#932,.T.);
#2001=EDGE_CURVE('',#1566,#1567,#247,.T.);
#2002=EDGE_CURVE('',#1567,#1564,#248,.T.);
#2003=EDGE_CURVE('',#1563,#1566,#249,.T.);
#2004=EDGE_CURVE('',#1568,#1569,#250,.T.);
#2005=EDGE_CURVE('',#1569,#1567,#933,.T.);
#2006=EDGE_CURVE('',#1566,#1568,#934,.T.);
#2007=EDGE_CURVE('',#1570,#1571,#251,.T.);
#2008=EDGE_CURVE('',#1571,#1569,#252,.T.);
#2009=EDGE_CURVE('',#1568,#1570,#253,.T.);
#2010=EDGE_CURVE('',#1572,#1573,#254,.T.);
#2011=EDGE_CURVE('',#1573,#1571,#935,.T.);
#2012=EDGE_CURVE('',#1570,#1572,#936,.T.);
#2013=EDGE_CURVE('',#1574,#1575,#255,.T.);
#2014=EDGE_CURVE('',#1575,#1573,#256,.T.);
#2015=EDGE_CURVE('',#1572,#1574,#257,.T.);
#2016=EDGE_CURVE('',#1576,#1577,#258,.T.);
#2017=EDGE_CURVE('',#1577,#1575,#937,.T.);
#2018=EDGE_CURVE('',#1574,#1576,#938,.T.);
#2019=EDGE_CURVE('',#1578,#1579,#259,.T.);
#2020=EDGE_CURVE('',#1579,#1577,#260,.T.);
#2021=EDGE_CURVE('',#1576,#1578,#261,.T.);
#2022=EDGE_CURVE('',#1580,#1581,#262,.T.);
#2023=EDGE_CURVE('',#1581,#1579,#939,.T.);
#2024=EDGE_CURVE('',#1578,#1580,#940,.T.);
#2025=EDGE_CURVE('',#1582,#1583,#263,.T.);
#2026=EDGE_CURVE('',#1583,#1581,#264,.T.);
#2027=EDGE_CURVE('',#1580,#1582,#265,.T.);
#2028=EDGE_CURVE('',#1584,#1585,#266,.T.);
#2029=EDGE_CURVE('',#1585,#1583,#941,.T.);
#2030=EDGE_CURVE('',#1582,#1584,#942,.T.);
#2031=EDGE_CURVE('',#1586,#1587,#267,.T.);
#2032=EDGE_CURVE('',#1587,#1585,#268,.T.);
#2033=EDGE_CURVE('',#1584,#1586,#269,.T.);
#2034=EDGE_CURVE('',#1588,#1589,#270,.T.);
#2035=EDGE_CURVE('',#1589,#1587,#943,.T.);
#2036=EDGE_CURVE('',#1586,#1590,#944,.T.);
#2037=EDGE_CURVE('',#1590,#1588,#945,.T.);
#2038=EDGE_CURVE('',#1591,#1592,#271,.T.);
#2039=EDGE_CURVE('',#1592,#1589,#272,.T.);
#2040=EDGE_CURVE('',#1588,#1591,#273,.T.);
#2041=EDGE_CURVE('',#1593,#1594,#274,.T.);
#2042=EDGE_CURVE('',#1594,#1592,#946,.T.);
#2043=EDGE_CURVE('',#1591,#1593,#947,.T.);
#2044=EDGE_CURVE('',#1595,#1596,#275,.T.);
#2045=EDGE_CURVE('',#1596,#1594,#276,.T.);
#2046=EDGE_CURVE('',#1593,#1595,#277,.T.);
#2047=EDGE_CURVE('',#1595,#1548,#948,.T.);
#2048=EDGE_CURVE('',#1547,#1596,#949,.T.);
#2049=EDGE_CURVE('',#1597,#1577,#950,.T.);
#2050=EDGE_CURVE('',#1598,#1597,#951,.T.);
#2051=EDGE_CURVE('',#1575,#1598,#952,.T.);
#2052=EDGE_CURVE('',#1492,#1599,#953,.T.);
#2053=EDGE_CURVE('',#1599,#1597,#278,.T.);
#2054=EDGE_CURVE('',#1579,#1490,#954,.T.);
#2055=EDGE_CURVE('',#1488,#1581,#955,.T.);
#2056=EDGE_CURVE('',#1583,#1485,#956,.T.);
#2057=EDGE_CURVE('',#1481,#1585,#957,.T.);
#2058=EDGE_CURVE('',#1587,#1479,#958,.T.);
#2059=EDGE_CURVE('',#1477,#1589,#959,.T.);
#2060=EDGE_CURVE('',#1592,#1474,#960,.T.);
#2061=EDGE_CURVE('',#1470,#1594,#961,.T.);
#2062=EDGE_CURVE('',#1596,#1468,#962,.T.);
#2063=EDGE_CURVE('',#1464,#1547,#963,.T.);
#2064=EDGE_CURVE('',#1550,#1600,#964,.T.);
#2065=EDGE_CURVE('',#1600,#1601,#279,.T.);
#2066=EDGE_CURVE('',#1601,#1465,#965,.T.);
#2067=EDGE_CURVE('',#1565,#1590,#280,.T.);
#2068=EDGE_CURVE('',#1590,#1602,#281,.T.);
#2069=EDGE_CURVE('',#1602,#1565,#282,.T.);
#2070=EDGE_CURVE('',#1603,#1601,#966,.T.);
#2071=EDGE_CURVE('',#1603,#1472,#967,.T.);
#2072=EDGE_CURVE('',#1600,#1604,#968,.T.);
#2073=EDGE_CURVE('',#1605,#1604,#283,.T.);
#2074=EDGE_CURVE('',#1605,#1606,#969,.T.);
#2075=EDGE_CURVE('',#1606,#1603,#970,.T.);
#2076=EDGE_CURVE('',#1599,#1607,#971,.T.);
#2077=EDGE_CURVE('',#1607,#1608,#972,.T.);
#2078=EDGE_CURVE('',#1608,#1609,#973,.T.);
#2079=EDGE_CURVE('',#1598,#1609,#284,.T.);
#2080=EDGE_CURVE('',#1607,#1483,#974,.T.);
#2081=EDGE_CURVE('',#1500,#1573,#975,.T.);
#2082=EDGE_CURVE('',#1609,#1501,#976,.T.);
#2083=EDGE_CURVE('',#1571,#1504,#977,.T.);
#2084=EDGE_CURVE('',#1506,#1569,#978,.T.);
#2085=EDGE_CURVE('',#1567,#1508,#979,.T.);
#2086=EDGE_CURVE('',#1510,#1564,#980,.T.);
#2087=EDGE_CURVE('',#1562,#1511,#981,.T.);
#2088=EDGE_CURVE('',#1512,#1560,#982,.T.);
#2089=EDGE_CURVE('',#1558,#1516,#983,.T.);
#2090=EDGE_CURVE('',#1518,#1556,#984,.T.);
#2091=EDGE_CURVE('',#1554,#1520,#985,.T.);
#2092=EDGE_CURVE('',#1522,#1605,#986,.T.);
#2093=EDGE_CURVE('',#1604,#1552,#987,.T.);
#2094=EDGE_CURVE('',#1606,#1514,#988,.T.);
#2095=EDGE_CURVE('',#1530,#1440,#989,.T.);
#2096=EDGE_CURVE('',#1441,#1528,#990,.T.);
#2097=EDGE_CURVE('',#1546,#1602,#991,.T.);
#2098=EDGE_CURVE('',#1608,#1507,#992,.T.);
#2099=ORIENTED_EDGE('',*,*,#1610,.F.);
#2100=ORIENTED_EDGE('',*,*,#1611,.T.);
#2101=ORIENTED_EDGE('',*,*,#1612,.T.);
#2102=ORIENTED_EDGE('',*,*,#1613,.F.);
#2103=ORIENTED_EDGE('',*,*,#1614,.F.);
#2104=ORIENTED_EDGE('',*,*,#1615,.T.);
#2105=ORIENTED_EDGE('',*,*,#1616,.T.);
#2106=ORIENTED_EDGE('',*,*,#1611,.F.);
#2107=ORIENTED_EDGE('',*,*,#1617,.F.);
#2108=ORIENTED_EDGE('',*,*,#1618,.T.);
#2109=ORIENTED_EDGE('',*,*,#1619,.T.);
#2110=ORIENTED_EDGE('',*,*,#1615,.F.);
#2111=ORIENTED_EDGE('',*,*,#1620,.F.);
#2112=ORIENTED_EDGE('',*,*,#1621,.T.);
#2113=ORIENTED_EDGE('',*,*,#1622,.T.);
#2114=ORIENTED_EDGE('',*,*,#1618,.F.);
#2115=ORIENTED_EDGE('',*,*,#1623,.F.);
#2116=ORIENTED_EDGE('',*,*,#1624,.T.);
#2117=ORIENTED_EDGE('',*,*,#1625,.T.);
#2118=ORIENTED_EDGE('',*,*,#1621,.F.);
#2119=ORIENTED_EDGE('',*,*,#1626,.F.);
#2120=ORIENTED_EDGE('',*,*,#1627,.T.);
#2121=ORIENTED_EDGE('',*,*,#1628,.T.);
#2122=ORIENTED_EDGE('',*,*,#1624,.F.);
#2123=ORIENTED_EDGE('',*,*,#1629,.F.);
#2124=ORIENTED_EDGE('',*,*,#1630,.T.);
#2125=ORIENTED_EDGE('',*,*,#1631,.T.);
#2126=ORIENTED_EDGE('',*,*,#1627,.F.);
#2127=ORIENTED_EDGE('',*,*,#1632,.F.);
#2128=ORIENTED_EDGE('',*,*,#1613,.T.);
#2129=ORIENTED_EDGE('',*,*,#1633,.T.);
#2130=ORIENTED_EDGE('',*,*,#1630,.F.);
#2131=ORIENTED_EDGE('',*,*,#1634,.F.);
#2132=ORIENTED_EDGE('',*,*,#1635,.T.);
#2133=ORIENTED_EDGE('',*,*,#1636,.T.);
#2134=ORIENTED_EDGE('',*,*,#1637,.F.);
#2135=ORIENTED_EDGE('',*,*,#1638,.F.);
#2136=ORIENTED_EDGE('',*,*,#1639,.T.);
#2137=ORIENTED_EDGE('',*,*,#1640,.T.);
#2138=ORIENTED_EDGE('',*,*,#1635,.F.);
#2139=ORIENTED_EDGE('',*,*,#1641,.F.);
#2140=ORIENTED_EDGE('',*,*,#1642,.T.);
#2141=ORIENTED_EDGE('',*,*,#1643,.T.);
#2142=ORIENTED_EDGE('',*,*,#1639,.F.);
#2143=ORIENTED_EDGE('',*,*,#1644,.F.);
#2144=ORIENTED_EDGE('',*,*,#1645,.T.);
#2145=ORIENTED_EDGE('',*,*,#1646,.T.);
#2146=ORIENTED_EDGE('',*,*,#1642,.F.);
#2147=ORIENTED_EDGE('',*,*,#1647,.F.);
#2148=ORIENTED_EDGE('',*,*,#1648,.T.);
#2149=ORIENTED_EDGE('',*,*,#1649,.T.);
#2150=ORIENTED_EDGE('',*,*,#1645,.F.);
#2151=ORIENTED_EDGE('',*,*,#1650,.F.);
#2152=ORIENTED_EDGE('',*,*,#1651,.T.);
#2153=ORIENTED_EDGE('',*,*,#1652,.T.);
#2154=ORIENTED_EDGE('',*,*,#1648,.F.);
#2155=ORIENTED_EDGE('',*,*,#1653,.F.);
#2156=ORIENTED_EDGE('',*,*,#1654,.T.);
#2157=ORIENTED_EDGE('',*,*,#1655,.T.);
#2158=ORIENTED_EDGE('',*,*,#1651,.F.);
#2159=ORIENTED_EDGE('',*,*,#1656,.F.);
#2160=ORIENTED_EDGE('',*,*,#1657,.T.);
#2161=ORIENTED_EDGE('',*,*,#1658,.T.);
#2162=ORIENTED_EDGE('',*,*,#1654,.F.);
#2163=ORIENTED_EDGE('',*,*,#1659,.F.);
#2164=ORIENTED_EDGE('',*,*,#1660,.T.);
#2165=ORIENTED_EDGE('',*,*,#1661,.T.);
#2166=ORIENTED_EDGE('',*,*,#1657,.F.);
#2167=ORIENTED_EDGE('',*,*,#1662,.F.);
#2168=ORIENTED_EDGE('',*,*,#1663,.T.);
#2169=ORIENTED_EDGE('',*,*,#1664,.T.);
#2170=ORIENTED_EDGE('',*,*,#1660,.F.);
#2171=ORIENTED_EDGE('',*,*,#1665,.F.);
#2172=ORIENTED_EDGE('',*,*,#1666,.T.);
#2173=ORIENTED_EDGE('',*,*,#1667,.T.);
#2174=ORIENTED_EDGE('',*,*,#1663,.F.);
#2175=ORIENTED_EDGE('',*,*,#1668,.F.);
#2176=ORIENTED_EDGE('',*,*,#1637,.T.);
#2177=ORIENTED_EDGE('',*,*,#1669,.T.);
#2178=ORIENTED_EDGE('',*,*,#1666,.F.);
#2179=ORIENTED_EDGE('',*,*,#1669,.F.);
#2180=ORIENTED_EDGE('',*,*,#1636,.F.);
#2181=ORIENTED_EDGE('',*,*,#1640,.F.);
#2182=ORIENTED_EDGE('',*,*,#1643,.F.);
#2183=ORIENTED_EDGE('',*,*,#1646,.F.);
#2184=ORIENTED_EDGE('',*,*,#1649,.F.);
#2185=ORIENTED_EDGE('',*,*,#1652,.F.);
#2186=ORIENTED_EDGE('',*,*,#1655,.F.);
#2187=ORIENTED_EDGE('',*,*,#1658,.F.);
#2188=ORIENTED_EDGE('',*,*,#1661,.F.);
#2189=ORIENTED_EDGE('',*,*,#1664,.F.);
#2190=ORIENTED_EDGE('',*,*,#1667,.F.);
#2191=ORIENTED_EDGE('',*,*,#1633,.F.);
#2192=ORIENTED_EDGE('',*,*,#1612,.F.);
#2193=ORIENTED_EDGE('',*,*,#1616,.F.);
#2194=ORIENTED_EDGE('',*,*,#1619,.F.);
#2195=ORIENTED_EDGE('',*,*,#1622,.F.);
#2196=ORIENTED_EDGE('',*,*,#1625,.F.);
#2197=ORIENTED_EDGE('',*,*,#1628,.F.);
#2198=ORIENTED_EDGE('',*,*,#1631,.F.);
#2199=ORIENTED_EDGE('',*,*,#1670,.F.);
#2200=ORIENTED_EDGE('',*,*,#1671,.T.);
#2201=ORIENTED_EDGE('',*,*,#1672,.T.);
#2202=ORIENTED_EDGE('',*,*,#1673,.F.);
#2203=ORIENTED_EDGE('',*,*,#1674,.F.);
#2204=ORIENTED_EDGE('',*,*,#1675,.T.);
#2205=ORIENTED_EDGE('',*,*,#1676,.T.);
#2206=ORIENTED_EDGE('',*,*,#1671,.F.);
#2207=ORIENTED_EDGE('',*,*,#1677,.F.);
#2208=ORIENTED_EDGE('',*,*,#1678,.T.);
#2209=ORIENTED_EDGE('',*,*,#1679,.T.);
#2210=ORIENTED_EDGE('',*,*,#1675,.F.);
#2211=ORIENTED_EDGE('',*,*,#1680,.F.);
#2212=ORIENTED_EDGE('',*,*,#1681,.T.);
#2213=ORIENTED_EDGE('',*,*,#1682,.T.);
#2214=ORIENTED_EDGE('',*,*,#1678,.F.);
#2215=ORIENTED_EDGE('',*,*,#1683,.F.);
#2216=ORIENTED_EDGE('',*,*,#1684,.T.);
#2217=ORIENTED_EDGE('',*,*,#1685,.T.);
#2218=ORIENTED_EDGE('',*,*,#1681,.F.);
#2219=ORIENTED_EDGE('',*,*,#1686,.F.);
#2220=ORIENTED_EDGE('',*,*,#1687,.T.);
#2221=ORIENTED_EDGE('',*,*,#1688,.T.);
#2222=ORIENTED_EDGE('',*,*,#1684,.F.);
#2223=ORIENTED_EDGE('',*,*,#1689,.F.);
#2224=ORIENTED_EDGE('',*,*,#1690,.T.);
#2225=ORIENTED_EDGE('',*,*,#1691,.T.);
#2226=ORIENTED_EDGE('',*,*,#1687,.F.);
#2227=ORIENTED_EDGE('',*,*,#1692,.F.);
#2228=ORIENTED_EDGE('',*,*,#1673,.T.);
#2229=ORIENTED_EDGE('',*,*,#1693,.T.);
#2230=ORIENTED_EDGE('',*,*,#1690,.F.);
#2231=ORIENTED_EDGE('',*,*,#1694,.F.);
#2232=ORIENTED_EDGE('',*,*,#1695,.T.);
#2233=ORIENTED_EDGE('',*,*,#1696,.T.);
#2234=ORIENTED_EDGE('',*,*,#1697,.F.);
#2235=ORIENTED_EDGE('',*,*,#1698,.F.);
#2236=ORIENTED_EDGE('',*,*,#1699,.T.);
#2237=ORIENTED_EDGE('',*,*,#1700,.T.);
#2238=ORIENTED_EDGE('',*,*,#1695,.F.);
#2239=ORIENTED_EDGE('',*,*,#1701,.F.);
#2240=ORIENTED_EDGE('',*,*,#1702,.T.);
#2241=ORIENTED_EDGE('',*,*,#1703,.T.);
#2242=ORIENTED_EDGE('',*,*,#1699,.F.);
#2243=ORIENTED_EDGE('',*,*,#1704,.F.);
#2244=ORIENTED_EDGE('',*,*,#1705,.T.);
#2245=ORIENTED_EDGE('',*,*,#1706,.T.);
#2246=ORIENTED_EDGE('',*,*,#1702,.F.);
#2247=ORIENTED_EDGE('',*,*,#1707,.F.);
#2248=ORIENTED_EDGE('',*,*,#1708,.T.);
#2249=ORIENTED_EDGE('',*,*,#1709,.T.);
#2250=ORIENTED_EDGE('',*,*,#1705,.F.);
#2251=ORIENTED_EDGE('',*,*,#1710,.F.);
#2252=ORIENTED_EDGE('',*,*,#1711,.T.);
#2253=ORIENTED_EDGE('',*,*,#1712,.T.);
#2254=ORIENTED_EDGE('',*,*,#1708,.F.);
#2255=ORIENTED_EDGE('',*,*,#1713,.F.);
#2256=ORIENTED_EDGE('',*,*,#1714,.T.);
#2257=ORIENTED_EDGE('',*,*,#1715,.T.);
#2258=ORIENTED_EDGE('',*,*,#1711,.F.);
#2259=ORIENTED_EDGE('',*,*,#1716,.F.);
#2260=ORIENTED_EDGE('',*,*,#1717,.T.);
#2261=ORIENTED_EDGE('',*,*,#1718,.T.);
#2262=ORIENTED_EDGE('',*,*,#1714,.F.);
#2263=ORIENTED_EDGE('',*,*,#1719,.F.);
#2264=ORIENTED_EDGE('',*,*,#1720,.T.);
#2265=ORIENTED_EDGE('',*,*,#1721,.T.);
#2266=ORIENTED_EDGE('',*,*,#1717,.F.);
#2267=ORIENTED_EDGE('',*,*,#1722,.F.);
#2268=ORIENTED_EDGE('',*,*,#1723,.T.);
#2269=ORIENTED_EDGE('',*,*,#1724,.T.);
#2270=ORIENTED_EDGE('',*,*,#1720,.F.);
#2271=ORIENTED_EDGE('',*,*,#1725,.F.);
#2272=ORIENTED_EDGE('',*,*,#1726,.T.);
#2273=ORIENTED_EDGE('',*,*,#1727,.T.);
#2274=ORIENTED_EDGE('',*,*,#1723,.F.);
#2275=ORIENTED_EDGE('',*,*,#1728,.F.);
#2276=ORIENTED_EDGE('',*,*,#1729,.T.);
#2277=ORIENTED_EDGE('',*,*,#1730,.T.);
#2278=ORIENTED_EDGE('',*,*,#1726,.F.);
#2279=ORIENTED_EDGE('',*,*,#1731,.F.);
#2280=ORIENTED_EDGE('',*,*,#1732,.T.);
#2281=ORIENTED_EDGE('',*,*,#1733,.T.);
#2282=ORIENTED_EDGE('',*,*,#1729,.F.);
#2283=ORIENTED_EDGE('',*,*,#1734,.F.);
#2284=ORIENTED_EDGE('',*,*,#1735,.T.);
#2285=ORIENTED_EDGE('',*,*,#1736,.T.);
#2286=ORIENTED_EDGE('',*,*,#1732,.F.);
#2287=ORIENTED_EDGE('',*,*,#1737,.F.);
#2288=ORIENTED_EDGE('',*,*,#1738,.T.);
#2289=ORIENTED_EDGE('',*,*,#1739,.T.);
#2290=ORIENTED_EDGE('',*,*,#1735,.F.);
#2291=ORIENTED_EDGE('',*,*,#1740,.F.);
#2292=ORIENTED_EDGE('',*,*,#1741,.T.);
#2293=ORIENTED_EDGE('',*,*,#1742,.T.);
#2294=ORIENTED_EDGE('',*,*,#1738,.F.);
#2295=ORIENTED_EDGE('',*,*,#1743,.F.);
#2296=ORIENTED_EDGE('',*,*,#1744,.T.);
#2297=ORIENTED_EDGE('',*,*,#1745,.T.);
#2298=ORIENTED_EDGE('',*,*,#1741,.F.);
#2299=ORIENTED_EDGE('',*,*,#1746,.F.);
#2300=ORIENTED_EDGE('',*,*,#1747,.T.);
#2301=ORIENTED_EDGE('',*,*,#1748,.T.);
#2302=ORIENTED_EDGE('',*,*,#1744,.F.);
#2303=ORIENTED_EDGE('',*,*,#1749,.F.);
#2304=ORIENTED_EDGE('',*,*,#1697,.T.);
#2305=ORIENTED_EDGE('',*,*,#1750,.T.);
#2306=ORIENTED_EDGE('',*,*,#1747,.F.);
#2307=ORIENTED_EDGE('',*,*,#1750,.F.);
#2308=ORIENTED_EDGE('',*,*,#1696,.F.);
#2309=ORIENTED_EDGE('',*,*,#1700,.F.);
#2310=ORIENTED_EDGE('',*,*,#1703,.F.);
#2311=ORIENTED_EDGE('',*,*,#1706,.F.);
#2312=ORIENTED_EDGE('',*,*,#1709,.F.);
#2313=ORIENTED_EDGE('',*,*,#1712,.F.);
#2314=ORIENTED_EDGE('',*,*,#1715,.F.);
#2315=ORIENTED_EDGE('',*,*,#1718,.F.);
#2316=ORIENTED_EDGE('',*,*,#1721,.F.);
#2317=ORIENTED_EDGE('',*,*,#1724,.F.);
#2318=ORIENTED_EDGE('',*,*,#1727,.F.);
#2319=ORIENTED_EDGE('',*,*,#1730,.F.);
#2320=ORIENTED_EDGE('',*,*,#1733,.F.);
#2321=ORIENTED_EDGE('',*,*,#1736,.F.);
#2322=ORIENTED_EDGE('',*,*,#1739,.F.);
#2323=ORIENTED_EDGE('',*,*,#1742,.F.);
#2324=ORIENTED_EDGE('',*,*,#1745,.F.);
#2325=ORIENTED_EDGE('',*,*,#1748,.F.);
#2326=ORIENTED_EDGE('',*,*,#1693,.F.);
#2327=ORIENTED_EDGE('',*,*,#1672,.F.);
#2328=ORIENTED_EDGE('',*,*,#1676,.F.);
#2329=ORIENTED_EDGE('',*,*,#1679,.F.);
#2330=ORIENTED_EDGE('',*,*,#1682,.F.);
#2331=ORIENTED_EDGE('',*,*,#1685,.F.);
#2332=ORIENTED_EDGE('',*,*,#1688,.F.);
#2333=ORIENTED_EDGE('',*,*,#1691,.F.);
#2334=ORIENTED_EDGE('',*,*,#1751,.F.);
#2335=ORIENTED_EDGE('',*,*,#1752,.T.);
#2336=ORIENTED_EDGE('',*,*,#1753,.T.);
#2337=ORIENTED_EDGE('',*,*,#1754,.F.);
#2338=ORIENTED_EDGE('',*,*,#1755,.F.);
#2339=ORIENTED_EDGE('',*,*,#1756,.T.);
#2340=ORIENTED_EDGE('',*,*,#1757,.T.);
#2341=ORIENTED_EDGE('',*,*,#1752,.F.);
#2342=ORIENTED_EDGE('',*,*,#1758,.F.);
#2343=ORIENTED_EDGE('',*,*,#1759,.T.);
#2344=ORIENTED_EDGE('',*,*,#1760,.T.);
#2345=ORIENTED_EDGE('',*,*,#1756,.F.);
#2346=ORIENTED_EDGE('',*,*,#1761,.F.);
#2347=ORIENTED_EDGE('',*,*,#1762,.T.);
#2348=ORIENTED_EDGE('',*,*,#1763,.T.);
#2349=ORIENTED_EDGE('',*,*,#1759,.F.);
#2350=ORIENTED_EDGE('',*,*,#1764,.F.);
#2351=ORIENTED_EDGE('',*,*,#1765,.T.);
#2352=ORIENTED_EDGE('',*,*,#1766,.T.);
#2353=ORIENTED_EDGE('',*,*,#1762,.F.);
#2354=ORIENTED_EDGE('',*,*,#1767,.F.);
#2355=ORIENTED_EDGE('',*,*,#1768,.T.);
#2356=ORIENTED_EDGE('',*,*,#1769,.T.);
#2357=ORIENTED_EDGE('',*,*,#1765,.F.);
#2358=ORIENTED_EDGE('',*,*,#1770,.F.);
#2359=ORIENTED_EDGE('',*,*,#1771,.T.);
#2360=ORIENTED_EDGE('',*,*,#1772,.T.);
#2361=ORIENTED_EDGE('',*,*,#1768,.F.);
#2362=ORIENTED_EDGE('',*,*,#1773,.F.);
#2363=ORIENTED_EDGE('',*,*,#1774,.T.);
#2364=ORIENTED_EDGE('',*,*,#1775,.T.);
#2365=ORIENTED_EDGE('',*,*,#1771,.F.);
#2366=ORIENTED_EDGE('',*,*,#1776,.F.);
#2367=ORIENTED_EDGE('',*,*,#1754,.T.);
#2368=ORIENTED_EDGE('',*,*,#1777,.T.);
#2369=ORIENTED_EDGE('',*,*,#1774,.F.);
#2370=ORIENTED_EDGE('',*,*,#1777,.F.);
#2371=ORIENTED_EDGE('',*,*,#1753,.F.);
#2372=ORIENTED_EDGE('',*,*,#1757,.F.);
#2373=ORIENTED_EDGE('',*,*,#1760,.F.);
#2374=ORIENTED_EDGE('',*,*,#1763,.F.);
#2375=ORIENTED_EDGE('',*,*,#1766,.F.);
#2376=ORIENTED_EDGE('',*,*,#1769,.F.);
#2377=ORIENTED_EDGE('',*,*,#1772,.F.);
#2378=ORIENTED_EDGE('',*,*,#1775,.F.);
#2379=ORIENTED_EDGE('',*,*,#1778,.F.);
#2380=ORIENTED_EDGE('',*,*,#1779,.F.);
#2381=ORIENTED_EDGE('',*,*,#1780,.F.);
#2382=ORIENTED_EDGE('',*,*,#1781,.F.);
#2383=ORIENTED_EDGE('',*,*,#1782,.F.);
#2384=ORIENTED_EDGE('',*,*,#1783,.F.);
#2385=ORIENTED_EDGE('',*,*,#1784,.F.);
#2386=ORIENTED_EDGE('',*,*,#1785,.F.);
#2387=ORIENTED_EDGE('',*,*,#1786,.F.);
#2388=ORIENTED_EDGE('',*,*,#1787,.F.);
#2389=ORIENTED_EDGE('',*,*,#1788,.F.);
#2390=ORIENTED_EDGE('',*,*,#1789,.F.);
#2391=ORIENTED_EDGE('',*,*,#1790,.F.);
#2392=ORIENTED_EDGE('',*,*,#1791,.F.);
#2393=ORIENTED_EDGE('',*,*,#1792,.F.);
#2394=ORIENTED_EDGE('',*,*,#1793,.F.);
#2395=ORIENTED_EDGE('',*,*,#1634,.T.);
#2396=ORIENTED_EDGE('',*,*,#1668,.T.);
#2397=ORIENTED_EDGE('',*,*,#1665,.T.);
#2398=ORIENTED_EDGE('',*,*,#1662,.T.);
#2399=ORIENTED_EDGE('',*,*,#1659,.T.);
#2400=ORIENTED_EDGE('',*,*,#1656,.T.);
#2401=ORIENTED_EDGE('',*,*,#1653,.T.);
#2402=ORIENTED_EDGE('',*,*,#1650,.T.);
#2403=ORIENTED_EDGE('',*,*,#1647,.T.);
#2404=ORIENTED_EDGE('',*,*,#1644,.T.);
#2405=ORIENTED_EDGE('',*,*,#1641,.T.);
#2406=ORIENTED_EDGE('',*,*,#1638,.T.);
#2407=ORIENTED_EDGE('',*,*,#1694,.T.);
#2408=ORIENTED_EDGE('',*,*,#1749,.T.);
#2409=ORIENTED_EDGE('',*,*,#1746,.T.);
#2410=ORIENTED_EDGE('',*,*,#1743,.T.);
#2411=ORIENTED_EDGE('',*,*,#1740,.T.);
#2412=ORIENTED_EDGE('',*,*,#1737,.T.);
#2413=ORIENTED_EDGE('',*,*,#1734,.T.);
#2414=ORIENTED_EDGE('',*,*,#1731,.T.);
#2415=ORIENTED_EDGE('',*,*,#1728,.T.);
#2416=ORIENTED_EDGE('',*,*,#1725,.T.);
#2417=ORIENTED_EDGE('',*,*,#1722,.T.);
#2418=ORIENTED_EDGE('',*,*,#1719,.T.);
#2419=ORIENTED_EDGE('',*,*,#1716,.T.);
#2420=ORIENTED_EDGE('',*,*,#1713,.T.);
#2421=ORIENTED_EDGE('',*,*,#1710,.T.);
#2422=ORIENTED_EDGE('',*,*,#1707,.T.);
#2423=ORIENTED_EDGE('',*,*,#1704,.T.);
#2424=ORIENTED_EDGE('',*,*,#1701,.T.);
#2425=ORIENTED_EDGE('',*,*,#1698,.T.);
#2426=ORIENTED_EDGE('',*,*,#1751,.T.);
#2427=ORIENTED_EDGE('',*,*,#1776,.T.);
#2428=ORIENTED_EDGE('',*,*,#1773,.T.);
#2429=ORIENTED_EDGE('',*,*,#1770,.T.);
#2430=ORIENTED_EDGE('',*,*,#1767,.T.);
#2431=ORIENTED_EDGE('',*,*,#1764,.T.);
#2432=ORIENTED_EDGE('',*,*,#1761,.T.);
#2433=ORIENTED_EDGE('',*,*,#1758,.T.);
#2434=ORIENTED_EDGE('',*,*,#1755,.T.);
#2435=ORIENTED_EDGE('',*,*,#1670,.T.);
#2436=ORIENTED_EDGE('',*,*,#1692,.T.);
#2437=ORIENTED_EDGE('',*,*,#1689,.T.);
#2438=ORIENTED_EDGE('',*,*,#1686,.T.);
#2439=ORIENTED_EDGE('',*,*,#1683,.T.);
#2440=ORIENTED_EDGE('',*,*,#1680,.T.);
#2441=ORIENTED_EDGE('',*,*,#1677,.T.);
#2442=ORIENTED_EDGE('',*,*,#1674,.T.);
#2443=ORIENTED_EDGE('',*,*,#1794,.T.);
#2444=ORIENTED_EDGE('',*,*,#1778,.T.);
#2445=ORIENTED_EDGE('',*,*,#1795,.T.);
#2446=ORIENTED_EDGE('',*,*,#1796,.T.);
#2447=ORIENTED_EDGE('',*,*,#1797,.T.);
#2448=ORIENTED_EDGE('',*,*,#1798,.T.);
#2449=ORIENTED_EDGE('',*,*,#1795,.F.);
#2450=ORIENTED_EDGE('',*,*,#1793,.T.);
#2451=ORIENTED_EDGE('',*,*,#1799,.T.);
#2452=ORIENTED_EDGE('',*,*,#1800,.T.);
#2453=ORIENTED_EDGE('',*,*,#1797,.F.);
#2454=ORIENTED_EDGE('',*,*,#1792,.T.);
#2455=ORIENTED_EDGE('',*,*,#1801,.T.);
#2456=ORIENTED_EDGE('',*,*,#1802,.T.);
#2457=ORIENTED_EDGE('',*,*,#1799,.F.);
#2458=ORIENTED_EDGE('',*,*,#1791,.T.);
#2459=ORIENTED_EDGE('',*,*,#1803,.T.);
#2460=ORIENTED_EDGE('',*,*,#1804,.T.);
#2461=ORIENTED_EDGE('',*,*,#1801,.F.);
#2462=ORIENTED_EDGE('',*,*,#1790,.T.);
#2463=ORIENTED_EDGE('',*,*,#1805,.T.);
#2464=ORIENTED_EDGE('',*,*,#1806,.T.);
#2465=ORIENTED_EDGE('',*,*,#1803,.F.);
#2466=ORIENTED_EDGE('',*,*,#1789,.T.);
#2467=ORIENTED_EDGE('',*,*,#1807,.T.);
#2468=ORIENTED_EDGE('',*,*,#1808,.T.);
#2469=ORIENTED_EDGE('',*,*,#1805,.F.);
#2470=ORIENTED_EDGE('',*,*,#1788,.T.);
#2471=ORIENTED_EDGE('',*,*,#1809,.T.);
#2472=ORIENTED_EDGE('',*,*,#1810,.T.);
#2473=ORIENTED_EDGE('',*,*,#1807,.F.);
#2474=ORIENTED_EDGE('',*,*,#1787,.T.);
#2475=ORIENTED_EDGE('',*,*,#1811,.T.);
#2476=ORIENTED_EDGE('',*,*,#1812,.T.);
#2477=ORIENTED_EDGE('',*,*,#1809,.F.);
#2478=ORIENTED_EDGE('',*,*,#1786,.T.);
#2479=ORIENTED_EDGE('',*,*,#1813,.T.);
#2480=ORIENTED_EDGE('',*,*,#1814,.T.);
#2481=ORIENTED_EDGE('',*,*,#1811,.F.);
#2482=ORIENTED_EDGE('',*,*,#1785,.T.);
#2483=ORIENTED_EDGE('',*,*,#1815,.T.);
#2484=ORIENTED_EDGE('',*,*,#1816,.T.);
#2485=ORIENTED_EDGE('',*,*,#1813,.F.);
#2486=ORIENTED_EDGE('',*,*,#1784,.T.);
#2487=ORIENTED_EDGE('',*,*,#1817,.T.);
#2488=ORIENTED_EDGE('',*,*,#1818,.T.);
#2489=ORIENTED_EDGE('',*,*,#1815,.F.);
#2490=ORIENTED_EDGE('',*,*,#1783,.T.);
#2491=ORIENTED_EDGE('',*,*,#1819,.T.);
#2492=ORIENTED_EDGE('',*,*,#1820,.T.);
#2493=ORIENTED_EDGE('',*,*,#1817,.F.);
#2494=ORIENTED_EDGE('',*,*,#1782,.T.);
#2495=ORIENTED_EDGE('',*,*,#1821,.T.);
#2496=ORIENTED_EDGE('',*,*,#1822,.T.);
#2497=ORIENTED_EDGE('',*,*,#1819,.F.);
#2498=ORIENTED_EDGE('',*,*,#1781,.T.);
#2499=ORIENTED_EDGE('',*,*,#1823,.T.);
#2500=ORIENTED_EDGE('',*,*,#1824,.T.);
#2501=ORIENTED_EDGE('',*,*,#1821,.F.);
#2502=ORIENTED_EDGE('',*,*,#1780,.T.);
#2503=ORIENTED_EDGE('',*,*,#1823,.F.);
#2504=ORIENTED_EDGE('',*,*,#1779,.T.);
#2505=ORIENTED_EDGE('',*,*,#1794,.F.);
#2506=ORIENTED_EDGE('',*,*,#1825,.T.);
#2507=ORIENTED_EDGE('',*,*,#1814,.F.);
#2508=ORIENTED_EDGE('',*,*,#1826,.F.);
#2509=ORIENTED_EDGE('',*,*,#1827,.F.);
#2510=ORIENTED_EDGE('',*,*,#1828,.F.);
#2511=ORIENTED_EDGE('',*,*,#1816,.F.);
#2512=ORIENTED_EDGE('',*,*,#1829,.T.);
#2513=ORIENTED_EDGE('',*,*,#1830,.F.);
#2514=ORIENTED_EDGE('',*,*,#1826,.T.);
#2515=ORIENTED_EDGE('',*,*,#1818,.F.);
#2516=ORIENTED_EDGE('',*,*,#1831,.F.);
#2517=ORIENTED_EDGE('',*,*,#1832,.F.);
#2518=ORIENTED_EDGE('',*,*,#1829,.F.);
#2519=ORIENTED_EDGE('',*,*,#1820,.F.);
#2520=ORIENTED_EDGE('',*,*,#1833,.T.);
#2521=ORIENTED_EDGE('',*,*,#1834,.F.);
#2522=ORIENTED_EDGE('',*,*,#1831,.T.);
#2523=ORIENTED_EDGE('',*,*,#1822,.F.);
#2524=ORIENTED_EDGE('',*,*,#1835,.F.);
#2525=ORIENTED_EDGE('',*,*,#1836,.F.);
#2526=ORIENTED_EDGE('',*,*,#1833,.F.);
#2527=ORIENTED_EDGE('',*,*,#1824,.F.);
#2528=ORIENTED_EDGE('',*,*,#1837,.T.);
#2529=ORIENTED_EDGE('',*,*,#1838,.F.);
#2530=ORIENTED_EDGE('',*,*,#1835,.T.);
#2531=ORIENTED_EDGE('',*,*,#1825,.F.);
#2532=ORIENTED_EDGE('',*,*,#1839,.F.);
#2533=ORIENTED_EDGE('',*,*,#1840,.F.);
#2534=ORIENTED_EDGE('',*,*,#1837,.F.);
#2535=ORIENTED_EDGE('',*,*,#1796,.F.);
#2536=ORIENTED_EDGE('',*,*,#1841,.T.);
#2537=ORIENTED_EDGE('',*,*,#1842,.F.);
#2538=ORIENTED_EDGE('',*,*,#1839,.T.);
#2539=ORIENTED_EDGE('',*,*,#1610,.T.);
#2540=ORIENTED_EDGE('',*,*,#1632,.T.);
#2541=ORIENTED_EDGE('',*,*,#1629,.T.);
#2542=ORIENTED_EDGE('',*,*,#1626,.T.);
#2543=ORIENTED_EDGE('',*,*,#1623,.T.);
#2544=ORIENTED_EDGE('',*,*,#1620,.T.);
#2545=ORIENTED_EDGE('',*,*,#1617,.T.);
#2546=ORIENTED_EDGE('',*,*,#1614,.T.);
#2547=ORIENTED_EDGE('',*,*,#1843,.T.);
#2548=ORIENTED_EDGE('',*,*,#1844,.T.);
#2549=ORIENTED_EDGE('',*,*,#1845,.T.);
#2550=ORIENTED_EDGE('',*,*,#1846,.T.);
#2551=ORIENTED_EDGE('',*,*,#1847,.T.);
#2552=ORIENTED_EDGE('',*,*,#1848,.T.);
#2553=ORIENTED_EDGE('',*,*,#1843,.F.);
#2554=ORIENTED_EDGE('',*,*,#1849,.T.);
#2555=ORIENTED_EDGE('',*,*,#1850,.T.);
#2556=ORIENTED_EDGE('',*,*,#1851,.T.);
#2557=ORIENTED_EDGE('',*,*,#1847,.F.);
#2558=ORIENTED_EDGE('',*,*,#1852,.T.);
#2559=ORIENTED_EDGE('',*,*,#1853,.F.);
#2560=ORIENTED_EDGE('',*,*,#1854,.T.);
#2561=ORIENTED_EDGE('',*,*,#1855,.T.);
#2562=ORIENTED_EDGE('',*,*,#1856,.T.);
#2563=ORIENTED_EDGE('',*,*,#1850,.F.);
#2564=ORIENTED_EDGE('',*,*,#1857,.T.);
#2565=ORIENTED_EDGE('',*,*,#1858,.F.);
#2566=ORIENTED_EDGE('',*,*,#1859,.T.);
#2567=ORIENTED_EDGE('',*,*,#1860,.T.);
#2568=ORIENTED_EDGE('',*,*,#1855,.F.);
#2569=ORIENTED_EDGE('',*,*,#1861,.T.);
#2570=ORIENTED_EDGE('',*,*,#1862,.T.);
#2571=ORIENTED_EDGE('',*,*,#1863,.T.);
#2572=ORIENTED_EDGE('',*,*,#1859,.F.);
#2573=ORIENTED_EDGE('',*,*,#1864,.T.);
#2574=ORIENTED_EDGE('',*,*,#1865,.T.);
#2575=ORIENTED_EDGE('',*,*,#1866,.T.);
#2576=ORIENTED_EDGE('',*,*,#1862,.F.);
#2577=ORIENTED_EDGE('',*,*,#1867,.T.);
#2578=ORIENTED_EDGE('',*,*,#1868,.F.);
#2579=ORIENTED_EDGE('',*,*,#1869,.T.);
#2580=ORIENTED_EDGE('',*,*,#1870,.T.);
#2581=ORIENTED_EDGE('',*,*,#1871,.T.);
#2582=ORIENTED_EDGE('',*,*,#1865,.F.);
#2583=ORIENTED_EDGE('',*,*,#1872,.T.);
#2584=ORIENTED_EDGE('',*,*,#1873,.F.);
#2585=ORIENTED_EDGE('',*,*,#1874,.T.);
#2586=ORIENTED_EDGE('',*,*,#1875,.T.);
#2587=ORIENTED_EDGE('',*,*,#1870,.F.);
#2588=ORIENTED_EDGE('',*,*,#1876,.T.);
#2589=ORIENTED_EDGE('',*,*,#1877,.T.);
#2590=ORIENTED_EDGE('',*,*,#1878,.T.);
#2591=ORIENTED_EDGE('',*,*,#1874,.F.);
#2592=ORIENTED_EDGE('',*,*,#1879,.T.);
#2593=ORIENTED_EDGE('',*,*,#1880,.T.);
#2594=ORIENTED_EDGE('',*,*,#1881,.T.);
#2595=ORIENTED_EDGE('',*,*,#1877,.F.);
#2596=ORIENTED_EDGE('',*,*,#1882,.T.);
#2597=ORIENTED_EDGE('',*,*,#1872,.F.);
#2598=ORIENTED_EDGE('',*,*,#1867,.F.);
#2599=ORIENTED_EDGE('',*,*,#1864,.F.);
#2600=ORIENTED_EDGE('',*,*,#1861,.F.);
#2601=ORIENTED_EDGE('',*,*,#1854,.F.);
#2602=ORIENTED_EDGE('',*,*,#1883,.T.);
#2603=ORIENTED_EDGE('',*,*,#1884,.F.);
#2604=ORIENTED_EDGE('',*,*,#1885,.F.);
#2605=ORIENTED_EDGE('',*,*,#1886,.F.);
#2606=ORIENTED_EDGE('',*,*,#1887,.F.);
#2607=ORIENTED_EDGE('',*,*,#1888,.F.);
#2608=ORIENTED_EDGE('',*,*,#1889,.T.);
#2609=ORIENTED_EDGE('',*,*,#1857,.F.);
#2610=ORIENTED_EDGE('',*,*,#1852,.F.);
#2611=ORIENTED_EDGE('',*,*,#1849,.F.);
#2612=ORIENTED_EDGE('',*,*,#1846,.F.);
#2613=ORIENTED_EDGE('',*,*,#1890,.T.);
#2614=ORIENTED_EDGE('',*,*,#1882,.F.);
#2615=ORIENTED_EDGE('',*,*,#1879,.F.);
#2616=ORIENTED_EDGE('',*,*,#1876,.F.);
#2617=ORIENTED_EDGE('',*,*,#1869,.F.);
#2618=ORIENTED_EDGE('',*,*,#1891,.T.);
#2619=ORIENTED_EDGE('',*,*,#1892,.T.);
#2620=ORIENTED_EDGE('',*,*,#1893,.T.);
#2621=ORIENTED_EDGE('',*,*,#1894,.T.);
#2622=ORIENTED_EDGE('',*,*,#1895,.T.);
#2623=ORIENTED_EDGE('',*,*,#1896,.T.);
#2624=ORIENTED_EDGE('',*,*,#1897,.T.);
#2625=ORIENTED_EDGE('',*,*,#1892,.F.);
#2626=ORIENTED_EDGE('',*,*,#1898,.T.);
#2627=ORIENTED_EDGE('',*,*,#1899,.T.);
#2628=ORIENTED_EDGE('',*,*,#1900,.T.);
#2629=ORIENTED_EDGE('',*,*,#1896,.F.);
#2630=ORIENTED_EDGE('',*,*,#1901,.T.);
#2631=ORIENTED_EDGE('',*,*,#1902,.F.);
#2632=ORIENTED_EDGE('',*,*,#1888,.T.);
#2633=ORIENTED_EDGE('',*,*,#1903,.T.);
#2634=ORIENTED_EDGE('',*,*,#1904,.T.);
#2635=ORIENTED_EDGE('',*,*,#1899,.F.);
#2636=ORIENTED_EDGE('',*,*,#1905,.T.);
#2637=ORIENTED_EDGE('',*,*,#1906,.F.);
#2638=ORIENTED_EDGE('',*,*,#1907,.T.);
#2639=ORIENTED_EDGE('',*,*,#1908,.T.);
#2640=ORIENTED_EDGE('',*,*,#1903,.F.);
#2641=ORIENTED_EDGE('',*,*,#1887,.T.);
#2642=ORIENTED_EDGE('',*,*,#1909,.T.);
#2643=ORIENTED_EDGE('',*,*,#1910,.T.);
#2644=ORIENTED_EDGE('',*,*,#1907,.F.);
#2645=ORIENTED_EDGE('',*,*,#1886,.T.);
#2646=ORIENTED_EDGE('',*,*,#1911,.T.);
#2647=ORIENTED_EDGE('',*,*,#1912,.T.);
#2648=ORIENTED_EDGE('',*,*,#1909,.F.);
#2649=ORIENTED_EDGE('',*,*,#1885,.T.);
#2650=ORIENTED_EDGE('',*,*,#1913,.F.);
#2651=ORIENTED_EDGE('',*,*,#1914,.T.);
#2652=ORIENTED_EDGE('',*,*,#1915,.T.);
#2653=ORIENTED_EDGE('',*,*,#1916,.T.);
#2654=ORIENTED_EDGE('',*,*,#1911,.F.);
#2655=ORIENTED_EDGE('',*,*,#1884,.T.);
#2656=ORIENTED_EDGE('',*,*,#1917,.F.);
#2657=ORIENTED_EDGE('',*,*,#1918,.T.);
#2658=ORIENTED_EDGE('',*,*,#1919,.T.);
#2659=ORIENTED_EDGE('',*,*,#1915,.F.);
#2660=ORIENTED_EDGE('',*,*,#1920,.T.);
#2661=ORIENTED_EDGE('',*,*,#1921,.T.);
#2662=ORIENTED_EDGE('',*,*,#1922,.T.);
#2663=ORIENTED_EDGE('',*,*,#1918,.F.);
#2664=ORIENTED_EDGE('',*,*,#1923,.T.);
#2665=ORIENTED_EDGE('',*,*,#1924,.T.);
#2666=ORIENTED_EDGE('',*,*,#1925,.T.);
#2667=ORIENTED_EDGE('',*,*,#1921,.F.);
#2668=ORIENTED_EDGE('',*,*,#1926,.T.);
#2669=ORIENTED_EDGE('',*,*,#1905,.F.);
#2670=ORIENTED_EDGE('',*,*,#1901,.F.);
#2671=ORIENTED_EDGE('',*,*,#1898,.F.);
#2672=ORIENTED_EDGE('',*,*,#1895,.F.);
#2673=ORIENTED_EDGE('',*,*,#1927,.T.);
#2674=ORIENTED_EDGE('',*,*,#1926,.F.);
#2675=ORIENTED_EDGE('',*,*,#1923,.F.);
#2676=ORIENTED_EDGE('',*,*,#1920,.F.);
#2677=ORIENTED_EDGE('',*,*,#1914,.F.);
#2678=ORIENTED_EDGE('',*,*,#1928,.T.);
#2679=ORIENTED_EDGE('',*,*,#1929,.T.);
#2680=ORIENTED_EDGE('',*,*,#1930,.T.);
#2681=ORIENTED_EDGE('',*,*,#1931,.T.);
#2682=ORIENTED_EDGE('',*,*,#1932,.T.);
#2683=ORIENTED_EDGE('',*,*,#1933,.T.);
#2684=ORIENTED_EDGE('',*,*,#1934,.T.);
#2685=ORIENTED_EDGE('',*,*,#1931,.F.);
#2686=ORIENTED_EDGE('',*,*,#1935,.T.);
#2687=ORIENTED_EDGE('',*,*,#1936,.T.);
#2688=ORIENTED_EDGE('',*,*,#1937,.T.);
#2689=ORIENTED_EDGE('',*,*,#1933,.F.);
#2690=ORIENTED_EDGE('',*,*,#1938,.T.);
#2691=ORIENTED_EDGE('',*,*,#1939,.T.);
#2692=ORIENTED_EDGE('',*,*,#1940,.T.);
#2693=ORIENTED_EDGE('',*,*,#1936,.F.);
#2694=ORIENTED_EDGE('',*,*,#1941,.T.);
#2695=ORIENTED_EDGE('',*,*,#1942,.T.);
#2696=ORIENTED_EDGE('',*,*,#1842,.T.);
#2697=ORIENTED_EDGE('',*,*,#1939,.F.);
#2698=ORIENTED_EDGE('',*,*,#1943,.T.);
#2699=ORIENTED_EDGE('',*,*,#1944,.T.);
#2700=ORIENTED_EDGE('',*,*,#1840,.T.);
#2701=ORIENTED_EDGE('',*,*,#1942,.F.);
#2702=ORIENTED_EDGE('',*,*,#1945,.T.);
#2703=ORIENTED_EDGE('',*,*,#1946,.T.);
#2704=ORIENTED_EDGE('',*,*,#1838,.T.);
#2705=ORIENTED_EDGE('',*,*,#1944,.F.);
#2706=ORIENTED_EDGE('',*,*,#1947,.T.);
#2707=ORIENTED_EDGE('',*,*,#1948,.T.);
#2708=ORIENTED_EDGE('',*,*,#1836,.T.);
#2709=ORIENTED_EDGE('',*,*,#1946,.F.);
#2710=ORIENTED_EDGE('',*,*,#1949,.T.);
#2711=ORIENTED_EDGE('',*,*,#1950,.T.);
#2712=ORIENTED_EDGE('',*,*,#1834,.T.);
#2713=ORIENTED_EDGE('',*,*,#1948,.F.);
#2714=ORIENTED_EDGE('',*,*,#1951,.T.);
#2715=ORIENTED_EDGE('',*,*,#1952,.T.);
#2716=ORIENTED_EDGE('',*,*,#1832,.T.);
#2717=ORIENTED_EDGE('',*,*,#1950,.F.);
#2718=ORIENTED_EDGE('',*,*,#1953,.T.);
#2719=ORIENTED_EDGE('',*,*,#1954,.T.);
#2720=ORIENTED_EDGE('',*,*,#1830,.T.);
#2721=ORIENTED_EDGE('',*,*,#1952,.F.);
#2722=ORIENTED_EDGE('',*,*,#1955,.T.);
#2723=ORIENTED_EDGE('',*,*,#1956,.T.);
#2724=ORIENTED_EDGE('',*,*,#1827,.T.);
#2725=ORIENTED_EDGE('',*,*,#1954,.F.);
#2726=ORIENTED_EDGE('',*,*,#1957,.T.);
#2727=ORIENTED_EDGE('',*,*,#1958,.T.);
#2728=ORIENTED_EDGE('',*,*,#1959,.T.);
#2729=ORIENTED_EDGE('',*,*,#1956,.F.);
#2730=ORIENTED_EDGE('',*,*,#1960,.T.);
#2731=ORIENTED_EDGE('',*,*,#1961,.T.);
#2732=ORIENTED_EDGE('',*,*,#1962,.T.);
#2733=ORIENTED_EDGE('',*,*,#1958,.F.);
#2734=ORIENTED_EDGE('',*,*,#1963,.T.);
#2735=ORIENTED_EDGE('',*,*,#1964,.T.);
#2736=ORIENTED_EDGE('',*,*,#1965,.T.);
#2737=ORIENTED_EDGE('',*,*,#1961,.F.);
#2738=ORIENTED_EDGE('',*,*,#1966,.T.);
#2739=ORIENTED_EDGE('',*,*,#1929,.F.);
#2740=ORIENTED_EDGE('',*,*,#1967,.T.);
#2741=ORIENTED_EDGE('',*,*,#1964,.F.);
#2742=ORIENTED_EDGE('',*,*,#1968,.T.);
#2743=ORIENTED_EDGE('',*,*,#1812,.F.);
#2744=ORIENTED_EDGE('',*,*,#1828,.T.);
#2745=ORIENTED_EDGE('',*,*,#1959,.F.);
#2746=ORIENTED_EDGE('',*,*,#1969,.T.);
#2747=ORIENTED_EDGE('',*,*,#1810,.F.);
#2748=ORIENTED_EDGE('',*,*,#1969,.F.);
#2749=ORIENTED_EDGE('',*,*,#1962,.F.);
#2750=ORIENTED_EDGE('',*,*,#1970,.F.);
#2751=ORIENTED_EDGE('',*,*,#1808,.F.);
#2752=ORIENTED_EDGE('',*,*,#1970,.T.);
#2753=ORIENTED_EDGE('',*,*,#1965,.F.);
#2754=ORIENTED_EDGE('',*,*,#1971,.T.);
#2755=ORIENTED_EDGE('',*,*,#1806,.F.);
#2756=ORIENTED_EDGE('',*,*,#1971,.F.);
#2757=ORIENTED_EDGE('',*,*,#1967,.F.);
#2758=ORIENTED_EDGE('',*,*,#1972,.F.);
#2759=ORIENTED_EDGE('',*,*,#1804,.F.);
#2760=ORIENTED_EDGE('',*,*,#1972,.T.);
#2761=ORIENTED_EDGE('',*,*,#1932,.F.);
#2762=ORIENTED_EDGE('',*,*,#1973,.T.);
#2763=ORIENTED_EDGE('',*,*,#1930,.F.);
#2764=ORIENTED_EDGE('',*,*,#1968,.F.);
#2765=ORIENTED_EDGE('',*,*,#1966,.F.);
#2766=ORIENTED_EDGE('',*,*,#1963,.F.);
#2767=ORIENTED_EDGE('',*,*,#1960,.F.);
#2768=ORIENTED_EDGE('',*,*,#1957,.F.);
#2769=ORIENTED_EDGE('',*,*,#1955,.F.);
#2770=ORIENTED_EDGE('',*,*,#1953,.F.);
#2771=ORIENTED_EDGE('',*,*,#1951,.F.);
#2772=ORIENTED_EDGE('',*,*,#1949,.F.);
#2773=ORIENTED_EDGE('',*,*,#1947,.F.);
#2774=ORIENTED_EDGE('',*,*,#1945,.F.);
#2775=ORIENTED_EDGE('',*,*,#1943,.F.);
#2776=ORIENTED_EDGE('',*,*,#1941,.F.);
#2777=ORIENTED_EDGE('',*,*,#1938,.F.);
#2778=ORIENTED_EDGE('',*,*,#1935,.F.);
#2779=ORIENTED_EDGE('',*,*,#1974,.T.);
#2780=ORIENTED_EDGE('',*,*,#1975,.T.);
#2781=ORIENTED_EDGE('',*,*,#1976,.T.);
#2782=ORIENTED_EDGE('',*,*,#1977,.T.);
#2783=ORIENTED_EDGE('',*,*,#1978,.T.);
#2784=ORIENTED_EDGE('',*,*,#1979,.T.);
#2785=ORIENTED_EDGE('',*,*,#1980,.T.);
#2786=ORIENTED_EDGE('',*,*,#1977,.F.);
#2787=ORIENTED_EDGE('',*,*,#1981,.T.);
#2788=ORIENTED_EDGE('',*,*,#1982,.T.);
#2789=ORIENTED_EDGE('',*,*,#1983,.T.);
#2790=ORIENTED_EDGE('',*,*,#1979,.F.);
#2791=ORIENTED_EDGE('',*,*,#1984,.T.);
#2792=ORIENTED_EDGE('',*,*,#1985,.T.);
#2793=ORIENTED_EDGE('',*,*,#1986,.T.);
#2794=ORIENTED_EDGE('',*,*,#1982,.F.);
#2795=ORIENTED_EDGE('',*,*,#1987,.T.);
#2796=ORIENTED_EDGE('',*,*,#1988,.T.);
#2797=ORIENTED_EDGE('',*,*,#1989,.T.);
#2798=ORIENTED_EDGE('',*,*,#1985,.F.);
#2799=ORIENTED_EDGE('',*,*,#1990,.T.);
#2800=ORIENTED_EDGE('',*,*,#1991,.T.);
#2801=ORIENTED_EDGE('',*,*,#1992,.T.);
#2802=ORIENTED_EDGE('',*,*,#1988,.F.);
#2803=ORIENTED_EDGE('',*,*,#1993,.T.);
#2804=ORIENTED_EDGE('',*,*,#1994,.T.);
#2805=ORIENTED_EDGE('',*,*,#1995,.T.);
#2806=ORIENTED_EDGE('',*,*,#1991,.F.);
#2807=ORIENTED_EDGE('',*,*,#1996,.T.);
#2808=ORIENTED_EDGE('',*,*,#1997,.T.);
#2809=ORIENTED_EDGE('',*,*,#1998,.T.);
#2810=ORIENTED_EDGE('',*,*,#1994,.F.);
#2811=ORIENTED_EDGE('',*,*,#1999,.T.);
#2812=ORIENTED_EDGE('',*,*,#2000,.T.);
#2813=ORIENTED_EDGE('',*,*,#2001,.T.);
#2814=ORIENTED_EDGE('',*,*,#2002,.T.);
#2815=ORIENTED_EDGE('',*,*,#1997,.F.);
#2816=ORIENTED_EDGE('',*,*,#2003,.T.);
#2817=ORIENTED_EDGE('',*,*,#2004,.T.);
#2818=ORIENTED_EDGE('',*,*,#2005,.T.);
#2819=ORIENTED_EDGE('',*,*,#2001,.F.);
#2820=ORIENTED_EDGE('',*,*,#2006,.T.);
#2821=ORIENTED_EDGE('',*,*,#2007,.T.);
#2822=ORIENTED_EDGE('',*,*,#2008,.T.);
#2823=ORIENTED_EDGE('',*,*,#2004,.F.);
#2824=ORIENTED_EDGE('',*,*,#2009,.T.);
#2825=ORIENTED_EDGE('',*,*,#2010,.T.);
#2826=ORIENTED_EDGE('',*,*,#2011,.T.);
#2827=ORIENTED_EDGE('',*,*,#2007,.F.);
#2828=ORIENTED_EDGE('',*,*,#2012,.T.);
#2829=ORIENTED_EDGE('',*,*,#2013,.T.);
#2830=ORIENTED_EDGE('',*,*,#2014,.T.);
#2831=ORIENTED_EDGE('',*,*,#2010,.F.);
#2832=ORIENTED_EDGE('',*,*,#2015,.T.);
#2833=ORIENTED_EDGE('',*,*,#2016,.T.);
#2834=ORIENTED_EDGE('',*,*,#2017,.T.);
#2835=ORIENTED_EDGE('',*,*,#2013,.F.);
#2836=ORIENTED_EDGE('',*,*,#2018,.T.);
#2837=ORIENTED_EDGE('',*,*,#2019,.T.);
#2838=ORIENTED_EDGE('',*,*,#2020,.T.);
#2839=ORIENTED_EDGE('',*,*,#2016,.F.);
#2840=ORIENTED_EDGE('',*,*,#2021,.T.);
#2841=ORIENTED_EDGE('',*,*,#2022,.T.);
#2842=ORIENTED_EDGE('',*,*,#2023,.T.);
#2843=ORIENTED_EDGE('',*,*,#2019,.F.);
#2844=ORIENTED_EDGE('',*,*,#2024,.T.);
#2845=ORIENTED_EDGE('',*,*,#2025,.T.);
#2846=ORIENTED_EDGE('',*,*,#2026,.T.);
#2847=ORIENTED_EDGE('',*,*,#2022,.F.);
#2848=ORIENTED_EDGE('',*,*,#2027,.T.);
#2849=ORIENTED_EDGE('',*,*,#2028,.T.);
#2850=ORIENTED_EDGE('',*,*,#2029,.T.);
#2851=ORIENTED_EDGE('',*,*,#2025,.F.);
#2852=ORIENTED_EDGE('',*,*,#2030,.T.);
#2853=ORIENTED_EDGE('',*,*,#2031,.T.);
#2854=ORIENTED_EDGE('',*,*,#2032,.T.);
#2855=ORIENTED_EDGE('',*,*,#2028,.F.);
#2856=ORIENTED_EDGE('',*,*,#2033,.T.);
#2857=ORIENTED_EDGE('',*,*,#2034,.T.);
#2858=ORIENTED_EDGE('',*,*,#2035,.T.);
#2859=ORIENTED_EDGE('',*,*,#2031,.F.);
#2860=ORIENTED_EDGE('',*,*,#2036,.T.);
#2861=ORIENTED_EDGE('',*,*,#2037,.T.);
#2862=ORIENTED_EDGE('',*,*,#2038,.T.);
#2863=ORIENTED_EDGE('',*,*,#2039,.T.);
#2864=ORIENTED_EDGE('',*,*,#2034,.F.);
#2865=ORIENTED_EDGE('',*,*,#2040,.T.);
#2866=ORIENTED_EDGE('',*,*,#2041,.T.);
#2867=ORIENTED_EDGE('',*,*,#2042,.T.);
#2868=ORIENTED_EDGE('',*,*,#2038,.F.);
#2869=ORIENTED_EDGE('',*,*,#2043,.T.);
#2870=ORIENTED_EDGE('',*,*,#2044,.T.);
#2871=ORIENTED_EDGE('',*,*,#2045,.T.);
#2872=ORIENTED_EDGE('',*,*,#2041,.F.);
#2873=ORIENTED_EDGE('',*,*,#2046,.T.);
#2874=ORIENTED_EDGE('',*,*,#2044,.F.);
#2875=ORIENTED_EDGE('',*,*,#2047,.T.);
#2876=ORIENTED_EDGE('',*,*,#1975,.F.);
#2877=ORIENTED_EDGE('',*,*,#2048,.T.);
#2878=ORIENTED_EDGE('',*,*,#2017,.F.);
#2879=ORIENTED_EDGE('',*,*,#2049,.F.);
#2880=ORIENTED_EDGE('',*,*,#2050,.F.);
#2881=ORIENTED_EDGE('',*,*,#2051,.F.);
#2882=ORIENTED_EDGE('',*,*,#2052,.T.);
#2883=ORIENTED_EDGE('',*,*,#2053,.T.);
#2884=ORIENTED_EDGE('',*,*,#2049,.T.);
#2885=ORIENTED_EDGE('',*,*,#2020,.F.);
#2886=ORIENTED_EDGE('',*,*,#2054,.T.);
#2887=ORIENTED_EDGE('',*,*,#1881,.F.);
#2888=ORIENTED_EDGE('',*,*,#1878,.F.);
#2889=ORIENTED_EDGE('',*,*,#2054,.F.);
#2890=ORIENTED_EDGE('',*,*,#2023,.F.);
#2891=ORIENTED_EDGE('',*,*,#2055,.F.);
#2892=ORIENTED_EDGE('',*,*,#1875,.F.);
#2893=ORIENTED_EDGE('',*,*,#2055,.T.);
#2894=ORIENTED_EDGE('',*,*,#2026,.F.);
#2895=ORIENTED_EDGE('',*,*,#2056,.T.);
#2896=ORIENTED_EDGE('',*,*,#1871,.F.);
#2897=ORIENTED_EDGE('',*,*,#2056,.F.);
#2898=ORIENTED_EDGE('',*,*,#2029,.F.);
#2899=ORIENTED_EDGE('',*,*,#2057,.F.);
#2900=ORIENTED_EDGE('',*,*,#1866,.F.);
#2901=ORIENTED_EDGE('',*,*,#2057,.T.);
#2902=ORIENTED_EDGE('',*,*,#2032,.F.);
#2903=ORIENTED_EDGE('',*,*,#2058,.T.);
#2904=ORIENTED_EDGE('',*,*,#1863,.F.);
#2905=ORIENTED_EDGE('',*,*,#2058,.F.);
#2906=ORIENTED_EDGE('',*,*,#2035,.F.);
#2907=ORIENTED_EDGE('',*,*,#2059,.F.);
#2908=ORIENTED_EDGE('',*,*,#1860,.F.);
#2909=ORIENTED_EDGE('',*,*,#2059,.T.);
#2910=ORIENTED_EDGE('',*,*,#2039,.F.);
#2911=ORIENTED_EDGE('',*,*,#2060,.T.);
#2912=ORIENTED_EDGE('',*,*,#1856,.F.);
#2913=ORIENTED_EDGE('',*,*,#2060,.F.);
#2914=ORIENTED_EDGE('',*,*,#2042,.F.);
#2915=ORIENTED_EDGE('',*,*,#2061,.F.);
#2916=ORIENTED_EDGE('',*,*,#1851,.F.);
#2917=ORIENTED_EDGE('',*,*,#2061,.T.);
#2918=ORIENTED_EDGE('',*,*,#2045,.F.);
#2919=ORIENTED_EDGE('',*,*,#2062,.T.);
#2920=ORIENTED_EDGE('',*,*,#1848,.F.);
#2921=ORIENTED_EDGE('',*,*,#2062,.F.);
#2922=ORIENTED_EDGE('',*,*,#2048,.F.);
#2923=ORIENTED_EDGE('',*,*,#2063,.F.);
#2924=ORIENTED_EDGE('',*,*,#1844,.F.);
#2925=ORIENTED_EDGE('',*,*,#2063,.T.);
#2926=ORIENTED_EDGE('',*,*,#1978,.F.);
#2927=ORIENTED_EDGE('',*,*,#2064,.T.);
#2928=ORIENTED_EDGE('',*,*,#2065,.T.);
#2929=ORIENTED_EDGE('',*,*,#2066,.T.);
#2930=ORIENTED_EDGE('',*,*,#2000,.F.);
#2931=ORIENTED_EDGE('',*,*,#2067,.T.);
#2932=ORIENTED_EDGE('',*,*,#2036,.F.);
#2933=ORIENTED_EDGE('',*,*,#2033,.F.);
#2934=ORIENTED_EDGE('',*,*,#2030,.F.);
#2935=ORIENTED_EDGE('',*,*,#2027,.F.);
#2936=ORIENTED_EDGE('',*,*,#2024,.F.);
#2937=ORIENTED_EDGE('',*,*,#2021,.F.);
#2938=ORIENTED_EDGE('',*,*,#2018,.F.);
#2939=ORIENTED_EDGE('',*,*,#2015,.F.);
#2940=ORIENTED_EDGE('',*,*,#2012,.F.);
#2941=ORIENTED_EDGE('',*,*,#2009,.F.);
#2942=ORIENTED_EDGE('',*,*,#2006,.F.);
#2943=ORIENTED_EDGE('',*,*,#2003,.F.);
#2944=ORIENTED_EDGE('',*,*,#1999,.F.);
#2945=ORIENTED_EDGE('',*,*,#1996,.F.);
#2946=ORIENTED_EDGE('',*,*,#1993,.F.);
#2947=ORIENTED_EDGE('',*,*,#1990,.F.);
#2948=ORIENTED_EDGE('',*,*,#1987,.F.);
#2949=ORIENTED_EDGE('',*,*,#1984,.F.);
#2950=ORIENTED_EDGE('',*,*,#1981,.F.);
#2951=ORIENTED_EDGE('',*,*,#1976,.F.);
#2952=ORIENTED_EDGE('',*,*,#2047,.F.);
#2953=ORIENTED_EDGE('',*,*,#2046,.F.);
#2954=ORIENTED_EDGE('',*,*,#2043,.F.);
#2955=ORIENTED_EDGE('',*,*,#2040,.F.);
#2956=ORIENTED_EDGE('',*,*,#2037,.F.);
#2957=ORIENTED_EDGE('',*,*,#2068,.T.);
#2958=ORIENTED_EDGE('',*,*,#2069,.T.);
#2959=ORIENTED_EDGE('',*,*,#2066,.F.);
#2960=ORIENTED_EDGE('',*,*,#2070,.F.);
#2961=ORIENTED_EDGE('',*,*,#2071,.T.);
#2962=ORIENTED_EDGE('',*,*,#1858,.T.);
#2963=ORIENTED_EDGE('',*,*,#1890,.F.);
#2964=ORIENTED_EDGE('',*,*,#1845,.F.);
#2965=ORIENTED_EDGE('',*,*,#2065,.F.);
#2966=ORIENTED_EDGE('',*,*,#2072,.T.);
#2967=ORIENTED_EDGE('',*,*,#2073,.F.);
#2968=ORIENTED_EDGE('',*,*,#2074,.T.);
#2969=ORIENTED_EDGE('',*,*,#2075,.T.);
#2970=ORIENTED_EDGE('',*,*,#2070,.T.);
#2971=ORIENTED_EDGE('',*,*,#2053,.F.);
#2972=ORIENTED_EDGE('',*,*,#2076,.T.);
#2973=ORIENTED_EDGE('',*,*,#2077,.T.);
#2974=ORIENTED_EDGE('',*,*,#2078,.T.);
#2975=ORIENTED_EDGE('',*,*,#2079,.F.);
#2976=ORIENTED_EDGE('',*,*,#2050,.T.);
#2977=ORIENTED_EDGE('',*,*,#2052,.F.);
#2978=ORIENTED_EDGE('',*,*,#1880,.F.);
#2979=ORIENTED_EDGE('',*,*,#1891,.F.);
#2980=ORIENTED_EDGE('',*,*,#1868,.T.);
#2981=ORIENTED_EDGE('',*,*,#2080,.F.);
#2982=ORIENTED_EDGE('',*,*,#2076,.F.);
#2983=ORIENTED_EDGE('',*,*,#1893,.F.);
#2984=ORIENTED_EDGE('',*,*,#2081,.T.);
#2985=ORIENTED_EDGE('',*,*,#2014,.F.);
#2986=ORIENTED_EDGE('',*,*,#2051,.T.);
#2987=ORIENTED_EDGE('',*,*,#2079,.T.);
#2988=ORIENTED_EDGE('',*,*,#2082,.T.);
#2989=ORIENTED_EDGE('',*,*,#1897,.F.);
#2990=ORIENTED_EDGE('',*,*,#2083,.F.);
#2991=ORIENTED_EDGE('',*,*,#2011,.F.);
#2992=ORIENTED_EDGE('',*,*,#2081,.F.);
#2993=ORIENTED_EDGE('',*,*,#1900,.F.);
#2994=ORIENTED_EDGE('',*,*,#2084,.T.);
#2995=ORIENTED_EDGE('',*,*,#2008,.F.);
#2996=ORIENTED_EDGE('',*,*,#2083,.T.);
#2997=ORIENTED_EDGE('',*,*,#1904,.F.);
#2998=ORIENTED_EDGE('',*,*,#2085,.F.);
#2999=ORIENTED_EDGE('',*,*,#2005,.F.);
#3000=ORIENTED_EDGE('',*,*,#2084,.F.);
#3001=ORIENTED_EDGE('',*,*,#1908,.F.);
#3002=ORIENTED_EDGE('',*,*,#2086,.T.);
#3003=ORIENTED_EDGE('',*,*,#2002,.F.);
#3004=ORIENTED_EDGE('',*,*,#2085,.T.);
#3005=ORIENTED_EDGE('',*,*,#1910,.F.);
#3006=ORIENTED_EDGE('',*,*,#2087,.F.);
#3007=ORIENTED_EDGE('',*,*,#1998,.F.);
#3008=ORIENTED_EDGE('',*,*,#2086,.F.);
#3009=ORIENTED_EDGE('',*,*,#1912,.F.);
#3010=ORIENTED_EDGE('',*,*,#2088,.T.);
#3011=ORIENTED_EDGE('',*,*,#1995,.F.);
#3012=ORIENTED_EDGE('',*,*,#2087,.T.);
#3013=ORIENTED_EDGE('',*,*,#1916,.F.);
#3014=ORIENTED_EDGE('',*,*,#2089,.F.);
#3015=ORIENTED_EDGE('',*,*,#1992,.F.);
#3016=ORIENTED_EDGE('',*,*,#2088,.F.);
#3017=ORIENTED_EDGE('',*,*,#1919,.F.);
#3018=ORIENTED_EDGE('',*,*,#2090,.T.);
#3019=ORIENTED_EDGE('',*,*,#1989,.F.);
#3020=ORIENTED_EDGE('',*,*,#2089,.T.);
#3021=ORIENTED_EDGE('',*,*,#1922,.F.);
#3022=ORIENTED_EDGE('',*,*,#2091,.F.);
#3023=ORIENTED_EDGE('',*,*,#1986,.F.);
#3024=ORIENTED_EDGE('',*,*,#2090,.F.);
#3025=ORIENTED_EDGE('',*,*,#2092,.T.);
#3026=ORIENTED_EDGE('',*,*,#2073,.T.);
#3027=ORIENTED_EDGE('',*,*,#2093,.T.);
#3028=ORIENTED_EDGE('',*,*,#1983,.F.);
#3029=ORIENTED_EDGE('',*,*,#2091,.T.);
#3030=ORIENTED_EDGE('',*,*,#1925,.F.);
#3031=ORIENTED_EDGE('',*,*,#2092,.F.);
#3032=ORIENTED_EDGE('',*,*,#1924,.F.);
#3033=ORIENTED_EDGE('',*,*,#1928,.F.);
#3034=ORIENTED_EDGE('',*,*,#1913,.T.);
#3035=ORIENTED_EDGE('',*,*,#2094,.F.);
#3036=ORIENTED_EDGE('',*,*,#2074,.F.);
#3037=ORIENTED_EDGE('',*,*,#1798,.F.);
#3038=ORIENTED_EDGE('',*,*,#2095,.F.);
#3039=ORIENTED_EDGE('',*,*,#1940,.F.);
#3040=ORIENTED_EDGE('',*,*,#1841,.F.);
#3041=ORIENTED_EDGE('',*,*,#1800,.F.);
#3042=ORIENTED_EDGE('',*,*,#2096,.T.);
#3043=ORIENTED_EDGE('',*,*,#1937,.F.);
#3044=ORIENTED_EDGE('',*,*,#2095,.T.);
#3045=ORIENTED_EDGE('',*,*,#1802,.F.);
#3046=ORIENTED_EDGE('',*,*,#1973,.F.);
#3047=ORIENTED_EDGE('',*,*,#1934,.F.);
#3048=ORIENTED_EDGE('',*,*,#2096,.F.);
#3049=ORIENTED_EDGE('',*,*,#1974,.F.);
#3050=ORIENTED_EDGE('',*,*,#2097,.T.);
#3051=ORIENTED_EDGE('',*,*,#2068,.F.);
#3052=ORIENTED_EDGE('',*,*,#2067,.F.);
#3053=ORIENTED_EDGE('',*,*,#2069,.F.);
#3054=ORIENTED_EDGE('',*,*,#2097,.F.);
#3055=ORIENTED_EDGE('',*,*,#1980,.F.);
#3056=ORIENTED_EDGE('',*,*,#2093,.F.);
#3057=ORIENTED_EDGE('',*,*,#2072,.F.);
#3058=ORIENTED_EDGE('',*,*,#2064,.F.);
#3059=ORIENTED_EDGE('',*,*,#2075,.F.);
#3060=ORIENTED_EDGE('',*,*,#2094,.T.);
#3061=ORIENTED_EDGE('',*,*,#1917,.T.);
#3062=ORIENTED_EDGE('',*,*,#1883,.F.);
#3063=ORIENTED_EDGE('',*,*,#1853,.T.);
#3064=ORIENTED_EDGE('',*,*,#2071,.F.);
#3065=ORIENTED_EDGE('',*,*,#2077,.F.);
#3066=ORIENTED_EDGE('',*,*,#2080,.T.);
#3067=ORIENTED_EDGE('',*,*,#1873,.T.);
#3068=ORIENTED_EDGE('',*,*,#1889,.F.);
#3069=ORIENTED_EDGE('',*,*,#1902,.T.);
#3070=ORIENTED_EDGE('',*,*,#2098,.F.);
#3071=ORIENTED_EDGE('',*,*,#2082,.F.);
#3072=ORIENTED_EDGE('',*,*,#2078,.F.);
#3073=ORIENTED_EDGE('',*,*,#2098,.T.);
#3074=ORIENTED_EDGE('',*,*,#1906,.T.);
#3075=ORIENTED_EDGE('',*,*,#1927,.F.);
#3076=ORIENTED_EDGE('',*,*,#1894,.F.);
#3077=B_SPLINE_SURFACE_WITH_KNOTS('',3,1,((#4551,#4552),(#4553,#4554),(#4555,
#4556),(#4557,#4558),(#4559,#4560)),.UNSPECIFIED.,.F.,.F.,.F.,(4,1,4),(2,
2),(0.,0.00976703688472757,0.0197412904504758),(0.,0.001),.UNSPECIFIED.);
#3078=B_SPLINE_SURFACE_WITH_KNOTS('',3,1,((#4577,#4578),(#4579,#4580),(#4581,
#4582),(#4583,#4584),(#4585,#4586)),.UNSPECIFIED.,.F.,.F.,.F.,(4,1,4),(2,
2),(0.,0.0111064691605013,0.0212864832338524),(0.,0.001),.UNSPECIFIED.);
#3079=B_SPLINE_SURFACE_WITH_KNOTS('',3,1,((#4600,#4601),(#4602,#4603),(#4604,
#4605),(#4606,#4607),(#4608,#4609)),.UNSPECIFIED.,.F.,.F.,.F.,(4,1,4),(2,
2),(0.,0.0257494694541629,0.042000760939965),(0.,0.001),.UNSPECIFIED.);
#3080=B_SPLINE_SURFACE_WITH_KNOTS('',3,1,((#4623,#4624),(#4625,#4626),(#4627,
#4628),(#4629,#4630),(#4631,#4632)),.UNSPECIFIED.,.F.,.F.,.F.,(4,1,4),(2,
2),(0.,0.0162713962295809,0.041914539871522),(0.,0.001),.UNSPECIFIED.);
#3081=B_SPLINE_SURFACE_WITH_KNOTS('',3,1,((#4646,#4647),(#4648,#4649),(#4650,
#4651),(#4652,#4653),(#4654,#4655)),.UNSPECIFIED.,.F.,.F.,.F.,(4,1,4),(2,
2),(0.,0.0100615858342966,0.0211810937201795),(0.,0.001),.UNSPECIFIED.);
#3082=B_SPLINE_SURFACE_WITH_KNOTS('',3,1,((#4669,#4670),(#4671,#4672),(#4673,
#4674),(#4675,#4676),(#4677,#4678)),.UNSPECIFIED.,.F.,.F.,.F.,(4,1,4),(2,
2),(0.,0.0110974413785038,0.0211562949870701),(0.,0.001),.UNSPECIFIED.);
#3083=B_SPLINE_SURFACE_WITH_KNOTS('',3,1,((#4692,#4693),(#4694,#4695),(#4696,
#4697),(#4698,#4699),(#4700,#4701)),.UNSPECIFIED.,.F.,.F.,.F.,(4,1,4),(2,
2),(0.,0.0256963062764921,0.0419576462348978),(0.,0.001),.UNSPECIFIED.);
#3084=B_SPLINE_SURFACE_WITH_KNOTS('',3,1,((#4715,#4716),(#4717,#4718),(#4719,
#4720),(#4721,#4722),(#4723,#4724)),.UNSPECIFIED.,.F.,.F.,.F.,(4,1,4),(2,
2),(0.,0.0173177418608379,0.0433355705326137),(0.,0.001),.UNSPECIFIED.);
#3085=B_SPLINE_SURFACE_WITH_KNOTS('',3,1,((#4735,#4736),(#4737,#4738),(#4739,
#4740),(#4741,#4742),(#4743,#4744)),.UNSPECIFIED.,.F.,.F.,.F.,(4,1,4),(2,
2),(0.,0.0164586673901533,0.0321021415742544),(0.,0.001),.UNSPECIFIED.);
#3086=B_SPLINE_SURFACE_WITH_KNOTS('',3,1,((#4761,#4762),(#4763,#4764),(#4765,
#4766),(#4767,#4768),(#4769,#4770)),.UNSPECIFIED.,.F.,.F.,.F.,(4,1,4),(2,
2),(0.,0.0115846544535216,0.0242642201004652),(0.,0.001),.UNSPECIFIED.);
#3087=B_SPLINE_SURFACE_WITH_KNOTS('',3,1,((#4784,#4785),(#4786,#4787),(#4788,
#4789),(#4790,#4791),(#4792,#4793)),.UNSPECIFIED.,.F.,.F.,.F.,(4,1,4),(2,
2),(0.,0.0132403515752341,0.0251328493315245),(0.,0.001),.UNSPECIFIED.);
#3088=B_SPLINE_SURFACE_WITH_KNOTS('',3,1,((#4807,#4808),(#4809,#4810),(#4811,
#4812),(#4813,#4814),(#4815,#4816)),.UNSPECIFIED.,.F.,.F.,.F.,(4,1,4),(2,
2),(0.,0.0199097227871096,0.0359085113504695),(0.,0.001),.UNSPECIFIED.);
#3089=B_SPLINE_SURFACE_WITH_KNOTS('',3,1,((#4830,#4831),(#4832,#4833),(#4834,
#4835),(#4836,#4837),(#4838,#4839)),.UNSPECIFIED.,.F.,.F.,.F.,(4,1,4),(2,
2),(0.,0.0130364537884136,0.0297314467360748),(0.,0.001),.UNSPECIFIED.);
#3090=B_SPLINE_SURFACE_WITH_KNOTS('',3,1,((#4853,#4854),(#4855,#4856),(#4857,
#4858),(#4859,#4860),(#4861,#4862)),.UNSPECIFIED.,.F.,.F.,.F.,(4,1,4),(2,
2),(0.,0.00954391951767482,0.0202080260040863),(0.,0.001),.UNSPECIFIED.);
#3091=B_SPLINE_SURFACE_WITH_KNOTS('',3,1,((#4876,#4877),(#4878,#4879),(#4880,
#4881),(#4882,#4883),(#4884,#4885)),.UNSPECIFIED.,.F.,.F.,.F.,(4,1,4),(2,
2),(0.,0.00851189753704646,0.0172756750216796),(0.,0.001),.UNSPECIFIED.);
#3092=B_SPLINE_SURFACE_WITH_KNOTS('',3,1,((#4899,#4900),(#4901,#4902),(#4903,
#4904),(#4905,#4906),(#4907,#4908)),.UNSPECIFIED.,.F.,.F.,.F.,(4,1,4),(2,
2),(0.,0.00949738120996036,0.0182483662556701),(0.,0.001),.UNSPECIFIED.);
#3093=B_SPLINE_SURFACE_WITH_KNOTS('',3,1,((#4922,#4923),(#4924,#4925),(#4926,
#4927),(#4928,#4929),(#4930,#4931)),.UNSPECIFIED.,.F.,.F.,.F.,(4,1,4),(2,
2),(0.,0.0115506134241869,0.0241653243580387),(0.,0.001),.UNSPECIFIED.);
#3094=B_SPLINE_SURFACE_WITH_KNOTS('',3,1,((#4945,#4946),(#4947,#4948),(#4949,
#4950),(#4951,#4952),(#4953,#4954)),.UNSPECIFIED.,.F.,.F.,.F.,(4,1,4),(2,
2),(0.,0.0132443644126271,0.0251200306008928),(0.,0.001),.UNSPECIFIED.);
#3095=B_SPLINE_SURFACE_WITH_KNOTS('',3,1,((#4968,#4969),(#4970,#4971),(#4972,
#4973),(#4974,#4975),(#4976,#4977)),.UNSPECIFIED.,.F.,.F.,.F.,(4,1,4),(2,
2),(0.,0.0200380265256948,0.0360852631792614),(0.,0.001),.UNSPECIFIED.);
#3096=B_SPLINE_SURFACE_WITH_KNOTS('',3,1,((#4991,#4992),(#4993,#4994),(#4995,
#4996),(#4997,#4998),(#4999,#5000)),.UNSPECIFIED.,.F.,.F.,.F.,(4,1,4),(2,
2),(0.,0.022505529212879,0.0529747820792767),(0.,0.001),.UNSPECIFIED.);
#3097=B_SPLINE_SURFACE_WITH_KNOTS('',3,1,((#5021,#5022),(#5023,#5024),(#5025,
#5026),(#5027,#5028),(#5029,#5030)),.UNSPECIFIED.,.F.,.F.,.F.,(4,1,4),(2,
2),(0.,0.00934315730801012,0.0214607820571428),(0.,0.001),.UNSPECIFIED.);
#3098=B_SPLINE_SURFACE_WITH_KNOTS('',3,1,((#5044,#5045),(#5046,#5047),(#5048,
#5049),(#5050,#5051),(#5052,#5053)),.UNSPECIFIED.,.F.,.F.,.F.,(4,1,4),(2,
2),(0.,0.0082376960282685,0.0163359420850497),(0.,0.001),.UNSPECIFIED.);
#3099=B_SPLINE_SURFACE_WITH_KNOTS('',3,1,((#5067,#5068),(#5069,#5070),(#5071,
#5072),(#5073,#5074),(#5075,#5076)),.UNSPECIFIED.,.F.,.F.,.F.,(4,1,4),(2,
2),(0.,0.00593217090514169,0.0118212132577131),(0.,0.001),.UNSPECIFIED.);
#3100=B_SPLINE_SURFACE_WITH_KNOTS('',3,1,((#5090,#5091),(#5092,#5093),(#5094,
#5095),(#5096,#5097),(#5098,#5099)),.UNSPECIFIED.,.F.,.F.,.F.,(4,1,4),(2,
2),(0.,0.00640011585511552,0.0124498249997717),(0.,0.001),.UNSPECIFIED.);
#3101=B_SPLINE_SURFACE_WITH_KNOTS('',3,1,((#5113,#5114),(#5115,#5116),(#5117,
#5118),(#5119,#5120),(#5121,#5122)),.UNSPECIFIED.,.F.,.F.,.F.,(4,1,4),(2,
2),(0.,0.0101210209530693,0.0179523354649261),(0.,0.001),.UNSPECIFIED.);
#3102=B_SPLINE_SURFACE_WITH_KNOTS('',3,1,((#5160,#5161),(#5162,#5163),(#5164,
#5165),(#5166,#5167),(#5168,#5169)),.UNSPECIFIED.,.F.,.F.,.F.,(4,1,4),(2,
2),(0.,0.0037359931924619,0.00923767795483527),(0.,0.001),.UNSPECIFIED.);
#3103=B_SPLINE_SURFACE_WITH_KNOTS('',3,1,((#5183,#5184),(#5185,#5186),(#5187,
#5188),(#5189,#5190),(#5191,#5192)),.UNSPECIFIED.,.F.,.F.,.F.,(4,1,4),(2,
2),(0.,0.00425398608042415,0.00827504390441153),(0.,0.001),
 .UNSPECIFIED.);
#3104=B_SPLINE_SURFACE_WITH_KNOTS('',3,1,((#5206,#5207),(#5208,#5209),(#5210,
#5211),(#5212,#5213),(#5214,#5215)),.UNSPECIFIED.,.F.,.F.,.F.,(4,1,4),(2,
2),(0.,0.00674478260592424,0.0118840758675873),(0.,0.001),.UNSPECIFIED.);
#3105=B_SPLINE_SURFACE_WITH_KNOTS('',3,1,((#5229,#5230),(#5231,#5232),(#5233,
#5234),(#5235,#5236),(#5237,#5238)),.UNSPECIFIED.,.F.,.F.,.F.,(4,1,4),(2,
2),(0.,0.0119306799755984,0.0209610347748648),(0.,0.001),.UNSPECIFIED.);
#3106=B_SPLINE_SURFACE_WITH_KNOTS('',3,1,((#5270,#5271),(#5272,#5273),(#5274,
#5275),(#5276,#5277),(#5278,#5279)),.UNSPECIFIED.,.F.,.F.,.F.,(4,1,4),(2,
2),(0.,0.0102842305724517,0.02160429089959),(0.,0.001),.UNSPECIFIED.);
#3107=B_SPLINE_SURFACE_WITH_KNOTS('',3,1,((#5293,#5294),(#5295,#5296),(#5297,
#5298),(#5299,#5300),(#5301,#5302)),.UNSPECIFIED.,.F.,.F.,.F.,(4,1,4),(2,
2),(0.,0.00657193517637566,0.0117861441749904),(0.,0.001),.UNSPECIFIED.);
#3108=B_SPLINE_SURFACE_WITH_KNOTS('',3,1,((#5316,#5317),(#5318,#5319),(#5320,
#5321),(#5322,#5323),(#5324,#5325)),.UNSPECIFIED.,.F.,.F.,.F.,(4,1,4),(2,
2),(0.,0.0132556390937902,0.0294392555290473),(0.,0.001),.UNSPECIFIED.);
#3109=B_SPLINE_SURFACE_WITH_KNOTS('',3,1,((#5339,#5340),(#5341,#5342),(#5343,
#5344),(#5345,#5346),(#5347,#5348)),.UNSPECIFIED.,.F.,.F.,.F.,(4,1,4),(2,
2),(0.,0.0124446471536056,0.0244905905001925),(0.,0.001),.UNSPECIFIED.);
#3110=B_SPLINE_SURFACE_WITH_KNOTS('',3,1,((#5362,#5363),(#5364,#5365),(#5366,
#5367),(#5368,#5369),(#5370,#5371)),.UNSPECIFIED.,.F.,.F.,.F.,(4,1,4),(2,
2),(0.,0.0097854097677165,0.0197402440563595),(0.,0.001),.UNSPECIFIED.);
#3111=B_SPLINE_SURFACE_WITH_KNOTS('',3,1,((#5385,#5386),(#5387,#5388),(#5389,
#5390),(#5391,#5392),(#5393,#5394)),.UNSPECIFIED.,.F.,.F.,.F.,(4,1,4),(2,
2),(0.,0.00910471144599346,0.0185536054151655),(0.,0.001),.UNSPECIFIED.);
#3112=B_SPLINE_SURFACE_WITH_KNOTS('',3,1,((#5408,#5409),(#5410,#5411),(#5412,
#5413),(#5414,#5415),(#5416,#5417)),.UNSPECIFIED.,.F.,.F.,.F.,(4,1,4),(2,
2),(0.,0.0147324807837245,0.0257274596382798),(0.,0.001),.UNSPECIFIED.);
#3113=B_SPLINE_SURFACE_WITH_KNOTS('',3,1,((#5456,#5457),(#5458,#5459),(#5460,
#5461),(#5462,#5463),(#5464,#5465)),.UNSPECIFIED.,.F.,.F.,.F.,(4,1,4),(2,
2),(0.,0.0118186493023293,0.0216684492588672),(0.,0.001),.UNSPECIFIED.);
#3114=B_SPLINE_SURFACE_WITH_KNOTS('',3,1,((#5479,#5480),(#5481,#5482),(#5483,
#5484),(#5485,#5486),(#5487,#5488)),.UNSPECIFIED.,.F.,.F.,.F.,(4,1,4),(2,
2),(0.,0.0137974280611578,0.0269373931265973),(0.,0.001),.UNSPECIFIED.);
#3115=B_SPLINE_SURFACE_WITH_KNOTS('',3,1,((#5508,#5509),(#5510,#5511),(#5512,
#5513),(#5514,#5515),(#5516,#5517)),.UNSPECIFIED.,.F.,.F.,.F.,(4,1,4),(2,
2),(0.,0.00970987907097714,0.0180159677895797),(0.,0.001),.UNSPECIFIED.);
#3116=B_SPLINE_SURFACE_WITH_KNOTS('',3,1,((#5531,#5532),(#5533,#5534),(#5535,
#5536),(#5537,#5538),(#5539,#5540)),.UNSPECIFIED.,.F.,.F.,.F.,(4,1,4),(2,
2),(0.,0.00830534775267828,0.018004856898607),(0.,0.001),.UNSPECIFIED.);
#3117=ADVANCED_FACE('',(#360),#3077,.F.);
#3118=ADVANCED_FACE('',(#361),#3078,.F.);
#3119=ADVANCED_FACE('',(#362),#3079,.F.);
#3120=ADVANCED_FACE('',(#363),#3080,.F.);
#3121=ADVANCED_FACE('',(#364),#3081,.F.);
#3122=ADVANCED_FACE('',(#365),#3082,.F.);
#3123=ADVANCED_FACE('',(#366),#3083,.F.);
#3124=ADVANCED_FACE('',(#367),#3084,.F.);
#3125=ADVANCED_FACE('',(#368),#3085,.F.);
#3126=ADVANCED_FACE('',(#369),#3086,.F.);
#3127=ADVANCED_FACE('',(#370),#3087,.F.);
#3128=ADVANCED_FACE('',(#371),#3088,.F.);
#3129=ADVANCED_FACE('',(#372),#3089,.F.);
#3130=ADVANCED_FACE('',(#373),#3090,.F.);
#3131=ADVANCED_FACE('',(#374),#3091,.F.);
#3132=ADVANCED_FACE('',(#375),#3092,.F.);
#3133=ADVANCED_FACE('',(#376),#3093,.F.);
#3134=ADVANCED_FACE('',(#377),#3094,.F.);
#3135=ADVANCED_FACE('',(#378),#3095,.F.);
#3136=ADVANCED_FACE('',(#379),#3096,.F.);
#3137=ADVANCED_FACE('',(#380,#285),#291,.T.);
#3138=ADVANCED_FACE('',(#381),#292,.F.);
#3139=ADVANCED_FACE('',(#382),#3097,.F.);
#3140=ADVANCED_FACE('',(#383),#3098,.F.);
#3141=ADVANCED_FACE('',(#384),#3099,.F.);
#3142=ADVANCED_FACE('',(#385),#3100,.F.);
#3143=ADVANCED_FACE('',(#386),#3101,.F.);
#3144=ADVANCED_FACE('',(#387),#293,.F.);
#3145=ADVANCED_FACE('',(#388),#294,.F.);
#3146=ADVANCED_FACE('',(#389),#295,.F.);
#3147=ADVANCED_FACE('',(#390),#296,.F.);
#3148=ADVANCED_FACE('',(#391),#3102,.F.);
#3149=ADVANCED_FACE('',(#392),#3103,.F.);
#3150=ADVANCED_FACE('',(#393),#3104,.F.);
#3151=ADVANCED_FACE('',(#394),#3105,.F.);
#3152=ADVANCED_FACE('',(#395),#297,.F.);
#3153=ADVANCED_FACE('',(#396),#298,.F.);
#3154=ADVANCED_FACE('',(#397),#299,.F.);
#3155=ADVANCED_FACE('',(#398),#3106,.F.);
#3156=ADVANCED_FACE('',(#399),#3107,.F.);
#3157=ADVANCED_FACE('',(#400),#3108,.F.);
#3158=ADVANCED_FACE('',(#401),#3109,.F.);
#3159=ADVANCED_FACE('',(#402),#3110,.F.);
#3160=ADVANCED_FACE('',(#403),#3111,.F.);
#3161=ADVANCED_FACE('',(#404),#3112,.F.);
#3162=ADVANCED_FACE('',(#405),#300,.F.);
#3163=ADVANCED_FACE('',(#406),#301,.F.);
#3164=ADVANCED_FACE('',(#407),#302,.F.);
#3165=ADVANCED_FACE('',(#408,#286),#303,.T.);
#3166=ADVANCED_FACE('',(#409),#304,.F.);
#3167=ADVANCED_FACE('',(#410),#3113,.F.);
#3168=ADVANCED_FACE('',(#411),#3114,.F.);
#3169=ADVANCED_FACE('',(#412),#305,.F.);
#3170=ADVANCED_FACE('',(#413),#3115,.F.);
#3171=ADVANCED_FACE('',(#414),#3116,.F.);
#3172=ADVANCED_FACE('',(#415),#306,.F.);
#3173=ADVANCED_FACE('',(#416),#307,.F.);
#3174=ADVANCED_FACE('',(#417),#308,.F.);
#3175=ADVANCED_FACE('',(#418),#309,.T.);
#3176=ADVANCED_FACE('',(#419,#287,#288,#289),#310,.T.);
#3177=ADVANCED_FACE('',(#420),#311,.T.);
#3178=ADVANCED_FACE('',(#421),#81,.T.);
#3179=ADVANCED_FACE('',(#422),#22,.T.);
#3180=ADVANCED_FACE('',(#423),#82,.T.);
#3181=ADVANCED_FACE('',(#424),#23,.T.);
#3182=ADVANCED_FACE('',(#425),#83,.T.);
#3183=ADVANCED_FACE('',(#426),#24,.T.);
#3184=ADVANCED_FACE('',(#427),#84,.T.);
#3185=ADVANCED_FACE('',(#428),#25,.T.);
#3186=ADVANCED_FACE('',(#429),#85,.T.);
#3187=ADVANCED_FACE('',(#430),#26,.T.);
#3188=ADVANCED_FACE('',(#431),#86,.T.);
#3189=ADVANCED_FACE('',(#432),#27,.T.);
#3190=ADVANCED_FACE('',(#433),#87,.T.);
#3191=ADVANCED_FACE('',(#434),#28,.T.);
#3192=ADVANCED_FACE('',(#435),#88,.T.);
#3193=ADVANCED_FACE('',(#436),#29,.T.);
#3194=ADVANCED_FACE('',(#437),#312,.T.);
#3195=ADVANCED_FACE('',(#438),#30,.T.);
#3196=ADVANCED_FACE('',(#439),#313,.T.);
#3197=ADVANCED_FACE('',(#440),#31,.T.);
#3198=ADVANCED_FACE('',(#441),#314,.T.);
#3199=ADVANCED_FACE('',(#442),#32,.T.);
#3200=ADVANCED_FACE('',(#443),#315,.T.);
#3201=ADVANCED_FACE('',(#444),#33,.T.);
#3202=ADVANCED_FACE('',(#445),#316,.T.);
#3203=ADVANCED_FACE('',(#446),#89,.T.);
#3204=ADVANCED_FACE('',(#447),#34,.T.);
#3205=ADVANCED_FACE('',(#448),#90,.T.);
#3206=ADVANCED_FACE('',(#449),#35,.T.);
#3207=ADVANCED_FACE('',(#450),#91,.T.);
#3208=ADVANCED_FACE('',(#451),#36,.T.);
#3209=ADVANCED_FACE('',(#452),#92,.T.);
#3210=ADVANCED_FACE('',(#453),#37,.T.);
#3211=ADVANCED_FACE('',(#454),#93,.T.);
#3212=ADVANCED_FACE('',(#455),#38,.T.);
#3213=ADVANCED_FACE('',(#456),#94,.T.);
#3214=ADVANCED_FACE('',(#457),#317,.F.);
#3215=ADVANCED_FACE('',(#458),#318,.F.);
#3216=ADVANCED_FACE('',(#459),#319,.F.);
#3217=ADVANCED_FACE('',(#460),#95,.T.);
#3218=ADVANCED_FACE('',(#461),#39,.T.);
#3219=ADVANCED_FACE('',(#462),#96,.T.);
#3220=ADVANCED_FACE('',(#463),#40,.T.);
#3221=ADVANCED_FACE('',(#464),#97,.T.);
#3222=ADVANCED_FACE('',(#465),#41,.T.);
#3223=ADVANCED_FACE('',(#466),#98,.T.);
#3224=ADVANCED_FACE('',(#467),#42,.T.);
#3225=ADVANCED_FACE('',(#468),#99,.T.);
#3226=ADVANCED_FACE('',(#469),#43,.T.);
#3227=ADVANCED_FACE('',(#470),#100,.T.);
#3228=ADVANCED_FACE('',(#471),#320,.F.);
#3229=ADVANCED_FACE('',(#472),#321,.F.);
#3230=ADVANCED_FACE('',(#473),#101,.T.);
#3231=ADVANCED_FACE('',(#474),#44,.T.);
#3232=ADVANCED_FACE('',(#475),#102,.T.);
#3233=ADVANCED_FACE('',(#476),#45,.T.);
#3234=ADVANCED_FACE('',(#477),#103,.T.);
#3235=ADVANCED_FACE('',(#478),#46,.T.);
#3236=ADVANCED_FACE('',(#479),#104,.T.);
#3237=ADVANCED_FACE('',(#480),#47,.T.);
#3238=ADVANCED_FACE('',(#481),#105,.T.);
#3239=ADVANCED_FACE('',(#482),#48,.T.);
#3240=ADVANCED_FACE('',(#483),#106,.T.);
#3241=ADVANCED_FACE('',(#484),#49,.T.);
#3242=ADVANCED_FACE('',(#485),#107,.T.);
#3243=ADVANCED_FACE('',(#486),#50,.T.);
#3244=ADVANCED_FACE('',(#487),#108,.T.);
#3245=ADVANCED_FACE('',(#488),#51,.T.);
#3246=ADVANCED_FACE('',(#489),#52,.T.);
#3247=ADVANCED_FACE('',(#490),#322,.T.);
#3248=ADVANCED_FACE('',(#491),#53,.T.);
#3249=ADVANCED_FACE('',(#492),#323,.T.);
#3250=ADVANCED_FACE('',(#493),#54,.T.);
#3251=ADVANCED_FACE('',(#494,#290),#324,.F.);
#3252=ADVANCED_FACE('',(#495),#109,.T.);
#3253=ADVANCED_FACE('',(#496),#55,.T.);
#3254=ADVANCED_FACE('',(#497),#110,.T.);
#3255=ADVANCED_FACE('',(#498),#56,.T.);
#3256=ADVANCED_FACE('',(#499),#111,.T.);
#3257=ADVANCED_FACE('',(#500),#57,.T.);
#3258=ADVANCED_FACE('',(#501),#112,.T.);
#3259=ADVANCED_FACE('',(#502),#58,.T.);
#3260=ADVANCED_FACE('',(#503),#113,.T.);
#3261=ADVANCED_FACE('',(#504),#59,.T.);
#3262=ADVANCED_FACE('',(#505),#114,.T.);
#3263=ADVANCED_FACE('',(#506),#60,.T.);
#3264=ADVANCED_FACE('',(#507),#115,.T.);
#3265=ADVANCED_FACE('',(#508),#61,.T.);
#3266=ADVANCED_FACE('',(#509),#116,.T.);
#3267=ADVANCED_FACE('',(#510),#62,.T.);
#3268=ADVANCED_FACE('',(#511),#117,.T.);
#3269=ADVANCED_FACE('',(#512),#63,.T.);
#3270=ADVANCED_FACE('',(#513),#118,.T.);
#3271=ADVANCED_FACE('',(#514),#64,.T.);
#3272=ADVANCED_FACE('',(#515),#119,.T.);
#3273=ADVANCED_FACE('',(#516),#65,.T.);
#3274=ADVANCED_FACE('',(#517),#120,.T.);
#3275=ADVANCED_FACE('',(#518),#66,.T.);
#3276=ADVANCED_FACE('',(#519),#325,.T.);
#3277=ADVANCED_FACE('',(#520),#67,.T.);
#3278=ADVANCED_FACE('',(#521),#326,.T.);
#3279=ADVANCED_FACE('',(#522),#68,.T.);
#3280=ADVANCED_FACE('',(#523),#327,.T.);
#3281=ADVANCED_FACE('',(#524),#69,.F.);
#3282=ADVANCED_FACE('',(#525),#328,.T.);
#3283=ADVANCED_FACE('',(#526),#70,.F.);
#3284=ADVANCED_FACE('',(#527),#329,.T.);
#3285=ADVANCED_FACE('',(#528),#71,.T.);
#3286=ADVANCED_FACE('',(#529),#330,.T.);
#3287=ADVANCED_FACE('',(#530),#72,.T.);
#3288=ADVANCED_FACE('',(#531),#331,.T.);
#3289=ADVANCED_FACE('',(#532),#332,.T.);
#3290=ADVANCED_FACE('',(#533),#333,.T.);
#3291=ADVANCED_FACE('',(#534),#334,.F.);
#3292=ADVANCED_FACE('',(#535),#335,.F.);
#3293=ADVANCED_FACE('',(#536),#336,.T.);
#3294=ADVANCED_FACE('',(#537),#73,.T.);
#3295=ADVANCED_FACE('',(#538),#337,.T.);
#3296=ADVANCED_FACE('',(#539),#74,.T.);
#3297=ADVANCED_FACE('',(#540),#338,.T.);
#3298=ADVANCED_FACE('',(#541),#75,.F.);
#3299=ADVANCED_FACE('',(#542),#339,.T.);
#3300=ADVANCED_FACE('',(#543),#76,.F.);
#3301=ADVANCED_FACE('',(#544),#340,.T.);
#3302=ADVANCED_FACE('',(#545),#77,.T.);
#3303=ADVANCED_FACE('',(#546),#341,.T.);
#3304=ADVANCED_FACE('',(#547),#78,.T.);
#3305=ADVANCED_FACE('',(#548),#342,.T.);
#3306=ADVANCED_FACE('',(#549),#343,.T.);
#3307=ADVANCED_FACE('',(#550),#79,.T.);
#3308=ADVANCED_FACE('',(#551),#344,.T.);
#3309=ADVANCED_FACE('',(#552),#80,.T.);
#3310=ADVANCED_FACE('',(#553),#345,.T.);
#3311=ADVANCED_FACE('',(#554),#346,.T.);
#3312=ADVANCED_FACE('',(#555),#347,.T.);
#3313=ADVANCED_FACE('',(#556),#348,.T.);
#3314=CLOSED_SHELL('',(#3117,#3118,#3119,#3120,#3121,#3122,#3123,#3124,
#3125,#3126,#3127,#3128,#3129,#3130,#3131,#3132,#3133,#3134,#3135,#3136,
#3137,#3138,#3139,#3140,#3141,#3142,#3143,#3144,#3145,#3146,#3147,#3148,
#3149,#3150,#3151,#3152,#3153,#3154,#3155,#3156,#3157,#3158,#3159,#3160,
#3161,#3162,#3163,#3164,#3165,#3166,#3167,#3168,#3169,#3170,#3171,#3172,
#3173,#3174,#3175,#3176,#3177,#3178,#3179,#3180,#3181,#3182,#3183,#3184,
#3185,#3186,#3187,#3188,#3189,#3190,#3191,#3192,#3193,#3194,#3195,#3196,
#3197,#3198,#3199,#3200,#3201,#3202,#3203,#3204,#3205,#3206,#3207,#3208,
#3209,#3210,#3211,#3212,#3213,#3214,#3215,#3216,#3217,#3218,#3219,#3220,
#3221,#3222,#3223,#3224,#3225,#3226,#3227,#3228,#3229,#3230,#3231,#3232,
#3233,#3234,#3235,#3236,#3237,#3238,#3239,#3240,#3241,#3242,#3243,#3244,
#3245,#3246,#3247,#3248,#3249,#3250,#3251,#3252,#3253,#3254,#3255,#3256,
#3257,#3258,#3259,#3260,#3261,#3262,#3263,#3264,#3265,#3266,#3267,#3268,
#3269,#3270,#3271,#3272,#3273,#3274,#3275,#3276,#3277,#3278,#3279,#3280,
#3281,#3282,#3283,#3284,#3285,#3286,#3287,#3288,#3289,#3290,#3291,#3292,
#3293,#3294,#3295,#3296,#3297,#3298,#3299,#3300,#3301,#3302,#3303,#3304,
#3305,#3306,#3307,#3308,#3309,#3310,#3311,#3312,#3313));
#3315=DERIVED_UNIT_ELEMENT(#3317,1.);
#3316=DERIVED_UNIT_ELEMENT(#6258,-3.);
#3317=(
MASS_UNIT()
NAMED_UNIT(*)
SI_UNIT(.KILO.,.GRAM.)
);
#3318=DERIVED_UNIT((#3315,#3316));
#3319=MEASURE_REPRESENTATION_ITEM('density measure',
POSITIVE_RATIO_MEASURE(7850.),#3318);
#3320=PROPERTY_DEFINITION_REPRESENTATION(#3325,#3322);
#3321=PROPERTY_DEFINITION_REPRESENTATION(#3326,#3323);
#3322=REPRESENTATION('material name',(#3324),#6255);
#3323=REPRESENTATION('density',(#3319),#6255);
#3324=DESCRIPTIVE_REPRESENTATION_ITEM('Steel','Steel');
#3325=PROPERTY_DEFINITION('material property','material name',#6265);
#3326=PROPERTY_DEFINITION('material property','density of part',#6265);
#3327=AXIS2_PLACEMENT_3D('',#4550,#3657,#3658);
#3328=AXIS2_PLACEMENT_3D('',#5011,#3679,#3680);
#3329=AXIS2_PLACEMENT_3D('',#5012,#3681,#3682);
#3330=AXIS2_PLACEMENT_3D('',#5136,#3692,#3693);
#3331=AXIS2_PLACEMENT_3D('',#5142,#3697,#3698);
#3332=AXIS2_PLACEMENT_3D('',#5145,#3701,#3702);
#3333=AXIS2_PLACEMENT_3D('',#5154,#3707,#3708);
#3334=AXIS2_PLACEMENT_3D('',#5252,#3716,#3717);
#3335=AXIS2_PLACEMENT_3D('',#5258,#3721,#3722);
#3336=AXIS2_PLACEMENT_3D('',#5264,#3726,#3727);
#3337=AXIS2_PLACEMENT_3D('',#5431,#3738,#3739);
#3338=AXIS2_PLACEMENT_3D('',#5437,#3743,#3744);
#3339=AXIS2_PLACEMENT_3D('',#5443,#3748,#3749);
#3340=AXIS2_PLACEMENT_3D('',#5446,#3752,#3753);
#3341=AXIS2_PLACEMENT_3D('',#5447,#3754,#3755);
#3342=AXIS2_PLACEMENT_3D('',#5502,#3762,#3763);
#3343=AXIS2_PLACEMENT_3D('',#5554,#3769,#3770);
#3344=AXIS2_PLACEMENT_3D('',#5560,#3774,#3775);
#3345=AXIS2_PLACEMENT_3D('',#5566,#3779,#3780);
#3346=AXIS2_PLACEMENT_3D('',#5569,#3783,#3784);
#3347=AXIS2_PLACEMENT_3D('',#5570,#3785,#3786);
#3348=AXIS2_PLACEMENT_3D('',#5573,#3787,#3788);
#3349=AXIS2_PLACEMENT_3D('',#5577,#3790,#3791);
#3350=AXIS2_PLACEMENT_3D('',#5581,#3793,#3794);
#3351=AXIS2_PLACEMENT_3D('',#5585,#3796,#3797);
#3352=AXIS2_PLACEMENT_3D('',#5589,#3799,#3800);
#3353=AXIS2_PLACEMENT_3D('',#5593,#3802,#3803);
#3354=AXIS2_PLACEMENT_3D('',#5597,#3805,#3806);
#3355=AXIS2_PLACEMENT_3D('',#5601,#3808,#3809);
#3356=AXIS2_PLACEMENT_3D('',#5603,#3811,#3812);
#3357=AXIS2_PLACEMENT_3D('',#5604,#3813,#3814);
#3358=AXIS2_PLACEMENT_3D('',#5606,#3815,#3816);
#3359=AXIS2_PLACEMENT_3D('',#5608,#3817,#3818);
#3360=AXIS2_PLACEMENT_3D('',#5609,#3819,#3820);
#3361=AXIS2_PLACEMENT_3D('',#5610,#3821,#3822);
#3362=AXIS2_PLACEMENT_3D('',#5612,#3823,#3824);
#3363=AXIS2_PLACEMENT_3D('',#5614,#3826,#3827);
#3364=AXIS2_PLACEMENT_3D('',#5616,#3828,#3829);
#3365=AXIS2_PLACEMENT_3D('',#5617,#3830,#3831);
#3366=AXIS2_PLACEMENT_3D('',#5618,#3832,#3833);
#3367=AXIS2_PLACEMENT_3D('',#5620,#3834,#3835);
#3368=AXIS2_PLACEMENT_3D('',#5622,#3837,#3838);
#3369=AXIS2_PLACEMENT_3D('',#5624,#3839,#3840);
#3370=AXIS2_PLACEMENT_3D('',#5625,#3841,#3842);
#3371=AXIS2_PLACEMENT_3D('',#5626,#3843,#3844);
#3372=AXIS2_PLACEMENT_3D('',#5628,#3845,#3846);
#3373=AXIS2_PLACEMENT_3D('',#5630,#3848,#3849);
#3374=AXIS2_PLACEMENT_3D('',#5632,#3850,#3851);
#3375=AXIS2_PLACEMENT_3D('',#5633,#3852,#3853);
#3376=AXIS2_PLACEMENT_3D('',#5634,#3854,#3855);
#3377=AXIS2_PLACEMENT_3D('',#5636,#3856,#3857);
#3378=AXIS2_PLACEMENT_3D('',#5638,#3859,#3860);
#3379=AXIS2_PLACEMENT_3D('',#5640,#3861,#3862);
#3380=AXIS2_PLACEMENT_3D('',#5641,#3863,#3864);
#3381=AXIS2_PLACEMENT_3D('',#5642,#3865,#3866);
#3382=AXIS2_PLACEMENT_3D('',#5644,#3867,#3868);
#3383=AXIS2_PLACEMENT_3D('',#5646,#3870,#3871);
#3384=AXIS2_PLACEMENT_3D('',#5648,#3872,#3873);
#3385=AXIS2_PLACEMENT_3D('',#5649,#3874,#3875);
#3386=AXIS2_PLACEMENT_3D('',#5650,#3876,#3877);
#3387=AXIS2_PLACEMENT_3D('',#5652,#3878,#3879);
#3388=AXIS2_PLACEMENT_3D('',#5654,#3881,#3882);
#3389=AXIS2_PLACEMENT_3D('',#5656,#3883,#3884);
#3390=AXIS2_PLACEMENT_3D('',#5657,#3885,#3886);
#3391=AXIS2_PLACEMENT_3D('',#5658,#3887,#3888);
#3392=AXIS2_PLACEMENT_3D('',#5660,#3889,#3890);
#3393=AXIS2_PLACEMENT_3D('',#5662,#3892,#3893);
#3394=AXIS2_PLACEMENT_3D('',#5664,#3894,#3895);
#3395=AXIS2_PLACEMENT_3D('',#5665,#3896,#3897);
#3396=AXIS2_PLACEMENT_3D('',#5666,#3898,#3899);
#3397=AXIS2_PLACEMENT_3D('',#5668,#3901,#3902);
#3398=AXIS2_PLACEMENT_3D('',#5674,#3906,#3907);
#3399=AXIS2_PLACEMENT_3D('',#5677,#3909,#3910);
#3400=AXIS2_PLACEMENT_3D('',#5678,#3911,#3912);
#3401=AXIS2_PLACEMENT_3D('',#5682,#3915,#3916);
#3402=AXIS2_PLACEMENT_3D('',#5685,#3918,#3919);
#3403=AXIS2_PLACEMENT_3D('',#5686,#3920,#3921);
#3404=AXIS2_PLACEMENT_3D('',#5690,#3924,#3925);
#3405=AXIS2_PLACEMENT_3D('',#5693,#3927,#3928);
#3406=AXIS2_PLACEMENT_3D('',#5694,#3929,#3930);
#3407=AXIS2_PLACEMENT_3D('',#5698,#3933,#3934);
#3408=AXIS2_PLACEMENT_3D('',#5701,#3936,#3937);
#3409=AXIS2_PLACEMENT_3D('',#5702,#3938,#3939);
#3410=AXIS2_PLACEMENT_3D('',#5703,#3940,#3941);
#3411=AXIS2_PLACEMENT_3D('',#5706,#3942,#3943);
#3412=AXIS2_PLACEMENT_3D('',#5708,#3944,#3945);
#3413=AXIS2_PLACEMENT_3D('',#5720,#3946,#3947);
#3414=AXIS2_PLACEMENT_3D('',#5721,#3948,#3949);
#3415=AXIS2_PLACEMENT_3D('',#5724,#3950,#3951);
#3416=AXIS2_PLACEMENT_3D('',#5727,#3954,#3955);
#3417=AXIS2_PLACEMENT_3D('',#5730,#3956,#3957);
#3418=AXIS2_PLACEMENT_3D('',#5731,#3958,#3959);
#3419=AXIS2_PLACEMENT_3D('',#5732,#3960,#3961);
#3420=AXIS2_PLACEMENT_3D('',#5733,#3962,#3963);
#3421=AXIS2_PLACEMENT_3D('',#5736,#3964,#3965);
#3422=AXIS2_PLACEMENT_3D('',#5740,#3967,#3968);
#3423=AXIS2_PLACEMENT_3D('',#5744,#3971,#3972);
#3424=AXIS2_PLACEMENT_3D('',#5745,#3973,#3974);
#3425=AXIS2_PLACEMENT_3D('',#5748,#3975,#3976);
#3426=AXIS2_PLACEMENT_3D('',#5749,#3977,#3978);
#3427=AXIS2_PLACEMENT_3D('',#5750,#3979,#3980);
#3428=AXIS2_PLACEMENT_3D('',#5751,#3981,#3982);
#3429=AXIS2_PLACEMENT_3D('',#5754,#3983,#3984);
#3430=AXIS2_PLACEMENT_3D('',#5757,#3987,#3988);
#3431=AXIS2_PLACEMENT_3D('',#5760,#3989,#3990);
#3432=AXIS2_PLACEMENT_3D('',#5761,#3991,#3992);
#3433=AXIS2_PLACEMENT_3D('',#5762,#3993,#3994);
#3434=AXIS2_PLACEMENT_3D('',#5763,#3995,#3996);
#3435=AXIS2_PLACEMENT_3D('',#5766,#3997,#3998);
#3436=AXIS2_PLACEMENT_3D('',#5770,#4000,#4001);
#3437=AXIS2_PLACEMENT_3D('',#5774,#4004,#4005);
#3438=AXIS2_PLACEMENT_3D('',#5775,#4006,#4007);
#3439=AXIS2_PLACEMENT_3D('',#5778,#4008,#4009);
#3440=AXIS2_PLACEMENT_3D('',#5779,#4010,#4011);
#3441=AXIS2_PLACEMENT_3D('',#5780,#4012,#4013);
#3442=AXIS2_PLACEMENT_3D('',#5781,#4014,#4015);
#3443=AXIS2_PLACEMENT_3D('',#5784,#4016,#4017);
#3444=AXIS2_PLACEMENT_3D('',#5787,#4020,#4021);
#3445=AXIS2_PLACEMENT_3D('',#5800,#4022,#4023);
#3446=AXIS2_PLACEMENT_3D('',#5801,#4024,#4025);
#3447=AXIS2_PLACEMENT_3D('',#5802,#4026,#4027);
#3448=AXIS2_PLACEMENT_3D('',#5808,#4030,#4031);
#3449=AXIS2_PLACEMENT_3D('',#5812,#4033,#4034);
#3450=AXIS2_PLACEMENT_3D('',#5816,#4037,#4038);
#3451=AXIS2_PLACEMENT_3D('',#5818,#4040,#4041);
#3452=AXIS2_PLACEMENT_3D('',#5820,#4043,#4044);
#3453=AXIS2_PLACEMENT_3D('',#5823,#4045,#4046);
#3454=AXIS2_PLACEMENT_3D('',#5825,#4047,#4048);
#3455=AXIS2_PLACEMENT_3D('',#5837,#4049,#4050);
#3456=AXIS2_PLACEMENT_3D('',#5838,#4051,#4052);
#3457=AXIS2_PLACEMENT_3D('',#5841,#4053,#4054);
#3458=AXIS2_PLACEMENT_3D('',#5844,#4057,#4058);
#3459=AXIS2_PLACEMENT_3D('',#5847,#4059,#4060);
#3460=AXIS2_PLACEMENT_3D('',#5848,#4061,#4062);
#3461=AXIS2_PLACEMENT_3D('',#5849,#4063,#4064);
#3462=AXIS2_PLACEMENT_3D('',#5850,#4065,#4066);
#3463=AXIS2_PLACEMENT_3D('',#5852,#4067,#4068);
#3464=AXIS2_PLACEMENT_3D('',#5854,#4069,#4070);
#3465=AXIS2_PLACEMENT_3D('',#5858,#4073,#4074);
#3466=AXIS2_PLACEMENT_3D('',#5859,#4075,#4076);
#3467=AXIS2_PLACEMENT_3D('',#5861,#4077,#4078);
#3468=AXIS2_PLACEMENT_3D('',#5862,#4079,#4080);
#3469=AXIS2_PLACEMENT_3D('',#5863,#4081,#4082);
#3470=AXIS2_PLACEMENT_3D('',#5865,#4083,#4084);
#3471=AXIS2_PLACEMENT_3D('',#5867,#4086,#4087);
#3472=AXIS2_PLACEMENT_3D('',#5869,#4088,#4089);
#3473=AXIS2_PLACEMENT_3D('',#5870,#4090,#4091);
#3474=AXIS2_PLACEMENT_3D('',#5871,#4092,#4093);
#3475=AXIS2_PLACEMENT_3D('',#5874,#4094,#4095);
#3476=AXIS2_PLACEMENT_3D('',#5878,#4097,#4098);
#3477=AXIS2_PLACEMENT_3D('',#5880,#4100,#4101);
#3478=AXIS2_PLACEMENT_3D('',#5881,#4102,#4103);
#3479=AXIS2_PLACEMENT_3D('',#5884,#4104,#4105);
#3480=AXIS2_PLACEMENT_3D('',#5885,#4106,#4107);
#3481=AXIS2_PLACEMENT_3D('',#5886,#4108,#4109);
#3482=AXIS2_PLACEMENT_3D('',#5887,#4110,#4111);
#3483=AXIS2_PLACEMENT_3D('',#5890,#4112,#4113);
#3484=AXIS2_PLACEMENT_3D('',#5893,#4116,#4117);
#3485=AXIS2_PLACEMENT_3D('',#5906,#4118,#4119);
#3486=AXIS2_PLACEMENT_3D('',#5907,#4120,#4121);
#3487=AXIS2_PLACEMENT_3D('',#5908,#4122,#4123);
#3488=AXIS2_PLACEMENT_3D('',#5910,#4125,#4126);
#3489=AXIS2_PLACEMENT_3D('',#5912,#4128,#4129);
#3490=AXIS2_PLACEMENT_3D('',#5915,#4130,#4131);
#3491=AXIS2_PLACEMENT_3D('',#5917,#4132,#4133);
#3492=AXIS2_PLACEMENT_3D('',#5919,#4134,#4135);
#3493=AXIS2_PLACEMENT_3D('',#5920,#4136,#4137);
#3494=AXIS2_PLACEMENT_3D('',#5921,#4138,#4139);
#3495=AXIS2_PLACEMENT_3D('',#5924,#4140,#4141);
#3496=AXIS2_PLACEMENT_3D('',#5927,#4144,#4145);
#3497=AXIS2_PLACEMENT_3D('',#5930,#4146,#4147);
#3498=AXIS2_PLACEMENT_3D('',#5931,#4148,#4149);
#3499=AXIS2_PLACEMENT_3D('',#5932,#4150,#4151);
#3500=AXIS2_PLACEMENT_3D('',#5933,#4152,#4153);
#3501=AXIS2_PLACEMENT_3D('',#5935,#4154,#4155);
#3502=AXIS2_PLACEMENT_3D('',#5938,#4158,#4159);
#3503=AXIS2_PLACEMENT_3D('',#5940,#4160,#4161);
#3504=AXIS2_PLACEMENT_3D('',#5941,#4162,#4163);
#3505=AXIS2_PLACEMENT_3D('',#5942,#4164,#4165);
#3506=AXIS2_PLACEMENT_3D('',#5944,#4166,#4167);
#3507=AXIS2_PLACEMENT_3D('',#5946,#4169,#4170);
#3508=AXIS2_PLACEMENT_3D('',#5948,#4171,#4172);
#3509=AXIS2_PLACEMENT_3D('',#5949,#4173,#4174);
#3510=AXIS2_PLACEMENT_3D('',#5950,#4175,#4176);
#3511=AXIS2_PLACEMENT_3D('',#5952,#4177,#4178);
#3512=AXIS2_PLACEMENT_3D('',#5954,#4180,#4181);
#3513=AXIS2_PLACEMENT_3D('',#5956,#4182,#4183);
#3514=AXIS2_PLACEMENT_3D('',#5957,#4184,#4185);
#3515=AXIS2_PLACEMENT_3D('',#5958,#4186,#4187);
#3516=AXIS2_PLACEMENT_3D('',#5960,#4188,#4189);
#3517=AXIS2_PLACEMENT_3D('',#5962,#4191,#4192);
#3518=AXIS2_PLACEMENT_3D('',#5964,#4193,#4194);
#3519=AXIS2_PLACEMENT_3D('',#5965,#4195,#4196);
#3520=AXIS2_PLACEMENT_3D('',#5966,#4197,#4198);
#3521=AXIS2_PLACEMENT_3D('',#5968,#4199,#4200);
#3522=AXIS2_PLACEMENT_3D('',#5970,#4202,#4203);
#3523=AXIS2_PLACEMENT_3D('',#5973,#4204,#4205);
#3524=AXIS2_PLACEMENT_3D('',#5974,#4206,#4207);
#3525=AXIS2_PLACEMENT_3D('',#5975,#4208,#4209);
#3526=AXIS2_PLACEMENT_3D('',#5976,#4210,#4211);
#3527=AXIS2_PLACEMENT_3D('',#5979,#4212,#4213);
#3528=AXIS2_PLACEMENT_3D('',#5982,#4216,#4217);
#3529=AXIS2_PLACEMENT_3D('',#5985,#4218,#4219);
#3530=AXIS2_PLACEMENT_3D('',#5986,#4220,#4221);
#3531=AXIS2_PLACEMENT_3D('',#5987,#4222,#4223);
#3532=AXIS2_PLACEMENT_3D('',#5988,#4224,#4225);
#3533=AXIS2_PLACEMENT_3D('',#5991,#4228,#4229);
#3534=AXIS2_PLACEMENT_3D('',#5993,#4231,#4232);
#3535=AXIS2_PLACEMENT_3D('',#5995,#4234,#4235);
#3536=AXIS2_PLACEMENT_3D('',#5997,#4237,#4238);
#3537=AXIS2_PLACEMENT_3D('',#5999,#4240,#4241);
#3538=AXIS2_PLACEMENT_3D('',#6001,#4243,#4244);
#3539=AXIS2_PLACEMENT_3D('',#6003,#4245,#4246);
#3540=AXIS2_PLACEMENT_3D('',#6004,#4247,#4248);
#3541=AXIS2_PLACEMENT_3D('',#6007,#4249,#4250);
#3542=AXIS2_PLACEMENT_3D('',#6009,#4251,#4252);
#3543=AXIS2_PLACEMENT_3D('',#6011,#4253,#4254);
#3544=AXIS2_PLACEMENT_3D('',#6012,#4255,#4256);
#3545=AXIS2_PLACEMENT_3D('',#6013,#4257,#4258);
#3546=AXIS2_PLACEMENT_3D('',#6016,#4259,#4260);
#3547=AXIS2_PLACEMENT_3D('',#6019,#4263,#4264);
#3548=AXIS2_PLACEMENT_3D('',#6022,#4265,#4266);
#3549=AXIS2_PLACEMENT_3D('',#6023,#4267,#4268);
#3550=AXIS2_PLACEMENT_3D('',#6024,#4269,#4270);
#3551=AXIS2_PLACEMENT_3D('',#6025,#4271,#4272);
#3552=AXIS2_PLACEMENT_3D('',#6028,#4273,#4274);
#3553=AXIS2_PLACEMENT_3D('',#6031,#4277,#4278);
#3554=AXIS2_PLACEMENT_3D('',#6034,#4279,#4280);
#3555=AXIS2_PLACEMENT_3D('',#6035,#4281,#4282);
#3556=AXIS2_PLACEMENT_3D('',#6036,#4283,#4284);
#3557=AXIS2_PLACEMENT_3D('',#6037,#4285,#4286);
#3558=AXIS2_PLACEMENT_3D('',#6040,#4287,#4288);
#3559=AXIS2_PLACEMENT_3D('',#6043,#4291,#4292);
#3560=AXIS2_PLACEMENT_3D('',#6046,#4293,#4294);
#3561=AXIS2_PLACEMENT_3D('',#6047,#4295,#4296);
#3562=AXIS2_PLACEMENT_3D('',#6048,#4297,#4298);
#3563=AXIS2_PLACEMENT_3D('',#6049,#4299,#4300);
#3564=AXIS2_PLACEMENT_3D('',#6052,#4301,#4302);
#3565=AXIS2_PLACEMENT_3D('',#6057,#4306,#4307);
#3566=AXIS2_PLACEMENT_3D('',#6060,#4308,#4309);
#3567=AXIS2_PLACEMENT_3D('',#6061,#4310,#4311);
#3568=AXIS2_PLACEMENT_3D('',#6062,#4312,#4313);
#3569=AXIS2_PLACEMENT_3D('',#6063,#4314,#4315);
#3570=AXIS2_PLACEMENT_3D('',#6066,#4316,#4317);
#3571=AXIS2_PLACEMENT_3D('',#6069,#4320,#4321);
#3572=AXIS2_PLACEMENT_3D('',#6072,#4322,#4323);
#3573=AXIS2_PLACEMENT_3D('',#6073,#4324,#4325);
#3574=AXIS2_PLACEMENT_3D('',#6074,#4326,#4327);
#3575=AXIS2_PLACEMENT_3D('',#6075,#4328,#4329);
#3576=AXIS2_PLACEMENT_3D('',#6078,#4330,#4331);
#3577=AXIS2_PLACEMENT_3D('',#6081,#4334,#4335);
#3578=AXIS2_PLACEMENT_3D('',#6084,#4336,#4337);
#3579=AXIS2_PLACEMENT_3D('',#6085,#4338,#4339);
#3580=AXIS2_PLACEMENT_3D('',#6086,#4340,#4341);
#3581=AXIS2_PLACEMENT_3D('',#6087,#4342,#4343);
#3582=AXIS2_PLACEMENT_3D('',#6090,#4344,#4345);
#3583=AXIS2_PLACEMENT_3D('',#6093,#4348,#4349);
#3584=AXIS2_PLACEMENT_3D('',#6096,#4350,#4351);
#3585=AXIS2_PLACEMENT_3D('',#6097,#4352,#4353);
#3586=AXIS2_PLACEMENT_3D('',#6098,#4354,#4355);
#3587=AXIS2_PLACEMENT_3D('',#6099,#4356,#4357);
#3588=AXIS2_PLACEMENT_3D('',#6102,#4358,#4359);
#3589=AXIS2_PLACEMENT_3D('',#6105,#4362,#4363);
#3590=AXIS2_PLACEMENT_3D('',#6108,#4364,#4365);
#3591=AXIS2_PLACEMENT_3D('',#6109,#4366,#4367);
#3592=AXIS2_PLACEMENT_3D('',#6110,#4368,#4369);
#3593=AXIS2_PLACEMENT_3D('',#6111,#4370,#4371);
#3594=AXIS2_PLACEMENT_3D('',#6114,#4372,#4373);
#3595=AXIS2_PLACEMENT_3D('',#6117,#4376,#4377);
#3596=AXIS2_PLACEMENT_3D('',#6120,#4378,#4379);
#3597=AXIS2_PLACEMENT_3D('',#6121,#4380,#4381);
#3598=AXIS2_PLACEMENT_3D('',#6122,#4382,#4383);
#3599=AXIS2_PLACEMENT_3D('',#6123,#4384,#4385);
#3600=AXIS2_PLACEMENT_3D('',#6126,#4386,#4387);
#3601=AXIS2_PLACEMENT_3D('',#6131,#4391,#4392);
#3602=AXIS2_PLACEMENT_3D('',#6134,#4393,#4394);
#3603=AXIS2_PLACEMENT_3D('',#6135,#4395,#4396);
#3604=AXIS2_PLACEMENT_3D('',#6136,#4397,#4398);
#3605=AXIS2_PLACEMENT_3D('',#6137,#4399,#4400);
#3606=AXIS2_PLACEMENT_3D('',#6140,#4401,#4402);
#3607=AXIS2_PLACEMENT_3D('',#6143,#4405,#4406);
#3608=AXIS2_PLACEMENT_3D('',#6146,#4407,#4408);
#3609=AXIS2_PLACEMENT_3D('',#6147,#4409,#4410);
#3610=AXIS2_PLACEMENT_3D('',#6148,#4411,#4412);
#3611=AXIS2_PLACEMENT_3D('',#6149,#4413,#4414);
#3612=AXIS2_PLACEMENT_3D('',#6152,#4417,#4418);
#3613=AXIS2_PLACEMENT_3D('',#6158,#4422,#4423);
#3614=AXIS2_PLACEMENT_3D('',#6161,#4425,#4426);
#3615=AXIS2_PLACEMENT_3D('',#6163,#4428,#4429);
#3616=AXIS2_PLACEMENT_3D('',#6165,#4431,#4432);
#3617=AXIS2_PLACEMENT_3D('',#6167,#4434,#4435);
#3618=AXIS2_PLACEMENT_3D('',#6169,#4437,#4438);
#3619=AXIS2_PLACEMENT_3D('',#6171,#4440,#4441);
#3620=AXIS2_PLACEMENT_3D('',#6173,#4443,#4444);
#3621=AXIS2_PLACEMENT_3D('',#6175,#4446,#4447);
#3622=AXIS2_PLACEMENT_3D('',#6177,#4449,#4450);
#3623=AXIS2_PLACEMENT_3D('',#6179,#4452,#4453);
#3624=AXIS2_PLACEMENT_3D('',#6181,#4455,#4456);
#3625=AXIS2_PLACEMENT_3D('',#6185,#4458,#4459);
#3626=AXIS2_PLACEMENT_3D('',#6187,#4461,#4462);
#3627=AXIS2_PLACEMENT_3D('',#6188,#4463,#4464);
#3628=AXIS2_PLACEMENT_3D('',#6189,#4465,#4466);
#3629=AXIS2_PLACEMENT_3D('',#6191,#4467,#4468);
#3630=AXIS2_PLACEMENT_3D('',#6192,#4469,#4470);
#3631=AXIS2_PLACEMENT_3D('',#6193,#4471,#4472);
#3632=AXIS2_PLACEMENT_3D('',#6197,#4475,#4476);
#3633=AXIS2_PLACEMENT_3D('',#6201,#4478,#4479);
#3634=AXIS2_PLACEMENT_3D('',#6205,#4482,#4483);
#3635=AXIS2_PLACEMENT_3D('',#6212,#4487,#4488);
#3636=AXIS2_PLACEMENT_3D('',#6213,#4489,#4490);
#3637=AXIS2_PLACEMENT_3D('',#6215,#4492,#4493);
#3638=AXIS2_PLACEMENT_3D('',#6218,#4496,#4497);
#3639=AXIS2_PLACEMENT_3D('',#6220,#4499,#4500);
#3640=AXIS2_PLACEMENT_3D('',#6222,#4502,#4503);
#3641=AXIS2_PLACEMENT_3D('',#6224,#4505,#4506);
#3642=AXIS2_PLACEMENT_3D('',#6226,#4508,#4509);
#3643=AXIS2_PLACEMENT_3D('',#6228,#4511,#4512);
#3644=AXIS2_PLACEMENT_3D('',#6230,#4514,#4515);
#3645=AXIS2_PLACEMENT_3D('',#6232,#4517,#4518);
#3646=AXIS2_PLACEMENT_3D('',#6234,#4520,#4521);
#3647=AXIS2_PLACEMENT_3D('',#6236,#4523,#4524);
#3648=AXIS2_PLACEMENT_3D('',#6239,#4527,#4528);
#3649=AXIS2_PLACEMENT_3D('',#6241,#4530,#4531);
#3650=AXIS2_PLACEMENT_3D('',#6243,#4533,#4534);
#3651=AXIS2_PLACEMENT_3D('',#6245,#4536,#4537);
#3652=AXIS2_PLACEMENT_3D('',#6246,#4538,#4539);
#3653=AXIS2_PLACEMENT_3D('',#6248,#4541,#4542);
#3654=AXIS2_PLACEMENT_3D('',#6249,#4543,#4544);
#3655=AXIS2_PLACEMENT_3D('',#6250,#4545,#4546);
#3656=AXIS2_PLACEMENT_3D('',#6252,#4548,#4549);
#3657=DIRECTION('axis',(0.,0.,1.));
#3658=DIRECTION('refdir',(1.,0.,0.));
#3659=DIRECTION('',(0.,0.,-1.));
#3660=DIRECTION('',(0.,0.,-1.));
#3661=DIRECTION('',(0.,0.,-1.));
#3662=DIRECTION('',(0.,0.,-1.));
#3663=DIRECTION('',(0.,0.,-1.));
#3664=DIRECTION('',(0.,0.,-1.));
#3665=DIRECTION('',(0.,0.,-1.));
#3666=DIRECTION('',(0.,0.,-1.));
#3667=DIRECTION('',(0.,0.,-1.));
#3668=DIRECTION('',(0.,0.,-1.));
#3669=DIRECTION('',(0.,0.,-1.));
#3670=DIRECTION('',(0.,0.,-1.));
#3671=DIRECTION('',(0.,0.,-1.));
#3672=DIRECTION('',(0.,0.,-1.));
#3673=DIRECTION('',(0.,0.,-1.));
#3674=DIRECTION('',(0.,0.,-1.));
#3675=DIRECTION('',(0.,0.,-1.));
#3676=DIRECTION('',(0.,0.,-1.));
#3677=DIRECTION('',(0.,0.,-1.));
#3678=DIRECTION('',(0.,0.,-1.));
#3679=DIRECTION('center_axis',(0.,0.,1.));
#3680=DIRECTION('ref_axis',(-1.,0.,0.));
#3681=DIRECTION('center_axis',(-5.26159848200271E-16,-1.,0.));
#3682=DIRECTION('ref_axis',(-1.,5.26159848200271E-16,0.));
#3683=DIRECTION('',(-1.,5.26159848200271E-16,0.));
#3684=DIRECTION('',(0.,0.,-1.));
#3685=DIRECTION('',(-1.,5.26159848200271E-16,0.));
#3686=DIRECTION('',(0.,0.,-1.));
#3687=DIRECTION('',(0.,0.,-1.));
#3688=DIRECTION('',(0.,0.,-1.));
#3689=DIRECTION('',(0.,0.,-1.));
#3690=DIRECTION('',(0.,0.,-1.));
#3691=DIRECTION('',(0.,0.,-1.));
#3692=DIRECTION('center_axis',(5.12280146741618E-16,1.,0.));
#3693=DIRECTION('ref_axis',(1.,-5.12280146741618E-16,0.));
#3694=DIRECTION('',(1.,-5.12280146741618E-16,0.));
#3695=DIRECTION('',(0.,0.,-1.));
#3696=DIRECTION('',(1.,-5.12280146741618E-16,0.));
#3697=DIRECTION('center_axis',(1.,-1.34233956723531E-15,0.));
#3698=DIRECTION('ref_axis',(-1.34233956723531E-15,-1.,0.));
#3699=DIRECTION('',(-1.34233956723531E-15,-1.,0.));
#3700=DIRECTION('',(-1.34233956723531E-15,-1.,0.));
#3701=DIRECTION('center_axis',(1.,-1.37507356474919E-15,0.));
#3702=DIRECTION('ref_axis',(-1.37507356474919E-15,-1.,0.));
#3703=DIRECTION('',(-1.37507356474919E-15,-1.,0.));
#3704=DIRECTION('',(0.,0.,-1.));
#3705=DIRECTION('',(-1.37507356474919E-15,-1.,0.));
#3706=DIRECTION('',(0.,0.,-1.));
#3707=DIRECTION('center_axis',(-4.97318986392047E-16,-1.,0.));
#3708=DIRECTION('ref_axis',(-1.,4.97318986392047E-16,0.));
#3709=DIRECTION('',(-1.,4.97318986392047E-16,0.));
#3710=DIRECTION('',(0.,0.,-1.));
#3711=DIRECTION('',(-1.,4.97318986392047E-16,0.));
#3712=DIRECTION('',(0.,0.,-1.));
#3713=DIRECTION('',(0.,0.,-1.));
#3714=DIRECTION('',(0.,0.,-1.));
#3715=DIRECTION('',(0.,0.,-1.));
#3716=DIRECTION('center_axis',(-0.843775161392042,-0.536696820391023,0.));
#3717=DIRECTION('ref_axis',(-0.536696820391023,0.843775161392042,0.));
#3718=DIRECTION('',(-0.536696820391023,0.843775161392042,0.));
#3719=DIRECTION('',(0.,0.,-1.));
#3720=DIRECTION('',(-0.536696820391023,0.843775161392042,0.));
#3721=DIRECTION('center_axis',(-6.67044772220066E-16,-1.,0.));
#3722=DIRECTION('ref_axis',(-1.,6.67044772220066E-16,0.));
#3723=DIRECTION('',(-1.,6.67044772220066E-16,0.));
#3724=DIRECTION('',(0.,0.,-1.));
#3725=DIRECTION('',(-1.,6.67044772220066E-16,0.));
#3726=DIRECTION('center_axis',(0.84261660090861,0.53851394027752,0.));
#3727=DIRECTION('ref_axis',(0.53851394027752,-0.84261660090861,0.));
#3728=DIRECTION('',(0.53851394027752,-0.84261660090861,0.));
#3729=DIRECTION('',(0.,0.,-1.));
#3730=DIRECTION('',(0.53851394027752,-0.84261660090861,0.));
#3731=DIRECTION('',(0.,0.,-1.));
#3732=DIRECTION('',(0.,0.,-1.));
#3733=DIRECTION('',(0.,0.,-1.));
#3734=DIRECTION('',(0.,0.,-1.));
#3735=DIRECTION('',(0.,0.,-1.));
#3736=DIRECTION('',(0.,0.,-1.));
#3737=DIRECTION('',(0.,0.,-1.));
#3738=DIRECTION('center_axis',(5.00796008471049E-16,1.,0.));
#3739=DIRECTION('ref_axis',(1.,-5.00796008471049E-16,0.));
#3740=DIRECTION('',(1.,-5.00796008471049E-16,0.));
#3741=DIRECTION('',(0.,0.,-1.));
#3742=DIRECTION('',(1.,-5.00796008471049E-16,0.));
#3743=DIRECTION('center_axis',(-1.,1.33226762955019E-15,0.));
#3744=DIRECTION('ref_axis',(1.33226762955019E-15,1.,0.));
#3745=DIRECTION('',(1.33226762955019E-15,1.,0.));
#3746=DIRECTION('',(0.,0.,-1.));
#3747=DIRECTION('',(1.33226762955019E-15,1.,0.));
#3748=DIRECTION('center_axis',(-4.19481039184912E-16,-1.,0.));
#3749=DIRECTION('ref_axis',(-1.,4.19481039184912E-16,0.));
#3750=DIRECTION('',(-1.,4.19481039184912E-16,0.));
#3751=DIRECTION('',(-1.,4.19481039184912E-16,0.));
#3752=DIRECTION('center_axis',(0.,0.,1.));
#3753=DIRECTION('ref_axis',(-1.,0.,0.));
#3754=DIRECTION('center_axis',(0.,1.,0.));
#3755=DIRECTION('ref_axis',(1.,0.,0.));
#3756=DIRECTION('',(1.,0.,0.));
#3757=DIRECTION('',(0.,0.,-1.));
#3758=DIRECTION('',(1.,0.,0.));
#3759=DIRECTION('',(0.,0.,-1.));
#3760=DIRECTION('',(0.,0.,-1.));
#3761=DIRECTION('',(0.,0.,-1.));
#3762=DIRECTION('center_axis',(-1.,1.8707896318934E-15,0.));
#3763=DIRECTION('ref_axis',(1.8707896318934E-15,1.,0.));
#3764=DIRECTION('',(1.8707896318934E-15,1.,0.));
#3765=DIRECTION('',(0.,0.,-1.));
#3766=DIRECTION('',(1.8707896318934E-15,1.,0.));
#3767=DIRECTION('',(0.,0.,-1.));
#3768=DIRECTION('',(0.,0.,-1.));
#3769=DIRECTION('center_axis',(-1.,1.27709526666936E-15,0.));
#3770=DIRECTION('ref_axis',(1.27709526666936E-15,1.,0.));
#3771=DIRECTION('',(1.27709526666936E-15,1.,0.));
#3772=DIRECTION('',(0.,0.,-1.));
#3773=DIRECTION('',(1.27709526666936E-15,1.,0.));
#3774=DIRECTION('center_axis',(-4.52107554918828E-16,-1.,0.));
#3775=DIRECTION('ref_axis',(-1.,4.52107554918828E-16,0.));
#3776=DIRECTION('',(-1.,4.52107554918828E-16,0.));
#3777=DIRECTION('',(0.,0.,-1.));
#3778=DIRECTION('',(-1.,4.52107554918828E-16,0.));
#3779=DIRECTION('center_axis',(1.,-1.32683713389251E-15,0.));
#3780=DIRECTION('ref_axis',(-1.32683713389251E-15,-1.,0.));
#3781=DIRECTION('',(-1.32683713389251E-15,-1.,0.));
#3782=DIRECTION('',(-1.32683713389251E-15,-1.,0.));
#3783=DIRECTION('center_axis',(0.,0.,1.));
#3784=DIRECTION('ref_axis',(-1.,0.,0.));
#3785=DIRECTION('center_axis',(0.,0.,1.));
#3786=DIRECTION('ref_axis',(1.,0.,0.));
#3787=DIRECTION('center_axis',(0.,0.,-1.));
#3788=DIRECTION('ref_axis',(0.923879532511286,-0.382683432365091,0.));
#3789=DIRECTION('',(0.,-1.,0.));
#3790=DIRECTION('center_axis',(0.,0.,-1.));
#3791=DIRECTION('ref_axis',(0.923879532511286,0.382683432365091,0.));
#3792=DIRECTION('',(0.707106781186548,-0.707106781186548,0.));
#3793=DIRECTION('center_axis',(0.,0.,-1.));
#3794=DIRECTION('ref_axis',(0.382683432365091,0.923879532511286,0.));
#3795=DIRECTION('',(1.,0.,0.));
#3796=DIRECTION('center_axis',(0.,0.,-1.));
#3797=DIRECTION('ref_axis',(-0.38268343236509,0.923879532511287,0.));
#3798=DIRECTION('',(0.707106781186547,0.707106781186548,0.));
#3799=DIRECTION('center_axis',(0.,0.,-1.));
#3800=DIRECTION('ref_axis',(-0.923879532511287,0.38268343236509,0.));
#3801=DIRECTION('',(0.,1.,0.));
#3802=DIRECTION('center_axis',(0.,0.,-1.));
#3803=DIRECTION('ref_axis',(-0.923879532511286,-0.382683432365091,0.));
#3804=DIRECTION('',(-0.707106781186548,0.707106781186548,0.));
#3805=DIRECTION('center_axis',(0.,0.,-1.));
#3806=DIRECTION('ref_axis',(-0.382683432365091,-0.923879532511286,0.));
#3807=DIRECTION('',(-1.,0.,0.));
#3808=DIRECTION('center_axis',(0.,0.,-1.));
#3809=DIRECTION('ref_axis',(0.382683432365091,-0.923879532511286,0.));
#3810=DIRECTION('',(-0.707106781186548,-0.707106781186548,0.));
#3811=DIRECTION('center_axis',(0.,0.,1.));
#3812=DIRECTION('ref_axis',(1.,0.,0.));
#3813=DIRECTION('center_axis',(0.,0.,-1.));
#3814=DIRECTION('ref_axis',(-1.,0.,0.));
#3815=DIRECTION('center_axis',(0.,-1.,0.));
#3816=DIRECTION('ref_axis',(1.,0.,0.));
#3817=DIRECTION('center_axis',(0.707106781186548,0.707106781186548,0.));
#3818=DIRECTION('ref_axis',(0.,0.,1.));
#3819=DIRECTION('center_axis',(0.,0.,1.));
#3820=DIRECTION('ref_axis',(0.923879532511286,-0.382683432365091,0.));
#3821=DIRECTION('center_axis',(-0.707106781186548,-0.707106781186548,0.));
#3822=DIRECTION('ref_axis',(0.500000000000001,-0.500000000000001,0.707106781186546));
#3823=DIRECTION('center_axis',(0.707106781186545,0.70710678118655,0.));
#3824=DIRECTION('ref_axis',(0.,0.,1.));
#3825=DIRECTION('',(0.707106781186548,0.707106781186548,0.));
#3826=DIRECTION('center_axis',(0.,0.,-1.));
#3827=DIRECTION('ref_axis',(-1.,0.,0.));
#3828=DIRECTION('center_axis',(1.,0.,0.));
#3829=DIRECTION('ref_axis',(0.,0.,1.));
#3830=DIRECTION('center_axis',(0.,0.,1.));
#3831=DIRECTION('ref_axis',(0.382683432365091,-0.923879532511286,0.));
#3832=DIRECTION('center_axis',(1.,0.,0.));
#3833=DIRECTION('ref_axis',(0.,-0.707106781186548,0.707106781186548));
#3834=DIRECTION('center_axis',(1.,0.,0.));
#3835=DIRECTION('ref_axis',(0.,0.,1.));
#3836=DIRECTION('',(1.,0.,0.));
#3837=DIRECTION('center_axis',(0.,0.,-1.));
#3838=DIRECTION('ref_axis',(-1.,0.,0.));
#3839=DIRECTION('center_axis',(0.707106781186548,-0.707106781186548,0.));
#3840=DIRECTION('ref_axis',(0.,0.,1.));
#3841=DIRECTION('center_axis',(0.,0.,1.));
#3842=DIRECTION('ref_axis',(-0.382683432365091,-0.923879532511286,0.));
#3843=DIRECTION('center_axis',(-0.707106781186548,0.707106781186548,0.));
#3844=DIRECTION('ref_axis',(-0.500000000000001,-0.500000000000001,0.707106781186546));
#3845=DIRECTION('center_axis',(0.70710678118655,-0.707106781186545,0.));
#3846=DIRECTION('ref_axis',(0.,0.,1.));
#3847=DIRECTION('',(0.707106781186548,-0.707106781186548,0.));
#3848=DIRECTION('center_axis',(0.,0.,-1.));
#3849=DIRECTION('ref_axis',(-1.,0.,0.));
#3850=DIRECTION('center_axis',(0.,-1.,0.));
#3851=DIRECTION('ref_axis',(0.,0.,1.));
#3852=DIRECTION('center_axis',(0.,0.,1.));
#3853=DIRECTION('ref_axis',(-0.923879532511286,-0.382683432365091,0.));
#3854=DIRECTION('center_axis',(0.,-1.,0.));
#3855=DIRECTION('ref_axis',(-0.707106781186548,0.,0.707106781186548));
#3856=DIRECTION('center_axis',(0.,-1.,0.));
#3857=DIRECTION('ref_axis',(0.,0.,1.));
#3858=DIRECTION('',(0.,-1.,0.));
#3859=DIRECTION('center_axis',(0.,0.,-1.));
#3860=DIRECTION('ref_axis',(-1.,0.,0.));
#3861=DIRECTION('center_axis',(-0.707106781186548,-0.707106781186548,0.));
#3862=DIRECTION('ref_axis',(0.,0.,1.));
#3863=DIRECTION('center_axis',(0.,0.,1.));
#3864=DIRECTION('ref_axis',(-0.923879532511287,0.38268343236509,0.));
#3865=DIRECTION('center_axis',(0.707106781186547,0.707106781186548,0.));
#3866=DIRECTION('ref_axis',(-0.500000000000001,0.500000000000001,0.707106781186546));
#3867=DIRECTION('center_axis',(-0.707106781186545,-0.70710678118655,0.));
#3868=DIRECTION('ref_axis',(0.,0.,1.));
#3869=DIRECTION('',(-0.707106781186547,-0.707106781186548,0.));
#3870=DIRECTION('center_axis',(0.,0.,-1.));
#3871=DIRECTION('ref_axis',(-1.,0.,0.));
#3872=DIRECTION('center_axis',(-1.,0.,0.));
#3873=DIRECTION('ref_axis',(0.,0.,1.));
#3874=DIRECTION('center_axis',(0.,0.,1.));
#3875=DIRECTION('ref_axis',(-0.38268343236509,0.923879532511287,0.));
#3876=DIRECTION('center_axis',(-1.,0.,0.));
#3877=DIRECTION('ref_axis',(0.,0.707106781186548,0.707106781186548));
#3878=DIRECTION('center_axis',(-1.,0.,0.));
#3879=DIRECTION('ref_axis',(0.,0.,1.));
#3880=DIRECTION('',(-1.,0.,0.));
#3881=DIRECTION('center_axis',(0.,0.,-1.));
#3882=DIRECTION('ref_axis',(-1.,0.,0.));
#3883=DIRECTION('center_axis',(-0.707106781186548,0.707106781186548,0.));
#3884=DIRECTION('ref_axis',(0.,0.,1.));
#3885=DIRECTION('center_axis',(0.,0.,1.));
#3886=DIRECTION('ref_axis',(0.382683432365091,0.923879532511286,0.));
#3887=DIRECTION('center_axis',(0.707106781186548,-0.707106781186548,0.));
#3888=DIRECTION('ref_axis',(0.500000000000001,0.500000000000001,0.707106781186546));
#3889=DIRECTION('center_axis',(-0.70710678118655,0.707106781186545,0.));
#3890=DIRECTION('ref_axis',(0.,0.,1.));
#3891=DIRECTION('',(-0.707106781186548,0.707106781186548,0.));
#3892=DIRECTION('center_axis',(0.,0.,-1.));
#3893=DIRECTION('ref_axis',(-1.,0.,0.));
#3894=DIRECTION('center_axis',(0.,1.,0.));
#3895=DIRECTION('ref_axis',(0.,0.,1.));
#3896=DIRECTION('center_axis',(0.,0.,1.));
#3897=DIRECTION('ref_axis',(0.923879532511286,0.382683432365091,0.));
#3898=DIRECTION('center_axis',(0.,1.,0.));
#3899=DIRECTION('ref_axis',(0.707106781186548,0.,0.707106781186548));
#3900=DIRECTION('',(0.,1.,0.));
#3901=DIRECTION('center_axis',(-0.707106781186548,0.707106781186547,0.));
#3902=DIRECTION('ref_axis',(0.,0.,1.));
#3903=DIRECTION('',(0.,0.,1.));
#3904=DIRECTION('',(0.707106781186547,0.707106781186548,0.));
#3905=DIRECTION('',(0.,0.,-1.));
#3906=DIRECTION('center_axis',(0.,0.,-1.));
#3907=DIRECTION('ref_axis',(-0.38268343236509,0.923879532511287,0.));
#3908=DIRECTION('',(0.,0.,-1.));
#3909=DIRECTION('center_axis',(0.,0.,-1.));
#3910=DIRECTION('ref_axis',(-0.38268343236509,0.923879532511287,0.));
#3911=DIRECTION('center_axis',(0.,1.,0.));
#3912=DIRECTION('ref_axis',(-1.,0.,0.));
#3913=DIRECTION('',(0.,0.,1.));
#3914=DIRECTION('',(1.,0.,0.));
#3915=DIRECTION('center_axis',(0.,0.,1.));
#3916=DIRECTION('ref_axis',(0.382683432365089,0.923879532511287,0.));
#3917=DIRECTION('',(0.,0.,-1.));
#3918=DIRECTION('center_axis',(0.,0.,-1.));
#3919=DIRECTION('ref_axis',(0.382683432365091,0.923879532511286,0.));
#3920=DIRECTION('center_axis',(0.707106781186548,0.707106781186548,0.));
#3921=DIRECTION('ref_axis',(0.,0.,-1.));
#3922=DIRECTION('',(0.,0.,1.));
#3923=DIRECTION('',(0.707106781186548,-0.707106781186548,0.));
#3924=DIRECTION('center_axis',(0.,0.,-1.));
#3925=DIRECTION('ref_axis',(0.923879532511287,0.382683432365089,0.));
#3926=DIRECTION('',(0.,0.,-1.));
#3927=DIRECTION('center_axis',(0.,0.,-1.));
#3928=DIRECTION('ref_axis',(0.923879532511286,0.382683432365091,0.));
#3929=DIRECTION('center_axis',(1.,0.,0.));
#3930=DIRECTION('ref_axis',(0.,1.,0.));
#3931=DIRECTION('',(0.,0.,1.));
#3932=DIRECTION('',(0.,-1.,0.));
#3933=DIRECTION('center_axis',(0.,0.,1.));
#3934=DIRECTION('ref_axis',(0.923879532511287,-0.382683432365089,0.));
#3935=DIRECTION('',(0.,0.,-1.));
#3936=DIRECTION('center_axis',(0.,0.,-1.));
#3937=DIRECTION('ref_axis',(0.923879532511286,-0.382683432365091,0.));
#3938=DIRECTION('center_axis',(0.,0.,1.));
#3939=DIRECTION('ref_axis',(1.,0.,0.));
#3940=DIRECTION('center_axis',(0.,0.,1.));
#3941=DIRECTION('ref_axis',(1.,0.,0.));
#3942=DIRECTION('center_axis',(1.,0.,0.));
#3943=DIRECTION('ref_axis',(0.,0.,-1.));
#3944=DIRECTION('center_axis',(0.,0.,-1.));
#3945=DIRECTION('ref_axis',(0.547722557505164,0.836660026534077,0.));
#3946=DIRECTION('center_axis',(0.,0.,1.));
#3947=DIRECTION('ref_axis',(0.547722557505163,0.836660026534077,0.));
#3948=DIRECTION('center_axis',(1.,0.,0.));
#3949=DIRECTION('ref_axis',(0.,0.707106781186548,-0.707106781186547));
#3950=DIRECTION('center_axis',(1.,0.,0.));
#3951=DIRECTION('ref_axis',(0.,0.,-1.));
#3952=DIRECTION('',(1.,0.,0.));
#3953=DIRECTION('',(-1.,0.,0.));
#3954=DIRECTION('center_axis',(0.,0.,1.));
#3955=DIRECTION('ref_axis',(1.,0.,0.));
#3956=DIRECTION('center_axis',(0.866025403784438,0.500000000000001,0.));
#3957=DIRECTION('ref_axis',(0.,0.,-1.));
#3958=DIRECTION('center_axis',(0.,0.,-1.));
#3959=DIRECTION('ref_axis',(-0.258819045102521,0.965925826289068,0.));
#3960=DIRECTION('center_axis',(0.,0.,1.));
#3961=DIRECTION('ref_axis',(-0.258819045102521,0.965925826289068,0.));
#3962=DIRECTION('center_axis',(0.866025403784439,0.5,0.));
#3963=DIRECTION('ref_axis',(-0.353553390593275,0.612372435695791,-0.707106781186549));
#3964=DIRECTION('center_axis',(1.,2.36217664813863E-16,0.));
#3965=DIRECTION('ref_axis',(-2.65574210060648E-16,1.,-7.51157299368579E-17));
#3966=DIRECTION('',(-0.866025403784438,-0.5,0.));
#3967=DIRECTION('center_axis',(0.866025403784435,0.500000000000005,0.));
#3968=DIRECTION('ref_axis',(0.,0.,-1.));
#3969=DIRECTION('',(0.866025403784438,0.5,0.));
#3970=DIRECTION('',(-0.866025403784438,-0.5,0.));
#3971=DIRECTION('center_axis',(0.,-1.,0.));
#3972=DIRECTION('ref_axis',(-1.,0.,0.));
#3973=DIRECTION('center_axis',(0.,0.,-1.));
#3974=DIRECTION('ref_axis',(-1.,0.,0.));
#3975=DIRECTION('center_axis',(1.,0.,0.));
#3976=DIRECTION('ref_axis',(0.,0.,-1.));
#3977=DIRECTION('center_axis',(0.,0.,1.));
#3978=DIRECTION('ref_axis',(0.258819045102521,-0.965925826289068,0.));
#3979=DIRECTION('center_axis',(0.,0.,-1.));
#3980=DIRECTION('ref_axis',(0.258819045102521,-0.965925826289068,0.));
#3981=DIRECTION('center_axis',(1.,0.,0.));
#3982=DIRECTION('ref_axis',(0.,0.707106781186548,-0.707106781186547));
#3983=DIRECTION('center_axis',(1.,0.,0.));
#3984=DIRECTION('ref_axis',(0.,0.,-1.));
#3985=DIRECTION('',(1.,0.,0.));
#3986=DIRECTION('',(-1.,0.,0.));
#3987=DIRECTION('center_axis',(0.,0.,-1.));
#3988=DIRECTION('ref_axis',(-1.,0.,0.));
#3989=DIRECTION('center_axis',(0.866025403784438,-0.500000000000001,0.));
#3990=DIRECTION('ref_axis',(0.,0.,-1.));
#3991=DIRECTION('center_axis',(0.,0.,1.));
#3992=DIRECTION('ref_axis',(-0.258819045102521,-0.965925826289068,0.));
#3993=DIRECTION('center_axis',(0.,0.,-1.));
#3994=DIRECTION('ref_axis',(-0.258819045102521,-0.965925826289068,0.));
#3995=DIRECTION('center_axis',(0.866025403784438,-0.5,0.));
#3996=DIRECTION('ref_axis',(0.353553390593275,0.612372435695791,-0.70710678118655));
#3997=DIRECTION('center_axis',(0.,-1.,0.));
#3998=DIRECTION('ref_axis',(1.,0.,8.67361737988404E-17));
#3999=DIRECTION('',(-0.866025403784438,0.5,0.));
#4000=DIRECTION('center_axis',(0.866025403784438,-0.500000000000001,0.));
#4001=DIRECTION('ref_axis',(0.,0.,-1.));
#4002=DIRECTION('',(0.866025403784438,-0.5,0.));
#4003=DIRECTION('',(-0.866025403784438,0.5,0.));
#4004=DIRECTION('center_axis',(-1.,0.,0.));
#4005=DIRECTION('ref_axis',(1.54281143841736E-31,1.,-2.25347189810574E-16));
#4006=DIRECTION('center_axis',(0.,0.,1.));
#4007=DIRECTION('ref_axis',(1.,0.,0.));
#4008=DIRECTION('center_axis',(1.,0.,0.));
#4009=DIRECTION('ref_axis',(0.,0.,-1.));
#4010=DIRECTION('center_axis',(0.,0.,-1.));
#4011=DIRECTION('ref_axis',(0.258819045102521,0.965925826289068,0.));
#4012=DIRECTION('center_axis',(0.,0.,1.));
#4013=DIRECTION('ref_axis',(0.258819045102521,0.965925826289068,0.));
#4014=DIRECTION('center_axis',(1.,0.,0.));
#4015=DIRECTION('ref_axis',(0.,0.707106781186548,-0.707106781186547));
#4016=DIRECTION('center_axis',(1.,0.,0.));
#4017=DIRECTION('ref_axis',(0.,0.,-1.));
#4018=DIRECTION('',(1.,0.,0.));
#4019=DIRECTION('',(-1.,0.,0.));
#4020=DIRECTION('center_axis',(0.,0.,1.));
#4021=DIRECTION('ref_axis',(1.,0.,0.));
#4022=DIRECTION('center_axis',(0.,0.,-1.));
#4023=DIRECTION('ref_axis',(-0.547722557505164,0.836660026534077,0.));
#4024=DIRECTION('center_axis',(0.,0.,1.));
#4025=DIRECTION('ref_axis',(-0.547722557505164,0.836660026534077,0.));
#4026=DIRECTION('center_axis',(0.,0.,1.));
#4027=DIRECTION('ref_axis',(-1.,0.,0.));
#4028=DIRECTION('',(2.36217664813863E-16,-1.,0.));
#4029=DIRECTION('',(0.866025403784438,-0.5,0.));
#4030=DIRECTION('center_axis',(0.,0.,-1.));
#4031=DIRECTION('ref_axis',(0.258819045102521,0.965925826289068,0.));
#4032=DIRECTION('',(1.,0.,0.));
#4033=DIRECTION('center_axis',(0.,0.,-1.));
#4034=DIRECTION('ref_axis',(-0.25881904510252,0.965925826289068,0.));
#4035=DIRECTION('',(0.866025403784438,0.5,0.));
#4036=DIRECTION('',(0.,1.,0.));
#4037=DIRECTION('center_axis',(0.,0.,1.));
#4038=DIRECTION('ref_axis',(-1.,0.,0.));
#4039=DIRECTION('',(-1.,0.,0.));
#4040=DIRECTION('center_axis',(0.,0.,1.));
#4041=DIRECTION('ref_axis',(-1.,0.,0.));
#4042=DIRECTION('',(-1.,0.,0.));
#4043=DIRECTION('center_axis',(0.,0.,1.));
#4044=DIRECTION('ref_axis',(1.,0.,0.));
#4045=DIRECTION('center_axis',(-1.,0.,0.));
#4046=DIRECTION('ref_axis',(0.,0.,-1.));
#4047=DIRECTION('center_axis',(0.,0.,-1.));
#4048=DIRECTION('ref_axis',(-0.547722557505166,-0.836660026534076,0.));
#4049=DIRECTION('center_axis',(0.,0.,1.));
#4050=DIRECTION('ref_axis',(-0.547722557505166,-0.836660026534076,0.));
#4051=DIRECTION('center_axis',(-1.,0.,0.));
#4052=DIRECTION('ref_axis',(0.,-0.707106781186548,-0.707106781186547));
#4053=DIRECTION('center_axis',(-1.,0.,0.));
#4054=DIRECTION('ref_axis',(0.,0.,-1.));
#4055=DIRECTION('',(-1.,0.,0.));
#4056=DIRECTION('',(1.,0.,0.));
#4057=DIRECTION('center_axis',(0.,0.,1.));
#4058=DIRECTION('ref_axis',(1.,0.,0.));
#4059=DIRECTION('center_axis',(-0.866025403784438,-0.500000000000001,0.));
#4060=DIRECTION('ref_axis',(0.,0.,-1.));
#4061=DIRECTION('center_axis',(0.,0.,-1.));
#4062=DIRECTION('ref_axis',(0.258819045102521,-0.965925826289068,0.));
#4063=DIRECTION('center_axis',(0.,0.,1.));
#4064=DIRECTION('ref_axis',(0.258819045102521,-0.965925826289068,0.));
#4065=DIRECTION('center_axis',(0.866025403784438,0.5,0.));
#4066=DIRECTION('ref_axis',(0.353553390593275,-0.612372435695791,-0.707106781186549));
#4067=DIRECTION('center_axis',(-1.,0.,0.));
#4068=DIRECTION('ref_axis',(5.31148420121296E-17,-1.,-1.50231459873716E-16));
#4069=DIRECTION('center_axis',(-0.866025403784438,-0.500000000000001,0.));
#4070=DIRECTION('ref_axis',(0.,0.,-1.));
#4071=DIRECTION('',(-0.866025403784438,-0.5,0.));
#4072=DIRECTION('',(0.866025403784438,0.5,0.));
#4073=DIRECTION('center_axis',(0.,1.,0.));
#4074=DIRECTION('ref_axis',(1.,0.,0.));
#4075=DIRECTION('center_axis',(0.,0.,-1.));
#4076=DIRECTION('ref_axis',(-1.,0.,0.));
#4077=DIRECTION('center_axis',(-1.,0.,0.));
#4078=DIRECTION('ref_axis',(0.,0.,-1.));
#4079=DIRECTION('center_axis',(0.,0.,1.));
#4080=DIRECTION('ref_axis',(-0.25881904510252,0.965925826289069,0.));
#4081=DIRECTION('center_axis',(1.,0.,0.));
#4082=DIRECTION('ref_axis',(0.,-0.707106781186548,-0.707106781186547));
#4083=DIRECTION('center_axis',(-1.,0.,0.));
#4084=DIRECTION('ref_axis',(0.,0.,-1.));
#4085=DIRECTION('',(-1.,0.,0.));
#4086=DIRECTION('center_axis',(0.,0.,-1.));
#4087=DIRECTION('ref_axis',(-1.,0.,0.));
#4088=DIRECTION('center_axis',(-0.866025403784438,0.500000000000001,0.));
#4089=DIRECTION('ref_axis',(0.,0.,-1.));
#4090=DIRECTION('center_axis',(0.,0.,1.));
#4091=DIRECTION('ref_axis',(0.258819045102521,0.965925826289068,0.));
#4092=DIRECTION('center_axis',(0.866025403784439,-0.5,0.));
#4093=DIRECTION('ref_axis',(-0.353553390593273,-0.612372435695792,-0.70710678118655));
#4094=DIRECTION('center_axis',(0.,1.,0.));
#4095=DIRECTION('ref_axis',(-1.,0.,4.33680868994202E-17));
#4096=DIRECTION('',(0.866025403784438,-0.5,0.));
#4097=DIRECTION('center_axis',(-0.866025403784434,0.500000000000008,0.));
#4098=DIRECTION('ref_axis',(0.,0.,-1.));
#4099=DIRECTION('',(-0.866025403784438,0.5,0.));
#4100=DIRECTION('center_axis',(1.,2.36217664813863E-16,0.));
#4101=DIRECTION('ref_axis',(2.12459368048519E-16,-1.,3.7557864968429E-16));
#4102=DIRECTION('center_axis',(0.,0.,1.));
#4103=DIRECTION('ref_axis',(1.,0.,0.));
#4104=DIRECTION('center_axis',(-1.,0.,0.));
#4105=DIRECTION('ref_axis',(0.,0.,-1.));
#4106=DIRECTION('center_axis',(0.,0.,-1.));
#4107=DIRECTION('ref_axis',(-0.258819045102521,-0.965925826289068,0.));
#4108=DIRECTION('center_axis',(0.,0.,1.));
#4109=DIRECTION('ref_axis',(-0.258819045102521,-0.965925826289068,0.));
#4110=DIRECTION('center_axis',(-1.,0.,0.));
#4111=DIRECTION('ref_axis',(0.,-0.707106781186548,-0.707106781186547));
#4112=DIRECTION('center_axis',(-1.,0.,0.));
#4113=DIRECTION('ref_axis',(0.,0.,-1.));
#4114=DIRECTION('',(-1.,0.,0.));
#4115=DIRECTION('',(1.,0.,0.));
#4116=DIRECTION('center_axis',(0.,0.,1.));
#4117=DIRECTION('ref_axis',(1.,0.,0.));
#4118=DIRECTION('center_axis',(0.,0.,-1.));
#4119=DIRECTION('ref_axis',(0.547722557505168,-0.836660026534075,0.));
#4120=DIRECTION('center_axis',(0.,0.,1.));
#4121=DIRECTION('ref_axis',(0.547722557505168,-0.836660026534075,0.));
#4122=DIRECTION('center_axis',(0.,0.,1.));
#4123=DIRECTION('ref_axis',(-1.,0.,0.));
#4124=DIRECTION('',(1.,0.,0.));
#4125=DIRECTION('center_axis',(0.,0.,1.));
#4126=DIRECTION('ref_axis',(-1.,0.,0.));
#4127=DIRECTION('',(1.,0.,0.));
#4128=DIRECTION('center_axis',(0.,0.,1.));
#4129=DIRECTION('ref_axis',(1.,0.,0.));
#4130=DIRECTION('center_axis',(0.707106781186548,-0.707106781186548,0.));
#4131=DIRECTION('ref_axis',(-0.707106781186548,-0.707106781186548,0.));
#4132=DIRECTION('center_axis',(0.,0.,1.));
#4133=DIRECTION('ref_axis',(-0.382683432365091,-0.923879532511286,0.));
#4134=DIRECTION('center_axis',(-1.,0.,0.));
#4135=DIRECTION('ref_axis',(0.,0.,-1.));
#4136=DIRECTION('center_axis',(0.,0.,-1.));
#4137=DIRECTION('ref_axis',(-0.382683432365091,-0.923879532511286,0.));
#4138=DIRECTION('center_axis',(-1.,0.,0.));
#4139=DIRECTION('ref_axis',(0.,-0.707106781186548,-0.707106781186548));
#4140=DIRECTION('center_axis',(-1.,0.,0.));
#4141=DIRECTION('ref_axis',(0.,0.,-1.));
#4142=DIRECTION('',(-1.,0.,0.));
#4143=DIRECTION('',(1.,0.,0.));
#4144=DIRECTION('center_axis',(0.,0.,1.));
#4145=DIRECTION('ref_axis',(1.,0.,0.));
#4146=DIRECTION('center_axis',(-0.707106781186548,-0.707106781186548,0.));
#4147=DIRECTION('ref_axis',(0.,0.,-1.));
#4148=DIRECTION('center_axis',(0.,0.,-1.));
#4149=DIRECTION('ref_axis',(0.382683432365091,-0.923879532511286,0.));
#4150=DIRECTION('center_axis',(0.,0.,1.));
#4151=DIRECTION('ref_axis',(0.382683432365091,-0.923879532511286,0.));
#4152=DIRECTION('center_axis',(0.707106781186548,0.707106781186548,0.));
#4153=DIRECTION('ref_axis',(0.500000000000001,-0.500000000000001,-0.707106781186546));
#4154=DIRECTION('center_axis',(-0.70710678118655,-0.707106781186545,0.));
#4155=DIRECTION('ref_axis',(0.,0.,-1.));
#4156=DIRECTION('',(-0.707106781186548,-0.707106781186548,0.));
#4157=DIRECTION('',(0.707106781186548,0.707106781186548,0.));
#4158=DIRECTION('center_axis',(0.,0.,1.));
#4159=DIRECTION('ref_axis',(1.,0.,0.));
#4160=DIRECTION('center_axis',(0.,-1.,0.));
#4161=DIRECTION('ref_axis',(0.,0.,-1.));
#4162=DIRECTION('center_axis',(0.,0.,1.));
#4163=DIRECTION('ref_axis',(0.923879532511286,-0.382683432365091,0.));
#4164=DIRECTION('center_axis',(0.,-1.,0.));
#4165=DIRECTION('ref_axis',(0.707106781186548,0.,-0.707106781186548));
#4166=DIRECTION('center_axis',(0.,-1.,0.));
#4167=DIRECTION('ref_axis',(0.,0.,-1.));
#4168=DIRECTION('',(0.,1.,0.));
#4169=DIRECTION('center_axis',(0.,0.,1.));
#4170=DIRECTION('ref_axis',(1.,0.,0.));
#4171=DIRECTION('center_axis',(0.707106781186548,-0.707106781186548,0.));
#4172=DIRECTION('ref_axis',(0.,0.,-1.));
#4173=DIRECTION('center_axis',(0.,0.,1.));
#4174=DIRECTION('ref_axis',(0.923879532511286,0.382683432365091,0.));
#4175=DIRECTION('center_axis',(-0.707106781186548,0.707106781186548,0.));
#4176=DIRECTION('ref_axis',(0.500000000000001,0.500000000000001,-0.707106781186546));
#4177=DIRECTION('center_axis',(0.707106781186545,-0.70710678118655,0.));
#4178=DIRECTION('ref_axis',(0.,0.,-1.));
#4179=DIRECTION('',(-0.707106781186548,0.707106781186548,0.));
#4180=DIRECTION('center_axis',(0.,0.,1.));
#4181=DIRECTION('ref_axis',(1.,0.,0.));
#4182=DIRECTION('center_axis',(1.,0.,0.));
#4183=DIRECTION('ref_axis',(0.,0.,-1.));
#4184=DIRECTION('center_axis',(0.,0.,1.));
#4185=DIRECTION('ref_axis',(0.382683432365091,0.923879532511286,0.));
#4186=DIRECTION('center_axis',(-1.,0.,0.));
#4187=DIRECTION('ref_axis',(0.,0.707106781186548,-0.707106781186548));
#4188=DIRECTION('center_axis',(1.,0.,0.));
#4189=DIRECTION('ref_axis',(0.,0.,-1.));
#4190=DIRECTION('',(-1.,0.,0.));
#4191=DIRECTION('center_axis',(0.,0.,1.));
#4192=DIRECTION('ref_axis',(1.,0.,0.));
#4193=DIRECTION('center_axis',(0.707106781186548,0.707106781186548,0.));
#4194=DIRECTION('ref_axis',(0.,0.,-1.));
#4195=DIRECTION('center_axis',(0.,0.,1.));
#4196=DIRECTION('ref_axis',(-0.38268343236509,0.923879532511287,0.));
#4197=DIRECTION('center_axis',(-0.707106781186547,-0.707106781186548,0.));
#4198=DIRECTION('ref_axis',(-0.500000000000001,0.500000000000001,-0.707106781186546));
#4199=DIRECTION('center_axis',(0.70710678118655,0.707106781186545,0.));
#4200=DIRECTION('ref_axis',(0.,0.,-1.));
#4201=DIRECTION('',(-0.707106781186547,-0.707106781186548,0.));
#4202=DIRECTION('center_axis',(0.,0.,1.));
#4203=DIRECTION('ref_axis',(1.,0.,0.));
#4204=DIRECTION('center_axis',(0.,1.,0.));
#4205=DIRECTION('ref_axis',(0.,0.,-1.));
#4206=DIRECTION('center_axis',(0.,0.,-1.));
#4207=DIRECTION('ref_axis',(-0.923879532511287,0.38268343236509,0.));
#4208=DIRECTION('center_axis',(0.,0.,1.));
#4209=DIRECTION('ref_axis',(-0.923879532511287,0.38268343236509,0.));
#4210=DIRECTION('center_axis',(0.,1.,0.));
#4211=DIRECTION('ref_axis',(-0.707106781186548,0.,-0.707106781186548));
#4212=DIRECTION('center_axis',(0.,1.,0.));
#4213=DIRECTION('ref_axis',(0.,0.,-1.));
#4214=DIRECTION('',(0.,1.,0.));
#4215=DIRECTION('',(0.,-1.,0.));
#4216=DIRECTION('center_axis',(0.,0.,1.));
#4217=DIRECTION('ref_axis',(1.,0.,0.));
#4218=DIRECTION('center_axis',(-0.707106781186548,0.707106781186548,0.));
#4219=DIRECTION('ref_axis',(0.,0.,-1.));
#4220=DIRECTION('center_axis',(0.,0.,-1.));
#4221=DIRECTION('ref_axis',(-0.923879532511286,-0.382683432365091,0.));
#4222=DIRECTION('center_axis',(0.,0.,1.));
#4223=DIRECTION('ref_axis',(-0.923879532511286,-0.382683432365091,0.));
#4224=DIRECTION('center_axis',(0.707106781186548,-0.707106781186548,0.));
#4225=DIRECTION('ref_axis',(-0.500000000000001,-0.500000000000001,-0.707106781186546));
#4226=DIRECTION('',(-0.707106781186548,0.707106781186548,0.));
#4227=DIRECTION('',(0.707106781186548,-0.707106781186548,0.));
#4228=DIRECTION('center_axis',(0.,0.,1.));
#4229=DIRECTION('ref_axis',(-0.923879532511287,0.38268343236509,0.));
#4230=DIRECTION('',(0.,0.,1.));
#4231=DIRECTION('center_axis',(-1.,0.,0.));
#4232=DIRECTION('ref_axis',(0.,-1.,0.));
#4233=DIRECTION('',(0.,0.,-1.));
#4234=DIRECTION('center_axis',(0.,0.,-1.));
#4235=DIRECTION('ref_axis',(-0.923879532511287,-0.382683432365089,0.));
#4236=DIRECTION('',(0.,0.,1.));
#4237=DIRECTION('center_axis',(-0.707106781186548,-0.707106781186548,0.));
#4238=DIRECTION('ref_axis',(0.,0.,1.));
#4239=DIRECTION('',(0.,0.,-1.));
#4240=DIRECTION('center_axis',(0.,0.,1.));
#4241=DIRECTION('ref_axis',(-0.382683432365089,-0.923879532511287,0.));
#4242=DIRECTION('',(0.,0.,1.));
#4243=DIRECTION('center_axis',(0.,0.,1.));
#4244=DIRECTION('ref_axis',(-1.,0.,0.));
#4245=DIRECTION('center_axis',(0.,0.,1.));
#4246=DIRECTION('ref_axis',(-1.,0.,0.));
#4247=DIRECTION('center_axis',(0.,0.,-1.));
#4248=DIRECTION('ref_axis',(-1.,0.,0.));
#4249=DIRECTION('center_axis',(1.,0.,0.));
#4250=DIRECTION('ref_axis',(0.,1.,0.));
#4251=DIRECTION('center_axis',(0.,0.,-1.));
#4252=DIRECTION('ref_axis',(0.707106781186548,0.707106781186548,0.));
#4253=DIRECTION('center_axis',(0.,1.,0.));
#4254=DIRECTION('ref_axis',(0.,0.,1.));
#4255=DIRECTION('center_axis',(0.,0.,1.));
#4256=DIRECTION('ref_axis',(0.707106781186548,0.707106781186548,0.));
#4257=DIRECTION('center_axis',(1.18108832406932E-16,1.,0.));
#4258=DIRECTION('ref_axis',(0.707106781186548,0.,0.707106781186548));
#4259=DIRECTION('center_axis',(0.,1.,0.));
#4260=DIRECTION('ref_axis',(0.,0.,1.));
#4261=DIRECTION('',(1.18108832406932E-16,1.,0.));
#4262=DIRECTION('',(-1.18108832406932E-16,-1.,0.));
#4263=DIRECTION('center_axis',(0.,0.,-1.));
#4264=DIRECTION('ref_axis',(-1.,0.,0.));
#4265=DIRECTION('center_axis',(1.,0.,0.));
#4266=DIRECTION('ref_axis',(0.,0.,1.));
#4267=DIRECTION('center_axis',(0.,0.,1.));
#4268=DIRECTION('ref_axis',(0.707106781186548,-0.707106781186548,0.));
#4269=DIRECTION('center_axis',(0.,0.,-1.));
#4270=DIRECTION('ref_axis',(0.707106781186548,-0.707106781186548,0.));
#4271=DIRECTION('center_axis',(1.,0.,0.));
#4272=DIRECTION('ref_axis',(0.,-0.707106781186548,0.707106781186548));
#4273=DIRECTION('center_axis',(1.,0.,0.));
#4274=DIRECTION('ref_axis',(0.,0.,1.));
#4275=DIRECTION('',(1.,0.,0.));
#4276=DIRECTION('',(-1.,0.,0.));
#4277=DIRECTION('center_axis',(0.,0.,-1.));
#4278=DIRECTION('ref_axis',(-1.,0.,0.));
#4279=DIRECTION('center_axis',(0.866025403784439,-0.499999999999999,0.));
#4280=DIRECTION('ref_axis',(0.,0.,1.));
#4281=DIRECTION('center_axis',(0.,0.,1.));
#4282=DIRECTION('ref_axis',(-0.258819045102521,-0.965925826289068,0.));
#4283=DIRECTION('center_axis',(0.,0.,-1.));
#4284=DIRECTION('ref_axis',(-0.258819045102521,-0.965925826289068,0.));
#4285=DIRECTION('center_axis',(0.866025403784439,-0.5,0.));
#4286=DIRECTION('ref_axis',(-0.353553390593274,-0.612372435695791,0.70710678118655));
#4287=DIRECTION('center_axis',(0.866025403784436,-0.500000000000005,0.));
#4288=DIRECTION('ref_axis',(0.,0.,1.));
#4289=DIRECTION('',(0.866025403784438,-0.5,0.));
#4290=DIRECTION('',(-0.866025403784438,0.5,0.));
#4291=DIRECTION('center_axis',(0.,0.,1.));
#4292=DIRECTION('ref_axis',(1.,0.,0.));
#4293=DIRECTION('center_axis',(1.,0.,0.));
#4294=DIRECTION('ref_axis',(0.,0.,1.));
#4295=DIRECTION('center_axis',(0.,0.,-1.));
#4296=DIRECTION('ref_axis',(0.258819045102521,0.965925826289068,0.));
#4297=DIRECTION('center_axis',(0.,0.,1.));
#4298=DIRECTION('ref_axis',(0.258819045102521,0.965925826289068,0.));
#4299=DIRECTION('center_axis',(1.,0.,0.));
#4300=DIRECTION('ref_axis',(0.,-0.707106781186548,0.707106781186548));
#4301=DIRECTION('center_axis',(1.,0.,0.));
#4302=DIRECTION('ref_axis',(0.,0.,1.));
#4303=DIRECTION('',(1.,0.,0.));
#4304=DIRECTION('',(-1.,0.,0.));
#4305=DIRECTION('',(-1.,0.,0.));
#4306=DIRECTION('center_axis',(0.,0.,1.));
#4307=DIRECTION('ref_axis',(1.,0.,0.));
#4308=DIRECTION('center_axis',(0.866025403784438,0.500000000000001,0.));
#4309=DIRECTION('ref_axis',(0.,0.,1.));
#4310=DIRECTION('center_axis',(0.,0.,-1.));
#4311=DIRECTION('ref_axis',(-0.25881904510252,0.965925826289069,0.));
#4312=DIRECTION('center_axis',(0.,0.,1.));
#4313=DIRECTION('ref_axis',(-0.25881904510252,0.965925826289068,0.));
#4314=DIRECTION('center_axis',(0.866025403784438,0.5,0.));
#4315=DIRECTION('ref_axis',(0.353553390593275,-0.612372435695791,0.70710678118655));
#4316=DIRECTION('center_axis',(0.866025403784438,0.500000000000001,0.));
#4317=DIRECTION('ref_axis',(0.,0.,1.));
#4318=DIRECTION('',(0.866025403784438,0.5,0.));
#4319=DIRECTION('',(-0.866025403784438,-0.5,0.));
#4320=DIRECTION('center_axis',(0.,0.,-1.));
#4321=DIRECTION('ref_axis',(-1.,0.,0.));
#4322=DIRECTION('center_axis',(1.,0.,0.));
#4323=DIRECTION('ref_axis',(0.,0.,1.));
#4324=DIRECTION('center_axis',(0.,0.,1.));
#4325=DIRECTION('ref_axis',(0.258819045102521,-0.965925826289068,0.));
#4326=DIRECTION('center_axis',(0.,0.,-1.));
#4327=DIRECTION('ref_axis',(0.258819045102521,-0.965925826289068,0.));
#4328=DIRECTION('center_axis',(1.,0.,0.));
#4329=DIRECTION('ref_axis',(0.,-0.707106781186548,0.707106781186548));
#4330=DIRECTION('center_axis',(1.,0.,0.));
#4331=DIRECTION('ref_axis',(0.,0.,1.));
#4332=DIRECTION('',(1.,0.,0.));
#4333=DIRECTION('',(-1.,0.,0.));
#4334=DIRECTION('center_axis',(0.,0.,-1.));
#4335=DIRECTION('ref_axis',(-1.,0.,0.));
#4336=DIRECTION('center_axis',(0.,-1.,0.));
#4337=DIRECTION('ref_axis',(0.,0.,1.));
#4338=DIRECTION('center_axis',(0.,0.,1.));
#4339=DIRECTION('ref_axis',(-0.707106781186548,-0.707106781186548,0.));
#4340=DIRECTION('center_axis',(0.,0.,-1.));
#4341=DIRECTION('ref_axis',(-0.707106781186548,-0.707106781186548,0.));
#4342=DIRECTION('center_axis',(0.,-1.,0.));
#4343=DIRECTION('ref_axis',(-0.707106781186548,0.,0.707106781186548));
#4344=DIRECTION('center_axis',(0.,-1.,0.));
#4345=DIRECTION('ref_axis',(0.,0.,1.));
#4346=DIRECTION('',(0.,-1.,0.));
#4347=DIRECTION('',(0.,1.,0.));
#4348=DIRECTION('center_axis',(0.,0.,-1.));
#4349=DIRECTION('ref_axis',(-1.,0.,0.));
#4350=DIRECTION('center_axis',(-1.,0.,0.));
#4351=DIRECTION('ref_axis',(0.,0.,1.));
#4352=DIRECTION('center_axis',(0.,0.,1.));
#4353=DIRECTION('ref_axis',(-0.707106781186548,0.707106781186547,0.));
#4354=DIRECTION('center_axis',(0.,0.,-1.));
#4355=DIRECTION('ref_axis',(-0.707106781186548,0.707106781186547,0.));
#4356=DIRECTION('center_axis',(-1.,0.,0.));
#4357=DIRECTION('ref_axis',(0.,0.707106781186548,0.707106781186548));
#4358=DIRECTION('center_axis',(-1.,0.,0.));
#4359=DIRECTION('ref_axis',(0.,0.,1.));
#4360=DIRECTION('',(-1.,0.,0.));
#4361=DIRECTION('',(1.,0.,0.));
#4362=DIRECTION('center_axis',(0.,0.,-1.));
#4363=DIRECTION('ref_axis',(-1.,0.,0.));
#4364=DIRECTION('center_axis',(-0.866025403784437,0.500000000000003,0.));
#4365=DIRECTION('ref_axis',(0.,0.,1.));
#4366=DIRECTION('center_axis',(0.,0.,1.));
#4367=DIRECTION('ref_axis',(0.258819045102521,0.965925826289068,0.));
#4368=DIRECTION('center_axis',(0.,0.,-1.));
#4369=DIRECTION('ref_axis',(0.258819045102521,0.965925826289068,0.));
#4370=DIRECTION('center_axis',(-0.866025403784438,0.5,0.));
#4371=DIRECTION('ref_axis',(0.353553390593275,0.612372435695791,0.70710678118655));
#4372=DIRECTION('center_axis',(-0.866025403784438,0.500000000000001,0.));
#4373=DIRECTION('ref_axis',(0.,0.,1.));
#4374=DIRECTION('',(-0.866025403784438,0.5,0.));
#4375=DIRECTION('',(0.866025403784438,-0.5,0.));
#4376=DIRECTION('center_axis',(0.,0.,1.));
#4377=DIRECTION('ref_axis',(1.,0.,0.));
#4378=DIRECTION('center_axis',(-1.,0.,0.));
#4379=DIRECTION('ref_axis',(0.,0.,1.));
#4380=DIRECTION('center_axis',(0.,0.,-1.));
#4381=DIRECTION('ref_axis',(-0.258819045102521,-0.965925826289068,0.));
#4382=DIRECTION('center_axis',(0.,0.,1.));
#4383=DIRECTION('ref_axis',(-0.258819045102521,-0.965925826289068,0.));
#4384=DIRECTION('center_axis',(-1.,0.,0.));
#4385=DIRECTION('ref_axis',(0.,0.707106781186548,0.707106781186548));
#4386=DIRECTION('center_axis',(-1.,0.,0.));
#4387=DIRECTION('ref_axis',(0.,0.,1.));
#4388=DIRECTION('',(-1.,0.,0.));
#4389=DIRECTION('',(1.,0.,0.));
#4390=DIRECTION('',(1.,0.,0.));
#4391=DIRECTION('center_axis',(0.,0.,1.));
#4392=DIRECTION('ref_axis',(1.,0.,0.));
#4393=DIRECTION('center_axis',(-0.866025403784438,-0.500000000000001,0.));
#4394=DIRECTION('ref_axis',(0.,0.,1.));
#4395=DIRECTION('center_axis',(0.,0.,-1.));
#4396=DIRECTION('ref_axis',(0.258819045102521,-0.965925826289068,0.));
#4397=DIRECTION('center_axis',(0.,0.,1.));
#4398=DIRECTION('ref_axis',(0.258819045102521,-0.965925826289068,0.));
#4399=DIRECTION('center_axis',(-0.866025403784439,-0.5,0.));
#4400=DIRECTION('ref_axis',(-0.353553390593275,0.612372435695791,0.70710678118655));
#4401=DIRECTION('center_axis',(-0.866025403784436,-0.500000000000005,0.));
#4402=DIRECTION('ref_axis',(0.,0.,1.));
#4403=DIRECTION('',(-0.866025403784438,-0.5,0.));
#4404=DIRECTION('',(0.866025403784438,0.5,0.));
#4405=DIRECTION('center_axis',(0.,0.,-1.));
#4406=DIRECTION('ref_axis',(-1.,0.,0.));
#4407=DIRECTION('center_axis',(-1.,0.,0.));
#4408=DIRECTION('ref_axis',(0.,0.,1.));
#4409=DIRECTION('center_axis',(0.,0.,1.));
#4410=DIRECTION('ref_axis',(-0.258819045102521,0.965925826289068,0.));
#4411=DIRECTION('center_axis',(0.,0.,-1.));
#4412=DIRECTION('ref_axis',(-0.258819045102521,0.965925826289068,0.));
#4413=DIRECTION('center_axis',(-1.,0.,0.));
#4414=DIRECTION('ref_axis',(0.,0.707106781186548,0.707106781186548));
#4415=DIRECTION('',(1.,0.,0.));
#4416=DIRECTION('',(-1.,0.,0.));
#4417=DIRECTION('center_axis',(-1.,0.,0.));
#4418=DIRECTION('ref_axis',(0.,-1.,0.));
#4419=DIRECTION('',(0.,0.,1.));
#4420=DIRECTION('',(0.,1.,0.));
#4421=DIRECTION('',(0.,0.,-1.));
#4422=DIRECTION('center_axis',(0.,0.,1.));
#4423=DIRECTION('ref_axis',(-0.707106781186547,0.707106781186548,0.));
#4424=DIRECTION('',(0.,0.,-1.));
#4425=DIRECTION('center_axis',(0.,0.,1.));
#4426=DIRECTION('ref_axis',(-0.707106781186547,0.707106781186548,0.));
#4427=DIRECTION('',(0.,0.,-1.));
#4428=DIRECTION('center_axis',(0.,1.,0.));
#4429=DIRECTION('ref_axis',(-1.,0.,0.));
#4430=DIRECTION('',(0.,0.,1.));
#4431=DIRECTION('center_axis',(0.,0.,1.));
#4432=DIRECTION('ref_axis',(0.258819045102521,0.965925826289068,0.));
#4433=DIRECTION('',(0.,0.,-1.));
#4434=DIRECTION('center_axis',(0.5,0.866025403784438,0.));
#4435=DIRECTION('ref_axis',(-0.866025403784438,0.5,0.));
#4436=DIRECTION('',(0.,0.,1.));
#4437=DIRECTION('center_axis',(0.,0.,1.));
#4438=DIRECTION('ref_axis',(-0.258819045102521,-0.965925826289068,0.));
#4439=DIRECTION('',(0.,0.,-1.));
#4440=DIRECTION('center_axis',(0.,1.,0.));
#4441=DIRECTION('ref_axis',(-1.,0.,0.));
#4442=DIRECTION('',(0.,0.,1.));
#4443=DIRECTION('center_axis',(0.,0.,1.));
#4444=DIRECTION('ref_axis',(0.25881904510252,-0.965925826289068,0.));
#4445=DIRECTION('',(0.,0.,-1.));
#4446=DIRECTION('center_axis',(-0.5,0.866025403784439,0.));
#4447=DIRECTION('ref_axis',(-0.866025403784438,-0.5,0.));
#4448=DIRECTION('',(0.,0.,1.));
#4449=DIRECTION('center_axis',(0.,0.,1.));
#4450=DIRECTION('ref_axis',(-0.258819045102521,0.965925826289068,0.));
#4451=DIRECTION('',(0.,0.,-1.));
#4452=DIRECTION('center_axis',(0.,1.,0.));
#4453=DIRECTION('ref_axis',(-1.,0.,0.));
#4454=DIRECTION('',(0.,0.,1.));
#4455=DIRECTION('center_axis',(0.,0.,1.));
#4456=DIRECTION('ref_axis',(0.707106781186548,0.707106781186548,0.));
#4457=DIRECTION('',(0.,0.,-1.));
#4458=DIRECTION('center_axis',(0.,0.,1.));
#4459=DIRECTION('ref_axis',(0.707106781186548,0.707106781186548,0.));
#4460=DIRECTION('',(0.,0.,1.));
#4461=DIRECTION('center_axis',(0.,0.,1.));
#4462=DIRECTION('ref_axis',(1.,0.,0.));
#4463=DIRECTION('center_axis',(0.,0.,-1.));
#4464=DIRECTION('ref_axis',(-1.,0.,0.));
#4465=DIRECTION('center_axis',(0.,0.,1.));
#4466=DIRECTION('ref_axis',(1.,0.,0.));
#4467=DIRECTION('center_axis',(0.,0.,-1.));
#4468=DIRECTION('ref_axis',(-1.,0.,0.));
#4469=DIRECTION('center_axis',(0.,0.,-1.));
#4470=DIRECTION('ref_axis',(-1.,0.,0.));
#4471=DIRECTION('center_axis',(0.,1.,0.));
#4472=DIRECTION('ref_axis',(-1.,0.,0.));
#4473=DIRECTION('',(1.,0.,0.));
#4474=DIRECTION('',(0.,0.,1.));
#4475=DIRECTION('center_axis',(0.,0.,1.));
#4476=DIRECTION('ref_axis',(1.,0.,0.));
#4477=DIRECTION('',(-1.18108832406932E-16,-1.,0.));
#4478=DIRECTION('center_axis',(0.,0.,1.));
#4479=DIRECTION('ref_axis',(0.707106781186548,-0.707106781186548,0.));
#4480=DIRECTION('',(-1.,0.,0.));
#4481=DIRECTION('',(-2.36217664813863E-16,1.,0.));
#4482=DIRECTION('center_axis',(0.,0.,1.));
#4483=DIRECTION('ref_axis',(1.,0.,0.));
#4484=DIRECTION('',(1.,0.,0.));
#4485=DIRECTION('',(0.,-1.,0.));
#4486=DIRECTION('',(-1.,0.,0.));
#4487=DIRECTION('center_axis',(0.,0.,1.));
#4488=DIRECTION('ref_axis',(-0.707106781186548,-0.707106781186548,0.));
#4489=DIRECTION('center_axis',(0.,1.,0.));
#4490=DIRECTION('ref_axis',(-1.,0.,0.));
#4491=DIRECTION('',(0.,0.,1.));
#4492=DIRECTION('center_axis',(0.,0.,1.));
#4493=DIRECTION('ref_axis',(-0.707106781186548,-0.707106781186548,0.));
#4494=DIRECTION('',(0.,0.,1.));
#4495=DIRECTION('',(0.,0.,1.));
#4496=DIRECTION('center_axis',(0.,-1.,0.));
#4497=DIRECTION('ref_axis',(1.,0.,0.));
#4498=DIRECTION('',(0.,0.,-1.));
#4499=DIRECTION('center_axis',(0.,0.,1.));
#4500=DIRECTION('ref_axis',(0.258819045102521,-0.965925826289068,0.));
#4501=DIRECTION('',(0.,0.,1.));
#4502=DIRECTION('center_axis',(0.5,-0.866025403784438,0.));
#4503=DIRECTION('ref_axis',(0.866025403784438,0.5,0.));
#4504=DIRECTION('',(0.,0.,-1.));
#4505=DIRECTION('center_axis',(0.,0.,1.));
#4506=DIRECTION('ref_axis',(-0.25881904510252,0.965925826289068,0.));
#4507=DIRECTION('',(0.,0.,1.));
#4508=DIRECTION('center_axis',(0.,-1.,0.));
#4509=DIRECTION('ref_axis',(1.,0.,0.));
#4510=DIRECTION('',(0.,0.,-1.));
#4511=DIRECTION('center_axis',(0.,0.,1.));
#4512=DIRECTION('ref_axis',(0.258819045102521,0.965925826289068,0.));
#4513=DIRECTION('',(0.,0.,1.));
#4514=DIRECTION('center_axis',(-0.5,-0.866025403784439,0.));
#4515=DIRECTION('ref_axis',(0.866025403784438,-0.5,0.));
#4516=DIRECTION('',(0.,0.,-1.));
#4517=DIRECTION('center_axis',(0.,0.,1.));
#4518=DIRECTION('ref_axis',(-0.258819045102521,-0.965925826289068,0.));
#4519=DIRECTION('',(0.,0.,1.));
#4520=DIRECTION('center_axis',(0.,-1.,0.));
#4521=DIRECTION('ref_axis',(1.,0.,0.));
#4522=DIRECTION('',(0.,0.,-1.));
#4523=DIRECTION('center_axis',(0.,0.,1.));
#4524=DIRECTION('ref_axis',(0.707106781186548,-0.707106781186548,0.));
#4525=DIRECTION('',(0.,0.,-1.));
#4526=DIRECTION('',(0.,0.,1.));
#4527=DIRECTION('center_axis',(0.,-1.,0.));
#4528=DIRECTION('ref_axis',(1.,0.,0.));
#4529=DIRECTION('',(0.,0.,1.));
#4530=DIRECTION('center_axis',(0.707106781186548,-0.707106781186548,0.));
#4531=DIRECTION('ref_axis',(0.,0.,-1.));
#4532=DIRECTION('',(0.,0.,1.));
#4533=DIRECTION('center_axis',(0.,0.,-1.));
#4534=DIRECTION('ref_axis',(0.382683432365089,-0.923879532511287,0.));
#4535=DIRECTION('',(0.,0.,-1.));
#4536=DIRECTION('center_axis',(0.,-1.,0.));
#4537=DIRECTION('ref_axis',(1.,0.,0.));
#4538=DIRECTION('center_axis',(0.,0.,1.));
#4539=DIRECTION('ref_axis',(-1.,0.,0.));
#4540=DIRECTION('',(0.,0.,-1.));
#4541=DIRECTION('center_axis',(1.,-1.18108832406932E-16,0.));
#4542=DIRECTION('ref_axis',(1.18108832406932E-16,1.,0.));
#4543=DIRECTION('center_axis',(-1.,-2.36217664813863E-16,0.));
#4544=DIRECTION('ref_axis',(2.36217664813863E-16,-1.,0.));
#4545=DIRECTION('center_axis',(1.,0.,0.));
#4546=DIRECTION('ref_axis',(0.,1.,0.));
#4547=DIRECTION('',(0.,0.,1.));
#4548=DIRECTION('center_axis',(0.,-1.,0.));
#4549=DIRECTION('ref_axis',(1.,0.,0.));
#4550=CARTESIAN_POINT('',(0.,0.,0.));
#4551=CARTESIAN_POINT('Ctrl Pts',(1.05559322983027,0.50306960940361,1.8));
#4552=CARTESIAN_POINT('Ctrl Pts',(1.05559322983027,0.50306960940361,1.79));
#4553=CARTESIAN_POINT('Ctrl Pts',(1.0220188088837,0.49918503636758,1.8));
#4554=CARTESIAN_POINT('Ctrl Pts',(1.0220188088837,0.49918503636758,1.79));
#4555=CARTESIAN_POINT('Ctrl Pts',(0.954157654734771,0.491333475501637,1.8));
#4556=CARTESIAN_POINT('Ctrl Pts',(0.954157654734771,0.491333475501637,1.79));
#4557=CARTESIAN_POINT('Ctrl Pts',(0.90938696496437,0.439652187128764,1.8));
#4558=CARTESIAN_POINT('Ctrl Pts',(0.90938696496437,0.439652187128764,1.79));
#4559=CARTESIAN_POINT('Ctrl Pts',(0.886766649782661,0.413540303707123,1.8));
#4560=CARTESIAN_POINT('Ctrl Pts',(0.886766649782661,0.413540303707123,1.79));
#4561=CARTESIAN_POINT('',(1.05559322983027,0.50306960940361,1.8));
#4562=CARTESIAN_POINT('',(0.886766649782661,0.413540303707123,1.8));
#4563=CARTESIAN_POINT('Ctrl Pts',(1.05559322983027,0.50306960940361,1.8));
#4564=CARTESIAN_POINT('Ctrl Pts',(1.0220188088837,0.49918503636758,1.8));
#4565=CARTESIAN_POINT('Ctrl Pts',(0.954157654734771,0.491333475501637,1.8));
#4566=CARTESIAN_POINT('Ctrl Pts',(0.90938696496437,0.439652187128764,1.8));
#4567=CARTESIAN_POINT('Ctrl Pts',(0.886766649782661,0.413540303707123,1.8));
#4568=CARTESIAN_POINT('',(1.05559322983027,0.50306960940361,1.79));
#4569=CARTESIAN_POINT('',(1.05559322983027,0.50306960940361,1.8));
#4570=CARTESIAN_POINT('',(0.886766649782661,0.413540303707123,1.79));
#4571=CARTESIAN_POINT('Ctrl Pts',(1.05559322983027,0.50306960940361,1.79));
#4572=CARTESIAN_POINT('Ctrl Pts',(1.0220188088837,0.49918503636758,1.79));
#4573=CARTESIAN_POINT('Ctrl Pts',(0.954157654734771,0.491333475501637,1.79));
#4574=CARTESIAN_POINT('Ctrl Pts',(0.90938696496437,0.439652187128764,1.79));
#4575=CARTESIAN_POINT('Ctrl Pts',(0.886766649782661,0.413540303707123,1.79));
#4576=CARTESIAN_POINT('',(0.886766649782661,0.413540303707123,1.8));
#4577=CARTESIAN_POINT('Ctrl Pts',(1.23507831245661,0.401603057980537,1.8));
#4578=CARTESIAN_POINT('Ctrl Pts',(1.23507831245661,0.401603057980537,1.79));
#4579=CARTESIAN_POINT('Ctrl Pts',(1.21043179940816,0.431180732523044,1.8));
#4580=CARTESIAN_POINT('Ctrl Pts',(1.21043179940816,0.431180732523044,1.79));
#4581=CARTESIAN_POINT('Ctrl Pts',(1.16319468208516,0.487868836019025,1.8));
#4582=CARTESIAN_POINT('Ctrl Pts',(1.16319468208516,0.487868836019025,1.79));
#4583=CARTESIAN_POINT('Ctrl Pts',(1.09040435887249,0.498151868306781,1.8));
#4584=CARTESIAN_POINT('Ctrl Pts',(1.09040435887249,0.498151868306781,1.79));
#4585=CARTESIAN_POINT('Ctrl Pts',(1.05559322983027,0.50306960940361,1.8));
#4586=CARTESIAN_POINT('Ctrl Pts',(1.05559322983027,0.50306960940361,1.79));
#4587=CARTESIAN_POINT('',(1.23507831245661,0.401603057980537,1.8));
#4588=CARTESIAN_POINT('Ctrl Pts',(1.23507831245661,0.401603057980537,1.8));
#4589=CARTESIAN_POINT('Ctrl Pts',(1.21043179940816,0.431180732523044,1.8));
#4590=CARTESIAN_POINT('Ctrl Pts',(1.16319468208516,0.487868836019025,1.8));
#4591=CARTESIAN_POINT('Ctrl Pts',(1.09040435887249,0.498151868306781,1.8));
#4592=CARTESIAN_POINT('Ctrl Pts',(1.05559322983027,0.50306960940361,1.8));
#4593=CARTESIAN_POINT('',(1.23507831245661,0.401603057980537,1.79));
#4594=CARTESIAN_POINT('',(1.23507831245661,0.401603057980537,1.8));
#4595=CARTESIAN_POINT('Ctrl Pts',(1.23507831245661,0.401603057980537,1.79));
#4596=CARTESIAN_POINT('Ctrl Pts',(1.21043179940816,0.431180732523044,1.79));
#4597=CARTESIAN_POINT('Ctrl Pts',(1.16319468208516,0.487868836019025,1.79));
#4598=CARTESIAN_POINT('Ctrl Pts',(1.09040435887249,0.498151868306781,1.79));
#4599=CARTESIAN_POINT('Ctrl Pts',(1.05559322983027,0.50306960940361,1.79));
#4600=CARTESIAN_POINT('Ctrl Pts',(1.3071284070611,-0.00852659344673198,
1.8));
#4601=CARTESIAN_POINT('Ctrl Pts',(1.3071284070611,-0.00852659344673198,
1.79));
#4602=CARTESIAN_POINT('Ctrl Pts',(1.30803228880675,0.0785273501506782,1.8));
#4603=CARTESIAN_POINT('Ctrl Pts',(1.30803228880675,0.0785273501506782,1.79));
#4604=CARTESIAN_POINT('Ctrl Pts',(1.30950663845053,0.220523746636623,1.8));
#4605=CARTESIAN_POINT('Ctrl Pts',(1.30950663845053,0.220523746636623,1.79));
#4606=CARTESIAN_POINT('Ctrl Pts',(1.25584249792576,0.351085135467019,1.8));
#4607=CARTESIAN_POINT('Ctrl Pts',(1.25584249792576,0.351085135467019,1.79));
#4608=CARTESIAN_POINT('Ctrl Pts',(1.23507831245661,0.401603057980537,1.8));
#4609=CARTESIAN_POINT('Ctrl Pts',(1.23507831245661,0.401603057980537,1.79));
#4610=CARTESIAN_POINT('',(1.3071284070611,-0.00852659344673198,1.8));
#4611=CARTESIAN_POINT('Ctrl Pts',(1.3071284070611,-0.00852659344673198,
1.8));
#4612=CARTESIAN_POINT('Ctrl Pts',(1.30803228880675,0.0785273501506782,1.8));
#4613=CARTESIAN_POINT('Ctrl Pts',(1.30950663845053,0.220523746636623,1.8));
#4614=CARTESIAN_POINT('Ctrl Pts',(1.25584249792576,0.351085135467019,1.8));
#4615=CARTESIAN_POINT('Ctrl Pts',(1.23507831245661,0.401603057980537,1.8));
#4616=CARTESIAN_POINT('',(1.3071284070611,-0.00852659344673198,1.79));
#4617=CARTESIAN_POINT('',(1.3071284070611,-0.00852659344673198,1.8));
#4618=CARTESIAN_POINT('Ctrl Pts',(1.3071284070611,-0.00852659344673198,
1.79));
#4619=CARTESIAN_POINT('Ctrl Pts',(1.30803228880675,0.0785273501506782,1.79));
#4620=CARTESIAN_POINT('Ctrl Pts',(1.30950663845053,0.220523746636623,1.79));
#4621=CARTESIAN_POINT('Ctrl Pts',(1.25584249792576,0.351085135467019,1.79));
#4622=CARTESIAN_POINT('Ctrl Pts',(1.23507831245661,0.401603057980537,1.79));
#4623=CARTESIAN_POINT('Ctrl Pts',(1.23507831245661,-0.417803525924683,1.8));
#4624=CARTESIAN_POINT('Ctrl Pts',(1.23507831245661,-0.417803525924683,1.79));
#4625=CARTESIAN_POINT('Ctrl Pts',(1.25584760590248,-0.367215400810599,1.8));
#4626=CARTESIAN_POINT('Ctrl Pts',(1.25584760590248,-0.367215400810599,1.79));
#4627=CARTESIAN_POINT('Ctrl Pts',(1.30934856955411,-0.236902183849841,1.8));
#4628=CARTESIAN_POINT('Ctrl Pts',(1.30934856955411,-0.236902183849841,1.79));
#4629=CARTESIAN_POINT('Ctrl Pts',(1.30797112313358,-0.0952120415623853,
1.8));
#4630=CARTESIAN_POINT('Ctrl Pts',(1.30797112313358,-0.0952120415623853,
1.79));
#4631=CARTESIAN_POINT('Ctrl Pts',(1.3071284070611,-0.00852659344673198,
1.8));
#4632=CARTESIAN_POINT('Ctrl Pts',(1.3071284070611,-0.00852659344673198,
1.79));
#4633=CARTESIAN_POINT('',(1.23507831245661,-0.417803525924683,1.8));
#4634=CARTESIAN_POINT('Ctrl Pts',(1.23507831245661,-0.417803525924683,1.8));
#4635=CARTESIAN_POINT('Ctrl Pts',(1.25584760590248,-0.367215400810599,1.8));
#4636=CARTESIAN_POINT('Ctrl Pts',(1.30934856955411,-0.236902183849841,1.8));
#4637=CARTESIAN_POINT('Ctrl Pts',(1.30797112313358,-0.0952120415623853,
1.8));
#4638=CARTESIAN_POINT('Ctrl Pts',(1.3071284070611,-0.00852659344673198,
1.8));
#4639=CARTESIAN_POINT('',(1.23507831245661,-0.417803525924683,1.79));
#4640=CARTESIAN_POINT('',(1.23507831245661,-0.417803525924683,1.8));
#4641=CARTESIAN_POINT('Ctrl Pts',(1.23507831245661,-0.417803525924683,1.79));
#4642=CARTESIAN_POINT('Ctrl Pts',(1.25584760590248,-0.367215400810599,1.79));
#4643=CARTESIAN_POINT('Ctrl Pts',(1.30934856955411,-0.236902183849841,1.79));
#4644=CARTESIAN_POINT('Ctrl Pts',(1.30797112313358,-0.0952120415623853,
1.79));
#4645=CARTESIAN_POINT('Ctrl Pts',(1.3071284070611,-0.00852659344673198,
1.79));
#4646=CARTESIAN_POINT('Ctrl Pts',(1.05729851871729,-0.520122796297074,1.8));
#4647=CARTESIAN_POINT('Ctrl Pts',(1.05729851871729,-0.520122796297074,1.79));
#4648=CARTESIAN_POINT('Ctrl Pts',(1.09167455058196,-0.515068539935875,1.8));
#4649=CARTESIAN_POINT('Ctrl Pts',(1.09167455058196,-0.515068539935875,1.79));
#4650=CARTESIAN_POINT('Ctrl Pts',(1.16404107059627,-0.504428599131767,1.8));
#4651=CARTESIAN_POINT('Ctrl Pts',(1.16404107059627,-0.504428599131767,1.79));
#4652=CARTESIAN_POINT('Ctrl Pts',(1.21062368524282,-0.447624276522113,1.8));
#4653=CARTESIAN_POINT('Ctrl Pts',(1.21062368524282,-0.447624276522113,1.79));
#4654=CARTESIAN_POINT('Ctrl Pts',(1.23507831245661,-0.417803525924683,1.8));
#4655=CARTESIAN_POINT('Ctrl Pts',(1.23507831245661,-0.417803525924683,1.79));
#4656=CARTESIAN_POINT('',(1.05729851871729,-0.520122796297074,1.8));
#4657=CARTESIAN_POINT('Ctrl Pts',(1.05729851871729,-0.520122796297074,1.8));
#4658=CARTESIAN_POINT('Ctrl Pts',(1.09167455058196,-0.515068539935875,1.8));
#4659=CARTESIAN_POINT('Ctrl Pts',(1.16404107059627,-0.504428599131767,1.8));
#4660=CARTESIAN_POINT('Ctrl Pts',(1.21062368524282,-0.447624276522113,1.8));
#4661=CARTESIAN_POINT('Ctrl Pts',(1.23507831245661,-0.417803525924683,1.8));
#4662=CARTESIAN_POINT('',(1.05729851871729,-0.520122796297074,1.79));
#4663=CARTESIAN_POINT('',(1.05729851871729,-0.520122796297074,1.8));
#4664=CARTESIAN_POINT('Ctrl Pts',(1.05729851871729,-0.520122796297074,1.79));
#4665=CARTESIAN_POINT('Ctrl Pts',(1.09167455058196,-0.515068539935875,1.79));
#4666=CARTESIAN_POINT('Ctrl Pts',(1.16404107059627,-0.504428599131767,1.79));
#4667=CARTESIAN_POINT('Ctrl Pts',(1.21062368524282,-0.447624276522113,1.79));
#4668=CARTESIAN_POINT('Ctrl Pts',(1.23507831245661,-0.417803525924683,1.79));
#4669=CARTESIAN_POINT('Ctrl Pts',(0.87951932102442,-0.418229848146439,1.8));
#4670=CARTESIAN_POINT('Ctrl Pts',(0.87951932102442,-0.418229848146439,1.79));
#4671=CARTESIAN_POINT('Ctrl Pts',(0.903991890153744,-0.447927105239086,
1.8));
#4672=CARTESIAN_POINT('Ctrl Pts',(0.903991890153744,-0.447927105239086,
1.79));
#4673=CARTESIAN_POINT('Ctrl Pts',(0.950646688672827,-0.504542311387046,
1.8));
#4674=CARTESIAN_POINT('Ctrl Pts',(0.950646688672827,-0.504542311387046,
1.79));
#4675=CARTESIAN_POINT('Ctrl Pts',(1.02293074557611,-0.515102098850118,1.8));
#4676=CARTESIAN_POINT('Ctrl Pts',(1.02293074557611,-0.515102098850118,1.79));
#4677=CARTESIAN_POINT('Ctrl Pts',(1.05729851871729,-0.520122796297074,1.8));
#4678=CARTESIAN_POINT('Ctrl Pts',(1.05729851871729,-0.520122796297074,1.79));
#4679=CARTESIAN_POINT('',(0.87951932102442,-0.418229848146439,1.8));
#4680=CARTESIAN_POINT('Ctrl Pts',(0.87951932102442,-0.418229848146439,1.8));
#4681=CARTESIAN_POINT('Ctrl Pts',(0.903991890153744,-0.447927105239086,
1.8));
#4682=CARTESIAN_POINT('Ctrl Pts',(0.950646688672827,-0.504542311387046,
1.8));
#4683=CARTESIAN_POINT('Ctrl Pts',(1.02293074557611,-0.515102098850118,1.8));
#4684=CARTESIAN_POINT('Ctrl Pts',(1.05729851871729,-0.520122796297074,1.8));
#4685=CARTESIAN_POINT('',(0.87951932102442,-0.418229848146439,1.79));
#4686=CARTESIAN_POINT('',(0.87951932102442,-0.418229848146439,1.8));
#4687=CARTESIAN_POINT('Ctrl Pts',(0.87951932102442,-0.418229848146439,1.79));
#4688=CARTESIAN_POINT('Ctrl Pts',(0.903991890153744,-0.447927105239086,
1.79));
#4689=CARTESIAN_POINT('Ctrl Pts',(0.950646688672827,-0.504542311387046,
1.79));
#4690=CARTESIAN_POINT('Ctrl Pts',(1.02293074557611,-0.515102098850118,1.79));
#4691=CARTESIAN_POINT('Ctrl Pts',(1.05729851871729,-0.520122796297074,1.79));
#4692=CARTESIAN_POINT('Ctrl Pts',(0.807469226419928,-0.00852659344673171,
1.8));
#4693=CARTESIAN_POINT('Ctrl Pts',(0.807469226419928,-0.00852659344673171,
1.79));
#4694=CARTESIAN_POINT('Ctrl Pts',(0.806595956411486,-0.0953962808651646,
1.8));
#4695=CARTESIAN_POINT('Ctrl Pts',(0.806595956411486,-0.0953962808651646,
1.79));
#4696=CARTESIAN_POINT('Ctrl Pts',(0.805170056763205,-0.237239531565098,
1.8));
#4697=CARTESIAN_POINT('Ctrl Pts',(0.805170056763205,-0.237239531565098,
1.79));
#4698=CARTESIAN_POINT('Ctrl Pts',(0.858752579092593,-0.367676836842935,
1.8));
#4699=CARTESIAN_POINT('Ctrl Pts',(0.858752579092593,-0.367676836842935,
1.79));
#4700=CARTESIAN_POINT('Ctrl Pts',(0.87951932102442,-0.418229848146439,1.8));
#4701=CARTESIAN_POINT('Ctrl Pts',(0.87951932102442,-0.418229848146439,1.79));
#4702=CARTESIAN_POINT('',(0.807469226419928,-0.00852659344673171,1.8));
#4703=CARTESIAN_POINT('Ctrl Pts',(0.807469226419928,-0.00852659344673171,
1.8));
#4704=CARTESIAN_POINT('Ctrl Pts',(0.806595956411486,-0.0953962808651646,
1.8));
#4705=CARTESIAN_POINT('Ctrl Pts',(0.805170056763205,-0.237239531565098,
1.8));
#4706=CARTESIAN_POINT('Ctrl Pts',(0.858752579092593,-0.367676836842935,
1.8));
#4707=CARTESIAN_POINT('Ctrl Pts',(0.87951932102442,-0.418229848146439,1.8));
#4708=CARTESIAN_POINT('',(0.807469226419928,-0.00852659344673171,1.79));
#4709=CARTESIAN_POINT('',(0.807469226419928,-0.00852659344673171,1.8));
#4710=CARTESIAN_POINT('Ctrl Pts',(0.807469226419928,-0.00852659344673171,
1.79));
#4711=CARTESIAN_POINT('Ctrl Pts',(0.806595956411486,-0.0953962808651646,
1.79));
#4712=CARTESIAN_POINT('Ctrl Pts',(0.805170056763205,-0.237239531565098,
1.79));
#4713=CARTESIAN_POINT('Ctrl Pts',(0.858752579092593,-0.367676836842935,
1.79));
#4714=CARTESIAN_POINT('Ctrl Pts',(0.87951932102442,-0.418229848146439,1.79));
#4715=CARTESIAN_POINT('Ctrl Pts',(0.886766649782661,0.413540303707123,1.8));
#4716=CARTESIAN_POINT('Ctrl Pts',(0.886766649782661,0.413540303707123,1.79));
#4717=CARTESIAN_POINT('Ctrl Pts',(0.863860109976479,0.359993272841128,1.8));
#4718=CARTESIAN_POINT('Ctrl Pts',(0.863860109976479,0.359993272841128,1.79));
#4719=CARTESIAN_POINT('Ctrl Pts',(0.806539243352767,0.22599825480977,1.8));
#4720=CARTESIAN_POINT('Ctrl Pts',(0.806539243352767,0.22599825480977,1.79));
#4721=CARTESIAN_POINT('Ctrl Pts',(0.80712034460034,0.0794550684647395,1.8));
#4722=CARTESIAN_POINT('Ctrl Pts',(0.80712034460034,0.0794550684647395,1.79));
#4723=CARTESIAN_POINT('Ctrl Pts',(0.807469226419928,-0.00852659344673171,
1.8));
#4724=CARTESIAN_POINT('Ctrl Pts',(0.807469226419928,-0.00852659344673171,
1.79));
#4725=CARTESIAN_POINT('Ctrl Pts',(0.886766649782661,0.413540303707123,1.8));
#4726=CARTESIAN_POINT('Ctrl Pts',(0.863860109976479,0.359993272841128,1.8));
#4727=CARTESIAN_POINT('Ctrl Pts',(0.806539243352767,0.22599825480977,1.8));
#4728=CARTESIAN_POINT('Ctrl Pts',(0.80712034460034,0.0794550684647395,1.8));
#4729=CARTESIAN_POINT('Ctrl Pts',(0.807469226419928,-0.00852659344673171,
1.8));
#4730=CARTESIAN_POINT('Ctrl Pts',(0.886766649782661,0.413540303707123,1.79));
#4731=CARTESIAN_POINT('Ctrl Pts',(0.863860109976479,0.359993272841128,1.79));
#4732=CARTESIAN_POINT('Ctrl Pts',(0.806539243352767,0.22599825480977,1.79));
#4733=CARTESIAN_POINT('Ctrl Pts',(0.80712034460034,0.0794550684647395,1.79));
#4734=CARTESIAN_POINT('Ctrl Pts',(0.807469226419928,-0.00852659344673171,
1.79));
#4735=CARTESIAN_POINT('Ctrl Pts',(1.05729851871729,-0.646316558122635,1.8));
#4736=CARTESIAN_POINT('Ctrl Pts',(1.05729851871729,-0.646316558122635,1.79));
#4737=CARTESIAN_POINT('Ctrl Pts',(1.00074057609683,-0.641486338260708,1.8));
#4738=CARTESIAN_POINT('Ctrl Pts',(1.00074057609683,-0.641486338260708,1.79));
#4739=CARTESIAN_POINT('Ctrl Pts',(0.890425989981736,-0.632065137979626,
1.8));
#4740=CARTESIAN_POINT('Ctrl Pts',(0.890425989981736,-0.632065137979626,
1.79));
#4741=CARTESIAN_POINT('Ctrl Pts',(0.81171766569674,-0.55450669219183,1.8));
#4742=CARTESIAN_POINT('Ctrl Pts',(0.81171766569674,-0.55450669219183,1.79));
#4743=CARTESIAN_POINT('Ctrl Pts',(0.773362852633001,-0.516712218523026,
1.8));
#4744=CARTESIAN_POINT('Ctrl Pts',(0.773362852633001,-0.516712218523026,
1.79));
#4745=CARTESIAN_POINT('',(1.05729851871729,-0.646316558122635,1.8));
#4746=CARTESIAN_POINT('',(0.773362852633001,-0.516712218523026,1.8));
#4747=CARTESIAN_POINT('Ctrl Pts',(1.05729851871729,-0.646316558122635,1.8));
#4748=CARTESIAN_POINT('Ctrl Pts',(1.00074057609683,-0.641486338260708,1.8));
#4749=CARTESIAN_POINT('Ctrl Pts',(0.890425989981736,-0.632065137979626,
1.8));
#4750=CARTESIAN_POINT('Ctrl Pts',(0.81171766569674,-0.55450669219183,1.8));
#4751=CARTESIAN_POINT('Ctrl Pts',(0.773362852633001,-0.516712218523026,
1.8));
#4752=CARTESIAN_POINT('',(1.05729851871729,-0.646316558122635,1.79));
#4753=CARTESIAN_POINT('',(1.05729851871729,-0.646316558122635,1.8));
#4754=CARTESIAN_POINT('',(0.773362852633001,-0.516712218523026,1.79));
#4755=CARTESIAN_POINT('Ctrl Pts',(1.05729851871729,-0.646316558122635,1.79));
#4756=CARTESIAN_POINT('Ctrl Pts',(1.00074057609683,-0.641486338260708,1.79));
#4757=CARTESIAN_POINT('Ctrl Pts',(0.890425989981736,-0.632065137979626,
1.79));
#4758=CARTESIAN_POINT('Ctrl Pts',(0.81171766569674,-0.55450669219183,1.79));
#4759=CARTESIAN_POINT('Ctrl Pts',(0.773362852633001,-0.516712218523026,
1.79));
#4760=CARTESIAN_POINT('',(0.773362852633001,-0.516712218523026,1.8));
#4761=CARTESIAN_POINT('Ctrl Pts',(1.2845328822732,-0.572561323642731,1.8));
#4762=CARTESIAN_POINT('Ctrl Pts',(1.2845328822732,-0.572561323642731,1.79));
#4763=CARTESIAN_POINT('Ctrl Pts',(1.25162483534963,-0.594061346492159,1.8));
#4764=CARTESIAN_POINT('Ctrl Pts',(1.25162483534963,-0.594061346492159,1.79));
#4765=CARTESIAN_POINT('Ctrl Pts',(1.18269847273488,-0.639093443796103,1.8));
#4766=CARTESIAN_POINT('Ctrl Pts',(1.18269847273488,-0.639093443796103,1.79));
#4767=CARTESIAN_POINT('Ctrl Pts',(1.10033733883067,-0.643837495665289,1.8));
#4768=CARTESIAN_POINT('Ctrl Pts',(1.10033733883067,-0.643837495665289,1.79));
#4769=CARTESIAN_POINT('Ctrl Pts',(1.05729851871729,-0.646316558122635,1.8));
#4770=CARTESIAN_POINT('Ctrl Pts',(1.05729851871729,-0.646316558122635,1.79));
#4771=CARTESIAN_POINT('',(1.2845328822732,-0.572561323642731,1.8));
#4772=CARTESIAN_POINT('Ctrl Pts',(1.2845328822732,-0.572561323642731,1.8));
#4773=CARTESIAN_POINT('Ctrl Pts',(1.25162483534963,-0.594061346492159,1.8));
#4774=CARTESIAN_POINT('Ctrl Pts',(1.18269847273488,-0.639093443796103,1.8));
#4775=CARTESIAN_POINT('Ctrl Pts',(1.10033733883067,-0.643837495665289,1.8));
#4776=CARTESIAN_POINT('Ctrl Pts',(1.05729851871729,-0.646316558122635,1.8));
#4777=CARTESIAN_POINT('',(1.2845328822732,-0.572561323642731,1.79));
#4778=CARTESIAN_POINT('',(1.2845328822732,-0.572561323642731,1.8));
#4779=CARTESIAN_POINT('Ctrl Pts',(1.2845328822732,-0.572561323642731,1.79));
#4780=CARTESIAN_POINT('Ctrl Pts',(1.25162483534963,-0.594061346492159,1.79));
#4781=CARTESIAN_POINT('Ctrl Pts',(1.18269847273488,-0.639093443796103,1.79));
#4782=CARTESIAN_POINT('Ctrl Pts',(1.10033733883067,-0.643837495665289,1.79));
#4783=CARTESIAN_POINT('Ctrl Pts',(1.05729851871729,-0.646316558122635,1.79));
#4784=CARTESIAN_POINT('Ctrl Pts',(1.41967926174402,-0.36365956068039,1.8));
#4785=CARTESIAN_POINT('Ctrl Pts',(1.41967926174402,-0.36365956068039,1.79));
#4786=CARTESIAN_POINT('Ctrl Pts',(1.40363422851528,-0.405400969437694,1.8));
#4787=CARTESIAN_POINT('Ctrl Pts',(1.40363422851528,-0.405400969437694,1.79));
#4788=CARTESIAN_POINT('Ctrl Pts',(1.37317752950951,-0.484634555586963,1.8));
#4789=CARTESIAN_POINT('Ctrl Pts',(1.37317752950951,-0.484634555586963,1.79));
#4790=CARTESIAN_POINT('Ctrl Pts',(1.31300543827287,-0.544319349588011,1.8));
#4791=CARTESIAN_POINT('Ctrl Pts',(1.31300543827287,-0.544319349588011,1.79));
#4792=CARTESIAN_POINT('Ctrl Pts',(1.2845328822732,-0.572561323642731,1.8));
#4793=CARTESIAN_POINT('Ctrl Pts',(1.2845328822732,-0.572561323642731,1.79));
#4794=CARTESIAN_POINT('',(1.41967926174402,-0.36365956068039,1.8));
#4795=CARTESIAN_POINT('Ctrl Pts',(1.41967926174402,-0.36365956068039,1.8));
#4796=CARTESIAN_POINT('Ctrl Pts',(1.40363422851528,-0.405400969437694,1.8));
#4797=CARTESIAN_POINT('Ctrl Pts',(1.37317752950951,-0.484634555586963,1.8));
#4798=CARTESIAN_POINT('Ctrl Pts',(1.31300543827287,-0.544319349588011,1.8));
#4799=CARTESIAN_POINT('Ctrl Pts',(1.2845328822732,-0.572561323642731,1.8));
#4800=CARTESIAN_POINT('',(1.41967926174402,-0.36365956068039,1.79));
#4801=CARTESIAN_POINT('',(1.41967926174402,-0.36365956068039,1.8));
#4802=CARTESIAN_POINT('Ctrl Pts',(1.41967926174402,-0.36365956068039,1.79));
#4803=CARTESIAN_POINT('Ctrl Pts',(1.40363422851528,-0.405400969437694,1.79));
#4804=CARTESIAN_POINT('Ctrl Pts',(1.37317752950951,-0.484634555586963,1.79));
#4805=CARTESIAN_POINT('Ctrl Pts',(1.31300543827287,-0.544319349588011,1.79));
#4806=CARTESIAN_POINT('Ctrl Pts',(1.2845328822732,-0.572561323642731,1.79));
#4807=CARTESIAN_POINT('Ctrl Pts',(1.46487031131983,-0.00852659344673198,
1.8));
#4808=CARTESIAN_POINT('Ctrl Pts',(1.46487031131983,-0.00852659344673198,
1.79));
#4809=CARTESIAN_POINT('Ctrl Pts',(1.4639580697154,-0.075173357421423,1.8));
#4810=CARTESIAN_POINT('Ctrl Pts',(1.4639580697154,-0.075173357421423,1.79));
#4811=CARTESIAN_POINT('Ctrl Pts',(1.46231278121201,-0.195375235983324,1.8));
#4812=CARTESIAN_POINT('Ctrl Pts',(1.46231278121201,-0.195375235983324,1.79));
#4813=CARTESIAN_POINT('Ctrl Pts',(1.43281969988688,-0.311791223590507,1.8));
#4814=CARTESIAN_POINT('Ctrl Pts',(1.43281969988688,-0.311791223590507,1.79));
#4815=CARTESIAN_POINT('Ctrl Pts',(1.41967926174402,-0.36365956068039,1.8));
#4816=CARTESIAN_POINT('Ctrl Pts',(1.41967926174402,-0.36365956068039,1.79));
#4817=CARTESIAN_POINT('',(1.46487031131983,-0.00852659344673198,1.8));
#4818=CARTESIAN_POINT('Ctrl Pts',(1.46487031131983,-0.00852659344673198,
1.8));
#4819=CARTESIAN_POINT('Ctrl Pts',(1.4639580697154,-0.0751733574214231,1.8));
#4820=CARTESIAN_POINT('Ctrl Pts',(1.46231278121201,-0.195375235983324,1.8));
#4821=CARTESIAN_POINT('Ctrl Pts',(1.43281969988688,-0.311791223590507,1.8));
#4822=CARTESIAN_POINT('Ctrl Pts',(1.41967926174402,-0.36365956068039,1.8));
#4823=CARTESIAN_POINT('',(1.46487031131983,-0.00852659344673198,1.79));
#4824=CARTESIAN_POINT('',(1.46487031131983,-0.00852659344673198,1.8));
#4825=CARTESIAN_POINT('Ctrl Pts',(1.46487031131983,-0.00852659344673198,
1.79));
#4826=CARTESIAN_POINT('Ctrl Pts',(1.4639580697154,-0.0751733574214231,1.79));
#4827=CARTESIAN_POINT('Ctrl Pts',(1.46231278121201,-0.195375235983324,1.79));
#4828=CARTESIAN_POINT('Ctrl Pts',(1.43281969988688,-0.311791223590507,1.79));
#4829=CARTESIAN_POINT('Ctrl Pts',(1.41967926174402,-0.36365956068039,1.79));
#4830=CARTESIAN_POINT('Ctrl Pts',(1.43673274666071,0.286920219659805,1.8));
#4831=CARTESIAN_POINT('Ctrl Pts',(1.43673274666071,0.286920219659805,1.79));
#4832=CARTESIAN_POINT('Ctrl Pts',(1.44490785263814,0.244155692425527,1.8));
#4833=CARTESIAN_POINT('Ctrl Pts',(1.44490785263814,0.244155692425527,1.79));
#4834=CARTESIAN_POINT('Ctrl Pts',(1.46355231929099,0.146625237878955,1.8));
#4835=CARTESIAN_POINT('Ctrl Pts',(1.46355231929099,0.146625237878955,1.79));
#4836=CARTESIAN_POINT('Ctrl Pts',(1.46439636010202,0.047266156276148,1.8));
#4837=CARTESIAN_POINT('Ctrl Pts',(1.46439636010202,0.047266156276148,1.79));
#4838=CARTESIAN_POINT('Ctrl Pts',(1.46487031131983,-0.00852659344673198,
1.8));
#4839=CARTESIAN_POINT('Ctrl Pts',(1.46487031131983,-0.00852659344673198,
1.79));
#4840=CARTESIAN_POINT('',(1.43673274666071,0.286920219659805,1.8));
#4841=CARTESIAN_POINT('Ctrl Pts',(1.43673274666071,0.286920219659805,1.8));
#4842=CARTESIAN_POINT('Ctrl Pts',(1.44490785263814,0.244155692425527,1.8));
#4843=CARTESIAN_POINT('Ctrl Pts',(1.46355231929099,0.146625237878955,1.8));
#4844=CARTESIAN_POINT('Ctrl Pts',(1.46439636010202,0.047266156276148,1.8));
#4845=CARTESIAN_POINT('Ctrl Pts',(1.46487031131983,-0.00852659344673198,
1.8));
#4846=CARTESIAN_POINT('',(1.43673274666071,0.286920219659805,1.79));
#4847=CARTESIAN_POINT('',(1.43673274666071,0.286920219659805,1.8));
#4848=CARTESIAN_POINT('Ctrl Pts',(1.43673274666071,0.286920219659805,1.79));
#4849=CARTESIAN_POINT('Ctrl Pts',(1.44490785263814,0.244155692425527,1.79));
#4850=CARTESIAN_POINT('Ctrl Pts',(1.46355231929099,0.146625237878955,1.79));
#4851=CARTESIAN_POINT('Ctrl Pts',(1.46439636010202,0.047266156276148,1.79));
#4852=CARTESIAN_POINT('Ctrl Pts',(1.46487031131983,-0.00852659344673198,
1.79));
#4853=CARTESIAN_POINT('Ctrl Pts',(1.359140612185,0.472800135612487,1.8));
#4854=CARTESIAN_POINT('Ctrl Pts',(1.359140612185,0.472800135612487,1.79));
#4855=CARTESIAN_POINT('Ctrl Pts',(1.37496445138292,0.445062863494461,1.8));
#4856=CARTESIAN_POINT('Ctrl Pts',(1.37496445138292,0.445062863494461,1.79));
#4857=CARTESIAN_POINT('Ctrl Pts',(1.4084694021952,0.386332745831015,1.8));
#4858=CARTESIAN_POINT('Ctrl Pts',(1.4084694021952,0.386332745831015,1.79));
#4859=CARTESIAN_POINT('Ctrl Pts',(1.42696978923835,0.321260113915547,1.8));
#4860=CARTESIAN_POINT('Ctrl Pts',(1.42696978923835,0.321260113915547,1.79));
#4861=CARTESIAN_POINT('Ctrl Pts',(1.43673274666071,0.286920219659805,1.8));
#4862=CARTESIAN_POINT('Ctrl Pts',(1.43673274666071,0.286920219659805,1.79));
#4863=CARTESIAN_POINT('',(1.359140612185,0.472800135612487,1.8));
#4864=CARTESIAN_POINT('Ctrl Pts',(1.359140612185,0.472800135612487,1.8));
#4865=CARTESIAN_POINT('Ctrl Pts',(1.37496445138292,0.445062863494461,1.8));
#4866=CARTESIAN_POINT('Ctrl Pts',(1.4084694021952,0.386332745831015,1.8));
#4867=CARTESIAN_POINT('Ctrl Pts',(1.42696978923835,0.321260113915547,1.8));
#4868=CARTESIAN_POINT('Ctrl Pts',(1.43673274666071,0.286920219659805,1.8));
#4869=CARTESIAN_POINT('',(1.359140612185,0.472800135612487,1.79));
#4870=CARTESIAN_POINT('',(1.359140612185,0.472800135612487,1.8));
#4871=CARTESIAN_POINT('Ctrl Pts',(1.359140612185,0.472800135612487,1.79));
#4872=CARTESIAN_POINT('Ctrl Pts',(1.37496445138292,0.445062863494461,1.79));
#4873=CARTESIAN_POINT('Ctrl Pts',(1.4084694021952,0.386332745831015,1.79));
#4874=CARTESIAN_POINT('Ctrl Pts',(1.42696978923835,0.321260113915547,1.79));
#4875=CARTESIAN_POINT('Ctrl Pts',(1.43673274666071,0.286920219659805,1.79));
#4876=CARTESIAN_POINT('Ctrl Pts',(1.23379979282618,0.589614659547805,1.8));
#4877=CARTESIAN_POINT('Ctrl Pts',(1.23379979282618,0.589614659547805,1.79));
#4878=CARTESIAN_POINT('Ctrl Pts',(1.25811022258496,0.574441293289426,1.8));
#4879=CARTESIAN_POINT('Ctrl Pts',(1.25811022258496,0.574441293289426,1.79));
#4880=CARTESIAN_POINT('Ctrl Pts',(1.30745046456063,0.543645557870407,1.8));
#4881=CARTESIAN_POINT('Ctrl Pts',(1.30745046456063,0.543645557870407,1.79));
#4882=CARTESIAN_POINT('Ctrl Pts',(1.34174389649684,0.496643705915003,1.8));
#4883=CARTESIAN_POINT('Ctrl Pts',(1.34174389649684,0.496643705915003,1.79));
#4884=CARTESIAN_POINT('Ctrl Pts',(1.359140612185,0.472800135612487,1.8));
#4885=CARTESIAN_POINT('Ctrl Pts',(1.359140612185,0.472800135612487,1.79));
#4886=CARTESIAN_POINT('',(1.23379979282618,0.589614659547805,1.8));
#4887=CARTESIAN_POINT('Ctrl Pts',(1.23379979282618,0.589614659547805,1.8));
#4888=CARTESIAN_POINT('Ctrl Pts',(1.25811022258496,0.574441293289426,1.8));
#4889=CARTESIAN_POINT('Ctrl Pts',(1.30745046456063,0.543645557870407,1.8));
#4890=CARTESIAN_POINT('Ctrl Pts',(1.34174389649684,0.496643705915003,1.8));
#4891=CARTESIAN_POINT('Ctrl Pts',(1.359140612185,0.472800135612487,1.8));
#4892=CARTESIAN_POINT('',(1.23379979282618,0.589614659547806,1.79));
#4893=CARTESIAN_POINT('',(1.23379979282618,0.589614659547805,1.8));
#4894=CARTESIAN_POINT('Ctrl Pts',(1.23379979282618,0.589614659547805,1.79));
#4895=CARTESIAN_POINT('Ctrl Pts',(1.25811022258496,0.574441293289426,1.79));
#4896=CARTESIAN_POINT('Ctrl Pts',(1.30745046456063,0.543645557870407,1.79));
#4897=CARTESIAN_POINT('Ctrl Pts',(1.34174389649684,0.496643705915003,1.79));
#4898=CARTESIAN_POINT('Ctrl Pts',(1.359140612185,0.472800135612487,1.79));
#4899=CARTESIAN_POINT('Ctrl Pts',(1.05729851871729,0.630115866661072,1.8));
#4900=CARTESIAN_POINT('Ctrl Pts',(1.05729851871729,0.630115866661072,1.79));
#4901=CARTESIAN_POINT('Ctrl Pts',(1.08924130570745,0.628722075479861,1.8));
#4902=CARTESIAN_POINT('Ctrl Pts',(1.08924130570745,0.628722075479861,1.79));
#4903=CARTESIAN_POINT('Ctrl Pts',(1.15061650623239,0.62604403072243,1.8));
#4904=CARTESIAN_POINT('Ctrl Pts',(1.15061650623239,0.62604403072243,1.79));
#4905=CARTESIAN_POINT('Ctrl Pts',(1.20683856368739,0.6014220870232,1.8));
#4906=CARTESIAN_POINT('Ctrl Pts',(1.20683856368739,0.6014220870232,1.79));
#4907=CARTESIAN_POINT('Ctrl Pts',(1.23379979282618,0.589614659547805,1.8));
#4908=CARTESIAN_POINT('Ctrl Pts',(1.23379979282618,0.589614659547805,1.79));
#4909=CARTESIAN_POINT('',(1.05729851871729,0.630115866661072,1.8));
#4910=CARTESIAN_POINT('Ctrl Pts',(1.05729851871729,0.630115866661072,1.8));
#4911=CARTESIAN_POINT('Ctrl Pts',(1.08924130570745,0.628722075479861,1.8));
#4912=CARTESIAN_POINT('Ctrl Pts',(1.15061650623239,0.62604403072243,1.8));
#4913=CARTESIAN_POINT('Ctrl Pts',(1.20683856368739,0.6014220870232,1.8));
#4914=CARTESIAN_POINT('Ctrl Pts',(1.23379979282618,0.589614659547805,1.8));
#4915=CARTESIAN_POINT('',(1.05729851871729,0.630115866661072,1.79));
#4916=CARTESIAN_POINT('',(1.05729851871729,0.630115866661072,1.8));
#4917=CARTESIAN_POINT('Ctrl Pts',(1.05729851871729,0.630115866661072,1.79));
#4918=CARTESIAN_POINT('Ctrl Pts',(1.08924130570745,0.628722075479861,1.79));
#4919=CARTESIAN_POINT('Ctrl Pts',(1.15061650623239,0.62604403072243,1.79));
#4920=CARTESIAN_POINT('Ctrl Pts',(1.20683856368739,0.6014220870232,1.79));
#4921=CARTESIAN_POINT('Ctrl Pts',(1.23379979282618,0.589614659547805,1.79));
#4922=CARTESIAN_POINT('Ctrl Pts',(0.830917693674568,0.556787177920341,1.8));
#4923=CARTESIAN_POINT('Ctrl Pts',(0.830917693674568,0.556787177920341,1.79));
#4924=CARTESIAN_POINT('Ctrl Pts',(0.863763023555097,0.578163372239931,1.8));
#4925=CARTESIAN_POINT('Ctrl Pts',(0.863763023555097,0.578163372239931,1.79));
#4926=CARTESIAN_POINT('Ctrl Pts',(0.932479551505702,0.62288503768773,1.8));
#4927=CARTESIAN_POINT('Ctrl Pts',(0.932479551505702,0.62288503768773,1.79));
#4928=CARTESIAN_POINT('Ctrl Pts',(1.01448846761374,0.627635857694606,1.8));
#4929=CARTESIAN_POINT('Ctrl Pts',(1.01448846761374,0.627635857694606,1.79));
#4930=CARTESIAN_POINT('Ctrl Pts',(1.05729851871729,0.630115866661072,1.8));
#4931=CARTESIAN_POINT('Ctrl Pts',(1.05729851871729,0.630115866661072,1.79));
#4932=CARTESIAN_POINT('',(0.830917693674568,0.556787177920341,1.8));
#4933=CARTESIAN_POINT('Ctrl Pts',(0.830917693674568,0.556787177920341,1.8));
#4934=CARTESIAN_POINT('Ctrl Pts',(0.863763023555097,0.578163372239931,1.8));
#4935=CARTESIAN_POINT('Ctrl Pts',(0.932479551505702,0.62288503768773,1.8));
#4936=CARTESIAN_POINT('Ctrl Pts',(1.01448846761374,0.627635857694606,1.8));
#4937=CARTESIAN_POINT('Ctrl Pts',(1.05729851871729,0.630115866661072,1.8));
#4938=CARTESIAN_POINT('',(0.830917693674568,0.556787177920341,1.79));
#4939=CARTESIAN_POINT('',(0.830917693674568,0.556787177920341,1.8));
#4940=CARTESIAN_POINT('Ctrl Pts',(0.830917693674568,0.556787177920341,1.79));
#4941=CARTESIAN_POINT('Ctrl Pts',(0.863763023555097,0.578163372239931,1.79));
#4942=CARTESIAN_POINT('Ctrl Pts',(0.932479551505702,0.62288503768773,1.79));
#4943=CARTESIAN_POINT('Ctrl Pts',(1.01448846761374,0.627635857694606,1.79));
#4944=CARTESIAN_POINT('Ctrl Pts',(1.05729851871729,0.630115866661072,1.79));
#4945=CARTESIAN_POINT('Ctrl Pts',(0.695344544947151,0.348311737179756,1.8));
#4946=CARTESIAN_POINT('Ctrl Pts',(0.695344544947151,0.348311737179756,1.79));
#4947=CARTESIAN_POINT('Ctrl Pts',(0.71149828950672,0.390026039731375,1.8));
#4948=CARTESIAN_POINT('Ctrl Pts',(0.71149828950672,0.390026039731375,1.79));
#4949=CARTESIAN_POINT('Ctrl Pts',(0.742136419432269,0.469143808160682,1.8));
#4950=CARTESIAN_POINT('Ctrl Pts',(0.742136419432269,0.469143808160682,1.79));
#4951=CARTESIAN_POINT('Ctrl Pts',(0.802418790608107,0.528653543654383,1.8));
#4952=CARTESIAN_POINT('Ctrl Pts',(0.802418790608107,0.528653543654383,1.79));
#4953=CARTESIAN_POINT('Ctrl Pts',(0.830917693674568,0.556787177920341,1.8));
#4954=CARTESIAN_POINT('Ctrl Pts',(0.830917693674568,0.556787177920341,1.79));
#4955=CARTESIAN_POINT('',(0.695344544947151,0.348311737179756,1.8));
#4956=CARTESIAN_POINT('Ctrl Pts',(0.695344544947151,0.348311737179756,1.8));
#4957=CARTESIAN_POINT('Ctrl Pts',(0.71149828950672,0.390026039731375,1.8));
#4958=CARTESIAN_POINT('Ctrl Pts',(0.742136419432269,0.469143808160682,1.8));
#4959=CARTESIAN_POINT('Ctrl Pts',(0.802418790608107,0.528653543654383,1.8));
#4960=CARTESIAN_POINT('Ctrl Pts',(0.830917693674568,0.556787177920341,1.8));
#4961=CARTESIAN_POINT('',(0.695344544947151,0.348311737179756,1.79));
#4962=CARTESIAN_POINT('',(0.695344544947151,0.348311737179756,1.8));
#4963=CARTESIAN_POINT('Ctrl Pts',(0.695344544947151,0.348311737179756,1.79));
#4964=CARTESIAN_POINT('Ctrl Pts',(0.71149828950672,0.390026039731375,1.79));
#4965=CARTESIAN_POINT('Ctrl Pts',(0.742136419432269,0.469143808160682,1.79));
#4966=CARTESIAN_POINT('Ctrl Pts',(0.802418790608107,0.528653543654383,1.79));
#4967=CARTESIAN_POINT('Ctrl Pts',(0.830917693674568,0.556787177920341,1.79));
#4968=CARTESIAN_POINT('Ctrl Pts',(0.6497273221612,-0.00852659344673157,
1.8));
#4969=CARTESIAN_POINT('Ctrl Pts',(0.6497273221612,-0.00852659344673157,
1.79));
#4970=CARTESIAN_POINT('Ctrl Pts',(0.650630464576517,0.0585548808436706,
1.8));
#4971=CARTESIAN_POINT('Ctrl Pts',(0.650630464576517,0.0585548808436706,
1.79));
#4972=CARTESIAN_POINT('Ctrl Pts',(0.652256878819619,0.17935782773657,1.8));
#4973=CARTESIAN_POINT('Ctrl Pts',(0.652256878819619,0.17935782773657,1.79));
#4974=CARTESIAN_POINT('Ctrl Pts',(0.682081456136608,0.296304958738781,1.8));
#4975=CARTESIAN_POINT('Ctrl Pts',(0.682081456136608,0.296304958738781,1.79));
#4976=CARTESIAN_POINT('Ctrl Pts',(0.695344544947151,0.348311737179756,1.8));
#4977=CARTESIAN_POINT('Ctrl Pts',(0.695344544947151,0.348311737179756,1.79));
#4978=CARTESIAN_POINT('',(0.6497273221612,-0.00852659344673157,1.8));
#4979=CARTESIAN_POINT('Ctrl Pts',(0.6497273221612,-0.00852659344673157,
1.8));
#4980=CARTESIAN_POINT('Ctrl Pts',(0.650630464576517,0.0585548808436706,
1.8));
#4981=CARTESIAN_POINT('Ctrl Pts',(0.652256878819619,0.17935782773657,1.8));
#4982=CARTESIAN_POINT('Ctrl Pts',(0.682081456136608,0.296304958738781,1.8));
#4983=CARTESIAN_POINT('Ctrl Pts',(0.695344544947151,0.348311737179756,1.8));
#4984=CARTESIAN_POINT('',(0.6497273221612,-0.00852659344673157,1.79));
#4985=CARTESIAN_POINT('',(0.6497273221612,-0.00852659344673157,1.8));
#4986=CARTESIAN_POINT('Ctrl Pts',(0.6497273221612,-0.00852659344673157,
1.79));
#4987=CARTESIAN_POINT('Ctrl Pts',(0.650630464576517,0.0585548808436706,
1.79));
#4988=CARTESIAN_POINT('Ctrl Pts',(0.652256878819619,0.17935782773657,1.79));
#4989=CARTESIAN_POINT('Ctrl Pts',(0.682081456136608,0.296304958738781,1.79));
#4990=CARTESIAN_POINT('Ctrl Pts',(0.695344544947151,0.348311737179756,1.79));
#4991=CARTESIAN_POINT('Ctrl Pts',(0.773362852633001,-0.516712218523026,
1.8));
#4992=CARTESIAN_POINT('Ctrl Pts',(0.773362852633001,-0.516712218523026,
1.79));
#4993=CARTESIAN_POINT('Ctrl Pts',(0.737504764233973,-0.449690500064163,
1.8));
#4994=CARTESIAN_POINT('Ctrl Pts',(0.737504764233973,-0.449690500064163,
1.79));
#4995=CARTESIAN_POINT('Ctrl Pts',(0.65309997638162,-0.291931004770665,1.8));
#4996=CARTESIAN_POINT('Ctrl Pts',(0.65309997638162,-0.291931004770665,1.79));
#4997=CARTESIAN_POINT('Ctrl Pts',(0.650958833249318,-0.112010571393188,
1.8));
#4998=CARTESIAN_POINT('Ctrl Pts',(0.650958833249318,-0.112010571393188,
1.79));
#4999=CARTESIAN_POINT('Ctrl Pts',(0.6497273221612,-0.00852659344673157,
1.8));
#5000=CARTESIAN_POINT('Ctrl Pts',(0.6497273221612,-0.00852659344673157,
1.79));
#5001=CARTESIAN_POINT('Ctrl Pts',(0.773362852633001,-0.516712218523026,
1.8));
#5002=CARTESIAN_POINT('Ctrl Pts',(0.737504764233973,-0.449690500064163,
1.8));
#5003=CARTESIAN_POINT('Ctrl Pts',(0.65309997638162,-0.291931004770665,1.8));
#5004=CARTESIAN_POINT('Ctrl Pts',(0.650958833249318,-0.112010571393188,
1.8));
#5005=CARTESIAN_POINT('Ctrl Pts',(0.6497273221612,-0.00852659344673157,
1.8));
#5006=CARTESIAN_POINT('Ctrl Pts',(0.773362852633001,-0.516712218523026,
1.79));
#5007=CARTESIAN_POINT('Ctrl Pts',(0.737504764233973,-0.449690500064163,
1.79));
#5008=CARTESIAN_POINT('Ctrl Pts',(0.65309997638162,-0.291931004770665,1.79));
#5009=CARTESIAN_POINT('Ctrl Pts',(0.650958833249318,-0.112010571393188,
1.79));
#5010=CARTESIAN_POINT('Ctrl Pts',(0.6497273221612,-0.00852659344673157,
1.79));
#5011=CARTESIAN_POINT('Origin',(-3.72529002090616E-8,-0.00810027122497531,
1.79));
#5012=CARTESIAN_POINT('Origin',(0.0144949927926097,0.486869066953659,1.8));
#5013=CARTESIAN_POINT('',(0.0144949927926097,0.486869066953659,1.8));
#5014=CARTESIAN_POINT('',(-0.381139181554314,0.48686906695366,1.8));
#5015=CARTESIAN_POINT('',(0.00724749639626139,0.486869066953659,1.8));
#5016=CARTESIAN_POINT('',(0.0144949927926097,0.486869066953659,1.79));
#5017=CARTESIAN_POINT('',(0.0144949927926097,0.486869066953659,1.8));
#5018=CARTESIAN_POINT('',(-0.381139181554314,0.48686906695366,1.79));
#5019=CARTESIAN_POINT('',(0.0144949927926097,0.486869066953659,1.79));
#5020=CARTESIAN_POINT('',(-0.381139181554314,0.48686906695366,1.8));
#5021=CARTESIAN_POINT('Ctrl Pts',(0.217854715883735,0.429740771651268,1.8));
#5022=CARTESIAN_POINT('Ctrl Pts',(0.217854715883735,0.429740771651268,1.79));
#5023=CARTESIAN_POINT('Ctrl Pts',(0.190886314182036,0.446332723549355,1.8));
#5024=CARTESIAN_POINT('Ctrl Pts',(0.190886314182036,0.446332723549355,1.79));
#5025=CARTESIAN_POINT('Ctrl Pts',(0.128941195174626,0.484443637435195,1.8));
#5026=CARTESIAN_POINT('Ctrl Pts',(0.128941195174626,0.484443637435195,1.79));
#5027=CARTESIAN_POINT('Ctrl Pts',(0.0557958246763124,0.485993788834308,
1.8));
#5028=CARTESIAN_POINT('Ctrl Pts',(0.0557958246763124,0.485993788834308,
1.79));
#5029=CARTESIAN_POINT('Ctrl Pts',(0.0144949927926097,0.486869066953659,
1.8));
#5030=CARTESIAN_POINT('Ctrl Pts',(0.0144949927926097,0.486869066953659,
1.79));
#5031=CARTESIAN_POINT('',(0.217854715883735,0.429740771651268,1.8));
#5032=CARTESIAN_POINT('Ctrl Pts',(0.217854715883735,0.429740771651268,1.8));
#5033=CARTESIAN_POINT('Ctrl Pts',(0.190886314182036,0.446332723549355,1.8));
#5034=CARTESIAN_POINT('Ctrl Pts',(0.128941195174626,0.484443637435195,1.8));
#5035=CARTESIAN_POINT('Ctrl Pts',(0.0557958246763124,0.485993788834308,
1.8));
#5036=CARTESIAN_POINT('Ctrl Pts',(0.0144949927926097,0.486869066953659,
1.8));
#5037=CARTESIAN_POINT('',(0.217854715883735,0.429740771651268,1.79));
#5038=CARTESIAN_POINT('',(0.217854715883735,0.429740771651268,1.8));
#5039=CARTESIAN_POINT('Ctrl Pts',(0.217854715883735,0.429740771651268,1.79));
#5040=CARTESIAN_POINT('Ctrl Pts',(0.190886314182036,0.446332723549355,1.79));
#5041=CARTESIAN_POINT('Ctrl Pts',(0.128941195174626,0.484443637435195,1.79));
#5042=CARTESIAN_POINT('Ctrl Pts',(0.0557958246763124,0.485993788834308,
1.79));
#5043=CARTESIAN_POINT('Ctrl Pts',(0.0144949927926097,0.486869066953659,
1.79));
#5044=CARTESIAN_POINT('Ctrl Pts',(0.282230712473395,0.283935889601708,1.8));
#5045=CARTESIAN_POINT('Ctrl Pts',(0.282230712473395,0.283935889601708,1.79));
#5046=CARTESIAN_POINT('Ctrl Pts',(0.279641226850148,0.312097387387289,1.8));
#5047=CARTESIAN_POINT('Ctrl Pts',(0.279641226850148,0.312097387387289,1.79));
#5048=CARTESIAN_POINT('Ctrl Pts',(0.274506091124542,0.367943657421388,1.8));
#5049=CARTESIAN_POINT('Ctrl Pts',(0.274506091124542,0.367943657421388,1.79));
#5050=CARTESIAN_POINT('Ctrl Pts',(0.236630734693613,0.409259295707493,1.8));
#5051=CARTESIAN_POINT('Ctrl Pts',(0.236630734693613,0.409259295707493,1.79));
#5052=CARTESIAN_POINT('Ctrl Pts',(0.217854715883735,0.429740771651268,1.8));
#5053=CARTESIAN_POINT('Ctrl Pts',(0.217854715883735,0.429740771651268,1.79));
#5054=CARTESIAN_POINT('',(0.282230712473395,0.283935889601708,1.8));
#5055=CARTESIAN_POINT('Ctrl Pts',(0.282230712473395,0.283935889601708,1.8));
#5056=CARTESIAN_POINT('Ctrl Pts',(0.279641226850148,0.312097387387289,1.8));
#5057=CARTESIAN_POINT('Ctrl Pts',(0.274506091124542,0.367943657421388,1.8));
#5058=CARTESIAN_POINT('Ctrl Pts',(0.236630734693613,0.409259295707493,1.8));
#5059=CARTESIAN_POINT('Ctrl Pts',(0.217854715883735,0.429740771651268,1.8));
#5060=CARTESIAN_POINT('',(0.282230712473395,0.283935889601708,1.79));
#5061=CARTESIAN_POINT('',(0.282230712473395,0.283935889601708,1.8));
#5062=CARTESIAN_POINT('Ctrl Pts',(0.282230712473395,0.283935889601708,1.79));
#5063=CARTESIAN_POINT('Ctrl Pts',(0.279641226850148,0.312097387387289,1.79));
#5064=CARTESIAN_POINT('Ctrl Pts',(0.274506091124542,0.367943657421388,1.79));
#5065=CARTESIAN_POINT('Ctrl Pts',(0.236630734693613,0.409259295707493,1.79));
#5066=CARTESIAN_POINT('Ctrl Pts',(0.217854715883735,0.429740771651268,1.79));
#5067=CARTESIAN_POINT('Ctrl Pts',(0.248976685106757,0.171811059117317,1.8));
#5068=CARTESIAN_POINT('Ctrl Pts',(0.248976685106757,0.171811059117317,1.79));
#5069=CARTESIAN_POINT('Ctrl Pts',(0.258675664712665,0.189342345078681,1.8));
#5070=CARTESIAN_POINT('Ctrl Pts',(0.258675664712665,0.189342345078681,1.79));
#5071=CARTESIAN_POINT('Ctrl Pts',(0.278003109612184,0.224277459616869,1.8));
#5072=CARTESIAN_POINT('Ctrl Pts',(0.278003109612184,0.224277459616869,1.79));
#5073=CARTESIAN_POINT('Ctrl Pts',(0.280824943248638,0.264098173613881,1.8));
#5074=CARTESIAN_POINT('Ctrl Pts',(0.280824943248638,0.264098173613881,1.79));
#5075=CARTESIAN_POINT('Ctrl Pts',(0.282230712473395,0.283935889601708,1.8));
#5076=CARTESIAN_POINT('Ctrl Pts',(0.282230712473395,0.283935889601708,1.79));
#5077=CARTESIAN_POINT('',(0.248976685106757,0.171811059117317,1.8));
#5078=CARTESIAN_POINT('Ctrl Pts',(0.248976685106757,0.171811059117317,1.8));
#5079=CARTESIAN_POINT('Ctrl Pts',(0.258675664712665,0.189342345078681,1.8));
#5080=CARTESIAN_POINT('Ctrl Pts',(0.278003109612184,0.224277459616869,1.8));
#5081=CARTESIAN_POINT('Ctrl Pts',(0.280824943248638,0.264098173613881,1.8));
#5082=CARTESIAN_POINT('Ctrl Pts',(0.282230712473395,0.283935889601708,1.8));
#5083=CARTESIAN_POINT('',(0.248976685106757,0.171811059117317,1.79));
#5084=CARTESIAN_POINT('',(0.248976685106757,0.171811059117317,1.8));
#5085=CARTESIAN_POINT('Ctrl Pts',(0.248976685106757,0.171811059117317,1.79));
#5086=CARTESIAN_POINT('Ctrl Pts',(0.258675664712665,0.189342345078681,1.79));
#5087=CARTESIAN_POINT('Ctrl Pts',(0.278003109612184,0.224277459616869,1.79));
#5088=CARTESIAN_POINT('Ctrl Pts',(0.280824943248638,0.264098173613881,1.79));
#5089=CARTESIAN_POINT('Ctrl Pts',(0.282230712473395,0.283935889601708,1.79));
#5090=CARTESIAN_POINT('Ctrl Pts',(0.15177343040705,0.0967769324779512,1.8));
#5091=CARTESIAN_POINT('Ctrl Pts',(0.15177343040705,0.0967769324779512,1.79));
#5092=CARTESIAN_POINT('Ctrl Pts',(0.171643912549151,0.105511315865523,1.8));
#5093=CARTESIAN_POINT('Ctrl Pts',(0.171643912549151,0.105511315865523,1.79));
#5094=CARTESIAN_POINT('Ctrl Pts',(0.210296966795431,0.12250187464881,1.8));
#5095=CARTESIAN_POINT('Ctrl Pts',(0.210296966795431,0.12250187464881,1.79));
#5096=CARTESIAN_POINT('Ctrl Pts',(0.236327661420329,0.155685992298566,1.8));
#5097=CARTESIAN_POINT('Ctrl Pts',(0.236327661420329,0.155685992298566,1.79));
#5098=CARTESIAN_POINT('Ctrl Pts',(0.248976685106757,0.171811059117317,1.8));
#5099=CARTESIAN_POINT('Ctrl Pts',(0.248976685106757,0.171811059117317,1.79));
#5100=CARTESIAN_POINT('',(0.15177343040705,0.0967769324779512,1.8));
#5101=CARTESIAN_POINT('Ctrl Pts',(0.15177343040705,0.0967769324779512,1.8));
#5102=CARTESIAN_POINT('Ctrl Pts',(0.171643912549151,0.105511315865523,1.8));
#5103=CARTESIAN_POINT('Ctrl Pts',(0.210296966795431,0.12250187464881,1.8));
#5104=CARTESIAN_POINT('Ctrl Pts',(0.236327661420329,0.155685992298566,1.8));
#5105=CARTESIAN_POINT('Ctrl Pts',(0.248976685106757,0.171811059117317,1.8));
#5106=CARTESIAN_POINT('',(0.15177343040705,0.0967769324779512,1.79));
#5107=CARTESIAN_POINT('',(0.15177343040705,0.0967769324779512,1.8));
#5108=CARTESIAN_POINT('Ctrl Pts',(0.15177343040705,0.0967769324779512,1.79));
#5109=CARTESIAN_POINT('Ctrl Pts',(0.171643912549151,0.105511315865523,1.79));
#5110=CARTESIAN_POINT('Ctrl Pts',(0.210296966795431,0.12250187464881,1.79));
#5111=CARTESIAN_POINT('Ctrl Pts',(0.236327661420329,0.155685992298566,1.79));
#5112=CARTESIAN_POINT('Ctrl Pts',(0.248976685106757,0.171811059117317,1.79));
#5113=CARTESIAN_POINT('Ctrl Pts',(-0.0255798920989009,0.0733287632465365,
1.8));
#5114=CARTESIAN_POINT('Ctrl Pts',(-0.0255798920989009,0.0733287632465365,
1.79));
#5115=CARTESIAN_POINT('Ctrl Pts',(0.00832712861557173,0.0736980254052981,
1.8));
#5116=CARTESIAN_POINT('Ctrl Pts',(0.00832712861557173,0.0736980254052981,
1.79));
#5117=CARTESIAN_POINT('Ctrl Pts',(0.0684702913760254,0.0743530105277806,
1.8));
#5118=CARTESIAN_POINT('Ctrl Pts',(0.0684702913760254,0.0743530105277806,
1.79));
#5119=CARTESIAN_POINT('Ctrl Pts',(0.126471617740327,0.0899660742193556,
1.8));
#5120=CARTESIAN_POINT('Ctrl Pts',(0.126471617740327,0.0899660742193556,
1.79));
#5121=CARTESIAN_POINT('Ctrl Pts',(0.15177343040705,0.0967769324779512,1.8));
#5122=CARTESIAN_POINT('Ctrl Pts',(0.15177343040705,0.0967769324779512,1.79));
#5123=CARTESIAN_POINT('',(-0.0255798920989009,0.0733287632465365,1.8));
#5124=CARTESIAN_POINT('Ctrl Pts',(-0.0255798920989009,0.0733287632465365,
1.8));
#5125=CARTESIAN_POINT('Ctrl Pts',(0.00832712861557172,0.0736980254052981,
1.8));
#5126=CARTESIAN_POINT('Ctrl Pts',(0.0684702913760254,0.0743530105277806,
1.8));
#5127=CARTESIAN_POINT('Ctrl Pts',(0.126471617740327,0.0899660742193556,
1.8));
#5128=CARTESIAN_POINT('Ctrl Pts',(0.15177343040705,0.0967769324779512,1.8));
#5129=CARTESIAN_POINT('',(-0.0255798920989009,0.0733287632465365,1.79));
#5130=CARTESIAN_POINT('',(-0.0255798920989009,0.0733287632465365,1.8));
#5131=CARTESIAN_POINT('Ctrl Pts',(-0.0255798920989009,0.0733287632465365,
1.79));
#5132=CARTESIAN_POINT('Ctrl Pts',(0.00832712861557172,0.0736980254052981,
1.79));
#5133=CARTESIAN_POINT('Ctrl Pts',(0.0684702913760254,0.0743530105277806,
1.79));
#5134=CARTESIAN_POINT('Ctrl Pts',(0.126471617740327,0.0899660742193556,
1.79));
#5135=CARTESIAN_POINT('Ctrl Pts',(0.15177343040705,0.0967769324779512,1.79));
#5136=CARTESIAN_POINT('Origin',(-0.381139181554315,0.0733287632465367,1.8));
#5137=CARTESIAN_POINT('',(-0.381139181554315,0.0733287632465367,1.8));
#5138=CARTESIAN_POINT('',(-0.190569590777201,0.0733287632465366,1.8));
#5139=CARTESIAN_POINT('',(-0.381139181554315,0.0733287632465367,1.79));
#5140=CARTESIAN_POINT('',(-0.381139181554315,0.0733287632465367,1.8));
#5141=CARTESIAN_POINT('',(-0.381139181554315,0.0733287632465367,1.79));
#5142=CARTESIAN_POINT('Origin',(-0.381139181554314,0.48686906695366,1.8));
#5143=CARTESIAN_POINT('',(-0.381139181554314,0.243434533476876,1.8));
#5144=CARTESIAN_POINT('',(-0.381139181554314,0.48686906695366,1.79));
#5145=CARTESIAN_POINT('Origin',(-0.381139181554315,-0.069918185472488,1.8));
#5146=CARTESIAN_POINT('',(-0.381139181554315,-0.0699181854724879,1.8));
#5147=CARTESIAN_POINT('',(-0.381139181554316,-0.625,1.8));
#5148=CARTESIAN_POINT('',(-0.381139181554315,-0.0349590927361982,1.8));
#5149=CARTESIAN_POINT('',(-0.381139181554315,-0.0699181854724879,1.79));
#5150=CARTESIAN_POINT('',(-0.381139181554315,-0.0699181854724879,1.8));
#5151=CARTESIAN_POINT('',(-0.381139181554316,-0.625,1.79));
#5152=CARTESIAN_POINT('',(-0.381139181554315,-0.069918185472488,1.79));
#5153=CARTESIAN_POINT('',(-0.381139181554316,-0.625,1.8));
#5154=CARTESIAN_POINT('Origin',(-0.18929090350866,-0.069918185472488,1.8));
#5155=CARTESIAN_POINT('',(-0.18929090350866,-0.069918185472488,1.8));
#5156=CARTESIAN_POINT('',(-0.0946454517543738,-0.069918185472488,1.8));
#5157=CARTESIAN_POINT('',(-0.18929090350866,-0.069918185472488,1.79));
#5158=CARTESIAN_POINT('',(-0.18929090350866,-0.069918185472488,1.8));
#5159=CARTESIAN_POINT('',(-0.18929090350866,-0.069918185472488,1.79));
#5160=CARTESIAN_POINT('Ctrl Pts',(-0.0972035154700251,-0.0758867710828778,
1.8));
#5161=CARTESIAN_POINT('Ctrl Pts',(-0.0972035154700251,-0.0758867710828778,
1.79));
#5162=CARTESIAN_POINT('Ctrl Pts',(-0.109549892297497,-0.074161180968626,
1.8));
#5163=CARTESIAN_POINT('Ctrl Pts',(-0.109549892297497,-0.074161180968626,
1.79));
#5164=CARTESIAN_POINT('Ctrl Pts',(-0.140077745846952,-0.0698944585908472,
1.8));
#5165=CARTESIAN_POINT('Ctrl Pts',(-0.140077745846952,-0.0698944585908472,
1.79));
#5166=CARTESIAN_POINT('Ctrl Pts',(-0.170921365774198,-0.0699093290635858,
1.8));
#5167=CARTESIAN_POINT('Ctrl Pts',(-0.170921365774198,-0.0699093290635858,
1.79));
#5168=CARTESIAN_POINT('Ctrl Pts',(-0.18929090350866,-0.069918185472488,
1.8));
#5169=CARTESIAN_POINT('Ctrl Pts',(-0.18929090350866,-0.069918185472488,
1.79));
#5170=CARTESIAN_POINT('',(-0.0972035154700251,-0.0758867710828778,1.8));
#5171=CARTESIAN_POINT('Ctrl Pts',(-0.0972035154700251,-0.0758867710828778,
1.8));
#5172=CARTESIAN_POINT('Ctrl Pts',(-0.109549892297497,-0.074161180968626,
1.8));
#5173=CARTESIAN_POINT('Ctrl Pts',(-0.140077745846952,-0.0698944585908472,
1.8));
#5174=CARTESIAN_POINT('Ctrl Pts',(-0.170921365774198,-0.0699093290635858,
1.8));
#5175=CARTESIAN_POINT('Ctrl Pts',(-0.18929090350866,-0.069918185472488,
1.8));
#5176=CARTESIAN_POINT('',(-0.0972035154700251,-0.0758867710828778,1.79));
#5177=CARTESIAN_POINT('',(-0.0972035154700251,-0.0758867710828778,1.8));
#5178=CARTESIAN_POINT('Ctrl Pts',(-0.0972035154700251,-0.0758867710828778,
1.79));
#5179=CARTESIAN_POINT('Ctrl Pts',(-0.109549892297497,-0.074161180968626,
1.79));
#5180=CARTESIAN_POINT('Ctrl Pts',(-0.140077745846952,-0.0698944585908472,
1.79));
#5181=CARTESIAN_POINT('Ctrl Pts',(-0.170921365774198,-0.0699093290635858,
1.79));
#5182=CARTESIAN_POINT('Ctrl Pts',(-0.18929090350866,-0.069918185472488,
1.79));
#5183=CARTESIAN_POINT('Ctrl Pts',(-0.0217428430914857,-0.109140500426292,
1.8));
#5184=CARTESIAN_POINT('Ctrl Pts',(-0.0217428430914857,-0.109140500426292,
1.79));
#5185=CARTESIAN_POINT('Ctrl Pts',(-0.0339693841789251,-0.101833840761095,
1.8));
#5186=CARTESIAN_POINT('Ctrl Pts',(-0.0339693841789251,-0.101833840761095,
1.79));
#5187=CARTESIAN_POINT('Ctrl Pts',(-0.0577529985079039,-0.0876205997252728,
1.8));
#5188=CARTESIAN_POINT('Ctrl Pts',(-0.0577529985079039,-0.0876205997252728,
1.79));
#5189=CARTESIAN_POINT('Ctrl Pts',(-0.0843024502873496,-0.0797239549733507,
1.8));
#5190=CARTESIAN_POINT('Ctrl Pts',(-0.0843024502873496,-0.0797239549733507,
1.79));
#5191=CARTESIAN_POINT('Ctrl Pts',(-0.0972035154700251,-0.0758867710828778,
1.8));
#5192=CARTESIAN_POINT('Ctrl Pts',(-0.0972035154700251,-0.0758867710828778,
1.79));
#5193=CARTESIAN_POINT('',(-0.0217428430914857,-0.109140500426292,1.8));
#5194=CARTESIAN_POINT('Ctrl Pts',(-0.0217428430914857,-0.109140500426292,
1.8));
#5195=CARTESIAN_POINT('Ctrl Pts',(-0.0339693841789251,-0.101833840761095,
1.8));
#5196=CARTESIAN_POINT('Ctrl Pts',(-0.0577529985079039,-0.0876205997252728,
1.8));
#5197=CARTESIAN_POINT('Ctrl Pts',(-0.0843024502873496,-0.0797239549733507,
1.8));
#5198=CARTESIAN_POINT('Ctrl Pts',(-0.0972035154700251,-0.0758867710828778,
1.8));
#5199=CARTESIAN_POINT('',(-0.0217428430914857,-0.109140500426292,1.79));
#5200=CARTESIAN_POINT('',(-0.0217428430914857,-0.109140500426292,1.8));
#5201=CARTESIAN_POINT('Ctrl Pts',(-0.0217428430914857,-0.109140500426292,
1.79));
#5202=CARTESIAN_POINT('Ctrl Pts',(-0.0339693841789251,-0.101833840761095,
1.79));
#5203=CARTESIAN_POINT('Ctrl Pts',(-0.0577529985079039,-0.0876205997252728,
1.79));
#5204=CARTESIAN_POINT('Ctrl Pts',(-0.0843024502873496,-0.0797239549733507,
1.79));
#5205=CARTESIAN_POINT('Ctrl Pts',(-0.0972035154700251,-0.0758867710828778,
1.79));
#5206=CARTESIAN_POINT('Ctrl Pts',(0.062244273722174,-0.19270122051239,1.8));
#5207=CARTESIAN_POINT('Ctrl Pts',(0.062244273722174,-0.19270122051239,1.79));
#5208=CARTESIAN_POINT('Ctrl Pts',(0.048134077975982,-0.175066417943061,
1.8));
#5209=CARTESIAN_POINT('Ctrl Pts',(0.048134077975982,-0.175066417943061,
1.79));
#5210=CARTESIAN_POINT('Ctrl Pts',(0.0232723965028142,-0.143994500004632,
1.8));
#5211=CARTESIAN_POINT('Ctrl Pts',(0.0232723965028142,-0.143994500004632,
1.79));
#5212=CARTESIAN_POINT('Ctrl Pts',(-0.0081529058844243,-0.119662796207754,
1.8));
#5213=CARTESIAN_POINT('Ctrl Pts',(-0.0081529058844243,-0.119662796207754,
1.79));
#5214=CARTESIAN_POINT('Ctrl Pts',(-0.0217428430914857,-0.109140500426292,
1.8));
#5215=CARTESIAN_POINT('Ctrl Pts',(-0.0217428430914857,-0.109140500426292,
1.79));
#5216=CARTESIAN_POINT('',(0.062244273722174,-0.19270122051239,1.8));
#5217=CARTESIAN_POINT('Ctrl Pts',(0.062244273722174,-0.19270122051239,1.8));
#5218=CARTESIAN_POINT('Ctrl Pts',(0.048134077975982,-0.175066417943061,
1.8));
#5219=CARTESIAN_POINT('Ctrl Pts',(0.0232723965028142,-0.143994500004632,
1.8));
#5220=CARTESIAN_POINT('Ctrl Pts',(-0.0081529058844243,-0.119662796207754,
1.8));
#5221=CARTESIAN_POINT('Ctrl Pts',(-0.0217428430914857,-0.109140500426292,
1.8));
#5222=CARTESIAN_POINT('',(0.062244273722174,-0.19270122051239,1.79));
#5223=CARTESIAN_POINT('',(0.062244273722174,-0.19270122051239,1.8));
#5224=CARTESIAN_POINT('Ctrl Pts',(0.062244273722174,-0.19270122051239,1.79));
#5225=CARTESIAN_POINT('Ctrl Pts',(0.048134077975982,-0.175066417943061,
1.79));
#5226=CARTESIAN_POINT('Ctrl Pts',(0.0232723965028142,-0.143994500004632,
1.79));
#5227=CARTESIAN_POINT('Ctrl Pts',(-0.0081529058844243,-0.119662796207754,
1.79));
#5228=CARTESIAN_POINT('Ctrl Pts',(-0.0217428430914857,-0.109140500426292,
1.79));
#5229=CARTESIAN_POINT('Ctrl Pts',(0.181616581976416,-0.364938527345657,
1.8));
#5230=CARTESIAN_POINT('Ctrl Pts',(0.181616581976416,-0.364938527345657,
1.79));
#5231=CARTESIAN_POINT('Ctrl Pts',(0.159999984614073,-0.331540608323967,
1.8));
#5232=CARTESIAN_POINT('Ctrl Pts',(0.159999984614073,-0.331540608323967,
1.79));
#5233=CARTESIAN_POINT('Ctrl Pts',(0.122021742807819,-0.272863739658177,
1.8));
#5234=CARTESIAN_POINT('Ctrl Pts',(0.122021742807819,-0.272863739658177,
1.79));
#5235=CARTESIAN_POINT('Ctrl Pts',(0.0802431648209434,-0.216838014431196,
1.8));
#5236=CARTESIAN_POINT('Ctrl Pts',(0.0802431648209434,-0.216838014431196,
1.79));
#5237=CARTESIAN_POINT('Ctrl Pts',(0.062244273722174,-0.19270122051239,1.8));
#5238=CARTESIAN_POINT('Ctrl Pts',(0.062244273722174,-0.19270122051239,1.79));
#5239=CARTESIAN_POINT('',(0.181616581976416,-0.364938527345657,1.8));
#5240=CARTESIAN_POINT('Ctrl Pts',(0.181616581976416,-0.364938527345657,
1.8));
#5241=CARTESIAN_POINT('Ctrl Pts',(0.159999984614073,-0.331540608323967,
1.8));
#5242=CARTESIAN_POINT('Ctrl Pts',(0.122021742807819,-0.272863739658177,
1.8));
#5243=CARTESIAN_POINT('Ctrl Pts',(0.0802431648209434,-0.216838014431196,
1.8));
#5244=CARTESIAN_POINT('Ctrl Pts',(0.062244273722174,-0.19270122051239,1.8));
#5245=CARTESIAN_POINT('',(0.181616581976416,-0.364938527345657,1.79));
#5246=CARTESIAN_POINT('',(0.181616581976416,-0.364938527345657,1.8));
#5247=CARTESIAN_POINT('Ctrl Pts',(0.181616581976416,-0.364938527345657,
1.79));
#5248=CARTESIAN_POINT('Ctrl Pts',(0.159999984614073,-0.331540608323967,
1.79));
#5249=CARTESIAN_POINT('Ctrl Pts',(0.122021742807819,-0.272863739658177,
1.79));
#5250=CARTESIAN_POINT('Ctrl Pts',(0.0802431648209434,-0.216838014431196,
1.79));
#5251=CARTESIAN_POINT('Ctrl Pts',(0.062244273722174,-0.19270122051239,1.79));
#5252=CARTESIAN_POINT('Origin',(0.347032882273199,-0.625,1.8));
#5253=CARTESIAN_POINT('',(0.347032882273199,-0.625,1.8));
#5254=CARTESIAN_POINT('',(0.15553652629716,-0.323936415252195,1.8));
#5255=CARTESIAN_POINT('',(0.347032882273199,-0.625,1.79));
#5256=CARTESIAN_POINT('',(0.347032882273199,-0.625,1.8));
#5257=CARTESIAN_POINT('',(0.347032882273199,-0.625,1.79));
#5258=CARTESIAN_POINT('Origin',(0.555081702768804,-0.625,1.8));
#5259=CARTESIAN_POINT('',(0.555081702768804,-0.625,1.8));
#5260=CARTESIAN_POINT('',(0.277540851384358,-0.625,1.8));
#5261=CARTESIAN_POINT('',(0.555081702768804,-0.625,1.79));
#5262=CARTESIAN_POINT('',(0.555081702768804,-0.625,1.8));
#5263=CARTESIAN_POINT('',(0.555081702768804,-0.625,1.79));
#5264=CARTESIAN_POINT('Origin',(0.337653495371344,-0.284788534045219,1.8));
#5265=CARTESIAN_POINT('',(0.337653495371344,-0.284788534045219,1.8));
#5266=CARTESIAN_POINT('',(0.224081265962224,-0.107081257139801,1.8));
#5267=CARTESIAN_POINT('',(0.337653495371344,-0.284788534045219,1.79));
#5268=CARTESIAN_POINT('',(0.337653495371344,-0.284788534045219,1.8));
#5269=CARTESIAN_POINT('',(0.337653495371344,-0.284788534045219,1.79));
#5270=CARTESIAN_POINT('Ctrl Pts',(0.200375057756903,-0.118519812822342,
1.8));
#5271=CARTESIAN_POINT('Ctrl Pts',(0.200375057756903,-0.118519812822342,
1.79));
#5272=CARTESIAN_POINT('Ctrl Pts',(0.224683030493047,-0.142804849999583,
1.8));
#5273=CARTESIAN_POINT('Ctrl Pts',(0.224683030493047,-0.142804849999583,
1.79));
#5274=CARTESIAN_POINT('Ctrl Pts',(0.275747279828111,-0.193820918142774,
1.8));
#5275=CARTESIAN_POINT('Ctrl Pts',(0.275747279828111,-0.193820918142774,
1.79));
#5276=CARTESIAN_POINT('Ctrl Pts',(0.316368881750611,-0.2535120210248,1.8));
#5277=CARTESIAN_POINT('Ctrl Pts',(0.316368881750611,-0.2535120210248,1.79));
#5278=CARTESIAN_POINT('Ctrl Pts',(0.337653495371344,-0.284788534045219,
1.8));
#5279=CARTESIAN_POINT('Ctrl Pts',(0.337653495371344,-0.284788534045219,
1.79));
#5280=CARTESIAN_POINT('',(0.200375057756903,-0.118519812822342,1.8));
#5281=CARTESIAN_POINT('Ctrl Pts',(0.200375057756903,-0.118519812822342,
1.8));
#5282=CARTESIAN_POINT('Ctrl Pts',(0.224683030493047,-0.142804849999583,
1.8));
#5283=CARTESIAN_POINT('Ctrl Pts',(0.275747279828111,-0.193820918142774,
1.8));
#5284=CARTESIAN_POINT('Ctrl Pts',(0.316368881750611,-0.2535120210248,1.8));
#5285=CARTESIAN_POINT('Ctrl Pts',(0.337653495371344,-0.284788534045219,
1.8));
#5286=CARTESIAN_POINT('',(0.200375057756903,-0.118519812822342,1.79));
#5287=CARTESIAN_POINT('',(0.200375057756903,-0.118519812822342,1.8));
#5288=CARTESIAN_POINT('Ctrl Pts',(0.200375057756903,-0.118519812822342,
1.79));
#5289=CARTESIAN_POINT('Ctrl Pts',(0.224683030493047,-0.142804849999583,
1.79));
#5290=CARTESIAN_POINT('Ctrl Pts',(0.275747279828111,-0.193820918142774,
1.79));
#5291=CARTESIAN_POINT('Ctrl Pts',(0.316368881750611,-0.2535120210248,1.79));
#5292=CARTESIAN_POINT('Ctrl Pts',(0.337653495371344,-0.284788534045219,
1.79));
#5293=CARTESIAN_POINT('Ctrl Pts',(0.100613869726661,-0.0562755763530728,
1.8));
#5294=CARTESIAN_POINT('Ctrl Pts',(0.100613869726661,-0.0562755763530728,
1.79));
#5295=CARTESIAN_POINT('Ctrl Pts',(0.120319646850335,-0.0660123288875282,
1.8));
#5296=CARTESIAN_POINT('Ctrl Pts',(0.120319646850335,-0.0660123288875282,
1.79));
#5297=CARTESIAN_POINT('Ctrl Pts',(0.1556600943786,-0.0834742736705234,1.8));
#5298=CARTESIAN_POINT('Ctrl Pts',(0.1556600943786,-0.0834742736705234,1.79));
#5299=CARTESIAN_POINT('Ctrl Pts',(0.186660450652041,-0.107770932270235,
1.8));
#5300=CARTESIAN_POINT('Ctrl Pts',(0.186660450652041,-0.107770932270235,
1.79));
#5301=CARTESIAN_POINT('Ctrl Pts',(0.200375057756903,-0.118519812822342,
1.8));
#5302=CARTESIAN_POINT('Ctrl Pts',(0.200375057756903,-0.118519812822342,
1.79));
#5303=CARTESIAN_POINT('',(0.100613869726661,-0.0562755763530728,1.8));
#5304=CARTESIAN_POINT('Ctrl Pts',(0.100613869726661,-0.0562755763530728,
1.8));
#5305=CARTESIAN_POINT('Ctrl Pts',(0.120319646850335,-0.0660123288875282,
1.8));
#5306=CARTESIAN_POINT('Ctrl Pts',(0.1556600943786,-0.0834742736705234,1.8));
#5307=CARTESIAN_POINT('Ctrl Pts',(0.186660450652041,-0.107770932270235,
1.8));
#5308=CARTESIAN_POINT('Ctrl Pts',(0.200375057756903,-0.118519812822342,
1.8));
#5309=CARTESIAN_POINT('',(0.100613869726661,-0.0562755763530728,1.79));
#5310=CARTESIAN_POINT('',(0.100613869726661,-0.0562755763530728,1.8));
#5311=CARTESIAN_POINT('Ctrl Pts',(0.100613869726661,-0.0562755763530728,
1.79));
#5312=CARTESIAN_POINT('Ctrl Pts',(0.120319646850335,-0.0660123288875282,
1.79));
#5313=CARTESIAN_POINT('Ctrl Pts',(0.1556600943786,-0.0834742736705234,1.79));
#5314=CARTESIAN_POINT('Ctrl Pts',(0.186660450652041,-0.107770932270235,
1.79));
#5315=CARTESIAN_POINT('Ctrl Pts',(0.200375057756903,-0.118519812822342,
1.79));
#5316=CARTESIAN_POINT('Ctrl Pts',(0.366644002497199,0.0596862286329271,
1.8));
#5317=CARTESIAN_POINT('Ctrl Pts',(0.366644002497199,0.0596862286329271,
1.79));
#5318=CARTESIAN_POINT('Ctrl Pts',(0.331516761213152,0.0317599466056713,
1.8));
#5319=CARTESIAN_POINT('Ctrl Pts',(0.331516761213152,0.0317599466056713,
1.79));
#5320=CARTESIAN_POINT('Ctrl Pts',(0.253503183378492,-0.0302611258420356,
1.8));
#5321=CARTESIAN_POINT('Ctrl Pts',(0.253503183378492,-0.0302611258420356,
1.79));
#5322=CARTESIAN_POINT('Ctrl Pts',(0.154847676207034,-0.0470475757753364,
1.8));
#5323=CARTESIAN_POINT('Ctrl Pts',(0.154847676207034,-0.0470475757753364,
1.79));
#5324=CARTESIAN_POINT('Ctrl Pts',(0.100613869726661,-0.0562755763530728,
1.8));
#5325=CARTESIAN_POINT('Ctrl Pts',(0.100613869726661,-0.0562755763530728,
1.79));
#5326=CARTESIAN_POINT('',(0.366644002497199,0.0596862286329271,1.8));
#5327=CARTESIAN_POINT('Ctrl Pts',(0.366644002497199,0.0596862286329271,
1.8));
#5328=CARTESIAN_POINT('Ctrl Pts',(0.331516761213152,0.0317599466056713,
1.8));
#5329=CARTESIAN_POINT('Ctrl Pts',(0.253503183378492,-0.0302611258420356,
1.8));
#5330=CARTESIAN_POINT('Ctrl Pts',(0.154847676207034,-0.0470475757753364,
1.8));
#5331=CARTESIAN_POINT('Ctrl Pts',(0.100613869726661,-0.0562755763530728,
1.8));
#5332=CARTESIAN_POINT('',(0.366644002497199,0.0596862286329271,1.79));
#5333=CARTESIAN_POINT('',(0.366644002497199,0.0596862286329271,1.8));
#5334=CARTESIAN_POINT('Ctrl Pts',(0.366644002497199,0.0596862286329271,
1.79));
#5335=CARTESIAN_POINT('Ctrl Pts',(0.331516761213152,0.0317599466056713,
1.79));
#5336=CARTESIAN_POINT('Ctrl Pts',(0.253503183378492,-0.0302611258420356,
1.79));
#5337=CARTESIAN_POINT('Ctrl Pts',(0.154847676207034,-0.0470475757753364,
1.79));
#5338=CARTESIAN_POINT('Ctrl Pts',(0.100613869726661,-0.0562755763530728,
1.79));
#5339=CARTESIAN_POINT('Ctrl Pts',(0.452762581408027,0.283935889601707,1.8));
#5340=CARTESIAN_POINT('Ctrl Pts',(0.452762581408027,0.283935889601707,1.79));
#5341=CARTESIAN_POINT('Ctrl Pts',(0.449413699136229,0.241595066665986,1.8));
#5342=CARTESIAN_POINT('Ctrl Pts',(0.449413699136229,0.241595066665986,1.79));
#5343=CARTESIAN_POINT('Ctrl Pts',(0.442823226675289,0.158269943570029,1.8));
#5344=CARTESIAN_POINT('Ctrl Pts',(0.442823226675289,0.158269943570029,1.79));
#5345=CARTESIAN_POINT('Ctrl Pts',(0.391759976072703,0.0921888696882743,
1.8));
#5346=CARTESIAN_POINT('Ctrl Pts',(0.391759976072703,0.0921888696882743,
1.79));
#5347=CARTESIAN_POINT('Ctrl Pts',(0.366644002497199,0.0596862286329271,
1.8));
#5348=CARTESIAN_POINT('Ctrl Pts',(0.366644002497199,0.0596862286329271,
1.79));
#5349=CARTESIAN_POINT('',(0.452762581408027,0.283935889601707,1.8));
#5350=CARTESIAN_POINT('Ctrl Pts',(0.452762581408027,0.283935889601707,1.8));
#5351=CARTESIAN_POINT('Ctrl Pts',(0.449413699136229,0.241595066665986,1.8));
#5352=CARTESIAN_POINT('Ctrl Pts',(0.442823226675289,0.158269943570029,1.8));
#5353=CARTESIAN_POINT('Ctrl Pts',(0.391759976072703,0.0921888696882743,
1.8));
#5354=CARTESIAN_POINT('Ctrl Pts',(0.366644002497199,0.0596862286329271,
1.8));
#5355=CARTESIAN_POINT('',(0.452762581408027,0.283935889601707,1.79));
#5356=CARTESIAN_POINT('',(0.452762581408027,0.283935889601707,1.8));
#5357=CARTESIAN_POINT('Ctrl Pts',(0.452762581408027,0.283935889601707,1.79));
#5358=CARTESIAN_POINT('Ctrl Pts',(0.449413699136229,0.241595066665986,1.79));
#5359=CARTESIAN_POINT('Ctrl Pts',(0.442823226675289,0.158269943570029,1.79));
#5360=CARTESIAN_POINT('Ctrl Pts',(0.391759976072703,0.0921888696882743,
1.79));
#5361=CARTESIAN_POINT('Ctrl Pts',(0.366644002497199,0.0596862286329271,
1.79));
#5362=CARTESIAN_POINT('Ctrl Pts',(0.400750376284126,0.472373813390732,1.8));
#5363=CARTESIAN_POINT('Ctrl Pts',(0.400750376284126,0.472373813390732,1.79));
#5364=CARTESIAN_POINT('Ctrl Pts',(0.415920286215705,0.443060560814742,1.8));
#5365=CARTESIAN_POINT('Ctrl Pts',(0.415920286215705,0.443060560814742,1.79));
#5366=CARTESIAN_POINT('Ctrl Pts',(0.446522757800524,0.383926526198756,1.8));
#5367=CARTESIAN_POINT('Ctrl Pts',(0.446522757800524,0.383926526198756,1.79));
#5368=CARTESIAN_POINT('Ctrl Pts',(0.450670773153428,0.317456266486217,1.8));
#5369=CARTESIAN_POINT('Ctrl Pts',(0.450670773153428,0.317456266486217,1.79));
#5370=CARTESIAN_POINT('Ctrl Pts',(0.452762581408027,0.283935889601707,1.8));
#5371=CARTESIAN_POINT('Ctrl Pts',(0.452762581408027,0.283935889601707,1.79));
#5372=CARTESIAN_POINT('',(0.400750376284126,0.472373813390732,1.8));
#5373=CARTESIAN_POINT('Ctrl Pts',(0.400750376284126,0.472373813390732,1.8));
#5374=CARTESIAN_POINT('Ctrl Pts',(0.415920286215705,0.443060560814742,1.8));
#5375=CARTESIAN_POINT('Ctrl Pts',(0.446522757800524,0.383926526198756,1.8));
#5376=CARTESIAN_POINT('Ctrl Pts',(0.450670773153428,0.317456266486217,1.8));
#5377=CARTESIAN_POINT('Ctrl Pts',(0.452762581408027,0.283935889601707,1.8));
#5378=CARTESIAN_POINT('',(0.400750376284126,0.472373813390732,1.79));
#5379=CARTESIAN_POINT('',(0.400750376284126,0.472373813390732,1.8));
#5380=CARTESIAN_POINT('Ctrl Pts',(0.400750376284126,0.472373813390732,1.79));
#5381=CARTESIAN_POINT('Ctrl Pts',(0.415920286215705,0.443060560814742,1.79));
#5382=CARTESIAN_POINT('Ctrl Pts',(0.446522757800524,0.383926526198756,1.79));
#5383=CARTESIAN_POINT('Ctrl Pts',(0.450670773153428,0.317456266486217,1.79));
#5384=CARTESIAN_POINT('Ctrl Pts',(0.452762581408027,0.283935889601707,1.79));
#5385=CARTESIAN_POINT('Ctrl Pts',(0.261766649782661,0.59131994843483,1.8));
#5386=CARTESIAN_POINT('Ctrl Pts',(0.261766649782661,0.59131994843483,1.79));
#5387=CARTESIAN_POINT('Ctrl Pts',(0.289454487354012,0.577688354099325,1.8));
#5388=CARTESIAN_POINT('Ctrl Pts',(0.289454487354012,0.577688354099325,1.79));
#5389=CARTESIAN_POINT('Ctrl Pts',(0.345876837051223,0.549909854585005,1.8));
#5390=CARTESIAN_POINT('Ctrl Pts',(0.345876837051223,0.549909854585005,1.79));
#5391=CARTESIAN_POINT('Ctrl Pts',(0.382234377165315,0.498536829126528,1.8));
#5392=CARTESIAN_POINT('Ctrl Pts',(0.382234377165315,0.498536829126528,1.79));
#5393=CARTESIAN_POINT('Ctrl Pts',(0.400750376284126,0.472373813390732,1.8));
#5394=CARTESIAN_POINT('Ctrl Pts',(0.400750376284126,0.472373813390732,1.79));
#5395=CARTESIAN_POINT('',(0.261766649782661,0.59131994843483,1.8));
#5396=CARTESIAN_POINT('Ctrl Pts',(0.261766649782661,0.59131994843483,1.8));
#5397=CARTESIAN_POINT('Ctrl Pts',(0.289454487354012,0.577688354099325,1.8));
#5398=CARTESIAN_POINT('Ctrl Pts',(0.345876837051223,0.549909854585005,1.8));
#5399=CARTESIAN_POINT('Ctrl Pts',(0.382234377165315,0.498536829126528,1.8));
#5400=CARTESIAN_POINT('Ctrl Pts',(0.400750376284126,0.472373813390732,1.8));
#5401=CARTESIAN_POINT('',(0.261766649782661,0.59131994843483,1.79));
#5402=CARTESIAN_POINT('',(0.261766649782661,0.59131994843483,1.8));
#5403=CARTESIAN_POINT('Ctrl Pts',(0.261766649782661,0.59131994843483,1.79));
#5404=CARTESIAN_POINT('Ctrl Pts',(0.289454487354012,0.577688354099325,1.79));
#5405=CARTESIAN_POINT('Ctrl Pts',(0.345876837051223,0.549909854585005,1.79));
#5406=CARTESIAN_POINT('Ctrl Pts',(0.382234377165315,0.498536829126528,1.79));
#5407=CARTESIAN_POINT('Ctrl Pts',(0.400750376284126,0.472373813390732,1.79));
#5408=CARTESIAN_POINT('Ctrl Pts',(0.00767383724451398,0.625,1.8));
#5409=CARTESIAN_POINT('Ctrl Pts',(0.00767383724451398,0.625,1.79));
#5410=CARTESIAN_POINT('Ctrl Pts',(0.0570549511360241,0.624620030729776,
1.8));
#5411=CARTESIAN_POINT('Ctrl Pts',(0.0570549511360241,0.624620030729776,
1.79));
#5412=CARTESIAN_POINT('Ctrl Pts',(0.143289620855779,0.623956487080408,1.8));
#5413=CARTESIAN_POINT('Ctrl Pts',(0.143289620855779,0.623956487080408,1.79));
#5414=CARTESIAN_POINT('Ctrl Pts',(0.226293721478737,0.601091577635435,1.8));
#5415=CARTESIAN_POINT('Ctrl Pts',(0.226293721478737,0.601091577635435,1.79));
#5416=CARTESIAN_POINT('Ctrl Pts',(0.261766649782661,0.59131994843483,1.8));
#5417=CARTESIAN_POINT('Ctrl Pts',(0.261766649782661,0.59131994843483,1.79));
#5418=CARTESIAN_POINT('',(0.00767383724451398,0.625,1.8));
#5419=CARTESIAN_POINT('Ctrl Pts',(0.00767383724451398,0.625,1.8));
#5420=CARTESIAN_POINT('Ctrl Pts',(0.0570549511360241,0.624620030729776,
1.8));
#5421=CARTESIAN_POINT('Ctrl Pts',(0.143289620855779,0.623956487080408,1.8));
#5422=CARTESIAN_POINT('Ctrl Pts',(0.226293721478737,0.601091577635435,1.8));
#5423=CARTESIAN_POINT('Ctrl Pts',(0.261766649782661,0.59131994843483,1.8));
#5424=CARTESIAN_POINT('',(0.00767383724451398,0.625,1.79));
#5425=CARTESIAN_POINT('',(0.00767383724451398,0.625,1.8));
#5426=CARTESIAN_POINT('Ctrl Pts',(0.00767383724451398,0.625,1.79));
#5427=CARTESIAN_POINT('Ctrl Pts',(0.0570549511360241,0.624620030729776,
1.79));
#5428=CARTESIAN_POINT('Ctrl Pts',(0.143289620855779,0.623956487080408,1.79));
#5429=CARTESIAN_POINT('Ctrl Pts',(0.226293721478737,0.601091577635435,1.79));
#5430=CARTESIAN_POINT('Ctrl Pts',(0.261766649782661,0.59131994843483,1.79));
#5431=CARTESIAN_POINT('Origin',(-0.546555332839486,0.625000000000001,1.8));
#5432=CARTESIAN_POINT('',(-0.546555332839486,0.625000000000001,1.8));
#5433=CARTESIAN_POINT('',(-0.273277666419786,0.625,1.8));
#5434=CARTESIAN_POINT('',(-0.546555332839486,0.625,1.79));
#5435=CARTESIAN_POINT('',(-0.546555332839486,0.625000000000001,1.8));
#5436=CARTESIAN_POINT('',(-0.546555332839486,0.625000000000001,1.79));
#5437=CARTESIAN_POINT('Origin',(-0.546555332839487,-0.624999999999999,1.8));
#5438=CARTESIAN_POINT('',(-0.546555332839487,-0.624999999999999,1.8));
#5439=CARTESIAN_POINT('',(-0.546555332839487,-0.312499999999954,1.8));
#5440=CARTESIAN_POINT('',(-0.546555332839487,-0.624999999999999,1.79));
#5441=CARTESIAN_POINT('',(-0.546555332839487,-0.624999999999999,1.8));
#5442=CARTESIAN_POINT('',(-0.546555332839487,-0.624999999999999,1.79));
#5443=CARTESIAN_POINT('Origin',(-0.381139181554316,-0.624999999999999,1.8));
#5444=CARTESIAN_POINT('',(-0.190569590777202,-0.625,1.8));
#5445=CARTESIAN_POINT('',(-0.381139181554316,-0.624999999999999,1.79));
#5446=CARTESIAN_POINT('Origin',(-3.72529002090616E-8,-0.00810027122497531,
1.79));
#5447=CARTESIAN_POINT('Origin',(-1.10334243625402,0.630116015672685,1.8));
#5448=CARTESIAN_POINT('',(-1.10334243625402,0.630116015672685,1.8));
#5449=CARTESIAN_POINT('',(-1.00443389266729,0.630116015672685,1.8));
#5450=CARTESIAN_POINT('',(-0.551671218127054,0.630116015672685,1.8));
#5451=CARTESIAN_POINT('',(-1.10334243625402,0.630116015672685,1.79));
#5452=CARTESIAN_POINT('',(-1.10334243625402,0.630116015672685,1.8));
#5453=CARTESIAN_POINT('',(-1.00443389266729,0.630116015672685,1.79));
#5454=CARTESIAN_POINT('',(-1.10334243625402,0.630116015672685,1.79));
#5455=CARTESIAN_POINT('',(-1.00443389266729,0.630116015672685,1.8));
#5456=CARTESIAN_POINT('Ctrl Pts',(-1.23976808041334,0.462994575500489,1.8));
#5457=CARTESIAN_POINT('Ctrl Pts',(-1.23976808041334,0.462994575500489,1.79));
#5458=CARTESIAN_POINT('Ctrl Pts',(-1.21076682808929,0.490011875979057,1.8));
#5459=CARTESIAN_POINT('Ctrl Pts',(-1.21076682808929,0.490011875979057,1.79));
#5460=CARTESIAN_POINT('Ctrl Pts',(-1.15759559435929,0.539545709292482,1.8));
#5461=CARTESIAN_POINT('Ctrl Pts',(-1.15759559435929,0.539545709292482,1.79));
#5462=CARTESIAN_POINT('Ctrl Pts',(-1.12029714559384,0.601811797575084,1.8));
#5463=CARTESIAN_POINT('Ctrl Pts',(-1.12029714559384,0.601811797575084,1.79));
#5464=CARTESIAN_POINT('Ctrl Pts',(-1.10334243625402,0.630116015672685,1.8));
#5465=CARTESIAN_POINT('Ctrl Pts',(-1.10334243625402,0.630116015672685,1.79));
#5466=CARTESIAN_POINT('',(-1.23976808041334,0.462994575500489,1.8));
#5467=CARTESIAN_POINT('Ctrl Pts',(-1.23976808041334,0.462994575500489,1.8));
#5468=CARTESIAN_POINT('Ctrl Pts',(-1.21076682808929,0.490011875979057,1.8));
#5469=CARTESIAN_POINT('Ctrl Pts',(-1.15759559435929,0.539545709292482,1.8));
#5470=CARTESIAN_POINT('Ctrl Pts',(-1.12029714559384,0.601811797575084,1.8));
#5471=CARTESIAN_POINT('Ctrl Pts',(-1.10334243625402,0.630116015672685,1.8));
#5472=CARTESIAN_POINT('',(-1.23976808041334,0.462994575500489,1.79));
#5473=CARTESIAN_POINT('',(-1.23976808041334,0.462994575500489,1.8));
#5474=CARTESIAN_POINT('Ctrl Pts',(-1.23976808041334,0.462994575500489,1.79));
#5475=CARTESIAN_POINT('Ctrl Pts',(-1.21076682808929,0.490011875979057,1.79));
#5476=CARTESIAN_POINT('Ctrl Pts',(-1.15759559435929,0.539545709292482,1.79));
#5477=CARTESIAN_POINT('Ctrl Pts',(-1.12029714559384,0.601811797575084,1.79));
#5478=CARTESIAN_POINT('Ctrl Pts',(-1.10334243625402,0.630116015672685,1.79));
#5479=CARTESIAN_POINT('Ctrl Pts',(-1.46487038582563,0.316336974501611,1.8));
#5480=CARTESIAN_POINT('Ctrl Pts',(-1.46487038582563,0.316336974501611,1.79));
#5481=CARTESIAN_POINT('Ctrl Pts',(-1.42371639828492,0.337215872287363,1.8));
#5482=CARTESIAN_POINT('Ctrl Pts',(-1.42371639828492,0.337215872287363,1.79));
#5483=CARTESIAN_POINT('Ctrl Pts',(-1.3433694570871,0.377978764850519,1.8));
#5484=CARTESIAN_POINT('Ctrl Pts',(-1.3433694570871,0.377978764850519,1.79));
#5485=CARTESIAN_POINT('Ctrl Pts',(-1.27373535100292,0.435120862452892,1.8));
#5486=CARTESIAN_POINT('Ctrl Pts',(-1.27373535100292,0.435120862452892,1.79));
#5487=CARTESIAN_POINT('Ctrl Pts',(-1.23976808041334,0.462994575500489,1.8));
#5488=CARTESIAN_POINT('Ctrl Pts',(-1.23976808041334,0.462994575500489,1.79));
#5489=CARTESIAN_POINT('',(-1.46487038582563,0.316336974501611,1.8));
#5490=CARTESIAN_POINT('Ctrl Pts',(-1.46487038582563,0.316336974501611,1.8));
#5491=CARTESIAN_POINT('Ctrl Pts',(-1.42371639828492,0.337215872287363,1.8));
#5492=CARTESIAN_POINT('Ctrl Pts',(-1.3433694570871,0.377978764850519,1.8));
#5493=CARTESIAN_POINT('Ctrl Pts',(-1.27373535100292,0.435120862452892,1.8));
#5494=CARTESIAN_POINT('Ctrl Pts',(-1.23976808041334,0.462994575500489,1.8));
#5495=CARTESIAN_POINT('',(-1.46487038582563,0.316336974501611,1.79));
#5496=CARTESIAN_POINT('',(-1.46487038582563,0.316336974501611,1.8));
#5497=CARTESIAN_POINT('Ctrl Pts',(-1.46487038582563,0.316336974501611,1.79));
#5498=CARTESIAN_POINT('Ctrl Pts',(-1.42371639828492,0.337215872287363,1.79));
#5499=CARTESIAN_POINT('Ctrl Pts',(-1.3433694570871,0.377978764850519,1.79));
#5500=CARTESIAN_POINT('Ctrl Pts',(-1.27373535100292,0.435120862452892,1.79));
#5501=CARTESIAN_POINT('Ctrl Pts',(-1.23976808041334,0.462994575500489,1.79));
#5502=CARTESIAN_POINT('Origin',(-1.46487038582563,0.167974084615708,1.8));
#5503=CARTESIAN_POINT('',(-1.46487038582563,0.167974084615708,1.8));
#5504=CARTESIAN_POINT('',(-1.46487038582563,0.0839870423079011,1.8));
#5505=CARTESIAN_POINT('',(-1.46487038582563,0.167974084615708,1.79));
#5506=CARTESIAN_POINT('',(-1.46487038582563,0.167974084615708,1.8));
#5507=CARTESIAN_POINT('',(-1.46487038582563,0.167974084615708,1.79));
#5508=CARTESIAN_POINT('Ctrl Pts',(-1.30329128354788,0.24727150797844,1.8));
#5509=CARTESIAN_POINT('Ctrl Pts',(-1.30329128354788,0.24727150797844,1.79));
#5510=CARTESIAN_POINT('Ctrl Pts',(-1.33141527214358,0.231167022210599,1.8));
#5511=CARTESIAN_POINT('Ctrl Pts',(-1.33141527214358,0.231167022210599,1.79));
#5512=CARTESIAN_POINT('Ctrl Pts',(-1.38359726833025,0.20128633113913,1.8));
#5513=CARTESIAN_POINT('Ctrl Pts',(-1.38359726833025,0.20128633113913,1.79));
#5514=CARTESIAN_POINT('Ctrl Pts',(-1.43922414788278,0.178485971289665,1.8));
#5515=CARTESIAN_POINT('Ctrl Pts',(-1.43922414788278,0.178485971289665,1.79));
#5516=CARTESIAN_POINT('Ctrl Pts',(-1.46487038582563,0.167974084615708,1.8));
#5517=CARTESIAN_POINT('Ctrl Pts',(-1.46487038582563,0.167974084615708,1.79));
#5518=CARTESIAN_POINT('',(-1.30329128354788,0.24727150797844,1.8));
#5519=CARTESIAN_POINT('Ctrl Pts',(-1.30329128354788,0.24727150797844,1.8));
#5520=CARTESIAN_POINT('Ctrl Pts',(-1.33141527214358,0.231167022210599,1.8));
#5521=CARTESIAN_POINT('Ctrl Pts',(-1.38359726833025,0.20128633113913,1.8));
#5522=CARTESIAN_POINT('Ctrl Pts',(-1.43922414788278,0.178485971289665,1.8));
#5523=CARTESIAN_POINT('Ctrl Pts',(-1.46487038582563,0.167974084615708,1.8));
#5524=CARTESIAN_POINT('',(-1.30329128354788,0.24727150797844,1.79));
#5525=CARTESIAN_POINT('',(-1.30329128354788,0.24727150797844,1.8));
#5526=CARTESIAN_POINT('Ctrl Pts',(-1.30329128354788,0.24727150797844,1.79));
#5527=CARTESIAN_POINT('Ctrl Pts',(-1.33141527214358,0.231167022210599,1.79));
#5528=CARTESIAN_POINT('Ctrl Pts',(-1.38359726833025,0.20128633113913,1.79));
#5529=CARTESIAN_POINT('Ctrl Pts',(-1.43922414788278,0.178485971289665,1.79));
#5530=CARTESIAN_POINT('Ctrl Pts',(-1.46487038582563,0.167974084615708,1.79));
#5531=CARTESIAN_POINT('Ctrl Pts',(-1.15791272372007,0.353001356124879,1.8));
#5532=CARTESIAN_POINT('Ctrl Pts',(-1.15791272372007,0.353001356124879,1.79));
#5533=CARTESIAN_POINT('Ctrl Pts',(-1.17883594387265,0.33479553325945,1.8));
#5534=CARTESIAN_POINT('Ctrl Pts',(-1.17883594387265,0.33479553325945,1.79));
#5535=CARTESIAN_POINT('Ctrl Pts',(-1.22419462070637,0.295327801723739,1.8));
#5536=CARTESIAN_POINT('Ctrl Pts',(-1.22419462070637,0.295327801723739,1.79));
#5537=CARTESIAN_POINT('Ctrl Pts',(-1.27559894063664,0.264096381716849,1.8));
#5538=CARTESIAN_POINT('Ctrl Pts',(-1.27559894063664,0.264096381716849,1.79));
#5539=CARTESIAN_POINT('Ctrl Pts',(-1.30329128354788,0.24727150797844,1.8));
#5540=CARTESIAN_POINT('Ctrl Pts',(-1.30329128354788,0.24727150797844,1.79));
#5541=CARTESIAN_POINT('',(-1.15791272372007,0.353001356124879,1.8));
#5542=CARTESIAN_POINT('Ctrl Pts',(-1.15791272372007,0.353001356124879,1.8));
#5543=CARTESIAN_POINT('Ctrl Pts',(-1.17883594387265,0.33479553325945,1.8));
#5544=CARTESIAN_POINT('Ctrl Pts',(-1.22419462070637,0.295327801723739,1.8));
#5545=CARTESIAN_POINT('Ctrl Pts',(-1.27559894063664,0.264096381716849,1.8));
#5546=CARTESIAN_POINT('Ctrl Pts',(-1.30329128354788,0.24727150797844,1.8));
#5547=CARTESIAN_POINT('',(-1.15791272372007,0.353001356124879,1.79));
#5548=CARTESIAN_POINT('',(-1.15791272372007,0.353001356124879,1.8));
#5549=CARTESIAN_POINT('Ctrl Pts',(-1.15791272372007,0.353001356124879,1.79));
#5550=CARTESIAN_POINT('Ctrl Pts',(-1.17883594387265,0.33479553325945,1.79));
#5551=CARTESIAN_POINT('Ctrl Pts',(-1.22419462070637,0.295327801723739,1.79));
#5552=CARTESIAN_POINT('Ctrl Pts',(-1.27559894063664,0.264096381716849,1.79));
#5553=CARTESIAN_POINT('Ctrl Pts',(-1.30329128354788,0.24727150797844,1.79));
#5554=CARTESIAN_POINT('Origin',(-1.15791272372007,-0.624999999999999,1.8));
#5555=CARTESIAN_POINT('',(-1.15791272372007,-0.624999999999999,1.8));
#5556=CARTESIAN_POINT('',(-1.15791272372007,-0.312499999999953,1.8));
#5557=CARTESIAN_POINT('',(-1.15791272372007,-0.624999999999999,1.79));
#5558=CARTESIAN_POINT('',(-1.15791272372007,-0.624999999999999,1.8));
#5559=CARTESIAN_POINT('',(-1.15791272372007,-0.624999999999999,1.79));
#5560=CARTESIAN_POINT('Origin',(-1.00443389266729,-0.624999999999999,1.8));
#5561=CARTESIAN_POINT('',(-1.00443389266729,-0.624999999999999,1.8));
#5562=CARTESIAN_POINT('',(-0.50221694633369,-0.624999999999999,1.8));
#5563=CARTESIAN_POINT('',(-1.00443389266729,-0.624999999999999,1.79));
#5564=CARTESIAN_POINT('',(-1.00443389266729,-0.624999999999999,1.8));
#5565=CARTESIAN_POINT('',(-1.00443389266729,-0.624999999999999,1.79));
#5566=CARTESIAN_POINT('Origin',(-1.00443389266729,0.630116015672685,1.8));
#5567=CARTESIAN_POINT('',(-1.00443389266729,0.315058007836388,1.8));
#5568=CARTESIAN_POINT('',(-1.00443389266729,0.630116015672685,1.79));
#5569=CARTESIAN_POINT('Origin',(-3.72529002090616E-8,-0.00810027122497531,
1.79));
#5570=CARTESIAN_POINT('Origin',(-8.71525074330748E-14,9.10382880192628E-14,
1.8));
#5571=CARTESIAN_POINT('',(2.34999999999983,-1.39644660940654,1.8));
#5572=CARTESIAN_POINT('',(2.29142135623714,-1.53786796564385,1.8));
#5573=CARTESIAN_POINT('Origin',(2.14999999999983,-1.39644660940654,1.8));
#5574=CARTESIAN_POINT('',(2.34999999999983,1.39644660940673,1.8));
#5575=CARTESIAN_POINT('',(2.34999999999983,-1.24999999999986,1.8));
#5576=CARTESIAN_POINT('',(2.29142135623714,1.53786796564404,1.8));
#5577=CARTESIAN_POINT('Origin',(2.14999999999983,1.39644660940673,1.8));
#5578=CARTESIAN_POINT('',(1.43786796564386,2.39142135623731,1.8));
#5579=CARTESIAN_POINT('',(1.8896446609405,1.93964466094067,1.8));
#5580=CARTESIAN_POINT('',(1.29644660940655,2.45,1.8));
#5581=CARTESIAN_POINT('Origin',(1.29644660940655,2.25,1.8));
#5582=CARTESIAN_POINT('',(-1.29644660940673,2.45,1.8));
#5583=CARTESIAN_POINT('',(1.19999999999987,2.45,1.8));
#5584=CARTESIAN_POINT('',(-1.43786796564404,2.39142135623731,1.8));
#5585=CARTESIAN_POINT('Origin',(-1.29644660940673,2.25,1.8));
#5586=CARTESIAN_POINT('',(-2.29142135623731,1.53786796564403,1.8));
#5587=CARTESIAN_POINT('',(-1.88964466094067,1.93964466094067,1.8));
#5588=CARTESIAN_POINT('',(-2.35,1.39644660940673,1.8));
#5589=CARTESIAN_POINT('Origin',(-2.15,1.39644660940673,1.8));
#5590=CARTESIAN_POINT('',(-2.35,-1.39644660940654,1.8));
#5591=CARTESIAN_POINT('',(-2.35,1.25000000000004,1.8));
#5592=CARTESIAN_POINT('',(-2.29142135623731,-1.53786796564385,1.8));
#5593=CARTESIAN_POINT('Origin',(-2.15,-1.39644660940654,1.8));
#5594=CARTESIAN_POINT('',(-1.43786796564404,-2.39142135623713,1.8));
#5595=CARTESIAN_POINT('',(-1.88964466094067,-1.93964466094049,1.8));
#5596=CARTESIAN_POINT('',(-1.29644660940673,-2.44999999999982,1.8));
#5597=CARTESIAN_POINT('Origin',(-1.29644660940673,-2.24999999999982,1.8));
#5598=CARTESIAN_POINT('',(1.29644660940655,-2.44999999999982,1.8));
#5599=CARTESIAN_POINT('',(-1.20000000000004,-2.44999999999982,1.8));
#5600=CARTESIAN_POINT('',(1.43786796564386,-2.39142135623713,1.8));
#5601=CARTESIAN_POINT('Origin',(1.29644660940655,-2.24999999999982,1.8));
#5602=CARTESIAN_POINT('',(1.8896446609405,-1.93964466094049,1.8));
#5603=CARTESIAN_POINT('Origin',(-8.71525074330748E-14,9.10382880192628E-14,
1.8));
#5604=CARTESIAN_POINT('Origin',(2.14999999999983,-1.39644660940654,1.75));
#5605=CARTESIAN_POINT('',(2.39999999999983,-1.39644660940654,1.75));
#5606=CARTESIAN_POINT('Origin',(2.34999999999983,-1.39644660940654,1.75));
#5607=CARTESIAN_POINT('',(2.32677669529646,-1.57322330470318,1.75));
#5608=CARTESIAN_POINT('Origin',(2.29142135623714,-1.53786796564385,1.75));
#5609=CARTESIAN_POINT('Origin',(2.14999999999983,-1.39644660940654,1.75));
#5610=CARTESIAN_POINT('Origin',(1.8896446609405,-1.93964466094049,1.75));
#5611=CARTESIAN_POINT('',(1.47322330470319,-2.42677669529645,1.75));
#5612=CARTESIAN_POINT('Origin',(1.43786796564386,-2.39142135623713,1.75));
#5613=CARTESIAN_POINT('',(1.92499999999983,-1.97499999999982,1.75));
#5614=CARTESIAN_POINT('Origin',(1.29644660940655,-2.24999999999982,1.75));
#5615=CARTESIAN_POINT('',(1.29644660940655,-2.49999999999982,1.75));
#5616=CARTESIAN_POINT('Origin',(1.29644660940655,-2.44999999999982,1.75));
#5617=CARTESIAN_POINT('Origin',(1.29644660940655,-2.24999999999982,1.75));
#5618=CARTESIAN_POINT('Origin',(-1.20000000000004,-2.44999999999982,1.75));
#5619=CARTESIAN_POINT('',(-1.29644660940673,-2.49999999999982,1.75));
#5620=CARTESIAN_POINT('Origin',(-1.29644660940673,-2.44999999999982,1.75));
#5621=CARTESIAN_POINT('',(-1.20000000000004,-2.49999999999982,1.75));
#5622=CARTESIAN_POINT('Origin',(-1.29644660940673,-2.24999999999982,1.75));
#5623=CARTESIAN_POINT('',(-1.47322330470336,-2.42677669529645,1.75));
#5624=CARTESIAN_POINT('Origin',(-1.43786796564404,-2.39142135623713,1.75));
#5625=CARTESIAN_POINT('Origin',(-1.29644660940673,-2.24999999999982,1.75));
#5626=CARTESIAN_POINT('Origin',(-1.88964466094067,-1.93964466094049,1.75));
#5627=CARTESIAN_POINT('',(-2.32677669529664,-1.57322330470318,1.75));
#5628=CARTESIAN_POINT('Origin',(-2.29142135623731,-1.53786796564385,1.75));
#5629=CARTESIAN_POINT('',(-1.925,-1.97499999999982,1.75));
#5630=CARTESIAN_POINT('Origin',(-2.15,-1.39644660940654,1.75));
#5631=CARTESIAN_POINT('',(-2.4,-1.39644660940654,1.75));
#5632=CARTESIAN_POINT('Origin',(-2.35,-1.39644660940654,1.75));
#5633=CARTESIAN_POINT('Origin',(-2.15,-1.39644660940654,1.75));
#5634=CARTESIAN_POINT('Origin',(-2.35,1.25000000000004,1.75));
#5635=CARTESIAN_POINT('',(-2.4,1.39644660940673,1.75));
#5636=CARTESIAN_POINT('Origin',(-2.35,1.39644660940673,1.75));
#5637=CARTESIAN_POINT('',(-2.4,1.25000000000004,1.75));
#5638=CARTESIAN_POINT('Origin',(-2.15,1.39644660940673,1.75));
#5639=CARTESIAN_POINT('',(-2.32677669529664,1.57322330470336,1.75));
#5640=CARTESIAN_POINT('Origin',(-2.29142135623731,1.53786796564403,1.75));
#5641=CARTESIAN_POINT('Origin',(-2.15,1.39644660940673,1.75));
#5642=CARTESIAN_POINT('Origin',(-1.88964466094067,1.93964466094067,1.75));
#5643=CARTESIAN_POINT('',(-1.47322330470336,2.42677669529664,1.75));
#5644=CARTESIAN_POINT('Origin',(-1.43786796564404,2.39142135623731,1.75));
#5645=CARTESIAN_POINT('',(-1.925,1.975,1.75));
#5646=CARTESIAN_POINT('Origin',(-1.29644660940673,2.25,1.75));
#5647=CARTESIAN_POINT('',(-1.29644660940673,2.5,1.75));
#5648=CARTESIAN_POINT('Origin',(-1.29644660940673,2.45,1.75));
#5649=CARTESIAN_POINT('Origin',(-1.29644660940673,2.25,1.75));
#5650=CARTESIAN_POINT('Origin',(1.19999999999987,2.45,1.75));
#5651=CARTESIAN_POINT('',(1.29644660940655,2.5,1.75));
#5652=CARTESIAN_POINT('Origin',(1.29644660940655,2.45,1.75));
#5653=CARTESIAN_POINT('',(1.19999999999987,2.5,1.75));
#5654=CARTESIAN_POINT('Origin',(1.29644660940655,2.25,1.75));
#5655=CARTESIAN_POINT('',(1.47322330470319,2.42677669529664,1.75));
#5656=CARTESIAN_POINT('Origin',(1.43786796564386,2.39142135623731,1.75));
#5657=CARTESIAN_POINT('Origin',(1.29644660940655,2.25,1.75));
#5658=CARTESIAN_POINT('Origin',(1.8896446609405,1.93964466094067,1.75));
#5659=CARTESIAN_POINT('',(2.32677669529646,1.57322330470336,1.75));
#5660=CARTESIAN_POINT('Origin',(2.29142135623714,1.53786796564404,1.75));
#5661=CARTESIAN_POINT('',(1.92499999999983,1.975,1.75));
#5662=CARTESIAN_POINT('Origin',(2.14999999999983,1.39644660940673,1.75));
#5663=CARTESIAN_POINT('',(2.39999999999983,1.39644660940673,1.75));
#5664=CARTESIAN_POINT('Origin',(2.34999999999983,1.39644660940673,1.75));
#5665=CARTESIAN_POINT('Origin',(2.14999999999983,1.39644660940673,1.75));
#5666=CARTESIAN_POINT('Origin',(2.34999999999983,-1.24999999999986,1.75));
#5667=CARTESIAN_POINT('',(2.39999999999983,-1.24999999999986,1.75));
#5668=CARTESIAN_POINT('Origin',(-1.9,2.,1.5));
#5669=CARTESIAN_POINT('',(-1.47322330470336,2.42677669529664,1.55));
#5670=CARTESIAN_POINT('',(-1.47322330470336,2.42677669529664,1.5));
#5671=CARTESIAN_POINT('',(-2.32677669529664,1.57322330470336,1.55));
#5672=CARTESIAN_POINT('',(-1.925,1.975,1.55));
#5673=CARTESIAN_POINT('',(-2.32677669529664,1.57322330470336,1.5));
#5674=CARTESIAN_POINT('Origin',(-1.29644660940673,2.25,1.5));
#5675=CARTESIAN_POINT('',(-1.29644660940673,2.5,1.55));
#5676=CARTESIAN_POINT('',(-1.29644660940673,2.5,1.5));
#5677=CARTESIAN_POINT('Origin',(-1.29644660940673,2.25,1.55));
#5678=CARTESIAN_POINT('Origin',(2.39999999999983,2.5,1.5));
#5679=CARTESIAN_POINT('',(1.29644660940655,2.5,1.55));
#5680=CARTESIAN_POINT('',(1.29644660940655,2.5,1.5));
#5681=CARTESIAN_POINT('',(1.19999999999987,2.5,1.55));
#5682=CARTESIAN_POINT('Origin',(1.29644660940655,2.25,1.5));
#5683=CARTESIAN_POINT('',(1.47322330470319,2.42677669529664,1.55));
#5684=CARTESIAN_POINT('',(1.47322330470319,2.42677669529664,1.5));
#5685=CARTESIAN_POINT('Origin',(1.29644660940655,2.25,1.55));
#5686=CARTESIAN_POINT('Origin',(1.89999999999983,2.,1.5));
#5687=CARTESIAN_POINT('',(2.32677669529646,1.57322330470336,1.55));
#5688=CARTESIAN_POINT('',(2.32677669529646,1.57322330470336,1.5));
#5689=CARTESIAN_POINT('',(1.92499999999983,1.975,1.55));
#5690=CARTESIAN_POINT('Origin',(2.14999999999983,1.39644660940673,1.5));
#5691=CARTESIAN_POINT('',(2.39999999999983,1.39644660940673,1.55));
#5692=CARTESIAN_POINT('',(2.39999999999983,1.39644660940673,1.5));
#5693=CARTESIAN_POINT('Origin',(2.14999999999983,1.39644660940673,1.55));
#5694=CARTESIAN_POINT('Origin',(2.39999999999983,-2.49999999999982,1.5));
#5695=CARTESIAN_POINT('',(2.39999999999983,-1.39644660940654,1.55));
#5696=CARTESIAN_POINT('',(2.39999999999983,-1.39644660940654,1.5));
#5697=CARTESIAN_POINT('',(2.39999999999983,-1.24999999999986,1.55));
#5698=CARTESIAN_POINT('Origin',(2.14999999999983,-1.39644660940654,1.5));
#5699=CARTESIAN_POINT('',(2.32677669529646,-1.57322330470318,1.55));
#5700=CARTESIAN_POINT('',(2.32677669529646,-1.57322330470318,1.5));
#5701=CARTESIAN_POINT('Origin',(2.14999999999983,-1.39644660940654,1.55));
#5702=CARTESIAN_POINT('Origin',(-8.71525074330748E-14,9.10382880192628E-14,
1.8));
#5703=CARTESIAN_POINT('Origin',(2.25,2.25,0.15));
#5704=CARTESIAN_POINT('',(2.25,2.45,0.1));
#5705=CARTESIAN_POINT('',(2.25,2.5,0.15));
#5706=CARTESIAN_POINT('Origin',(2.25,2.45,0.15));
#5707=CARTESIAN_POINT('',(2.47912878474779,2.35,0.15));
#5708=CARTESIAN_POINT('Origin',(2.25,2.25,0.15));
#5709=CARTESIAN_POINT('',(2.42320508075689,2.35,0.1));
#5710=CARTESIAN_POINT('Ctrl Pts',(2.42320508075689,2.35,0.1));
#5711=CARTESIAN_POINT('Ctrl Pts',(2.43052280625303,2.35,0.1));
#5712=CARTESIAN_POINT('Ctrl Pts',(2.43916964854057,2.35,0.101530631152043));
#5713=CARTESIAN_POINT('Ctrl Pts',(2.45222030286949,2.35,0.106612093481254));
#5714=CARTESIAN_POINT('Ctrl Pts',(2.45904566546443,2.35,0.11083243308236));
#5715=CARTESIAN_POINT('Ctrl Pts',(2.46843641839181,2.35,0.119721550517436));
#5716=CARTESIAN_POINT('Ctrl Pts',(2.47278533386018,2.35,0.125822197047171));
#5717=CARTESIAN_POINT('Ctrl Pts',(2.47765113754452,2.35,0.137023008383213));
#5718=CARTESIAN_POINT('Ctrl Pts',(2.47912878474779,2.35,0.144031330574162));
#5719=CARTESIAN_POINT('Ctrl Pts',(2.47912878474779,2.35,0.15));
#5720=CARTESIAN_POINT('Origin',(2.25,2.25,0.1));
#5721=CARTESIAN_POINT('Origin',(1.25,2.45,0.15));
#5722=CARTESIAN_POINT('',(1.25384037829903,2.45,0.1));
#5723=CARTESIAN_POINT('',(1.25384037829903,2.5,0.15));
#5724=CARTESIAN_POINT('Origin',(1.25384037829903,2.45,0.15));
#5725=CARTESIAN_POINT('',(1.25,2.5,0.15));
#5726=CARTESIAN_POINT('',(1.25,2.45,0.1));
#5727=CARTESIAN_POINT('Origin',(1.25384037829903,2.25,0.15));
#5728=CARTESIAN_POINT('',(1.15384037829903,2.42320508075689,0.1));
#5729=CARTESIAN_POINT('',(1.12884037829903,2.46650635094611,0.15));
#5730=CARTESIAN_POINT('Origin',(1.15384037829903,2.42320508075689,0.15));
#5731=CARTESIAN_POINT('Origin',(1.25384037829903,2.25,0.15));
#5732=CARTESIAN_POINT('Origin',(1.25384037829903,2.25,0.1));
#5733=CARTESIAN_POINT('Origin',(0.225517297754259,1.88723750030942,0.15));
#5734=CARTESIAN_POINT('',(0.999999999999999,2.33438529693371,0.1));
#5735=CARTESIAN_POINT('',(0.999999999999999,2.35,0.101863363369326));
#5736=CARTESIAN_POINT('Origin',(0.999999999999999,2.33438529693371,0.15));
#5737=CARTESIAN_POINT('',(0.923455620569697,2.29019237886467,0.1));
#5738=CARTESIAN_POINT('',(0.225517297754259,1.88723750030942,0.1));
#5739=CARTESIAN_POINT('',(0.898455620569697,2.33349364905389,0.15));
#5740=CARTESIAN_POINT('Origin',(0.923455620569697,2.29019237886467,0.15));
#5741=CARTESIAN_POINT('',(0.200517297754259,1.93053877049864,0.15));
#5742=CARTESIAN_POINT('',(1.02704545905592,2.35,0.1));
#5743=CARTESIAN_POINT('',(0.225517297754259,1.88723750030942,0.1));
#5744=CARTESIAN_POINT('Origin',(1.02704545905592,2.35,0.15));
#5745=CARTESIAN_POINT('Origin',(0.773455620569697,2.55,0.15));
#5746=CARTESIAN_POINT('',(0.773455620569697,2.25,0.1));
#5747=CARTESIAN_POINT('',(0.773455620569697,2.3,0.15));
#5748=CARTESIAN_POINT('Origin',(0.773455620569697,2.25,0.15));
#5749=CARTESIAN_POINT('Origin',(0.773455620569697,2.55,0.15));
#5750=CARTESIAN_POINT('Origin',(0.773455620569697,2.55,0.1));
#5751=CARTESIAN_POINT('Origin',(0.420221459338739,2.25,0.15));
#5752=CARTESIAN_POINT('',(-0.773455620569697,2.25,0.1));
#5753=CARTESIAN_POINT('',(-0.773455620569697,2.3,0.15));
#5754=CARTESIAN_POINT('Origin',(-0.773455620569697,2.25,0.15));
#5755=CARTESIAN_POINT('',(0.420221459338739,2.3,0.15));
#5756=CARTESIAN_POINT('',(0.420221459338739,2.25,0.1));
#5757=CARTESIAN_POINT('Origin',(-0.773455620569697,2.55,0.15));
#5758=CARTESIAN_POINT('',(-0.923455620569697,2.29019237886467,0.1));
#5759=CARTESIAN_POINT('',(-0.898455620569697,2.33349364905389,0.15));
#5760=CARTESIAN_POINT('Origin',(-0.923455620569697,2.29019237886467,0.15));
#5761=CARTESIAN_POINT('Origin',(-0.773455620569697,2.55,0.15));
#5762=CARTESIAN_POINT('Origin',(-0.773455620569697,2.55,0.1));
#5763=CARTESIAN_POINT('Origin',(-0.0523122169973708,1.78723750030942,0.15));
#5764=CARTESIAN_POINT('',(-1.02704545905592,2.35,0.1));
#5765=CARTESIAN_POINT('',(-1.,2.35,0.101863363369325));
#5766=CARTESIAN_POINT('Origin',(-1.02704545905592,2.35,0.15));
#5767=CARTESIAN_POINT('',(-1.15384037829903,2.42320508075689,0.1));
#5768=CARTESIAN_POINT('',(-0.0523122169973708,1.78723750030942,0.1));
#5769=CARTESIAN_POINT('',(-1.12884037829903,2.46650635094611,0.15));
#5770=CARTESIAN_POINT('Origin',(-1.15384037829903,2.42320508075689,0.15));
#5771=CARTESIAN_POINT('',(-0.0273122169973708,1.83053877049864,0.15));
#5772=CARTESIAN_POINT('',(-1.,2.33438529693371,0.1));
#5773=CARTESIAN_POINT('',(-0.0523122169973708,1.78723750030942,0.1));
#5774=CARTESIAN_POINT('Origin',(-1.,2.33438529693371,0.15));
#5775=CARTESIAN_POINT('Origin',(-1.25384037829903,2.25,0.15));
#5776=CARTESIAN_POINT('',(-1.25384037829903,2.45,0.1));
#5777=CARTESIAN_POINT('',(-1.25384037829903,2.5,0.15));
#5778=CARTESIAN_POINT('Origin',(-1.25384037829903,2.45,0.15));
#5779=CARTESIAN_POINT('Origin',(-1.25384037829903,2.25,0.15));
#5780=CARTESIAN_POINT('Origin',(-1.25384037829903,2.25,0.1));
#5781=CARTESIAN_POINT('Origin',(-0.593426540095626,2.45,0.15));
#5782=CARTESIAN_POINT('',(-2.25,2.45,0.1));
#5783=CARTESIAN_POINT('',(-2.25,2.5,0.15));
#5784=CARTESIAN_POINT('Origin',(-2.25,2.45,0.15));
#5785=CARTESIAN_POINT('',(-0.593426540095626,2.5,0.15));
#5786=CARTESIAN_POINT('',(-0.593426540095626,2.45,0.1));
#5787=CARTESIAN_POINT('Origin',(-2.25,2.25,0.15));
#5788=CARTESIAN_POINT('',(-2.42320508075689,2.35,0.1));
#5789=CARTESIAN_POINT('',(-2.47912878474779,2.35,0.15));
#5790=CARTESIAN_POINT('Ctrl Pts',(-2.47912878474779,2.35,0.15));
#5791=CARTESIAN_POINT('Ctrl Pts',(-2.47912878474779,2.35,0.144031330574162));
#5792=CARTESIAN_POINT('Ctrl Pts',(-2.47765113754452,2.35,0.137023008383213));
#5793=CARTESIAN_POINT('Ctrl Pts',(-2.47278533386018,2.35,0.125822197047171));
#5794=CARTESIAN_POINT('Ctrl Pts',(-2.46843641839181,2.35,0.119721550517436));
#5795=CARTESIAN_POINT('Ctrl Pts',(-2.45904566546443,2.35,0.11083243308236));
#5796=CARTESIAN_POINT('Ctrl Pts',(-2.45222030286949,2.35,0.106612093481254));
#5797=CARTESIAN_POINT('Ctrl Pts',(-2.43916964854057,2.35,0.101530631152043));
#5798=CARTESIAN_POINT('Ctrl Pts',(-2.43052280625303,2.35,0.1));
#5799=CARTESIAN_POINT('Ctrl Pts',(-2.42320508075689,2.35,0.1));
#5800=CARTESIAN_POINT('Origin',(-2.25,2.25,0.15));
#5801=CARTESIAN_POINT('Origin',(-2.25,2.25,0.1));
#5802=CARTESIAN_POINT('Origin',(0.,0.,0.1));
#5803=CARTESIAN_POINT('',(1.,-2.33438529693371,0.1));
#5804=CARTESIAN_POINT('',(1.,-2.35,0.1));
#5805=CARTESIAN_POINT('',(0.923455620569697,-2.29019237886467,0.1));
#5806=CARTESIAN_POINT('',(0.052312216997371,-1.78723750030942,0.1));
#5807=CARTESIAN_POINT('',(0.773455620569697,-2.25,0.1));
#5808=CARTESIAN_POINT('Origin',(0.773455620569697,-2.55,0.1));
#5809=CARTESIAN_POINT('',(-0.773455620569697,-2.25,0.1));
#5810=CARTESIAN_POINT('',(-0.420221459338739,-2.25,0.1));
#5811=CARTESIAN_POINT('',(-0.923455620569697,-2.29019237886467,0.1));
#5812=CARTESIAN_POINT('Origin',(-0.773455620569697,-2.55,0.1));
#5813=CARTESIAN_POINT('',(-1.,-2.33438529693371,0.1));
#5814=CARTESIAN_POINT('',(-0.225517297754259,-1.88723750030942,0.1));
#5815=CARTESIAN_POINT('',(-1.,2.35,0.1));
#5816=CARTESIAN_POINT('Origin',(0.,0.,0.1));
#5817=CARTESIAN_POINT('',(0.999999999999999,2.35,0.1));
#5818=CARTESIAN_POINT('Origin',(0.,0.,0.1));
#5819=CARTESIAN_POINT('',(-2.5,2.35,0.1));
#5820=CARTESIAN_POINT('Origin',(-2.25,-2.25,0.15));
#5821=CARTESIAN_POINT('',(-2.25,-2.45,0.1));
#5822=CARTESIAN_POINT('',(-2.25,-2.5,0.15));
#5823=CARTESIAN_POINT('Origin',(-2.25,-2.45,0.15));
#5824=CARTESIAN_POINT('',(-2.47912878474779,-2.35,0.15));
#5825=CARTESIAN_POINT('Origin',(-2.25,-2.25,0.15));
#5826=CARTESIAN_POINT('',(-2.42320508075689,-2.35,0.1));
#5827=CARTESIAN_POINT('Ctrl Pts',(-2.42320508075689,-2.35,0.1));
#5828=CARTESIAN_POINT('Ctrl Pts',(-2.43052280625303,-2.35,0.1));
#5829=CARTESIAN_POINT('Ctrl Pts',(-2.43916964854057,-2.35,0.101530631152043));
#5830=CARTESIAN_POINT('Ctrl Pts',(-2.45222030286949,-2.35,0.106612093481254));
#5831=CARTESIAN_POINT('Ctrl Pts',(-2.45904566546443,-2.35,0.11083243308236));
#5832=CARTESIAN_POINT('Ctrl Pts',(-2.46843641839181,-2.35,0.119721550517436));
#5833=CARTESIAN_POINT('Ctrl Pts',(-2.47278533386018,-2.35,0.125822197047171));
#5834=CARTESIAN_POINT('Ctrl Pts',(-2.47765113754452,-2.35,0.137023008383213));
#5835=CARTESIAN_POINT('Ctrl Pts',(-2.47912878474779,-2.35,0.144031330574162));
#5836=CARTESIAN_POINT('Ctrl Pts',(-2.47912878474779,-2.35,0.15));
#5837=CARTESIAN_POINT('Origin',(-2.25,-2.25,0.1));
#5838=CARTESIAN_POINT('Origin',(-1.25,-2.45,0.15));
#5839=CARTESIAN_POINT('',(-1.25384037829903,-2.45,0.1));
#5840=CARTESIAN_POINT('',(-1.25384037829903,-2.5,0.15));
#5841=CARTESIAN_POINT('Origin',(-1.25384037829903,-2.45,0.15));
#5842=CARTESIAN_POINT('',(-1.25,-2.5,0.15));
#5843=CARTESIAN_POINT('',(-1.25,-2.45,0.1));
#5844=CARTESIAN_POINT('Origin',(-1.25384037829903,-2.25,0.15));
#5845=CARTESIAN_POINT('',(-1.15384037829903,-2.42320508075689,0.1));
#5846=CARTESIAN_POINT('',(-1.12884037829903,-2.46650635094611,0.15));
#5847=CARTESIAN_POINT('Origin',(-1.15384037829903,-2.42320508075689,0.15));
#5848=CARTESIAN_POINT('Origin',(-1.25384037829903,-2.25,0.15));
#5849=CARTESIAN_POINT('Origin',(-1.25384037829903,-2.25,0.1));
#5850=CARTESIAN_POINT('Origin',(-0.225517297754259,-1.88723750030942,0.15));
#5851=CARTESIAN_POINT('',(-1.,-2.35,0.101863363369325));
#5852=CARTESIAN_POINT('Origin',(-1.,-2.33438529693371,0.15));
#5853=CARTESIAN_POINT('',(-0.898455620569697,-2.33349364905389,0.15));
#5854=CARTESIAN_POINT('Origin',(-0.923455620569697,-2.29019237886467,0.15));
#5855=CARTESIAN_POINT('',(-0.200517297754259,-1.93053877049864,0.15));
#5856=CARTESIAN_POINT('',(-1.02704545905592,-2.35,0.1));
#5857=CARTESIAN_POINT('',(-0.225517297754259,-1.88723750030942,0.1));
#5858=CARTESIAN_POINT('Origin',(-1.02704545905592,-2.35,0.15));
#5859=CARTESIAN_POINT('Origin',(-0.773455620569697,-2.55,0.15));
#5860=CARTESIAN_POINT('',(-0.773455620569697,-2.3,0.15));
#5861=CARTESIAN_POINT('Origin',(-0.773455620569697,-2.25,0.15));
#5862=CARTESIAN_POINT('Origin',(-0.773455620569697,-2.55,0.15));
#5863=CARTESIAN_POINT('Origin',(-0.420221459338739,-2.25,0.15));
#5864=CARTESIAN_POINT('',(0.773455620569697,-2.3,0.15));
#5865=CARTESIAN_POINT('Origin',(0.773455620569697,-2.25,0.15));
#5866=CARTESIAN_POINT('',(-0.420221459338739,-2.3,0.15));
#5867=CARTESIAN_POINT('Origin',(0.773455620569697,-2.55,0.15));
#5868=CARTESIAN_POINT('',(0.898455620569697,-2.33349364905389,0.15));
#5869=CARTESIAN_POINT('Origin',(0.923455620569697,-2.29019237886467,0.15));
#5870=CARTESIAN_POINT('Origin',(0.773455620569697,-2.55,0.15));
#5871=CARTESIAN_POINT('Origin',(0.052312216997371,-1.78723750030942,0.15));
#5872=CARTESIAN_POINT('',(1.02704545905592,-2.35,0.1));
#5873=CARTESIAN_POINT('',(1.,-2.35,0.101863363369325));
#5874=CARTESIAN_POINT('Origin',(1.02704545905592,-2.35,0.15));
#5875=CARTESIAN_POINT('',(1.15384037829903,-2.42320508075689,0.1));
#5876=CARTESIAN_POINT('',(0.052312216997371,-1.78723750030942,0.1));
#5877=CARTESIAN_POINT('',(1.12884037829903,-2.46650635094611,0.15));
#5878=CARTESIAN_POINT('Origin',(1.15384037829903,-2.42320508075689,0.15));
#5879=CARTESIAN_POINT('',(0.0273122169973711,-1.83053877049864,0.15));
#5880=CARTESIAN_POINT('Origin',(1.,-2.33438529693371,0.15));
#5881=CARTESIAN_POINT('Origin',(1.25384037829903,-2.25,0.15));
#5882=CARTESIAN_POINT('',(1.25384037829903,-2.45,0.1));
#5883=CARTESIAN_POINT('',(1.25384037829903,-2.5,0.15));
#5884=CARTESIAN_POINT('Origin',(1.25384037829903,-2.45,0.15));
#5885=CARTESIAN_POINT('Origin',(1.25384037829903,-2.25,0.15));
#5886=CARTESIAN_POINT('Origin',(1.25384037829903,-2.25,0.1));
#5887=CARTESIAN_POINT('Origin',(0.593426540095626,-2.45,0.15));
#5888=CARTESIAN_POINT('',(2.25,-2.45,0.1));
#5889=CARTESIAN_POINT('',(2.25,-2.5,0.15));
#5890=CARTESIAN_POINT('Origin',(2.25,-2.45,0.15));
#5891=CARTESIAN_POINT('',(0.593426540095626,-2.5,0.15));
#5892=CARTESIAN_POINT('',(0.593426540095626,-2.45,0.1));
#5893=CARTESIAN_POINT('Origin',(2.25,-2.25,0.15));
#5894=CARTESIAN_POINT('',(2.42320508075689,-2.35,0.1));
#5895=CARTESIAN_POINT('',(2.47912878474779,-2.35,0.15));
#5896=CARTESIAN_POINT('Ctrl Pts',(2.47912878474779,-2.35,0.15));
#5897=CARTESIAN_POINT('Ctrl Pts',(2.47912878474779,-2.35,0.144031330574162));
#5898=CARTESIAN_POINT('Ctrl Pts',(2.47765113754452,-2.35,0.137023008383213));
#5899=CARTESIAN_POINT('Ctrl Pts',(2.47278533386018,-2.35,0.125822197047171));
#5900=CARTESIAN_POINT('Ctrl Pts',(2.46843641839181,-2.35,0.119721550517436));
#5901=CARTESIAN_POINT('Ctrl Pts',(2.45904566546443,-2.35,0.11083243308236));
#5902=CARTESIAN_POINT('Ctrl Pts',(2.45222030286949,-2.35,0.106612093481254));
#5903=CARTESIAN_POINT('Ctrl Pts',(2.43916964854057,-2.35,0.101530631152043));
#5904=CARTESIAN_POINT('Ctrl Pts',(2.43052280625303,-2.35,0.1));
#5905=CARTESIAN_POINT('Ctrl Pts',(2.42320508075689,-2.35,0.1));
#5906=CARTESIAN_POINT('Origin',(2.25,-2.25,0.15));
#5907=CARTESIAN_POINT('Origin',(2.25,-2.25,0.1));
#5908=CARTESIAN_POINT('Origin',(0.,0.,0.1));
#5909=CARTESIAN_POINT('',(-1.,-2.35,0.1));
#5910=CARTESIAN_POINT('Origin',(0.,0.,0.1));
#5911=CARTESIAN_POINT('',(2.5,-2.35,0.1));
#5912=CARTESIAN_POINT('Origin',(-1.29644660940673,-2.24999999999982,1.55));
#5913=CARTESIAN_POINT('',(-1.47322330470336,-2.42677669529645,1.55));
#5914=CARTESIAN_POINT('',(-1.43786796564404,-2.39142135623713,1.5));
#5915=CARTESIAN_POINT('Origin',(-1.43786796564404,-2.39142135623713,1.55));
#5916=CARTESIAN_POINT('',(-1.29644660940673,-2.44999999999982,1.5));
#5917=CARTESIAN_POINT('Origin',(-1.29644660940673,-2.24999999999982,1.5));
#5918=CARTESIAN_POINT('',(-1.29644660940673,-2.49999999999982,1.55));
#5919=CARTESIAN_POINT('Origin',(-1.29644660940673,-2.44999999999982,1.55));
#5920=CARTESIAN_POINT('Origin',(-1.29644660940673,-2.24999999999982,1.55));
#5921=CARTESIAN_POINT('Origin',(-1.20000000000004,-2.44999999999982,1.55));
#5922=CARTESIAN_POINT('',(1.29644660940655,-2.44999999999982,1.5));
#5923=CARTESIAN_POINT('',(1.29644660940655,-2.49999999999982,1.55));
#5924=CARTESIAN_POINT('Origin',(1.29644660940655,-2.44999999999982,1.55));
#5925=CARTESIAN_POINT('',(-1.20000000000004,-2.49999999999982,1.55));
#5926=CARTESIAN_POINT('',(-1.20000000000004,-2.44999999999982,1.5));
#5927=CARTESIAN_POINT('Origin',(1.29644660940655,-2.24999999999982,1.55));
#5928=CARTESIAN_POINT('',(1.43786796564386,-2.39142135623713,1.5));
#5929=CARTESIAN_POINT('',(1.47322330470319,-2.42677669529645,1.55));
#5930=CARTESIAN_POINT('Origin',(1.43786796564386,-2.39142135623713,1.55));
#5931=CARTESIAN_POINT('Origin',(1.29644660940655,-2.24999999999982,1.55));
#5932=CARTESIAN_POINT('Origin',(1.29644660940655,-2.24999999999982,1.5));
#5933=CARTESIAN_POINT('Origin',(1.8896446609405,-1.93964466094049,1.55));
#5934=CARTESIAN_POINT('',(2.29142135623714,-1.53786796564385,1.5));
#5935=CARTESIAN_POINT('Origin',(2.29142135623714,-1.53786796564385,1.55));
#5936=CARTESIAN_POINT('',(1.92499999999983,-1.97499999999982,1.55));
#5937=CARTESIAN_POINT('',(1.8896446609405,-1.93964466094049,1.5));
#5938=CARTESIAN_POINT('Origin',(2.14999999999983,-1.39644660940654,1.55));
#5939=CARTESIAN_POINT('',(2.34999999999983,-1.39644660940654,1.5));
#5940=CARTESIAN_POINT('Origin',(2.34999999999983,-1.39644660940654,1.55));
#5941=CARTESIAN_POINT('Origin',(2.14999999999983,-1.39644660940654,1.5));
#5942=CARTESIAN_POINT('Origin',(2.34999999999983,-1.24999999999986,1.55));
#5943=CARTESIAN_POINT('',(2.34999999999983,1.39644660940673,1.5));
#5944=CARTESIAN_POINT('Origin',(2.34999999999983,1.39644660940673,1.55));
#5945=CARTESIAN_POINT('',(2.34999999999983,-1.24999999999986,1.5));
#5946=CARTESIAN_POINT('Origin',(2.14999999999983,1.39644660940673,1.55));
#5947=CARTESIAN_POINT('',(2.29142135623714,1.53786796564404,1.5));
#5948=CARTESIAN_POINT('Origin',(2.29142135623714,1.53786796564404,1.55));
#5949=CARTESIAN_POINT('Origin',(2.14999999999983,1.39644660940673,1.5));
#5950=CARTESIAN_POINT('Origin',(1.8896446609405,1.93964466094067,1.55));
#5951=CARTESIAN_POINT('',(1.43786796564386,2.39142135623731,1.5));
#5952=CARTESIAN_POINT('Origin',(1.43786796564386,2.39142135623731,1.55));
#5953=CARTESIAN_POINT('',(1.8896446609405,1.93964466094067,1.5));
#5954=CARTESIAN_POINT('Origin',(1.29644660940655,2.25,1.55));
#5955=CARTESIAN_POINT('',(1.29644660940655,2.45,1.5));
#5956=CARTESIAN_POINT('Origin',(1.29644660940655,2.45,1.55));
#5957=CARTESIAN_POINT('Origin',(1.29644660940655,2.25,1.5));
#5958=CARTESIAN_POINT('Origin',(1.19999999999987,2.45,1.55));
#5959=CARTESIAN_POINT('',(-1.29644660940673,2.45,1.5));
#5960=CARTESIAN_POINT('Origin',(-1.29644660940673,2.45,1.55));
#5961=CARTESIAN_POINT('',(1.19999999999987,2.45,1.5));
#5962=CARTESIAN_POINT('Origin',(-1.29644660940673,2.25,1.55));
#5963=CARTESIAN_POINT('',(-1.43786796564404,2.39142135623731,1.5));
#5964=CARTESIAN_POINT('Origin',(-1.43786796564404,2.39142135623731,1.55));
#5965=CARTESIAN_POINT('Origin',(-1.29644660940673,2.25,1.5));
#5966=CARTESIAN_POINT('Origin',(-1.88964466094067,1.93964466094067,1.55));
#5967=CARTESIAN_POINT('',(-2.29142135623731,1.53786796564403,1.5));
#5968=CARTESIAN_POINT('Origin',(-2.29142135623731,1.53786796564403,1.55));
#5969=CARTESIAN_POINT('',(-1.88964466094067,1.93964466094067,1.5));
#5970=CARTESIAN_POINT('Origin',(-2.15,1.39644660940673,1.55));
#5971=CARTESIAN_POINT('',(-2.35,1.39644660940673,1.5));
#5972=CARTESIAN_POINT('',(-2.4,1.39644660940673,1.55));
#5973=CARTESIAN_POINT('Origin',(-2.35,1.39644660940673,1.55));
#5974=CARTESIAN_POINT('Origin',(-2.15,1.39644660940673,1.55));
#5975=CARTESIAN_POINT('Origin',(-2.15,1.39644660940673,1.5));
#5976=CARTESIAN_POINT('Origin',(-2.35,1.25000000000004,1.55));
#5977=CARTESIAN_POINT('',(-2.35,-1.39644660940654,1.5));
#5978=CARTESIAN_POINT('',(-2.4,-1.39644660940654,1.55));
#5979=CARTESIAN_POINT('Origin',(-2.35,-1.39644660940654,1.55));
#5980=CARTESIAN_POINT('',(-2.4,1.25000000000004,1.55));
#5981=CARTESIAN_POINT('',(-2.35,1.25000000000004,1.5));
#5982=CARTESIAN_POINT('Origin',(-2.15,-1.39644660940654,1.55));
#5983=CARTESIAN_POINT('',(-2.29142135623731,-1.53786796564385,1.5));
#5984=CARTESIAN_POINT('',(-2.32677669529664,-1.57322330470318,1.55));
#5985=CARTESIAN_POINT('Origin',(-2.29142135623731,-1.53786796564385,1.55));
#5986=CARTESIAN_POINT('Origin',(-2.15,-1.39644660940654,1.55));
#5987=CARTESIAN_POINT('Origin',(-2.15,-1.39644660940654,1.5));
#5988=CARTESIAN_POINT('Origin',(-1.88964466094067,-1.93964466094049,1.55));
#5989=CARTESIAN_POINT('',(-1.925,-1.97499999999982,1.55));
#5990=CARTESIAN_POINT('',(-1.88964466094067,-1.93964466094049,1.5));
#5991=CARTESIAN_POINT('Origin',(-2.15,1.39644660940673,1.5));
#5992=CARTESIAN_POINT('',(-2.4,1.39644660940673,1.5));
#5993=CARTESIAN_POINT('Origin',(-2.4,2.5,1.5));
#5994=CARTESIAN_POINT('',(-2.4,-1.39644660940654,1.5));
#5995=CARTESIAN_POINT('Origin',(-2.15,-1.39644660940654,1.5));
#5996=CARTESIAN_POINT('',(-2.32677669529664,-1.57322330470318,1.5));
#5997=CARTESIAN_POINT('Origin',(-1.9,-1.99999999999982,1.5));
#5998=CARTESIAN_POINT('',(-1.47322330470336,-2.42677669529645,1.5));
#5999=CARTESIAN_POINT('Origin',(-1.29644660940673,-2.24999999999982,1.5));
#6000=CARTESIAN_POINT('',(-1.29644660940673,-2.49999999999982,1.5));
#6001=CARTESIAN_POINT('Origin',(-8.71525074330748E-14,9.10382880192628E-14,
1.5));
#6002=CARTESIAN_POINT('',(2.25,2.75545529808154E-16,1.5));
#6003=CARTESIAN_POINT('Origin',(0.,0.,1.5));
#6004=CARTESIAN_POINT('Origin',(2.25,2.25,0.35));
#6005=CARTESIAN_POINT('',(2.25,2.5,0.35));
#6006=CARTESIAN_POINT('',(2.25,2.45,0.4));
#6007=CARTESIAN_POINT('Origin',(2.25,2.45,0.35));
#6008=CARTESIAN_POINT('',(2.45,2.25,0.4));
#6009=CARTESIAN_POINT('Origin',(2.25,2.25,0.4));
#6010=CARTESIAN_POINT('',(2.5,2.25,0.35));
#6011=CARTESIAN_POINT('Origin',(2.45,2.25,0.35));
#6012=CARTESIAN_POINT('Origin',(2.25,2.25,0.35));
#6013=CARTESIAN_POINT('Origin',(2.45,-1.175,0.35));
#6014=CARTESIAN_POINT('',(2.45,-2.25,0.4));
#6015=CARTESIAN_POINT('',(2.5,-2.25,0.35));
#6016=CARTESIAN_POINT('Origin',(2.45,-2.25,0.35));
#6017=CARTESIAN_POINT('',(2.5,-1.175,0.35));
#6018=CARTESIAN_POINT('',(2.45,-1.175,0.4));
#6019=CARTESIAN_POINT('Origin',(2.25,-2.25,0.35));
#6020=CARTESIAN_POINT('',(2.25,-2.45,0.4));
#6021=CARTESIAN_POINT('',(2.25,-2.5,0.35));
#6022=CARTESIAN_POINT('Origin',(2.25,-2.45,0.35));
#6023=CARTESIAN_POINT('Origin',(2.25,-2.25,0.35));
#6024=CARTESIAN_POINT('Origin',(2.25,-2.25,0.4));
#6025=CARTESIAN_POINT('Origin',(0.593426540095626,-2.45,0.35));
#6026=CARTESIAN_POINT('',(1.25384037829903,-2.45,0.4));
#6027=CARTESIAN_POINT('',(1.25384037829903,-2.5,0.35));
#6028=CARTESIAN_POINT('Origin',(1.25384037829903,-2.45,0.35));
#6029=CARTESIAN_POINT('',(0.593426540095626,-2.5,0.35));
#6030=CARTESIAN_POINT('',(0.593426540095626,-2.45,0.4));
#6031=CARTESIAN_POINT('Origin',(1.25384037829903,-2.25,0.35));
#6032=CARTESIAN_POINT('',(1.15384037829903,-2.42320508075689,0.4));
#6033=CARTESIAN_POINT('',(1.12884037829903,-2.46650635094611,0.35));
#6034=CARTESIAN_POINT('Origin',(1.15384037829903,-2.42320508075689,0.35));
#6035=CARTESIAN_POINT('Origin',(1.25384037829903,-2.25,0.35));
#6036=CARTESIAN_POINT('Origin',(1.25384037829903,-2.25,0.4));
#6037=CARTESIAN_POINT('Origin',(0.052312216997371,-1.78723750030942,0.35));
#6038=CARTESIAN_POINT('',(0.923455620569697,-2.29019237886467,0.4));
#6039=CARTESIAN_POINT('',(0.898455620569697,-2.33349364905389,0.35));
#6040=CARTESIAN_POINT('Origin',(0.923455620569697,-2.29019237886467,0.35));
#6041=CARTESIAN_POINT('',(0.0273122169973711,-1.83053877049864,0.35));
#6042=CARTESIAN_POINT('',(0.052312216997371,-1.78723750030942,0.4));
#6043=CARTESIAN_POINT('Origin',(0.773455620569697,-2.55,0.35));
#6044=CARTESIAN_POINT('',(0.773455620569697,-2.25,0.4));
#6045=CARTESIAN_POINT('',(0.773455620569697,-2.3,0.35));
#6046=CARTESIAN_POINT('Origin',(0.773455620569697,-2.25,0.35));
#6047=CARTESIAN_POINT('Origin',(0.773455620569697,-2.55,0.35));
#6048=CARTESIAN_POINT('Origin',(0.773455620569697,-2.55,0.4));
#6049=CARTESIAN_POINT('Origin',(-0.420221459338739,-2.25,0.35));
#6050=CARTESIAN_POINT('',(-0.773455620569697,-2.25,0.4));
#6051=CARTESIAN_POINT('',(-0.773455620569697,-2.3,0.35));
#6052=CARTESIAN_POINT('Origin',(-0.773455620569697,-2.25,0.35));
#6053=CARTESIAN_POINT('',(-0.420221459338739,-2.3,0.35));
#6054=CARTESIAN_POINT('',(0.,-2.25,0.4));
#6055=CARTESIAN_POINT('',(-0.420221459338739,-2.25,0.4));
#6056=CARTESIAN_POINT('',(-0.420221459338739,-2.25,0.4));
#6057=CARTESIAN_POINT('Origin',(-0.773455620569697,-2.55,0.35));
#6058=CARTESIAN_POINT('',(-0.923455620569697,-2.29019237886467,0.4));
#6059=CARTESIAN_POINT('',(-0.898455620569697,-2.33349364905389,0.35));
#6060=CARTESIAN_POINT('Origin',(-0.923455620569697,-2.29019237886467,0.35));
#6061=CARTESIAN_POINT('Origin',(-0.773455620569697,-2.55,0.35));
#6062=CARTESIAN_POINT('Origin',(-0.773455620569697,-2.55,0.4));
#6063=CARTESIAN_POINT('Origin',(-0.225517297754259,-1.88723750030942,0.35));
#6064=CARTESIAN_POINT('',(-1.15384037829903,-2.42320508075689,0.4));
#6065=CARTESIAN_POINT('',(-1.12884037829903,-2.46650635094611,0.35));
#6066=CARTESIAN_POINT('Origin',(-1.15384037829903,-2.42320508075689,0.35));
#6067=CARTESIAN_POINT('',(-0.200517297754259,-1.93053877049864,0.35));
#6068=CARTESIAN_POINT('',(-0.225517297754259,-1.88723750030942,0.4));
#6069=CARTESIAN_POINT('Origin',(-1.25384037829903,-2.25,0.35));
#6070=CARTESIAN_POINT('',(-1.25384037829903,-2.45,0.4));
#6071=CARTESIAN_POINT('',(-1.25384037829903,-2.5,0.35));
#6072=CARTESIAN_POINT('Origin',(-1.25384037829903,-2.45,0.35));
#6073=CARTESIAN_POINT('Origin',(-1.25384037829903,-2.25,0.35));
#6074=CARTESIAN_POINT('Origin',(-1.25384037829903,-2.25,0.4));
#6075=CARTESIAN_POINT('Origin',(-1.25,-2.45,0.35));
#6076=CARTESIAN_POINT('',(-2.25,-2.45,0.4));
#6077=CARTESIAN_POINT('',(-2.25,-2.5,0.35));
#6078=CARTESIAN_POINT('Origin',(-2.25,-2.45,0.35));
#6079=CARTESIAN_POINT('',(-1.25,-2.5,0.35));
#6080=CARTESIAN_POINT('',(-1.25,-2.45,0.4));
#6081=CARTESIAN_POINT('Origin',(-2.25,-2.25,0.35));
#6082=CARTESIAN_POINT('',(-2.45,-2.25,0.4));
#6083=CARTESIAN_POINT('',(-2.5,-2.25,0.35));
#6084=CARTESIAN_POINT('Origin',(-2.45,-2.25,0.35));
#6085=CARTESIAN_POINT('Origin',(-2.25,-2.25,0.35));
#6086=CARTESIAN_POINT('Origin',(-2.25,-2.25,0.4));
#6087=CARTESIAN_POINT('Origin',(-2.45,1.175,0.35));
#6088=CARTESIAN_POINT('',(-2.45,2.25,0.4));
#6089=CARTESIAN_POINT('',(-2.5,2.25,0.35));
#6090=CARTESIAN_POINT('Origin',(-2.45,2.25,0.35));
#6091=CARTESIAN_POINT('',(-2.5,1.175,0.35));
#6092=CARTESIAN_POINT('',(-2.45,1.175,0.4));
#6093=CARTESIAN_POINT('Origin',(-2.25,2.25,0.35));
#6094=CARTESIAN_POINT('',(-2.25,2.45,0.4));
#6095=CARTESIAN_POINT('',(-2.25,2.5,0.35));
#6096=CARTESIAN_POINT('Origin',(-2.25,2.45,0.35));
#6097=CARTESIAN_POINT('Origin',(-2.25,2.25,0.35));
#6098=CARTESIAN_POINT('Origin',(-2.25,2.25,0.4));
#6099=CARTESIAN_POINT('Origin',(-0.593426540095626,2.45,0.35));
#6100=CARTESIAN_POINT('',(-1.25384037829903,2.45,0.4));
#6101=CARTESIAN_POINT('',(-1.25384037829903,2.5,0.35));
#6102=CARTESIAN_POINT('Origin',(-1.25384037829903,2.45,0.35));
#6103=CARTESIAN_POINT('',(-0.593426540095626,2.5,0.35));
#6104=CARTESIAN_POINT('',(-0.593426540095626,2.45,0.4));
#6105=CARTESIAN_POINT('Origin',(-1.25384037829903,2.25,0.35));
#6106=CARTESIAN_POINT('',(-1.15384037829903,2.42320508075689,0.4));
#6107=CARTESIAN_POINT('',(-1.12884037829903,2.46650635094611,0.35));
#6108=CARTESIAN_POINT('Origin',(-1.15384037829903,2.42320508075689,0.35));
#6109=CARTESIAN_POINT('Origin',(-1.25384037829903,2.25,0.35));
#6110=CARTESIAN_POINT('Origin',(-1.25384037829903,2.25,0.4));
#6111=CARTESIAN_POINT('Origin',(-0.0523122169973708,1.78723750030942,0.35));
#6112=CARTESIAN_POINT('',(-0.923455620569697,2.29019237886467,0.4));
#6113=CARTESIAN_POINT('',(-0.898455620569697,2.33349364905389,0.35));
#6114=CARTESIAN_POINT('Origin',(-0.923455620569697,2.29019237886467,0.35));
#6115=CARTESIAN_POINT('',(-0.0273122169973708,1.83053877049864,0.35));
#6116=CARTESIAN_POINT('',(-0.0523122169973708,1.78723750030942,0.4));
#6117=CARTESIAN_POINT('Origin',(-0.773455620569697,2.55,0.35));
#6118=CARTESIAN_POINT('',(-0.773455620569697,2.25,0.4));
#6119=CARTESIAN_POINT('',(-0.773455620569697,2.3,0.35));
#6120=CARTESIAN_POINT('Origin',(-0.773455620569697,2.25,0.35));
#6121=CARTESIAN_POINT('Origin',(-0.773455620569697,2.55,0.35));
#6122=CARTESIAN_POINT('Origin',(-0.773455620569697,2.55,0.4));
#6123=CARTESIAN_POINT('Origin',(0.420221459338739,2.25,0.35));
#6124=CARTESIAN_POINT('',(0.773455620569697,2.25,0.4));
#6125=CARTESIAN_POINT('',(0.773455620569697,2.3,0.35));
#6126=CARTESIAN_POINT('Origin',(0.773455620569697,2.25,0.35));
#6127=CARTESIAN_POINT('',(0.420221459338739,2.3,0.35));
#6128=CARTESIAN_POINT('',(0.,2.25,0.4));
#6129=CARTESIAN_POINT('',(0.420221459338739,2.25,0.4));
#6130=CARTESIAN_POINT('',(0.420221459338739,2.25,0.4));
#6131=CARTESIAN_POINT('Origin',(0.773455620569697,2.55,0.35));
#6132=CARTESIAN_POINT('',(0.923455620569697,2.29019237886467,0.4));
#6133=CARTESIAN_POINT('',(0.898455620569697,2.33349364905389,0.35));
#6134=CARTESIAN_POINT('Origin',(0.923455620569697,2.29019237886467,0.35));
#6135=CARTESIAN_POINT('Origin',(0.773455620569697,2.55,0.35));
#6136=CARTESIAN_POINT('Origin',(0.773455620569697,2.55,0.4));
#6137=CARTESIAN_POINT('Origin',(0.225517297754259,1.88723750030942,0.35));
#6138=CARTESIAN_POINT('',(1.15384037829903,2.42320508075689,0.4));
#6139=CARTESIAN_POINT('',(1.12884037829903,2.46650635094611,0.35));
#6140=CARTESIAN_POINT('Origin',(1.15384037829903,2.42320508075689,0.35));
#6141=CARTESIAN_POINT('',(0.200517297754259,1.93053877049864,0.35));
#6142=CARTESIAN_POINT('',(0.225517297754259,1.88723750030942,0.4));
#6143=CARTESIAN_POINT('Origin',(1.25384037829903,2.25,0.35));
#6144=CARTESIAN_POINT('',(1.25384037829903,2.45,0.4));
#6145=CARTESIAN_POINT('',(1.25384037829903,2.5,0.35));
#6146=CARTESIAN_POINT('Origin',(1.25384037829903,2.45,0.35));
#6147=CARTESIAN_POINT('Origin',(1.25384037829903,2.25,0.35));
#6148=CARTESIAN_POINT('Origin',(1.25384037829903,2.25,0.4));
#6149=CARTESIAN_POINT('Origin',(1.25,2.45,0.35));
#6150=CARTESIAN_POINT('',(1.25,2.45,0.4));
#6151=CARTESIAN_POINT('',(1.25,2.5,0.35));
#6152=CARTESIAN_POINT('Origin',(-2.5,2.35,0.));
#6153=CARTESIAN_POINT('',(-2.5,2.25,0.));
#6154=CARTESIAN_POINT('',(-2.5,2.25,0.05));
#6155=CARTESIAN_POINT('',(-2.5,-2.25,0.));
#6156=CARTESIAN_POINT('',(-2.5,-2.35,0.));
#6157=CARTESIAN_POINT('',(-2.5,-2.25,0.05));
#6158=CARTESIAN_POINT('Origin',(-2.25,2.25,0.05));
#6159=CARTESIAN_POINT('',(-2.47912878474779,2.35,0.));
#6160=CARTESIAN_POINT('',(-2.47912878474779,2.35,0.05));
#6161=CARTESIAN_POINT('Origin',(-2.25,2.25,0.));
#6162=CARTESIAN_POINT('',(-2.25,2.5,0.05));
#6163=CARTESIAN_POINT('Origin',(-1.18685308019125,2.5,0.1));
#6164=CARTESIAN_POINT('',(-1.25384037829903,2.5,0.1));
#6165=CARTESIAN_POINT('Origin',(-1.25384037829903,2.25,0.1));
#6166=CARTESIAN_POINT('',(-1.12884037829903,2.46650635094611,0.1));
#6167=CARTESIAN_POINT('Origin',(-0.840442918677477,2.3,0.1));
#6168=CARTESIAN_POINT('',(-0.898455620569697,2.33349364905389,0.1));
#6169=CARTESIAN_POINT('Origin',(-0.773455620569697,2.55,0.1));
#6170=CARTESIAN_POINT('',(-0.773455620569697,2.3,0.1));
#6171=CARTESIAN_POINT('Origin',(0.840442918677477,2.3,0.1));
#6172=CARTESIAN_POINT('',(0.773455620569697,2.3,0.1));
#6173=CARTESIAN_POINT('Origin',(0.773455620569697,2.55,0.1));
#6174=CARTESIAN_POINT('',(0.898455620569697,2.33349364905389,0.1));
#6175=CARTESIAN_POINT('Origin',(1.18685308019125,2.5,0.1));
#6176=CARTESIAN_POINT('',(1.12884037829903,2.46650635094611,0.1));
#6177=CARTESIAN_POINT('Origin',(1.25384037829903,2.25,0.1));
#6178=CARTESIAN_POINT('',(1.25384037829903,2.5,0.1));
#6179=CARTESIAN_POINT('Origin',(2.5,2.5,0.1));
#6180=CARTESIAN_POINT('',(2.25,2.5,0.05));
#6181=CARTESIAN_POINT('Origin',(2.25,2.25,0.05));
#6182=CARTESIAN_POINT('',(2.5,2.25,0.));
#6183=CARTESIAN_POINT('',(2.5,2.25,0.05));
#6184=CARTESIAN_POINT('',(2.47912878474779,2.35,0.));
#6185=CARTESIAN_POINT('Origin',(2.25,2.25,0.));
#6186=CARTESIAN_POINT('',(2.47912878474779,2.35,0.05));
#6187=CARTESIAN_POINT('Origin',(0.,0.,0.4));
#6188=CARTESIAN_POINT('Origin',(0.,0.,0.4));
#6189=CARTESIAN_POINT('Origin',(0.,0.,0.4));
#6190=CARTESIAN_POINT('',(2.25,2.75545529808154E-16,0.4));
#6191=CARTESIAN_POINT('Origin',(0.,0.,0.4));
#6192=CARTESIAN_POINT('Origin',(0.,0.,0.4));
#6193=CARTESIAN_POINT('Origin',(2.5,2.35,0.));
#6194=CARTESIAN_POINT('',(0.999999999999999,2.35,0.));
#6195=CARTESIAN_POINT('',(0.999999999999999,2.35,0.));
#6196=CARTESIAN_POINT('',(0.999999999999999,2.35,0.));
#6197=CARTESIAN_POINT('Origin',(1.75,8.32667268468867E-16,0.));
#6198=CARTESIAN_POINT('',(2.5,-2.25,0.));
#6199=CARTESIAN_POINT('',(2.5,2.35,0.));
#6200=CARTESIAN_POINT('',(2.47912878474779,-2.35,0.));
#6201=CARTESIAN_POINT('Origin',(2.25,-2.25,0.));
#6202=CARTESIAN_POINT('',(1.,-2.35,0.));
#6203=CARTESIAN_POINT('',(2.5,-2.35,0.));
#6204=CARTESIAN_POINT('',(1.,-2.35,0.));
#6205=CARTESIAN_POINT('Origin',(-1.75,5.55111512312578E-16,0.));
#6206=CARTESIAN_POINT('',(-1.,2.35,0.));
#6207=CARTESIAN_POINT('',(-2.5,2.35,0.));
#6208=CARTESIAN_POINT('',(-1.,-2.35,0.));
#6209=CARTESIAN_POINT('',(-1.,2.35,0.));
#6210=CARTESIAN_POINT('',(-2.47912878474779,-2.35,0.));
#6211=CARTESIAN_POINT('',(-1.,-2.35,0.));
#6212=CARTESIAN_POINT('Origin',(-2.25,-2.25,0.));
#6213=CARTESIAN_POINT('Origin',(-1.,2.35,0.));
#6214=CARTESIAN_POINT('',(-1.,2.35,0.));
#6215=CARTESIAN_POINT('Origin',(-2.25,-2.25,0.05));
#6216=CARTESIAN_POINT('',(-2.25,-2.5,0.05));
#6217=CARTESIAN_POINT('',(-2.47912878474779,-2.35,0.05));
#6218=CARTESIAN_POINT('Origin',(-2.5,-2.5,0.1));
#6219=CARTESIAN_POINT('',(-1.25384037829903,-2.5,0.1));
#6220=CARTESIAN_POINT('Origin',(-1.25384037829903,-2.25,0.1));
#6221=CARTESIAN_POINT('',(-1.12884037829903,-2.46650635094611,0.1));
#6222=CARTESIAN_POINT('Origin',(-1.18685308019125,-2.5,0.1));
#6223=CARTESIAN_POINT('',(-0.898455620569697,-2.33349364905389,0.1));
#6224=CARTESIAN_POINT('Origin',(-0.773455620569697,-2.55,0.1));
#6225=CARTESIAN_POINT('',(-0.773455620569697,-2.3,0.1));
#6226=CARTESIAN_POINT('Origin',(-0.840442918677477,-2.3,0.1));
#6227=CARTESIAN_POINT('',(0.773455620569697,-2.3,0.1));
#6228=CARTESIAN_POINT('Origin',(0.773455620569697,-2.55,0.1));
#6229=CARTESIAN_POINT('',(0.898455620569697,-2.33349364905389,0.1));
#6230=CARTESIAN_POINT('Origin',(0.840442918677477,-2.3,0.1));
#6231=CARTESIAN_POINT('',(1.12884037829903,-2.46650635094611,0.1));
#6232=CARTESIAN_POINT('Origin',(1.25384037829903,-2.25,0.1));
#6233=CARTESIAN_POINT('',(1.25384037829903,-2.5,0.1));
#6234=CARTESIAN_POINT('Origin',(1.18685308019125,-2.5,0.1));
#6235=CARTESIAN_POINT('',(2.25,-2.5,0.05));
#6236=CARTESIAN_POINT('Origin',(2.25,-2.25,0.05));
#6237=CARTESIAN_POINT('',(2.47912878474779,-2.35,0.05));
#6238=CARTESIAN_POINT('',(2.5,-2.25,0.05));
#6239=CARTESIAN_POINT('Origin',(1.,-2.35,0.));
#6240=CARTESIAN_POINT('',(1.,-2.35,0.));
#6241=CARTESIAN_POINT('Origin',(1.89999999999983,-1.99999999999982,1.5));
#6242=CARTESIAN_POINT('',(1.47322330470319,-2.42677669529645,1.5));
#6243=CARTESIAN_POINT('Origin',(1.29644660940655,-2.24999999999982,1.5));
#6244=CARTESIAN_POINT('',(1.29644660940655,-2.49999999999982,1.5));
#6245=CARTESIAN_POINT('Origin',(-2.4,-2.49999999999982,1.5));
#6246=CARTESIAN_POINT('Origin',(0.,0.,0.4));
#6247=CARTESIAN_POINT('',(2.25,2.75545529808154E-16,0.4));
#6248=CARTESIAN_POINT('Origin',(2.5,-2.35,0.));
#6249=CARTESIAN_POINT('Origin',(0.999999999999999,2.35,0.));
#6250=CARTESIAN_POINT('Origin',(-1.,-2.35,0.));
#6251=CARTESIAN_POINT('',(-1.,-2.35,0.));
#6252=CARTESIAN_POINT('Origin',(-2.5,-2.35,0.));
#6253=UNCERTAINTY_MEASURE_WITH_UNIT(LENGTH_MEASURE(0.01),#6257,
'DISTANCE_ACCURACY_VALUE',
'Maximum model space distance between geometric entities at asserted c
onnectivities');
#6254=UNCERTAINTY_MEASURE_WITH_UNIT(LENGTH_MEASURE(0.01),#6257,
'DISTANCE_ACCURACY_VALUE',
'Maximum model space distance between geometric entities at asserted c
onnectivities');
#6255=(
GEOMETRIC_REPRESENTATION_CONTEXT(3)
GLOBAL_UNCERTAINTY_ASSIGNED_CONTEXT((#6253))
GLOBAL_UNIT_ASSIGNED_CONTEXT((#6257,#6259,#6260))
REPRESENTATION_CONTEXT('','3D')
);
#6256=(
GEOMETRIC_REPRESENTATION_CONTEXT(3)
GLOBAL_UNCERTAINTY_ASSIGNED_CONTEXT((#6254))
GLOBAL_UNIT_ASSIGNED_CONTEXT((#6257,#6259,#6260))
REPRESENTATION_CONTEXT('','3D')
);
#6257=(
LENGTH_UNIT()
NAMED_UNIT(*)
SI_UNIT(.MILLI.,.METRE.)
);
#6258=(
LENGTH_UNIT()
NAMED_UNIT(*)
SI_UNIT($,.METRE.)
);
#6259=(
NAMED_UNIT(*)
PLANE_ANGLE_UNIT()
SI_UNIT($,.RADIAN.)
);
#6260=(
NAMED_UNIT(*)
SI_UNIT($,.STERADIAN.)
SOLID_ANGLE_UNIT()
);
#6261=SHAPE_DEFINITION_REPRESENTATION(#6262,#6263);
#6262=PRODUCT_DEFINITION_SHAPE('',$,#6265);
#6263=SHAPE_REPRESENTATION('',(#3327),#6255);
#6264=PRODUCT_DEFINITION_CONTEXT('part definition',#6269,'design');
#6265=PRODUCT_DEFINITION('SRN5020TA','SRN5020TA v2',#6266,#6264);
#6266=PRODUCT_DEFINITION_FORMATION('',$,#6271);
#6267=PRODUCT_RELATED_PRODUCT_CATEGORY('SRN5020TA v2','SRN5020TA v2',(#6271));
#6268=APPLICATION_PROTOCOL_DEFINITION('international standard',
'automotive_design',2009,#6269);
#6269=APPLICATION_CONTEXT(
'Core Data for Automotive Mechanical Design Process');
#6270=PRODUCT_CONTEXT('part definition',#6269,'mechanical');
#6271=PRODUCT('SRN5020TA','SRN5020TA v2',$,(#6270));
#6272=PRESENTATION_STYLE_ASSIGNMENT((#6276));
#6273=PRESENTATION_STYLE_ASSIGNMENT((#6277));
#6274=PRESENTATION_STYLE_ASSIGNMENT((#6278));
#6275=PRESENTATION_STYLE_ASSIGNMENT((#6279));
#6276=SURFACE_STYLE_USAGE(.BOTH.,#6280);
#6277=SURFACE_STYLE_USAGE(.BOTH.,#6281);
#6278=SURFACE_STYLE_USAGE(.BOTH.,#6282);
#6279=SURFACE_STYLE_USAGE(.BOTH.,#6283);
#6280=SURFACE_SIDE_STYLE('',(#6284));
#6281=SURFACE_SIDE_STYLE('',(#6285));
#6282=SURFACE_SIDE_STYLE('',(#6286));
#6283=SURFACE_SIDE_STYLE('',(#6287));
#6284=SURFACE_STYLE_FILL_AREA(#6288);
#6285=SURFACE_STYLE_FILL_AREA(#6289);
#6286=SURFACE_STYLE_FILL_AREA(#6290);
#6287=SURFACE_STYLE_FILL_AREA(#6291);
#6288=FILL_AREA_STYLE('Steel - Satin',(#6292));
#6289=FILL_AREA_STYLE('Steel - Satin',(#6293));
#6290=FILL_AREA_STYLE('Paint - Enamel Glossy (Grey)',(#6294));
#6291=FILL_AREA_STYLE('Steel - Satin',(#6295));
#6292=FILL_AREA_STYLE_COLOUR('Steel - Satin',#6296);
#6293=FILL_AREA_STYLE_COLOUR('Steel - Satin',#6297);
#6294=FILL_AREA_STYLE_COLOUR('Paint - Enamel Glossy (Grey)',#6298);
#6295=FILL_AREA_STYLE_COLOUR('Steel - Satin',#6299);
#6296=COLOUR_RGB('Steel - Satin',0.627450980392157,0.627450980392157,0.627450980392157);
#6297=COLOUR_RGB('Steel - Satin',0.219607843137255,0.219607843137255,0.219607843137255);
#6298=COLOUR_RGB('Paint - Enamel Glossy (Grey)',0.701960784313725,0.701960784313725,
0.701960784313725);
#6299=COLOUR_RGB('Steel - Satin',0.627450980392157,0.627450980392157,0.627450980392157);
ENDSEC;
END-ISO-10303-21;
