ISO-10303-21;
HEADER;
FILE_DESCRIPTION (( 'STEP AP214' ),
    '1' );
FILE_NAME ('UFDFPN5.STEP',
    '2023-07-19T13:51:01',
    ( '' ),
    ( '' ),
    'SwSTEP 2.0',
    'SolidWorks 2020',
    '' );
FILE_SCHEMA (( 'AUTOMOTIVE_DESIGN' ));
ENDSEC;

DATA;
#1 = CARTESIAN_POINT ( 'NONE',  ( -0.2000000000000000666, -0.000000000000000000, -0.3200000000000001177 ) ) ;
#2 = FACE_OUTER_BOUND ( 'NONE', #209, .T. ) ;
#3 = EDGE_CURVE ( 'NONE', #1369, #1107, #219, .T. ) ;
#4 = ORIENTED_EDGE ( 'NONE', *, *, #18, .F. ) ;
#5 = ADVANCED_FACE ( 'NONE', ( #2372 ), #421, .T. ) ;
#6 = MECHANICAL_DESIGN_GEOMETRIC_PRESENTATION_REPRESENTATION (  '', ( #2251 ), #941 ) ;
#7 = VERTEX_POINT ( 'NONE', #505 ) ;
#8 = SURFACE_SIDE_STYLE ('',( #976 ) ) ;
#9 = DIRECTION ( 'NONE',  ( 0.000000000000000000, 1.000000000000000000, -0.000000000000000000 ) ) ;
#10 = LINE ( 'NONE', #1886, #2410 ) ;
#11 = APPLICATION_PROTOCOL_DEFINITION ( 'draft international standard', 'automotive_design', 1998, #2211 ) ;
#12 = FILL_AREA_STYLE ('',( #1495 ) ) ;
#13 = ORIENTED_EDGE ( 'NONE', *, *, #1272, .F. ) ;
#14 = SURFACE_STYLE_FILL_AREA ( #1551 ) ;
#15 = SURFACE_STYLE_USAGE ( .BOTH. , #414 ) ;
#16 = DIRECTION ( 'NONE',  ( -0.000000000000000000, -1.000000000000000000, -0.000000000000000000 ) ) ;
#17 = ORIENTED_EDGE ( 'NONE', *, *, #669, .T. ) ;
#18 = EDGE_CURVE ( 'NONE', #786, #545, #1453, .T. ) ;
#19 = ORIENTED_EDGE ( 'NONE', *, *, #386, .T. ) ;
#20 = FILL_AREA_STYLE_COLOUR ( '', #188 ) ;
#21 =( NAMED_UNIT ( * ) SI_UNIT ( $, .STERADIAN. ) SOLID_ANGLE_UNIT ( ) );
#22 = LINE ( 'NONE', #2327, #2084 ) ;
#23 = FILL_AREA_STYLE ('',( #257 ) ) ;
#24 = VECTOR ( 'NONE', #2221, 1000.000000000000000 ) ;
#25 = ORIENTED_EDGE ( 'NONE', *, *, #2315, .T. ) ;
#26 = SURFACE_SIDE_STYLE ('',( #1531 ) ) ;
#27 = CIRCLE ( 'NONE', #758, 0.02000000000000005246 ) ;
#28 = CLOSED_SHELL ( 'NONE', ( #2328, #1338, #1793, #2333, #520, #936, #2470, #2246, #1012, #567, #815, #984, #102, #1299, #1612, #1036, #1183, #2016, #196, #2371, #1677, #5, #1434, #2217, #1812, #2060, #908, #2388, #2045, #1929, #1262, #1827, #2126, #1098, #1440, #874, #1093, #2229, #2258, #1213, #244, #331, #1170, #464, #319, #36, #844, #210, #646, #2434, #428, #923, #1973, #1880 ) ) ;
#29 = VECTOR ( 'NONE', #891, 1000.000000000000000 ) ;
#30 = ORIENTED_EDGE ( 'NONE', *, *, #1402, .T. ) ;
#31 = STYLED_ITEM ( 'NONE', ( #443 ), #2470 ) ;
#32 =( NAMED_UNIT ( * ) PLANE_ANGLE_UNIT ( ) SI_UNIT ( $, .RADIAN. ) );
#33 = CARTESIAN_POINT ( 'NONE',  ( 0.7499999999999997780, -0.05000000000000000278, 0.4800000000000000377 ) ) ;
#34 = SURFACE_STYLE_USAGE ( .BOTH. , #1211 ) ;
#35 = SURFACE_STYLE_FILL_AREA ( #811 ) ;
#36 = ADVANCED_FACE ( 'NONE', ( #2386 ), #2218, .T. ) ;
#37 = MECHANICAL_DESIGN_GEOMETRIC_PRESENTATION_REPRESENTATION (  '', ( #694 ), #1607 ) ;
#38 = STYLED_ITEM ( 'NONE', ( #2473 ), #2388 ) ;
#39 = ORIENTED_EDGE ( 'NONE', *, *, #1480, .F. ) ;
#40 = MECHANICAL_DESIGN_GEOMETRIC_PRESENTATION_REPRESENTATION (  '', ( #1485 ), #323 ) ;
#41 = CARTESIAN_POINT ( 'NONE',  ( 0.2199999999999999734, 0.000000000000000000, -0.5000000000000000000 ) ) ;
#42 = CARTESIAN_POINT ( 'NONE',  ( 0.7499999999999997780, 0.000000000000000000, -0.3199999999999997846 ) ) ;
#43 =( NAMED_UNIT ( * ) SI_UNIT ( $, .STERADIAN. ) SOLID_ANGLE_UNIT ( ) );
#44 = LINE ( 'NONE', #1230, #148 ) ;
#45 = ORIENTED_EDGE ( 'NONE', *, *, #2450, .T. ) ;
#46 = FILL_AREA_STYLE ('',( #645 ) ) ;
#47 = ORIENTED_EDGE ( 'NONE', *, *, #1350, .T. ) ;
#48 = CYLINDRICAL_SURFACE ( 'NONE', #2293, 0.01999999999999999695 ) ;
#49 = PRESENTATION_STYLE_ASSIGNMENT (( #1771 ) ) ;
#50 = CARTESIAN_POINT ( 'NONE',  ( 0.8499999999999997558, 0.000000000000000000, -0.7000000000000001776 ) ) ;
#51 = VECTOR ( 'NONE', #1785, 1000.000000000000000 ) ;
#52 = ORIENTED_EDGE ( 'NONE', *, *, #57, .T. ) ;
#53 = DIRECTION ( 'NONE',  ( -0.000000000000000000, 1.000000000000000000, -0.000000000000000000 ) ) ;
#54 = CARTESIAN_POINT ( 'NONE',  ( -0.2200000000000000844, -0.05000000000000000278, 0.4800000000000000377 ) ) ;
#55 = DIRECTION ( 'NONE',  ( 0.000000000000000000, 1.000000000000000000, -0.000000000000000000 ) ) ;
#56 = UNCERTAINTY_MEASURE_WITH_UNIT (LENGTH_MEASURE( 1.000000000000000082E-05 ), #1010, 'distance_accuracy_value', 'NONE');
#57 = EDGE_CURVE ( 'NONE', #1739, #1274, #2424, .T. ) ;
#58 = SURFACE_STYLE_FILL_AREA ( #1219 ) ;
#59 = ORIENTED_EDGE ( 'NONE', *, *, #1740, .T. ) ;
#60 = CARTESIAN_POINT ( 'NONE',  ( 0.3060660171779812089, -0.05000000000000000278, 0.5000000000000000000 ) ) ;
#61 = ORIENTED_EDGE ( 'NONE', *, *, #1791, .T. ) ;
#62 = SURFACE_SIDE_STYLE ('',( #1570 ) ) ;
#63 = DIRECTION ( 'NONE',  ( -8.131516293641288185E-16, 0.000000000000000000, 1.000000000000000000 ) ) ;
#64 = CARTESIAN_POINT ( 'NONE',  ( 0.7499999999999997780, -0.05000000000000000278, 0.3200000000000000067 ) ) ;
#65 = ORIENTED_EDGE ( 'NONE', *, *, #697, .T. ) ;
#66 = LINE ( 'NONE', #2353, #875 ) ;
#67 = CARTESIAN_POINT ( 'NONE',  ( 0.000000000000000000, -0.05000000000000000278, 0.000000000000000000 ) ) ;
#68 = UNCERTAINTY_MEASURE_WITH_UNIT (LENGTH_MEASURE( 1.000000000000000082E-05 ), #793, 'distance_accuracy_value', 'NONE');
#69 = DIRECTION ( 'NONE',  ( -5.421010862427523156E-16, 0.000000000000000000, -1.000000000000000000 ) ) ;
#70 = PRESENTATION_LAYER_ASSIGNMENT (  '', '', ( #1310 ) ) ;
#71 = DIRECTION ( 'NONE',  ( -0.000000000000000000, -1.000000000000000000, -0.000000000000000000 ) ) ;
#72 = ORIENTED_EDGE ( 'NONE', *, *, #386, .F. ) ;
#73 = EDGE_CURVE ( 'NONE', #413, #1739, #2231, .T. ) ;
#74 = PRESENTATION_LAYER_ASSIGNMENT (  '', '', ( #229 ) ) ;
#75 = CARTESIAN_POINT ( 'NONE',  ( 0.7299999999999998712, 0.000000000000000000, -0.07999999999999990452 ) ) ;
#76 =( GEOMETRIC_REPRESENTATION_CONTEXT ( 3 ) GLOBAL_UNCERTAINTY_ASSIGNED_CONTEXT ( ( #951 ) ) GLOBAL_UNIT_ASSIGNED_CONTEXT ( ( #541, #1868, #338 ) ) REPRESENTATION_CONTEXT ( 'NONE', 'WORKASPACE' ) );
#77 = SURFACE_SIDE_STYLE ('',( #2412 ) ) ;
#78 = ORIENTED_EDGE ( 'NONE', *, *, #1759, .F. ) ;
#79 = DIRECTION ( 'NONE',  ( 1.000000000000000000, 0.000000000000000000, 1.971276677246372012E-16 ) ) ;
#80 = AXIS2_PLACEMENT_3D ( 'NONE', #499, #1270, #2020 ) ;
#81 = ORIENTED_EDGE ( 'NONE', *, *, #1246, .F. ) ;
#82 = CARTESIAN_POINT ( 'NONE',  ( 5.913830031739115543E-17, -0.05000000000000000278, -0.2999999999999999889 ) ) ;
#83 = CARTESIAN_POINT ( 'NONE',  ( -0.7499999999999998890, -0.000000000000000000, -0.4800000000000001488 ) ) ;
#84 = COLOUR_RGB ( '',0.7529411764705882248, 0.7529411764705882248, 0.7529411764705882248 ) ;
#85 = COLOUR_RGB ( '',0.7529411764705882248, 0.7529411764705882248, 0.7529411764705882248 ) ;
#86 = CYLINDRICAL_SURFACE ( 'NONE', #1629, 0.01999999999999999695 ) ;
#87 = EDGE_CURVE ( 'NONE', #1316, #224, #519, .T. ) ;
#88 = FILL_AREA_STYLE ('',( #493 ) ) ;
#89 = EDGE_CURVE ( 'NONE', #426, #205, #1814, .T. ) ;
#90 = UNCERTAINTY_MEASURE_WITH_UNIT (LENGTH_MEASURE( 1.000000000000000082E-05 ), #259, 'distance_accuracy_value', 'NONE');
#91 = VERTEX_POINT ( 'NONE', #1442 ) ;
#92 = DIRECTION ( 'NONE',  ( 1.000000000000000000, 0.000000000000000000, 0.000000000000000000 ) ) ;
#93 = FILL_AREA_STYLE ('',( #1239 ) ) ;
#94 = CARTESIAN_POINT ( 'NONE',  ( 0.7500000000000000000, -0.05000000000000000278, -0.4799999999999998712 ) ) ;
#95 = STYLED_ITEM ( 'NONE', ( #156 ), #2258 ) ;
#96 = DIRECTION ( 'NONE',  ( 0.000000000000000000, 0.000000000000000000, -1.000000000000000000 ) ) ;
#97 = VECTOR ( 'NONE', #2225, 1000.000000000000000 ) ;
#98 = DIRECTION ( 'NONE',  ( -1.275531967630005245E-16, 0.000000000000000000, -1.000000000000000000 ) ) ;
#99 = FACE_OUTER_BOUND ( 'NONE', #1767, .T. ) ;
#100 = PRESENTATION_STYLE_ASSIGNMENT (( #869 ) ) ;
#101 = CARTESIAN_POINT ( 'NONE',  ( -0.7299999999999998712, 0.000000000000000000, -0.5000000000000002220 ) ) ;
#102 = ADVANCED_FACE ( 'NONE', ( #99 ), #868, .T. ) ;
#103 = ORIENTED_EDGE ( 'NONE', *, *, #218, .F. ) ;
#104 = CARTESIAN_POINT ( 'NONE',  ( 0.8499999999999997558, 0.5500000000000000444, -0.7000000000000001776 ) ) ;
#105 = CARTESIAN_POINT ( 'NONE',  ( -1.174552353525963548E-17, 0.000000000000000000, 0.1000000000000000333 ) ) ;
#106 = DIRECTION ( 'NONE',  ( -0.000000000000000000, 1.000000000000000000, -0.000000000000000000 ) ) ;
#107 = PRESENTATION_STYLE_ASSIGNMENT (( #1833 ) ) ;
#108 = MECHANICAL_DESIGN_GEOMETRIC_PRESENTATION_REPRESENTATION (  '', ( #1040 ), #1157 ) ;
#109 = AXIS2_PLACEMENT_3D ( 'NONE', #2047, #534, #1466 ) ;
#110 = COLOUR_RGB ( '',0.7529411764705882248, 0.7529411764705882248, 0.7529411764705882248 ) ;
#111 = SURFACE_STYLE_USAGE ( .BOTH. , #2210 ) ;
#112 = AXIS2_PLACEMENT_3D ( 'NONE', #1212, #1571, #620 ) ;
#113 = PRESENTATION_LAYER_ASSIGNMENT (  '', '', ( #2487 ) ) ;
#114 =( GEOMETRIC_REPRESENTATION_CONTEXT ( 3 ) GLOBAL_UNCERTAINTY_ASSIGNED_CONTEXT ( ( #1688 ) ) GLOBAL_UNIT_ASSIGNED_CONTEXT ( ( #2157, #1969, #252 ) ) REPRESENTATION_CONTEXT ( 'NONE', 'WORKASPACE' ) );
#115 = ORIENTED_EDGE ( 'NONE', *, *, #193, .T. ) ;
#116 = FILL_AREA_STYLE ('',( #1839 ) ) ;
#117 =( LENGTH_UNIT ( ) NAMED_UNIT ( * ) SI_UNIT ( .MILLI., .METRE. ) );
#118 = EDGE_CURVE ( 'NONE', #771, #1893, #2182, .T. ) ;
#119 = CARTESIAN_POINT ( 'NONE',  ( 0.7499999999999997780, 0.000000000000000000, 0.3200000000000000067 ) ) ;
#120 = VECTOR ( 'NONE', #463, 1000.000000000000000 ) ;
#121 = LINE ( 'NONE', #512, #1284 ) ;
#122 = PRESENTATION_LAYER_ASSIGNMENT (  '', '', ( #2004 ) ) ;
#123 = COLOUR_RGB ( '',0.7529411764705882248, 0.7529411764705882248, 0.7529411764705882248 ) ;
#124 = DIRECTION ( 'NONE',  ( 0.000000000000000000, 0.000000000000000000, -1.000000000000000000 ) ) ;
#125 = ORIENTED_EDGE ( 'NONE', *, *, #1696, .T. ) ;
#126 = SURFACE_STYLE_USAGE ( .BOTH. , #77 ) ;
#127 = CARTESIAN_POINT ( 'NONE',  ( 0.1999999999999999833, 0.000000000000000000, -0.4800000000000000377 ) ) ;
#128 = EDGE_LOOP ( 'NONE', ( #2257, #387, #756, #2116, #937, #45, #1937, #393 ) ) ;
#129 = DIRECTION ( 'NONE',  ( 0.000000000000000000, 0.000000000000000000, 1.000000000000000000 ) ) ;
#130 = LINE ( 'NONE', #864, #1719 ) ;
#131 = DIRECTION ( 'NONE',  ( 0.000000000000000000, 0.000000000000000000, -1.000000000000000000 ) ) ;
#132 = CARTESIAN_POINT ( 'NONE',  ( -0.2000000000000003442, -0.05000000000000000278, -1.626303258728260349E-16 ) ) ;
#133 = MECHANICAL_DESIGN_GEOMETRIC_PRESENTATION_REPRESENTATION (  '', ( #615 ), #175 ) ;
#134 = EDGE_CURVE ( 'NONE', #1482, #2106, #1238, .T. ) ;
#135 =( NAMED_UNIT ( * ) PLANE_ANGLE_UNIT ( ) SI_UNIT ( $, .RADIAN. ) );
#136 = ORIENTED_EDGE ( 'NONE', *, *, #1680, .T. ) ;
#137 =( NAMED_UNIT ( * ) PLANE_ANGLE_UNIT ( ) SI_UNIT ( $, .RADIAN. ) );
#138 = SURFACE_SIDE_STYLE ('',( #2413 ) ) ;
#139 = FILL_AREA_STYLE_COLOUR ( '', #843 ) ;
#140 = VERTEX_POINT ( 'NONE', #1804 ) ;
#141 = CYLINDRICAL_SURFACE ( 'NONE', #2113, 0.01999999999999999695 ) ;
#142 = FILL_AREA_STYLE ('',( #1269 ) ) ;
#143 = LINE ( 'NONE', #1652, #2272 ) ;
#144 = DIRECTION ( 'NONE',  ( 0.000000000000000000, 1.000000000000000000, 0.000000000000000000 ) ) ;
#145 = CARTESIAN_POINT ( 'NONE',  ( -0.7500000000000001110, -0.000000000000000000, 0.3199999999999999512 ) ) ;
#146 = EDGE_CURVE ( 'NONE', #539, #711, #1582, .T. ) ;
#147 = DIRECTION ( 'NONE',  ( 1.000000000000000000, 0.000000000000000000, 0.000000000000000000 ) ) ;
#148 = VECTOR ( 'NONE', #71, 1000.000000000000000 ) ;
#149 = VERTEX_POINT ( 'NONE', #1761 ) ;
#150 = AXIS2_PLACEMENT_3D ( 'NONE', #1527, #1168, #979 ) ;
#151 = CARTESIAN_POINT ( 'NONE',  ( -0.7300000000000000933, 0.000000000000000000, -0.3200000000000001732 ) ) ;
#152 =( LENGTH_UNIT ( ) NAMED_UNIT ( * ) SI_UNIT ( .MILLI., .METRE. ) );
#153 = VECTOR ( 'NONE', #1250, 1000.000000000000000 ) ;
#154 = SURFACE_STYLE_USAGE ( .BOTH. , #1368 ) ;
#155 = STYLED_ITEM ( 'NONE', ( #212 ), #306 ) ;
#156 = PRESENTATION_STYLE_ASSIGNMENT (( #335 ) ) ;
#157 = ORIENTED_EDGE ( 'NONE', *, *, #1865, .F. ) ;
#158 = VECTOR ( 'NONE', #1148, 1000.000000000000000 ) ;
#159 = MECHANICAL_DESIGN_GEOMETRIC_PRESENTATION_REPRESENTATION (  '', ( #31 ), #114 ) ;
#160 = CIRCLE ( 'NONE', #408, 0.01999999999999999695 ) ;
#161 = FACE_OUTER_BOUND ( 'NONE', #561, .T. ) ;
#162 = UNCERTAINTY_MEASURE_WITH_UNIT (LENGTH_MEASURE( 1.000000000000000082E-05 ), #922, 'distance_accuracy_value', 'NONE');
#163 = FILL_AREA_STYLE ('',( #2286 ) ) ;
#164 = EDGE_CURVE ( 'NONE', #1545, #711, #2342, .T. ) ;
#165 = ORIENTED_EDGE ( 'NONE', *, *, #416, .F. ) ;
#166 = DIRECTION ( 'NONE',  ( 0.000000000000000000, 0.000000000000000000, -1.000000000000000000 ) ) ;
#167 = SURFACE_STYLE_USAGE ( .BOTH. , #1885 ) ;
#168 = CARTESIAN_POINT ( 'NONE',  ( -0.8500000000000001998, 0.5500000000000000444, -0.6999999999999999556 ) ) ;
#169 = CYLINDRICAL_SURFACE ( 'NONE', #881, 0.01999999999999999695 ) ;
#170 = ORIENTED_EDGE ( 'NONE', *, *, #1622, .T. ) ;
#171 = LINE ( 'NONE', #596, #365 ) ;
#172 = PRESENTATION_STYLE_ASSIGNMENT (( #1261 ) ) ;
#173 = FACE_OUTER_BOUND ( 'NONE', #1867, .T. ) ;
#174 = ORIENTED_EDGE ( 'NONE', *, *, #2234, .F. ) ;
#175 =( GEOMETRIC_REPRESENTATION_CONTEXT ( 3 ) GLOBAL_UNCERTAINTY_ASSIGNED_CONTEXT ( ( #437 ) ) GLOBAL_UNIT_ASSIGNED_CONTEXT ( ( #1515, #2050, #2279 ) ) REPRESENTATION_CONTEXT ( 'NONE', 'WORKASPACE' ) );
#176 = CARTESIAN_POINT ( 'NONE',  ( 0.000000000000000000, -0.05000000000000000278, 0.5000000000000000000 ) ) ;
#177 = VERTEX_POINT ( 'NONE', #454 ) ;
#178 = CARTESIAN_POINT ( 'NONE',  ( -0.7500000000000001110, -0.000000000000000000, 0.000000000000000000 ) ) ;
#179 = FACE_OUTER_BOUND ( 'NONE', #270, .T. ) ;
#180 = CARTESIAN_POINT ( 'NONE',  ( 0.1999999999999998168, -0.05000000000000000278, 0.000000000000000000 ) ) ;
#181 = EDGE_CURVE ( 'NONE', #2310, #1488, #1058, .T. ) ;
#182 = CARTESIAN_POINT ( 'NONE',  ( -0.2000000000000000666, -0.05000000000000000278, -0.3200000000000001177 ) ) ;
#183 = EDGE_LOOP ( 'NONE', ( #799, #2341, #819, #1572 ) ) ;
#184 = FACE_BOUND ( 'NONE', #1220, .T. ) ;
#185 = FILL_AREA_STYLE ('',( #1901 ) ) ;
#186 = ORIENTED_EDGE ( 'NONE', *, *, #535, .F. ) ;
#187 =( LENGTH_UNIT ( ) NAMED_UNIT ( * ) SI_UNIT ( .MILLI., .METRE. ) );
#188 = COLOUR_RGB ( '',0.7529411764705882248, 0.7529411764705882248, 0.7529411764705882248 ) ;
#189 = ORIENTED_EDGE ( 'NONE', *, *, #1260, .F. ) ;
#190 = UNCERTAINTY_MEASURE_WITH_UNIT (LENGTH_MEASURE( 1.000000000000000082E-05 ), #187, 'distance_accuracy_value', 'NONE');
#191 = CIRCLE ( 'NONE', #150, 0.02000000000000005246 ) ;
#192 = ORIENTED_EDGE ( 'NONE', *, *, #2195, .F. ) ;
#193 = EDGE_CURVE ( 'NONE', #2072, #1340, #66, .T. ) ;
#194 = FILL_AREA_STYLE ('',( #942 ) ) ;
#195 = FACE_OUTER_BOUND ( 'NONE', #947, .T. ) ;
#196 = ADVANCED_FACE ( 'NONE', ( #467 ), #1774, .F. ) ;
#197 = ORIENTED_EDGE ( 'NONE', *, *, #470, .T. ) ;
#198 = MECHANICAL_DESIGN_GEOMETRIC_PRESENTATION_REPRESENTATION (  '', ( #2240 ), #406 ) ;
#199 = CARTESIAN_POINT ( 'NONE',  ( -1.174552353525963548E-17, -0.05000000000000000278, 0.1000000000000000333 ) ) ;
#200 = AXIS2_PLACEMENT_3D ( 'NONE', #591, #1921, #1186 ) ;
#201 = VERTEX_POINT ( 'NONE', #41 ) ;
#202 = FILL_AREA_STYLE ('',( #2311 ) ) ;
#203 = DIRECTION ( 'NONE',  ( -0.000000000000000000, -1.000000000000000000, -0.000000000000000000 ) ) ;
#204 = DIRECTION ( 'NONE',  ( 0.000000000000000000, -1.000000000000000000, 0.000000000000000000 ) ) ;
#205 = VERTEX_POINT ( 'NONE', #1397 ) ;
#206 =( NAMED_UNIT ( * ) PLANE_ANGLE_UNIT ( ) SI_UNIT ( $, .RADIAN. ) );
#207 = FILL_AREA_STYLE_COLOUR ( '', #2052 ) ;
#208 = LINE ( 'NONE', #983, #515 ) ;
#209 = EDGE_LOOP ( 'NONE', ( #1008, #1803, #1769, #1592 ) ) ;
#210 = ADVANCED_FACE ( 'NONE', ( #2194 ), #476, .T. ) ;
#211 = ORIENTED_EDGE ( 'NONE', *, *, #1075, .F. ) ;
#212 = PRESENTATION_STYLE_ASSIGNMENT (( #1384 ) ) ;
#213 = CYLINDRICAL_SURFACE ( 'NONE', #276, 0.01999999999999999695 ) ;
#214 = ORIENTED_EDGE ( 'NONE', *, *, #1389, .T. ) ;
#215 = CARTESIAN_POINT ( 'NONE',  ( 0.000000000000000000, 0.000000000000000000, 0.000000000000000000 ) ) ;
#216 = CARTESIAN_POINT ( 'NONE',  ( 0.2199999999999999178, -0.05000000000000000278, -0.3199999999999998956 ) ) ;
#217 = VERTEX_POINT ( 'NONE', #2009 ) ;
#218 = EDGE_CURVE ( 'NONE', #2437, #2106, #2439, .T. ) ;
#219 = LINE ( 'NONE', #848, #2117 ) ;
#220 = CARTESIAN_POINT ( 'NONE',  ( -0.7500000000000001110, -0.05000000000000000278, -0.3200000000000001732 ) ) ;
#221 = FILL_AREA_STYLE_COLOUR ( '', #491 ) ;
#222 = CARTESIAN_POINT ( 'NONE',  ( 0.7299999999999997602, -0.05000000000000000278, -0.3199999999999997846 ) ) ;
#223 = CIRCLE ( 'NONE', #2110, 0.01999999999999999695 ) ;
#224 = VERTEX_POINT ( 'NONE', #2043 ) ;
#225 = CIRCLE ( 'NONE', #1590, 0.01999999999999999695 ) ;
#226 = CARTESIAN_POINT ( 'NONE',  ( -1.174552353525963548E-17, -0.05000000000000000278, 0.1000000000000000333 ) ) ;
#227 = FILL_AREA_STYLE ('',( #469 ) ) ;
#228 = CARTESIAN_POINT ( 'NONE',  ( 0.7299999999999999822, 0.000000000000000000, -0.4999999999999997780 ) ) ;
#229 = STYLED_ITEM ( 'NONE', ( #930 ), #844 ) ;
#230 = SURFACE_STYLE_FILL_AREA ( #2143 ) ;
#231 = VECTOR ( 'NONE', #638, 1000.000000000000000 ) ;
#232 = VERTEX_POINT ( 'NONE', #722 ) ;
#233 = VECTOR ( 'NONE', #79, 1000.000000000000000 ) ;
#234 = CARTESIAN_POINT ( 'NONE',  ( -0.7300000000000000933, -0.05000000000000000278, 0.2999999999999999889 ) ) ;
#235 = VECTOR ( 'NONE', #1822, 1000.000000000000000 ) ;
#236 =( GEOMETRIC_REPRESENTATION_CONTEXT ( 3 ) GLOBAL_UNCERTAINTY_ASSIGNED_CONTEXT ( ( #297 ) ) GLOBAL_UNIT_ASSIGNED_CONTEXT ( ( #478, #2153, #1775 ) ) REPRESENTATION_CONTEXT ( 'NONE', 'WORKASPACE' ) );
#237 = ORIENTED_EDGE ( 'NONE', *, *, #2420, .T. ) ;
#238 =( NAMED_UNIT ( * ) SI_UNIT ( $, .STERADIAN. ) SOLID_ANGLE_UNIT ( ) );
#239 = SURFACE_SIDE_STYLE ('',( #1816 ) ) ;
#240 = DIRECTION ( 'NONE',  ( 0.000000000000000000, -1.000000000000000000, 0.000000000000000000 ) ) ;
#241 =( LENGTH_UNIT ( ) NAMED_UNIT ( * ) SI_UNIT ( .MILLI., .METRE. ) );
#242 = CIRCLE ( 'NONE', #2329, 0.01999999999999999695 ) ;
#243 = DIRECTION ( 'NONE',  ( 0.000000000000000000, 0.000000000000000000, -1.000000000000000000 ) ) ;
#244 = ADVANCED_FACE ( 'NONE', ( #522 ), #141, .T. ) ;
#245 = ORIENTED_EDGE ( 'NONE', *, *, #403, .T. ) ;
#246 = AXIS2_PLACEMENT_3D ( 'NONE', #2152, #434, #2245 ) ;
#247 = PRESENTATION_STYLE_ASSIGNMENT (( #1960 ) ) ;
#248 = DIRECTION ( 'NONE',  ( -0.000000000000000000, 1.000000000000000000, -0.000000000000000000 ) ) ;
#249 = FACE_OUTER_BOUND ( 'NONE', #1412, .T. ) ;
#250 =( NAMED_UNIT ( * ) PLANE_ANGLE_UNIT ( ) SI_UNIT ( $, .RADIAN. ) );
#251 = VERTEX_POINT ( 'NONE', #509 ) ;
#252 =( NAMED_UNIT ( * ) SI_UNIT ( $, .STERADIAN. ) SOLID_ANGLE_UNIT ( ) );
#253 = VERTEX_POINT ( 'NONE', #1456 ) ;
#254 = CARTESIAN_POINT ( 'NONE',  ( 0.1999999999999998168, -0.05000000000000000278, 0.000000000000000000 ) ) ;
#255 = CARTESIAN_POINT ( 'NONE',  ( 0.7299999999999997602, -0.05000000000000000278, 0.4800000000000000377 ) ) ;
#256 = VECTOR ( 'NONE', #63, 1000.000000000000000 ) ;
#257 = FILL_AREA_STYLE_COLOUR ( '', #483 ) ;
#258 = ORIENTED_EDGE ( 'NONE', *, *, #1729, .F. ) ;
#259 =( LENGTH_UNIT ( ) NAMED_UNIT ( * ) SI_UNIT ( .MILLI., .METRE. ) );
#260 = EDGE_CURVE ( 'NONE', #813, #1773, #223, .T. ) ;
#261 = SURFACE_STYLE_USAGE ( .BOTH. , #611 ) ;
#262 = UNCERTAINTY_MEASURE_WITH_UNIT (LENGTH_MEASURE( 1.000000000000000082E-05 ), #2059, 'distance_accuracy_value', 'NONE');
#263 = SURFACE_STYLE_USAGE ( .BOTH. , #2382 ) ;
#264 = VERTEX_POINT ( 'NONE', #1860 ) ;
#265 =( NAMED_UNIT ( * ) PLANE_ANGLE_UNIT ( ) SI_UNIT ( $, .RADIAN. ) );
#266 = ORIENTED_EDGE ( 'NONE', *, *, #1049, .T. ) ;
#267 = FACE_OUTER_BOUND ( 'NONE', #375, .T. ) ;
#268 = SURFACE_STYLE_FILL_AREA ( #1137 ) ;
#269 =( LENGTH_UNIT ( ) NAMED_UNIT ( * ) SI_UNIT ( .MILLI., .METRE. ) );
#270 = EDGE_LOOP ( 'NONE', ( #1424, #1851, #1131, #497 ) ) ;
#271 = SURFACE_STYLE_USAGE ( .BOTH. , #424 ) ;
#272 = STYLED_ITEM ( 'NONE', ( #1682 ), #244 ) ;
#273 = EDGE_CURVE ( 'NONE', #991, #217, #1666, .T. ) ;
#274 = EDGE_CURVE ( 'NONE', #1324, #771, #1257, .T. ) ;
#275 = AXIS2_PLACEMENT_3D ( 'NONE', #1110, #1637, #96 ) ;
#276 = AXIS2_PLACEMENT_3D ( 'NONE', #1974, #862, #2219 ) ;
#277 = STYLED_ITEM ( 'NONE', ( #1577 ), #2440 ) ;
#278 = CARTESIAN_POINT ( 'NONE',  ( 0.2199999999999998068, -0.05000000000000000278, 0.3000000000000000444 ) ) ;
#279 = DIRECTION ( 'NONE',  ( 1.000000000000000000, 0.000000000000000000, 0.000000000000000000 ) ) ;
#280 = CARTESIAN_POINT ( 'NONE',  ( -0.2199999999999999456, -0.05000000000000000278, -0.4800000000000000377 ) ) ;
#281 = FILL_AREA_STYLE_COLOUR ( '', #123 ) ;
#282 = CARTESIAN_POINT ( 'NONE',  ( -0.8500000000000001998, 0.5500000000000000444, -0.6999999999999999556 ) ) ;
#283 = VERTEX_POINT ( 'NONE', #700 ) ;
#284 = FILL_AREA_STYLE ('',( #814 ) ) ;
#285 = SURFACE_SIDE_STYLE ('',( #1015 ) ) ;
#286 = DIRECTION ( 'NONE',  ( 0.000000000000000000, 0.000000000000000000, -1.000000000000000000 ) ) ;
#287 = COLOUR_RGB ( '',0.7529411764705882248, 0.7529411764705882248, 0.7529411764705882248 ) ;
#288 = STYLED_ITEM ( 'NONE', ( #1505 ), #1973 ) ;
#289 = DIRECTION ( 'NONE',  ( 0.000000000000000000, 0.000000000000000000, -1.000000000000000000 ) ) ;
#290 = PRODUCT_DEFINITION ( 'UNKNOWN', '', #1566, #373 ) ;
#291 = DIRECTION ( 'NONE',  ( 0.000000000000000000, -1.000000000000000000, 0.000000000000000000 ) ) ;
#292 = EDGE_CURVE ( 'NONE', #2104, #264, #2213, .T. ) ;
#293 = ORIENTED_EDGE ( 'NONE', *, *, #2208, .T. ) ;
#294 = FACE_OUTER_BOUND ( 'NONE', #1542, .T. ) ;
#295 =( LENGTH_UNIT ( ) NAMED_UNIT ( * ) SI_UNIT ( .MILLI., .METRE. ) );
#296 = SURFACE_STYLE_USAGE ( .BOTH. , #1621 ) ;
#297 = UNCERTAINTY_MEASURE_WITH_UNIT (LENGTH_MEASURE( 1.000000000000000082E-05 ), #478, 'distance_accuracy_value', 'NONE');
#298 = ORIENTED_EDGE ( 'NONE', *, *, #1664, .T. ) ;
#299 = CARTESIAN_POINT ( 'NONE',  ( 0.7299999999999997602, 0.000000000000000000, 0.3200000000000000067 ) ) ;
#300 = DIRECTION ( 'NONE',  ( -3.942553354492743531E-16, 0.000000000000000000, 1.000000000000000000 ) ) ;
#301 = SURFACE_SIDE_STYLE ('',( #1862 ) ) ;
#302 = AXIS2_PLACEMENT_3D ( 'NONE', #760, #147, #1703 ) ;
#303 = EDGE_CURVE ( 'NONE', #253, #1316, #1611, .T. ) ;
#304 = FILL_AREA_STYLE ('',( #1626 ) ) ;
#305 = DIRECTION ( 'NONE',  ( 0.000000000000000000, 1.000000000000000000, -0.000000000000000000 ) ) ;
#306 = ADVANCED_BREP_SHAPE_REPRESENTATION ( 'UFDFPN5', ( #2440, #688 ), #1321 ) ;
#307 = EDGE_LOOP ( 'NONE', ( #165, #1189, #2266, #962, #1301, #170, #2212, #1256 ) ) ;
#308 = DIRECTION ( 'NONE',  ( 0.000000000000000000, 1.000000000000000000, 0.000000000000000000 ) ) ;
#309 = DIRECTION ( 'NONE',  ( 0.000000000000000000, 0.000000000000000000, -1.000000000000000000 ) ) ;
#310 = LINE ( 'NONE', #2417, #367 ) ;
#311 = CARTESIAN_POINT ( 'NONE',  ( 0.7499999999999998890, -0.05000000000000000278, -0.07999999999999990452 ) ) ;
#312 = MECHANICAL_DESIGN_GEOMETRIC_PRESENTATION_REPRESENTATION (  '', ( #1310 ), #395 ) ;
#313 = STYLED_ITEM ( 'NONE', ( #684 ), #1262 ) ;
#314 = MECHANICAL_DESIGN_GEOMETRIC_PRESENTATION_REPRESENTATION (  '', ( #974 ), #840 ) ;
#315 = DIRECTION ( 'NONE',  ( 1.275531967630005245E-16, -0.000000000000000000, 1.000000000000000000 ) ) ;
#316 = MECHANICAL_DESIGN_GEOMETRIC_PRESENTATION_REPRESENTATION (  '', ( #155 ), #1877 ) ;
#317 = ORIENTED_EDGE ( 'NONE', *, *, #89, .T. ) ;
#318 = SURFACE_STYLE_FILL_AREA ( #116 ) ;
#319 = ADVANCED_FACE ( 'NONE', ( #2405 ), #1077, .T. ) ;
#320 = CARTESIAN_POINT ( 'NONE',  ( -0.7300000000000000933, -0.000000000000000000, 0.2999999999999999889 ) ) ;
#321 = AXIS2_PLACEMENT_3D ( 'NONE', #1744, #2148, #632 ) ;
#322 = STYLED_ITEM ( 'NONE', ( #341 ), #1880 ) ;
#323 =( GEOMETRIC_REPRESENTATION_CONTEXT ( 3 ) GLOBAL_UNCERTAINTY_ASSIGNED_CONTEXT ( ( #56 ) ) GLOBAL_UNIT_ASSIGNED_CONTEXT ( ( #1010, #1235, #2147 ) ) REPRESENTATION_CONTEXT ( 'NONE', 'WORKASPACE' ) );
#324 = DIRECTION ( 'NONE',  ( 0.000000000000000000, 1.000000000000000000, 0.000000000000000000 ) ) ;
#325 = ORIENTED_EDGE ( 'NONE', *, *, #956, .T. ) ;
#326 = CARTESIAN_POINT ( 'NONE',  ( -0.7300000000000000933, 0.000000000000000000, 0.3199999999999999512 ) ) ;
#327 = DIRECTION ( 'NONE',  ( -0.000000000000000000, -1.000000000000000000, -0.000000000000000000 ) ) ;
#328 = ORIENTED_EDGE ( 'NONE', *, *, #1911, .T. ) ;
#329 =( LENGTH_UNIT ( ) NAMED_UNIT ( * ) SI_UNIT ( .MILLI., .METRE. ) );
#330 = LINE ( 'NONE', #914, #1161 ) ;
#331 = ADVANCED_FACE ( 'NONE', ( #2268 ), #1743, .T. ) ;
#332 =( NAMED_UNIT ( * ) SI_UNIT ( $, .STERADIAN. ) SOLID_ANGLE_UNIT ( ) );
#333 = SURFACE_SIDE_STYLE ('',( #2239 ) ) ;
#334 = STYLED_ITEM ( 'NONE', ( #1311 ), #2217 ) ;
#335 = SURFACE_STYLE_USAGE ( .BOTH. , #2241 ) ;
#336 = ORIENTED_EDGE ( 'NONE', *, *, #2309, .F. ) ;
#337 =( NAMED_UNIT ( * ) SI_UNIT ( $, .STERADIAN. ) SOLID_ANGLE_UNIT ( ) );
#338 =( NAMED_UNIT ( * ) SI_UNIT ( $, .STERADIAN. ) SOLID_ANGLE_UNIT ( ) );
#339 = ORIENTED_EDGE ( 'NONE', *, *, #1533, .T. ) ;
#340 = SURFACE_STYLE_USAGE ( .BOTH. , #2055 ) ;
#341 = PRESENTATION_STYLE_ASSIGNMENT (( #167 ) ) ;
#342 = LINE ( 'NONE', #1367, #1051 ) ;
#343 = CARTESIAN_POINT ( 'NONE',  ( 0.7499999999999994449, -0.05000000000000000278, 8.131516293641279311E-16 ) ) ;
#344 = CARTESIAN_POINT ( 'NONE',  ( -0.2200000000000000566, -0.05000000000000000278, -0.3200000000000001177 ) ) ;
#345 = EDGE_CURVE ( 'NONE', #1940, #2104, #1136, .T. ) ;
#346 =( LENGTH_UNIT ( ) NAMED_UNIT ( * ) SI_UNIT ( .MILLI., .METRE. ) );
#347 = CARTESIAN_POINT ( 'NONE',  ( 0.7499999999999994449, 0.000000000000000000, 8.131516293641279311E-16 ) ) ;
#348 = ORIENTED_EDGE ( 'NONE', *, *, #506, .F. ) ;
#349 = EDGE_CURVE ( 'NONE', #177, #813, #2067, .T. ) ;
#350 = COLOUR_RGB ( '',0.7529411764705882248, 0.7529411764705882248, 0.7529411764705882248 ) ;
#351 = FILL_AREA_STYLE ('',( #1665 ) ) ;
#352 = VECTOR ( 'NONE', #1326, 1000.000000000000000 ) ;
#353 = CIRCLE ( 'NONE', #2359, 0.01999999999999999695 ) ;
#354 = CARTESIAN_POINT ( 'NONE',  ( -0.2000000000000002054, 0.000000000000000000, 0.3200000000000000067 ) ) ;
#355 = MECHANICAL_DESIGN_GEOMETRIC_PRESENTATION_REPRESENTATION (  '', ( #842 ), #1802 ) ;
#356 = ORIENTED_EDGE ( 'NONE', *, *, #1242, .F. ) ;
#357 = LINE ( 'NONE', #2121, #1360 ) ;
#358 = LINE ( 'NONE', #2269, #2411 ) ;
#359 = DIRECTION ( 'NONE',  ( 1.000000000000000000, 0.000000000000000000, 0.000000000000000000 ) ) ;
#360 = FACE_OUTER_BOUND ( 'NONE', #1206, .T. ) ;
#361 = STYLED_ITEM ( 'NONE', ( #2053 ), #1012 ) ;
#362 = PRESENTATION_LAYER_ASSIGNMENT (  '', '', ( #1414 ) ) ;
#363 = ORIENTED_EDGE ( 'NONE', *, *, #87, .T. ) ;
#364 = DIRECTION ( 'NONE',  ( 0.000000000000000000, -1.000000000000000000, 0.000000000000000000 ) ) ;
#365 = VECTOR ( 'NONE', #2103, 1000.000000000000000 ) ;
#366 = EDGE_LOOP ( 'NONE', ( #1945, #405, #1392, #2336, #1182, #25, #2030, #65 ) ) ;
#367 = VECTOR ( 'NONE', #2478, 1000.000000000000000 ) ;
#368 = AXIS2_PLACEMENT_3D ( 'NONE', #734, #1489, #1337 ) ;
#369 = COLOUR_RGB ( '',1.000000000000000000, 1.000000000000000000, 1.000000000000000000 ) ;
#370 = FILL_AREA_STYLE_COLOUR ( '', #1675 ) ;
#371 = PRODUCT_DEFINITION_SHAPE ( 'NONE', 'NONE',  #290 ) ;
#372 = EDGE_CURVE ( 'NONE', #1340, #1223, #2086, .T. ) ;
#373 = PRODUCT_DEFINITION_CONTEXT ( 'detailed design', #2211, 'design' ) ;
#374 = PLANE ( 'NONE',  #1844 ) ;
#375 = EDGE_LOOP ( 'NONE', ( #390, #328, #245, #1897, #2250, #2085, #1883, #2102 ) ) ;
#376 = UNCERTAINTY_MEASURE_WITH_UNIT (LENGTH_MEASURE( 1.000000000000000082E-05 ), #1100, 'distance_accuracy_value', 'NONE');
#377 = SURFACE_SIDE_STYLE ('',( #1504 ) ) ;
#378 = FILL_AREA_STYLE_COLOUR ( '', #287 ) ;
#379 = ORIENTED_EDGE ( 'NONE', *, *, #146, .F. ) ;
#380 =( LENGTH_UNIT ( ) NAMED_UNIT ( * ) SI_UNIT ( .MILLI., .METRE. ) );
#381 = DIRECTION ( 'NONE',  ( -0.7071067811865420216, 0.000000000000000000, -0.7071067811865530128 ) ) ;
#382 = ORIENTED_EDGE ( 'NONE', *, *, #2145, .T. ) ;
#383 =( GEOMETRIC_REPRESENTATION_CONTEXT ( 3 ) GLOBAL_UNCERTAINTY_ASSIGNED_CONTEXT ( ( #1399 ) ) GLOBAL_UNIT_ASSIGNED_CONTEXT ( ( #1084, #135, #2061 ) ) REPRESENTATION_CONTEXT ( 'NONE', 'WORKASPACE' ) );
#384 = COLOUR_RGB ( '',1.000000000000000000, 1.000000000000000000, 1.000000000000000000 ) ;
#385 = FILL_AREA_STYLE ('',( #770 ) ) ;
#386 = EDGE_CURVE ( 'NONE', #253, #1902, #1722, .T. ) ;
#387 = ORIENTED_EDGE ( 'NONE', *, *, #1371, .T. ) ;
#388 =( NAMED_UNIT ( * ) PLANE_ANGLE_UNIT ( ) SI_UNIT ( $, .RADIAN. ) );
#389 = DIRECTION ( 'NONE',  ( 0.000000000000000000, 0.000000000000000000, -1.000000000000000000 ) ) ;
#390 = ORIENTED_EDGE ( 'NONE', *, *, #1696, .F. ) ;
#391 = PRESENTATION_STYLE_ASSIGNMENT (( #546 ) ) ;
#392 = AXIS2_PLACEMENT_3D ( 'NONE', #1604, #2334, #2185 ) ;
#393 = ORIENTED_EDGE ( 'NONE', *, *, #1469, .T. ) ;
#394 = SURFACE_STYLE_FILL_AREA ( #163 ) ;
#395 =( GEOMETRIC_REPRESENTATION_CONTEXT ( 3 ) GLOBAL_UNCERTAINTY_ASSIGNED_CONTEXT ( ( #457 ) ) GLOBAL_UNIT_ASSIGNED_CONTEXT ( ( #826, #1215, #1031 ) ) REPRESENTATION_CONTEXT ( 'NONE', 'WORKASPACE' ) );
#396 = ORIENTED_EDGE ( 'NONE', *, *, #829, .T. ) ;
#397 = CARTESIAN_POINT ( 'NONE',  ( 0.8499999999999997558, 0.5500000000000000444, -0.7000000000000001776 ) ) ;
#398 = LINE ( 'NONE', #544, #2491 ) ;
#399 = AXIS2_PLACEMENT_3D ( 'NONE', #2114, #2076, #1511 ) ;
#400 = DIRECTION ( 'NONE',  ( 0.000000000000000000, 0.000000000000000000, -1.000000000000000000 ) ) ;
#401 = ORIENTED_EDGE ( 'NONE', *, *, #1149, .F. ) ;
#402 =( LENGTH_UNIT ( ) NAMED_UNIT ( * ) SI_UNIT ( .MILLI., .METRE. ) );
#403 = EDGE_CURVE ( 'NONE', #630, #1879, #357, .T. ) ;
#404 = PRESENTATION_LAYER_ASSIGNMENT (  '', '', ( #2077 ) ) ;
#405 = ORIENTED_EDGE ( 'NONE', *, *, #1420, .T. ) ;
#406 =( GEOMETRIC_REPRESENTATION_CONTEXT ( 3 ) GLOBAL_UNCERTAINTY_ASSIGNED_CONTEXT ( ( #1830 ) ) GLOBAL_UNIT_ASSIGNED_CONTEXT ( ( #402, #981, #2259 ) ) REPRESENTATION_CONTEXT ( 'NONE', 'WORKASPACE' ) );
#407 = STYLED_ITEM ( 'NONE', ( #2497 ), #1612 ) ;
#408 = AXIS2_PLACEMENT_3D ( 'NONE', #1895, #989, #1723 ) ;
#409 = ORIENTED_EDGE ( 'NONE', *, *, #481, .F. ) ;
#410 = FILL_AREA_STYLE_COLOUR ( '', #527 ) ;
#411 = CARTESIAN_POINT ( 'NONE',  ( 1.264902534566421583E-17, -0.05000000000000000278, -0.09999999999999999167 ) ) ;
#412 = FILL_AREA_STYLE ('',( #2070 ) ) ;
#413 = VERTEX_POINT ( 'NONE', #763 ) ;
#414 = SURFACE_SIDE_STYLE ('',( #982 ) ) ;
#415 = CARTESIAN_POINT ( 'NONE',  ( 0.2199999999999998068, -0.05000000000000000278, 0.3200000000000000067 ) ) ;
#416 = EDGE_CURVE ( 'NONE', #968, #7, #1177, .T. ) ;
#417 = ORIENTED_EDGE ( 'NONE', *, *, #274, .T. ) ;
#418 = STYLED_ITEM ( 'NONE', ( #100 ), #2126 ) ;
#419 = SURFACE_SIDE_STYLE ('',( #602 ) ) ;
#420 = AXIS2_PLACEMENT_3D ( 'NONE', #1636, #291, #662 ) ;
#421 = PLANE ( 'NONE',  #1047 ) ;
#422 = LINE ( 'NONE', #50, #120 ) ;
#423 = EDGE_LOOP ( 'NONE', ( #766, #348, #2494, #1659 ) ) ;
#424 = SURFACE_SIDE_STYLE ('',( #1228 ) ) ;
#425 =( NAMED_UNIT ( * ) SI_UNIT ( $, .STERADIAN. ) SOLID_ANGLE_UNIT ( ) );
#426 = VERTEX_POINT ( 'NONE', #2495 ) ;
#427 = DIRECTION ( 'NONE',  ( 0.000000000000000000, 0.000000000000000000, 1.000000000000000000 ) ) ;
#428 = ADVANCED_FACE ( 'NONE', ( #772 ), #1164, .T. ) ;
#429 = LINE ( 'NONE', #1956, #256 ) ;
#430 =( NAMED_UNIT ( * ) PLANE_ANGLE_UNIT ( ) SI_UNIT ( $, .RADIAN. ) );
#431 = AXIS2_PLACEMENT_3D ( 'NONE', #226, #1438, #1201 ) ;
#432 = ORIENTED_EDGE ( 'NONE', *, *, #2079, .T. ) ;
#433 = VECTOR ( 'NONE', #565, 1000.000000000000000 ) ;
#434 = DIRECTION ( 'NONE',  ( 0.000000000000000000, -1.000000000000000000, 0.000000000000000000 ) ) ;
#435 = VECTOR ( 'NONE', #2477, 1000.000000000000000 ) ;
#436 = DIRECTION ( 'NONE',  ( -0.000000000000000000, -1.000000000000000000, 0.000000000000000000 ) ) ;
#437 = UNCERTAINTY_MEASURE_WITH_UNIT (LENGTH_MEASURE( 1.000000000000000082E-05 ), #1515, 'distance_accuracy_value', 'NONE');
#438 =( LENGTH_UNIT ( ) NAMED_UNIT ( * ) SI_UNIT ( .MILLI., .METRE. ) );
#439 = MECHANICAL_DESIGN_GEOMETRIC_PRESENTATION_REPRESENTATION (  '', ( #1876 ), #2402 ) ;
#440 = ORIENTED_EDGE ( 'NONE', *, *, #1710, .T. ) ;
#441 = MECHANICAL_DESIGN_GEOMETRIC_PRESENTATION_REPRESENTATION (  '', ( #2487 ), #2277 ) ;
#442 =( GEOMETRIC_REPRESENTATION_CONTEXT ( 3 ) GLOBAL_UNCERTAINTY_ASSIGNED_CONTEXT ( ( #2448 ) ) GLOBAL_UNIT_ASSIGNED_CONTEXT ( ( #2384, #265, #2198 ) ) REPRESENTATION_CONTEXT ( 'NONE', 'WORKASPACE' ) );
#443 = PRESENTATION_STYLE_ASSIGNMENT (( #628 ) ) ;
#444 =( GEOMETRIC_REPRESENTATION_CONTEXT ( 3 ) GLOBAL_UNCERTAINTY_ASSIGNED_CONTEXT ( ( #1254 ) ) GLOBAL_UNIT_ASSIGNED_CONTEXT ( ( #2224, #1280, #2012 ) ) REPRESENTATION_CONTEXT ( 'NONE', 'WORKASPACE' ) );
#445 = EDGE_CURVE ( 'NONE', #630, #968, #1971, .T. ) ;
#446 = AXIS2_PLACEMENT_3D ( 'NONE', #764, #204, #1525 ) ;
#447 = EDGE_LOOP ( 'NONE', ( #2467, #1780, #530, #863 ) ) ;
#448 = LINE ( 'NONE', #254, #1817 ) ;
#449 = PRESENTATION_STYLE_ASSIGNMENT (( #1042 ) ) ;
#450 = FACE_OUTER_BOUND ( 'NONE', #1792, .T. ) ;
#451 = APPLICATION_PROTOCOL_DEFINITION ( 'draft international standard', 'automotive_design', 1998, #580 ) ;
#452 = ORIENTED_EDGE ( 'NONE', *, *, #716, .F. ) ;
#453 = VECTOR ( 'NONE', #485, 1000.000000000000000 ) ;
#454 = CARTESIAN_POINT ( 'NONE',  ( 0.7499999999999997780, 0.000000000000000000, 0.4800000000000000377 ) ) ;
#455 = DIRECTION ( 'NONE',  ( -1.548860246407863583E-16, 0.000000000000000000, -1.000000000000000000 ) ) ;
#456 = DIRECTION ( 'NONE',  ( 0.000000000000000000, 0.000000000000000000, -1.000000000000000000 ) ) ;
#457 = UNCERTAINTY_MEASURE_WITH_UNIT (LENGTH_MEASURE( 1.000000000000000082E-05 ), #826, 'distance_accuracy_value', 'NONE');
#458 = CARTESIAN_POINT ( 'NONE',  ( 0.1999999999999998168, -0.05000000000000000278, 0.3200000000000000067 ) ) ;
#459 = ORIENTED_EDGE ( 'NONE', *, *, #650, .T. ) ;
#460 = FILL_AREA_STYLE ('',( #1578 ) ) ;
#461 = FILL_AREA_STYLE_COLOUR ( '', #1405 ) ;
#462 = DIRECTION ( 'NONE',  ( -1.084202172485504237E-15, 0.000000000000000000, 1.000000000000000000 ) ) ;
#463 = DIRECTION ( 'NONE',  ( -1.000000000000000000, 0.000000000000000000, 1.275531967630005245E-16 ) ) ;
#464 = ADVANCED_FACE ( 'NONE', ( #1407 ), #48, .T. ) ;
#465 = SURFACE_STYLE_USAGE ( .BOTH. , #2149 ) ;
#466 = EDGE_LOOP ( 'NONE', ( #1503, #1375, #2111, #1359 ) ) ;
#467 = FACE_OUTER_BOUND ( 'NONE', #1286, .T. ) ;
#468 =( NAMED_UNIT ( * ) SI_UNIT ( $, .STERADIAN. ) SOLID_ANGLE_UNIT ( ) );
#469 = FILL_AREA_STYLE_COLOUR ( '', #1520 ) ;
#470 = EDGE_CURVE ( 'NONE', #528, #1369, #2296, .T. ) ;
#471 = CARTESIAN_POINT ( 'NONE',  ( 0.2199999999999999734, 0.000000000000000000, -0.4800000000000000377 ) ) ;
#472 = CARTESIAN_POINT ( 'NONE',  ( -0.8500000000000001998, 0.5500000000000000444, -0.6999999999999999556 ) ) ;
#473 = LINE ( 'NONE', #2017, #597 ) ;
#474 = UNCERTAINTY_MEASURE_WITH_UNIT (LENGTH_MEASURE( 1.000000000000000082E-05 ), #1028, 'distance_accuracy_value', 'NONE');
#475 = ORIENTED_EDGE ( 'NONE', *, *, #118, .F. ) ;
#476 = CYLINDRICAL_SURFACE ( 'NONE', #790, 0.01999999999999999695 ) ;
#477 = DIRECTION ( 'NONE',  ( -9.856383386231858827E-17, 0.000000000000000000, 1.000000000000000000 ) ) ;
#478 =( LENGTH_UNIT ( ) NAMED_UNIT ( * ) SI_UNIT ( .MILLI., .METRE. ) );
#479 = VECTOR ( 'NONE', #1624, 1000.000000000000000 ) ;
#480 = LINE ( 'NONE', #1564, #710 ) ;
#481 = EDGE_CURVE ( 'NONE', #1545, #545, #448, .T. ) ;
#482 = PRESENTATION_LAYER_ASSIGNMENT (  '', '', ( #1916 ) ) ;
#483 = COLOUR_RGB ( '',0.7529411764705882248, 0.7529411764705882248, 0.7529411764705882248 ) ;
#484 = FACE_OUTER_BOUND ( 'NONE', #488, .T. ) ;
#485 = DIRECTION ( 'NONE',  ( 0.000000000000000000, 1.000000000000000000, -0.000000000000000000 ) ) ;
#486 =( NAMED_UNIT ( * ) PLANE_ANGLE_UNIT ( ) SI_UNIT ( $, .RADIAN. ) );
#487 = CIRCLE ( 'NONE', #1171, 0.01999999999999999695 ) ;
#488 = EDGE_LOOP ( 'NONE', ( #852, #1500, #643, #115 ) ) ;
#489 = CARTESIAN_POINT ( 'NONE',  ( 1.971276677246371765E-16, -0.05000000000000000278, -0.5000000000000001110 ) ) ;
#490 = CARTESIAN_POINT ( 'NONE',  ( -0.2200000000000001954, -0.000000000000000000, 0.3000000000000000444 ) ) ;
#491 = COLOUR_RGB ( '',0.000000000000000000, 0.000000000000000000, 0.000000000000000000 ) ;
#492 = MECHANICAL_DESIGN_GEOMETRIC_PRESENTATION_REPRESENTATION (  '', ( #2004 ), #2209 ) ;
#493 = FILL_AREA_STYLE_COLOUR ( '', #384 ) ;
#494 = EDGE_CURVE ( 'NONE', #1879, #426, #2129, .T. ) ;
#495 = CARTESIAN_POINT ( 'NONE',  ( 0.5999999999999999778, 0.5400000000000000355, 0.4500000000000000111 ) ) ;
#496 =( LENGTH_UNIT ( ) NAMED_UNIT ( * ) SI_UNIT ( .MILLI., .METRE. ) );
#497 = ORIENTED_EDGE ( 'NONE', *, *, #2195, .T. ) ;
#498 = DIRECTION ( 'NONE',  ( 0.000000000000000000, -0.000000000000000000, 1.000000000000000000 ) ) ;
#499 = CARTESIAN_POINT ( 'NONE',  ( -0.7300000000000000933, -0.05000000000000000278, 0.4800000000000000377 ) ) ;
#500 = PRESENTATION_LAYER_ASSIGNMENT (  '', '', ( #95 ) ) ;
#501 = LINE ( 'NONE', #1670, #639 ) ;
#502 = AXIS2_PLACEMENT_3D ( 'NONE', #2399, #98, #2199 ) ;
#503 = DIRECTION ( 'NONE',  ( 0.000000000000000000, -1.000000000000000000, 0.000000000000000000 ) ) ;
#504 =( LENGTH_UNIT ( ) NAMED_UNIT ( * ) SI_UNIT ( .MILLI., .METRE. ) );
#505 = CARTESIAN_POINT ( 'NONE',  ( -0.2199999999999999456, 0.000000000000000000, -0.5000000000000000000 ) ) ;
#506 = EDGE_CURVE ( 'NONE', #577, #1076, #860, .T. ) ;
#507 = FILL_AREA_STYLE_COLOUR ( '', #1245 ) ;
#508 = ORIENTED_EDGE ( 'NONE', *, *, #1174, .T. ) ;
#509 = CARTESIAN_POINT ( 'NONE',  ( -0.7300000000000000933, 0.000000000000000000, -0.3000000000000002109 ) ) ;
#510 =( NAMED_UNIT ( * ) SI_UNIT ( $, .STERADIAN. ) SOLID_ANGLE_UNIT ( ) );
#511 =( LENGTH_UNIT ( ) NAMED_UNIT ( * ) SI_UNIT ( .MILLI., .METRE. ) );
#512 = CARTESIAN_POINT ( 'NONE',  ( 0.7499999999999998890, -0.05000000000000000278, 0.000000000000000000 ) ) ;
#513 = CARTESIAN_POINT ( 'NONE',  ( 0.5999999999999999778, 0.5500000000000000444, 0.4500000000000000111 ) ) ;
#514 = VECTOR ( 'NONE', #1053, 1000.000000000000000 ) ;
#515 = VECTOR ( 'NONE', #16, 1000.000000000000000 ) ;
#516 = SURFACE_SIDE_STYLE ('',( #946 ) ) ;
#517 = AXIS2_PLACEMENT_3D ( 'NONE', #1210, #2175, #1026 ) ;
#518 = SURFACE_STYLE_USAGE ( .BOTH. , #663 ) ;
#519 = LINE ( 'NONE', #472, #514 ) ;
#520 = ADVANCED_FACE ( 'NONE', ( #651 ), #1964, .F. ) ;
#521 = ORIENTED_EDGE ( 'NONE', *, *, #1469, .F. ) ;
#522 = FACE_OUTER_BOUND ( 'NONE', #557, .T. ) ;
#523 = CARTESIAN_POINT ( 'NONE',  ( 1.971276677246371765E-16, -0.05000000000000000278, -0.4999999999999998890 ) ) ;
#524 = CIRCLE ( 'NONE', #80, 0.01999999999999999695 ) ;
#525 = DIRECTION ( 'NONE',  ( -0.000000000000000000, -1.000000000000000000, 0.000000000000000000 ) ) ;
#526 = DIRECTION ( 'NONE',  ( 0.000000000000000000, -1.000000000000000000, 0.000000000000000000 ) ) ;
#527 = COLOUR_RGB ( '',0.7529411764705882248, 0.7529411764705882248, 0.7529411764705882248 ) ;
#528 = VERTEX_POINT ( 'NONE', #2369 ) ;
#529 = FACE_OUTER_BOUND ( 'NONE', #910, .T. ) ;
#530 = ORIENTED_EDGE ( 'NONE', *, *, #706, .T. ) ;
#531 = LINE ( 'NONE', #1861, #890 ) ;
#532 = DIRECTION ( 'NONE',  ( 0.000000000000000000, 0.000000000000000000, -1.000000000000000000 ) ) ;
#533 = EDGE_CURVE ( 'NONE', #1893, #528, #480, .T. ) ;
#534 = DIRECTION ( 'NONE',  ( -0.000000000000000000, 1.000000000000000000, -0.000000000000000000 ) ) ;
#535 = EDGE_CURVE ( 'NONE', #775, #1482, #2381, .T. ) ;
#536 = CARTESIAN_POINT ( 'NONE',  ( 0.1999999999999998446, 0.000000000000000000, 5.421010862427516007E-17 ) ) ;
#537 = AXIS2_PLACEMENT_3D ( 'NONE', #652, #1027, #1066 ) ;
#538 = CARTESIAN_POINT ( 'NONE',  ( -0.7500000000000001110, -0.05000000000000000278, 0.000000000000000000 ) ) ;
#539 = VERTEX_POINT ( 'NONE', #2142 ) ;
#540 = LINE ( 'NONE', #1501, #1251 ) ;
#541 =( LENGTH_UNIT ( ) NAMED_UNIT ( * ) SI_UNIT ( .MILLI., .METRE. ) );
#542 = ORIENTED_EDGE ( 'NONE', *, *, #1986, .T. ) ;
#543 = DIRECTION ( 'NONE',  ( 0.000000000000000000, 1.000000000000000000, 0.000000000000000000 ) ) ;
#544 = CARTESIAN_POINT ( 'NONE',  ( 0.5999999999999999778, 0.5400000000000000355, 0.5500000000000001554 ) ) ;
#545 = VERTEX_POINT ( 'NONE', #458 ) ;
#546 = SURFACE_STYLE_USAGE ( .BOTH. , #1726 ) ;
#547 = DIRECTION ( 'NONE',  ( 0.000000000000000000, 1.000000000000000000, 0.000000000000000000 ) ) ;
#548 = SURFACE_STYLE_USAGE ( .BOTH. , #26 ) ;
#549 = EDGE_CURVE ( 'NONE', #201, #973, #2021, .T. ) ;
#550 = DIRECTION ( 'NONE',  ( 0.000000000000000000, 0.000000000000000000, -1.000000000000000000 ) ) ;
#551 = ORIENTED_EDGE ( 'NONE', *, *, #1938, .T. ) ;
#552 =( GEOMETRIC_REPRESENTATION_CONTEXT ( 3 ) GLOBAL_UNCERTAINTY_ASSIGNED_CONTEXT ( ( #1522 ) ) GLOBAL_UNIT_ASSIGNED_CONTEXT ( ( #1824, #625, #425 ) ) REPRESENTATION_CONTEXT ( 'NONE', 'WORKASPACE' ) );
#553 = CARTESIAN_POINT ( 'NONE',  ( 0.7299999999999998712, -0.05000000000000000278, 0.1000000000000001166 ) ) ;
#554 =( GEOMETRIC_REPRESENTATION_CONTEXT ( 3 ) GLOBAL_UNCERTAINTY_ASSIGNED_CONTEXT ( ( #1204 ) ) GLOBAL_UNIT_ASSIGNED_CONTEXT ( ( #1381, #1593, #1982 ) ) REPRESENTATION_CONTEXT ( 'NONE', 'WORKASPACE' ) );
#555 = VECTOR ( 'NONE', #69, 1000.000000000000000 ) ;
#556 = CARTESIAN_POINT ( 'NONE',  ( -0.8499999999999999778, 0.5500000000000000444, 0.6999999999999999556 ) ) ;
#557 = EDGE_LOOP ( 'NONE', ( #81, #621, #1950, #958 ) ) ;
#558 = SURFACE_STYLE_FILL_AREA ( #1933 ) ;
#559 = DIRECTION ( 'NONE',  ( 0.000000000000000000, 0.000000000000000000, -1.000000000000000000 ) ) ;
#560 = MECHANICAL_DESIGN_GEOMETRIC_PRESENTATION_REPRESENTATION (  '', ( #38 ), #802 ) ;
#561 = EDGE_LOOP ( 'NONE', ( #1576, #136, #266, #1125, #17, #825, #475, #626 ) ) ;
#562 = PRESENTATION_STYLE_ASSIGNMENT (( #2331 ) ) ;
#563 = AXIS2_PLACEMENT_3D ( 'NONE', #215, #992, #2455 ) ;
#564 = CARTESIAN_POINT ( 'NONE',  ( 0.5999999999999999778, 0.5400000000000000355, 0.4500000000000000111 ) ) ;
#565 = DIRECTION ( 'NONE',  ( 1.000000000000000000, -0.000000000000000000, -1.275531967630005245E-16 ) ) ;
#566 = VECTOR ( 'NONE', #666, 1000.000000000000000 ) ;
#567 = ADVANCED_FACE ( 'NONE', ( #249 ), #1427, .F. ) ;
#568 = EDGE_LOOP ( 'NONE', ( #258, #1044, #1226, #30, #1380, #197, #174, #2181 ) ) ;
#569 = CARTESIAN_POINT ( 'NONE',  ( 0.000000000000000000, -0.05000000000000000278, 0.000000000000000000 ) ) ;
#570 = ORIENTED_EDGE ( 'NONE', *, *, #1288, .T. ) ;
#571 = UNCERTAINTY_MEASURE_WITH_UNIT (LENGTH_MEASURE( 1.000000000000000082E-05 ), #2481, 'distance_accuracy_value', 'NONE');
#572 = FILL_AREA_STYLE_COLOUR ( '', #84 ) ;
#573 =( LENGTH_UNIT ( ) NAMED_UNIT ( * ) SI_UNIT ( .MILLI., .METRE. ) );
#574 = EDGE_LOOP ( 'NONE', ( #1550, #1859, #409, #1120 ) ) ;
#575 = DIRECTION ( 'NONE',  ( 0.000000000000000000, 0.000000000000000000, -1.000000000000000000 ) ) ;
#576 = PRESENTATION_STYLE_ASSIGNMENT (( #2485 ) ) ;
#577 = VERTEX_POINT ( 'NONE', #228 ) ;
#578 = CIRCLE ( 'NONE', #1390, 0.1000000000000001582 ) ;
#579 = STYLED_ITEM ( 'NONE', ( #1264 ), #2333 ) ;
#580 = APPLICATION_CONTEXT ( 'automotive_design' ) ;
#581 = EDGE_CURVE ( 'NONE', #1267, #149, #1617, .T. ) ;
#582 = ORIENTED_EDGE ( 'NONE', *, *, #1494, .F. ) ;
#583 = PLANE ( 'NONE',  #1094 ) ;
#584 = LINE ( 'NONE', #1694, #1173 ) ;
#585 = EDGE_LOOP ( 'NONE', ( #872, #1184, #39, #382 ) ) ;
#586 = DIRECTION ( 'NONE',  ( -0.000000000000000000, 0.000000000000000000, 1.000000000000000000 ) ) ;
#587 = VERTEX_POINT ( 'NONE', #1764 ) ;
#588 = AXIS2_PLACEMENT_3D ( 'NONE', #1492, #1275, #2254 ) ;
#589 = LINE ( 'NONE', #996, #2161 ) ;
#590 = EDGE_LOOP ( 'NONE', ( #780, #2404, #634, #2138 ) ) ;
#591 = CARTESIAN_POINT ( 'NONE',  ( 0.5999999999999999778, 0.5400000000000000355, 0.4500000000000000111 ) ) ;
#592 = CARTESIAN_POINT ( 'NONE',  ( 0.5999999999999999778, 0.5500000000000000444, 0.4500000000000000111 ) ) ;
#593 = EDGE_CURVE ( 'NONE', #1192, #1037, #1441, .T. ) ;
#594 = ORIENTED_EDGE ( 'NONE', *, *, #1115, .T. ) ;
#595 = STYLED_ITEM ( 'NONE', ( #676 ), #36 ) ;
#596 = CARTESIAN_POINT ( 'NONE',  ( -0.2000000000000003719, -0.05000000000000000278, 1.084202172485506653E-16 ) ) ;
#597 = VECTOR ( 'NONE', #1089, 1000.000000000000000 ) ;
#598 = CARTESIAN_POINT ( 'NONE',  ( 0.8499999999999999778, 0.000000000000000000, 0.6999999999999997335 ) ) ;
#599 = ORIENTED_EDGE ( 'NONE', *, *, #1535, .T. ) ;
#600 = STYLED_ITEM ( 'NONE', ( #2091 ), #1338 ) ;
#601 = CIRCLE ( 'NONE', #727, 0.01999999999999999695 ) ;
#602 = SURFACE_STYLE_FILL_AREA ( #1554 ) ;
#603 = MECHANICAL_DESIGN_GEOMETRIC_PRESENTATION_REPRESENTATION (  '', ( #322 ), #654 ) ;
#604 = CARTESIAN_POINT ( 'NONE',  ( 0.7299999999999999822, -0.05000000000000000278, -0.4999999999999997780 ) ) ;
#605 = FACE_OUTER_BOUND ( 'NONE', #1702, .T. ) ;
#606 = CARTESIAN_POINT ( 'NONE',  ( 0.1999999999999999278, 0.000000000000000000, -0.3199999999999998956 ) ) ;
#607 = SURFACE_SIDE_STYLE ('',( #1944 ) ) ;
#608 = VERTEX_POINT ( 'NONE', #817 ) ;
#609 = DIRECTION ( 'NONE',  ( 0.000000000000000000, -1.000000000000000000, 0.000000000000000000 ) ) ;
#610 = CYLINDRICAL_SURFACE ( 'NONE', #1541, 0.02000000000000005246 ) ;
#611 = SURFACE_SIDE_STYLE ('',( #1823 ) ) ;
#612 = EDGE_CURVE ( 'NONE', #217, #608, #2343, .T. ) ;
#613 = EDGE_LOOP ( 'NONE', ( #1569, #1967, #1567, #1145 ) ) ;
#614 = SURFACE_STYLE_USAGE ( .BOTH. , #1810 ) ;
#615 = STYLED_ITEM ( 'NONE', ( #1878 ), #2246 ) ;
#616 =( GEOMETRIC_REPRESENTATION_CONTEXT ( 3 ) GLOBAL_UNCERTAINTY_ASSIGNED_CONTEXT ( ( #1019 ) ) GLOBAL_UNIT_ASSIGNED_CONTEXT ( ( #1430, #2039, #1099 ) ) REPRESENTATION_CONTEXT ( 'NONE', 'WORKASPACE' ) );
#617 =( NAMED_UNIT ( * ) SI_UNIT ( $, .STERADIAN. ) SOLID_ANGLE_UNIT ( ) );
#618 =( LENGTH_UNIT ( ) NAMED_UNIT ( * ) SI_UNIT ( .MILLI., .METRE. ) );
#619 = PLANE ( 'NONE',  #537 ) ;
#620 = DIRECTION ( 'NONE',  ( 1.000000000000000000, 0.000000000000000000, 1.971276677246372012E-16 ) ) ;
#621 = ORIENTED_EDGE ( 'NONE', *, *, #754, .F. ) ;
#622 = SURFACE_SIDE_STYLE ('',( #1573 ) ) ;
#623 = FACE_OUTER_BOUND ( 'NONE', #423, .T. ) ;
#624 =( LENGTH_UNIT ( ) NAMED_UNIT ( * ) SI_UNIT ( .MILLI., .METRE. ) );
#625 =( NAMED_UNIT ( * ) PLANE_ANGLE_UNIT ( ) SI_UNIT ( $, .RADIAN. ) );
#626 = ORIENTED_EDGE ( 'NONE', *, *, #1194, .T. ) ;
#627 = EDGE_CURVE ( 'NONE', #1783, #813, #1205, .T. ) ;
#628 = SURFACE_STYLE_USAGE ( .BOTH. , #2348 ) ;
#629 = SURFACE_SIDE_STYLE ('',( #2324 ) ) ;
#630 = VERTEX_POINT ( 'NONE', #839 ) ;
#631 = CARTESIAN_POINT ( 'NONE',  ( -0.7500000000000004441, -0.05000000000000000278, -8.131516293641287199E-16 ) ) ;
#632 = DIRECTION ( 'NONE',  ( 0.000000000000000000, 0.000000000000000000, 1.000000000000000000 ) ) ;
#633 = CARTESIAN_POINT ( 'NONE',  ( 0.2199999999999999734, 0.000000000000000000, -0.5000000000000000000 ) ) ;
#634 = ORIENTED_EDGE ( 'NONE', *, *, #1402, .F. ) ;
#635 = COLOUR_RGB ( '',0.7529411764705882248, 0.7529411764705882248, 0.7529411764705882248 ) ;
#636 = SURFACE_SIDE_STYLE ('',( #2392 ) ) ;
#637 = CARTESIAN_POINT ( 'NONE',  ( 0.7299999999999997602, -0.05000000000000000278, 0.3200000000000000067 ) ) ;
#638 = DIRECTION ( 'NONE',  ( -0.000000000000000000, 1.000000000000000000, 0.000000000000000000 ) ) ;
#639 = VECTOR ( 'NONE', #1080, 1000.000000000000000 ) ;
#640 = UNCERTAINTY_MEASURE_WITH_UNIT (LENGTH_MEASURE( 1.000000000000000082E-05 ), #2187, 'distance_accuracy_value', 'NONE');
#641 = SURFACE_SIDE_STYLE ('',( #58 ) ) ;
#642 = COLOUR_RGB ( '',0.7529411764705882248, 0.7529411764705882248, 0.7529411764705882248 ) ;
#643 = ORIENTED_EDGE ( 'NONE', *, *, #1458, .F. ) ;
#644 = AXIS2_PLACEMENT_3D ( 'NONE', #1952, #2173, #427 ) ;
#645 = FILL_AREA_STYLE_COLOUR ( '', #1203 ) ;
#646 = ADVANCED_FACE ( 'NONE', ( #1585 ), #2358, .T. ) ;
#647 = AXIS2_PLACEMENT_3D ( 'NONE', #1070, #106, #2215 ) ;
#648 = MECHANICAL_DESIGN_GEOMETRIC_PRESENTATION_REPRESENTATION (  '', ( #1724 ), #2038 ) ;
#649 = ORIENTED_EDGE ( 'NONE', *, *, #971, .F. ) ;
#650 = EDGE_CURVE ( 'NONE', #232, #1783, #1095, .T. ) ;
#651 = FACE_OUTER_BOUND ( 'NONE', #975, .T. ) ;
#652 = CARTESIAN_POINT ( 'NONE',  ( 0.7499999999999994449, -0.05000000000000000278, 8.131516293641279311E-16 ) ) ;
#653 =( NAMED_UNIT ( * ) SI_UNIT ( $, .STERADIAN. ) SOLID_ANGLE_UNIT ( ) );
#654 =( GEOMETRIC_REPRESENTATION_CONTEXT ( 3 ) GLOBAL_UNCERTAINTY_ASSIGNED_CONTEXT ( ( #1057 ) ) GLOBAL_UNIT_ASSIGNED_CONTEXT ( ( #2019, #902, #1305 ) ) REPRESENTATION_CONTEXT ( 'NONE', 'WORKASPACE' ) );
#655 =( NAMED_UNIT ( * ) SI_UNIT ( $, .STERADIAN. ) SOLID_ANGLE_UNIT ( ) );
#656 = ORIENTED_EDGE ( 'NONE', *, *, #1318, .F. ) ;
#657 =( LENGTH_UNIT ( ) NAMED_UNIT ( * ) SI_UNIT ( .MILLI., .METRE. ) );
#658 =( NAMED_UNIT ( * ) PLANE_ANGLE_UNIT ( ) SI_UNIT ( $, .RADIAN. ) );
#659 = UNCERTAINTY_MEASURE_WITH_UNIT (LENGTH_MEASURE( 1.000000000000000082E-05 ), #1750, 'distance_accuracy_value', 'NONE');
#660 = DIRECTION ( 'NONE',  ( 0.000000000000000000, 1.000000000000000000, 0.000000000000000000 ) ) ;
#661 = CARTESIAN_POINT ( 'NONE',  ( -0.2000000000000000944, 0.000000000000000000, 0.4800000000000000377 ) ) ;
#662 = DIRECTION ( 'NONE',  ( 0.000000000000000000, 0.000000000000000000, -1.000000000000000000 ) ) ;
#663 = SURFACE_SIDE_STYLE ('',( #2230 ) ) ;
#664 = DIRECTION ( 'NONE',  ( -0.000000000000000000, -1.000000000000000000, -0.000000000000000000 ) ) ;
#665 = FILL_AREA_STYLE ('',( #461 ) ) ;
#666 = DIRECTION ( 'NONE',  ( 1.000000000000000000, 0.000000000000000000, 3.942553354492743038E-16 ) ) ;
#667 = PRESENTATION_LAYER_ASSIGNMENT (  '', '', ( #334 ) ) ;
#668 =( NAMED_UNIT ( * ) SI_UNIT ( $, .STERADIAN. ) SOLID_ANGLE_UNIT ( ) );
#669 = EDGE_CURVE ( 'NONE', #761, #1107, #2057, .T. ) ;
#670 = EDGE_LOOP ( 'NONE', ( #955, #356, #2457, #1540 ) ) ;
#671 =( NAMED_UNIT ( * ) PLANE_ANGLE_UNIT ( ) SI_UNIT ( $, .RADIAN. ) );
#672 = PLANE ( 'NONE',  #846 ) ;
#673 = PLANE ( 'NONE',  #1009 ) ;
#674 = PRESENTATION_STYLE_ASSIGNMENT (( #261 ) ) ;
#675 =( NAMED_UNIT ( * ) PLANE_ANGLE_UNIT ( ) SI_UNIT ( $, .RADIAN. ) );
#676 = PRESENTATION_STYLE_ASSIGNMENT (( #1233 ) ) ;
#677 = UNCERTAINTY_MEASURE_WITH_UNIT (LENGTH_MEASURE( 1.000000000000000082E-05 ), #2010, 'distance_accuracy_value', 'NONE');
#678 = EDGE_LOOP ( 'NONE', ( #1705, #1101, #721, #1751 ) ) ;
#679 = DIRECTION ( 'NONE',  ( 1.000000000000000000, 0.000000000000000000, 9.856383386231858827E-17 ) ) ;
#680 = CARTESIAN_POINT ( 'NONE',  ( -0.7300000000000000933, -0.05000000000000000278, 0.09999999999999995004 ) ) ;
#681 = EDGE_CURVE ( 'NONE', #822, #1176, #921, .T. ) ;
#682 = PRESENTATION_LAYER_ASSIGNMENT (  '', '', ( #1040 ) ) ;
#683 =( NAMED_UNIT ( * ) SI_UNIT ( $, .STERADIAN. ) SOLID_ANGLE_UNIT ( ) );
#684 = PRESENTATION_STYLE_ASSIGNMENT (( #1111 ) ) ;
#685 = AXIS2_PLACEMENT_3D ( 'NONE', #216, #755, #1498 ) ;
#686 = COLOUR_RGB ( '',0.7529411764705882248, 0.7529411764705882248, 0.7529411764705882248 ) ;
#687 = AXIS2_PLACEMENT_3D ( 'NONE', #2389, #315, #1836 ) ;
#688 = AXIS2_PLACEMENT_3D ( 'NONE', #1943, #2178, #2339 ) ;
#689 = DIRECTION ( 'NONE',  ( 0.000000000000000000, 0.000000000000000000, -1.000000000000000000 ) ) ;
#690 = AXIS2_PLACEMENT_3D ( 'NONE', #1345, #1357, #381 ) ;
#691 = ORIENTED_EDGE ( 'NONE', *, *, #791, .T. ) ;
#692 = DIRECTION ( 'NONE',  ( 1.000000000000000000, 0.000000000000000000, 9.856383386231860060E-17 ) ) ;
#693 = DIRECTION ( 'NONE',  ( -1.000000000000000000, 0.000000000000000000, -1.174552353525963055E-16 ) ) ;
#694 = STYLED_ITEM ( 'NONE', ( #1772 ), #1677 ) ;
#695 = DIRECTION ( 'NONE',  ( -1.000000000000000000, 0.000000000000000000, -1.264902534566421675E-16 ) ) ;
#696 = PLANE ( 'NONE',  #1088 ) ;
#697 = EDGE_CURVE ( 'NONE', #2106, #2220, #1753, .T. ) ;
#698 = ORIENTED_EDGE ( 'NONE', *, *, #349, .T. ) ;
#699 = VERTEX_POINT ( 'NONE', #903 ) ;
#700 = CARTESIAN_POINT ( 'NONE',  ( 0.5999999999999999778, 0.5500000000000000444, 0.3499999999999998113 ) ) ;
#701 = CARTESIAN_POINT ( 'NONE',  ( -0.7300000000000000933, -0.05000000000000000278, -0.08000000000000008493 ) ) ;
#702 = VECTOR ( 'NONE', #689, 1000.000000000000000 ) ;
#703 = DIRECTION ( 'NONE',  ( 0.000000000000000000, -1.000000000000000000, 0.000000000000000000 ) ) ;
#704 =( NAMED_UNIT ( * ) SI_UNIT ( $, .STERADIAN. ) SOLID_ANGLE_UNIT ( ) );
#705 = PLANE ( 'NONE',  #1574 ) ;
#706 = EDGE_CURVE ( 'NONE', #1739, #253, #2223, .T. ) ;
#707 = EDGE_LOOP ( 'NONE', ( #2018, #1985, #459, #1463 ) ) ;
#708 = CARTESIAN_POINT ( 'NONE',  ( 0.8499999999999999778, 0.5500000000000000444, 0.6999999999999997335 ) ) ;
#709 = SURFACE_SIDE_STYLE ('',( #719 ) ) ;
#710 = VECTOR ( 'NONE', #660, 1000.000000000000000 ) ;
#711 = VERTEX_POINT ( 'NONE', #1625 ) ;
#712 = CARTESIAN_POINT ( 'NONE',  ( 0.2199999999999999178, -0.05000000000000000278, -0.2999999999999999334 ) ) ;
#713 = FILL_AREA_STYLE_COLOUR ( '', #1512 ) ;
#714 = CARTESIAN_POINT ( 'NONE',  ( 0.7299999999999999822, 0.000000000000000000, -0.4799999999999998712 ) ) ;
#715 = ORIENTED_EDGE ( 'NONE', *, *, #416, .T. ) ;
#716 = EDGE_CURVE ( 'NONE', #2155, #2280, #2046, .T. ) ;
#717 = SURFACE_STYLE_FILL_AREA ( #351 ) ;
#718 = STYLED_ITEM ( 'NONE', ( #1339 ), #1036 ) ;
#719 = SURFACE_STYLE_FILL_AREA ( #2425 ) ;
#720 = EDGE_CURVE ( 'NONE', #1904, #988, #143, .T. ) ;
#721 = ORIENTED_EDGE ( 'NONE', *, *, #1371, .F. ) ;
#722 = CARTESIAN_POINT ( 'NONE',  ( 0.7499999999999997780, -0.05000000000000000278, 0.4800000000000000377 ) ) ;
#723 = FACE_OUTER_BOUND ( 'NONE', #1553, .T. ) ;
#724 = CARTESIAN_POINT ( 'NONE',  ( -0.7500000000000001110, -0.05000000000000000278, 0.000000000000000000 ) ) ;
#725 = VECTOR ( 'NONE', #532, 1000.000000000000000 ) ;
#726 = DIRECTION ( 'NONE',  ( 0.000000000000000000, 0.000000000000000000, -1.000000000000000000 ) ) ;
#727 = AXIS2_PLACEMENT_3D ( 'NONE', #978, #1708, #559 ) ;
#728 = DIRECTION ( 'NONE',  ( 0.000000000000000000, 0.000000000000000000, -1.000000000000000000 ) ) ;
#729 = DIRECTION ( 'NONE',  ( -2.710505431213760099E-16, 0.000000000000000000, 1.000000000000000000 ) ) ;
#730 = COLOUR_RGB ( '',1.000000000000000000, 1.000000000000000000, 1.000000000000000000 ) ;
#731 = CARTESIAN_POINT ( 'NONE',  ( -0.2000000000000003719, -0.05000000000000000278, 1.084202172485506653E-16 ) ) ;
#732 = ORIENTED_EDGE ( 'NONE', *, *, #1759, .T. ) ;
#733 = AXIS2_PLACEMENT_3D ( 'NONE', #280, #1815, #2365 ) ;
#734 = CARTESIAN_POINT ( 'NONE',  ( 0.000000000000000000, -0.05000000000000000278, 0.000000000000000000 ) ) ;
#735 = CARTESIAN_POINT ( 'NONE',  ( 0.000000000000000000, -0.05000000000000000278, 0.3000000000000000444 ) ) ;
#736 = ORIENTED_EDGE ( 'NONE', *, *, #2028, .T. ) ;
#737 = DIRECTION ( 'NONE',  ( -0.000000000000000000, 1.000000000000000000, -0.000000000000000000 ) ) ;
#738 =( NAMED_UNIT ( * ) SI_UNIT ( $, .STERADIAN. ) SOLID_ANGLE_UNIT ( ) );
#739 = EDGE_CURVE ( 'NONE', #1773, #1725, #2206, .T. ) ;
#740 = DIRECTION ( 'NONE',  ( 1.000000000000000000, 0.000000000000000000, 9.856383386231860060E-17 ) ) ;
#741 = MECHANICAL_DESIGN_GEOMETRIC_PRESENTATION_REPRESENTATION (  '', ( #418 ), #2013 ) ;
#742 = PLANE ( 'NONE',  #690 ) ;
#743 = CARTESIAN_POINT ( 'NONE',  ( 0.7299999999999998712, -0.05000000000000000278, -0.07999999999999990452 ) ) ;
#744 = ORIENTED_EDGE ( 'NONE', *, *, #2394, .T. ) ;
#745 = LINE ( 'NONE', #2063, #1717 ) ;
#746 = UNCERTAINTY_MEASURE_WITH_UNIT (LENGTH_MEASURE( 1.000000000000000082E-05 ), #1608, 'distance_accuracy_value', 'NONE');
#747 = ORIENTED_EDGE ( 'NONE', *, *, #2001, .T. ) ;
#748 = UNCERTAINTY_MEASURE_WITH_UNIT (LENGTH_MEASURE( 1.000000000000000082E-05 ), #851, 'distance_accuracy_value', 'NONE');
#749 = DIRECTION ( 'NONE',  ( 0.000000000000000000, 0.000000000000000000, -1.000000000000000000 ) ) ;
#750 = LINE ( 'NONE', #168, #2168 ) ;
#751 = VECTOR ( 'NONE', #2169, 1000.000000000000000 ) ;
#752 = PRESENTATION_STYLE_ASSIGNMENT (( #2466 ) ) ;
#753 = ORIENTED_EDGE ( 'NONE', *, *, #445, .T. ) ;
#754 = EDGE_CURVE ( 'NONE', #251, #907, #2033, .T. ) ;
#755 = DIRECTION ( 'NONE',  ( 0.000000000000000000, 1.000000000000000000, 0.000000000000000000 ) ) ;
#756 = ORIENTED_EDGE ( 'NONE', *, *, #1842, .F. ) ;
#757 = COLOUR_RGB ( '',0.7529411764705882248, 0.7529411764705882248, 0.7529411764705882248 ) ;
#758 = AXIS2_PLACEMENT_3D ( 'NONE', #915, #703, #2431 ) ;
#759 = FILL_AREA_STYLE ('',( #370 ) ) ;
#760 = CARTESIAN_POINT ( 'NONE',  ( -0.7500000000000001110, -0.05000000000000000278, 0.000000000000000000 ) ) ;
#761 = VERTEX_POINT ( 'NONE', #1071 ) ;
#762 = COLOUR_RGB ( '',0.7529411764705882248, 0.7529411764705882248, 0.7529411764705882248 ) ;
#763 = CARTESIAN_POINT ( 'NONE',  ( -0.8499999999999999778, 0.5500000000000000444, 0.6999999999999999556 ) ) ;
#764 = CARTESIAN_POINT ( 'NONE',  ( -0.7300000000000000933, -0.05000000000000000278, 0.07999999999999994615 ) ) ;
#765 = CARTESIAN_POINT ( 'NONE',  ( 0.7299999999999997602, -0.05000000000000000278, 0.4800000000000000377 ) ) ;
#766 = ORIENTED_EDGE ( 'NONE', *, *, #1229, .F. ) ;
#767 = AXIS2_PLACEMENT_3D ( 'NONE', #2056, #1060, #1841 ) ;
#768 = ORIENTED_EDGE ( 'NONE', *, *, #481, .T. ) ;
#769 = MECHANICAL_DESIGN_GEOMETRIC_PRESENTATION_REPRESENTATION (  '', ( #1532 ), #1429 ) ;
#770 = FILL_AREA_STYLE_COLOUR ( '', #1716 ) ;
#771 = VERTEX_POINT ( 'NONE', #712 ) ;
#772 = FACE_OUTER_BOUND ( 'NONE', #985, .T. ) ;
#773 = DIRECTION ( 'NONE',  ( 1.548860246407863583E-16, 0.000000000000000000, 1.000000000000000000 ) ) ;
#774 = PLANE ( 'NONE',  #1449 ) ;
#775 = VERTEX_POINT ( 'NONE', #320 ) ;
#776 = DIRECTION ( 'NONE',  ( 0.000000000000000000, -1.000000000000000000, 0.000000000000000000 ) ) ;
#777 = ORIENTED_EDGE ( 'NONE', *, *, #1544, .F. ) ;
#778 = MECHANICAL_DESIGN_GEOMETRIC_PRESENTATION_REPRESENTATION (  '', ( #334 ), #986 ) ;
#779 = EDGE_CURVE ( 'NONE', #2472, #91, #2395, .T. ) ;
#780 = ORIENTED_EDGE ( 'NONE', *, *, #1194, .F. ) ;
#781 = SURFACE_STYLE_USAGE ( .BOTH. , #8 ) ;
#782 =( LENGTH_UNIT ( ) NAMED_UNIT ( * ) SI_UNIT ( .MILLI., .METRE. ) );
#783 = DIRECTION ( 'NONE',  ( -0.000000000000000000, 1.000000000000000000, -0.000000000000000000 ) ) ;
#784 = SHAPE_DEFINITION_REPRESENTATION ( #371, #306 ) ;
#785 =( NAMED_UNIT ( * ) PLANE_ANGLE_UNIT ( ) SI_UNIT ( $, .RADIAN. ) );
#786 = VERTEX_POINT ( 'NONE', #2011 ) ;
#787 = FACE_BOUND ( 'NONE', #568, .T. ) ;
#788 = LINE ( 'NONE', #598, #433 ) ;
#789 = ORIENTED_EDGE ( 'NONE', *, *, #134, .T. ) ;
#790 = AXIS2_PLACEMENT_3D ( 'NONE', #1268, #1852, #1295 ) ;
#791 = EDGE_CURVE ( 'NONE', #264, #2042, #330, .T. ) ;
#792 = SURFACE_STYLE_USAGE ( .BOTH. , #2174 ) ;
#793 =( LENGTH_UNIT ( ) NAMED_UNIT ( * ) SI_UNIT ( .MILLI., .METRE. ) );
#794 = DIRECTION ( 'NONE',  ( 0.000000000000000000, 1.000000000000000000, 0.000000000000000000 ) ) ;
#795 = DIRECTION ( 'NONE',  ( 0.000000000000000000, -1.000000000000000000, 0.000000000000000000 ) ) ;
#796 = MECHANICAL_DESIGN_GEOMETRIC_PRESENTATION_REPRESENTATION (  '', ( #1114 ), #552 ) ;
#797 = EDGE_CURVE ( 'NONE', #699, #934, #501, .T. ) ;
#798 = MECHANICAL_DESIGN_GEOMETRIC_PRESENTATION_REPRESENTATION (  '', ( #1838 ), #1638 ) ;
#799 = ORIENTED_EDGE ( 'NONE', *, *, #1350, .F. ) ;
#800 = MECHANICAL_DESIGN_GEOMETRIC_PRESENTATION_REPRESENTATION (  '', ( #595 ), #1673 ) ;
#801 = FILL_AREA_STYLE_COLOUR ( '', #1763 ) ;
#802 =( GEOMETRIC_REPRESENTATION_CONTEXT ( 3 ) GLOBAL_UNCERTAINTY_ASSIGNED_CONTEXT ( ( #162 ) ) GLOBAL_UNIT_ASSIGNED_CONTEXT ( ( #922, #2284, #1292 ) ) REPRESENTATION_CONTEXT ( 'NONE', 'WORKASPACE' ) );
#803 = FILL_AREA_STYLE ('',( #1018 ) ) ;
#804 = ORIENTED_EDGE ( 'NONE', *, *, #720, .F. ) ;
#805 = COLOUR_RGB ( '',0.7529411764705882248, 0.7529411764705882248, 0.7529411764705882248 ) ;
#806 = FILL_AREA_STYLE ('',( #2188 ) ) ;
#807 = PRESENTATION_LAYER_ASSIGNMENT (  '', '', ( #322 ) ) ;
#808 = ORIENTED_EDGE ( 'NONE', *, *, #892, .F. ) ;
#809 = CARTESIAN_POINT ( 'NONE',  ( -0.7300000000000000933, -0.05000000000000000278, 0.5000000000000000000 ) ) ;
#810 = PRESENTATION_STYLE_ASSIGNMENT (( #34 ) ) ;
#811 = FILL_AREA_STYLE ('',( #2226 ) ) ;
#812 = PLANE ( 'NONE',  #112 ) ;
#813 = VERTEX_POINT ( 'NONE', #119 ) ;
#814 = FILL_AREA_STYLE_COLOUR ( '', #757 ) ;
#815 = ADVANCED_FACE ( 'NONE', ( #2305 ), #774, .F. ) ;
#816 =( NAMED_UNIT ( * ) SI_UNIT ( $, .STERADIAN. ) SOLID_ANGLE_UNIT ( ) );
#817 = CARTESIAN_POINT ( 'NONE',  ( 0.7499999999999998890, -0.05000000000000000278, 0.08000000000000011269 ) ) ;
#818 =( NAMED_UNIT ( * ) SI_UNIT ( $, .STERADIAN. ) SOLID_ANGLE_UNIT ( ) );
#819 = ORIENTED_EDGE ( 'NONE', *, *, #260, .F. ) ;
#820 = AXIS2_PLACEMENT_3D ( 'NONE', #2092, #2443, #943 ) ;
#821 = VECTOR ( 'NONE', #933, 1000.000000000000000 ) ;
#822 = VERTEX_POINT ( 'NONE', #182 ) ;
#823 = CARTESIAN_POINT ( 'NONE',  ( -0.7299999999999998712, 0.000000000000000000, -0.5000000000000002220 ) ) ;
#824 = SURFACE_STYLE_USAGE ( .BOTH. , #607 ) ;
#825 = ORIENTED_EDGE ( 'NONE', *, *, #1132, .T. ) ;
#826 =( LENGTH_UNIT ( ) NAMED_UNIT ( * ) SI_UNIT ( .MILLI., .METRE. ) );
#827 = UNCERTAINTY_MEASURE_WITH_UNIT (LENGTH_MEASURE( 1.000000000000000082E-05 ), #898, 'distance_accuracy_value', 'NONE');
#828 = CARTESIAN_POINT ( 'NONE',  ( 0.7499999999999998890, -0.05000000000000000278, -0.07999999999999990452 ) ) ;
#829 = EDGE_CURVE ( 'NONE', #2155, #1940, #1082, .T. ) ;
#830 = ORIENTED_EDGE ( 'NONE', *, *, #445, .F. ) ;
#831 = LINE ( 'NONE', #2362, #1757 ) ;
#832 = VERTEX_POINT ( 'NONE', #1697 ) ;
#833 = CARTESIAN_POINT ( 'NONE',  ( 5.913830031739115543E-17, 0.000000000000000000, -0.2999999999999999889 ) ) ;
#834 =( GEOMETRIC_REPRESENTATION_CONTEXT ( 3 ) GLOBAL_UNCERTAINTY_ASSIGNED_CONTEXT ( ( #2357 ) ) GLOBAL_UNIT_ASSIGNED_CONTEXT ( ( #380, #1898, #1711 ) ) REPRESENTATION_CONTEXT ( 'NONE', 'WORKASPACE' ) );
#835 = ORIENTED_EDGE ( 'NONE', *, *, #2420, .F. ) ;
#836 = MECHANICAL_DESIGN_GEOMETRIC_PRESENTATION_REPRESENTATION (  '', ( #313 ), #444 ) ;
#837 = DIRECTION ( 'NONE',  ( -0.000000000000000000, -1.000000000000000000, -0.000000000000000000 ) ) ;
#838 = DIRECTION ( 'NONE',  ( 0.000000000000000000, -0.000000000000000000, -1.000000000000000000 ) ) ;
#839 = CARTESIAN_POINT ( 'NONE',  ( -0.7299999999999998712, -0.05000000000000000278, -0.5000000000000002220 ) ) ;
#840 =( GEOMETRIC_REPRESENTATION_CONTEXT ( 3 ) GLOBAL_UNCERTAINTY_ASSIGNED_CONTEXT ( ( #2184 ) ) GLOBAL_UNIT_ASSIGNED_CONTEXT ( ( #624, #1806, #1388 ) ) REPRESENTATION_CONTEXT ( 'NONE', 'WORKASPACE' ) );
#841 = UNCERTAINTY_MEASURE_WITH_UNIT (LENGTH_MEASURE( 1.000000000000000082E-05 ), #782, 'distance_accuracy_value', 'NONE');
#842 = STYLED_ITEM ( 'NONE', ( #2326 ), #5 ) ;
#843 = COLOUR_RGB ( '',0.000000000000000000, 0.000000000000000000, 0.000000000000000000 ) ;
#844 = ADVANCED_FACE ( 'NONE', ( #360 ), #2124, .T. ) ;
#845 = AXIS2_PLACEMENT_3D ( 'NONE', #913, #1092, #2032 ) ;
#846 = AXIS2_PLACEMENT_3D ( 'NONE', #489, #300, #873 ) ;
#847 = DIRECTION ( 'NONE',  ( -0.000000000000000000, 1.000000000000000000, -0.000000000000000000 ) ) ;
#848 = CARTESIAN_POINT ( 'NONE',  ( 0.7499999999999997780, -0.05000000000000000278, -0.3199999999999997846 ) ) ;
#849 =( NAMED_UNIT ( * ) SI_UNIT ( $, .STERADIAN. ) SOLID_ANGLE_UNIT ( ) );
#850 =( GEOMETRIC_REPRESENTATION_CONTEXT ( 3 ) GLOBAL_UNCERTAINTY_ASSIGNED_CONTEXT ( ( #677 ) ) GLOBAL_UNIT_ASSIGNED_CONTEXT ( ( #2010, #658, #468 ) ) REPRESENTATION_CONTEXT ( 'NONE', 'WORKASPACE' ) );
#851 =( LENGTH_UNIT ( ) NAMED_UNIT ( * ) SI_UNIT ( .MILLI., .METRE. ) );
#852 = ORIENTED_EDGE ( 'NONE', *, *, #372, .T. ) ;
#853 = PRESENTATION_STYLE_ASSIGNMENT (( #1227 ) ) ;
#854 = FACE_OUTER_BOUND ( 'NONE', #2235, .T. ) ;
#855 = CARTESIAN_POINT ( 'NONE',  ( -0.7500000000000001110, -0.05000000000000000278, -0.3200000000000001732 ) ) ;
#856 = DIRECTION ( 'NONE',  ( 0.000000000000000000, 0.000000000000000000, -1.000000000000000000 ) ) ;
#857 = PLANE ( 'NONE',  #2323 ) ;
#858 = EDGE_CURVE ( 'NONE', #968, #1431, #191, .T. ) ;
#859 = CARTESIAN_POINT ( 'NONE',  ( -0.1999999999999999556, -0.05000000000000000278, -0.4800000000000000377 ) ) ;
#860 = LINE ( 'NONE', #604, #2452 ) ;
#861 = COLOUR_RGB ( '',0.7529411764705882248, 0.7529411764705882248, 0.7529411764705882248 ) ;
#862 = DIRECTION ( 'NONE',  ( 0.000000000000000000, -1.000000000000000000, 0.000000000000000000 ) ) ;
#863 = ORIENTED_EDGE ( 'NONE', *, *, #303, .T. ) ;
#864 = CARTESIAN_POINT ( 'NONE',  ( -0.09696699141100706409, -0.05000000000000000278, 0.09696699141100555142 ) ) ;
#865 = DIRECTION ( 'NONE',  ( -0.000000000000000000, -1.000000000000000000, -0.000000000000000000 ) ) ;
#866 = FILL_AREA_STYLE_COLOUR ( '', #2319 ) ;
#867 = PLANE ( 'NONE',  #302 ) ;
#868 = PLANE ( 'NONE',  #2265 ) ;
#869 = SURFACE_STYLE_USAGE ( .BOTH. , #1829 ) ;
#870 = PRESENTATION_STYLE_ASSIGNMENT (( #2041 ) ) ;
#871 = UNCERTAINTY_MEASURE_WITH_UNIT (LENGTH_MEASURE( 1.000000000000000082E-05 ), #2346, 'distance_accuracy_value', 'NONE');
#872 = ORIENTED_EDGE ( 'NONE', *, *, #146, .T. ) ;
#873 = DIRECTION ( 'NONE',  ( 1.000000000000000000, 0.000000000000000000, 3.942553354492743531E-16 ) ) ;
#874 = ADVANCED_FACE ( 'NONE', ( #1908 ), #169, .T. ) ;
#875 = VECTOR ( 'NONE', #1820, 1000.000000000000000 ) ;
#876 = DIRECTION ( 'NONE',  ( 0.000000000000000000, -1.000000000000000000, 0.000000000000000000 ) ) ;
#877 = MECHANICAL_DESIGN_GEOMETRIC_PRESENTATION_REPRESENTATION (  '', ( #1872 ), #2479 ) ;
#878 = MECHANICAL_DESIGN_GEOMETRIC_PRESENTATION_REPRESENTATION (  '', ( #2156 ), #2029 ) ;
#879 = CARTESIAN_POINT ( 'NONE',  ( -0.7300000000000000933, -0.05000000000000000278, -0.3200000000000001732 ) ) ;
#880 = PRESENTATION_LAYER_ASSIGNMENT (  '', '', ( #1002 ) ) ;
#881 = AXIS2_PLACEMENT_3D ( 'NONE', #222, #2192, #243 ) ;
#882 = COLOUR_RGB ( '',0.7529411764705882248, 0.7529411764705882248, 0.7529411764705882248 ) ;
#883 = AXIS2_PLACEMENT_3D ( 'NONE', #75, #2337, #1231 ) ;
#884 = PRESENTATION_STYLE_ASSIGNMENT (( #111 ) ) ;
#885 = CIRCLE ( 'NONE', #1881, 0.01999999999999999695 ) ;
#886 =( NAMED_UNIT ( * ) PLANE_ANGLE_UNIT ( ) SI_UNIT ( $, .RADIAN. ) );
#887 = VECTOR ( 'NONE', #2303, 1000.000000000000000 ) ;
#888 = ORIENTED_EDGE ( 'NONE', *, *, #2309, .T. ) ;
#889 = FILL_AREA_STYLE ('',( #2222 ) ) ;
#890 = VECTOR ( 'NONE', #1651, 1000.000000000000000 ) ;
#891 = DIRECTION ( 'NONE',  ( 0.000000000000000000, 0.000000000000000000, -1.000000000000000000 ) ) ;
#892 = EDGE_CURVE ( 'NONE', #1417, #201, #1013, .T. ) ;
#893 = SURFACE_SIDE_STYLE ('',( #2058 ) ) ;
#894 = CARTESIAN_POINT ( 'NONE',  ( 0.3060660171779812089, -0.05000000000000000278, 0.5000000000000000000 ) ) ;
#895 = FILL_AREA_STYLE ('',( #2037 ) ) ;
#896 = EDGE_LOOP ( 'NONE', ( #1396, #2377, #570, #237 ) ) ;
#897 =( NAMED_UNIT ( * ) PLANE_ANGLE_UNIT ( ) SI_UNIT ( $, .RADIAN. ) );
#898 =( LENGTH_UNIT ( ) NAMED_UNIT ( * ) SI_UNIT ( .MILLI., .METRE. ) );
#899 = PLANE ( 'NONE',  #1556 ) ;
#900 = ORIENTED_EDGE ( 'NONE', *, *, #533, .F. ) ;
#901 = SURFACE_SIDE_STYLE ('',( #318 ) ) ;
#902 =( NAMED_UNIT ( * ) PLANE_ANGLE_UNIT ( ) SI_UNIT ( $, .RADIAN. ) );
#903 = CARTESIAN_POINT ( 'NONE',  ( 0.7299999999999998712, -0.05000000000000000278, -0.09999999999999989453 ) ) ;
#904 =( GEOMETRIC_REPRESENTATION_CONTEXT ( 3 ) GLOBAL_UNCERTAINTY_ASSIGNED_CONTEXT ( ( #1790 ) ) GLOBAL_UNIT_ASSIGNED_CONTEXT ( ( #504, #137, #337 ) ) REPRESENTATION_CONTEXT ( 'NONE', 'WORKASPACE' ) );
#905 = DIRECTION ( 'NONE',  ( 0.000000000000000000, 0.000000000000000000, 1.000000000000000000 ) ) ;
#906 = EDGE_CURVE ( 'NONE', #1324, #528, #2352, .T. ) ;
#907 = VERTEX_POINT ( 'NONE', #1435 ) ;
#908 = ADVANCED_FACE ( 'NONE', ( #2179 ), #812, .T. ) ;
#909 = CARTESIAN_POINT ( 'NONE',  ( -0.7300000000000000933, -0.05000000000000000278, -0.1000000000000000888 ) ) ;
#910 = EDGE_LOOP ( 'NONE', ( #1691, #691, #157, #1819 ) ) ;
#911 = CARTESIAN_POINT ( 'NONE',  ( 0.2199999999999999178, -0.05000000000000000278, -0.2999999999999999334 ) ) ;
#912 = CARTESIAN_POINT ( 'NONE',  ( 0.8499999999999997558, 0.000000000000000000, -0.7000000000000001776 ) ) ;
#913 = CARTESIAN_POINT ( 'NONE',  ( 0.7299999999999999822, -0.05000000000000000278, -0.4799999999999998712 ) ) ;
#914 = CARTESIAN_POINT ( 'NONE',  ( -0.2200000000000000844, -0.05000000000000000278, 0.5000000000000000000 ) ) ;
#915 = CARTESIAN_POINT ( 'NONE',  ( 0.7299999999999999822, -0.05000000000000000278, -0.4799999999999998712 ) ) ;
#916 = VECTOR ( 'NONE', #2031, 1000.000000000000000 ) ;
#917 = SURFACE_STYLE_USAGE ( .BOTH. , #333 ) ;
#918 = COLOUR_RGB ( '',0.7529411764705882248, 0.7529411764705882248, 0.7529411764705882248 ) ;
#919 = AXIS2_PLACEMENT_3D ( 'NONE', #1779, #1400, #289 ) ;
#920 = LINE ( 'NONE', #1676, #2095 ) ;
#921 = CIRCLE ( 'NONE', #2115, 0.01999999999999999695 ) ;
#922 =( LENGTH_UNIT ( ) NAMED_UNIT ( * ) SI_UNIT ( .MILLI., .METRE. ) );
#923 = ADVANCED_FACE ( 'NONE', ( #2164 ), #213, .T. ) ;
#924 = VECTOR ( 'NONE', #2252, 1000.000000000000000 ) ;
#925 = LINE ( 'NONE', #2094, #2204 ) ;
#926 = ORIENTED_EDGE ( 'NONE', *, *, #1740, .F. ) ;
#927 =( NAMED_UNIT ( * ) PLANE_ANGLE_UNIT ( ) SI_UNIT ( $, .RADIAN. ) );
#928 = DIRECTION ( 'NONE',  ( -0.000000000000000000, 1.000000000000000000, -0.000000000000000000 ) ) ;
#929 = MECHANICAL_DESIGN_GEOMETRIC_PRESENTATION_REPRESENTATION (  '', ( #2082 ), #1563 ) ;
#930 = PRESENTATION_STYLE_ASSIGNMENT (( #1924 ) ) ;
#931 = CIRCLE ( 'NONE', #1418, 0.01999999999999999695 ) ;
#932 = CIRCLE ( 'NONE', #1376, 0.01999999999999999695 ) ;
#933 = DIRECTION ( 'NONE',  ( 0.000000000000000000, 0.000000000000000000, -1.000000000000000000 ) ) ;
#934 = VERTEX_POINT ( 'NONE', #909 ) ;
#935 = LINE ( 'NONE', #1857, #924 ) ;
#936 = ADVANCED_FACE ( 'NONE', ( #1850 ), #2414, .F. ) ;
#937 = ORIENTED_EDGE ( 'NONE', *, *, #2345, .T. ) ;
#938 = CARTESIAN_POINT ( 'NONE',  ( -0.2200000000000000566, 0.000000000000000000, -0.3200000000000001177 ) ) ;
#939 =( NAMED_UNIT ( * ) SI_UNIT ( $, .STERADIAN. ) SOLID_ANGLE_UNIT ( ) );
#940 = ORIENTED_EDGE ( 'NONE', *, *, #1560, .T. ) ;
#941 =( GEOMETRIC_REPRESENTATION_CONTEXT ( 3 ) GLOBAL_UNCERTAINTY_ASSIGNED_CONTEXT ( ( #2170 ) ) GLOBAL_UNIT_ASSIGNED_CONTEXT ( ( #1017, #1202, #1963 ) ) REPRESENTATION_CONTEXT ( 'NONE', 'WORKASPACE' ) );
#942 = FILL_AREA_STYLE_COLOUR ( '', #1642 ) ;
#943 = DIRECTION ( 'NONE',  ( 0.000000000000000000, -0.000000000000000000, -1.000000000000000000 ) ) ;
#944 =( LENGTH_UNIT ( ) NAMED_UNIT ( * ) SI_UNIT ( .MILLI., .METRE. ) );
#945 = STYLED_ITEM ( 'NONE', ( #1249 ), #2328 ) ;
#946 = SURFACE_STYLE_FILL_AREA ( #895 ) ;
#947 = EDGE_LOOP ( 'NONE', ( #2080, #777, #1444, #830 ) ) ;
#948 = SURFACE_STYLE_USAGE ( .BOTH. , #1517 ) ;
#949 = DIRECTION ( 'NONE',  ( -1.548860246407863583E-16, -0.000000000000000000, -1.000000000000000000 ) ) ;
#950 = EDGE_LOOP ( 'NONE', ( #2090, #980, #1003, #2253 ) ) ;
#951 = UNCERTAINTY_MEASURE_WITH_UNIT (LENGTH_MEASURE( 1.000000000000000082E-05 ), #541, 'distance_accuracy_value', 'NONE');
#952 = DIRECTION ( 'NONE',  ( -0.000000000000000000, -1.000000000000000000, -0.000000000000000000 ) ) ;
#953 =( NAMED_UNIT ( * ) PLANE_ANGLE_UNIT ( ) SI_UNIT ( $, .RADIAN. ) );
#954 = LINE ( 'NONE', #1506, #887 ) ;
#955 = ORIENTED_EDGE ( 'NONE', *, *, #1420, .F. ) ;
#956 = EDGE_CURVE ( 'NONE', #1176, #2288, #473, .T. ) ;
#957 = SURFACE_STYLE_FILL_AREA ( #185 ) ;
#958 = ORIENTED_EDGE ( 'NONE', *, *, #2028, .F. ) ;
#959 =( GEOMETRIC_REPRESENTATION_CONTEXT ( 3 ) GLOBAL_UNCERTAINTY_ASSIGNED_CONTEXT ( ( #1034 ) ) GLOBAL_UNIT_ASSIGNED_CONTEXT ( ( #329, #1732, #2463 ) ) REPRESENTATION_CONTEXT ( 'NONE', 'WORKASPACE' ) );
#960 = VECTOR ( 'NONE', #1486, 1000.000000000000000 ) ;
#961 = SURFACE_STYLE_USAGE ( .BOTH. , #1704 ) ;
#962 = ORIENTED_EDGE ( 'NONE', *, *, #1891, .T. ) ;
#963 = MECHANICAL_DESIGN_GEOMETRIC_PRESENTATION_REPRESENTATION (  '', ( #718 ), #76 ) ;
#964 = DIRECTION ( 'NONE',  ( 0.000000000000000000, 0.000000000000000000, 1.000000000000000000 ) ) ;
#965 = CARTESIAN_POINT ( 'NONE',  ( 0.7299999999999997602, -0.05000000000000000278, 0.5000000000000000000 ) ) ;
#966 = DIRECTION ( 'NONE',  ( 0.000000000000000000, 0.000000000000000000, -1.000000000000000000 ) ) ;
#967 = DIRECTION ( 'NONE',  ( 0.000000000000000000, 1.000000000000000000, -0.000000000000000000 ) ) ;
#968 = VERTEX_POINT ( 'NONE', #101 ) ;
#969 = DIRECTION ( 'NONE',  ( 0.000000000000000000, 0.000000000000000000, -1.000000000000000000 ) ) ;
#970 = PRESENTATION_LAYER_ASSIGNMENT (  '', '', ( #2408 ) ) ;
#971 = EDGE_CURVE ( 'NONE', #2330, #832, #2007, .T. ) ;
#972 = PRESENTATION_LAYER_ASSIGNMENT (  '', '', ( #1644 ) ) ;
#973 = VERTEX_POINT ( 'NONE', #127 ) ;
#974 = STYLED_ITEM ( 'NONE', ( #674 ), #567 ) ;
#975 = EDGE_LOOP ( 'NONE', ( #1746, #72, #1156, #52 ) ) ;
#976 = SURFACE_STYLE_FILL_AREA ( #202 ) ;
#977 = DIRECTION ( 'NONE',  ( 0.000000000000000000, -0.000000000000000000, -1.000000000000000000 ) ) ;
#978 = CARTESIAN_POINT ( 'NONE',  ( -0.7300000000000000933, -0.05000000000000000278, -0.08000000000000008493 ) ) ;
#979 = DIRECTION ( 'NONE',  ( 0.000000000000000000, 0.000000000000000000, -1.000000000000000000 ) ) ;
#980 = ORIENTED_EDGE ( 'NONE', *, *, #581, .T. ) ;
#981 =( NAMED_UNIT ( * ) PLANE_ANGLE_UNIT ( ) SI_UNIT ( $, .RADIAN. ) );
#982 = SURFACE_STYLE_FILL_AREA ( #1387 ) ;
#983 = CARTESIAN_POINT ( 'NONE',  ( -0.7500000000000001110, -0.05000000000000000278, 0.3199999999999999512 ) ) ;
#984 = ADVANCED_FACE ( 'NONE', ( #1056 ), #899, .T. ) ;
#985 = EDGE_LOOP ( 'NONE', ( #336, #1343, #1139, #1491 ) ) ;
#986 =( GEOMETRIC_REPRESENTATION_CONTEXT ( 3 ) GLOBAL_UNCERTAINTY_ASSIGNED_CONTEXT ( ( #262 ) ) GLOBAL_UNIT_ASSIGNED_CONTEXT ( ( #2059, #2140, #816 ) ) REPRESENTATION_CONTEXT ( 'NONE', 'WORKASPACE' ) );
#987 = FACE_OUTER_BOUND ( 'NONE', #590, .T. ) ;
#988 = VERTEX_POINT ( 'NONE', #1678 ) ;
#989 = DIRECTION ( 'NONE',  ( -0.000000000000000000, 1.000000000000000000, -0.000000000000000000 ) ) ;
#990 =( NAMED_UNIT ( * ) PLANE_ANGLE_UNIT ( ) SI_UNIT ( $, .RADIAN. ) );
#991 = VERTEX_POINT ( 'NONE', #1890 ) ;
#992 = DIRECTION ( 'NONE',  ( 0.000000000000000000, -1.000000000000000000, 0.000000000000000000 ) ) ;
#993 = FACE_OUTER_BOUND ( 'NONE', #2120, .T. ) ;
#994 = ORIENTED_EDGE ( 'NONE', *, *, #716, .T. ) ;
#995 =( GEOMETRIC_REPRESENTATION_CONTEXT ( 3 ) GLOBAL_UNCERTAINTY_ASSIGNED_CONTEXT ( ( #1978 ) ) GLOBAL_UNIT_ASSIGNED_CONTEXT ( ( #1464, #927, #1483 ) ) REPRESENTATION_CONTEXT ( 'NONE', 'WORKASPACE' ) );
#996 = CARTESIAN_POINT ( 'NONE',  ( 0.1999999999999998168, 0.000000000000000000, 0.000000000000000000 ) ) ;
#997 = EDGE_CURVE ( 'NONE', #1274, #1902, #925, .T. ) ;
#998 = VECTOR ( 'NONE', #2289, 1000.000000000000000 ) ;
#999 =( LENGTH_UNIT ( ) NAMED_UNIT ( * ) SI_UNIT ( .MILLI., .METRE. ) );
#1000 = SURFACE_STYLE_FILL_AREA ( #1224 ) ;
#1001 = PRESENTATION_LAYER_ASSIGNMENT (  '', '', ( #1114 ) ) ;
#1002 = STYLED_ITEM ( 'NONE', ( #107 ), #646 ) ;
#1003 = ORIENTED_EDGE ( 'NONE', *, *, #2345, .F. ) ;
#1004 = SURFACE_SIDE_STYLE ('',( #1425 ) ) ;
#1005 = PRESENTATION_STYLE_ASSIGNMENT (( #271 ) ) ;
#1006 = PRESENTATION_LAYER_ASSIGNMENT (  '', '', ( #361 ) ) ;
#1007 = PRESENTATION_STYLE_ASSIGNMENT (( #263 ) ) ;
#1008 = ORIENTED_EDGE ( 'NONE', *, *, #2315, .F. ) ;
#1009 = AXIS2_PLACEMENT_3D ( 'NONE', #67, #1998, #838 ) ;
#1010 =( LENGTH_UNIT ( ) NAMED_UNIT ( * ) SI_UNIT ( .MILLI., .METRE. ) );
#1011 = LINE ( 'NONE', #1383, #2285 ) ;
#1012 = ADVANCED_FACE ( 'NONE', ( #529 ), #374, .T. ) ;
#1013 = LINE ( 'NONE', #633, #1365 ) ;
#1014 = EDGE_LOOP ( 'NONE', ( #1975, #508, #1954, #440 ) ) ;
#1015 = SURFACE_STYLE_FILL_AREA ( #1426 ) ;
#1016 = FILL_AREA_STYLE ('',( #801 ) ) ;
#1017 =( LENGTH_UNIT ( ) NAMED_UNIT ( * ) SI_UNIT ( .MILLI., .METRE. ) );
#1018 = FILL_AREA_STYLE_COLOUR ( '', #1255 ) ;
#1019 = UNCERTAINTY_MEASURE_WITH_UNIT (LENGTH_MEASURE( 1.000000000000000082E-05 ), #1430, 'distance_accuracy_value', 'NONE');
#1020 = CARTESIAN_POINT ( 'NONE',  ( -0.7300000000000000933, -0.05000000000000000278, 0.3199999999999999512 ) ) ;
#1021 = EDGE_LOOP ( 'NONE', ( #61, #1516, #1581, #19 ) ) ;
#1022 = CARTESIAN_POINT ( 'NONE',  ( 0.000000000000000000, 0.5500000000000000444, 0.000000000000000000 ) ) ;
#1023 = AXIS2_PLACEMENT_3D ( 'NONE', #2261, #324, #1866 ) ;
#1024 = MECHANICAL_DESIGN_GEOMETRIC_PRESENTATION_REPRESENTATION (  '', ( #579 ), #2014 ) ;
#1025 = EDGE_LOOP ( 'NONE', ( #1798, #1496, #521, #2008 ) ) ;
#1026 = DIRECTION ( 'NONE',  ( 0.000000000000000000, 0.000000000000000000, 1.000000000000000000 ) ) ;
#1027 = DIRECTION ( 'NONE',  ( -1.000000000000000000, 0.000000000000000000, -1.084202172485504631E-15 ) ) ;
#1028 =( LENGTH_UNIT ( ) NAMED_UNIT ( * ) SI_UNIT ( .MILLI., .METRE. ) );
#1029 =( NAMED_UNIT ( * ) PLANE_ANGLE_UNIT ( ) SI_UNIT ( $, .RADIAN. ) );
#1030 = ORIENTED_EDGE ( 'NONE', *, *, #2281, .T. ) ;
#1031 =( NAMED_UNIT ( * ) SI_UNIT ( $, .STERADIAN. ) SOLID_ANGLE_UNIT ( ) );
#1032 =( NAMED_UNIT ( * ) SI_UNIT ( $, .STERADIAN. ) SOLID_ANGLE_UNIT ( ) );
#1033 = CARTESIAN_POINT ( 'NONE',  ( -0.7300000000000000933, 0.000000000000000000, 0.07999999999999994615 ) ) ;
#1034 = UNCERTAINTY_MEASURE_WITH_UNIT (LENGTH_MEASURE( 1.000000000000000082E-05 ), #329, 'distance_accuracy_value', 'NONE');
#1035 = CARTESIAN_POINT ( 'NONE',  ( -0.7500000000000001110, -0.05000000000000000278, 0.000000000000000000 ) ) ;
#1036 = ADVANCED_FACE ( 'NONE', ( #2461 ), #1718, .F. ) ;
#1037 = VERTEX_POINT ( 'NONE', #354 ) ;
#1038 = CYLINDRICAL_SURFACE ( 'NONE', #644, 0.01999999999999999695 ) ;
#1039 = ORIENTED_EDGE ( 'NONE', *, *, #1132, .F. ) ;
#1040 = STYLED_ITEM ( 'NONE', ( #853 ), #196 ) ;
#1041 = PRESENTATION_STYLE_ASSIGNMENT (( #1770 ) ) ;
#1042 = SURFACE_STYLE_USAGE ( .BOTH. , #1054 ) ;
#1043 = SURFACE_SIDE_STYLE ('',( #268 ) ) ;
#1044 = ORIENTED_EDGE ( 'NONE', *, *, #549, .T. ) ;
#1045 = DIRECTION ( 'NONE',  ( -0.000000000000000000, 1.000000000000000000, -0.000000000000000000 ) ) ;
#1046 =( GEOMETRIC_REPRESENTATION_CONTEXT ( 3 ) GLOBAL_UNCERTAINTY_ASSIGNED_CONTEXT ( ( #2098 ) ) GLOBAL_UNIT_ASSIGNED_CONTEXT ( ( #511, #2418, #683 ) ) REPRESENTATION_CONTEXT ( 'NONE', 'WORKASPACE' ) );
#1047 = AXIS2_PLACEMENT_3D ( 'NONE', #1196, #279, #1273 ) ;
#1048 =( GEOMETRIC_REPRESENTATION_CONTEXT ( 3 ) GLOBAL_UNCERTAINTY_ASSIGNED_CONTEXT ( ( #1894 ) ) GLOBAL_UNIT_ASSIGNED_CONTEXT ( ( #1410, #1745, #655 ) ) REPRESENTATION_CONTEXT ( 'NONE', 'WORKASPACE' ) );
#1049 = EDGE_CURVE ( 'NONE', #1417, #1076, #1119, .T. ) ;
#1050 = AXIS2_PLACEMENT_3D ( 'NONE', #1240, #248, #1747 ) ;
#1051 = VECTOR ( 'NONE', #1734, 1000.000000000000000 ) ;
#1052 = FILL_AREA_STYLE_COLOUR ( '', #1462 ) ;
#1053 = DIRECTION ( 'NONE',  ( -0.000000000000000000, -1.000000000000000000, -0.000000000000000000 ) ) ;
#1054 = SURFACE_SIDE_STYLE ('',( #2163 ) ) ;
#1055 = AXIS2_PLACEMENT_3D ( 'NONE', #1108, #1465, #498 ) ;
#1056 = FACE_OUTER_BOUND ( 'NONE', #366, .T. ) ;
#1057 = UNCERTAINTY_MEASURE_WITH_UNIT (LENGTH_MEASURE( 1.000000000000000082E-05 ), #2019, 'distance_accuracy_value', 'NONE');
#1058 = LINE ( 'NONE', #2391, #1403 ) ;
#1059 =( LENGTH_UNIT ( ) NAMED_UNIT ( * ) SI_UNIT ( .MILLI., .METRE. ) );
#1060 = DIRECTION ( 'NONE',  ( -0.000000000000000000, 1.000000000000000000, -0.000000000000000000 ) ) ;
#1061 = DIRECTION ( 'NONE',  ( -0.000000000000000000, 1.000000000000000000, -0.000000000000000000 ) ) ;
#1062 = FACE_OUTER_BOUND ( 'NONE', #447, .T. ) ;
#1063 = EDGE_CURVE ( 'NONE', #2426, #1488, #1502, .T. ) ;
#1064 = PLANE ( 'NONE',  #502 ) ;
#1065 = EDGE_CURVE ( 'NONE', #413, #1356, #2243, .T. ) ;
#1066 = DIRECTION ( 'NONE',  ( -1.084202172485504631E-15, 0.000000000000000000, 1.000000000000000000 ) ) ;
#1067 = STYLED_ITEM ( 'NONE', ( #884 ), #2371 ) ;
#1068 = ORIENTED_EDGE ( 'NONE', *, *, #73, .F. ) ;
#1069 = SURFACE_STYLE_FILL_AREA ( #2236 ) ;
#1070 = CARTESIAN_POINT ( 'NONE',  ( -0.2199999999999999456, 0.000000000000000000, -0.4800000000000000377 ) ) ;
#1071 = CARTESIAN_POINT ( 'NONE',  ( 0.7500000000000000000, -0.05000000000000000278, -0.4799999999999998712 ) ) ;
#1072 = CARTESIAN_POINT ( 'NONE',  ( -0.2000000000000000944, -0.05000000000000000278, 0.4800000000000000377 ) ) ;
#1073 = FILL_AREA_STYLE_COLOUR ( '', #1875 ) ;
#1074 = PRESENTATION_STYLE_ASSIGNMENT (( #296 ) ) ;
#1075 = EDGE_CURVE ( 'NONE', #711, #786, #589, .T. ) ;
#1076 = VERTEX_POINT ( 'NONE', #1939 ) ;
#1077 = CYLINDRICAL_SURFACE ( 'NONE', #1474, 0.01999999999999999695 ) ;
#1078 = CARTESIAN_POINT ( 'NONE',  ( -0.2199999999999999456, -0.05000000000000000278, -0.5000000000000000000 ) ) ;
#1079 = STYLED_ITEM ( 'NONE', ( #2427 ), #319 ) ;
#1080 = DIRECTION ( 'NONE',  ( -1.000000000000000000, 0.000000000000000000, -1.264902534566421675E-16 ) ) ;
#1081 = AXIS2_PLACEMENT_3D ( 'NONE', #1020, #2154, #1948 ) ;
#1082 = CIRCLE ( 'NONE', #1409, 0.01999999999999999695 ) ;
#1083 = PRESENTATION_LAYER_ASSIGNMENT (  '', '', ( #1876 ) ) ;
#1084 =( LENGTH_UNIT ( ) NAMED_UNIT ( * ) SI_UNIT ( .MILLI., .METRE. ) );
#1085 = VECTOR ( 'NONE', #2474, 1000.000000000000000 ) ;
#1086 = MECHANICAL_DESIGN_GEOMETRIC_PRESENTATION_REPRESENTATION (  '', ( #277 ), #1558 ) ;
#1087 = FILL_AREA_STYLE ('',( #1073 ) ) ;
#1088 = AXIS2_PLACEMENT_3D ( 'NONE', #132, #1271, #2023 ) ;
#1089 = DIRECTION ( 'NONE',  ( 0.000000000000000000, 1.000000000000000000, 0.000000000000000000 ) ) ;
#1090 = ORIENTED_EDGE ( 'NONE', *, *, #118, .T. ) ;
#1091 = PLANE ( 'NONE',  #1208 ) ;
#1092 = DIRECTION ( 'NONE',  ( 0.000000000000000000, 1.000000000000000000, 0.000000000000000000 ) ) ;
#1093 = ADVANCED_FACE ( 'NONE', ( #987 ), #1741, .T. ) ;
#1094 = AXIS2_PLACEMENT_3D ( 'NONE', #1352, #1165, #977 ) ;
#1095 = LINE ( 'NONE', #1298, #1199 ) ;
#1096 = AXIS2_PLACEMENT_3D ( 'NONE', #471, #1061, #1999 ) ;
#1097 = LINE ( 'NONE', #1072, #1445 ) ;
#1098 = ADVANCED_FACE ( 'NONE', ( #993 ), #1312, .T. ) ;
#1099 =( NAMED_UNIT ( * ) SI_UNIT ( $, .STERADIAN. ) SOLID_ANGLE_UNIT ( ) );
#1100 =( LENGTH_UNIT ( ) NAMED_UNIT ( * ) SI_UNIT ( .MILLI., .METRE. ) );
#1101 = ORIENTED_EDGE ( 'NONE', *, *, #181, .F. ) ;
#1102 = PRESENTATION_LAYER_ASSIGNMENT (  '', '', ( #2251 ) ) ;
#1103 = EDGE_CURVE ( 'NONE', #2426, #991, #1727, .T. ) ;
#1104 = DIRECTION ( 'NONE',  ( -0.000000000000000000, 1.000000000000000000, 0.000000000000000000 ) ) ;
#1105 = FILL_AREA_STYLE ('',( #2433 ) ) ;
#1106 = ORIENTED_EDGE ( 'NONE', *, *, #779, .T. ) ;
#1107 = VERTEX_POINT ( 'NONE', #2297 ) ;
#1108 = CARTESIAN_POINT ( 'NONE',  ( 0.5999999999999999778, 0.5400000000000000355, 0.4500000000000000111 ) ) ;
#1109 = SURFACE_STYLE_FILL_AREA ( #1548 ) ;
#1110 = CARTESIAN_POINT ( 'NONE',  ( -0.2200000000000001954, -0.05000000000000000278, 0.3200000000000000067 ) ) ;
#1111 = SURFACE_STYLE_USAGE ( .BOTH. , #893 ) ;
#1112 = CARTESIAN_POINT ( 'NONE',  ( -0.7500000000000001110, -0.000000000000000000, 0.4800000000000000377 ) ) ;
#1113 = MECHANICAL_DESIGN_GEOMETRIC_PRESENTATION_REPRESENTATION (  '', ( #1915 ), #554 ) ;
#1114 = STYLED_ITEM ( 'NONE', ( #576 ), #1170 ) ;
#1115 = EDGE_CURVE ( 'NONE', #2280, #1303, #208, .T. ) ;
#1116 = ORIENTED_EDGE ( 'NONE', *, *, #1450, .T. ) ;
#1117 = PRESENTATION_LAYER_ASSIGNMENT (  '', '', ( #1640 ) ) ;
#1118 = PRESENTATION_LAYER_ASSIGNMENT (  '', '', ( #38 ) ) ;
#1119 = LINE ( 'NONE', #2492, #1085 ) ;
#1120 = ORIENTED_EDGE ( 'NONE', *, *, #164, .T. ) ;
#1121 = DIRECTION ( 'NONE',  ( 1.000000000000000000, 0.000000000000000000, 3.942553354492744024E-16 ) ) ;
#1122 = DIRECTION ( 'NONE',  ( -3.942553354492744024E-16, 0.000000000000000000, 1.000000000000000000 ) ) ;
#1123 = DIRECTION ( 'NONE',  ( -0.000000000000000000, 1.000000000000000000, -0.000000000000000000 ) ) ;
#1124 = PRESENTATION_STYLE_ASSIGNMENT (( #154 ) ) ;
#1125 = ORIENTED_EDGE ( 'NONE', *, *, #1229, .T. ) ;
#1126 =( GEOMETRIC_REPRESENTATION_CONTEXT ( 3 ) GLOBAL_UNCERTAINTY_ASSIGNED_CONTEXT ( ( #1994 ) ) GLOBAL_UNIT_ASSIGNED_CONTEXT ( ( #152, #2100, #738 ) ) REPRESENTATION_CONTEXT ( 'NONE', 'WORKASPACE' ) );
#1127 = CARTESIAN_POINT ( 'NONE',  ( -0.7500000000000001110, -0.000000000000000000, 0.07999999999999994615 ) ) ;
#1128 = DIRECTION ( 'NONE',  ( 0.000000000000000000, 0.000000000000000000, -1.000000000000000000 ) ) ;
#1129 = PRESENTATION_LAYER_ASSIGNMENT (  '', '', ( #1485 ) ) ;
#1130 = DIRECTION ( 'NONE',  ( -5.421010862427523156E-16, 0.000000000000000000, -1.000000000000000000 ) ) ;
#1131 = ORIENTED_EDGE ( 'NONE', *, *, #1588, .T. ) ;
#1132 = EDGE_CURVE ( 'NONE', #1107, #1893, #353, .T. ) ;
#1133 = SURFACE_STYLE_FILL_AREA ( #385 ) ;
#1134 = EDGE_CURVE ( 'NONE', #1356, #1274, #788, .T. ) ;
#1135 = ORIENTED_EDGE ( 'NONE', *, *, #1622, .F. ) ;
#1136 = LINE ( 'NONE', #1692, #352 ) ;
#1137 = FILL_AREA_STYLE ('',( #378 ) ) ;
#1138 =( NAMED_UNIT ( * ) SI_UNIT ( $, .STERADIAN. ) SOLID_ANGLE_UNIT ( ) );
#1139 = ORIENTED_EDGE ( 'NONE', *, *, #2450, .F. ) ;
#1140 = CARTESIAN_POINT ( 'NONE',  ( 0.2199999999999998068, 0.000000000000000000, 0.3200000000000000067 ) ) ;
#1141 =( NAMED_UNIT ( * ) PLANE_ANGLE_UNIT ( ) SI_UNIT ( $, .RADIAN. ) );
#1142 = MECHANICAL_DESIGN_GEOMETRIC_PRESENTATION_REPRESENTATION (  '', ( #945 ), #616 ) ;
#1143 = ORIENTED_EDGE ( 'NONE', *, *, #57, .F. ) ;
#1144 = DIRECTION ( 'NONE',  ( 0.000000000000000000, -0.000000000000000000, -1.000000000000000000 ) ) ;
#1145 = ORIENTED_EDGE ( 'NONE', *, *, #739, .T. ) ;
#1146 = UNCERTAINTY_MEASURE_WITH_UNIT (LENGTH_MEASURE( 1.000000000000000082E-05 ), #944, 'distance_accuracy_value', 'NONE');
#1147 = SURFACE_STYLE_USAGE ( .BOTH. , #377 ) ;
#1148 = DIRECTION ( 'NONE',  ( -1.084202172485504237E-15, 0.000000000000000000, 1.000000000000000000 ) ) ;
#1149 = EDGE_CURVE ( 'NONE', #545, #2330, #225, .T. ) ;
#1150 = MECHANICAL_DESIGN_GEOMETRIC_PRESENTATION_REPRESENTATION (  '', ( #2335 ), #1468 ) ;
#1151 = SURFACE_STYLE_FILL_AREA ( #12 ) ;
#1152 = ORIENTED_EDGE ( 'NONE', *, *, #2145, .F. ) ;
#1153 = CARTESIAN_POINT ( 'NONE',  ( 0.000000000000000000, -0.05000000000000000278, 0.5000000000000000000 ) ) ;
#1154 = FACE_BOUND ( 'NONE', #307, .T. ) ;
#1155 = DIRECTION ( 'NONE',  ( -2.710505431213760099E-16, 0.000000000000000000, 1.000000000000000000 ) ) ;
#1156 = ORIENTED_EDGE ( 'NONE', *, *, #706, .F. ) ;
#1157 =( GEOMETRIC_REPRESENTATION_CONTEXT ( 3 ) GLOBAL_UNCERTAINTY_ASSIGNED_CONTEXT ( ( #1415 ) ) GLOBAL_UNIT_ASSIGNED_CONTEXT ( ( #657, #671, #1446 ) ) REPRESENTATION_CONTEXT ( 'NONE', 'WORKASPACE' ) );
#1158 = MECHANICAL_DESIGN_GEOMETRIC_PRESENTATION_REPRESENTATION (  '', ( #2398 ), #1278 ) ;
#1159 = PRESENTATION_LAYER_ASSIGNMENT (  '', '', ( #2156 ) ) ;
#1160 = FILL_AREA_STYLE_COLOUR ( '', #1379 ) ;
#1161 = VECTOR ( 'NONE', #1457, 1000.000000000000000 ) ;
#1162 = DIRECTION ( 'NONE',  ( 1.000000000000000000, 0.000000000000000000, 0.000000000000000000 ) ) ;
#1163 = EDGE_LOOP ( 'NONE', ( #2228, #214, #2451, #1536, #186, #2130, #452, #396 ) ) ;
#1164 = CYLINDRICAL_SURFACE ( 'NONE', #517, 0.01999999999999999695 ) ;
#1165 = DIRECTION ( 'NONE',  ( 0.000000000000000000, -1.000000000000000000, 0.000000000000000000 ) ) ;
#1166 = LINE ( 'NONE', #1922, #158 ) ;
#1167 =( NAMED_UNIT ( * ) PLANE_ANGLE_UNIT ( ) SI_UNIT ( $, .RADIAN. ) );
#1168 = DIRECTION ( 'NONE',  ( -0.000000000000000000, 1.000000000000000000, -0.000000000000000000 ) ) ;
#1169 = ORIENTED_EDGE ( 'NONE', *, *, #3, .T. ) ;
#1170 = ADVANCED_FACE ( 'NONE', ( #2 ), #1191, .T. ) ;
#1171 = AXIS2_PLACEMENT_3D ( 'NONE', #1140, #2073, #969 ) ;
#1172 = DIRECTION ( 'NONE',  ( -0.000000000000000000, 1.000000000000000000, 0.000000000000000000 ) ) ;
#1173 = VECTOR ( 'NONE', #2465, 1000.000000000000000 ) ;
#1174 = EDGE_CURVE ( 'NONE', #973, #587, #44, .T. ) ;
#1175 = ORIENTED_EDGE ( 'NONE', *, *, #181, .T. ) ;
#1176 = VERTEX_POINT ( 'NONE', #1244 ) ;
#1177 = LINE ( 'NONE', #1523, #998 ) ;
#1178 = CARTESIAN_POINT ( 'NONE',  ( 0.7500000000000000000, 0.000000000000000000, -0.4799999999999998712 ) ) ;
#1179 = CARTESIAN_POINT ( 'NONE',  ( 0.2199999999999999734, -0.05000000000000000278, -0.4800000000000000377 ) ) ;
#1180 = ORIENTED_EDGE ( 'NONE', *, *, #2234, .T. ) ;
#1181 = PRESENTATION_STYLE_ASSIGNMENT (( #15 ) ) ;
#1182 = ORIENTED_EDGE ( 'NONE', *, *, #2299, .T. ) ;
#1183 = ADVANCED_FACE ( 'NONE', ( #1987 ), #1979, .T. ) ;
#1184 = ORIENTED_EDGE ( 'NONE', *, *, #164, .F. ) ;
#1185 = CARTESIAN_POINT ( 'NONE',  ( -0.2200000000000001954, -0.05000000000000000278, 0.3200000000000000067 ) ) ;
#1186 = DIRECTION ( 'NONE',  ( 0.000000000000000000, 0.000000000000000000, 1.000000000000000000 ) ) ;
#1187 = DIRECTION ( 'NONE',  ( -1.000000000000000000, 0.000000000000000000, -1.264902534566421675E-16 ) ) ;
#1188 =( NAMED_UNIT ( * ) SI_UNIT ( $, .STERADIAN. ) SOLID_ANGLE_UNIT ( ) );
#1189 = ORIENTED_EDGE ( 'NONE', *, *, #858, .T. ) ;
#1190 = SURFACE_SIDE_STYLE ('',( #1762 ) ) ;
#1191 = CYLINDRICAL_SURFACE ( 'NONE', #1081, 0.01999999999999999695 ) ;
#1192 = VERTEX_POINT ( 'NONE', #661 ) ;
#1193 = DIRECTION ( 'NONE',  ( 0.000000000000000000, -1.000000000000000000, 0.000000000000000000 ) ) ;
#1194 = EDGE_CURVE ( 'NONE', #771, #140, #1796, .T. ) ;
#1195 = CIRCLE ( 'NONE', #109, 0.01999999999999999695 ) ;
#1196 = CARTESIAN_POINT ( 'NONE',  ( 0.7499999999999998890, -0.05000000000000000278, 0.000000000000000000 ) ) ;
#1197 =( NAMED_UNIT ( * ) PLANE_ANGLE_UNIT ( ) SI_UNIT ( $, .RADIAN. ) );
#1198 =( NAMED_UNIT ( * ) PLANE_ANGLE_UNIT ( ) SI_UNIT ( $, .RADIAN. ) );
#1199 = VECTOR ( 'NONE', #726, 1000.000000000000000 ) ;
#1200 =( GEOMETRIC_REPRESENTATION_CONTEXT ( 3 ) GLOBAL_UNCERTAINTY_ASSIGNED_CONTEXT ( ( #190 ) ) GLOBAL_UNIT_ASSIGNED_CONTEXT ( ( #187, #1730, #2105 ) ) REPRESENTATION_CONTEXT ( 'NONE', 'WORKASPACE' ) );
#1201 = DIRECTION ( 'NONE',  ( -1.000000000000000000, 0.000000000000000000, -1.174552353525963055E-16 ) ) ;
#1202 =( NAMED_UNIT ( * ) PLANE_ANGLE_UNIT ( ) SI_UNIT ( $, .RADIAN. ) );
#1203 = COLOUR_RGB ( '',0.000000000000000000, 0.000000000000000000, 0.000000000000000000 ) ;
#1204 = UNCERTAINTY_MEASURE_WITH_UNIT (LENGTH_MEASURE( 1.000000000000000082E-05 ), #1381, 'distance_accuracy_value', 'NONE');
#1205 = LINE ( 'NONE', #1778, #1672 ) ;
#1206 = EDGE_LOOP ( 'NONE', ( #926, #2054, #1909, #1364 ) ) ;
#1207 = AXIS2_PLACEMENT_3D ( 'NONE', #282, #2354, #455 ) ;
#1208 = AXIS2_PLACEMENT_3D ( 'NONE', #523, #1122, #2068 ) ;
#1209 = EDGE_LOOP ( 'NONE', ( #1039, #2144, #1236, #900 ) ) ;
#1210 = CARTESIAN_POINT ( 'NONE',  ( 0.7299999999999998712, -0.05000000000000000278, -0.07999999999999990452 ) ) ;
#1211 = SURFACE_SIDE_STYLE ('',( #1000 ) ) ;
#1212 = CARTESIAN_POINT ( 'NONE',  ( 5.913830031739115543E-17, -0.05000000000000000278, -0.2999999999999999889 ) ) ;
#1213 = ADVANCED_FACE ( 'NONE', ( #1808 ), #86, .T. ) ;
#1214 = ORIENTED_EDGE ( 'NONE', *, *, #533, .T. ) ;
#1215 =( NAMED_UNIT ( * ) PLANE_ANGLE_UNIT ( ) SI_UNIT ( $, .RADIAN. ) );
#1216 = SURFACE_STYLE_USAGE ( .BOTH. , #636 ) ;
#1217 = CARTESIAN_POINT ( 'NONE',  ( 0.000000000000000000, -0.05000000000000000278, 0.3000000000000000444 ) ) ;
#1218 = UNCERTAINTY_MEASURE_WITH_UNIT (LENGTH_MEASURE( 1.000000000000000082E-05 ), #1460, 'distance_accuracy_value', 'NONE');
#1219 = FILL_AREA_STYLE ('',( #1618 ) ) ;
#1220 = EDGE_LOOP ( 'NONE', ( #1709, #542, #698, #1888, #1437, #1631, #211, #379 ) ) ;
#1221 = SURFACE_STYLE_FILL_AREA ( #46 ) ;
#1222 = PRESENTATION_LAYER_ASSIGNMENT (  '', '', ( #945 ) ) ;
#1223 = VERTEX_POINT ( 'NONE', #1874 ) ;
#1224 = FILL_AREA_STYLE ('',( #221 ) ) ;
#1225 = PRESENTATION_STYLE_ASSIGNMENT (( #465 ) ) ;
#1226 = ORIENTED_EDGE ( 'NONE', *, *, #2180, .T. ) ;
#1227 = SURFACE_STYLE_USAGE ( .BOTH. , #1004 ) ;
#1228 = SURFACE_STYLE_FILL_AREA ( #1016 ) ;
#1229 = EDGE_CURVE ( 'NONE', #1076, #761, #27, .T. ) ;
#1230 = CARTESIAN_POINT ( 'NONE',  ( 0.1999999999999999833, -0.05000000000000000278, -0.4800000000000000377 ) ) ;
#1231 = DIRECTION ( 'NONE',  ( 0.000000000000000000, 0.000000000000000000, -1.000000000000000000 ) ) ;
#1232 = DIRECTION ( 'NONE',  ( 0.000000000000000000, 0.000000000000000000, 1.000000000000000000 ) ) ;
#1233 = SURFACE_STYLE_USAGE ( .BOTH. , #138 ) ;
#1234 = VECTOR ( 'NONE', #53, 1000.000000000000000 ) ;
#1235 =( NAMED_UNIT ( * ) PLANE_ANGLE_UNIT ( ) SI_UNIT ( $, .RADIAN. ) );
#1236 = ORIENTED_EDGE ( 'NONE', *, *, #470, .F. ) ;
#1237 = PRESENTATION_LAYER_ASSIGNMENT (  '', '', ( #1872 ) ) ;
#1238 = LINE ( 'NONE', #2151, #479 ) ;
#1239 = FILL_AREA_STYLE_COLOUR ( '', #1526 ) ;
#1240 = CARTESIAN_POINT ( 'NONE',  ( -0.2200000000000000844, 0.000000000000000000, 0.4800000000000000377 ) ) ;
#1241 = CARTESIAN_POINT ( 'NONE',  ( -2.956915015869558388E-17, -0.000000000000000000, 0.3000000000000000444 ) ) ;
#1242 = EDGE_CURVE ( 'NONE', #1192, #2172, #1097, .T. ) ;
#1243 = VECTOR ( 'NONE', #327, 1000.000000000000000 ) ;
#1244 = CARTESIAN_POINT ( 'NONE',  ( -0.2200000000000000566, -0.05000000000000000278, -0.3000000000000001554 ) ) ;
#1245 = COLOUR_RGB ( '',0.7529411764705882248, 0.7529411764705882248, 0.7529411764705882248 ) ;
#1246 = EDGE_CURVE ( 'NONE', #907, #1348, #1949, .T. ) ;
#1247 = ORIENTED_EDGE ( 'NONE', *, *, #1355, .T. ) ;
#1248 = AXIS2_PLACEMENT_3D ( 'NONE', #411, #2177, #1187 ) ;
#1249 = PRESENTATION_STYLE_ASSIGNMENT (( #518 ) ) ;
#1250 = DIRECTION ( 'NONE',  ( 1.000000000000000000, -0.000000000000000000, -1.275531967630005245E-16 ) ) ;
#1251 = VECTOR ( 'NONE', #1302, 1000.000000000000000 ) ;
#1252 = CARTESIAN_POINT ( 'NONE',  ( -0.7300000000000000933, -0.05000000000000000278, 0.2999999999999999889 ) ) ;
#1253 = MECHANICAL_DESIGN_GEOMETRIC_PRESENTATION_REPRESENTATION (  '', ( #288 ), #1647 ) ;
#1254 = UNCERTAINTY_MEASURE_WITH_UNIT (LENGTH_MEASURE( 1.000000000000000082E-05 ), #2224, 'distance_accuracy_value', 'NONE');
#1255 = COLOUR_RGB ( '',0.7529411764705882248, 0.7529411764705882248, 0.7529411764705882248 ) ;
#1256 = ORIENTED_EDGE ( 'NONE', *, *, #1494, .T. ) ;
#1257 = LINE ( 'NONE', #911, #916 ) ;
#1258 = PRESENTATION_LAYER_ASSIGNMENT (  '', '', ( #2335 ) ) ;
#1259 = LINE ( 'NONE', #105, #1419 ) ;
#1260 = EDGE_CURVE ( 'NONE', #1037, #1482, #1195, .T. ) ;
#1261 = SURFACE_STYLE_USAGE ( .BOTH. , #629 ) ;
#1262 = ADVANCED_FACE ( 'NONE', ( #1639 ), #696, .F. ) ;
#1263 = CIRCLE ( 'NONE', #1297, 0.1000000000000001582 ) ;
#1264 = PRESENTATION_STYLE_ASSIGNMENT (( #126 ) ) ;
#1265 = DIRECTION ( 'NONE',  ( -0.000000000000000000, -1.000000000000000000, -0.000000000000000000 ) ) ;
#1266 = CIRCLE ( 'NONE', #420, 0.01999999999999999695 ) ;
#1267 = VERTEX_POINT ( 'NONE', #311 ) ;
#1268 = CARTESIAN_POINT ( 'NONE',  ( 0.7299999999999997602, -0.05000000000000000278, 0.3200000000000000067 ) ) ;
#1269 = FILL_AREA_STYLE_COLOUR ( '', #730 ) ;
#1270 = DIRECTION ( 'NONE',  ( 0.000000000000000000, -1.000000000000000000, 0.000000000000000000 ) ) ;
#1271 = DIRECTION ( 'NONE',  ( -1.000000000000000000, 0.000000000000000000, -8.131516293641288185E-16 ) ) ;
#1272 = EDGE_CURVE ( 'NONE', #608, #1267, #121, .T. ) ;
#1273 = DIRECTION ( 'NONE',  ( 0.000000000000000000, 0.000000000000000000, -1.000000000000000000 ) ) ;
#1274 = VERTEX_POINT ( 'NONE', #1910 ) ;
#1275 = DIRECTION ( 'NONE',  ( -0.000000000000000000, 1.000000000000000000, -0.000000000000000000 ) ) ;
#1276 =( NAMED_UNIT ( * ) PLANE_ANGLE_UNIT ( ) SI_UNIT ( $, .RADIAN. ) );
#1277 = PRESENTATION_LAYER_ASSIGNMENT (  '', '', ( #272 ) ) ;
#1278 =( GEOMETRIC_REPRESENTATION_CONTEXT ( 3 ) GLOBAL_UNCERTAINTY_ASSIGNED_CONTEXT ( ( #871 ) ) GLOBAL_UNIT_ASSIGNED_CONTEXT ( ( #2346, #2396, #818 ) ) REPRESENTATION_CONTEXT ( 'NONE', 'WORKASPACE' ) );
#1279 = VECTOR ( 'NONE', #952, 1000.000000000000000 ) ;
#1280 =( NAMED_UNIT ( * ) PLANE_ANGLE_UNIT ( ) SI_UNIT ( $, .RADIAN. ) );
#1281 = AXIS2_PLACEMENT_3D ( 'NONE', #765, #967, #1735 ) ;
#1282 = DIRECTION ( 'NONE',  ( -0.000000000000000000, 1.000000000000000000, -0.000000000000000000 ) ) ;
#1283 = FACE_OUTER_BOUND ( 'NONE', #896, .T. ) ;
#1284 = VECTOR ( 'NONE', #575, 1000.000000000000000 ) ;
#1285 = MECHANICAL_DESIGN_GEOMETRIC_PRESENTATION_REPRESENTATION (  '', ( #1644 ), #1923 ) ;
#1286 = EDGE_LOOP ( 'NONE', ( #2462, #1175, #1406, #1455 ) ) ;
#1287 = FACE_OUTER_BOUND ( 'NONE', #2483, .T. ) ;
#1288 = EDGE_CURVE ( 'NONE', #2172, #2220, #171, .T. ) ;
#1289 = CARTESIAN_POINT ( 'NONE',  ( -0.2200000000000000566, -0.05000000000000000278, -0.3200000000000001177 ) ) ;
#1290 = CARTESIAN_POINT ( 'NONE',  ( -0.2000000000000000944, -0.05000000000000000278, 0.4800000000000000377 ) ) ;
#1291 = ORIENTED_EDGE ( 'NONE', *, *, #681, .F. ) ;
#1292 =( NAMED_UNIT ( * ) SI_UNIT ( $, .STERADIAN. ) SOLID_ANGLE_UNIT ( ) );
#1293 = DIRECTION ( 'NONE',  ( 0.000000000000000000, -1.000000000000000000, 0.000000000000000000 ) ) ;
#1294 = EDGE_LOOP ( 'NONE', ( #78, #747, #599, #2150 ) ) ;
#1295 = DIRECTION ( 'NONE',  ( 0.000000000000000000, 0.000000000000000000, -1.000000000000000000 ) ) ;
#1296 = SURFACE_STYLE_FILL_AREA ( #142 ) ;
#1297 = AXIS2_PLACEMENT_3D ( 'NONE', #564, #547, #905 ) ;
#1298 = CARTESIAN_POINT ( 'NONE',  ( 0.7499999999999997780, -0.05000000000000000278, 0.000000000000000000 ) ) ;
#1299 = ADVANCED_FACE ( 'NONE', ( #2469 ), #742, .F. ) ;
#1300 = SURFACE_STYLE_USAGE ( .BOTH. , #516 ) ;
#1301 = ORIENTED_EDGE ( 'NONE', *, *, #1513, .T. ) ;
#1302 = DIRECTION ( 'NONE',  ( -2.710505431213760099E-16, 0.000000000000000000, 1.000000000000000000 ) ) ;
#1303 = VERTEX_POINT ( 'NONE', #1309 ) ;
#1304 = DIRECTION ( 'NONE',  ( 0.000000000000000000, -1.000000000000000000, 0.000000000000000000 ) ) ;
#1305 =( NAMED_UNIT ( * ) SI_UNIT ( $, .STERADIAN. ) SOLID_ANGLE_UNIT ( ) );
#1306 = SURFACE_SIDE_STYLE ('',( #1109 ) ) ;
#1307 = CARTESIAN_POINT ( 'NONE',  ( -0.7300000000000000933, 0.000000000000000000, 0.4800000000000000377 ) ) ;
#1308 = ORIENTED_EDGE ( 'NONE', *, *, #506, .T. ) ;
#1309 = CARTESIAN_POINT ( 'NONE',  ( -0.7500000000000001110, -0.05000000000000000278, 0.3199999999999999512 ) ) ;
#1310 = STYLED_ITEM ( 'NONE', ( #247 ), #210 ) ;
#1311 = PRESENTATION_STYLE_ASSIGNMENT (( #917 ) ) ;
#1312 = CYLINDRICAL_SURFACE ( 'NONE', #399, 0.01999999999999999695 ) ;
#1313 = PRESENTATION_LAYER_ASSIGNMENT (  '', '', ( #2398 ) ) ;
#1314 = COLOUR_RGB ( '',0.7529411764705882248, 0.7529411764705882248, 0.7529411764705882248 ) ;
#1315 = CARTESIAN_POINT ( 'NONE',  ( -0.7300000000000000933, 0.000000000000000000, 0.09999999999999995004 ) ) ;
#1316 = VERTEX_POINT ( 'NONE', #1737 ) ;
#1317 = VECTOR ( 'NONE', #1265, 1000.000000000000000 ) ;
#1318 = EDGE_CURVE ( 'NONE', #832, #786, #487, .T. ) ;
#1319 = PRESENTATION_LAYER_ASSIGNMENT (  '', '', ( #1838 ) ) ;
#1320 = FACE_OUTER_BOUND ( 'NONE', #678, .T. ) ;
#1321 =( GEOMETRIC_REPRESENTATION_CONTEXT ( 3 ) GLOBAL_UNCERTAINTY_ASSIGNED_CONTEXT ( ( #2264 ) ) GLOBAL_UNIT_ASSIGNED_CONTEXT ( ( #346, #2024, #704 ) ) REPRESENTATION_CONTEXT ( 'NONE', 'WORKASPACE' ) );
#1322 = UNCERTAINTY_MEASURE_WITH_UNIT (LENGTH_MEASURE( 1.000000000000000082E-05 ), #241, 'distance_accuracy_value', 'NONE');
#1323 = DIRECTION ( 'NONE',  ( -1.000000000000000000, 0.000000000000000000, -1.174552353525963055E-16 ) ) ;
#1324 = VERTEX_POINT ( 'NONE', #2318 ) ;
#1325 = UNCERTAINTY_MEASURE_WITH_UNIT (LENGTH_MEASURE( 1.000000000000000082E-05 ), #269, 'distance_accuracy_value', 'NONE');
#1326 = DIRECTION ( 'NONE',  ( -0.000000000000000000, -1.000000000000000000, 0.000000000000000000 ) ) ;
#1327 = SURFACE_SIDE_STYLE ('',( #558 ) ) ;
#1328 = FACE_OUTER_BOUND ( 'NONE', #1385, .T. ) ;
#1329 = CIRCLE ( 'NONE', #1605, 0.01999999999999999695 ) ;
#1330 = VERTEX_POINT ( 'NONE', #1 ) ;
#1331 = AXIS2_PLACEMENT_3D ( 'NONE', #1179, #795, #1613 ) ;
#1332 = SURFACE_STYLE_USAGE ( .BOTH. , #1699 ) ;
#1333 =( LENGTH_UNIT ( ) NAMED_UNIT ( * ) SI_UNIT ( .MILLI., .METRE. ) );
#1334 =( GEOMETRIC_REPRESENTATION_CONTEXT ( 3 ) GLOBAL_UNCERTAINTY_ASSIGNED_CONTEXT ( ( #2344 ) ) GLOBAL_UNIT_ASSIGNED_CONTEXT ( ( #117, #1276, #510 ) ) REPRESENTATION_CONTEXT ( 'NONE', 'WORKASPACE' ) );
#1335 = DIRECTION ( 'NONE',  ( 1.000000000000000000, 0.000000000000000000, -5.421010862427523156E-16 ) ) ;
#1336 = EDGE_LOOP ( 'NONE', ( #768, #2364, #1247, #47, #2062, #59, #1981, #2298 ) ) ;
#1337 = DIRECTION ( 'NONE',  ( 0.000000000000000000, -0.000000000000000000, -1.000000000000000000 ) ) ;
#1338 = ADVANCED_FACE ( 'NONE', ( #1154, #787, #184, #1899, #1928, #1509 ), #2112, .T. ) ;
#1339 = PRESENTATION_STYLE_ASSIGNMENT (( #961 ) ) ;
#1340 = VERTEX_POINT ( 'NONE', #1127 ) ;
#1341 = LINE ( 'NONE', #2312, #2171 ) ;
#1342 = SURFACE_SIDE_STYLE ('',( #1354 ) ) ;
#1343 = ORIENTED_EDGE ( 'NONE', *, *, #2281, .F. ) ;
#1344 = PRESENTATION_LAYER_ASSIGNMENT (  '', '', ( #615 ) ) ;
#1345 = CARTESIAN_POINT ( 'NONE',  ( -0.09696699141100706409, -0.05000000000000000278, 0.09696699141100555142 ) ) ;
#1346 = PRESENTATION_STYLE_ASSIGNMENT (( #548 ) ) ;
#1347 = PRESENTATION_LAYER_ASSIGNMENT (  '', '', ( #1067 ) ) ;
#1348 = VERTEX_POINT ( 'NONE', #855 ) ;
#1349 = SURFACE_STYLE_USAGE ( .BOTH. , #2081 ) ;
#1350 = EDGE_CURVE ( 'NONE', #1725, #1783, #1451, .T. ) ;
#1351 = ORIENTED_EDGE ( 'NONE', *, *, #494, .F. ) ;
#1352 = CARTESIAN_POINT ( 'NONE',  ( 0.000000000000000000, -0.05000000000000000278, 0.000000000000000000 ) ) ;
#1353 = DIRECTION ( 'NONE',  ( -0.000000000000000000, -1.000000000000000000, -0.000000000000000000 ) ) ;
#1354 = SURFACE_STYLE_FILL_AREA ( #1549 ) ;
#1355 = EDGE_CURVE ( 'NONE', #2330, #1725, #1584, .T. ) ;
#1356 = VERTEX_POINT ( 'NONE', #1616 ) ;
#1357 = DIRECTION ( 'NONE',  ( 0.7071067811865530128, 0.000000000000000000, -0.7071067811865420216 ) ) ;
#1358 =( NAMED_UNIT ( * ) SI_UNIT ( $, .STERADIAN. ) SOLID_ANGLE_UNIT ( ) );
#1359 = ORIENTED_EDGE ( 'NONE', *, *, #1103, .F. ) ;
#1360 = VECTOR ( 'NONE', #1121, 1000.000000000000000 ) ;
#1361 = PRESENTATION_LAYER_ASSIGNMENT (  '', '', ( #1714 ) ) ;
#1362 = AXIS2_PLACEMENT_3D ( 'NONE', #701, #1662, #2247 ) ;
#1363 = FILL_AREA_STYLE_COLOUR ( '', #882 ) ;
#1364 = ORIENTED_EDGE ( 'NONE', *, *, #1953, .F. ) ;
#1365 = VECTOR ( 'NONE', #1786, 1000.000000000000000 ) ;
#1366 = CARTESIAN_POINT ( 'NONE',  ( -0.2200000000000000844, -0.05000000000000000278, 0.4800000000000000377 ) ) ;
#1367 = CARTESIAN_POINT ( 'NONE',  ( -0.7500000000000001110, -0.05000000000000000278, -0.08000000000000008493 ) ) ;
#1368 = SURFACE_SIDE_STYLE ('',( #1151 ) ) ;
#1369 = VERTEX_POINT ( 'NONE', #42 ) ;
#1370 = SURFACE_STYLE_FILL_AREA ( #194 ) ;
#1371 = EDGE_CURVE ( 'NONE', #1340, #2310, #2325, .T. ) ;
#1372 = CIRCLE ( 'NONE', #647, 0.01999999999999999695 ) ;
#1373 = DIRECTION ( 'NONE',  ( -1.000000000000000000, 0.000000000000000000, -2.710505431213760099E-16 ) ) ;
#1374 = AXIS2_PLACEMENT_3D ( 'NONE', #180, #359, #389 ) ;
#1375 = ORIENTED_EDGE ( 'NONE', *, *, #612, .F. ) ;
#1376 = AXIS2_PLACEMENT_3D ( 'NONE', #151, #928, #1661 ) ;
#1377 = PRESENTATION_STYLE_ASSIGNMENT (( #1349 ) ) ;
#1378 = PRODUCT ( 'UFDFPN5', 'UFDFPN5', '', ( #2136 ) ) ;
#1379 = COLOUR_RGB ( '',0.000000000000000000, 0.000000000000000000, 0.000000000000000000 ) ;
#1380 = ORIENTED_EDGE ( 'NONE', *, *, #906, .T. ) ;
#1381 =( LENGTH_UNIT ( ) NAMED_UNIT ( * ) SI_UNIT ( .MILLI., .METRE. ) );
#1382 = CARTESIAN_POINT ( 'NONE',  ( -0.7300000000000000933, -0.000000000000000000, 0.5000000000000000000 ) ) ;
#1383 = CARTESIAN_POINT ( 'NONE',  ( -0.7500000000000004441, -0.05000000000000000278, -8.131516293641287199E-16 ) ) ;
#1384 = SURFACE_STYLE_USAGE ( .BOTH. , #1597 ) ;
#1385 = EDGE_LOOP ( 'NONE', ( #1889, #2500, #804, #1030 ) ) ;
#1386 =( NAMED_UNIT ( * ) PLANE_ANGLE_UNIT ( ) SI_UNIT ( $, .RADIAN. ) );
#1387 = FILL_AREA_STYLE ('',( #207 ) ) ;
#1388 =( NAMED_UNIT ( * ) SI_UNIT ( $, .STERADIAN. ) SOLID_ANGLE_UNIT ( ) );
#1389 = EDGE_CURVE ( 'NONE', #2042, #1192, #2000, .T. ) ;
#1390 = AXIS2_PLACEMENT_3D ( 'NONE', #513, #144, #1476 ) ;
#1391 = DIRECTION ( 'NONE',  ( 0.000000000000000000, 0.000000000000000000, -1.000000000000000000 ) ) ;
#1392 = ORIENTED_EDGE ( 'NONE', *, *, #292, .F. ) ;
#1393 = FILL_AREA_STYLE_COLOUR ( '', #85 ) ;
#1394 = DIRECTION ( 'NONE',  ( 0.000000000000000000, 0.000000000000000000, -1.000000000000000000 ) ) ;
#1395 = SURFACE_STYLE_FILL_AREA ( #23 ) ;
#1396 = ORIENTED_EDGE ( 'NONE', *, *, #593, .F. ) ;
#1397 = CARTESIAN_POINT ( 'NONE',  ( -0.1999999999999999556, -0.000000000000000000, -0.4800000000000000377 ) ) ;
#1398 = CARTESIAN_POINT ( 'NONE',  ( 0.7499999999999998890, -0.05000000000000000278, 0.08000000000000011269 ) ) ;
#1399 = UNCERTAINTY_MEASURE_WITH_UNIT (LENGTH_MEASURE( 1.000000000000000082E-05 ), #1084, 'distance_accuracy_value', 'NONE');
#1400 = DIRECTION ( 'NONE',  ( 0.000000000000000000, -1.000000000000000000, 0.000000000000000000 ) ) ;
#1401 = ORIENTED_EDGE ( 'NONE', *, *, #754, .T. ) ;
#1402 = EDGE_CURVE ( 'NONE', #1720, #1324, #1329, .T. ) ;
#1403 = VECTOR ( 'NONE', #837, 1000.000000000000000 ) ;
#1404 = MECHANICAL_DESIGN_GEOMETRIC_PRESENTATION_REPRESENTATION (  '', ( #1714 ), #2027 ) ;
#1405 = COLOUR_RGB ( '',0.7529411764705882248, 0.7529411764705882248, 0.7529411764705882248 ) ;
#1406 = ORIENTED_EDGE ( 'NONE', *, *, #1063, .F. ) ;
#1407 = FACE_OUTER_BOUND ( 'NONE', #2051, .T. ) ;
#1408 = FILL_AREA_STYLE ('',( #281 ) ) ;
#1409 = AXIS2_PLACEMENT_3D ( 'NONE', #1307, #2256, #400 ) ;
#1410 =( LENGTH_UNIT ( ) NAMED_UNIT ( * ) SI_UNIT ( .MILLI., .METRE. ) );
#1411 = MECHANICAL_DESIGN_GEOMETRIC_PRESENTATION_REPRESENTATION (  '', ( #361 ), #1200 ) ;
#1412 = EDGE_LOOP ( 'NONE', ( #994, #594, #1562, #1731 ) ) ;
#1413 = CARTESIAN_POINT ( 'NONE',  ( 0.2199999999999999734, -0.05000000000000000278, -0.5000000000000000000 ) ) ;
#1414 = STYLED_ITEM ( 'NONE', ( #1377 ), #2434 ) ;
#1415 = UNCERTAINTY_MEASURE_WITH_UNIT (LENGTH_MEASURE( 1.000000000000000082E-05 ), #657, 'distance_accuracy_value', 'NONE');
#1416 = MECHANICAL_DESIGN_GEOMETRIC_PRESENTATION_REPRESENTATION (  '', ( #600 ), #1919 ) ;
#1417 = VERTEX_POINT ( 'NONE', #1413 ) ;
#1418 = AXIS2_PLACEMENT_3D ( 'NONE', #938, #1123, #966 ) ;
#1419 = VECTOR ( 'NONE', #693, 1000.000000000000000 ) ;
#1420 = EDGE_CURVE ( 'NONE', #2172, #264, #885, .T. ) ;
#1421 = ORIENTED_EDGE ( 'NONE', *, *, #669, .F. ) ;
#1422 = CARTESIAN_POINT ( 'NONE',  ( -0.7499999999999998890, -0.05000000000000000278, -0.4800000000000001488 ) ) ;
#1423 =( NAMED_UNIT ( * ) PLANE_ANGLE_UNIT ( ) SI_UNIT ( $, .RADIAN. ) );
#1424 = ORIENTED_EDGE ( 'NONE', *, *, #2001, .F. ) ;
#1425 = SURFACE_STYLE_FILL_AREA ( #2367 ) ;
#1426 = FILL_AREA_STYLE ('',( #1601 ) ) ;
#1427 = PLANE ( 'NONE',  #1951 ) ;
#1428 = SURFACE_STYLE_USAGE ( .BOTH. , #641 ) ;
#1429 =( GEOMETRIC_REPRESENTATION_CONTEXT ( 3 ) GLOBAL_UNCERTAINTY_ASSIGNED_CONTEXT ( ( #1586 ) ) GLOBAL_UNIT_ASSIGNED_CONTEXT ( ( #295, #1198, #2387 ) ) REPRESENTATION_CONTEXT ( 'NONE', 'WORKASPACE' ) );
#1430 =( LENGTH_UNIT ( ) NAMED_UNIT ( * ) SI_UNIT ( .MILLI., .METRE. ) );
#1431 = VERTEX_POINT ( 'NONE', #83 ) ;
#1432 = LINE ( 'NONE', #1992, #453 ) ;
#1433 =( NAMED_UNIT ( * ) SI_UNIT ( $, .STERADIAN. ) SOLID_ANGLE_UNIT ( ) );
#1434 = ADVANCED_FACE ( 'NONE', ( #2332 ), #673, .T. ) ;
#1435 = CARTESIAN_POINT ( 'NONE',  ( -0.7300000000000000933, -0.05000000000000000278, -0.3000000000000002109 ) ) ;
#1436 = UNCERTAINTY_MEASURE_WITH_UNIT (LENGTH_MEASURE( 1.000000000000000082E-05 ), #1712, 'distance_accuracy_value', 'NONE');
#1437 = ORIENTED_EDGE ( 'NONE', *, *, #1653, .F. ) ;
#1438 = DIRECTION ( 'NONE',  ( 1.174552353525963055E-16, 0.000000000000000000, -1.000000000000000000 ) ) ;
#1439 = SURFACE_STYLE_USAGE ( .BOTH. , #285 ) ;
#1440 = ADVANCED_FACE ( 'NONE', ( #623 ), #2183, .T. ) ;
#1441 = LINE ( 'NONE', #1789, #555 ) ;
#1442 = CARTESIAN_POINT ( 'NONE',  ( 0.7299999999999997602, -0.05000000000000000278, 0.5000000000000000000 ) ) ;
#1443 = LINE ( 'NONE', #1252, #51 ) ;
#1444 = ORIENTED_EDGE ( 'NONE', *, *, #858, .F. ) ;
#1445 = VECTOR ( 'NONE', #2442, 1000.000000000000000 ) ;
#1446 =( NAMED_UNIT ( * ) SI_UNIT ( $, .STERADIAN. ) SOLID_ANGLE_UNIT ( ) );
#1447 = FACE_OUTER_BOUND ( 'NONE', #1787, .T. ) ;
#1448 = FILL_AREA_STYLE_COLOUR ( '', #686 ) ;
#1449 = AXIS2_PLACEMENT_3D ( 'NONE', #2314, #2089, #740 ) ;
#1450 = EDGE_CURVE ( 'NONE', #761, #1959, #2237, .T. ) ;
#1451 = CIRCLE ( 'NONE', #1807, 0.01999999999999999695 ) ;
#1452 = SURFACE_STYLE_FILL_AREA ( #304 ) ;
#1453 = LINE ( 'NONE', #1646, #1317 ) ;
#1454 = STYLED_ITEM ( 'NONE', ( #2453 ), #1929 ) ;
#1455 = ORIENTED_EDGE ( 'NONE', *, *, #1103, .T. ) ;
#1456 = CARTESIAN_POINT ( 'NONE',  ( 0.8499999999999997558, 0.5500000000000000444, -0.7000000000000001776 ) ) ;
#1457 = DIRECTION ( 'NONE',  ( 0.000000000000000000, 1.000000000000000000, 0.000000000000000000 ) ) ;
#1458 = EDGE_CURVE ( 'NONE', #2072, #2205, #2429, .T. ) ;
#1459 = COLOUR_RGB ( '',0.7529411764705882248, 0.7529411764705882248, 0.7529411764705882248 ) ;
#1460 =( LENGTH_UNIT ( ) NAMED_UNIT ( * ) SI_UNIT ( .MILLI., .METRE. ) );
#1461 =( NAMED_UNIT ( * ) PLANE_ANGLE_UNIT ( ) SI_UNIT ( $, .RADIAN. ) );
#1462 = COLOUR_RGB ( '',0.000000000000000000, 0.000000000000000000, 0.000000000000000000 ) ;
#1463 = ORIENTED_EDGE ( 'NONE', *, *, #627, .T. ) ;
#1464 =( LENGTH_UNIT ( ) NAMED_UNIT ( * ) SI_UNIT ( .MILLI., .METRE. ) );
#1465 = DIRECTION ( 'NONE',  ( 0.000000000000000000, 1.000000000000000000, 0.000000000000000000 ) ) ;
#1466 = DIRECTION ( 'NONE',  ( 0.000000000000000000, 0.000000000000000000, -1.000000000000000000 ) ) ;
#1467 = PLANE ( 'NONE',  #820 ) ;
#1468 =( GEOMETRIC_REPRESENTATION_CONTEXT ( 3 ) GLOBAL_UNCERTAINTY_ASSIGNED_CONTEXT ( ( #659 ) ) GLOBAL_UNIT_ASSIGNED_CONTEXT ( ( #1750, #2196, #43 ) ) REPRESENTATION_CONTEXT ( 'NONE', 'WORKASPACE' ) );
#1469 = EDGE_CURVE ( 'NONE', #988, #1223, #1847, .T. ) ;
#1470 = ORIENTED_EDGE ( 'NONE', *, *, #906, .F. ) ;
#1471 = CARTESIAN_POINT ( 'NONE',  ( 0.000000000000000000, -0.05000000000000000278, 0.5000000000000000000 ) ) ;
#1472 = DIRECTION ( 'NONE',  ( 0.000000000000000000, -1.000000000000000000, 0.000000000000000000 ) ) ;
#1473 = CARTESIAN_POINT ( 'NONE',  ( 0.000000000000000000, -0.05000000000000000278, 0.5000000000000000000 ) ) ;
#1474 = AXIS2_PLACEMENT_3D ( 'NONE', #2302, #1304, #749 ) ;
#1475 = MECHANICAL_DESIGN_GEOMETRIC_PRESENTATION_REPRESENTATION (  '', ( #1916 ), #1755 ) ;
#1476 = DIRECTION ( 'NONE',  ( 0.000000000000000000, 0.000000000000000000, 1.000000000000000000 ) ) ;
#1477 =( GEOMETRIC_REPRESENTATION_CONTEXT ( 3 ) GLOBAL_UNCERTAINTY_ASSIGNED_CONTEXT ( ( #376 ) ) GLOBAL_UNIT_ASSIGNED_CONTEXT ( ( #1100, #486, #1630 ) ) REPRESENTATION_CONTEXT ( 'NONE', 'WORKASPACE' ) );
#1478 = LINE ( 'NONE', #347, #1619 ) ;
#1479 = DIRECTION ( 'NONE',  ( 0.000000000000000000, 0.000000000000000000, 1.000000000000000000 ) ) ;
#1480 = EDGE_CURVE ( 'NONE', #2472, #1545, #130, .T. ) ;
#1481 = CIRCLE ( 'NONE', #446, 0.01999999999999999695 ) ;
#1482 = VERTEX_POINT ( 'NONE', #490 ) ;
#1483 =( NAMED_UNIT ( * ) SI_UNIT ( $, .STERADIAN. ) SOLID_ANGLE_UNIT ( ) );
#1484 = LINE ( 'NONE', #1683, #1966 ) ;
#1485 = STYLED_ITEM ( 'NONE', ( #49 ), #2045 ) ;
#1486 = DIRECTION ( 'NONE',  ( 1.000000000000000000, 0.000000000000000000, 0.000000000000000000 ) ) ;
#1487 = CARTESIAN_POINT ( 'NONE',  ( -0.2200000000000000566, 0.000000000000000000, -0.3000000000000001554 ) ) ;
#1488 = VERTEX_POINT ( 'NONE', #680 ) ;
#1489 = DIRECTION ( 'NONE',  ( 0.000000000000000000, -1.000000000000000000, 0.000000000000000000 ) ) ;
#1490 = SURFACE_SIDE_STYLE ('',( #1133 ) ) ;
#1491 = ORIENTED_EDGE ( 'NONE', *, *, #581, .F. ) ;
#1492 = CARTESIAN_POINT ( 'NONE',  ( 0.7299999999999998712, 0.000000000000000000, 0.08000000000000011269 ) ) ;
#1493 = SURFACE_STYLE_USAGE ( .BOTH. , #1306 ) ;
#1494 = EDGE_CURVE ( 'NONE', #205, #7, #1372, .T. ) ;
#1495 = FILL_AREA_STYLE_COLOUR ( '', #2438 ) ;
#1496 = ORIENTED_EDGE ( 'NONE', *, *, #1575, .F. ) ;
#1497 = EDGE_CURVE ( 'NONE', #2104, #2301, #524, .T. ) ;
#1498 = DIRECTION ( 'NONE',  ( 0.000000000000000000, 0.000000000000000000, 1.000000000000000000 ) ) ;
#1499 = DIRECTION ( 'NONE',  ( 0.000000000000000000, -1.000000000000000000, 0.000000000000000000 ) ) ;
#1500 = ORIENTED_EDGE ( 'NONE', *, *, #1575, .T. ) ;
#1501 = CARTESIAN_POINT ( 'NONE',  ( 0.1999999999999998446, -0.05000000000000000278, 5.421010862427516007E-17 ) ) ;
#1502 = LINE ( 'NONE', #199, #1518 ) ;
#1503 = ORIENTED_EDGE ( 'NONE', *, *, #1855, .F. ) ;
#1504 = SURFACE_STYLE_FILL_AREA ( #1884 ) ;
#1505 = PRESENTATION_STYLE_ASSIGNMENT (( #2122 ) ) ;
#1506 = CARTESIAN_POINT ( 'NONE',  ( 0.000000000000000000, -0.000000000000000000, 0.3000000000000000444 ) ) ;
#1507 = ORIENTED_EDGE ( 'NONE', *, *, #2109, .T. ) ;
#1508 = FILL_AREA_STYLE ('',( #2468 ) ) ;
#1509 = FACE_BOUND ( 'NONE', #128, .T. ) ;
#1510 = LINE ( 'NONE', #2248, #97 ) ;
#1511 = DIRECTION ( 'NONE',  ( 0.000000000000000000, 0.000000000000000000, -1.000000000000000000 ) ) ;
#1512 = COLOUR_RGB ( '',0.7529411764705882248, 0.7529411764705882248, 0.7529411764705882248 ) ;
#1513 = EDGE_CURVE ( 'NONE', #251, #2288, #310, .T. ) ;
#1514 = VECTOR ( 'NONE', #2406, 1000.000000000000000 ) ;
#1515 =( LENGTH_UNIT ( ) NAMED_UNIT ( * ) SI_UNIT ( .MILLI., .METRE. ) );
#1516 = ORIENTED_EDGE ( 'NONE', *, *, #87, .F. ) ;
#1517 = SURFACE_SIDE_STYLE ('',( #717 ) ) ;
#1518 = VECTOR ( 'NONE', #1323, 1000.000000000000000 ) ;
#1519 = COLOUR_RGB ( '',0.7921568627450980005, 0.8196078431372548767, 0.9333333333333333481 ) ;
#1520 = COLOUR_RGB ( '',0.7529411764705882248, 0.7529411764705882248, 0.7529411764705882248 ) ;
#1521 = ORIENTED_EDGE ( 'NONE', *, *, #1134, .F. ) ;
#1522 = UNCERTAINTY_MEASURE_WITH_UNIT (LENGTH_MEASURE( 1.000000000000000082E-05 ), #1824, 'distance_accuracy_value', 'NONE');
#1523 = CARTESIAN_POINT ( 'NONE',  ( 1.971276677246371765E-16, 0.000000000000000000, -0.4999999999999998890 ) ) ;
#1524 = DIRECTION ( 'NONE',  ( -0.000000000000000000, 1.000000000000000000, -0.000000000000000000 ) ) ;
#1525 = DIRECTION ( 'NONE',  ( 0.000000000000000000, 0.000000000000000000, -1.000000000000000000 ) ) ;
#1526 = COLOUR_RGB ( '',0.7529411764705882248, 0.7529411764705882248, 0.7529411764705882248 ) ;
#1527 = CARTESIAN_POINT ( 'NONE',  ( -0.7299999999999998712, 0.000000000000000000, -0.4800000000000001488 ) ) ;
#1528 = ORIENTED_EDGE ( 'NONE', *, *, #1065, .F. ) ;
#1529 = VECTOR ( 'NONE', #9, 1000.000000000000000 ) ;
#1530 = FILL_AREA_STYLE_COLOUR ( '', #805 ) ;
#1531 = SURFACE_STYLE_FILL_AREA ( #2307 ) ;
#1532 = STYLED_ITEM ( 'NONE', ( #449 ), #2060 ) ;
#1533 = EDGE_CURVE ( 'NONE', #1488, #2072, #1481, .T. ) ;
#1534 = EDGE_LOOP ( 'NONE', ( #1090, #1214, #1470, #417 ) ) ;
#1535 = EDGE_CURVE ( 'NONE', #283, #1643, #1809, .T. ) ;
#1536 = ORIENTED_EDGE ( 'NONE', *, *, #1260, .T. ) ;
#1537 = CARTESIAN_POINT ( 'NONE',  ( 0.7499999999999997780, 0.000000000000000000, 0.000000000000000000 ) ) ;
#1538 = SURFACE_SIDE_STYLE ('',( #2496 ) ) ;
#1539 = CARTESIAN_POINT ( 'NONE',  ( 0.5999999999999999778, 0.5500000000000000444, 0.5500000000000001554 ) ) ;
#1540 = ORIENTED_EDGE ( 'NONE', *, *, #791, .F. ) ;
#1541 = AXIS2_PLACEMENT_3D ( 'NONE', #2356, #2227, #124 ) ;
#1542 = EDGE_LOOP ( 'NONE', ( #1831, #1143, #1068, #1920 ) ) ;
#1543 = DIRECTION ( 'NONE',  ( 0.000000000000000000, 0.000000000000000000, -1.000000000000000000 ) ) ;
#1544 = EDGE_CURVE ( 'NONE', #1431, #2125, #10, .T. ) ;
#1545 = VERTEX_POINT ( 'NONE', #2313 ) ;
#1546 = PRESENTATION_STYLE_ASSIGNMENT (( #781 ) ) ;
#1547 = FILL_AREA_STYLE_COLOUR ( '', #369 ) ;
#1548 = FILL_AREA_STYLE ('',( #572 ) ) ;
#1549 = FILL_AREA_STYLE ('',( #2499 ) ) ;
#1550 = ORIENTED_EDGE ( 'NONE', *, *, #1075, .T. ) ;
#1551 = FILL_AREA_STYLE ('',( #1530 ) ) ;
#1552 = VECTOR ( 'NONE', #1620, 1000.000000000000000 ) ;
#1553 = EDGE_LOOP ( 'NONE', ( #293, #732 ) ) ;
#1554 = FILL_AREA_STYLE ('',( #1363 ) ) ;
#1555 = PRESENTATION_LAYER_ASSIGNMENT (  '', '', ( #595 ) ) ;
#1556 = AXIS2_PLACEMENT_3D ( 'NONE', #569, #1293, #1144 ) ;
#1557 = CARTESIAN_POINT ( 'NONE',  ( -0.2200000000000000844, -0.000000000000000000, 0.5000000000000000000 ) ) ;
#1558 =( GEOMETRIC_REPRESENTATION_CONTEXT ( 3 ) GLOBAL_UNCERTAINTY_ASSIGNED_CONTEXT ( ( #746 ) ) GLOBAL_UNIT_ASSIGNED_CONTEXT ( ( #1608, #32, #2003 ) ) REPRESENTATION_CONTEXT ( 'NONE', 'WORKASPACE' ) );
#1559 = CARTESIAN_POINT ( 'NONE',  ( 0.7299999999999997602, 0.000000000000000000, 0.3000000000000000444 ) ) ;
#1560 = EDGE_CURVE ( 'NONE', #2205, #934, #601, .T. ) ;
#1561 = PRESENTATION_STYLE_ASSIGNMENT (( #824 ) ) ;
#1562 = ORIENTED_EDGE ( 'NONE', *, *, #2299, .F. ) ;
#1563 =( GEOMETRIC_REPRESENTATION_CONTEXT ( 3 ) GLOBAL_UNCERTAINTY_ASSIGNED_CONTEXT ( ( #90 ) ) GLOBAL_UNIT_ASSIGNED_CONTEXT ( ( #259, #1386, #1602 ) ) REPRESENTATION_CONTEXT ( 'NONE', 'WORKASPACE' ) );
#1564 = CARTESIAN_POINT ( 'NONE',  ( 0.7299999999999997602, 0.000000000000000000, -0.2999999999999998224 ) ) ;
#1565 = CIRCLE ( 'NONE', #321, 0.1000000000000001582 ) ;
#1566 = PRODUCT_DEFINITION_FORMATION_WITH_SPECIFIED_SOURCE ( 'ANY', '', #1378, .NOT_KNOWN. ) ;
#1567 = ORIENTED_EDGE ( 'NONE', *, *, #1653, .T. ) ;
#1568 = CIRCLE ( 'NONE', #1768, 0.02000000000000005246 ) ;
#1569 = ORIENTED_EDGE ( 'NONE', *, *, #1355, .F. ) ;
#1570 = SURFACE_STYLE_FILL_AREA ( #665 ) ;
#1571 = DIRECTION ( 'NONE',  ( -1.971276677246372012E-16, 0.000000000000000000, 1.000000000000000000 ) ) ;
#1572 = ORIENTED_EDGE ( 'NONE', *, *, #627, .F. ) ;
#1573 = SURFACE_STYLE_FILL_AREA ( #284 ) ;
#1574 = AXIS2_PLACEMENT_3D ( 'NONE', #731, #1335, #1130 ) ;
#1575 = EDGE_CURVE ( 'NONE', #1223, #2205, #342, .T. ) ;
#1576 = ORIENTED_EDGE ( 'NONE', *, *, #2407, .F. ) ;
#1577 = PRESENTATION_STYLE_ASSIGNMENT (( #614 ) ) ;
#1578 = FILL_AREA_STYLE_COLOUR ( '', #110 ) ;
#1579 = DIRECTION ( 'NONE',  ( 0.000000000000000000, 0.000000000000000000, -1.000000000000000000 ) ) ;
#1580 = DIRECTION ( 'NONE',  ( -1.084202172485504237E-15, 0.000000000000000000, 1.000000000000000000 ) ) ;
#1581 = ORIENTED_EDGE ( 'NONE', *, *, #303, .F. ) ;
#1582 = LINE ( 'NONE', #1788, #1589 ) ;
#1583 = PRESENTATION_STYLE_ASSIGNMENT (( #1216 ) ) ;
#1584 = LINE ( 'NONE', #1217, #2119 ) ;
#1585 = FACE_OUTER_BOUND ( 'NONE', #1025, .T. ) ;
#1586 = UNCERTAINTY_MEASURE_WITH_UNIT (LENGTH_MEASURE( 1.000000000000000082E-05 ), #295, 'distance_accuracy_value', 'NONE');
#1587 = EDGE_LOOP ( 'NONE', ( #1291, #1935, #1135, #2244 ) ) ;
#1588 = EDGE_CURVE ( 'NONE', #1715, #1643, #398, .T. ) ;
#1589 = VECTOR ( 'NONE', #2378, 1000.000000000000114 ) ;
#1590 = AXIS2_PLACEMENT_3D ( 'NONE', #415, #364, #1128 ) ;
#1591 = PRESENTATION_LAYER_ASSIGNMENT (  '', '', ( #1669 ) ) ;
#1592 = ORIENTED_EDGE ( 'NONE', *, *, #2079, .F. ) ;
#1593 =( NAMED_UNIT ( * ) PLANE_ANGLE_UNIT ( ) SI_UNIT ( $, .RADIAN. ) );
#1594 = LINE ( 'NONE', #33, #2300 ) ;
#1595 = LINE ( 'NONE', #2351, #566 ) ;
#1596 = COLOUR_RGB ( '',0.7529411764705882248, 0.7529411764705882248, 0.7529411764705882248 ) ;
#1597 = SURFACE_SIDE_STYLE ('',( #35 ) ) ;
#1598 = STYLED_ITEM ( 'NONE', ( #1074 ), #936 ) ;
#1599 = ORIENTED_EDGE ( 'NONE', *, *, #1497, .F. ) ;
#1600 = CARTESIAN_POINT ( 'NONE',  ( 0.1999999999999998168, -0.05000000000000000278, 0.3939339828220170814 ) ) ;
#1601 = FILL_AREA_STYLE_COLOUR ( '', #2242 ) ;
#1602 =( NAMED_UNIT ( * ) SI_UNIT ( $, .STERADIAN. ) SOLID_ANGLE_UNIT ( ) );
#1603 = UNCERTAINTY_MEASURE_WITH_UNIT (LENGTH_MEASURE( 1.000000000000000082E-05 ), #618, 'distance_accuracy_value', 'NONE');
#1604 = CARTESIAN_POINT ( 'NONE',  ( 0.8499999999999997558, 0.5500000000000000444, -0.7000000000000001776 ) ) ;
#1605 = AXIS2_PLACEMENT_3D ( 'NONE', #2355, #2167, #2380 ) ;
#1606 = CARTESIAN_POINT ( 'NONE',  ( 0.7499999999999997780, -0.05000000000000000278, 0.000000000000000000 ) ) ;
#1607 =( GEOMETRIC_REPRESENTATION_CONTEXT ( 3 ) GLOBAL_UNCERTAINTY_ASSIGNED_CONTEXT ( ( #474 ) ) GLOBAL_UNIT_ASSIGNED_CONTEXT ( ( #1028, #1423, #849 ) ) REPRESENTATION_CONTEXT ( 'NONE', 'WORKASPACE' ) );
#1608 =( LENGTH_UNIT ( ) NAMED_UNIT ( * ) SI_UNIT ( .MILLI., .METRE. ) );
#1609 = EDGE_CURVE ( 'NONE', #1431, #2166, #1166, .T. ) ;
#1610 = PRESENTATION_LAYER_ASSIGNMENT (  '', '', ( #1454 ) ) ;
#1611 = LINE ( 'NONE', #104, #24 ) ;
#1612 = ADVANCED_FACE ( 'NONE', ( #1907 ), #2069, .F. ) ;
#1613 = DIRECTION ( 'NONE',  ( 0.000000000000000000, 0.000000000000000000, -1.000000000000000000 ) ) ;
#1614 = ORIENTED_EDGE ( 'NONE', *, *, #403, .F. ) ;
#1615 = FILL_AREA_STYLE_COLOUR ( '', #1912 ) ;
#1616 = CARTESIAN_POINT ( 'NONE',  ( -0.8499999999999999778, 0.000000000000000000, 0.6999999999999999556 ) ) ;
#1617 = LINE ( 'NONE', #828, #231 ) ;
#1618 = FILL_AREA_STYLE_COLOUR ( '', #1314 ) ;
#1619 = VECTOR ( 'NONE', #1701, 1000.000000000000000 ) ;
#1620 = DIRECTION ( 'NONE',  ( 0.000000000000000000, 1.000000000000000000, 0.000000000000000000 ) ) ;
#1621 = SURFACE_SIDE_STYLE ('',( #1818 ) ) ;
#1622 = EDGE_CURVE ( 'NONE', #2288, #1330, #931, .T. ) ;
#1623 = UNCERTAINTY_MEASURE_WITH_UNIT (LENGTH_MEASURE( 1.000000000000000082E-05 ), #1059, 'distance_accuracy_value', 'NONE');
#1624 = DIRECTION ( 'NONE',  ( -0.000000000000000000, -1.000000000000000000, -0.000000000000000000 ) ) ;
#1625 = CARTESIAN_POINT ( 'NONE',  ( 0.1999999999999998168, 0.000000000000000000, 0.3939339828220170814 ) ) ;
#1626 = FILL_AREA_STYLE_COLOUR ( '', #2422 ) ;
#1627 = MECHANICAL_DESIGN_GEOMETRIC_PRESENTATION_REPRESENTATION (  '', ( #1079 ), #959 ) ;
#1628 = FILL_AREA_STYLE ('',( #2374 ) ) ;
#1629 = AXIS2_PLACEMENT_3D ( 'NONE', #344, #503, #1863 ) ;
#1630 =( NAMED_UNIT ( * ) SI_UNIT ( $, .STERADIAN. ) SOLID_ANGLE_UNIT ( ) );
#1631 = ORIENTED_EDGE ( 'NONE', *, *, #1318, .T. ) ;
#1632 = COLOUR_RGB ( '',0.7529411764705882248, 0.7529411764705882248, 0.7529411764705882248 ) ;
#1633 = DIRECTION ( 'NONE',  ( 0.000000000000000000, 0.000000000000000000, -1.000000000000000000 ) ) ;
#1634 = PRESENTATION_STYLE_ASSIGNMENT (( #1439 ) ) ;
#1635 = EDGE_CURVE ( 'NONE', #1316, #413, #750, .T. ) ;
#1636 = CARTESIAN_POINT ( 'NONE',  ( -0.7300000000000000933, -0.05000000000000000278, 0.3199999999999999512 ) ) ;
#1637 = DIRECTION ( 'NONE',  ( 0.000000000000000000, -1.000000000000000000, 0.000000000000000000 ) ) ;
#1638 =( GEOMETRIC_REPRESENTATION_CONTEXT ( 3 ) GLOBAL_UNCERTAINTY_ASSIGNED_CONTEXT ( ( #1721 ) ) GLOBAL_UNIT_ASSIGNED_CONTEXT ( ( #573, #1896, #1138 ) ) REPRESENTATION_CONTEXT ( 'NONE', 'WORKASPACE' ) );
#1639 = FACE_OUTER_BOUND ( 'NONE', #1686, .T. ) ;
#1640 = STYLED_ITEM ( 'NONE', ( #1561 ), #908 ) ;
#1641 = PRESENTATION_LAYER_ASSIGNMENT (  '', '', ( #277 ) ) ;
#1642 = COLOUR_RGB ( '',0.000000000000000000, 0.000000000000000000, 0.000000000000000000 ) ;
#1643 = VERTEX_POINT ( 'NONE', #1539 ) ;
#1644 = STYLED_ITEM ( 'NONE', ( #1583 ), #1812 ) ;
#1645 = PRESENTATION_LAYER_ASSIGNMENT (  '', '', ( #694 ) ) ;
#1646 = CARTESIAN_POINT ( 'NONE',  ( 0.1999999999999998168, -0.05000000000000000278, 0.3200000000000000067 ) ) ;
#1647 =( GEOMETRIC_REPRESENTATION_CONTEXT ( 3 ) GLOBAL_UNCERTAINTY_ASSIGNED_CONTEXT ( ( #841 ) ) GLOBAL_UNIT_ASSIGNED_CONTEXT ( ( #782, #953, #2099 ) ) REPRESENTATION_CONTEXT ( 'NONE', 'WORKASPACE' ) );
#1648 = CARTESIAN_POINT ( 'NONE',  ( 0.2199999999999998068, -0.05000000000000000278, 0.3000000000000000444 ) ) ;
#1649 = ORIENTED_EDGE ( 'NONE', *, *, #1855, .T. ) ;
#1650 = CARTESIAN_POINT ( 'NONE',  ( -2.956915015869558388E-17, -0.05000000000000000278, 0.3000000000000000444 ) ) ;
#1651 = DIRECTION ( 'NONE',  ( 1.000000000000000000, 0.000000000000000000, 0.000000000000000000 ) ) ;
#1652 = CARTESIAN_POINT ( 'NONE',  ( 1.264902534566421583E-17, -0.000000000000000000, -0.09999999999999999167 ) ) ;
#1653 = EDGE_CURVE ( 'NONE', #832, #1773, #954, .T. ) ;
#1654 = SURFACE_STYLE_FILL_AREA ( #1105 ) ;
#1655 = COLOUR_RGB ( '',0.7529411764705882248, 0.7529411764705882248, 0.7529411764705882248 ) ;
#1656 = CARTESIAN_POINT ( 'NONE',  ( 0.7499999999999998890, 0.000000000000000000, 0.000000000000000000 ) ) ;
#1657 = DIRECTION ( 'NONE',  ( 0.000000000000000000, 1.000000000000000000, -0.000000000000000000 ) ) ;
#1658 = AXIS2_PLACEMENT_3D ( 'NONE', #743, #1499, #550 ) ;
#1659 = ORIENTED_EDGE ( 'NONE', *, *, #1450, .F. ) ;
#1660 = SURFACE_STYLE_USAGE ( .BOTH. , #901 ) ;
#1661 = DIRECTION ( 'NONE',  ( 0.000000000000000000, 0.000000000000000000, -1.000000000000000000 ) ) ;
#1662 = DIRECTION ( 'NONE',  ( 0.000000000000000000, -1.000000000000000000, 0.000000000000000000 ) ) ;
#1663 = PLANE ( 'NONE',  #2186 ) ;
#1664 = EDGE_CURVE ( 'NONE', #7, #1879, #584, .T. ) ;
#1665 = FILL_AREA_STYLE_COLOUR ( '', #1695 ) ;
#1666 = CIRCLE ( 'NONE', #588, 0.01999999999999999695 ) ;
#1667 = VERTEX_POINT ( 'NONE', #2270 ) ;
#1668 = SURFACE_STYLE_FILL_AREA ( #889 ) ;
#1669 = STYLED_ITEM ( 'NONE', ( #1546 ), #428 ) ;
#1670 = CARTESIAN_POINT ( 'NONE',  ( 1.264902534566421583E-17, -0.05000000000000000278, -0.09999999999999999167 ) ) ;
#1671 = AXIS2_PLACEMENT_3D ( 'NONE', #1606, #2370, #1391 ) ;
#1672 = VECTOR ( 'NONE', #55, 1000.000000000000000 ) ;
#1673 =( GEOMETRIC_REPRESENTATION_CONTEXT ( 3 ) GLOBAL_UNCERTAINTY_ASSIGNED_CONTEXT ( ( #827 ) ) GLOBAL_UNIT_ASSIGNED_CONTEXT ( ( #898, #1461, #1858 ) ) REPRESENTATION_CONTEXT ( 'NONE', 'WORKASPACE' ) );
#1674 = PRESENTATION_LAYER_ASSIGNMENT (  '', '', ( #1598 ) ) ;
#1675 = COLOUR_RGB ( '',0.7529411764705882248, 0.7529411764705882248, 0.7529411764705882248 ) ;
#1676 = CARTESIAN_POINT ( 'NONE',  ( 0.7299999999999998712, -0.05000000000000000278, -0.09999999999999989453 ) ) ;
#1677 = ADVANCED_FACE ( 'NONE', ( #1328 ), #2087, .T. ) ;
#1678 = CARTESIAN_POINT ( 'NONE',  ( -0.7300000000000000933, 0.000000000000000000, -0.1000000000000000888 ) ) ;
#1679 = CIRCLE ( 'NONE', #1331, 0.01999999999999999695 ) ;
#1680 = EDGE_CURVE ( 'NONE', #587, #1417, #1679, .T. ) ;
#1681 = ORIENTED_EDGE ( 'NONE', *, *, #1953, .T. ) ;
#1682 = PRESENTATION_STYLE_ASSIGNMENT (( #340 ) ) ;
#1683 = CARTESIAN_POINT ( 'NONE',  ( 2.956915015869558388E-17, -0.05000000000000000278, -0.3000000000000001554 ) ) ;
#1684 = MECHANICAL_DESIGN_GEOMETRIC_PRESENTATION_REPRESENTATION (  '', ( #1968 ), #850 ) ;
#1685 = CARTESIAN_POINT ( 'NONE',  ( -0.7500000000000001110, -0.05000000000000000278, 0.4800000000000000377 ) ) ;
#1686 = EDGE_LOOP ( 'NONE', ( #2308, #317, #1507, #551 ) ) ;
#1687 = CARTESIAN_POINT ( 'NONE',  ( 0.7299999999999997602, 0.000000000000000000, 0.5000000000000000000 ) ) ;
#1688 = UNCERTAINTY_MEASURE_WITH_UNIT (LENGTH_MEASURE( 1.000000000000000082E-05 ), #2157, 'distance_accuracy_value', 'NONE');
#1689 = DIRECTION ( 'NONE',  ( 1.000000000000000000, 0.000000000000000000, 0.000000000000000000 ) ) ;
#1690 = COLOUR_RGB ( '',0.7529411764705882248, 0.7529411764705882248, 0.7529411764705882248 ) ;
#1691 = ORIENTED_EDGE ( 'NONE', *, *, #292, .T. ) ;
#1692 = CARTESIAN_POINT ( 'NONE',  ( -0.7300000000000000933, -0.05000000000000000278, 0.5000000000000000000 ) ) ;
#1693 = CARTESIAN_POINT ( 'NONE',  ( -0.7299999999999998712, -0.05000000000000000278, -0.4800000000000001488 ) ) ;
#1694 = CARTESIAN_POINT ( 'NONE',  ( -0.2199999999999999456, -0.05000000000000000278, -0.5000000000000000000 ) ) ;
#1695 = COLOUR_RGB ( '',0.7529411764705882248, 0.7529411764705882248, 0.7529411764705882248 ) ;
#1696 = EDGE_CURVE ( 'NONE', #2125, #1348, #1011, .T. ) ;
#1697 = CARTESIAN_POINT ( 'NONE',  ( 0.2199999999999998068, 0.000000000000000000, 0.3000000000000000444 ) ) ;
#1698 = ORIENTED_EDGE ( 'NONE', *, *, #892, .T. ) ;
#1699 = SURFACE_SIDE_STYLE ('',( #1370 ) ) ;
#1700 = DIRECTION ( 'NONE',  ( 0.000000000000000000, 0.000000000000000000, -1.000000000000000000 ) ) ;
#1701 = DIRECTION ( 'NONE',  ( -1.084202172485504631E-15, 0.000000000000000000, 1.000000000000000000 ) ) ;
#1702 = EDGE_LOOP ( 'NONE', ( #2160, #1736, #125, #736 ) ) ;
#1703 = DIRECTION ( 'NONE',  ( 0.000000000000000000, 0.000000000000000000, -1.000000000000000000 ) ) ;
#1704 = SURFACE_SIDE_STYLE ('',( #394 ) ) ;
#1705 = ORIENTED_EDGE ( 'NONE', *, *, #1533, .F. ) ;
#1706 = PRESENTATION_STYLE_ASSIGNMENT (( #1147 ) ) ;
#1707 = PRESENTATION_STYLE_ASSIGNMENT (( #1756 ) ) ;
#1708 = DIRECTION ( 'NONE',  ( 0.000000000000000000, -1.000000000000000000, 0.000000000000000000 ) ) ;
#1709 = ORIENTED_EDGE ( 'NONE', *, *, #1776, .T. ) ;
#1710 = EDGE_CURVE ( 'NONE', #140, #1720, #1957, .T. ) ;
#1711 =( NAMED_UNIT ( * ) SI_UNIT ( $, .STERADIAN. ) SOLID_ANGLE_UNIT ( ) );
#1712 =( LENGTH_UNIT ( ) NAMED_UNIT ( * ) SI_UNIT ( .MILLI., .METRE. ) );
#1713 = SURFACE_SIDE_STYLE ('',( #957 ) ) ;
#1714 = STYLED_ITEM ( 'NONE', ( #1346 ), #1098 ) ;
#1715 = VERTEX_POINT ( 'NONE', #2375 ) ;
#1716 = COLOUR_RGB ( '',0.7529411764705882248, 0.7529411764705882248, 0.7529411764705882248 ) ;
#1717 = VECTOR ( 'NONE', #2263, 1000.000000000000000 ) ;
#1718 = PLANE ( 'NONE',  #2118 ) ;
#1719 = VECTOR ( 'NONE', #2393, 1000.000000000000114 ) ;
#1720 = VERTEX_POINT ( 'NONE', #606 ) ;
#1721 = UNCERTAINTY_MEASURE_WITH_UNIT (LENGTH_MEASURE( 1.000000000000000082E-05 ), #573, 'distance_accuracy_value', 'NONE');
#1722 = LINE ( 'NONE', #397, #1279 ) ;
#1723 = DIRECTION ( 'NONE',  ( 0.000000000000000000, 0.000000000000000000, -1.000000000000000000 ) ) ;
#1724 = STYLED_ITEM ( 'NONE', ( #810 ), #1793 ) ;
#1725 = VERTEX_POINT ( 'NONE', #2123 ) ;
#1726 = SURFACE_SIDE_STYLE ('',( #14 ) ) ;
#1727 = LINE ( 'NONE', #2127, #2071 ) ;
#1728 = ORIENTED_EDGE ( 'NONE', *, *, #2394, .F. ) ;
#1729 = EDGE_CURVE ( 'NONE', #201, #577, #1595, .T. ) ;
#1730 =( NAMED_UNIT ( * ) PLANE_ANGLE_UNIT ( ) SI_UNIT ( $, .RADIAN. ) );
#1731 = ORIENTED_EDGE ( 'NONE', *, *, #2048, .T. ) ;
#1732 =( NAMED_UNIT ( * ) PLANE_ANGLE_UNIT ( ) SI_UNIT ( $, .RADIAN. ) );
#1733 = LINE ( 'NONE', #220, #2493 ) ;
#1734 = DIRECTION ( 'NONE',  ( -0.000000000000000000, -1.000000000000000000, 0.000000000000000000 ) ) ;
#1735 = DIRECTION ( 'NONE',  ( 0.000000000000000000, 0.000000000000000000, 1.000000000000000000 ) ) ;
#1736 = ORIENTED_EDGE ( 'NONE', *, *, #1544, .T. ) ;
#1737 = CARTESIAN_POINT ( 'NONE',  ( -0.8500000000000001998, 0.5500000000000000444, -0.6999999999999999556 ) ) ;
#1738 =( NAMED_UNIT ( * ) PLANE_ANGLE_UNIT ( ) SI_UNIT ( $, .RADIAN. ) );
#1739 = VERTEX_POINT ( 'NONE', #1934 ) ;
#1740 = EDGE_CURVE ( 'NONE', #232, #91, #242, .T. ) ;
#1741 = CYLINDRICAL_SURFACE ( 'NONE', #685, 0.01999999999999999695 ) ;
#1742 = ORIENTED_EDGE ( 'NONE', *, *, #2048, .F. ) ;
#1743 = CYLINDRICAL_SURFACE ( 'NONE', #1797, 0.01999999999999999695 ) ;
#1744 = CARTESIAN_POINT ( 'NONE',  ( 0.5999999999999999778, 0.5400000000000000355, 0.4500000000000000111 ) ) ;
#1745 =( NAMED_UNIT ( * ) PLANE_ANGLE_UNIT ( ) SI_UNIT ( $, .RADIAN. ) );
#1746 = ORIENTED_EDGE ( 'NONE', *, *, #997, .T. ) ;
#1747 = DIRECTION ( 'NONE',  ( 0.000000000000000000, 0.000000000000000000, -1.000000000000000000 ) ) ;
#1748 = FILL_AREA_STYLE_COLOUR ( '', #2233 ) ;
#1749 = VECTOR ( 'NONE', #1946, 1000.000000000000000 ) ;
#1750 =( LENGTH_UNIT ( ) NAMED_UNIT ( * ) SI_UNIT ( .MILLI., .METRE. ) );
#1751 = ORIENTED_EDGE ( 'NONE', *, *, #193, .F. ) ;
#1752 =( GEOMETRIC_REPRESENTATION_CONTEXT ( 3 ) GLOBAL_UNCERTAINTY_ASSIGNED_CONTEXT ( ( #1603 ) ) GLOBAL_UNIT_ASSIGNED_CONTEXT ( ( #618, #1197, #238 ) ) REPRESENTATION_CONTEXT ( 'NONE', 'WORKASPACE' ) );
#1753 = CIRCLE ( 'NONE', #275, 0.01999999999999999695 ) ;
#1754 = SURFACE_STYLE_USAGE ( .BOTH. , #419 ) ;
#1755 =( GEOMETRIC_REPRESENTATION_CONTEXT ( 3 ) GLOBAL_UNCERTAINTY_ASSIGNED_CONTEXT ( ( #748 ) ) GLOBAL_UNIT_ASSIGNED_CONTEXT ( ( #851, #1029, #1188 ) ) REPRESENTATION_CONTEXT ( 'NONE', 'WORKASPACE' ) );
#1756 = SURFACE_STYLE_USAGE ( .BOTH. , #1538 ) ;
#1757 = VECTOR ( 'NONE', #1104, 1000.000000000000000 ) ;
#1758 = CARTESIAN_POINT ( 'NONE',  ( 0.1999999999999999278, -0.05000000000000000278, -0.3199999999999998956 ) ) ;
#1759 = EDGE_CURVE ( 'NONE', #1667, #1715, #1565, .T. ) ;
#1760 = ORIENTED_EDGE ( 'NONE', *, *, #829, .F. ) ;
#1761 = CARTESIAN_POINT ( 'NONE',  ( 0.7499999999999998890, 0.000000000000000000, -0.07999999999999990452 ) ) ;
#1762 = SURFACE_STYLE_FILL_AREA ( #227 ) ;
#1763 = COLOUR_RGB ( '',0.7529411764705882248, 0.7529411764705882248, 0.7529411764705882248 ) ;
#1764 = CARTESIAN_POINT ( 'NONE',  ( 0.1999999999999999833, -0.05000000000000000278, -0.4800000000000000377 ) ) ;
#1765 = AXIS2_PLACEMENT_3D ( 'NONE', #592, #2291, #2108 ) ;
#1766 = PRESENTATION_STYLE_ASSIGNMENT (( #1428 ) ) ;
#1767 = EDGE_LOOP ( 'NONE', ( #1106, #1681, #1970, #1152 ) ) ;
#1768 = AXIS2_PLACEMENT_3D ( 'NONE', #1693, #1472, #309 ) ;
#1769 = ORIENTED_EDGE ( 'NONE', *, *, #2363, .F. ) ;
#1770 = SURFACE_STYLE_USAGE ( .BOTH. , #62 ) ;
#1771 = SURFACE_STYLE_USAGE ( .BOTH. , #239 ) ;
#1772 = PRESENTATION_STYLE_ASSIGNMENT (( #1800 ) ) ;
#1773 = VERTEX_POINT ( 'NONE', #1559 ) ;
#1774 = PLANE ( 'NONE',  #431 ) ;
#1775 =( NAMED_UNIT ( * ) SI_UNIT ( $, .STERADIAN. ) SOLID_ANGLE_UNIT ( ) );
#1776 = EDGE_CURVE ( 'NONE', #539, #2415, #22, .T. ) ;
#1777 = UNCERTAINTY_MEASURE_WITH_UNIT (LENGTH_MEASURE( 1.000000000000000082E-05 ), #999, 'distance_accuracy_value', 'NONE');
#1778 = CARTESIAN_POINT ( 'NONE',  ( 0.7499999999999997780, 0.000000000000000000, 0.3200000000000000067 ) ) ;
#1779 = CARTESIAN_POINT ( 'NONE',  ( 0.2199999999999999178, -0.05000000000000000278, -0.3199999999999998956 ) ) ;
#1780 = ORIENTED_EDGE ( 'NONE', *, *, #73, .T. ) ;
#1781 = AXIS2_PLACEMENT_3D ( 'NONE', #495, #847, #1232 ) ;
#1782 = DIRECTION ( 'NONE',  ( 0.000000000000000000, -0.000000000000000000, -1.000000000000000000 ) ) ;
#1783 = VERTEX_POINT ( 'NONE', #64 ) ;
#1784 = DIRECTION ( 'NONE',  ( 0.000000000000000000, 0.000000000000000000, -1.000000000000000000 ) ) ;
#1785 = DIRECTION ( 'NONE',  ( 0.000000000000000000, 1.000000000000000000, -0.000000000000000000 ) ) ;
#1786 = DIRECTION ( 'NONE',  ( 0.000000000000000000, 1.000000000000000000, 0.000000000000000000 ) ) ;
#1787 = EDGE_LOOP ( 'NONE', ( #2193, #1698, #2445, #1308 ) ) ;
#1788 = CARTESIAN_POINT ( 'NONE',  ( -0.09696699141100706409, 0.000000000000000000, 0.09696699141100555142 ) ) ;
#1789 = CARTESIAN_POINT ( 'NONE',  ( -0.2000000000000003719, 0.000000000000000000, 1.084202172485506653E-16 ) ) ;
#1790 = UNCERTAINTY_MEASURE_WITH_UNIT (LENGTH_MEASURE( 1.000000000000000082E-05 ), #504, 'distance_accuracy_value', 'NONE');
#1791 = EDGE_CURVE ( 'NONE', #1902, #224, #422, .T. ) ;
#1792 = EDGE_LOOP ( 'NONE', ( #744, #1528, #2306, #363 ) ) ;
#1793 = ADVANCED_FACE ( 'NONE', ( #450 ), #1942, .F. ) ;
#1794 = SURFACE_STYLE_FILL_AREA ( #806 ) ;
#1795 = VECTOR ( 'NONE', #692, 1000.000000000000000 ) ;
#1796 = CIRCLE ( 'NONE', #919, 0.01999999999999999695 ) ;
#1797 = AXIS2_PLACEMENT_3D ( 'NONE', #1366, #543, #964 ) ;
#1798 = ORIENTED_EDGE ( 'NONE', *, *, #1560, .F. ) ;
#1799 = FILL_AREA_STYLE ('',( #1393 ) ) ;
#1800 = SURFACE_STYLE_USAGE ( .BOTH. , #1043 ) ;
#1801 = VECTOR ( 'NONE', #865, 1000.000000000000000 ) ;
#1802 =( GEOMETRIC_REPRESENTATION_CONTEXT ( 3 ) GLOBAL_UNCERTAINTY_ASSIGNED_CONTEXT ( ( #1777 ) ) GLOBAL_UNIT_ASSIGNED_CONTEXT ( ( #999, #2338, #617 ) ) REPRESENTATION_CONTEXT ( 'NONE', 'WORKASPACE' ) );
#1803 = ORIENTED_EDGE ( 'NONE', *, *, #1115, .F. ) ;
#1804 = CARTESIAN_POINT ( 'NONE',  ( 0.1999999999999999278, -0.05000000000000000278, -0.3199999999999998956 ) ) ;
#1805 = DIRECTION ( 'NONE',  ( 0.000000000000000000, 0.000000000000000000, -1.000000000000000000 ) ) ;
#1806 =( NAMED_UNIT ( * ) PLANE_ANGLE_UNIT ( ) SI_UNIT ( $, .RADIAN. ) );
#1807 = AXIS2_PLACEMENT_3D ( 'NONE', #637, #1961, #286 ) ;
#1808 = FACE_OUTER_BOUND ( 'NONE', #1587, .T. ) ;
#1809 = CIRCLE ( 'NONE', #1765, 0.1000000000000001582 ) ;
#1810 = SURFACE_SIDE_STYLE ('',( #1794 ) ) ;
#1811 = AXIS2_PLACEMENT_3D ( 'NONE', #1821, #477, #679 ) ;
#1812 = ADVANCED_FACE ( 'NONE', ( #1447 ), #672, .F. ) ;
#1813 = FILL_AREA_STYLE ('',( #1052 ) ) ;
#1814 = LINE ( 'NONE', #859, #1552 ) ;
#1815 = DIRECTION ( 'NONE',  ( 0.000000000000000000, -1.000000000000000000, 0.000000000000000000 ) ) ;
#1816 = SURFACE_STYLE_FILL_AREA ( #1799 ) ;
#1817 = VECTOR ( 'NONE', #1784, 1000.000000000000000 ) ;
#1818 = SURFACE_STYLE_FILL_AREA ( #2436 ) ;
#1819 = ORIENTED_EDGE ( 'NONE', *, *, #345, .T. ) ;
#1820 = DIRECTION ( 'NONE',  ( -0.000000000000000000, 1.000000000000000000, 0.000000000000000000 ) ) ;
#1821 = CARTESIAN_POINT ( 'NONE',  ( 2.956915015869558388E-17, -0.05000000000000000278, -0.3000000000000001554 ) ) ;
#1822 = DIRECTION ( 'NONE',  ( 0.000000000000000000, 1.000000000000000000, 0.000000000000000000 ) ) ;
#1823 = SURFACE_STYLE_FILL_AREA ( #803 ) ;
#1824 =( LENGTH_UNIT ( ) NAMED_UNIT ( * ) SI_UNIT ( .MILLI., .METRE. ) );
#1825 = PRESENTATION_LAYER_ASSIGNMENT (  '', '', ( #418 ) ) ;
#1826 = PRESENTATION_LAYER_ASSIGNMENT (  '', '', ( #579 ) ) ;
#1827 = ADVANCED_FACE ( 'NONE', ( #854 ), #2379, .T. ) ;
#1828 = CYLINDRICAL_SURFACE ( 'NONE', #1781, 0.1000000000000001582 ) ;
#1829 = SURFACE_SIDE_STYLE ('',( #2400 ) ) ;
#1830 = UNCERTAINTY_MEASURE_WITH_UNIT (LENGTH_MEASURE( 1.000000000000000082E-05 ), #402, 'distance_accuracy_value', 'NONE');
#1831 = ORIENTED_EDGE ( 'NONE', *, *, #1134, .T. ) ;
#1832 = DIRECTION ( 'NONE',  ( 1.000000000000000000, 0.000000000000000000, 0.000000000000000000 ) ) ;
#1833 = SURFACE_STYLE_USAGE ( .BOTH. , #301 ) ;
#1834 = LINE ( 'NONE', #1656, #702 ) ;
#1835 = PRESENTATION_LAYER_ASSIGNMENT (  '', '', ( #2232 ) ) ;
#1836 = DIRECTION ( 'NONE',  ( 1.000000000000000000, 0.000000000000000000, -1.275531967630005245E-16 ) ) ;
#1837 = EDGE_LOOP ( 'NONE', ( #192, #2390 ) ) ;
#1838 = STYLED_ITEM ( 'NONE', ( #1124 ), #815 ) ;
#1839 = FILL_AREA_STYLE_COLOUR ( '', #2065 ) ;
#1840 = SURFACE_SIDE_STYLE ('',( #1668 ) ) ;
#1841 = DIRECTION ( 'NONE',  ( 0.000000000000000000, 0.000000000000000000, -1.000000000000000000 ) ) ;
#1842 = EDGE_CURVE ( 'NONE', #991, #2310, #1259, .T. ) ;
#1843 = CARTESIAN_POINT ( 'NONE',  ( -0.7300000000000000933, -0.05000000000000000278, -0.3000000000000002109 ) ) ;
#1844 = AXIS2_PLACEMENT_3D ( 'NONE', #176, #2449, #1689 ) ;
#1845 = VECTOR ( 'NONE', #2083, 1000.000000000000000 ) ;
#1846 = PRESENTATION_LAYER_ASSIGNMENT (  '', '', ( #155 ) ) ;
#1847 = CIRCLE ( 'NONE', #767, 0.01999999999999999695 ) ;
#1848 = CIRCLE ( 'NONE', #246, 0.01999999999999999695 ) ;
#1849 = PRESENTATION_LAYER_ASSIGNMENT (  '', '', ( #1532 ) ) ;
#1850 = FACE_OUTER_BOUND ( 'NONE', #1021, .T. ) ;
#1851 = ORIENTED_EDGE ( 'NONE', *, *, #2208, .F. ) ;
#1852 = DIRECTION ( 'NONE',  ( 0.000000000000000000, -1.000000000000000000, 0.000000000000000000 ) ) ;
#1853 = PLANE ( 'NONE',  #1055 ) ;
#1854 = FILL_AREA_STYLE ('',( #1448 ) ) ;
#1855 = EDGE_CURVE ( 'NONE', #608, #2426, #1848, .T. ) ;
#1856 = CIRCLE ( 'NONE', #2340, 0.02000000000000005246 ) ;
#1857 = CARTESIAN_POINT ( 'NONE',  ( -0.8500000000000001998, 0.000000000000000000, -0.6999999999999999556 ) ) ;
#1858 =( NAMED_UNIT ( * ) SI_UNIT ( $, .STERADIAN. ) SOLID_ANGLE_UNIT ( ) );
#1859 = ORIENTED_EDGE ( 'NONE', *, *, #18, .T. ) ;
#1860 = CARTESIAN_POINT ( 'NONE',  ( -0.2200000000000000844, -0.05000000000000000278, 0.5000000000000000000 ) ) ;
#1861 = CARTESIAN_POINT ( 'NONE',  ( 0.000000000000000000, -0.000000000000000000, 0.5000000000000000000 ) ) ;
#1862 = SURFACE_STYLE_FILL_AREA ( #1854 ) ;
#1863 = DIRECTION ( 'NONE',  ( 0.000000000000000000, 0.000000000000000000, -1.000000000000000000 ) ) ;
#1864 = FILL_AREA_STYLE ('',( #2432 ) ) ;
#1865 = EDGE_CURVE ( 'NONE', #1940, #2042, #531, .T. ) ;
#1866 = DIRECTION ( 'NONE',  ( 0.000000000000000000, 0.000000000000000000, 1.000000000000000000 ) ) ;
#1867 = EDGE_LOOP ( 'NONE', ( #1351, #2025, #582, #2489 ) ) ;
#1868 =( NAMED_UNIT ( * ) PLANE_ANGLE_UNIT ( ) SI_UNIT ( $, .RADIAN. ) );
#1869 = ORIENTED_EDGE ( 'NONE', *, *, #535, .T. ) ;
#1870 = CARTESIAN_POINT ( 'NONE',  ( -0.7300000000000000933, -0.05000000000000000278, -0.3200000000000001732 ) ) ;
#1871 = PRESENTATION_LAYER_ASSIGNMENT (  '', '', ( #1915 ) ) ;
#1872 = STYLED_ITEM ( 'NONE', ( #1007 ), #1213 ) ;
#1873 = PRESENTATION_LAYER_ASSIGNMENT (  '', '', ( #842 ) ) ;
#1874 = CARTESIAN_POINT ( 'NONE',  ( -0.7500000000000001110, 0.000000000000000000, -0.08000000000000008493 ) ) ;
#1875 = COLOUR_RGB ( '',0.7529411764705882248, 0.7529411764705882248, 0.7529411764705882248 ) ;
#1876 = STYLED_ITEM ( 'NONE', ( #1225 ), #923 ) ;
#1877 =( GEOMETRIC_REPRESENTATION_CONTEXT ( 3 ) GLOBAL_UNCERTAINTY_ASSIGNED_CONTEXT ( ( #1322 ) ) GLOBAL_UNIT_ASSIGNED_CONTEXT ( ( #241, #1167, #653 ) ) REPRESENTATION_CONTEXT ( 'NONE', 'WORKASPACE' ) );
#1878 = PRESENTATION_STYLE_ASSIGNMENT (( #1300 ) ) ;
#1879 = VERTEX_POINT ( 'NONE', #1078 ) ;
#1880 = ADVANCED_FACE ( 'NONE', ( #723 ), #1853, .T. ) ;
#1881 = AXIS2_PLACEMENT_3D ( 'NONE', #54, #609, #456 ) ;
#1882 = PRESENTATION_LAYER_ASSIGNMENT (  '', '', ( #1724 ) ) ;
#1883 = ORIENTED_EDGE ( 'NONE', *, *, #1936, .F. ) ;
#1884 = FILL_AREA_STYLE ('',( #20 ) ) ;
#1885 = SURFACE_SIDE_STYLE ('',( #1296 ) ) ;
#1886 = CARTESIAN_POINT ( 'NONE',  ( -0.7499999999999998890, -0.05000000000000000278, -0.4800000000000001488 ) ) ;
#1887 = COLOUR_RGB ( '',0.7529411764705882248, 0.7529411764705882248, 0.7529411764705882248 ) ;
#1888 = ORIENTED_EDGE ( 'NONE', *, *, #260, .T. ) ;
#1889 = ORIENTED_EDGE ( 'NONE', *, *, #797, .T. ) ;
#1890 = CARTESIAN_POINT ( 'NONE',  ( 0.7299999999999998712, 0.000000000000000000, 0.1000000000000001166 ) ) ;
#1891 = EDGE_CURVE ( 'NONE', #2166, #251, #932, .T. ) ;
#1892 = MECHANICAL_DESIGN_GEOMETRIC_PRESENTATION_REPRESENTATION (  '', ( #95 ), #383 ) ;
#1893 = VERTEX_POINT ( 'NONE', #2214 ) ;
#1894 = UNCERTAINTY_MEASURE_WITH_UNIT (LENGTH_MEASURE( 1.000000000000000082E-05 ), #1410, 'distance_accuracy_value', 'NONE');
#1895 = CARTESIAN_POINT ( 'NONE',  ( 0.7299999999999997602, 0.000000000000000000, 0.4800000000000000377 ) ) ;
#1896 =( NAMED_UNIT ( * ) PLANE_ANGLE_UNIT ( ) SI_UNIT ( $, .RADIAN. ) );
#1897 = ORIENTED_EDGE ( 'NONE', *, *, #494, .T. ) ;
#1898 =( NAMED_UNIT ( * ) PLANE_ANGLE_UNIT ( ) SI_UNIT ( $, .RADIAN. ) );
#1899 = FACE_BOUND ( 'NONE', #1163, .T. ) ;
#1900 = CARTESIAN_POINT ( 'NONE',  ( 0.1999999999999998446, -0.05000000000000000278, 5.421010862427516007E-17 ) ) ;
#1901 = FILL_AREA_STYLE_COLOUR ( '', #635 ) ;
#1902 = VERTEX_POINT ( 'NONE', #912 ) ;
#1903 = SURFACE_STYLE_USAGE ( .BOTH. , #1490 ) ;
#1904 = VERTEX_POINT ( 'NONE', #2428 ) ;
#1905 =( NAMED_UNIT ( * ) PLANE_ANGLE_UNIT ( ) SI_UNIT ( $, .RADIAN. ) );
#1906 = FILL_AREA_STYLE ('',( #410 ) ) ;
#1907 = FACE_OUTER_BOUND ( 'NONE', #574, .T. ) ;
#1908 = FACE_OUTER_BOUND ( 'NONE', #1209, .T. ) ;
#1909 = ORIENTED_EDGE ( 'NONE', *, *, #1986, .F. ) ;
#1910 = CARTESIAN_POINT ( 'NONE',  ( 0.8499999999999999778, 0.000000000000000000, 0.6999999999999997335 ) ) ;
#1911 = EDGE_CURVE ( 'NONE', #2125, #630, #1568, .T. ) ;
#1912 = COLOUR_RGB ( '',0.7529411764705882248, 0.7529411764705882248, 0.7529411764705882248 ) ;
#1913 = CARTESIAN_POINT ( 'NONE',  ( -0.2000000000000002054, -0.05000000000000000278, 0.3200000000000000067 ) ) ;
#1914 = PRESENTATION_LAYER_ASSIGNMENT (  '', '', ( #313 ) ) ;
#1915 = STYLED_ITEM ( 'NONE', ( #1041 ), #464 ) ;
#1916 = STYLED_ITEM ( 'NONE', ( #752 ), #874 ) ;
#1917 = ORIENTED_EDGE ( 'NONE', *, *, #1063, .T. ) ;
#1918 = VECTOR ( 'NONE', #305, 1000.000000000000000 ) ;
#1919 =( GEOMETRIC_REPRESENTATION_CONTEXT ( 3 ) GLOBAL_UNCERTAINTY_ASSIGNED_CONTEXT ( ( #1436 ) ) GLOBAL_UNIT_ASSIGNED_CONTEXT ( ( #1712, #206, #2295 ) ) REPRESENTATION_CONTEXT ( 'NONE', 'WORKASPACE' ) );
#1920 = ORIENTED_EDGE ( 'NONE', *, *, #1065, .T. ) ;
#1921 = DIRECTION ( 'NONE',  ( -0.000000000000000000, 1.000000000000000000, -0.000000000000000000 ) ) ;
#1922 = CARTESIAN_POINT ( 'NONE',  ( -0.7500000000000004441, -0.000000000000000000, -8.131516293641287199E-16 ) ) ;
#1923 =( GEOMETRIC_REPRESENTATION_CONTEXT ( 3 ) GLOBAL_UNCERTAINTY_ASSIGNED_CONTEXT ( ( #1623 ) ) GLOBAL_UNIT_ASSIGNED_CONTEXT ( ( #1059, #1976, #1032 ) ) REPRESENTATION_CONTEXT ( 'NONE', 'WORKASPACE' ) );
#1924 = SURFACE_STYLE_USAGE ( .BOTH. , #1342 ) ;
#1925 = EDGE_LOOP ( 'NONE', ( #1421, #1116, #1180, #1169 ) ) ;
#1926 = PRESENTATION_LAYER_ASSIGNMENT (  '', '', ( #1968 ) ) ;
#1927 = SURFACE_STYLE_FILL_AREA ( #1508 ) ;
#1928 = FACE_OUTER_BOUND ( 'NONE', #2321, .T. ) ;
#1929 = ADVANCED_FACE ( 'NONE', ( #1287 ), #1091, .F. ) ;
#1930 = ORIENTED_EDGE ( 'NONE', *, *, #549, .F. ) ;
#1931 = EDGE_LOOP ( 'NONE', ( #1599, #2360, #1760, #1742 ) ) ;
#1932 =( NAMED_UNIT ( * ) SI_UNIT ( $, .STERADIAN. ) SOLID_ANGLE_UNIT ( ) );
#1933 = FILL_AREA_STYLE ('',( #1547 ) ) ;
#1934 = CARTESIAN_POINT ( 'NONE',  ( 0.8499999999999999778, 0.5500000000000000444, 0.6999999999999997335 ) ) ;
#1935 = ORIENTED_EDGE ( 'NONE', *, *, #1938, .F. ) ;
#1936 = EDGE_CURVE ( 'NONE', #907, #1176, #1484, .T. ) ;
#1937 = ORIENTED_EDGE ( 'NONE', *, *, #720, .T. ) ;
#1938 = EDGE_CURVE ( 'NONE', #1330, #822, #358, .T. ) ;
#1939 = CARTESIAN_POINT ( 'NONE',  ( 0.7299999999999999822, -0.05000000000000000278, -0.4999999999999997780 ) ) ;
#1940 = VERTEX_POINT ( 'NONE', #1382 ) ;
#1941 = FACE_OUTER_BOUND ( 'NONE', #1336, .T. ) ;
#1942 = PLANE ( 'NONE',  #1207 ) ;
#1943 = CARTESIAN_POINT ( 'NONE',  ( 0.000000000000000000, 0.000000000000000000, 0.000000000000000000 ) ) ;
#1944 = SURFACE_STYLE_FILL_AREA ( #2137 ) ;
#1945 = ORIENTED_EDGE ( 'NONE', *, *, #1288, .F. ) ;
#1946 = DIRECTION ( 'NONE',  ( 1.000000000000000000, 0.000000000000000000, 1.971276677246372012E-16 ) ) ;
#1947 = DIRECTION ( 'NONE',  ( 1.000000000000000000, 0.000000000000000000, 0.000000000000000000 ) ) ;
#1948 = DIRECTION ( 'NONE',  ( 0.000000000000000000, 0.000000000000000000, 1.000000000000000000 ) ) ;
#1949 = CIRCLE ( 'NONE', #2271, 0.01999999999999999695 ) ;
#1950 = ORIENTED_EDGE ( 'NONE', *, *, #1891, .F. ) ;
#1951 = AXIS2_PLACEMENT_3D ( 'NONE', #1035, #1947, #856 ) ;
#1952 = CARTESIAN_POINT ( 'NONE',  ( -0.7300000000000000933, -0.05000000000000000278, 0.07999999999999994615 ) ) ;
#1953 = EDGE_CURVE ( 'NONE', #91, #2415, #2134, .T. ) ;
#1954 = ORIENTED_EDGE ( 'NONE', *, *, #2407, .T. ) ;
#1955 = MECHANICAL_DESIGN_GEOMETRIC_PRESENTATION_REPRESENTATION (  '', ( #2077 ), #1477 ) ;
#1956 = CARTESIAN_POINT ( 'NONE',  ( -0.2000000000000003442, -0.000000000000000000, -1.626303258728260349E-16 ) ) ;
#1957 = LINE ( 'NONE', #1758, #2002 ) ;
#1958 = AXIS2_PLACEMENT_3D ( 'NONE', #1033, #1045, #1805 ) ;
#1959 = VERTEX_POINT ( 'NONE', #1178 ) ;
#1960 = SURFACE_STYLE_USAGE ( .BOTH. , #622 ) ;
#1961 = DIRECTION ( 'NONE',  ( 0.000000000000000000, -1.000000000000000000, 0.000000000000000000 ) ) ;
#1962 = MECHANICAL_DESIGN_GEOMETRIC_PRESENTATION_REPRESENTATION (  '', ( #407 ), #1126 ) ;
#1963 =( NAMED_UNIT ( * ) SI_UNIT ( $, .STERADIAN. ) SOLID_ANGLE_UNIT ( ) );
#1964 = PLANE ( 'NONE',  #392 ) ;
#1965 = UNCERTAINTY_MEASURE_WITH_UNIT (LENGTH_MEASURE( 1.000000000000000082E-05 ), #2290, 'distance_accuracy_value', 'NONE');
#1966 = VECTOR ( 'NONE', #2255, 1000.000000000000000 ) ;
#1967 = ORIENTED_EDGE ( 'NONE', *, *, #971, .T. ) ;
#1968 = STYLED_ITEM ( 'NONE', ( #1634 ), #1827 ) ;
#1969 =( NAMED_UNIT ( * ) PLANE_ANGLE_UNIT ( ) SI_UNIT ( $, .RADIAN. ) );
#1970 = ORIENTED_EDGE ( 'NONE', *, *, #1776, .F. ) ;
#1971 = LINE ( 'NONE', #823, #2480 ) ;
#1972 =( LENGTH_UNIT ( ) NAMED_UNIT ( * ) SI_UNIT ( .MILLI., .METRE. ) );
#1973 = ADVANCED_FACE ( 'NONE', ( #179 ), #2107, .F. ) ;
#1974 = CARTESIAN_POINT ( 'NONE',  ( 0.7299999999999998712, -0.05000000000000000278, 0.08000000000000011269 ) ) ;
#1975 = ORIENTED_EDGE ( 'NONE', *, *, #2180, .F. ) ;
#1976 =( NAMED_UNIT ( * ) PLANE_ANGLE_UNIT ( ) SI_UNIT ( $, .RADIAN. ) );
#1977 = SURFACE_STYLE_USAGE ( .BOTH. , #1190 ) ;
#1978 = UNCERTAINTY_MEASURE_WITH_UNIT (LENGTH_MEASURE( 1.000000000000000082E-05 ), #1464, 'distance_accuracy_value', 'NONE');
#1979 = PLANE ( 'NONE',  #1671 ) ;
#1980 = ORIENTED_EDGE ( 'NONE', *, *, #1680, .F. ) ;
#1981 = ORIENTED_EDGE ( 'NONE', *, *, #779, .F. ) ;
#1982 =( NAMED_UNIT ( * ) SI_UNIT ( $, .STERADIAN. ) SOLID_ANGLE_UNIT ( ) );
#1983 = CARTESIAN_POINT ( 'NONE',  ( -0.7500000000000001110, -0.05000000000000000278, 0.07999999999999994615 ) ) ;
#1984 = DIRECTION ( 'NONE',  ( 0.000000000000000000, 1.000000000000000000, 0.000000000000000000 ) ) ;
#1985 = ORIENTED_EDGE ( 'NONE', *, *, #2096, .T. ) ;
#1986 = EDGE_CURVE ( 'NONE', #2415, #177, #160, .T. ) ;
#1987 = FACE_OUTER_BOUND ( 'NONE', #707, .T. ) ;
#1988 = COLOUR_RGB ( '',0.7529411764705882248, 0.7529411764705882248, 0.7529411764705882248 ) ;
#1989 = MECHANICAL_DESIGN_GEOMETRIC_PRESENTATION_REPRESENTATION (  '', ( #1669 ), #1752 ) ;
#1990 = CARTESIAN_POINT ( 'NONE',  ( 0.8499999999999999778, 0.5500000000000000444, 0.6999999999999997335 ) ) ;
#1991 = DIRECTION ( 'NONE',  ( -0.000000000000000000, 1.000000000000000000, -0.000000000000000000 ) ) ;
#1992 = CARTESIAN_POINT ( 'NONE',  ( -0.7500000000000001110, 0.000000000000000000, 0.4800000000000000377 ) ) ;
#1993 = MECHANICAL_DESIGN_GEOMETRIC_PRESENTATION_REPRESENTATION (  '', ( #1002 ), #1046 ) ;
#1994 = UNCERTAINTY_MEASURE_WITH_UNIT (LENGTH_MEASURE( 1.000000000000000082E-05 ), #152, 'distance_accuracy_value', 'NONE');
#1995 = MECHANICAL_DESIGN_GEOMETRIC_PRESENTATION_REPRESENTATION (  '', ( #1640 ), #1048 ) ;
#1996 = CIRCLE ( 'NONE', #883, 0.01999999999999999695 ) ;
#1997 = ORIENTED_EDGE ( 'NONE', *, *, #997, .F. ) ;
#1998 = DIRECTION ( 'NONE',  ( 0.000000000000000000, -1.000000000000000000, 0.000000000000000000 ) ) ;
#1999 = DIRECTION ( 'NONE',  ( 0.000000000000000000, 0.000000000000000000, -1.000000000000000000 ) ) ;
#2000 = CIRCLE ( 'NONE', #1050, 0.01999999999999999695 ) ;
#2001 = EDGE_CURVE ( 'NONE', #1667, #283, #1341, .T. ) ;
#2002 = VECTOR ( 'NONE', #1984, 1000.000000000000000 ) ;
#2003 =( NAMED_UNIT ( * ) SI_UNIT ( $, .STERADIAN. ) SOLID_ANGLE_UNIT ( ) );
#2004 = STYLED_ITEM ( 'NONE', ( #1707 ), #2016 ) ;
#2005 = EDGE_LOOP ( 'NONE', ( #401, #4, #656, #649 ) ) ;
#2006 = DIRECTION ( 'NONE',  ( -0.000000000000000000, -1.000000000000000000, -0.000000000000000000 ) ) ;
#2007 = LINE ( 'NONE', #1648, #1918 ) ;
#2008 = ORIENTED_EDGE ( 'NONE', *, *, #2486, .F. ) ;
#2009 = CARTESIAN_POINT ( 'NONE',  ( 0.7499999999999998890, 0.000000000000000000, 0.08000000000000011269 ) ) ;
#2010 =( LENGTH_UNIT ( ) NAMED_UNIT ( * ) SI_UNIT ( .MILLI., .METRE. ) );
#2011 = CARTESIAN_POINT ( 'NONE',  ( 0.1999999999999998168, 0.000000000000000000, 0.3200000000000000067 ) ) ;
#2012 =( NAMED_UNIT ( * ) SI_UNIT ( $, .STERADIAN. ) SOLID_ANGLE_UNIT ( ) );
#2013 =( GEOMETRIC_REPRESENTATION_CONTEXT ( 3 ) GLOBAL_UNCERTAINTY_ASSIGNED_CONTEXT ( ( #640 ) ) GLOBAL_UNIT_ASSIGNED_CONTEXT ( ( #2187, #675, #2409 ) ) REPRESENTATION_CONTEXT ( 'NONE', 'WORKASPACE' ) );
#2014 =( GEOMETRIC_REPRESENTATION_CONTEXT ( 3 ) GLOBAL_UNCERTAINTY_ASSIGNED_CONTEXT ( ( #1218 ) ) GLOBAL_UNIT_ASSIGNED_CONTEXT ( ( #1460, #897, #2385 ) ) REPRESENTATION_CONTEXT ( 'NONE', 'WORKASPACE' ) );
#2015 = DIRECTION ( 'NONE',  ( -0.000000000000000000, 1.000000000000000000, -0.000000000000000000 ) ) ;
#2016 = ADVANCED_FACE ( 'NONE', ( #1941 ), #583, .T. ) ;
#2017 = CARTESIAN_POINT ( 'NONE',  ( -0.2200000000000000566, 0.000000000000000000, -0.3000000000000001554 ) ) ;
#2018 = ORIENTED_EDGE ( 'NONE', *, *, #349, .F. ) ;
#2019 =( LENGTH_UNIT ( ) NAMED_UNIT ( * ) SI_UNIT ( .MILLI., .METRE. ) );
#2020 = DIRECTION ( 'NONE',  ( 0.000000000000000000, 0.000000000000000000, -1.000000000000000000 ) ) ;
#2021 = CIRCLE ( 'NONE', #1096, 0.01999999999999999695 ) ;
#2022 = CARTESIAN_POINT ( 'NONE',  ( 0.7299999999999997602, -0.05000000000000000278, 0.3000000000000000444 ) ) ;
#2023 = DIRECTION ( 'NONE',  ( -8.131516293641288185E-16, 0.000000000000000000, 1.000000000000000000 ) ) ;
#2024 =( NAMED_UNIT ( * ) PLANE_ANGLE_UNIT ( ) SI_UNIT ( $, .RADIAN. ) );
#2025 = ORIENTED_EDGE ( 'NONE', *, *, #1664, .F. ) ;
#2026 = VECTOR ( 'NONE', #1832, 1000.000000000000000 ) ;
#2027 =( GEOMETRIC_REPRESENTATION_CONTEXT ( 3 ) GLOBAL_UNCERTAINTY_ASSIGNED_CONTEXT ( ( #1146 ) ) GLOBAL_UNIT_ASSIGNED_CONTEXT ( ( #944, #1141, #1358 ) ) REPRESENTATION_CONTEXT ( 'NONE', 'WORKASPACE' ) );
#2028 = EDGE_CURVE ( 'NONE', #1348, #2166, #1733, .T. ) ;
#2029 =( GEOMETRIC_REPRESENTATION_CONTEXT ( 3 ) GLOBAL_UNCERTAINTY_ASSIGNED_CONTEXT ( ( #68 ) ) GLOBAL_UNIT_ASSIGNED_CONTEXT ( ( #793, #1905, #1932 ) ) REPRESENTATION_CONTEXT ( 'NONE', 'WORKASPACE' ) );
#2030 = ORIENTED_EDGE ( 'NONE', *, *, #218, .T. ) ;
#2031 = DIRECTION ( 'NONE',  ( -0.000000000000000000, -1.000000000000000000, -0.000000000000000000 ) ) ;
#2032 = DIRECTION ( 'NONE',  ( 0.000000000000000000, 0.000000000000000000, 1.000000000000000000 ) ) ;
#2033 = LINE ( 'NONE', #1843, #1801 ) ;
#2034 = PRESENTATION_LAYER_ASSIGNMENT (  '', '', ( #718 ) ) ;
#2035 = FILL_AREA_STYLE ('',( #713 ) ) ;
#2036 = FACE_OUTER_BOUND ( 'NONE', #1014, .T. ) ;
#2037 = FILL_AREA_STYLE_COLOUR ( '', #1690 ) ;
#2038 =( GEOMETRIC_REPRESENTATION_CONTEXT ( 3 ) GLOBAL_UNCERTAINTY_ASSIGNED_CONTEXT ( ( #2203 ) ) GLOBAL_UNIT_ASSIGNED_CONTEXT ( ( #1972, #430, #1433 ) ) REPRESENTATION_CONTEXT ( 'NONE', 'WORKASPACE' ) );
#2039 =( NAMED_UNIT ( * ) PLANE_ANGLE_UNIT ( ) SI_UNIT ( $, .RADIAN. ) );
#2040 = CARTESIAN_POINT ( 'NONE',  ( 0.2199999999999998068, -0.05000000000000000278, 0.3200000000000000067 ) ) ;
#2041 = SURFACE_STYLE_USAGE ( .BOTH. , #709 ) ;
#2042 = VERTEX_POINT ( 'NONE', #1557 ) ;
#2043 = CARTESIAN_POINT ( 'NONE',  ( -0.8500000000000001998, 0.000000000000000000, -0.6999999999999999556 ) ) ;
#2044 = AXIS2_PLACEMENT_3D ( 'NONE', #2349, #1991, #2162 ) ;
#2045 = ADVANCED_FACE ( 'NONE', ( #605 ), #2350, .T. ) ;
#2046 = LINE ( 'NONE', #2238, #29 ) ;
#2047 = CARTESIAN_POINT ( 'NONE',  ( -0.2200000000000001954, 0.000000000000000000, 0.3200000000000000067 ) ) ;
#2048 = EDGE_CURVE ( 'NONE', #2301, #2155, #1432, .T. ) ;
#2049 = CARTESIAN_POINT ( 'NONE',  ( -0.7500000000000001110, -0.05000000000000000278, -0.08000000000000008493 ) ) ;
#2050 =( NAMED_UNIT ( * ) PLANE_ANGLE_UNIT ( ) SI_UNIT ( $, .RADIAN. ) );
#2051 = EDGE_LOOP ( 'NONE', ( #2093, #2317, #189, #835 ) ) ;
#2052 = COLOUR_RGB ( '',0.7529411764705882248, 0.7529411764705882248, 0.7529411764705882248 ) ;
#2053 = PRESENTATION_STYLE_ASSIGNMENT (( #1903 ) ) ;
#2054 = ORIENTED_EDGE ( 'NONE', *, *, #2096, .F. ) ;
#2055 = SURFACE_SIDE_STYLE ('',( #1069 ) ) ;
#2056 = CARTESIAN_POINT ( 'NONE',  ( -0.7300000000000000933, 0.000000000000000000, -0.08000000000000008493 ) ) ;
#2057 = LINE ( 'NONE', #343, #1514 ) ;
#2058 = SURFACE_STYLE_FILL_AREA ( #2035 ) ;
#2059 =( LENGTH_UNIT ( ) NAMED_UNIT ( * ) SI_UNIT ( .MILLI., .METRE. ) );
#2060 = ADVANCED_FACE ( 'NONE', ( #2191 ), #619, .F. ) ;
#2061 =( NAMED_UNIT ( * ) SI_UNIT ( $, .STERADIAN. ) SOLID_ANGLE_UNIT ( ) );
#2062 = ORIENTED_EDGE ( 'NONE', *, *, #650, .F. ) ;
#2063 = CARTESIAN_POINT ( 'NONE',  ( -0.2000000000000002054, 0.000000000000000000, 0.3200000000000000067 ) ) ;
#2064 = DIRECTION ( 'NONE',  ( -0.000000000000000000, 0.000000000000000000, 1.000000000000000000 ) ) ;
#2065 = COLOUR_RGB ( '',0.7529411764705882248, 0.7529411764705882248, 0.7529411764705882248 ) ;
#2066 = ORIENTED_EDGE ( 'NONE', *, *, #1458, .T. ) ;
#2067 = LINE ( 'NONE', #1537, #2435 ) ;
#2068 = DIRECTION ( 'NONE',  ( 1.000000000000000000, 0.000000000000000000, 3.942553354492744024E-16 ) ) ;
#2069 = PLANE ( 'NONE',  #1374 ) ;
#2070 = FILL_AREA_STYLE_COLOUR ( '', #1596 ) ;
#2071 = VECTOR ( 'NONE', #1172, 1000.000000000000000 ) ;
#2072 = VERTEX_POINT ( 'NONE', #1983 ) ;
#2073 = DIRECTION ( 'NONE',  ( -0.000000000000000000, 1.000000000000000000, -0.000000000000000000 ) ) ;
#2074 = VECTOR ( 'NONE', #436, 1000.000000000000000 ) ;
#2075 = LINE ( 'NONE', #894, #2421 ) ;
#2076 = DIRECTION ( 'NONE',  ( 0.000000000000000000, -1.000000000000000000, 0.000000000000000000 ) ) ;
#2077 = STYLED_ITEM ( 'NONE', ( #870 ), #984 ) ;
#2078 = CYLINDRICAL_SURFACE ( 'NONE', #1023, 0.01999999999999999695 ) ;
#2079 = EDGE_CURVE ( 'NONE', #2437, #775, #1443, .T. ) ;
#2080 = ORIENTED_EDGE ( 'NONE', *, *, #1911, .F. ) ;
#2081 = SURFACE_SIDE_STYLE ('',( #2283 ) ) ;
#2082 = STYLED_ITEM ( 'NONE', ( #2139 ), #1434 ) ;
#2083 = DIRECTION ( 'NONE',  ( -0.000000000000000000, -1.000000000000000000, -0.000000000000000000 ) ) ;
#2084 = VECTOR ( 'NONE', #2135, 1000.000000000000000 ) ;
#2085 = ORIENTED_EDGE ( 'NONE', *, *, #681, .T. ) ;
#2086 = LINE ( 'NONE', #178, #435 ) ;
#2087 = PLANE ( 'NONE',  #1248 ) ;
#2088 = PRESENTATION_LAYER_ASSIGNMENT (  '', '', ( #288 ) ) ;
#2089 = DIRECTION ( 'NONE',  ( -9.856383386231860060E-17, 0.000000000000000000, 1.000000000000000000 ) ) ;
#2090 = ORIENTED_EDGE ( 'NONE', *, *, #1272, .T. ) ;
#2091 = PRESENTATION_STYLE_ASSIGNMENT (( #1332 ) ) ;
#2092 = CARTESIAN_POINT ( 'NONE',  ( 0.000000000000000000, -0.05000000000000000278, 0.000000000000000000 ) ) ;
#2093 = ORIENTED_EDGE ( 'NONE', *, *, #697, .F. ) ;
#2094 = CARTESIAN_POINT ( 'NONE',  ( 0.8499999999999997558, 0.000000000000000000, -0.7000000000000001776 ) ) ;
#2095 = VECTOR ( 'NONE', #2444, 1000.000000000000000 ) ;
#2096 = EDGE_CURVE ( 'NONE', #177, #232, #1594, .T. ) ;
#2097 = EDGE_LOOP ( 'NONE', ( #103, #432, #1869, #789 ) ) ;
#2098 = UNCERTAINTY_MEASURE_WITH_UNIT (LENGTH_MEASURE( 1.000000000000000082E-05 ), #511, 'distance_accuracy_value', 'NONE');
#2099 =( NAMED_UNIT ( * ) SI_UNIT ( $, .STERADIAN. ) SOLID_ANGLE_UNIT ( ) );
#2100 =( NAMED_UNIT ( * ) PLANE_ANGLE_UNIT ( ) SI_UNIT ( $, .RADIAN. ) );
#2101 = CIRCLE ( 'NONE', #2304, 0.01999999999999999695 ) ;
#2102 = ORIENTED_EDGE ( 'NONE', *, *, #1246, .T. ) ;
#2103 = DIRECTION ( 'NONE',  ( -5.421010862427523156E-16, 0.000000000000000000, -1.000000000000000000 ) ) ;
#2104 = VERTEX_POINT ( 'NONE', #809 ) ;
#2105 =( NAMED_UNIT ( * ) SI_UNIT ( $, .STERADIAN. ) SOLID_ANGLE_UNIT ( ) );
#2106 = VERTEX_POINT ( 'NONE', #2200 ) ;
#2107 = CYLINDRICAL_SURFACE ( 'NONE', #200, 0.1000000000000001582 ) ;
#2108 = DIRECTION ( 'NONE',  ( 0.000000000000000000, 0.000000000000000000, 1.000000000000000000 ) ) ;
#2109 = EDGE_CURVE ( 'NONE', #205, #1330, #429, .T. ) ;
#2110 = AXIS2_PLACEMENT_3D ( 'NONE', #299, #737, #1633 ) ;
#2111 = ORIENTED_EDGE ( 'NONE', *, *, #273, .F. ) ;
#2112 = PLANE ( 'NONE',  #563 ) ;
#2113 = AXIS2_PLACEMENT_3D ( 'NONE', #1870, #308, #129 ) ;
#2114 = CARTESIAN_POINT ( 'NONE',  ( 0.2199999999999999734, -0.05000000000000000278, -0.4800000000000000377 ) ) ;
#2115 = AXIS2_PLACEMENT_3D ( 'NONE', #1289, #876, #131 ) ;
#2116 = ORIENTED_EDGE ( 'NONE', *, *, #273, .T. ) ;
#2117 = VECTOR ( 'NONE', #664, 1000.000000000000000 ) ;
#2118 = AXIS2_PLACEMENT_3D ( 'NONE', #735, #2064, #1162 ) ;
#2119 = VECTOR ( 'NONE', #2368, 1000.000000000000000 ) ;
#2120 = EDGE_LOOP ( 'NONE', ( #1980, #2475, #1930, #808 ) ) ;
#2121 = CARTESIAN_POINT ( 'NONE',  ( 1.971276677246371765E-16, -0.05000000000000000278, -0.4999999999999998890 ) ) ;
#2122 = SURFACE_STYLE_USAGE ( .BOTH. , #1327 ) ;
#2123 = CARTESIAN_POINT ( 'NONE',  ( 0.7299999999999997602, -0.05000000000000000278, 0.3000000000000000444 ) ) ;
#2124 = CYLINDRICAL_SURFACE ( 'NONE', #1281, 0.01999999999999999695 ) ;
#2125 = VERTEX_POINT ( 'NONE', #1422 ) ;
#2126 = ADVANCED_FACE ( 'NONE', ( #267 ), #1467, .T. ) ;
#2127 = CARTESIAN_POINT ( 'NONE',  ( 0.7299999999999998712, 0.000000000000000000, 0.1000000000000001166 ) ) ;
#2128 = EDGE_CURVE ( 'NONE', #1959, #577, #1856, .T. ) ;
#2129 = CIRCLE ( 'NONE', #733, 0.01999999999999999695 ) ;
#2130 = ORIENTED_EDGE ( 'NONE', *, *, #2363, .T. ) ;
#2131 = PRESENTATION_STYLE_ASSIGNMENT (( #1754 ) ) ;
#2132 = SURFACE_STYLE_FILL_AREA ( #460 ) ;
#2133 = DIRECTION ( 'NONE',  ( -0.000000000000000000, -1.000000000000000000, -0.000000000000000000 ) ) ;
#2134 = LINE ( 'NONE', #965, #1529 ) ;
#2135 = DIRECTION ( 'NONE',  ( 1.000000000000000000, 0.000000000000000000, 0.000000000000000000 ) ) ;
#2136 = PRODUCT_CONTEXT ( 'NONE', #580, 'mechanical' ) ;
#2137 = FILL_AREA_STYLE ('',( #2366 ) ) ;
#2138 = ORIENTED_EDGE ( 'NONE', *, *, #1710, .F. ) ;
#2139 = PRESENTATION_STYLE_ASSIGNMENT (( #1977 ) ) ;
#2140 =( NAMED_UNIT ( * ) PLANE_ANGLE_UNIT ( ) SI_UNIT ( $, .RADIAN. ) );
#2141 = PRODUCT_RELATED_PRODUCT_CATEGORY ( 'part', '', ( #1378 ) ) ;
#2142 = CARTESIAN_POINT ( 'NONE',  ( 0.3060660171779810423, 0.000000000000000000, 0.4999999999999998890 ) ) ;
#2143 = FILL_AREA_STYLE ('',( #866 ) ) ;
#2144 = ORIENTED_EDGE ( 'NONE', *, *, #3, .F. ) ;
#2145 = EDGE_CURVE ( 'NONE', #2472, #539, #2075, .T. ) ;
#2146 = FACE_BOUND ( 'NONE', #1837, .T. ) ;
#2147 =( NAMED_UNIT ( * ) SI_UNIT ( $, .STERADIAN. ) SOLID_ANGLE_UNIT ( ) );
#2148 = DIRECTION ( 'NONE',  ( 0.000000000000000000, 1.000000000000000000, 0.000000000000000000 ) ) ;
#2149 = SURFACE_SIDE_STYLE ('',( #1395 ) ) ;
#2150 = ORIENTED_EDGE ( 'NONE', *, *, #1588, .F. ) ;
#2151 = CARTESIAN_POINT ( 'NONE',  ( -0.2200000000000001954, -0.05000000000000000278, 0.3000000000000000444 ) ) ;
#2152 = CARTESIAN_POINT ( 'NONE',  ( 0.7299999999999998712, -0.05000000000000000278, 0.08000000000000011269 ) ) ;
#2153 =( NAMED_UNIT ( * ) PLANE_ANGLE_UNIT ( ) SI_UNIT ( $, .RADIAN. ) );
#2154 = DIRECTION ( 'NONE',  ( 0.000000000000000000, 1.000000000000000000, -0.000000000000000000 ) ) ;
#2155 = VERTEX_POINT ( 'NONE', #1112 ) ;
#2156 = STYLED_ITEM ( 'NONE', ( #1706 ), #331 ) ;
#2157 =( LENGTH_UNIT ( ) NAMED_UNIT ( * ) SI_UNIT ( .MILLI., .METRE. ) );
#2158 = EDGE_CURVE ( 'NONE', #426, #822, #1510, .T. ) ;
#2159 = MECHANICAL_DESIGN_GEOMETRIC_PRESENTATION_REPRESENTATION (  '', ( #1598 ), #2484 ) ;
#2160 = ORIENTED_EDGE ( 'NONE', *, *, #1609, .F. ) ;
#2161 = VECTOR ( 'NONE', #1543, 1000.000000000000000 ) ;
#2162 = DIRECTION ( 'NONE',  ( 0.000000000000000000, 0.000000000000000000, -1.000000000000000000 ) ) ;
#2163 = SURFACE_STYLE_FILL_AREA ( #1408 ) ;
#2164 = FACE_OUTER_BOUND ( 'NONE', #466, .T. ) ;
#2165 = MECHANICAL_DESIGN_GEOMETRIC_PRESENTATION_REPRESENTATION (  '', ( #2408 ), #236 ) ;
#2166 = VERTEX_POINT ( 'NONE', #2419 ) ;
#2167 = DIRECTION ( 'NONE',  ( -0.000000000000000000, 1.000000000000000000, -0.000000000000000000 ) ) ;
#2168 = VECTOR ( 'NONE', #773, 1000.000000000000000 ) ;
#2169 = DIRECTION ( 'NONE',  ( 1.000000000000000000, 0.000000000000000000, 9.856383386231860060E-17 ) ) ;
#2170 = UNCERTAINTY_MEASURE_WITH_UNIT (LENGTH_MEASURE( 1.000000000000000082E-05 ), #1017, 'distance_accuracy_value', 'NONE');
#2171 = VECTOR ( 'NONE', #1524, 1000.000000000000000 ) ;
#2172 = VERTEX_POINT ( 'NONE', #1290 ) ;
#2173 = DIRECTION ( 'NONE',  ( -0.000000000000000000, 1.000000000000000000, 0.000000000000000000 ) ) ;
#2174 = SURFACE_SIDE_STYLE ('',( #2132 ) ) ;
#2175 = DIRECTION ( 'NONE',  ( -0.000000000000000000, 1.000000000000000000, 0.000000000000000000 ) ) ;
#2176 = DIRECTION ( 'NONE',  ( -1.000000000000000000, 0.000000000000000000, -1.084202172485504237E-15 ) ) ;
#2177 = DIRECTION ( 'NONE',  ( 1.264902534566421675E-16, 0.000000000000000000, -1.000000000000000000 ) ) ;
#2178 = DIRECTION ( 'NONE',  ( 0.000000000000000000, 0.000000000000000000, 1.000000000000000000 ) ) ;
#2179 = FACE_OUTER_BOUND ( 'NONE', #1534, .T. ) ;
#2180 = EDGE_CURVE ( 'NONE', #973, #1720, #2275, .T. ) ;
#2181 = ORIENTED_EDGE ( 'NONE', *, *, #2128, .T. ) ;
#2182 = LINE ( 'NONE', #82, #1749 ) ;
#2183 = CYLINDRICAL_SURFACE ( 'NONE', #845, 0.01999999999999999695 ) ;
#2184 = UNCERTAINTY_MEASURE_WITH_UNIT (LENGTH_MEASURE( 1.000000000000000082E-05 ), #624, 'distance_accuracy_value', 'NONE');
#2185 = DIRECTION ( 'NONE',  ( 1.548860246407863583E-16, 0.000000000000000000, 1.000000000000000000 ) ) ;
#2186 = AXIS2_PLACEMENT_3D ( 'NONE', #1900, #1373, #1155 ) ;
#2187 =( LENGTH_UNIT ( ) NAMED_UNIT ( * ) SI_UNIT ( .MILLI., .METRE. ) );
#2188 = FILL_AREA_STYLE_COLOUR ( '', #2278 ) ;
#2189 = ORIENTED_EDGE ( 'NONE', *, *, #1513, .F. ) ;
#2190 = DIRECTION ( 'NONE',  ( 0.000000000000000000, 1.000000000000000000, 0.000000000000000000 ) ) ;
#2191 = FACE_OUTER_BOUND ( 'NONE', #1925, .T. ) ;
#2192 = DIRECTION ( 'NONE',  ( 0.000000000000000000, -1.000000000000000000, 0.000000000000000000 ) ) ;
#2193 = ORIENTED_EDGE ( 'NONE', *, *, #1049, .F. ) ;
#2194 = FACE_OUTER_BOUND ( 'NONE', #183, .T. ) ;
#2195 = EDGE_CURVE ( 'NONE', #1643, #283, #578, .T. ) ;
#2196 =( NAMED_UNIT ( * ) PLANE_ANGLE_UNIT ( ) SI_UNIT ( $, .RADIAN. ) );
#2197 = MECHANICAL_DESIGN_GEOMETRIC_PRESENTATION_REPRESENTATION (  '', ( #272 ), #995 ) ;
#2198 =( NAMED_UNIT ( * ) SI_UNIT ( $, .STERADIAN. ) SOLID_ANGLE_UNIT ( ) );
#2199 = DIRECTION ( 'NONE',  ( -1.000000000000000000, 0.000000000000000000, 1.275531967630005245E-16 ) ) ;
#2200 = CARTESIAN_POINT ( 'NONE',  ( -0.2200000000000001954, -0.05000000000000000278, 0.3000000000000000444 ) ) ;
#2201 =( GEOMETRIC_REPRESENTATION_CONTEXT ( 3 ) GLOBAL_UNCERTAINTY_ASSIGNED_CONTEXT ( ( #571 ) ) GLOBAL_UNIT_ASSIGNED_CONTEXT ( ( #2481, #785, #939 ) ) REPRESENTATION_CONTEXT ( 'NONE', 'WORKASPACE' ) );
#2202 =( NAMED_UNIT ( * ) SI_UNIT ( $, .STERADIAN. ) SOLID_ANGLE_UNIT ( ) );
#2203 = UNCERTAINTY_MEASURE_WITH_UNIT (LENGTH_MEASURE( 1.000000000000000082E-05 ), #1972, 'distance_accuracy_value', 'NONE');
#2204 = VECTOR ( 'NONE', #949, 1000.000000000000000 ) ;
#2205 = VERTEX_POINT ( 'NONE', #2049 ) ;
#2206 = LINE ( 'NONE', #2022, #2320 ) ;
#2207 = PRESENTATION_LAYER_ASSIGNMENT (  '', '', ( #2082 ) ) ;
#2208 = EDGE_CURVE ( 'NONE', #1715, #1667, #1263, .T. ) ;
#2209 =( GEOMETRIC_REPRESENTATION_CONTEXT ( 3 ) GLOBAL_UNCERTAINTY_ASSIGNED_CONTEXT ( ( #1965 ) ) GLOBAL_UNIT_ASSIGNED_CONTEXT ( ( #2290, #388, #21 ) ) REPRESENTATION_CONTEXT ( 'NONE', 'WORKASPACE' ) );
#2210 = SURFACE_SIDE_STYLE ('',( #1452 ) ) ;
#2211 = APPLICATION_CONTEXT ( 'automotive_design' ) ;
#2212 = ORIENTED_EDGE ( 'NONE', *, *, #2109, .F. ) ;
#2213 = LINE ( 'NONE', #1471, #2026 ) ;
#2214 = CARTESIAN_POINT ( 'NONE',  ( 0.7299999999999997602, -0.05000000000000000278, -0.2999999999999998224 ) ) ;
#2215 = DIRECTION ( 'NONE',  ( 0.000000000000000000, 0.000000000000000000, -1.000000000000000000 ) ) ;
#2216 = CIRCLE ( 'NONE', #1658, 0.01999999999999999695 ) ;
#2217 = ADVANCED_FACE ( 'NONE', ( #2036 ), #1663, .T. ) ;
#2218 = CYLINDRICAL_SURFACE ( 'NONE', #2322, 0.01999999999999999695 ) ;
#2219 = DIRECTION ( 'NONE',  ( 0.000000000000000000, 0.000000000000000000, -1.000000000000000000 ) ) ;
#2220 = VERTEX_POINT ( 'NONE', #1913 ) ;
#2221 = DIRECTION ( 'NONE',  ( -1.000000000000000000, 0.000000000000000000, 1.275531967630005245E-16 ) ) ;
#2222 = FILL_AREA_STYLE_COLOUR ( '', #1887 ) ;
#2223 = LINE ( 'NONE', #2441, #2401 ) ;
#2224 =( LENGTH_UNIT ( ) NAMED_UNIT ( * ) SI_UNIT ( .MILLI., .METRE. ) );
#2225 = DIRECTION ( 'NONE',  ( -8.131516293641288185E-16, 0.000000000000000000, 1.000000000000000000 ) ) ;
#2226 = FILL_AREA_STYLE_COLOUR ( '', #1519 ) ;
#2227 = DIRECTION ( 'NONE',  ( 0.000000000000000000, -1.000000000000000000, 0.000000000000000000 ) ) ;
#2228 = ORIENTED_EDGE ( 'NONE', *, *, #1865, .T. ) ;
#2229 = ADVANCED_FACE ( 'NONE', ( #195 ), #610, .T. ) ;
#2230 = SURFACE_STYLE_FILL_AREA ( #88 ) ;
#2231 = LINE ( 'NONE', #708, #153 ) ;
#2232 = STYLED_ITEM ( 'NONE', ( #562 ), #102 ) ;
#2233 = COLOUR_RGB ( '',0.7529411764705882248, 0.7529411764705882248, 0.7529411764705882248 ) ;
#2234 = EDGE_CURVE ( 'NONE', #1959, #1369, #1478, .T. ) ;
#2235 = EDGE_LOOP ( 'NONE', ( #2347, #325, #2189, #1401 ) ) ;
#2236 = FILL_AREA_STYLE ('',( #2416 ) ) ;
#2237 = LINE ( 'NONE', #94, #235 ) ;
#2238 = CARTESIAN_POINT ( 'NONE',  ( -0.7500000000000001110, -0.000000000000000000, 0.000000000000000000 ) ) ;
#2239 = SURFACE_STYLE_FILL_AREA ( #1864 ) ;
#2240 = STYLED_ITEM ( 'NONE', ( #391 ), #1299 ) ;
#2241 = SURFACE_SIDE_STYLE ('',( #1654 ) ) ;
#2242 = COLOUR_RGB ( '',0.7529411764705882248, 0.7529411764705882248, 0.7529411764705882248 ) ;
#2243 = LINE ( 'NONE', #556, #1845 ) ;
#2244 = ORIENTED_EDGE ( 'NONE', *, *, #956, .F. ) ;
#2245 = DIRECTION ( 'NONE',  ( 0.000000000000000000, 0.000000000000000000, -1.000000000000000000 ) ) ;
#2246 = ADVANCED_FACE ( 'NONE', ( #1283 ), #705, .T. ) ;
#2247 = DIRECTION ( 'NONE',  ( 0.000000000000000000, 0.000000000000000000, -1.000000000000000000 ) ) ;
#2248 = CARTESIAN_POINT ( 'NONE',  ( -0.2000000000000003442, -0.05000000000000000278, -1.626303258728260349E-16 ) ) ;
#2249 = LINE ( 'NONE', #538, #821 ) ;
#2250 = ORIENTED_EDGE ( 'NONE', *, *, #2158, .T. ) ;
#2251 = STYLED_ITEM ( 'NONE', ( #1181 ), #2229 ) ;
#2252 = DIRECTION ( 'NONE',  ( 1.548860246407863583E-16, 0.000000000000000000, 1.000000000000000000 ) ) ;
#2253 = ORIENTED_EDGE ( 'NONE', *, *, #612, .T. ) ;
#2254 = DIRECTION ( 'NONE',  ( 0.000000000000000000, 0.000000000000000000, -1.000000000000000000 ) ) ;
#2255 = DIRECTION ( 'NONE',  ( 1.000000000000000000, 0.000000000000000000, 9.856383386231857595E-17 ) ) ;
#2256 = DIRECTION ( 'NONE',  ( -0.000000000000000000, 1.000000000000000000, -0.000000000000000000 ) ) ;
#2257 = ORIENTED_EDGE ( 'NONE', *, *, #372, .F. ) ;
#2258 = ADVANCED_FACE ( 'NONE', ( #173 ), #2078, .T. ) ;
#2259 =( NAMED_UNIT ( * ) SI_UNIT ( $, .STERADIAN. ) SOLID_ANGLE_UNIT ( ) );
#2260 =( NAMED_UNIT ( * ) SI_UNIT ( $, .STERADIAN. ) SOLID_ANGLE_UNIT ( ) );
#2261 = CARTESIAN_POINT ( 'NONE',  ( -0.2199999999999999456, -0.05000000000000000278, -0.4800000000000000377 ) ) ;
#2262 = ORIENTED_EDGE ( 'NONE', *, *, #797, .F. ) ;
#2263 = DIRECTION ( 'NONE',  ( -0.000000000000000000, 1.000000000000000000, 0.000000000000000000 ) ) ;
#2264 = UNCERTAINTY_MEASURE_WITH_UNIT (LENGTH_MEASURE( 1.000000000000000082E-05 ), #346, 'distance_accuracy_value', 'NONE');
#2265 = AXIS2_PLACEMENT_3D ( 'NONE', #1153, #586, #92 ) ;
#2266 = ORIENTED_EDGE ( 'NONE', *, *, #1609, .T. ) ;
#2267 = UNCERTAINTY_MEASURE_WITH_UNIT (LENGTH_MEASURE( 1.000000000000000082E-05 ), #496, 'distance_accuracy_value', 'NONE');
#2268 = FACE_OUTER_BOUND ( 'NONE', #670, .T. ) ;
#2269 = CARTESIAN_POINT ( 'NONE',  ( -0.2000000000000000666, -0.05000000000000000278, -0.3200000000000001177 ) ) ;
#2270 = CARTESIAN_POINT ( 'NONE',  ( 0.5999999999999999778, 0.5400000000000000355, 0.3499999999999998113 ) ) ;
#2271 = AXIS2_PLACEMENT_3D ( 'NONE', #879, #526, #728 ) ;
#2272 = VECTOR ( 'NONE', #695, 1000.000000000000000 ) ;
#2273 = ORIENTED_EDGE ( 'NONE', *, *, #1791, .F. ) ;
#2274 = SURFACE_SIDE_STYLE ('',( #1927 ) ) ;
#2275 = LINE ( 'NONE', #536, #2458 ) ;
#2276 = CARTESIAN_POINT ( 'NONE',  ( 0.7299999999999997602, -0.05000000000000000278, -0.3199999999999997846 ) ) ;
#2277 =( GEOMETRIC_REPRESENTATION_CONTEXT ( 3 ) GLOBAL_UNCERTAINTY_ASSIGNED_CONTEXT ( ( #2476 ) ) GLOBAL_UNIT_ASSIGNED_CONTEXT ( ( #1333, #1738, #2260 ) ) REPRESENTATION_CONTEXT ( 'NONE', 'WORKASPACE' ) );
#2278 = COLOUR_RGB ( '',0.7921568627450980005, 0.8196078431372548767, 0.9333333333333333481 ) ;
#2279 =( NAMED_UNIT ( * ) SI_UNIT ( $, .STERADIAN. ) SOLID_ANGLE_UNIT ( ) );
#2280 = VERTEX_POINT ( 'NONE', #145 ) ;
#2281 = EDGE_CURVE ( 'NONE', #1904, #699, #920, .T. ) ;
#2282 = PRESENTATION_LAYER_ASSIGNMENT (  '', '', ( #2240 ) ) ;
#2283 = SURFACE_STYLE_FILL_AREA ( #759 ) ;
#2284 =( NAMED_UNIT ( * ) PLANE_ANGLE_UNIT ( ) SI_UNIT ( $, .RADIAN. ) );
#2285 = VECTOR ( 'NONE', #1580, 1000.000000000000000 ) ;
#2286 = FILL_AREA_STYLE_COLOUR ( '', #642 ) ;
#2287 = MECHANICAL_DESIGN_GEOMETRIC_PRESENTATION_REPRESENTATION (  '', ( #1454 ), #1334 ) ;
#2288 = VERTEX_POINT ( 'NONE', #1487 ) ;
#2289 = DIRECTION ( 'NONE',  ( 1.000000000000000000, 0.000000000000000000, 3.942553354492744024E-16 ) ) ;
#2290 =( LENGTH_UNIT ( ) NAMED_UNIT ( * ) SI_UNIT ( .MILLI., .METRE. ) );
#2291 = DIRECTION ( 'NONE',  ( 0.000000000000000000, 1.000000000000000000, 0.000000000000000000 ) ) ;
#2292 = SURFACE_STYLE_FILL_AREA ( #412 ) ;
#2293 = AXIS2_PLACEMENT_3D ( 'NONE', #1185, #2373, #1579 ) ;
#2294 = EDGE_LOOP ( 'NONE', ( #2066, #940, #2262, #888, #13, #1649, #1917, #339 ) ) ;
#2295 =( NAMED_UNIT ( * ) SI_UNIT ( $, .STERADIAN. ) SOLID_ANGLE_UNIT ( ) );
#2296 = CIRCLE ( 'NONE', #2044, 0.01999999999999999695 ) ;
#2297 = CARTESIAN_POINT ( 'NONE',  ( 0.7499999999999997780, -0.05000000000000000278, -0.3199999999999997846 ) ) ;
#2298 = ORIENTED_EDGE ( 'NONE', *, *, #1480, .T. ) ;
#2299 = EDGE_CURVE ( 'NONE', #2301, #1303, #2249, .T. ) ;
#2300 = VECTOR ( 'NONE', #2006, 1000.000000000000000 ) ;
#2301 = VERTEX_POINT ( 'NONE', #1685 ) ;
#2302 = CARTESIAN_POINT ( 'NONE',  ( -0.7300000000000000933, -0.05000000000000000278, 0.4800000000000000377 ) ) ;
#2303 = DIRECTION ( 'NONE',  ( 1.000000000000000000, 0.000000000000000000, 0.000000000000000000 ) ) ;
#2304 = AXIS2_PLACEMENT_3D ( 'NONE', #326, #2015, #2423 ) ;
#2305 = FACE_OUTER_BOUND ( 'NONE', #2097, .T. ) ;
#2306 = ORIENTED_EDGE ( 'NONE', *, *, #1635, .F. ) ;
#2307 = FILL_AREA_STYLE ('',( #1748 ) ) ;
#2308 = ORIENTED_EDGE ( 'NONE', *, *, #2158, .F. ) ;
#2309 = EDGE_CURVE ( 'NONE', #699, #1267, #2216, .T. ) ;
#2310 = VERTEX_POINT ( 'NONE', #1315 ) ;
#2311 = FILL_AREA_STYLE_COLOUR ( '', #918 ) ;
#2312 = CARTESIAN_POINT ( 'NONE',  ( 0.5999999999999999778, 0.5400000000000000355, 0.3499999999999998668 ) ) ;
#2313 = CARTESIAN_POINT ( 'NONE',  ( 0.1999999999999998168, -0.05000000000000000278, 0.3939339828220170814 ) ) ;
#2314 = CARTESIAN_POINT ( 'NONE',  ( -2.956915015869558388E-17, -0.05000000000000000278, 0.3000000000000000444 ) ) ;
#2315 = EDGE_CURVE ( 'NONE', #1303, #2437, #1266, .T. ) ;
#2316 = MECHANICAL_DESIGN_GEOMETRIC_PRESENTATION_REPRESENTATION (  '', ( #2232 ), #834 ) ;
#2317 = ORIENTED_EDGE ( 'NONE', *, *, #134, .F. ) ;
#2318 = CARTESIAN_POINT ( 'NONE',  ( 0.2199999999999999178, 0.000000000000000000, -0.2999999999999999334 ) ) ;
#2319 = COLOUR_RGB ( '',0.7529411764705882248, 0.7529411764705882248, 0.7529411764705882248 ) ;
#2320 = VECTOR ( 'NONE', #525, 1000.000000000000000 ) ;
#2321 = EDGE_LOOP ( 'NONE', ( #1728, #2273, #1997, #1521 ) ) ;
#2322 = AXIS2_PLACEMENT_3D ( 'NONE', #2040, #1657, #1479 ) ;
#2323 = AXIS2_PLACEMENT_3D ( 'NONE', #1022, #1193, #1782 ) ;
#2324 = SURFACE_STYLE_FILL_AREA ( #2460 ) ;
#2325 = CIRCLE ( 'NONE', #1958, 0.01999999999999999695 ) ;
#2326 = PRESENTATION_STYLE_ASSIGNMENT (( #792 ) ) ;
#2327 = CARTESIAN_POINT ( 'NONE',  ( 0.000000000000000000, -0.000000000000000000, 0.5000000000000000000 ) ) ;
#2328 = ADVANCED_FACE ( 'NONE', ( #2383 ), #1828, .F. ) ;
#2329 = AXIS2_PLACEMENT_3D ( 'NONE', #255, #240, #1394 ) ;
#2330 = VERTEX_POINT ( 'NONE', #278 ) ;
#2331 = SURFACE_STYLE_USAGE ( .BOTH. , #2274 ) ;
#2332 = FACE_OUTER_BOUND ( 'NONE', #2294, .T. ) ;
#2333 = ADVANCED_FACE ( 'NONE', ( #294 ), #1064, .F. ) ;
#2334 = DIRECTION ( 'NONE',  ( -1.000000000000000000, 0.000000000000000000, 1.548860246407863583E-16 ) ) ;
#2335 = STYLED_ITEM ( 'NONE', ( #172 ), #520 ) ;
#2336 = ORIENTED_EDGE ( 'NONE', *, *, #1497, .T. ) ;
#2337 = DIRECTION ( 'NONE',  ( -0.000000000000000000, 1.000000000000000000, -0.000000000000000000 ) ) ;
#2338 =( NAMED_UNIT ( * ) PLANE_ANGLE_UNIT ( ) SI_UNIT ( $, .RADIAN. ) );
#2339 = DIRECTION ( 'NONE',  ( 1.000000000000000000, 0.000000000000000000, 0.000000000000000000 ) ) ;
#2340 = AXIS2_PLACEMENT_3D ( 'NONE', #714, #2471, #2456 ) ;
#2341 = ORIENTED_EDGE ( 'NONE', *, *, #739, .F. ) ;
#2342 = LINE ( 'NONE', #1600, #1234 ) ;
#2343 = LINE ( 'NONE', #1398, #2074 ) ;
#2344 = UNCERTAINTY_MEASURE_WITH_UNIT (LENGTH_MEASURE( 1.000000000000000082E-05 ), #117, 'distance_accuracy_value', 'NONE');
#2345 = EDGE_CURVE ( 'NONE', #217, #149, #1834, .T. ) ;
#2346 =( LENGTH_UNIT ( ) NAMED_UNIT ( * ) SI_UNIT ( .MILLI., .METRE. ) );
#2347 = ORIENTED_EDGE ( 'NONE', *, *, #1936, .T. ) ;
#2348 = SURFACE_SIDE_STYLE ('',( #1221 ) ) ;
#2349 = CARTESIAN_POINT ( 'NONE',  ( 0.7299999999999997602, 0.000000000000000000, -0.3199999999999997846 ) ) ;
#2350 = PLANE ( 'NONE',  #2498 ) ;
#2351 = CARTESIAN_POINT ( 'NONE',  ( 1.971276677246371765E-16, 0.000000000000000000, -0.5000000000000001110 ) ) ;
#2352 = LINE ( 'NONE', #833, #233 ) ;
#2353 = CARTESIAN_POINT ( 'NONE',  ( -0.7500000000000001110, -0.05000000000000000278, 0.07999999999999994615 ) ) ;
#2354 = DIRECTION ( 'NONE',  ( 1.000000000000000000, 0.000000000000000000, -1.548860246407863583E-16 ) ) ;
#2355 = CARTESIAN_POINT ( 'NONE',  ( 0.2199999999999999178, 0.000000000000000000, -0.3199999999999998956 ) ) ;
#2356 = CARTESIAN_POINT ( 'NONE',  ( -0.7299999999999998712, -0.05000000000000000278, -0.4800000000000001488 ) ) ;
#2357 = UNCERTAINTY_MEASURE_WITH_UNIT (LENGTH_MEASURE( 1.000000000000000082E-05 ), #380, 'distance_accuracy_value', 'NONE');
#2358 = CYLINDRICAL_SURFACE ( 'NONE', #1362, 0.01999999999999999695 ) ;
#2359 = AXIS2_PLACEMENT_3D ( 'NONE', #2276, #776, #1700 ) ;
#2360 = ORIENTED_EDGE ( 'NONE', *, *, #345, .F. ) ;
#2361 = MECHANICAL_DESIGN_GEOMETRIC_PRESENTATION_REPRESENTATION (  '', ( #229 ), #2201 ) ;
#2362 = CARTESIAN_POINT ( 'NONE',  ( -0.7300000000000000933, 0.000000000000000000, -0.1000000000000000888 ) ) ;
#2363 = EDGE_CURVE ( 'NONE', #775, #2280, #2101, .T. ) ;
#2364 = ORIENTED_EDGE ( 'NONE', *, *, #1149, .T. ) ;
#2365 = DIRECTION ( 'NONE',  ( 0.000000000000000000, 0.000000000000000000, -1.000000000000000000 ) ) ;
#2366 = FILL_AREA_STYLE_COLOUR ( '', #762 ) ;
#2367 = FILL_AREA_STYLE ('',( #1615 ) ) ;
#2368 = DIRECTION ( 'NONE',  ( 1.000000000000000000, 0.000000000000000000, 0.000000000000000000 ) ) ;
#2369 = CARTESIAN_POINT ( 'NONE',  ( 0.7299999999999997602, 0.000000000000000000, -0.2999999999999998224 ) ) ;
#2370 = DIRECTION ( 'NONE',  ( 1.000000000000000000, 0.000000000000000000, 0.000000000000000000 ) ) ;
#2371 = ADVANCED_FACE ( 'NONE', ( #484 ), #867, .F. ) ;
#2372 = FACE_OUTER_BOUND ( 'NONE', #950, .T. ) ;
#2373 = DIRECTION ( 'NONE',  ( 0.000000000000000000, -1.000000000000000000, 0.000000000000000000 ) ) ;
#2374 = FILL_AREA_STYLE_COLOUR ( '', #1655 ) ;
#2375 = CARTESIAN_POINT ( 'NONE',  ( 0.5999999999999999778, 0.5400000000000000355, 0.5500000000000001554 ) ) ;
#2376 = UNCERTAINTY_MEASURE_WITH_UNIT (LENGTH_MEASURE( 1.000000000000000082E-05 ), #438, 'distance_accuracy_value', 'NONE');
#2377 = ORIENTED_EDGE ( 'NONE', *, *, #1242, .T. ) ;
#2378 = DIRECTION ( 'NONE',  ( -0.7071067811865420216, 0.000000000000000000, -0.7071067811865530128 ) ) ;
#2379 = PLANE ( 'NONE',  #1811 ) ;
#2380 = DIRECTION ( 'NONE',  ( 0.000000000000000000, 0.000000000000000000, -1.000000000000000000 ) ) ;
#2381 = LINE ( 'NONE', #1241, #751 ) ;
#2382 = SURFACE_SIDE_STYLE ('',( #230 ) ) ;
#2383 = FACE_OUTER_BOUND ( 'NONE', #1294, .T. ) ;
#2384 =( LENGTH_UNIT ( ) NAMED_UNIT ( * ) SI_UNIT ( .MILLI., .METRE. ) );
#2385 =( NAMED_UNIT ( * ) SI_UNIT ( $, .STERADIAN. ) SOLID_ANGLE_UNIT ( ) );
#2386 = FACE_OUTER_BOUND ( 'NONE', #2005, .T. ) ;
#2387 =( NAMED_UNIT ( * ) SI_UNIT ( $, .STERADIAN. ) SOLID_ANGLE_UNIT ( ) );
#2388 = ADVANCED_FACE ( 'NONE', ( #161 ), #2447, .T. ) ;
#2389 = CARTESIAN_POINT ( 'NONE',  ( 0.8499999999999997558, 0.5500000000000000444, -0.7000000000000001776 ) ) ;
#2390 = ORIENTED_EDGE ( 'NONE', *, *, #1535, .F. ) ;
#2391 = CARTESIAN_POINT ( 'NONE',  ( -0.7300000000000000933, -0.05000000000000000278, 0.09999999999999995004 ) ) ;
#2392 = SURFACE_STYLE_FILL_AREA ( #93 ) ;
#2393 = DIRECTION ( 'NONE',  ( -0.7071067811865420216, 0.000000000000000000, -0.7071067811865530128 ) ) ;
#2394 = EDGE_CURVE ( 'NONE', #224, #1356, #935, .T. ) ;
#2395 = LINE ( 'NONE', #1473, #960 ) ;
#2396 =( NAMED_UNIT ( * ) PLANE_ANGLE_UNIT ( ) SI_UNIT ( $, .RADIAN. ) );
#2397 = PRESENTATION_LAYER_ASSIGNMENT (  '', '', ( #1079 ) ) ;
#2398 = STYLED_ITEM ( 'NONE', ( #1766 ), #1183 ) ;
#2399 = CARTESIAN_POINT ( 'NONE',  ( 0.8499999999999999778, 0.5500000000000000444, 0.6999999999999997335 ) ) ;
#2400 = SURFACE_STYLE_FILL_AREA ( #1628 ) ;
#2401 = VECTOR ( 'NONE', #2430, 1000.000000000000000 ) ;
#2402 =( GEOMETRIC_REPRESENTATION_CONTEXT ( 3 ) GLOBAL_UNCERTAINTY_ASSIGNED_CONTEXT ( ( #1325 ) ) GLOBAL_UNIT_ASSIGNED_CONTEXT ( ( #269, #990, #668 ) ) REPRESENTATION_CONTEXT ( 'NONE', 'WORKASPACE' ) );
#2403 = PRESENTATION_LAYER_ASSIGNMENT (  '', '', ( #31 ) ) ;
#2404 = ORIENTED_EDGE ( 'NONE', *, *, #274, .F. ) ;
#2405 = FACE_OUTER_BOUND ( 'NONE', #1931, .T. ) ;
#2406 = DIRECTION ( 'NONE',  ( -1.084202172485504631E-15, 0.000000000000000000, 1.000000000000000000 ) ) ;
#2407 = EDGE_CURVE ( 'NONE', #587, #140, #540, .T. ) ;
#2408 = STYLED_ITEM ( 'NONE', ( #1005 ), #1440 ) ;
#2409 =( NAMED_UNIT ( * ) SI_UNIT ( $, .STERADIAN. ) SOLID_ANGLE_UNIT ( ) );
#2410 = VECTOR ( 'NONE', #1353, 1000.000000000000000 ) ;
#2411 = VECTOR ( 'NONE', #203, 1000.000000000000000 ) ;
#2412 = SURFACE_STYLE_FILL_AREA ( #1813 ) ;
#2413 = SURFACE_STYLE_FILL_AREA ( #1087 ) ;
#2414 = PLANE ( 'NONE',  #687 ) ;
#2415 = VERTEX_POINT ( 'NONE', #1687 ) ;
#2416 = FILL_AREA_STYLE_COLOUR ( '', #1988 ) ;
#2417 = CARTESIAN_POINT ( 'NONE',  ( 2.956915015869558388E-17, 0.000000000000000000, -0.3000000000000001554 ) ) ;
#2418 =( NAMED_UNIT ( * ) PLANE_ANGLE_UNIT ( ) SI_UNIT ( $, .RADIAN. ) );
#2419 = CARTESIAN_POINT ( 'NONE',  ( -0.7500000000000001110, -0.000000000000000000, -0.3200000000000001732 ) ) ;
#2420 = EDGE_CURVE ( 'NONE', #2220, #1037, #745, .T. ) ;
#2421 = VECTOR ( 'NONE', #1282, 1000.000000000000000 ) ;
#2422 = COLOUR_RGB ( '',0.7529411764705882248, 0.7529411764705882248, 0.7529411764705882248 ) ;
#2423 = DIRECTION ( 'NONE',  ( 0.000000000000000000, 0.000000000000000000, -1.000000000000000000 ) ) ;
#2424 = LINE ( 'NONE', #1990, #1243 ) ;
#2425 = FILL_AREA_STYLE ('',( #507 ) ) ;
#2426 = VERTEX_POINT ( 'NONE', #553 ) ;
#2427 = PRESENTATION_STYLE_ASSIGNMENT (( #1660 ) ) ;
#2428 = CARTESIAN_POINT ( 'NONE',  ( 0.7299999999999998712, -0.000000000000000000, -0.09999999999999989453 ) ) ;
#2429 = LINE ( 'NONE', #724, #725 ) ;
#2430 = DIRECTION ( 'NONE',  ( -1.548860246407863583E-16, -0.000000000000000000, -1.000000000000000000 ) ) ;
#2431 = DIRECTION ( 'NONE',  ( 0.000000000000000000, 0.000000000000000000, -1.000000000000000000 ) ) ;
#2432 = FILL_AREA_STYLE_COLOUR ( '', #1459 ) ;
#2433 = FILL_AREA_STYLE_COLOUR ( '', #861 ) ;
#2434 = ADVANCED_FACE ( 'NONE', ( #1320 ), #1038, .T. ) ;
#2435 = VECTOR ( 'NONE', #166, 1000.000000000000000 ) ;
#2436 = FILL_AREA_STYLE ('',( #139 ) ) ;
#2437 = VERTEX_POINT ( 'NONE', #234 ) ;
#2438 = COLOUR_RGB ( '',0.7529411764705882248, 0.7529411764705882248, 0.7529411764705882248 ) ;
#2439 = LINE ( 'NONE', #1650, #1795 ) ;
#2440 = MANIFOLD_SOLID_BREP ( 'Cut-Extrude1', #28 ) ;
#2441 = CARTESIAN_POINT ( 'NONE',  ( 0.8499999999999997558, 0.5500000000000000444, -0.7000000000000001776 ) ) ;
#2442 = DIRECTION ( 'NONE',  ( -0.000000000000000000, -1.000000000000000000, -0.000000000000000000 ) ) ;
#2443 = DIRECTION ( 'NONE',  ( 0.000000000000000000, -1.000000000000000000, 0.000000000000000000 ) ) ;
#2444 = DIRECTION ( 'NONE',  ( -0.000000000000000000, -1.000000000000000000, -0.000000000000000000 ) ) ;
#2445 = ORIENTED_EDGE ( 'NONE', *, *, #1729, .T. ) ;
#2446 = PRESENTATION_LAYER_ASSIGNMENT (  '', '', ( #407 ) ) ;
#2447 = PLANE ( 'NONE',  #368 ) ;
#2448 = UNCERTAINTY_MEASURE_WITH_UNIT (LENGTH_MEASURE( 1.000000000000000082E-05 ), #2384, 'distance_accuracy_value', 'NONE');
#2449 = DIRECTION ( 'NONE',  ( -0.000000000000000000, 0.000000000000000000, 1.000000000000000000 ) ) ;
#2450 = EDGE_CURVE ( 'NONE', #149, #1904, #1996, .T. ) ;
#2451 = ORIENTED_EDGE ( 'NONE', *, *, #593, .T. ) ;
#2452 = VECTOR ( 'NONE', #2133, 1000.000000000000000 ) ;
#2453 = PRESENTATION_STYLE_ASSIGNMENT (( #2464 ) ) ;
#2454 = SURFACE_SIDE_STYLE ('',( #2292 ) ) ;
#2455 = DIRECTION ( 'NONE',  ( 0.000000000000000000, -0.000000000000000000, -1.000000000000000000 ) ) ;
#2456 = DIRECTION ( 'NONE',  ( 0.000000000000000000, 0.000000000000000000, -1.000000000000000000 ) ) ;
#2457 = ORIENTED_EDGE ( 'NONE', *, *, #1389, .F. ) ;
#2458 = VECTOR ( 'NONE', #729, 1000.000000000000000 ) ;
#2459 = MECHANICAL_DESIGN_GEOMETRIC_PRESENTATION_REPRESENTATION (  '', ( #1067 ), #904 ) ;
#2460 = FILL_AREA_STYLE ('',( #1160 ) ) ;
#2461 = FACE_OUTER_BOUND ( 'NONE', #613, .T. ) ;
#2462 = ORIENTED_EDGE ( 'NONE', *, *, #1842, .T. ) ;
#2463 =( NAMED_UNIT ( * ) SI_UNIT ( $, .STERADIAN. ) SOLID_ANGLE_UNIT ( ) );
#2464 = SURFACE_STYLE_USAGE ( .BOTH. , #1840 ) ;
#2465 = DIRECTION ( 'NONE',  ( -0.000000000000000000, -1.000000000000000000, -0.000000000000000000 ) ) ;
#2466 = SURFACE_STYLE_USAGE ( .BOTH. , #2454 ) ;
#2467 = ORIENTED_EDGE ( 'NONE', *, *, #1635, .T. ) ;
#2468 = FILL_AREA_STYLE_COLOUR ( '', #350 ) ;
#2469 = FACE_OUTER_BOUND ( 'NONE', #585, .T. ) ;
#2470 = ADVANCED_FACE ( 'NONE', ( #2146, #1062 ), #857, .F. ) ;
#2471 = DIRECTION ( 'NONE',  ( -0.000000000000000000, 1.000000000000000000, -0.000000000000000000 ) ) ;
#2472 = VERTEX_POINT ( 'NONE', #60 ) ;
#2473 = PRESENTATION_STYLE_ASSIGNMENT (( #948 ) ) ;
#2474 = DIRECTION ( 'NONE',  ( 1.000000000000000000, 0.000000000000000000, 3.942553354492743038E-16 ) ) ;
#2475 = ORIENTED_EDGE ( 'NONE', *, *, #1174, .F. ) ;
#2476 = UNCERTAINTY_MEASURE_WITH_UNIT (LENGTH_MEASURE( 1.000000000000000082E-05 ), #1333, 'distance_accuracy_value', 'NONE');
#2477 = DIRECTION ( 'NONE',  ( 0.000000000000000000, 0.000000000000000000, -1.000000000000000000 ) ) ;
#2478 = DIRECTION ( 'NONE',  ( 1.000000000000000000, 0.000000000000000000, 9.856383386231857595E-17 ) ) ;
#2479 =( GEOMETRIC_REPRESENTATION_CONTEXT ( 3 ) GLOBAL_UNCERTAINTY_ASSIGNED_CONTEXT ( ( #2376 ) ) GLOBAL_UNIT_ASSIGNED_CONTEXT ( ( #438, #250, #332 ) ) REPRESENTATION_CONTEXT ( 'NONE', 'WORKASPACE' ) );
#2480 = VECTOR ( 'NONE', #2190, 1000.000000000000000 ) ;
#2481 =( LENGTH_UNIT ( ) NAMED_UNIT ( * ) SI_UNIT ( .MILLI., .METRE. ) );
#2482 = PRESENTATION_LAYER_ASSIGNMENT (  '', '', ( #974 ) ) ;
#2483 = EDGE_LOOP ( 'NONE', ( #1614, #753, #715, #298 ) ) ;
#2484 =( GEOMETRIC_REPRESENTATION_CONTEXT ( 3 ) GLOBAL_UNCERTAINTY_ASSIGNED_CONTEXT ( ( #2267 ) ) GLOBAL_UNIT_ASSIGNED_CONTEXT ( ( #496, #886, #2202 ) ) REPRESENTATION_CONTEXT ( 'NONE', 'WORKASPACE' ) );
#2485 = SURFACE_STYLE_USAGE ( .BOTH. , #1713 ) ;
#2486 = EDGE_CURVE ( 'NONE', #934, #988, #831, .T. ) ;
#2487 = STYLED_ITEM ( 'NONE', ( #2131 ), #1093 ) ;
#2488 = MECHANICAL_DESIGN_GEOMETRIC_PRESENTATION_REPRESENTATION (  '', ( #1414 ), #442 ) ;
#2489 = ORIENTED_EDGE ( 'NONE', *, *, #89, .F. ) ;
#2490 = PRESENTATION_LAYER_ASSIGNMENT (  '', '', ( #600 ) ) ;
#2491 = VECTOR ( 'NONE', #783, 1000.000000000000000 ) ;
#2492 = CARTESIAN_POINT ( 'NONE',  ( 1.971276677246371765E-16, -0.05000000000000000278, -0.5000000000000001110 ) ) ;
#2493 = VECTOR ( 'NONE', #794, 1000.000000000000000 ) ;
#2494 = ORIENTED_EDGE ( 'NONE', *, *, #2128, .F. ) ;
#2495 = CARTESIAN_POINT ( 'NONE',  ( -0.1999999999999999556, -0.05000000000000000278, -0.4800000000000000377 ) ) ;
#2496 = SURFACE_STYLE_FILL_AREA ( #1906 ) ;
#2497 = PRESENTATION_STYLE_ASSIGNMENT (( #1493 ) ) ;
#2498 = AXIS2_PLACEMENT_3D ( 'NONE', #631, #2176, #462 ) ;
#2499 = FILL_AREA_STYLE_COLOUR ( '', #1632 ) ;
#2500 = ORIENTED_EDGE ( 'NONE', *, *, #2486, .T. ) ;
ENDSEC;
END-ISO-10303-21;
