ISO-10303-21;
HEADER;
FILE_DESCRIPTION (( 'STEP AP214' ),
    '1' );
FILE_NAME ('WS2812B-MINI-V3-W.step',
    '2025-05-30T20:44:06',
    ( '' ),
    ( '' ),
    'SwSTEP 2.0',
    'SolidWorks 2022',
    '' );
FILE_SCHEMA (( 'AUTOMOTIVE_DESIGN' ));
ENDSEC;

DATA;
#1 = FACE_OUTER_BOUND ( 'NONE', #628, .T. ) ;
#2 = ORIENTED_EDGE ( 'NONE', *, *, #981, .T. ) ;
#3 = DIRECTION ( 'NONE',  ( 0.000000000000000000, -0.7071067811865474617, -0.7071067811865474617 ) ) ;
#4 = VERTEX_POINT ( 'NONE', #280 ) ;
#5 = DIRECTION ( 'NONE',  ( 1.000000000000000000, -3.673419846319650214E-31, -2.220446049249994825E-16 ) ) ;
#6 = FACE_OUTER_BOUND ( 'NONE', #778, .T. ) ;
#7 = EDGE_CURVE ( 'NONE', #2289, #1376, #612, .T. ) ;
#8 = ADVANCED_FACE ( 'NONE', ( #1325 ), #1900, .T. ) ;
#9 = VECTOR ( 'NONE', #1414, 1000.000000000000000 ) ;
#10 = VERTEX_POINT ( 'NONE', #1680 ) ;
#11 = VECTOR ( 'NONE', #139, 1000.000000000000000 ) ;
#12 = VECTOR ( 'NONE', #562, 1000.000000000000000 ) ;
#13 = ORIENTED_EDGE ( 'NONE', *, *, #1913, .T. ) ;
#14 = LINE ( 'NONE', #203, #118 ) ;
#15 = VECTOR ( 'NONE', #1109, 1000.000000000000000 ) ;
#16 = EDGE_LOOP ( 'NONE', ( #1448, #527, #1253, #1031 ) ) ;
#17 = LINE ( 'NONE', #1247, #398 ) ;
#18 = DIRECTION ( 'NONE',  ( 2.220446049250000002E-16, -1.110223024624999878E-16, 1.000000000000000000 ) ) ;
#19 = ORIENTED_EDGE ( 'NONE', *, *, #2169, .F. ) ;
#20 = EDGE_LOOP ( 'NONE', ( #59, #2200, #754, #1799 ) ) ;
#21 = LINE ( 'NONE', #2131, #1780 ) ;
#22 = EDGE_CURVE ( 'NONE', #721, #1428, #1027, .T. ) ;
#23 = CARTESIAN_POINT ( 'NONE',  ( 10.48999999999999844, 1.699999999999999956, -1.639999999999999902 ) ) ;
#24 = ADVANCED_FACE ( 'NONE', ( #1885 ), #134, .T. ) ;
#25 = EDGE_CURVE ( 'NONE', #110, #457, #310, .T. ) ;
#26 = FILL_AREA_STYLE_COLOUR ( '', #2003 ) ;
#27 = ORIENTED_EDGE ( 'NONE', *, *, #983, .F. ) ;
#28 = CARTESIAN_POINT ( 'NONE',  ( 10.93999999999999950, 2.350000029057000006, -1.590000000000000080 ) ) ;
#29 = DIRECTION ( 'NONE',  ( 1.000000000000000000, -3.673419846319650214E-31, -2.220446049249994825E-16 ) ) ;
#30 = VERTEX_POINT ( 'NONE', #2276 ) ;
#31 = ORIENTED_EDGE ( 'NONE', *, *, #320, .F. ) ;
#32 = EDGE_CURVE ( 'NONE', #1804, #1917, #1576, .T. ) ;
#33 = DIRECTION ( 'NONE',  ( 0.000000000000000000, -0.7071067811865474617, 0.7071067811865474617 ) ) ;
#34 = SURFACE_STYLE_USAGE ( .BOTH. , #1601 ) ;
#35 = ADVANCED_FACE ( 'NONE', ( #1786 ), #1770, .T. ) ;
#36 = ORIENTED_EDGE ( 'NONE', *, *, #1423, .F. ) ;
#37 = FACE_OUTER_BOUND ( 'NONE', #1994, .T. ) ;
#38 = VERTEX_POINT ( 'NONE', #2135 ) ;
#39 = LINE ( 'NONE', #1088, #1782 ) ;
#40 = LINE ( 'NONE', #1823, #1783 ) ;
#41 = PRODUCT_DEFINITION_SHAPE ( 'NONE', 'NONE',  #584 ) ;
#42 = ORIENTED_EDGE ( 'NONE', *, *, #107, .T. ) ;
#43 = LINE ( 'NONE', #722, #1369 ) ;
#44 = VECTOR ( 'NONE', #860, 1000.000000000000000 ) ;
#45 = AXIS2_PLACEMENT_3D ( 'NONE', #2023, #821, #2059 ) ;
#46 = ORIENTED_EDGE ( 'NONE', *, *, #910, .F. ) ;
#47 = PLANE ( 'NONE',  #290 ) ;
#48 = AXIS2_PLACEMENT_3D ( 'NONE', #169, #568, #1614 ) ;
#49 = VECTOR ( 'NONE', #438, 1000.000000000000000 ) ;
#50 = VERTEX_POINT ( 'NONE', #1210 ) ;
#51 = DIRECTION ( 'NONE',  ( -1.000000000000000000, 0.000000000000000000, 2.220446049250000002E-16 ) ) ;
#52 = ADVANCED_FACE ( 'NONE', ( #880 ), #1248, .F. ) ;
#53 = CARTESIAN_POINT ( 'NONE',  ( 9.499999993294000689, 2.799999999999999822, 0.1999999955300000021 ) ) ;
#54 = AXIS2_PLACEMENT_3D ( 'NONE', #957, #1665, #1320 ) ;
#55 = ORIENTED_EDGE ( 'NONE', *, *, #1432, .T. ) ;
#56 = CARTESIAN_POINT ( 'NONE',  ( 10.48999999999999844, 2.025000014528999692, 1.364999999999999991 ) ) ;
#57 = VERTEX_POINT ( 'NONE', #1061 ) ;
#58 = CARTESIAN_POINT ( 'NONE',  ( 9.690000000000001279, 1.758578643762690463, -1.781421356237309350 ) ) ;
#59 = ORIENTED_EDGE ( 'NONE', *, *, #1040, .F. ) ;
#60 = DIRECTION ( 'NONE',  ( -1.000000000000000000, 1.711937728343419987E-32, 6.784696261599998716E-17 ) ) ;
#61 = CARTESIAN_POINT ( 'NONE',  ( 7.910000000000000142, 1.899999999999999911, 1.639999999999999902 ) ) ;
#62 = ORIENTED_EDGE ( 'NONE', *, *, #71, .F. ) ;
#63 = ADVANCED_FACE ( 'NONE', ( #165 ), #363, .F. ) ;
#64 = CARTESIAN_POINT ( 'NONE',  ( 8.710000000000000853, 2.350000029057000006, 1.840000000000000080 ) ) ;
#65 = CARTESIAN_POINT ( 'NONE',  ( 8.799999993293999623, 2.600000000000000089, -0.8000000044700000812 ) ) ;
#66 = CARTESIAN_POINT ( 'NONE',  ( 9.690000000000001279, 1.899999999999999911, 1.639999999999999902 ) ) ;
#67 = CARTESIAN_POINT ( 'NONE',  ( 8.710000000000000853, 1.699999999999999956, -0.8899999999999999023 ) ) ;
#68 = ORIENTED_EDGE ( 'NONE', *, *, #843, .F. ) ;
#69 = DIRECTION ( 'NONE',  ( 0.000000000000000000, -0.7071067811865474617, 0.7071067811865474617 ) ) ;
#70 = EDGE_CURVE ( 'NONE', #457, #1482, #926, .T. ) ;
#71 = EDGE_CURVE ( 'NONE', #2022, #1852, #1110, .T. ) ;
#72 = VERTEX_POINT ( 'NONE', #1643 ) ;
#73 = CARTESIAN_POINT ( 'NONE',  ( 8.710000000000000853, 1.758578643762690463, -1.781421356237309350 ) ) ;
#74 = EDGE_LOOP ( 'NONE', ( #1190, #1079, #649, #702 ) ) ;
#75 = CARTESIAN_POINT ( 'NONE',  ( 8.330000000000000071, 1.699999999999999956, -0.6899999999999999467 ) ) ;
#76 = LINE ( 'NONE', #1093, #1265 ) ;
#77 = FACE_OUTER_BOUND ( 'NONE', #521, .T. ) ;
#78 = LINE ( 'NONE', #610, #553 ) ;
#79 = CARTESIAN_POINT ( 'NONE',  ( 9.690000000000001279, 1.899999999999999911, -1.639999999999999902 ) ) ;
#80 = ORIENTED_EDGE ( 'NONE', *, *, #340, .T. ) ;
#81 = PRESENTATION_STYLE_ASSIGNMENT (( #594 ) ) ;
#82 = ADVANCED_FACE ( 'NONE', ( #77 ), #1463, .F. ) ;
#83 = VERTEX_POINT ( 'NONE', #424 ) ;
#84 = LINE ( 'NONE', #250, #582 ) ;
#85 = VECTOR ( 'NONE', #1785, 1000.000000000000000 ) ;
#86 = CIRCLE ( 'NONE', #1368, 0.2000000000000002887 ) ;
#87 = VECTOR ( 'NONE', #2078, 1000.000000000000000 ) ;
#88 = FACE_OUTER_BOUND ( 'NONE', #74, .T. ) ;
#89 = CARTESIAN_POINT ( 'NONE',  ( 9.690000000000001279, 1.699999999999999956, -0.8899999999999999023 ) ) ;
#90 = VECTOR ( 'NONE', #1516, 1000.000000000000000 ) ;
#91 = VECTOR ( 'NONE', #2067, 1000.000000000000000 ) ;
#92 = AXIS2_PLACEMENT_3D ( 'NONE', #1452, #762, #751 ) ;
#93 = VERTEX_POINT ( 'NONE', #901 ) ;
#94 =( NAMED_UNIT ( * ) SI_UNIT ( $, .STERADIAN. ) SOLID_ANGLE_UNIT ( ) );
#95 = UNCERTAINTY_MEASURE_WITH_UNIT (LENGTH_MEASURE( 1.000000000000000082E-05 ), #909, 'distance_accuracy_value', 'NONE');
#96 = EDGE_CURVE ( 'NONE', #1876, #614, #1198, .T. ) ;
#97 = FACE_OUTER_BOUND ( 'NONE', #166, .T. ) ;
#98 = DIRECTION ( 'NONE',  ( -2.220446049250000002E-16, 1.110223024624999878E-16, -1.000000000000000000 ) ) ;
#99 = ORIENTED_EDGE ( 'NONE', *, *, #276, .T. ) ;
#100 = PLANE ( 'NONE',  #1335 ) ;
#101 = PLANE ( 'NONE',  #2087 ) ;
#102 = EDGE_LOOP ( 'NONE', ( #36, #361, #677, #2128 ) ) ;
#103 = ORIENTED_EDGE ( 'NONE', *, *, #387, .F. ) ;
#104 = PLANE ( 'NONE',  #1554 ) ;
#105 = CARTESIAN_POINT ( 'NONE',  ( 10.48999999999999844, 1.699999999999999956, -0.8899999999999999023 ) ) ;
#106 = CARTESIAN_POINT ( 'NONE',  ( 10.93999999999999950, 2.600000000000000089, -1.840000000000000080 ) ) ;
#107 = EDGE_CURVE ( 'NONE', #1397, #83, #814, .T. ) ;
#108 = CARTESIAN_POINT ( 'NONE',  ( 10.93999999999999950, 2.600000000000000089, 1.840000000000000080 ) ) ;
#109 = ORIENTED_EDGE ( 'NONE', *, *, #1090, .T. ) ;
#110 = VERTEX_POINT ( 'NONE', #1522 ) ;
#111 = CARTESIAN_POINT ( 'NONE',  ( 8.710000000000000853, 2.350000029057000006, 1.639999999999999902 ) ) ;
#112 = CARTESIAN_POINT ( 'NONE',  ( 7.459999999999999964, 2.350000029057000006, 1.590000000000000080 ) ) ;
#113 = CARTESIAN_POINT ( 'NONE',  ( 10.83047619047619747, 3.600000000000000089, 3.096579164340366810E-15 ) ) ;
#114 = VERTEX_POINT ( 'NONE', #1910 ) ;
#115 = LINE ( 'NONE', #492, #920 ) ;
#116 = CARTESIAN_POINT ( 'NONE',  ( 9.690000000000001279, 2.000000000000000000, 1.639999999999999902 ) ) ;
#117 = CARTESIAN_POINT ( 'NONE',  ( 9.690000000000001279, 1.929289321881345387, -1.610710678118654871 ) ) ;
#118 = VECTOR ( 'NONE', #892, 1000.000000000000000 ) ;
#119 = VECTOR ( 'NONE', #1375, 1000.000000000000000 ) ;
#120 = EDGE_CURVE ( 'NONE', #1804, #38, #1717, .T. ) ;
#121 = SURFACE_STYLE_USAGE ( .BOTH. , #469 ) ;
#122 = DIRECTION ( 'NONE',  ( 2.465190328814959874E-32, 1.000000000000000000, 1.110223024624999878E-16 ) ) ;
#123 = ORIENTED_EDGE ( 'NONE', *, *, #2258, .F. ) ;
#124 = VECTOR ( 'NONE', #2109, 1000.000000000000000 ) ;
#125 = CIRCLE ( 'NONE', #1585, 0.1000000000000001443 ) ;
#126 = FACE_OUTER_BOUND ( 'NONE', #504, .T. ) ;
#127 = CIRCLE ( 'NONE', #1067, 0.2000000000000002887 ) ;
#128 = EDGE_CURVE ( 'NONE', #1204, #1681, #1009, .T. ) ;
#129 = VECTOR ( 'NONE', #881, 1000.000000000000000 ) ;
#130 = CARTESIAN_POINT ( 'NONE',  ( 10.93999999999999950, 1.949999999999999956, 0.6899999999999999467 ) ) ;
#131 = FACE_OUTER_BOUND ( 'NONE', #1148, .T. ) ;
#132 = DIRECTION ( 'NONE',  ( 1.000000000000000000, -3.673419846319650214E-31, -2.220446049249994825E-16 ) ) ;
#133 = EDGE_CURVE ( 'NONE', #1574, #1266, #638, .T. ) ;
#134 = CYLINDRICAL_SURFACE ( 'NONE', #1549, 0.2000000000000002887 ) ;
#135 = CARTESIAN_POINT ( 'NONE',  ( 7.459999999999999964, 2.600000000000000089, 1.840000000000000080 ) ) ;
#136 = ADVANCED_FACE ( 'NONE', ( #1679 ), #1189, .F. ) ;
#137 = ADVANCED_FACE ( 'NONE', ( #2080 ), #984, .T. ) ;
#138 = ORIENTED_EDGE ( 'NONE', *, *, #1138, .T. ) ;
#139 = DIRECTION ( 'NONE',  ( 1.000000000000000000, 4.625929269270999778E-16, -3.018020061193400088E-16 ) ) ;
#140 = CARTESIAN_POINT ( 'NONE',  ( 9.690000000000001279, 1.899999999999999911, -0.8899999999999999023 ) ) ;
#141 = EDGE_LOOP ( 'NONE', ( #2261, #1477, #304, #903 ) ) ;
#142 = CARTESIAN_POINT ( 'NONE',  ( 9.499999993294000689, 2.799999999999999822, 0.1999999955300000021 ) ) ;
#143 = CYLINDRICAL_SURFACE ( 'NONE', #701, 0.1000000000000001443 ) ;
#144 = DIRECTION ( 'NONE',  ( 1.000000000000000000, -1.711937728343419987E-32, -6.784696261599998716E-17 ) ) ;
#145 = ORIENTED_EDGE ( 'NONE', *, *, #845, .T. ) ;
#146 = ORIENTED_EDGE ( 'NONE', *, *, #1950, .T. ) ;
#147 = DIRECTION ( 'NONE',  ( -0.1066851863669889822, -0.9740821363898998220, 0.1994549136419789537 ) ) ;
#148 = ORIENTED_EDGE ( 'NONE', *, *, #417, .T. ) ;
#149 = EDGE_CURVE ( 'NONE', #1632, #1876, #480, .T. ) ;
#150 = CARTESIAN_POINT ( 'NONE',  ( 10.93999999999999950, 2.350000029057000006, 1.840000000000000080 ) ) ;
#151 = DIRECTION ( 'NONE',  ( 1.000000000000000000, 0.000000000000000000, -2.220446049250000002E-16 ) ) ;
#152 = CARTESIAN_POINT ( 'NONE',  ( 7.910000000000000142, 2.000000000000000000, -1.539999999999999813 ) ) ;
#153 = FILL_AREA_STYLE_COLOUR ( '', #1816 ) ;
#154 = CIRCLE ( 'NONE', #220, 0.1000000000000001443 ) ;
#155 = VERTEX_POINT ( 'NONE', #2240 ) ;
#156 = VECTOR ( 'NONE', #2270, 1000.000000000000000 ) ;
#157 = ORIENTED_EDGE ( 'NONE', *, *, #530, .F. ) ;
#158 = EDGE_CURVE ( 'NONE', #912, #389, #662, .T. ) ;
#159 = VECTOR ( 'NONE', #2004, 1000.000000000000000 ) ;
#160 = DIRECTION ( 'NONE',  ( 2.465190328814959874E-32, 1.000000000000000000, 1.110223024624999878E-16 ) ) ;
#161 = DIRECTION ( 'NONE',  ( 1.000000000000000000, 0.000000000000000000, -2.220446049250000002E-16 ) ) ;
#162 = CARTESIAN_POINT ( 'NONE',  ( 10.48999999999999844, 1.899999999999999911, -1.639999999999999902 ) ) ;
#163 = EDGE_CURVE ( 'NONE', #2070, #57, #2260, .T. ) ;
#164 = CARTESIAN_POINT ( 'NONE',  ( 10.83047619047621524, 3.600000000000000089, 1.635238095238107370 ) ) ;
#165 = FACE_OUTER_BOUND ( 'NONE', #803, .T. ) ;
#166 = EDGE_LOOP ( 'NONE', ( #99, #1273, #2040, #657 ) ) ;
#167 = ORIENTED_EDGE ( 'NONE', *, *, #2258, .T. ) ;
#168 = PRODUCT_RELATED_PRODUCT_CATEGORY ( 'part', '', ( #727 ) ) ;
#169 = CARTESIAN_POINT ( 'NONE',  ( 8.710000000000000853, 1.699999999999999956, -1.840000000000000080 ) ) ;
#170 = DIRECTION ( 'NONE',  ( -1.000000000000000000, 0.000000000000000000, 2.220446049250000002E-16 ) ) ;
#171 = FILL_AREA_STYLE ('',( #2133 ) ) ;
#172 = MANIFOLD_SOLID_BREP ( 'WS2812B-MINI-V3-W.step<1>[6]', #1257 ) ;
#173 = VERTEX_POINT ( 'NONE', #1503 ) ;
#174 = DIRECTION ( 'NONE',  ( 0.000000000000000000, -1.000000000000000000, -1.110223024624999878E-16 ) ) ;
#175 = EDGE_CURVE ( 'NONE', #1894, #1289, #2094, .T. ) ;
#176 = ORIENTED_EDGE ( 'NONE', *, *, #175, .T. ) ;
#177 = DIRECTION ( 'NONE',  ( 2.220446049250000002E-16, -1.110223024624999878E-16, 1.000000000000000000 ) ) ;
#178 = SURFACE_STYLE_USAGE ( .BOTH. , #1571 ) ;
#179 = ORIENTED_EDGE ( 'NONE', *, *, #2180, .F. ) ;
#180 = CARTESIAN_POINT ( 'NONE',  ( 9.690000000000001279, 1.699999999999999956, 0.8899999999999999023 ) ) ;
#181 = DIRECTION ( 'NONE',  ( 2.465190328814964801E-32, 1.000000000000000000, 1.110223024624999878E-16 ) ) ;
#182 = DIRECTION ( 'NONE',  ( 0.000000000000000000, 1.000000000000000000, 0.000000000000000000 ) ) ;
#183 = ORIENTED_EDGE ( 'NONE', *, *, #96, .F. ) ;
#184 = AXIS2_PLACEMENT_3D ( 'NONE', #1963, #2287, #1388 ) ;
#185 = CARTESIAN_POINT ( 'NONE',  ( 10.82499999999999929, 3.649999999999999911, -1.625000000000000000 ) ) ;
#186 = ADVANCED_FACE ( 'NONE', ( #2055 ), #455, .F. ) ;
#187 = CIRCLE ( 'NONE', #1260, 0.1000000000000001443 ) ;
#188 = VECTOR ( 'NONE', #1645, 1000.000000000000000 ) ;
#189 = EDGE_LOOP ( 'NONE', ( #2241, #1011, #1130, #215, #1226, #1455, #1267, #1475, #2142, #319 ) ) ;
#190 = VECTOR ( 'NONE', #818, 1000.000000000000000 ) ;
#191 = CIRCLE ( 'NONE', #665, 1.409523809523815840 ) ;
#192 = VECTOR ( 'NONE', #781, 1000.000000000000000 ) ;
#193 = DIRECTION ( 'NONE',  ( -2.465190328814959874E-32, -1.000000000000000000, -1.110223024624999878E-16 ) ) ;
#194 = CARTESIAN_POINT ( 'NONE',  ( 7.459999999999999964, 2.600000000000000089, -1.840000000000000080 ) ) ;
#195 = DIRECTION ( 'NONE',  ( 1.000000000000000000, 0.000000000000000000, -2.220446049250000002E-16 ) ) ;
#196 = ADVANCED_FACE ( 'NONE', ( #1 ), #717, .T. ) ;
#197 = ORIENTED_EDGE ( 'NONE', *, *, #2233, .T. ) ;
#198 = ORIENTED_EDGE ( 'NONE', *, *, #498, .F. ) ;
#199 = DIRECTION ( 'NONE',  ( -2.220446049250000002E-16, 1.110223024624999878E-16, -1.000000000000000000 ) ) ;
#200 = EDGE_LOOP ( 'NONE', ( #1132, #247, #1572, #1641, #1296, #934, #1886, #1795, #2146, #242 ) ) ;
#201 = CARTESIAN_POINT ( 'NONE',  ( 8.710000000000000853, 2.000000000000000000, 1.539999999999999813 ) ) ;
#202 = EDGE_CURVE ( 'NONE', #4, #614, #1769, .T. ) ;
#203 = CARTESIAN_POINT ( 'NONE',  ( 8.710000000000000853, 1.929289321881345165, 1.610710678118654871 ) ) ;
#204 = CARTESIAN_POINT ( 'NONE',  ( 8.799999993293999623, 2.799999999999999822, -0.8000000044700000812 ) ) ;
#205 = CARTESIAN_POINT ( 'NONE',  ( 8.710000000000000853, 2.350000029057000006, -1.840000000000000080 ) ) ;
#206 = PLANE ( 'NONE',  #2193 ) ;
#207 = LINE ( 'NONE', #906, #1101 ) ;
#208 = ADVANCED_FACE ( 'NONE', ( #329 ), #1509, .F. ) ;
#209 = EDGE_LOOP ( 'NONE', ( #1054, #813, #179, #2279 ) ) ;
#210 =( NAMED_UNIT ( * ) PLANE_ANGLE_UNIT ( ) SI_UNIT ( $, .RADIAN. ) );
#211 = ORIENTED_EDGE ( 'NONE', *, *, #941, .F. ) ;
#212 = PLANE ( 'NONE',  #666 ) ;
#213 = ORIENTED_EDGE ( 'NONE', *, *, #869, .T. ) ;
#214 = CARTESIAN_POINT ( 'NONE',  ( 9.690000000000001279, 2.350000029057000006, 1.639999999999999902 ) ) ;
#215 = ORIENTED_EDGE ( 'NONE', *, *, #324, .F. ) ;
#216 = PLANE ( 'NONE',  #1030 ) ;
#217 = PRESENTATION_LAYER_ASSIGNMENT (  '', '', ( #1583 ) ) ;
#218 = EDGE_CURVE ( 'NONE', #1748, #30, #1590, .T. ) ;
#219 = CIRCLE ( 'NONE', #1029, 0.2000000000000002887 ) ;
#220 = AXIS2_PLACEMENT_3D ( 'NONE', #1969, #372, #33 ) ;
#221 = VERTEX_POINT ( 'NONE', #2286 ) ;
#222 = CARTESIAN_POINT ( 'NONE',  ( 10.83047619047621524, 3.600000000000000089, -1.635238095238107370 ) ) ;
#223 = DIRECTION ( 'NONE',  ( -1.000000000000000000, -3.673419846319650214E-31, 2.220446049249994825E-16 ) ) ;
#224 = VECTOR ( 'NONE', #305, 1000.000000000000000 ) ;
#225 = VECTOR ( 'NONE', #132, 1000.000000000000000 ) ;
#226 = EDGE_LOOP ( 'NONE', ( #1607, #502, #1039, #2130 ) ) ;
#227 = PLANE ( 'NONE',  #1660 ) ;
#228 = AXIS2_PLACEMENT_3D ( 'NONE', #1338, #2029, #1122 ) ;
#229 = ADVANCED_FACE ( 'NONE', ( #1568 ), #2111, .T. ) ;
#230 = ORIENTED_EDGE ( 'NONE', *, *, #1327, .T. ) ;
#231 = FACE_OUTER_BOUND ( 'NONE', #16, .T. ) ;
#232 = ORIENTED_EDGE ( 'NONE', *, *, #1073, .T. ) ;
#233 = PLANE ( 'NONE',  #2234 ) ;
#234 = LINE ( 'NONE', #113, #1821 ) ;
#235 = DIRECTION ( 'NONE',  ( -2.220446049250000002E-16, 1.110223024624999878E-16, -1.000000000000000000 ) ) ;
#236 = LINE ( 'NONE', #2204, #1931 ) ;
#237 = CYLINDRICAL_SURFACE ( 'NONE', #92, 0.1000000000000001443 ) ;
#238 = DIRECTION ( 'NONE',  ( 2.465190328814959874E-32, 1.000000000000000000, 1.110223024624999878E-16 ) ) ;
#239 = ORIENTED_EDGE ( 'NONE', *, *, #1357, .T. ) ;
#240 = DIRECTION ( 'NONE',  ( 0.000000000000000000, -0.7071067811865474617, 0.7071067811865474617 ) ) ;
#241 = PLANE ( 'NONE',  #510 ) ;
#242 = ORIENTED_EDGE ( 'NONE', *, *, #784, .F. ) ;
#243 = CARTESIAN_POINT ( 'NONE',  ( 7.459999999999999964, 1.949999999999999956, 1.590000000000000080 ) ) ;
#244 = DIRECTION ( 'NONE',  ( -2.220446049250000002E-16, 1.110223024624999878E-16, -1.000000000000000000 ) ) ;
#245 = DIRECTION ( 'NONE',  ( 2.465190328814959874E-32, 1.000000000000000000, 1.110223024624999878E-16 ) ) ;
#246 = DIRECTION ( 'NONE',  ( 0.000000000000000000, 1.785553614937640204E-14, -1.000000000000000000 ) ) ;
#247 = ORIENTED_EDGE ( 'NONE', *, *, #515, .T. ) ;
#248 = CARTESIAN_POINT ( 'NONE',  ( 10.30000000000000071, 2.600000000000000089, -1.860113627363050250E-16 ) ) ;
#249 = EDGE_CURVE ( 'NONE', #1383, #114, #17, .T. ) ;
#250 = CARTESIAN_POINT ( 'NONE',  ( 9.199999999999999289, 1.949999999999999956, 1.590000000000000080 ) ) ;
#251 = CLOSED_SHELL ( 'NONE', ( #2002, #1155, #82, #1458, #196, #1391, #2184, #1083, #1579, #1600, #229, #1112 ) ) ;
#252 = AXIS2_PLACEMENT_3D ( 'NONE', #2248, #1360, #2077 ) ;
#253 = CIRCLE ( 'NONE', #850, 0.2000000000000002887 ) ;
#254 = FACE_OUTER_BOUND ( 'NONE', #1871, .T. ) ;
#255 = DIRECTION ( 'NONE',  ( 0.000000000000000000, -0.7071067811865474617, 0.7071067811865474617 ) ) ;
#256 = VECTOR ( 'NONE', #1996, 1000.000000000000000 ) ;
#257 = CIRCLE ( 'NONE', #1556, 0.1000000000000001443 ) ;
#258 = ORIENTED_EDGE ( 'NONE', *, *, #2063, .F. ) ;
#259 = CIRCLE ( 'NONE', #2225, 0.1000000000000001443 ) ;
#260 = ORIENTED_EDGE ( 'NONE', *, *, #324, .T. ) ;
#261 = EDGE_LOOP ( 'NONE', ( #1638, #1629, #532, #145 ) ) ;
#262 = EDGE_CURVE ( 'NONE', #221, #1376, #707, .T. ) ;
#263 = CARTESIAN_POINT ( 'NONE',  ( 10.62499999999999822, 3.649999999999999911, -1.419013931396271762E-16 ) ) ;
#264 = ADVANCED_FACE ( 'NONE', ( #352 ), #673, .F. ) ;
#265 = EDGE_CURVE ( 'NONE', #10, #563, #991, .T. ) ;
#266 = DIRECTION ( 'NONE',  ( 1.000000000000000000, 0.000000000000000000, -2.220446049250000002E-16 ) ) ;
#267 = LINE ( 'NONE', #785, #1036 ) ;
#268 = DIRECTION ( 'NONE',  ( 1.000000000000000000, 0.000000000000000000, -2.220446049250000002E-16 ) ) ;
#269 = CARTESIAN_POINT ( 'NONE',  ( 10.93999999999999950, 2.600000000000000089, 1.840000000000000080 ) ) ;
#270 = DIRECTION ( 'NONE',  ( 1.000000000000000000, 0.000000000000000000, -2.220446049250000002E-16 ) ) ;
#271 = ORIENTED_EDGE ( 'NONE', *, *, #2183, .T. ) ;
#272 = CARTESIAN_POINT ( 'NONE',  ( 9.690000000000001279, 1.899999999999999911, -1.639999999999999902 ) ) ;
#273 = LINE ( 'NONE', #977, #954 ) ;
#274 = ORIENTED_EDGE ( 'NONE', *, *, #1234, .F. ) ;
#275 = DIRECTION ( 'NONE',  ( 2.465190328814964801E-32, 1.000000000000000000, 1.110223024624999878E-16 ) ) ;
#276 = EDGE_CURVE ( 'NONE', #114, #473, #2102, .T. ) ;
#277 = ORIENTED_EDGE ( 'NONE', *, *, #163, .T. ) ;
#278 = CARTESIAN_POINT ( 'NONE',  ( 10.93999999999999950, 1.949999999999999956, -1.590000000000000080 ) ) ;
#279 = LINE ( 'NONE', #1873, #1701 ) ;
#280 = CARTESIAN_POINT ( 'NONE',  ( 10.48999999999999844, 2.000000000000000000, -1.639999999999999902 ) ) ;
#281 = VERTEX_POINT ( 'NONE', #164 ) ;
#282 = DIRECTION ( 'NONE',  ( 2.465190328815039792E-32, 1.000000000000000000, 1.110223024624999878E-16 ) ) ;
#283 = DIRECTION ( 'NONE',  ( 0.2956837280710234439, 0.9552858906913788140, 7.661387562642896613E-17 ) ) ;
#284 = DIRECTION ( 'NONE',  ( -1.000000000000000000, 0.000000000000000000, 2.220446049250000002E-16 ) ) ;
#285 = PLANE ( 'NONE',  #992 ) ;
#286 = ADVANCED_FACE ( 'NONE', ( #1258 ), #1561, .T. ) ;
#287 = CLOSED_SHELL ( 'NONE', ( #1935, #35, #1154, #1998, #385, #543 ) ) ;
#288 = CARTESIAN_POINT ( 'NONE',  ( 7.910000000000000142, 1.899999999999999911, -0.8899999999999999023 ) ) ;
#289 = LINE ( 'NONE', #1706, #812 ) ;
#290 = AXIS2_PLACEMENT_3D ( 'NONE', #360, #193, #2125 ) ;
#291 = VECTOR ( 'NONE', #520, 1000.000000000000000 ) ;
#292 = UNCERTAINTY_MEASURE_WITH_UNIT (LENGTH_MEASURE( 1.000000000000000082E-05 ), #974, 'distance_accuracy_value', 'NONE');
#293 = DIRECTION ( 'NONE',  ( -2.220446049250000002E-16, 1.498801083243500043E-15, -1.000000000000000000 ) ) ;
#295 = ADVANCED_FACE ( 'NONE', ( #1209 ), #1919, .F. ) ;
#294 = VERTEX_POINT ( 'NONE', #1975 ) ;
#296 = ORIENTED_EDGE ( 'NONE', *, *, #1474, .F. ) ;
#297 = AXIS2_PLACEMENT_3D ( 'NONE', #904, #1834, #240 ) ;
#298 = VECTOR ( 'NONE', #415, 1000.000000000000000 ) ;
#299 = LINE ( 'NONE', #2242, #190 ) ;
#300 = LINE ( 'NONE', #111, #1618 ) ;
#301 =( GEOMETRIC_REPRESENTATION_CONTEXT ( 3 ) GLOBAL_UNCERTAINTY_ASSIGNED_CONTEXT ( ( #2198 ) ) GLOBAL_UNIT_ASSIGNED_CONTEXT ( ( #1014, #1722, #526 ) ) REPRESENTATION_CONTEXT ( 'NONE', 'WORKASPACE' ) );
#302 = AXIS2_PLACEMENT_3D ( 'NONE', #2092, #2065, #1907 ) ;
#303 = FACE_OUTER_BOUND ( 'NONE', #711, .T. ) ;
#304 = ORIENTED_EDGE ( 'NONE', *, *, #2216, .T. ) ;
#305 = DIRECTION ( 'NONE',  ( -1.000000000000000000, 0.000000000000000000, 2.220446049250000002E-16 ) ) ;
#306 = PLANE ( 'NONE',  #2264 ) ;
#307 = DIRECTION ( 'NONE',  ( 0.000000000000000000, -0.7071067811865474617, 0.7071067811865474617 ) ) ;
#308 = CARTESIAN_POINT ( 'NONE',  ( 10.48999999999999844, 2.000000000000000000, 1.639999999999999902 ) ) ;
#309 = CARTESIAN_POINT ( 'NONE',  ( 9.690000000000001279, 2.350000029057000006, 1.639999999999999902 ) ) ;
#310 = LINE ( 'NONE', #1940, #1178 ) ;
#311 = ORIENTED_EDGE ( 'NONE', *, *, #1687, .T. ) ;
#312 = EDGE_CURVE ( 'NONE', #2290, #332, #2127, .T. ) ;
#313 = SURFACE_STYLE_USAGE ( .BOTH. , #1048 ) ;
#314 = VERTEX_POINT ( 'NONE', #28 ) ;
#315 = CARTESIAN_POINT ( 'NONE',  ( 10.48999999999999844, 2.000000000000000000, -1.539999999999999813 ) ) ;
#316 = DIRECTION ( 'NONE',  ( 1.000000000000000000, 0.000000000000000000, -2.220446049250000002E-16 ) ) ;
#317 =( LENGTH_UNIT ( ) NAMED_UNIT ( * ) SI_UNIT ( .MILLI., .METRE. ) );
#318 = CARTESIAN_POINT ( 'NONE',  ( 8.799999993293999623, 2.600000000000000089, 0.1999999955300000021 ) ) ;
#319 = ORIENTED_EDGE ( 'NONE', *, *, #1502, .F. ) ;
#320 = EDGE_CURVE ( 'NONE', #429, #2022, #1381, .T. ) ;
#321 = DIRECTION ( 'NONE',  ( 2.465190328814970001E-32, 1.000000000000000000, 1.110223024624999878E-16 ) ) ;
#322 = FILL_AREA_STYLE ('',( #490 ) ) ;
#323 = ORIENTED_EDGE ( 'NONE', *, *, #659, .T. ) ;
#324 = EDGE_CURVE ( 'NONE', #1427, #2070, #692, .T. ) ;
#325 = CARTESIAN_POINT ( 'NONE',  ( 8.710000000000000853, 1.899999999999999911, -1.639999999999999902 ) ) ;
#326 = CARTESIAN_POINT ( 'NONE',  ( 7.459999999999999964, 1.949999999999999956, 0.2874999999999999778 ) ) ;
#327 = VERTEX_POINT ( 'NONE', #505 ) ;
#328 = ORIENTED_EDGE ( 'NONE', *, *, #1072, .T. ) ;
#329 = FACE_OUTER_BOUND ( 'NONE', #482, .T. ) ;
#330 = VECTOR ( 'NONE', #1020, 1000.000000000000000 ) ;
#331 = VECTOR ( 'NONE', #147, 1000.000000000000227 ) ;
#332 = VERTEX_POINT ( 'NONE', #1939 ) ;
#333 = DIRECTION ( 'NONE',  ( -1.000000000000000000, -3.673419846319650214E-31, 2.220446049249994825E-16 ) ) ;
#334 =( GEOMETRIC_REPRESENTATION_CONTEXT ( 3 ) GLOBAL_UNCERTAINTY_ASSIGNED_CONTEXT ( ( #344 ) ) GLOBAL_UNIT_ASSIGNED_CONTEXT ( ( #431, #1843, #94 ) ) REPRESENTATION_CONTEXT ( 'NONE', 'WORKASPACE' ) );
#335 = AXIS2_PLACEMENT_3D ( 'NONE', #489, #333, #1193 ) ;
#336 = ORIENTED_EDGE ( 'NONE', *, *, #571, .T. ) ;
#337 = AXIS2_PLACEMENT_3D ( 'NONE', #761, #245, #1145 ) ;
#338 = FACE_OUTER_BOUND ( 'NONE', #2185, .T. ) ;
#339 = ADVANCED_FACE ( 'NONE', ( #1051 ), #1044, .F. ) ;
#340 = EDGE_CURVE ( 'NONE', #960, #327, #2074, .T. ) ;
#341 = ORIENTED_EDGE ( 'NONE', *, *, #604, .F. ) ;
#342 =( NAMED_UNIT ( * ) PLANE_ANGLE_UNIT ( ) SI_UNIT ( $, .RADIAN. ) );
#343 = ORIENTED_EDGE ( 'NONE', *, *, #1008, .T. ) ;
#344 = UNCERTAINTY_MEASURE_WITH_UNIT (LENGTH_MEASURE( 1.000000000000000082E-05 ), #431, 'distance_accuracy_value', 'NONE');
#345 = DIRECTION ( 'NONE',  ( -1.000000000000000000, 0.000000000000000000, 2.220446049250000002E-16 ) ) ;
#346 = ORIENTED_EDGE ( 'NONE', *, *, #1172, .T. ) ;
#347 = LINE ( 'NONE', #67, #1736 ) ;
#348 = CYLINDRICAL_SURFACE ( 'NONE', #335, 0.2000000000000002887 ) ;
#349 = ORIENTED_EDGE ( 'NONE', *, *, #686, .F. ) ;
#350 = PLANE ( 'NONE',  #953 ) ;
#351 = SURFACE_STYLE_FILL_AREA ( #1805 ) ;
#352 = FACE_OUTER_BOUND ( 'NONE', #1564, .T. ) ;
#353 = EDGE_LOOP ( 'NONE', ( #1276, #1195, #862, #788 ) ) ;
#354 = DIRECTION ( 'NONE',  ( -2.135044182680999712E-16, 1.000000000000000000, 1.110223024624999878E-16 ) ) ;
#355 = ADVANCED_FACE ( 'NONE', ( #1343 ), #447, .T. ) ;
#356 = ORIENTED_EDGE ( 'NONE', *, *, #460, .T. ) ;
#357 = ORIENTED_EDGE ( 'NONE', *, *, #1599, .T. ) ;
#358 = ORIENTED_EDGE ( 'NONE', *, *, #1013, .T. ) ;
#359 = ORIENTED_EDGE ( 'NONE', *, *, #589, .T. ) ;
#360 = CARTESIAN_POINT ( 'NONE',  ( 9.690000000000001279, 2.350000029057000006, -1.639999999999999902 ) ) ;
#361 = ORIENTED_EDGE ( 'NONE', *, *, #1443, .F. ) ;
#362 = CARTESIAN_POINT ( 'NONE',  ( 7.459999999999999964, 2.350000029057000006, -1.590000000000000080 ) ) ;
#363 = PLANE ( 'NONE',  #1329 ) ;
#364 = CARTESIAN_POINT ( 'NONE',  ( 8.799999993293999623, 2.799999999999999822, 0.1999999955300000021 ) ) ;
#365 = ADVANCED_FACE ( 'NONE', ( #1698 ), #1137, .T. ) ;
#366 = ADVANCED_FACE ( 'NONE', ( #1150 ), #1659, .F. ) ;
#367 = ORIENTED_EDGE ( 'NONE', *, *, #625, .F. ) ;
#368 = VECTOR ( 'NONE', #235, 1000.000000000000000 ) ;
#369 = DIRECTION ( 'NONE',  ( 0.9940556929780500761, 0.1088727663740050172, 1.943981615673658214E-15 ) ) ;
#370 = AXIS2_PLACEMENT_3D ( 'NONE', #201, #1990, #744 ) ;
#371 = ORIENTED_EDGE ( 'NONE', *, *, #865, .T. ) ;
#372 = DIRECTION ( 'NONE',  ( 1.000000000000000000, -3.673419846319650214E-31, -2.220446049249994825E-16 ) ) ;
#373 = AXIS2_PLACEMENT_3D ( 'NONE', #315, #1879, #451 ) ;
#374 = COLOUR_RGB ( '',0.09803921568627450844, 0.09803921568627450844, 0.09803921568627450844 ) ;
#375 = VECTOR ( 'NONE', #1453, 1000.000000000000000 ) ;
#376 = CARTESIAN_POINT ( 'NONE',  ( 10.48999999999999844, 2.350000029057000006, -1.639999999999999902 ) ) ;
#377 = CARTESIAN_POINT ( 'NONE',  ( 9.690000000000001279, 2.350000029057000006, 1.639999999999999902 ) ) ;
#378 = ADVANCED_FACE ( 'NONE', ( #1672 ), #241, .F. ) ;
#379 = VERTEX_POINT ( 'NONE', #248 ) ;
#380 = LINE ( 'NONE', #1081, #808 ) ;
#381 = SURFACE_SIDE_STYLE ('',( #1074 ) ) ;
#382 = DIRECTION ( 'NONE',  ( 2.465190328814959874E-32, 1.000000000000000000, 1.110223024624999878E-16 ) ) ;
#383 = ORIENTED_EDGE ( 'NONE', *, *, #22, .T. ) ;
#384 = DIRECTION ( 'NONE',  ( 2.220446049250000002E-16, -1.110223024624999878E-16, 1.000000000000000000 ) ) ;
#385 = ADVANCED_FACE ( 'NONE', ( #97 ), #104, .T. ) ;
#386 = CARTESIAN_POINT ( 'NONE',  ( 8.710000000000000853, 1.899999999999999911, 1.539999999999999813 ) ) ;
#387 = EDGE_CURVE ( 'NONE', #1577, #1936, #687, .T. ) ;
#388 = EDGE_CURVE ( 'NONE', #155, #885, #586, .T. ) ;
#389 = VERTEX_POINT ( 'NONE', #667 ) ;
#390 = CARTESIAN_POINT ( 'NONE',  ( 8.710000000000000853, 2.000000000000000000, 1.639999999999999902 ) ) ;
#391 = LINE ( 'NONE', #135, #1104 ) ;
#392 = ORIENTED_EDGE ( 'NONE', *, *, #1656, .T. ) ;
#393 = DIRECTION ( 'NONE',  ( 0.000000000000000000, 1.110223024624999878E-16, -1.000000000000000000 ) ) ;
#394 = VERTEX_POINT ( 'NONE', #1021 ) ;
#395 = LINE ( 'NONE', #1438, #1398 ) ;
#396 = FACE_OUTER_BOUND ( 'NONE', #741, .T. ) ;
#397 = VECTOR ( 'NONE', #936, 1000.000000000000000 ) ;
#398 = VECTOR ( 'NONE', #542, 1000.000000000000000 ) ;
#399 = VECTOR ( 'NONE', #1734, 1000.000000000000000 ) ;
#400 = AXIS2_PLACEMENT_3D ( 'NONE', #185, #369, #246 ) ;
#401 = ORIENTED_EDGE ( 'NONE', *, *, #1065, .F. ) ;
#402 = DIRECTION ( 'NONE',  ( 1.000000000000000000, 0.000000000000000000, -2.220446049250000002E-16 ) ) ;
#403 = CARTESIAN_POINT ( 'NONE',  ( 9.690000000000001279, 1.929289321881345165, -1.610710678118654871 ) ) ;
#404 = STYLED_ITEM ( 'NONE', ( #1712 ), #952 ) ;
#405 = CARTESIAN_POINT ( 'NONE',  ( 7.910000000000000142, 1.699999999999999956, 1.840000000000000080 ) ) ;
#406 = CARTESIAN_POINT ( 'NONE',  ( 8.710000000000000853, 1.899999999999999911, -0.8899999999999999023 ) ) ;
#407 = AXIS2_PLACEMENT_3D ( 'NONE', #2053, #2018, #1292 ) ;
#408 = DIRECTION ( 'NONE',  ( -2.465190328814959874E-32, -1.000000000000000000, -1.110223024624999878E-16 ) ) ;
#409 = ORIENTED_EDGE ( 'NONE', *, *, #1636, .T. ) ;
#410 = CARTESIAN_POINT ( 'NONE',  ( 10.48999999999999844, 1.699999999999999956, 0.8899999999999999023 ) ) ;
#411 = ORIENTED_EDGE ( 'NONE', *, *, #865, .F. ) ;
#412 = DIRECTION ( 'NONE',  ( 0.000000000000000000, -0.7071067811865474617, -0.7071067811865474617 ) ) ;
#413 = CARTESIAN_POINT ( 'NONE',  ( 7.459999999999999964, 2.149999999999999911, -0.6899999999999999467 ) ) ;
#414 = LINE ( 'NONE', #1650, #375 ) ;
#415 = DIRECTION ( 'NONE',  ( 1.000000000000000000, -8.854850319020970203E-33, -1.422872037306599669E-16 ) ) ;
#416 = EDGE_CURVE ( 'NONE', #1957, #1945, #548, .T. ) ;
#417 = EDGE_CURVE ( 'NONE', #2024, #1544, #1675, .T. ) ;
#418 = EDGE_LOOP ( 'NONE', ( #328, #343, #1518, #277 ) ) ;
#419 = UNCERTAINTY_MEASURE_WITH_UNIT (LENGTH_MEASURE( 1.000000000000000082E-05 ), #2101, 'distance_accuracy_value', 'NONE');
#420 = CARTESIAN_POINT ( 'NONE',  ( 7.459999999999999964, 2.350000029057000006, 1.590000000000000080 ) ) ;
#421 = ORIENTED_EDGE ( 'NONE', *, *, #829, .T. ) ;
#422 = CARTESIAN_POINT ( 'NONE',  ( 8.710000000000000853, 1.899999999999999911, -0.8899999999999999023 ) ) ;
#423 = EDGE_CURVE ( 'NONE', #2022, #10, #1819, .T. ) ;
#424 = CARTESIAN_POINT ( 'NONE',  ( 10.48999999999999844, 2.350000029057000006, 1.639999999999999902 ) ) ;
#425 = CARTESIAN_POINT ( 'NONE',  ( 8.799999993293999623, 2.600000000000000089, -0.8000000044700000812 ) ) ;
#426 = DIRECTION ( 'NONE',  ( 1.000000000000000000, -3.673419846319650214E-31, -2.220446049249994825E-16 ) ) ;
#427 = DIRECTION ( 'NONE',  ( 1.000000000000000000, -8.042234501137280559E-16, 0.000000000000000000 ) ) ;
#428 = ORIENTED_EDGE ( 'NONE', *, *, #798, .F. ) ;
#429 = VERTEX_POINT ( 'NONE', #1385 ) ;
#430 = ORIENTED_EDGE ( 'NONE', *, *, #416, .T. ) ;
#431 =( LENGTH_UNIT ( ) NAMED_UNIT ( * ) SI_UNIT ( .MILLI., .METRE. ) );
#432 = ADVANCED_FACE ( 'NONE', ( #1726 ), #306, .T. ) ;
#433 = EDGE_LOOP ( 'NONE', ( #2088, #1765, #817, #357 ) ) ;
#434 = CARTESIAN_POINT ( 'NONE',  ( 10.48999999999999844, 2.025000014528999692, -1.364999999999999991 ) ) ;
#435 = VECTOR ( 'NONE', #772, 1000.000000000000000 ) ;
#436 = VECTOR ( 'NONE', #1294, 1000.000000000000000 ) ;
#437 = DIRECTION ( 'NONE',  ( 0.000000000000000000, -1.000000000000000000, 1.276756478318500092E-15 ) ) ;
#438 = DIRECTION ( 'NONE',  ( -1.000000000000000000, -5.502656983962569962E-33, 2.716081328100500255E-16 ) ) ;
#439 = VECTOR ( 'NONE', #1127, 1000.000000000000000 ) ;
#440 = CIRCLE ( 'NONE', #2154, 0.1000000000000001443 ) ;
#441 = ORIENTED_EDGE ( 'NONE', *, *, #1459, .F. ) ;
#442 = SURFACE_STYLE_FILL_AREA ( #1708 ) ;
#443 = VECTOR ( 'NONE', #1591, 1000.000000000000000 ) ;
#444 = EDGE_LOOP ( 'NONE', ( #1605, #2228, #1016, #1562 ) ) ;
#445 = EDGE_LOOP ( 'NONE', ( #358, #644, #183, #978 ) ) ;
#446 = LINE ( 'NONE', #272, #2158 ) ;
#447 = PLANE ( 'NONE',  #45 ) ;
#448 = EDGE_CURVE ( 'NONE', #2057, #2099, #1933, .T. ) ;
#449 = ORIENTED_EDGE ( 'NONE', *, *, #935, .F. ) ;
#450 = EDGE_CURVE ( 'NONE', #173, #1057, #1766, .T. ) ;
#451 = DIRECTION ( 'NONE',  ( 0.000000000000000000, -0.7071067811865474617, -0.7071067811865474617 ) ) ;
#452 = PLANE ( 'NONE',  #54 ) ;
#453 = CARTESIAN_POINT ( 'NONE',  ( 9.690000000000001279, 1.758578643762690241, 1.781421356237309572 ) ) ;
#454 = ORIENTED_EDGE ( 'NONE', *, *, #1950, .F. ) ;
#455 = PLANE ( 'NONE',  #1927 ) ;
#456 = ORIENTED_EDGE ( 'NONE', *, *, #1357, .F. ) ;
#457 = VERTEX_POINT ( 'NONE', #1540 ) ;
#458 = CARTESIAN_POINT ( 'NONE',  ( 7.910000000000000142, 1.699999999999999956, -0.8899999999999999023 ) ) ;
#459 = DIRECTION ( 'NONE',  ( -2.465190328814959874E-32, -1.000000000000000000, -1.110223024624999878E-16 ) ) ;
#460 = EDGE_CURVE ( 'NONE', #1217, #1383, #1183, .T. ) ;
#461 = DIRECTION ( 'NONE',  ( -6.784696261599998716E-17, 1.110223024624999878E-16, -1.000000000000000000 ) ) ;
#462 = LINE ( 'NONE', #748, #2269 ) ;
#463 = ORIENTED_EDGE ( 'NONE', *, *, #861, .T. ) ;
#464 = DIRECTION ( 'NONE',  ( -1.000000000000000000, 0.000000000000000000, 2.220446049250000002E-16 ) ) ;
#465 = ADVANCED_FACE ( 'NONE', ( #1916 ), #1370, .T. ) ;
#466 = EDGE_CURVE ( 'NONE', #1945, #1159, #1026, .T. ) ;
#467 = DIRECTION ( 'NONE',  ( 0.000000000000000000, -0.7071067811865474617, 0.7071067811865474617 ) ) ;
#468 = LINE ( 'NONE', #1129, #87 ) ;
#469 = SURFACE_SIDE_STYLE ('',( #442 ) ) ;
#470 = ORIENTED_EDGE ( 'NONE', *, *, #1737, .F. ) ;
#471 = CARTESIAN_POINT ( 'NONE',  ( 10.93999999999999950, 1.949999999999999956, 0.6899999999999999467 ) ) ;
#472 = DIRECTION ( 'NONE',  ( -2.220446049250000002E-16, 0.000000000000000000, -1.000000000000000000 ) ) ;
#473 = VERTEX_POINT ( 'NONE', #844 ) ;
#474 = LINE ( 'NONE', #2237, #2007 ) ;
#475 = AXIS2_PLACEMENT_3D ( 'NONE', #1164, #595, #472 ) ;
#476 = DIRECTION ( 'NONE',  ( 0.000000000000000000, -0.7071067811865474617, -0.7071067811865474617 ) ) ;
#477 = CARTESIAN_POINT ( 'NONE',  ( 10.93999999999999950, 2.149999999999999911, 0.6899999999999999467 ) ) ;
#478 = ADVANCED_FACE ( 'NONE', ( #2271 ), #679, .F. ) ;
#479 = VECTOR ( 'NONE', #987, 1000.000000000000000 ) ;
#480 = LINE ( 'NONE', #1543, #2149 ) ;
#481 = CARTESIAN_POINT ( 'NONE',  ( 7.910000000000000142, 2.350000029057000006, -1.639999999999999902 ) ) ;
#482 = EDGE_LOOP ( 'NONE', ( #1494, #929, #1363, #685 ) ) ;
#483 = COLOUR_RGB ( '',0.8196078431372548767, 0.8000000000000000444, 0.7529411764705882248 ) ;
#484 = DIRECTION ( 'NONE',  ( -1.000000000000000000, -3.673419846319650214E-31, 2.220446049249994825E-16 ) ) ;
#485 = VERTEX_POINT ( 'NONE', #23 ) ;
#486 = CARTESIAN_POINT ( 'NONE',  ( 9.690000000000001279, 1.899999999999999911, 1.539999999999999813 ) ) ;
#487 = DIRECTION ( 'NONE',  ( 1.000000000000000000, 0.000000000000000000, -2.220446049250000002E-16 ) ) ;
#488 = LINE ( 'NONE', #1201, #1106 ) ;
#489 = CARTESIAN_POINT ( 'NONE',  ( 9.690000000000001279, 1.899999999999999911, -1.639999999999999902 ) ) ;
#490 = FILL_AREA_STYLE_COLOUR ( '', #1372 ) ;
#491 = ORIENTED_EDGE ( 'NONE', *, *, #96, .T. ) ;
#492 = CARTESIAN_POINT ( 'NONE',  ( 9.690000000000001279, 2.350000029057000006, 1.840000000000000080 ) ) ;
#493 = ORIENTED_EDGE ( 'NONE', *, *, #2063, .T. ) ;
#494 = DIRECTION ( 'NONE',  ( -1.000000000000000000, 3.673419846319650214E-31, 2.220446049249994825E-16 ) ) ;
#495 = DIRECTION ( 'NONE',  ( -2.220446049250000002E-16, 1.110223024624999878E-16, -1.000000000000000000 ) ) ;
#496 = ADVANCED_FACE ( 'NONE', ( #1810 ), #216, .T. ) ;
#497 = CARTESIAN_POINT ( 'NONE',  ( 8.710000000000000853, 1.899999999999999911, -1.539999999999999813 ) ) ;
#498 = EDGE_CURVE ( 'NONE', #1852, #173, #380, .T. ) ;
#499 = ORIENTED_EDGE ( 'NONE', *, *, #388, .F. ) ;
#500 = FACE_OUTER_BOUND ( 'NONE', #1922, .T. ) ;
#501 = DIRECTION ( 'NONE',  ( 1.000000000000000000, 0.000000000000000000, -2.220446049250000002E-16 ) ) ;
#502 = ORIENTED_EDGE ( 'NONE', *, *, #1234, .T. ) ;
#503 = CARTESIAN_POINT ( 'NONE',  ( 10.48999999999999844, 2.000000000000000000, 1.539999999999999813 ) ) ;
#504 = EDGE_LOOP ( 'NONE', ( #946, #691, #211, #593 ) ) ;
#505 = CARTESIAN_POINT ( 'NONE',  ( 10.48999999999999844, 1.899999999999999911, 1.840000000000000080 ) ) ;
#506 = ORIENTED_EDGE ( 'NONE', *, *, #602, .F. ) ;
#507 = VECTOR ( 'NONE', #519, 1000.000000000000000 ) ;
#508 = AXIS2_PLACEMENT_3D ( 'NONE', #1060, #494, #1401 ) ;
#509 = VECTOR ( 'NONE', #160, 1000.000000000000000 ) ;
#510 = AXIS2_PLACEMENT_3D ( 'NONE', #2243, #642, #1835 ) ;
#511 = DIRECTION ( 'NONE',  ( 0.000000000000000000, -0.7071067811865474617, 0.7071067811865474617 ) ) ;
#512 = CIRCLE ( 'NONE', #373, 0.1000000000000001443 ) ;
#513 = VECTOR ( 'NONE', #284, 1000.000000000000000 ) ;
#514 = ORIENTED_EDGE ( 'NONE', *, *, #450, .F. ) ;
#515 = EDGE_CURVE ( 'NONE', #572, #2256, #253, .T. ) ;
#516 = VECTOR ( 'NONE', #382, 1000.000000000000000 ) ;
#517 = DIRECTION ( 'NONE',  ( 3.328006943899649857E-31, 1.000000000000000000, 1.498801083243500043E-15 ) ) ;
#518 = EDGE_CURVE ( 'NONE', #281, #912, #712, .T. ) ;
#519 = DIRECTION ( 'NONE',  ( 1.000000000000000000, -6.369380514707930772E-33, -1.646743254997594633E-16 ) ) ;
#520 = DIRECTION ( 'NONE',  ( -2.465190328814959874E-32, -1.000000000000000000, -1.110223024624999878E-16 ) ) ;
#521 = EDGE_LOOP ( 'NONE', ( #349, #1906, #1533, #311 ) ) ;
#522 = DIRECTION ( 'NONE',  ( 1.000000000000000000, 0.000000000000000000, -2.220446049250000002E-16 ) ) ;
#523 = VERTEX_POINT ( 'NONE', #1802 ) ;
#524 = VERTEX_POINT ( 'NONE', #73 ) ;
#525 = LINE ( 'NONE', #776, #2047 ) ;
#526 =( NAMED_UNIT ( * ) SI_UNIT ( $, .STERADIAN. ) SOLID_ANGLE_UNIT ( ) );
#527 = ORIENTED_EDGE ( 'NONE', *, *, #1974, .T. ) ;
#528 = VERTEX_POINT ( 'NONE', #386 ) ;
#529 = EDGE_CURVE ( 'NONE', #1566, #797, #1447, .T. ) ;
#530 = EDGE_CURVE ( 'NONE', #1364, #531, #1332, .T. ) ;
#531 = VERTEX_POINT ( 'NONE', #570 ) ;
#532 = ORIENTED_EDGE ( 'NONE', *, *, #757, .F. ) ;
#533 = DIRECTION ( 'NONE',  ( -0.9940556929780500761, 0.1088727663740050172, -1.919807005277051576E-15 ) ) ;
#534 = CARTESIAN_POINT ( 'NONE',  ( 7.910000000000000142, 1.699999999999999956, -1.840000000000000080 ) ) ;
#535 = ORIENTED_EDGE ( 'NONE', *, *, #983, .T. ) ;
#536 = ORIENTED_EDGE ( 'NONE', *, *, #861, .F. ) ;
#537 = DIRECTION ( 'NONE',  ( -1.000000000000000000, 0.000000000000000000, 2.220446049250000002E-16 ) ) ;
#538 = DIRECTION ( 'NONE',  ( 2.974673647500800014E-16, -1.110223024624999878E-16, 1.000000000000000000 ) ) ;
#539 = ORIENTED_EDGE ( 'NONE', *, *, #1621, .T. ) ;
#540 = CARTESIAN_POINT ( 'NONE',  ( 9.690000000000001279, 2.000000000000000000, 1.639999999999999902 ) ) ;
#541 =( NAMED_UNIT ( * ) SI_UNIT ( $, .STERADIAN. ) SOLID_ANGLE_UNIT ( ) );
#542 = DIRECTION ( 'NONE',  ( -2.220446049250000002E-16, 1.110223024624999878E-16, -1.000000000000000000 ) ) ;
#543 = ADVANCED_FACE ( 'NONE', ( #396 ), #1279, .F. ) ;
#544 = DIRECTION ( 'NONE',  ( 0.000000000000000000, -0.7071067811865474617, -0.7071067811865474617 ) ) ;
#545 = ORIENTED_EDGE ( 'NONE', *, *, #1909, .F. ) ;
#546 = AXIS2_PLACEMENT_3D ( 'NONE', #318, #2103, #1953 ) ;
#547 =( GEOMETRIC_REPRESENTATION_CONTEXT ( 3 ) GLOBAL_UNCERTAINTY_ASSIGNED_CONTEXT ( ( #95 ) ) GLOBAL_UNIT_ASSIGNED_CONTEXT ( ( #909, #210, #1272 ) ) REPRESENTATION_CONTEXT ( 'NONE', 'WORKASPACE' ) );
#548 = CIRCLE ( 'NONE', #1623, 0.2000000000000002887 ) ;
#549 = ORIENTED_EDGE ( 'NONE', *, *, #1502, .T. ) ;
#550 = DIRECTION ( 'NONE',  ( -2.220446049250000002E-16, 1.110223024624999878E-16, -1.000000000000000000 ) ) ;
#551 = STYLED_ITEM ( 'NONE', ( #81 ), #1977 ) ;
#552 = AXIS2_PLACEMENT_3D ( 'NONE', #652, #1813, #1450 ) ;
#553 = VECTOR ( 'NONE', #1847, 1000.000000000000000 ) ;
#554 =( LENGTH_UNIT ( ) NAMED_UNIT ( * ) SI_UNIT ( .MILLI., .METRE. ) );
#555 = ORIENTED_EDGE ( 'NONE', *, *, #770, .T. ) ;
#556 = EDGE_CURVE ( 'NONE', #2161, #1217, #2170, .T. ) ;
#557 = LINE ( 'NONE', #1086, #129 ) ;
#558 = ORIENTED_EDGE ( 'NONE', *, *, #704, .T. ) ;
#559 = DIRECTION ( 'NONE',  ( 0.000000000000000000, 1.110223024624999878E-16, -1.000000000000000000 ) ) ;
#560 = PLANE ( 'NONE',  #1142 ) ;
#561 = ADVANCED_FACE ( 'NONE', ( #1628 ), #581, .F. ) ;
#562 = DIRECTION ( 'NONE',  ( -3.328006943899649857E-31, -1.000000000000000000, -1.498801083243500043E-15 ) ) ;
#563 = VERTEX_POINT ( 'NONE', #540 ) ;
#564 =( NAMED_UNIT ( * ) PLANE_ANGLE_UNIT ( ) SI_UNIT ( $, .RADIAN. ) );
#565 = ORIENTED_EDGE ( 'NONE', *, *, #1621, .F. ) ;
#566 = LINE ( 'NONE', #534, #443 ) ;
#567 = VERTEX_POINT ( 'NONE', #2013 ) ;
#568 = DIRECTION ( 'NONE',  ( -2.465190328814959874E-32, -1.000000000000000000, -1.110223024624999878E-16 ) ) ;
#569 = DIRECTION ( 'NONE',  ( 0.000000000000000000, -0.7071067811865474617, 0.7071067811865474617 ) ) ;
#570 = CARTESIAN_POINT ( 'NONE',  ( 8.710000000000000853, 2.000000000000000000, 1.639999999999999902 ) ) ;
#571 = EDGE_CURVE ( 'NONE', #528, #1427, #1615, .T. ) ;
#572 = VERTEX_POINT ( 'NONE', #58 ) ;
#573 = CARTESIAN_POINT ( 'NONE',  ( 9.690000000000001279, 1.699999999999999956, 1.639999999999999902 ) ) ;
#574 = CARTESIAN_POINT ( 'NONE',  ( 9.690000000000001279, 1.929289321881345165, 1.610710678118654871 ) ) ;
#575 = ORIENTED_EDGE ( 'NONE', *, *, #1526, .F. ) ;
#576 = DIRECTION ( 'NONE',  ( 0.000000000000000000, 1.110223024624999878E-16, -1.000000000000000000 ) ) ;
#577 = DIRECTION ( 'NONE',  ( -1.000000000000000000, 0.000000000000000000, 2.220446049250000002E-16 ) ) ;
#578 = EDGE_LOOP ( 'NONE', ( #867, #430, #680, #838 ) ) ;
#579 = CARTESIAN_POINT ( 'NONE',  ( 10.48999999999999844, 1.899999999999999911, -0.8899999999999999023 ) ) ;
#580 = CLOSED_SHELL ( 'NONE', ( #2031, #286, #820, #432, #1551, #1803, #1420, #2152, #660, #378, #1347, #365, #1478, #366, #1288, #295, #2253, #208, #675, #355, #2244 ) ) ;
#581 = CYLINDRICAL_SURFACE ( 'NONE', #1139, 0.1000000000000001443 ) ;
#582 = VECTOR ( 'NONE', #60, 1000.000000000000000 ) ;
#583 = VECTOR ( 'NONE', #2192, 1000.000000000000000 ) ;
#584 = PRODUCT_DEFINITION ( 'UNKNOWN', '', #852, #1707 ) ;
#585 = VECTOR ( 'NONE', #1484, 1000.000000000000000 ) ;
#586 = CIRCLE ( 'NONE', #661, 0.2000000000000002887 ) ;
#587 = ORIENTED_EDGE ( 'NONE', *, *, #1909, .T. ) ;
#588 = DIRECTION ( 'NONE',  ( -1.000000000000000000, 0.000000000000000000, 2.220446049250000002E-16 ) ) ;
#589 = EDGE_CURVE ( 'NONE', #2045, #1397, #207, .T. ) ;
#590 = DIRECTION ( 'NONE',  ( 0.000000000000000000, 1.110223024624999878E-16, -1.000000000000000000 ) ) ;
#591 = DIRECTION ( 'NONE',  ( 1.000000000000000000, 0.000000000000000000, -2.220446049250000002E-16 ) ) ;
#592 = LINE ( 'NONE', #1046, #1469 ) ;
#593 = ORIENTED_EDGE ( 'NONE', *, *, #1844, .F. ) ;
#594 = SURFACE_STYLE_USAGE ( .BOTH. , #2034 ) ;
#595 = DIRECTION ( 'NONE',  ( 1.000000000000000000, 0.000000000000000000, -2.220446049250000002E-16 ) ) ;
#596 = EDGE_CURVE ( 'NONE', #1646, #50, #154, .T. ) ;
#597 = ORIENTED_EDGE ( 'NONE', *, *, #705, .F. ) ;
#598 = CARTESIAN_POINT ( 'NONE',  ( 7.459999999999999964, 2.350000029057000006, -1.840000000000000080 ) ) ;
#599 = EDGE_LOOP ( 'NONE', ( #1954, #733, #1323, #1311, #1811, #1413, #2147, #456, #1688, #428 ) ) ;
#600 = CARTESIAN_POINT ( 'NONE',  ( 7.459999999999999964, 2.350000029057000006, 1.840000000000000080 ) ) ;
#601 = CARTESIAN_POINT ( 'NONE',  ( 10.48999999999999844, 1.929289321881345165, 1.610710678118654648 ) ) ;
#602 = EDGE_CURVE ( 'NONE', #524, #1869, #43, .T. ) ;
#603 = FACE_OUTER_BOUND ( 'NONE', #353, .T. ) ;
#604 = EDGE_CURVE ( 'NONE', #523, #572, #2008, .T. ) ;
#605 = ORIENTED_EDGE ( 'NONE', *, *, #1263, .F. ) ;
#606 = VERTEX_POINT ( 'NONE', #1440 ) ;
#607 = DIRECTION ( 'NONE',  ( -1.000000000000000000, -3.673419846319650214E-31, 2.220446049249994825E-16 ) ) ;
#608 = DIRECTION ( 'NONE',  ( -2.135044182680999712E-16, -1.000000000000000000, -1.110223024624999878E-16 ) ) ;
#609 = CARTESIAN_POINT ( 'NONE',  ( 10.93999999999999950, 2.600000000000000089, 1.840000000000000080 ) ) ;
#610 = CARTESIAN_POINT ( 'NONE',  ( 7.910000000000000142, 1.899999999999999911, 0.8899999999999999023 ) ) ;
#611 = DIRECTION ( 'NONE',  ( -1.000000000000000000, 0.000000000000000000, 2.220446049250000002E-16 ) ) ;
#612 = LINE ( 'NONE', #481, #1778 ) ;
#613 = ORIENTED_EDGE ( 'NONE', *, *, #387, .T. ) ;
#614 = VERTEX_POINT ( 'NONE', #2164 ) ;
#615 = CARTESIAN_POINT ( 'NONE',  ( 9.199999999999999289, 3.649999999999999911, 0.000000000000000000 ) ) ;
#616 = AXIS2_PLACEMENT_3D ( 'NONE', #1151, #976, #1684 ) ;
#617 = MECHANICAL_DESIGN_GEOMETRIC_PRESENTATION_REPRESENTATION (  '', ( #1583 ), #729 ) ;
#618 = AXIS2_PLACEMENT_3D ( 'NONE', #1908, #487, #1529 ) ;
#619 = AXIS2_PLACEMENT_3D ( 'NONE', #1750, #1555, #2124 ) ;
#620 = CARTESIAN_POINT ( 'NONE',  ( 8.099999999999999645, 2.600000000000000089, 1.276756478318750457E-16 ) ) ;
#621 = CARTESIAN_POINT ( 'NONE',  ( 8.710000000000000853, 1.899999999999999911, -1.840000000000000080 ) ) ;
#622 = LINE ( 'NONE', #1361, #91 ) ;
#623 = AXIS2_PLACEMENT_3D ( 'NONE', #800, #1163, #1878 ) ;
#624 = CIRCLE ( 'NONE', #1934, 1.100000000000000311 ) ;
#625 = EDGE_CURVE ( 'NONE', #1410, #1049, #746, .T. ) ;
#626 = DIRECTION ( 'NONE',  ( 1.000000000000000000, 0.000000000000000000, -2.220446049250000002E-16 ) ) ;
#627 = VECTOR ( 'NONE', #18, 1000.000000000000000 ) ;
#628 = EDGE_LOOP ( 'NONE', ( #506, #539, #2139, #1966 ) ) ;
#629 = EDGE_LOOP ( 'NONE', ( #1389, #1965, #2252, #103 ) ) ;
#630 = SURFACE_STYLE_FILL_AREA ( #1506 ) ;
#631 = PLANE ( 'NONE',  #302 ) ;
#632 = LINE ( 'NONE', #263, #1517 ) ;
#633 = LINE ( 'NONE', #403, #889 ) ;
#634 = ORIENTED_EDGE ( 'NONE', *, *, #1124, .T. ) ;
#635 = DIRECTION ( 'NONE',  ( 2.465190328814959874E-32, 1.000000000000000000, 1.110223024624999878E-16 ) ) ;
#636 = LINE ( 'NONE', #116, #1971 ) ;
#637 = CARTESIAN_POINT ( 'NONE',  ( 10.48999999999999844, 1.899999999999999911, 1.639999999999999902 ) ) ;
#638 = LINE ( 'NONE', #836, #119 ) ;
#639 = ORIENTED_EDGE ( 'NONE', *, *, #1423, .T. ) ;
#640 = ORIENTED_EDGE ( 'NONE', *, *, #784, .T. ) ;
#641 = LINE ( 'NONE', #2218, #585 ) ;
#642 = DIRECTION ( 'NONE',  ( 2.220446049250000002E-16, -1.110223024624999878E-16, 1.000000000000000000 ) ) ;
#643 = CARTESIAN_POINT ( 'NONE',  ( 10.48999999999999844, 1.899999999999999911, -1.539999999999999813 ) ) ;
#644 = ORIENTED_EDGE ( 'NONE', *, *, #202, .T. ) ;
#645 = DIRECTION ( 'NONE',  ( 1.000000000000000000, 0.000000000000000000, -2.220446049250000002E-16 ) ) ;
#646 = CARTESIAN_POINT ( 'NONE',  ( 7.459999999999999964, 1.949999999999999956, 0.6899999999999999467 ) ) ;
#647 = DIRECTION ( 'NONE',  ( -2.304919540254999755E-16, -1.110223024624999878E-16, 1.000000000000000000 ) ) ;
#648 = DIRECTION ( 'NONE',  ( 0.000000000000000000, 1.110223024624999878E-16, -1.000000000000000000 ) ) ;
#649 = ORIENTED_EDGE ( 'NONE', *, *, #450, .T. ) ;
#650 = EDGE_LOOP ( 'NONE', ( #31, #1537, #1604, #62 ) ) ;
#651 = LINE ( 'NONE', #1365, #855 ) ;
#652 = CARTESIAN_POINT ( 'NONE',  ( 8.710000000000000853, 2.025000014528999692, -1.364999999999999991 ) ) ;
#653 = EDGE_LOOP ( 'NONE', ( #792, #923, #1767, #2119 ) ) ;
#654 = CARTESIAN_POINT ( 'NONE',  ( 9.690000000000001279, 1.899999999999999911, -0.8899999999999999023 ) ) ;
#655 = CARTESIAN_POINT ( 'NONE',  ( 9.499999993294000689, 2.600000000000000089, 0.1999999955300000021 ) ) ;
#656 = VECTOR ( 'NONE', #626, 1000.000000000000000 ) ;
#657 = ORIENTED_EDGE ( 'NONE', *, *, #249, .T. ) ;
#658 = FILL_AREA_STYLE ('',( #2259 ) ) ;
#659 = EDGE_CURVE ( 'NONE', #389, #1951, #2021, .T. ) ;
#660 = ADVANCED_FACE ( 'NONE', ( #1056 ), #2177, .F. ) ;
#661 = AXIS2_PLACEMENT_3D ( 'NONE', #1923, #5, #839 ) ;
#662 = LINE ( 'NONE', #269, #1136 ) ;
#663 = ORIENTED_EDGE ( 'NONE', *, *, #529, .T. ) ;
#664 = AXIS2_PLACEMENT_3D ( 'NONE', #2072, #1670, #1855 ) ;
#665 = AXIS2_PLACEMENT_3D ( 'NONE', #668, #1547, #1213 ) ;
#666 = AXIS2_PLACEMENT_3D ( 'NONE', #1612, #2144, #195 ) ;
#667 = CARTESIAN_POINT ( 'NONE',  ( 10.93999999999999950, 2.350000029057000006, 1.840000000000000080 ) ) ;
#668 = CARTESIAN_POINT ( 'NONE',  ( 9.199999999999999289, 3.600000000000000089, -5.551115123125014179E-18 ) ) ;
#669 = LINE ( 'NONE', #876, #1333 ) ;
#670 = ORIENTED_EDGE ( 'NONE', *, *, #1527, .T. ) ;
#671 = DIRECTION ( 'NONE',  ( -2.465190328814959874E-32, -1.000000000000000000, -1.110223024624999878E-16 ) ) ;
#672 = ADVANCED_FACE ( 'NONE', ( #1113 ), #1227, .F. ) ;
#673 = CYLINDRICAL_SURFACE ( 'NONE', #696, 0.1000000000000001443 ) ;
#674 = EDGE_CURVE ( 'NONE', #2290, #1917, #1943, .T. ) ;
#675 = ADVANCED_FACE ( 'NONE', ( #6 ), #1123, .T. ) ;
#676 = ORIENTED_EDGE ( 'NONE', *, *, #1801, .T. ) ;
#677 = ORIENTED_EDGE ( 'NONE', *, *, #2233, .F. ) ;
#678 = DIRECTION ( 'NONE',  ( -2.220446049250000002E-16, 1.110223024624999878E-16, -1.000000000000000000 ) ) ;
#679 = PLANE ( 'NONE',  #1890 ) ;
#680 = ORIENTED_EDGE ( 'NONE', *, *, #466, .T. ) ;
#681 = DIRECTION ( 'NONE',  ( 1.000000000000000000, -3.673419846319650214E-31, -2.220446049249994825E-16 ) ) ;
#682 = ORIENTED_EDGE ( 'NONE', *, *, #320, .T. ) ;
#683 = DIRECTION ( 'NONE',  ( -1.000000000000000000, 0.000000000000000000, 2.220446049250000002E-16 ) ) ;
#684 = CARTESIAN_POINT ( 'NONE',  ( 10.82499999999999929, 3.649999999999999911, -1.625000000000000000 ) ) ;
#685 = ORIENTED_EDGE ( 'NONE', *, *, #1527, .F. ) ;
#686 = EDGE_CURVE ( 'NONE', #758, #736, #699, .T. ) ;
#687 = LINE ( 'NONE', #2097, #331 ) ;
#688 = ORIENTED_EDGE ( 'NONE', *, *, #1192, .T. ) ;
#689 = PLANE ( 'NONE',  #1141 ) ;
#690 = ORIENTED_EDGE ( 'NONE', *, *, #1232, .T. ) ;
#691 = ORIENTED_EDGE ( 'NONE', *, *, #845, .F. ) ;
#692 = LINE ( 'NONE', #1952, #1466 ) ;
#693 = VERTEX_POINT ( 'NONE', #1408 ) ;
#694 = FACE_OUTER_BOUND ( 'NONE', #418, .T. ) ;
#695 =( GEOMETRIC_REPRESENTATION_CONTEXT ( 3 ) GLOBAL_UNCERTAINTY_ASSIGNED_CONTEXT ( ( #419 ) ) GLOBAL_UNIT_ASSIGNED_CONTEXT ( ( #2101, #342, #541 ) ) REPRESENTATION_CONTEXT ( 'NONE', 'WORKASPACE' ) );
#696 = AXIS2_PLACEMENT_3D ( 'NONE', #1756, #2275, #1602 ) ;
#697 = AXIS2_PLACEMENT_3D ( 'NONE', #955, #1664, #2172 ) ;
#698 = VECTOR ( 'NONE', #408, 1000.000000000000000 ) ;
#699 = LINE ( 'NONE', #1070, #436 ) ;
#700 =( NAMED_UNIT ( * ) SI_UNIT ( $, .STERADIAN. ) SOLID_ANGLE_UNIT ( ) );
#701 = AXIS2_PLACEMENT_3D ( 'NONE', #1863, #1158, #835 ) ;
#702 = ORIENTED_EDGE ( 'NONE', *, *, #2114, .F. ) ;
#703 = AXIS2_PLACEMENT_3D ( 'NONE', #902, #522, #1964 ) ;
#704 = EDGE_CURVE ( 'NONE', #1960, #758, #125, .T. ) ;
#705 = EDGE_CURVE ( 'NONE', #797, #914, #347, .T. ) ;
#706 = CARTESIAN_POINT ( 'NONE',  ( 8.710000000000000853, 1.899999999999999911, 1.539999999999999813 ) ) ;
#707 = LINE ( 'NONE', #1797, #2226 ) ;
#708 = CARTESIAN_POINT ( 'NONE',  ( 9.199999999999999289, 1.949999999999999956, -1.265000000000000124 ) ) ;
#709 = VERTEX_POINT ( 'NONE', #1761 ) ;
#710 = CARTESIAN_POINT ( 'NONE',  ( 7.910000000000000142, 1.929289321881345165, -1.610710678118654648 ) ) ;
#711 = EDGE_LOOP ( 'NONE', ( #1723, #441, #367, #1442 ) ) ;
#712 = LINE ( 'NONE', #1457, #1182 ) ;
#713 = EDGE_CURVE ( 'NONE', #38, #1577, #1791, .T. ) ;
#714 = PRESENTATION_STYLE_ASSIGNMENT (( #1752 ) ) ;
#715 = VERTEX_POINT ( 'NONE', #1651 ) ;
#716 = ORIENTED_EDGE ( 'NONE', *, *, #1867, .T. ) ;
#717 = CYLINDRICAL_SURFACE ( 'NONE', #1888, 0.2000000000000002887 ) ;
#718 = CARTESIAN_POINT ( 'NONE',  ( 7.910000000000000142, 2.350000029057000006, -1.639999999999999902 ) ) ;
#719 = EDGE_LOOP ( 'NONE', ( #1968, #138, #891, #682 ) ) ;
#720 = ORIENTED_EDGE ( 'NONE', *, *, #1263, .T. ) ;
#721 = VERTEX_POINT ( 'NONE', #753 ) ;
#722 = CARTESIAN_POINT ( 'NONE',  ( 8.710000000000000853, 1.758578643762690241, -1.781421356237309572 ) ) ;
#723 = EDGE_CURVE ( 'NONE', #1376, #1049, #21, .T. ) ;
#724 = PRESENTATION_STYLE_ASSIGNMENT (( #34 ) ) ;
#725 = VERTEX_POINT ( 'NONE', #89 ) ;
#726 = DIRECTION ( 'NONE',  ( 1.000000000000000000, 3.673419846319650214E-31, -2.220446049249994825E-16 ) ) ;
#727 = PRODUCT ( 'WS2812B-MINI-V3-W', 'WS2812B-MINI-V3-W', '', ( #854 ) ) ;
#728 = ORIENTED_EDGE ( 'NONE', *, *, #1773, .T. ) ;
#729 =( GEOMETRIC_REPRESENTATION_CONTEXT ( 3 ) GLOBAL_UNCERTAINTY_ASSIGNED_CONTEXT ( ( #2068 ) ) GLOBAL_UNIT_ASSIGNED_CONTEXT ( ( #317, #971, #2214 ) ) REPRESENTATION_CONTEXT ( 'NONE', 'WORKASPACE' ) );
#730 = CARTESIAN_POINT ( 'NONE',  ( 9.690000000000001279, 1.899999999999999911, 1.840000000000000080 ) ) ;
#731 = CIRCLE ( 'NONE', #2046, 0.2000000000000002887 ) ;
#732 = VECTOR ( 'NONE', #1358, 1000.000000000000000 ) ;
#733 = ORIENTED_EDGE ( 'NONE', *, *, #1737, .T. ) ;
#734 = DIRECTION ( 'NONE',  ( 0.000000000000000000, -0.7071067811865474617, -0.7071067811865474617 ) ) ;
#735 = AXIS2_PLACEMENT_3D ( 'NONE', #65, #775, #1986 ) ;
#736 = VERTEX_POINT ( 'NONE', #710 ) ;
#737 = EDGE_LOOP ( 'NONE', ( #198, #897, #2112, #514 ) ) ;
#738 = PLANE ( 'NONE',  #703 ) ;
#739 = EDGE_CURVE ( 'NONE', #2262, #429, #525, .T. ) ;
#740 = EDGE_CURVE ( 'NONE', #2082, #110, #1481, .T. ) ;
#741 = EDGE_LOOP ( 'NONE', ( #1980, #2015, #1424, #148 ) ) ;
#742 = DIRECTION ( 'NONE',  ( 1.000000000000000000, -3.673419846319650214E-31, -2.220446049249994825E-16 ) ) ;
#743 = ORIENTED_EDGE ( 'NONE', *, *, #1901, .T. ) ;
#744 = DIRECTION ( 'NONE',  ( 0.000000000000000000, -0.7071067811865474617, 0.7071067811865474617 ) ) ;
#745 = ORIENTED_EDGE ( 'NONE', *, *, #713, .T. ) ;
#746 = LINE ( 'NONE', #1461, #479 ) ;
#747 = DIRECTION ( 'NONE',  ( -1.000000000000000000, 0.000000000000000000, 2.220446049250000002E-16 ) ) ;
#748 = CARTESIAN_POINT ( 'NONE',  ( 8.710000000000000853, 2.000000000000000000, -1.639999999999999902 ) ) ;
#749 = ORIENTED_EDGE ( 'NONE', *, *, #2120, .F. ) ;
#750 = CARTESIAN_POINT ( 'NONE',  ( 8.710000000000000853, 1.699999999999999956, -1.639999999999999902 ) ) ;
#751 = DIRECTION ( 'NONE',  ( 0.000000000000000000, -0.7071067811865474617, -0.7071067811865474617 ) ) ;
#752 = DIRECTION ( 'NONE',  ( 0.000000000000000000, -0.7071067811865474617, 0.7071067811865474617 ) ) ;
#753 = CARTESIAN_POINT ( 'NONE',  ( 7.910000000000000142, 1.699999999999999956, 1.639999999999999902 ) ) ;
#754 = ORIENTED_EDGE ( 'NONE', *, *, #1024, .F. ) ;
#755 = FACE_OUTER_BOUND ( 'NONE', #986, .T. ) ;
#756 = CARTESIAN_POINT ( 'NONE',  ( 8.710000000000000853, 1.899999999999999911, -0.8899999999999999023 ) ) ;
#757 = EDGE_CURVE ( 'NONE', #2079, #1204, #928, .T. ) ;
#758 = VERTEX_POINT ( 'NONE', #1831 ) ;
#759 = CARTESIAN_POINT ( 'NONE',  ( 8.799999993293999623, 2.799999999999999822, 0.1999999955300000021 ) ) ;
#760 = ORIENTED_EDGE ( 'NONE', *, *, #1191, .F. ) ;
#761 = CARTESIAN_POINT ( 'NONE',  ( 8.710000000000000853, 2.350000029057000006, -1.639999999999999902 ) ) ;
#762 = DIRECTION ( 'NONE',  ( -1.000000000000000000, -3.673419846319650214E-31, 2.220446049249994825E-16 ) ) ;
#763 = DIRECTION ( 'NONE',  ( -2.220446049250000002E-16, 1.110223024624999878E-16, -1.000000000000000000 ) ) ;
#764 = ORIENTED_EDGE ( 'NONE', *, *, #529, .F. ) ;
#765 = DIRECTION ( 'NONE',  ( -2.220446049250000002E-16, 1.110223024624999878E-16, -1.000000000000000000 ) ) ;
#766 = EDGE_CURVE ( 'NONE', #864, #83, #1454, .T. ) ;
#767 = MECHANICAL_DESIGN_GEOMETRIC_PRESENTATION_REPRESENTATION (  '', ( #1511 ), #1654 ) ;
#768 = VECTOR ( 'NONE', #2039, 1000.000000000000000 ) ;
#769 = EDGE_CURVE ( 'NONE', #1289, #1611, #2206, .T. ) ;
#770 = EDGE_CURVE ( 'NONE', #2070, #1550, #592, .T. ) ;
#771 = ORIENTED_EDGE ( 'NONE', *, *, #935, .T. ) ;
#772 = DIRECTION ( 'NONE',  ( -1.000000000000000000, 0.000000000000000000, 2.220446049250000002E-16 ) ) ;
#773 = AXIS2_PLACEMENT_3D ( 'NONE', #66, #426, #752 ) ;
#774 = DIRECTION ( 'NONE',  ( 0.000000000000000000, 0.000000000000000000, 1.000000000000000000 ) ) ;
#775 = DIRECTION ( 'NONE',  ( -1.000000000000000000, 0.000000000000000000, 2.220446049250000002E-16 ) ) ;
#776 = CARTESIAN_POINT ( 'NONE',  ( 10.48999999999999844, 1.899999999999999911, 1.639999999999999902 ) ) ;
#777 = ORIENTED_EDGE ( 'NONE', *, *, #1287, .T. ) ;
#778 = EDGE_LOOP ( 'NONE', ( #1849, #859, #46, #1032 ) ) ;
#779 = FILL_AREA_STYLE_COLOUR ( '', #483 ) ;
#780 = DIRECTION ( 'NONE',  ( -3.328006943899649857E-31, -1.000000000000000000, -1.498801083243500043E-15 ) ) ;
#781 = DIRECTION ( 'NONE',  ( 1.000000000000000000, 4.625929269270999778E-16, -6.784696261599998716E-17 ) ) ;
#782 = ORIENTED_EDGE ( 'NONE', *, *, #25, .F. ) ;
#783 = FACE_OUTER_BOUND ( 'NONE', #226, .T. ) ;
#784 = EDGE_CURVE ( 'NONE', #523, #1632, #1501, .T. ) ;
#785 = CARTESIAN_POINT ( 'NONE',  ( 10.93999999999999950, 2.350000029057000006, -1.840000000000000080 ) ) ;
#786 = FACE_OUTER_BOUND ( 'NONE', #578, .T. ) ;
#787 = CARTESIAN_POINT ( 'NONE',  ( 9.690000000000001279, 2.350000029057000006, 1.840000000000000080 ) ) ;
#788 = ORIENTED_EDGE ( 'NONE', *, *, #1636, .F. ) ;
#789 = ORIENTED_EDGE ( 'NONE', *, *, #1616, .T. ) ;
#790 = CARTESIAN_POINT ( 'NONE',  ( 7.910000000000000142, 1.899999999999999911, -1.639999999999999902 ) ) ;
#791 = LINE ( 'NONE', #1683, #1938 ) ;
#792 = ORIENTED_EDGE ( 'NONE', *, *, #1002, .T. ) ;
#793 = LINE ( 'NONE', #967, #2189 ) ;
#794 = EDGE_CURVE ( 'NONE', #1266, #1869, #2085, .T. ) ;
#795 = FACE_OUTER_BOUND ( 'NONE', #444, .T. ) ;
#796 = CARTESIAN_POINT ( 'NONE',  ( 7.910000000000000142, 1.699999999999999956, -0.8899999999999999023 ) ) ;
#798 = EDGE_CURVE ( 'NONE', #485, #1836, #468, .T. ) ;
#797 = VERTEX_POINT ( 'NONE', #1898 ) ;
#799 = ORIENTED_EDGE ( 'NONE', *, *, #1250, .F. ) ;
#800 = CARTESIAN_POINT ( 'NONE',  ( 0.000000000000000000, 0.000000000000000000, 0.000000000000000000 ) ) ;
#801 = DIRECTION ( 'NONE',  ( 0.000000000000000000, -0.7071067811865474617, -0.7071067811865474617 ) ) ;
#802 = FACE_OUTER_BOUND ( 'NONE', #2188, .T. ) ;
#803 = EDGE_LOOP ( 'NONE', ( #213, #549, #1346, #1877 ) ) ;
#804 = CYLINDRICAL_SURFACE ( 'NONE', #1223, 0.2000000000000002887 ) ;
#805 = PRESENTATION_LAYER_ASSIGNMENT (  '', '', ( #1815 ) ) ;
#806 = AXIS2_PLACEMENT_3D ( 'NONE', #2250, #293, #2043 ) ;
#807 = VECTOR ( 'NONE', #1647, 1000.000000000000114 ) ;
#808 = VECTOR ( 'NONE', #1825, 1000.000000000000000 ) ;
#809 = ORIENTED_EDGE ( 'NONE', *, *, #1949, .T. ) ;
#810 = LINE ( 'NONE', #980, #1331 ) ;
#811 = LINE ( 'NONE', #477, #1893 ) ;
#812 = VECTOR ( 'NONE', #611, 1000.000000000000000 ) ;
#813 = ORIENTED_EDGE ( 'NONE', *, *, #1772, .T. ) ;
#814 = LINE ( 'NONE', #309, #656 ) ;
#815 = VECTOR ( 'NONE', #2191, 1000.000000000000000 ) ;
#816 = CARTESIAN_POINT ( 'NONE',  ( 7.910000000000000142, 1.899999999999999911, 1.639999999999999902 ) ) ;
#817 = ORIENTED_EDGE ( 'NONE', *, *, #674, .T. ) ;
#818 = DIRECTION ( 'NONE',  ( -2.834968878136650165E-31, 1.000000000000000000, -1.276756478318500092E-15 ) ) ;
#819 = EDGE_CURVE ( 'NONE', #1936, #2290, #970, .T. ) ;
#820 = ADVANCED_FACE ( 'NONE', ( #1491 ), #1007, .T. ) ;
#821 = DIRECTION ( 'NONE',  ( 2.321018719059666589E-16, 0.2005997666559599102, -0.9796732790158025894 ) ) ;
#822 = CARTESIAN_POINT ( 'NONE',  ( 8.710000000000000853, 2.350000029057000006, -1.840000000000000080 ) ) ;
#823 = DIRECTION ( 'NONE',  ( -1.000000000000000000, 0.000000000000000000, 2.220446049250000002E-16 ) ) ;
#824 = DIRECTION ( 'NONE',  ( 0.000000000000000000, -0.7071067811865474617, 0.7071067811865474617 ) ) ;
#825 = CARTESIAN_POINT ( 'NONE',  ( 10.48999999999999844, 2.000000000000000000, 1.539999999999999813 ) ) ;
#826 = CARTESIAN_POINT ( 'NONE',  ( 9.690000000000001279, 2.350000029057000006, -1.639999999999999902 ) ) ;
#827 = VERTEX_POINT ( 'NONE', #1339 ) ;
#828 = VERTEX_POINT ( 'NONE', #117 ) ;
#829 = EDGE_CURVE ( 'NONE', #1982, #693, #811, .T. ) ;
#830 = DIRECTION ( 'NONE',  ( -1.000000000000000000, 0.000000000000000000, 2.220446049250000002E-16 ) ) ;
#831 = ORIENTED_EDGE ( 'NONE', *, *, #1599, .F. ) ;
#832 = CARTESIAN_POINT ( 'NONE',  ( 10.48999999999999844, 1.758578643762690463, -1.781421356237309350 ) ) ;
#833 = ORIENTED_EDGE ( 'NONE', *, *, #7, .F. ) ;
#834 = CARTESIAN_POINT ( 'NONE',  ( 9.690000000000001279, 2.000000000000000000, -1.539999999999999813 ) ) ;
#835 = DIRECTION ( 'NONE',  ( 0.000000000000000000, -0.7071067811865474617, 0.7071067811865474617 ) ) ;
#836 = CARTESIAN_POINT ( 'NONE',  ( 8.710000000000000853, 1.699999999999999956, -1.639999999999999902 ) ) ;
#837 = EDGE_LOOP ( 'NONE', ( #260, #555, #1617, #605 ) ) ;
#838 = ORIENTED_EDGE ( 'NONE', *, *, #940, .T. ) ;
#839 = DIRECTION ( 'NONE',  ( 0.000000000000000000, -0.7071067811865474617, 0.7071067811865474617 ) ) ;
#840 = LINE ( 'NONE', #497, #2009 ) ;
#841 = ORIENTED_EDGE ( 'NONE', *, *, #1114, .F. ) ;
#842 = CARTESIAN_POINT ( 'NONE',  ( 9.499999993294000689, 2.600000000000000089, -0.8000000044700000812 ) ) ;
#843 = EDGE_CURVE ( 'NONE', #1397, #563, #2224, .T. ) ;
#844 = CARTESIAN_POINT ( 'NONE',  ( 8.799999993293999623, 2.799999999999999822, -0.8000000044700000812 ) ) ;
#845 = EDGE_CURVE ( 'NONE', #2079, #314, #2213, .T. ) ;
#846 = ORIENTED_EDGE ( 'NONE', *, *, #2020, .T. ) ;
#847 = SURFACE_STYLE_FILL_AREA ( #658 ) ;
#848 = CARTESIAN_POINT ( 'NONE',  ( 7.910000000000000142, 2.000000000000000000, 1.539999999999999813 ) ) ;
#849 = VECTOR ( 'NONE', #1880, 1000.000000000000000 ) ;
#850 = AXIS2_PLACEMENT_3D ( 'NONE', #1793, #1640, #931 ) ;
#851 = ORIENTED_EDGE ( 'NONE', *, *, #32, .T. ) ;
#852 = PRODUCT_DEFINITION_FORMATION_WITH_SPECIFIED_SOURCE ( 'ANY', '', #727, .NOT_KNOWN. ) ;
#853 = AXIS2_PLACEMENT_3D ( 'NONE', #825, #958, #2249 ) ;
#854 = PRODUCT_CONTEXT ( 'NONE', #2280, 'mechanical' ) ;
#855 = VECTOR ( 'NONE', #1012, 1000.000000000000227 ) ;
#856 = ORIENTED_EDGE ( 'NONE', *, *, #843, .T. ) ;
#857 = CARTESIAN_POINT ( 'NONE',  ( 9.199999999999999289, 2.600000000000000089, -1.165734175856249989E-16 ) ) ;
#858 = DIRECTION ( 'NONE',  ( 0.000000000000000000, 1.000000000000000000, 0.000000000000000000 ) ) ;
#859 = ORIENTED_EDGE ( 'NONE', *, *, #518, .T. ) ;
#860 = DIRECTION ( 'NONE',  ( 1.000000000000000000, 5.502656983962569962E-33, -2.716081328100500255E-16 ) ) ;
#861 = EDGE_CURVE ( 'NONE', #294, #327, #1515, .T. ) ;
#862 = ORIENTED_EDGE ( 'NONE', *, *, #1974, .F. ) ;
#863 = DIRECTION ( 'NONE',  ( 6.784696261599998716E-17, -1.110223024624999878E-16, 1.000000000000000000 ) ) ;
#864 = VERTEX_POINT ( 'NONE', #308 ) ;
#865 = EDGE_CURVE ( 'NONE', #709, #523, #289, .T. ) ;
#866 = DIRECTION ( 'NONE',  ( 0.000000000000000000, -0.7071067811865474617, -0.7071067811865474617 ) ) ;
#867 = ORIENTED_EDGE ( 'NONE', *, *, #874, .F. ) ;
#868 = CARTESIAN_POINT ( 'NONE',  ( 9.199999999999999289, 1.949999999999999956, -1.265000000000000124 ) ) ;
#869 = EDGE_CURVE ( 'NONE', #1482, #155, #622, .T. ) ;
#870 = CARTESIAN_POINT ( 'NONE',  ( 7.459999999999999964, 1.699999999999999956, 0.6899999999999999467 ) ) ;
#871 = ORIENTED_EDGE ( 'NONE', *, *, #874, .T. ) ;
#872 = DIRECTION ( 'NONE',  ( 2.465190328814959874E-32, 1.000000000000000000, 1.110223024624999878E-16 ) ) ;
#873 = ORIENTED_EDGE ( 'NONE', *, *, #723, .T. ) ;
#874 = EDGE_CURVE ( 'NONE', #1957, #294, #2054, .T. ) ;
#875 = EDGE_CURVE ( 'NONE', #1269, #429, #1895, .T. ) ;
#876 = CARTESIAN_POINT ( 'NONE',  ( 9.690000000000001279, 2.000000000000000000, -1.639999999999999902 ) ) ;
#877 = ORIENTED_EDGE ( 'NONE', *, *, #1359, .T. ) ;
#878 = AXIS2_PLACEMENT_3D ( 'NONE', #362, #863, #174 ) ;
#879 = DIRECTION ( 'NONE',  ( -1.000000000000000000, 0.000000000000000000, 2.220446049250000002E-16 ) ) ;
#880 = FACE_OUTER_BOUND ( 'NONE', #1582, .T. ) ;
#881 = DIRECTION ( 'NONE',  ( -1.000000000000000000, -3.673419846319650214E-31, 2.220446049249994825E-16 ) ) ;
#882 = VECTOR ( 'NONE', #2211, 1000.000000000000000 ) ;
#883 = VECTOR ( 'NONE', #238, 1000.000000000000000 ) ;
#884 = VECTOR ( 'NONE', #1882, 1000.000000000000000 ) ;
#885 = VERTEX_POINT ( 'NONE', #1322 ) ;
#886 = ORIENTED_EDGE ( 'NONE', *, *, #739, .T. ) ;
#887 = CARTESIAN_POINT ( 'NONE',  ( 8.710000000000000853, 2.000000000000000000, -1.539999999999999813 ) ) ;
#888 = EDGE_CURVE ( 'NONE', #1217, #2024, #1666, .T. ) ;
#889 = VECTOR ( 'NONE', #1535, 1000.000000000000000 ) ;
#890 = CARTESIAN_POINT ( 'NONE',  ( 9.690000000000001279, 1.899999999999999911, 1.639999999999999902 ) ) ;
#891 = ORIENTED_EDGE ( 'NONE', *, *, #875, .T. ) ;
#892 = DIRECTION ( 'NONE',  ( 1.000000000000000000, -3.673419846319650214E-31, -2.220446049249994825E-16 ) ) ;
#893 = CARTESIAN_POINT ( 'NONE',  ( 8.710000000000000853, 1.899999999999999911, -1.639999999999999902 ) ) ;
#894 = CARTESIAN_POINT ( 'NONE',  ( 8.710000000000000853, 2.350000029057000006, 1.840000000000000080 ) ) ;
#895 = CARTESIAN_POINT ( 'NONE',  ( 9.690000000000001279, 2.000000000000000000, -1.539999999999999813 ) ) ;
#896 = ORIENTED_EDGE ( 'NONE', *, *, #448, .T. ) ;
#897 = ORIENTED_EDGE ( 'NONE', *, *, #1991, .T. ) ;
#898 = ADVANCED_FACE ( 'NONE', ( #1716 ), #143, .F. ) ;
#899 = CARTESIAN_POINT ( 'NONE',  ( 8.710000000000000853, 2.000000000000000000, 1.539999999999999813 ) ) ;
#900 = LINE ( 'NONE', #1586, #507 ) ;
#901 = CARTESIAN_POINT ( 'NONE',  ( 10.60952380952381446, 3.600000000000000089, -1.459113903756891978E-16 ) ) ;
#902 = CARTESIAN_POINT ( 'NONE',  ( 10.93999999999999950, 2.600000000000000089, -1.840000000000000080 ) ) ;
#903 = ORIENTED_EDGE ( 'NONE', *, *, #1078, .F. ) ;
#904 = CARTESIAN_POINT ( 'NONE',  ( 8.710000000000000853, 2.000000000000000000, 1.539999999999999813 ) ) ;
#905 = ORIENTED_EDGE ( 'NONE', *, *, #1078, .T. ) ;
#906 = CARTESIAN_POINT ( 'NONE',  ( 9.690000000000001279, 2.350000029057000006, 1.840000000000000080 ) ) ;
#907 = DIRECTION ( 'NONE',  ( 2.465190328814959874E-32, 1.000000000000000000, 1.110223024624999878E-16 ) ) ;
#908 = ORIENTED_EDGE ( 'NONE', *, *, #2160, .T. ) ;
#909 =( LENGTH_UNIT ( ) NAMED_UNIT ( * ) SI_UNIT ( .MILLI., .METRE. ) );
#910 = EDGE_CURVE ( 'NONE', #1917, #912, #279, .T. ) ;
#911 = ADVANCED_FACE ( 'NONE', ( #603 ), #101, .T. ) ;
#912 = VERTEX_POINT ( 'NONE', #108 ) ;
#913 = CARTESIAN_POINT ( 'NONE',  ( 8.710000000000000853, 1.929289321881345387, 1.610710678118654871 ) ) ;
#914 = VERTEX_POINT ( 'NONE', #796 ) ;
#915 = VECTOR ( 'NONE', #2049, 1000.000000000000000 ) ;
#916 = VECTOR ( 'NONE', #872, 1000.000000000000000 ) ;
#917 = LINE ( 'NONE', #410, #124 ) ;
#918 = AXIS2_PLACEMENT_3D ( 'NONE', #1905, #170, #858 ) ;
#919 = DIRECTION ( 'NONE',  ( 0.000000000000000000, 1.110223024624999878E-16, -1.000000000000000000 ) ) ;
#920 = VECTOR ( 'NONE', #645, 1000.000000000000000 ) ;
#921 = VECTOR ( 'NONE', #1177, 1000.000000000000000 ) ;
#922 = VECTOR ( 'NONE', #1291, 1000.000000000000000 ) ;
#923 = ORIENTED_EDGE ( 'NONE', *, *, #602, .T. ) ;
#924 = CARTESIAN_POINT ( 'NONE',  ( 9.690000000000001279, 2.350000029057000006, -1.639999999999999902 ) ) ;
#925 = DIRECTION ( 'NONE',  ( 0.000000000000000000, -0.7071067811865474617, -0.7071067811865474617 ) ) ;
#926 = LINE ( 'NONE', #405, #1850 ) ;
#927 = CARTESIAN_POINT ( 'NONE',  ( 7.910000000000000142, 1.699999999999999956, 0.8899999999999999023 ) ) ;
#928 = LINE ( 'NONE', #1635, #698 ) ;
#929 = ORIENTED_EDGE ( 'NONE', *, *, #2020, .F. ) ;
#930 = DIRECTION ( 'NONE',  ( -2.220446049250000002E-16, 0.000000000000000000, -1.000000000000000000 ) ) ;
#931 = DIRECTION ( 'NONE',  ( 0.000000000000000000, -0.7071067811865474617, -0.7071067811865474617 ) ) ;
#932 = EDGE_LOOP ( 'NONE', ( #1045, #871, #463, #1999 ) ) ;
#933 = CARTESIAN_POINT ( 'NONE',  ( 9.199999999999999289, 1.699999999999999956, -7.716050021144730671E-16 ) ) ;
#934 = ORIENTED_EDGE ( 'NONE', *, *, #1487, .T. ) ;
#935 = EDGE_CURVE ( 'NONE', #2082, #1646, #440, .T. ) ;
#936 = DIRECTION ( 'NONE',  ( -2.465190328814959874E-32, -1.000000000000000000, -1.110223024624999878E-16 ) ) ;
#937 = CARTESIAN_POINT ( 'NONE',  ( 7.459999999999999964, 2.350000029057000006, 1.840000000000000080 ) ) ;
#938 = ORIENTED_EDGE ( 'NONE', *, *, #704, .F. ) ;
#939 = LINE ( 'NONE', #579, #1184 ) ;
#940 = EDGE_CURVE ( 'NONE', #1159, #294, #127, .T. ) ;
#941 = EDGE_CURVE ( 'NONE', #332, #2079, #40, .T. ) ;
#942 = ORIENTED_EDGE ( 'NONE', *, *, #2090, .T. ) ;
#943 = DIRECTION ( 'NONE',  ( -1.000000000000000000, 0.000000000000000000, 2.220446049250000002E-16 ) ) ;
#944 = CARTESIAN_POINT ( 'NONE',  ( 8.710000000000000853, 1.899999999999999911, -1.639999999999999902 ) ) ;
#945 = DIRECTION ( 'NONE',  ( 1.000000000000000000, 3.673419846319650214E-31, -2.220446049249994825E-16 ) ) ;
#946 = ORIENTED_EDGE ( 'NONE', *, *, #1560, .F. ) ;
#947 = DIRECTION ( 'NONE',  ( 2.220446049250000002E-16, -1.110223024624999878E-16, 1.000000000000000000 ) ) ;
#948 = UNCERTAINTY_MEASURE_WITH_UNIT (LENGTH_MEASURE( 1.000000000000000082E-05 ), #554, 'distance_accuracy_value', 'NONE');
#949 = CLOSED_SHELL ( 'NONE', ( #1710, #561, #898, #52, #1052, #1637, #1446, #63, #186, #1569, #950, #8 ) ) ;
#950 = ADVANCED_FACE ( 'NONE', ( #1606 ), #560, .F. ) ;
#951 = AXIS2_PLACEMENT_3D ( 'NONE', #995, #2030, #427 ) ;
#952 = MANIFOLD_SOLID_BREP ( 'WS2812B-MINI-V3-W.step<1>[3]', #251 ) ;
#953 = AXIS2_PLACEMENT_3D ( 'NONE', #214, #2162, #559 ) ;
#954 = VECTOR ( 'NONE', #1891, 1000.000000000000000 ) ;
#955 = CARTESIAN_POINT ( 'NONE',  ( 9.499999993294000689, 2.600000000000000089, 0.1999999955300000021 ) ) ;
#956 = AXIS2_PLACEMENT_3D ( 'NONE', #895, #1817, #1415 ) ;
#957 = CARTESIAN_POINT ( 'NONE',  ( 8.710000000000000853, 1.899999999999999911, 0.8899999999999999023 ) ) ;
#958 = DIRECTION ( 'NONE',  ( 1.000000000000000000, -3.673419846319650214E-31, -2.220446049249994825E-16 ) ) ;
#959 = EDGE_LOOP ( 'NONE', ( #1941, #670 ) ) ;
#960 = VERTEX_POINT ( 'NONE', #1731 ) ;
#961 = ORIENTED_EDGE ( 'NONE', *, *, #448, .F. ) ;
#962 = CARTESIAN_POINT ( 'NONE',  ( 8.710000000000000853, 1.699999999999999956, -0.8899999999999999023 ) ) ;
#963 = ADVANCED_FACE ( 'NONE', ( #2086 ), #1242, .F. ) ;
#964 = CARTESIAN_POINT ( 'NONE',  ( 7.459999999999999964, 1.949999999999999956, 1.590000000000000080 ) ) ;
#965 = FACE_OUTER_BOUND ( 'NONE', #1942, .T. ) ;
#966 = ORIENTED_EDGE ( 'NONE', *, *, #1382, .F. ) ;
#967 = CARTESIAN_POINT ( 'NONE',  ( 10.48999999999999844, 1.699999999999999956, -1.840000000000000080 ) ) ;
#968 = CARTESIAN_POINT ( 'NONE',  ( 9.690000000000001279, 1.899999999999999911, 1.639999999999999902 ) ) ;
#969 = DIRECTION ( 'NONE',  ( -2.465190328815039792E-32, -1.000000000000000000, -1.110223024624999878E-16 ) ) ;
#970 = LINE ( 'NONE', #1530, #1972 ) ;
#971 =( NAMED_UNIT ( * ) PLANE_ANGLE_UNIT ( ) SI_UNIT ( $, .RADIAN. ) );
#972 = DIRECTION ( 'NONE',  ( -2.220446049250000002E-16, 0.000000000000000000, -1.000000000000000000 ) ) ;
#973 = ORIENTED_EDGE ( 'NONE', *, *, #25, .T. ) ;
#974 =( LENGTH_UNIT ( ) NAMED_UNIT ( * ) SI_UNIT ( .MILLI., .METRE. ) );
#975 = LINE ( 'NONE', #962, #1926 ) ;
#976 = DIRECTION ( 'NONE',  ( -4.625929269270999778E-16, 1.000000000000000000, 1.110223024624999878E-16 ) ) ;
#977 = CARTESIAN_POINT ( 'NONE',  ( 10.93999999999999950, 2.149999999999999911, -0.6899999999999999467 ) ) ;
#978 = ORIENTED_EDGE ( 'NONE', *, *, #1929, .T. ) ;
#979 = CARTESIAN_POINT ( 'NONE',  ( 8.710000000000000853, 2.350000029057000006, 1.840000000000000080 ) ) ;
#980 = CARTESIAN_POINT ( 'NONE',  ( 8.710000000000000853, 1.758578643762690241, 1.781421356237309572 ) ) ;
#981 = EDGE_CURVE ( 'NONE', #1653, #1960, #840, .T. ) ;
#982 = DIRECTION ( 'NONE',  ( 0.000000000000000000, -0.7071067811865474617, -0.7071067811865474617 ) ) ;
#983 = EDGE_CURVE ( 'NONE', #221, #827, #1925, .T. ) ;
#984 = PLANE ( 'NONE',  #1619 ) ;
#985 = ORIENTED_EDGE ( 'NONE', *, *, #120, .F. ) ;
#986 = EDGE_LOOP ( 'NONE', ( #371, #640, #2171, #716 ) ) ;
#987 = DIRECTION ( 'NONE',  ( -1.000000000000000000, 0.000000000000000000, 2.220446049250000002E-16 ) ) ;
#988 = DIRECTION ( 'NONE',  ( -1.000000000000000000, 0.000000000000000000, 2.220446049250000002E-16 ) ) ;
#989 = CARTESIAN_POINT ( 'NONE',  ( 7.459999999999999964, 2.149999999999999911, 0.6899999999999999467 ) ) ;
#990 = VECTOR ( 'NONE', #1610, 1000.000000000000000 ) ;
#991 = CIRCLE ( 'NONE', #508, 0.1000000000000001443 ) ;
#992 = AXIS2_PLACEMENT_3D ( 'NONE', #842, #1180, #823 ) ;
#993 = AXIS2_PLACEMENT_3D ( 'NONE', #1776, #1841, #577 ) ;
#994 = CARTESIAN_POINT ( 'NONE',  ( 8.710000000000000853, 1.899999999999999911, 1.639999999999999902 ) ) ;
#995 = CARTESIAN_POINT ( 'NONE',  ( 10.82499999999999929, 3.649999999999999911, 1.625000000000000000 ) ) ;
#996 = STYLED_ITEM ( 'NONE', ( #2107 ), #1001 ) ;
#997 = CARTESIAN_POINT ( 'NONE',  ( 8.710000000000000853, 1.699999999999999956, 0.8899999999999999023 ) ) ;
#998 = VECTOR ( 'NONE', #1077, 1000.000000000000000 ) ;
#999 = CARTESIAN_POINT ( 'NONE',  ( 9.690000000000001279, 1.899999999999999911, -1.639999999999999902 ) ) ;
#1000 = CARTESIAN_POINT ( 'NONE',  ( 7.459999999999999964, 1.949999999999999956, -1.590000000000000080 ) ) ;
#1001 = MANIFOLD_SOLID_BREP ( 'WS2812B-MINI-V3-W.step<1>[1]', #287 ) ;
#1002 = EDGE_CURVE ( 'NONE', #1755, #524, #2048, .T. ) ;
#1003 = DIRECTION ( 'NONE',  ( -2.220446049250000002E-16, 1.110223024624999878E-16, -1.000000000000000000 ) ) ;
#1004 = CARTESIAN_POINT ( 'NONE',  ( 8.710000000000000853, 1.899999999999999911, -1.639999999999999902 ) ) ;
#1005 = CARTESIAN_POINT ( 'NONE',  ( 7.910000000000000142, 2.000000000000000000, 1.639999999999999902 ) ) ;
#1006 = DIRECTION ( 'NONE',  ( 1.000000000000000000, 3.673419846319650214E-31, -2.220446049249994825E-16 ) ) ;
#1007 = PLANE ( 'NONE',  #951 ) ;
#1008 = EDGE_CURVE ( 'NONE', #721, #1550, #1563, .T. ) ;
#1009 = LINE ( 'NONE', #1324, #1059 ) ;
#1010 = ORIENTED_EDGE ( 'NONE', *, *, #1801, .F. ) ;
#1011 = ORIENTED_EDGE ( 'NONE', *, *, #1662, .T. ) ;
#1012 = DIRECTION ( 'NONE',  ( -0.1066851863669889822, -0.9740821363898998220, -0.1994549136419789537 ) ) ;
#1013 = EDGE_CURVE ( 'NONE', #567, #4, #669, .T. ) ;
#1014 =( LENGTH_UNIT ( ) NAMED_UNIT ( * ) SI_UNIT ( .MILLI., .METRE. ) );
#1015 = ADVANCED_FACE ( 'NONE', ( #1911 ), #348, .T. ) ;
#1016 = ORIENTED_EDGE ( 'NONE', *, *, #1913, .F. ) ;
#1017 = CARTESIAN_POINT ( 'NONE',  ( 8.710000000000000853, 1.699999999999999956, 0.8899999999999999023 ) ) ;
#1018 = CARTESIAN_POINT ( 'NONE',  ( 9.690000000000001279, 1.699999999999999956, 1.639999999999999902 ) ) ;
#1019 = FACE_OUTER_BOUND ( 'NONE', #719, .T. ) ;
#1020 = DIRECTION ( 'NONE',  ( 1.000000000000000000, 0.000000000000000000, -2.220446049250000002E-16 ) ) ;
#1021 = CARTESIAN_POINT ( 'NONE',  ( 7.910000000000000142, 1.899999999999999911, 0.8899999999999999023 ) ) ;
#1022 = DIRECTION ( 'NONE',  ( 2.220446049250000002E-16, 1.276756478318500092E-15, 1.000000000000000000 ) ) ;
#1023 = ORIENTED_EDGE ( 'NONE', *, *, #659, .F. ) ;
#1024 = EDGE_CURVE ( 'NONE', #2217, #93, #191, .T. ) ;
#1025 = LINE ( 'NONE', #989, #509 ) ;
#1026 = LINE ( 'NONE', #1018, #1399 ) ;
#1027 = CIRCLE ( 'NONE', #2187, 0.2000000000000002887 ) ;
#1028 = LINE ( 'NONE', #326, #849 ) ;
#1029 = AXIS2_PLACEMENT_3D ( 'NONE', #162, #1006, #1897 ) ;
#1030 = AXIS2_PLACEMENT_3D ( 'NONE', #890, #1286, #1997 ) ;
#1031 = ORIENTED_EDGE ( 'NONE', *, *, #107, .F. ) ;
#1032 = ORIENTED_EDGE ( 'NONE', *, *, #32, .F. ) ;
#1033 = CARTESIAN_POINT ( 'NONE',  ( 8.710000000000000853, 1.699999999999999956, -0.8899999999999999023 ) ) ;
#1034 = CIRCLE ( 'NONE', #1699, 1.100000000000000311 ) ;
#1035 = PRESENTATION_LAYER_ASSIGNMENT (  '', '', ( #404 ) ) ;
#1036 = VECTOR ( 'NONE', #2175, 1000.000000000000000 ) ;
#1037 = ORIENTED_EDGE ( 'NONE', *, *, #1487, .F. ) ;
#1038 = CARTESIAN_POINT ( 'NONE',  ( 7.910000000000000142, 2.350000029057000006, -1.840000000000000080 ) ) ;
#1039 = ORIENTED_EDGE ( 'NONE', *, *, #1883, .T. ) ;
#1040 = EDGE_CURVE ( 'NONE', #379, #1580, #624, .T. ) ;
#1041 = DIRECTION ( 'NONE',  ( 2.465190328814959874E-32, 1.000000000000000000, 1.110223024624999878E-16 ) ) ;
#1042 = DIRECTION ( 'NONE',  ( 2.465190328814959874E-32, 1.000000000000000000, 1.110223024624999878E-16 ) ) ;
#1043 = EDGE_LOOP ( 'NONE', ( #123, #1417, #1050, #1208 ) ) ;
#1044 = PLANE ( 'NONE',  #475 ) ;
#1045 = ORIENTED_EDGE ( 'NONE', *, *, #2169, .T. ) ;
#1046 = CARTESIAN_POINT ( 'NONE',  ( 8.710000000000000853, 1.699999999999999956, 0.8899999999999999023 ) ) ;
#1047 = DIRECTION ( 'NONE',  ( 1.000000000000000000, -3.673419846319650214E-31, -2.220446049249994825E-16 ) ) ;
#1048 = SURFACE_SIDE_STYLE ('',( #1944 ) ) ;
#1049 = VERTEX_POINT ( 'NONE', #1038 ) ;
#1050 = ORIENTED_EDGE ( 'NONE', *, *, #723, .F. ) ;
#1051 = FACE_OUTER_BOUND ( 'NONE', #1796, .T. ) ;
#1052 = ADVANCED_FACE ( 'NONE', ( #1745 ), #2116, .T. ) ;
#1053 = DIRECTION ( 'NONE',  ( 1.000000000000000000, 3.673419846319650214E-31, -2.220446049249994825E-16 ) ) ;
#1054 = ORIENTED_EDGE ( 'NONE', *, *, #596, .F. ) ;
#1055 = EDGE_LOOP ( 'NONE', ( #942, #1407, #587, #232 ) ) ;
#1056 = FACE_OUTER_BOUND ( 'NONE', #1380, .T. ) ;
#1057 = VERTEX_POINT ( 'NONE', #1762 ) ;
#1058 = EDGE_LOOP ( 'NONE', ( #1961, #27, #1091, #833 ) ) ;
#1059 = VECTOR ( 'NONE', #144, 1000.000000000000000 ) ;
#1060 = CARTESIAN_POINT ( 'NONE',  ( 9.690000000000001279, 2.000000000000000000, 1.539999999999999813 ) ) ;
#1061 = CARTESIAN_POINT ( 'NONE',  ( 8.710000000000000853, 1.699999999999999956, 1.639999999999999902 ) ) ;
#1062 = CARTESIAN_POINT ( 'NONE',  ( 9.690000000000001279, 1.899999999999999911, 1.639999999999999902 ) ) ;
#1063 = VECTOR ( 'NONE', #1373, 1000.000000000000000 ) ;
#1064 = AXIS2_PLACEMENT_3D ( 'NONE', #1171, #1315, #982 ) ;
#1065 = EDGE_CURVE ( 'NONE', #1718, #1894, #2001, .T. ) ;
#1066 = CONICAL_SURFACE ( 'NONE', #1100, 1.425000000000000044, 0.3001711708299997228 ) ;
#1067 = AXIS2_PLACEMENT_3D ( 'NONE', #2181, #1981, #569 ) ;
#1068 = ORIENTED_EDGE ( 'NONE', *, *, #1693, .F. ) ;
#1069 = ORIENTED_EDGE ( 'NONE', *, *, #1422, .F. ) ;
#1070 = CARTESIAN_POINT ( 'NONE',  ( 8.710000000000000853, 1.929289321881345165, -1.610710678118654871 ) ) ;
#1071 = VECTOR ( 'NONE', #354, 1000.000000000000000 ) ;
#1072 = EDGE_CURVE ( 'NONE', #57, #721, #1152, .T. ) ;
#1073 = EDGE_CURVE ( 'NONE', #1936, #1611, #391, .T. ) ;
#1074 = SURFACE_STYLE_FILL_AREA ( #171 ) ;
#1075 = EDGE_LOOP ( 'NONE', ( #2229, #356, #1826, #966 ) ) ;
#1076 = CARTESIAN_POINT ( 'NONE',  ( 9.199999999999999289, 3.649999999999999911, 0.000000000000000000 ) ) ;
#1077 = DIRECTION ( 'NONE',  ( 2.220446049250000002E-16, -1.110223024624999878E-16, 1.000000000000000000 ) ) ;
#1078 = EDGE_CURVE ( 'NONE', #2075, #606, #273, .T. ) ;
#1079 = ORIENTED_EDGE ( 'NONE', *, *, #1355, .F. ) ;
#1080 = LINE ( 'NONE', #1800, #1264 ) ;
#1081 = CARTESIAN_POINT ( 'NONE',  ( 9.690000000000001279, 1.899999999999999911, 0.8899999999999999023 ) ) ;
#1082 = EDGE_CURVE ( 'NONE', #1681, #314, #76, .T. ) ;
#1083 = ADVANCED_FACE ( 'NONE', ( #303 ), #2236, .T. ) ;
#1084 = VERTEX_POINT ( 'NONE', #643 ) ;
#1085 = CARTESIAN_POINT ( 'NONE',  ( 10.93999999999999950, 1.949999999999999956, 1.590000000000000080 ) ) ;
#1086 = CARTESIAN_POINT ( 'NONE',  ( 9.690000000000001279, 1.758578643762690241, -1.781421356237309572 ) ) ;
#1087 = EDGE_LOOP ( 'NONE', ( #1713, #401, #760, #1669 ) ) ;
#1088 = CARTESIAN_POINT ( 'NONE',  ( 7.459999999999999964, 1.949999999999999956, -0.6899999999999999467 ) ) ;
#1089 = ORIENTED_EDGE ( 'NONE', *, *, #1073, .F. ) ;
#1090 = EDGE_CURVE ( 'NONE', #281, #1804, #234, .T. ) ;
#1091 = ORIENTED_EDGE ( 'NONE', *, *, #262, .T. ) ;
#1092 = CARTESIAN_POINT ( 'NONE',  ( 9.690000000000001279, 2.350000029057000006, -1.639999999999999902 ) ) ;
#1093 = CARTESIAN_POINT ( 'NONE',  ( 10.93999999999999950, 2.475000014529000314, -1.590000000000000080 ) ) ;
#1094 = EDGE_CURVE ( 'NONE', #1147, #828, #633, .T. ) ;
#1095 = CARTESIAN_POINT ( 'NONE',  ( 7.910000000000000142, 1.899999999999999911, 1.840000000000000080 ) ) ;
#1096 = ORIENTED_EDGE ( 'NONE', *, *, #1656, .F. ) ;
#1097 = PRESENTATION_LAYER_ASSIGNMENT (  '', '', ( #1853 ) ) ;
#1098 = AXIS2_PLACEMENT_3D ( 'NONE', #2017, #1479, #2027 ) ;
#1099 = FACE_OUTER_BOUND ( 'NONE', #1729, .T. ) ;
#1100 = AXIS2_PLACEMENT_3D ( 'NONE', #615, #275, #464 ) ;
#1101 = VECTOR ( 'NONE', #1421, 1000.000000000000000 ) ;
#1102 = ORIENTED_EDGE ( 'NONE', *, *, #1328, .T. ) ;
#1103 = DIRECTION ( 'NONE',  ( 1.000000000000000000, -3.673419846319650214E-31, -2.220446049249994825E-16 ) ) ;
#1104 = VECTOR ( 'NONE', #1993, 1000.000000000000000 ) ;
#1105 = EDGE_CURVE ( 'NONE', #736, #1653, #257, .T. ) ;
#1106 = VECTOR ( 'NONE', #1696, 1000.000000000000000 ) ;
#1107 = ORIENTED_EDGE ( 'NONE', *, *, #596, .T. ) ;
#1108 = CARTESIAN_POINT ( 'NONE',  ( 8.710000000000000853, 2.000000000000000000, -1.539999999999999813 ) ) ;
#1109 = DIRECTION ( 'NONE',  ( 2.220446049250000002E-16, -1.110223024624999878E-16, 1.000000000000000000 ) ) ;
#1110 = LINE ( 'NONE', #1828, #368 ) ;
#1111 = FACE_OUTER_BOUND ( 'NONE', #1043, .T. ) ;
#1112 = ADVANCED_FACE ( 'NONE', ( #802 ), #1510, .F. ) ;
#1113 = FACE_OUTER_BOUND ( 'NONE', #445, .T. ) ;
#1114 = EDGE_CURVE ( 'NONE', #4, #1147, #259, .T. ) ;
#1115 = ORIENTED_EDGE ( 'NONE', *, *, #22, .F. ) ;
#1116 = DIRECTION ( 'NONE',  ( 1.000000000000000000, 0.000000000000000000, -2.220446049250000002E-16 ) ) ;
#1117 = DIRECTION ( 'NONE',  ( 0.1066851863669889822, -0.9740821363898998220, 0.1994549136419789537 ) ) ;
#1118 = DIRECTION ( 'NONE',  ( 2.220446049250000002E-16, -1.110223024624999878E-16, 1.000000000000000000 ) ) ;
#1119 = ORIENTED_EDGE ( 'NONE', *, *, #1693, .T. ) ;
#1120 = LINE ( 'NONE', #2016, #1818 ) ;
#1121 = LINE ( 'NONE', #413, #397 ) ;
#1122 = DIRECTION ( 'NONE',  ( 0.000000000000000000, -0.7071067811865474617, 0.7071067811865474617 ) ) ;
#1123 = PLANE ( 'NONE',  #400 ) ;
#1124 = EDGE_CURVE ( 'NONE', #394, #50, #1631, .T. ) ;
#1125 = ORIENTED_EDGE ( 'NONE', *, *, #218, .F. ) ;
#1126 = DIRECTION ( 'NONE',  ( -1.000000000000000000, -8.373608453856519715E-33, 2.974673647500800014E-16 ) ) ;
#1127 = DIRECTION ( 'NONE',  ( -2.465190328814959874E-32, -1.000000000000000000, -1.110223024624999878E-16 ) ) ;
#1128 = PLANE ( 'NONE',  #1559 ) ;
#1129 = CARTESIAN_POINT ( 'NONE',  ( 10.48999999999999844, 1.699999999999999956, -0.8899999999999999023 ) ) ;
#1130 = ORIENTED_EDGE ( 'NONE', *, *, #163, .F. ) ;
#1131 = EDGE_CURVE ( 'NONE', #827, #2289, #462, .T. ) ;
#1132 = ORIENTED_EDGE ( 'NONE', *, *, #604, .T. ) ;
#1133 = ORIENTED_EDGE ( 'NONE', *, *, #1082, .T. ) ;
#1134 = CARTESIAN_POINT ( 'NONE',  ( 9.690000000000001279, 1.699999999999999956, -1.639999999999999902 ) ) ;
#1135 = CYLINDRICAL_SURFACE ( 'NONE', #1374, 0.1000000000000001443 ) ;
#1136 = VECTOR ( 'NONE', #1351, 1000.000000000000000 ) ;
#1137 = PLANE ( 'NONE',  #1655 ) ;
#1138 = EDGE_CURVE ( 'NONE', #10, #1269, #2173, .T. ) ;
#1139 = AXIS2_PLACEMENT_3D ( 'NONE', #899, #1103, #1301 ) ;
#1140 = ORIENTED_EDGE ( 'NONE', *, *, #2114, .T. ) ;
#1141 = AXIS2_PLACEMENT_3D ( 'NONE', #1318, #282, #1353 ) ;
#1142 = AXIS2_PLACEMENT_3D ( 'NONE', #1409, #1022, #1203 ) ;
#1143 = CARTESIAN_POINT ( 'NONE',  ( 7.910000000000000142, 1.758578643762690463, -1.781421356237309350 ) ) ;
#1144 = VECTOR ( 'NONE', #1118, 1000.000000000000000 ) ;
#1145 = DIRECTION ( 'NONE',  ( 0.000000000000000000, 1.110223024624999878E-16, -1.000000000000000000 ) ) ;
#1146 = DIRECTION ( 'NONE',  ( 2.220446049250000002E-16, -1.110223024624999878E-16, 1.000000000000000000 ) ) ;
#1147 = VERTEX_POINT ( 'NONE', #2157 ) ;
#1148 = EDGE_LOOP ( 'NONE', ( #383, #2106, #1757, #782, #1437, #771, #1107, #1504, #575, #1280 ) ) ;
#1149 = DIRECTION ( 'NONE',  ( -1.000000000000000000, 0.000000000000000000, 2.220446049250000002E-16 ) ) ;
#1150 = FACE_OUTER_BOUND ( 'NONE', #1692, .T. ) ;
#1151 = CARTESIAN_POINT ( 'NONE',  ( 7.459999999999999964, 2.350000029057000006, -1.840000000000000080 ) ) ;
#1152 = LINE ( 'NONE', #1868, #513 ) ;
#1153 = EDGE_LOOP ( 'NONE', ( #1162, #1595, #1037, #1903 ) ) ;
#1154 = ADVANCED_FACE ( 'NONE', ( #1275 ), #1830, .T. ) ;
#1155 = ADVANCED_FACE ( 'NONE', ( #1634 ), #237, .F. ) ;
#1156 = DIRECTION ( 'NONE',  ( -1.000000000000000000, 0.000000000000000000, 2.220446049250000002E-16 ) ) ;
#1157 = CARTESIAN_POINT ( 'NONE',  ( 9.199999999999999289, 3.600000000000000089, -5.551115123125014179E-18 ) ) ;
#1158 = DIRECTION ( 'NONE',  ( 1.000000000000000000, -3.673419846319650214E-31, -2.220446049249994825E-16 ) ) ;
#1159 = VERTEX_POINT ( 'NONE', #2176 ) ;
#1160 = CARTESIAN_POINT ( 'NONE',  ( 8.710000000000000853, 2.350000029057000006, 1.639999999999999902 ) ) ;
#1161 = ORIENTED_EDGE ( 'NONE', *, *, #265, .T. ) ;
#1162 = ORIENTED_EDGE ( 'NONE', *, *, #2062, .F. ) ;
#1163 = DIRECTION ( 'NONE',  ( 0.000000000000000000, 0.000000000000000000, 1.000000000000000000 ) ) ;
#1164 = CARTESIAN_POINT ( 'NONE',  ( 9.690000000000001279, 2.025000014528999692, 1.364999999999999991 ) ) ;
#1165 = CARTESIAN_POINT ( 'NONE',  ( 7.910000000000000142, 2.000000000000000000, -1.539999999999999813 ) ) ;
#1166 = ORIENTED_EDGE ( 'NONE', *, *, #769, .F. ) ;
#1167 = EDGE_LOOP ( 'NONE', ( #1513, #831, #1759, #1230, #323, #2277, #743, #421, #274, #905, #271, #1133 ) ) ;
#1168 = PLANE ( 'NONE',  #2266 ) ;
#1169 = EDGE_CURVE ( 'NONE', #2057, #725, #2005, .T. ) ;
#1170 = DIRECTION ( 'NONE',  ( -1.000000000000000000, -3.673419846319650214E-31, 2.220446049249994825E-16 ) ) ;
#1171 = CARTESIAN_POINT ( 'NONE',  ( 7.910000000000000142, 1.899999999999999911, -1.639999999999999902 ) ) ;
#1172 = EDGE_CURVE ( 'NONE', #72, #2057, #446, .T. ) ;
#1173 = PRESENTATION_STYLE_ASSIGNMENT (( #121 ) ) ;
#1174 = DIRECTION ( 'NONE',  ( 0.000000000000000000, -0.7071067811865474617, 0.7071067811865474617 ) ) ;
#1175 = PLANE ( 'NONE',  #664 ) ;
#1176 = DIRECTION ( 'NONE',  ( -1.000000000000000000, 0.000000000000000000, 2.220446049250000002E-16 ) ) ;
#1177 = DIRECTION ( 'NONE',  ( 2.974673647500800014E-16, -1.110223024624999878E-16, 1.000000000000000000 ) ) ;
#1178 = VECTOR ( 'NONE', #1199, 1000.000000000000000 ) ;
#1179 = ORIENTED_EDGE ( 'NONE', *, *, #1344, .F. ) ;
#1180 = DIRECTION ( 'NONE',  ( -2.220446049250000002E-16, 1.110223024624999878E-16, -1.000000000000000000 ) ) ;
#1181 = AXIS2_PLACEMENT_3D ( 'NONE', #1108, #1290, #412 ) ;
#1182 = VECTOR ( 'NONE', #1117, 1000.000000000000227 ) ;
#1183 = LINE ( 'NONE', #655, #1932 ) ;
#1184 = VECTOR ( 'NONE', #1456, 1000.000000000000000 ) ;
#1185 = AXIS2_PLACEMENT_3D ( 'NONE', #1004, #484, #1548 ) ;
#1186 = CARTESIAN_POINT ( 'NONE',  ( 10.48999999999999844, 2.350000029057000006, -1.840000000000000080 ) ) ;
#1187 = CARTESIAN_POINT ( 'NONE',  ( 9.690000000000001279, 1.699999999999999956, -1.840000000000000080 ) ) ;
#1188 = VECTOR ( 'NONE', #495, 1000.000000000000000 ) ;
#1189 = PLANE ( 'NONE',  #806 ) ;
#1191 = EDGE_CURVE ( 'NONE', #1982, #1718, #2073, .T. ) ;
#1190 = ORIENTED_EDGE ( 'NONE', *, *, #466, .F. ) ;
#1192 = EDGE_CURVE ( 'NONE', #2165, #110, #300, .T. ) ;
#1193 = DIRECTION ( 'NONE',  ( 0.000000000000000000, -0.7071067811865474617, -0.7071067811865474617 ) ) ;
#1194 = DIRECTION ( 'NONE',  ( -2.220446049250000002E-16, 1.110223024624999878E-16, -1.000000000000000000 ) ) ;
#1195 = ORIENTED_EDGE ( 'NONE', *, *, #340, .F. ) ;
#1196 = FACE_OUTER_BOUND ( 'NONE', #1676, .T. ) ;
#1197 = LINE ( 'NONE', #1519, #1063 ) ;
#1198 = LINE ( 'NONE', #826, #330 ) ;
#1199 = DIRECTION ( 'NONE',  ( 2.220446049250000002E-16, -1.110223024624999878E-16, 1.000000000000000000 ) ) ;
#1200 = ORIENTED_EDGE ( 'NONE', *, *, #2183, .F. ) ;
#1201 = CARTESIAN_POINT ( 'NONE',  ( 9.690000000000001279, 1.899999999999999911, -1.539999999999999813 ) ) ;
#1202 = CARTESIAN_POINT ( 'NONE',  ( 9.199999999999999289, 2.600000000000000089, -1.165734175856249989E-16 ) ) ;
#1203 = DIRECTION ( 'NONE',  ( 0.000000000000000000, -1.000000000000000000, 1.276756478318500092E-15 ) ) ;
#1204 = VERTEX_POINT ( 'NONE', #1000 ) ;
#1205 = DIRECTION ( 'NONE',  ( 0.000000000000000000, -0.7071067811865474617, -0.7071067811865474617 ) ) ;
#1206 = CARTESIAN_POINT ( 'NONE',  ( 7.459999999999999964, 2.600000000000000089, -1.840000000000000080 ) ) ;
#1207 = DIRECTION ( 'NONE',  ( 1.000000000000000000, -3.673419846319650214E-31, -2.220446049249994825E-16 ) ) ;
#1208 = ORIENTED_EDGE ( 'NONE', *, *, #262, .F. ) ;
#1209 = FACE_OUTER_BOUND ( 'NONE', #261, .T. ) ;
#1210 = CARTESIAN_POINT ( 'NONE',  ( 7.910000000000000142, 1.899999999999999911, 1.539999999999999813 ) ) ;
#1211 = ADVANCED_FACE ( 'NONE', ( #2210 ), #1135, .F. ) ;
#1212 = EDGE_LOOP ( 'NONE', ( #799, #2196, #499, #1842 ) ) ;
#1213 = DIRECTION ( 'NONE',  ( 0.000000000000000000, 0.000000000000000000, 1.000000000000000000 ) ) ;
#1214 = ORIENTED_EDGE ( 'NONE', *, *, #2274, .T. ) ;
#1215 = DIRECTION ( 'NONE',  ( 0.000000000000000000, 1.110223024624999878E-16, -1.000000000000000000 ) ) ;
#1216 = CIRCLE ( 'NONE', #2195, 0.2000000000000002887 ) ;
#1217 = VERTEX_POINT ( 'NONE', #1507 ) ;
#1218 = LINE ( 'NONE', #1393, #1188 ) ;
#1219 = CARTESIAN_POINT ( 'NONE',  ( 8.710000000000000853, 1.899999999999999911, 1.639999999999999902 ) ) ;
#1220 = VECTOR ( 'NONE', #550, 1000.000000000000000 ) ;
#1221 = CARTESIAN_POINT ( 'NONE',  ( 7.459999999999999964, 1.699999999999999956, -1.840000000000000080 ) ) ;
#1222 = ORIENTED_EDGE ( 'NONE', *, *, #1459, .T. ) ;
#1223 = AXIS2_PLACEMENT_3D ( 'NONE', #325, #1870, #1205 ) ;
#1224 = VECTOR ( 'NONE', #1848, 1000.000000000000000 ) ;
#1225 = VECTOR ( 'NONE', #591, 1000.000000000000000 ) ;
#1226 = ORIENTED_EDGE ( 'NONE', *, *, #571, .F. ) ;
#1227 = PLANE ( 'NONE',  #1512 ) ;
#1228 = CARTESIAN_POINT ( 'NONE',  ( 8.710000000000000853, 1.899999999999999911, 1.639999999999999902 ) ) ;
#1229 = DIRECTION ( 'NONE',  ( 1.000000000000000000, 0.000000000000000000, -2.220446049250000002E-16 ) ) ;
#1230 = ORIENTED_EDGE ( 'NONE', *, *, #158, .T. ) ;
#1231 = CARTESIAN_POINT ( 'NONE',  ( 9.690000000000001279, 1.899999999999999911, 1.639999999999999902 ) ) ;
#1232 = EDGE_CURVE ( 'NONE', #797, #1574, #975, .T. ) ;
#1233 = DIRECTION ( 'NONE',  ( -1.000000000000000000, 0.000000000000000000, 2.220446049250000002E-16 ) ) ;
#1234 = EDGE_CURVE ( 'NONE', #2075, #693, #791, .T. ) ;
#1235 =( NAMED_UNIT ( * ) SI_UNIT ( $, .STERADIAN. ) SOLID_ANGLE_UNIT ( ) );
#1236 = DIRECTION ( 'NONE',  ( 0.000000000000000000, -0.7071067811865474617, -0.7071067811865474617 ) ) ;
#1237 = DIRECTION ( 'NONE',  ( 0.1066851863669889822, -0.9740821363898998220, -0.1994549136419789537 ) ) ;
#1238 = EDGE_LOOP ( 'NONE', ( #197, #2036, #454, #809 ) ) ;
#1239 = FACE_OUTER_BOUND ( 'NONE', #1775, .T. ) ;
#1240 = ORIENTED_EDGE ( 'NONE', *, *, #1105, .F. ) ;
#1241 = DIRECTION ( 'NONE',  ( 2.465190328814959874E-32, 1.000000000000000000, 1.110223024624999878E-16 ) ) ;
#1242 = CYLINDRICAL_SURFACE ( 'NONE', #1857, 0.1000000000000001443 ) ;
#1243 = ORIENTED_EDGE ( 'NONE', *, *, #1072, .F. ) ;
#1244 = ORIENTED_EDGE ( 'NONE', *, *, #2105, .F. ) ;
#1245 = EDGE_CURVE ( 'NONE', #1283, #1755, #1321, .T. ) ;
#1246 = ORIENTED_EDGE ( 'NONE', *, *, #312, .T. ) ;
#1247 = CARTESIAN_POINT ( 'NONE',  ( 9.499999993294000689, 2.799999999999999822, -0.8000000044700000812 ) ) ;
#1248 = PLANE ( 'NONE',  #184 ) ;
#1249 = DIRECTION ( 'NONE',  ( -1.000000000000000000, 0.000000000000000000, 2.220446049250000002E-16 ) ) ;
#1250 = EDGE_CURVE ( 'NONE', #1428, #1482, #1788, .T. ) ;
#1251 = ORIENTED_EDGE ( 'NONE', *, *, #1232, .F. ) ;
#1252 = CARTESIAN_POINT ( 'NONE',  ( 7.910000000000000142, 2.350000029057000006, 1.639999999999999902 ) ) ;
#1253 = ORIENTED_EDGE ( 'NONE', *, *, #2095, .F. ) ;
#1254 = DIRECTION ( 'NONE',  ( 2.220446049250000002E-16, -1.110223024624999878E-16, 1.000000000000000000 ) ) ;
#1255 = CARTESIAN_POINT ( 'NONE',  ( 8.710000000000000853, 1.899999999999999911, -1.840000000000000080 ) ) ;
#1256 = ORIENTED_EDGE ( 'NONE', *, *, #416, .F. ) ;
#1257 = CLOSED_SHELL ( 'NONE', ( #1492, #1724, #264, #496, #1262, #2141, #1521, #911, #2096, #137, #1570, #339 ) ) ;
#1258 = FACE_OUTER_BOUND ( 'NONE', #629, .T. ) ;
#1259 = DIRECTION ( 'NONE',  ( 0.000000000000000000, -0.7071067811865474617, 0.7071067811865474617 ) ) ;
#1260 = AXIS2_PLACEMENT_3D ( 'NONE', #503, #1207, #467 ) ;
#1261 = VECTOR ( 'NONE', #161, 1000.000000000000000 ) ;
#1262 = ADVANCED_FACE ( 'NONE', ( #786 ), #2019, .T. ) ;
#1263 = EDGE_CURVE ( 'NONE', #1427, #394, #414, .T. ) ;
#1264 = VECTOR ( 'NONE', #517, 1000.000000000000000 ) ;
#1265 = VECTOR ( 'NONE', #1711, 1000.000000000000000 ) ;
#1266 = VERTEX_POINT ( 'NONE', #2205 ) ;
#1267 = ORIENTED_EDGE ( 'NONE', *, *, #530, .T. ) ;
#1268 = AXIS2_PLACEMENT_3D ( 'NONE', #1062, #29, #1259 ) ;
#1269 = VERTEX_POINT ( 'NONE', #601 ) ;
#1270 = CARTESIAN_POINT ( 'NONE',  ( 9.690000000000001279, 1.899999999999999911, -1.639999999999999902 ) ) ;
#1271 = CARTESIAN_POINT ( 'NONE',  ( 9.690000000000001279, 1.699999999999999956, -1.840000000000000080 ) ) ;
#1272 =( NAMED_UNIT ( * ) SI_UNIT ( $, .STERADIAN. ) SOLID_ANGLE_UNIT ( ) );
#1273 = ORIENTED_EDGE ( 'NONE', *, *, #1474, .T. ) ;
#1274 = CARTESIAN_POINT ( 'NONE',  ( 8.710000000000000853, 1.899999999999999911, 0.8899999999999999023 ) ) ;
#1275 = FACE_OUTER_BOUND ( 'NONE', #2155, .T. ) ;
#1276 = ORIENTED_EDGE ( 'NONE', *, *, #1859, .F. ) ;
#1277 = FACE_OUTER_BOUND ( 'NONE', #1087, .T. ) ;
#1278 = ORIENTED_EDGE ( 'NONE', *, *, #2245, .F. ) ;
#1279 = PLANE ( 'NONE',  #2231 ) ;
#1280 = ORIENTED_EDGE ( 'NONE', *, *, #1008, .F. ) ;
#1281 = LINE ( 'NONE', #924, #439 ) ;
#1282 = LINE ( 'NONE', #364, #627 ) ;
#1283 = VERTEX_POINT ( 'NONE', #1314 ) ;
#1284 = CARTESIAN_POINT ( 'NONE',  ( 9.690000000000001279, 1.699999999999999956, -1.639999999999999902 ) ) ;
#1285 = EDGE_CURVE ( 'NONE', #379, #93, #632, .T. ) ;
#1286 = DIRECTION ( 'NONE',  ( -2.220446049250000002E-16, 1.110223024624999878E-16, -1.000000000000000000 ) ) ;
#1287 = EDGE_CURVE ( 'NONE', #1289, #1951, #1496, .T. ) ;
#1288 = ADVANCED_FACE ( 'NONE', ( #965 ), #1330, .F. ) ;
#1289 = VERTEX_POINT ( 'NONE', #112 ) ;
#1290 = DIRECTION ( 'NONE',  ( 1.000000000000000000, 3.673419846319650214E-31, -2.220446049249994825E-16 ) ) ;
#1291 = DIRECTION ( 'NONE',  ( 1.000000000000000000, -3.673419846319650214E-31, -2.220446049249994825E-16 ) ) ;
#1292 = DIRECTION ( 'NONE',  ( 0.000000000000000000, 1.110223024624999878E-16, -1.000000000000000000 ) ) ;
#1293 = DIRECTION ( 'NONE',  ( 2.220446049250000002E-16, -1.110223024624999878E-16, 1.000000000000000000 ) ) ;
#1294 = DIRECTION ( 'NONE',  ( -1.000000000000000000, -3.673419846319650214E-31, 2.220446049249994825E-16 ) ) ;
#1295 = VECTOR ( 'NONE', #683, 1000.000000000000000 ) ;
#1296 = ORIENTED_EDGE ( 'NONE', *, *, #1172, .F. ) ;
#1297 = VECTOR ( 'NONE', #588, 1000.000000000000000 ) ;
#1298 = AXIS2_PLACEMENT_3D ( 'NONE', #2134, #533, #1962 ) ;
#1299 = CARTESIAN_POINT ( 'NONE',  ( 10.48999999999999844, 2.350000029057000006, -1.840000000000000080 ) ) ;
#1300 = CIRCLE ( 'NONE', #1820, 0.2000000000000002887 ) ;
#1301 = DIRECTION ( 'NONE',  ( 0.000000000000000000, -0.7071067811865474617, 0.7071067811865474617 ) ) ;
#1302 = MECHANICAL_DESIGN_GEOMETRIC_PRESENTATION_REPRESENTATION (  '', ( #996 ), #301 ) ;
#1303 = EDGE_LOOP ( 'NONE', ( #1846, #336, #720, #634 ) ) ;
#1304 = CARTESIAN_POINT ( 'NONE',  ( 10.07000000000000028, 1.699999999999999956, 0.6899999999999999467 ) ) ;
#1305 = CARTESIAN_POINT ( 'NONE',  ( 9.690000000000001279, 1.699999999999999956, 0.8899999999999999023 ) ) ;
#1306 = DIRECTION ( 'NONE',  ( -1.000000000000000000, 0.000000000000000000, 2.220446049250000002E-16 ) ) ;
#1307 = ORIENTED_EDGE ( 'NONE', *, *, #1773, .F. ) ;
#1308 = LINE ( 'NONE', #1546, #915 ) ;
#1309 = EDGE_LOOP ( 'NONE', ( #1920, #493, #1341, #2268 ) ) ;
#1310 = PLANE ( 'NONE',  #1889 ) ;
#1311 = ORIENTED_EDGE ( 'NONE', *, *, #1663, .F. ) ;
#1312 = EDGE_CURVE ( 'NONE', #1499, #2165, #1218, .T. ) ;
#1313 = DIRECTION ( 'NONE',  ( -2.465190328814959874E-32, -1.000000000000000000, -1.110223024624999878E-16 ) ) ;
#1314 = CARTESIAN_POINT ( 'NONE',  ( 7.910000000000000142, 1.899999999999999911, -1.840000000000000080 ) ) ;
#1315 = DIRECTION ( 'NONE',  ( 1.000000000000000000, 3.673419846319650214E-31, -2.220446049249994825E-16 ) ) ;
#1316 = EDGE_LOOP ( 'NONE', ( #1307, #613, #545, #1441 ) ) ;
#1317 = ORIENTED_EDGE ( 'NONE', *, *, #149, .T. ) ;
#1318 = CARTESIAN_POINT ( 'NONE',  ( 9.199999999999999289, 3.600000000000000089, -7.216449660062499636E-17 ) ) ;
#1319 = CARTESIAN_POINT ( 'NONE',  ( 7.459999999999999964, 2.600000000000000089, 1.840000000000000080 ) ) ;
#1320 = DIRECTION ( 'NONE',  ( 0.000000000000000000, 1.110223024624999878E-16, -1.000000000000000000 ) ) ;
#1321 = LINE ( 'NONE', #621, #1225 ) ;
#1322 = CARTESIAN_POINT ( 'NONE',  ( 8.710000000000000853, 1.758578643762690463, 1.781421356237309350 ) ) ;
#1323 = ORIENTED_EDGE ( 'NONE', *, *, #1867, .F. ) ;
#1324 = CARTESIAN_POINT ( 'NONE',  ( 8.330000000000000071, 1.949999999999999956, -1.590000000000000080 ) ) ;
#1325 = FACE_OUTER_BOUND ( 'NONE', #189, .T. ) ;
#1326 = ORIENTED_EDGE ( 'NONE', *, *, #1105, .T. ) ;
#1327 = EDGE_CURVE ( 'NONE', #1084, #72, #488, .T. ) ;
#1328 = EDGE_CURVE ( 'NONE', #2165, #531, #1534, .T. ) ;
#1329 = AXIS2_PLACEMENT_3D ( 'NONE', #894, #244, #51 ) ;
#1330 = PLANE ( 'NONE',  #616 ) ;
#1331 = VECTOR ( 'NONE', #1541, 1000.000000000000000 ) ;
#1332 = CIRCLE ( 'NONE', #370, 0.1000000000000001443 ) ;
#1333 = VECTOR ( 'NONE', #1924, 1000.000000000000000 ) ;
#1334 = CARTESIAN_POINT ( 'NONE',  ( 9.690000000000001279, 2.350000029057000006, 1.840000000000000080 ) ) ;
#1335 = AXIS2_PLACEMENT_3D ( 'NONE', #1305, #2038, #437 ) ;
#1336 = DIRECTION ( 'NONE',  ( 1.000000000000000000, -3.673419846319650214E-31, -2.220446049249994825E-16 ) ) ;
#1337 = LINE ( 'NONE', #1862, #815 ) ;
#1338 = CARTESIAN_POINT ( 'NONE',  ( 7.910000000000000142, 1.899999999999999911, 1.639999999999999902 ) ) ;
#1339 = CARTESIAN_POINT ( 'NONE',  ( 8.710000000000000853, 2.000000000000000000, -1.639999999999999902 ) ) ;
#1340 = DIRECTION ( 'NONE',  ( 2.465190328814959874E-32, 1.000000000000000000, 1.110223024624999878E-16 ) ) ;
#1341 = ORIENTED_EDGE ( 'NONE', *, *, #276, .F. ) ;
#1342 = ORIENTED_EDGE ( 'NONE', *, *, #766, .T. ) ;
#1343 = FACE_OUTER_BOUND ( 'NONE', #1411, .T. ) ;
#1344 = EDGE_CURVE ( 'NONE', #38, #2290, #651, .T. ) ;
#1345 = CARTESIAN_POINT ( 'NONE',  ( 10.48999999999999844, 2.000000000000000000, -1.539999999999999813 ) ) ;
#1346 = ORIENTED_EDGE ( 'NONE', *, *, #2042, .T. ) ;
#1347 = ADVANCED_FACE ( 'NONE', ( #1720 ), #631, .T. ) ;
#1348 = CARTESIAN_POINT ( 'NONE',  ( 10.93999999999999950, 1.699999999999999956, -0.6899999999999999467 ) ) ;
#1349 = DIRECTION ( 'NONE',  ( 0.000000000000000000, -0.7071067811865474617, -0.7071067811865474617 ) ) ;
#1350 = DIRECTION ( 'NONE',  ( -1.000000000000000000, 3.673419846319650214E-31, 2.220446049249994825E-16 ) ) ;
#1351 = DIRECTION ( 'NONE',  ( -2.465190328814959874E-32, -1.000000000000000000, -1.110223024624999878E-16 ) ) ;
#1352 = ORIENTED_EDGE ( 'NONE', *, *, #120, .T. ) ;
#1353 = DIRECTION ( 'NONE',  ( 0.000000000000000000, 1.110223024624999878E-16, -1.000000000000000000 ) ) ;
#1354 = DIRECTION ( 'NONE',  ( 2.220446049250000002E-16, -1.110223024624999878E-16, 1.000000000000000000 ) ) ;
#1355 = EDGE_CURVE ( 'NONE', #173, #1945, #2199, .T. ) ;
#1356 = DIRECTION ( 'NONE',  ( 2.465190328814970001E-32, 1.000000000000000000, 1.110223024624999878E-16 ) ) ;
#1357 = EDGE_CURVE ( 'NONE', #2099, #1084, #1308, .T. ) ;
#1358 = DIRECTION ( 'NONE',  ( -2.220446049250000002E-16, 1.110223024624999878E-16, -1.000000000000000000 ) ) ;
#1359 = EDGE_CURVE ( 'NONE', #1755, #1410, #2215, .T. ) ;
#1360 = DIRECTION ( 'NONE',  ( 1.000000000000000000, -3.673419846319650214E-31, -2.220446049249994825E-16 ) ) ;
#1361 = CARTESIAN_POINT ( 'NONE',  ( 8.710000000000000853, 1.899999999999999911, 1.840000000000000080 ) ) ;
#1362 = DIRECTION ( 'NONE',  ( 2.465190328814959874E-32, 1.000000000000000000, 1.110223024624999878E-16 ) ) ;
#1363 = ORIENTED_EDGE ( 'NONE', *, *, #1912, .T. ) ;
#1364 = VERTEX_POINT ( 'NONE', #913 ) ;
#1365 = CARTESIAN_POINT ( 'NONE',  ( 7.575000000000000178, 3.649999999999999911, -1.625000000000000000 ) ) ;
#1366 = ORIENTED_EDGE ( 'NONE', *, *, #265, .F. ) ;
#1367 = CARTESIAN_POINT ( 'NONE',  ( 10.93999999999999950, 2.350000029057000006, 1.590000000000000080 ) ) ;
#1368 = AXIS2_PLACEMENT_3D ( 'NONE', #944, #1644, #1349 ) ;
#1369 = VECTOR ( 'NONE', #1430, 1000.000000000000000 ) ;
#1370 = PLANE ( 'NONE',  #918 ) ;
#1371 = VECTOR ( 'NONE', #1394, 1000.000000000000000 ) ;
#1372 = COLOUR_RGB ( '',0.8196078431372548767, 0.8000000000000000444, 0.7529411764705882248 ) ;
#1373 = DIRECTION ( 'NONE',  ( 2.135044182680999712E-16, 1.000000000000000000, 1.110223024624999878E-16 ) ) ;
#1374 = AXIS2_PLACEMENT_3D ( 'NONE', #1485, #607, #801 ) ;
#1375 = DIRECTION ( 'NONE',  ( -1.000000000000000000, 0.000000000000000000, 2.220446049250000002E-16 ) ) ;
#1376 = VERTEX_POINT ( 'NONE', #718 ) ;
#1377 = DIRECTION ( 'NONE',  ( -1.000000000000000000, -3.673419846319650214E-31, 2.220446049249994825E-16 ) ) ;
#1378 = ORIENTED_EDGE ( 'NONE', *, *, #940, .F. ) ;
#1379 = DIRECTION ( 'NONE',  ( 0.000000000000000000, 1.000000000000000000, 0.000000000000000000 ) ) ;
#1380 = EDGE_LOOP ( 'NONE', ( #1838, #1390, #2071, #1914 ) ) ;
#1381 = LINE ( 'NONE', #1575, #1295 ) ;
#1382 = EDGE_CURVE ( 'NONE', #2024, #1864, #1578, .T. ) ;
#1383 = VERTEX_POINT ( 'NONE', #53 ) ;
#1384 = DIRECTION ( 'NONE',  ( 2.220446049250000002E-16, -1.110223024624999878E-16, 1.000000000000000000 ) ) ;
#1385 = CARTESIAN_POINT ( 'NONE',  ( 10.48999999999999844, 1.899999999999999911, 1.539999999999999813 ) ) ;
#1386 = FACE_OUTER_BOUND ( 'NONE', #1212, .T. ) ;
#1387 = DIRECTION ( 'NONE',  ( 2.834968878136650165E-31, -1.000000000000000000, 1.276756478318500092E-15 ) ) ;
#1388 = DIRECTION ( 'NONE',  ( 1.000000000000000000, 0.000000000000000000, -2.220446049250000002E-16 ) ) ;
#1389 = ORIENTED_EDGE ( 'NONE', *, *, #713, .F. ) ;
#1390 = ORIENTED_EDGE ( 'NONE', *, *, #829, .F. ) ;
#1391 = ADVANCED_FACE ( 'NONE', ( #1239 ), #227, .T. ) ;
#1392 = ORIENTED_EDGE ( 'NONE', *, *, #2245, .T. ) ;
#1393 = CARTESIAN_POINT ( 'NONE',  ( 8.710000000000000853, 2.350000029057000006, 1.840000000000000080 ) ) ;
#1394 = DIRECTION ( 'NONE',  ( 1.000000000000000000, 0.000000000000000000, -2.220446049250000002E-16 ) ) ;
#1395 = CIRCLE ( 'NONE', #1697, 0.1000000000000001443 ) ;
#1396 = AXIS2_PLACEMENT_3D ( 'NONE', #1076, #181, #879 ) ;
#1397 = VERTEX_POINT ( 'NONE', #377 ) ;
#1398 = VECTOR ( 'NONE', #1384, 1000.000000000000000 ) ;
#1399 = VECTOR ( 'NONE', #151, 1000.000000000000000 ) ;
#1400 = UNCERTAINTY_MEASURE_WITH_UNIT (LENGTH_MEASURE( 1.000000000000000082E-05 ), #2255, 'distance_accuracy_value', 'NONE');
#1401 = DIRECTION ( 'NONE',  ( 0.000000000000000000, -0.7071067811865474617, 0.7071067811865474617 ) ) ;
#1402 = EDGE_LOOP ( 'NONE', ( #764, #13, #749, #597 ) ) ;
#1403 = DIRECTION ( 'NONE',  ( 2.465190328814959874E-32, 1.000000000000000000, 1.110223024624999878E-16 ) ) ;
#1404 = AXIS2_PLACEMENT_3D ( 'NONE', #637, #1350, #255 ) ;
#1405 = VECTOR ( 'NONE', #1176, 1000.000000000000000 ) ;
#1406 = EDGE_LOOP ( 'NONE', ( #1874, #146, #908, #961 ) ) ;
#1407 = ORIENTED_EDGE ( 'NONE', *, *, #158, .F. ) ;
#1408 = CARTESIAN_POINT ( 'NONE',  ( 10.93999999999999950, 1.699999999999999956, 0.6899999999999999467 ) ) ;
#1409 = CARTESIAN_POINT ( 'NONE',  ( 8.710000000000000853, 1.699999999999999956, 0.8899999999999999023 ) ) ;
#1410 = VERTEX_POINT ( 'NONE', #205 ) ;
#1411 = EDGE_LOOP ( 'NONE', ( #985, #851, #2247, #1179 ) ) ;
#1412 = LINE ( 'NONE', #390, #1297 ) ;
#1413 = ORIENTED_EDGE ( 'NONE', *, *, #1114, .T. ) ;
#1414 = DIRECTION ( 'NONE',  ( -1.000000000000000000, 0.000000000000000000, 2.220446049250000002E-16 ) ) ;
#1415 = DIRECTION ( 'NONE',  ( 0.000000000000000000, -0.7071067811865474617, -0.7071067811865474617 ) ) ;
#1416 = ORIENTED_EDGE ( 'NONE', *, *, #794, .F. ) ;
#1417 = ORIENTED_EDGE ( 'NONE', *, *, #625, .T. ) ;
#1418 = CARTESIAN_POINT ( 'NONE',  ( 7.569523809523801994, 3.600000000000000089, -3.240908157541612784E-15 ) ) ;
#1419 = ORIENTED_EDGE ( 'NONE', *, *, #1609, .T. ) ;
#1420 = ADVANCED_FACE ( 'NONE', ( #2129 ), #738, .T. ) ;
#1421 = DIRECTION ( 'NONE',  ( -2.220446049250000002E-16, 1.110223024624999878E-16, -1.000000000000000000 ) ) ;
#1422 = EDGE_CURVE ( 'NONE', #1869, #1283, #2012, .T. ) ;
#1423 = EDGE_CURVE ( 'NONE', #2033, #572, #557, .T. ) ;
#1424 = ORIENTED_EDGE ( 'NONE', *, *, #888, .T. ) ;
#1425 = DIRECTION ( 'NONE',  ( -1.000000000000000000, -3.673419846319650214E-31, 2.220446049249994825E-16 ) ) ;
#1426 = CARTESIAN_POINT ( 'NONE',  ( 7.910000000000000142, 1.758578643762690463, 1.781421356237309350 ) ) ;
#1427 = VERTEX_POINT ( 'NONE', #1274 ) ;
#1428 = VERTEX_POINT ( 'NONE', #1426 ) ;
#1429 = ORIENTED_EDGE ( 'NONE', *, *, #2014, .T. ) ;
#1430 = DIRECTION ( 'NONE',  ( -1.000000000000000000, -3.673419846319650214E-31, 2.220446049249994825E-16 ) ) ;
#1431 = VECTOR ( 'NONE', #1340, 1000.000000000000000 ) ;
#1432 = EDGE_CURVE ( 'NONE', #1960, #1566, #1985, .T. ) ;
#1433 = PLANE ( 'NONE',  #1626 ) ;
#1434 = COLOUR_RGB ( '',0.8196078431372548767, 0.8000000000000000444, 0.7529411764705882248 ) ;
#1435 = AXIS2_PLACEMENT_3D ( 'NONE', #1270, #1983, #734 ) ;
#1436 = PRESENTATION_LAYER_ASSIGNMENT (  '', '', ( #996 ) ) ;
#1437 = ORIENTED_EDGE ( 'NONE', *, *, #740, .F. ) ;
#1438 = CARTESIAN_POINT ( 'NONE',  ( 10.48999999999999844, 2.350000029057000006, 1.840000000000000080 ) ) ;
#1439 = CIRCLE ( 'NONE', #1743, 1.409523809523815840 ) ;
#1440 = CARTESIAN_POINT ( 'NONE',  ( 10.93999999999999950, 1.949999999999999956, -0.6899999999999999467 ) ) ;
#1441 = ORIENTED_EDGE ( 'NONE', *, *, #518, .F. ) ;
#1442 = ORIENTED_EDGE ( 'NONE', *, *, #1359, .F. ) ;
#1443 = EDGE_CURVE ( 'NONE', #485, #2033, #1216, .T. ) ;
#1444 = CARTESIAN_POINT ( 'NONE',  ( 8.710000000000000853, 1.899999999999999911, -1.639999999999999902 ) ) ;
#1445 = CARTESIAN_POINT ( 'NONE',  ( 10.93999999999999950, 1.949999999999999956, -1.552499999999999991 ) ) ;
#1446 = ADVANCED_FACE ( 'NONE', ( #694 ), #1995, .F. ) ;
#1447 = LINE ( 'NONE', #756, #12 ) ;
#1448 = ORIENTED_EDGE ( 'NONE', *, *, #589, .F. ) ;
#1449 = LINE ( 'NONE', #609, #1514 ) ;
#1450 = DIRECTION ( 'NONE',  ( 0.000000000000000000, 1.000000000000000000, 0.000000000000000000 ) ) ;
#1451 = PLANE ( 'NONE',  #337 ) ;
#1452 = CARTESIAN_POINT ( 'NONE',  ( 8.710000000000000853, 2.000000000000000000, -1.539999999999999813 ) ) ;
#1453 = DIRECTION ( 'NONE',  ( -1.000000000000000000, 0.000000000000000000, 2.220446049250000002E-16 ) ) ;
#1454 = LINE ( 'NONE', #1958, #883 ) ;
#1455 = ORIENTED_EDGE ( 'NONE', *, *, #2180, .T. ) ;
#1456 = DIRECTION ( 'NONE',  ( 3.328006943899649857E-31, 1.000000000000000000, 1.498801083243500043E-15 ) ) ;
#1457 = CARTESIAN_POINT ( 'NONE',  ( 10.82499999999999929, 3.649999999999999911, 1.625000000000000000 ) ) ;
#1458 = ADVANCED_FACE ( 'NONE', ( #1798 ), #212, .T. ) ;
#1459 = EDGE_CURVE ( 'NONE', #1049, #1283, #566, .T. ) ;
#1460 = ORIENTED_EDGE ( 'NONE', *, *, #757, .T. ) ;
#1461 = CARTESIAN_POINT ( 'NONE',  ( 8.710000000000000853, 2.350000029057000006, -1.840000000000000080 ) ) ;
#1462 = LINE ( 'NONE', #598, #882 ) ;
#1463 = CYLINDRICAL_SURFACE ( 'NONE', #1098, 0.1000000000000001443 ) ;
#1464 = DIRECTION ( 'NONE',  ( 2.465190328814959874E-32, 1.000000000000000000, 1.110223024624999878E-16 ) ) ;
#1465 = CARTESIAN_POINT ( 'NONE',  ( 7.459999999999999964, 2.600000000000000089, -1.840000000000000080 ) ) ;
#1466 = VECTOR ( 'NONE', #1387, 1000.000000000000000 ) ;
#1467 = ORIENTED_EDGE ( 'NONE', *, *, #1839, .F. ) ;
#1468 = PRESENTATION_LAYER_ASSIGNMENT (  '', '', ( #1511 ) ) ;
#1469 = VECTOR ( 'NONE', #1306, 1000.000000000000000 ) ;
#1470 =( NAMED_UNIT ( * ) SI_UNIT ( $, .STERADIAN. ) SOLID_ANGLE_UNIT ( ) );
#1471 =( GEOMETRIC_REPRESENTATION_CONTEXT ( 3 ) GLOBAL_UNCERTAINTY_ASSIGNED_CONTEXT ( ( #292 ) ) GLOBAL_UNIT_ASSIGNED_CONTEXT ( ( #974, #1495, #1470 ) ) REPRESENTATION_CONTEXT ( 'NONE', 'WORKASPACE' ) );
#1472 = AXIS2_PLACEMENT_3D ( 'NONE', #1228, #1047, #511 ) ;
#1473 = VECTOR ( 'NONE', #459, 1000.000000000000000 ) ;
#1474 = EDGE_CURVE ( 'NONE', #473, #1864, #1282, .T. ) ;
#1475 = ORIENTED_EDGE ( 'NONE', *, *, #1328, .F. ) ;
#1476 = DIRECTION ( 'NONE',  ( -2.135044182680999712E-16, -1.000000000000000000, -1.110223024624999878E-16 ) ) ;
#1477 = ORIENTED_EDGE ( 'NONE', *, *, #1616, .F. ) ;
#1478 = ADVANCED_FACE ( 'NONE', ( #37 ), #1433, .F. ) ;
#1479 = DIRECTION ( 'NONE',  ( -1.000000000000000000, -3.673419846319650214E-31, 2.220446049249994825E-16 ) ) ;
#1480 = CARTESIAN_POINT ( 'NONE',  ( 7.569523809523785118, 3.600000000000000089, 1.635238095238107370 ) ) ;
#1481 = LINE ( 'NONE', #1252, #1700 ) ;
#1482 = VERTEX_POINT ( 'NONE', #1095 ) ;
#1483 = ORIENTED_EDGE ( 'NONE', *, *, #1662, .F. ) ;
#1484 = DIRECTION ( 'NONE',  ( 2.220446049250000002E-16, -1.110223024624999878E-16, 1.000000000000000000 ) ) ;
#1485 = CARTESIAN_POINT ( 'NONE',  ( 9.690000000000001279, 2.000000000000000000, -1.539999999999999813 ) ) ;
#1486 = DIRECTION ( 'NONE',  ( -1.000000000000000000, 0.000000000000000000, 6.784696261599998716E-17 ) ) ;
#1487 = EDGE_CURVE ( 'NONE', #72, #828, #1978, .T. ) ;
#1488 = EDGE_LOOP ( 'NONE', ( #1833, #841, #1984, #1505 ) ) ;
#1489 = DIRECTION ( 'NONE',  ( -2.465190328814959874E-32, -1.000000000000000000, -1.110223024624999878E-16 ) ) ;
#1490 = PLANE ( 'NONE',  #2050 ) ;
#1491 = FACE_OUTER_BOUND ( 'NONE', #1316, .T. ) ;
#1492 = ADVANCED_FACE ( 'NONE', ( #1603 ), #2136, .T. ) ;
#1493 = EDGE_LOOP ( 'NONE', ( #558, #2132, #1326, #2 ) ) ;
#1494 = ORIENTED_EDGE ( 'NONE', *, *, #1285, .F. ) ;
#1495 =( NAMED_UNIT ( * ) PLANE_ANGLE_UNIT ( ) SI_UNIT ( $, .RADIAN. ) );
#1496 = LINE ( 'NONE', #420, #192 ) ;
#1497 = ORIENTED_EDGE ( 'NONE', *, *, #1674, .F. ) ;
#1498 = LINE ( 'NONE', #1827, #807 ) ;
#1499 = VERTEX_POINT ( 'NONE', #64 ) ;
#1500 = PLANE ( 'NONE',  #407 ) ;
#1501 = LINE ( 'NONE', #1187, #768 ) ;
#1502 = EDGE_CURVE ( 'NONE', #155, #1499, #1829, .T. ) ;
#1503 = CARTESIAN_POINT ( 'NONE',  ( 9.690000000000001279, 1.699999999999999956, 0.8899999999999999023 ) ) ;
#1504 = ORIENTED_EDGE ( 'NONE', *, *, #1124, .F. ) ;
#1505 = ORIENTED_EDGE ( 'NONE', *, *, #1754, .F. ) ;
#1506 = FILL_AREA_STYLE ('',( #779 ) ) ;
#1507 = CARTESIAN_POINT ( 'NONE',  ( 9.499999993294000689, 2.600000000000000089, 0.1999999955300000021 ) ) ;
#1508 = CIRCLE ( 'NONE', #1622, 0.1000000000000001443 ) ;
#1509 = CONICAL_SURFACE ( 'NONE', #1396, 1.425000000000000044, 0.3001711708299997228 ) ;
#1510 = PLANE ( 'NONE',  #552 ) ;
#1511 = STYLED_ITEM ( 'NONE', ( #714 ), #1763 ) ;
#1512 = AXIS2_PLACEMENT_3D ( 'NONE', #79, #763, #537 ) ;
#1513 = ORIENTED_EDGE ( 'NONE', *, *, #1560, .T. ) ;
#1514 = VECTOR ( 'NONE', #943, 1000.000000000000000 ) ;
#1515 = CIRCLE ( 'NONE', #1404, 0.2000000000000002887 ) ;
#1516 = DIRECTION ( 'NONE',  ( 1.000000000000000000, 0.000000000000000000, -2.220446049250000002E-16 ) ) ;
#1517 = VECTOR ( 'NONE', #283, 1000.000000000000114 ) ;
#1518 = ORIENTED_EDGE ( 'NONE', *, *, #770, .F. ) ;
#1519 = CARTESIAN_POINT ( 'NONE',  ( 9.690000000000001279, 1.699999999999999956, 1.840000000000000080 ) ) ;
#1520 = CARTESIAN_POINT ( 'NONE',  ( 7.459999999999999964, 2.350000029057000006, -1.590000000000000080 ) ) ;
#1521 = ADVANCED_FACE ( 'NONE', ( #88 ), #1128, .T. ) ;
#1522 = CARTESIAN_POINT ( 'NONE',  ( 7.910000000000000142, 2.350000029057000006, 1.639999999999999902 ) ) ;
#1523 = DIRECTION ( 'NONE',  ( -1.000000000000000000, 3.673419846319650214E-31, 2.220446049249994825E-16 ) ) ;
#1524 = ORIENTED_EDGE ( 'NONE', *, *, #766, .F. ) ;
#1525 = DIRECTION ( 'NONE',  ( -8.373608453856519715E-33, 1.000000000000000000, 0.000000000000000000 ) ) ;
#1526 = EDGE_CURVE ( 'NONE', #1550, #394, #78, .T. ) ;
#1527 = EDGE_CURVE ( 'NONE', #93, #2217, #1439, .T. ) ;
#1528 = LINE ( 'NONE', #2257, #399 ) ;
#1529 = DIRECTION ( 'NONE',  ( -2.220446049250000002E-16, 0.000000000000000000, -1.000000000000000000 ) ) ;
#1530 = CARTESIAN_POINT ( 'NONE',  ( 7.459999999999999964, 2.600000000000000089, 1.840000000000000080 ) ) ;
#1531 = CARTESIAN_POINT ( 'NONE',  ( 9.199999999999999289, 3.600000000000000089, -1.635238095238112255 ) ) ;
#1532 = DIRECTION ( 'NONE',  ( -1.000000000000000000, -3.673419846319650214E-31, 2.220446049249994825E-16 ) ) ;
#1533 = ORIENTED_EDGE ( 'NONE', *, *, #1131, .T. ) ;
#1534 = LINE ( 'NONE', #1921, #1473 ) ;
#1535 = DIRECTION ( 'NONE',  ( -1.000000000000000000, -3.673419846319650214E-31, 2.220446049249994825E-16 ) ) ;
#1536 = FILL_AREA_STYLE_COLOUR ( '', #374 ) ;
#1537 = ORIENTED_EDGE ( 'NONE', *, *, #739, .F. ) ;
#1538 = ORIENTED_EDGE ( 'NONE', *, *, #2042, .F. ) ;
#1539 = LINE ( 'NONE', #979, #224 ) ;
#1540 = CARTESIAN_POINT ( 'NONE',  ( 7.910000000000000142, 2.350000029057000006, 1.840000000000000080 ) ) ;
#1541 = DIRECTION ( 'NONE',  ( 1.000000000000000000, -3.673419846319650214E-31, -2.220446049249994825E-16 ) ) ;
#1542 = DIRECTION ( 'NONE',  ( -2.465190328814959874E-32, -1.000000000000000000, -1.110223024624999878E-16 ) ) ;
#1543 = CARTESIAN_POINT ( 'NONE',  ( 9.690000000000001279, 2.350000029057000006, -1.840000000000000080 ) ) ;
#1544 = VERTEX_POINT ( 'NONE', #425 ) ;
#1545 = ORIENTED_EDGE ( 'NONE', *, *, #1593, .F. ) ;
#1546 = CARTESIAN_POINT ( 'NONE',  ( 10.48999999999999844, 1.899999999999999911, -1.639999999999999902 ) ) ;
#1547 = DIRECTION ( 'NONE',  ( -2.465190328815039792E-32, -1.000000000000000000, -1.110223024624999878E-16 ) ) ;
#1548 = DIRECTION ( 'NONE',  ( 0.000000000000000000, -0.7071067811865474617, -0.7071067811865474617 ) ) ;
#1549 = AXIS2_PLACEMENT_3D ( 'NONE', #999, #1532, #2251 ) ;
#1550 = VERTEX_POINT ( 'NONE', #927 ) ;
#1551 = ADVANCED_FACE ( 'NONE', ( #254 ), #1490, .F. ) ;
#1552 = FACE_OUTER_BOUND ( 'NONE', #1309, .T. ) ;
#1553 = MECHANICAL_DESIGN_GEOMETRIC_PRESENTATION_REPRESENTATION (  '', ( #1853 ), #695 ) ;
#1554 = AXIS2_PLACEMENT_3D ( 'NONE', #2219, #1721, #1760 ) ;
#1555 = DIRECTION ( 'NONE',  ( -1.000000000000000000, 3.673419846319650214E-31, 2.220446049249994825E-16 ) ) ;
#1556 = AXIS2_PLACEMENT_3D ( 'NONE', #1165, #2254, #2220 ) ;
#1557 = ORIENTED_EDGE ( 'NONE', *, *, #2283, .T. ) ;
#1558 = DIRECTION ( 'NONE',  ( 1.000000000000000000, -3.673419846319650214E-31, -2.220446049249994825E-16 ) ) ;
#1559 = AXIS2_PLACEMENT_3D ( 'NONE', #1872, #1313, #590 ) ;
#1560 = EDGE_CURVE ( 'NONE', #314, #1667, #267, .T. ) ;
#1561 = PLANE ( 'NONE',  #1298 ) ;
#1562 = ORIENTED_EDGE ( 'NONE', *, *, #1432, .F. ) ;
#1563 = LINE ( 'NONE', #1764, #2267 ) ;
#1564 = EDGE_LOOP ( 'NONE', ( #2010, #1161, #1119, #392 ) ) ;
#1565 = CARTESIAN_POINT ( 'NONE',  ( 8.799999993293999623, 2.600000000000000089, 0.1999999955300000021 ) ) ;
#1566 = VERTEX_POINT ( 'NONE', #406 ) ;
#1567 = DIRECTION ( 'NONE',  ( -2.220446049250000002E-16, 1.110223024624999878E-16, -1.000000000000000000 ) ) ;
#1568 = FACE_OUTER_BOUND ( 'NONE', #1402, .T. ) ;
#1569 = ADVANCED_FACE ( 'NONE', ( #1633 ), #452, .F. ) ;
#1570 = ADVANCED_FACE ( 'NONE', ( #2212 ), #100, .T. ) ;
#1571 = SURFACE_SIDE_STYLE ('',( #1902 ) ) ;
#1572 = ORIENTED_EDGE ( 'NONE', *, *, #1949, .F. ) ;
#1573 = DIRECTION ( 'NONE',  ( 1.000000000000000000, 0.000000000000000000, -2.220446049250000002E-16 ) ) ;
#1574 = VERTEX_POINT ( 'NONE', #750 ) ;
#1575 = CARTESIAN_POINT ( 'NONE',  ( 9.690000000000001279, 1.899999999999999911, 1.539999999999999813 ) ) ;
#1576 = LINE ( 'NONE', #684, #2118 ) ;
#1577 = VERTEX_POINT ( 'NONE', #1480 ) ;
#1578 = LINE ( 'NONE', #2156, #516 ) ;
#1579 = ADVANCED_FACE ( 'NONE', ( #1111 ), #1451, .T. ) ;
#1580 = VERTEX_POINT ( 'NONE', #620 ) ;
#1581 = CARTESIAN_POINT ( 'NONE',  ( 10.93999999999999950, 2.350000029057000006, -1.840000000000000080 ) ) ;
#1582 = EDGE_LOOP ( 'NONE', ( #676, #1865, #1597, #1102 ) ) ;
#1583 = STYLED_ITEM ( 'NONE', ( #1173 ), #172 ) ;
#1584 = VECTOR ( 'NONE', #266, 1000.000000000000000 ) ;
#1585 = AXIS2_PLACEMENT_3D ( 'NONE', #887, #945, #2006 ) ;
#1586 = CARTESIAN_POINT ( 'NONE',  ( 9.199999999999999289, 3.600000000000000089, 1.635238095238112921 ) ) ;
#1587 = DIRECTION ( 'NONE',  ( 1.000000000000000000, -3.673419846319650214E-31, -2.220446049249994825E-16 ) ) ;
#1588 = VECTOR ( 'NONE', #678, 1000.000000000000000 ) ;
#1589 = VECTOR ( 'NONE', #608, 1000.000000000000000 ) ;
#1590 = LINE ( 'NONE', #1221, #85 ) ;
#1591 = DIRECTION ( 'NONE',  ( 2.135044182680999712E-16, -1.000000000000000000, -1.110223024624999878E-16 ) ) ;
#1592 = VECTOR ( 'NONE', #2265, 1000.000000000000000 ) ;
#1593 = EDGE_CURVE ( 'NONE', #1951, #1789, #1337, .T. ) ;
#1594 = ORIENTED_EDGE ( 'NONE', *, *, #133, .F. ) ;
#1595 = ORIENTED_EDGE ( 'NONE', *, *, #1094, .T. ) ;
#1596 = DIRECTION ( 'NONE',  ( -1.000000000000000000, 0.000000000000000000, 2.220446049250000002E-16 ) ) ;
#1597 = ORIENTED_EDGE ( 'NONE', *, *, #1192, .F. ) ;
#1598 = DIRECTION ( 'NONE',  ( 0.000000000000000000, 1.110223024624999878E-16, -1.000000000000000000 ) ) ;
#1599 = EDGE_CURVE ( 'NONE', #1917, #1667, #1677, .T. ) ;
#1600 = ADVANCED_FACE ( 'NONE', ( #795 ), #1500, .T. ) ;
#1601 = SURFACE_SIDE_STYLE ('',( #351 ) ) ;
#1602 = DIRECTION ( 'NONE',  ( 0.000000000000000000, -0.7071067811865474617, 0.7071067811865474617 ) ) ;
#1603 = FACE_OUTER_BOUND ( 'NONE', #932, .T. ) ;
#1604 = ORIENTED_EDGE ( 'NONE', *, *, #1991, .F. ) ;
#1605 = ORIENTED_EDGE ( 'NONE', *, *, #981, .F. ) ;
#1606 = FACE_OUTER_BOUND ( 'NONE', #837, .T. ) ;
#1607 = ORIENTED_EDGE ( 'NONE', *, *, #1832, .T. ) ;
#1608 = CARTESIAN_POINT ( 'NONE',  ( 8.710000000000000853, 1.899999999999999911, 1.639999999999999902 ) ) ;
#1609 = EDGE_CURVE ( 'NONE', #2161, #114, #236, .T. ) ;
#1610 = DIRECTION ( 'NONE',  ( 1.000000000000000000, 0.000000000000000000, -2.220446049250000002E-16 ) ) ;
#1611 = VERTEX_POINT ( 'NONE', #600 ) ;
#1612 = CARTESIAN_POINT ( 'NONE',  ( 8.710000000000000853, 1.899999999999999911, -1.639999999999999902 ) ) ;
#1613 = EDGE_LOOP ( 'NONE', ( #470, #639, #341, #411 ) ) ;
#1614 = DIRECTION ( 'NONE',  ( 0.000000000000000000, 1.110223024624999878E-16, -1.000000000000000000 ) ) ;
#1615 = LINE ( 'NONE', #1608, #1220 ) ;
#1616 = EDGE_CURVE ( 'NONE', #715, #30, #1121, .T. ) ;
#1617 = ORIENTED_EDGE ( 'NONE', *, *, #1526, .T. ) ;
#1618 = VECTOR ( 'NONE', #1149, 1000.000000000000000 ) ;
#1619 = AXIS2_PLACEMENT_3D ( 'NONE', #1728, #1362, #648 ) ;
#1620 = DIRECTION ( 'NONE',  ( 2.465190328814959874E-32, 1.000000000000000000, 1.110223024624999878E-16 ) ) ;
#1621 = EDGE_CURVE ( 'NONE', #524, #1574, #86, .T. ) ;
#1622 = AXIS2_PLACEMENT_3D ( 'NONE', #834, #1948, #1781 ) ;
#1623 = AXIS2_PLACEMENT_3D ( 'NONE', #968, #1336, #1704 ) ;
#1624 = AXIS2_PLACEMENT_3D ( 'NONE', #1988, #384, #1116 ) ;
#1625 = CARTESIAN_POINT ( 'NONE',  ( 9.499999993294000689, 2.600000000000000089, -0.8000000044700000812 ) ) ;
#1626 = AXIS2_PLACEMENT_3D ( 'NONE', #708, #1620, #393 ) ;
#1627 = ORIENTED_EDGE ( 'NONE', *, *, #875, .F. ) ;
#1628 = FACE_OUTER_BOUND ( 'NONE', #209, .T. ) ;
#1629 = ORIENTED_EDGE ( 'NONE', *, *, #128, .F. ) ;
#1630 = PLANE ( 'NONE',  #697 ) ;
#1631 = LINE ( 'NONE', #61, #15 ) ;
#1632 = VERTEX_POINT ( 'NONE', #2284 ) ;
#1633 = FACE_OUTER_BOUND ( 'NONE', #1303, .T. ) ;
#1634 = FACE_OUTER_BOUND ( 'NONE', #1493, .T. ) ;
#1635 = CARTESIAN_POINT ( 'NONE',  ( 7.459999999999999964, 2.475000014529000314, -1.590000000000000080 ) ) ;
#1636 = EDGE_CURVE ( 'NONE', #2221, #2045, #1197, .T. ) ;
#1637 = ADVANCED_FACE ( 'NONE', ( #131 ), #2110, .F. ) ;
#1638 = ORIENTED_EDGE ( 'NONE', *, *, #1082, .F. ) ;
#1639 = CARTESIAN_POINT ( 'NONE',  ( 10.48999999999999844, 1.899999999999999911, -0.8899999999999999023 ) ) ;
#1640 = DIRECTION ( 'NONE',  ( -1.000000000000000000, -3.673419846319650214E-31, 2.220446049249994825E-16 ) ) ;
#1641 = ORIENTED_EDGE ( 'NONE', *, *, #1169, .F. ) ;
#1642 = LINE ( 'NONE', #75, #2150 ) ;
#1643 = CARTESIAN_POINT ( 'NONE',  ( 9.690000000000001279, 1.899999999999999911, -1.539999999999999813 ) ) ;
#1644 = DIRECTION ( 'NONE',  ( -1.000000000000000000, -3.673419846319650214E-31, 2.220446049249994825E-16 ) ) ;
#1645 = DIRECTION ( 'NONE',  ( 2.974673647500800014E-16, -1.110223024624999878E-16, 1.000000000000000000 ) ) ;
#1646 = VERTEX_POINT ( 'NONE', #2066 ) ;
#1647 = DIRECTION ( 'NONE',  ( -0.2956837280710234439, 0.9552858906913788140, 1.717130156767784957E-16 ) ) ;
#1648 = DIRECTION ( 'NONE',  ( 2.135044182680999712E-16, -1.000000000000000000, -1.110223024624999878E-16 ) ) ;
#1649 = CARTESIAN_POINT ( 'NONE',  ( 8.710000000000000853, 1.699999999999999956, 1.840000000000000080 ) ) ;
#1650 = CARTESIAN_POINT ( 'NONE',  ( 8.710000000000000853, 1.899999999999999911, 0.8899999999999999023 ) ) ;
#1651 = CARTESIAN_POINT ( 'NONE',  ( 7.459999999999999964, 1.949999999999999956, -0.6899999999999999467 ) ) ;
#1652 = AXIS2_PLACEMENT_3D ( 'NONE', #2044, #270, #972 ) ;
#1653 = VERTEX_POINT ( 'NONE', #1705 ) ;
#1654 =( GEOMETRIC_REPRESENTATION_CONTEXT ( 3 ) GLOBAL_UNCERTAINTY_ASSIGNED_CONTEXT ( ( #948 ) ) GLOBAL_UNIT_ASSIGNED_CONTEXT ( ( #554, #564, #1235 ) ) REPRESENTATION_CONTEXT ( 'NONE', 'WORKASPACE' ) );
#1655 = AXIS2_PLACEMENT_3D ( 'NONE', #1858, #1126, #1525 ) ;
#1656 = EDGE_CURVE ( 'NONE', #864, #1269, #187, .T. ) ;
#1657 = CARTESIAN_POINT ( 'NONE',  ( 9.690000000000001279, 1.899999999999999911, -0.8899999999999999023 ) ) ;
#1658 = CIRCLE ( 'NONE', #297, 0.1000000000000001443 ) ;
#1659 = PLANE ( 'NONE',  #1854 ) ;
#1660 = AXIS2_PLACEMENT_3D ( 'NONE', #1976, #1249, #182 ) ;
#1661 = ORIENTED_EDGE ( 'NONE', *, *, #1065, .T. ) ;
#1662 = EDGE_CURVE ( 'NONE', #885, #57, #731, .T. ) ;
#1663 = EDGE_CURVE ( 'NONE', #614, #2166, #1689, .T. ) ;
#1664 = DIRECTION ( 'NONE',  ( 1.000000000000000000, 0.000000000000000000, -2.220446049250000002E-16 ) ) ;
#1665 = DIRECTION ( 'NONE',  ( -2.465190328814959874E-32, -1.000000000000000000, -1.110223024624999878E-16 ) ) ;
#1666 = LINE ( 'NONE', #1678, #49 ) ;
#1667 = VERTEX_POINT ( 'NONE', #2238 ) ;
#1668 = ORIENTED_EDGE ( 'NONE', *, *, #2216, .F. ) ;
#1669 = ORIENTED_EDGE ( 'NONE', *, *, #1901, .F. ) ;
#1670 = DIRECTION ( 'NONE',  ( -4.625929269270999778E-16, 1.000000000000000000, 1.110223024624999878E-16 ) ) ;
#1671 = DIRECTION ( 'NONE',  ( -2.220446049250000002E-16, 1.110223024624999878E-16, -1.000000000000000000 ) ) ;
#1672 = FACE_OUTER_BOUND ( 'NONE', #141, .T. ) ;
#1673 = CARTESIAN_POINT ( 'NONE',  ( 8.799999993293999623, 2.600000000000000089, -0.8000000044700000812 ) ) ;
#1674 = EDGE_CURVE ( 'NONE', #1428, #885, #810, .T. ) ;
#1675 = LINE ( 'NONE', #2282, #732 ) ;
#1676 = EDGE_LOOP ( 'NONE', ( #230, #346, #896, #239 ) ) ;
#1677 = LINE ( 'NONE', #106, #2126 ) ;
#1678 = CARTESIAN_POINT ( 'NONE',  ( 9.499999993294000689, 2.600000000000000089, 0.1999999955300000021 ) ) ;
#1679 = FACE_OUTER_BOUND ( 'NONE', #1406, .T. ) ;
#1680 = CARTESIAN_POINT ( 'NONE',  ( 9.690000000000001279, 1.929289321881345165, 1.610710678118654648 ) ) ;
#1681 = VERTEX_POINT ( 'NONE', #278 ) ;
#1682 = CARTESIAN_POINT ( 'NONE',  ( 7.459999999999999964, 2.600000000000000089, -1.840000000000000080 ) ) ;
#1683 = CARTESIAN_POINT ( 'NONE',  ( 10.93999999999999950, 1.699999999999999956, 1.840000000000000080 ) ) ;
#1684 = DIRECTION ( 'NONE',  ( 1.000000000000000000, 4.625929269270999778E-16, 0.000000000000000000 ) ) ;
#1685 = CARTESIAN_POINT ( 'NONE',  ( 7.459999999999999964, 1.949999999999999956, 1.840000000000000080 ) ) ;
#1686 = CARTESIAN_POINT ( 'NONE',  ( 8.710000000000000853, 1.899999999999999911, -1.539999999999999813 ) ) ;
#1687 = EDGE_CURVE ( 'NONE', #2289, #736, #1395, .T. ) ;
#1688 = ORIENTED_EDGE ( 'NONE', *, *, #2160, .F. ) ;
#1689 = LINE ( 'NONE', #1186, #2263 ) ;
#1690 = DIRECTION ( 'NONE',  ( 2.304919540254999755E-16, 1.110223024624999878E-16, -1.000000000000000000 ) ) ;
#1691 = DIRECTION ( 'NONE',  ( 0.000000000000000000, 1.110223024624999878E-16, -1.000000000000000000 ) ) ;
#1693 = EDGE_CURVE ( 'NONE', #563, #864, #636, .T. ) ;
#1692 = EDGE_LOOP ( 'NONE', ( #1545, #2163, #1979, #1467 ) ) ;
#1694 = EDGE_CURVE ( 'NONE', #1204, #715, #1028, .T. ) ;
#1695 = VERTEX_POINT ( 'NONE', #288 ) ;
#1696 = DIRECTION ( 'NONE',  ( -1.000000000000000000, 0.000000000000000000, 2.220446049250000002E-16 ) ) ;
#1697 = AXIS2_PLACEMENT_3D ( 'NONE', #152, #1170, #476 ) ;
#1698 = FACE_OUTER_BOUND ( 'NONE', #1774, .T. ) ;
#1699 = AXIS2_PLACEMENT_3D ( 'NONE', #857, #1356, #2089 ) ;
#1700 = VECTOR ( 'NONE', #1241, 1000.000000000000000 ) ;
#1701 = VECTOR ( 'NONE', #647, 1000.000000000000000 ) ;
#1702 = CARTESIAN_POINT ( 'NONE',  ( 9.690000000000001279, 1.899999999999999911, -0.8899999999999999023 ) ) ;
#1703 = VECTOR ( 'NONE', #780, 1000.000000000000000 ) ;
#1704 = DIRECTION ( 'NONE',  ( 0.000000000000000000, -0.7071067811865474617, 0.7071067811865474617 ) ) ;
#1705 = CARTESIAN_POINT ( 'NONE',  ( 7.910000000000000142, 1.899999999999999911, -1.539999999999999813 ) ) ;
#1706 = CARTESIAN_POINT ( 'NONE',  ( 9.690000000000001279, 1.899999999999999911, -1.840000000000000080 ) ) ;
#1707 = PRODUCT_DEFINITION_CONTEXT ( 'detailed design', #1753, 'design' ) ;
#1708 = FILL_AREA_STYLE ('',( #153 ) ) ;
#1709 = ORIENTED_EDGE ( 'NONE', *, *, #1694, .T. ) ;
#1710 = ADVANCED_FACE ( 'NONE', ( #1386 ), #1741, .T. ) ;
#1711 = DIRECTION ( 'NONE',  ( 2.465190328814959874E-32, 1.000000000000000000, 1.110223024624999878E-16 ) ) ;
#1712 = PRESENTATION_STYLE_ASSIGNMENT (( #178 ) ) ;
#1713 = ORIENTED_EDGE ( 'NONE', *, *, #1839, .T. ) ;
#1714 = FACE_OUTER_BOUND ( 'NONE', #653, .T. ) ;
#1715 = LINE ( 'NONE', #142, #44 ) ;
#1716 = FACE_OUTER_BOUND ( 'NONE', #2203, .T. ) ;
#1717 = LINE ( 'NONE', #1531, #1970 ) ;
#1718 = VERTEX_POINT ( 'NONE', #646 ) ;
#1719 = ORIENTED_EDGE ( 'NONE', *, *, #2095, .T. ) ;
#1720 = FACE_OUTER_BOUND ( 'NONE', #1055, .T. ) ;
#1721 = DIRECTION ( 'NONE',  ( 2.465190328814959874E-32, 1.000000000000000000, 1.110223024624999878E-16 ) ) ;
#1722 =( NAMED_UNIT ( * ) PLANE_ANGLE_UNIT ( ) SI_UNIT ( $, .RADIAN. ) );
#1723 = ORIENTED_EDGE ( 'NONE', *, *, #1245, .F. ) ;
#1724 = ADVANCED_FACE ( 'NONE', ( #1019 ), #1918, .F. ) ;
#1725 = LINE ( 'NONE', #150, #11 ) ;
#1726 = FACE_OUTER_BOUND ( 'NONE', #433, .T. ) ;
#1727 = SURFACE_STYLE_USAGE ( .BOTH. , #2093 ) ;
#1728 = CARTESIAN_POINT ( 'NONE',  ( 9.690000000000001279, 1.899999999999999911, 0.8899999999999999023 ) ) ;
#1729 = EDGE_LOOP ( 'NONE', ( #109, #1352, #745, #728 ) ) ;
#1730 = DIRECTION ( 'NONE',  ( -1.000000000000000000, 0.000000000000000000, 2.220446049249999755E-16 ) ) ;
#1731 = CARTESIAN_POINT ( 'NONE',  ( 10.48999999999999844, 2.350000029057000006, 1.840000000000000080 ) ) ;
#1732 = AXIS2_PLACEMENT_3D ( 'NONE', #1033, #2143, #1744 ) ;
#1733 = ORIENTED_EDGE ( 'NONE', *, *, #1694, .F. ) ;
#1734 = DIRECTION ( 'NONE',  ( -2.220446049250000002E-16, 1.110223024624999878E-16, -1.000000000000000000 ) ) ;
#1735 = CIRCLE ( 'NONE', #1181, 0.1000000000000001443 ) ;
#1736 = VECTOR ( 'NONE', #1596, 1000.000000000000000 ) ;
#1737 = EDGE_CURVE ( 'NONE', #2033, #709, #219, .T. ) ;
#1738 = EDGE_CURVE ( 'NONE', #1864, #1383, #1715, .T. ) ;
#1739 = VECTOR ( 'NONE', #947, 1000.000000000000000 ) ;
#1740 = MECHANICAL_DESIGN_GEOMETRIC_PRESENTATION_REPRESENTATION (  '', ( #404 ), #2194 ) ;
#1741 = CYLINDRICAL_SURFACE ( 'NONE', #2084, 0.2000000000000002887 ) ;
#1742 = DIRECTION ( 'NONE',  ( 0.000000000000000000, -0.7071067811865474617, 0.7071067811865474617 ) ) ;
#1743 = AXIS2_PLACEMENT_3D ( 'NONE', #1157, #969, #774 ) ;
#1744 = DIRECTION ( 'NONE',  ( 0.000000000000000000, -1.000000000000000000, -1.498801083243500043E-15 ) ) ;
#1745 = FACE_OUTER_BOUND ( 'NONE', #1808, .T. ) ;
#1746 = MANIFOLD_SOLID_BREP ( 'WS2812B-MINI-V3-W.step<1>[4]', #2041 ) ;
#1747 = CARTESIAN_POINT ( 'NONE',  ( 9.690000000000001279, 2.000000000000000000, -1.539999999999999813 ) ) ;
#1748 = VERTEX_POINT ( 'NONE', #870 ) ;
#1749 = PLANE ( 'NONE',  #1973 ) ;
#1750 = CARTESIAN_POINT ( 'NONE',  ( 9.690000000000001279, 2.000000000000000000, 1.539999999999999813 ) ) ;
#1751 = ORIENTED_EDGE ( 'NONE', *, *, #423, .F. ) ;
#1752 = SURFACE_STYLE_USAGE ( .BOTH. , #381 ) ;
#1753 = APPLICATION_CONTEXT ( 'automotive_design' ) ;
#1754 = EDGE_CURVE ( 'NONE', #828, #567, #1508, .T. ) ;
#1755 = VERTEX_POINT ( 'NONE', #1255 ) ;
#1756 = CARTESIAN_POINT ( 'NONE',  ( 9.690000000000001279, 2.000000000000000000, 1.539999999999999813 ) ) ;
#1757 = ORIENTED_EDGE ( 'NONE', *, *, #70, .F. ) ;
#1758 = APPLICATION_PROTOCOL_DEFINITION ( 'draft international standard', 'automotive_design', 1998, #1753 ) ;
#1759 = ORIENTED_EDGE ( 'NONE', *, *, #910, .T. ) ;
#1760 = DIRECTION ( 'NONE',  ( 0.000000000000000000, 1.110223024624999878E-16, -1.000000000000000000 ) ) ;
#1761 = CARTESIAN_POINT ( 'NONE',  ( 10.48999999999999844, 1.899999999999999911, -1.840000000000000080 ) ) ;
#1762 = CARTESIAN_POINT ( 'NONE',  ( 10.48999999999999844, 1.699999999999999956, 0.8899999999999999023 ) ) ;
#1763 = MANIFOLD_SOLID_BREP ( 'WS2812B-MINI-V3-W.step<1>[5]', #949 ) ;
#1764 = CARTESIAN_POINT ( 'NONE',  ( 7.910000000000000142, 1.699999999999999956, 0.8899999999999999023 ) ) ;
#1765 = ORIENTED_EDGE ( 'NONE', *, *, #312, .F. ) ;
#1766 = LINE ( 'NONE', #180, #2190 ) ;
#1767 = ORIENTED_EDGE ( 'NONE', *, *, #1422, .T. ) ;
#1768 = ADVANCED_FACE ( 'NONE', ( #1794 ), #47, .F. ) ;
#1769 = LINE ( 'NONE', #376, #916 ) ;
#1770 = PLANE ( 'NONE',  #546 ) ;
#1771 = DIRECTION ( 'NONE',  ( 0.000000000000000000, 1.110223024624999878E-16, -1.000000000000000000 ) ) ;
#1772 = EDGE_CURVE ( 'NONE', #1646, #1364, #14, .T. ) ;
#1773 = EDGE_CURVE ( 'NONE', #1577, #281, #900, .T. ) ;
#1774 = EDGE_LOOP ( 'NONE', ( #2145, #1460, #1709, #789, #1125, #1429, #1661, #176, #1790, #1089, #2137, #1246 ) ) ;
#1775 = EDGE_LOOP ( 'NONE', ( #1416, #1392, #2208, #1557, #1240, #2056, #2138, #873, #1222, #1069 ) ) ;
#1776 = CARTESIAN_POINT ( 'NONE',  ( 10.93999999999999950, 1.699999999999999956, 0.6899999999999999467 ) ) ;
#1777 = MANIFOLD_SOLID_BREP ( 'Move Face1', #580 ) ;
#1778 = VECTOR ( 'NONE', #122, 1000.000000000000000 ) ;
#1779 = VECTOR ( 'NONE', #747, 1000.000000000000000 ) ;
#1780 = VECTOR ( 'NONE', #199, 1000.000000000000000 ) ;
#1781 = DIRECTION ( 'NONE',  ( 0.000000000000000000, -0.7071067811865474617, -0.7071067811865474617 ) ) ;
#1782 = VECTOR ( 'NONE', #1573, 1000.000000000000000 ) ;
#1783 = VECTOR ( 'NONE', #538, 1000.000000000000000 ) ;
#1784 = EDGE_LOOP ( 'NONE', ( #1068, #68, #42, #1524 ) ) ;
#1785 = DIRECTION ( 'NONE',  ( -2.974673647500800014E-16, 1.110223024624999878E-16, -1.000000000000000000 ) ) ;
#1786 = FACE_OUTER_BOUND ( 'NONE', #1075, .T. ) ;
#1787 = CARTESIAN_POINT ( 'NONE',  ( 10.48999999999999844, 1.899999999999999911, -1.639999999999999902 ) ) ;
#1788 = CIRCLE ( 'NONE', #228, 0.2000000000000002887 ) ;
#1789 = VERTEX_POINT ( 'NONE', #1085 ) ;
#1790 = ORIENTED_EDGE ( 'NONE', *, *, #769, .T. ) ;
#1791 = LINE ( 'NONE', #1418, #583 ) ;
#1792 = EDGE_CURVE ( 'NONE', #50, #528, #1937, .T. ) ;
#1793 = CARTESIAN_POINT ( 'NONE',  ( 9.690000000000001279, 1.899999999999999911, -1.639999999999999902 ) ) ;
#1794 = FACE_OUTER_BOUND ( 'NONE', #2288, .T. ) ;
#1795 = ORIENTED_EDGE ( 'NONE', *, *, #1929, .F. ) ;
#1796 = EDGE_LOOP ( 'NONE', ( #19, #409, #359, #856, #1366, #1751, #2032, #1987, #2201, #1256 ) ) ;
#1797 = CARTESIAN_POINT ( 'NONE',  ( 8.710000000000000853, 2.350000029057000006, -1.639999999999999902 ) ) ;
#1798 = FACE_OUTER_BOUND ( 'NONE', #1058, .T. ) ;
#1799 = ORIENTED_EDGE ( 'NONE', *, *, #1912, .F. ) ;
#1800 = CARTESIAN_POINT ( 'NONE',  ( 7.910000000000000142, 1.899999999999999911, -0.8899999999999999023 ) ) ;
#1801 = EDGE_CURVE ( 'NONE', #531, #2082, #1412, .T. ) ;
#1802 = CARTESIAN_POINT ( 'NONE',  ( 9.690000000000001279, 1.899999999999999911, -1.840000000000000080 ) ) ;
#1803 = ADVANCED_FACE ( 'NONE', ( #783 ), #1310, .T. ) ;
#1804 = VERTEX_POINT ( 'NONE', #222 ) ;
#1805 = FILL_AREA_STYLE ('',( #26 ) ) ;
#1806 = ORIENTED_EDGE ( 'NONE', *, *, #1312, .T. ) ;
#1807 = CARTESIAN_POINT ( 'NONE',  ( 8.710000000000000853, 1.699999999999999956, 1.840000000000000080 ) ) ;
#1808 = EDGE_LOOP ( 'NONE', ( #1497, #1115, #1243, #1483 ) ) ;
#1809 = LINE ( 'NONE', #1284, #256 ) ;
#1810 = FACE_OUTER_BOUND ( 'NONE', #1784, .T. ) ;
#1811 = ORIENTED_EDGE ( 'NONE', *, *, #202, .F. ) ;
#1812 = LINE ( 'NONE', #422, #2122 ) ;
#1813 = DIRECTION ( 'NONE',  ( -1.000000000000000000, 0.000000000000000000, 2.220446049250000002E-16 ) ) ;
#1814 = EDGE_CURVE ( 'NONE', #1544, #2161, #1992, .T. ) ;
#1815 = STYLED_ITEM ( 'NONE', ( #724 ), #1777 ) ;
#1816 = COLOUR_RGB ( '',0.8196078431372548767, 0.8000000000000000444, 0.7529411764705882248 ) ;
#1817 = DIRECTION ( 'NONE',  ( 1.000000000000000000, 3.673419846319650214E-31, -2.220446049249994825E-16 ) ) ;
#1818 = VECTOR ( 'NONE', #98, 1000.000000000000000 ) ;
#1819 = CIRCLE ( 'NONE', #619, 0.1000000000000001443 ) ;
#1820 = AXIS2_PLACEMENT_3D ( 'NONE', #1231, #742, #69 ) ;
#1821 = VECTOR ( 'NONE', #2061, 1000.000000000000000 ) ;
#1822 = FACE_BOUND ( 'NONE', #959, .T. ) ;
#1823 = CARTESIAN_POINT ( 'NONE',  ( 7.459999999999999964, 2.350000029057000006, -4.518607677964749020E-16 ) ) ;
#1824 = AXIS2_PLACEMENT_3D ( 'NONE', #1955, #1053, #544 ) ;
#1825 = DIRECTION ( 'NONE',  ( 2.834968878136650165E-31, -1.000000000000000000, 1.276756478318500092E-15 ) ) ;
#1826 = ORIENTED_EDGE ( 'NONE', *, *, #1738, .F. ) ;
#1827 = CARTESIAN_POINT ( 'NONE',  ( 7.774999999999999467, 3.649999999999999911, 3.164135620181250039E-16 ) ) ;
#1828 = CARTESIAN_POINT ( 'NONE',  ( 9.690000000000001279, 1.899999999999999911, 1.639999999999999902 ) ) ;
#1829 = LINE ( 'NONE', #1649, #159 ) ;
#1830 = PLANE ( 'NONE',  #735 ) ;
#1831 = CARTESIAN_POINT ( 'NONE',  ( 8.710000000000000853, 1.929289321881345165, -1.610710678118654648 ) ) ;
#1832 = EDGE_CURVE ( 'NONE', #30, #2075, #1642, .T. ) ;
#1833 = ORIENTED_EDGE ( 'NONE', *, *, #1094, .F. ) ;
#1834 = DIRECTION ( 'NONE',  ( -1.000000000000000000, 3.673419846319650214E-31, 2.220446049249994825E-16 ) ) ;
#1835 = DIRECTION ( 'NONE',  ( 1.000000000000000000, 0.000000000000000000, -2.220446049250000002E-16 ) ) ;
#1836 = VERTEX_POINT ( 'NONE', #105 ) ;
#1837 = DIRECTION ( 'NONE',  ( 0.000000000000000000, 1.110223024624999878E-16, -1.000000000000000000 ) ) ;
#1838 = ORIENTED_EDGE ( 'NONE', *, *, #1883, .F. ) ;
#1839 = EDGE_CURVE ( 'NONE', #1789, #1894, #84, .T. ) ;
#1840 = DIRECTION ( 'NONE',  ( -2.465190328814959874E-32, -1.000000000000000000, -1.110223024624999878E-16 ) ) ;
#1841 = DIRECTION ( 'NONE',  ( -2.220446049250000002E-16, 1.110223024624999878E-16, -1.000000000000000000 ) ) ;
#1842 = ORIENTED_EDGE ( 'NONE', *, *, #869, .F. ) ;
#1843 =( NAMED_UNIT ( * ) PLANE_ANGLE_UNIT ( ) SI_UNIT ( $, .RADIAN. ) );
#1844 = EDGE_CURVE ( 'NONE', #1667, #332, #1462, .T. ) ;
#1845 = FACE_OUTER_BOUND ( 'NONE', #2207, .T. ) ;
#1846 = ORIENTED_EDGE ( 'NONE', *, *, #1792, .T. ) ;
#1847 = DIRECTION ( 'NONE',  ( -2.834968878136650165E-31, 1.000000000000000000, -1.276756478318500092E-15 ) ) ;
#1848 = DIRECTION ( 'NONE',  ( -2.465190328814959874E-32, -1.000000000000000000, -1.110223024624999878E-16 ) ) ;
#1849 = ORIENTED_EDGE ( 'NONE', *, *, #1090, .F. ) ;
#1850 = VECTOR ( 'NONE', #1648, 1000.000000000000000 ) ;
#1851 = ORIENTED_EDGE ( 'NONE', *, *, #460, .F. ) ;
#1852 = VERTEX_POINT ( 'NONE', #2000 ) ;
#1853 = STYLED_ITEM ( 'NONE', ( #2273 ), #1746 ) ;
#1854 = AXIS2_PLACEMENT_3D ( 'NONE', #964, #461, #1486 ) ;
#1855 = DIRECTION ( 'NONE',  ( 1.000000000000000000, 4.625929269270999778E-16, 0.000000000000000000 ) ) ;
#1856 = PRESENTATION_LAYER_ASSIGNMENT (  '', '', ( #551 ) ) ;
#1857 = AXIS2_PLACEMENT_3D ( 'NONE', #1747, #1377, #866 ) ;
#1858 = CARTESIAN_POINT ( 'NONE',  ( 7.459999999999999964, 2.600000000000000089, 1.840000000000000080 ) ) ;
#1859 = EDGE_CURVE ( 'NONE', #327, #2221, #2186, .T. ) ;
#1860 = AXIS2_PLACEMENT_3D ( 'NONE', #1807, #1403, #1771 ) ;
#1861 = CARTESIAN_POINT ( 'NONE',  ( 10.93999999999999950, 2.600000000000000089, -1.840000000000000080 ) ) ;
#1862 = CARTESIAN_POINT ( 'NONE',  ( 10.93999999999999950, 2.274999999999999911, 1.590000000000000080 ) ) ;
#1863 = CARTESIAN_POINT ( 'NONE',  ( 8.710000000000000853, 2.000000000000000000, 1.539999999999999813 ) ) ;
#1864 = VERTEX_POINT ( 'NONE', #759 ) ;
#1865 = ORIENTED_EDGE ( 'NONE', *, *, #740, .T. ) ;
#1866 = ORIENTED_EDGE ( 'NONE', *, *, #128, .T. ) ;
#1867 = EDGE_CURVE ( 'NONE', #2166, #709, #793, .T. ) ;
#1868 = CARTESIAN_POINT ( 'NONE',  ( 8.710000000000000853, 1.699999999999999956, 1.639999999999999902 ) ) ;
#1869 = VERTEX_POINT ( 'NONE', #1143 ) ;
#1870 = DIRECTION ( 'NONE',  ( -1.000000000000000000, -3.673419846319650214E-31, 2.220446049249994825E-16 ) ) ;
#1871 = EDGE_LOOP ( 'NONE', ( #846, #2108 ) ) ;
#1872 = CARTESIAN_POINT ( 'NONE',  ( 9.690000000000001279, 1.699999999999999956, 1.840000000000000080 ) ) ;
#1873 = CARTESIAN_POINT ( 'NONE',  ( 10.93999999999999950, 2.600000000000000089, -1.840000000000000080 ) ) ;
#1874 = ORIENTED_EDGE ( 'NONE', *, *, #1169, .T. ) ;
#1875 = DIRECTION ( 'NONE',  ( -2.465190328814959874E-32, -1.000000000000000000, -1.110223024624999878E-16 ) ) ;
#1876 = VERTEX_POINT ( 'NONE', #1092 ) ;
#1877 = ORIENTED_EDGE ( 'NONE', *, *, #70, .T. ) ;
#1878 = DIRECTION ( 'NONE',  ( 1.000000000000000000, 0.000000000000000000, 0.000000000000000000 ) ) ;
#1879 = DIRECTION ( 'NONE',  ( -1.000000000000000000, -3.673419846319650214E-31, 2.220446049249994825E-16 ) ) ;
#1880 = DIRECTION ( 'NONE',  ( 2.974673647500800014E-16, -1.110223024624999878E-16, 1.000000000000000000 ) ) ;
#1881 = EDGE_CURVE ( 'NONE', #758, #827, #1735, .T. ) ;
#1882 = DIRECTION ( 'NONE',  ( 1.000000000000000000, 4.625929269270999778E-16, -6.784696261599998716E-17 ) ) ;
#1883 = EDGE_CURVE ( 'NONE', #693, #1748, #2222, .T. ) ;
#1884 = DIRECTION ( 'NONE',  ( 2.220446049250000002E-16, -1.110223024624999878E-16, 1.000000000000000000 ) ) ;
#1885 = FACE_OUTER_BOUND ( 'NONE', #1613, .T. ) ;
#1886 = ORIENTED_EDGE ( 'NONE', *, *, #1754, .T. ) ;
#1887 = CARTESIAN_POINT ( 'NONE',  ( 7.910000000000000142, 2.000000000000000000, -1.639999999999999902 ) ) ;
#1888 = AXIS2_PLACEMENT_3D ( 'NONE', #893, #1425, #1236 ) ;
#1889 = AXIS2_PLACEMENT_3D ( 'NONE', #933, #1489, #1837 ) ;
#1890 = AXIS2_PLACEMENT_3D ( 'NONE', #1271, #907, #1598 ) ;
#1891 = DIRECTION ( 'NONE',  ( 2.465190328814959874E-32, 1.000000000000000000, 1.110223024624999878E-16 ) ) ;
#1892 = VECTOR ( 'NONE', #765, 1000.000000000000000 ) ;
#1893 = VECTOR ( 'NONE', #1542, 1000.000000000000000 ) ;
#1894 = VERTEX_POINT ( 'NONE', #243 ) ;
#1895 = CIRCLE ( 'NONE', #853, 0.1000000000000001443 ) ;
#1896 = FACE_OUTER_BOUND ( 'NONE', #20, .T. ) ;
#1897 = DIRECTION ( 'NONE',  ( 0.000000000000000000, -0.7071067811865474617, -0.7071067811865474617 ) ) ;
#1898 = CARTESIAN_POINT ( 'NONE',  ( 8.710000000000000853, 1.699999999999999956, -0.8899999999999999023 ) ) ;
#1899 = DIRECTION ( 'NONE',  ( 2.220446049250000002E-16, -1.110223024624999878E-16, 1.000000000000000000 ) ) ;
#1900 = PLANE ( 'NONE',  #1652 ) ;
#1901 = EDGE_CURVE ( 'NONE', #1789, #1982, #1120, .T. ) ;
#1902 = SURFACE_STYLE_FILL_AREA ( #322 ) ;
#1903 = ORIENTED_EDGE ( 'NONE', *, *, #1327, .F. ) ;
#1904 = DIRECTION ( 'NONE',  ( 0.000000000000000000, 1.110223024624999878E-16, -1.000000000000000000 ) ) ;
#1905 = CARTESIAN_POINT ( 'NONE',  ( 9.690000000000001279, 2.025000014528999692, -1.364999999999999991 ) ) ;
#1906 = ORIENTED_EDGE ( 'NONE', *, *, #1881, .T. ) ;
#1907 = DIRECTION ( 'NONE',  ( 1.000000000000000000, 0.000000000000000000, -3.018020061193400088E-16 ) ) ;
#1908 = CARTESIAN_POINT ( 'NONE',  ( 7.910000000000000142, 2.025000014528999692, 1.364999999999999991 ) ) ;
#1909 = EDGE_CURVE ( 'NONE', #912, #1936, #1449, .T. ) ;
#1910 = CARTESIAN_POINT ( 'NONE',  ( 9.499999993294000689, 2.799999999999999822, -0.8000000044700000812 ) ) ;
#1911 = FACE_OUTER_BOUND ( 'NONE', #102, .T. ) ;
#1912 = EDGE_CURVE ( 'NONE', #1580, #2217, #1498, .T. ) ;
#1913 = EDGE_CURVE ( 'NONE', #1566, #1695, #1812, .T. ) ;
#1914 = ORIENTED_EDGE ( 'NONE', *, *, #2014, .F. ) ;
#1915 = CARTESIAN_POINT ( 'NONE',  ( 9.690000000000001279, 1.899999999999999911, 0.8899999999999999023 ) ) ;
#1916 = FACE_OUTER_BOUND ( 'NONE', #200, .T. ) ;
#1917 = VERTEX_POINT ( 'NONE', #1861 ) ;
#1918 = CYLINDRICAL_SURFACE ( 'NONE', #252, 0.1000000000000001443 ) ;
#1919 = PLANE ( 'NONE',  #878 ) ;
#1920 = ORIENTED_EDGE ( 'NONE', *, *, #1814, .F. ) ;
#1921 = CARTESIAN_POINT ( 'NONE',  ( 8.710000000000000853, 2.350000029057000006, 1.639999999999999902 ) ) ;
#1922 = EDGE_LOOP ( 'NONE', ( #1378, #1140, #1214, #886, #1627, #1096, #1342, #1719, #80, #536 ) ) ;
#1923 = CARTESIAN_POINT ( 'NONE',  ( 8.710000000000000853, 1.899999999999999911, 1.639999999999999902 ) ) ;
#1924 = DIRECTION ( 'NONE',  ( 1.000000000000000000, 0.000000000000000000, -2.220446049250000002E-16 ) ) ;
#1925 = LINE ( 'NONE', #2098, #1592 ) ;
#1926 = VECTOR ( 'NONE', #1671, 1000.000000000000000 ) ;
#1927 = AXIS2_PLACEMENT_3D ( 'NONE', #1160, #1875, #1691 ) ;
#1928 = ORIENTED_EDGE ( 'NONE', *, *, #2090, .F. ) ;
#1929 = EDGE_CURVE ( 'NONE', #1876, #567, #1281, .T. ) ;
#1930 = PLANE ( 'NONE',  #1624 ) ;
#1931 = VECTOR ( 'NONE', #1464, 1000.000000000000000 ) ;
#1932 = VECTOR ( 'NONE', #1042, 1000.000000000000000 ) ;
#1933 = LINE ( 'NONE', #140, #1261 ) ;
#1934 = AXIS2_PLACEMENT_3D ( 'NONE', #1202, #321, #1730 ) ;
#1935 = ADVANCED_FACE ( 'NONE', ( #1845 ), #1630, .T. ) ;
#1936 = VERTEX_POINT ( 'NONE', #1319 ) ;
#1937 = LINE ( 'NONE', #706, #990 ) ;
#1938 = VECTOR ( 'NONE', #1293, 1000.000000000000000 ) ;
#1939 = CARTESIAN_POINT ( 'NONE',  ( 7.459999999999999964, 2.350000029057000006, -1.840000000000000080 ) ) ;
#1940 = CARTESIAN_POINT ( 'NONE',  ( 7.910000000000000142, 2.350000029057000006, 1.840000000000000080 ) ) ;
#1941 = ORIENTED_EDGE ( 'NONE', *, *, #1024, .T. ) ;
#1942 = EDGE_LOOP ( 'NONE', ( #1023, #1928, #1166, #777 ) ) ;
#1943 = LINE ( 'NONE', #1465, #298 ) ;
#1944 = SURFACE_STYLE_FILL_AREA ( #1959 ) ;
#1945 = VERTEX_POINT ( 'NONE', #573 ) ;
#1946 = ADVANCED_FACE ( 'NONE', ( #2037 ), #233, .F. ) ;
#1947 = DIRECTION ( 'NONE',  ( 1.000000000000000000, 0.000000000000000000, -2.220446049250000002E-16 ) ) ;
#1948 = DIRECTION ( 'NONE',  ( 1.000000000000000000, 3.673419846319650214E-31, -2.220446049249994825E-16 ) ) ;
#1949 = EDGE_CURVE ( 'NONE', #725, #2256, #1528, .T. ) ;
#1950 = EDGE_CURVE ( 'NONE', #725, #1836, #2052, .T. ) ;
#1951 = VERTEX_POINT ( 'NONE', #1367 ) ;
#1952 = CARTESIAN_POINT ( 'NONE',  ( 8.710000000000000853, 1.899999999999999911, 0.8899999999999999023 ) ) ;
#1953 = DIRECTION ( 'NONE',  ( 1.000000000000000000, 0.000000000000000000, -2.716081328100500255E-16 ) ) ;
#1954 = ORIENTED_EDGE ( 'NONE', *, *, #1443, .T. ) ;
#1955 = CARTESIAN_POINT ( 'NONE',  ( 7.910000000000000142, 1.899999999999999911, -1.639999999999999902 ) ) ;
#1956 = EDGE_LOOP ( 'NONE', ( #1806, #688, #973, #1538 ) ) ;
#1957 = VERTEX_POINT ( 'NONE', #2100 ) ;
#1958 = CARTESIAN_POINT ( 'NONE',  ( 10.48999999999999844, 2.350000029057000006, 1.639999999999999902 ) ) ;
#1959 = FILL_AREA_STYLE ('',( #1536 ) ) ;
#1960 = VERTEX_POINT ( 'NONE', #1686 ) ;
#1961 = ORIENTED_EDGE ( 'NONE', *, *, #1131, .F. ) ;
#1962 = DIRECTION ( 'NONE',  ( -1.931287169158079904E-15, 0.000000000000000000, 1.000000000000000000 ) ) ;
#1963 = CARTESIAN_POINT ( 'NONE',  ( 8.710000000000000853, 1.899999999999999911, 1.639999999999999902 ) ) ;
#1964 = DIRECTION ( 'NONE',  ( -2.220446049250000002E-16, 0.000000000000000000, -1.000000000000000000 ) ) ;
#1965 = ORIENTED_EDGE ( 'NONE', *, *, #1344, .T. ) ;
#1966 = ORIENTED_EDGE ( 'NONE', *, *, #794, .T. ) ;
#1967 = DIRECTION ( 'NONE',  ( -2.220446049250000002E-16, 1.110223024624999878E-16, -1.000000000000000000 ) ) ;
#1968 = ORIENTED_EDGE ( 'NONE', *, *, #423, .T. ) ;
#1969 = CARTESIAN_POINT ( 'NONE',  ( 7.910000000000000142, 2.000000000000000000, 1.539999999999999813 ) ) ;
#1970 = VECTOR ( 'NONE', #2069, 1000.000000000000000 ) ;
#1971 = VECTOR ( 'NONE', #316, 1000.000000000000000 ) ;
#1972 = VECTOR ( 'NONE', #1690, 1000.000000000000000 ) ;
#1973 = AXIS2_PLACEMENT_3D ( 'NONE', #56, #1947, #930 ) ;
#1974 = EDGE_CURVE ( 'NONE', #2045, #960, #115, .T. ) ;
#1975 = CARTESIAN_POINT ( 'NONE',  ( 10.48999999999999844, 1.758578643762690463, 1.781421356237309350 ) ) ;
#1976 = CARTESIAN_POINT ( 'NONE',  ( 7.910000000000000142, 2.025000014528999692, -1.364999999999999991 ) ) ;
#1977 = ADVANCED_BREP_SHAPE_REPRESENTATION ( 'WS2812B-MINI-V3-W', ( #1001, #952, #1746, #1763, #172, #1777, #623 ), #1471 ) ;
#1978 = CIRCLE ( 'NONE', #956, 0.1000000000000001443 ) ;
#1979 = ORIENTED_EDGE ( 'NONE', *, *, #175, .F. ) ;
#1980 = ORIENTED_EDGE ( 'NONE', *, *, #1814, .T. ) ;
#1981 = DIRECTION ( 'NONE',  ( -1.000000000000000000, 3.673419846319650214E-31, 2.220446049249994825E-16 ) ) ;
#1982 = VERTEX_POINT ( 'NONE', #130 ) ;
#1983 = DIRECTION ( 'NONE',  ( -1.000000000000000000, -3.673419846319650214E-31, 2.220446049249994825E-16 ) ) ;
#1984 = ORIENTED_EDGE ( 'NONE', *, *, #1013, .F. ) ;
#1985 = LINE ( 'NONE', #1444, #998 ) ;
#1986 = DIRECTION ( 'NONE',  ( 0.000000000000000000, 1.000000000000000000, 0.000000000000000000 ) ) ;
#1987 = ORIENTED_EDGE ( 'NONE', *, *, #498, .T. ) ;
#1988 = CARTESIAN_POINT ( 'NONE',  ( 9.690000000000001279, 2.350000029057000006, -1.840000000000000080 ) ) ;
#1989 = ORIENTED_EDGE ( 'NONE', *, *, #705, .T. ) ;
#1990 = DIRECTION ( 'NONE',  ( -1.000000000000000000, 3.673419846319650214E-31, 2.220446049249994825E-16 ) ) ;
#1991 = EDGE_CURVE ( 'NONE', #1852, #2262, #2076, .T. ) ;
#1992 = LINE ( 'NONE', #1673, #1584 ) ;
#1993 = DIRECTION ( 'NONE',  ( -2.465190328814959874E-32, -1.000000000000000000, -1.110223024624999878E-16 ) ) ;
#1994 = EDGE_LOOP ( 'NONE', ( #1866, #1200, #1668, #1733 ) ) ;
#1995 = PLANE ( 'NONE',  #1860 ) ;
#1996 = DIRECTION ( 'NONE',  ( 1.000000000000000000, 0.000000000000000000, -2.220446049250000002E-16 ) ) ;
#1997 = DIRECTION ( 'NONE',  ( -1.000000000000000000, 0.000000000000000000, 2.220446049250000002E-16 ) ) ;
#1998 = ADVANCED_FACE ( 'NONE', ( #1552 ), #285, .T. ) ;
#1999 = ORIENTED_EDGE ( 'NONE', *, *, #1859, .T. ) ;
#2000 = CARTESIAN_POINT ( 'NONE',  ( 9.690000000000001279, 1.899999999999999911, 0.8899999999999999023 ) ) ;
#2001 = LINE ( 'NONE', #1685, #921 ) ;
#2002 = ADVANCED_FACE ( 'NONE', ( #1714 ), #804, .T. ) ;
#2003 = COLOUR_RGB ( '',0.9647058823529411908, 0.9647058823529411908, 0.9529411764705881804 ) ;
#2004 = DIRECTION ( 'NONE',  ( -2.135044182680999712E-16, 1.000000000000000000, 1.110223024624999878E-16 ) ) ;
#2005 = LINE ( 'NONE', #1657, #1703 ) ;
#2006 = DIRECTION ( 'NONE',  ( 0.000000000000000000, -0.7071067811865474617, -0.7071067811865474617 ) ) ;
#2007 = VECTOR ( 'NONE', #635, 1000.000000000000000 ) ;
#2008 = CIRCLE ( 'NONE', #1435, 0.2000000000000002887 ) ;
#2009 = VECTOR ( 'NONE', #1229, 1000.000000000000000 ) ;
#2010 = ORIENTED_EDGE ( 'NONE', *, *, #1138, .F. ) ;
#2011 = LINE ( 'NONE', #2121, #1371 ) ;
#2012 = CIRCLE ( 'NONE', #1824, 0.2000000000000002887 ) ;
#2013 = CARTESIAN_POINT ( 'NONE',  ( 9.690000000000001279, 2.000000000000000000, -1.639999999999999902 ) ) ;
#2014 = EDGE_CURVE ( 'NONE', #1748, #1718, #1025, .T. ) ;
#2015 = ORIENTED_EDGE ( 'NONE', *, *, #556, .T. ) ;
#2016 = CARTESIAN_POINT ( 'NONE',  ( 10.93999999999999950, 1.949999999999999956, -1.840000000000000080 ) ) ;
#2017 = CARTESIAN_POINT ( 'NONE',  ( 8.710000000000000853, 2.000000000000000000, -1.539999999999999813 ) ) ;
#2018 = DIRECTION ( 'NONE',  ( 2.465190328814959874E-32, 1.000000000000000000, 1.110223024624999878E-16 ) ) ;
#2019 = CYLINDRICAL_SURFACE ( 'NONE', #773, 0.2000000000000002887 ) ;
#2020 = EDGE_CURVE ( 'NONE', #1580, #379, #1034, .T. ) ;
#2021 = LINE ( 'NONE', #1581, #2151 ) ;
#2022 = VERTEX_POINT ( 'NONE', #486 ) ;
#2023 = CARTESIAN_POINT ( 'NONE',  ( 7.575000000000000178, 3.649999999999999911, -1.625000000000000000 ) ) ;
#2024 = VERTEX_POINT ( 'NONE', #1565 ) ;
#2025 = CARTESIAN_POINT ( 'NONE',  ( 9.690000000000001279, 1.899999999999999911, 1.840000000000000080 ) ) ;
#2026 = ORIENTED_EDGE ( 'NONE', *, *, #1382, .T. ) ;
#2027 = DIRECTION ( 'NONE',  ( 0.000000000000000000, -0.7071067811865474617, -0.7071067811865474617 ) ) ;
#2028 = DIRECTION ( 'NONE',  ( -2.465190328814959874E-32, -1.000000000000000000, -1.110223024624999878E-16 ) ) ;
#2029 = DIRECTION ( 'NONE',  ( -1.000000000000000000, 3.673419846319650214E-31, 2.220446049249994825E-16 ) ) ;
#2030 = DIRECTION ( 'NONE',  ( 1.613270364320648732E-16, 0.2005997666559599102, 0.9796732790158025894 ) ) ;
#2031 = ADVANCED_FACE ( 'NONE', ( #1896 ), #1066, .F. ) ;
#2032 = ORIENTED_EDGE ( 'NONE', *, *, #71, .T. ) ;
#2033 = VERTEX_POINT ( 'NONE', #832 ) ;
#2034 = SURFACE_SIDE_STYLE ('',( #630 ) ) ;
#2035 = CARTESIAN_POINT ( 'NONE',  ( 10.48999999999999844, 1.699999999999999956, 1.840000000000000080 ) ) ;
#2036 = ORIENTED_EDGE ( 'NONE', *, *, #798, .T. ) ;
#2037 = FACE_OUTER_BOUND ( 'NONE', #599, .T. ) ;
#2038 = DIRECTION ( 'NONE',  ( -2.220446049250000002E-16, -1.276756478318500092E-15, -1.000000000000000000 ) ) ;
#2039 = DIRECTION ( 'NONE',  ( 2.135044182680999712E-16, 1.000000000000000000, 1.110223024624999878E-16 ) ) ;
#2040 = ORIENTED_EDGE ( 'NONE', *, *, #1738, .T. ) ;
#2041 = CLOSED_SHELL ( 'NONE', ( #24, #1211, #963, #672, #1015, #1946, #478, #2159, #1768, #2051, #136, #465 ) ) ;
#2042 = EDGE_CURVE ( 'NONE', #1499, #457, #1539, .T. ) ;
#2043 = DIRECTION ( 'NONE',  ( -1.000000000000000000, 0.000000000000000000, 2.220446049250000002E-16 ) ) ;
#2044 = CARTESIAN_POINT ( 'NONE',  ( 8.710000000000000853, 2.025000014528999692, 1.364999999999999991 ) ) ;
#2045 = VERTEX_POINT ( 'NONE', #1334 ) ;
#2046 = AXIS2_PLACEMENT_3D ( 'NONE', #1219, #681, #307 ) ;
#2047 = VECTOR ( 'NONE', #177, 1000.000000000000000 ) ;
#2048 = CIRCLE ( 'NONE', #1185, 0.2000000000000002887 ) ;
#2049 = DIRECTION ( 'NONE',  ( -2.220446049250000002E-16, 1.110223024624999878E-16, -1.000000000000000000 ) ) ;
#2050 = AXIS2_PLACEMENT_3D ( 'NONE', #2223, #2028, #576 ) ;
#2051 = ADVANCED_FACE ( 'NONE', ( #1196 ), #1168, .F. ) ;
#2052 = LINE ( 'NONE', #2246, #90 ) ;
#2053 = CARTESIAN_POINT ( 'NONE',  ( 8.710000000000000853, 1.899999999999999911, -0.8899999999999999023 ) ) ;
#2054 = LINE ( 'NONE', #453, #225 ) ;
#2055 = FACE_OUTER_BOUND ( 'NONE', #1956, .T. ) ;
#2056 = ORIENTED_EDGE ( 'NONE', *, *, #1687, .F. ) ;
#2057 = VERTEX_POINT ( 'NONE', #1702 ) ;
#2058 = LINE ( 'NONE', #790, #1892 ) ;
#2059 = DIRECTION ( 'NONE',  ( -1.000000000000000000, 0.000000000000000000, -2.369176304769079753E-16 ) ) ;
#2060 = CARTESIAN_POINT ( 'NONE',  ( 9.690000000000001279, 1.699999999999999956, 0.8899999999999999023 ) ) ;
#2061 = DIRECTION ( 'NONE',  ( 1.943446754665903057E-15, 1.110223024624999878E-16, -1.000000000000000000 ) ) ;
#2062 = EDGE_CURVE ( 'NONE', #1147, #1084, #512, .T. ) ;
#2063 = EDGE_CURVE ( 'NONE', #1544, #473, #474, .T. ) ;
#2064 = CARTESIAN_POINT ( 'NONE',  ( 7.459999999999999964, 2.350000029057000006, -1.590000000000000080 ) ) ;
#2065 = DIRECTION ( 'NONE',  ( 3.018020061193400088E-16, -1.110223024624999878E-16, 1.000000000000000000 ) ) ;
#2066 = CARTESIAN_POINT ( 'NONE',  ( 7.910000000000000142, 1.929289321881345387, 1.610710678118654871 ) ) ;
#2067 = DIRECTION ( 'NONE',  ( 1.000000000000000000, 0.000000000000000000, -2.220446049250000002E-16 ) ) ;
#2068 = UNCERTAINTY_MEASURE_WITH_UNIT (LENGTH_MEASURE( 1.000000000000000082E-05 ), #317, 'distance_accuracy_value', 'NONE');
#2069 = DIRECTION ( 'NONE',  ( -1.000000000000000000, 5.095504411765651632E-32, -2.369176304769082218E-16 ) ) ;
#2070 = VERTEX_POINT ( 'NONE', #1017 ) ;
#2071 = ORIENTED_EDGE ( 'NONE', *, *, #1191, .T. ) ;
#2072 = CARTESIAN_POINT ( 'NONE',  ( 7.459999999999999964, 2.350000029057000006, -1.840000000000000080 ) ) ;
#2073 = LINE ( 'NONE', #471, #1405 ) ;
#2074 = LINE ( 'NONE', #2035, #1589 ) ;
#2075 = VERTEX_POINT ( 'NONE', #1348 ) ;
#2076 = LINE ( 'NONE', #1915, #156 ) ;
#2077 = DIRECTION ( 'NONE',  ( 0.000000000000000000, -0.7071067811865474617, 0.7071067811865474617 ) ) ;
#2078 = DIRECTION ( 'NONE',  ( 2.220446049250000002E-16, -1.110223024624999878E-16, 1.000000000000000000 ) ) ;
#2079 = VERTEX_POINT ( 'NONE', #2064 ) ;
#2080 = FACE_OUTER_BOUND ( 'NONE', #650, .T. ) ;
#2081 = ORIENTED_EDGE ( 'NONE', *, *, #1881, .F. ) ;
#2082 = VERTEX_POINT ( 'NONE', #1005 ) ;
#2083 = VECTOR ( 'NONE', #1884, 1000.000000000000000 ) ;
#2084 = AXIS2_PLACEMENT_3D ( 'NONE', #994, #1558, #824 ) ;
#2085 = CIRCLE ( 'NONE', #1064, 0.2000000000000002887 ) ;
#2086 = FACE_OUTER_BOUND ( 'NONE', #1488, .T. ) ;
#2087 = AXIS2_PLACEMENT_3D ( 'NONE', #787, #1146, #268 ) ;
#2088 = ORIENTED_EDGE ( 'NONE', *, *, #1844, .T. ) ;
#2089 = DIRECTION ( 'NONE',  ( -1.000000000000000000, 0.000000000000000000, 2.220446049249999755E-16 ) ) ;
#2090 = EDGE_CURVE ( 'NONE', #1611, #389, #1725, .T. ) ;
#2091 = DIRECTION ( 'NONE',  ( -2.220446049250000002E-16, 1.110223024624999878E-16, -1.000000000000000000 ) ) ;
#2092 = CARTESIAN_POINT ( 'NONE',  ( 10.93999999999999950, 2.600000000000000089, 1.840000000000000080 ) ) ;
#2093 = SURFACE_SIDE_STYLE ('',( #847 ) ) ;
#2094 = LINE ( 'NONE', #2227, #1431 ) ;
#2095 = EDGE_CURVE ( 'NONE', #83, #960, #395, .T. ) ;
#2096 = ADVANCED_FACE ( 'NONE', ( #231 ), #350, .T. ) ;
#2097 = CARTESIAN_POINT ( 'NONE',  ( 7.575000000000000178, 3.649999999999999911, 1.625000000000000000 ) ) ;
#2098 = CARTESIAN_POINT ( 'NONE',  ( 8.710000000000000853, 2.350000029057000006, -1.639999999999999902 ) ) ;
#2099 = VERTEX_POINT ( 'NONE', #1639 ) ;
#2100 = CARTESIAN_POINT ( 'NONE',  ( 9.690000000000001279, 1.758578643762690463, 1.781421356237309350 ) ) ;
#2101 =( LENGTH_UNIT ( ) NAMED_UNIT ( * ) SI_UNIT ( .MILLI., .METRE. ) );
#2102 = LINE ( 'NONE', #204, #9 ) ;
#2103 = DIRECTION ( 'NONE',  ( 2.716081328100500255E-16, -1.110223024624999878E-16, 1.000000000000000000 ) ) ;
#2104 = ORIENTED_EDGE ( 'NONE', *, *, #556, .F. ) ;
#2105 = EDGE_CURVE ( 'NONE', #1632, #2166, #2011, .T. ) ;
#2106 = ORIENTED_EDGE ( 'NONE', *, *, #1250, .T. ) ;
#2107 = PRESENTATION_STYLE_ASSIGNMENT (( #313 ) ) ;
#2108 = ORIENTED_EDGE ( 'NONE', *, *, #1040, .T. ) ;
#2109 = DIRECTION ( 'NONE',  ( -2.220446049250000002E-16, 1.110223024624999878E-16, -1.000000000000000000 ) ) ;
#2110 = PLANE ( 'NONE',  #618 ) ;
#2111 = PLANE ( 'NONE',  #1732 ) ;
#2112 = ORIENTED_EDGE ( 'NONE', *, *, #2274, .F. ) ;
#2113 = SHAPE_DEFINITION_REPRESENTATION ( #41, #1977 ) ;
#2114 = EDGE_CURVE ( 'NONE', #1159, #1057, #917, .T. ) ;
#2115 = ORIENTED_EDGE ( 'NONE', *, *, #249, .F. ) ;
#2116 = CYLINDRICAL_SURFACE ( 'NONE', #1472, 0.2000000000000002887 ) ;
#2117 = MECHANICAL_DESIGN_GEOMETRIC_PRESENTATION_REPRESENTATION (  '', ( #1815 ), #547 ) ;
#2118 = VECTOR ( 'NONE', #1237, 1000.000000000000227 ) ;
#2119 = ORIENTED_EDGE ( 'NONE', *, *, #1245, .T. ) ;
#2120 = EDGE_CURVE ( 'NONE', #914, #1695, #1080, .T. ) ;
#2121 = CARTESIAN_POINT ( 'NONE',  ( 9.690000000000001279, 2.350000029057000006, -1.840000000000000080 ) ) ;
#2122 = VECTOR ( 'NONE', #2202, 1000.000000000000000 ) ;
#2123 = VECTOR ( 'NONE', #1254, 1000.000000000000000 ) ;
#2124 = DIRECTION ( 'NONE',  ( 0.000000000000000000, -0.7071067811865474617, 0.7071067811865474617 ) ) ;
#2125 = DIRECTION ( 'NONE',  ( 0.000000000000000000, 1.110223024624999878E-16, -1.000000000000000000 ) ) ;
#2126 = VECTOR ( 'NONE', #1840, 1000.000000000000000 ) ;
#2127 = LINE ( 'NONE', #194, #291 ) ;
#2128 = ORIENTED_EDGE ( 'NONE', *, *, #515, .F. ) ;
#2129 = FACE_OUTER_BOUND ( 'NONE', #1167, .T. ) ;
#2130 = ORIENTED_EDGE ( 'NONE', *, *, #218, .T. ) ;
#2131 = CARTESIAN_POINT ( 'NONE',  ( 7.910000000000000142, 2.350000029057000006, -1.840000000000000080 ) ) ;
#2132 = ORIENTED_EDGE ( 'NONE', *, *, #686, .T. ) ;
#2133 = FILL_AREA_STYLE_COLOUR ( '', #2230 ) ;
#2134 = CARTESIAN_POINT ( 'NONE',  ( 7.575000000000000178, 3.649999999999999911, 1.625000000000000000 ) ) ;
#2135 = CARTESIAN_POINT ( 'NONE',  ( 7.569523809523785118, 3.600000000000000089, -1.635238095238107370 ) ) ;
#2136 = CYLINDRICAL_SURFACE ( 'NONE', #1268, 0.2000000000000002887 ) ;
#2137 = ORIENTED_EDGE ( 'NONE', *, *, #819, .T. ) ;
#2138 = ORIENTED_EDGE ( 'NONE', *, *, #7, .T. ) ;
#2139 = ORIENTED_EDGE ( 'NONE', *, *, #133, .T. ) ;
#2140 = CARTESIAN_POINT ( 'NONE',  ( 9.149999993294478884, 2.600000000000000089, -0.3000000044700000257 ) ) ;
#2141 = ADVANCED_FACE ( 'NONE', ( #500 ), #1749, .T. ) ;
#2142 = ORIENTED_EDGE ( 'NONE', *, *, #1312, .F. ) ;
#2143 = DIRECTION ( 'NONE',  ( 2.220446049250000002E-16, -1.498801083243500043E-15, 1.000000000000000000 ) ) ;
#2144 = DIRECTION ( 'NONE',  ( 2.220446049250000002E-16, -1.110223024624999878E-16, 1.000000000000000000 ) ) ;
#2145 = ORIENTED_EDGE ( 'NONE', *, *, #941, .T. ) ;
#2146 = ORIENTED_EDGE ( 'NONE', *, *, #149, .F. ) ;
#2147 = ORIENTED_EDGE ( 'NONE', *, *, #2062, .T. ) ;
#2148 = CARTESIAN_POINT ( 'NONE',  ( 9.499999993294000689, 2.600000000000000089, -0.8000000044700000812 ) ) ;
#2149 = VECTOR ( 'NONE', #1899, 1000.000000000000000 ) ;
#2150 = VECTOR ( 'NONE', #402, 1000.000000000000000 ) ;
#2151 = VECTOR ( 'NONE', #1967, 1000.000000000000000 ) ;
#2152 = ADVANCED_FACE ( 'NONE', ( #1277 ), #206, .F. ) ;
#2153 = MECHANICAL_DESIGN_GEOMETRIC_PRESENTATION_REPRESENTATION (  '', ( #551 ), #334 ) ;
#2154 = AXIS2_PLACEMENT_3D ( 'NONE', #848, #1587, #1742 ) ;
#2155 = EDGE_LOOP ( 'NONE', ( #2178, #2026, #296, #258 ) ) ;
#2156 = CARTESIAN_POINT ( 'NONE',  ( 8.799999993293999623, 2.600000000000000089, 0.1999999955300000021 ) ) ;
#2157 = CARTESIAN_POINT ( 'NONE',  ( 10.48999999999999844, 1.929289321881345387, -1.610710678118654871 ) ) ;
#2158 = VECTOR ( 'NONE', #1354, 1000.000000000000000 ) ;
#2159 = ADVANCED_FACE ( 'NONE', ( #755 ), #1930, .F. ) ;
#2160 = EDGE_CURVE ( 'NONE', #1836, #2099, #939, .T. ) ;
#2161 = VERTEX_POINT ( 'NONE', #1625 ) ;
#2162 = DIRECTION ( 'NONE',  ( 2.465190328814959874E-32, 1.000000000000000000, 1.110223024624999878E-16 ) ) ;
#2163 = ORIENTED_EDGE ( 'NONE', *, *, #1287, .F. ) ;
#2164 = CARTESIAN_POINT ( 'NONE',  ( 10.48999999999999844, 2.350000029057000006, -1.639999999999999902 ) ) ;
#2165 = VERTEX_POINT ( 'NONE', #2179 ) ;
#2166 = VERTEX_POINT ( 'NONE', #1299 ) ;
#2167 = CARTESIAN_POINT ( 'NONE',  ( 8.710000000000000853, 1.699999999999999956, -1.840000000000000080 ) ) ;
#2168 = PLANE ( 'NONE',  #48 ) ;
#2169 = EDGE_CURVE ( 'NONE', #2221, #1957, #1300, .T. ) ;
#2170 = LINE ( 'NONE', #2148, #2123 ) ;
#2171 = ORIENTED_EDGE ( 'NONE', *, *, #2105, .T. ) ;
#2172 = DIRECTION ( 'NONE',  ( -2.220446049250000002E-16, 0.000000000000000000, -1.000000000000000000 ) ) ;
#2173 = LINE ( 'NONE', #574, #922 ) ;
#2174 = ORIENTED_EDGE ( 'NONE', *, *, #1772, .F. ) ;
#2175 = DIRECTION ( 'NONE',  ( -2.220446049250000002E-16, 1.110223024624999878E-16, -1.000000000000000000 ) ) ;
#2176 = CARTESIAN_POINT ( 'NONE',  ( 10.48999999999999844, 1.699999999999999956, 1.639999999999999902 ) ) ;
#2177 = PLANE ( 'NONE',  #993 ) ;
#2178 = ORIENTED_EDGE ( 'NONE', *, *, #417, .F. ) ;
#2179 = CARTESIAN_POINT ( 'NONE',  ( 8.710000000000000853, 2.350000029057000006, 1.639999999999999902 ) ) ;
#2180 = EDGE_CURVE ( 'NONE', #528, #1364, #1658, .T. ) ;
#2181 = CARTESIAN_POINT ( 'NONE',  ( 10.48999999999999844, 1.899999999999999911, 1.639999999999999902 ) ) ;
#2182 = DIRECTION ( 'NONE',  ( 2.465190328814959874E-32, 1.000000000000000000, 1.110223024624999878E-16 ) ) ;
#2183 = EDGE_CURVE ( 'NONE', #606, #1681, #2281, .T. ) ;
#2184 = ADVANCED_FACE ( 'NONE', ( #338 ), #2168, .T. ) ;
#2185 = EDGE_LOOP ( 'NONE', ( #1594, #1251, #1989, #1278 ) ) ;
#2186 = LINE ( 'NONE', #2025, #435 ) ;
#2187 = AXIS2_PLACEMENT_3D ( 'NONE', #816, #1523, #1174 ) ;
#2188 = EDGE_LOOP ( 'NONE', ( #2285, #877, #167, #535, #2081, #938, #55, #663, #690, #565 ) ) ;
#2189 = VECTOR ( 'NONE', #1476, 1000.000000000000000 ) ;
#2190 = VECTOR ( 'NONE', #501, 1000.000000000000000 ) ;
#2191 = DIRECTION ( 'NONE',  ( -2.465190328814959874E-32, -1.000000000000000000, -1.110223024624999878E-16 ) ) ;
#2192 = DIRECTION ( 'NONE',  ( -1.943446754665900296E-15, -1.110223024624999878E-16, 1.000000000000000000 ) ) ;
#2193 = AXIS2_PLACEMENT_3D ( 'NONE', #868, #1041, #1215 ) ;
#2194 =( GEOMETRIC_REPRESENTATION_CONTEXT ( 3 ) GLOBAL_UNCERTAINTY_ASSIGNED_CONTEXT ( ( #1400 ) ) GLOBAL_UNIT_ASSIGNED_CONTEXT ( ( #2255, #2278, #700 ) ) REPRESENTATION_CONTEXT ( 'NONE', 'WORKASPACE' ) );
#2195 = AXIS2_PLACEMENT_3D ( 'NONE', #1787, #726, #3 ) ;
#2196 = ORIENTED_EDGE ( 'NONE', *, *, #1674, .T. ) ;
#2197 = APPLICATION_PROTOCOL_DEFINITION ( 'draft international standard', 'automotive_design', 1998, #2280 ) ;
#2198 = UNCERTAINTY_MEASURE_WITH_UNIT (LENGTH_MEASURE( 1.000000000000000082E-05 ), #1014, 'distance_accuracy_value', 'NONE');
#2199 = LINE ( 'NONE', #2060, #1144 ) ;
#2200 = ORIENTED_EDGE ( 'NONE', *, *, #1285, .T. ) ;
#2201 = ORIENTED_EDGE ( 'NONE', *, *, #1355, .T. ) ;
#2202 = DIRECTION ( 'NONE',  ( -1.000000000000000000, 0.000000000000000000, 2.220446049250000002E-16 ) ) ;
#2203 = EDGE_LOOP ( 'NONE', ( #2174, #449, #1010, #157 ) ) ;
#2204 = CARTESIAN_POINT ( 'NONE',  ( 9.499999993294000689, 2.600000000000000089, -0.8000000044700000812 ) ) ;
#2205 = CARTESIAN_POINT ( 'NONE',  ( 7.910000000000000142, 1.699999999999999956, -1.639999999999999902 ) ) ;
#2206 = LINE ( 'NONE', #937, #188 ) ;
#2207 = EDGE_LOOP ( 'NONE', ( #2104, #1419, #2115, #1851 ) ) ;
#2208 = ORIENTED_EDGE ( 'NONE', *, *, #2120, .T. ) ;
#2209 = CARTESIAN_POINT ( 'NONE',  ( 10.48999999999999844, 1.899999999999999911, 0.8899999999999999023 ) ) ;
#2210 = FACE_OUTER_BOUND ( 'NONE', #1153, .T. ) ;
#2211 = DIRECTION ( 'NONE',  ( -1.000000000000000000, -4.625929269270999778E-16, 2.220446049250000002E-16 ) ) ;
#2212 = FACE_OUTER_BOUND ( 'NONE', #737, .T. ) ;
#2213 = LINE ( 'NONE', #1520, #884 ) ;
#2214 =( NAMED_UNIT ( * ) SI_UNIT ( $, .STERADIAN. ) SOLID_ANGLE_UNIT ( ) );
#2215 = LINE ( 'NONE', #2167, #1071 ) ;
#2216 = EDGE_CURVE ( 'NONE', #715, #606, #39, .T. ) ;
#2217 = VERTEX_POINT ( 'NONE', #2291 ) ;
#2218 = CARTESIAN_POINT ( 'NONE',  ( 8.710000000000000853, 2.350000029057000006, -1.840000000000000080 ) ) ;
#2219 = CARTESIAN_POINT ( 'NONE',  ( 9.149999993294478884, 2.799999999999999822, -0.3000000044700000257 ) ) ;
#2220 = DIRECTION ( 'NONE',  ( 0.000000000000000000, -0.7071067811865474617, -0.7071067811865474617 ) ) ;
#2221 = VERTEX_POINT ( 'NONE', #730 ) ;
#2222 = LINE ( 'NONE', #1304, #1779 ) ;
#2223 = CARTESIAN_POINT ( 'NONE',  ( 9.199999999999999289, 2.600000000000000089, -6.716849298982229413E-16 ) ) ;
#2224 = LINE ( 'NONE', #2239, #1224 ) ;
#2225 = AXIS2_PLACEMENT_3D ( 'NONE', #1345, #223, #925 ) ;
#2226 = VECTOR ( 'NONE', #345, 1000.000000000000000 ) ;
#2227 = CARTESIAN_POINT ( 'NONE',  ( 7.459999999999999964, 2.274999999999999911, 1.590000000000000080 ) ) ;
#2228 = ORIENTED_EDGE ( 'NONE', *, *, #2283, .F. ) ;
#2229 = ORIENTED_EDGE ( 'NONE', *, *, #888, .F. ) ;
#2230 = COLOUR_RGB ( '',0.8196078431372548767, 0.8000000000000000444, 0.7529411764705882248 ) ;
#2231 = AXIS2_PLACEMENT_3D ( 'NONE', #2140, #2182, #919 ) ;
#2232 = LINE ( 'NONE', #458, #1739 ) ;
#2233 = EDGE_CURVE ( 'NONE', #2256, #485, #1809, .T. ) ;
#2234 = AXIS2_PLACEMENT_3D ( 'NONE', #434, #1156, #1379 ) ;
#2235 = AXIS2_PLACEMENT_3D ( 'NONE', #822, #1003, #830 ) ;
#2236 = PLANE ( 'NONE',  #2235 ) ;
#2237 = CARTESIAN_POINT ( 'NONE',  ( 8.799999993293999623, 2.600000000000000089, -0.8000000044700000812 ) ) ;
#2238 = CARTESIAN_POINT ( 'NONE',  ( 10.93999999999999950, 2.350000029057000006, -1.840000000000000080 ) ) ;
#2239 = CARTESIAN_POINT ( 'NONE',  ( 9.690000000000001279, 2.350000029057000006, 1.639999999999999902 ) ) ;
#2240 = CARTESIAN_POINT ( 'NONE',  ( 8.710000000000000853, 1.899999999999999911, 1.840000000000000080 ) ) ;
#2241 = ORIENTED_EDGE ( 'NONE', *, *, #388, .T. ) ;
#2242 = CARTESIAN_POINT ( 'NONE',  ( 10.48999999999999844, 1.899999999999999911, 0.8899999999999999023 ) ) ;
#2243 = CARTESIAN_POINT ( 'NONE',  ( 7.459999999999999964, 1.699999999999999956, -0.6899999999999999467 ) ) ;
#2244 = ADVANCED_FACE ( 'NONE', ( #1099, #1822 ), #689, .T. ) ;
#2245 = EDGE_CURVE ( 'NONE', #1266, #914, #2232, .T. ) ;
#2246 = CARTESIAN_POINT ( 'NONE',  ( 9.690000000000001279, 1.699999999999999956, -0.8899999999999999023 ) ) ;
#2247 = ORIENTED_EDGE ( 'NONE', *, *, #674, .F. ) ;
#2248 = CARTESIAN_POINT ( 'NONE',  ( 9.690000000000001279, 2.000000000000000000, 1.539999999999999813 ) ) ;
#2249 = DIRECTION ( 'NONE',  ( 0.000000000000000000, -0.7071067811865474617, 0.7071067811865474617 ) ) ;
#2250 = CARTESIAN_POINT ( 'NONE',  ( 9.690000000000001279, 1.699999999999999956, -0.8899999999999999023 ) ) ;
#2251 = DIRECTION ( 'NONE',  ( 0.000000000000000000, -0.7071067811865474617, -0.7071067811865474617 ) ) ;
#2252 = ORIENTED_EDGE ( 'NONE', *, *, #819, .F. ) ;
#2253 = ADVANCED_FACE ( 'NONE', ( #126 ), #1175, .F. ) ;
#2254 = DIRECTION ( 'NONE',  ( -1.000000000000000000, -3.673419846319650214E-31, 2.220446049249994825E-16 ) ) ;
#2255 =( LENGTH_UNIT ( ) NAMED_UNIT ( * ) SI_UNIT ( .MILLI., .METRE. ) );
#2256 = VERTEX_POINT ( 'NONE', #1134 ) ;
#2257 = CARTESIAN_POINT ( 'NONE',  ( 9.690000000000001279, 1.699999999999999956, -0.8899999999999999023 ) ) ;
#2258 = EDGE_CURVE ( 'NONE', #1410, #221, #641, .T. ) ;
#2259 = FILL_AREA_STYLE_COLOUR ( '', #1434 ) ;
#2260 = LINE ( 'NONE', #997, #2083 ) ;
#2261 = ORIENTED_EDGE ( 'NONE', *, *, #1832, .F. ) ;
#2262 = VERTEX_POINT ( 'NONE', #2209 ) ;
#2263 = VECTOR ( 'NONE', #1567, 1000.000000000000000 ) ;
#2264 = AXIS2_PLACEMENT_3D ( 'NONE', #1206, #2091, #1233 ) ;
#2265 = DIRECTION ( 'NONE',  ( -2.465190328814959874E-32, -1.000000000000000000, -1.110223024624999878E-16 ) ) ;
#2266 = AXIS2_PLACEMENT_3D ( 'NONE', #654, #671, #1904 ) ;
#2267 = VECTOR ( 'NONE', #1194, 1000.000000000000000 ) ;
#2268 = ORIENTED_EDGE ( 'NONE', *, *, #1609, .F. ) ;
#2269 = VECTOR ( 'NONE', #988, 1000.000000000000000 ) ;
#2270 = DIRECTION ( 'NONE',  ( 1.000000000000000000, 0.000000000000000000, -2.220446049250000002E-16 ) ) ;
#2271 = FACE_OUTER_BOUND ( 'NONE', #1238, .T. ) ;
#2272 = ORIENTED_EDGE ( 'NONE', *, *, #1663, .T. ) ;
#2273 = PRESENTATION_STYLE_ASSIGNMENT (( #1727 ) ) ;
#2274 = EDGE_CURVE ( 'NONE', #1057, #2262, #299, .T. ) ;
#2275 = DIRECTION ( 'NONE',  ( 1.000000000000000000, -3.673419846319650214E-31, -2.220446049249994825E-16 ) ) ;
#2276 = CARTESIAN_POINT ( 'NONE',  ( 7.459999999999999964, 1.699999999999999956, -0.6899999999999999467 ) ) ;
#2277 = ORIENTED_EDGE ( 'NONE', *, *, #1593, .T. ) ;
#2278 =( NAMED_UNIT ( * ) PLANE_ANGLE_UNIT ( ) SI_UNIT ( $, .RADIAN. ) );
#2279 = ORIENTED_EDGE ( 'NONE', *, *, #1792, .F. ) ;
#2280 = APPLICATION_CONTEXT ( 'automotive_design' ) ;
#2281 = LINE ( 'NONE', #1445, #1588 ) ;
#2282 = CARTESIAN_POINT ( 'NONE',  ( 8.799999993293999623, 2.600000000000000089, 0.1999999955300000021 ) ) ;
#2283 = EDGE_CURVE ( 'NONE', #1695, #1653, #2058, .T. ) ;
#2284 = CARTESIAN_POINT ( 'NONE',  ( 9.690000000000001279, 2.350000029057000006, -1.840000000000000080 ) ) ;
#2285 = ORIENTED_EDGE ( 'NONE', *, *, #1002, .F. ) ;
#2286 = CARTESIAN_POINT ( 'NONE',  ( 8.710000000000000853, 2.350000029057000006, -1.639999999999999902 ) ) ;
#2287 = DIRECTION ( 'NONE',  ( 2.220446049250000002E-16, -1.110223024624999878E-16, 1.000000000000000000 ) ) ;
#2288 = EDGE_LOOP ( 'NONE', ( #1317, #491, #2272, #1244 ) ) ;
#2289 = VERTEX_POINT ( 'NONE', #1887 ) ;
#2290 = VERTEX_POINT ( 'NONE', #1682 ) ;
#2291 = CARTESIAN_POINT ( 'NONE',  ( 7.790476190476184115, 3.600000000000000089, 3.074260422949715705E-16 ) ) ;
ENDSEC;
END-ISO-10303-21;
