ISO-10303-21;
HEADER;
FILE_DESCRIPTION (( 'STEP AP214' ),
    '1' );
FILE_NAME ('WS2812B-MINI-X2.STEP',
    '2025-06-02T10:34:49',
    ( '' ),
    ( '' ),
    'SwSTEP 2.0',
    'SolidWorks 2022',
    '' );
FILE_SCHEMA (( 'AUTOMOTIVE_DESIGN' ));
ENDSEC;

DATA;
#1 = FACE_BOUND ( 'NONE', #813, .T. ) ;
#2 = EDGE_LOOP ( 'NONE', ( #1427, #2010, #1252, #1716 ) ) ;
#3 = ORIENTED_EDGE ( 'NONE', *, *, #2093, .F. ) ;
#4 = COLOUR_RGB ( '',1.000000000000000000, 1.000000000000000000, 1.000000000000000000 ) ;
#5 = CARTESIAN_POINT ( 'NONE',  ( -0.3999999999999999667, 0.5500000000000000444, 0.2999999999999999889 ) ) ;
#6 = CARTESIAN_POINT ( 'NONE',  ( -1.728979152946861886, 0.1999999999999999833, 1.318144490507907607 ) ) ;
#7 = PRESENTATION_STYLE_ASSIGNMENT (( #2144 ) ) ;
#8 = EDGE_LOOP ( 'NONE', ( #133, #917, #1323, #1138 ) ) ;
#9 = VERTEX_POINT ( 'NONE', #1953 ) ;
#10 = PLANE ( 'NONE',  #1836 ) ;
#11 = ADVANCED_FACE ( 'NONE', ( #2525 ), #2318, .T. ) ;
#12 = PLANE ( 'NONE',  #2295 ) ;
#13 = ORIENTED_EDGE ( 'NONE', *, *, #1233, .T. ) ;
#14 = CARTESIAN_POINT ( 'NONE',  ( -1.550698786960778452, 0.9499999999999999556, 1.650150976497606559 ) ) ;
#15 = ORIENTED_EDGE ( 'NONE', *, *, #981, .F. ) ;
#16 =( GEOMETRIC_REPRESENTATION_CONTEXT ( 3 ) GLOBAL_UNCERTAINTY_ASSIGNED_CONTEXT ( ( #2527 ) ) GLOBAL_UNIT_ASSIGNED_CONTEXT ( ( #787, #395, #1934 ) ) REPRESENTATION_CONTEXT ( 'NONE', 'WORKASPACE' ) );
#17 = LINE ( 'NONE', #2148, #489 ) ;
#18 = SURFACE_STYLE_USAGE ( .BOTH. , #2223 ) ;
#19 = CARTESIAN_POINT ( 'NONE',  ( -1.650547810463169451, 0.000000000000000000, 1.750000000000000000 ) ) ;
#20 = ADVANCED_FACE ( 'NONE', ( #579 ), #757, .F. ) ;
#21 = ADVANCED_FACE ( 'NONE', ( #2128 ), #943, .F. ) ;
#22 = STYLED_ITEM ( 'NONE', ( #1623 ), #485 ) ;
#23 = FILL_AREA_STYLE_COLOUR ( '', #1136 ) ;
#24 = CARTESIAN_POINT ( 'NONE',  ( 1.728979152946862552, 0.1999999999999999833, 0.1981444905079081109 ) ) ;
#25 =( GEOMETRIC_REPRESENTATION_CONTEXT ( 3 ) GLOBAL_UNCERTAINTY_ASSIGNED_CONTEXT ( ( #1956 ) ) GLOBAL_UNIT_ASSIGNED_CONTEXT ( ( #661, #1673, #1475 ) ) REPRESENTATION_CONTEXT ( 'NONE', 'WORKASPACE' ) );
#26 = EDGE_CURVE ( 'NONE', #1030, #484, #1470, .T. ) ;
#27 = VERTEX_POINT ( 'NONE', #1012 ) ;
#28 = STYLED_ITEM ( 'NONE', ( #425 ), #1429 ) ;
#29 = CARTESIAN_POINT ( 'NONE',  ( 0.8126548634943960847, 0.4499999999999999556, 1.107615829304984922 ) ) ;
#30 = COLOUR_RGB ( '',0.2509803921568627416, 0.2509803921568627416, 0.2509803921568627416 ) ;
#31 = DIRECTION ( 'NONE',  ( -0.7071067811865441310, 0.000000000000000000, 0.7071067811865507924 ) ) ;
#32 = AXIS2_PLACEMENT_3D ( 'NONE', #864, #1825, #2232 ) ;
#33 = CARTESIAN_POINT ( 'NONE',  ( -1.450150976497605937, 0.9399999999999999467, 1.450150976497606381 ) ) ;
#34 =( LENGTH_UNIT ( ) NAMED_UNIT ( * ) SI_UNIT ( .MILLI., .METRE. ) );
#35 = CARTESIAN_POINT ( 'NONE',  ( 1.336106581800937443, 0.9400000000000000577, 0.9072988320550499086 ) ) ;
#36 = DIRECTION ( 'NONE',  ( 0.1044045134811382863, -0.9933425919253661140, 0.04868462418220251969 ) ) ;
#37 = AXIS2_PLACEMENT_3D ( 'NONE', #722, #88, #1109 ) ;
#38 = EDGE_CURVE ( 'NONE', #58, #2417, #594, .T. ) ;
#39 = PLANE ( 'NONE',  #1902 ) ;
#40 = ORIENTED_EDGE ( 'NONE', *, *, #2047, .T. ) ;
#41 = ORIENTED_EDGE ( 'NONE', *, *, #2547, .T. ) ;
#42 = CARTESIAN_POINT ( 'NONE',  ( -0.3999999999999999112, 0.4500000000000000111, 0.6999999999999999556 ) ) ;
#43 = CARTESIAN_POINT ( 'NONE',  ( 0.4000000000000000777, 0.5500000000000000444, 0.2999999999999999889 ) ) ;
#44 = DIRECTION ( 'NONE',  ( 0.000000000000000000, 1.000000000000000000, 0.000000000000000000 ) ) ;
#45 = CARTESIAN_POINT ( 'NONE',  ( 1.609087585240799756, 0.9499999999999999556, -1.650150976497607447 ) ) ;
#46 = CARTESIAN_POINT ( 'NONE',  ( -1.850000000000000089, 0.2000000000000000111, 0.9782884572693757441 ) ) ;
#47 = APPLICATION_CONTEXT ( 'automotive_design' ) ;
#48 = CARTESIAN_POINT ( 'NONE',  ( 1.107615829304984922, 0.4500000000000000111, 0.8126548634943928651 ) ) ;
#49 = FACE_OUTER_BOUND ( 'NONE', #418, .T. ) ;
#50 = FILL_AREA_STYLE_COLOUR ( '', #56 ) ;
#51 = ORIENTED_EDGE ( 'NONE', *, *, #1893, .T. ) ;
#52 = EDGE_CURVE ( 'NONE', #2439, #1925, #996, .T. ) ;
#53 = EDGE_CURVE ( 'NONE', #657, #554, #600, .T. ) ;
#54 =( NAMED_UNIT ( * ) PLANE_ANGLE_UNIT ( ) SI_UNIT ( $, .RADIAN. ) );
#55 =( LENGTH_UNIT ( ) NAMED_UNIT ( * ) SI_UNIT ( .MILLI., .METRE. ) );
#56 = COLOUR_RGB ( '',1.000000000000000000, 0.8078431372549019773, 0.4980392156862745168 ) ;
#57 = CARTESIAN_POINT ( 'NONE',  ( 1.450150976497606381, 0.9399999999999999467, -1.450150976497606825 ) ) ;
#58 = VERTEX_POINT ( 'NONE', #1185 ) ;
#59 = CARTESIAN_POINT ( 'NONE',  ( 1.116846170922498827, 0.4500000000000000111, 0.7658840241693870565 ) ) ;
#60 = AXIS2_PLACEMENT_3D ( 'NONE', #836, #653, #1826 ) ;
#61 = VECTOR ( 'NONE', #1997, 1000.000000000000000 ) ;
#62 = SURFACE_STYLE_USAGE ( .BOTH. , #1986 ) ;
#63 = ORIENTED_EDGE ( 'NONE', *, *, #38, .T. ) ;
#64 = COLOUR_RGB ( '',1.000000000000000000, 0.8078431372549019773, 0.4980392156862745168 ) ;
#65 = DIRECTION ( 'NONE',  ( 0.9945218953682736229, -0.1045284632676512782, -1.232300342334496109E-16 ) ) ;
#66 = DIRECTION ( 'NONE',  ( 0.000000000000000000, 1.000000000000000000, 0.000000000000000000 ) ) ;
#67 = FILL_AREA_STYLE_COLOUR ( '', #803 ) ;
#68 = VECTOR ( 'NONE', #99, 1000.000000000000000 ) ;
#69 = PRODUCT_DEFINITION ( 'UNKNOWN', '', #2179, #2157 ) ;
#70 = DIRECTION ( 'NONE',  ( -0.1044045134811382863, 0.9933425919253661140, 0.04868462418220251969 ) ) ;
#71 = EDGE_CURVE ( 'NONE', #2119, #690, #2171, .T. ) ;
#72 = AXIS2_PLACEMENT_3D ( 'NONE', #1979, #652, #1423 ) ;
#73 = ORIENTED_EDGE ( 'NONE', *, *, #1532, .F. ) ;
#74 = LINE ( 'NONE', #1439, #1509 ) ;
#75 = DIRECTION ( 'NONE',  ( 0.1044045134811382863, -0.9933425919253661140, 0.04868462418220251969 ) ) ;
#76 = LINE ( 'NONE', #859, #1372 ) ;
#77 = CARTESIAN_POINT ( 'NONE',  ( -1.849999999999999867, 0.000000000000000000, 0.1417115427306237241 ) ) ;
#78 = ORIENTED_EDGE ( 'NONE', *, *, #871, .F. ) ;
#79 = LINE ( 'NONE', #1990, #287 ) ;
#80 = FILL_AREA_STYLE ('',( #67 ) ) ;
#81 = ORIENTED_EDGE ( 'NONE', *, *, #1285, .T. ) ;
#82 = CARTESIAN_POINT ( 'NONE',  ( 1.450150976497606381, 0.9399999999999999467, -1.550150976497606914 ) ) ;
#83 = LINE ( 'NONE', #467, #1091 ) ;
#84 = ORIENTED_EDGE ( 'NONE', *, *, #735, .T. ) ;
#85 = ADVANCED_FACE ( 'NONE', ( #1064 ), #286, .T. ) ;
#86 = CARTESIAN_POINT ( 'NONE',  ( 0.8299696623749684976, 0.4500000000000000111, 1.090301030424412287 ) ) ;
#87 = DIRECTION ( 'NONE',  ( -0.7071067811865506814, 0.000000000000000000, -0.7071067811865443531 ) ) ;
#88 = DIRECTION ( 'NONE',  ( -0.1724321482694488317, 0.8927325632787550536, -0.4162880309412300694 ) ) ;
#89 = ORIENTED_EDGE ( 'NONE', *, *, #763, .T. ) ;
#90 = ORIENTED_EDGE ( 'NONE', *, *, #1695, .F. ) ;
#91 = DIRECTION ( 'NONE',  ( 0.000000000000000000, 1.000000000000000000, 0.000000000000000000 ) ) ;
#92 = DIRECTION ( 'NONE',  ( 0.9063077870366480493, 0.4226182617407033826, 0.000000000000000000 ) ) ;
#93 = ORIENTED_EDGE ( 'NONE', *, *, #1598, .T. ) ;
#94 = FILL_AREA_STYLE ('',( #1317 ) ) ;
#95 = DIRECTION ( 'NONE',  ( 1.000000000000000000, 0.000000000000000000, -0.000000000000000000 ) ) ;
#96 = DIRECTION ( 'NONE',  ( -1.232300342334496109E-16, -0.1045284632676512782, -0.9945218953682736229 ) ) ;
#97 = ORIENTED_EDGE ( 'NONE', *, *, #1266, .T. ) ;
#98 = COLOUR_RGB ( '',1.000000000000000000, 0.8078431372549019773, 0.4980392156862745168 ) ;
#99 = DIRECTION ( 'NONE',  ( -0.000000000000000000, -0.000000000000000000, 1.000000000000000000 ) ) ;
#100 = CARTESIAN_POINT ( 'NONE',  ( -1.650150976497607225, 0.9499999999999999556, -1.609087585240799534 ) ) ;
#101 = EDGE_CURVE ( 'NONE', #1669, #1888, #612, .T. ) ;
#102 =( NAMED_UNIT ( * ) SI_UNIT ( $, .STERADIAN. ) SOLID_ANGLE_UNIT ( ) );
#103 = LINE ( 'NONE', #2270, #2422 ) ;
#104 = ORIENTED_EDGE ( 'NONE', *, *, #852, .T. ) ;
#105 = MECHANICAL_DESIGN_GEOMETRIC_PRESENTATION_REPRESENTATION (  '', ( #320 ), #555 ) ;
#106 = EDGE_CURVE ( 'NONE', #1531, #1157, #83, .T. ) ;
#107 = ORIENTED_EDGE ( 'NONE', *, *, #992, .T. ) ;
#108 = VECTOR ( 'NONE', #1887, 1000.000000000000000 ) ;
#109 = LINE ( 'NONE', #367, #683 ) ;
#110 = DIRECTION ( 'NONE',  ( 0.000000000000000000, 0.000000000000000000, -1.000000000000000000 ) ) ;
#111 = ORIENTED_EDGE ( 'NONE', *, *, #1028, .F. ) ;
#112 = AXIS2_PLACEMENT_3D ( 'NONE', #895, #933, #95 ) ;
#113 = MECHANICAL_DESIGN_GEOMETRIC_PRESENTATION_REPRESENTATION (  '', ( #2330 ), #1876 ) ;
#114 = CARTESIAN_POINT ( 'NONE',  ( -1.750000000000000000, 0.000000000000000000, -1.750000000000000000 ) ) ;
#115 = ORIENTED_EDGE ( 'NONE', *, *, #303, .T. ) ;
#116 =( NAMED_UNIT ( * ) PLANE_ANGLE_UNIT ( ) SI_UNIT ( $, .RADIAN. ) );
#117 = LINE ( 'NONE', #1243, #1244 ) ;
#118 = AXIS2_PLACEMENT_3D ( 'NONE', #451, #66, #1224 ) ;
#119 = LINE ( 'NONE', #332, #1099 ) ;
#120 = CYLINDRICAL_SURFACE ( 'NONE', #37, 0.09999999999999997780 ) ;
#121 = ORIENTED_EDGE ( 'NONE', *, *, #409, .F. ) ;
#122 = ORIENTED_EDGE ( 'NONE', *, *, #1500, .T. ) ;
#123 = ADVANCED_FACE ( 'NONE', ( #1580 ), #2264, .F. ) ;
#124 = PRESENTATION_STYLE_ASSIGNMENT (( #1492 ) ) ;
#125 = CARTESIAN_POINT ( 'NONE',  ( -1.850000000000000089, 0.000000000000000000, 1.261711542730623359 ) ) ;
#126 = ORIENTED_EDGE ( 'NONE', *, *, #904, .T. ) ;
#127 = CARTESIAN_POINT ( 'NONE',  ( 1.450150976497606381, 0.9499999999999999556, -1.550150976497606914 ) ) ;
#128 = LINE ( 'NONE', #1524, #1454 ) ;
#129 =( LENGTH_UNIT ( ) NAMED_UNIT ( * ) SI_UNIT ( .MILLI., .METRE. ) );
#130 = ORIENTED_EDGE ( 'NONE', *, *, #223, .F. ) ;
#131 = FACE_OUTER_BOUND ( 'NONE', #1275, .T. ) ;
#132 = CARTESIAN_POINT ( 'NONE',  ( 1.749999999999997113, 0.000000000000000000, 0.1883423085461262969 ) ) ;
#133 = ORIENTED_EDGE ( 'NONE', *, *, #748, .F. ) ;
#134 = CARTESIAN_POINT ( 'NONE',  ( 1.850000000000000089, 0.2000000000000000111, 0.9782884572693762992 ) ) ;
#135 = VERTEX_POINT ( 'NONE', #24 ) ;
#136 = EDGE_LOOP ( 'NONE', ( #1827, #1089, #1188, #1453 ) ) ;
#137 = DIRECTION ( 'NONE',  ( -0.000000000000000000, -1.000000000000000000, -0.000000000000000000 ) ) ;
#138 = ORIENTED_EDGE ( 'NONE', *, *, #1773, .T. ) ;
#139 = EDGE_CURVE ( 'NONE', #163, #2394, #179, .T. ) ;
#140 = EDGE_CURVE ( 'NONE', #182, #833, #1452, .T. ) ;
#141 = DIRECTION ( 'NONE',  ( 5.421010862427523156E-16, 0.000000000000000000, -1.000000000000000000 ) ) ;
#142 = DIRECTION ( 'NONE',  ( -1.000000000000000000, 0.000000000000000000, 1.239088197126291063E-16 ) ) ;
#143 = CARTESIAN_POINT ( 'NONE',  ( -0.8126548634943921989, 0.4500000000000000111, 1.107615829304985144 ) ) ;
#144 =( BOUNDED_CURVE ( )  B_SPLINE_CURVE ( 3, ( #1995, #630, #1858, #828 ),
 .UNSPECIFIED., .F., .T. ) 
 B_SPLINE_CURVE_WITH_KNOTS ( ( 4, 4 ),
 ( 2.787404554496227149, 3.495780752683356418 ),
 .UNSPECIFIED. ) 
 CURVE ( )  GEOMETRIC_REPRESENTATION_ITEM ( )  RATIONAL_B_SPLINE_CURVE ( ( 1.000000000000000000, 0.9586189257870758595, 0.9586189257870758595, 1.000000000000000000 ) ) 
 REPRESENTATION_ITEM ( '' )  );
#145 = ORIENTED_EDGE ( 'NONE', *, *, #992, .F. ) ;
#146 = VECTOR ( 'NONE', #137, 1000.000000000000000 ) ;
#147 = CARTESIAN_POINT ( 'NONE',  ( 1.728979152946862552, 0.1999999999999999833, -2.142357661493869342E-16 ) ) ;
#148 = SURFACE_STYLE_USAGE ( .BOTH. , #1342 ) ;
#149 = DIRECTION ( 'NONE',  ( 0.000000000000000000, 1.000000000000000000, 0.000000000000000000 ) ) ;
#150 = CARTESIAN_POINT ( 'NONE',  ( 1.708936608743190755, 0.000000000000000000, 1.749999999999996891 ) ) ;
#151 = VERTEX_POINT ( 'NONE', #1797 ) ;
#152 = AXIS2_PLACEMENT_3D ( 'NONE', #269, #1060, #2435 ) ;
#153 = DIRECTION ( 'NONE',  ( 0.4226182617407068798, 0.000000000000000000, 0.9063077870366464950 ) ) ;
#154 = DIRECTION ( 'NONE',  ( 1.239088197126291063E-16, -0.000000000000000000, 1.000000000000000000 ) ) ;
#155 = ORIENTED_EDGE ( 'NONE', *, *, #855, .T. ) ;
#156 = PRESENTATION_LAYER_ASSIGNMENT (  '', '', ( #1415 ) ) ;
#157 = ADVANCED_FACE ( 'NONE', ( #313 ), #2059, .T. ) ;
#158 = DIRECTION ( 'NONE',  ( 1.000000000000000000, 0.000000000000000000, -0.000000000000000000 ) ) ;
#159 = AXIS2_PLACEMENT_3D ( 'NONE', #2101, #354, #890 ) ;
#160 = LINE ( 'NONE', #2328, #1670 ) ;
#161 = CARTESIAN_POINT ( 'NONE',  ( 1.348031634382467203, 0.9457788263111056581, 0.8616441785580148949 ) ) ;
#162 = SURFACE_STYLE_FILL_AREA ( #391 ) ;
#163 = VERTEX_POINT ( 'NONE', #669 ) ;
#164 = STYLED_ITEM ( 'NONE', ( #211 ), #1996 ) ;
#165 = CARTESIAN_POINT ( 'NONE',  ( -1.728979152946862108, 0.1999999999999999833, -0.1981444905079082497 ) ) ;
#166 = SURFACE_STYLE_USAGE ( .BOTH. , #590 ) ;
#167 = EDGE_LOOP ( 'NONE', ( #419, #1302, #897, #1607 ) ) ;
#168 = CARTESIAN_POINT ( 'NONE',  ( 1.850000000000000089, 0.000000000000000000, 1.261711542730623803 ) ) ;
#169 = CARTESIAN_POINT ( 'NONE',  ( 1.749999999999997335, 0.000000000000000000, 1.308342308546125876 ) ) ;
#170 = CARTESIAN_POINT ( 'NONE',  ( -1.849999999999999867, 0.2000000000000000111, -1.261711542730623803 ) ) ;
#171 =( GEOMETRIC_REPRESENTATION_CONTEXT ( 3 ) GLOBAL_UNCERTAINTY_ASSIGNED_CONTEXT ( ( #588 ) ) GLOBAL_UNIT_ASSIGNED_CONTEXT ( ( #344, #1068, #2463 ) ) REPRESENTATION_CONTEXT ( 'NONE', 'WORKASPACE' ) );
#172 = VERTEX_POINT ( 'NONE', #2456 ) ;
#173 = DIRECTION ( 'NONE',  ( -0.4226182617407061026, -0.000000000000000000, -0.9063077870366468280 ) ) ;
#174 = EDGE_CURVE ( 'NONE', #1493, #2066, #2249, .T. ) ;
#175 = CARTESIAN_POINT ( 'NONE',  ( -1.850000000000000089, 0.2000000000000000111, 0.9782884572693759662 ) ) ;
#176 = LINE ( 'NONE', #293, #2412 ) ;
#177 = DIRECTION ( 'NONE',  ( 1.000000000000000000, 0.000000000000000000, 0.000000000000000000 ) ) ;
#178 = VERTEX_POINT ( 'NONE', #1268 ) ;
#179 =( BOUNDED_CURVE ( )  B_SPLINE_CURVE ( 3, ( #1239, #879, #2438, #500 ),
 .UNSPECIFIED., .F., .F. ) 
 B_SPLINE_CURVE_WITH_KNOTS ( ( 4, 4 ),
 ( 5.928997208086019377, 6.637373406273153087 ),
 .UNSPECIFIED. ) 
 CURVE ( )  GEOMETRIC_REPRESENTATION_ITEM ( )  RATIONAL_B_SPLINE_CURVE ( ( 1.000000000000000000, 0.9586189257870751934, 0.9586189257870751934, 1.000000000000000000 ) ) 
 REPRESENTATION_ITEM ( '' )  );
#180 = CARTESIAN_POINT ( 'NONE',  ( 0.7658840241693866124, 0.4500000000000000111, -1.116846170922498827 ) ) ;
#181 = FACE_OUTER_BOUND ( 'NONE', #1649, .T. ) ;
#182 = VERTEX_POINT ( 'NONE', #1087 ) ;
#183 = CARTESIAN_POINT ( 'NONE',  ( -1.728926347617310011, 0.2005024091504845618, -0.9218308859625304885 ) ) ;
#184 = DIRECTION ( 'NONE',  ( -0.4162880309412301250, -0.8927325632787550536, 0.1724321482694490815 ) ) ;
#185 = DIRECTION ( 'NONE',  ( 1.355252715606880543E-16, 0.000000000000000000, 1.000000000000000000 ) ) ;
#186 = CARTESIAN_POINT ( 'NONE',  ( -1.728926347617309789, 0.2005024091504845063, 1.318169114037469392 ) ) ;
#187 = DIRECTION ( 'NONE',  ( 0.4162880309412300694, -0.8927325632787549425, -0.1724321482694492202 ) ) ;
#188 = EDGE_CURVE ( 'NONE', #1838, #2344, #1872, .T. ) ;
#189 = ORIENTED_EDGE ( 'NONE', *, *, #266, .F. ) ;
#190 = ORIENTED_EDGE ( 'NONE', *, *, #376, .F. ) ;
#191 = APPLICATION_CONTEXT ( 'automotive_design' ) ;
#192 = VECTOR ( 'NONE', #264, 1000.000000000000000 ) ;
#193 = DIRECTION ( 'NONE',  ( -0.9063077870366466060, -0.000000000000000000, 0.4226182617407067132 ) ) ;
#194 = EDGE_LOOP ( 'NONE', ( #1487, #524, #2278, #903 ) ) ;
#195 = ORIENTED_EDGE ( 'NONE', *, *, #298, .F. ) ;
#196 = COLOUR_RGB ( '',1.000000000000000000, 0.8078431372549019773, 0.4980392156862745168 ) ;
#197 = SURFACE_STYLE_FILL_AREA ( #1389 ) ;
#198 = LINE ( 'NONE', #1760, #2361 ) ;
#199 = MECHANICAL_DESIGN_GEOMETRIC_PRESENTATION_REPRESENTATION (  '', ( #2403 ), #436 ) ;
#200 = PRESENTATION_LAYER_ASSIGNMENT (  '', '', ( #675 ) ) ;
#201 = FILL_AREA_STYLE ('',( #23 ) ) ;
#202 = VECTOR ( 'NONE', #1815, 1000.000000000000000 ) ;
#203 = PLANE ( 'NONE',  #112 ) ;
#204 = PRESENTATION_STYLE_ASSIGNMENT (( #1343 ) ) ;
#205 = VECTOR ( 'NONE', #908, 1000.000000000000000 ) ;
#206 = CARTESIAN_POINT ( 'NONE',  ( -1.728926347617309789, 0.2005024091504845341, 0.1981691140374694793 ) ) ;
#207 = DIRECTION ( 'NONE',  ( 0.4226182617407067132, 0.000000000000000000, -0.9063077870366466060 ) ) ;
#208 = VECTOR ( 'NONE', #498, 1000.000000000000114 ) ;
#209 = ORIENTED_EDGE ( 'NONE', *, *, #2029, .T. ) ;
#210 = EDGE_CURVE ( 'NONE', #1069, #2526, #2097, .T. ) ;
#211 = PRESENTATION_STYLE_ASSIGNMENT (( #1590 ) ) ;
#212 = DIRECTION ( 'NONE',  ( 0.000000000000000000, 1.000000000000000000, 0.000000000000000000 ) ) ;
#213 = CARTESIAN_POINT ( 'NONE',  ( 1.850000000000000311, 0.2000000000000000111, -0.9782884572693757441 ) ) ;
#214 = DIRECTION ( 'NONE',  ( -0.000000000000000000, 0.4226182617407033826, 0.9063077870366481603 ) ) ;
#215 = FILL_AREA_STYLE ('',( #568 ) ) ;
#216 = CYLINDRICAL_SURFACE ( 'NONE', #931, 0.09999999999999996392 ) ;
#217 = UNCERTAINTY_MEASURE_WITH_UNIT (LENGTH_MEASURE( 1.000000000000000082E-05 ), #316, 'distance_accuracy_value', 'NONE');
#218 = FILL_AREA_STYLE_COLOUR ( '', #510 ) ;
#219 = VERTEX_POINT ( 'NONE', #1898 ) ;
#220 = VERTEX_POINT ( 'NONE', #1126 ) ;
#221 = DIRECTION ( 'NONE',  ( 0.000000000000000000, -1.000000000000000000, 0.000000000000000000 ) ) ;
#222 = ADVANCED_FACE ( 'NONE', ( #1720 ), #1515, .F. ) ;
#223 = EDGE_CURVE ( 'NONE', #151, #9, #444, .T. ) ;
#224 = EDGE_CURVE ( 'NONE', #549, #220, #341, .T. ) ;
#225 = CARTESIAN_POINT ( 'NONE',  ( -1.107615829304984478, 0.4500000000000000111, -0.8126548634943928651 ) ) ;
#226 = DIRECTION ( 'NONE',  ( -0.4226182617407061026, 0.000000000000000000, 0.9063077870366468280 ) ) ;
#227 = ORIENTED_EDGE ( 'NONE', *, *, #1582, .F. ) ;
#228 = CARTESIAN_POINT ( 'NONE',  ( 1.550150976497606470, 0.9399999999999999467, -1.450150976497606825 ) ) ;
#229 =( NAMED_UNIT ( * ) PLANE_ANGLE_UNIT ( ) SI_UNIT ( $, .RADIAN. ) );
#230 = ORIENTED_EDGE ( 'NONE', *, *, #965, .T. ) ;
#231 = VECTOR ( 'NONE', #2272, 1000.000000000000114 ) ;
#232 = ORIENTED_EDGE ( 'NONE', *, *, #1549, .F. ) ;
#233 =( NAMED_UNIT ( * ) SI_UNIT ( $, .STERADIAN. ) SOLID_ANGLE_UNIT ( ) );
#234 = CARTESIAN_POINT ( 'NONE',  ( -1.450150976497605937, 0.9399999999999999467, 1.450150976497606381 ) ) ;
#235 = CARTESIAN_POINT ( 'NONE',  ( -0.8136850191039026736, -0.000000000000000000, -1.744953154583235300 ) ) ;
#236 = PRESENTATION_LAYER_ASSIGNMENT (  '', '', ( #320 ) ) ;
#237 = VERTEX_POINT ( 'NONE', #2312 ) ;
#238 = PRESENTATION_LAYER_ASSIGNMENT (  '', '', ( #2403 ) ) ;
#239 = ADVANCED_FACE ( 'NONE', ( #1525 ), #1937, .F. ) ;
#240 = CARTESIAN_POINT ( 'NONE',  ( 1.850000000000000311, 0.2000000000000000111, -1.261711542730623359 ) ) ;
#241 = VECTOR ( 'NONE', #1210, 1000.000000000000114 ) ;
#242 = CARTESIAN_POINT ( 'NONE',  ( 0.7431121126111503994, 0.3743648610189612702, 0.9712391344937728599 ) ) ;
#243 = ORIENTED_EDGE ( 'NONE', *, *, #53, .T. ) ;
#244 = ORIENTED_EDGE ( 'NONE', *, *, #1484, .T. ) ;
#245 = AXIS2_PLACEMENT_3D ( 'NONE', #952, #2244, #745 ) ;
#246 = DIRECTION ( 'NONE',  ( 0.000000000000000000, -1.000000000000000000, 0.000000000000000000 ) ) ;
#247 = AXIS2_PLACEMENT_3D ( 'NONE', #2290, #938, #531 ) ;
#248 = MECHANICAL_DESIGN_GEOMETRIC_PRESENTATION_REPRESENTATION (  '', ( #1920 ), #2336 ) ;
#249 = CARTESIAN_POINT ( 'NONE',  ( 1.850000000000000311, 0.2000000000000000111, -0.9199999999999995959 ) ) ;
#250 = EDGE_CURVE ( 'NONE', #501, #1694, #729, .T. ) ;
#251 = VERTEX_POINT ( 'NONE', #1923 ) ;
#252 = COLOUR_RGB ( '',1.000000000000000000, 0.8078431372549019773, 0.4980392156862745168 ) ;
#253 =( NAMED_UNIT ( * ) SI_UNIT ( $, .STERADIAN. ) SOLID_ANGLE_UNIT ( ) );
#254 = ORIENTED_EDGE ( 'NONE', *, *, #1644, .F. ) ;
#255 = DIRECTION ( 'NONE',  ( 0.000000000000000000, 0.000000000000000000, 1.000000000000000000 ) ) ;
#256 = DIRECTION ( 'NONE',  ( 0.000000000000000000, 0.000000000000000000, -1.000000000000000000 ) ) ;
#257 = CARTESIAN_POINT ( 'NONE',  ( 1.850000000000000311, 0.2000000000000000111, -0.1417115427306236963 ) ) ;
#258 = DIRECTION ( 'NONE',  ( 0.000000000000000000, 0.000000000000000000, -1.000000000000000000 ) ) ;
#259 =( LENGTH_UNIT ( ) NAMED_UNIT ( * ) SI_UNIT ( .MILLI., .METRE. ) );
#260 = ORIENTED_EDGE ( 'NONE', *, *, #1845, .T. ) ;
#261 = LINE ( 'NONE', #870, #973 ) ;
#262 = UNCERTAINTY_MEASURE_WITH_UNIT (LENGTH_MEASURE( 1.000000000000000082E-05 ), #259, 'distance_accuracy_value', 'NONE');
#263 = EDGE_CURVE ( 'NONE', #1289, #151, #374, .T. ) ;
#264 = DIRECTION ( 'NONE',  ( -1.398834292818546727E-16, 0.000000000000000000, -1.000000000000000000 ) ) ;
#265 = VERTEX_POINT ( 'NONE', #170 ) ;
#266 = EDGE_CURVE ( 'NONE', #869, #1851, #1279, .T. ) ;
#267 = LINE ( 'NONE', #618, #202 ) ;
#268 = CARTESIAN_POINT ( 'NONE',  ( -1.650150976497606337, 0.9499999999999999556, 2.044682598454607584E-16 ) ) ;
#269 = CARTESIAN_POINT ( 'NONE',  ( 1.533938666861721867, 1.099009044592211604, -1.533938666861722089 ) ) ;
#270 = MECHANICAL_DESIGN_GEOMETRIC_PRESENTATION_REPRESENTATION (  '', ( #1782 ), #1160 ) ;
#271 = SURFACE_STYLE_USAGE ( .BOTH. , #1436 ) ;
#272 =( NAMED_UNIT ( * ) SI_UNIT ( $, .STERADIAN. ) SOLID_ANGLE_UNIT ( ) );
#273 = VERTEX_POINT ( 'NONE', #2069 ) ;
#274 = CARTESIAN_POINT ( 'NONE',  ( 1.107615829304985144, 0.4500000000000000111, -0.8126548634943955296 ) ) ;
#275 = PLANE ( 'NONE',  #1329 ) ;
#276 = VECTOR ( 'NONE', #44, 1000.000000000000000 ) ;
#277 = CARTESIAN_POINT ( 'NONE',  ( 1.750000000000000444, 0.000000000000000000, 1.650547810463169451 ) ) ;
#278 = MECHANICAL_DESIGN_GEOMETRIC_PRESENTATION_REPRESENTATION (  '', ( #2247 ), #25 ) ;
#279 = ORIENTED_EDGE ( 'NONE', *, *, #2349, .F. ) ;
#280 = CARTESIAN_POINT ( 'NONE',  ( 0.8136850191039011193, 0.2000000000000000111, -1.744953154583234634 ) ) ;
#281 = PLANE ( 'NONE',  #118 ) ;
#282 = VECTOR ( 'NONE', #1930, 1000.000000000000000 ) ;
#283 = EDGE_LOOP ( 'NONE', ( #1558, #635, #625, #291 ) ) ;
#284 = EDGE_CURVE ( 'NONE', #2176, #1359, #414, .T. ) ;
#285 = CARTESIAN_POINT ( 'NONE',  ( -1.116846170922498382, 0.4500000000000000111, 0.7658840241693887219 ) ) ;
#286 = PLANE ( 'NONE',  #1164 ) ;
#287 = VECTOR ( 'NONE', #1020, 1000.000000000000000 ) ;
#288 = VERTEX_POINT ( 'NONE', #2476 ) ;
#289 = ORIENTED_EDGE ( 'NONE', *, *, #1500, .F. ) ;
#290 = DIRECTION ( 'NONE',  ( -0.9063077870366468280, 0.000000000000000000, -0.4226182617407061026 ) ) ;
#291 = ORIENTED_EDGE ( 'NONE', *, *, #2209, .T. ) ;
#292 = ORIENTED_EDGE ( 'NONE', *, *, #660, .F. ) ;
#293 = CARTESIAN_POINT ( 'NONE',  ( -1.850000000000000089, 0.2000000000000000111, 1.319999999999999618 ) ) ;
#294 = DIRECTION ( 'NONE',  ( 0.4162880309412301250, -0.8927325632787550536, -0.1724321482694492202 ) ) ;
#295 = VERTEX_POINT ( 'NONE', #703 ) ;
#296 = STYLED_ITEM ( 'NONE', ( #1942 ), #1648 ) ;
#297 = EDGE_CURVE ( 'NONE', #1864, #636, #328, .T. ) ;
#298 = EDGE_CURVE ( 'NONE', #2068, #1799, #1698, .T. ) ;
#299 = CARTESIAN_POINT ( 'NONE',  ( 1.728979152946862330, 0.1999999999999999833, -1.318144490507907607 ) ) ;
#300 =( NAMED_UNIT ( * ) PLANE_ANGLE_UNIT ( ) SI_UNIT ( $, .RADIAN. ) );
#301 = DIRECTION ( 'NONE',  ( -1.000000000000000000, 0.000000000000000000, 0.000000000000000000 ) ) ;
#302 = ORIENTED_EDGE ( 'NONE', *, *, #2262, .T. ) ;
#303 = EDGE_CURVE ( 'NONE', #1669, #506, #432, .T. ) ;
#304 = CARTESIAN_POINT ( 'NONE',  ( -1.728979152946862108, 0.1999999999999999833, 2.142357661493868849E-16 ) ) ;
#305 = CARTESIAN_POINT ( 'NONE',  ( 0.9246136309356217664, 0.9399999999999999467, -1.318791782920365030 ) ) ;
#306 = FILL_AREA_STYLE_COLOUR ( '', #1749 ) ;
#307 = DIRECTION ( 'NONE',  ( 0.000000000000000000, 0.000000000000000000, -1.000000000000000000 ) ) ;
#308 = LINE ( 'NONE', #495, #768 ) ;
#309 = FILL_AREA_STYLE_COLOUR ( '', #2319 ) ;
#310 = VERTEX_POINT ( 'NONE', #1400 ) ;
#311 =( LENGTH_UNIT ( ) NAMED_UNIT ( * ) SI_UNIT ( .MILLI., .METRE. ) );
#312 = LINE ( 'NONE', #909, #2327 ) ;
#313 = FACE_OUTER_BOUND ( 'NONE', #1117, .T. ) ;
#315 = ORIENTED_EDGE ( 'NONE', *, *, #1233, .F. ) ;
#314 = PRODUCT_RELATED_PRODUCT_CATEGORY ( 'part', '', ( #840 ) ) ;
#316 =( LENGTH_UNIT ( ) NAMED_UNIT ( * ) SI_UNIT ( .MILLI., .METRE. ) );
#317 = ORIENTED_EDGE ( 'NONE', *, *, #1218, .T. ) ;
#318 = CARTESIAN_POINT ( 'NONE',  ( 1.750000000000000000, 0.000000000000000000, -1.750000000000000444 ) ) ;
#319 = EDGE_CURVE ( 'NONE', #2220, #372, #991, .T. ) ;
#320 = STYLED_ITEM ( 'NONE', ( #204 ), #11 ) ;
#321 = LINE ( 'NONE', #2269, #1506 ) ;
#322 = ORIENTED_EDGE ( 'NONE', *, *, #1657, .T. ) ;
#323 = ORIENTED_EDGE ( 'NONE', *, *, #1893, .F. ) ;
#324 = LINE ( 'NONE', #2494, #146 ) ;
#325 = ORIENTED_EDGE ( 'NONE', *, *, #852, .F. ) ;
#326 = LINE ( 'NONE', #1468, #1964 ) ;
#327 = DIRECTION ( 'NONE',  ( 0.9063077870366466060, -0.000000000000000000, 0.4226182617407067132 ) ) ;
#328 = LINE ( 'NONE', #1105, #108 ) ;
#329 = VECTOR ( 'NONE', #1614, 1000.000000000000000 ) ;
#330 = ORIENTED_EDGE ( 'NONE', *, *, #1770, .F. ) ;
#331 = DIRECTION ( 'NONE',  ( 0.000000000000000000, -1.000000000000000000, 0.000000000000000000 ) ) ;
#332 = CARTESIAN_POINT ( 'NONE',  ( 0.04428475718936471239, 0.000000000000000000, -0.09496896826567623184 ) ) ;
#333 = VECTOR ( 'NONE', #1161, 1000.000000000000000 ) ;
#334 = ADVANCED_FACE ( 'NONE', ( #766 ), #1563, .T. ) ;
#335 = CARTESIAN_POINT ( 'NONE',  ( -1.849999999999999867, 0.2000000000000000111, 0.1999999999999997891 ) ) ;
#336 = VERTEX_POINT ( 'NONE', #1552 ) ;
#337 = ORIENTED_EDGE ( 'NONE', *, *, #297, .T. ) ;
#338 = CARTESIAN_POINT ( 'NONE',  ( 1.850000000000000089, 0.2000000000000000111, 0.9782884572693760772 ) ) ;
#339 = EDGE_LOOP ( 'NONE', ( #1936, #514, #2483, #946 ) ) ;
#340 = LINE ( 'NONE', #1523, #208 ) ;
#341 = LINE ( 'NONE', #1295, #1706 ) ;
#342 = ORIENTED_EDGE ( 'NONE', *, *, #263, .T. ) ;
#343 = FILL_AREA_STYLE_COLOUR ( '', #1377 ) ;
#344 =( LENGTH_UNIT ( ) NAMED_UNIT ( * ) SI_UNIT ( .MILLI., .METRE. ) );
#345 = EDGE_LOOP ( 'NONE', ( #1892, #1550, #1675, #2202 ) ) ;
#346 = CARTESIAN_POINT ( 'NONE',  ( -1.533938666861720979, 1.109461890918976845, 1.633390856398549085 ) ) ;
#347 = ORIENTED_EDGE ( 'NONE', *, *, #1958, .F. ) ;
#348 = EDGE_CURVE ( 'NONE', #2105, #163, #1966, .T. ) ;
#349 = DIRECTION ( 'NONE',  ( 0.000000000000000000, -1.000000000000000000, 0.000000000000000000 ) ) ;
#350 =( NAMED_UNIT ( * ) SI_UNIT ( $, .STERADIAN. ) SOLID_ANGLE_UNIT ( ) );
#351 = ORIENTED_EDGE ( 'NONE', *, *, #628, .T. ) ;
#352 = LINE ( 'NONE', #1297, #810 ) ;
#353 = ORIENTED_EDGE ( 'NONE', *, *, #2047, .F. ) ;
#354 = DIRECTION ( 'NONE',  ( 0.000000000000000000, -1.000000000000000000, 0.000000000000000000 ) ) ;
#355 =( NAMED_UNIT ( * ) SI_UNIT ( $, .STERADIAN. ) SOLID_ANGLE_UNIT ( ) );
#356 = ORIENTED_EDGE ( 'NONE', *, *, #250, .T. ) ;
#357 = VERTEX_POINT ( 'NONE', #169 ) ;
#358 = PRESENTATION_STYLE_ASSIGNMENT (( #1759 ) ) ;
#359 = VECTOR ( 'NONE', #508, 1000.000000000000114 ) ;
#360 = EDGE_CURVE ( 'NONE', #1601, #581, #889, .T. ) ;
#361 = SURFACE_STYLE_FILL_AREA ( #1497 ) ;
#362 = ORIENTED_EDGE ( 'NONE', *, *, #886, .F. ) ;
#363 = AXIS2_PLACEMENT_3D ( 'NONE', #814, #246, #450 ) ;
#364 = FACE_OUTER_BOUND ( 'NONE', #1662, .T. ) ;
#365 = VECTOR ( 'NONE', #1227, 1000.000000000000114 ) ;
#366 =( GEOMETRIC_REPRESENTATION_CONTEXT ( 3 ) GLOBAL_UNCERTAINTY_ASSIGNED_CONTEXT ( ( #262 ) ) GLOBAL_UNIT_ASSIGNED_CONTEXT ( ( #259, #1044, #2437 ) ) REPRESENTATION_CONTEXT ( 'NONE', 'WORKASPACE' ) );
#367 = CARTESIAN_POINT ( 'NONE',  ( 1.750000000000000444, 0.000000000000000000, 1.749999999999999556 ) ) ;
#368 =( NAMED_UNIT ( * ) SI_UNIT ( $, .STERADIAN. ) SOLID_ANGLE_UNIT ( ) );
#369 = FILL_AREA_STYLE_COLOUR ( '', #2200 ) ;
#370 = PRESENTATION_LAYER_ASSIGNMENT (  '', '', ( #2165 ) ) ;
#371 = CARTESIAN_POINT ( 'NONE',  ( 1.728979152946862330, 0.1999999999999999833, -0.9218555094920917181 ) ) ;
#372 = VERTEX_POINT ( 'NONE', #1536 ) ;
#373 =( NAMED_UNIT ( * ) PLANE_ANGLE_UNIT ( ) SI_UNIT ( $, .RADIAN. ) );
#374 = LINE ( 'NONE', #1485, #2325 ) ;
#375 = VECTOR ( 'NONE', #2241, 1000.000000000000114 ) ;
#376 = EDGE_CURVE ( 'NONE', #798, #1915, #762, .T. ) ;
#377 = DIRECTION ( 'NONE',  ( 0.000000000000000000, -1.000000000000000000, 0.000000000000000000 ) ) ;
#378 = CARTESIAN_POINT ( 'NONE',  ( -0.04428475718936453198, 0.2000000000000000111, -0.09496896826567584327 ) ) ;
#379 = EDGE_CURVE ( 'NONE', #2394, #1096, #1332, .T. ) ;
#380 =( NAMED_UNIT ( * ) PLANE_ANGLE_UNIT ( ) SI_UNIT ( $, .RADIAN. ) );
#381 = PRESENTATION_STYLE_ASSIGNMENT (( #392 ) ) ;
#382 = ORIENTED_EDGE ( 'NONE', *, *, #1520, .F. ) ;
#383 = FILL_AREA_STYLE_COLOUR ( '', #64 ) ;
#384 = LINE ( 'NONE', #1156, #2356 ) ;
#385 = ORIENTED_EDGE ( 'NONE', *, *, #907, .T. ) ;
#386 = EDGE_LOOP ( 'NONE', ( #1777, #795, #362, #1900 ) ) ;
#387 = CARTESIAN_POINT ( 'NONE',  ( -1.090301030424412509, 0.4500000000000000111, -0.8299696623749653890 ) ) ;
#388 = CARTESIAN_POINT ( 'NONE',  ( 1.850000000000000089, 0.2000000000000000111, 1.320000000000000062 ) ) ;
#389 = SURFACE_STYLE_FILL_AREA ( #2137 ) ;
#390 = STYLED_ITEM ( 'NONE', ( #1384 ), #2431 ) ;
#391 = FILL_AREA_STYLE ('',( #953 ) ) ;
#392 = SURFACE_STYLE_USAGE ( .BOTH. , #1727 ) ;
#393 = EDGE_CURVE ( 'NONE', #1915, #1534, #198, .T. ) ;
#394 = UNCERTAINTY_MEASURE_WITH_UNIT (LENGTH_MEASURE( 1.000000000000000082E-05 ), #129, 'distance_accuracy_value', 'NONE');
#395 =( NAMED_UNIT ( * ) PLANE_ANGLE_UNIT ( ) SI_UNIT ( $, .RADIAN. ) );
#396 = ORIENTED_EDGE ( 'NONE', *, *, #499, .T. ) ;
#397 = CARTESIAN_POINT ( 'NONE',  ( -1.345336923418450015, 0.9399999999999997247, -0.8850148161367110689 ) ) ;
#398 = VECTOR ( 'NONE', #865, 1000.000000000000000 ) ;
#399 = SURFACE_SIDE_STYLE ('',( #1193 ) ) ;
#400 = VECTOR ( 'NONE', #2479, 1000.000000000000000 ) ;
#401 = CARTESIAN_POINT ( 'NONE',  ( 0.000000000000000000, 0.4500000000000000111, -1.116846170922498827 ) ) ;
#402 = VECTOR ( 'NONE', #2252, 1000.000000000000114 ) ;
#403 = FILL_AREA_STYLE ('',( #369 ) ) ;
#404 = AXIS2_PLACEMENT_3D ( 'NONE', #932, #527, #2299 ) ;
#405 = ADVANCED_FACE ( 'NONE', ( #1591 ), #2375, .T. ) ;
#406 = EDGE_CURVE ( 'NONE', #220, #1522, #2398, .T. ) ;
#407 = SURFACE_STYLE_USAGE ( .BOTH. , #1753 ) ;
#408 = ORIENTED_EDGE ( 'NONE', *, *, #2093, .T. ) ;
#409 = EDGE_CURVE ( 'NONE', #988, #1076, #2424, .T. ) ;
#410 =( NAMED_UNIT ( * ) PLANE_ANGLE_UNIT ( ) SI_UNIT ( $, .RADIAN. ) );
#411 = CARTESIAN_POINT ( 'NONE',  ( -0.9072988320550487984, 0.9399999999999999467, 1.336106581800936999 ) ) ;
#412 = DIRECTION ( 'NONE',  ( 0.4162880309412302360, -0.8927325632787552756, 0.1724321482694467778 ) ) ;
#413 = PLANE ( 'NONE',  #1330 ) ;
#414 = LINE ( 'NONE', #1685, #1620 ) ;
#415 = DIRECTION ( 'NONE',  ( 0.1039620511844955297, -0.9891328443778544255, -0.1039620511844955575 ) ) ;
#416 = UNCERTAINTY_MEASURE_WITH_UNIT (LENGTH_MEASURE( 1.000000000000000082E-05 ), #1052, 'distance_accuracy_value', 'NONE');
#417 = CARTESIAN_POINT ( 'NONE',  ( 1.550150976497606914, 0.9499999999999999556, 1.550150976497606026 ) ) ;
#418 = EDGE_LOOP ( 'NONE', ( #1776, #1280, #824, #1891 ) ) ;
#419 = ORIENTED_EDGE ( 'NONE', *, *, #2545, .F. ) ;
#420 =( LENGTH_UNIT ( ) NAMED_UNIT ( * ) SI_UNIT ( .MILLI., .METRE. ) );
#421 =( LENGTH_UNIT ( ) NAMED_UNIT ( * ) SI_UNIT ( .MILLI., .METRE. ) );
#422 = ORIENTED_EDGE ( 'NONE', *, *, #659, .F. ) ;
#423 = ADVANCED_FACE ( 'NONE', ( #2410 ), #1434, .T. ) ;
#424 = CARTESIAN_POINT ( 'NONE',  ( -1.724999999999999645, 0.2000000000000000111, -0.9200000000000000400 ) ) ;
#425 = PRESENTATION_STYLE_ASSIGNMENT (( #2184 ) ) ;
#426 = DIRECTION ( 'NONE',  ( 0.000000000000000000, -1.000000000000000000, 0.000000000000000000 ) ) ;
#427 = CARTESIAN_POINT ( 'NONE',  ( -1.345336923418450459, 0.9399999999999999467, 0.8605279927300467646 ) ) ;
#428 = ORIENTED_EDGE ( 'NONE', *, *, #871, .T. ) ;
#429 = LINE ( 'NONE', #1214, #1053 ) ;
#430 =( NAMED_UNIT ( * ) PLANE_ANGLE_UNIT ( ) SI_UNIT ( $, .RADIAN. ) );
#431 = CARTESIAN_POINT ( 'NONE',  ( -1.550150976497606470, 0.9499999999999999556, -1.550150976497606470 ) ) ;
#432 =( BOUNDED_CURVE ( )  B_SPLINE_CURVE ( 3, ( #1202, #575, #1564, #2149 ),
 .UNSPECIFIED., .F., .T. ) 
 B_SPLINE_CURVE_WITH_KNOTS ( ( 4, 4 ),
 ( 2.361657698713882425, 3.921527608465701586 ),
 .UNSPECIFIED. ) 
 CURVE ( )  GEOMETRIC_REPRESENTATION_ITEM ( )  RATIONAL_B_SPLINE_CURVE ( ( 1.000000000000000000, 0.8073061876036309314, 0.8073061876036309314, 1.000000000000000000 ) ) 
 REPRESENTATION_ITEM ( '' )  );
#433 =( LENGTH_UNIT ( ) NAMED_UNIT ( * ) SI_UNIT ( .MILLI., .METRE. ) );
#434 = EDGE_CURVE ( 'NONE', #1114, #288, #2026, .T. ) ;
#435 = PRESENTATION_LAYER_ASSIGNMENT (  '', '', ( #2360 ) ) ;
#436 =( GEOMETRIC_REPRESENTATION_CONTEXT ( 3 ) GLOBAL_UNCERTAINTY_ASSIGNED_CONTEXT ( ( #2187 ) ) GLOBAL_UNIT_ASSIGNED_CONTEXT ( ( #1170, #1337, #1349 ) ) REPRESENTATION_CONTEXT ( 'NONE', 'WORKASPACE' ) );
#437 = UNCERTAINTY_MEASURE_WITH_UNIT (LENGTH_MEASURE( 1.000000000000000082E-05 ), #34, 'distance_accuracy_value', 'NONE');
#438 = EDGE_LOOP ( 'NONE', ( #1586, #1090, #1691, #1999 ) ) ;
#439 = VECTOR ( 'NONE', #185, 1000.000000000000000 ) ;
#440 = DIRECTION ( 'NONE',  ( 0.000000000000000000, -1.000000000000000000, 0.000000000000000000 ) ) ;
#441 = COLOUR_RGB ( '',1.000000000000000000, 0.8078431372549019773, 0.4980392156862745168 ) ;
#442 = DIRECTION ( 'NONE',  ( 0.000000000000000000, 0.000000000000000000, 1.000000000000000000 ) ) ;
#443 = ADVANCED_FACE ( 'NONE', ( #2387 ), #2192, .T. ) ;
#444 =( BOUNDED_CURVE ( )  B_SPLINE_CURVE ( 3, ( #2512, #143, #1319, #742 ),
 .UNSPECIFIED., .F., .T. ) 
 B_SPLINE_CURVE_WITH_KNOTS ( ( 4, 4 ),
 ( 2.787404554496230702, 3.495780752683353754 ),
 .UNSPECIFIED. ) 
 CURVE ( )  GEOMETRIC_REPRESENTATION_ITEM ( )  RATIONAL_B_SPLINE_CURVE ( ( 1.000000000000000000, 0.9586189257870764147, 0.9586189257870764147, 1.000000000000000000 ) ) 
 REPRESENTATION_ITEM ( '' )  );
#445 = CARTESIAN_POINT ( 'NONE',  ( 1.116846170922498827, 0.4500000000000000111, -0.9000000000000019096 ) ) ;
#446 = EDGE_CURVE ( 'NONE', #1522, #182, #1021, .T. ) ;
#447 = SURFACE_SIDE_STYLE ('',( #1176 ) ) ;
#448 = SURFACE_STYLE_FILL_AREA ( #1231 ) ;
#449 = ORIENTED_EDGE ( 'NONE', *, *, #1578, .T. ) ;
#450 = DIRECTION ( 'NONE',  ( 0.000000000000000000, -0.000000000000000000, -1.000000000000000000 ) ) ;
#451 = CARTESIAN_POINT ( 'NONE',  ( 0.000000000000000000, 0.2000000000000000111, 0.000000000000000000 ) ) ;
#452 = DIRECTION ( 'NONE',  ( 1.000000000000000000, 0.000000000000000000, 0.000000000000000000 ) ) ;
#453 = CARTESIAN_POINT ( 'NONE',  ( 1.650547810463169673, 0.000000000000000000, -1.750000000000000444 ) ) ;
#454 = ORIENTED_EDGE ( 'NONE', *, *, #747, .T. ) ;
#455 = CARTESIAN_POINT ( 'NONE',  ( 1.728979152946862774, 0.1999999999999999833, 1.318144490507907829 ) ) ;
#456 = CARTESIAN_POINT ( 'NONE',  ( 0.9072988320550491315, 0.9399999999999999467, -1.336106581800937221 ) ) ;
#457 = CARTESIAN_POINT ( 'NONE',  ( -1.849999999999999867, 0.2000000000000000111, 0.1417115427306237241 ) ) ;
#458 = EDGE_CURVE ( 'NONE', #478, #135, #1399, .T. ) ;
#459 = CYLINDRICAL_SURFACE ( 'NONE', #515, 0.09999999999999996392 ) ;
#460 = EDGE_LOOP ( 'NONE', ( #949, #1629, #1543, #1431 ) ) ;
#461 = DIRECTION ( 'NONE',  ( -0.9063077870366469391, -0.000000000000000000, 0.4226182617407059361 ) ) ;
#462 = CARTESIAN_POINT ( 'NONE',  ( -1.318791782920363920, 0.9399999999999999467, 0.9246136309356256522 ) ) ;
#463 = ORIENTED_EDGE ( 'NONE', *, *, #434, .T. ) ;
#464 =( GEOMETRIC_REPRESENTATION_CONTEXT ( 3 ) GLOBAL_UNCERTAINTY_ASSIGNED_CONTEXT ( ( #571 ) ) GLOBAL_UNIT_ASSIGNED_CONTEXT ( ( #2020, #1998, #2420 ) ) REPRESENTATION_CONTEXT ( 'NONE', 'WORKASPACE' ) );
#465 = LINE ( 'NONE', #1205, #1761 ) ;
#466 = SURFACE_STYLE_USAGE ( .BOTH. , #1764 ) ;
#467 = CARTESIAN_POINT ( 'NONE',  ( -0.04428475718936471239, 0.000000000000000000, 0.09496896826567623184 ) ) ;
#468 = ORIENTED_EDGE ( 'NONE', *, *, #2008, .F. ) ;
#469 = VECTOR ( 'NONE', #1596, 1000.000000000000114 ) ;
#470 = CARTESIAN_POINT ( 'NONE',  ( 1.749999999999997335, 0.000000000000000000, 0.9316576914538741150 ) ) ;
#471 = ORIENTED_EDGE ( 'NONE', *, *, #1139, .T. ) ;
#472 = CARTESIAN_POINT ( 'NONE',  ( -1.850000000000000089, 0.2000000000000000111, 1.261711542730623359 ) ) ;
#473 = PLANE ( 'NONE',  #1241 ) ;
#474 = CARTESIAN_POINT ( 'NONE',  ( 1.850000000000000311, 0.000000000000000000, 0.2000000000000002331 ) ) ;
#475 = PRESENTATION_LAYER_ASSIGNMENT (  '', '', ( #1828 ) ) ;
#476 = LINE ( 'NONE', #335, #1066 ) ;
#477 = ORIENTED_EDGE ( 'NONE', *, *, #406, .T. ) ;
#478 = VERTEX_POINT ( 'NONE', #1448 ) ;
#479 = PRESENTATION_LAYER_ASSIGNMENT (  '', '', ( #843 ) ) ;
#480 = EDGE_CURVE ( 'NONE', #1370, #219, #2204, .T. ) ;
#481 = CARTESIAN_POINT ( 'NONE',  ( -1.849999999999999867, 0.2000000000000000111, -1.261711542730623803 ) ) ;
#482 = CARTESIAN_POINT ( 'NONE',  ( -0.9712391344937727489, 0.3743648610189616588, 0.7431121126111497333 ) ) ;
#483 =( GEOMETRIC_REPRESENTATION_CONTEXT ( 3 ) GLOBAL_UNCERTAINTY_ASSIGNED_CONTEXT ( ( #1616 ) ) GLOBAL_UNIT_ASSIGNED_CONTEXT ( ( #420, #54, #1852 ) ) REPRESENTATION_CONTEXT ( 'NONE', 'WORKASPACE' ) );
#484 = VERTEX_POINT ( 'NONE', #1841 ) ;
#485 = ADVANCED_FACE ( 'NONE', ( #1980 ), #1424, .F. ) ;
#486 = PRESENTATION_LAYER_ASSIGNMENT (  '', '', ( #1461 ) ) ;
#487 = DIRECTION ( 'NONE',  ( 0.000000000000000000, -0.000000000000000000, 1.000000000000000000 ) ) ;
#488 = CARTESIAN_POINT ( 'NONE',  ( -0.9000000000000003553, 0.4500000000000000111, -1.116846170922498827 ) ) ;
#489 = VECTOR ( 'NONE', #790, 1000.000000000000227 ) ;
#490 = ORIENTED_EDGE ( 'NONE', *, *, #1467, .F. ) ;
#491 = LINE ( 'NONE', #304, #1831 ) ;
#492 = LINE ( 'NONE', #1456, #1592 ) ;
#493 = DIRECTION ( 'NONE',  ( -1.000000000000000000, 0.000000000000000000, -0.000000000000000000 ) ) ;
#494 = EDGE_LOOP ( 'NONE', ( #1947, #1901, #2421, #684 ) ) ;
#495 = CARTESIAN_POINT ( 'NONE',  ( 0.8136850191039012303, 0.000000000000000000, 1.744953154583235078 ) ) ;
#496 =( NAMED_UNIT ( * ) SI_UNIT ( $, .STERADIAN. ) SOLID_ANGLE_UNIT ( ) );
#497 = EDGE_LOOP ( 'NONE', ( #73, #837, #535, #591 ) ) ;
#498 = DIRECTION ( 'NONE',  ( 0.1724321482694469720, 0.8927325632787552756, -0.4162880309412302915 ) ) ;
#499 = EDGE_CURVE ( 'NONE', #1888, #295, #1305, .T. ) ;
#500 = CARTESIAN_POINT ( 'NONE',  ( 1.345336923418450681, 0.9399999999999999467, -0.8605279927300467646 ) ) ;
#501 = VERTEX_POINT ( 'NONE', #125 ) ;
#502 = SURFACE_STYLE_USAGE ( .BOTH. , #732 ) ;
#503 = DIRECTION ( 'NONE',  ( -0.9063077870366468280, -0.000000000000000000, -0.4226182617407061026 ) ) ;
#504 = SURFACE_STYLE_USAGE ( .BOTH. , #2064 ) ;
#505 = ORIENTED_EDGE ( 'NONE', *, *, #2140, .F. ) ;
#506 = VERTEX_POINT ( 'NONE', #1693 ) ;
#507 = FACE_OUTER_BOUND ( 'NONE', #8, .T. ) ;
#508 = DIRECTION ( 'NONE',  ( 0.1044045134811383141, 0.9933425919253661140, -0.04868462418220260990 ) ) ;
#509 = ORIENTED_EDGE ( 'NONE', *, *, #1860, .T. ) ;
#510 = COLOUR_RGB ( '',1.000000000000000000, 0.8078431372549019773, 0.4980392156862745168 ) ;
#511 =( NAMED_UNIT ( * ) SI_UNIT ( $, .STERADIAN. ) SOLID_ANGLE_UNIT ( ) );
#512 = DIRECTION ( 'NONE',  ( 0.9063077870366468280, -0.000000000000000000, 0.4226182617407061026 ) ) ;
#513 = ORIENTED_EDGE ( 'NONE', *, *, #52, .T. ) ;
#514 = ORIENTED_EDGE ( 'NONE', *, *, #1845, .F. ) ;
#515 = AXIS2_PLACEMENT_3D ( 'NONE', #1029, #823, #998 ) ;
#516 = EDGE_CURVE ( 'NONE', #624, #2068, #1150, .T. ) ;
#517 = ADVANCED_FACE ( 'NONE', ( #1895 ), #203, .F. ) ;
#518 = FILL_AREA_STYLE ('',( #343 ) ) ;
#519 = FACE_OUTER_BOUND ( 'NONE', #386, .T. ) ;
#520 = CARTESIAN_POINT ( 'NONE',  ( -2.044682598454608077E-16, 0.9499999999999999556, -1.650150976497606781 ) ) ;
#521 = DIRECTION ( 'NONE',  ( 0.1724321482694470553, -0.8927325632787552756, -0.4162880309412302360 ) ) ;
#522 = AXIS2_PLACEMENT_3D ( 'NONE', #552, #769, #1724 ) ;
#523 = LINE ( 'NONE', #338, #1363 ) ;
#524 = ORIENTED_EDGE ( 'NONE', *, *, #284, .F. ) ;
#525 = VERTEX_POINT ( 'NONE', #1684 ) ;
#526 = STYLED_ITEM ( 'NONE', ( #1162 ), #1382 ) ;
#527 = DIRECTION ( 'NONE',  ( 0.1724321482694470553, -0.8927325632787553866, -0.4162880309412302915 ) ) ;
#528 = SURFACE_SIDE_STYLE ('',( #1496 ) ) ;
#529 = PRESENTATION_STYLE_ASSIGNMENT (( #2490 ) ) ;
#530 = AXIS2_PLACEMENT_3D ( 'NONE', #2219, #2030, #2415 ) ;
#531 = DIRECTION ( 'NONE',  ( 0.000000000000000000, 0.000000000000000000, -1.000000000000000000 ) ) ;
#532 = VERTEX_POINT ( 'NONE', #2287 ) ;
#533 = SURFACE_STYLE_FILL_AREA ( #1129 ) ;
#534 = CARTESIAN_POINT ( 'NONE',  ( -0.3999999999999999112, 0.5500000000000000444, 0.6999999999999999556 ) ) ;
#535 = ORIENTED_EDGE ( 'NONE', *, *, #106, .F. ) ;
#536 = EDGE_CURVE ( 'NONE', #1445, #2344, #1104, .T. ) ;
#537 = CARTESIAN_POINT ( 'NONE',  ( 1.728926347617310233, 0.2005024091504845618, -1.318169114037469170 ) ) ;
#538 = ORIENTED_EDGE ( 'NONE', *, *, #2076, .T. ) ;
#539 = CARTESIAN_POINT ( 'NONE',  ( 1.850000000000000089, 0.2000000000000000111, 1.261711542730623803 ) ) ;
#540 = DIRECTION ( 'NONE',  ( -0.000000000000000000, -1.000000000000000000, -0.000000000000000000 ) ) ;
#541 = CARTESIAN_POINT ( 'NONE',  ( -1.650150976497606115, 0.9499999999999999556, 1.550698786960779119 ) ) ;
#542 =( LENGTH_UNIT ( ) NAMED_UNIT ( * ) SI_UNIT ( .MILLI., .METRE. ) );
#543 = ORIENTED_EDGE ( 'NONE', *, *, #52, .F. ) ;
#544 = EDGE_CURVE ( 'NONE', #913, #2111, #128, .T. ) ;
#545 = CARTESIAN_POINT ( 'NONE',  ( -1.750000000000000000, 0.000000000000000000, -1.750000000000000000 ) ) ;
#546 = ORIENTED_EDGE ( 'NONE', *, *, #379, .T. ) ;
#547 = SURFACE_STYLE_USAGE ( .BOTH. , #1307 ) ;
#548 = DIRECTION ( 'NONE',  ( -0.1044045134811382863, 0.9933425919253661140, 0.04868462418220251969 ) ) ;
#549 = VERTEX_POINT ( 'NONE', #2455 ) ;
#550 = DIRECTION ( 'NONE',  ( -0.9063077870366466060, -0.000000000000000000, 0.4226182617407067132 ) ) ;
#551 =( GEOMETRIC_REPRESENTATION_CONTEXT ( 3 ) GLOBAL_UNCERTAINTY_ASSIGNED_CONTEXT ( ( #1544 ) ) GLOBAL_UNIT_ASSIGNED_CONTEXT ( ( #1521, #2530, #977 ) ) REPRESENTATION_CONTEXT ( 'NONE', 'WORKASPACE' ) );
#552 = CARTESIAN_POINT ( 'NONE',  ( -0.3999999999999999112, 0.5500000000000000444, 0.6999999999999999556 ) ) ;
#553 = CARTESIAN_POINT ( 'NONE',  ( 1.850000000000000089, 0.000000000000000000, 1.320000000000000062 ) ) ;
#554 = VERTEX_POINT ( 'NONE', #1469 ) ;
#555 =( GEOMETRIC_REPRESENTATION_CONTEXT ( 3 ) GLOBAL_UNCERTAINTY_ASSIGNED_CONTEXT ( ( #613 ) ) GLOBAL_UNIT_ASSIGNED_CONTEXT ( ( #2142, #1312, #355 ) ) REPRESENTATION_CONTEXT ( 'NONE', 'WORKASPACE' ) );
#556 = CARTESIAN_POINT ( 'NONE',  ( -1.849999999999999867, 0.2000000000000000111, 0.1999999999999997891 ) ) ;
#557 = ORIENTED_EDGE ( 'NONE', *, *, #1353, .T. ) ;
#558 = EDGE_CURVE ( 'NONE', #1348, #2237, #1278, .T. ) ;
#559 = VECTOR ( 'NONE', #36, 1000.000000000000114 ) ;
#560 = EDGE_CURVE ( 'NONE', #725, #1799, #312, .T. ) ;
#561 = VECTOR ( 'NONE', #957, 1000.000000000000114 ) ;
#562 = LINE ( 'NONE', #1006, #439 ) ;
#563 = PRESENTATION_LAYER_ASSIGNMENT (  '', '', ( #526 ) ) ;
#564 = FACE_OUTER_BOUND ( 'NONE', #784, .T. ) ;
#565 = AXIS2_PLACEMENT_3D ( 'NONE', #2521, #1352, #982 ) ;
#566 = DIRECTION ( 'NONE',  ( -0.9063077870366468280, 0.000000000000000000, -0.4226182617407061026 ) ) ;
#567 =( LENGTH_UNIT ( ) NAMED_UNIT ( * ) SI_UNIT ( .MILLI., .METRE. ) );
#568 = FILL_AREA_STYLE_COLOUR ( '', #196 ) ;
#569 = ORIENTED_EDGE ( 'NONE', *, *, #1443, .F. ) ;
#570 =( GEOMETRIC_REPRESENTATION_CONTEXT ( 3 ) GLOBAL_UNCERTAINTY_ASSIGNED_CONTEXT ( ( #2212 ) ) GLOBAL_UNIT_ASSIGNED_CONTEXT ( ( #947, #410, #2337 ) ) REPRESENTATION_CONTEXT ( 'NONE', 'WORKASPACE' ) );
#571 = UNCERTAINTY_MEASURE_WITH_UNIT (LENGTH_MEASURE( 1.000000000000000082E-05 ), #2020, 'distance_accuracy_value', 'NONE');
#572 = VERTEX_POINT ( 'NONE', #1905 ) ;
#573 = ORIENTED_EDGE ( 'NONE', *, *, #1973, .T. ) ;
#574 = EDGE_CURVE ( 'NONE', #288, #1359, #1719, .T. ) ;
#575 = CARTESIAN_POINT ( 'NONE',  ( -1.749999999999997335, 0.000000000000000000, -1.708936608743189867 ) ) ;
#576 = ADVANCED_FACE ( 'NONE', ( #2475 ), #900, .T. ) ;
#577 = FILL_AREA_STYLE_COLOUR ( '', #30 ) ;
#578 =( NAMED_UNIT ( * ) SI_UNIT ( $, .STERADIAN. ) SOLID_ANGLE_UNIT ( ) );
#579 = FACE_OUTER_BOUND ( 'NONE', #850, .T. ) ;
#580 = FACE_OUTER_BOUND ( 'NONE', #2162, .T. ) ;
#581 = VERTEX_POINT ( 'NONE', #2053 ) ;
#582 = DIRECTION ( 'NONE',  ( -0.000000000000000000, -1.000000000000000000, -0.000000000000000000 ) ) ;
#583 = ADVANCED_FACE ( 'NONE', ( #844 ), #473, .T. ) ;
#584 = DIRECTION ( 'NONE',  ( -1.239088197126291063E-16, -0.000000000000000000, -1.000000000000000000 ) ) ;
#585 = VECTOR ( 'NONE', #149, 1000.000000000000000 ) ;
#586 = PRODUCT_CONTEXT ( 'NONE', #47, 'mechanical' ) ;
#587 = LINE ( 'NONE', #2172, #1502 ) ;
#588 = UNCERTAINTY_MEASURE_WITH_UNIT (LENGTH_MEASURE( 1.000000000000000082E-05 ), #344, 'distance_accuracy_value', 'NONE');
#589 = CARTESIAN_POINT ( 'NONE',  ( 0.8299696623749649449, 0.4500000000000000111, -1.090301030424413176 ) ) ;
#590 = SURFACE_SIDE_STYLE ('',( #945 ) ) ;
#591 = ORIENTED_EDGE ( 'NONE', *, *, #746, .F. ) ;
#592 = ORIENTED_EDGE ( 'NONE', *, *, #406, .F. ) ;
#593 = SURFACE_SIDE_STYLE ('',( #878 ) ) ;
#594 =( BOUNDED_CURVE ( )  B_SPLINE_CURVE ( 3, ( #2363, #2428, #35, #656 ),
 .UNSPECIFIED., .F., .T. ) 
 B_SPLINE_CURVE_WITH_KNOTS ( ( 4, 4 ),
 ( 5.928997208086025594, 6.637373406273147758 ),
 .UNSPECIFIED. ) 
 CURVE ( )  GEOMETRIC_REPRESENTATION_ITEM ( )  RATIONAL_B_SPLINE_CURVE ( ( 1.000000000000000000, 0.9586189257870765257, 0.9586189257870765257, 1.000000000000000000 ) ) 
 REPRESENTATION_ITEM ( '' )  );
#595 = CARTESIAN_POINT ( 'NONE',  ( -0.8605279927300428788, 0.9399999999999999467, 1.345336923418450681 ) ) ;
#596 = VECTOR ( 'NONE', #452, 1000.000000000000000 ) ;
#597 = DIRECTION ( 'NONE',  ( 0.000000000000000000, 1.000000000000000000, 0.000000000000000000 ) ) ;
#598 = COLOUR_RGB ( '',0.2509803921568627416, 0.2509803921568627416, 0.2509803921568627416 ) ;
#599 = FACE_OUTER_BOUND ( 'NONE', #1479, .T. ) ;
#600 = LINE ( 'NONE', #2031, #1868 ) ;
#601 = LINE ( 'NONE', #2352, #61 ) ;
#602 = PRESENTATION_LAYER_ASSIGNMENT (  '', '', ( #685 ) ) ;
#603 = PRESENTATION_STYLE_ASSIGNMENT (( #1975 ) ) ;
#604 = VECTOR ( 'NONE', #31, 1000.000000000000114 ) ;
#605 = ORIENTED_EDGE ( 'NONE', *, *, #2224, .T. ) ;
#606 = CARTESIAN_POINT ( 'NONE',  ( 0.3847001309572681271, 0.000000000000000000, 0.8249920931587795270 ) ) ;
#607 = LINE ( 'NONE', #2166, #2508 ) ;
#608 = FILL_AREA_STYLE_COLOUR ( '', #2112 ) ;
#609 = FILL_AREA_STYLE_COLOUR ( '', #2024 ) ;
#610 = CYLINDRICAL_SURFACE ( 'NONE', #1211, 0.09999999999999996392 ) ;
#611 = DIRECTION ( 'NONE',  ( 0.9063077870366469391, -0.000000000000000000, -0.4226182617407059361 ) ) ;
#612 = LINE ( 'NONE', #114, #839 ) ;
#613 = UNCERTAINTY_MEASURE_WITH_UNIT (LENGTH_MEASURE( 1.000000000000000082E-05 ), #2142, 'distance_accuracy_value', 'NONE');
#614 = FACE_OUTER_BOUND ( 'NONE', #1121, .T. ) ;
#615 = VERTEX_POINT ( 'NONE', #2419 ) ;
#616 = EDGE_LOOP ( 'NONE', ( #505, #408, #1896, #396, #2229, #538, #1914, #2070, #1538, #2307, #1587, #155, #2370, #734, #1643, #2544 ) ) ;
#617 = EDGE_CURVE ( 'NONE', #2526, #1348, #2226, .T. ) ;
#618 = CARTESIAN_POINT ( 'NONE',  ( 1.750000000000000000, 0.000000000000000000, -1.750000000000000444 ) ) ;
#619 = PLANE ( 'NONE',  #32 ) ;
#620 = CARTESIAN_POINT ( 'NONE',  ( 1.850000000000000089, 0.2000000000000000111, 1.261711542730623803 ) ) ;
#621 = CARTESIAN_POINT ( 'NONE',  ( -1.728979152946862108, 0.1999999999999999833, 2.142357661493868849E-16 ) ) ;
#622 =( LENGTH_UNIT ( ) NAMED_UNIT ( * ) SI_UNIT ( .MILLI., .METRE. ) );
#623 = FACE_OUTER_BOUND ( 'NONE', #2050, .T. ) ;
#624 = VERTEX_POINT ( 'NONE', #277 ) ;
#625 = ORIENTED_EDGE ( 'NONE', *, *, #1266, .F. ) ;
#626 = PRESENTATION_LAYER_ASSIGNMENT (  '', '', ( #1230 ) ) ;
#627 = FILL_AREA_STYLE ('',( #1609 ) ) ;
#628 = EDGE_CURVE ( 'NONE', #1289, #2182, #76, .T. ) ;
#629 = EDGE_CURVE ( 'NONE', #2088, #1106, #2315, .T. ) ;
#630 = CARTESIAN_POINT ( 'NONE',  ( -1.116846170922498382, 0.4500000000000000666, 0.7903708475760568009 ) ) ;
#631 = PRESENTATION_LAYER_ASSIGNMENT (  '', '', ( #2247 ) ) ;
#632 = CARTESIAN_POINT ( 'NONE',  ( -1.749999999999996669, 0.000000000000000000, 1.308342308546125876 ) ) ;
#633 = UNCERTAINTY_MEASURE_WITH_UNIT (LENGTH_MEASURE( 1.000000000000000082E-05 ), #311, 'distance_accuracy_value', 'NONE');
#634 = DIRECTION ( 'NONE',  ( 0.4226182617407067132, 0.000000000000000000, 0.9063077870366466060 ) ) ;
#635 = ORIENTED_EDGE ( 'NONE', *, *, #1994, .T. ) ;
#636 = VERTEX_POINT ( 'NONE', #2294 ) ;
#637 = VECTOR ( 'NONE', #2538, 1000.000000000000000 ) ;
#638 = CARTESIAN_POINT ( 'NONE',  ( 1.750000000000000000, 0.000000000000000000, -1.750000000000000444 ) ) ;
#639 = VECTOR ( 'NONE', #1414, 1000.000000000000000 ) ;
#640 = DIRECTION ( 'NONE',  ( 0.9945218953682735119, 0.1045284632676517222, 0.000000000000000000 ) ) ;
#641 = CARTESIAN_POINT ( 'NONE',  ( 0.000000000000000000, 0.2000000000000000111, 0.000000000000000000 ) ) ;
#642 = CARTESIAN_POINT ( 'NONE',  ( 1.750000000000000000, 0.000000000000000000, -1.650547810463170118 ) ) ;
#643 = ORIENTED_EDGE ( 'NONE', *, *, #1163, .F. ) ;
#644 = EDGE_LOOP ( 'NONE', ( #968, #1328, #2298, #292 ) ) ;
#645 = ADVANCED_FACE ( 'NONE', ( #1528 ), #2115, .F. ) ;
#646 = DIRECTION ( 'NONE',  ( -1.398834292818546727E-16, 0.000000000000000000, -1.000000000000000000 ) ) ;
#647 = SURFACE_SIDE_STYLE ('',( #884 ) ) ;
#648 = VECTOR ( 'NONE', #1080, 1000.000000000000000 ) ;
#649 = DIRECTION ( 'NONE',  ( 0.000000000000000000, 0.000000000000000000, -1.000000000000000000 ) ) ;
#650 = ORIENTED_EDGE ( 'NONE', *, *, #319, .F. ) ;
#651 = DIRECTION ( 'NONE',  ( 1.000000000000000000, 0.000000000000000000, -1.398834292818546727E-16 ) ) ;
#652 = DIRECTION ( 'NONE',  ( 0.000000000000000000, 1.000000000000000000, 0.000000000000000000 ) ) ;
#653 = DIRECTION ( 'NONE',  ( 1.000000000000000000, 0.000000000000000000, 0.000000000000000000 ) ) ;
#654 = CARTESIAN_POINT ( 'NONE',  ( 1.850000000000000311, 0.000000000000000000, -1.261711542730623359 ) ) ;
#655 = LINE ( 'NONE', #867, #934 ) ;
#656 = CARTESIAN_POINT ( 'NONE',  ( 1.318791782920365030, 0.9399999999999999467, 0.9246136309356222105 ) ) ;
#657 = VERTEX_POINT ( 'NONE', #1910 ) ;
#658 = SURFACE_STYLE_FILL_AREA ( #2430 ) ;
#659 = EDGE_CURVE ( 'NONE', #914, #1478, #1503, .T. ) ;
#660 = EDGE_CURVE ( 'NONE', #2246, #1729, #160, .T. ) ;
#661 =( LENGTH_UNIT ( ) NAMED_UNIT ( * ) SI_UNIT ( .MILLI., .METRE. ) );
#662 = ADVANCED_FACE ( 'NONE', ( #564 ), #2090, .F. ) ;
#663 = VERTEX_POINT ( 'NONE', #1518 ) ;
#664 = DIRECTION ( 'NONE',  ( -1.000000000000000000, 0.000000000000000000, 1.398834292818546973E-16 ) ) ;
#665 = SURFACE_STYLE_USAGE ( .BOTH. , #1201 ) ;
#666 = AXIS2_PLACEMENT_3D ( 'NONE', #556, #1970, #1327 ) ;
#667 = DIRECTION ( 'NONE',  ( 0.000000000000000000, 1.000000000000000000, 0.000000000000000000 ) ) ;
#668 = PRESENTATION_STYLE_ASSIGNMENT (( #466 ) ) ;
#669 = CARTESIAN_POINT ( 'NONE',  ( 1.318791782920364364, 0.9399999999999999467, -0.9246136309356258742 ) ) ;
#670 = VERTEX_POINT ( 'NONE', #175 ) ;
#671 = CARTESIAN_POINT ( 'NONE',  ( 1.749999999999996891, 0.000000000000000000, -0.9316576914538734489 ) ) ;
#672 = FACE_OUTER_BOUND ( 'NONE', #2265, .T. ) ;
#673 = VECTOR ( 'NONE', #2535, 999.9999999999998863 ) ;
#674 = CARTESIAN_POINT ( 'NONE',  ( -0.3847001309572695704, -0.000000000000000000, -0.8249920931587805262 ) ) ;
#675 = STYLED_ITEM ( 'NONE', ( #1861 ), #583 ) ;
#676 = ORIENTED_EDGE ( 'NONE', *, *, #1152, .F. ) ;
#677 = EDGE_LOOP ( 'NONE', ( #1530, #2334, #189, #1222 ) ) ;
#678 = VECTOR ( 'NONE', #1273, 1000.000000000000114 ) ;
#679 = EDGE_CURVE ( 'NONE', #2055, #1925, #2522, .T. ) ;
#680 = CARTESIAN_POINT ( 'NONE',  ( 1.550698786960779563, 0.9499999999999999556, 1.650150976497606115 ) ) ;
#681 = FILL_AREA_STYLE_COLOUR ( '', #98 ) ;
#682 = CARTESIAN_POINT ( 'NONE',  ( 1.749999999999997558, 0.000000000000000000, 1.708936608743189867 ) ) ;
#683 = VECTOR ( 'NONE', #1839, 1000.000000000000000 ) ;
#684 = ORIENTED_EDGE ( 'NONE', *, *, #1644, .T. ) ;
#685 = STYLED_ITEM ( 'NONE', ( #2348 ), #1723 ) ;
#686 = CARTESIAN_POINT ( 'NONE',  ( -0.7658840241693884998, 0.4500000000000000111, -1.116846170922498827 ) ) ;
#687 = CARTESIAN_POINT ( 'NONE',  ( 0.4000000000000000777, 0.4500000000000000111, 0.2999999999999999889 ) ) ;
#688 = DIRECTION ( 'NONE',  ( -0.7071067811865443531, 0.000000000000000000, 0.7071067811865506814 ) ) ;
#689 = VECTOR ( 'NONE', #582, 1000.000000000000000 ) ;
#690 = VERTEX_POINT ( 'NONE', #951 ) ;
#691 = EDGE_LOOP ( 'NONE', ( #121, #2177, #315, #698 ) ) ;
#692 = CARTESIAN_POINT ( 'NONE',  ( -1.609087585240799534, 0.9499999999999999556, 1.650150976497607225 ) ) ;
#693 = ORIENTED_EDGE ( 'NONE', *, *, #2501, .F. ) ;
#694 = LINE ( 'NONE', #882, #1711 ) ;
#695 = DIRECTION ( 'NONE',  ( 0.000000000000000000, 1.000000000000000000, 0.000000000000000000 ) ) ;
#696 =( BOUNDED_CURVE ( )  B_SPLINE_CURVE ( 3, ( #1556, #225, #770, #1354 ),
 .UNSPECIFIED., .F., .T. ) 
 B_SPLINE_CURVE_WITH_KNOTS ( ( 4, 4 ),
 ( 2.787404554496228037, 3.495780752683352866 ),
 .UNSPECIFIED. ) 
 CURVE ( )  GEOMETRIC_REPRESENTATION_ITEM ( )  RATIONAL_B_SPLINE_CURVE ( ( 1.000000000000000000, 0.9586189257870763036, 0.9586189257870763036, 1.000000000000000000 ) ) 
 REPRESENTATION_ITEM ( '' )  );
#697 = LINE ( 'NONE', #1460, #2472 ) ;
#698 = ORIENTED_EDGE ( 'NONE', *, *, #712, .F. ) ;
#699 = PRESENTATION_LAYER_ASSIGNMENT (  '', '', ( #2002 ) ) ;
#700 = FACE_OUTER_BOUND ( 'NONE', #691, .T. ) ;
#701 = EDGE_CURVE ( 'NONE', #2344, #1813, #1733, .T. ) ;
#702 = LINE ( 'NONE', #1904, #1511 ) ;
#703 = CARTESIAN_POINT ( 'NONE',  ( -1.728979152946862330, 0.1999999999999999833, -1.318144490507908051 ) ) ;
#704 = VERTEX_POINT ( 'NONE', #2505 ) ;
#705 = DIRECTION ( 'NONE',  ( -1.398834292818546973E-16, 0.000000000000000000, -1.000000000000000000 ) ) ;
#706 = FACE_OUTER_BOUND ( 'NONE', #775, .T. ) ;
#707 = ORIENTED_EDGE ( 'NONE', *, *, #360, .T. ) ;
#708 = FILL_AREA_STYLE ('',( #306 ) ) ;
#709 = CARTESIAN_POINT ( 'NONE',  ( 1.724999999999999645, 0.2000000000000000111, 0.9200000000000000400 ) ) ;
#710 =( BOUNDED_CURVE ( )  B_SPLINE_CURVE ( 3, ( #589, #1177, #1766, #180 ),
 .UNSPECIFIED., .F., .F. ) 
 B_SPLINE_CURVE_WITH_KNOTS ( ( 4, 4 ),
 ( 5.928997208086028259, 6.637373406273146870 ),
 .UNSPECIFIED. ) 
 CURVE ( )  GEOMETRIC_REPRESENTATION_ITEM ( )  RATIONAL_B_SPLINE_CURVE ( ( 1.000000000000000000, 0.9586189257870769698, 0.9586189257870769698, 1.000000000000000000 ) ) 
 REPRESENTATION_ITEM ( '' )  );
#711 = VERTEX_POINT ( 'NONE', #2304 ) ;
#712 = EDGE_CURVE ( 'NONE', #1076, #717, #2077, .T. ) ;
#713 = PRESENTATION_LAYER_ASSIGNMENT (  '', '', ( #390 ) ) ;
#714 = FILL_AREA_STYLE_COLOUR ( '', #730 ) ;
#715 = FILL_AREA_STYLE ('',( #2096 ) ) ;
#716 = DIRECTION ( 'NONE',  ( -0.9063077870366466060, -0.000000000000000000, -0.4226182617407067132 ) ) ;
#717 = VERTEX_POINT ( 'NONE', #632 ) ;
#718 = ORIENTED_EDGE ( 'NONE', *, *, #936, .T. ) ;
#719 = EDGE_CURVE ( 'NONE', #237, #1435, #858, .T. ) ;
#720 = DIRECTION ( 'NONE',  ( -1.000000000000000000, 0.000000000000000000, 1.239088197126290817E-16 ) ) ;
#721 = ORIENTED_EDGE ( 'NONE', *, *, #174, .F. ) ;
#722 = CARTESIAN_POINT ( 'NONE',  ( -0.7604107402059063769, 0.4639250057417422801, -1.013001715843476314 ) ) ;
#723 = ORIENTED_EDGE ( 'NONE', *, *, #499, .F. ) ;
#724 = VECTOR ( 'NONE', #415, 1000.000000000000114 ) ;
#725 = VERTEX_POINT ( 'NONE', #14 ) ;
#726 = VECTOR ( 'NONE', #1875, 1000.000000000000000 ) ;
#727 = VECTOR ( 'NONE', #1671, 1000.000000000000114 ) ;
#728 = DIRECTION ( 'NONE',  ( -1.355252715606880543E-16, -0.000000000000000000, -1.000000000000000000 ) ) ;
#729 = LINE ( 'NONE', #2300, #2285 ) ;
#730 = COLOUR_RGB ( '',1.000000000000000000, 0.8078431372549019773, 0.4980392156862745168 ) ;
#731 = EDGE_LOOP ( 'NONE', ( #2383, #2145, #289, #2321 ) ) ;
#732 = SURFACE_SIDE_STYLE ('',( #950 ) ) ;
#733 = CIRCLE ( 'NONE', #1464, 0.1000000000000000472 ) ;
#734 = ORIENTED_EDGE ( 'NONE', *, *, #712, .T. ) ;
#735 = EDGE_CURVE ( 'NONE', #572, #310, #1394, .T. ) ;
#736 =( NAMED_UNIT ( * ) SI_UNIT ( $, .STERADIAN. ) SOLID_ANGLE_UNIT ( ) );
#737 = ORIENTED_EDGE ( 'NONE', *, *, #2471, .T. ) ;
#738 = CARTESIAN_POINT ( 'NONE',  ( -0.3999999999999999112, 0.5500000000000000444, 0.6999999999999999556 ) ) ;
#739 = ORIENTED_EDGE ( 'NONE', *, *, #560, .T. ) ;
#740 = PLANE ( 'NONE',  #939 ) ;
#741 = MECHANICAL_DESIGN_GEOMETRIC_PRESENTATION_REPRESENTATION (  '', ( #296 ), #820 ) ;
#742 = CARTESIAN_POINT ( 'NONE',  ( -0.7658840241693860573, 0.4500000000000000111, 1.116846170922498604 ) ) ;
#743 = LINE ( 'NONE', #2113, #1056 ) ;
#744 = DIRECTION ( 'NONE',  ( -0.1724321482694495256, -0.8927325632787548315, -0.4162880309412300694 ) ) ;
#745 = DIRECTION ( 'NONE',  ( 0.000000000000000000, 0.000000000000000000, -1.000000000000000000 ) ) ;
#746 = EDGE_CURVE ( 'NONE', #914, #1531, #1809, .T. ) ;
#747 = EDGE_CURVE ( 'NONE', #251, #1114, #601, .T. ) ;
#748 = EDGE_CURVE ( 'NONE', #2182, #1931, #1122, .T. ) ;
#749 = CARTESIAN_POINT ( 'NONE',  ( -1.724999999999999867, 0.2000000000000000111, 1.319999999999999618 ) ) ;
#750 = ORIENTED_EDGE ( 'NONE', *, *, #747, .F. ) ;
#751 =( LENGTH_UNIT ( ) NAMED_UNIT ( * ) SI_UNIT ( .MILLI., .METRE. ) );
#752 = ORIENTED_EDGE ( 'NONE', *, *, #679, .T. ) ;
#753 = ORIENTED_EDGE ( 'NONE', *, *, #2322, .F. ) ;
#754 = AXIS2_PLACEMENT_3D ( 'NONE', #749, #207, #1346 ) ;
#755 = STYLED_ITEM ( 'NONE', ( #603 ), #2466 ) ;
#756 = LINE ( 'NONE', #553, #282 ) ;
#757 = CYLINDRICAL_SURFACE ( 'NONE', #1907, 0.09999999999999996392 ) ;
#758 = ORIENTED_EDGE ( 'NONE', *, *, #2293, .F. ) ;
#759 = LINE ( 'NONE', #967, #961 ) ;
#760 =( BOUNDED_CURVE ( )  B_SPLINE_CURVE ( 3, ( #541, #1909, #692, #1473 ),
 .UNSPECIFIED., .F., .F. ) 
 B_SPLINE_CURVE_WITH_KNOTS ( ( 4, 4 ),
 ( 2.361657698713882869, 3.921527608465705583 ),
 .UNSPECIFIED. ) 
 CURVE ( )  GEOMETRIC_REPRESENTATION_ITEM ( )  RATIONAL_B_SPLINE_CURVE ( ( 1.000000000000000000, 0.8073061876036301543, 0.8073061876036301543, 1.000000000000000000 ) ) 
 REPRESENTATION_ITEM ( '' )  );
#761 = ORIENTED_EDGE ( 'NONE', *, *, #2547, .F. ) ;
#762 = CIRCLE ( 'NONE', #1823, 0.1000000000000000472 ) ;
#763 = EDGE_CURVE ( 'NONE', #178, #1850, #587, .T. ) ;
#764 = PLANE ( 'NONE',  #72 ) ;
#765 = VECTOR ( 'NONE', #1229, 1000.000000000000000 ) ;
#766 = FACE_OUTER_BOUND ( 'NONE', #283, .T. ) ;
#767 = FACE_OUTER_BOUND ( 'NONE', #2477, .T. ) ;
#768 = VECTOR ( 'NONE', #2042, 1000.000000000000114 ) ;
#769 = DIRECTION ( 'NONE',  ( 0.000000000000000000, 0.000000000000000000, -1.000000000000000000 ) ) ;
#770 = CARTESIAN_POINT ( 'NONE',  ( -1.116846170922498382, 0.4500000000000000111, -0.7903708475760544694 ) ) ;
#771 = SURFACE_STYLE_FILL_AREA ( #1747 ) ;
#772 = ORIENTED_EDGE ( 'NONE', *, *, #2339, .F. ) ;
#773 = UNCERTAINTY_MEASURE_WITH_UNIT (LENGTH_MEASURE( 1.000000000000000082E-05 ), #421, 'distance_accuracy_value', 'NONE');
#774 = CARTESIAN_POINT ( 'NONE',  ( 0.8310858482029360728, 0.4557788263111057225, -1.092995741388429476 ) ) ;
#775 = EDGE_LOOP ( 'NONE', ( #1073, #1232, #1731, #1371 ) ) ;
#776 = LINE ( 'NONE', #183, #2255 ) ;
#777 =( BOUNDED_CURVE ( )  B_SPLINE_CURVE ( 3, ( #1078, #1428, #100, #857 ),
 .UNSPECIFIED., .F., .F. ) 
 B_SPLINE_CURVE_WITH_KNOTS ( ( 4, 4 ),
 ( 2.361657698713882869, 3.921527608465705583 ),
 .UNSPECIFIED. ) 
 CURVE ( )  GEOMETRIC_REPRESENTATION_ITEM ( )  RATIONAL_B_SPLINE_CURVE ( ( 1.000000000000000000, 0.8073061876036301543, 0.8073061876036301543, 1.000000000000000000 ) ) 
 REPRESENTATION_ITEM ( '' )  );
#778 = DIRECTION ( 'NONE',  ( 1.398834292818546727E-16, 0.000000000000000000, 1.000000000000000000 ) ) ;
#779 = EDGE_CURVE ( 'NONE', #913, #1790, #2380, .T. ) ;
#780 = ADVANCED_FACE ( 'NONE', ( #785 ), #986, .T. ) ;
#781 = PRESENTATION_STYLE_ASSIGNMENT (( #2194 ) ) ;
#782 = FACE_OUTER_BOUND ( 'NONE', #1200, .T. ) ;
#783 = SURFACE_STYLE_FILL_AREA ( #1983 ) ;
#784 = EDGE_LOOP ( 'NONE', ( #93, #1638, #1600, #1516 ) ) ;
#785 = FACE_OUTER_BOUND ( 'NONE', #1471, .T. ) ;
#786 = DIRECTION ( 'NONE',  ( 0.1039620511844955297, 0.9891328443778544255, -0.1039620511844955575 ) ) ;
#787 =( LENGTH_UNIT ( ) NAMED_UNIT ( * ) SI_UNIT ( .MILLI., .METRE. ) );
#788 = EDGE_LOOP ( 'NONE', ( #323, #2049, #1508, #2134 ) ) ;
#789 = ORIENTED_EDGE ( 'NONE', *, *, #2486, .T. ) ;
#790 = DIRECTION ( 'NONE',  ( 0.1044045134811383002, 0.9933425919253661140, -0.04868462418220264459 ) ) ;
#791 = CARTESIAN_POINT ( 'NONE',  ( -1.749999999999996669, 0.000000000000000000, 1.708936608743190311 ) ) ;
#792 = EDGE_CURVE ( 'NONE', #2237, #1101, #2211, .T. ) ;
#793 = CARTESIAN_POINT ( 'NONE',  ( 1.609087585240800866, 0.9499999999999999556, 1.650150976497606337 ) ) ;
#794 =( NAMED_UNIT ( * ) SI_UNIT ( $, .STERADIAN. ) SOLID_ANGLE_UNIT ( ) );
#795 = ORIENTED_EDGE ( 'NONE', *, *, #2381, .F. ) ;
#796 = CARTESIAN_POINT ( 'NONE',  ( 1.116846170922498827, 0.4500000000000000111, 0.7658840241693870565 ) ) ;
#797 = CARTESIAN_POINT ( 'NONE',  ( 1.450150976497606381, 0.9399999999999999467, -1.450150976497606825 ) ) ;
#798 = VERTEX_POINT ( 'NONE', #821 ) ;
#799 = ORIENTED_EDGE ( 'NONE', *, *, #1598, .F. ) ;
#800 = AXIS2_PLACEMENT_3D ( 'NONE', #1856, #96, #1653 ) ;
#801 = CARTESIAN_POINT ( 'NONE',  ( 1.450150976497606825, 0.9399999999999999467, 1.450150976497605937 ) ) ;
#802 = CARTESIAN_POINT ( 'NONE',  ( -1.336106581800936555, 0.9399999999999997247, -0.9072988320550492425 ) ) ;
#803 = COLOUR_RGB ( '',0.2509803921568627416, 0.2509803921568627416, 0.2509803921568627416 ) ;
#804 = VECTOR ( 'NONE', #1940, 1000.000000000000114 ) ;
#805 = CARTESIAN_POINT ( 'NONE',  ( -1.708936608743189645, 0.000000000000000000, 1.749999999999997113 ) ) ;
#806 = AXIS2_PLACEMENT_3D ( 'NONE', #1345, #786, #2131 ) ;
#807 = VECTOR ( 'NONE', #611, 1000.000000000000000 ) ;
#808 = ADVANCED_FACE ( 'NONE', ( #1765 ), #1404, .F. ) ;
#809 = CARTESIAN_POINT ( 'NONE',  ( 1.533938666861721423, 1.109461890918976845, -1.633390856398549529 ) ) ;
#810 = VECTOR ( 'NONE', #550, 1000.000000000000000 ) ;
#811 = AXIS2_PLACEMENT_3D ( 'NONE', #234, #440, #256 ) ;
#812 = ORIENTED_EDGE ( 'NONE', *, *, #393, .F. ) ;
#813 = EDGE_LOOP ( 'NONE', ( #2335, #63, #1310, #2021, #2175, #707, #1687, #2389, #1466, #923, #322, #122, #573, #930, #428, #1247 ) ) ;
#814 = CARTESIAN_POINT ( 'NONE',  ( 0.000000000000000000, 0.4500000000000000111, 0.000000000000000000 ) ) ;
#815 = CARTESIAN_POINT ( 'NONE',  ( -1.550698786960779119, 0.9499999999999999556, -1.650150976497606559 ) ) ;
#816 = CARTESIAN_POINT ( 'NONE',  ( -0.3999999999999999112, 0.4500000000000000111, 0.6999999999999999556 ) ) ;
#817 = DIRECTION ( 'NONE',  ( 5.421010862427523156E-16, 0.000000000000000000, -1.000000000000000000 ) ) ;
#818 = DIRECTION ( 'NONE',  ( 0.1039620511844955575, 0.9891328443778544255, 0.1039620511844955297 ) ) ;
#819 = ORIENTED_EDGE ( 'NONE', *, *, #393, .T. ) ;
#820 =( GEOMETRIC_REPRESENTATION_CONTEXT ( 3 ) GLOBAL_UNCERTAINTY_ASSIGNED_CONTEXT ( ( #1155 ) ) GLOBAL_UNIT_ASSIGNED_CONTEXT ( ( #1737, #2317, #368 ) ) REPRESENTATION_CONTEXT ( 'NONE', 'WORKASPACE' ) );
#821 = CARTESIAN_POINT ( 'NONE',  ( -1.450150976497606159, 0.9399999999999999467, -1.550150976497606470 ) ) ;
#822 = ADVANCED_FACE ( 'NONE', ( #2186 ), #216, .F. ) ;
#823 = DIRECTION ( 'NONE',  ( 0.4162880309412301250, 0.8927325632787550536, -0.1724321482694490815 ) ) ;
#824 = ORIENTED_EDGE ( 'NONE', *, *, #210, .F. ) ;
#825 = EDGE_CURVE ( 'NONE', #506, #2111, #2079, .T. ) ;
#826 = SURFACE_SIDE_STYLE ('',( #2025 ) ) ;
#827 = CARTESIAN_POINT ( 'NONE',  ( 1.550698786960778897, 0.9499999999999999556, -1.650150976497607003 ) ) ;
#828 = CARTESIAN_POINT ( 'NONE',  ( -1.090301030424412065, 0.4500000000000000111, 0.8299696623749676094 ) ) ;
#829 = CARTESIAN_POINT ( 'NONE',  ( 1.090301030424413176, 0.4500000000000000111, 0.8299696623749652780 ) ) ;
#830 = STYLED_ITEM ( 'NONE', ( #987 ), #2308 ) ;
#831 = FILL_AREA_STYLE_COLOUR ( '', #2248 ) ;
#832 = CARTESIAN_POINT ( 'NONE',  ( 1.318791782920365030, 0.9399999999999999467, 0.9246136309356222105 ) ) ;
#833 = VERTEX_POINT ( 'NONE', #1848 ) ;
#834 = CARTESIAN_POINT ( 'NONE',  ( -1.724999999999999645, 0.2000000000000000111, 0.1999999999999998168 ) ) ;
#835 = CARTESIAN_POINT ( 'NONE',  ( -1.749999999999999556, 0.000000000000000000, 1.650547810463169895 ) ) ;
#836 = CARTESIAN_POINT ( 'NONE',  ( 1.850000000000000311, 0.2000000000000000111, -0.9199999999999995959 ) ) ;
#837 = ORIENTED_EDGE ( 'NONE', *, *, #2209, .F. ) ;
#838 = EDGE_CURVE ( 'NONE', #1118, #2234, #2442, .T. ) ;
#839 = VECTOR ( 'NONE', #1075, 1000.000000000000000 ) ;
#840 = PRODUCT ( 'WS2812B-MINI-X2', 'WS2812B-MINI-X2', '', ( #586 ) ) ;
#841 = ORIENTED_EDGE ( 'NONE', *, *, #1127, .T. ) ;
#842 = AXIS2_PLACEMENT_3D ( 'NONE', #1689, #1258, #2480 ) ;
#843 = STYLED_ITEM ( 'NONE', ( #2240 ), #1013 ) ;
#844 = FACE_OUTER_BOUND ( 'NONE', #677, .T. ) ;
#845 = COLOUR_RGB ( '',1.000000000000000000, 0.8078431372549019773, 0.4980392156862745168 ) ;
#846 = DIRECTION ( 'NONE',  ( 0.000000000000000000, -1.000000000000000000, 0.000000000000000000 ) ) ;
#847 = ORIENTED_EDGE ( 'NONE', *, *, #1499, .F. ) ;
#848 = VECTOR ( 'NONE', #1699, 1000.000000000000227 ) ;
#849 = CARTESIAN_POINT ( 'NONE',  ( 0.4000000000000000777, 0.5500000000000000444, 0.2999999999999999889 ) ) ;
#850 = EDGE_LOOP ( 'NONE', ( #1042, #90, #956, #1031 ) ) ;
#851 = EDGE_CURVE ( 'NONE', #220, #833, #1878, .T. ) ;
#852 = EDGE_CURVE ( 'NONE', #1694, #2310, #1890, .T. ) ;
#853 = CARTESIAN_POINT ( 'NONE',  ( 1.749999999999997335, 0.000000000000000000, -1.708936608743190755 ) ) ;
#854 = ORIENTED_EDGE ( 'NONE', *, *, #1253, .T. ) ;
#855 = EDGE_CURVE ( 'NONE', #2310, #1167, #1079, .T. ) ;
#856 = DIRECTION ( 'NONE',  ( -0.000000000000000000, 0.000000000000000000, 1.000000000000000000 ) ) ;
#857 = CARTESIAN_POINT ( 'NONE',  ( -1.650150976497606559, 0.9499999999999999556, -1.550698786960778897 ) ) ;
#858 =( BOUNDED_CURVE ( )  B_SPLINE_CURVE ( 3, ( #829, #48, #1955, #796 ),
 .UNSPECIFIED., .F., .T. ) 
 B_SPLINE_CURVE_WITH_KNOTS ( ( 4, 4 ),
 ( 5.928997208086028259, 6.637373406273145982 ),
 .UNSPECIFIED. ) 
 CURVE ( )  GEOMETRIC_REPRESENTATION_ITEM ( )  RATIONAL_B_SPLINE_CURVE ( ( 1.000000000000000000, 0.9586189257870769698, 0.9586189257870769698, 1.000000000000000000 ) ) 
 REPRESENTATION_ITEM ( '' )  );
#859 = CARTESIAN_POINT ( 'NONE',  ( -1.321486493884380220, 0.9457788263111056581, 0.9257298167635967800 ) ) ;
#860 = DIRECTION ( 'NONE',  ( 0.9063077870366464950, -0.000000000000000000, -0.4226182617407068798 ) ) ;
#861 = DIRECTION ( 'NONE',  ( -1.000000000000000000, -0.000000000000000000, -0.000000000000000000 ) ) ;
#862 = ORIENTED_EDGE ( 'NONE', *, *, #2178, .F. ) ;
#863 = CARTESIAN_POINT ( 'NONE',  ( -1.090301030424412065, 0.4500000000000000111, 0.8299696623749676094 ) ) ;
#864 = CARTESIAN_POINT ( 'NONE',  ( -0.9601353463996850079, 0.4500000000000000111, 0.9601353463996936677 ) ) ;
#865 = DIRECTION ( 'NONE',  ( 0.9063077870366466060, -0.000000000000000000, 0.4226182617407067132 ) ) ;
#866 = ORIENTED_EDGE ( 'NONE', *, *, #376, .T. ) ;
#867 = CARTESIAN_POINT ( 'NONE',  ( -1.850000000000000089, 0.2000000000000000111, -0.9200000000000000400 ) ) ;
#868 = DIRECTION ( 'NONE',  ( 0.000000000000000000, 0.000000000000000000, 1.000000000000000000 ) ) ;
#869 = VERTEX_POINT ( 'NONE', #134 ) ;
#870 = CARTESIAN_POINT ( 'NONE',  ( -1.550150976497606470, 0.9499999999999999556, -1.450150976497606381 ) ) ;
#871 = EDGE_CURVE ( 'NONE', #525, #163, #321, .T. ) ;
#872 = ORIENTED_EDGE ( 'NONE', *, *, #2197, .F. ) ;
#873 = EDGE_LOOP ( 'NONE', ( #1055, #477, #2098, #1178 ) ) ;
#874 = CARTESIAN_POINT ( 'NONE',  ( -0.8136850191039025626, -0.000000000000000000, 1.744953154583234856 ) ) ;
#875 = LINE ( 'NONE', #1664, #1818 ) ;
#876 = ORIENTED_EDGE ( 'NONE', *, *, #2228, .T. ) ;
#877 = VECTOR ( 'NONE', #2057, 1000.000000000000114 ) ;
#878 = SURFACE_STYLE_FILL_AREA ( #94 ) ;
#879 = CARTESIAN_POINT ( 'NONE',  ( 1.336106581800936999, 0.9399999999999999467, -0.9072988320550534613 ) ) ;
#880 = ORIENTED_EDGE ( 'NONE', *, *, #2486, .F. ) ;
#881 = CARTESIAN_POINT ( 'NONE',  ( 1.633390856398549529, 1.109461890918976845, 1.533938666861721423 ) ) ;
#882 = CARTESIAN_POINT ( 'NONE',  ( 0.7351353463996881388, 0.4500000000000000111, -1.185135346399688983 ) ) ;
#883 = AXIS2_PLACEMENT_3D ( 'NONE', #1149, #922, #1115 ) ;
#884 = SURFACE_STYLE_FILL_AREA ( #708 ) ;
#885 = VECTOR ( 'NONE', #548, 1000.000000000000114 ) ;
#886 = EDGE_CURVE ( 'NONE', #172, #525, #2001, .T. ) ;
#887 = ORIENTED_EDGE ( 'NONE', *, *, #2399, .T. ) ;
#888 =( GEOMETRIC_REPRESENTATION_CONTEXT ( 3 ) GLOBAL_UNCERTAINTY_ASSIGNED_CONTEXT ( ( #976 ) ) GLOBAL_UNIT_ASSIGNED_CONTEXT ( ( #1933, #2473, #2143 ) ) REPRESENTATION_CONTEXT ( 'NONE', 'WORKASPACE' ) );
#889 =( BOUNDED_CURVE ( )  B_SPLINE_CURVE ( 3, ( #595, #1922, #411, #2338 ),
 .UNSPECIFIED., .F., .F. ) 
 B_SPLINE_CURVE_WITH_KNOTS ( ( 4, 4 ),
 ( 2.787404554496231590, 3.495780752683352421 ),
 .UNSPECIFIED. ) 
 CURVE ( )  GEOMETRIC_REPRESENTATION_ITEM ( )  RATIONAL_B_SPLINE_CURVE ( ( 1.000000000000000000, 0.9586189257870767477, 0.9586189257870767477, 1.000000000000000000 ) ) 
 REPRESENTATION_ITEM ( '' )  );
#890 = DIRECTION ( 'NONE',  ( 0.000000000000000000, 0.000000000000000000, -1.000000000000000000 ) ) ;
#891 = CARTESIAN_POINT ( 'NONE',  ( -1.749999999999996891, 0.000000000000000000, -0.1883423085461263524 ) ) ;
#892 = MECHANICAL_DESIGN_GEOMETRIC_PRESENTATION_REPRESENTATION (  '', ( #28 ), #2206 ) ;
#893 =( GEOMETRIC_REPRESENTATION_CONTEXT ( 3 ) GLOBAL_UNCERTAINTY_ASSIGNED_CONTEXT ( ( #1027 ) ) GLOBAL_UNIT_ASSIGNED_CONTEXT ( ( #2169, #2150, #1783 ) ) REPRESENTATION_CONTEXT ( 'NONE', 'WORKASPACE' ) );
#894 = FACE_OUTER_BOUND ( 'NONE', #460, .T. ) ;
#895 = CARTESIAN_POINT ( 'NONE',  ( -0.3999999999999999667, 0.5500000000000000444, 0.2999999999999999889 ) ) ;
#896 = COLOUR_RGB ( '',1.000000000000000000, 0.8078431372549019773, 0.4980392156862745168 ) ;
#897 = ORIENTED_EDGE ( 'NONE', *, *, #1658, .F. ) ;
#898 = CARTESIAN_POINT ( 'NONE',  ( 1.550150976497606914, 0.9399999999999999467, 1.550150976497606026 ) ) ;
#899 = FACE_OUTER_BOUND ( 'NONE', #2147, .T. ) ;
#900 = PLANE ( 'NONE',  #842 ) ;
#901 = DIRECTION ( 'NONE',  ( 0.1044045134811383141, 0.9933425919253661140, -0.04868462418220260990 ) ) ;
#902 = FILL_AREA_STYLE_COLOUR ( '', #252 ) ;
#903 = ORIENTED_EDGE ( 'NONE', *, *, #1166, .T. ) ;
#904 = EDGE_CURVE ( 'NONE', #615, #273, #119, .T. ) ;
#905 =( LENGTH_UNIT ( ) NAMED_UNIT ( * ) SI_UNIT ( .MILLI., .METRE. ) );
#906 = ORIENTED_EDGE ( 'NONE', *, *, #2262, .F. ) ;
#907 = EDGE_CURVE ( 'NONE', #27, #554, #1228, .T. ) ;
#908 = DIRECTION ( 'NONE',  ( 0.000000000000000000, 1.000000000000000000, 0.000000000000000000 ) ) ;
#909 = CARTESIAN_POINT ( 'NONE',  ( 2.044682598454607584E-16, 0.9499999999999999556, 1.650150976497606337 ) ) ;
#910 = DIRECTION ( 'NONE',  ( -0.7071067811865443531, 0.000000000000000000, 0.7071067811865506814 ) ) ;
#911 = ORIENTED_EDGE ( 'NONE', *, *, #2381, .T. ) ;
#912 = CARTESIAN_POINT ( 'NONE',  ( 1.092995741388429476, 0.4557788263111057225, 0.8310858482029362948 ) ) ;
#913 = VERTEX_POINT ( 'NONE', #2074 ) ;
#914 = VERTEX_POINT ( 'NONE', #2019 ) ;
#915 = DIRECTION ( 'NONE',  ( -0.4226182617407061026, 0.000000000000000000, 0.9063077870366468280 ) ) ;
#916 = VERTEX_POINT ( 'NONE', #132 ) ;
#917 = ORIENTED_EDGE ( 'NONE', *, *, #628, .F. ) ;
#918 = MECHANICAL_DESIGN_GEOMETRIC_PRESENTATION_REPRESENTATION (  '', ( #830 ), #551 ) ;
#919 = DIRECTION ( 'NONE',  ( 1.000000000000000000, -0.000000000000000000, 0.000000000000000000 ) ) ;
#920 = DIRECTION ( 'NONE',  ( 1.000000000000000000, 0.000000000000000000, -1.239088197126291063E-16 ) ) ;
#921 = EDGE_CURVE ( 'NONE', #2105, #532, #694, .T. ) ;
#922 = DIRECTION ( 'NONE',  ( -0.4226182617407059361, -0.000000000000000000, -0.9063077870366469391 ) ) ;
#923 = ORIENTED_EDGE ( 'NONE', *, *, #2008, .T. ) ;
#924 = CARTESIAN_POINT ( 'NONE',  ( -1.850000000000000089, 0.000000000000000000, 0.9782884572693759662 ) ) ;
#925 = DIRECTION ( 'NONE',  ( 1.232300342334496109E-16, -0.1045284632676512782, 0.9945218953682736229 ) ) ;
#926 = ORIENTED_EDGE ( 'NONE', *, *, #1578, .F. ) ;
#927 = AXIS2_PLACEMENT_3D ( 'NONE', #388, #2358, #1361 ) ;
#928 = CARTESIAN_POINT ( 'NONE',  ( -1.850000000000000089, 0.2000000000000000111, -0.9782884572693760772 ) ) ;
#929 = CARTESIAN_POINT ( 'NONE',  ( 1.650547810463170118, 0.000000000000000000, 1.749999999999999556 ) ) ;
#930 = ORIENTED_EDGE ( 'NONE', *, *, #886, .T. ) ;
#931 = AXIS2_PLACEMENT_3D ( 'NONE', #242, #1026, #2462 ) ;
#932 = CARTESIAN_POINT ( 'NONE',  ( -0.7604107402059043785, 0.4639250057417442230, 1.013001715843476758 ) ) ;
#933 = DIRECTION ( 'NONE',  ( 0.000000000000000000, 0.000000000000000000, 1.000000000000000000 ) ) ;
#934 = VECTOR ( 'NONE', #817, 1000.000000000000000 ) ;
#935 = ORIENTED_EDGE ( 'NONE', *, *, #1553, .T. ) ;
#936 = EDGE_CURVE ( 'NONE', #336, #1118, #2280, .T. ) ;
#937 = ADVANCED_FACE ( 'NONE', ( #706 ), #275, .F. ) ;
#938 = DIRECTION ( 'NONE',  ( 0.000000000000000000, -1.000000000000000000, 0.000000000000000000 ) ) ;
#939 = AXIS2_PLACEMENT_3D ( 'NONE', #1730, #1972, #221 ) ;
#940 = PRESENTATION_STYLE_ASSIGNMENT (( #1745 ) ) ;
#941 = ADVANCED_FACE ( 'NONE', ( #672 ), #1834, .F. ) ;
#942 = CARTESIAN_POINT ( 'NONE',  ( 1.550150976497606914, 0.9399999999999999467, 1.450150976497605937 ) ) ;
#943 = PLANE ( 'NONE',  #2401 ) ;
#944 = DIRECTION ( 'NONE',  ( -0.1044045134811383141, -0.9933425919253661140, -0.04868462418220260990 ) ) ;
#945 = SURFACE_STYLE_FILL_AREA ( #2104 ) ;
#946 = ORIENTED_EDGE ( 'NONE', *, *, #1994, .F. ) ;
#947 =( LENGTH_UNIT ( ) NAMED_UNIT ( * ) SI_UNIT ( .MILLI., .METRE. ) );
#948 = SURFACE_SIDE_STYLE ('',( #361 ) ) ;
#949 = ORIENTED_EDGE ( 'NONE', *, *, #1315, .F. ) ;
#950 = SURFACE_STYLE_FILL_AREA ( #518 ) ;
#951 = CARTESIAN_POINT ( 'NONE',  ( -1.650150976497606115, 0.9499999999999999556, 1.550698786960779119 ) ) ;
#952 = CARTESIAN_POINT ( 'NONE',  ( 1.450150976497606825, 0.9399999999999999467, 1.450150976497605937 ) ) ;
#953 = FILL_AREA_STYLE_COLOUR ( '', #4 ) ;
#954 = ORIENTED_EDGE ( 'NONE', *, *, #855, .F. ) ;
#955 = ADVANCED_FACE ( 'NONE', ( #519 ), #2253, .F. ) ;
#956 = ORIENTED_EDGE ( 'NONE', *, *, #38, .F. ) ;
#957 = DIRECTION ( 'NONE',  ( -0.1724321482694470553, 0.8927325632787552756, 0.4162880309412302915 ) ) ;
#958 = CARTESIAN_POINT ( 'NONE',  ( 0.000000000000000000, 0.4500000000000000111, 1.116846170922498604 ) ) ;
#959 = PRESENTATION_STYLE_ASSIGNMENT (( #2167 ) ) ;
#960 = FACE_OUTER_BOUND ( 'NONE', #2261, .T. ) ;
#961 = VECTOR ( 'NONE', #2132, 999.9999999999998863 ) ;
#962 = LINE ( 'NONE', #1184, #2457 ) ;
#963 =( NAMED_UNIT ( * ) SI_UNIT ( $, .STERADIAN. ) SOLID_ANGLE_UNIT ( ) );
#964 = ORIENTED_EDGE ( 'NONE', *, *, #1166, .F. ) ;
#965 = EDGE_CURVE ( 'NONE', #2406, #1445, #492, .T. ) ;
#966 = VECTOR ( 'NONE', #1182, 1000.000000000000114 ) ;
#967 = CARTESIAN_POINT ( 'NONE',  ( -0.9257298167635963360, 0.9457788263111056581, -1.321486493884380664 ) ) ;
#968 = ORIENTED_EDGE ( 'NONE', *, *, #1351, .F. ) ;
#969 =( GEOMETRIC_REPRESENTATION_CONTEXT ( 3 ) GLOBAL_UNCERTAINTY_ASSIGNED_CONTEXT ( ( #773 ) ) GLOBAL_UNIT_ASSIGNED_CONTEXT ( ( #421, #1806, #1215 ) ) REPRESENTATION_CONTEXT ( 'NONE', 'WORKASPACE' ) );
#970 = AXIS2_PLACEMENT_3D ( 'NONE', #834, #2216, #990 ) ;
#971 =( BOUNDED_CURVE ( )  B_SPLINE_CURVE ( 3, ( #1529, #1446, #1250, #1070 ),
 .UNSPECIFIED., .F., .T. ) 
 B_SPLINE_CURVE_WITH_KNOTS ( ( 4, 4 ),
 ( 2.787404554496227593, 3.495780752683358639 ),
 .UNSPECIFIED. ) 
 CURVE ( )  GEOMETRIC_REPRESENTATION_ITEM ( )  RATIONAL_B_SPLINE_CURVE ( ( 1.000000000000000000, 0.9586189257870755265, 0.9586189257870755265, 1.000000000000000000 ) ) 
 REPRESENTATION_ITEM ( '' )  );
#972 = DIRECTION ( 'NONE',  ( 0.000000000000000000, 1.000000000000000000, 0.000000000000000000 ) ) ;
#973 = VECTOR ( 'NONE', #2199, 1000.000000000000000 ) ;
#974 = COLOUR_RGB ( '',1.000000000000000000, 0.8078431372549019773, 0.4980392156862745168 ) ;
#975 = CARTESIAN_POINT ( 'NONE',  ( 0.000000000000000000, 0.000000000000000000, 0.000000000000000000 ) ) ;
#976 = UNCERTAINTY_MEASURE_WITH_UNIT (LENGTH_MEASURE( 1.000000000000000082E-05 ), #1933, 'distance_accuracy_value', 'NONE');
#977 =( NAMED_UNIT ( * ) SI_UNIT ( $, .STERADIAN. ) SOLID_ANGLE_UNIT ( ) );
#978 = ORIENTED_EDGE ( 'NONE', *, *, #2193, .T. ) ;
#979 = EDGE_LOOP ( 'NONE', ( #2395, #1844, #2100, #1335 ) ) ;
#980 = FILL_AREA_STYLE ('',( #608 ) ) ;
#981 = EDGE_CURVE ( 'NONE', #2111, #1977, #777, .T. ) ;
#982 = DIRECTION ( 'NONE',  ( -0.7071067811865506814, 0.000000000000000000, -0.7071067811865443531 ) ) ;
#983 =( LENGTH_UNIT ( ) NAMED_UNIT ( * ) SI_UNIT ( .MILLI., .METRE. ) );
#984 = CARTESIAN_POINT ( 'NONE',  ( 1.850000000000000311, 0.2000000000000000111, 0.2000000000000002331 ) ) ;
#985 = ORIENTED_EDGE ( 'NONE', *, *, #2279, .T. ) ;
#986 = PLANE ( 'NONE',  #2155 ) ;
#987 = PRESENTATION_STYLE_ASSIGNMENT (( #166 ) ) ;
#988 = VERTEX_POINT ( 'NONE', #472 ) ;
#989 = ORIENTED_EDGE ( 'NONE', *, *, #2178, .T. ) ;
#990 = DIRECTION ( 'NONE',  ( 0.000000000000000000, -1.000000000000000000, 0.000000000000000000 ) ) ;
#991 = LINE ( 'NONE', #1781, #1542 ) ;
#992 = EDGE_CURVE ( 'NONE', #549, #1445, #2461, .T. ) ;
#993 = FILL_AREA_STYLE ('',( #2536 ) ) ;
#994 = DIRECTION ( 'NONE',  ( 1.000000000000000000, 0.000000000000000000, 0.000000000000000000 ) ) ;
#995 = VECTOR ( 'NONE', #1560, 999.9999999999998863 ) ;
#996 = LINE ( 'NONE', #488, #1581 ) ;
#997 = CARTESIAN_POINT ( 'NONE',  ( -1.318791782920363920, 0.9399999999999999467, 0.9246136309356256522 ) ) ;
#998 = DIRECTION ( 'NONE',  ( -0.9063077870366480493, 0.4226182617407033826, 0.000000000000000000 ) ) ;
#999 = ORIENTED_EDGE ( 'NONE', *, *, #2228, .F. ) ;
#1000 = ORIENTED_EDGE ( 'NONE', *, *, #2125, .T. ) ;
#1001 = SURFACE_STYLE_FILL_AREA ( #627 ) ;
#1002 =( NAMED_UNIT ( * ) SI_UNIT ( $, .STERADIAN. ) SOLID_ANGLE_UNIT ( ) );
#1003 = SURFACE_STYLE_FILL_AREA ( #80 ) ;
#1004 = VECTOR ( 'NONE', #716, 1000.000000000000000 ) ;
#1005 = VECTOR ( 'NONE', #1298, 1000.000000000000000 ) ;
#1006 = CARTESIAN_POINT ( 'NONE',  ( -0.3999999999999999667, 0.5500000000000000444, 0.2999999999999999889 ) ) ;
#1007 =( GEOMETRIC_REPRESENTATION_CONTEXT ( 3 ) GLOBAL_UNCERTAINTY_ASSIGNED_CONTEXT ( ( #2342 ) ) GLOBAL_UNIT_ASSIGNED_CONTEXT ( ( #622, #1583, #2366 ) ) REPRESENTATION_CONTEXT ( 'NONE', 'WORKASPACE' ) );
#1009 = ORIENTED_EDGE ( 'NONE', *, *, #1944, .F. ) ;
#1008 = EDGE_CURVE ( 'NONE', #478, #549, #117, .T. ) ;
#1010 = SURFACE_STYLE_FILL_AREA ( #201 ) ;
#1011 = AXIS2_PLACEMENT_3D ( 'NONE', #1322, #2467, #664 ) ;
#1012 = CARTESIAN_POINT ( 'NONE',  ( 1.750000000000000000, 0.000000000000000000, -1.650547810463170118 ) ) ;
#1013 = ADVANCED_FACE ( 'NONE', ( #899 ), #1869, .T. ) ;
#1014 = FILL_AREA_STYLE ('',( #1775 ) ) ;
#1015 = PLANE ( 'NONE',  #2440 ) ;
#1016 = ORIENTED_EDGE ( 'NONE', *, *, #1443, .T. ) ;
#1017 = PRESENTATION_LAYER_ASSIGNMENT (  '', '', ( #1883 ) ) ;
#1018 = ORIENTED_EDGE ( 'NONE', *, *, #71, .F. ) ;
#1019 = PLANE ( 'NONE',  #1290 ) ;
#1020 = DIRECTION ( 'NONE',  ( 1.239088197126290817E-16, 0.000000000000000000, 1.000000000000000000 ) ) ;
#1021 = LINE ( 'NONE', #1041, #1238 ) ;
#1022 = CARTESIAN_POINT ( 'NONE',  ( 1.650150976497606559, 0.9499999999999999556, -1.550698786960779563 ) ) ;
#1023 = VECTOR ( 'NONE', #1444, 1000.000000000000114 ) ;
#1024 =( BOUNDED_CURVE ( )  B_SPLINE_CURVE ( 3, ( #1965, #397, #802, #1769 ),
 .UNSPECIFIED., .F., .F. ) 
 B_SPLINE_CURVE_WITH_KNOTS ( ( 4, 4 ),
 ( 2.787404554496233366, 3.495780752683355530 ),
 .UNSPECIFIED. ) 
 CURVE ( )  GEOMETRIC_REPRESENTATION_ITEM ( )  RATIONAL_B_SPLINE_CURVE ( ( 1.000000000000000000, 0.9586189257870765257, 0.9586189257870765257, 1.000000000000000000 ) ) 
 REPRESENTATION_ITEM ( '' )  );
#1025 = CARTESIAN_POINT ( 'NONE',  ( -1.850000000000000089, 0.2000000000000000111, 1.319999999999999618 ) ) ;
#1026 = DIRECTION ( 'NONE',  ( -0.1724321482694495533, -0.8927325632787548315, -0.4162880309412300139 ) ) ;
#1027 = UNCERTAINTY_MEASURE_WITH_UNIT (LENGTH_MEASURE( 1.000000000000000082E-05 ), #2169, 'distance_accuracy_value', 'NONE');
#1028 = EDGE_CURVE ( 'NONE', #2526, #1118, #2426, .T. ) ;
#1029 = CARTESIAN_POINT ( 'NONE',  ( 1.013001715843476536, 0.4639250057417424467, -0.7604107402059067100 ) ) ;
#1030 = VERTEX_POINT ( 'NONE', #654 ) ;
#1031 = ORIENTED_EDGE ( 'NONE', *, *, #1219, .F. ) ;
#1032 = DIRECTION ( 'NONE',  ( -0.000000000000000000, -1.000000000000000000, -0.000000000000000000 ) ) ;
#1033 = LINE ( 'NONE', #43, #1717 ) ;
#1034 = CARTESIAN_POINT ( 'NONE',  ( 1.850000000000000311, 0.2000000000000000111, -0.9782884572693757441 ) ) ;
#1035 =( LENGTH_UNIT ( ) NAMED_UNIT ( * ) SI_UNIT ( .MILLI., .METRE. ) );
#1036 = LINE ( 'NONE', #2441, #402 ) ;
#1037 = CARTESIAN_POINT ( 'NONE',  ( 0.000000000000000000, 0.2000000000000000111, 0.000000000000000000 ) ) ;
#1038 = ORIENTED_EDGE ( 'NONE', *, *, #536, .T. ) ;
#1039 = EDGE_CURVE ( 'NONE', #9, #1601, #2235, .T. ) ;
#1040 = CYLINDRICAL_SURFACE ( 'NONE', #811, 0.1000000000000000472 ) ;
#1041 = CARTESIAN_POINT ( 'NONE',  ( 1.850000000000000311, 0.2000000000000000111, 0.2000000000000002331 ) ) ;
#1042 = ORIENTED_EDGE ( 'NONE', *, *, #719, .F. ) ;
#1043 = PRODUCT_DEFINITION_SHAPE ( 'NONE', 'NONE',  #69 ) ;
#1044 =( NAMED_UNIT ( * ) PLANE_ANGLE_UNIT ( ) SI_UNIT ( $, .RADIAN. ) );
#1045 = AXIS2_PLACEMENT_3D ( 'NONE', #2013, #1235, #640 ) ;
#1046 = ORIENTED_EDGE ( 'NONE', *, *, #2502, .T. ) ;
#1047 = ORIENTED_EDGE ( 'NONE', *, *, #1520, .T. ) ;
#1048 = VECTOR ( 'NONE', #2126, 1000.000000000000114 ) ;
#1049 = LINE ( 'NONE', #2459, #1877 ) ;
#1050 = DIRECTION ( 'NONE',  ( 0.6408563820557902080, -0.4226182617407035491, 0.6408563820557842128 ) ) ;
#1051 = MECHANICAL_DESIGN_GEOMETRIC_PRESENTATION_REPRESENTATION (  '', ( #1991 ), #888 ) ;
#1052 =( LENGTH_UNIT ( ) NAMED_UNIT ( * ) SI_UNIT ( .MILLI., .METRE. ) );
#1053 = VECTOR ( 'NONE', #1032, 1000.000000000000000 ) ;
#1054 = CARTESIAN_POINT ( 'NONE',  ( 1.850000000000000311, 0.000000000000000000, -0.9782884572693757441 ) ) ;
#1055 = ORIENTED_EDGE ( 'NONE', *, *, #851, .F. ) ;
#1056 = VECTOR ( 'NONE', #2314, 1000.000000000000000 ) ;
#1057 = DIRECTION ( 'NONE',  ( -1.239088197126290817E-16, -0.000000000000000000, -1.000000000000000000 ) ) ;
#1058 = MECHANICAL_DESIGN_GEOMETRIC_PRESENTATION_REPRESENTATION (  '', ( #164 ), #570 ) ;
#1059 = LINE ( 'NONE', #1433, #1339 ) ;
#1060 = DIRECTION ( 'NONE',  ( 0.1039620511844955297, -0.9891328443778544255, -0.1039620511844955575 ) ) ;
#1061 = ORIENTED_EDGE ( 'NONE', *, *, #1814, .T. ) ;
#1062 = CARTESIAN_POINT ( 'NONE',  ( 0.000000000000000000, 0.5500000000000000444, 0.000000000000000000 ) ) ;
#1063 = EDGE_CURVE ( 'NONE', #2237, #1069, #1134, .T. ) ;
#1064 = FACE_OUTER_BOUND ( 'NONE', #1147, .T. ) ;
#1065 = ORIENTED_EDGE ( 'NONE', *, *, #701, .F. ) ;
#1066 = VECTOR ( 'NONE', #307, 1000.000000000000000 ) ;
#1067 = DIRECTION ( 'NONE',  ( -1.000000000000000000, 0.000000000000000000, -0.000000000000000000 ) ) ;
#1068 =( NAMED_UNIT ( * ) PLANE_ANGLE_UNIT ( ) SI_UNIT ( $, .RADIAN. ) );
#1069 = VERTEX_POINT ( 'NONE', #2353 ) ;
#1070 = CARTESIAN_POINT ( 'NONE',  ( 0.8605279927300477638, 0.9399999999999999467, 1.345336923418450681 ) ) ;
#1071 = CARTESIAN_POINT ( 'NONE',  ( 1.730585159500684478, 0.1847198683310644629, 0.1973955973528137564 ) ) ;
#1072 = DIRECTION ( 'NONE',  ( 1.355252715606880543E-16, 0.000000000000000000, 1.000000000000000000 ) ) ;
#1073 = ORIENTED_EDGE ( 'NONE', *, *, #1553, .F. ) ;
#1074 = FACE_OUTER_BOUND ( 'NONE', #1867, .T. ) ;
#1075 = DIRECTION ( 'NONE',  ( 1.239088197126290817E-16, 0.000000000000000000, 1.000000000000000000 ) ) ;
#1076 = VERTEX_POINT ( 'NONE', #6 ) ;
#1077 = EDGE_CURVE ( 'NONE', #532, #2439, #710, .T. ) ;
#1078 = CARTESIAN_POINT ( 'NONE',  ( -1.550698786960779119, 0.9499999999999999556, -1.650150976497606559 ) ) ;
#1079 = LINE ( 'NONE', #1476, #1755 ) ;
#1080 = DIRECTION ( 'NONE',  ( -1.000000000000000000, 0.000000000000000000, 1.398834292818546727E-16 ) ) ;
#1081 = ORIENTED_EDGE ( 'NONE', *, *, #1773, .F. ) ;
#1082 = ORIENTED_EDGE ( 'NONE', *, *, #1926, .T. ) ;
#1083 = PLANE ( 'NONE',  #1011 ) ;
#1084 = LINE ( 'NONE', #1866, #585 ) ;
#1085 = ORIENTED_EDGE ( 'NONE', *, *, #1657, .F. ) ;
#1086 = CARTESIAN_POINT ( 'NONE',  ( 1.850000000000000311, 0.000000000000000000, -0.9199999999999995959 ) ) ;
#1087 = CARTESIAN_POINT ( 'NONE',  ( 1.850000000000000311, 0.2000000000000000111, 0.1417115427306241404 ) ) ;
#1088 = VECTOR ( 'NONE', #426, 1000.000000000000000 ) ;
#1089 = ORIENTED_EDGE ( 'NONE', *, *, #319, .T. ) ;
#1090 = ORIENTED_EDGE ( 'NONE', *, *, #379, .F. ) ;
#1091 = VECTOR ( 'NONE', #1255, 1000.000000000000114 ) ;
#1092 = CARTESIAN_POINT ( 'NONE',  ( 0.7431121126111482900, 0.3743648610189634351, -0.9712391344937739701 ) ) ;
#1093 = ADVANCED_FACE ( 'NONE', ( #1358 ), #1533, .T. ) ;
#1094 = VECTOR ( 'NONE', #184, 999.9999999999998863 ) ;
#1095 = CARTESIAN_POINT ( 'NONE',  ( 0.3847001309572682382, 0.2000000000000000111, -0.8249920931587794160 ) ) ;
#1096 = VERTEX_POINT ( 'NONE', #1572 ) ;
#1097 = ADVANCED_FACE ( 'NONE', ( #580 ), #1960, .T. ) ;
#1098 = ORIENTED_EDGE ( 'NONE', *, *, #434, .F. ) ;
#1099 = VECTOR ( 'NONE', #503, 1000.000000000000114 ) ;
#1100 = STYLED_ITEM ( 'NONE', ( #1779 ), #1194 ) ;
#1101 = VERTEX_POINT ( 'NONE', #165 ) ;
#1102 = PRESENTATION_LAYER_ASSIGNMENT (  '', '', ( #2373 ) ) ;
#1103 = CARTESIAN_POINT ( 'NONE',  ( 1.650150976497606781, 0.9499999999999999556, -2.044682598454608077E-16 ) ) ;
#1104 = LINE ( 'NONE', #1871, #885 ) ;
#1105 = CARTESIAN_POINT ( 'NONE',  ( 1.450150976497606825, 0.9399999999999999467, 1.550150976497606026 ) ) ;
#1106 = VERTEX_POINT ( 'NONE', #1632 ) ;
#1107 = LINE ( 'NONE', #912, #848 ) ;
#1108 = CARTESIAN_POINT ( 'NONE',  ( -1.849999999999999867, 0.2000000000000000111, -0.1417115427306240849 ) ) ;
#1109 = DIRECTION ( 'NONE',  ( 0.000000000000000000, 0.4226182617407038822, 0.9063077870366479383 ) ) ;
#1110 = ORIENTED_EDGE ( 'NONE', *, *, #2471, .F. ) ;
#1111 = ORIENTED_EDGE ( 'NONE', *, *, #629, .T. ) ;
#1112 =( BOUNDED_CURVE ( )  B_SPLINE_CURVE ( 3, ( #19, #805, #791, #1982 ),
 .UNSPECIFIED., .F., .F. ) 
 B_SPLINE_CURVE_WITH_KNOTS ( ( 4, 4 ),
 ( 2.361657698713884646, 3.921527608465701586 ),
 .UNSPECIFIED. ) 
 CURVE ( )  GEOMETRIC_REPRESENTATION_ITEM ( )  RATIONAL_B_SPLINE_CURVE ( ( 1.000000000000000000, 0.8073061876036314866, 0.8073061876036314866, 1.000000000000000000 ) ) 
 REPRESENTATION_ITEM ( '' )  );
#1113 = ADVANCED_FACE ( 'NONE', ( #49 ), #2396, .F. ) ;
#1114 = VERTEX_POINT ( 'NONE', #42 ) ;
#1115 = DIRECTION ( 'NONE',  ( 0.000000000000000000, -1.000000000000000000, 0.000000000000000000 ) ) ;
#1116 = ORIENTED_EDGE ( 'NONE', *, *, #1810, .F. ) ;
#1117 = EDGE_LOOP ( 'NONE', ( #1660, #3, #15, #1320 ) ) ;
#1118 = VERTEX_POINT ( 'NONE', #1978 ) ;
#1119 = EDGE_LOOP ( 'NONE', ( #1988, #723, #330, #2083 ) ) ;
#1120 = CARTESIAN_POINT ( 'NONE',  ( 1.750000000000000444, 0.000000000000000000, 1.650547810463169451 ) ) ;
#1121 = EDGE_LOOP ( 'NONE', ( #739, #557, #243, #51, #2296, #2095, #2123, #1248 ) ) ;
#1122 =( BOUNDED_CURVE ( )  B_SPLINE_CURVE ( 3, ( #997, #1615, #2404, #427 ),
 .UNSPECIFIED., .F., .T. ) 
 B_SPLINE_CURVE_WITH_KNOTS ( ( 4, 4 ),
 ( 2.787404554496228481, 3.495780752683357750 ),
 .UNSPECIFIED. ) 
 CURVE ( )  GEOMETRIC_REPRESENTATION_ITEM ( )  RATIONAL_B_SPLINE_CURVE ( ( 1.000000000000000000, 0.9586189257870758595, 0.9586189257870758595, 1.000000000000000000 ) ) 
 REPRESENTATION_ITEM ( '' )  );
#1123 = ADVANCED_FACE ( 'NONE', ( #2372, #1989 ), #1602, .F. ) ;
#1124 =( NAMED_UNIT ( * ) PLANE_ANGLE_UNIT ( ) SI_UNIT ( $, .RADIAN. ) );
#1125 = PRESENTATION_STYLE_ASSIGNMENT (( #1318 ) ) ;
#1126 = CARTESIAN_POINT ( 'NONE',  ( 1.850000000000000311, 0.000000000000000000, -0.1417115427306235853 ) ) ;
#1127 = EDGE_CURVE ( 'NONE', #1729, #1541, #1406, .T. ) ;
#1128 = CARTESIAN_POINT ( 'NONE',  ( -1.750000000000000000, 0.000000000000000000, -1.650547810463169673 ) ) ;
#1129 = FILL_AREA_STYLE ('',( #1153 ) ) ;
#1130 = DIRECTION ( 'NONE',  ( 1.000000000000000000, 0.000000000000000000, 0.000000000000000000 ) ) ;
#1131 = STYLED_ITEM ( 'NONE', ( #959 ), #405 ) ;
#1132 = ORIENTED_EDGE ( 'NONE', *, *, #223, .T. ) ;
#1133 = MECHANICAL_DESIGN_GEOMETRIC_PRESENTATION_REPRESENTATION (  '', ( #22 ), #969 ) ;
#1134 = LINE ( 'NONE', #206, #2075 ) ;
#1135 = ORIENTED_EDGE ( 'NONE', *, *, #2061, .F. ) ;
#1136 = COLOUR_RGB ( '',1.000000000000000000, 0.8078431372549019773, 0.4980392156862745168 ) ;
#1137 = CARTESIAN_POINT ( 'NONE',  ( -0.3847001309572691263, -0.000000000000000000, 0.8249920931587799711 ) ) ;
#1138 = ORIENTED_EDGE ( 'NONE', *, *, #1367, .F. ) ;
#1139 = EDGE_CURVE ( 'NONE', #636, #1274, #1793, .T. ) ;
#1140 = LINE ( 'NONE', #1708, #1554 ) ;
#1141 = VECTOR ( 'NONE', #1840, 1000.000000000000000 ) ;
#1142 = DIRECTION ( 'NONE',  ( -0.4162880309412300694, 0.8927325632787549425, 0.1724321482694492758 ) ) ;
#1143 = DIRECTION ( 'NONE',  ( 0.000000000000000000, -0.000000000000000000, 1.000000000000000000 ) ) ;
#1144 = CARTESIAN_POINT ( 'NONE',  ( -1.650547810463169451, 0.000000000000000000, 1.750000000000000000 ) ) ;
#1145 = AXIS2_PLACEMENT_3D ( 'NONE', #2492, #1849, #1288 ) ;
#1146 = EDGE_LOOP ( 'NONE', ( #2493, #1832, #1175, #2065 ) ) ;
#1147 = EDGE_LOOP ( 'NONE', ( #693, #546, #382, #2470 ) ) ;
#1148 =( NAMED_UNIT ( * ) SI_UNIT ( $, .STERADIAN. ) SOLID_ANGLE_UNIT ( ) );
#1149 = CARTESIAN_POINT ( 'NONE',  ( 1.850000000000000311, 0.2000000000000000111, 0.1417115427306241404 ) ) ;
#1150 =( BOUNDED_CURVE ( )  B_SPLINE_CURVE ( 3, ( #1120, #682, #150, #929 ),
 .UNSPECIFIED., .F., .T. ) 
 B_SPLINE_CURVE_WITH_KNOTS ( ( 4, 4 ),
 ( 5.503250352303675541, 7.063120262055496923 ),
 .UNSPECIFIED. ) 
 CURVE ( )  GEOMETRIC_REPRESENTATION_ITEM ( )  RATIONAL_B_SPLINE_CURVE ( ( 1.000000000000000000, 0.8073061876036304874, 0.8073061876036304874, 1.000000000000000000 ) ) 
 REPRESENTATION_ITEM ( '' )  );
#1151 = CARTESIAN_POINT ( 'NONE',  ( 1.650547810463169673, 0.000000000000000000, -1.750000000000000444 ) ) ;
#1152 = EDGE_CURVE ( 'NONE', #624, #357, #2423, .T. ) ;
#1153 = FILL_AREA_STYLE_COLOUR ( '', #2537 ) ;
#1154 =( LENGTH_UNIT ( ) NAMED_UNIT ( * ) SI_UNIT ( .MILLI., .METRE. ) );
#1155 = UNCERTAINTY_MEASURE_WITH_UNIT (LENGTH_MEASURE( 1.000000000000000082E-05 ), #1737, 'distance_accuracy_value', 'NONE');
#1156 = CARTESIAN_POINT ( 'NONE',  ( -0.8136850191039026736, 0.2000000000000000111, -1.744953154583235300 ) ) ;
#1157 = VERTEX_POINT ( 'NONE', #1635 ) ;
#1158 = ORIENTED_EDGE ( 'NONE', *, *, #763, .F. ) ;
#1159 = CARTESIAN_POINT ( 'NONE',  ( -1.450150976497606381, 0.9399999999999999467, -1.450150976497606381 ) ) ;
#1160 =( GEOMETRIC_REPRESENTATION_CONTEXT ( 3 ) GLOBAL_UNCERTAINTY_ASSIGNED_CONTEXT ( ( #1932 ) ) GLOBAL_UNIT_ASSIGNED_CONTEXT ( ( #905, #1692, #496 ) ) REPRESENTATION_CONTEXT ( 'NONE', 'WORKASPACE' ) );
#1161 = DIRECTION ( 'NONE',  ( 0.9063077870366466060, -0.000000000000000000, -0.4226182617407067132 ) ) ;
#1162 = PRESENTATION_STYLE_ASSIGNMENT (( #1968 ) ) ;
#1163 = EDGE_CURVE ( 'NONE', #1106, #1864, #2385, .T. ) ;
#1164 = AXIS2_PLACEMENT_3D ( 'NONE', #1437, #2185, #868 ) ;
#1165 = PRESENTATION_LAYER_ASSIGNMENT (  '', '', ( #1203 ) ) ;
#1166 = EDGE_CURVE ( 'NONE', #2085, #288, #429, .T. ) ;
#1167 = VERTEX_POINT ( 'NONE', #2231 ) ;
#1168 = VECTOR ( 'NONE', #1380, 1000.000000000000000 ) ;
#1169 = SURFACE_SIDE_STYLE ('',( #197 ) ) ;
#1170 =( LENGTH_UNIT ( ) NAMED_UNIT ( * ) SI_UNIT ( .MILLI., .METRE. ) );
#1171 = VECTOR ( 'NONE', #461, 1000.000000000000000 ) ;
#1172 = VECTOR ( 'NONE', #2474, 1000.000000000000227 ) ;
#1173 =( GEOMETRIC_REPRESENTATION_CONTEXT ( 3 ) GLOBAL_UNCERTAINTY_ASSIGNED_CONTEXT ( ( #1381 ) ) GLOBAL_UNIT_ASSIGNED_CONTEXT ( ( #1535, #1331, #1148 ) ) REPRESENTATION_CONTEXT ( 'NONE', 'WORKASPACE' ) );
#1174 = CARTESIAN_POINT ( 'NONE',  ( 1.850000000000000311, 0.2000000000000000111, -0.9782884572693757441 ) ) ;
#1175 = ORIENTED_EDGE ( 'NONE', *, *, #2502, .F. ) ;
#1176 = SURFACE_STYLE_FILL_AREA ( #1014 ) ;
#1177 = CARTESIAN_POINT ( 'NONE',  ( 0.8126548634943925320, 0.4500000000000000111, -1.107615829304984922 ) ) ;
#1178 = ORIENTED_EDGE ( 'NONE', *, *, #140, .T. ) ;
#1179 = EDGE_CURVE ( 'NONE', #2355, #27, #267, .T. ) ;
#1180 = FILL_AREA_STYLE_COLOUR ( '', #896 ) ;
#1181 = CARTESIAN_POINT ( 'NONE',  ( 1.119540881886515127, 0.4557788263111057780, -0.7670002099973598497 ) ) ;
#1182 = DIRECTION ( 'NONE',  ( -0.1039620511844955575, 0.9891328443778544255, -0.1039620511844955436 ) ) ;
#1183 = DIRECTION ( 'NONE',  ( 0.000000000000000000, -0.000000000000000000, 1.000000000000000000 ) ) ;
#1184 = CARTESIAN_POINT ( 'NONE',  ( -1.119540881886514905, 0.4557788263111057780, 0.7670002099973597387 ) ) ;
#1185 = CARTESIAN_POINT ( 'NONE',  ( 1.345336923418450681, 0.9399999999999999467, 0.8605279927300438780 ) ) ;
#1186 = EDGE_LOOP ( 'NONE', ( #772, #737, #2230, #351 ) ) ;
#1187 = EDGE_LOOP ( 'NONE', ( #2313, #1938, #1701, #1873 ) ) ;
#1188 = ORIENTED_EDGE ( 'NONE', *, *, #1565, .T. ) ;
#1189 = FACE_OUTER_BOUND ( 'NONE', #2, .T. ) ;
#1190 = CARTESIAN_POINT ( 'NONE',  ( 1.728979152946862552, 0.1999999999999999833, -2.142357661493869342E-16 ) ) ;
#1191 = EDGE_CURVE ( 'NONE', #833, #916, #1388, .T. ) ;
#1192 = ADVANCED_FACE ( 'NONE', ( #1397 ), #1019, .F. ) ;
#1193 = SURFACE_STYLE_FILL_AREA ( #993 ) ;
#1194 = ADVANCED_FACE ( 'NONE', ( #1189 ), #1234, .T. ) ;
#1195 = LINE ( 'NONE', #2350, #637 ) ;
#1196 = VECTOR ( 'NONE', #2067, 1000.000000000000114 ) ;
#1197 = DIRECTION ( 'NONE',  ( -1.239088197126291063E-16, 0.000000000000000000, -1.000000000000000000 ) ) ;
#1198 = UNCERTAINTY_MEASURE_WITH_UNIT (LENGTH_MEASURE( 1.000000000000000082E-05 ), #1035, 'distance_accuracy_value', 'NONE');
#1199 = FACE_OUTER_BOUND ( 'NONE', #1119, .T. ) ;
#1200 = EDGE_LOOP ( 'NONE', ( #650, #1682, #2221, #2242 ) ) ;
#1201 = SURFACE_SIDE_STYLE ('',( #1003 ) ) ;
#1202 = CARTESIAN_POINT ( 'NONE',  ( -1.750000000000000000, 0.000000000000000000, -1.650547810463169673 ) ) ;
#1203 = STYLED_ITEM ( 'NONE', ( #529 ), #222 ) ;
#1204 = MECHANICAL_DESIGN_GEOMETRIC_PRESENTATION_REPRESENTATION (  '', ( #1709 ), #2028 ) ;
#1205 = CARTESIAN_POINT ( 'NONE',  ( 1.730585159500684700, 0.1847198683310644907, 1.317395597352813308 ) ) ;
#1206 = VECTOR ( 'NONE', #1272, 1000.000000000000114 ) ;
#1207 = EDGE_CURVE ( 'NONE', #2277, #1864, #2291, .T. ) ;
#1208 = CARTESIAN_POINT ( 'NONE',  ( -0.8299696623749674984, 0.4500000000000000111, -1.090301030424412732 ) ) ;
#1209 = VECTOR ( 'NONE', #1645, 1000.000000000000000 ) ;
#1210 = DIRECTION ( 'NONE',  ( -0.1044045134811383141, -0.9933425919253661140, -0.04868462418220260990 ) ) ;
#1211 = AXIS2_PLACEMENT_3D ( 'NONE', #1939, #412, #2326 ) ;
#1212 = DIRECTION ( 'NONE',  ( -1.000000000000000000, 0.000000000000000000, 1.398834292818546727E-16 ) ) ;
#1213 = ORIENTED_EDGE ( 'NONE', *, *, #348, .T. ) ;
#1214 = CARTESIAN_POINT ( 'NONE',  ( 0.4000000000000001332, 0.5500000000000000444, 0.6999999999999999556 ) ) ;
#1215 =( NAMED_UNIT ( * ) SI_UNIT ( $, .STERADIAN. ) SOLID_ANGLE_UNIT ( ) );
#1216 = CARTESIAN_POINT ( 'NONE',  ( -0.7658840241693884998, 0.4500000000000000111, -1.116846170922498827 ) ) ;
#1217 = CARTESIAN_POINT ( 'NONE',  ( -1.550150976497606026, 0.9399999999999999467, 1.450150976497606159 ) ) ;
#1218 = EDGE_CURVE ( 'NONE', #2040, #357, #308, .T. ) ;
#1219 = EDGE_CURVE ( 'NONE', #1435, #58, #1865, .T. ) ;
#1220 = UNCERTAINTY_MEASURE_WITH_UNIT (LENGTH_MEASURE( 1.000000000000000082E-05 ), #55, 'distance_accuracy_value', 'NONE');
#1221 = DIRECTION ( 'NONE',  ( 0.000000000000000000, -1.000000000000000000, 0.000000000000000000 ) ) ;
#1222 = ORIENTED_EDGE ( 'NONE', *, *, #1532, .T. ) ;
#1223 = CARTESIAN_POINT ( 'NONE',  ( 0.7903708475760576890, 0.4499999999999999556, 1.116846170922498604 ) ) ;
#1224 = DIRECTION ( 'NONE',  ( 0.000000000000000000, -0.000000000000000000, 1.000000000000000000 ) ) ;
#1225 = PRESENTATION_STYLE_ASSIGNMENT (( #271 ) ) ;
#1226 = EDGE_LOOP ( 'NONE', ( #1065, #2436, #2487, #1081 ) ) ;
#1227 = DIRECTION ( 'NONE',  ( -0.4162880309412302915, 0.8927325632787552756, -0.1724321482694467500 ) ) ;
#1228 = LINE ( 'NONE', #1859, #1206 ) ;
#1229 = DIRECTION ( 'NONE',  ( 0.000000000000000000, 1.000000000000000000, 0.000000000000000000 ) ) ;
#1230 = STYLED_ITEM ( 'NONE', ( #7 ), #2306 ) ;
#1231 = FILL_AREA_STYLE ('',( #50 ) ) ;
#1232 = ORIENTED_EDGE ( 'NONE', *, *, #1959, .T. ) ;
#1233 = EDGE_CURVE ( 'NONE', #717, #501, #2116, .T. ) ;
#1234 = PLANE ( 'NONE',  #2504 ) ;
#1235 = DIRECTION ( 'NONE',  ( 0.1039620511844955575, -0.9891328443778544255, 0.1039620511844955297 ) ) ;
#1236 = ORIENTED_EDGE ( 'NONE', *, *, #1253, .F. ) ;
#1237 = DIRECTION ( 'NONE',  ( -0.000000000000000000, 1.000000000000000000, 0.000000000000000000 ) ) ;
#1238 = VECTOR ( 'NONE', #1604, 1000.000000000000000 ) ;
#1239 = CARTESIAN_POINT ( 'NONE',  ( 1.318791782920364364, 0.9399999999999999467, -0.9246136309356258742 ) ) ;
#1240 = ORIENTED_EDGE ( 'NONE', *, *, #1179, .T. ) ;
#1241 = AXIS2_PLACEMENT_3D ( 'NONE', #1037, #695, #1820 ) ;
#1242 = LINE ( 'NONE', #2035, #2078 ) ;
#1243 = CARTESIAN_POINT ( 'NONE',  ( 1.728926347617310233, 0.2005024091504845618, -0.1981691140374693683 ) ) ;
#1244 = VECTOR ( 'NONE', #75, 1000.000000000000114 ) ;
#1245 = MECHANICAL_DESIGN_GEOMETRIC_PRESENTATION_REPRESENTATION (  '', ( #1100 ), #483 ) ;
#1246 = LINE ( 'NONE', #2444, #1023 ) ;
#1247 = ORIENTED_EDGE ( 'NONE', *, *, #139, .T. ) ;
#1248 = ORIENTED_EDGE ( 'NONE', *, *, #1582, .T. ) ;
#1249 = VECTOR ( 'NONE', #158, 1000.000000000000000 ) ;
#1250 = CARTESIAN_POINT ( 'NONE',  ( 0.8850148161367157318, 0.9399999999999998357, 1.345336923418450681 ) ) ;
#1251 = CARTESIAN_POINT ( 'NONE',  ( 1.550150976497606914, 0.9499999999999999556, 1.450150976497605937 ) ) ;
#1252 = ORIENTED_EDGE ( 'NONE', *, *, #188, .T. ) ;
#1253 = EDGE_CURVE ( 'NONE', #2345, #2068, #109, .T. ) ;
#1254 = CARTESIAN_POINT ( 'NONE',  ( -0.8299696623749674984, 0.4500000000000000111, -1.090301030424412732 ) ) ;
#1255 = DIRECTION ( 'NONE',  ( 0.9063077870366468280, -0.000000000000000000, 0.4226182617407061026 ) ) ;
#1256 = ORIENTED_EDGE ( 'NONE', *, *, #1504, .F. ) ;
#1257 = DIRECTION ( 'NONE',  ( -0.9063077870366468280, -0.000000000000000000, 0.4226182617407061026 ) ) ;
#1258 = DIRECTION ( 'NONE',  ( 0.000000000000000000, 1.000000000000000000, 0.000000000000000000 ) ) ;
#1259 = CARTESIAN_POINT ( 'NONE',  ( -1.533938666861721867, 1.109461890918976845, -1.633390856398549085 ) ) ;
#1260 = CARTESIAN_POINT ( 'NONE',  ( -1.450150976497606159, 0.9499999999999999556, -1.550150976497606470 ) ) ;
#1261 = ORIENTED_EDGE ( 'NONE', *, *, #1829, .T. ) ;
#1262 = ORIENTED_EDGE ( 'NONE', *, *, #1467, .T. ) ;
#1263 = DIRECTION ( 'NONE',  ( 0.4162880309412302360, 0.8927325632787552756, 0.1724321482694473884 ) ) ;
#1264 = CARTESIAN_POINT ( 'NONE',  ( 0.8136850191039012303, 0.2000000000000000111, 1.744953154583235078 ) ) ;
#1265 = ORIENTED_EDGE ( 'NONE', *, *, #1207, .T. ) ;
#1266 = EDGE_CURVE ( 'NONE', #1157, #2040, #756, .T. ) ;
#1267 = LINE ( 'NONE', #1086, #1631 ) ;
#1268 = CARTESIAN_POINT ( 'NONE',  ( -1.116846170922498382, 0.4500000000000000111, -0.7658840241693866124 ) ) ;
#1269 = ORIENTED_EDGE ( 'NONE', *, *, #1906, .T. ) ;
#1270 = EDGE_CURVE ( 'NONE', #1531, #916, #1463, .T. ) ;
#1271 = PRESENTATION_STYLE_ASSIGNMENT (( #502 ) ) ;
#1272 = DIRECTION ( 'NONE',  ( -0.1039620511844955436, 0.9891328443778544255, 0.1039620511844955575 ) ) ;
#1273 = DIRECTION ( 'NONE',  ( 0.1039620511844955575, 0.9891328443778544255, 0.1039620511844955436 ) ) ;
#1274 = VERTEX_POINT ( 'NONE', #942 ) ;
#1275 = EDGE_LOOP ( 'NONE', ( #887, #84, #847, #1261 ) ) ;
#1276 = LINE ( 'NONE', #1264, #877 ) ;
#1277 = VECTOR ( 'NONE', #1754, 1000.000000000000114 ) ;
#1278 = LINE ( 'NONE', #2497, #1284 ) ;
#1279 = LINE ( 'NONE', #1537, #1788 ) ;
#1280 = ORIENTED_EDGE ( 'NONE', *, *, #617, .F. ) ;
#1281 = ORIENTED_EDGE ( 'NONE', *, *, #210, .T. ) ;
#1282 =( GEOMETRIC_REPRESENTATION_CONTEXT ( 3 ) GLOBAL_UNCERTAINTY_ASSIGNED_CONTEXT ( ( #394 ) ) GLOBAL_UNIT_ASSIGNED_CONTEXT ( ( #129, #2276, #350 ) ) REPRESENTATION_CONTEXT ( 'NONE', 'WORKASPACE' ) );
#1283 = DIRECTION ( 'NONE',  ( 0.7071067811865442421, 0.000000000000000000, -0.7071067811865507924 ) ) ;
#1284 = VECTOR ( 'NONE', #327, 1000.000000000000000 ) ;
#1285 = EDGE_CURVE ( 'NONE', #265, #2532, #2523, .T. ) ;
#1286 =( NAMED_UNIT ( * ) PLANE_ANGLE_UNIT ( ) SI_UNIT ( $, .RADIAN. ) );
#1287 = VECTOR ( 'NONE', #1804, 1000.000000000000000 ) ;
#1288 = DIRECTION ( 'NONE',  ( 0.000000000000000000, -1.000000000000000000, 0.000000000000000000 ) ) ;
#1289 = VERTEX_POINT ( 'NONE', #863 ) ;
#1290 = AXIS2_PLACEMENT_3D ( 'NONE', #1621, #65, #1422 ) ;
#1291 = SURFACE_STYLE_FILL_AREA ( #2485 ) ;
#1292 = VECTOR ( 'NONE', #1663, 1000.000000000000000 ) ;
#1293 = ORIENTED_EDGE ( 'NONE', *, *, #921, .T. ) ;
#1294 =( GEOMETRIC_REPRESENTATION_CONTEXT ( 3 ) GLOBAL_UNCERTAINTY_ASSIGNED_CONTEXT ( ( #217 ) ) GLOBAL_UNIT_ASSIGNED_CONTEXT ( ( #316, #116, #1488 ) ) REPRESENTATION_CONTEXT ( 'NONE', 'WORKASPACE' ) );
#1295 = CARTESIAN_POINT ( 'NONE',  ( 0.3847001309572682382, -0.000000000000000000, -0.8249920931587794160 ) ) ;
#1296 = ORIENTED_EDGE ( 'NONE', *, *, #1008, .F. ) ;
#1297 = CARTESIAN_POINT ( 'NONE',  ( 0.04428475718936405320, 0.2000000000000000111, 0.09496896826567464978 ) ) ;
#1298 = DIRECTION ( 'NONE',  ( 1.239088197126291063E-16, -0.000000000000000000, 1.000000000000000000 ) ) ;
#1299 = ADVANCED_FACE ( 'NONE', ( #2056 ), #1083, .F. ) ;
#1300 = EDGE_CURVE ( 'NONE', #988, #670, #176, .T. ) ;
#1301 = CARTESIAN_POINT ( 'NONE',  ( -0.8310858482029356287, 0.4557788263111056670, 1.092995741388429032 ) ) ;
#1302 = ORIENTED_EDGE ( 'NONE', *, *, #660, .T. ) ;
#1303 = ORIENTED_EDGE ( 'NONE', *, *, #2322, .T. ) ;
#1304 = ADVANCED_FACE ( 'NONE', ( #1725 ), #2433, .F. ) ;
#1305 = LINE ( 'NONE', #2450, #359 ) ;
#1306 = ORIENTED_EDGE ( 'NONE', *, *, #1770, .T. ) ;
#1307 = SURFACE_SIDE_STYLE ('',( #2058 ) ) ;
#1308 = CARTESIAN_POINT ( 'NONE',  ( 1.728979152946862552, 0.1999999999999999833, -2.142357661493869342E-16 ) ) ;
#1309 = DIRECTION ( 'NONE',  ( 0.9063077870366481603, 0.4226182617407033826, 0.000000000000000000 ) ) ;
#1310 = ORIENTED_EDGE ( 'NONE', *, *, #2139, .T. ) ;
#1311 = CARTESIAN_POINT ( 'NONE',  ( -1.849999999999999867, 0.2000000000000000111, 0.1417115427306237241 ) ) ;
#1312 =( NAMED_UNIT ( * ) PLANE_ANGLE_UNIT ( ) SI_UNIT ( $, .RADIAN. ) );
#1313 = DIRECTION ( 'NONE',  ( 1.239088197126290817E-16, 0.000000000000000000, 1.000000000000000000 ) ) ;
#1314 = ORIENTED_EDGE ( 'NONE', *, *, #26, .T. ) ;
#1315 = EDGE_CURVE ( 'NONE', #1101, #336, #1480, .T. ) ;
#1316 = COLOUR_RGB ( '',1.000000000000000000, 0.8078431372549019773, 0.4980392156862745168 ) ;
#1317 = FILL_AREA_STYLE_COLOUR ( '', #441 ) ;
#1318 = SURFACE_STYLE_USAGE ( .BOTH. , #528 ) ;
#1319 = CARTESIAN_POINT ( 'NONE',  ( -0.7903708475760540253, 0.4500000000000000111, 1.116846170922498382 ) ) ;
#1320 = ORIENTED_EDGE ( 'NONE', *, *, #825, .F. ) ;
#1321 = DIRECTION ( 'NONE',  ( 1.000000000000000000, 0.000000000000000000, -1.398834292818546973E-16 ) ) ;
#1322 = CARTESIAN_POINT ( 'NONE',  ( 1.550150976497606470, 0.9399999999999999467, -1.550150976497606914 ) ) ;
#1323 = ORIENTED_EDGE ( 'NONE', *, *, #1577, .F. ) ;
#1324 = AXIS2_PLACEMENT_3D ( 'NONE', #1704, #2499, #910 ) ;
#1325 = VERTEX_POINT ( 'NONE', #1735 ) ;
#1326 = MECHANICAL_DESIGN_GEOMETRIC_PRESENTATION_REPRESENTATION (  '', ( #675 ), #2364 ) ;
#1327 = DIRECTION ( 'NONE',  ( -0.000000000000000000, 0.000000000000000000, 1.000000000000000000 ) ) ;
#1328 = ORIENTED_EDGE ( 'NONE', *, *, #1959, .F. ) ;
#1329 = AXIS2_PLACEMENT_3D ( 'NONE', #1700, #1050, #1283 ) ;
#1330 = AXIS2_PLACEMENT_3D ( 'NONE', #1174, #1941, #2152 ) ;
#1331 =( NAMED_UNIT ( * ) PLANE_ANGLE_UNIT ( ) SI_UNIT ( $, .RADIAN. ) );
#1332 = LINE ( 'NONE', #1181, #1094 ) ;
#1333 = EDGE_CURVE ( 'NONE', #484, #1838, #2448, .T. ) ;
#1334 = FILL_AREA_STYLE_COLOUR ( '', #2447 ) ;
#1335 = ORIENTED_EDGE ( 'NONE', *, *, #1315, .T. ) ;
#1336 = AXIS2_PLACEMENT_3D ( 'NONE', #57, #2196, #1450 ) ;
#1337 =( NAMED_UNIT ( * ) PLANE_ANGLE_UNIT ( ) SI_UNIT ( $, .RADIAN. ) );
#1338 = DIRECTION ( 'NONE',  ( 0.000000000000000000, -1.000000000000000000, 0.000000000000000000 ) ) ;
#1339 = VECTOR ( 'NONE', #1816, 1000.000000000000114 ) ;
#1340 = CARTESIAN_POINT ( 'NONE',  ( -0.7670002099973595167, 0.4557788263111058891, -1.119540881886515127 ) ) ;
#1341 = CARTESIAN_POINT ( 'NONE',  ( 0.4000000000000000777, 0.4500000000000000111, 0.2999999999999999889 ) ) ;
#1342 = SURFACE_SIDE_STYLE ('',( #162 ) ) ;
#1343 = SURFACE_STYLE_USAGE ( .BOTH. , #2541 ) ;
#1344 = ORIENTED_EDGE ( 'NONE', *, *, #1028, .T. ) ;
#1345 = CARTESIAN_POINT ( 'NONE',  ( -1.533938666861721423, 1.099009044592211604, 1.533938666861721867 ) ) ;
#1346 = DIRECTION ( 'NONE',  ( 0.000000000000000000, -1.000000000000000000, 0.000000000000000000 ) ) ;
#1347 = EDGE_LOOP ( 'NONE', ( #468, #569, #1885, #758 ) ) ;
#1348 = VERTEX_POINT ( 'NONE', #1311 ) ;
#1349 =( NAMED_UNIT ( * ) SI_UNIT ( $, .STERADIAN. ) SOLID_ANGLE_UNIT ( ) );
#1350 = SURFACE_SIDE_STYLE ('',( #2388 ) ) ;
#1351 = EDGE_CURVE ( 'NONE', #663, #2246, #971, .T. ) ;
#1352 = DIRECTION ( 'NONE',  ( 0.6408563820557844348, -0.4226182617407033271, -0.6408563820557900970 ) ) ;
#1353 = EDGE_CURVE ( 'NONE', #1799, #657, #1495, .T. ) ;
#1354 = CARTESIAN_POINT ( 'NONE',  ( -1.116846170922498382, 0.4500000000000000111, -0.7658840241693866124 ) ) ;
#1355 = APPLICATION_PROTOCOL_DEFINITION ( 'draft international standard', 'automotive_design', 1998, #47 ) ;
#1356 = SURFACE_STYLE_FILL_AREA ( #215 ) ;
#1357 = UNCERTAINTY_MEASURE_WITH_UNIT (LENGTH_MEASURE( 1.000000000000000082E-05 ), #983, 'distance_accuracy_value', 'NONE');
#1358 = FACE_OUTER_BOUND ( 'NONE', #2032, .T. ) ;
#1359 = VERTEX_POINT ( 'NONE', #1341 ) ;
#1360 = CARTESIAN_POINT ( 'NONE',  ( 1.650547810463170118, 0.000000000000000000, 1.749999999999999556 ) ) ;
#1361 = DIRECTION ( 'NONE',  ( 0.000000000000000000, 0.000000000000000000, -1.000000000000000000 ) ) ;
#1362 = DIRECTION ( 'NONE',  ( 0.9063077870366468280, -0.000000000000000000, 0.4226182617407061026 ) ) ;
#1363 = VECTOR ( 'NONE', #2297, 1000.000000000000000 ) ;
#1364 = CARTESIAN_POINT ( 'NONE',  ( 0.000000000000000000, 0.9399999999999999467, 0.000000000000000000 ) ) ;
#1365 = CARTESIAN_POINT ( 'NONE',  ( 1.650150976497607447, 0.9499999999999999556, 1.609087585240799756 ) ) ;
#1366 =( NAMED_UNIT ( * ) PLANE_ANGLE_UNIT ( ) SI_UNIT ( $, .RADIAN. ) );
#1367 = EDGE_CURVE ( 'NONE', #1931, #1850, #962, .T. ) ;
#1368 = PRESENTATION_STYLE_ASSIGNMENT (( #1787 ) ) ;
#1369 = CARTESIAN_POINT ( 'NONE',  ( -1.850000000000000089, 0.2000000000000000111, -0.9200000000000000400 ) ) ;
#1370 = VERTEX_POINT ( 'NONE', #2340 ) ;
#1371 = ORIENTED_EDGE ( 'NONE', *, *, #1695, .T. ) ;
#1372 = VECTOR ( 'NONE', #1142, 1000.000000000000114 ) ;
#1373 = SURFACE_STYLE_FILL_AREA ( #980 ) ;
#1374 = PRESENTATION_LAYER_ASSIGNMENT (  '', '', ( #2330 ) ) ;
#1375 = VECTOR ( 'NONE', #1263, 999.9999999999998863 ) ;
#1376 = DIRECTION ( 'NONE',  ( 0.4226182617407061026, 0.000000000000000000, -0.9063077870366468280 ) ) ;
#1377 = COLOUR_RGB ( '',1.000000000000000000, 0.8078431372549019773, 0.4980392156862745168 ) ;
#1378 = COLOUR_RGB ( '',1.000000000000000000, 0.8078431372549019773, 0.4980392156862745168 ) ;
#1379 = CARTESIAN_POINT ( 'NONE',  ( -1.185135346399688760, 0.4500000000000000111, -0.7351353463996882498 ) ) ;
#1380 = DIRECTION ( 'NONE',  ( 0.000000000000000000, -1.000000000000000000, -0.000000000000000000 ) ) ;
#1381 = UNCERTAINTY_MEASURE_WITH_UNIT (LENGTH_MEASURE( 1.000000000000000082E-05 ), #1535, 'distance_accuracy_value', 'NONE');
#1382 = ADVANCED_FACE ( 'NONE', ( #2170 ), #413, .F. ) ;
#1383 = EDGE_CURVE ( 'NONE', #135, #182, #2362, .T. ) ;
#1384 = PRESENTATION_STYLE_ASSIGNMENT (( #62 ) ) ;
#1385 = ORIENTED_EDGE ( 'NONE', *, *, #1413, .T. ) ;
#1386 = ORIENTED_EDGE ( 'NONE', *, *, #2243, .T. ) ;
#1387 = EDGE_CURVE ( 'NONE', #2088, #636, #1195, .T. ) ;
#1388 = LINE ( 'NONE', #606, #1171 ) ;
#1389 = FILL_AREA_STYLE ('',( #1180 ) ) ;
#1390 = SURFACE_SIDE_STYLE ('',( #1373 ) ) ;
#1391 = PLANE ( 'NONE',  #565 ) ;
#1392 = SURFACE_SIDE_STYLE ('',( #1010 ) ) ;
#1393 = CARTESIAN_POINT ( 'NONE',  ( 1.850000000000000311, 0.2000000000000000111, 0.1417115427306241404 ) ) ;
#1394 = LINE ( 'NONE', #228, #1168 ) ;
#1395 = EDGE_LOOP ( 'NONE', ( #1943, #978, #812, #2034 ) ) ;
#1396 = EDGE_LOOP ( 'NONE', ( #454, #872, #2000, #1573 ) ) ;
#1397 = FACE_OUTER_BOUND ( 'NONE', #616, .T. ) ;
#1398 = CARTESIAN_POINT ( 'NONE',  ( -1.450150976497606381, 0.9499999999999999556, -1.450150976497606381 ) ) ;
#1399 = LINE ( 'NONE', #1190, #1584 ) ;
#1400 = CARTESIAN_POINT ( 'NONE',  ( 1.550150976497606470, 0.9399999999999999467, -1.450150976497606603 ) ) ;
#1401 = EDGE_CURVE ( 'NONE', #1076, #1167, #1774, .T. ) ;
#1402 = LINE ( 'NONE', #1612, #639 ) ;
#1403 = LINE ( 'NONE', #445, #329 ) ;
#1404 = PLANE ( 'NONE',  #2453 ) ;
#1405 = UNCERTAINTY_MEASURE_WITH_UNIT (LENGTH_MEASURE( 1.000000000000000082E-05 ), #1847, 'distance_accuracy_value', 'NONE');
#1406 =( BOUNDED_CURVE ( )  B_SPLINE_CURVE ( 3, ( #1432, #1223, #29, #1824 ),
 .UNSPECIFIED., .F., .F. ) 
 B_SPLINE_CURVE_WITH_KNOTS ( ( 4, 4 ),
 ( 2.787404554496226261, 3.495780752683358639 ),
 .UNSPECIFIED. ) 
 CURVE ( )  GEOMETRIC_REPRESENTATION_ITEM ( )  RATIONAL_B_SPLINE_CURVE ( ( 1.000000000000000000, 0.9586189257870755265, 0.9586189257870755265, 1.000000000000000000 ) ) 
 REPRESENTATION_ITEM ( '' )  );
#1407 = SURFACE_SIDE_STYLE ('',( #1789 ) ) ;
#1408 = CLOSED_SHELL ( 'NONE', ( #2443, #780, #123, #1929, #1192, #662, #2308, #2106, #1013, #11, #1429, #2082, #583, #334, #1097, #576, #1194, #405, #2306, #1113, #1723, #2466, #1981, #2431, #1996, #1382, #21, #222, #1678, #2529, #1707, #941, #1842, #1299, #1624, #1798, #517, #808, #645, #485, #1123, #239, #1627, #1426, #2160, #1740, #2022, #85, #937, #955, #2413, #822, #1963, #2274, #1736, #2517, #20, #2107, #2384, #1304, #1608, #423, #157, #443, #1093 ) ) ;
#1409 = ORIENTED_EDGE ( 'NONE', *, *, #1462, .T. ) ;
#1410 = MECHANICAL_DESIGN_GEOMETRIC_PRESENTATION_REPRESENTATION (  '', ( #1131 ), #1951 ) ;
#1411 = SURFACE_SIDE_STYLE ('',( #1001 ) ) ;
#1412 = FACE_OUTER_BOUND ( 'NONE', #979, .T. ) ;
#1413 = EDGE_CURVE ( 'NONE', #2066, #178, #696, .T. ) ;
#1414 = DIRECTION ( 'NONE',  ( -0.000000000000000000, -1.000000000000000000, -0.000000000000000000 ) ) ;
#1415 = STYLED_ITEM ( 'NONE', ( #1368 ), #808 ) ;
#1416 = LINE ( 'NONE', #46, #1209 ) ;
#1417 = VECTOR ( 'NONE', #1679, 1000.000000000000000 ) ;
#1418 = DIRECTION ( 'NONE',  ( 0.000000000000000000, 0.000000000000000000, 1.000000000000000000 ) ) ;
#1419 = CIRCLE ( 'NONE', #2122, 0.1000000000000000472 ) ;
#1420 = PLANE ( 'NONE',  #1145 ) ;
#1421 = ORIENTED_EDGE ( 'NONE', *, *, #1077, .T. ) ;
#1422 = DIRECTION ( 'NONE',  ( 1.239088197126291063E-16, 0.000000000000000000, 1.000000000000000000 ) ) ;
#1423 = DIRECTION ( 'NONE',  ( 0.000000000000000000, -0.000000000000000000, 1.000000000000000000 ) ) ;
#1424 = PLANE ( 'NONE',  #2452 ) ;
#1425 = CARTESIAN_POINT ( 'NONE',  ( 1.550698786960779563, 0.9499999999999999556, 1.650150976497606115 ) ) ;
#1427 = ORIENTED_EDGE ( 'NONE', *, *, #1462, .F. ) ;
#1426 = ADVANCED_FACE ( 'NONE', ( #599 ), #2141, .T. ) ;
#1428 = CARTESIAN_POINT ( 'NONE',  ( -1.609087585240799756, 0.9499999999999999556, -1.650150976497606781 ) ) ;
#1429 = ADVANCED_FACE ( 'NONE', ( #1595 ), #1785, .T. ) ;
#1430 = CARTESIAN_POINT ( 'NONE',  ( 1.345336923418450681, 0.9399999999999999467, -0.8605279927300467646 ) ) ;
#1431 = ORIENTED_EDGE ( 'NONE', *, *, #936, .F. ) ;
#1432 = CARTESIAN_POINT ( 'NONE',  ( 0.7658840241693894990, 0.4500000000000000111, 1.116846170922498604 ) ) ;
#1433 = CARTESIAN_POINT ( 'NONE',  ( -1.633390856398549085, 1.109461890918976845, -1.533938666861721867 ) ) ;
#1434 = CYLINDRICAL_SURFACE ( 'NONE', #1045, 0.09999999999999995004 ) ;
#1435 = VERTEX_POINT ( 'NONE', #59 ) ;
#1436 = SURFACE_SIDE_STYLE ('',( #389 ) ) ;
#1437 = CARTESIAN_POINT ( 'NONE',  ( 1.116846170922498827, 0.4500000000000000111, 0.000000000000000000 ) ) ;
#1438 = ORIENTED_EDGE ( 'NONE', *, *, #1163, .T. ) ;
#1439 = CARTESIAN_POINT ( 'NONE',  ( -1.750000000000000000, 0.000000000000000000, -1.750000000000000000 ) ) ;
#1440 = SURFACE_SIDE_STYLE ('',( #658 ) ) ;
#1441 = SURFACE_STYLE_USAGE ( .BOTH. , #647 ) ;
#1442 = PRESENTATION_LAYER_ASSIGNMENT (  '', '', ( #830 ) ) ;
#1443 = EDGE_CURVE ( 'NONE', #178, #704, #2418, .T. ) ;
#1444 = DIRECTION ( 'NONE',  ( 0.9063077870366468280, -0.000000000000000000, 0.4226182617407061026 ) ) ;
#1445 = VERTEX_POINT ( 'NONE', #671 ) ;
#1446 = CARTESIAN_POINT ( 'NONE',  ( 0.9072988320550543495, 0.9399999999999998357, 1.336106581800936555 ) ) ;
#1447 = DIRECTION ( 'NONE',  ( 0.000000000000000000, -1.000000000000000000, 0.000000000000000000 ) ) ;
#1448 = CARTESIAN_POINT ( 'NONE',  ( 1.728979152946862552, 0.1999999999999999833, -0.1981444905079077501 ) ) ;
#1449 = EDGE_LOOP ( 'NONE', ( #1750, #1265, #643, #302, #2516, #989, #2041, #40 ) ) ;
#1450 = DIRECTION ( 'NONE',  ( 0.000000000000000000, 0.000000000000000000, 1.000000000000000000 ) ) ;
#1451 = PRESENTATION_LAYER_ASSIGNMENT (  '', '', ( #22 ) ) ;
#1452 = LINE ( 'NONE', #1393, #1088 ) ;
#1453 = ORIENTED_EDGE ( 'NONE', *, *, #2365, .T. ) ;
#1454 = VECTOR ( 'NONE', #142, 1000.000000000000000 ) ;
#1455 = CARTESIAN_POINT ( 'NONE',  ( -0.8605279927300463205, 0.9399999999999999467, -1.345336923418450681 ) ) ;
#1456 = CARTESIAN_POINT ( 'NONE',  ( -0.04428475718936453198, -0.000000000000000000, -0.09496896826567584327 ) ) ;
#1457 = MECHANICAL_DESIGN_GEOMETRIC_PRESENTATION_REPRESENTATION (  '', ( #1415 ), #1007 ) ;
#1458 = PRESENTATION_LAYER_ASSIGNMENT (  '', '', ( #28 ) ) ;
#1459 = DIRECTION ( 'NONE',  ( -0.000000000000000000, -0.000000000000000000, 1.000000000000000000 ) ) ;
#1460 = CARTESIAN_POINT ( 'NONE',  ( 0.000000000000000000, 0.9399999999999999467, 1.345336923418450681 ) ) ;
#1461 = STYLED_ITEM ( 'NONE', ( #1225 ), #1798 ) ;
#1462 = EDGE_CURVE ( 'NONE', #484, #1813, #1808, .T. ) ;
#1463 = LINE ( 'NONE', #2259, #1713 ) ;
#1464 = AXIS2_PLACEMENT_3D ( 'NONE', #1575, #1551, #1921 ) ;
#1465 = SURFACE_STYLE_FILL_AREA ( #1481 ) ;
#1466 = ORIENTED_EDGE ( 'NONE', *, *, #2061, .T. ) ;
#1467 = EDGE_CURVE ( 'NONE', #670, #1694, #1416, .T. ) ;
#1468 = CARTESIAN_POINT ( 'NONE',  ( -1.850000000000000089, 0.000000000000000000, -0.9200000000000000400 ) ) ;
#1469 = CARTESIAN_POINT ( 'NONE',  ( 1.650150976497606559, 0.9499999999999999556, -1.550698786960779563 ) ) ;
#1470 = LINE ( 'NONE', #240, #1617 ) ;
#1471 = EDGE_LOOP ( 'NONE', ( #676, #1559, #1236, #2118, #2016, #13, #356, #104, #279, #1281, #1344, #2164, #1256, #126, #1082, #1306, #1569, #115, #799, #509, #2215, #1046, #1812, #230, #145, #2271, #2103, #1728, #1486, #1652, #97, #317 ) ) ;
#1472 = ORIENTED_EDGE ( 'NONE', *, *, #298, .T. ) ;
#1473 = CARTESIAN_POINT ( 'NONE',  ( -1.550698786960778452, 0.9499999999999999556, 1.650150976497606559 ) ) ;
#1474 = CARTESIAN_POINT ( 'NONE',  ( -1.550150976497606026, 0.9399999999999999467, 1.550150976497606470 ) ) ;
#1475 =( NAMED_UNIT ( * ) SI_UNIT ( $, .STERADIAN. ) SOLID_ANGLE_UNIT ( ) );
#1476 = CARTESIAN_POINT ( 'NONE',  ( -1.730585159500684034, 0.1847198683310644074, 0.9226044026471857951 ) ) ;
#1477 = LINE ( 'NONE', #2282, #648 ) ;
#1478 = VERTEX_POINT ( 'NONE', #455 ) ;
#1479 = EDGE_LOOP ( 'NONE', ( #543, #1269, #2156, #752 ) ) ;
#1480 = LINE ( 'NONE', #2329, #1292 ) ;
#1481 = FILL_AREA_STYLE ('',( #681 ) ) ;
#1482 = ORIENTED_EDGE ( 'NONE', *, *, #1784, .T. ) ;
#1483 = PLANE ( 'NONE',  #2038 ) ;
#1484 = EDGE_CURVE ( 'NONE', #1096, #2105, #1763, .T. ) ;
#1485 = CARTESIAN_POINT ( 'NONE',  ( -0.7351353463996871396, 0.4500000000000000111, 1.185135346399689205 ) ) ;
#1486 = ORIENTED_EDGE ( 'NONE', *, *, #1270, .F. ) ;
#1487 = ORIENTED_EDGE ( 'NONE', *, *, #574, .T. ) ;
#1488 =( NAMED_UNIT ( * ) SI_UNIT ( $, .STERADIAN. ) SOLID_ANGLE_UNIT ( ) );
#1489 = CARTESIAN_POINT ( 'NONE',  ( -1.849999999999999867, 0.000000000000000000, -1.261711542730623803 ) ) ;
#1490 = EDGE_LOOP ( 'NONE', ( #1116, #1519, #353, #1009 ) ) ;
#1491 = AXIS2_PLACEMENT_3D ( 'NONE', #797, #1821, #649 ) ;
#1492 = SURFACE_STYLE_USAGE ( .BOTH. , #1894 ) ;
#1493 = VERTEX_POINT ( 'NONE', #1208 ) ;
#1494 = CYLINDRICAL_SURFACE ( 'NONE', #404, 0.09999999999999997780 ) ;
#1495 =( BOUNDED_CURVE ( )  B_SPLINE_CURVE ( 3, ( #680, #793, #1365, #2378 ),
 .UNSPECIFIED., .F., .T. ) 
 B_SPLINE_CURVE_WITH_KNOTS ( ( 4, 4 ),
 ( 5.503250352303675541, 7.063120262055498699 ),
 .UNSPECIFIED. ) 
 CURVE ( )  GEOMETRIC_REPRESENTATION_ITEM ( )  RATIONAL_B_SPLINE_CURVE ( ( 1.000000000000000000, 0.8073061876036300433, 0.8073061876036300433, 1.000000000000000000 ) ) 
 REPRESENTATION_ITEM ( '' )  );
#1496 = SURFACE_STYLE_FILL_AREA ( #715 ) ;
#1497 = FILL_AREA_STYLE ('',( #1334 ) ) ;
#1498 = VECTOR ( 'NONE', #688, 1000.000000000000114 ) ;
#1499 = EDGE_CURVE ( 'NONE', #1274, #310, #1049, .T. ) ;
#1500 = EDGE_CURVE ( 'NONE', #1974, #2055, #2292, .T. ) ;
#1501 = CYLINDRICAL_SURFACE ( 'NONE', #247, 0.1000000000000000472 ) ;
#1502 = VECTOR ( 'NONE', #1418, 1000.000000000000000 ) ;
#1503 = LINE ( 'NONE', #147, #1005 ) ;
#1504 = EDGE_CURVE ( 'NONE', #615, #2234, #74, .T. ) ;
#1505 = DIRECTION ( 'NONE',  ( 0.9063077870366466060, -0.000000000000000000, -0.4226182617407067132 ) ) ;
#1506 = VECTOR ( 'NONE', #2063, 1000.000000000000114 ) ;
#1507 = PLANE ( 'NONE',  #1561 ) ;
#1508 = ORIENTED_EDGE ( 'NONE', *, *, #1860, .F. ) ;
#1509 = VECTOR ( 'NONE', #2239, 1000.000000000000000 ) ;
#1510 = DIRECTION ( 'NONE',  ( -0.000000000000000000, -1.000000000000000000, -0.000000000000000000 ) ) ;
#1511 = VECTOR ( 'NONE', #919, 1000.000000000000000 ) ;
#1512 = EDGE_LOOP ( 'NONE', ( #2073, #449, #1665, #260, #422, #1721, #1971, #985, #1526, #1919, #107, #1038, #1803, #605, #1240, #385 ) ) ;
#1513 = PRESENTATION_LAYER_ASSIGNMENT (  '', '', ( #1920 ) ) ;
#1514 = PLANE ( 'NONE',  #1835 ) ;
#1515 = PLANE ( 'NONE',  #883 ) ;
#1516 = ORIENTED_EDGE ( 'NONE', *, *, #779, .T. ) ;
#1517 = CARTESIAN_POINT ( 'NONE',  ( 1.850000000000000089, 0.2000000000000000111, 1.261711542730623803 ) ) ;
#1518 = CARTESIAN_POINT ( 'NONE',  ( 0.9246136309356267624, 0.9399999999999999467, 1.318791782920364142 ) ) ;
#1519 = ORIENTED_EDGE ( 'NONE', *, *, #735, .F. ) ;
#1520 = EDGE_CURVE ( 'NONE', #1435, #1096, #1403, .T. ) ;
#1521 =( LENGTH_UNIT ( ) NAMED_UNIT ( * ) SI_UNIT ( .MILLI., .METRE. ) );
#1522 = VERTEX_POINT ( 'NONE', #2051 ) ;
#1523 = CARTESIAN_POINT ( 'NONE',  ( 0.8616441785580143398, 0.9457788263111056581, -1.348031634382467203 ) ) ;
#1524 = CARTESIAN_POINT ( 'NONE',  ( -2.044682598454608077E-16, 0.9499999999999999556, -1.650150976497606781 ) ) ;
#1525 = FACE_OUTER_BOUND ( 'NONE', #1686, .T. ) ;
#1526 = ORIENTED_EDGE ( 'NONE', *, *, #458, .F. ) ;
#1527 = CARTESIAN_POINT ( 'NONE',  ( -0.8605279927300428788, 0.9399999999999999467, 1.345336923418450681 ) ) ;
#1528 = FACE_OUTER_BOUND ( 'NONE', #2133, .T. ) ;
#1529 = CARTESIAN_POINT ( 'NONE',  ( 0.9246136309356267624, 0.9399999999999999467, 1.318791782920364142 ) ) ;
#1530 = ORIENTED_EDGE ( 'NONE', *, *, #659, .T. ) ;
#1531 = VERTEX_POINT ( 'NONE', #470 ) ;
#1532 = EDGE_CURVE ( 'NONE', #869, #914, #1242, .T. ) ;
#1533 = CYLINDRICAL_SURFACE ( 'NONE', #806, 0.09999999999999995004 ) ;
#1534 = VERTEX_POINT ( 'NONE', #1217 ) ;
#1535 =( LENGTH_UNIT ( ) NAMED_UNIT ( * ) SI_UNIT ( .MILLI., .METRE. ) );
#1536 = CARTESIAN_POINT ( 'NONE',  ( -1.728979152946862330, 0.1999999999999999833, -0.9218555094920919402 ) ) ;
#1537 = CARTESIAN_POINT ( 'NONE',  ( 1.850000000000000089, 0.2000000000000000111, 1.320000000000000062 ) ) ;
#1538 = ORIENTED_EDGE ( 'NONE', *, *, #792, .F. ) ;
#1539 = PLANE ( 'NONE',  #1795 ) ;
#1540 = SURFACE_SIDE_STYLE ('',( #533 ) ) ;
#1541 = VERTEX_POINT ( 'NONE', #86 ) ;
#1542 = VECTOR ( 'NONE', #1362, 1000.000000000000114 ) ;
#1543 = ORIENTED_EDGE ( 'NONE', *, *, #838, .F. ) ;
#1544 = UNCERTAINTY_MEASURE_WITH_UNIT (LENGTH_MEASURE( 1.000000000000000082E-05 ), #1521, 'distance_accuracy_value', 'NONE');
#1545 = DIRECTION ( 'NONE',  ( -1.000000000000000000, 0.000000000000000000, -5.421010862427523156E-16 ) ) ;
#1546 = CARTESIAN_POINT ( 'NONE',  ( -1.749999999999996669, 0.000000000000000000, 0.9316576914538732268 ) ) ;
#1547 = ORIENTED_EDGE ( 'NONE', *, *, #719, .T. ) ;
#1548 = COLOUR_RGB ( '',1.000000000000000000, 0.8078431372549019773, 0.4980392156862745168 ) ;
#1549 = EDGE_CURVE ( 'NONE', #1915, #1370, #261, .T. ) ;
#1550 = ORIENTED_EDGE ( 'NONE', *, *, #2279, .F. ) ;
#1551 = DIRECTION ( 'NONE',  ( 0.000000000000000000, -1.000000000000000000, 0.000000000000000000 ) ) ;
#1552 = CARTESIAN_POINT ( 'NONE',  ( -1.849999999999999867, 0.2000000000000000111, -0.1417115427306240849 ) ) ;
#1553 = EDGE_CURVE ( 'NONE', #1541, #237, #1036, .T. ) ;
#1554 = VECTOR ( 'NONE', #1688, 1000.000000000000000 ) ;
#1555 = SURFACE_STYLE_USAGE ( .BOTH. , #399 ) ;
#1556 = CARTESIAN_POINT ( 'NONE',  ( -1.090301030424412509, 0.4500000000000000111, -0.8299696623749653890 ) ) ;
#1557 = DIRECTION ( 'NONE',  ( 0.000000000000000000, 0.000000000000000000, 1.000000000000000000 ) ) ;
#1558 = ORIENTED_EDGE ( 'NONE', *, *, #266, .T. ) ;
#1559 = ORIENTED_EDGE ( 'NONE', *, *, #516, .T. ) ;
#1560 = DIRECTION ( 'NONE',  ( -0.1724321482694470276, -0.8927325632787553866, 0.4162880309412301805 ) ) ;
#1561 = AXIS2_PLACEMENT_3D ( 'NONE', #709, #915, #1674 ) ;
#1562 = ORIENTED_EDGE ( 'NONE', *, *, #1897, .F. ) ;
#1563 = PLANE ( 'NONE',  #927 ) ;
#1564 = CARTESIAN_POINT ( 'NONE',  ( -1.708936608743190311, 0.000000000000000000, -1.749999999999996891 ) ) ;
#1565 = EDGE_CURVE ( 'NONE', #372, #295, #491, .T. ) ;
#1566 = LINE ( 'NONE', #2359, #1715 ) ;
#1567 = SURFACE_SIDE_STYLE ('',( #783 ) ) ;
#1568 = DIRECTION ( 'NONE',  ( 0.4162880309412301805, 0.8927325632787551646, 0.1724321482694473606 ) ) ;
#1569 = ORIENTED_EDGE ( 'NONE', *, *, #101, .F. ) ;
#1570 = DIRECTION ( 'NONE',  ( -1.239088197126291063E-16, -0.000000000000000000, -1.000000000000000000 ) ) ;
#1571 = UNCERTAINTY_MEASURE_WITH_UNIT (LENGTH_MEASURE( 1.000000000000000082E-05 ), #2174, 'distance_accuracy_value', 'NONE');
#1572 = CARTESIAN_POINT ( 'NONE',  ( 1.116846170922498827, 0.4500000000000000111, -0.7658840241693888329 ) ) ;
#1573 = ORIENTED_EDGE ( 'NONE', *, *, #1897, .T. ) ;
#1574 = ORIENTED_EDGE ( 'NONE', *, *, #360, .F. ) ;
#1575 = CARTESIAN_POINT ( 'NONE',  ( 1.450150976497606381, 0.9499999999999999556, -1.450150976497606825 ) ) ;
#1576 = FACE_OUTER_BOUND ( 'NONE', #1347, .T. ) ;
#1577 = EDGE_CURVE ( 'NONE', #1850, #1289, #144, .T. ) ;
#1578 = EDGE_CURVE ( 'NONE', #657, #624, #1819, .T. ) ;
#1579 = FILL_AREA_STYLE_COLOUR ( '', #1916 ) ;
#1580 = FACE_OUTER_BOUND ( 'NONE', #2214, .T. ) ;
#1581 = VECTOR ( 'NONE', #301, 1000.000000000000000 ) ;
#1582 = EDGE_CURVE ( 'NONE', #690, #725, #760, .T. ) ;
#1583 =( NAMED_UNIT ( * ) PLANE_ANGLE_UNIT ( ) SI_UNIT ( $, .RADIAN. ) );
#1584 = VECTOR ( 'NONE', #1611, 1000.000000000000000 ) ;
#1585 = FACE_BOUND ( 'NONE', #1449, .T. ) ;
#1586 = ORIENTED_EDGE ( 'NONE', *, *, #1484, .F. ) ;
#1587 = ORIENTED_EDGE ( 'NONE', *, *, #2349, .T. ) ;
#1588 = VECTOR ( 'NONE', #1710, 1000.000000000000000 ) ;
#1589 = CARTESIAN_POINT ( 'NONE',  ( -1.550150976497606026, 0.9499999999999999556, 1.550150976497606470 ) ) ;
#1590 = SURFACE_STYLE_USAGE ( .BOTH. , #593 ) ;
#1591 = FACE_OUTER_BOUND ( 'NONE', #1756, .T. ) ;
#1592 = VECTOR ( 'NONE', #1257, 1000.000000000000114 ) ;
#1593 = CARTESIAN_POINT ( 'NONE',  ( -1.318791782920364364, 0.9399999999999999467, -0.9246136309356218774 ) ) ;
#1594 = VECTOR ( 'NONE', #377, 1000.000000000000000 ) ;
#1595 = FACE_OUTER_BOUND ( 'NONE', #1618, .T. ) ;
#1596 = DIRECTION ( 'NONE',  ( 0.1039620511844955436, 0.9891328443778544255, -0.1039620511844955575 ) ) ;
#1597 = DIRECTION ( 'NONE',  ( 0.000000000000000000, -1.000000000000000000, 0.000000000000000000 ) ) ;
#1598 = EDGE_CURVE ( 'NONE', #1790, #506, #1732, .T. ) ;
#1599 = ORIENTED_EDGE ( 'NONE', *, *, #1879, .T. ) ;
#1600 = ORIENTED_EDGE ( 'NONE', *, *, #544, .F. ) ;
#1601 = VERTEX_POINT ( 'NONE', #1527 ) ;
#1602 = PLANE ( 'NONE',  #363 ) ;
#1603 = FACE_OUTER_BOUND ( 'NONE', #1186, .T. ) ;
#1604 = DIRECTION ( 'NONE',  ( -0.000000000000000000, -0.000000000000000000, 1.000000000000000000 ) ) ;
#1605 = CARTESIAN_POINT ( 'NONE',  ( -1.749999999999996891, 0.000000000000000000, -1.308342308546126098 ) ) ;
#1606 = CARTESIAN_POINT ( 'NONE',  ( 1.728926347617310455, 0.2005024091504846173, 0.9218308859625305995 ) ) ;
#1607 = ORIENTED_EDGE ( 'NONE', *, *, #1039, .T. ) ;
#1608 = ADVANCED_FACE ( 'NONE', ( #364 ), #1501, .F. ) ;
#1609 = FILL_AREA_STYLE_COLOUR ( '', #845 ) ;
#1610 = SURFACE_STYLE_USAGE ( .BOTH. , #826 ) ;
#1611 = DIRECTION ( 'NONE',  ( 1.239088197126291063E-16, -0.000000000000000000, 1.000000000000000000 ) ) ;
#1612 = CARTESIAN_POINT ( 'NONE',  ( -0.3999999999999999667, 0.5500000000000000444, 0.2999999999999999889 ) ) ;
#1613 = CIRCLE ( 'NONE', #2528, 0.1000000000000000472 ) ;
#1614 = DIRECTION ( 'NONE',  ( 0.000000000000000000, 0.000000000000000000, -1.000000000000000000 ) ) ;
#1615 = CARTESIAN_POINT ( 'NONE',  ( -1.336106581800936555, 0.9400000000000001688, 0.9072988320550533503 ) ) ;
#1616 = UNCERTAINTY_MEASURE_WITH_UNIT (LENGTH_MEASURE( 1.000000000000000082E-05 ), #420, 'distance_accuracy_value', 'NONE');
#1617 = VECTOR ( 'NONE', #1668, 1000.000000000000000 ) ;
#1618 = EDGE_LOOP ( 'NONE', ( #1702, #2161, #2531, #1262 ) ) ;
#1619 = PRESENTATION_STYLE_ASSIGNMENT (( #18 ) ) ;
#1620 = VECTOR ( 'NONE', #540, 1000.000000000000000 ) ;
#1621 = CARTESIAN_POINT ( 'NONE',  ( -1.650150976497606337, 0.9499999999999999556, 2.044682598454607584E-16 ) ) ;
#1622 = FILL_AREA_STYLE ('',( #2217 ) ) ;
#1623 = PRESENTATION_STYLE_ASSIGNMENT (( #665 ) ) ;
#1624 = ADVANCED_FACE ( 'NONE', ( #131 ), #1889, .F. ) ;
#1625 = VECTOR ( 'NONE', #1505, 1000.000000000000000 ) ;
#1626 = PLANE ( 'NONE',  #530 ) ;
#1627 = ADVANCED_FACE ( 'NONE', ( #1722 ), #2302, .T. ) ;
#1628 = VECTOR ( 'NONE', #1911, 1000.000000000000000 ) ;
#1629 = ORIENTED_EDGE ( 'NONE', *, *, #2023, .F. ) ;
#1630 =( NAMED_UNIT ( * ) SI_UNIT ( $, .STERADIAN. ) SOLID_ANGLE_UNIT ( ) );
#1631 = VECTOR ( 'NONE', #1697, 1000.000000000000000 ) ;
#1632 = CARTESIAN_POINT ( 'NONE',  ( -1.450150976497605937, 0.9499999999999999556, 1.550150976497606470 ) ) ;
#1633 = LINE ( 'NONE', #417, #192 ) ;
#1634 = ORIENTED_EDGE ( 'NONE', *, *, #1661, .T. ) ;
#1635 = CARTESIAN_POINT ( 'NONE',  ( 1.850000000000000089, 0.000000000000000000, 0.9782884572693762992 ) ) ;
#1636 = DIRECTION ( 'NONE',  ( 0.000000000000000000, -1.000000000000000000, 0.000000000000000000 ) ) ;
#1637 =( NAMED_UNIT ( * ) SI_UNIT ( $, .STERADIAN. ) SOLID_ANGLE_UNIT ( ) );
#1638 = ORIENTED_EDGE ( 'NONE', *, *, #825, .T. ) ;
#1639 = VECTOR ( 'NONE', #861, 1000.000000000000000 ) ;
#1640 = DIRECTION ( 'NONE',  ( 0.000000000000000000, -0.000000000000000000, 1.000000000000000000 ) ) ;
#1641 = CARTESIAN_POINT ( 'NONE',  ( 1.450150976497606603, 0.9499999999999999556, 1.550150976497606026 ) ) ;
#1642 = DIRECTION ( 'NONE',  ( -0.9945218953682735119, 0.1045284632676517222, 0.000000000000000000 ) ) ;
#1643 = ORIENTED_EDGE ( 'NONE', *, *, #2110, .T. ) ;
#1644 = EDGE_CURVE ( 'NONE', #1167, #670, #352, .T. ) ;
#1645 = DIRECTION ( 'NONE',  ( 0.000000000000000000, -1.000000000000000000, 0.000000000000000000 ) ) ;
#1646 = FILL_AREA_STYLE_COLOUR ( '', #1548 ) ;
#1647 =( NAMED_UNIT ( * ) PLANE_ANGLE_UNIT ( ) SI_UNIT ( $, .RADIAN. ) );
#1648 = ADVANCED_BREP_SHAPE_REPRESENTATION ( 'WS2812B-MINI-X2', ( #2189, #2305 ), #2044 ) ;
#1649 = EDGE_LOOP ( 'NONE', ( #111, #2283, #2303, #718 ) ) ;
#1650 = DIRECTION ( 'NONE',  ( 0.000000000000000000, 0.000000000000000000, -1.000000000000000000 ) ) ;
#1651 = DIRECTION ( 'NONE',  ( 1.398834292818546727E-16, 0.000000000000000000, 1.000000000000000000 ) ) ;
#1652 = ORIENTED_EDGE ( 'NONE', *, *, #106, .T. ) ;
#1653 = DIRECTION ( 'NONE',  ( 1.000000000000000000, 0.000000000000000000, -1.239088197126291063E-16 ) ) ;
#1654 = ORIENTED_EDGE ( 'NONE', *, *, #1387, .T. ) ;
#1655 = CARTESIAN_POINT ( 'NONE',  ( 1.090301030424412509, 0.4500000000000000111, -0.8299696623749678315 ) ) ;
#1656 = DIRECTION ( 'NONE',  ( 0.000000000000000000, 0.4226182617407033826, 0.9063077870366480493 ) ) ;
#1657 = EDGE_CURVE ( 'NONE', #1768, #1974, #1140, .T. ) ;
#1658 = EDGE_CURVE ( 'NONE', #9, #1729, #2089, .T. ) ;
#1659 = LINE ( 'NONE', #1301, #2173 ) ;
#1660 = ORIENTED_EDGE ( 'NONE', *, *, #303, .F. ) ;
#1661 = EDGE_CURVE ( 'NONE', #1359, #251, #743, .T. ) ;
#1662 = EDGE_LOOP ( 'NONE', ( #190, #2060, #862, #232 ) ) ;
#1663 = DIRECTION ( 'NONE',  ( -0.9063077870366464950, -0.000000000000000000, 0.4226182617407068798 ) ) ;
#1664 = CARTESIAN_POINT ( 'NONE',  ( -1.092995741388428810, 0.4557788263111057780, -0.8310858482029362948 ) ) ;
#1665 = ORIENTED_EDGE ( 'NONE', *, *, #1152, .T. ) ;
#1666 = LINE ( 'NONE', #2108, #1172 ) ;
#1667 = MECHANICAL_DESIGN_GEOMETRIC_PRESENTATION_REPRESENTATION (  '', ( #1203 ), #1282 ) ;
#1668 = DIRECTION ( 'NONE',  ( 0.000000000000000000, 1.000000000000000000, 0.000000000000000000 ) ) ;
#1669 = VERTEX_POINT ( 'NONE', #1128 ) ;
#1670 = VECTOR ( 'NONE', #744, 1000.000000000000114 ) ;
#1671 = DIRECTION ( 'NONE',  ( 0.1039620511844955575, -0.9891328443778544255, 0.1039620511844955297 ) ) ;
#1672 = DIRECTION ( 'NONE',  ( 0.1724321482694469998, 0.8927325632787552756, -0.4162880309412301805 ) ) ;
#1673 =( NAMED_UNIT ( * ) PLANE_ANGLE_UNIT ( ) SI_UNIT ( $, .RADIAN. ) );
#1674 = DIRECTION ( 'NONE',  ( 0.000000000000000000, -1.000000000000000000, 0.000000000000000000 ) ) ;
#1675 = ORIENTED_EDGE ( 'NONE', *, *, #1191, .F. ) ;
#1676 = ORIENTED_EDGE ( 'NONE', *, *, #1810, .T. ) ;
#1677 = MECHANICAL_DESIGN_GEOMETRIC_PRESENTATION_REPRESENTATION (  '', ( #2373 ), #1294 ) ;
#1678 = ADVANCED_FACE ( 'NONE', ( #1927 ), #2072, .F. ) ;
#1679 = DIRECTION ( 'NONE',  ( 0.000000000000000000, -1.000000000000000000, 0.000000000000000000 ) ) ;
#1680 =( GEOMETRIC_REPRESENTATION_CONTEXT ( 3 ) GLOBAL_UNCERTAINTY_ASSIGNED_CONTEXT ( ( #633 ) ) GLOBAL_UNIT_ASSIGNED_CONTEXT ( ( #311, #1124, #511 ) ) REPRESENTATION_CONTEXT ( 'NONE', 'WORKASPACE' ) );
#1681 = DIRECTION ( 'NONE',  ( 0.4162880309412302360, -0.8927325632787552756, 0.1724321482694468055 ) ) ;
#1682 = ORIENTED_EDGE ( 'NONE', *, *, #2243, .F. ) ;
#1683 = CARTESIAN_POINT ( 'NONE',  ( -1.345336923418450459, 0.9399999999999999467, 0.8605279927300467646 ) ) ;
#1684 = CARTESIAN_POINT ( 'NONE',  ( 0.9246136309356217664, 0.9399999999999999467, -1.318791782920365030 ) ) ;
#1685 = CARTESIAN_POINT ( 'NONE',  ( 0.4000000000000000777, 0.5500000000000000444, 0.2999999999999999889 ) ) ;
#1686 = EDGE_LOOP ( 'NONE', ( #1085, #1778, #721, #2027 ) ) ;
#1687 = ORIENTED_EDGE ( 'NONE', *, *, #2339, .T. ) ;
#1688 = DIRECTION ( 'NONE',  ( 0.7071067811865444641, 0.000000000000000000, -0.7071067811865505703 ) ) ;
#1689 = CARTESIAN_POINT ( 'NONE',  ( 0.000000000000000000, 0.2000000000000000111, 0.000000000000000000 ) ) ;
#1690 = CARTESIAN_POINT ( 'NONE',  ( 0.8605279927300434339, 0.9399999999999999467, -1.345336923418450681 ) ) ;
#1691 = ORIENTED_EDGE ( 'NONE', *, *, #139, .F. ) ;
#1692 =( NAMED_UNIT ( * ) PLANE_ANGLE_UNIT ( ) SI_UNIT ( $, .RADIAN. ) );
#1693 = CARTESIAN_POINT ( 'NONE',  ( -1.650547810463169895, 0.000000000000000000, -1.750000000000000000 ) ) ;
#1694 = VERTEX_POINT ( 'NONE', #924 ) ;
#1695 = EDGE_CURVE ( 'NONE', #2417, #237, #1107, .T. ) ;
#1696 = EDGE_CURVE ( 'NONE', #501, #988, #1566, .T. ) ;
#1697 = DIRECTION ( 'NONE',  ( -0.000000000000000000, -0.000000000000000000, 1.000000000000000000 ) ) ;
#1698 = LINE ( 'NONE', #2136, #966 ) ;
#1699 = DIRECTION ( 'NONE',  ( -0.4162880309412301805, -0.8927325632787551646, -0.1724321482694473606 ) ) ;
#1700 = CARTESIAN_POINT ( 'NONE',  ( 0.9601353463996942228, 0.4500000000000000111, 0.9601353463996853410 ) ) ;
#1701 = ORIENTED_EDGE ( 'NONE', *, *, #1207, .F. ) ;
#1702 = ORIENTED_EDGE ( 'NONE', *, *, #250, .F. ) ;
#1703 = FACE_OUTER_BOUND ( 'NONE', #1512, .T. ) ;
#1704 = CARTESIAN_POINT ( 'NONE',  ( -0.9601353463996936677, 0.4500000000000000111, -0.9601353463996852300 ) ) ;
#1705 = MECHANICAL_DESIGN_GEOMETRIC_PRESENTATION_REPRESENTATION (  '', ( #2360 ), #1950 ) ;
#1706 = VECTOR ( 'NONE', #512, 1000.000000000000114 ) ;
#1707 = ADVANCED_FACE ( 'NONE', ( #2377, #1 ), #1539, .T. ) ;
#1708 = CARTESIAN_POINT ( 'NONE',  ( -1.121702706927998783, 0.9399999999999999467, -1.121702706927989013 ) ) ;
#1709 = STYLED_ITEM ( 'NONE', ( #668 ), #517 ) ;
#1710 = DIRECTION ( 'NONE',  ( 0.000000000000000000, 1.000000000000000000, -0.000000000000000000 ) ) ;
#1711 = VECTOR ( 'NONE', #87, 1000.000000000000114 ) ;
#1712 = ORIENTED_EDGE ( 'NONE', *, *, #1843, .F. ) ;
#1713 = VECTOR ( 'NONE', #1057, 1000.000000000000000 ) ;
#1714 = CARTESIAN_POINT ( 'NONE',  ( 0.8605279927300477638, 0.9399999999999999467, 1.345336923418450681 ) ) ;
#1715 = VECTOR ( 'NONE', #972, 1000.000000000000000 ) ;
#1716 = ORIENTED_EDGE ( 'NONE', *, *, #701, .T. ) ;
#1717 = VECTOR ( 'NONE', #2012, 1000.000000000000000 ) ;
#1718 = DIRECTION ( 'NONE',  ( 0.000000000000000000, -1.000000000000000000, 0.000000000000000000 ) ) ;
#1719 = LINE ( 'NONE', #687, #1752 ) ;
#1720 = FACE_OUTER_BOUND ( 'NONE', #345, .T. ) ;
#1721 = ORIENTED_EDGE ( 'NONE', *, *, #746, .T. ) ;
#1722 = FACE_OUTER_BOUND ( 'NONE', #1987, .T. ) ;
#1723 = ADVANCED_FACE ( 'NONE', ( #782 ), #12, .F. ) ;
#1724 = DIRECTION ( 'NONE',  ( -1.000000000000000000, 0.000000000000000000, -0.000000000000000000 ) ) ;
#1725 = FACE_OUTER_BOUND ( 'NONE', #1187, .T. ) ;
#1726 = APPLICATION_PROTOCOL_DEFINITION ( 'draft international standard', 'automotive_design', 1998, #191 ) ;
#1727 = SURFACE_SIDE_STYLE ('',( #1356 ) ) ;
#1728 = ORIENTED_EDGE ( 'NONE', *, *, #1191, .T. ) ;
#1729 = VERTEX_POINT ( 'NONE', #1772 ) ;
#1730 = CARTESIAN_POINT ( 'NONE',  ( 1.724999999999999867, 0.2000000000000000111, -1.319999999999999618 ) ) ;
#1731 = ORIENTED_EDGE ( 'NONE', *, *, #2139, .F. ) ;
#1732 = LINE ( 'NONE', #2267, #2163 ) ;
#1733 = LINE ( 'NONE', #378, #804 ) ;
#1734 = FILL_AREA_STYLE ('',( #831 ) ) ;
#1735 = CARTESIAN_POINT ( 'NONE',  ( 1.450150976497606381, 0.9499999999999999556, -1.550150976497606914 ) ) ;
#1736 = ADVANCED_FACE ( 'NONE', ( #1576 ), #610, .F. ) ;
#1737 =( LENGTH_UNIT ( ) NAMED_UNIT ( * ) SI_UNIT ( .MILLI., .METRE. ) );
#1738 = EDGE_LOOP ( 'NONE', ( #2464, #2465, #1935, #209 ) ) ;
#1739 = PRESENTATION_STYLE_ASSIGNMENT (( #407 ) ) ;
#1740 = ADVANCED_FACE ( 'NONE', ( #767 ), #1391, .F. ) ;
#1741 = LINE ( 'NONE', #738, #2400 ) ;
#1742 = AXIS2_PLACEMENT_3D ( 'NONE', #482, #294, #92 ) ;
#1743 = DIRECTION ( 'NONE',  ( -0.000000000000000000, -0.000000000000000000, -1.000000000000000000 ) ) ;
#1744 = PLANE ( 'NONE',  #2208 ) ;
#1745 = SURFACE_STYLE_USAGE ( .BOTH. , #1540 ) ;
#1746 = PRESENTATION_LAYER_ASSIGNMENT (  '', '', ( #1131 ) ) ;
#1747 = FILL_AREA_STYLE ('',( #2331 ) ) ;
#1748 = DIRECTION ( 'NONE',  ( 0.000000000000000000, 0.000000000000000000, -1.000000000000000000 ) ) ;
#1749 = COLOUR_RGB ( '',1.000000000000000000, 0.8078431372549019773, 0.4980392156862745168 ) ;
#1750 = ORIENTED_EDGE ( 'NONE', *, *, #2399, .F. ) ;
#1751 = UNCERTAINTY_MEASURE_WITH_UNIT (LENGTH_MEASURE( 1.000000000000000082E-05 ), #751, 'distance_accuracy_value', 'NONE');
#1752 = VECTOR ( 'NONE', #728, 1000.000000000000000 ) ;
#1753 = SURFACE_SIDE_STYLE ('',( #2320 ) ) ;
#1754 = DIRECTION ( 'NONE',  ( -0.7071067811865507924, 0.000000000000000000, -0.7071067811865441310 ) ) ;
#1755 = VECTOR ( 'NONE', #901, 1000.000000000000114 ) ;
#1756 = EDGE_LOOP ( 'NONE', ( #347, #1314, #1409, #138 ) ) ;
#1757 = EDGE_CURVE ( 'NONE', #2345, #2119, #1112, .T. ) ;
#1758 = SURFACE_STYLE_FILL_AREA ( #1734 ) ;
#1759 = SURFACE_STYLE_USAGE ( .BOTH. , #1169 ) ;
#1760 = CARTESIAN_POINT ( 'NONE',  ( -1.550150976497606470, 0.9399999999999999467, -1.550150976497606470 ) ) ;
#1761 = VECTOR ( 'NONE', #70, 1000.000000000000114 ) ;
#1762 =( NAMED_UNIT ( * ) PLANE_ANGLE_UNIT ( ) SI_UNIT ( $, .RADIAN. ) );
#1763 =( BOUNDED_CURVE ( )  B_SPLINE_CURVE ( 3, ( #2018, #1846, #274, #1655 ),
 .UNSPECIFIED., .F., .T. ) 
 B_SPLINE_CURVE_WITH_KNOTS ( ( 4, 4 ),
 ( 5.928997208086020265, 6.637373406273153087 ),
 .UNSPECIFIED. ) 
 CURVE ( )  GEOMETRIC_REPRESENTATION_ITEM ( )  RATIONAL_B_SPLINE_CURVE ( ( 1.000000000000000000, 0.9586189257870754155, 0.9586189257870754155, 1.000000000000000000 ) ) 
 REPRESENTATION_ITEM ( '' )  );
#1764 = SURFACE_SIDE_STYLE ('',( #771 ) ) ;
#1765 = FACE_OUTER_BOUND ( 'NONE', #1396, .T. ) ;
#1766 = CARTESIAN_POINT ( 'NONE',  ( 0.7903708475760542473, 0.4500000000000000111, -1.116846170922498604 ) ) ;
#1767 = FACE_OUTER_BOUND ( 'NONE', #1490, .T. ) ;
#1768 = VERTEX_POINT ( 'NONE', #1593 ) ;
#1769 = CARTESIAN_POINT ( 'NONE',  ( -1.318791782920364364, 0.9399999999999999467, -0.9246136309356218774 ) ) ;
#1770 = EDGE_CURVE ( 'NONE', #2532, #1888, #2183, .T. ) ;
#1771 = FILL_AREA_STYLE ('',( #609 ) ) ;
#1772 = CARTESIAN_POINT ( 'NONE',  ( 0.7658840241693894990, 0.4500000000000000111, 1.116846170922498604 ) ) ;
#1773 = EDGE_CURVE ( 'NONE', #1813, #2406, #1967, .T. ) ;
#1774 = LINE ( 'NONE', #621, #2250 ) ;
#1775 = FILL_AREA_STYLE_COLOUR ( '', #598 ) ;
#1776 = ORIENTED_EDGE ( 'NONE', *, *, #558, .F. ) ;
#1777 = ORIENTED_EDGE ( 'NONE', *, *, #1077, .F. ) ;
#1778 = ORIENTED_EDGE ( 'NONE', *, *, #2293, .T. ) ;
#1779 = PRESENTATION_STYLE_ASSIGNMENT (( #2180 ) ) ;
#1780 = DIRECTION ( 'NONE',  ( -1.000000000000000000, 0.000000000000000000, 0.000000000000000000 ) ) ;
#1781 = CARTESIAN_POINT ( 'NONE',  ( 0.04428475718936471239, 0.2000000000000000111, -0.09496896826567623184 ) ) ;
#1782 = STYLED_ITEM ( 'NONE', ( #124 ), #2189 ) ;
#1783 =( NAMED_UNIT ( * ) SI_UNIT ( $, .STERADIAN. ) SOLID_ANGLE_UNIT ( ) );
#1784 = EDGE_CURVE ( 'NONE', #711, #2484, #562, .T. ) ;
#1785 = PLANE ( 'NONE',  #1992 ) ;
#1786 = CARTESIAN_POINT ( 'NONE',  ( 1.724999999999999867, 0.2000000000000000111, -0.1999999999999997891 ) ) ;
#1787 = SURFACE_STYLE_USAGE ( .BOTH. , #447 ) ;
#1788 = VECTOR ( 'NONE', #2324, 1000.000000000000000 ) ;
#1789 = SURFACE_STYLE_FILL_AREA ( #2009 ) ;
#1790 = VERTEX_POINT ( 'NONE', #1151 ) ;
#1791 = MECHANICAL_DESIGN_GEOMETRIC_PRESENTATION_REPRESENTATION (  '', ( #1828 ), #1954 ) ;
#1792 = CARTESIAN_POINT ( 'NONE',  ( 1.121702706927999671, 0.9399999999999999467, 1.121702706927989235 ) ) ;
#1793 = CIRCLE ( 'NONE', #2408, 0.1000000000000000472 ) ;
#1794 = FACE_OUTER_BOUND ( 'NONE', #1395, .T. ) ;
#1795 = AXIS2_PLACEMENT_3D ( 'NONE', #1364, #597, #1183 ) ;
#1796 = PRESENTATION_LAYER_ASSIGNMENT (  '', '', ( #164 ) ) ;
#1797 = CARTESIAN_POINT ( 'NONE',  ( -0.8299696623749646118, 0.4500000000000000111, 1.090301030424412732 ) ) ;
#1798 = ADVANCED_FACE ( 'NONE', ( #960 ), #1744, .T. ) ;
#1799 = VERTEX_POINT ( 'NONE', #1425 ) ;
#1800 = DIRECTION ( 'NONE',  ( 0.000000000000000000, -0.000000000000000000, -1.000000000000000000 ) ) ;
#1801 = UNCERTAINTY_MEASURE_WITH_UNIT (LENGTH_MEASURE( 1.000000000000000082E-05 ), #542, 'distance_accuracy_value', 'NONE');
#1802 = CARTESIAN_POINT ( 'NONE',  ( 0.7658840241693866124, 0.4500000000000000111, -1.116846170922498827 ) ) ;
#1803 = ORIENTED_EDGE ( 'NONE', *, *, #188, .F. ) ;
#1804 = DIRECTION ( 'NONE',  ( -1.239088197126290817E-16, -0.000000000000000000, -1.000000000000000000 ) ) ;
#1805 = LINE ( 'NONE', #268, #1141 ) ;
#1806 =( NAMED_UNIT ( * ) PLANE_ANGLE_UNIT ( ) SI_UNIT ( $, .RADIAN. ) );
#1807 = CARTESIAN_POINT ( 'NONE',  ( 1.650150976497607003, 0.9499999999999999556, -1.609087585240800866 ) ) ;
#1808 = LINE ( 'NONE', #249, #68 ) ;
#1809 = LINE ( 'NONE', #1606, #559 ) ;
#1810 = EDGE_CURVE ( 'NONE', #310, #1822, #2543, .T. ) ;
#1811 = LINE ( 'NONE', #2405, #1948 ) ;
#1812 = ORIENTED_EDGE ( 'NONE', *, *, #1958, .T. ) ;
#1813 = VERTEX_POINT ( 'NONE', #1034 ) ;
#1814 = EDGE_CURVE ( 'NONE', #1925, #1493, #2138, .T. ) ;
#1815 = DIRECTION ( 'NONE',  ( -1.239088197126290817E-16, -0.000000000000000000, -1.000000000000000000 ) ) ;
#1816 = DIRECTION ( 'NONE',  ( -0.1039620511844955575, -0.9891328443778544255, -0.1039620511844955297 ) ) ;
#1817 = CARTESIAN_POINT ( 'NONE',  ( 1.550150976497606914, 0.9499999999999999556, 1.450150976497605937 ) ) ;
#1818 = VECTOR ( 'NONE', #1681, 1000.000000000000227 ) ;
#1819 = LINE ( 'NONE', #881, #727 ) ;
#1820 = DIRECTION ( 'NONE',  ( 0.000000000000000000, -0.000000000000000000, 1.000000000000000000 ) ) ;
#1821 = DIRECTION ( 'NONE',  ( 0.000000000000000000, -1.000000000000000000, 0.000000000000000000 ) ) ;
#1822 = VERTEX_POINT ( 'NONE', #82 ) ;
#1823 = AXIS2_PLACEMENT_3D ( 'NONE', #1159, #212, #2323 ) ;
#1824 = CARTESIAN_POINT ( 'NONE',  ( 0.8299696623749684976, 0.4500000000000000111, 1.090301030424412287 ) ) ;
#1825 = DIRECTION ( 'NONE',  ( -0.6408563820557843238, -0.4226182617407033271, 0.6408563820557903190 ) ) ;
#1826 = DIRECTION ( 'NONE',  ( 0.000000000000000000, 0.000000000000000000, -1.000000000000000000 ) ) ;
#1827 = ORIENTED_EDGE ( 'NONE', *, *, #1879, .F. ) ;
#1828 = STYLED_ITEM ( 'NONE', ( #940 ), #645 ) ;
#1829 = EDGE_CURVE ( 'NONE', #1274, #2277, #2046, .T. ) ;
#1830 =( GEOMETRIC_REPRESENTATION_CONTEXT ( 3 ) GLOBAL_UNCERTAINTY_ASSIGNED_CONTEXT ( ( #1405 ) ) GLOBAL_UNIT_ASSIGNED_CONTEXT ( ( #1847, #2045, #1855 ) ) REPRESENTATION_CONTEXT ( 'NONE', 'WORKASPACE' ) );
#1831 = VECTOR ( 'NONE', #2402, 1000.000000000000000 ) ;
#1832 = ORIENTED_EDGE ( 'NONE', *, *, #26, .F. ) ;
#1833 = CARTESIAN_POINT ( 'NONE',  ( -0.9246136309356253191, 0.9399999999999999467, -1.318791782920364364 ) ) ;
#1834 = PLANE ( 'NONE',  #2368 ) ;
#1835 = AXIS2_PLACEMENT_3D ( 'NONE', #1103, #2454, #2311 ) ;
#1836 = AXIS2_PLACEMENT_3D ( 'NONE', #958, #2346, #1780 ) ;
#1837 = CARTESIAN_POINT ( 'NONE',  ( -0.3999999999999999667, 0.5500000000000000444, 0.2999999999999999889 ) ) ;
#1838 = VERTEX_POINT ( 'NONE', #299 ) ;
#1839 = DIRECTION ( 'NONE',  ( 1.000000000000000000, -0.000000000000000000, -1.239088197126290817E-16 ) ) ;
#1840 = DIRECTION ( 'NONE',  ( 1.239088197126291063E-16, 0.000000000000000000, 1.000000000000000000 ) ) ;
#1841 = CARTESIAN_POINT ( 'NONE',  ( 1.850000000000000311, 0.2000000000000000111, -1.261711542730623359 ) ) ;
#1842 = ADVANCED_FACE ( 'NONE', ( #1794 ), #1626, .F. ) ;
#1843 = EDGE_CURVE ( 'NONE', #1534, #2088, #1419, .T. ) ;
#1844 = ORIENTED_EDGE ( 'NONE', *, *, #558, .T. ) ;
#1845 = EDGE_CURVE ( 'NONE', #357, #1478, #465, .T. ) ;
#1846 = CARTESIAN_POINT ( 'NONE',  ( 1.116846170922498827, 0.4500000000000000111, -0.7903708475760569119 ) ) ;
#1847 =( LENGTH_UNIT ( ) NAMED_UNIT ( * ) SI_UNIT ( .MILLI., .METRE. ) );
#1848 = CARTESIAN_POINT ( 'NONE',  ( 1.850000000000000311, 0.000000000000000000, 0.1417115427306241404 ) ) ;
#1849 = DIRECTION ( 'NONE',  ( 0.4226182617407067132, 0.000000000000000000, 0.9063077870366466060 ) ) ;
#1850 = VERTEX_POINT ( 'NONE', #285 ) ;
#1851 = VERTEX_POINT ( 'NONE', #620 ) ;
#1852 =( NAMED_UNIT ( * ) SI_UNIT ( $, .STERADIAN. ) SOLID_ANGLE_UNIT ( ) );
#1853 = DIRECTION ( 'NONE',  ( -0.1044045134811382863, 0.9933425919253661140, 0.04868462418220249194 ) ) ;
#1854 = ORIENTED_EDGE ( 'NONE', *, *, #574, .F. ) ;
#1855 =( NAMED_UNIT ( * ) SI_UNIT ( $, .STERADIAN. ) SOLID_ANGLE_UNIT ( ) );
#1856 = CARTESIAN_POINT ( 'NONE',  ( 2.044682598454607584E-16, 0.9499999999999999556, 1.650150976497606337 ) ) ;
#1857 = ORIENTED_EDGE ( 'NONE', *, *, #1499, .T. ) ;
#1858 = CARTESIAN_POINT ( 'NONE',  ( -1.107615829304984922, 0.4500000000000000666, 0.8126548634943953076 ) ) ;
#1859 = CARTESIAN_POINT ( 'NONE',  ( 1.633390856398549085, 1.109461890918976845, -1.533938666861722089 ) ) ;
#1860 = EDGE_CURVE ( 'NONE', #1790, #27, #2407, .T. ) ;
#1861 = PRESENTATION_STYLE_ASSIGNMENT (( #1441 ) ) ;
#1862 = MECHANICAL_DESIGN_GEOMETRIC_PRESENTATION_REPRESENTATION (  '', ( #1230 ), #16 ) ;
#1863 = PRESENTATION_STYLE_ASSIGNMENT (( #504 ) ) ;
#1864 = VERTEX_POINT ( 'NONE', #1641 ) ;
#1865 = LINE ( 'NONE', #161, #1375 ) ;
#1866 = CARTESIAN_POINT ( 'NONE',  ( -1.850000000000000089, 0.2000000000000000111, -0.9782884572693760772 ) ) ;
#1867 = EDGE_LOOP ( 'NONE', ( #1574, #2429, #130, #1110 ) ) ;
#1868 = VECTOR ( 'NONE', #1197, 1000.000000000000000 ) ;
#1869 = PLANE ( 'NONE',  #2289 ) ;
#1870 = FILL_AREA_STYLE ('',( #714 ) ) ;
#1871 = CARTESIAN_POINT ( 'NONE',  ( 1.730585159500684478, 0.1847198683310644352, -0.9226044026471860171 ) ) ;
#1872 = LINE ( 'NONE', #1308, #2151 ) ;
#1873 = ORIENTED_EDGE ( 'NONE', *, *, #1829, .F. ) ;
#1874 = PRESENTATION_LAYER_ASSIGNMENT (  '', '', ( #1709 ) ) ;
#1875 = DIRECTION ( 'NONE',  ( -1.239088197126290817E-16, -0.000000000000000000, -1.000000000000000000 ) ) ;
#1876 =( GEOMETRIC_REPRESENTATION_CONTEXT ( 3 ) GLOBAL_UNCERTAINTY_ASSIGNED_CONTEXT ( ( #2367 ) ) GLOBAL_UNIT_ASSIGNED_CONTEXT ( ( #433, #2190, #233 ) ) REPRESENTATION_CONTEXT ( 'NONE', 'WORKASPACE' ) );
#1877 = VECTOR ( 'NONE', #646, 1000.000000000000000 ) ;
#1878 = LINE ( 'NONE', #474, #1957 ) ;
#1879 = EDGE_CURVE ( 'NONE', #2220, #265, #655, .T. ) ;
#1880 = DIRECTION ( 'NONE',  ( -0.000000000000000000, -0.000000000000000000, 1.000000000000000000 ) ) ;
#1881 = ORIENTED_EDGE ( 'NONE', *, *, #1658, .T. ) ;
#1882 = MECHANICAL_DESIGN_GEOMETRIC_PRESENTATION_REPRESENTATION (  '', ( #1461 ), #366 ) ;
#1883 = STYLED_ITEM ( 'NONE', ( #358 ), #2082 ) ;
#1884 = CARTESIAN_POINT ( 'NONE',  ( -1.728979152946862108, 0.1999999999999999833, 0.1981444905079078334 ) ) ;
#1885 = ORIENTED_EDGE ( 'NONE', *, *, #1413, .F. ) ;
#1886 = CARTESIAN_POINT ( 'NONE',  ( -1.550150976497606470, 0.9399999999999999467, -1.450150976497606381 ) ) ;
#1887 = DIRECTION ( 'NONE',  ( -0.000000000000000000, -1.000000000000000000, 0.000000000000000000 ) ) ;
#1888 = VERTEX_POINT ( 'NONE', #1605 ) ;
#1889 = PLANE ( 'NONE',  #2084 ) ;
#1890 = LINE ( 'NONE', #2256, #1625 ) ;
#1891 = ORIENTED_EDGE ( 'NONE', *, *, #1063, .F. ) ;
#1892 = ORIENTED_EDGE ( 'NONE', *, *, #1383, .F. ) ;
#1893 = EDGE_CURVE ( 'NONE', #554, #913, #2153, .T. ) ;
#1894 = SURFACE_SIDE_STYLE ('',( #1291 ) ) ;
#1895 = FACE_OUTER_BOUND ( 'NONE', #1976, .T. ) ;
#1896 = ORIENTED_EDGE ( 'NONE', *, *, #101, .T. ) ;
#1897 = EDGE_CURVE ( 'NONE', #711, #251, #1402, .T. ) ;
#1898 = CARTESIAN_POINT ( 'NONE',  ( -1.550150976497606026, 0.9499999999999999556, 1.450150976497606159 ) ) ;
#1899 = ORIENTED_EDGE ( 'NONE', *, *, #560, .F. ) ;
#1900 = ORIENTED_EDGE ( 'NONE', *, *, #1906, .F. ) ;
#1901 = ORIENTED_EDGE ( 'NONE', *, *, #409, .T. ) ;
#1902 = AXIS2_PLACEMENT_3D ( 'NONE', #2393, #1221, #2369 ) ;
#1903 = LINE ( 'NONE', #2284, #2238 ) ;
#1904 = CARTESIAN_POINT ( 'NONE',  ( 0.000000000000000000, 0.9399999999999999467, -1.345336923418450681 ) ) ;
#1905 = CARTESIAN_POINT ( 'NONE',  ( 1.550150976497606470, 0.9499999999999999556, -1.450150976497606603 ) ) ;
#1906 = EDGE_CURVE ( 'NONE', #2439, #172, #340, .T. ) ;
#1907 = AXIS2_PLACEMENT_3D ( 'NONE', #1913, #1568, #2351 ) ;
#1908 = VECTOR ( 'NONE', #1651, 1000.000000000000000 ) ;
#1909 = CARTESIAN_POINT ( 'NONE',  ( -1.650150976497606337, 0.9499999999999999556, 1.609087585240799756 ) ) ;
#1910 = CARTESIAN_POINT ( 'NONE',  ( 1.650150976497607003, 0.9499999999999999556, 1.550698786960778675 ) ) ;
#1911 = DIRECTION ( 'NONE',  ( -0.9063077870366466060, -0.000000000000000000, -0.4226182617407067132 ) ) ;
#1912 = MECHANICAL_DESIGN_GEOMETRIC_PRESENTATION_REPRESENTATION (  '', ( #843 ), #1830 ) ;
#1913 = CARTESIAN_POINT ( 'NONE',  ( 0.9712391344937738591, 0.3743648610189631576, 0.7431121126111485120 ) ) ;
#1914 = ORIENTED_EDGE ( 'NONE', *, *, #1504, .T. ) ;
#1915 = VERTEX_POINT ( 'NONE', #1886 ) ;
#1916 = COLOUR_RGB ( '',1.000000000000000000, 0.8078431372549019773, 0.4980392156862745168 ) ;
#1917 = DIRECTION ( 'NONE',  ( -5.421010862427523156E-16, 0.000000000000000000, 1.000000000000000000 ) ) ;
#1918 = AXIS2_PLACEMENT_3D ( 'NONE', #2503, #1309, #2099 ) ;
#1919 = ORIENTED_EDGE ( 'NONE', *, *, #1008, .T. ) ;
#1920 = STYLED_ITEM ( 'NONE', ( #2003 ), #2106 ) ;
#1921 = DIRECTION ( 'NONE',  ( 0.000000000000000000, 0.000000000000000000, -1.000000000000000000 ) ) ;
#1922 = CARTESIAN_POINT ( 'NONE',  ( -0.8850148161367104027, 0.9399999999999999467, 1.345336923418450903 ) ) ;
#1923 = CARTESIAN_POINT ( 'NONE',  ( -0.3999999999999999667, 0.4500000000000000111, 0.2999999999999999889 ) ) ;
#1924 = ORIENTED_EDGE ( 'NONE', *, *, #1843, .T. ) ;
#1925 = VERTEX_POINT ( 'NONE', #686 ) ;
#1926 = EDGE_CURVE ( 'NONE', #273, #2532, #326, .T. ) ;
#1927 = FACE_OUTER_BOUND ( 'NONE', #339, .T. ) ;
#1928 = DIRECTION ( 'NONE',  ( -1.000000000000000000, 0.000000000000000000, 1.239088197126291063E-16 ) ) ;
#1929 = ADVANCED_FACE ( 'NONE', ( #1703 ), #1514, .F. ) ;
#1930 = DIRECTION ( 'NONE',  ( -0.000000000000000000, -0.000000000000000000, 1.000000000000000000 ) ) ;
#1931 = VERTEX_POINT ( 'NONE', #1683 ) ;
#1932 = UNCERTAINTY_MEASURE_WITH_UNIT (LENGTH_MEASURE( 1.000000000000000082E-05 ), #905, 'distance_accuracy_value', 'NONE');
#1933 =( LENGTH_UNIT ( ) NAMED_UNIT ( * ) SI_UNIT ( .MILLI., .METRE. ) );
#1934 =( NAMED_UNIT ( * ) SI_UNIT ( $, .STERADIAN. ) SOLID_ANGLE_UNIT ( ) );
#1935 = ORIENTED_EDGE ( 'NONE', *, *, #2489, .T. ) ;
#1936 = ORIENTED_EDGE ( 'NONE', *, *, #2225, .F. ) ;
#1937 = PLANE ( 'NONE',  #1324 ) ;
#1938 = ORIENTED_EDGE ( 'NONE', *, *, #297, .F. ) ;
#1939 = CARTESIAN_POINT ( 'NONE',  ( -1.013001715843476536, 0.4639250057417441675, -0.7604107402059049337 ) ) ;
#1940 = DIRECTION ( 'NONE',  ( 0.9063077870366468280, -0.000000000000000000, -0.4226182617407061026 ) ) ;
#1941 = DIRECTION ( 'NONE',  ( -0.4226182617407061026, -0.000000000000000000, -0.9063077870366468280 ) ) ;
#1942 = PRESENTATION_STYLE_ASSIGNMENT (( #148 ) ) ;
#1943 = ORIENTED_EDGE ( 'NONE', *, *, #480, .T. ) ;
#1944 = EDGE_CURVE ( 'NONE', #1822, #1325, #2263, .T. ) ;
#1945 = CARTESIAN_POINT ( 'NONE',  ( -0.8616441785580137847, 0.9457788263111055471, 1.348031634382466981 ) ) ;
#1946 = PLANE ( 'NONE',  #666 ) ;
#1947 = ORIENTED_EDGE ( 'NONE', *, *, #1300, .F. ) ;
#1948 = VECTOR ( 'NONE', #1212, 1000.000000000000000 ) ;
#1949 = FACE_OUTER_BOUND ( 'NONE', #494, .T. ) ;
#1950 =( GEOMETRIC_REPRESENTATION_CONTEXT ( 3 ) GLOBAL_UNCERTAINTY_ASSIGNED_CONTEXT ( ( #2392 ) ) GLOBAL_UNIT_ASSIGNED_CONTEXT ( ( #1154, #1366, #794 ) ) REPRESENTATION_CONTEXT ( 'NONE', 'WORKASPACE' ) );
#1951 =( GEOMETRIC_REPRESENTATION_CONTEXT ( 3 ) GLOBAL_UNCERTAINTY_ASSIGNED_CONTEXT ( ( #1751 ) ) GLOBAL_UNIT_ASSIGNED_CONTEXT ( ( #751, #373, #1637 ) ) REPRESENTATION_CONTEXT ( 'NONE', 'WORKASPACE' ) );
#1952 = SHAPE_DEFINITION_REPRESENTATION ( #1043, #1648 ) ;
#1953 = CARTESIAN_POINT ( 'NONE',  ( -0.7658840241693860573, 0.4500000000000000111, 1.116846170922498604 ) ) ;
#1954 =( GEOMETRIC_REPRESENTATION_CONTEXT ( 3 ) GLOBAL_UNCERTAINTY_ASSIGNED_CONTEXT ( ( #1801 ) ) GLOBAL_UNIT_ASSIGNED_CONTEXT ( ( #542, #1286, #736 ) ) REPRESENTATION_CONTEXT ( 'NONE', 'WORKASPACE' ) );
#1955 = CARTESIAN_POINT ( 'NONE',  ( 1.116846170922498604, 0.4500000000000000111, 0.7903708475760548025 ) ) ;
#1956 = UNCERTAINTY_MEASURE_WITH_UNIT (LENGTH_MEASURE( 1.000000000000000082E-05 ), #661, 'distance_accuracy_value', 'NONE');
#1957 = VECTOR ( 'NONE', #1459, 1000.000000000000000 ) ;
#1958 = EDGE_CURVE ( 'NONE', #1030, #2406, #1267, .T. ) ;
#1959 = EDGE_CURVE ( 'NONE', #1541, #663, #1666, .T. ) ;
#1960 = PLANE ( 'NONE',  #2071 ) ;
#1961 = ORIENTED_EDGE ( 'NONE', *, *, #174, .T. ) ;
#1962 = AXIS2_PLACEMENT_3D ( 'NONE', #401, #214, #994 ) ;
#1963 = ADVANCED_FACE ( 'NONE', ( #1074 ), #1494, .F. ) ;
#1964 = VECTOR ( 'NONE', #141, 1000.000000000000000 ) ;
#1965 = CARTESIAN_POINT ( 'NONE',  ( -1.345336923418450459, 0.9399999999999999467, -0.8605279927300433229 ) ) ;
#1966 = LINE ( 'NONE', #2546, #673 ) ;
#1967 = LINE ( 'NONE', #213, #1594 ) ;
#1968 = SURFACE_STYLE_USAGE ( .BOTH. , #1567 ) ;
#1969 = DIRECTION ( 'NONE',  ( 1.000000000000000000, 0.000000000000000000, -1.355252715606880543E-16 ) ) ;
#1970 = DIRECTION ( 'NONE',  ( -1.000000000000000000, 0.000000000000000000, -0.000000000000000000 ) ) ;
#1971 = ORIENTED_EDGE ( 'NONE', *, *, #1270, .T. ) ;
#1972 = DIRECTION ( 'NONE',  ( -0.4226182617407061026, 0.000000000000000000, 0.9063077870366468280 ) ) ;
#1973 = EDGE_CURVE ( 'NONE', #2055, #172, #702, .T. ) ;
#1974 = VERTEX_POINT ( 'NONE', #2286 ) ;
#1975 = SURFACE_STYLE_USAGE ( .BOTH. , #1407 ) ;
#1976 = EDGE_LOOP ( 'NONE', ( #1634, #1562, #761, #2451 ) ) ;
#1977 = VERTEX_POINT ( 'NONE', #2488 ) ;
#1978 = CARTESIAN_POINT ( 'NONE',  ( -1.849999999999999867, 0.000000000000000000, -0.1417115427306240849 ) ) ;
#1979 = CARTESIAN_POINT ( 'NONE',  ( 0.000000000000000000, 0.2000000000000000111, 0.000000000000000000 ) ) ;
#1980 = FACE_OUTER_BOUND ( 'NONE', #194, .T. ) ;
#1981 = ADVANCED_FACE ( 'NONE', ( #894 ), #1483, .F. ) ;
#1982 = CARTESIAN_POINT ( 'NONE',  ( -1.749999999999999556, 0.000000000000000000, 1.650547810463169895 ) ) ;
#1983 = FILL_AREA_STYLE ('',( #1579 ) ) ;
#1984 = CARTESIAN_POINT ( 'NONE',  ( -1.533938666861721867, 1.099009044592211604, -1.533938666861721867 ) ) ;
#1985 = AXIS2_PLACEMENT_3D ( 'NONE', #984, #177, #1748 ) ;
#1986 = SURFACE_SIDE_STYLE ('',( #448 ) ) ;
#1987 = EDGE_LOOP ( 'NONE', ( #1135, #2445, #1158, #1016 ) ) ;
#1988 = ORIENTED_EDGE ( 'NONE', *, *, #2365, .F. ) ;
#1989 = FACE_BOUND ( 'NONE', #2446, .T. ) ;
#1990 = CARTESIAN_POINT ( 'NONE',  ( -1.750000000000000000, 0.000000000000000000, -1.750000000000000000 ) ) ;
#1991 = STYLED_ITEM ( 'NONE', ( #1739 ), #1097 ) ;
#1992 = AXIS2_PLACEMENT_3D ( 'NONE', #1025, #1067, #856 ) ;
#1993 = AXIS2_PLACEMENT_3D ( 'NONE', #1517, #173, #331 ) ;
#1994 = EDGE_CURVE ( 'NONE', #1851, #2040, #2086, .T. ) ;
#1995 = CARTESIAN_POINT ( 'NONE',  ( -1.116846170922498382, 0.4500000000000000111, 0.7658840241693887219 ) ) ;
#1996 = ADVANCED_FACE ( 'NONE', ( #2511 ), #740, .F. ) ;
#1997 = DIRECTION ( 'NONE',  ( 1.355252715606880543E-16, 0.000000000000000000, 1.000000000000000000 ) ) ;
#1998 =( NAMED_UNIT ( * ) PLANE_ANGLE_UNIT ( ) SI_UNIT ( $, .RADIAN. ) );
#1999 = ORIENTED_EDGE ( 'NONE', *, *, #348, .F. ) ;
#2000 = ORIENTED_EDGE ( 'NONE', *, *, #1784, .F. ) ;
#2001 =( BOUNDED_CURVE ( )  B_SPLINE_CURVE ( 3, ( #1690, #2481, #456, #305 ),
 .UNSPECIFIED., .F., .F. ) 
 B_SPLINE_CURVE_WITH_KNOTS ( ( 4, 4 ),
 ( 5.928997208086025594, 6.637373406273145093 ),
 .UNSPECIFIED. ) 
 CURVE ( )  GEOMETRIC_REPRESENTATION_ITEM ( )  RATIONAL_B_SPLINE_CURVE ( ( 1.000000000000000000, 0.9586189257870769698, 0.9586189257870769698, 1.000000000000000000 ) ) 
 REPRESENTATION_ITEM ( '' )  );
#2002 = STYLED_ITEM ( 'NONE', ( #1863 ), #2529 ) ;
#2003 = PRESENTATION_STYLE_ASSIGNMENT (( #1610 ) ) ;
#2004 = DIRECTION ( 'NONE',  ( 0.000000000000000000, 1.000000000000000000, 0.000000000000000000 ) ) ;
#2005 = CARTESIAN_POINT ( 'NONE',  ( -0.8126548634943949745, 0.4500000000000000666, -1.107615829304985366 ) ) ;
#2006 = ORIENTED_EDGE ( 'NONE', *, *, #1383, .T. ) ;
#2007 = CARTESIAN_POINT ( 'NONE',  ( -0.9072988320550530172, 0.9399999999999999467, -1.336106581800936999 ) ) ;
#2008 = EDGE_CURVE ( 'NONE', #704, #1768, #1024, .T. ) ;
#2009 = FILL_AREA_STYLE ('',( #2213 ) ) ;
#2010 = ORIENTED_EDGE ( 'NONE', *, *, #1333, .T. ) ;
#2011 = DIRECTION ( 'NONE',  ( 0.000000000000000000, 1.000000000000000000, 0.000000000000000000 ) ) ;
#2012 = DIRECTION ( 'NONE',  ( -1.355252715606880543E-16, -0.000000000000000000, -1.000000000000000000 ) ) ;
#2013 = CARTESIAN_POINT ( 'NONE',  ( 1.533938666861722089, 1.099009044592211604, 1.533938666861721645 ) ) ;
#2014 = MECHANICAL_DESIGN_GEOMETRIC_PRESENTATION_REPRESENTATION (  '', ( #755 ), #2524 ) ;
#2015 = CARTESIAN_POINT ( 'NONE',  ( 1.708936608743190533, 0.000000000000000000, -1.749999999999997558 ) ) ;
#2016 = ORIENTED_EDGE ( 'NONE', *, *, #2110, .F. ) ;
#2017 = VECTOR ( 'NONE', #1853, 1000.000000000000114 ) ;
#2018 = CARTESIAN_POINT ( 'NONE',  ( 1.116846170922498827, 0.4500000000000000111, -0.7658840241693888329 ) ) ;
#2019 = CARTESIAN_POINT ( 'NONE',  ( 1.728979152946862774, 0.1999999999999999833, 0.9218555094920921622 ) ) ;
#2020 =( LENGTH_UNIT ( ) NAMED_UNIT ( * ) SI_UNIT ( .MILLI., .METRE. ) );
#2021 = ORIENTED_EDGE ( 'NONE', *, *, #1351, .T. ) ;
#2022 = ADVANCED_FACE ( 'NONE', ( #2135 ), #10, .T. ) ;
#2023 = EDGE_CURVE ( 'NONE', #2234, #1101, #17, .T. ) ;
#2024 = COLOUR_RGB ( '',1.000000000000000000, 0.8078431372549019773, 0.4980392156862745168 ) ;
#2025 = SURFACE_STYLE_FILL_AREA ( #1622 ) ;
#2026 = LINE ( 'NONE', #816, #596 ) ;
#2027 = ORIENTED_EDGE ( 'NONE', *, *, #2347, .T. ) ;
#2028 =( GEOMETRIC_REPRESENTATION_CONTEXT ( 3 ) GLOBAL_UNCERTAINTY_ASSIGNED_CONTEXT ( ( #1198 ) ) GLOBAL_UNIT_ASSIGNED_CONTEXT ( ( #1035, #300, #272 ) ) REPRESENTATION_CONTEXT ( 'NONE', 'WORKASPACE' ) );
#2029 = EDGE_CURVE ( 'NONE', #2495, #798, #2520, .T. ) ;
#2030 = DIRECTION ( 'NONE',  ( -1.000000000000000000, 0.000000000000000000, 1.398834292818546973E-16 ) ) ;
#2031 = CARTESIAN_POINT ( 'NONE',  ( 1.650150976497606781, 0.9499999999999999556, -2.044682598454608077E-16 ) ) ;
#2032 = EDGE_LOOP ( 'NONE', ( #2188, #999, #227, #1018 ) ) ;
#2033 = VECTOR ( 'NONE', #651, 1000.000000000000000 ) ;
#2034 = ORIENTED_EDGE ( 'NONE', *, *, #1549, .T. ) ;
#2035 = CARTESIAN_POINT ( 'NONE',  ( -0.04428475718936471239, 0.2000000000000000111, 0.09496896826567623184 ) ) ;
#2036 = SURFACE_STYLE_USAGE ( .BOTH. , #1440 ) ;
#2037 = VECTOR ( 'NONE', #1237, 1000.000000000000000 ) ;
#2038 = AXIS2_PLACEMENT_3D ( 'NONE', #2275, #153, #1718 ) ;
#2039 = FACE_OUTER_BOUND ( 'NONE', #497, .T. ) ;
#2040 = VERTEX_POINT ( 'NONE', #168 ) ;
#2041 = ORIENTED_EDGE ( 'NONE', *, *, #2489, .F. ) ;
#2042 = DIRECTION ( 'NONE',  ( -0.9063077870366468280, -0.000000000000000000, 0.4226182617407061026 ) ) ;
#2043 = LINE ( 'NONE', #1071, #2017 ) ;
#2044 =( GEOMETRIC_REPRESENTATION_CONTEXT ( 3 ) GLOBAL_UNCERTAINTY_ASSIGNED_CONTEXT ( ( #2130 ) ) GLOBAL_UNIT_ASSIGNED_CONTEXT ( ( #567, #2102, #963 ) ) REPRESENTATION_CONTEXT ( 'NONE', 'WORKASPACE' ) );
#2045 =( NAMED_UNIT ( * ) PLANE_ANGLE_UNIT ( ) SI_UNIT ( $, .RADIAN. ) );
#2046 = LINE ( 'NONE', #1817, #2037 ) ;
#2047 = EDGE_CURVE ( 'NONE', #1325, #572, #733, .T. ) ;
#2048 = CARTESIAN_POINT ( 'NONE',  ( -1.633390856398548641, 1.109461890918976845, 1.533938666861721867 ) ) ;
#2049 = ORIENTED_EDGE ( 'NONE', *, *, #907, .F. ) ;
#2050 = EDGE_LOOP ( 'NONE', ( #254, #954, #325, #490 ) ) ;
#2051 = CARTESIAN_POINT ( 'NONE',  ( 1.850000000000000311, 0.2000000000000000111, -0.1417115427306235853 ) ) ;
#2052 = DIRECTION ( 'NONE',  ( 1.000000000000000000, 0.000000000000000000, -1.398834292818546973E-16 ) ) ;
#2053 = CARTESIAN_POINT ( 'NONE',  ( -0.9246136309356213223, 0.9399999999999999467, 1.318791782920364808 ) ) ;
#2054 = FILL_AREA_STYLE ('',( #902 ) ) ;
#2055 = VERTEX_POINT ( 'NONE', #2357 ) ;
#2056 = FACE_OUTER_BOUND ( 'NONE', #1738, .T. ) ;
#2057 = DIRECTION ( 'NONE',  ( 0.9063077870366468280, -0.000000000000000000, -0.4226182617407061026 ) ) ;
#2058 = SURFACE_STYLE_FILL_AREA ( #1870 ) ;
#2059 = CYLINDRICAL_SURFACE ( 'NONE', #2533, 0.09999999999999995004 ) ;
#2060 = ORIENTED_EDGE ( 'NONE', *, *, #2029, .F. ) ;
#2061 = EDGE_CURVE ( 'NONE', #1931, #704, #607, .T. ) ;
#2062 = CIRCLE ( 'NONE', #2195, 0.1000000000000000472 ) ;
#2063 = DIRECTION ( 'NONE',  ( 0.7071067811865506814, 0.000000000000000000, 0.7071067811865443531 ) ) ;
#2064 = SURFACE_SIDE_STYLE ('',( #2257 ) ) ;
#2065 = ORIENTED_EDGE ( 'NONE', *, *, #2224, .F. ) ;
#2066 = VERTEX_POINT ( 'NONE', #387 ) ;
#2067 = DIRECTION ( 'NONE',  ( -0.1039620511844955297, -0.9891328443778544255, 0.1039620511844955575 ) ) ;
#2068 = VERTEX_POINT ( 'NONE', #1360 ) ;
#2069 = CARTESIAN_POINT ( 'NONE',  ( -1.850000000000000089, 0.000000000000000000, -0.9782884572693760772 ) ) ;
#2070 = ORIENTED_EDGE ( 'NONE', *, *, #2023, .T. ) ;
#2071 = AXIS2_PLACEMENT_3D ( 'NONE', #1369, #1545, #1917 ) ;
#2072 = PLANE ( 'NONE',  #1993 ) ;
#2073 = ORIENTED_EDGE ( 'NONE', *, *, #53, .F. ) ;
#2074 = CARTESIAN_POINT ( 'NONE',  ( 1.550698786960778897, 0.9499999999999999556, -1.650150976497607003 ) ) ;
#2075 = VECTOR ( 'NONE', #944, 1000.000000000000114 ) ;
#2076 = EDGE_CURVE ( 'NONE', #372, #615, #776, .T. ) ;
#2077 = LINE ( 'NONE', #186, #241 ) ;
#2078 = VECTOR ( 'NONE', #290, 1000.000000000000114 ) ;
#2079 = LINE ( 'NONE', #1259, #678 ) ;
#2080 = LINE ( 'NONE', #1095, #375 ) ;
#2081 = ORIENTED_EDGE ( 'NONE', *, *, #629, .F. ) ;
#2082 = ADVANCED_FACE ( 'NONE', ( #1949 ), #764, .T. ) ;
#2083 = ORIENTED_EDGE ( 'NONE', *, *, #1285, .F. ) ;
#2084 = AXIS2_PLACEMENT_3D ( 'NONE', #898, #1321, #705 ) ;
#2085 = VERTEX_POINT ( 'NONE', #2181 ) ;
#2086 = LINE ( 'NONE', #539, #2376 ) ;
#2087 = DIRECTION ( 'NONE',  ( 0.7071067811865507924, 0.000000000000000000, 0.7071067811865442421 ) ) ;
#2088 = VERTEX_POINT ( 'NONE', #2386 ) ;
#2089 = LINE ( 'NONE', #2514, #1249 ) ;
#2090 = PLANE ( 'NONE',  #2288 ) ;
#2091 = LINE ( 'NONE', #1837, #1639 ) ;
#2092 = ORIENTED_EDGE ( 'NONE', *, *, #458, .T. ) ;
#2093 = EDGE_CURVE ( 'NONE', #1977, #1669, #1059, .T. ) ;
#2094 = LINE ( 'NONE', #346, #1196 ) ;
#2095 = ORIENTED_EDGE ( 'NONE', *, *, #981, .T. ) ;
#2096 = FILL_AREA_STYLE_COLOUR ( '', #2114 ) ;
#2097 = LINE ( 'NONE', #1137, #1004 ) ;
#2098 = ORIENTED_EDGE ( 'NONE', *, *, #446, .T. ) ;
#2099 = DIRECTION ( 'NONE',  ( 0.000000000000000000, 0.000000000000000000, -1.000000000000000000 ) ) ;
#2100 = ORIENTED_EDGE ( 'NONE', *, *, #792, .T. ) ;
#2101 = CARTESIAN_POINT ( 'NONE',  ( 1.450150976497606825, 0.9499999999999999556, 1.450150976497605937 ) ) ;
#2102 =( NAMED_UNIT ( * ) PLANE_ANGLE_UNIT ( ) SI_UNIT ( $, .RADIAN. ) );
#2103 = ORIENTED_EDGE ( 'NONE', *, *, #851, .T. ) ;
#2104 = FILL_AREA_STYLE ('',( #218 ) ) ;
#2105 = VERTEX_POINT ( 'NONE', #2409 ) ;
#2106 = ADVANCED_FACE ( 'NONE', ( #1412 ), #281, .T. ) ;
#2107 = ADVANCED_FACE ( 'NONE', ( #2397 ), #1040, .F. ) ;
#2108 = CARTESIAN_POINT ( 'NONE',  ( 0.9257298167635978903, 0.9457788263111058802, 1.321486493884380442 ) ) ;
#2109 = DIRECTION ( 'NONE',  ( 0.000000000000000000, 0.000000000000000000, -1.000000000000000000 ) ) ;
#2110 = EDGE_CURVE ( 'NONE', #717, #2119, #79, .T. ) ;
#2111 = VERTEX_POINT ( 'NONE', #815 ) ;
#2112 = COLOUR_RGB ( '',1.000000000000000000, 0.8078431372549019773, 0.4980392156862745168 ) ;
#2113 = CARTESIAN_POINT ( 'NONE',  ( -0.3999999999999999667, 0.4500000000000000111, 0.2999999999999999889 ) ) ;
#2114 = COLOUR_RGB ( '',1.000000000000000000, 0.8078431372549019773, 0.4980392156862745168 ) ;
#2115 = PLANE ( 'NONE',  #522 ) ;
#2116 = LINE ( 'NONE', #874, #1628 ) ;
#2117 = VECTOR ( 'NONE', #860, 1000.000000000000000 ) ;
#2118 = ORIENTED_EDGE ( 'NONE', *, *, #1757, .T. ) ;
#2119 = VERTEX_POINT ( 'NONE', #835 ) ;
#2120 =( GEOMETRIC_REPRESENTATION_CONTEXT ( 3 ) GLOBAL_UNCERTAINTY_ASSIGNED_CONTEXT ( ( #1357 ) ) GLOBAL_UNIT_ASSIGNED_CONTEXT ( ( #983, #380, #578 ) ) REPRESENTATION_CONTEXT ( 'NONE', 'WORKASPACE' ) );
#2121 = DIRECTION ( 'NONE',  ( 1.000000000000000000, 0.000000000000000000, 0.000000000000000000 ) ) ;
#2122 = AXIS2_PLACEMENT_3D ( 'NONE', #33, #2427, #442 ) ;
#2123 = ORIENTED_EDGE ( 'NONE', *, *, #2140, .T. ) ;
#2124 = MECHANICAL_DESIGN_GEOMETRIC_PRESENTATION_REPRESENTATION (  '', ( #1883 ), #1173 ) ;
#2125 = EDGE_CURVE ( 'NONE', #2085, #2176, #1033, .T. ) ;
#2126 = DIRECTION ( 'NONE',  ( 0.1724321482694488317, -0.8927325632787549425, 0.4162880309412301250 ) ) ;
#2127 = MECHANICAL_DESIGN_GEOMETRIC_PRESENTATION_REPRESENTATION (  '', ( #2002 ), #171 ) ;
#2128 = FACE_OUTER_BOUND ( 'NONE', #2258, .T. ) ;
#2129 = EDGE_LOOP ( 'NONE', ( #819, #1924, #1654, #471, #1857, #1676, #2478, #866 ) ) ;
#2130 = UNCERTAINTY_MEASURE_WITH_UNIT (LENGTH_MEASURE( 1.000000000000000082E-05 ), #567, 'distance_accuracy_value', 'NONE');
#2131 = DIRECTION ( 'NONE',  ( 0.000000000000000000, 0.1045284632676517222, 0.9945218953682735119 ) ) ;
#2132 = DIRECTION ( 'NONE',  ( -0.1724321482694488594, 0.8927325632787550536, -0.4162880309412301805 ) ) ;
#2133 = EDGE_LOOP ( 'NONE', ( #463, #964, #753, #2513 ) ) ;
#2134 = ORIENTED_EDGE ( 'NONE', *, *, #779, .F. ) ;
#2135 = FACE_OUTER_BOUND ( 'NONE', #167, .T. ) ;
#2136 = CARTESIAN_POINT ( 'NONE',  ( 1.533938666861722089, 1.109461890918976845, 1.633390856398548641 ) ) ;
#2137 = FILL_AREA_STYLE ('',( #577 ) ) ;
#2138 =( BOUNDED_CURVE ( )  B_SPLINE_CURVE ( 3, ( #1216, #2236, #2005, #1254 ),
 .UNSPECIFIED., .F., .T. ) 
 B_SPLINE_CURVE_WITH_KNOTS ( ( 4, 4 ),
 ( 5.928997208086022042, 6.637373406273150422 ),
 .UNSPECIFIED. ) 
 CURVE ( )  GEOMETRIC_REPRESENTATION_ITEM ( )  RATIONAL_B_SPLINE_CURVE ( ( 1.000000000000000000, 0.9586189257870758595, 0.9586189257870758595, 1.000000000000000000 ) ) 
 REPRESENTATION_ITEM ( '' )  );
#2139 = EDGE_CURVE ( 'NONE', #2417, #663, #2434, .T. ) ;
#2140 = EDGE_CURVE ( 'NONE', #1977, #690, #1805, .T. ) ;
#2141 = PLANE ( 'NONE',  #1962 ) ;
#2142 =( LENGTH_UNIT ( ) NAMED_UNIT ( * ) SI_UNIT ( .MILLI., .METRE. ) );
#2143 =( NAMED_UNIT ( * ) SI_UNIT ( $, .STERADIAN. ) SOLID_ANGLE_UNIT ( ) );
#2144 = SURFACE_STYLE_USAGE ( .BOTH. , #2260 ) ;
#2145 = ORIENTED_EDGE ( 'NONE', *, *, #679, .F. ) ;
#2146 = MECHANICAL_DESIGN_GEOMETRIC_PRESENTATION_REPRESENTATION (  '', ( #390 ), #464 ) ;
#2147 = EDGE_LOOP ( 'NONE', ( #2507, #789, #2092, #2006 ) ) ;
#2148 = CARTESIAN_POINT ( 'NONE',  ( -1.730585159500684034, 0.1847198683310644352, -0.1973955973528138397 ) ) ;
#2149 = CARTESIAN_POINT ( 'NONE',  ( -1.650547810463169895, 0.000000000000000000, -1.750000000000000000 ) ) ;
#2150 =( NAMED_UNIT ( * ) PLANE_ANGLE_UNIT ( ) SI_UNIT ( $, .RADIAN. ) );
#2151 = VECTOR ( 'NONE', #154, 1000.000000000000000 ) ;
#2152 = DIRECTION ( 'NONE',  ( 0.000000000000000000, -1.000000000000000000, 0.000000000000000000 ) ) ;
#2153 =( BOUNDED_CURVE ( )  B_SPLINE_CURVE ( 3, ( #1022, #1807, #45, #827 ),
 .UNSPECIFIED., .F., .F. ) 
 B_SPLINE_CURVE_WITH_KNOTS ( ( 4, 4 ),
 ( 5.503250352303675541, 7.063120262055498699 ),
 .UNSPECIFIED. ) 
 CURVE ( )  GEOMETRIC_REPRESENTATION_ITEM ( )  RATIONAL_B_SPLINE_CURVE ( ( 1.000000000000000000, 0.8073061876036300433, 0.8073061876036300433, 1.000000000000000000 ) ) 
 REPRESENTATION_ITEM ( '' )  );
#2154 = ORIENTED_EDGE ( 'NONE', *, *, #224, .F. ) ;
#2155 = AXIS2_PLACEMENT_3D ( 'NONE', #975, #1597, #1800 ) ;
#2156 = ORIENTED_EDGE ( 'NONE', *, *, #1973, .F. ) ;
#2157 = PRODUCT_DEFINITION_CONTEXT ( 'detailed design', #191, 'design' ) ;
#2158 = PRESENTATION_LAYER_ASSIGNMENT (  '', '', ( #1991 ) ) ;
#2159 = FILL_AREA_STYLE ('',( #383 ) ) ;
#2160 = ADVANCED_FACE ( 'NONE', ( #1603 ), #619, .F. ) ;
#2161 = ORIENTED_EDGE ( 'NONE', *, *, #1696, .T. ) ;
#2162 = EDGE_LOOP ( 'NONE', ( #2432, #1386, #1599, #81 ) ) ;
#2163 = VECTOR ( 'NONE', #720, 1000.000000000000000 ) ;
#2164 = ORIENTED_EDGE ( 'NONE', *, *, #838, .T. ) ;
#2165 = STYLED_ITEM ( 'NONE', ( #2496 ), #1981 ) ;
#2166 = CARTESIAN_POINT ( 'NONE',  ( -1.345336923418450459, 0.9399999999999999467, 0.000000000000000000 ) ) ;
#2167 = SURFACE_STYLE_USAGE ( .BOTH. , #1390 ) ;
#2168 = MECHANICAL_DESIGN_GEOMETRIC_PRESENTATION_REPRESENTATION (  '', ( #2165 ), #1680 ) ;
#2169 =( LENGTH_UNIT ( ) NAMED_UNIT ( * ) SI_UNIT ( .MILLI., .METRE. ) );
#2170 = FACE_OUTER_BOUND ( 'NONE', #1226, .T. ) ;
#2171 = LINE ( 'NONE', #2048, #469 ) ;
#2172 = CARTESIAN_POINT ( 'NONE',  ( -1.116846170922498382, 0.4500000000000000111, 0.9000000000000007994 ) ) ;
#2173 = VECTOR ( 'NONE', #521, 1000.000000000000000 ) ;
#2174 =( LENGTH_UNIT ( ) NAMED_UNIT ( * ) SI_UNIT ( .MILLI., .METRE. ) );
#2175 = ORIENTED_EDGE ( 'NONE', *, *, #2545, .T. ) ;
#2176 = VERTEX_POINT ( 'NONE', #849 ) ;
#2177 = ORIENTED_EDGE ( 'NONE', *, *, #1696, .F. ) ;
#2178 = EDGE_CURVE ( 'NONE', #1370, #2495, #1613, .T. ) ;
#2179 = PRODUCT_DEFINITION_FORMATION_WITH_SPECIFIED_SOURCE ( 'ANY', '', #840, .NOT_KNOWN. ) ;
#2180 = SURFACE_STYLE_USAGE ( .BOTH. , #1411 ) ;
#2181 = CARTESIAN_POINT ( 'NONE',  ( 0.4000000000000001332, 0.5500000000000000444, 0.6999999999999999556 ) ) ;
#2182 = VERTEX_POINT ( 'NONE', #462 ) ;
#2183 = LINE ( 'NONE', #235, #333 ) ;
#2184 = SURFACE_STYLE_USAGE ( .BOTH. , #1392 ) ;
#2185 = DIRECTION ( 'NONE',  ( -0.9063077870366481603, 0.4226182617407033826, 0.000000000000000000 ) ) ;
#2186 = FACE_OUTER_BOUND ( 'NONE', #644, .T. ) ;
#2187 = UNCERTAINTY_MEASURE_WITH_UNIT (LENGTH_MEASURE( 1.000000000000000082E-05 ), #1170, 'distance_accuracy_value', 'NONE');
#2188 = ORIENTED_EDGE ( 'NONE', *, *, #1757, .F. ) ;
#2189 = MANIFOLD_SOLID_BREP ( 'Fillet1', #1408 ) ;
#2190 =( NAMED_UNIT ( * ) PLANE_ANGLE_UNIT ( ) SI_UNIT ( $, .RADIAN. ) );
#2191 = DIRECTION ( 'NONE',  ( 0.000000000000000000, 0.000000000000000000, -1.000000000000000000 ) ) ;
#2192 = CYLINDRICAL_SURFACE ( 'NONE', #152, 0.09999999999999995004 ) ;
#2193 = EDGE_CURVE ( 'NONE', #219, #1534, #1903, .T. ) ;
#2194 = SURFACE_STYLE_USAGE ( .BOTH. , #1350 ) ;
#2195 = AXIS2_PLACEMENT_3D ( 'NONE', #2509, #1447, #110 ) ;
#2196 = DIRECTION ( 'NONE',  ( 0.000000000000000000, 1.000000000000000000, 0.000000000000000000 ) ) ;
#2197 = EDGE_CURVE ( 'NONE', #2484, #1114, #324, .T. ) ;
#2198 = PRESENTATION_LAYER_ASSIGNMENT (  '', '', ( #755 ) ) ;
#2199 = DIRECTION ( 'NONE',  ( 0.000000000000000000, 1.000000000000000000, 0.000000000000000000 ) ) ;
#2200 = COLOUR_RGB ( '',1.000000000000000000, 0.8078431372549019773, 0.4980392156862745168 ) ;
#2201 = DIRECTION ( 'NONE',  ( -1.355252715606880543E-16, 0.000000000000000000, -1.000000000000000000 ) ) ;
#2202 = ORIENTED_EDGE ( 'NONE', *, *, #140, .F. ) ;
#2203 = COLOUR_RGB ( '',0.2509803921568627416, 0.2509803921568627416, 0.2509803921568627416 ) ;
#2204 = LINE ( 'NONE', #431, #1908 ) ;
#2205 = VECTOR ( 'NONE', #258, 1000.000000000000000 ) ;
#2206 =( GEOMETRIC_REPRESENTATION_CONTEXT ( 3 ) GLOBAL_UNCERTAINTY_ASSIGNED_CONTEXT ( ( #437 ) ) GLOBAL_UNIT_ASSIGNED_CONTEXT ( ( #34, #1762, #1630 ) ) REPRESENTATION_CONTEXT ( 'NONE', 'WORKASPACE' ) );
#2207 = CARTESIAN_POINT ( 'NONE',  ( -1.849999999999999867, 0.000000000000000000, 0.1999999999999997891 ) ) ;
#2208 = AXIS2_PLACEMENT_3D ( 'NONE', #1062, #667, #487 ) ;
#2209 = EDGE_CURVE ( 'NONE', #1157, #869, #523, .T. ) ;
#2210 = CARTESIAN_POINT ( 'NONE',  ( -0.8850148161367145105, 0.9399999999999999467, -1.345336923418450681 ) ) ;
#2211 = LINE ( 'NONE', #2391, #2498 ) ;
#2212 = UNCERTAINTY_MEASURE_WITH_UNIT (LENGTH_MEASURE( 1.000000000000000082E-05 ), #947, 'distance_accuracy_value', 'NONE');
#2213 = FILL_AREA_STYLE_COLOUR ( '', #1316 ) ;
#2214 = EDGE_LOOP ( 'NONE', ( #854, #1472, #1899, #876 ) ) ;
#2215 = ORIENTED_EDGE ( 'NONE', *, *, #1179, .F. ) ;
#2216 = DIRECTION ( 'NONE',  ( 0.4226182617407067132, 0.000000000000000000, -0.9063077870366466060 ) ) ;
#2217 = FILL_AREA_STYLE_COLOUR ( '', #1378 ) ;
#2218 = CARTESIAN_POINT ( 'NONE',  ( 0.4000000000000000777, 0.5500000000000000444, 0.2999999999999999889 ) ) ;
#2219 = CARTESIAN_POINT ( 'NONE',  ( -1.550150976497606470, 0.9399999999999999467, -1.550150976497606470 ) ) ;
#2220 = VERTEX_POINT ( 'NONE', #928 ) ;
#2221 = ORIENTED_EDGE ( 'NONE', *, *, #904, .F. ) ;
#2222 = CARTESIAN_POINT ( 'NONE',  ( -1.348031634382466759, 0.9457788263111056581, -0.8616441785580142287 ) ) ;
#2223 = SURFACE_SIDE_STYLE ('',( #1758 ) ) ;
#2224 = EDGE_CURVE ( 'NONE', #1838, #2355, #2468, .T. ) ;
#2225 = EDGE_CURVE ( 'NONE', #1478, #1851, #1276, .T. ) ;
#2226 = LINE ( 'NONE', #457, #765 ) ;
#2227 = FACE_OUTER_BOUND ( 'NONE', #438, .T. ) ;
#2228 = EDGE_CURVE ( 'NONE', #725, #2345, #2094, .T. ) ;
#2229 = ORIENTED_EDGE ( 'NONE', *, *, #1565, .F. ) ;
#2230 = ORIENTED_EDGE ( 'NONE', *, *, #263, .F. ) ;
#2231 = CARTESIAN_POINT ( 'NONE',  ( -1.728979152946861886, 0.1999999999999999833, 0.9218555094920914961 ) ) ;
#2232 = DIRECTION ( 'NONE',  ( 0.7071067811865507924, 0.000000000000000000, 0.7071067811865442421 ) ) ;
#2233 = CARTESIAN_POINT ( 'NONE',  ( -0.8136850191039025626, 0.2000000000000000111, 1.744953154583234856 ) ) ;
#2234 = VERTEX_POINT ( 'NONE', #891 ) ;
#2235 = LINE ( 'NONE', #1945, #561 ) ;
#2236 = CARTESIAN_POINT ( 'NONE',  ( -0.7903708475760564678, 0.4500000000000000666, -1.116846170922498604 ) ) ;
#2237 = VERTEX_POINT ( 'NONE', #1884 ) ;
#2238 = VECTOR ( 'NONE', #1510, 1000.000000000000000 ) ;
#2239 = DIRECTION ( 'NONE',  ( 1.239088197126290817E-16, 0.000000000000000000, 1.000000000000000000 ) ) ;
#2240 = PRESENTATION_STYLE_ASSIGNMENT (( #2036 ) ) ;
#2241 = DIRECTION ( 'NONE',  ( -0.9063077870366468280, 0.000000000000000000, -0.4226182617407061026 ) ) ;
#2242 = ORIENTED_EDGE ( 'NONE', *, *, #2076, .F. ) ;
#2243 = EDGE_CURVE ( 'NONE', #273, #2220, #1084, .T. ) ;
#2244 = DIRECTION ( 'NONE',  ( 0.000000000000000000, -1.000000000000000000, 0.000000000000000000 ) ) ;
#2245 = CYLINDRICAL_SURFACE ( 'NONE', #1742, 0.09999999999999996392 ) ;
#2246 = VERTEX_POINT ( 'NONE', #1714 ) ;
#2247 = STYLED_ITEM ( 'NONE', ( #1125 ), #576 ) ;
#2248 = COLOUR_RGB ( '',1.000000000000000000, 0.8078431372549019773, 0.4980392156862745168 ) ;
#2249 = LINE ( 'NONE', #1379, #1498 ) ;
#2250 = VECTOR ( 'NONE', #584, 1000.000000000000000 ) ;
#2251 = EDGE_LOOP ( 'NONE', ( #2273, #195, #2510, #926 ) ) ;
#2252 = DIRECTION ( 'NONE',  ( 0.7071067811865442421, 0.000000000000000000, -0.7071067811865507924 ) ) ;
#2253 = CYLINDRICAL_SURFACE ( 'NONE', #2539, 0.09999999999999996392 ) ;
#2254 = MECHANICAL_DESIGN_GEOMETRIC_PRESENTATION_REPRESENTATION (  '', ( #685 ), #893 ) ;
#2255 = VECTOR ( 'NONE', #2534, 1000.000000000000114 ) ;
#2256 = CARTESIAN_POINT ( 'NONE',  ( 0.04428475718936405320, 0.000000000000000000, 0.09496896826567464978 ) ) ;
#2257 = SURFACE_STYLE_FILL_AREA ( #2054 ) ;
#2258 = EDGE_LOOP ( 'NONE', ( #880, #592, #2154, #1296 ) ) ;
#2259 = CARTESIAN_POINT ( 'NONE',  ( 1.750000000000000000, 0.000000000000000000, -1.750000000000000444 ) ) ;
#2260 = SURFACE_SIDE_STYLE ('',( #1465 ) ) ;
#2261 = EDGE_LOOP ( 'NONE', ( #1000, #41, #1482, #1303 ) ) ;
#2262 = EDGE_CURVE ( 'NONE', #1106, #219, #2062, .T. ) ;
#2263 = LINE ( 'NONE', #127, #205 ) ;
#2264 = PLANE ( 'NONE',  #800 ) ;
#2265 = EDGE_LOOP ( 'NONE', ( #2301, #1111, #1438, #337 ) ) ;
#2266 = PRESENTATION_LAYER_ASSIGNMENT (  '', '', ( #296 ) ) ;
#2267 = CARTESIAN_POINT ( 'NONE',  ( 1.750000000000000000, 0.000000000000000000, -1.750000000000000444 ) ) ;
#2268 = DIRECTION ( 'NONE',  ( 1.398834292818546973E-16, 0.000000000000000000, 1.000000000000000000 ) ) ;
#2269 = CARTESIAN_POINT ( 'NONE',  ( 1.121702706927989235, 0.9399999999999999467, -1.121702706927999227 ) ) ;
#2270 = CARTESIAN_POINT ( 'NONE',  ( 1.345336923418450681, 0.9399999999999999467, 0.000000000000000000 ) ) ;
#2271 = ORIENTED_EDGE ( 'NONE', *, *, #224, .T. ) ;
#2272 = DIRECTION ( 'NONE',  ( 0.1044045134811382863, -0.9933425919253661140, 0.04868462418220251969 ) ) ;
#2273 = ORIENTED_EDGE ( 'NONE', *, *, #1353, .F. ) ;
#2274 = ADVANCED_FACE ( 'NONE', ( #507 ), #2245, .F. ) ;
#2275 = CARTESIAN_POINT ( 'NONE',  ( -1.849999999999999867, 0.2000000000000000111, -0.1417115427306240849 ) ) ;
#2276 =( NAMED_UNIT ( * ) PLANE_ANGLE_UNIT ( ) SI_UNIT ( $, .RADIAN. ) );
#2277 = VERTEX_POINT ( 'NONE', #1251 ) ;
#2278 = ORIENTED_EDGE ( 'NONE', *, *, #2125, .F. ) ;
#2279 = EDGE_CURVE ( 'NONE', #916, #135, #2043, .T. ) ;
#2280 = LINE ( 'NONE', #1108, #400 ) ;
#2281 = VECTOR ( 'NONE', #1313, 1000.000000000000000 ) ;
#2282 = CARTESIAN_POINT ( 'NONE',  ( 1.550150976497606470, 0.9499999999999999556, -1.550150976497606914 ) ) ;
#2283 = ORIENTED_EDGE ( 'NONE', *, *, #617, .T. ) ;
#2284 = CARTESIAN_POINT ( 'NONE',  ( -1.550150976497606026, 0.9399999999999999467, 1.450150976497606381 ) ) ;
#2285 = VECTOR ( 'NONE', #2109, 1000.000000000000000 ) ;
#2286 = CARTESIAN_POINT ( 'NONE',  ( -0.9246136309356253191, 0.9399999999999999467, -1.318791782920364364 ) ) ;
#2287 = CARTESIAN_POINT ( 'NONE',  ( 0.8299696623749649449, 0.4500000000000000111, -1.090301030424413176 ) ) ;
#2288 = AXIS2_PLACEMENT_3D ( 'NONE', #520, #925, #1928 ) ;
#2289 = AXIS2_PLACEMENT_3D ( 'NONE', #641, #2004, #1640 ) ;
#2290 = CARTESIAN_POINT ( 'NONE',  ( -1.450150976497606381, 0.9399999999999999467, -1.450150976497606381 ) ) ;
#2291 = CIRCLE ( 'NONE', #159, 0.1000000000000000472 ) ;
#2292 =( BOUNDED_CURVE ( )  B_SPLINE_CURVE ( 3, ( #1833, #2007, #2210, #1455 ),
 .UNSPECIFIED., .F., .T. ) 
 B_SPLINE_CURVE_WITH_KNOTS ( ( 4, 4 ),
 ( 5.928997208086021153, 6.637373406273151311 ),
 .UNSPECIFIED. ) 
 CURVE ( )  GEOMETRIC_REPRESENTATION_ITEM ( )  RATIONAL_B_SPLINE_CURVE ( ( 1.000000000000000000, 0.9586189257870756375, 0.9586189257870756375, 1.000000000000000000 ) ) 
 REPRESENTATION_ITEM ( '' )  );
#2293 = EDGE_CURVE ( 'NONE', #1768, #2066, #875, .T. ) ;
#2294 = CARTESIAN_POINT ( 'NONE',  ( 1.450150976497606603, 0.9399999999999999467, 1.550150976497606026 ) ) ;
#2295 = AXIS2_PLACEMENT_3D ( 'NONE', #424, #1376, #1338 ) ;
#2296 = ORIENTED_EDGE ( 'NONE', *, *, #544, .T. ) ;
#2297 = DIRECTION ( 'NONE',  ( 0.000000000000000000, 1.000000000000000000, 0.000000000000000000 ) ) ;
#2298 = ORIENTED_EDGE ( 'NONE', *, *, #1127, .F. ) ;
#2299 = DIRECTION ( 'NONE',  ( 0.000000000000000000, 0.4226182617407038822, -0.9063077870366479383 ) ) ;
#2300 = CARTESIAN_POINT ( 'NONE',  ( -1.850000000000000089, 0.000000000000000000, 1.319999999999999618 ) ) ;
#2301 = ORIENTED_EDGE ( 'NONE', *, *, #1387, .F. ) ;
#2302 = PLANE ( 'NONE',  #1918 ) ;
#2303 = ORIENTED_EDGE ( 'NONE', *, *, #2506, .T. ) ;
#2304 = CARTESIAN_POINT ( 'NONE',  ( -0.3999999999999999667, 0.5500000000000000444, 0.2999999999999999889 ) ) ;
#2305 = AXIS2_PLACEMENT_3D ( 'NONE', #2540, #1557, #1130 ) ;
#2306 = ADVANCED_FACE ( 'NONE', ( #700 ), #2449, .F. ) ;
#2307 = ORIENTED_EDGE ( 'NONE', *, *, #1063, .T. ) ;
#2308 = ADVANCED_FACE ( 'NONE', ( #181 ), #1946, .T. ) ;
#2309 = LINE ( 'NONE', #2518, #1277 ) ;
#2310 = VERTEX_POINT ( 'NONE', #1546 ) ;
#2311 = DIRECTION ( 'NONE',  ( -1.239088197126291063E-16, 0.000000000000000000, -1.000000000000000000 ) ) ;
#2312 = CARTESIAN_POINT ( 'NONE',  ( 1.090301030424413176, 0.4500000000000000111, 0.8299696623749652780 ) ) ;
#2313 = ORIENTED_EDGE ( 'NONE', *, *, #1139, .F. ) ;
#2314 = DIRECTION ( 'NONE',  ( -1.000000000000000000, -0.000000000000000000, -0.000000000000000000 ) ) ;
#2315 = LINE ( 'NONE', #2515, #1588 ) ;
#2316 = CARTESIAN_POINT ( 'NONE',  ( 0.000000000000000000, 0.2000000000000000111, 0.000000000000000000 ) ) ;
#2317 =( NAMED_UNIT ( * ) PLANE_ANGLE_UNIT ( ) SI_UNIT ( $, .RADIAN. ) );
#2318 = PLANE ( 'NONE',  #1985 ) ;
#2319 = COLOUR_RGB ( '',1.000000000000000000, 1.000000000000000000, 1.000000000000000000 ) ;
#2320 = SURFACE_STYLE_FILL_AREA ( #2159 ) ;
#2321 = ORIENTED_EDGE ( 'NONE', *, *, #2347, .F. ) ;
#2322 = EDGE_CURVE ( 'NONE', #2484, #2085, #1741, .T. ) ;
#2323 = DIRECTION ( 'NONE',  ( 0.000000000000000000, 0.000000000000000000, 1.000000000000000000 ) ) ;
#2324 = DIRECTION ( 'NONE',  ( -0.000000000000000000, -0.000000000000000000, 1.000000000000000000 ) ) ;
#2325 = VECTOR ( 'NONE', #2087, 1000.000000000000114 ) ;
#2326 = DIRECTION ( 'NONE',  ( 0.9063077870366480493, 0.4226182617407033826, 0.000000000000000000 ) ) ;
#2327 = VECTOR ( 'NONE', #920, 1000.000000000000000 ) ;
#2328 = CARTESIAN_POINT ( 'NONE',  ( 0.7670002099973605159, 0.4557788263111058891, 1.119540881886515127 ) ) ;
#2329 = CARTESIAN_POINT ( 'NONE',  ( -0.3847001309572695704, 0.2000000000000000111, -0.8249920931587805262 ) ) ;
#2330 = STYLED_ITEM ( 'NONE', ( #1619 ), #1113 ) ;
#2331 = FILL_AREA_STYLE_COLOUR ( '', #2203 ) ;
#2332 = MECHANICAL_DESIGN_GEOMETRIC_PRESENTATION_REPRESENTATION (  '', ( #526 ), #2120 ) ;
#2333 = CARTESIAN_POINT ( 'NONE',  ( 1.749999999999996891, 0.000000000000000000, -1.308342308546125876 ) ) ;
#2334 = ORIENTED_EDGE ( 'NONE', *, *, #2225, .T. ) ;
#2335 = ORIENTED_EDGE ( 'NONE', *, *, #2501, .T. ) ;
#2336 =( GEOMETRIC_REPRESENTATION_CONTEXT ( 3 ) GLOBAL_UNCERTAINTY_ASSIGNED_CONTEXT ( ( #1220 ) ) GLOBAL_UNIT_ASSIGNED_CONTEXT ( ( #55, #430, #1002 ) ) REPRESENTATION_CONTEXT ( 'NONE', 'WORKASPACE' ) );
#2337 =( NAMED_UNIT ( * ) SI_UNIT ( $, .STERADIAN. ) SOLID_ANGLE_UNIT ( ) );
#2338 = CARTESIAN_POINT ( 'NONE',  ( -0.9246136309356213223, 0.9399999999999999467, 1.318791782920364808 ) ) ;
#2339 = EDGE_CURVE ( 'NONE', #581, #2182, #2309, .T. ) ;
#2340 = CARTESIAN_POINT ( 'NONE',  ( -1.550150976497606470, 0.9499999999999999556, -1.450150976497606381 ) ) ;
#2341 = SURFACE_STYLE_FILL_AREA ( #403 ) ;
#2342 = UNCERTAINTY_MEASURE_WITH_UNIT (LENGTH_MEASURE( 1.000000000000000082E-05 ), #622, 'distance_accuracy_value', 'NONE');
#2343 = LINE ( 'NONE', #545, #2281 ) ;
#2344 = VERTEX_POINT ( 'NONE', #371 ) ;
#2345 = VERTEX_POINT ( 'NONE', #1144 ) ;
#2346 = DIRECTION ( 'NONE',  ( 0.000000000000000000, 0.4226182617407033826, -0.9063077870366481603 ) ) ;
#2347 = EDGE_CURVE ( 'NONE', #1493, #1974, #759, .T. ) ;
#2348 = PRESENTATION_STYLE_ASSIGNMENT (( #1555 ) ) ;
#2349 = EDGE_CURVE ( 'NONE', #1069, #2310, #2343, .T. ) ;
#2350 = CARTESIAN_POINT ( 'NONE',  ( -1.550150976497606026, 0.9399999999999999467, 1.550150976497606470 ) ) ;
#2351 = DIRECTION ( 'NONE',  ( -0.9063077870366480493, 0.4226182617407033826, 0.000000000000000000 ) ) ;
#2352 = CARTESIAN_POINT ( 'NONE',  ( -0.3999999999999999667, 0.4500000000000000111, 0.2999999999999999889 ) ) ;
#2353 = CARTESIAN_POINT ( 'NONE',  ( -1.749999999999996891, 0.000000000000000000, 0.1883423085461260194 ) ) ;
#2354 = CYLINDRICAL_SURFACE ( 'NONE', #1491, 0.1000000000000000472 ) ;
#2355 = VERTEX_POINT ( 'NONE', #2333 ) ;
#2356 = VECTOR ( 'NONE', #193, 1000.000000000000000 ) ;
#2357 = CARTESIAN_POINT ( 'NONE',  ( -0.8605279927300463205, 0.9399999999999999467, -1.345336923418450681 ) ) ;
#2358 = DIRECTION ( 'NONE',  ( 1.000000000000000000, 0.000000000000000000, 0.000000000000000000 ) ) ;
#2359 = CARTESIAN_POINT ( 'NONE',  ( -1.850000000000000089, 0.2000000000000000111, 1.261711542730623359 ) ) ;
#2360 = STYLED_ITEM ( 'NONE', ( #381 ), #21 ) ;
#2361 = VECTOR ( 'NONE', #778, 1000.000000000000000 ) ;
#2362 = LINE ( 'NONE', #2390, #807 ) ;
#2363 = CARTESIAN_POINT ( 'NONE',  ( 1.345336923418450681, 0.9399999999999999467, 0.8605279927300438780 ) ) ;
#2364 =( GEOMETRIC_REPRESENTATION_CONTEXT ( 3 ) GLOBAL_UNCERTAINTY_ASSIGNED_CONTEXT ( ( #416 ) ) GLOBAL_UNIT_ASSIGNED_CONTEXT ( ( #1052, #1647, #102 ) ) REPRESENTATION_CONTEXT ( 'NONE', 'WORKASPACE' ) );
#2365 = EDGE_CURVE ( 'NONE', #295, #265, #384, .T. ) ;
#2366 =( NAMED_UNIT ( * ) SI_UNIT ( $, .STERADIAN. ) SOLID_ANGLE_UNIT ( ) );
#2367 = UNCERTAINTY_MEASURE_WITH_UNIT (LENGTH_MEASURE( 1.000000000000000082E-05 ), #433, 'distance_accuracy_value', 'NONE');
#2368 = AXIS2_PLACEMENT_3D ( 'NONE', #1474, #2268, #2052 ) ;
#2369 = DIRECTION ( 'NONE',  ( 0.000000000000000000, -0.000000000000000000, -1.000000000000000000 ) ) ;
#2370 = ORIENTED_EDGE ( 'NONE', *, *, #1401, .F. ) ;
#2371 = PRESENTATION_LAYER_ASSIGNMENT (  '', '', ( #1100 ) ) ;
#2372 = FACE_OUTER_BOUND ( 'NONE', #2519, .T. ) ;
#2373 = STYLED_ITEM ( 'NONE', ( #1271 ), #1678 ) ;
#2374 = CARTESIAN_POINT ( 'NONE',  ( -1.450150976497606381, 0.9399999999999999467, -1.550150976497606470 ) ) ;
#2375 = PLANE ( 'NONE',  #60 ) ;
#2376 = VECTOR ( 'NONE', #349, 1000.000000000000000 ) ;
#2377 = FACE_OUTER_BOUND ( 'NONE', #2129, .T. ) ;
#2378 = CARTESIAN_POINT ( 'NONE',  ( 1.650150976497607003, 0.9499999999999999556, 1.550698786960778675 ) ) ;
#2379 = DIRECTION ( 'NONE',  ( 0.000000000000000000, -1.000000000000000000, 0.000000000000000000 ) ) ;
#2380 = LINE ( 'NONE', #809, #724 ) ;
#2381 = EDGE_CURVE ( 'NONE', #525, #532, #2542, .T. ) ;
#2382 = CARTESIAN_POINT ( 'NONE',  ( -1.849999999999999867, 0.2000000000000000111, -1.261711542730623803 ) ) ;
#2383 = ORIENTED_EDGE ( 'NONE', *, *, #1814, .F. ) ;
#2384 = ADVANCED_FACE ( 'NONE', ( #1767 ), #2354, .F. ) ;
#2385 = LINE ( 'NONE', #1589, #2033 ) ;
#2386 = CARTESIAN_POINT ( 'NONE',  ( -1.450150976497605937, 0.9399999999999999467, 1.550150976497606470 ) ) ;
#2387 = FACE_OUTER_BOUND ( 'NONE', #788, .T. ) ;
#2388 = SURFACE_STYLE_FILL_AREA ( #1771 ) ;
#2389 = ORIENTED_EDGE ( 'NONE', *, *, #748, .T. ) ;
#2390 = CARTESIAN_POINT ( 'NONE',  ( 0.3847001309572681271, 0.2000000000000000111, 0.8249920931587795270 ) ) ;
#2391 = CARTESIAN_POINT ( 'NONE',  ( -1.728979152946862108, 0.1999999999999999833, 2.142357661493868849E-16 ) ) ;
#2392 = UNCERTAINTY_MEASURE_WITH_UNIT (LENGTH_MEASURE( 1.000000000000000082E-05 ), #1154, 'distance_accuracy_value', 'NONE');
#2393 = CARTESIAN_POINT ( 'NONE',  ( 0.000000000000000000, 0.9499999999999999556, 0.000000000000000000 ) ) ;
#2394 = VERTEX_POINT ( 'NONE', #1430 ) ;
#2395 = ORIENTED_EDGE ( 'NONE', *, *, #2506, .F. ) ;
#2396 = PLANE ( 'NONE',  #970 ) ;
#2397 = FACE_OUTER_BOUND ( 'NONE', #2458, .T. ) ;
#2398 = LINE ( 'NONE', #257, #276 ) ;
#2399 = EDGE_CURVE ( 'NONE', #2277, #572, #1633, .T. ) ;
#2400 = VECTOR ( 'NONE', #2121, 1000.000000000000000 ) ;
#2401 = AXIS2_PLACEMENT_3D ( 'NONE', #1786, #226, #2379 ) ;
#2402 = DIRECTION ( 'NONE',  ( -1.239088197126291063E-16, -0.000000000000000000, -1.000000000000000000 ) ) ;
#2403 = STYLED_ITEM ( 'NONE', ( #781 ), #334 ) ;
#2404 = CARTESIAN_POINT ( 'NONE',  ( -1.345336923418450681, 0.9400000000000001688, 0.8850148161367149546 ) ) ;
#2405 = CARTESIAN_POINT ( 'NONE',  ( 1.550150976497606470, 0.9399999999999999467, -1.550150976497606914 ) ) ;
#2406 = VERTEX_POINT ( 'NONE', #1054 ) ;
#2407 =( BOUNDED_CURVE ( )  B_SPLINE_CURVE ( 3, ( #453, #2015, #853, #642 ),
 .UNSPECIFIED., .F., .T. ) 
 B_SPLINE_CURVE_WITH_KNOTS ( ( 4, 4 ),
 ( 5.503250352303675541, 7.063120262055496923 ),
 .UNSPECIFIED. ) 
 CURVE ( )  GEOMETRIC_REPRESENTATION_ITEM ( )  RATIONAL_B_SPLINE_CURVE ( ( 1.000000000000000000, 0.8073061876036304874, 0.8073061876036304874, 1.000000000000000000 ) ) 
 REPRESENTATION_ITEM ( '' )  );
#2408 = AXIS2_PLACEMENT_3D ( 'NONE', #801, #2011, #255 ) ;
#2409 = CARTESIAN_POINT ( 'NONE',  ( 1.090301030424412509, 0.4500000000000000111, -0.8299696623749678315 ) ) ;
#2410 = FACE_OUTER_BOUND ( 'NONE', #2251, .T. ) ;
#2411 = VECTOR ( 'NONE', #566, 1000.000000000000114 ) ;
#2412 = VECTOR ( 'NONE', #1650, 1000.000000000000000 ) ;
#2413 = ADVANCED_FACE ( 'NONE', ( #2227 ), #459, .F. ) ;
#2414 = EDGE_CURVE ( 'NONE', #1822, #798, #1811, .T. ) ;
#2415 = DIRECTION ( 'NONE',  ( 1.398834292818546973E-16, 0.000000000000000000, 1.000000000000000000 ) ) ;
#2416 = ORIENTED_EDGE ( 'NONE', *, *, #1577, .T. ) ;
#2417 = VERTEX_POINT ( 'NONE', #832 ) ;
#2418 = LINE ( 'NONE', #2222, #365 ) ;
#2419 = CARTESIAN_POINT ( 'NONE',  ( -1.749999999999996891, 0.000000000000000000, -0.9316576914538738929 ) ) ;
#2420 =( NAMED_UNIT ( * ) SI_UNIT ( $, .STERADIAN. ) SOLID_ANGLE_UNIT ( ) );
#2421 = ORIENTED_EDGE ( 'NONE', *, *, #1401, .T. ) ;
#2422 = VECTOR ( 'NONE', #1880, 1000.000000000000000 ) ;
#2423 = LINE ( 'NONE', #638, #1287 ) ;
#2424 = LINE ( 'NONE', #2233, #398 ) ;
#2425 = ORIENTED_EDGE ( 'NONE', *, *, #2193, .F. ) ;
#2426 = LINE ( 'NONE', #2207, #2205 ) ;
#2427 = DIRECTION ( 'NONE',  ( 0.000000000000000000, 1.000000000000000000, 0.000000000000000000 ) ) ;
#2428 = CARTESIAN_POINT ( 'NONE',  ( 1.345336923418450681, 0.9400000000000000577, 0.8850148161367117350 ) ) ;
#2429 = ORIENTED_EDGE ( 'NONE', *, *, #1039, .F. ) ;
#2430 = FILL_AREA_STYLE ('',( #1646 ) ) ;
#2431 = ADVANCED_FACE ( 'NONE', ( #1199 ), #1015, .F. ) ;
#2432 = ORIENTED_EDGE ( 'NONE', *, *, #1926, .F. ) ;
#2433 = CYLINDRICAL_SURFACE ( 'NONE', #245, 0.1000000000000000472 ) ;
#2434 = LINE ( 'NONE', #1792, #604 ) ;
#2435 = DIRECTION ( 'NONE',  ( 0.000000000000000000, 0.1045284632676517222, -0.9945218953682735119 ) ) ;
#2436 = ORIENTED_EDGE ( 'NONE', *, *, #536, .F. ) ;
#2437 =( NAMED_UNIT ( * ) SI_UNIT ( $, .STERADIAN. ) SOLID_ANGLE_UNIT ( ) );
#2438 = CARTESIAN_POINT ( 'NONE',  ( 1.345336923418450681, 0.9399999999999999467, -0.8850148161367148436 ) ) ;
#2439 = VERTEX_POINT ( 'NONE', #1802 ) ;
#2440 = AXIS2_PLACEMENT_3D ( 'NONE', #2382, #634, #846 ) ;
#2441 = CARTESIAN_POINT ( 'NONE',  ( 1.185135346399689427, 0.4500000000000000111, 0.7351353463996880278 ) ) ;
#2442 = LINE ( 'NONE', #674, #2117 ) ;
#2443 = ADVANCED_FACE ( 'NONE', ( #1585, #614 ), #39, .F. ) ;
#2444 = CARTESIAN_POINT ( 'NONE',  ( 0.8136850191039011193, -0.000000000000000000, -1.744953154583234634 ) ) ;
#2445 = ORIENTED_EDGE ( 'NONE', *, *, #1367, .T. ) ;
#2446 = EDGE_LOOP ( 'NONE', ( #1854, #1098, #750, #2500 ) ) ;
#2447 = COLOUR_RGB ( '',1.000000000000000000, 0.8078431372549019773, 0.4980392156862745168 ) ;
#2448 = LINE ( 'NONE', #280, #2411 ) ;
#2449 = PLANE ( 'NONE',  #754 ) ;
#2450 = CARTESIAN_POINT ( 'NONE',  ( -1.730585159500684256, 0.1847198683310644629, -1.317395597352813530 ) ) ;
#2451 = ORIENTED_EDGE ( 'NONE', *, *, #284, .T. ) ;
#2452 = AXIS2_PLACEMENT_3D ( 'NONE', #2218, #2469, #1072 ) ;
#2453 = AXIS2_PLACEMENT_3D ( 'NONE', #5, #1969, #2201 ) ;
#2454 = DIRECTION ( 'NONE',  ( -0.9945218953682736229, -0.1045284632676512782, 1.232300342334496109E-16 ) ) ;
#2455 = CARTESIAN_POINT ( 'NONE',  ( 1.749999999999997113, 0.000000000000000000, -0.1883423085461259083 ) ) ;
#2456 = CARTESIAN_POINT ( 'NONE',  ( 0.8605279927300434339, 0.9399999999999999467, -1.345336923418450681 ) ) ;
#2457 = VECTOR ( 'NONE', #187, 1000.000000000000000 ) ;
#2458 = EDGE_LOOP ( 'NONE', ( #1712, #2425, #906, #2081 ) ) ;
#2459 = CARTESIAN_POINT ( 'NONE',  ( 1.550150976497606914, 0.9399999999999999467, 1.550150976497606026 ) ) ;
#2460 = ORIENTED_EDGE ( 'NONE', *, *, #921, .F. ) ;
#2461 = LINE ( 'NONE', #318, #726 ) ;
#2462 = DIRECTION ( 'NONE',  ( 0.000000000000000000, 0.4226182617407033826, -0.9063077870366480493 ) ) ;
#2463 =( NAMED_UNIT ( * ) SI_UNIT ( $, .STERADIAN. ) SOLID_ANGLE_UNIT ( ) );
#2464 = ORIENTED_EDGE ( 'NONE', *, *, #2414, .F. ) ;
#2465 = ORIENTED_EDGE ( 'NONE', *, *, #1944, .T. ) ;
#2466 = ADVANCED_FACE ( 'NONE', ( #623 ), #1420, .F. ) ;
#2467 = DIRECTION ( 'NONE',  ( -1.398834292818546973E-16, 0.000000000000000000, -1.000000000000000000 ) ) ;
#2468 = LINE ( 'NONE', #537, #231 ) ;
#2469 = DIRECTION ( 'NONE',  ( -1.000000000000000000, 0.000000000000000000, 1.355252715606880543E-16 ) ) ;
#2470 = ORIENTED_EDGE ( 'NONE', *, *, #1219, .T. ) ;
#2471 = EDGE_CURVE ( 'NONE', #581, #151, #1659, .T. ) ;
#2472 = VECTOR ( 'NONE', #493, 1000.000000000000000 ) ;
#2473 =( NAMED_UNIT ( * ) PLANE_ANGLE_UNIT ( ) SI_UNIT ( $, .RADIAN. ) );
#2474 = DIRECTION ( 'NONE',  ( 0.1724321482694495811, 0.8927325632787548315, 0.4162880309412300139 ) ) ;
#2475 = FACE_OUTER_BOUND ( 'NONE', #136, .T. ) ;
#2476 = CARTESIAN_POINT ( 'NONE',  ( 0.4000000000000001332, 0.4500000000000000111, 0.6999999999999999556 ) ) ;
#2477 = EDGE_LOOP ( 'NONE', ( #78, #911, #2460, #1213 ) ) ;
#2478 = ORIENTED_EDGE ( 'NONE', *, *, #2414, .T. ) ;
#2479 = DIRECTION ( 'NONE',  ( 0.000000000000000000, -1.000000000000000000, 0.000000000000000000 ) ) ;
#2480 = DIRECTION ( 'NONE',  ( 0.000000000000000000, -0.000000000000000000, 1.000000000000000000 ) ) ;
#2481 = CARTESIAN_POINT ( 'NONE',  ( 0.8850148161367110689, 0.9399999999999999467, -1.345336923418450681 ) ) ;
#2482 = FACE_OUTER_BOUND ( 'NONE', #731, .T. ) ;
#2483 = ORIENTED_EDGE ( 'NONE', *, *, #1218, .F. ) ;
#2484 = VERTEX_POINT ( 'NONE', #534 ) ;
#2485 = FILL_AREA_STYLE ('',( #309 ) ) ;
#2486 = EDGE_CURVE ( 'NONE', #1522, #478, #2080, .T. ) ;
#2487 = ORIENTED_EDGE ( 'NONE', *, *, #965, .F. ) ;
#2488 = CARTESIAN_POINT ( 'NONE',  ( -1.650150976497606559, 0.9499999999999999556, -1.550698786960778897 ) ) ;
#2489 = EDGE_CURVE ( 'NONE', #1325, #2495, #1477, .T. ) ;
#2490 = SURFACE_STYLE_USAGE ( .BOTH. , #948 ) ;
#2491 = PRESENTATION_LAYER_ASSIGNMENT (  '', '', ( #1782 ) ) ;
#2492 = CARTESIAN_POINT ( 'NONE',  ( -1.850000000000000089, 0.2000000000000000111, 0.9782884572693757441 ) ) ;
#2493 = ORIENTED_EDGE ( 'NONE', *, *, #1333, .F. ) ;
#2494 = CARTESIAN_POINT ( 'NONE',  ( -0.3999999999999999112, 0.5500000000000000444, 0.6999999999999999556 ) ) ;
#2495 = VERTEX_POINT ( 'NONE', #1260 ) ;
#2496 = PRESENTATION_STYLE_ASSIGNMENT (( #547 ) ) ;
#2497 = CARTESIAN_POINT ( 'NONE',  ( -0.3847001309572691263, 0.2000000000000000111, 0.8249920931587799711 ) ) ;
#2498 = VECTOR ( 'NONE', #1570, 1000.000000000000000 ) ;
#2499 = DIRECTION ( 'NONE',  ( -0.6408563820557900970, -0.4226182617407032160, -0.6408563820557844348 ) ) ;
#2500 = ORIENTED_EDGE ( 'NONE', *, *, #1661, .F. ) ;
#2501 = EDGE_CURVE ( 'NONE', #2394, #58, #103, .T. ) ;
#2502 = EDGE_CURVE ( 'NONE', #2355, #1030, #1246, .T. ) ;
#2503 = CARTESIAN_POINT ( 'NONE',  ( -1.116846170922498382, 0.4500000000000000111, 0.000000000000000000 ) ) ;
#2504 = AXIS2_PLACEMENT_3D ( 'NONE', #2316, #91, #1143 ) ;
#2505 = CARTESIAN_POINT ( 'NONE',  ( -1.345336923418450459, 0.9399999999999999467, -0.8605279927300433229 ) ) ;
#2506 = EDGE_CURVE ( 'NONE', #1348, #336, #476, .T. ) ;
#2507 = ORIENTED_EDGE ( 'NONE', *, *, #446, .F. ) ;
#2508 = VECTOR ( 'NONE', #1743, 1000.000000000000000 ) ;
#2509 = CARTESIAN_POINT ( 'NONE',  ( -1.450150976497605937, 0.9499999999999999556, 1.450150976497606381 ) ) ;
#2510 = ORIENTED_EDGE ( 'NONE', *, *, #516, .F. ) ;
#2511 = FACE_OUTER_BOUND ( 'NONE', #1146, .T. ) ;
#2512 = CARTESIAN_POINT ( 'NONE',  ( -0.8299696623749646118, 0.4500000000000000111, 1.090301030424412732 ) ) ;
#2513 = ORIENTED_EDGE ( 'NONE', *, *, #2197, .T. ) ;
#2514 = CARTESIAN_POINT ( 'NONE',  ( 0.9000000000000026867, 0.4500000000000000111, 1.116846170922498604 ) ) ;
#2515 = CARTESIAN_POINT ( 'NONE',  ( -1.450150976497605937, 0.9499999999999999556, 1.550150976497606470 ) ) ;
#2516 = ORIENTED_EDGE ( 'NONE', *, *, #480, .F. ) ;
#2517 = ADVANCED_FACE ( 'NONE', ( #2482 ), #120, .F. ) ;
#2518 = CARTESIAN_POINT ( 'NONE',  ( -1.121702706927988791, 0.9399999999999999467, 1.121702706927999005 ) ) ;
#2519 = EDGE_LOOP ( 'NONE', ( #1293, #1421, #513, #1061, #1961, #1385, #89, #2416, #342, #1132, #1881, #841, #935, #1547, #1047, #244 ) ) ;
#2520 = LINE ( 'NONE', #2374, #689 ) ;
#2521 = CARTESIAN_POINT ( 'NONE',  ( 0.9601353463996853410, 0.4500000000000000111, -0.9601353463996938897 ) ) ;
#2522 = LINE ( 'NONE', #1340, #1048 ) ;
#2523 = LINE ( 'NONE', #481, #1417 ) ;
#2524 =( GEOMETRIC_REPRESENTATION_CONTEXT ( 3 ) GLOBAL_UNCERTAINTY_ASSIGNED_CONTEXT ( ( #1571 ) ) GLOBAL_UNIT_ASSIGNED_CONTEXT ( ( #2174, #229, #253 ) ) REPRESENTATION_CONTEXT ( 'NONE', 'WORKASPACE' ) );
#2525 = FACE_OUTER_BOUND ( 'NONE', #873, .T. ) ;
#2526 = VERTEX_POINT ( 'NONE', #77 ) ;
#2527 = UNCERTAINTY_MEASURE_WITH_UNIT (LENGTH_MEASURE( 1.000000000000000082E-05 ), #787, 'distance_accuracy_value', 'NONE');
#2528 = AXIS2_PLACEMENT_3D ( 'NONE', #1398, #1636, #2191 ) ;
#2529 = ADVANCED_FACE ( 'NONE', ( #2039 ), #1507, .F. ) ;
#2530 =( NAMED_UNIT ( * ) PLANE_ANGLE_UNIT ( ) SI_UNIT ( $, .RADIAN. ) );
#2531 = ORIENTED_EDGE ( 'NONE', *, *, #1300, .T. ) ;
#2532 = VERTEX_POINT ( 'NONE', #1489 ) ;
#2533 = AXIS2_PLACEMENT_3D ( 'NONE', #1984, #818, #1642 ) ;
#2534 = DIRECTION ( 'NONE',  ( -0.1044045134811382863, -0.9933425919253661140, -0.04868462418220251969 ) ) ;
#2535 = DIRECTION ( 'NONE',  ( 0.4162880309412301250, 0.8927325632787550536, -0.1724321482694490815 ) ) ;
#2536 = FILL_AREA_STYLE_COLOUR ( '', #974 ) ;
#2537 = COLOUR_RGB ( '',0.2509803921568627416, 0.2509803921568627416, 0.2509803921568627416 ) ;
#2538 = DIRECTION ( 'NONE',  ( 1.000000000000000000, 0.000000000000000000, -1.398834292818546727E-16 ) ) ;
#2539 = AXIS2_PLACEMENT_3D ( 'NONE', #1092, #1672, #1656 ) ;
#2540 = CARTESIAN_POINT ( 'NONE',  ( 0.000000000000000000, 0.000000000000000000, 0.000000000000000000 ) ) ;
#2541 = SURFACE_SIDE_STYLE ('',( #2341 ) ) ;
#2542 = LINE ( 'NONE', #774, #995 ) ;
#2543 = CIRCLE ( 'NONE', #1336, 0.1000000000000000472 ) ;
#2544 = ORIENTED_EDGE ( 'NONE', *, *, #71, .T. ) ;
#2545 = EDGE_CURVE ( 'NONE', #2246, #1601, #697, .T. ) ;
#2546 = CARTESIAN_POINT ( 'NONE',  ( 1.321486493884380664, 0.9457788263111058802, -0.9257298167635968911 ) ) ;
#2547 = EDGE_CURVE ( 'NONE', #2176, #711, #2091, .T. ) ;
ENDSEC;
END-ISO-10303-21;
